,Sequence Title,Query Title,Pident,Bitscore,Subject Sequence Length,e-value,Query Sequence Length,Start of Alignment in Subject,End of Alignment in Query,Start of Alignment in Query,End of Alignment in Query,mobileOG ID,Gene Name,Best Hit Accession ID,Major mobileOG Category,Minor mobileOG Category,Source Database,Evidence Type,Contig/ORF Name,ORF_Start_Stop_Strands,ORF_Start,ORF_End,Sense or Antisense Strand,Prodigal ID,Prodigal Designated Contigs,Unique_ORF,Partial Tag,Start Codon,RBS Motif,RBS Spacer,GC Content,Specific Contig,Final Sample Name
0,mobileOG_000268954|ardC|B7MWJ7|stability/transfer/defense|NA|ICE|Homology,NODE_1_length_1065199_cov_28.761495_21 # 25987 # 26931 # 1 # ID=1_21;partial=00;start_type=ATG;rbs_motif=GGAG/GAGG;rbs_spacer=5-10bp;gc_cont=0.509,94.0,585,348,5.49e-212,315,34,348,1,314,mobileOG_000268954,ardC,B7MWJ7,stability/transfer/defense,NA,ICE,Homology,NODE_1_length_1065199_cov_28.761495_21, 25987 # 26931 # 1 , 25987,26931,1 ,1_21,1,21,00,ATG,GGAG/GAGG,5-10bp,0.509,NODE_1_length_1065199_cov_28.761495,mobileOG_000268954_NODE_1_length_1065199_cov_28.761495
1,mobileOG_000267409|ardC|A0A447RKF8|stability/transfer/defense|NA|ICE|Homology,NODE_1_length_1065199_cov_28.761495_21 # 25987 # 26931 # 1 # ID=1_21;partial=00;start_type=ATG;rbs_motif=GGAG/GAGG;rbs_spacer=5-10bp;gc_cont=0.509,92.7,583,314,6.36e-212,315,1,314,1,314,mobileOG_000267409,ardC,A0A447RKF8,stability/transfer/defense,NA,ICE,Homology,NODE_1_length_1065199_cov_28.761495_21, 25987 # 26931 # 1 , 25987,26931,1 ,1_21,1,21,00,ATG,GGAG/GAGG,5-10bp,0.509,NODE_1_length_1065199_cov_28.761495,mobileOG_000267409_NODE_1_length_1065199_cov_28.761495
2,mobileOG_000268994|ardC|A0A0U4JTY9|stability/transfer/defense|NA|ICE|Homology,NODE_1_length_1065199_cov_28.761495_21 # 25987 # 26931 # 1 # ID=1_21;partial=00;start_type=ATG;rbs_motif=GGAG/GAGG;rbs_spacer=5-10bp;gc_cont=0.509,92.7,583,379,6.97e-211,315,66,379,1,314,mobileOG_000268994,ardC,A0A0U4JTY9,stability/transfer/defense,NA,ICE,Homology,NODE_1_length_1065199_cov_28.761495_21, 25987 # 26931 # 1 , 25987,26931,1 ,1_21,1,21,00,ATG,GGAG/GAGG,5-10bp,0.509,NODE_1_length_1065199_cov_28.761495,mobileOG_000268994_NODE_1_length_1065199_cov_28.761495
3,mobileOG_000359410|ardC|WP_049017039.1|stability/transfer/defense|NA|Plasmid RefSeq|Homology,NODE_1_length_1065199_cov_28.761495_21 # 25987 # 26931 # 1 # ID=1_21;partial=00;start_type=ATG;rbs_motif=GGAG/GAGG;rbs_spacer=5-10bp;gc_cont=0.509,91.7,575,314,1.01e-208,315,1,314,1,314,mobileOG_000359410,ardC,WP_049017039.1,stability/transfer/defense,NA,Plasmid RefSeq,Homology,NODE_1_length_1065199_cov_28.761495_21, 25987 # 26931 # 1 , 25987,26931,1 ,1_21,1,21,00,ATG,GGAG/GAGG,5-10bp,0.509,NODE_1_length_1065199_cov_28.761495,mobileOG_000359410_NODE_1_length_1065199_cov_28.761495
4,mobileOG_000022857|ardC|A4GZH3|stability/transfer/defense|NA|ICE|Manual,NODE_1_length_1065199_cov_28.761495_21 # 25987 # 26931 # 1 # ID=1_21;partial=00;start_type=ATG;rbs_motif=GGAG/GAGG;rbs_spacer=5-10bp;gc_cont=0.509,91.1,572,315,1.22e-207,315,1,315,1,314,mobileOG_000022857,ardC,A4GZH3,stability/transfer/defense,NA,ICE,Manual,NODE_1_length_1065199_cov_28.761495_21, 25987 # 26931 # 1 , 25987,26931,1 ,1_21,1,21,00,ATG,GGAG/GAGG,5-10bp,0.509,NODE_1_length_1065199_cov_28.761495,mobileOG_000022857_NODE_1_length_1065199_cov_28.761495
5,mobileOG_000267119|ardC|A0A2L1KRL3|stability/transfer/defense|NA|ICE|Homology,NODE_1_length_1065199_cov_28.761495_21 # 25987 # 26931 # 1 # ID=1_21;partial=00;start_type=ATG;rbs_motif=GGAG/GAGG;rbs_spacer=5-10bp;gc_cont=0.509,90.5,568,315,5.79e-206,315,1,315,1,314,mobileOG_000267119,ardC,A0A2L1KRL3,stability/transfer/defense,NA,ICE,Homology,NODE_1_length_1065199_cov_28.761495_21, 25987 # 26931 # 1 , 25987,26931,1 ,1_21,1,21,00,ATG,GGAG/GAGG,5-10bp,0.509,NODE_1_length_1065199_cov_28.761495,mobileOG_000267119_NODE_1_length_1065199_cov_28.761495
6,mobileOG_000268945|ardC|D2BRX7|stability/transfer/defense|NA|ICE|Homology,NODE_1_length_1065199_cov_28.761495_21 # 25987 # 26931 # 1 # ID=1_21;partial=00;start_type=ATG;rbs_motif=GGAG/GAGG;rbs_spacer=5-10bp;gc_cont=0.509,91.1,564,315,1.94e-204,315,1,315,1,314,mobileOG_000268945,ardC,D2BRX7,stability/transfer/defense,NA,ICE,Homology,NODE_1_length_1065199_cov_28.761495_21, 25987 # 26931 # 1 , 25987,26931,1 ,1_21,1,21,00,ATG,GGAG/GAGG,5-10bp,0.509,NODE_1_length_1065199_cov_28.761495,mobileOG_000268945_NODE_1_length_1065199_cov_28.761495
7,"mobileOG_000303959|triL|WP_021551854.1|transfer|conjugation,relaxosome|Plasmid RefSeq|Homology",NODE_1_length_1065199_cov_28.761495_23 # 27126 # 27872 # -1 # ID=1_23;partial=00;start_type=ATG;rbs_motif=AGGAG;rbs_spacer=5-10bp;gc_cont=0.478,91.9,462,248,2.85e-166,249,1,248,1,248,mobileOG_000303959,triL,WP_021551854.1,transfer,"conjugation,relaxosome",Plasmid RefSeq,Homology,NODE_1_length_1065199_cov_28.761495_23, 27126 # 27872 # -1 , 27126,27872,-1 ,1_23,1,23,00,ATG,AGGAG,5-10bp,0.478,NODE_1_length_1065199_cov_28.761495,mobileOG_000303959_NODE_1_length_1065199_cov_28.761495
8,"mobileOG_000268944|triL|D2BRX6|transfer|conjugation,relaxosome|ICE|Homology",NODE_1_length_1065199_cov_28.761495_23 # 27126 # 27872 # -1 # ID=1_23;partial=00;start_type=ATG;rbs_motif=AGGAG;rbs_spacer=5-10bp;gc_cont=0.478,92.7,462,248,4.04e-166,249,1,248,1,248,mobileOG_000268944,triL,D2BRX6,transfer,"conjugation,relaxosome",ICE,Homology,NODE_1_length_1065199_cov_28.761495_23, 27126 # 27872 # -1 , 27126,27872,-1 ,1_23,1,23,00,ATG,AGGAG,5-10bp,0.478,NODE_1_length_1065199_cov_28.761495,mobileOG_000268944_NODE_1_length_1065199_cov_28.761495
9,"mobileOG_000022856|mobC|A4GZH2|transfer|conjugation,relaxosome|ICE|Manual",NODE_1_length_1065199_cov_28.761495_23 # 27126 # 27872 # -1 # ID=1_23;partial=00;start_type=ATG;rbs_motif=AGGAG;rbs_spacer=5-10bp;gc_cont=0.478,92.3,456,248,5.50e-164,249,1,248,1,248,mobileOG_000022856,mobC,A4GZH2,transfer,"conjugation,relaxosome",ICE,Manual,NODE_1_length_1065199_cov_28.761495_23, 27126 # 27872 # -1 , 27126,27872,-1 ,1_23,1,23,00,ATG,AGGAG,5-10bp,0.478,NODE_1_length_1065199_cov_28.761495,mobileOG_000022856_NODE_1_length_1065199_cov_28.761495
10,"mobileOG_000267408|triL|A0A230T8E6|transfer|conjugation,relaxosome|ICE|Homology",NODE_1_length_1065199_cov_28.761495_23 # 27126 # 27872 # -1 # ID=1_23;partial=00;start_type=ATG;rbs_motif=AGGAG;rbs_spacer=5-10bp;gc_cont=0.478,90.3,456,248,5.50e-164,249,1,248,1,248,mobileOG_000267408,triL,A0A230T8E6,transfer,"conjugation,relaxosome",ICE,Homology,NODE_1_length_1065199_cov_28.761495_23, 27126 # 27872 # -1 , 27126,27872,-1 ,1_23,1,23,00,ATG,AGGAG,5-10bp,0.478,NODE_1_length_1065199_cov_28.761495,mobileOG_000267408_NODE_1_length_1065199_cov_28.761495
11,"mobileOG_000268993|triL|A0A2R3H3D5|transfer|conjugation,relaxosome|ICE|Homology",NODE_1_length_1065199_cov_28.761495_23 # 27126 # 27872 # -1 # ID=1_23;partial=00;start_type=ATG;rbs_motif=AGGAG;rbs_spacer=5-10bp;gc_cont=0.478,90.3,456,250,5.92e-164,249,3,250,1,248,mobileOG_000268993,triL,A0A2R3H3D5,transfer,"conjugation,relaxosome",ICE,Homology,NODE_1_length_1065199_cov_28.761495_23, 27126 # 27872 # -1 , 27126,27872,-1 ,1_23,1,23,00,ATG,AGGAG,5-10bp,0.478,NODE_1_length_1065199_cov_28.761495,mobileOG_000268993_NODE_1_length_1065199_cov_28.761495
12,"mobileOG_000268953|triL|A0A331DJK4|transfer|conjugation,relaxosome|ICE|Homology",NODE_1_length_1065199_cov_28.761495_23 # 27126 # 27872 # -1 # ID=1_23;partial=00;start_type=ATG;rbs_motif=AGGAG;rbs_spacer=5-10bp;gc_cont=0.478,90.3,453,248,1.29e-162,249,1,248,1,248,mobileOG_000268953,triL,A0A331DJK4,transfer,"conjugation,relaxosome",ICE,Homology,NODE_1_length_1065199_cov_28.761495_23, 27126 # 27872 # -1 , 27126,27872,-1 ,1_23,1,23,00,ATG,AGGAG,5-10bp,0.478,NODE_1_length_1065199_cov_28.761495,mobileOG_000268953_NODE_1_length_1065199_cov_28.761495
13,mobileOG_000022855|mobB|A4GZH1|transfer|conjugation|ICE|Manual,NODE_1_length_1065199_cov_28.761495_24 # 27882 # 29741 # -1 # ID=1_24;partial=00;start_type=ATG;rbs_motif=AGGAGG;rbs_spacer=3-4bp;gc_cont=0.472,94.8,1146,629,0.0,620,11,629,1,619,mobileOG_000022855,mobB,A4GZH1,transfer,conjugation,ICE,Manual,NODE_1_length_1065199_cov_28.761495_24, 27882 # 29741 # -1 , 27882,29741,-1 ,1_24,1,24,00,ATG,AGGAGG,3-4bp,0.472,NODE_1_length_1065199_cov_28.761495,mobileOG_000022855_NODE_1_length_1065199_cov_28.761495
14,mobileOG_000267117|mobB-like2|D3GMM8|transfer|conjugation|ICE|Homology,NODE_1_length_1065199_cov_28.761495_24 # 27882 # 29741 # -1 # ID=1_24;partial=00;start_type=ATG;rbs_motif=AGGAGG;rbs_spacer=3-4bp;gc_cont=0.472,95.0,1146,629,0.0,620,11,629,1,619,mobileOG_000267117,mobB-like2,D3GMM8,transfer,conjugation,ICE,Homology,NODE_1_length_1065199_cov_28.761495_24, 27882 # 29741 # -1 , 27882,29741,-1 ,1_24,1,24,00,ATG,AGGAGG,3-4bp,0.472,NODE_1_length_1065199_cov_28.761495,mobileOG_000267117_NODE_1_length_1065199_cov_28.761495
15,mobileOG_000268992|mobB-like2|A0A331BU24|transfer|conjugation|ICE|Homology,NODE_1_length_1065199_cov_28.761495_24 # 27882 # 29741 # -1 # ID=1_24;partial=00;start_type=ATG;rbs_motif=AGGAGG;rbs_spacer=3-4bp;gc_cont=0.472,94.3,1146,619,0.0,620,1,619,1,619,mobileOG_000268992,mobB-like2,A0A331BU24,transfer,conjugation,ICE,Homology,NODE_1_length_1065199_cov_28.761495_24, 27882 # 29741 # -1 , 27882,29741,-1 ,1_24,1,24,00,ATG,AGGAGG,3-4bp,0.472,NODE_1_length_1065199_cov_28.761495,mobileOG_000268992_NODE_1_length_1065199_cov_28.761495
16,mobileOG_000267407|mobB-like2|A0A0H3GQI1|transfer|conjugation|ICE|Homology,NODE_1_length_1065199_cov_28.761495_24 # 27882 # 29741 # -1 # ID=1_24;partial=00;start_type=ATG;rbs_motif=AGGAGG;rbs_spacer=3-4bp;gc_cont=0.472,94.2,1144,619,0.0,620,1,619,1,619,mobileOG_000267407,mobB-like2,A0A0H3GQI1,transfer,conjugation,ICE,Homology,NODE_1_length_1065199_cov_28.761495_24, 27882 # 29741 # -1 , 27882,29741,-1 ,1_24,1,24,00,ATG,AGGAGG,3-4bp,0.472,NODE_1_length_1065199_cov_28.761495,mobileOG_000267407_NODE_1_length_1065199_cov_28.761495
17,mobileOG_000364725|mobB-like2|WP_063116534.1|transfer|conjugation|Plasmid RefSeq|Homology,NODE_1_length_1065199_cov_28.761495_24 # 27882 # 29741 # -1 # ID=1_24;partial=00;start_type=ATG;rbs_motif=AGGAGG;rbs_spacer=3-4bp;gc_cont=0.472,94.8,1142,619,0.0,620,1,619,1,619,mobileOG_000364725,mobB-like2,WP_063116534.1,transfer,conjugation,Plasmid RefSeq,Homology,NODE_1_length_1065199_cov_28.761495_24, 27882 # 29741 # -1 , 27882,29741,-1 ,1_24,1,24,00,ATG,AGGAGG,3-4bp,0.472,NODE_1_length_1065199_cov_28.761495,mobileOG_000364725_NODE_1_length_1065199_cov_28.761495
18,mobileOG_000268952|mobB-like2|U9ZZW6|transfer|conjugation|ICE|Homology,NODE_1_length_1065199_cov_28.761495_24 # 27882 # 29741 # -1 # ID=1_24;partial=00;start_type=ATG;rbs_motif=AGGAGG;rbs_spacer=3-4bp;gc_cont=0.472,93.9,1134,629,0.0,620,11,629,1,619,mobileOG_000268952,mobB-like2,U9ZZW6,transfer,conjugation,ICE,Homology,NODE_1_length_1065199_cov_28.761495_24, 27882 # 29741 # -1 , 27882,29741,-1 ,1_24,1,24,00,ATG,AGGAGG,3-4bp,0.472,NODE_1_length_1065199_cov_28.761495,mobileOG_000268952_NODE_1_length_1065199_cov_28.761495
19,mobileOG_000268943|mobB-like2|D2BRX5|transfer|conjugation|ICE|Homology,NODE_1_length_1065199_cov_28.761495_24 # 27882 # 29741 # -1 # ID=1_24;partial=00;start_type=ATG;rbs_motif=AGGAGG;rbs_spacer=3-4bp;gc_cont=0.472,92.7,1121,619,0.0,620,1,619,1,619,mobileOG_000268943,mobB-like2,D2BRX5,transfer,conjugation,ICE,Homology,NODE_1_length_1065199_cov_28.761495_24, 27882 # 29741 # -1 , 27882,29741,-1 ,1_24,1,24,00,ATG,AGGAGG,3-4bp,0.472,NODE_1_length_1065199_cov_28.761495,mobileOG_000268943_NODE_1_length_1065199_cov_28.761495
20,mobileOG_000022858|virB8|B5XPN2|transfer|conjugation|ICE|Manual,NODE_1_length_1065199_cov_28.761495_30 # 34371 # 35054 # -1 # ID=1_30;partial=00;start_type=ATG;rbs_motif=AGGAG;rbs_spacer=5-10bp;gc_cont=0.503,91.6,414,227,6.45e-148,228,1,227,1,227,mobileOG_000022858,virB8,B5XPN2,transfer,conjugation,ICE,Manual,NODE_1_length_1065199_cov_28.761495_30, 34371 # 35054 # -1 , 34371,35054,-1 ,1_30,1,30,00,ATG,AGGAG,5-10bp,0.503,NODE_1_length_1065199_cov_28.761495,mobileOG_000022858_NODE_1_length_1065199_cov_28.761495
21,"mobileOG_000268916|ybiI_1|B5XPP1|phage|infection,regulation|ICE|Homology",NODE_1_length_1065199_cov_28.761495_39 # 41791 # 42000 # -1 # ID=1_39;partial=00;start_type=ATG;rbs_motif=GGAGG;rbs_spacer=5-10bp;gc_cont=0.500,92.4,127,69,2.12e-39,70,1,66,1,66,mobileOG_000268916,ybiI_1,B5XPP1,phage,"infection,regulation",ICE,Homology,NODE_1_length_1065199_cov_28.761495_39, 41791 # 42000 # -1 , 41791,42000,-1 ,1_39,1,39,00,ATG,GGAGG,5-10bp,0.500,NODE_1_length_1065199_cov_28.761495,mobileOG_000268916_NODE_1_length_1065199_cov_28.761495
22,mobileOG_000268978|alpA|C6CF04|integration/excision|regulation|ICE|Homology,NODE_1_length_1065199_cov_28.761495_41 # 42592 # 42786 # -1 # ID=1_41;partial=00;start_type=GTG;rbs_motif=AGGAG;rbs_spacer=5-10bp;gc_cont=0.456,90.2,111,64,2.72e-33,65,1,61,1,61,mobileOG_000268978,alpA,C6CF04,integration/excision,regulation,ICE,Homology,NODE_1_length_1065199_cov_28.761495_41, 42592 # 42786 # -1 , 42592,42786,-1 ,1_41,1,41,00,GTG,AGGAG,5-10bp,0.456,NODE_1_length_1065199_cov_28.761495,mobileOG_000268978_NODE_1_length_1065199_cov_28.761495
23,mobileOG_000022306|alpA|E0SJH3|integration/excision|regulation|ICE|Manual,NODE_1_length_1065199_cov_28.761495_41 # 42592 # 42786 # -1 # ID=1_41;partial=00;start_type=GTG;rbs_motif=AGGAG;rbs_spacer=5-10bp;gc_cont=0.456,90.2,110,64,5.49e-33,65,1,61,1,61,mobileOG_000022306,alpA,E0SJH3,integration/excision,regulation,ICE,Manual,NODE_1_length_1065199_cov_28.761495_41, 42592 # 42786 # -1 , 42592,42786,-1 ,1_41,1,41,00,GTG,AGGAG,5-10bp,0.456,NODE_1_length_1065199_cov_28.761495,mobileOG_000022306_NODE_1_length_1065199_cov_28.761495
24,mobileOG_000756572|NA:Keyword|WP_033635147.1|phage|regulation|Plasmid RefSeq|Keyword Search,NODE_1_length_1065199_cov_28.761495_82 # 82026 # 82826 # -1 # ID=1_82;partial=00;start_type=ATG;rbs_motif=GGA/GAG/AGG;rbs_spacer=5-10bp;gc_cont=0.648,97.4,514,266,2.11e-186,267,1,266,1,266,mobileOG_000756572,NA:Keyword,WP_033635147.1,phage,regulation,Plasmid RefSeq,Keyword Search,NODE_1_length_1065199_cov_28.761495_82, 82026 # 82826 # -1 , 82026,82826,-1 ,1_82,1,82,00,ATG,GGA/GAG/AGG,5-10bp,0.648,NODE_1_length_1065199_cov_28.761495,mobileOG_000756572_NODE_1_length_1065199_cov_28.761495
25,mobileOG_000371957|impA|WP_033635060.1|replication/recombination/repair|NA|Plasmid RefSeq|Homology,NODE_1_length_1065199_cov_28.761495_218 # 231917 # 232351 # 1 # ID=1_218;partial=00;start_type=ATG;rbs_motif=None;rbs_spacer=None;gc_cont=0.595,98.6,281,144,6.77e-98,145,1,143,1,143,mobileOG_000371957,impA,WP_033635060.1,replication/recombination/repair,NA,Plasmid RefSeq,Homology,NODE_1_length_1065199_cov_28.761495_218, 231917 # 232351 # 1 , 231917,232351,1 ,1_218,1,218,00,ATG,None,None,0.595,NODE_1_length_1065199_cov_28.761495,mobileOG_000371957_NODE_1_length_1065199_cov_28.761495
26,mobileOG_000372074|impA|WP_060437779.1|replication/recombination/repair|NA|Plasmid RefSeq|Homology,NODE_1_length_1065199_cov_28.761495_218 # 231917 # 232351 # 1 # ID=1_218;partial=00;start_type=ATG;rbs_motif=None;rbs_spacer=None;gc_cont=0.595,96.5,276,144,6.51e-96,145,1,143,1,143,mobileOG_000372074,impA,WP_060437779.1,replication/recombination/repair,NA,Plasmid RefSeq,Homology,NODE_1_length_1065199_cov_28.761495_218, 231917 # 232351 # 1 , 231917,232351,1 ,1_218,1,218,00,ATG,None,None,0.595,NODE_1_length_1065199_cov_28.761495,mobileOG_000372074_NODE_1_length_1065199_cov_28.761495
27,mobileOG_000372635|umuC|WP_049196296.1|replication/recombination/repair|NA|Plasmid RefSeq|Homology,NODE_1_length_1065199_cov_28.761495_219 # 232354 # 233670 # 1 # ID=1_219;partial=00;start_type=ATG;rbs_motif=None;rbs_spacer=None;gc_cont=0.652,98.4,838,428,6.07e-309,439,1,427,1,427,mobileOG_000372635,umuC,WP_049196296.1,replication/recombination/repair,NA,Plasmid RefSeq,Homology,NODE_1_length_1065199_cov_28.761495_219, 232354 # 233670 # 1 , 232354,233670,1 ,1_219,1,219,00,ATG,None,None,0.652,NODE_1_length_1065199_cov_28.761495,mobileOG_000372635_NODE_1_length_1065199_cov_28.761495
28,mobileOG_000372601|umuC|WP_039565423.1|replication/recombination/repair|NA|Plasmid RefSeq|Homology,NODE_1_length_1065199_cov_28.761495_219 # 232354 # 233670 # 1 # ID=1_219;partial=00;start_type=ATG;rbs_motif=None;rbs_spacer=None;gc_cont=0.652,97.4,830,428,9.63e-306,439,1,427,1,427,mobileOG_000372601,umuC,WP_039565423.1,replication/recombination/repair,NA,Plasmid RefSeq,Homology,NODE_1_length_1065199_cov_28.761495_219, 232354 # 233670 # 1 , 232354,233670,1 ,1_219,1,219,00,ATG,None,None,0.652,NODE_1_length_1065199_cov_28.761495,mobileOG_000372601_NODE_1_length_1065199_cov_28.761495
29,mobileOG_000331425|clpB|WP_033653610.1|phage|chaperone|Plasmid RefSeq|Homology,NODE_1_length_1065199_cov_28.761495_232 # 248931 # 251585 # -1 # ID=1_232;partial=00;start_type=ATG;rbs_motif=GGAG/GAGG;rbs_spacer=5-10bp;gc_cont=0.649,98.0,1652,884,0.0,885,1,884,1,884,mobileOG_000331425,clpB,WP_033653610.1,phage,chaperone,Plasmid RefSeq,Homology,NODE_1_length_1065199_cov_28.761495_232, 248931 # 251585 # -1 , 248931,251585,-1 ,1_232,1,232,00,ATG,GGAG/GAGG,5-10bp,0.649,NODE_1_length_1065199_cov_28.761495,mobileOG_000331425_NODE_1_length_1065199_cov_28.761495
30,mobileOG_000335880|clpB|WP_101456439.1|phage|chaperone|Plasmid RefSeq|Homology,NODE_1_length_1065199_cov_28.761495_232 # 248931 # 251585 # -1 # ID=1_232;partial=00;start_type=ATG;rbs_motif=GGAG/GAGG;rbs_spacer=5-10bp;gc_cont=0.649,97.6,1648,884,0.0,885,1,884,1,884,mobileOG_000335880,clpB,WP_101456439.1,phage,chaperone,Plasmid RefSeq,Homology,NODE_1_length_1065199_cov_28.761495_232, 248931 # 251585 # -1 , 248931,251585,-1 ,1_232,1,232,00,ATG,GGAG/GAGG,5-10bp,0.649,NODE_1_length_1065199_cov_28.761495,mobileOG_000335880_NODE_1_length_1065199_cov_28.761495
31,mobileOG_000333755|tssB|WP_033635026.1|replication/recombination/repair|NA|Plasmid RefSeq|Homology,NODE_1_length_1065199_cov_28.761495_247 # 265015 # 265551 # -1 # ID=1_247;partial=00;start_type=ATG;rbs_motif=GGAG/GAGG;rbs_spacer=5-10bp;gc_cont=0.581,98.9,338,178,1.67e-119,179,1,178,1,178,mobileOG_000333755,tssB,WP_033635026.1,replication/recombination/repair,NA,Plasmid RefSeq,Homology,NODE_1_length_1065199_cov_28.761495_247, 265015 # 265551 # -1 , 265015,265551,-1 ,1_247,1,247,00,ATG,GGAG/GAGG,5-10bp,0.581,NODE_1_length_1065199_cov_28.761495,mobileOG_000333755_NODE_1_length_1065199_cov_28.761495
32,mobileOG_000353863|cnu|WP_033635010.1|stability/transfer/defense|regulation|Plasmid RefSeq|Homology,NODE_1_length_1065199_cov_28.761495_265 # 286523 # 286738 # -1 # ID=1_265;partial=00;start_type=ATG;rbs_motif=3Base/5BMM;rbs_spacer=13-15bp;gc_cont=0.514,98.6,143,71,1.35e-45,72,1,71,1,71,mobileOG_000353863,cnu,WP_033635010.1,stability/transfer/defense,regulation,Plasmid RefSeq,Homology,NODE_1_length_1065199_cov_28.761495_265, 286523 # 286738 # -1 , 286523,286738,-1 ,1_265,1,265,00,ATG,3Base/5BMM,13-15bp,0.514,NODE_1_length_1065199_cov_28.761495,mobileOG_000353863_NODE_1_length_1065199_cov_28.761495
33,mobileOG_000338525|oppD|WP_033653661.1|transfer|competence|Plasmid RefSeq|Homology,NODE_1_length_1065199_cov_28.761495_344 # 364926 # 365768 # 1 # ID=1_344;partial=00;start_type=ATG;rbs_motif=GGA/GAG/AGG;rbs_spacer=5-10bp;gc_cont=0.651,98.6,541,280,2.68e-196,281,1,280,1,280,mobileOG_000338525,oppD,WP_033653661.1,transfer,competence,Plasmid RefSeq,Homology,NODE_1_length_1065199_cov_28.761495_344, 364926 # 365768 # 1 , 364926,365768,1 ,1_344,1,344,00,ATG,GGA/GAG/AGG,5-10bp,0.651,NODE_1_length_1065199_cov_28.761495,mobileOG_000338525_NODE_1_length_1065199_cov_28.761495
34,mobileOG_000338678|oppD|WP_039565565.1|transfer|competence|Plasmid RefSeq|Homology,NODE_1_length_1065199_cov_28.761495_344 # 364926 # 365768 # 1 # ID=1_344;partial=00;start_type=ATG;rbs_motif=GGA/GAG/AGG;rbs_spacer=5-10bp;gc_cont=0.651,98.2,539,280,1.09e-195,281,1,280,1,280,mobileOG_000338678,oppD,WP_039565565.1,transfer,competence,Plasmid RefSeq,Homology,NODE_1_length_1065199_cov_28.761495_344, 364926 # 365768 # 1 , 364926,365768,1 ,1_344,1,344,00,ATG,GGA/GAG/AGG,5-10bp,0.651,NODE_1_length_1065199_cov_28.761495,mobileOG_000338678_NODE_1_length_1065199_cov_28.761495
35,mobileOG_000368503|ruvC|WP_004932367.1|replication/recombination/repair|NA|Plasmid RefSeq|Homology,NODE_1_length_1065199_cov_28.761495_458 # 483591 # 484112 # 1 # ID=1_458;partial=00;start_type=ATG;rbs_motif=AGxAGG/AGGxGG;rbs_spacer=5-10bp;gc_cont=0.642,100,330,173,2.59e-116,174,1,173,1,173,mobileOG_000368503,ruvC,WP_004932367.1,replication/recombination/repair,NA,Plasmid RefSeq,Homology,NODE_1_length_1065199_cov_28.761495_458, 483591 # 484112 # 1 , 483591,484112,1 ,1_458,1,458,00,ATG,AGxAGG/AGGxGG,5-10bp,0.642,NODE_1_length_1065199_cov_28.761495,mobileOG_000368503_NODE_1_length_1065199_cov_28.761495
36,mobileOG_000332823|ruvC|WP_033634853.1|replication/recombination/repair|NA|Plasmid RefSeq|Homology,NODE_1_length_1065199_cov_28.761495_458 # 483591 # 484112 # 1 # ID=1_458;partial=00;start_type=ATG;rbs_motif=AGxAGG/AGGxGG;rbs_spacer=5-10bp;gc_cont=0.642,99.4,329,173,3.68e-116,174,1,173,1,173,mobileOG_000332823,ruvC,WP_033634853.1,replication/recombination/repair,NA,Plasmid RefSeq,Homology,NODE_1_length_1065199_cov_28.761495_458, 483591 # 484112 # 1 , 483591,484112,1 ,1_458,1,458,00,ATG,AGxAGG/AGGxGG,5-10bp,0.642,NODE_1_length_1065199_cov_28.761495,mobileOG_000332823_NODE_1_length_1065199_cov_28.761495
37,mobileOG_000336561|ruvA|WP_033634852.1|replication/recombination/repair|NA|Plasmid RefSeq|Homology,NODE_1_length_1065199_cov_28.761495_459 # 484225 # 484836 # 1 # ID=1_459;partial=00;start_type=ATG;rbs_motif=AGGAGG;rbs_spacer=3-4bp;gc_cont=0.605,98.0,377,204,3.25e-134,204,1,204,1,203,mobileOG_000336561,ruvA,WP_033634852.1,replication/recombination/repair,NA,Plasmid RefSeq,Homology,NODE_1_length_1065199_cov_28.761495_459, 484225 # 484836 # 1 , 484225,484836,1 ,1_459,1,459,00,ATG,AGGAGG,3-4bp,0.605,NODE_1_length_1065199_cov_28.761495,mobileOG_000336561_NODE_1_length_1065199_cov_28.761495
38,mobileOG_000354069|ruvB|WP_025303125.1|replication/recombination/repair|NA|Plasmid RefSeq|Homology,NODE_1_length_1065199_cov_28.761495_460 # 484856 # 485860 # 1 # ID=1_460;partial=00;start_type=ATG;rbs_motif=GGAG/GAGG;rbs_spacer=5-10bp;gc_cont=0.637,99.7,646,334,3.02e-236,335,1,334,1,334,mobileOG_000354069,ruvB,WP_025303125.1,replication/recombination/repair,NA,Plasmid RefSeq,Homology,NODE_1_length_1065199_cov_28.761495_460, 484856 # 485860 # 1 , 484856,485860,1 ,1_460,1,460,00,ATG,GGAG/GAGG,5-10bp,0.637,NODE_1_length_1065199_cov_28.761495,mobileOG_000354069_NODE_1_length_1065199_cov_28.761495
39,mobileOG_000354070|ruvB|WP_043147578.1|replication/recombination/repair|NA|Plasmid RefSeq|Homology,NODE_1_length_1065199_cov_28.761495_460 # 484856 # 485860 # 1 # ID=1_460;partial=00;start_type=ATG;rbs_motif=GGAG/GAGG;rbs_spacer=5-10bp;gc_cont=0.637,99.4,645,334,8.67e-236,335,1,334,1,334,mobileOG_000354070,ruvB,WP_043147578.1,replication/recombination/repair,NA,Plasmid RefSeq,Homology,NODE_1_length_1065199_cov_28.761495_460, 484856 # 485860 # 1 , 484856,485860,1 ,1_460,1,460,00,ATG,GGAG/GAGG,5-10bp,0.637,NODE_1_length_1065199_cov_28.761495,mobileOG_000354070_NODE_1_length_1065199_cov_28.761495
40,mobileOG_000298941|slp|WP_033638506.1|integration/excision|NA|Plasmid RefSeq|Homology,NODE_1_length_1065199_cov_28.761495_476 # 501764 # 502354 # 1 # ID=1_476;partial=00;start_type=ATG;rbs_motif=AGGAG;rbs_spacer=5-10bp;gc_cont=0.641,98.0,389,196,4.90e-139,197,1,196,1,196,mobileOG_000298941,slp,WP_033638506.1,integration/excision,NA,Plasmid RefSeq,Homology,NODE_1_length_1065199_cov_28.761495_476, 501764 # 502354 # 1 , 501764,502354,1 ,1_476,1,476,00,ATG,AGGAG,5-10bp,0.641,NODE_1_length_1065199_cov_28.761495,mobileOG_000298941_NODE_1_length_1065199_cov_28.761495
41,mobileOG_000308655|topB|WP_033647606.1|replication/recombination/repair|NA|Plasmid RefSeq|Homology,NODE_1_length_1065199_cov_28.761495_521 # 544540 # 546465 # 1 # ID=1_521;partial=00;start_type=ATG;rbs_motif=None;rbs_spacer=None;gc_cont=0.601,99.4,1251,641,0.0,642,1,641,1,641,mobileOG_000308655,topB,WP_033647606.1,replication/recombination/repair,NA,Plasmid RefSeq,Homology,NODE_1_length_1065199_cov_28.761495_521, 544540 # 546465 # 1 , 544540,546465,1 ,1_521,1,521,00,ATG,None,None,0.601,NODE_1_length_1065199_cov_28.761495,mobileOG_000308655_NODE_1_length_1065199_cov_28.761495
42,mobileOG_000308859|topB|WP_101427007.1|replication/recombination/repair|NA|Plasmid RefSeq|Homology,NODE_1_length_1065199_cov_28.761495_521 # 544540 # 546465 # 1 # ID=1_521;partial=00;start_type=ATG;rbs_motif=None;rbs_spacer=None;gc_cont=0.601,99.1,1251,641,0.0,642,1,641,1,641,mobileOG_000308859,topB,WP_101427007.1,replication/recombination/repair,NA,Plasmid RefSeq,Homology,NODE_1_length_1065199_cov_28.761495_521, 544540 # 546465 # 1 , 544540,546465,1 ,1_521,1,521,00,ATG,None,None,0.601,NODE_1_length_1065199_cov_28.761495,mobileOG_000308859_NODE_1_length_1065199_cov_28.761495
43,mobileOG_000330120|xthA|WP_033647602.1|replication/recombination/repair|NA|Plasmid RefSeq|Homology,NODE_1_length_1065199_cov_28.761495_524 # 547226 # 548032 # -1 # ID=1_524;partial=00;start_type=ATG;rbs_motif=None;rbs_spacer=None;gc_cont=0.587,98.9,556,268,5.93e-203,269,1,268,1,268,mobileOG_000330120,xthA,WP_033647602.1,replication/recombination/repair,NA,Plasmid RefSeq,Homology,NODE_1_length_1065199_cov_28.761495_524, 547226 # 548032 # -1 , 547226,548032,-1 ,1_524,1,524,00,ATG,None,None,0.587,NODE_1_length_1065199_cov_28.761495,mobileOG_000330120_NODE_1_length_1065199_cov_28.761495
44,mobileOG_000369427|hns|WP_004932170.1|replication/recombination/repair|regulation|Plasmid RefSeq|Homology,NODE_1_length_1065199_cov_28.761495_533 # 556601 # 557008 # -1 # ID=1_533;partial=00;start_type=ATG;rbs_motif=GGA/GAG/AGG;rbs_spacer=5-10bp;gc_cont=0.488,100,251,135,1.35e-86,136,1,135,1,135,mobileOG_000369427,hns,WP_004932170.1,replication/recombination/repair,regulation,Plasmid RefSeq,Homology,NODE_1_length_1065199_cov_28.761495_533, 556601 # 557008 # -1 , 556601,557008,-1 ,1_533,1,533,00,ATG,GGA/GAG/AGG,5-10bp,0.488,NODE_1_length_1065199_cov_28.761495,mobileOG_000369427_NODE_1_length_1065199_cov_28.761495
45,mobileOG_000308667|oppA|WP_033654358.1|transfer|competence|Plasmid RefSeq|Homology,NODE_1_length_1065199_cov_28.761495_537 # 562958 # 564595 # 1 # ID=1_537;partial=00;start_type=ATG;rbs_motif=AGGAG;rbs_spacer=5-10bp;gc_cont=0.591,96.9,1051,545,0.0,546,1,545,1,545,mobileOG_000308667,oppA,WP_033654358.1,transfer,competence,Plasmid RefSeq,Homology,NODE_1_length_1065199_cov_28.761495_537, 562958 # 564595 # 1 , 562958,564595,1 ,1_537,1,537,00,ATG,AGGAG,5-10bp,0.591,NODE_1_length_1065199_cov_28.761495,mobileOG_000308667_NODE_1_length_1065199_cov_28.761495
46,mobileOG_000308869|oppA|WP_101456511.1|transfer|competence|Plasmid RefSeq|Homology,NODE_1_length_1065199_cov_28.761495_537 # 562958 # 564595 # 1 # ID=1_537;partial=00;start_type=ATG;rbs_motif=AGGAG;rbs_spacer=5-10bp;gc_cont=0.591,96.7,1049,545,0.0,546,1,545,1,545,mobileOG_000308869,oppA,WP_101456511.1,transfer,competence,Plasmid RefSeq,Homology,NODE_1_length_1065199_cov_28.761495_537, 562958 # 564595 # 1 , 562958,564595,1 ,1_537,1,537,00,ATG,AGGAG,5-10bp,0.591,NODE_1_length_1065199_cov_28.761495,mobileOG_000308869_NODE_1_length_1065199_cov_28.761495
47,mobileOG_000334396|oppA|WP_033647597.1|transfer|competence|Plasmid RefSeq|Homology,NODE_1_length_1065199_cov_28.761495_538 # 564745 # 566382 # 1 # ID=1_538;partial=00;start_type=ATG;rbs_motif=GGAG/GAGG;rbs_spacer=5-10bp;gc_cont=0.563,98.9,1101,545,0.0,546,1,545,1,545,mobileOG_000334396,oppA,WP_033647597.1,transfer,competence,Plasmid RefSeq,Homology,NODE_1_length_1065199_cov_28.761495_538, 564745 # 566382 # 1 , 564745,566382,1 ,1_538,1,538,00,ATG,GGAG/GAGG,5-10bp,0.563,NODE_1_length_1065199_cov_28.761495,mobileOG_000334396_NODE_1_length_1065199_cov_28.761495
48,mobileOG_000336315|oppB|WP_033654356.1|transfer|competence|Plasmid RefSeq|Homology,NODE_1_length_1065199_cov_28.761495_539 # 566466 # 567386 # 1 # ID=1_539;partial=00;start_type=ATG;rbs_motif=GGA/GAG/AGG;rbs_spacer=5-10bp;gc_cont=0.568,99.7,569,306,1.49e-206,307,1,306,1,306,mobileOG_000336315,oppB,WP_033654356.1,transfer,competence,Plasmid RefSeq,Homology,NODE_1_length_1065199_cov_28.761495_539, 566466 # 567386 # 1 , 566466,567386,1 ,1_539,1,539,00,ATG,GGA/GAG/AGG,5-10bp,0.568,NODE_1_length_1065199_cov_28.761495,mobileOG_000336315_NODE_1_length_1065199_cov_28.761495
49,mobileOG_000335601|oppB|WP_033634784.1|transfer|competence|Plasmid RefSeq|Homology,NODE_1_length_1065199_cov_28.761495_539 # 566466 # 567386 # 1 # ID=1_539;partial=00;start_type=ATG;rbs_motif=GGA/GAG/AGG;rbs_spacer=5-10bp;gc_cont=0.568,99.3,568,306,2.12e-206,307,1,306,1,306,mobileOG_000335601,oppB,WP_033634784.1,transfer,competence,Plasmid RefSeq,Homology,NODE_1_length_1065199_cov_28.761495_539, 566466 # 567386 # 1 , 566466,567386,1 ,1_539,1,539,00,ATG,GGA/GAG/AGG,5-10bp,0.568,NODE_1_length_1065199_cov_28.761495,mobileOG_000335601_NODE_1_length_1065199_cov_28.761495
50,mobileOG_000025703|oppB|WP_000911097.1|transfer|competence|Multiple|Manual,NODE_1_length_1065199_cov_28.761495_539 # 566466 # 567386 # 1 # ID=1_539;partial=00;start_type=ATG;rbs_motif=GGA/GAG/AGG;rbs_spacer=5-10bp;gc_cont=0.568,93.5,533,306,2.22e-192,307,1,306,1,306,mobileOG_000025703,oppB,WP_000911097.1,transfer,competence,Multiple,Manual,NODE_1_length_1065199_cov_28.761495_539, 566466 # 567386 # 1 , 566466,567386,1 ,1_539,1,539,00,ATG,GGA/GAG/AGG,5-10bp,0.568,NODE_1_length_1065199_cov_28.761495,mobileOG_000025703_NODE_1_length_1065199_cov_28.761495
51,mobileOG_000241060|oppB|A0A0F1ER99|transfer|competence|GPD|Homology,NODE_1_length_1065199_cov_28.761495_539 # 566466 # 567386 # 1 # ID=1_539;partial=00;start_type=ATG;rbs_motif=GGA/GAG/AGG;rbs_spacer=5-10bp;gc_cont=0.568,93.8,531,306,1.82e-191,307,1,306,1,306,mobileOG_000241060,oppB,A0A0F1ER99,transfer,competence,GPD,Homology,NODE_1_length_1065199_cov_28.761495_539, 566466 # 567386 # 1 , 566466,567386,1 ,1_539,1,539,00,ATG,GGA/GAG/AGG,5-10bp,0.568,NODE_1_length_1065199_cov_28.761495,mobileOG_000241060_NODE_1_length_1065199_cov_28.761495
52,mobileOG_000241064|oppB|EDA16224.1|transfer|competence|GPD|Homology,NODE_1_length_1065199_cov_28.761495_539 # 566466 # 567386 # 1 # ID=1_539;partial=00;start_type=ATG;rbs_motif=GGA/GAG/AGG;rbs_spacer=5-10bp;gc_cont=0.568,91.2,529,306,7.40e-191,307,1,306,1,306,mobileOG_000241064,oppB,EDA16224.1,transfer,competence,GPD,Homology,NODE_1_length_1065199_cov_28.761495_539, 566466 # 567386 # 1 , 566466,567386,1 ,1_539,1,539,00,ATG,GGA/GAG/AGG,5-10bp,0.568,NODE_1_length_1065199_cov_28.761495,mobileOG_000241064_NODE_1_length_1065199_cov_28.761495
53,mobileOG_000002429|oppB|WP_000911112.1|transfer|competence|Multiple|Manual,NODE_1_length_1065199_cov_28.761495_539 # 566466 # 567386 # 1 # ID=1_539;partial=00;start_type=ATG;rbs_motif=GGA/GAG/AGG;rbs_spacer=5-10bp;gc_cont=0.568,93.8,528,306,2.12e-190,307,1,306,1,306,mobileOG_000002429,oppB,WP_000911112.1,transfer,competence,Multiple,Manual,NODE_1_length_1065199_cov_28.761495_539, 566466 # 567386 # 1 , 566466,567386,1 ,1_539,1,539,00,ATG,GGA/GAG/AGG,5-10bp,0.568,NODE_1_length_1065199_cov_28.761495,mobileOG_000002429_NODE_1_length_1065199_cov_28.761495
54,mobileOG_000047933|oppB|A0A0F3WLQ6|transfer|competence|COMPASS|Homology,NODE_1_length_1065199_cov_28.761495_539 # 566466 # 567386 # 1 # ID=1_539;partial=00;start_type=ATG;rbs_motif=GGA/GAG/AGG;rbs_spacer=5-10bp;gc_cont=0.568,93.5,526,306,1.22e-189,307,1,306,1,306,mobileOG_000047933,oppB,A0A0F3WLQ6,transfer,competence,COMPASS,Homology,NODE_1_length_1065199_cov_28.761495_539, 566466 # 567386 # 1 , 566466,567386,1 ,1_539,1,539,00,ATG,GGA/GAG/AGG,5-10bp,0.568,NODE_1_length_1065199_cov_28.761495,mobileOG_000047933_NODE_1_length_1065199_cov_28.761495
55,mobileOG_000335522|oppC|WP_033634783.1|transfer|competence|Plasmid RefSeq|Homology,NODE_1_length_1065199_cov_28.761495_540 # 567401 # 568309 # 1 # ID=1_540;partial=00;start_type=ATG;rbs_motif=GGAG/GAGG;rbs_spacer=5-10bp;gc_cont=0.608,98.7,560,302,4.99e-203,303,1,302,1,302,mobileOG_000335522,oppC,WP_033634783.1,transfer,competence,Plasmid RefSeq,Homology,NODE_1_length_1065199_cov_28.761495_540, 567401 # 568309 # 1 , 567401,568309,1 ,1_540,1,540,00,ATG,GGAG/GAGG,5-10bp,0.608,NODE_1_length_1065199_cov_28.761495,mobileOG_000335522_NODE_1_length_1065199_cov_28.761495
56,mobileOG_000368552|oppD|WP_033634782.1|transfer|competence|Plasmid RefSeq|Homology,NODE_1_length_1065199_cov_28.761495_541 # 568321 # 569337 # 1 # ID=1_541;partial=00;start_type=ATG;rbs_motif=AGGAG;rbs_spacer=5-10bp;gc_cont=0.616,99.1,651,338,4.31e-238,339,1,338,1,338,mobileOG_000368552,oppD,WP_033634782.1,transfer,competence,Plasmid RefSeq,Homology,NODE_1_length_1065199_cov_28.761495_541, 568321 # 569337 # 1 , 568321,569337,1 ,1_541,1,541,00,ATG,AGGAG,5-10bp,0.616,NODE_1_length_1065199_cov_28.761495,mobileOG_000368552_NODE_1_length_1065199_cov_28.761495
57,mobileOG_000339366|oppD|WP_021555282.1|transfer|competence|Plasmid RefSeq|Homology,NODE_1_length_1065199_cov_28.761495_541 # 568321 # 569337 # 1 # ID=1_541;partial=00;start_type=ATG;rbs_motif=AGGAG;rbs_spacer=5-10bp;gc_cont=0.616,91.0,578,337,5.28e-209,339,15,337,16,338,mobileOG_000339366,oppD,WP_021555282.1,transfer,competence,Plasmid RefSeq,Homology,NODE_1_length_1065199_cov_28.761495_541, 568321 # 569337 # 1 , 568321,569337,1 ,1_541,1,541,00,ATG,AGGAG,5-10bp,0.616,NODE_1_length_1065199_cov_28.761495,mobileOG_000339366_NODE_1_length_1065199_cov_28.761495
58,mobileOG_000190704|oppD|A0A0J0FYG1|transfer|competence|GPD|Homology,NODE_1_length_1065199_cov_28.761495_541 # 568321 # 569337 # 1 # ID=1_541;partial=00;start_type=ATG;rbs_motif=AGGAG;rbs_spacer=5-10bp;gc_cont=0.616,91.8,575,337,8.74e-208,339,19,337,20,338,mobileOG_000190704,oppD,A0A0J0FYG1,transfer,competence,GPD,Homology,NODE_1_length_1065199_cov_28.761495_541, 568321 # 569337 # 1 , 568321,569337,1 ,1_541,1,541,00,ATG,AGGAG,5-10bp,0.616,NODE_1_length_1065199_cov_28.761495,mobileOG_000190704_NODE_1_length_1065199_cov_28.761495
59,mobileOG_000025422|oppD|WP_000058857.1|transfer|competence|Multiple|Manual,NODE_1_length_1065199_cov_28.761495_541 # 568321 # 569337 # 1 # ID=1_541;partial=00;start_type=ATG;rbs_motif=AGGAG;rbs_spacer=5-10bp;gc_cont=0.616,90.1,566,335,1.28e-204,339,14,335,17,338,mobileOG_000025422,oppD,WP_000058857.1,transfer,competence,Multiple,Manual,NODE_1_length_1065199_cov_28.761495_541, 568321 # 569337 # 1 , 568321,569337,1 ,1_541,1,541,00,ATG,AGGAG,5-10bp,0.616,NODE_1_length_1065199_cov_28.761495,mobileOG_000025422_NODE_1_length_1065199_cov_28.761495
60,mobileOG_000370693|oppF|WP_025303071.1|transfer|competence|Plasmid RefSeq|Homology,NODE_1_length_1065199_cov_28.761495_542 # 569334 # 570335 # 1 # ID=1_542;partial=00;start_type=ATG;rbs_motif=GGAGG;rbs_spacer=5-10bp;gc_cont=0.618,99.7,640,333,5.41e-234,334,1,333,1,333,mobileOG_000370693,oppF,WP_025303071.1,transfer,competence,Plasmid RefSeq,Homology,NODE_1_length_1065199_cov_28.761495_542, 569334 # 570335 # 1 , 569334,570335,1 ,1_542,1,542,00,ATG,GGAGG,5-10bp,0.618,NODE_1_length_1065199_cov_28.761495,mobileOG_000370693_NODE_1_length_1065199_cov_28.761495
61,mobileOG_000370696|oppF|WP_101455575.1|transfer|competence|Plasmid RefSeq|Homology,NODE_1_length_1065199_cov_28.761495_542 # 569334 # 570335 # 1 # ID=1_542;partial=00;start_type=ATG;rbs_motif=GGAGG;rbs_spacer=5-10bp;gc_cont=0.618,99.1,638,333,6.31e-233,334,1,333,1,333,mobileOG_000370696,oppF,WP_101455575.1,transfer,competence,Plasmid RefSeq,Homology,NODE_1_length_1065199_cov_28.761495_542, 569334 # 570335 # 1 , 569334,570335,1 ,1_542,1,542,00,ATG,GGAGG,5-10bp,0.618,NODE_1_length_1065199_cov_28.761495,mobileOG_000370696_NODE_1_length_1065199_cov_28.761495
62,mobileOG_000301573|dps|WP_004932132.1|replication/recombination/repair|NA|Plasmid RefSeq|Homology,NODE_1_length_1065199_cov_28.761495_545 # 572715 # 573206 # -1 # ID=1_545;partial=00;start_type=ATG;rbs_motif=AGGAG;rbs_spacer=5-10bp;gc_cont=0.541,99.4,322,163,9.59e-114,164,1,163,1,163,mobileOG_000301573,dps,WP_004932132.1,replication/recombination/repair,NA,Plasmid RefSeq,Homology,NODE_1_length_1065199_cov_28.761495_545, 572715 # 573206 # -1 , 572715,573206,-1 ,1_545,1,545,00,ATG,AGGAG,5-10bp,0.541,NODE_1_length_1065199_cov_28.761495,mobileOG_000301573_NODE_1_length_1065199_cov_28.761495
63,"mobileOG_000025575|tonB|WP_016927510.1|transfer|phage,receptor|Plasmid RefSeq|Manual",NODE_1_length_1065199_cov_28.761495_559 # 587138 # 587881 # 1 # ID=1_559;partial=00;start_type=ATG;rbs_motif=AGGA/GGAG/GAGG;rbs_spacer=11-12bp;gc_cont=0.598,92.3,318,247,3.35e-109,248,1,247,1,247,mobileOG_000025575,tonB,WP_016927510.1,transfer,"phage,receptor",Plasmid RefSeq,Manual,NODE_1_length_1065199_cov_28.761495_559, 587138 # 587881 # 1 , 587138,587881,1 ,1_559,1,559,00,ATG,AGGA/GGAG/GAGG,11-12bp,0.598,NODE_1_length_1065199_cov_28.761495,mobileOG_000025575_NODE_1_length_1065199_cov_28.761495
64,mobileOG_000305021|dnaE2|WP_033653008.1|replication/recombination/repair|NA|Plasmid RefSeq|Homology,NODE_1_length_1065199_cov_28.761495_573 # 600638 # 601519 # 1 # ID=1_573;partial=00;start_type=TTG;rbs_motif=GGA/GAG/AGG;rbs_spacer=5-10bp;gc_cont=0.639,98.3,577,293,4.88e-210,294,1,293,1,293,mobileOG_000305021,dnaE2,WP_033653008.1,replication/recombination/repair,NA,Plasmid RefSeq,Homology,NODE_1_length_1065199_cov_28.761495_573, 600638 # 601519 # 1 , 600638,601519,1 ,1_573,1,573,00,TTG,GGA/GAG/AGG,5-10bp,0.639,NODE_1_length_1065199_cov_28.761495,mobileOG_000305021_NODE_1_length_1065199_cov_28.761495
65,mobileOG_000305018|dnaE2|WP_033647575.1|replication/recombination/repair|NA|Plasmid RefSeq|Homology,NODE_1_length_1065199_cov_28.761495_573 # 600638 # 601519 # 1 # ID=1_573;partial=00;start_type=TTG;rbs_motif=GGA/GAG/AGG;rbs_spacer=5-10bp;gc_cont=0.639,98.0,573,293,8.09e-209,294,1,293,1,293,mobileOG_000305018,dnaE2,WP_033647575.1,replication/recombination/repair,NA,Plasmid RefSeq,Homology,NODE_1_length_1065199_cov_28.761495_573, 600638 # 601519 # 1 , 600638,601519,1 ,1_573,1,573,00,TTG,GGA/GAG/AGG,5-10bp,0.639,NODE_1_length_1065199_cov_28.761495,mobileOG_000305018_NODE_1_length_1065199_cov_28.761495
66,mobileOG_000353715|topA|WP_033647571.1|replication/recombination/repair|NA|Plasmid RefSeq|Homology,NODE_1_length_1065199_cov_28.761495_582 # 608213 # 610810 # 1 # ID=1_582;partial=00;start_type=ATG;rbs_motif=GGA/GAG/AGG;rbs_spacer=5-10bp;gc_cont=0.589,99.4,1716,865,0.0,866,1,865,1,865,mobileOG_000353715,topA,WP_033647571.1,replication/recombination/repair,NA,Plasmid RefSeq,Homology,NODE_1_length_1065199_cov_28.761495_582, 608213 # 610810 # 1 , 608213,610810,1 ,1_582,1,582,00,ATG,GGA/GAG/AGG,5-10bp,0.589,NODE_1_length_1065199_cov_28.761495,mobileOG_000353715_NODE_1_length_1065199_cov_28.761495
67,mobileOG_000303999|oppA|A0A221DQU9|transfer|competence|Plasmid RefSeq|Homology,NODE_1_length_1065199_cov_28.761495_632 # 663191 # 664825 # 1 # ID=1_632;partial=00;start_type=ATG;rbs_motif=GGA/GAG/AGG;rbs_spacer=5-10bp;gc_cont=0.587,99.1,1085,544,0.0,545,1,544,1,544,mobileOG_000303999,oppA,A0A221DQU9,transfer,competence,Plasmid RefSeq,Homology,NODE_1_length_1065199_cov_28.761495_632, 663191 # 664825 # 1 , 663191,664825,1 ,1_632,1,632,00,ATG,GGA/GAG/AGG,5-10bp,0.587,NODE_1_length_1065199_cov_28.761495,mobileOG_000303999_NODE_1_length_1065199_cov_28.761495
68,mobileOG_000313844|oppA|A0A221DQU9|transfer|competence|Plasmid RefSeq|Homology,NODE_1_length_1065199_cov_28.761495_632 # 663191 # 664825 # 1 # ID=1_632;partial=00;start_type=ATG;rbs_motif=GGA/GAG/AGG;rbs_spacer=5-10bp;gc_cont=0.587,98.9,1083,544,0.0,545,1,544,1,544,mobileOG_000313844,oppA,A0A221DQU9,transfer,competence,Plasmid RefSeq,Homology,NODE_1_length_1065199_cov_28.761495_632, 663191 # 664825 # 1 , 663191,664825,1 ,1_632,1,632,00,ATG,GGA/GAG/AGG,5-10bp,0.587,NODE_1_length_1065199_cov_28.761495,mobileOG_000313844_NODE_1_length_1065199_cov_28.761495
69,mobileOG_000308581|oppA|WP_060446003.1|transfer|competence|Plasmid RefSeq|Homology,NODE_1_length_1065199_cov_28.761495_714 # 749857 # 751476 # 1 # ID=1_714;partial=00;start_type=GTG;rbs_motif=GGA/GAG/AGG;rbs_spacer=5-10bp;gc_cont=0.599,93.5,1015,539,0.0,540,1,539,1,539,mobileOG_000308581,oppA,WP_060446003.1,transfer,competence,Plasmid RefSeq,Homology,NODE_1_length_1065199_cov_28.761495_714, 749857 # 751476 # 1 , 749857,751476,1 ,1_714,1,714,00,GTG,GGA/GAG/AGG,5-10bp,0.599,NODE_1_length_1065199_cov_28.761495,mobileOG_000308581_NODE_1_length_1065199_cov_28.761495
70,mobileOG_000282574|oppA|WP_033653107.1|transfer|competence|Plasmid RefSeq|Homology,NODE_1_length_1065199_cov_28.761495_714 # 749857 # 751476 # 1 # ID=1_714;partial=00;start_type=GTG;rbs_motif=GGA/GAG/AGG;rbs_spacer=5-10bp;gc_cont=0.599,93.5,1015,553,0.0,540,15,553,1,539,mobileOG_000282574,oppA,WP_033653107.1,transfer,competence,Plasmid RefSeq,Homology,NODE_1_length_1065199_cov_28.761495_714, 749857 # 751476 # 1 , 749857,751476,1 ,1_714,1,714,00,GTG,GGA/GAG/AGG,5-10bp,0.599,NODE_1_length_1065199_cov_28.761495,mobileOG_000282574_NODE_1_length_1065199_cov_28.761495
71,mobileOG_000362634|tus|WP_043147415.1|replication/recombination/repair|NA|Plasmid RefSeq|Homology,NODE_1_length_1065199_cov_28.761495_921 # 987283 # 988221 # 1 # ID=1_921;partial=00;start_type=ATG;rbs_motif=GGA/GAG/AGG;rbs_spacer=5-10bp;gc_cont=0.622,97.1,597,312,1.78e-217,313,1,312,1,312,mobileOG_000362634,tus,WP_043147415.1,replication/recombination/repair,NA,Plasmid RefSeq,Homology,NODE_1_length_1065199_cov_28.761495_921, 987283 # 988221 # 1 , 987283,988221,1 ,1_921,1,921,00,ATG,GGA/GAG/AGG,5-10bp,0.622,NODE_1_length_1065199_cov_28.761495,mobileOG_000362634_NODE_1_length_1065199_cov_28.761495
72,mobileOG_000368532|nth|WP_019455952.1|replication/recombination/repair|NA|Plasmid RefSeq|Homology,NODE_1_length_1065199_cov_28.761495_950 # 1016859 # 1017500 # 1 # ID=1_950;partial=00;start_type=ATG;rbs_motif=AGxAGG/AGGxGG;rbs_spacer=3-4bp;gc_cont=0.606,100,432,213,1.06e-155,214,1,213,1,213,mobileOG_000368532,nth,WP_019455952.1,replication/recombination/repair,NA,Plasmid RefSeq,Homology,NODE_1_length_1065199_cov_28.761495_950, 1016859 # 1017500 # 1 , 1016859,1017500,1 ,1_950,1,950,00,ATG,AGxAGG/AGGxGG,3-4bp,0.606,NODE_1_length_1065199_cov_28.761495,mobileOG_000368532_NODE_1_length_1065199_cov_28.761495
73,mobileOG_000340056|nth|WP_002907734.1|replication/recombination/repair|NA|Plasmid RefSeq|Homology,NODE_1_length_1065199_cov_28.761495_950 # 1016859 # 1017500 # 1 # ID=1_950;partial=00;start_type=ATG;rbs_motif=AGxAGG/AGGxGG;rbs_spacer=3-4bp;gc_cont=0.606,91.9,394,211,1.23e-140,214,1,210,1,210,mobileOG_000340056,nth,WP_002907734.1,replication/recombination/repair,NA,Plasmid RefSeq,Homology,NODE_1_length_1065199_cov_28.761495_950, 1016859 # 1017500 # 1 , 1016859,1017500,1 ,1_950,1,950,00,ATG,AGxAGG/AGGxGG,3-4bp,0.606,NODE_1_length_1065199_cov_28.761495,mobileOG_000340056_NODE_1_length_1065199_cov_28.761495
74,mobileOG_000240879|nth|A0A2S4WTY0|replication/recombination/repair|NA|GPD|Homology,NODE_1_length_1065199_cov_28.761495_950 # 1016859 # 1017500 # 1 # ID=1_950;partial=00;start_type=ATG;rbs_motif=AGxAGG/AGGxGG;rbs_spacer=3-4bp;gc_cont=0.606,92.8,394,211,1.74e-140,214,1,209,1,209,mobileOG_000240879,nth,A0A2S4WTY0,replication/recombination/repair,NA,GPD,Homology,NODE_1_length_1065199_cov_28.761495_950, 1016859 # 1017500 # 1 , 1016859,1017500,1 ,1_950,1,950,00,ATG,AGxAGG/AGGxGG,3-4bp,0.606,NODE_1_length_1065199_cov_28.761495,mobileOG_000240879_NODE_1_length_1065199_cov_28.761495
75,mobileOG_000242763|nth|A0A156XKS9|replication/recombination/repair|NA|GPD|Homology,NODE_1_length_1065199_cov_28.761495_950 # 1016859 # 1017500 # 1 # ID=1_950;partial=00;start_type=ATG;rbs_motif=AGxAGG/AGGxGG;rbs_spacer=3-4bp;gc_cont=0.606,90.5,390,211,8.28e-139,214,1,211,1,211,mobileOG_000242763,nth,A0A156XKS9,replication/recombination/repair,NA,GPD,Homology,NODE_1_length_1065199_cov_28.761495_950, 1016859 # 1017500 # 1 , 1016859,1017500,1 ,1_950,1,950,00,ATG,AGxAGG/AGGxGG,3-4bp,0.606,NODE_1_length_1065199_cov_28.761495,mobileOG_000242763_NODE_1_length_1065199_cov_28.761495
76,mobileOG_000189905|nth|WP_015570668.1|replication/recombination/repair|NA|Multiple|Homology,NODE_1_length_1065199_cov_28.761495_950 # 1016859 # 1017500 # 1 # ID=1_950;partial=00;start_type=ATG;rbs_motif=AGxAGG/AGGxGG;rbs_spacer=3-4bp;gc_cont=0.606,90.5,389,211,1.18e-138,214,1,211,1,211,mobileOG_000189905,nth,WP_015570668.1,replication/recombination/repair,NA,Multiple,Homology,NODE_1_length_1065199_cov_28.761495_950, 1016859 # 1017500 # 1 , 1016859,1017500,1 ,1_950,1,950,00,ATG,AGxAGG/AGGxGG,3-4bp,0.606,NODE_1_length_1065199_cov_28.761495,mobileOG_000189905_NODE_1_length_1065199_cov_28.761495
77,mobileOG_000340055|nth|WP_001030346.1|replication/recombination/repair|NA|Multiple|Homology,NODE_1_length_1065199_cov_28.761495_950 # 1016859 # 1017500 # 1 # ID=1_950;partial=00;start_type=ATG;rbs_motif=AGxAGG/AGGxGG;rbs_spacer=3-4bp;gc_cont=0.606,91.4,389,211,1.67e-138,214,1,209,1,209,mobileOG_000340055,nth,WP_001030346.1,replication/recombination/repair,NA,Multiple,Homology,NODE_1_length_1065199_cov_28.761495_950, 1016859 # 1017500 # 1 , 1016859,1017500,1 ,1_950,1,950,00,ATG,AGxAGG/AGGxGG,3-4bp,0.606,NODE_1_length_1065199_cov_28.761495,mobileOG_000340055_NODE_1_length_1065199_cov_28.761495
78,"mobileOG_000026495|ihfA|A8GDR1|integration/excision|regulation,lysis/lysogeny|Plasmid RefSeq|Manual",NODE_2_length_993264_cov_31.429657_41 # 43959 # 44255 # -1 # ID=2_41;partial=00;start_type=ATG;rbs_motif=GGAG/GAGG;rbs_spacer=5-10bp;gc_cont=0.549,100,194,98,4.71e-65,99,1,98,1,98,mobileOG_000026495,ihfA,A8GDR1,integration/excision,"regulation,lysis/lysogeny",Plasmid RefSeq,Manual,NODE_2_length_993264_cov_31.429657_41, 43959 # 44255 # -1 , 43959,44255,-1 ,2_41,2,41,00,ATG,GGAG/GAGG,5-10bp,0.549,NODE_2_length_993264_cov_31.429657,mobileOG_000026495_NODE_2_length_993264_cov_31.429657
79,"mobileOG_000022000|ihfA|WP_001229265.1|integration/excision|regulation,lysis/lysogeny|Multiple|Manual",NODE_2_length_993264_cov_31.429657_41 # 43959 # 44255 # -1 # ID=2_41;partial=00;start_type=ATG;rbs_motif=GGAG/GAGG;rbs_spacer=5-10bp;gc_cont=0.549,95.9,186,99,5.47e-62,99,1,97,1,97,mobileOG_000022000,ihfA,WP_001229265.1,integration/excision,"regulation,lysis/lysogeny",Multiple,Manual,NODE_2_length_993264_cov_31.429657_41, 43959 # 44255 # -1 , 43959,44255,-1 ,2_41,2,41,00,ATG,GGAG/GAGG,5-10bp,0.549,NODE_2_length_993264_cov_31.429657,mobileOG_000022000_NODE_2_length_993264_cov_31.429657
80,"mobileOG_000025015|ihfA|WP_003857805.1|integration/excision|regulation,lysis/lysogeny|Multiple|Manual",NODE_2_length_993264_cov_31.429657_41 # 43959 # 44255 # -1 # ID=2_41;partial=00;start_type=ATG;rbs_motif=GGAG/GAGG;rbs_spacer=5-10bp;gc_cont=0.549,94.8,185,99,1.57e-61,99,1,97,1,97,mobileOG_000025015,ihfA,WP_003857805.1,integration/excision,"regulation,lysis/lysogeny",Multiple,Manual,NODE_2_length_993264_cov_31.429657_41, 43959 # 44255 # -1 , 43959,44255,-1 ,2_41,2,41,00,ATG,GGAG/GAGG,5-10bp,0.549,NODE_2_length_993264_cov_31.429657,mobileOG_000025015_NODE_2_length_993264_cov_31.429657
81,"mobileOG_000015162|ihfA|WP_001229265.1|integration/excision|regulation,lysis/lysogeny|GPD|Manual",NODE_2_length_993264_cov_31.429657_41 # 43959 # 44255 # -1 # ID=2_41;partial=00;start_type=ATG;rbs_motif=GGAG/GAGG;rbs_spacer=5-10bp;gc_cont=0.549,95.8,183,97,1.21e-60,99,1,95,3,97,mobileOG_000015162,ihfA,WP_001229265.1,integration/excision,"regulation,lysis/lysogeny",GPD,Manual,NODE_2_length_993264_cov_31.429657_41, 43959 # 44255 # -1 , 43959,44255,-1 ,2_41,2,41,00,ATG,GGAG/GAGG,5-10bp,0.549,NODE_2_length_993264_cov_31.429657,mobileOG_000015162_NODE_2_length_993264_cov_31.429657
82,"mobileOG_000329633|hflD|WP_033638217.1|phage|infection,regulation|Plasmid RefSeq|Homology",NODE_2_length_993264_cov_31.429657_171 # 166246 # 166872 # 1 # ID=2_171;partial=00;start_type=GTG;rbs_motif=AGGAG;rbs_spacer=5-10bp;gc_cont=0.611,98.6,398,208,2.69e-142,209,1,208,1,208,mobileOG_000329633,hflD,WP_033638217.1,phage,"infection,regulation",Plasmid RefSeq,Homology,NODE_2_length_993264_cov_31.429657_171, 166246 # 166872 # 1 , 166246,166872,1 ,2_171,2,171,00,GTG,AGGAG,5-10bp,0.611,NODE_2_length_993264_cov_31.429657,mobileOG_000329633_NODE_2_length_993264_cov_31.429657
83,mobileOG_000313843|clpP|WP_033638144.1|phage|replication/recombination/repair|Plasmid RefSeq|Homology,NODE_2_length_993264_cov_31.429657_228 # 228930 # 229523 # -1 # ID=2_228;partial=00;start_type=ATG;rbs_motif=AGGAG;rbs_spacer=5-10bp;gc_cont=0.616,96.4,381,197,5.93e-136,198,1,197,1,197,mobileOG_000313843,clpP,WP_033638144.1,phage,replication/recombination/repair,Plasmid RefSeq,Homology,NODE_2_length_993264_cov_31.429657_228, 228930 # 229523 # -1 , 228930,229523,-1 ,2_228,2,228,00,ATG,AGGAG,5-10bp,0.616,NODE_2_length_993264_cov_31.429657,mobileOG_000313843_NODE_2_length_993264_cov_31.429657
84,mobileOG_000326024|holB|WP_033646441.1|replication/recombination/repair|NA|Plasmid RefSeq|Homology,NODE_2_length_993264_cov_31.429657_297 # 289046 # 290053 # -1 # ID=2_297;partial=00;start_type=ATG;rbs_motif=AGGA;rbs_spacer=5-10bp;gc_cont=0.631,99.1,678,335,7.28e-249,336,1,335,1,335,mobileOG_000326024,holB,WP_033646441.1,replication/recombination/repair,NA,Plasmid RefSeq,Homology,NODE_2_length_993264_cov_31.429657_297, 289046 # 290053 # -1 , 289046,290053,-1 ,2_297,2,297,00,ATG,AGGA,5-10bp,0.631,NODE_2_length_993264_cov_31.429657,mobileOG_000326024_NODE_2_length_993264_cov_31.429657
85,mobileOG_000329018|holB|WP_038875527.1|replication/recombination/repair|NA|Plasmid RefSeq|Homology,NODE_2_length_993264_cov_31.429657_297 # 289046 # 290053 # -1 # ID=2_297;partial=00;start_type=ATG;rbs_motif=AGGA;rbs_spacer=5-10bp;gc_cont=0.631,97.9,672,335,2.84e-246,336,1,335,1,335,mobileOG_000329018,holB,WP_038875527.1,replication/recombination/repair,NA,Plasmid RefSeq,Homology,NODE_2_length_993264_cov_31.429657_297, 289046 # 290053 # -1 , 289046,290053,-1 ,2_297,2,297,00,ATG,AGGA,5-10bp,0.631,NODE_2_length_993264_cov_31.429657,mobileOG_000329018_NODE_2_length_993264_cov_31.429657
86,"mobileOG_000368555|tmk|WP_033646442.1|phage|stability/transfer/defense,metabolism|Plasmid RefSeq|Homology",NODE_2_length_993264_cov_31.429657_298 # 290053 # 290691 # -1 # ID=2_298;partial=00;start_type=ATG;rbs_motif=AGGA;rbs_spacer=5-10bp;gc_cont=0.640,97.2,409,212,1.38e-146,213,1,212,1,212,mobileOG_000368555,tmk,WP_033646442.1,phage,"stability/transfer/defense,metabolism",Plasmid RefSeq,Homology,NODE_2_length_993264_cov_31.429657_298, 290053 # 290691 # -1 , 290053,290691,-1 ,2_298,2,298,00,ATG,AGGA,5-10bp,0.640,NODE_2_length_993264_cov_31.429657,mobileOG_000368555_NODE_2_length_993264_cov_31.429657
87,"mobileOG_000328140|tmk|WP_038875525.1|phage|stability/transfer/defense,metabolism|Plasmid RefSeq|Homology",NODE_2_length_993264_cov_31.429657_298 # 290053 # 290691 # -1 # ID=2_298;partial=00;start_type=ATG;rbs_motif=AGGA;rbs_spacer=5-10bp;gc_cont=0.640,95.8,402,212,1.09e-143,213,1,212,1,212,mobileOG_000328140,tmk,WP_038875525.1,phage,"stability/transfer/defense,metabolism",Plasmid RefSeq,Homology,NODE_2_length_993264_cov_31.429657_298, 290053 # 290691 # -1 , 290053,290691,-1 ,2_298,2,298,00,ATG,AGGA,5-10bp,0.640,NODE_2_length_993264_cov_31.429657,mobileOG_000328140_NODE_2_length_993264_cov_31.429657
88,mobileOG_000159189|umuD_5|A0A5C6QZY0|replication/recombination/repair|NA|GPD|Homology,NODE_2_length_993264_cov_31.429657_361 # 351382 # 351780 # -1 # ID=2_361;partial=00;start_type=ATG;rbs_motif=GGAG/GAGG;rbs_spacer=5-10bp;gc_cont=0.576,92.4,242,132,7.00e-83,133,1,132,1,132,mobileOG_000159189,umuD_5,A0A5C6QZY0,replication/recombination/repair,NA,GPD,Homology,NODE_2_length_993264_cov_31.429657_361, 351382 # 351780 # -1 , 351382,351780,-1 ,2_361,2,361,00,ATG,GGAG/GAGG,5-10bp,0.576,NODE_2_length_993264_cov_31.429657,mobileOG_000159189_NODE_2_length_993264_cov_31.429657
89,"mobileOG_000378440|dicC|WP_101453283.1|phage|infection,regulation|Plasmid RefSeq|Homology",NODE_2_length_993264_cov_31.429657_406 # 390556 # 390756 # -1 # ID=2_406;partial=00;start_type=ATG;rbs_motif=GGAGG;rbs_spacer=5-10bp;gc_cont=0.512,95.5,128,66,6.00e-40,67,1,66,1,66,mobileOG_000378440,dicC,WP_101453283.1,phage,"infection,regulation",Plasmid RefSeq,Homology,NODE_2_length_993264_cov_31.429657_406, 390556 # 390756 # -1 , 390556,390756,-1 ,2_406,2,406,00,ATG,GGAGG,5-10bp,0.512,NODE_2_length_993264_cov_31.429657,mobileOG_000378440_NODE_2_length_993264_cov_31.429657
90,mobileOG_000335625|uvrC|WP_089194526.1|replication/recombination/repair|NA|Plasmid RefSeq|Homology,NODE_2_length_993264_cov_31.429657_417 # 398955 # 400787 # -1 # ID=2_417;partial=00;start_type=GTG;rbs_motif=4Base/6BMM;rbs_spacer=13-15bp;gc_cont=0.560,99.8,1194,610,0.0,611,1,610,1,610,mobileOG_000335625,uvrC,WP_089194526.1,replication/recombination/repair,NA,Plasmid RefSeq,Homology,NODE_2_length_993264_cov_31.429657_417, 398955 # 400787 # -1 , 398955,400787,-1 ,2_417,2,417,00,GTG,4Base/6BMM,13-15bp,0.560,NODE_2_length_993264_cov_31.429657,mobileOG_000335625_NODE_2_length_993264_cov_31.429657
91,mobileOG_000332738|uvrC|WP_033637959.1|replication/recombination/repair|NA|Plasmid RefSeq|Homology,NODE_2_length_993264_cov_31.429657_417 # 398955 # 400787 # -1 # ID=2_417;partial=00;start_type=GTG;rbs_motif=4Base/6BMM;rbs_spacer=13-15bp;gc_cont=0.560,99.3,1189,610,0.0,611,1,610,1,610,mobileOG_000332738,uvrC,WP_033637959.1,replication/recombination/repair,NA,Plasmid RefSeq,Homology,NODE_2_length_993264_cov_31.429657_417, 398955 # 400787 # -1 , 398955,400787,-1 ,2_417,2,417,00,GTG,4Base/6BMM,13-15bp,0.560,NODE_2_length_993264_cov_31.429657,mobileOG_000332738_NODE_2_length_993264_cov_31.429657
92,mobileOG_000308880|nuc|WP_101453305.1|transfer|conjugation|Plasmid RefSeq|Homology,NODE_2_length_993264_cov_31.429657_454 # 434623 # 435423 # 1 # ID=2_454;partial=00;start_type=ATG;rbs_motif=GGAG/GAGG;rbs_spacer=5-10bp;gc_cont=0.600,99.6,536,266,8.70e-195,267,1,266,1,266,mobileOG_000308880,nuc,WP_101453305.1,transfer,conjugation,Plasmid RefSeq,Homology,NODE_2_length_993264_cov_31.429657_454, 434623 # 435423 # 1 , 434623,435423,1 ,2_454,2,454,00,ATG,GGAG/GAGG,5-10bp,0.600,NODE_2_length_993264_cov_31.429657,mobileOG_000308880_NODE_2_length_993264_cov_31.429657
93,mobileOG_000301576|nuc|WP_015377376.1|transfer|conjugation|Plasmid RefSeq|Homology,NODE_2_length_993264_cov_31.429657_454 # 434623 # 435423 # 1 # ID=2_454;partial=00;start_type=ATG;rbs_motif=GGAG/GAGG;rbs_spacer=5-10bp;gc_cont=0.600,99.2,535,266,1.76e-194,267,1,266,1,266,mobileOG_000301576,nuc,WP_015377376.1,transfer,conjugation,Plasmid RefSeq,Homology,NODE_2_length_993264_cov_31.429657_454, 434623 # 435423 # 1 , 434623,435423,1 ,2_454,2,454,00,ATG,GGAG/GAGG,5-10bp,0.600,NODE_2_length_993264_cov_31.429657,mobileOG_000301576_NODE_2_length_993264_cov_31.429657
94,mobileOG_000353886|ompA|WP_089197682.1|transfer|conjugation|Plasmid RefSeq|Homology,NODE_2_length_993264_cov_31.429657_475 # 454965 # 456044 # 1 # ID=2_475;partial=00;start_type=ATG;rbs_motif=GGAG/GAGG;rbs_spacer=5-10bp;gc_cont=0.539,96.4,692,360,1.60e-253,360,1,360,1,359,mobileOG_000353886,ompA,WP_089197682.1,transfer,conjugation,Plasmid RefSeq,Homology,NODE_2_length_993264_cov_31.429657_475, 454965 # 456044 # 1 , 454965,456044,1 ,2_475,2,475,00,ATG,GGAG/GAGG,5-10bp,0.539,NODE_2_length_993264_cov_31.429657,mobileOG_000353886_NODE_2_length_993264_cov_31.429657
95,mobileOG_000353891|ompA|WP_101456423.1|transfer|conjugation|Plasmid RefSeq|Homology,NODE_2_length_993264_cov_31.429657_475 # 454965 # 456044 # 1 # ID=2_475;partial=00;start_type=ATG;rbs_motif=GGAG/GAGG;rbs_spacer=5-10bp;gc_cont=0.539,93.1,656,356,2.91e-239,360,1,356,1,359,mobileOG_000353891,ompA,WP_101456423.1,transfer,conjugation,Plasmid RefSeq,Homology,NODE_2_length_993264_cov_31.429657_475, 454965 # 456044 # 1 , 454965,456044,1 ,2_475,2,475,00,ATG,GGAG/GAGG,5-10bp,0.539,NODE_2_length_993264_cov_31.429657,mobileOG_000353891_NODE_2_length_993264_cov_31.429657
96,"mobileOG_000353630|mukB|WP_089196851.1|replication/recombination/repair|transfer,partitioning|Plasmid RefSeq|Homology",NODE_2_length_993264_cov_31.429657_503 # 491224 # 495672 # -1 # ID=2_503;partial=00;start_type=ATG;rbs_motif=GGAG/GAGG;rbs_spacer=5-10bp;gc_cont=0.625,99.7,2629,1482,0.0,1483,1,1482,1,1482,mobileOG_000353630,mukB,WP_089196851.1,replication/recombination/repair,"transfer,partitioning",Plasmid RefSeq,Homology,NODE_2_length_993264_cov_31.429657_503, 491224 # 495672 # -1 , 491224,495672,-1 ,2_503,2,503,00,ATG,GGAG/GAGG,5-10bp,0.625,NODE_2_length_993264_cov_31.429657,mobileOG_000353630_NODE_2_length_993264_cov_31.429657
97,"mobileOG_000353987|mukB|WP_060428382.1|replication/recombination/repair|transfer,partitioning|Plasmid RefSeq|Homology",NODE_2_length_993264_cov_31.429657_503 # 491224 # 495672 # -1 # ID=2_503;partial=00;start_type=ATG;rbs_motif=GGAG/GAGG;rbs_spacer=5-10bp;gc_cont=0.625,98.9,2608,1482,0.0,1483,1,1482,1,1482,mobileOG_000353987,mukB,WP_060428382.1,replication/recombination/repair,"transfer,partitioning",Plasmid RefSeq,Homology,NODE_2_length_993264_cov_31.429657_503, 491224 # 495672 # -1 , 491224,495672,-1 ,2_503,2,503,00,ATG,GGAG/GAGG,5-10bp,0.625,NODE_2_length_993264_cov_31.429657,mobileOG_000353987_NODE_2_length_993264_cov_31.429657
98,mobileOG_000336293|mukF|WP_004928228.1|replication/recombination/repair|partitioning|Plasmid RefSeq|Homology,NODE_2_length_993264_cov_31.429657_505 # 496378 # 497700 # -1 # ID=2_505;partial=00;start_type=ATG;rbs_motif=AGGA;rbs_spacer=5-10bp;gc_cont=0.584,100,861,440,9.80e-318,441,1,440,1,440,mobileOG_000336293,mukF,WP_004928228.1,replication/recombination/repair,partitioning,Plasmid RefSeq,Homology,NODE_2_length_993264_cov_31.429657_505, 496378 # 497700 # -1 , 496378,497700,-1 ,2_505,2,505,00,ATG,AGGA,5-10bp,0.584,NODE_2_length_993264_cov_31.429657,mobileOG_000336293_NODE_2_length_993264_cov_31.429657
99,"mobileOG_000026493|ihfB|P23303|integration/excision|regulation,lysis/lysogeny|Plasmid RefSeq|Manual",NODE_2_length_993264_cov_31.429657_518 # 510929 # 511213 # -1 # ID=2_518;partial=00;start_type=ATG;rbs_motif=GGAGG;rbs_spacer=3-4bp;gc_cont=0.533,100,193,94,7.10e-65,95,1,94,1,94,mobileOG_000026493,ihfB,P23303,integration/excision,"regulation,lysis/lysogeny",Plasmid RefSeq,Manual,NODE_2_length_993264_cov_31.429657_518, 510929 # 511213 # -1 , 510929,511213,-1 ,2_518,2,518,00,ATG,GGAGG,3-4bp,0.533,NODE_2_length_993264_cov_31.429657,mobileOG_000026493_NODE_2_length_993264_cov_31.429657
100,"mobileOG_000025715|ihfB|WP_002898165.1|integration/excision|regulation,lysis/lysogeny|Plasmid RefSeq|Manual",NODE_2_length_993264_cov_31.429657_518 # 510929 # 511213 # -1 # ID=2_518;partial=00;start_type=ATG;rbs_motif=GGAGG;rbs_spacer=3-4bp;gc_cont=0.533,94.6,183,95,6.80e-61,95,1,93,1,93,mobileOG_000025715,ihfB,WP_002898165.1,integration/excision,"regulation,lysis/lysogeny",Plasmid RefSeq,Manual,NODE_2_length_993264_cov_31.429657_518, 510929 # 511213 # -1 , 510929,511213,-1 ,2_518,2,518,00,ATG,GGAGG,3-4bp,0.533,NODE_2_length_993264_cov_31.429657,mobileOG_000025715_NODE_2_length_993264_cov_31.429657
101,"mobileOG_000026072|ihfB|A6T704|integration/excision|regulation,lysis/lysogeny|Plasmid RefSeq|Manual",NODE_2_length_993264_cov_31.429657_518 # 510929 # 511213 # -1 # ID=2_518;partial=00;start_type=ATG;rbs_motif=GGAGG;rbs_spacer=3-4bp;gc_cont=0.533,94.6,183,95,6.80e-61,95,1,93,1,93,mobileOG_000026072,ihfB,A6T704,integration/excision,"regulation,lysis/lysogeny",Plasmid RefSeq,Manual,NODE_2_length_993264_cov_31.429657_518, 510929 # 511213 # -1 , 510929,511213,-1 ,2_518,2,518,00,ATG,GGAGG,3-4bp,0.533,NODE_2_length_993264_cov_31.429657,mobileOG_000026072_NODE_2_length_993264_cov_31.429657
102,mobileOG_000331284|ihfB|WP_003858233.1|integration/excision|NA|Plasmid RefSeq|Homology,NODE_2_length_993264_cov_31.429657_518 # 510929 # 511213 # -1 # ID=2_518;partial=00;start_type=ATG;rbs_motif=GGAGG;rbs_spacer=3-4bp;gc_cont=0.533,93.6,183,95,6.80e-61,95,1,94,1,94,mobileOG_000331284,ihfB,WP_003858233.1,integration/excision,NA,Plasmid RefSeq,Homology,NODE_2_length_993264_cov_31.429657_518, 510929 # 511213 # -1 , 510929,511213,-1 ,2_518,2,518,00,ATG,GGAGG,3-4bp,0.533,NODE_2_length_993264_cov_31.429657,mobileOG_000331284_NODE_2_length_993264_cov_31.429657
103,mobileOG_000282809|rarA|WP_072055887.1|replication/recombination/repair|NA|Plasmid RefSeq|Homology,NODE_2_length_993264_cov_31.429657_531 # 527693 # 529039 # -1 # ID=2_531;partial=00;start_type=GTG;rbs_motif=GGAG/GAGG;rbs_spacer=5-10bp;gc_cont=0.641,99.5,840,428,2.23e-309,449,1,428,21,448,mobileOG_000282809,rarA,WP_072055887.1,replication/recombination/repair,NA,Plasmid RefSeq,Homology,NODE_2_length_993264_cov_31.429657_531, 527693 # 529039 # -1 , 527693,529039,-1 ,2_531,2,531,00,GTG,GGAG/GAGG,5-10bp,0.641,NODE_2_length_993264_cov_31.429657,mobileOG_000282809_NODE_2_length_993264_cov_31.429657
104,mobileOG_000288172|rarA|WP_101456548.1|replication/recombination/repair|NA|Plasmid RefSeq|Homology,NODE_2_length_993264_cov_31.429657_531 # 527693 # 529039 # -1 # ID=2_531;partial=00;start_type=GTG;rbs_motif=GGAG/GAGG;rbs_spacer=5-10bp;gc_cont=0.641,98.8,835,428,3.03e-307,449,1,428,21,448,mobileOG_000288172,rarA,WP_101456548.1,replication/recombination/repair,NA,Plasmid RefSeq,Homology,NODE_2_length_993264_cov_31.429657_531, 527693 # 529039 # -1 , 527693,529039,-1 ,2_531,2,531,00,GTG,GGAG/GAGG,5-10bp,0.641,NODE_2_length_993264_cov_31.429657,mobileOG_000288172_NODE_2_length_993264_cov_31.429657
105,"mobileOG_000368499|clpA|WP_004928343.1|phage|infection,regulation|Plasmid RefSeq|Homology",NODE_2_length_993264_cov_31.429657_540 # 540759 # 543038 # -1 # ID=2_540;partial=00;start_type=ATG;rbs_motif=GGAGG;rbs_spacer=5-10bp;gc_cont=0.610,100,1462,759,0.0,760,1,759,1,759,mobileOG_000368499,clpA,WP_004928343.1,phage,"infection,regulation",Plasmid RefSeq,Homology,NODE_2_length_993264_cov_31.429657_540, 540759 # 543038 # -1 , 540759,543038,-1 ,2_540,2,540,00,ATG,GGAGG,5-10bp,0.610,NODE_2_length_993264_cov_31.429657,mobileOG_000368499_NODE_2_length_993264_cov_31.429657
106,"mobileOG_000351484|clpA|WP_025302261.1|phage|infection,regulation|Plasmid RefSeq|Homology",NODE_2_length_993264_cov_31.429657_540 # 540759 # 543038 # -1 # ID=2_540;partial=00;start_type=ATG;rbs_motif=GGAGG;rbs_spacer=5-10bp;gc_cont=0.610,99.9,1461,759,0.0,760,1,759,1,759,mobileOG_000351484,clpA,WP_025302261.1,phage,"infection,regulation",Plasmid RefSeq,Homology,NODE_2_length_993264_cov_31.429657_540, 540759 # 543038 # -1 , 540759,543038,-1 ,2_540,2,540,00,ATG,GGAGG,5-10bp,0.610,NODE_2_length_993264_cov_31.429657,mobileOG_000351484_NODE_2_length_993264_cov_31.429657
107,"mobileOG_000288401|clpA|WP_002896522.1|phage|infection,regulation|Plasmid RefSeq|Homology",NODE_2_length_993264_cov_31.429657_540 # 540759 # 543038 # -1 # ID=2_540;partial=00;start_type=ATG;rbs_motif=GGAGG;rbs_spacer=5-10bp;gc_cont=0.610,90.9,1334,759,0.0,760,1,756,1,754,mobileOG_000288401,clpA,WP_002896522.1,phage,"infection,regulation",Plasmid RefSeq,Homology,NODE_2_length_993264_cov_31.429657_540, 540759 # 543038 # -1 , 540759,543038,-1 ,2_540,2,540,00,ATG,GGAGG,5-10bp,0.610,NODE_2_length_993264_cov_31.429657,mobileOG_000288401_NODE_2_length_993264_cov_31.429657
108,"mobileOG_000021815|clpA|A0A5R8T0B6|phage|infection,regulation|GPD|Manual",NODE_2_length_993264_cov_31.429657_540 # 540759 # 543038 # -1 # ID=2_540;partial=00;start_type=ATG;rbs_motif=GGAGG;rbs_spacer=5-10bp;gc_cont=0.610,90.7,1333,758,0.0,760,1,755,1,754,mobileOG_000021815,clpA,A0A5R8T0B6,phage,"infection,regulation",GPD,Manual,NODE_2_length_993264_cov_31.429657_540, 540759 # 543038 # -1 , 540759,543038,-1 ,2_540,2,540,00,ATG,GGAGG,5-10bp,0.610,NODE_2_length_993264_cov_31.429657,mobileOG_000021815_NODE_2_length_993264_cov_31.429657
109,"mobileOG_000288430|clpA|WP_006809407.1|phage|infection,regulation|Plasmid RefSeq|Homology",NODE_2_length_993264_cov_31.429657_540 # 540759 # 543038 # -1 # ID=2_540;partial=00;start_type=ATG;rbs_motif=GGAGG;rbs_spacer=5-10bp;gc_cont=0.610,90.6,1332,759,0.0,760,1,756,1,754,mobileOG_000288430,clpA,WP_006809407.1,phage,"infection,regulation",Plasmid RefSeq,Homology,NODE_2_length_993264_cov_31.429657_540, 540759 # 543038 # -1 , 540759,543038,-1 ,2_540,2,540,00,ATG,GGAGG,5-10bp,0.610,NODE_2_length_993264_cov_31.429657,mobileOG_000288430_NODE_2_length_993264_cov_31.429657
110,mobileOG_000368500|clpS|WP_004928347.1|phage|replication/recombination/repair|Plasmid RefSeq|Homology,NODE_2_length_993264_cov_31.429657_541 # 543066 # 543386 # -1 # ID=2_541;partial=00;start_type=ATG;rbs_motif=GGA/GAG/AGG;rbs_spacer=5-10bp;gc_cont=0.455,100,221,106,1.24e-75,107,1,106,1,106,mobileOG_000368500,clpS,WP_004928347.1,phage,replication/recombination/repair,Plasmid RefSeq,Homology,NODE_2_length_993264_cov_31.429657_541, 543066 # 543386 # -1 , 543066,543386,-1 ,2_541,2,541,00,ATG,GGA/GAG/AGG,5-10bp,0.455,NODE_2_length_993264_cov_31.429657,mobileOG_000368500_NODE_2_length_993264_cov_31.429657
111,"mobileOG_000352228|copR|WP_021504273.1|transfer|conjugation,relaxosome|Plasmid RefSeq|Homology",NODE_2_length_993264_cov_31.429657_731 # 748307 # 748978 # -1 # ID=2_731;partial=00;start_type=ATG;rbs_motif=GGAG/GAGG;rbs_spacer=5-10bp;gc_cont=0.601,98.7,439,223,4.12e-158,224,1,223,1,223,mobileOG_000352228,copR,WP_021504273.1,transfer,"conjugation,relaxosome",Plasmid RefSeq,Homology,NODE_2_length_993264_cov_31.429657_731, 748307 # 748978 # -1 , 748307,748978,-1 ,2_731,2,731,00,ATG,GGAG/GAGG,5-10bp,0.601,NODE_2_length_993264_cov_31.429657,mobileOG_000352228_NODE_2_length_993264_cov_31.429657
112,"mobileOG_000352240|copR|WP_033637675.1|transfer|conjugation,relaxosome|Plasmid RefSeq|Homology",NODE_2_length_993264_cov_31.429657_731 # 748307 # 748978 # -1 # ID=2_731;partial=00;start_type=ATG;rbs_motif=GGAG/GAGG;rbs_spacer=5-10bp;gc_cont=0.601,97.8,436,223,1.38e-156,224,1,223,1,223,mobileOG_000352240,copR,WP_033637675.1,transfer,"conjugation,relaxosome",Plasmid RefSeq,Homology,NODE_2_length_993264_cov_31.429657_731, 748307 # 748978 # -1 , 748307,748978,-1 ,2_731,2,731,00,ATG,GGAG/GAGG,5-10bp,0.601,NODE_2_length_993264_cov_31.429657,mobileOG_000352240_NODE_2_length_993264_cov_31.429657
113,mobileOG_000343904|tnp|WP_128383108.1|integration/excision|NA|Plasmid RefSeq|Homology,NODE_2_length_993264_cov_31.429657_766 # 780557 # 781642 # 1 # ID=2_766;partial=00;start_type=ATG;rbs_motif=GGA/GAG/AGG;rbs_spacer=5-10bp;gc_cont=0.587,95.3,732,407,1.42e-268,362,47,407,1,361,mobileOG_000343904,tnp,WP_128383108.1,integration/excision,NA,Plasmid RefSeq,Homology,NODE_2_length_993264_cov_31.429657_766, 780557 # 781642 # 1 , 780557,781642,1 ,2_766,2,766,00,ATG,GGA/GAG/AGG,5-10bp,0.587,NODE_2_length_993264_cov_31.429657,mobileOG_000343904_NODE_2_length_993264_cov_31.429657
114,mobileOG_000750269|NA:Keyword|WP_128383108.1|integration/excision|NA|Plasmid RefSeq|Keyword Search,NODE_2_length_993264_cov_31.429657_766 # 780557 # 781642 # 1 # ID=2_766;partial=00;start_type=ATG;rbs_motif=GGA/GAG/AGG;rbs_spacer=5-10bp;gc_cont=0.587,95.3,732,414,1.85e-268,362,54,414,1,361,mobileOG_000750269,NA:Keyword,WP_128383108.1,integration/excision,NA,Plasmid RefSeq,Keyword Search,NODE_2_length_993264_cov_31.429657_766, 780557 # 781642 # 1 , 780557,781642,1 ,2_766,2,766,00,ATG,GGA/GAG/AGG,5-10bp,0.587,NODE_2_length_993264_cov_31.429657,mobileOG_000750269_NODE_2_length_993264_cov_31.429657
115,mobileOG_000316302|tnp|WP_121097644.1|integration/excision|NA|Plasmid RefSeq|Homology,NODE_2_length_993264_cov_31.429657_766 # 780557 # 781642 # 1 # ID=2_766;partial=00;start_type=ATG;rbs_motif=GGA/GAG/AGG;rbs_spacer=5-10bp;gc_cont=0.587,94.5,728,407,6.76e-267,362,47,407,1,361,mobileOG_000316302,tnp,WP_121097644.1,integration/excision,NA,Plasmid RefSeq,Homology,NODE_2_length_993264_cov_31.429657_766, 780557 # 781642 # 1 , 780557,781642,1 ,2_766,2,766,00,ATG,GGA/GAG/AGG,5-10bp,0.587,NODE_2_length_993264_cov_31.429657,mobileOG_000316302_NODE_2_length_993264_cov_31.429657
116,mobileOG_000340472|tnp|WP_142816584.1|integration/excision|NA|Plasmid RefSeq|Homology,NODE_2_length_993264_cov_31.429657_766 # 780557 # 781642 # 1 # ID=2_766;partial=00;start_type=ATG;rbs_motif=GGA/GAG/AGG;rbs_spacer=5-10bp;gc_cont=0.587,93.4,721,407,5.32e-264,362,47,407,1,361,mobileOG_000340472,tnp,WP_142816584.1,integration/excision,NA,Plasmid RefSeq,Homology,NODE_2_length_993264_cov_31.429657_766, 780557 # 781642 # 1 , 780557,781642,1 ,2_766,2,766,00,ATG,GGA/GAG/AGG,5-10bp,0.587,NODE_2_length_993264_cov_31.429657,mobileOG_000340472_NODE_2_length_993264_cov_31.429657
117,mobileOG_000370713|tnp|WP_166479509.1|integration/excision|NA|Plasmid RefSeq|Homology,NODE_2_length_993264_cov_31.429657_766 # 780557 # 781642 # 1 # ID=2_766;partial=00;start_type=ATG;rbs_motif=GGA/GAG/AGG;rbs_spacer=5-10bp;gc_cont=0.587,93.6,720,407,7.55e-264,362,47,407,1,361,mobileOG_000370713,tnp,WP_166479509.1,integration/excision,NA,Plasmid RefSeq,Homology,NODE_2_length_993264_cov_31.429657_766, 780557 # 781642 # 1 , 780557,781642,1 ,2_766,2,766,00,ATG,GGA/GAG/AGG,5-10bp,0.587,NODE_2_length_993264_cov_31.429657,mobileOG_000370713_NODE_2_length_993264_cov_31.429657
118,mobileOG_000340469|tnp|WP_142816538.1|integration/excision|NA|Plasmid RefSeq|Homology,NODE_2_length_993264_cov_31.429657_766 # 780557 # 781642 # 1 # ID=2_766;partial=00;start_type=ATG;rbs_motif=GGA/GAG/AGG;rbs_spacer=5-10bp;gc_cont=0.587,93.9,717,407,1.25e-262,362,47,407,1,361,mobileOG_000340469,tnp,WP_142816538.1,integration/excision,NA,Plasmid RefSeq,Homology,NODE_2_length_993264_cov_31.429657_766, 780557 # 781642 # 1 , 780557,781642,1 ,2_766,2,766,00,ATG,GGA/GAG/AGG,5-10bp,0.587,NODE_2_length_993264_cov_31.429657,mobileOG_000340469_NODE_2_length_993264_cov_31.429657
119,mobileOG_000289775|tnp|WP_166479509.1|integration/excision|NA|Plasmid RefSeq|Homology,NODE_2_length_993264_cov_31.429657_766 # 780557 # 781642 # 1 # ID=2_766;partial=00;start_type=ATG;rbs_motif=GGA/GAG/AGG;rbs_spacer=5-10bp;gc_cont=0.587,92.8,713,407,5.94e-261,362,47,407,1,361,mobileOG_000289775,tnp,WP_166479509.1,integration/excision,NA,Plasmid RefSeq,Homology,NODE_2_length_993264_cov_31.429657_766, 780557 # 781642 # 1 , 780557,781642,1 ,2_766,2,766,00,ATG,GGA/GAG/AGG,5-10bp,0.587,NODE_2_length_993264_cov_31.429657,mobileOG_000289775_NODE_2_length_993264_cov_31.429657
120,mobileOG_000344088|tnp|WP_059202108.1|integration/excision|NA|Plasmid RefSeq|Homology,NODE_2_length_993264_cov_31.429657_766 # 780557 # 781642 # 1 # ID=2_766;partial=00;start_type=ATG;rbs_motif=GGA/GAG/AGG;rbs_spacer=5-10bp;gc_cont=0.587,92.7,712,404,1.07e-260,362,47,404,1,358,mobileOG_000344088,tnp,WP_059202108.1,integration/excision,NA,Plasmid RefSeq,Homology,NODE_2_length_993264_cov_31.429657_766, 780557 # 781642 # 1 , 780557,781642,1 ,2_766,2,766,00,ATG,GGA/GAG/AGG,5-10bp,0.587,NODE_2_length_993264_cov_31.429657,mobileOG_000344088_NODE_2_length_993264_cov_31.429657
121,mobileOG_000340116|tnp|WP_142076322.1|integration/excision|NA|Plasmid RefSeq|Homology,NODE_2_length_993264_cov_31.429657_766 # 780557 # 781642 # 1 # ID=2_766;partial=00;start_type=ATG;rbs_motif=GGA/GAG/AGG;rbs_spacer=5-10bp;gc_cont=0.587,92.5,711,407,4.87e-260,362,47,407,1,361,mobileOG_000340116,tnp,WP_142076322.1,integration/excision,NA,Plasmid RefSeq,Homology,NODE_2_length_993264_cov_31.429657_766, 780557 # 781642 # 1 , 780557,781642,1 ,2_766,2,766,00,ATG,GGA/GAG/AGG,5-10bp,0.587,NODE_2_length_993264_cov_31.429657,mobileOG_000340116_NODE_2_length_993264_cov_31.429657
122,mobileOG_000370713|tnp|WP_166479509.1|integration/excision|NA|Plasmid RefSeq|Homology,NODE_2_length_993264_cov_31.429657_770 # 785566 # 786807 # 1 # ID=2_770;partial=00;start_type=ATG;rbs_motif=None;rbs_spacer=None;gc_cont=0.586,93.4,802,407,2.12e-295,414,1,401,1,407,mobileOG_000370713,tnp,WP_166479509.1,integration/excision,NA,Plasmid RefSeq,Homology,NODE_2_length_993264_cov_31.429657_770, 785566 # 786807 # 1 , 785566,786807,1 ,2_770,2,770,00,ATG,None,None,0.586,NODE_2_length_993264_cov_31.429657,mobileOG_000370713_NODE_2_length_993264_cov_31.429657
123,mobileOG_000289775|tnp|WP_166479509.1|integration/excision|NA|Plasmid RefSeq|Homology,NODE_2_length_993264_cov_31.429657_770 # 785566 # 786807 # 1 # ID=2_770;partial=00;start_type=ATG;rbs_motif=None;rbs_spacer=None;gc_cont=0.586,92.6,795,407,1.67e-292,414,1,401,1,407,mobileOG_000289775,tnp,WP_166479509.1,integration/excision,NA,Plasmid RefSeq,Homology,NODE_2_length_993264_cov_31.429657_770, 785566 # 786807 # 1 , 785566,786807,1 ,2_770,2,770,00,ATG,None,None,0.586,NODE_2_length_993264_cov_31.429657,mobileOG_000289775_NODE_2_length_993264_cov_31.429657
124,mobileOG_000340116|tnp|WP_142076322.1|integration/excision|NA|Plasmid RefSeq|Homology,NODE_2_length_993264_cov_31.429657_770 # 785566 # 786807 # 1 # ID=2_770;partial=00;start_type=ATG;rbs_motif=None;rbs_spacer=None;gc_cont=0.586,92.4,793,407,1.37e-291,414,1,401,1,407,mobileOG_000340116,tnp,WP_142076322.1,integration/excision,NA,Plasmid RefSeq,Homology,NODE_2_length_993264_cov_31.429657_770, 785566 # 786807 # 1 , 785566,786807,1 ,2_770,2,770,00,ATG,None,None,0.586,NODE_2_length_993264_cov_31.429657,mobileOG_000340116_NODE_2_length_993264_cov_31.429657
125,mobileOG_000340472|tnp|WP_142816584.1|integration/excision|NA|Plasmid RefSeq|Homology,NODE_2_length_993264_cov_31.429657_770 # 785566 # 786807 # 1 # ID=2_770;partial=00;start_type=ATG;rbs_motif=None;rbs_spacer=None;gc_cont=0.586,91.6,792,407,1.95e-291,414,1,401,1,407,mobileOG_000340472,tnp,WP_142816584.1,integration/excision,NA,Plasmid RefSeq,Homology,NODE_2_length_993264_cov_31.429657_770, 785566 # 786807 # 1 , 785566,786807,1 ,2_770,2,770,00,ATG,None,None,0.586,NODE_2_length_993264_cov_31.429657,mobileOG_000340472_NODE_2_length_993264_cov_31.429657
126,mobileOG_000343904|tnp|WP_128383108.1|integration/excision|NA|Plasmid RefSeq|Homology,NODE_2_length_993264_cov_31.429657_770 # 785566 # 786807 # 1 # ID=2_770;partial=00;start_type=ATG;rbs_motif=None;rbs_spacer=None;gc_cont=0.586,91.2,789,407,3.23e-290,414,1,401,1,407,mobileOG_000343904,tnp,WP_128383108.1,integration/excision,NA,Plasmid RefSeq,Homology,NODE_2_length_993264_cov_31.429657_770, 785566 # 786807 # 1 , 785566,786807,1 ,2_770,2,770,00,ATG,None,None,0.586,NODE_2_length_993264_cov_31.429657,mobileOG_000343904_NODE_2_length_993264_cov_31.429657
127,mobileOG_000750269|NA:Keyword|WP_128383108.1|integration/excision|NA|Plasmid RefSeq|Keyword Search,NODE_2_length_993264_cov_31.429657_770 # 785566 # 786807 # 1 # ID=2_770;partial=00;start_type=ATG;rbs_motif=None;rbs_spacer=None;gc_cont=0.586,91.2,789,414,4.21e-290,414,8,408,1,407,mobileOG_000750269,NA:Keyword,WP_128383108.1,integration/excision,NA,Plasmid RefSeq,Keyword Search,NODE_2_length_993264_cov_31.429657_770, 785566 # 786807 # 1 , 785566,786807,1 ,2_770,2,770,00,ATG,None,None,0.586,NODE_2_length_993264_cov_31.429657,mobileOG_000750269_NODE_2_length_993264_cov_31.429657
128,mobileOG_000316302|tnp|WP_121097644.1|integration/excision|NA|Plasmid RefSeq|Homology,NODE_2_length_993264_cov_31.429657_770 # 785566 # 786807 # 1 # ID=2_770;partial=00;start_type=ATG;rbs_motif=None;rbs_spacer=None;gc_cont=0.586,91.2,788,407,6.52e-290,414,1,401,1,407,mobileOG_000316302,tnp,WP_121097644.1,integration/excision,NA,Plasmid RefSeq,Homology,NODE_2_length_993264_cov_31.429657_770, 785566 # 786807 # 1 , 785566,786807,1 ,2_770,2,770,00,ATG,None,None,0.586,NODE_2_length_993264_cov_31.429657,mobileOG_000316302_NODE_2_length_993264_cov_31.429657
129,mobileOG_000340469|tnp|WP_142816538.1|integration/excision|NA|Plasmid RefSeq|Homology,NODE_2_length_993264_cov_31.429657_770 # 785566 # 786807 # 1 # ID=2_770;partial=00;start_type=ATG;rbs_motif=None;rbs_spacer=None;gc_cont=0.586,90.7,783,407,8.87e-288,414,1,401,1,407,mobileOG_000340469,tnp,WP_142816538.1,integration/excision,NA,Plasmid RefSeq,Homology,NODE_2_length_993264_cov_31.429657_770, 785566 # 786807 # 1 , 785566,786807,1 ,2_770,2,770,00,ATG,None,None,0.586,NODE_2_length_993264_cov_31.429657,mobileOG_000340469_NODE_2_length_993264_cov_31.429657
130,mobileOG_000756825|NA:Keyword|WP_033646967.1|stability/transfer/defense|NA|Plasmid RefSeq|Keyword Search,NODE_2_length_993264_cov_31.429657_827 # 839059 # 839322 # 1 # ID=2_827;partial=00;start_type=ATG;rbs_motif=AGGAGG;rbs_spacer=3-4bp;gc_cont=0.561,97.7,165,87,5.91e-54,88,1,87,1,87,mobileOG_000756825,NA:Keyword,WP_033646967.1,stability/transfer/defense,NA,Plasmid RefSeq,Keyword Search,NODE_2_length_993264_cov_31.429657_827, 839059 # 839322 # 1 , 839059,839322,1 ,2_827,2,827,00,ATG,AGGAGG,3-4bp,0.561,NODE_2_length_993264_cov_31.429657,mobileOG_000756825_NODE_2_length_993264_cov_31.429657
131,mobileOG_000743825|NA:Keyword|WP_033642335.1|stability/transfer/defense|NA|Plasmid RefSeq|Keyword Search,NODE_2_length_993264_cov_31.429657_828 # 839307 # 839606 # 1 # ID=2_828;partial=00;start_type=ATG;rbs_motif=AGGA/GGAG/GAGG;rbs_spacer=11-12bp;gc_cont=0.527,99.0,203,99,1.10e-68,100,1,99,1,99,mobileOG_000743825,NA:Keyword,WP_033642335.1,stability/transfer/defense,NA,Plasmid RefSeq,Keyword Search,NODE_2_length_993264_cov_31.429657_828, 839307 # 839606 # 1 , 839307,839606,1 ,2_828,2,828,00,ATG,AGGA/GGAG/GAGG,11-12bp,0.527,NODE_2_length_993264_cov_31.429657,mobileOG_000743825_NODE_2_length_993264_cov_31.429657
132,mobileOG_000363799|parA_1|WP_016928620.1|replication/recombination/repair|transfer|Plasmid RefSeq|Homology,NODE_2_length_993264_cov_31.429657_871 # 884171 # 884806 # 1 # ID=2_871;partial=00;start_type=ATG;rbs_motif=GGA/GAG/AGG;rbs_spacer=5-10bp;gc_cont=0.561,100,417,211,1.14e-149,212,1,211,1,211,mobileOG_000363799,parA_1,WP_016928620.1,replication/recombination/repair,transfer,Plasmid RefSeq,Homology,NODE_2_length_993264_cov_31.429657_871, 884171 # 884806 # 1 , 884171,884806,1 ,2_871,2,871,00,ATG,GGA/GAG/AGG,5-10bp,0.561,NODE_2_length_993264_cov_31.429657,mobileOG_000363799_NODE_2_length_993264_cov_31.429657
133,mobileOG_000361588|parA_1|WP_033637564.1|replication/recombination/repair|transfer|Plasmid RefSeq|Homology,NODE_2_length_993264_cov_31.429657_871 # 884171 # 884806 # 1 # ID=2_871;partial=00;start_type=ATG;rbs_motif=GGA/GAG/AGG;rbs_spacer=5-10bp;gc_cont=0.561,99.1,414,211,2.69e-148,212,1,211,1,211,mobileOG_000361588,parA_1,WP_033637564.1,replication/recombination/repair,transfer,Plasmid RefSeq,Homology,NODE_2_length_993264_cov_31.429657_871, 884171 # 884806 # 1 , 884171,884806,1 ,2_871,2,871,00,ATG,GGA/GAG/AGG,5-10bp,0.561,NODE_2_length_993264_cov_31.429657,mobileOG_000361588_NODE_2_length_993264_cov_31.429657
134,mobileOG_000351489|uvrB|WP_033642236.1|replication/recombination/repair|NA|Plasmid RefSeq|Homology,NODE_2_length_993264_cov_31.429657_946 # 956413 # 958425 # -1 # ID=2_946;partial=00;start_type=ATG;rbs_motif=GGA/GAG/AGG;rbs_spacer=11-12bp;gc_cont=0.617,100,1280,670,0.0,671,1,670,1,670,mobileOG_000351489,uvrB,WP_033642236.1,replication/recombination/repair,NA,Plasmid RefSeq,Homology,NODE_2_length_993264_cov_31.429657_946, 956413 # 958425 # -1 , 956413,958425,-1 ,2_946,2,946,00,ATG,GGA/GAG/AGG,11-12bp,0.617,NODE_2_length_993264_cov_31.429657,mobileOG_000351489_NODE_2_length_993264_cov_31.429657
135,mobileOG_000331659|uvrB|WP_033647115.1|replication/recombination/repair|NA|Plasmid RefSeq|Homology,NODE_2_length_993264_cov_31.429657_946 # 956413 # 958425 # -1 # ID=2_946;partial=00;start_type=ATG;rbs_motif=GGA/GAG/AGG;rbs_spacer=11-12bp;gc_cont=0.617,98.5,1265,670,0.0,671,1,670,1,670,mobileOG_000331659,uvrB,WP_033647115.1,replication/recombination/repair,NA,Plasmid RefSeq,Homology,NODE_2_length_993264_cov_31.429657_946, 956413 # 958425 # -1 , 956413,958425,-1 ,2_946,2,946,00,ATG,GGA/GAG/AGG,11-12bp,0.617,NODE_2_length_993264_cov_31.429657,mobileOG_000331659_NODE_2_length_993264_cov_31.429657
136,mobileOG_000745154|NA:Keyword|WP_101453415.1|transfer|NA|Plasmid RefSeq|Keyword Search,NODE_2_length_993264_cov_31.429657_966 # 975824 # 976642 # 1 # ID=2_966;partial=00;start_type=ATG;rbs_motif=GGA/GAG/AGG;rbs_spacer=5-10bp;gc_cont=0.626,99.6,537,272,4.83e-195,273,1,272,1,272,mobileOG_000745154,NA:Keyword,WP_101453415.1,transfer,NA,Plasmid RefSeq,Keyword Search,NODE_2_length_993264_cov_31.429657_966, 975824 # 976642 # 1 , 975824,976642,1 ,2_966,2,966,00,ATG,GGA/GAG/AGG,5-10bp,0.626,NODE_2_length_993264_cov_31.429657,mobileOG_000745154_NODE_2_length_993264_cov_31.429657
137,"mobileOG_000327600|fxsA|WP_033636764.1|phage|replication,transfer|Plasmid RefSeq|Homology",NODE_3_length_509027_cov_39.262778_7 # 6337 # 6825 # 1 # ID=3_7;partial=00;start_type=GTG;rbs_motif=AGGAG;rbs_spacer=5-10bp;gc_cont=0.599,98.1,293,162,3.45e-102,163,1,162,1,162,mobileOG_000327600,fxsA,WP_033636764.1,phage,"replication,transfer",Plasmid RefSeq,Homology,NODE_3_length_509027_cov_39.262778_7, 6337 # 6825 # 1 , 6337,6825,1 ,3_7,3,7,00,GTG,AGGAG,5-10bp,0.599,NODE_3_length_509027_cov_39.262778,mobileOG_000327600_NODE_3_length_509027_cov_39.262778
138,mobileOG_000351473|groS|EBJ67183.1|phage|structural|Plasmid RefSeq|Homology,NODE_3_length_509027_cov_39.262778_8 # 7015 # 7308 # 1 # ID=3_8;partial=00;start_type=ATG;rbs_motif=AGGAG;rbs_spacer=5-10bp;gc_cont=0.500,100,184,97,4.06e-61,98,1,97,1,97,mobileOG_000351473,groS,EBJ67183.1,phage,structural,Plasmid RefSeq,Homology,NODE_3_length_509027_cov_39.262778_8, 7015 # 7308 # 1 , 7015,7308,1 ,3_8,3,8,00,ATG,AGGAG,5-10bp,0.500,NODE_3_length_509027_cov_39.262778,mobileOG_000351473_NODE_3_length_509027_cov_39.262778
139,mobileOG_000340853|groS|WP_003855929.1|phage|structural|Plasmid RefSeq|Homology,NODE_3_length_509027_cov_39.262778_8 # 7015 # 7308 # 1 # ID=3_8;partial=00;start_type=ATG;rbs_motif=AGGAG;rbs_spacer=5-10bp;gc_cont=0.500,91.8,176,97,9.22e-58,98,1,97,1,97,mobileOG_000340853,groS,WP_003855929.1,phage,structural,Plasmid RefSeq,Homology,NODE_3_length_509027_cov_39.262778_8, 7015 # 7308 # 1 , 7015,7308,1 ,3_8,3,8,00,ATG,AGGAG,5-10bp,0.500,NODE_3_length_509027_cov_39.262778,mobileOG_000340853_NODE_3_length_509027_cov_39.262778
140,mobileOG_000317451|groS|A0A422X382|phage|structural|Plasmid RefSeq|Homology,NODE_3_length_509027_cov_39.262778_8 # 7015 # 7308 # 1 # ID=3_8;partial=00;start_type=ATG;rbs_motif=AGGAG;rbs_spacer=5-10bp;gc_cont=0.500,91.8,175,97,1.31e-57,98,1,97,1,97,mobileOG_000317451,groS,A0A422X382,phage,structural,Plasmid RefSeq,Homology,NODE_3_length_509027_cov_39.262778_8, 7015 # 7308 # 1 , 7015,7308,1 ,3_8,3,8,00,ATG,AGGAG,5-10bp,0.500,NODE_3_length_509027_cov_39.262778,mobileOG_000317451_NODE_3_length_509027_cov_39.262778
141,mobileOG_000330918|groS|WP_004240601.1|phage|structural|Plasmid RefSeq|Homology,NODE_3_length_509027_cov_39.262778_8 # 7015 # 7308 # 1 # ID=3_8;partial=00;start_type=ATG;rbs_motif=AGGAG;rbs_spacer=5-10bp;gc_cont=0.500,90.7,172,97,3.09e-56,98,1,97,1,97,mobileOG_000330918,groS,WP_004240601.1,phage,structural,Plasmid RefSeq,Homology,NODE_3_length_509027_cov_39.262778_8, 7015 # 7308 # 1 , 7015,7308,1 ,3_8,3,8,00,ATG,AGGAG,5-10bp,0.500,NODE_3_length_509027_cov_39.262778,mobileOG_000330918_NODE_3_length_509027_cov_39.262778
142,"mobileOG_000355278|groL|WP_004929662.1|phage|replication,chaperone|Plasmid RefSeq|Homology",NODE_3_length_509027_cov_39.262778_9 # 7353 # 8999 # 1 # ID=3_9;partial=00;start_type=ATG;rbs_motif=GGA/GAG/AGG;rbs_spacer=5-10bp;gc_cont=0.577,100,987,548,0.0,549,1,548,1,548,mobileOG_000355278,groL,WP_004929662.1,phage,"replication,chaperone",Plasmid RefSeq,Homology,NODE_3_length_509027_cov_39.262778_9, 7353 # 8999 # 1 , 7353,8999,1 ,3_9,3,9,00,ATG,GGA/GAG/AGG,5-10bp,0.577,NODE_3_length_509027_cov_39.262778,mobileOG_000355278_NODE_3_length_509027_cov_39.262778
143,"mobileOG_000290240|groL|WP_000729117.1|phage|replication,chaperone|Plasmid RefSeq|Homology",NODE_3_length_509027_cov_39.262778_9 # 7353 # 8999 # 1 # ID=3_9;partial=00;start_type=ATG;rbs_motif=GGA/GAG/AGG;rbs_spacer=5-10bp;gc_cont=0.577,94.3,934,548,0.0,549,1,548,1,548,mobileOG_000290240,groL,WP_000729117.1,phage,"replication,chaperone",Plasmid RefSeq,Homology,NODE_3_length_509027_cov_39.262778_9, 7353 # 8999 # 1 , 7353,8999,1 ,3_9,3,9,00,ATG,GGA/GAG/AGG,5-10bp,0.577,NODE_3_length_509027_cov_39.262778,mobileOG_000290240_NODE_3_length_509027_cov_39.262778
144,"mobileOG_000289036|groL|WP_008807218.1|phage|replication,chaperone|Plasmid RefSeq|Homology",NODE_3_length_509027_cov_39.262778_9 # 7353 # 8999 # 1 # ID=3_9;partial=00;start_type=ATG;rbs_motif=GGA/GAG/AGG;rbs_spacer=5-10bp;gc_cont=0.577,93.2,932,548,0.0,549,1,548,1,548,mobileOG_000289036,groL,WP_008807218.1,phage,"replication,chaperone",Plasmid RefSeq,Homology,NODE_3_length_509027_cov_39.262778_9, 7353 # 8999 # 1 , 7353,8999,1 ,3_9,3,9,00,ATG,GGA/GAG/AGG,5-10bp,0.577,NODE_3_length_509027_cov_39.262778,mobileOG_000289036_NODE_3_length_509027_cov_39.262778
145,"mobileOG_000026160|groL|A0A0W8A593|phage|replication,chaperone|Plasmid RefSeq|Manual",NODE_3_length_509027_cov_39.262778_9 # 7353 # 8999 # 1 # ID=3_9;partial=00;start_type=ATG;rbs_motif=GGA/GAG/AGG;rbs_spacer=5-10bp;gc_cont=0.577,93.2,931,548,0.0,549,1,548,1,548,mobileOG_000026160,groL,A0A0W8A593,phage,"replication,chaperone",Plasmid RefSeq,Manual,NODE_3_length_509027_cov_39.262778_9, 7353 # 8999 # 1 , 7353,8999,1 ,3_9,3,9,00,ATG,GGA/GAG/AGG,5-10bp,0.577,NODE_3_length_509027_cov_39.262778,mobileOG_000026160_NODE_3_length_509027_cov_39.262778
146,"mobileOG_000355550|groL|WP_101473286.1|phage|replication,chaperone|Plasmid RefSeq|Homology",NODE_3_length_509027_cov_39.262778_9 # 7353 # 8999 # 1 # ID=3_9;partial=00;start_type=ATG;rbs_motif=GGA/GAG/AGG;rbs_spacer=5-10bp;gc_cont=0.577,93.1,931,548,0.0,549,1,548,1,548,mobileOG_000355550,groL,WP_101473286.1,phage,"replication,chaperone",Plasmid RefSeq,Homology,NODE_3_length_509027_cov_39.262778_9, 7353 # 8999 # 1 , 7353,8999,1 ,3_9,3,9,00,ATG,GGA/GAG/AGG,5-10bp,0.577,NODE_3_length_509027_cov_39.262778,mobileOG_000355550_NODE_3_length_509027_cov_39.262778
147,mobileOG_000363951|ecnB|WP_019453400.1|stability/transfer/defense|NA|Plasmid RefSeq|Homology,NODE_3_length_509027_cov_39.262778_13 # 11508 # 11639 # 1 # ID=3_13;partial=00;start_type=ATG;rbs_motif=None;rbs_spacer=None;gc_cont=0.561,97.7,82.8,43,1.90e-22,44,1,43,1,43,mobileOG_000363951,ecnB,WP_019453400.1,stability/transfer/defense,NA,Plasmid RefSeq,Homology,NODE_3_length_509027_cov_39.262778_13, 11508 # 11639 # 1 , 11508,11639,1 ,3_13,3,13,00,ATG,None,None,0.561,NODE_3_length_509027_cov_39.262778,mobileOG_000363951_NODE_3_length_509027_cov_39.262778
148,mobileOG_000325588|mutL|WP_101456617.1|replication/recombination/repair|NA|Plasmid RefSeq|Homology,NODE_3_length_509027_cov_39.262778_30 # 29735 # 31618 # 1 # ID=3_30;partial=00;start_type=ATG;rbs_motif=AGGAG;rbs_spacer=5-10bp;gc_cont=0.636,93.8,1148,627,0.0,628,1,627,1,627,mobileOG_000325588,mutL,WP_101456617.1,replication/recombination/repair,NA,Plasmid RefSeq,Homology,NODE_3_length_509027_cov_39.262778_30, 29735 # 31618 # 1 , 29735,31618,1 ,3_30,3,30,00,ATG,AGGAG,5-10bp,0.636,NODE_3_length_509027_cov_39.262778,mobileOG_000325588_NODE_3_length_509027_cov_39.262778
149,"mobileOG_000335694|hflK|WP_033636782.1|phage|lysis/lysogeny,regulation|Plasmid RefSeq|Homology",NODE_3_length_509027_cov_39.262778_34 # 34423 # 35673 # 1 # ID=3_34;partial=00;start_type=ATG;rbs_motif=GGAG/GAGG;rbs_spacer=5-10bp;gc_cont=0.612,96.9,743,416,1.40e-271,417,1,416,1,416,mobileOG_000335694,hflK,WP_033636782.1,phage,"lysis/lysogeny,regulation",Plasmid RefSeq,Homology,NODE_3_length_509027_cov_39.262778_34, 34423 # 35673 # 1 , 34423,35673,1 ,3_34,3,34,00,ATG,GGAG/GAGG,5-10bp,0.612,NODE_3_length_509027_cov_39.262778,mobileOG_000335694_NODE_3_length_509027_cov_39.262778
150,"mobileOG_000368506|hflC|WP_004933669.1|phage|lysis/lysogeny,regulation|Plasmid RefSeq|Homology",NODE_3_length_509027_cov_39.262778_35 # 35677 # 36681 # 1 # ID=3_35;partial=00;start_type=ATG;rbs_motif=GGAG/GAGG;rbs_spacer=5-10bp;gc_cont=0.610,100,561,334,1.43e-202,335,1,334,1,334,mobileOG_000368506,hflC,WP_004933669.1,phage,"lysis/lysogeny,regulation",Plasmid RefSeq,Homology,NODE_3_length_509027_cov_39.262778_35, 35677 # 36681 # 1 , 35677,36681,1 ,3_35,3,35,00,ATG,GGAG/GAGG,5-10bp,0.610,NODE_3_length_509027_cov_39.262778,mobileOG_000368506_NODE_3_length_509027_cov_39.262778
151,mobileOG_000365461|rnr|WP_039567854.1|replication/recombination/repair|NA|Plasmid RefSeq|Homology,NODE_3_length_509027_cov_39.262778_39 # 39061 # 41535 # 1 # ID=3_39;partial=00;start_type=ATG;rbs_motif=GGAGG;rbs_spacer=5-10bp;gc_cont=0.629,99.6,1593,824,0.0,825,1,824,1,824,mobileOG_000365461,rnr,WP_039567854.1,replication/recombination/repair,NA,Plasmid RefSeq,Homology,NODE_3_length_509027_cov_39.262778_39, 39061 # 41535 # 1 , 39061,41535,1 ,3_39,3,39,00,ATG,GGAGG,5-10bp,0.629,NODE_3_length_509027_cov_39.262778,mobileOG_000365461_NODE_3_length_509027_cov_39.262778
152,"mobileOG_000374409|ner|WP_033636812.1|phage|infection,regulation|Plasmid RefSeq|Homology",NODE_3_length_509027_cov_39.262778_71 # 71660 # 71920 # -1 # ID=3_71;partial=00;start_type=ATG;rbs_motif=AGGA;rbs_spacer=5-10bp;gc_cont=0.586,98.8,183,86,3.69e-61,87,1,86,1,86,mobileOG_000374409,ner,WP_033636812.1,phage,"infection,regulation",Plasmid RefSeq,Homology,NODE_3_length_509027_cov_39.262778_71, 71660 # 71920 # -1 , 71660,71920,-1 ,3_71,3,71,00,ATG,AGGA,5-10bp,0.586,NODE_3_length_509027_cov_39.262778,mobileOG_000374409_NODE_3_length_509027_cov_39.262778
153,"mobileOG_000368505|ftsH|WP_004933529.1|phage|infection,regulation|Plasmid RefSeq|Homology",NODE_3_length_509027_cov_39.262778_84 # 81770 # 83701 # 1 # ID=3_84;partial=00;start_type=ATG;rbs_motif=GGA/GAG/AGG;rbs_spacer=3-4bp;gc_cont=0.595,100,1248,643,0.0,644,1,643,1,643,mobileOG_000368505,ftsH,WP_004933529.1,phage,"infection,regulation",Plasmid RefSeq,Homology,NODE_3_length_509027_cov_39.262778_84, 81770 # 83701 # 1 , 81770,83701,1 ,3_84,3,84,00,ATG,GGA/GAG/AGG,3-4bp,0.595,NODE_3_length_509027_cov_39.262778,mobileOG_000368505_NODE_3_length_509027_cov_39.262778
154,"mobileOG_000289028|ftsH|WP_008806637.1|phage|infection,regulation|Plasmid RefSeq|Homology",NODE_3_length_509027_cov_39.262778_84 # 81770 # 83701 # 1 # ID=3_84;partial=00;start_type=ATG;rbs_motif=GGA/GAG/AGG;rbs_spacer=3-4bp;gc_cont=0.595,94.7,1189,644,0.0,644,1,641,1,641,mobileOG_000289028,ftsH,WP_008806637.1,phage,"infection,regulation",Plasmid RefSeq,Homology,NODE_3_length_509027_cov_39.262778_84, 81770 # 83701 # 1 , 81770,83701,1 ,3_84,3,84,00,ATG,GGA/GAG/AGG,3-4bp,0.595,NODE_3_length_509027_cov_39.262778,mobileOG_000289028_NODE_3_length_509027_cov_39.262778
155,"mobileOG_000288420|ftsH|A0A422XC88|phage|infection,regulation|Plasmid RefSeq|Homology",NODE_3_length_509027_cov_39.262778_84 # 81770 # 83701 # 1 # ID=3_84;partial=00;start_type=ATG;rbs_motif=GGA/GAG/AGG;rbs_spacer=3-4bp;gc_cont=0.595,94.5,1186,644,0.0,644,1,641,1,641,mobileOG_000288420,ftsH,A0A422XC88,phage,"infection,regulation",Plasmid RefSeq,Homology,NODE_3_length_509027_cov_39.262778_84, 81770 # 83701 # 1 , 81770,83701,1 ,3_84,3,84,00,ATG,GGA/GAG/AGG,3-4bp,0.595,NODE_3_length_509027_cov_39.262778,mobileOG_000288420_NODE_3_length_509027_cov_39.262778
156,"mobileOG_000354058|ftsH|WP_001107481.1|phage|infection,regulation|Plasmid RefSeq|Homology",NODE_3_length_509027_cov_39.262778_84 # 81770 # 83701 # 1 # ID=3_84;partial=00;start_type=ATG;rbs_motif=GGA/GAG/AGG;rbs_spacer=3-4bp;gc_cont=0.595,94.4,1185,644,0.0,644,1,641,1,641,mobileOG_000354058,ftsH,WP_001107481.1,phage,"infection,regulation",Plasmid RefSeq,Homology,NODE_3_length_509027_cov_39.262778_84, 81770 # 83701 # 1 , 81770,83701,1 ,3_84,3,84,00,ATG,GGA/GAG/AGG,3-4bp,0.595,NODE_3_length_509027_cov_39.262778,mobileOG_000354058_NODE_3_length_509027_cov_39.262778
157,"mobileOG_000003236|hflB|A0A383JRI2|phage|infection,regulation|COMPASS|Manual",NODE_3_length_509027_cov_39.262778_84 # 81770 # 83701 # 1 # ID=3_84;partial=00;start_type=ATG;rbs_motif=GGA/GAG/AGG;rbs_spacer=3-4bp;gc_cont=0.595,94.2,1181,647,0.0,644,4,644,1,641,mobileOG_000003236,hflB,A0A383JRI2,phage,"infection,regulation",COMPASS,Manual,NODE_3_length_509027_cov_39.262778_84, 81770 # 83701 # 1 , 81770,83701,1 ,3_84,3,84,00,ATG,GGA/GAG/AGG,3-4bp,0.595,NODE_3_length_509027_cov_39.262778,mobileOG_000003236_NODE_3_length_509027_cov_39.262778
158,"mobileOG_000354057|ftsH|WP_001107467.1|phage|infection,regulation|Plasmid RefSeq|Homology",NODE_3_length_509027_cov_39.262778_84 # 81770 # 83701 # 1 # ID=3_84;partial=00;start_type=ATG;rbs_motif=GGA/GAG/AGG;rbs_spacer=3-4bp;gc_cont=0.595,94.2,1181,644,0.0,644,1,641,1,641,mobileOG_000354057,ftsH,WP_001107467.1,phage,"infection,regulation",Plasmid RefSeq,Homology,NODE_3_length_509027_cov_39.262778_84, 81770 # 83701 # 1 , 81770,83701,1 ,3_84,3,84,00,ATG,GGA/GAG/AGG,3-4bp,0.595,NODE_3_length_509027_cov_39.262778,mobileOG_000354057_NODE_3_length_509027_cov_39.262778
159,"mobileOG_000368531|nusA|WP_019453340.1|phage|regulation,infection|Plasmid RefSeq|Homology",NODE_3_length_509027_cov_39.262778_89 # 87514 # 89022 # 1 # ID=3_89;partial=00;start_type=ATG;rbs_motif=GGAG/GAGG;rbs_spacer=5-10bp;gc_cont=0.573,99.8,952,502,0.0,503,1,502,1,502,mobileOG_000368531,nusA,WP_019453340.1,phage,"regulation,infection",Plasmid RefSeq,Homology,NODE_3_length_509027_cov_39.262778_89, 87514 # 89022 # 1 , 87514,89022,1 ,3_89,3,89,00,ATG,GGAG/GAGG,5-10bp,0.573,NODE_3_length_509027_cov_39.262778,mobileOG_000368531_NODE_3_length_509027_cov_39.262778
160,mobileOG_000299371|higA|WP_019453270.1|stability/transfer/defense|NA|Plasmid RefSeq|Homology,NODE_3_length_509027_cov_39.262778_203 # 215669 # 215968 # 1 # ID=3_203;partial=00;start_type=ATG;rbs_motif=AGGAG;rbs_spacer=5-10bp;gc_cont=0.583,97.0,183,99,9.48e-61,100,1,99,1,99,mobileOG_000299371,higA,WP_019453270.1,stability/transfer/defense,NA,Plasmid RefSeq,Homology,NODE_3_length_509027_cov_39.262778_203, 215669 # 215968 # 1 , 215669,215968,1 ,3_203,3,203,00,ATG,AGGAG,5-10bp,0.583,NODE_3_length_509027_cov_39.262778,mobileOG_000299371_NODE_3_length_509027_cov_39.262778
161,mobileOG_000301582|radA|WP_025159617.1|replication/recombination/repair|competence|Plasmid RefSeq|Homology,NODE_3_length_509027_cov_39.262778_288 # 299078 # 300463 # 1 # ID=3_288;partial=00;start_type=GTG;rbs_motif=GGAG/GAGG;rbs_spacer=5-10bp;gc_cont=0.649,99.6,894,461,0.0,462,1,461,1,461,mobileOG_000301582,radA,WP_025159617.1,replication/recombination/repair,competence,Plasmid RefSeq,Homology,NODE_3_length_509027_cov_39.262778_288, 299078 # 300463 # 1 , 299078,300463,1 ,3_288,3,288,00,GTG,GGAG/GAGG,5-10bp,0.649,NODE_3_length_509027_cov_39.262778,mobileOG_000301582_NODE_3_length_509027_cov_39.262778
162,mobileOG_000025504|radA|A0A0H3JJ52|replication/recombination/repair|NA|Plasmid RefSeq|Manual,NODE_3_length_509027_cov_39.262778_288 # 299078 # 300463 # 1 # ID=3_288;partial=00;start_type=GTG;rbs_motif=GGAG/GAGG;rbs_spacer=5-10bp;gc_cont=0.649,91.9,831,460,4.03e-305,462,1,458,1,458,mobileOG_000025504,radA,A0A0H3JJ52,replication/recombination/repair,NA,Plasmid RefSeq,Manual,NODE_3_length_509027_cov_39.262778_288, 299078 # 300463 # 1 , 299078,300463,1 ,3_288,3,288,00,GTG,GGAG/GAGG,5-10bp,0.649,NODE_3_length_509027_cov_39.262778,mobileOG_000025504_NODE_3_length_509027_cov_39.262778
163,mobileOG_000334077|radA|WP_001029696.1|replication/recombination/repair|competence|Plasmid RefSeq|Homology,NODE_3_length_509027_cov_39.262778_288 # 299078 # 300463 # 1 # ID=3_288;partial=00;start_type=GTG;rbs_motif=GGAG/GAGG;rbs_spacer=5-10bp;gc_cont=0.649,91.7,830,460,1.64e-304,462,1,458,1,458,mobileOG_000334077,radA,WP_001029696.1,replication/recombination/repair,competence,Plasmid RefSeq,Homology,NODE_3_length_509027_cov_39.262778_288, 299078 # 300463 # 1 , 299078,300463,1 ,3_288,3,288,00,GTG,GGAG/GAGG,5-10bp,0.649,NODE_3_length_509027_cov_39.262778,mobileOG_000334077_NODE_3_length_509027_cov_39.262778
164,mobileOG_000336472|radA|WP_101416475.1|replication/recombination/repair|competence|Plasmid RefSeq|Homology,NODE_3_length_509027_cov_39.262778_288 # 299078 # 300463 # 1 # ID=3_288;partial=00;start_type=GTG;rbs_motif=GGAG/GAGG;rbs_spacer=5-10bp;gc_cont=0.649,90.8,820,460,1.50e-300,462,1,458,1,458,mobileOG_000336472,radA,WP_101416475.1,replication/recombination/repair,competence,Plasmid RefSeq,Homology,NODE_3_length_509027_cov_39.262778_288, 299078 # 300463 # 1 , 299078,300463,1 ,3_288,3,288,00,GTG,GGAG/GAGG,5-10bp,0.649,NODE_3_length_509027_cov_39.262778,mobileOG_000336472_NODE_3_length_509027_cov_39.262778
165,"mobileOG_000281499|dnaK|WP_004932972.1|phage|infection,regulation|Plasmid RefSeq|Homology",NODE_3_length_509027_cov_39.262778_315 # 330539 # 332452 # 1 # ID=3_315;partial=00;start_type=ATG;rbs_motif=GGAG/GAGG;rbs_spacer=5-10bp;gc_cont=0.577,99.7,1197,637,0.0,638,1,637,1,637,mobileOG_000281499,dnaK,WP_004932972.1,phage,"infection,regulation",Plasmid RefSeq,Homology,NODE_3_length_509027_cov_39.262778_315, 330539 # 332452 # 1 , 330539,332452,1 ,3_315,3,315,00,ATG,GGAG/GAGG,5-10bp,0.577,NODE_3_length_509027_cov_39.262778,mobileOG_000281499_NODE_3_length_509027_cov_39.262778
166,"mobileOG_000281490|dnaK|WP_000516135.1|phage|infection,regulation|Multiple|Homology",NODE_3_length_509027_cov_39.262778_315 # 330539 # 332452 # 1 # ID=3_315;partial=00;start_type=ATG;rbs_motif=GGAG/GAGG;rbs_spacer=5-10bp;gc_cont=0.577,91.3,1095,638,0.0,638,1,638,1,637,mobileOG_000281490,dnaK,WP_000516135.1,phage,"infection,regulation",Multiple,Homology,NODE_3_length_509027_cov_39.262778_315, 330539 # 332452 # 1 , 330539,332452,1 ,3_315,3,315,00,ATG,GGAG/GAGG,5-10bp,0.577,NODE_3_length_509027_cov_39.262778,mobileOG_000281490_NODE_3_length_509027_cov_39.262778
167,"mobileOG_000281497|dnaK|WP_004146997.1|phage|infection,regulation|Plasmid RefSeq|Homology",NODE_3_length_509027_cov_39.262778_315 # 330539 # 332452 # 1 # ID=3_315;partial=00;start_type=ATG;rbs_motif=GGAG/GAGG;rbs_spacer=5-10bp;gc_cont=0.577,90.5,1090,638,0.0,638,1,638,1,637,mobileOG_000281497,dnaK,WP_004146997.1,phage,"infection,regulation",Plasmid RefSeq,Homology,NODE_3_length_509027_cov_39.262778_315, 330539 # 332452 # 1 , 330539,332452,1 ,3_315,3,315,00,ATG,GGAG/GAGG,5-10bp,0.577,NODE_3_length_509027_cov_39.262778,mobileOG_000281497_NODE_3_length_509027_cov_39.262778
168,mobileOG_000332824|dnaJ|WP_033637051.1|replication/recombination/repair|NA|Plasmid RefSeq|Homology,NODE_3_length_509027_cov_39.262778_316 # 332559 # 333683 # 1 # ID=3_316;partial=00;start_type=ATG;rbs_motif=GGA/GAG/AGG;rbs_spacer=11-12bp;gc_cont=0.608,99.7,654,374,4.22e-238,375,1,374,1,374,mobileOG_000332824,dnaJ,WP_033637051.1,replication/recombination/repair,NA,Plasmid RefSeq,Homology,NODE_3_length_509027_cov_39.262778_316, 332559 # 333683 # 1 , 332559,333683,1 ,3_316,3,316,00,ATG,GGA/GAG/AGG,11-12bp,0.608,NODE_3_length_509027_cov_39.262778,mobileOG_000332824_NODE_3_length_509027_cov_39.262778
169,mobileOG_000347821|polB|WP_060438125.1|replication/recombination/repair|NA|Plasmid RefSeq|Homology,NODE_3_length_509027_cov_39.262778_348 # 372465 # 374831 # -1 # ID=3_348;partial=00;start_type=ATG;rbs_motif=3Base/5BMM;rbs_spacer=13-15bp;gc_cont=0.635,97.8,1582,788,0.0,789,1,788,1,788,mobileOG_000347821,polB,WP_060438125.1,replication/recombination/repair,NA,Plasmid RefSeq,Homology,NODE_3_length_509027_cov_39.262778_348, 372465 # 374831 # -1 , 372465,374831,-1 ,3_348,3,348,00,ATG,3Base/5BMM,13-15bp,0.635,NODE_3_length_509027_cov_39.262778,mobileOG_000347821_NODE_3_length_509027_cov_39.262778
170,mobileOG_000368504|ftsZ|WP_004932757.1|replication/recombination/repair|NA|Plasmid RefSeq|Homology,NODE_3_length_509027_cov_39.262778_383 # 416100 # 417254 # 1 # ID=3_383;partial=00;start_type=ATG;rbs_motif=GGAG/GAGG;rbs_spacer=5-10bp;gc_cont=0.597,100,729,384,1.77e-267,385,1,384,1,384,mobileOG_000368504,ftsZ,WP_004932757.1,replication/recombination/repair,NA,Plasmid RefSeq,Homology,NODE_3_length_509027_cov_39.262778_383, 416100 # 417254 # 1 , 416100,417254,1 ,3_383,3,383,00,ATG,GGAG/GAGG,5-10bp,0.597,NODE_3_length_509027_cov_39.262778,mobileOG_000368504_NODE_3_length_509027_cov_39.262778
171,mobileOG_000326016|ftsZ|WP_002888628.1|replication/recombination/repair|NA|Plasmid RefSeq|Homology,NODE_3_length_509027_cov_39.262778_383 # 416100 # 417254 # 1 # ID=3_383;partial=00;start_type=ATG;rbs_motif=GGAG/GAGG;rbs_spacer=5-10bp;gc_cont=0.597,96.1,693,383,5.12e-253,385,1,383,1,384,mobileOG_000326016,ftsZ,WP_002888628.1,replication/recombination/repair,NA,Plasmid RefSeq,Homology,NODE_3_length_509027_cov_39.262778_383, 416100 # 417254 # 1 , 416100,417254,1 ,3_383,3,383,00,ATG,GGAG/GAGG,5-10bp,0.597,NODE_3_length_509027_cov_39.262778,mobileOG_000326016_NODE_3_length_509027_cov_39.262778
172,mobileOG_000331629|ftsZ|WP_000462776.1|replication/recombination/repair|NA|Plasmid RefSeq|Homology,NODE_3_length_509027_cov_39.262778_383 # 416100 # 417254 # 1 # ID=3_383;partial=00;start_type=ATG;rbs_motif=GGAG/GAGG;rbs_spacer=5-10bp;gc_cont=0.597,95.3,689,383,1.71e-251,385,1,383,1,384,mobileOG_000331629,ftsZ,WP_000462776.1,replication/recombination/repair,NA,Plasmid RefSeq,Homology,NODE_3_length_509027_cov_39.262778_383, 416100 # 417254 # 1 , 416100,417254,1 ,3_383,3,383,00,ATG,GGAG/GAGG,5-10bp,0.597,NODE_3_length_509027_cov_39.262778,mobileOG_000331629_NODE_3_length_509027_cov_39.262778
173,mobileOG_000368556|mazG|WP_033649234.1|stability/transfer/defense|regulation|Plasmid RefSeq|Homology,NODE_3_length_509027_cov_39.262778_410 # 447061 # 447855 # 1 # ID=3_410;partial=00;start_type=ATG;rbs_motif=GGA/GAG/AGG;rbs_spacer=5-10bp;gc_cont=0.614,96.2,497,264,1.31e-179,265,1,263,1,263,mobileOG_000368556,mazG,WP_033649234.1,stability/transfer/defense,regulation,Plasmid RefSeq,Homology,NODE_3_length_509027_cov_39.262778_410, 447061 # 447855 # 1 , 447061,447855,1 ,3_410,3,410,00,ATG,GGA/GAG/AGG,5-10bp,0.614,NODE_3_length_509027_cov_39.262778,mobileOG_000368556_NODE_3_length_509027_cov_39.262778
174,mobileOG_000282667|mutS|WP_101456629.1|replication/recombination/repair|NA|Plasmid RefSeq|Homology,NODE_3_length_509027_cov_39.262778_448 # 489361 # 491916 # -1 # ID=3_448;partial=00;start_type=ATG;rbs_motif=GGA/GAG/AGG;rbs_spacer=11-12bp;gc_cont=0.640,98.6,1610,853,0.0,852,11,853,9,851,mobileOG_000282667,mutS,WP_101456629.1,replication/recombination/repair,NA,Plasmid RefSeq,Homology,NODE_3_length_509027_cov_39.262778_448, 489361 # 491916 # -1 , 489361,491916,-1 ,3_448,3,448,00,ATG,GGA/GAG/AGG,11-12bp,0.640,NODE_3_length_509027_cov_39.262778,mobileOG_000282667_NODE_3_length_509027_cov_39.262778
175,mobileOG_000333655|ygaD|WP_033649270.1|transfer|competence|Plasmid RefSeq|Homology,NODE_3_length_509027_cov_39.262778_459 # 502978 # 503466 # 1 # ID=3_459;partial=00;start_type=ATG;rbs_motif=GGAGG;rbs_spacer=3-4bp;gc_cont=0.642,97.5,300,162,6.21e-105,163,1,162,1,162,mobileOG_000333655,ygaD,WP_033649270.1,transfer,competence,Plasmid RefSeq,Homology,NODE_3_length_509027_cov_39.262778_459, 502978 # 503466 # 1 , 502978,503466,1 ,3_459,3,459,00,ATG,GGAGG,3-4bp,0.642,NODE_3_length_509027_cov_39.262778,mobileOG_000333655_NODE_3_length_509027_cov_39.262778
176,mobileOG_000023828|recA|WP_004932541.1|replication/recombination/repair|NA|Plasmid RefSeq|Manual,NODE_3_length_509027_cov_39.262778_460 # 503578 # 504642 # 1 # ID=3_460;partial=00;start_type=ATG;rbs_motif=AGGAG;rbs_spacer=5-10bp;gc_cont=0.580,100,685,354,8.21e-251,355,1,354,1,354,mobileOG_000023828,recA,WP_004932541.1,replication/recombination/repair,NA,Plasmid RefSeq,Manual,NODE_3_length_509027_cov_39.262778_460, 503578 # 504642 # 1 , 503578,504642,1 ,3_460,3,460,00,ATG,AGGAG,5-10bp,0.580,NODE_3_length_509027_cov_39.262778,mobileOG_000023828_NODE_3_length_509027_cov_39.262778
177,mobileOG_000191114|recA|A0A447LSS3|replication/recombination/repair|NA|GPD|Homology,NODE_3_length_509027_cov_39.262778_460 # 503578 # 504642 # 1 # ID=3_460;partial=00;start_type=ATG;rbs_motif=AGGAG;rbs_spacer=5-10bp;gc_cont=0.580,90.4,625,354,3.42e-227,355,1,354,1,354,mobileOG_000191114,recA,A0A447LSS3,replication/recombination/repair,NA,GPD,Homology,NODE_3_length_509027_cov_39.262778_460, 503578 # 504642 # 1 , 503578,504642,1 ,3_460,3,460,00,ATG,AGGAG,5-10bp,0.580,NODE_3_length_509027_cov_39.262778,mobileOG_000191114_NODE_3_length_509027_cov_39.262778
178,mobileOG_000282617|recA|WP_004155913.1|replication/recombination/repair|NA|Plasmid RefSeq|Homology,NODE_3_length_509027_cov_39.262778_460 # 503578 # 504642 # 1 # ID=3_460;partial=00;start_type=ATG;rbs_motif=AGGAG;rbs_spacer=5-10bp;gc_cont=0.580,94.2,604,355,5.99e-219,355,1,329,1,329,mobileOG_000282617,recA,WP_004155913.1,replication/recombination/repair,NA,Plasmid RefSeq,Homology,NODE_3_length_509027_cov_39.262778_460, 503578 # 504642 # 1 , 503578,504642,1 ,3_460,3,460,00,ATG,AGGAG,5-10bp,0.580,NODE_3_length_509027_cov_39.262778,mobileOG_000282617_NODE_3_length_509027_cov_39.262778
179,mobileOG_000288450|recA|A0A422XBN5|replication/recombination/repair|NA|Plasmid RefSeq|Homology,NODE_3_length_509027_cov_39.262778_460 # 503578 # 504642 # 1 # ID=3_460;partial=00;start_type=ATG;rbs_motif=AGGAG;rbs_spacer=5-10bp;gc_cont=0.580,92.4,600,352,2.54e-217,355,1,331,1,331,mobileOG_000288450,recA,A0A422XBN5,replication/recombination/repair,NA,Plasmid RefSeq,Homology,NODE_3_length_509027_cov_39.262778_460, 503578 # 504642 # 1 , 503578,504642,1 ,3_460,3,460,00,ATG,AGGAG,5-10bp,0.580,NODE_3_length_509027_cov_39.262778,mobileOG_000288450_NODE_3_length_509027_cov_39.262778
180,mobileOG_000023825|recA|WP_002914769.1|replication/recombination/repair|NA|Plasmid RefSeq|Manual,NODE_3_length_509027_cov_39.262778_460 # 503578 # 504642 # 1 # ID=3_460;partial=00;start_type=ATG;rbs_motif=AGGAG;rbs_spacer=5-10bp;gc_cont=0.580,92.1,598,352,1.03e-216,355,1,331,1,331,mobileOG_000023825,recA,WP_002914769.1,replication/recombination/repair,NA,Plasmid RefSeq,Manual,NODE_3_length_509027_cov_39.262778_460, 503578 # 504642 # 1 , 503578,504642,1 ,3_460,3,460,00,ATG,AGGAG,5-10bp,0.580,NODE_3_length_509027_cov_39.262778,mobileOG_000023825_NODE_3_length_509027_cov_39.262778
181,mobileOG_000319971|recX|WP_033649272.1|replication/recombination/repair|NA|Plasmid RefSeq|Homology,NODE_3_length_509027_cov_39.262778_461 # 504700 # 505218 # 1 # ID=3_461;partial=00;start_type=ATG;rbs_motif=GGA/GAG/AGG;rbs_spacer=5-10bp;gc_cont=0.578,96.5,329,170,3.18e-116,173,1,170,2,172,mobileOG_000319971,recX,WP_033649272.1,replication/recombination/repair,NA,Plasmid RefSeq,Homology,NODE_3_length_509027_cov_39.262778_461, 504700 # 505218 # 1 , 504700,505218,1 ,3_461,3,461,00,ATG,GGA/GAG/AGG,5-10bp,0.578,NODE_3_length_509027_cov_39.262778,mobileOG_000319971_NODE_3_length_509027_cov_39.262778
182,mobileOG_000327452|ligA|WP_101453266.1|replication/recombination/repair|NA|Plasmid RefSeq|Homology,NODE_4_length_425758_cov_32.696214_45 # 43964 # 45943 # 1 # ID=4_45;partial=00;start_type=TTG;rbs_motif=GGA/GAG/AGG;rbs_spacer=5-10bp;gc_cont=0.657,99.7,1271,673,0.0,660,15,673,1,659,mobileOG_000327452,ligA,WP_101453266.1,replication/recombination/repair,NA,Plasmid RefSeq,Homology,NODE_4_length_425758_cov_32.696214_45, 43964 # 45943 # 1 , 43964,45943,1 ,4_45,4,45,00,TTG,GGA/GAG/AGG,5-10bp,0.657,NODE_4_length_425758_cov_32.696214,mobileOG_000327452_NODE_4_length_425758_cov_32.696214
183,mobileOG_000330260|ligA|WP_033654989.1|replication/recombination/repair|NA|Plasmid RefSeq|Homology,NODE_4_length_425758_cov_32.696214_45 # 43964 # 45943 # 1 # ID=4_45;partial=00;start_type=TTG;rbs_motif=GGA/GAG/AGG;rbs_spacer=5-10bp;gc_cont=0.657,99.2,1268,673,0.0,660,15,673,1,659,mobileOG_000330260,ligA,WP_033654989.1,replication/recombination/repair,NA,Plasmid RefSeq,Homology,NODE_4_length_425758_cov_32.696214_45, 43964 # 45943 # 1 , 43964,45943,1 ,4_45,4,45,00,TTG,GGA/GAG/AGG,5-10bp,0.657,NODE_4_length_425758_cov_32.696214,mobileOG_000330260_NODE_4_length_425758_cov_32.696214
184,mobileOG_000748214|NA:Keyword|WP_033648105.1|stability/transfer/defense|NA|Plasmid RefSeq|Keyword Search,NODE_4_length_425758_cov_32.696214_86 # 92552 # 92989 # -1 # ID=4_86;partial=00;start_type=ATG;rbs_motif=GGA/GAG/AGG;rbs_spacer=5-10bp;gc_cont=0.594,93.1,270,145,1.36e-93,146,1,145,1,145,mobileOG_000748214,NA:Keyword,WP_033648105.1,stability/transfer/defense,NA,Plasmid RefSeq,Keyword Search,NODE_4_length_425758_cov_32.696214_86, 92552 # 92989 # -1 , 92552,92989,-1 ,4_86,4,86,00,ATG,GGA/GAG/AGG,5-10bp,0.594,NODE_4_length_425758_cov_32.696214,mobileOG_000748214_NODE_4_length_425758_cov_32.696214
185,mobileOG_000555868|NA:Keyword|WP_033648105.1|stability/transfer/defense|NA|GPD|Keyword Search,NODE_4_length_425758_cov_32.696214_86 # 92552 # 92989 # -1 # ID=4_86;partial=00;start_type=ATG;rbs_motif=GGA/GAG/AGG;rbs_spacer=5-10bp;gc_cont=0.594,91.7,266,145,3.21e-92,146,1,145,1,145,mobileOG_000555868,NA:Keyword,WP_033648105.1,stability/transfer/defense,NA,GPD,Keyword Search,NODE_4_length_425758_cov_32.696214_86, 92552 # 92989 # -1 , 92552,92989,-1 ,4_86,4,86,00,ATG,GGA/GAG/AGG,5-10bp,0.594,NODE_4_length_425758_cov_32.696214,mobileOG_000555868_NODE_4_length_425758_cov_32.696214
186,mobileOG_000356476|srnB|WP_004935921.1|stability/transfer/defense|NA|Plasmid RefSeq|Homology,NODE_4_length_425758_cov_32.696214_216 # 223290 # 223442 # 1 # ID=4_216;partial=00;start_type=ATG;rbs_motif=AGGAG;rbs_spacer=5-10bp;gc_cont=0.431,98.0,96.7,50,9.51e-28,51,1,50,1,50,mobileOG_000356476,srnB,WP_004935921.1,stability/transfer/defense,NA,Plasmid RefSeq,Homology,NODE_4_length_425758_cov_32.696214_216, 223290 # 223442 # 1 , 223290,223442,1 ,4_216,4,216,00,ATG,AGGAG,5-10bp,0.431,NODE_4_length_425758_cov_32.696214,mobileOG_000356476_NODE_4_length_425758_cov_32.696214
187,mobileOG_000368510|gyrA|WP_004935906.1|replication/recombination/repair|NA|Plasmid RefSeq|Homology,NODE_4_length_425758_cov_32.696214_221 # 228629 # 231271 # 1 # ID=4_221;partial=00;start_type=ATG;rbs_motif=GGA/GAG/AGG;rbs_spacer=5-10bp;gc_cont=0.600,99.9,1558,880,0.0,881,1,880,1,880,mobileOG_000368510,gyrA,WP_004935906.1,replication/recombination/repair,NA,Plasmid RefSeq,Homology,NODE_4_length_425758_cov_32.696214_221, 228629 # 231271 # 1 , 228629,231271,1 ,4_221,4,221,00,ATG,GGA/GAG/AGG,5-10bp,0.600,NODE_4_length_425758_cov_32.696214,mobileOG_000368510_NODE_4_length_425758_cov_32.696214
188,mobileOG_000353677|gyrA|WP_101453951.1|replication/recombination/repair|NA|Plasmid RefSeq|Homology,NODE_4_length_425758_cov_32.696214_221 # 228629 # 231271 # 1 # ID=4_221;partial=00;start_type=ATG;rbs_motif=GGA/GAG/AGG;rbs_spacer=5-10bp;gc_cont=0.600,99.9,1557,880,0.0,881,1,880,1,880,mobileOG_000353677,gyrA,WP_101453951.1,replication/recombination/repair,NA,Plasmid RefSeq,Homology,NODE_4_length_425758_cov_32.696214_221, 228629 # 231271 # 1 , 228629,231271,1 ,4_221,4,221,00,ATG,GGA/GAG/AGG,5-10bp,0.600,NODE_4_length_425758_cov_32.696214,mobileOG_000353677_NODE_4_length_425758_cov_32.696214
189,mobileOG_000596591|NA:Keyword|A0A0P0QH13|phage|NA|GPD|Keyword Search,NODE_4_length_425758_cov_32.696214_238 # 247359 # 247814 # 1 # ID=4_238;partial=00;start_type=ATG;rbs_motif=GGA/GAG/AGG;rbs_spacer=5-10bp;gc_cont=0.581,91.4,277,151,3.83e-96,152,1,151,1,151,mobileOG_000596591,NA:Keyword,A0A0P0QH13,phage,NA,GPD,Keyword Search,NODE_4_length_425758_cov_32.696214_238, 247359 # 247814 # 1 , 247359,247814,1 ,4_238,4,238,00,ATG,GGA/GAG/AGG,5-10bp,0.581,NODE_4_length_425758_cov_32.696214,mobileOG_000596591_NODE_4_length_425758_cov_32.696214
190,mobileOG_000299146|K|WP_101453919.1|phage|structural|Plasmid RefSeq|Homology,NODE_4_length_425758_cov_32.696214_243 # 251987 # 252691 # 1 # ID=4_243;partial=00;start_type=ATG;rbs_motif=AGxAGG/AGGxGG;rbs_spacer=5-10bp;gc_cont=0.620,90.2,468,234,3.52e-169,235,1,234,1,234,mobileOG_000299146,K,WP_101453919.1,phage,structural,Plasmid RefSeq,Homology,NODE_4_length_425758_cov_32.696214_243, 251987 # 252691 # 1 , 251987,252691,1 ,4_243,4,243,00,ATG,AGxAGG/AGGxGG,5-10bp,0.620,NODE_4_length_425758_cov_32.696214,mobileOG_000299146_NODE_4_length_425758_cov_32.696214
191,mobileOG_000351496|Fi_ORF45|WP_047574306.1|replication/recombination/repair|NA|Plasmid RefSeq|Homology,NODE_4_length_425758_cov_32.696214_260 # 270037 # 271794 # -1 # ID=4_260;partial=00;start_type=ATG;rbs_motif=None;rbs_spacer=None;gc_cont=0.637,99.0,1182,585,0.0,586,1,585,1,585,mobileOG_000351496,Fi_ORF45,WP_047574306.1,replication/recombination/repair,NA,Plasmid RefSeq,Homology,NODE_4_length_425758_cov_32.696214_260, 270037 # 271794 # -1 , 270037,271794,-1 ,4_260,4,260,00,ATG,None,None,0.637,NODE_4_length_425758_cov_32.696214,mobileOG_000351496_NODE_4_length_425758_cov_32.696214
192,mobileOG_000341065|Fi_ORF45|WP_033635283.1|replication/recombination/repair|NA|Plasmid RefSeq|Homology,NODE_4_length_425758_cov_32.696214_260 # 270037 # 271794 # -1 # ID=4_260;partial=00;start_type=ATG;rbs_motif=None;rbs_spacer=None;gc_cont=0.637,98.6,1177,585,0.0,586,1,585,1,585,mobileOG_000341065,Fi_ORF45,WP_033635283.1,replication/recombination/repair,NA,Plasmid RefSeq,Homology,NODE_4_length_425758_cov_32.696214_260, 270037 # 271794 # -1 , 270037,271794,-1 ,4_260,4,260,00,ATG,None,None,0.637,NODE_4_length_425758_cov_32.696214,mobileOG_000341065_NODE_4_length_425758_cov_32.696214
193,mobileOG_000314070|Fi_ORF45|WP_039565051.1|replication/recombination/repair|NA|Plasmid RefSeq|Homology,NODE_4_length_425758_cov_32.696214_260 # 270037 # 271794 # -1 # ID=4_260;partial=00;start_type=ATG;rbs_motif=None;rbs_spacer=None;gc_cont=0.637,98.5,1176,585,0.0,586,1,585,1,585,mobileOG_000314070,Fi_ORF45,WP_039565051.1,replication/recombination/repair,NA,Plasmid RefSeq,Homology,NODE_4_length_425758_cov_32.696214_260, 270037 # 271794 # -1 , 270037,271794,-1 ,4_260,4,260,00,ATG,None,None,0.637,NODE_4_length_425758_cov_32.696214,mobileOG_000314070_NODE_4_length_425758_cov_32.696214
194,mobileOG_000365481|nfo|WP_033643802.1|replication/recombination/repair|NA|Plasmid RefSeq|Homology,NODE_4_length_425758_cov_32.696214_286 # 301950 # 302789 # -1 # ID=4_286;partial=00;start_type=ATG;rbs_motif=AGGAG;rbs_spacer=5-10bp;gc_cont=0.607,100,566,279,2.15e-206,280,1,279,1,279,mobileOG_000365481,nfo,WP_033643802.1,replication/recombination/repair,NA,Plasmid RefSeq,Homology,NODE_4_length_425758_cov_32.696214_286, 301950 # 302789 # -1 , 301950,302789,-1 ,4_286,4,286,00,ATG,AGGAG,5-10bp,0.607,NODE_4_length_425758_cov_32.696214,mobileOG_000365481_NODE_4_length_425758_cov_32.696214
195,mobileOG_000365480|nfo|WP_033635262.1|replication/recombination/repair|NA|Plasmid RefSeq|Homology,NODE_4_length_425758_cov_32.696214_286 # 301950 # 302789 # -1 # ID=4_286;partial=00;start_type=ATG;rbs_motif=AGGAG;rbs_spacer=5-10bp;gc_cont=0.607,98.9,561,279,1.45e-204,280,1,279,1,279,mobileOG_000365480,nfo,WP_033635262.1,replication/recombination/repair,NA,Plasmid RefSeq,Homology,NODE_4_length_425758_cov_32.696214_286, 301950 # 302789 # -1 , 301950,302789,-1 ,4_286,4,286,00,ATG,AGGAG,5-10bp,0.607,NODE_4_length_425758_cov_32.696214,mobileOG_000365480_NODE_4_length_425758_cov_32.696214
196,mobileOG_000326136|sbcB|WP_101455532.1|replication/recombination/repair|stability/transfer/defense|Plasmid RefSeq|Homology,NODE_4_length_425758_cov_32.696214_302 # 320670 # 322097 # -1 # ID=4_302;partial=00;start_type=TTG;rbs_motif=GGA/GAG/AGG;rbs_spacer=5-10bp;gc_cont=0.618,99.2,951,475,0.0,476,1,475,1,475,mobileOG_000326136,sbcB,WP_101455532.1,replication/recombination/repair,stability/transfer/defense,Plasmid RefSeq,Homology,NODE_4_length_425758_cov_32.696214_302, 320670 # 322097 # -1 , 320670,322097,-1 ,4_302,4,302,00,TTG,GGA/GAG/AGG,5-10bp,0.618,NODE_4_length_425758_cov_32.696214,mobileOG_000326136_NODE_4_length_425758_cov_32.696214
197,mobileOG_000331689|sbcB|WP_101453939.1|replication/recombination/repair|stability/transfer/defense|Plasmid RefSeq|Homology,NODE_4_length_425758_cov_32.696214_302 # 320670 # 322097 # -1 # ID=4_302;partial=00;start_type=TTG;rbs_motif=GGA/GAG/AGG;rbs_spacer=5-10bp;gc_cont=0.618,100,947,476,0.0,476,9,476,8,475,mobileOG_000331689,sbcB,WP_101453939.1,replication/recombination/repair,stability/transfer/defense,Plasmid RefSeq,Homology,NODE_4_length_425758_cov_32.696214_302, 320670 # 322097 # -1 , 320670,322097,-1 ,4_302,4,302,00,TTG,GGA/GAG/AGG,5-10bp,0.618,NODE_4_length_425758_cov_32.696214,mobileOG_000331689_NODE_4_length_425758_cov_32.696214
198,mobileOG_000336681|sbcB|WP_060435614.1|replication/recombination/repair|stability/transfer/defense|Plasmid RefSeq|Homology,NODE_4_length_425758_cov_32.696214_302 # 320670 # 322097 # -1 # ID=4_302;partial=00;start_type=TTG;rbs_motif=GGA/GAG/AGG;rbs_spacer=5-10bp;gc_cont=0.618,99.6,945,476,0.0,476,9,476,8,475,mobileOG_000336681,sbcB,WP_060435614.1,replication/recombination/repair,stability/transfer/defense,Plasmid RefSeq,Homology,NODE_4_length_425758_cov_32.696214_302, 320670 # 322097 # -1 , 320670,322097,-1 ,4_302,4,302,00,TTG,GGA/GAG/AGG,5-10bp,0.618,NODE_4_length_425758_cov_32.696214,mobileOG_000336681_NODE_4_length_425758_cov_32.696214
199,mobileOG_000361586|higA|WP_033635213.1|stability/transfer/defense|NA|Plasmid RefSeq|Homology,NODE_4_length_425758_cov_32.696214_343 # 364269 # 364571 # 1 # ID=4_343;partial=00;start_type=ATG;rbs_motif=AGGAG;rbs_spacer=5-10bp;gc_cont=0.571,99.0,191,100,1.29e-63,101,1,100,1,100,mobileOG_000361586,higA,WP_033635213.1,stability/transfer/defense,NA,Plasmid RefSeq,Homology,NODE_4_length_425758_cov_32.696214_343, 364269 # 364571 # 1 , 364269,364571,1 ,4_343,4,343,00,ATG,AGGAG,5-10bp,0.571,NODE_4_length_425758_cov_32.696214,mobileOG_000361586_NODE_4_length_425758_cov_32.696214
200,mobileOG_000288460|higA|WP_017383313.1|stability/transfer/defense|NA|Plasmid RefSeq|Homology,NODE_4_length_425758_cov_32.696214_343 # 364269 # 364571 # 1 # ID=4_343;partial=00;start_type=ATG;rbs_motif=AGGAG;rbs_spacer=5-10bp;gc_cont=0.571,90.0,177,100,1.98e-58,101,1,100,1,100,mobileOG_000288460,higA,WP_017383313.1,stability/transfer/defense,NA,Plasmid RefSeq,Homology,NODE_4_length_425758_cov_32.696214_343, 364269 # 364571 # 1 , 364269,364571,1 ,4_343,4,343,00,ATG,AGGAG,5-10bp,0.571,NODE_4_length_425758_cov_32.696214,mobileOG_000288460_NODE_4_length_425758_cov_32.696214
201,mobileOG_000291413|higA|A0A426WK01|stability/transfer/defense|NA|Plasmid RefSeq|Homology,NODE_4_length_425758_cov_32.696214_343 # 364269 # 364571 # 1 # ID=4_343;partial=00;start_type=ATG;rbs_motif=AGGAG;rbs_spacer=5-10bp;gc_cont=0.571,90.0,175,100,1.63e-57,101,1,100,1,100,mobileOG_000291413,higA,A0A426WK01,stability/transfer/defense,NA,Plasmid RefSeq,Homology,NODE_4_length_425758_cov_32.696214_343, 364269 # 364571 # 1 , 364269,364571,1 ,4_343,4,343,00,ATG,AGGAG,5-10bp,0.571,NODE_4_length_425758_cov_32.696214,mobileOG_000291413_NODE_4_length_425758_cov_32.696214
202,"mobileOG_000330121|dpiA|WP_033654924.1|replication/recombination/repair|partitioning,regulation|Plasmid RefSeq|Homology",NODE_4_length_425758_cov_32.696214_382 # 408896 # 409582 # -1 # ID=4_382;partial=00;start_type=ATG;rbs_motif=None;rbs_spacer=None;gc_cont=0.656,100,446,228,2.20e-160,229,1,228,1,228,mobileOG_000330121,dpiA,WP_033654924.1,replication/recombination/repair,"partitioning,regulation",Plasmid RefSeq,Homology,NODE_4_length_425758_cov_32.696214_382, 408896 # 409582 # -1 , 408896,409582,-1 ,4_382,4,382,00,ATG,None,None,0.656,NODE_4_length_425758_cov_32.696214,mobileOG_000330121_NODE_4_length_425758_cov_32.696214
203,"mobileOG_000368534|dpiA|WP_021505854.1|replication/recombination/repair|partitioning,regulation|Plasmid RefSeq|Homology",NODE_4_length_425758_cov_32.696214_382 # 408896 # 409582 # -1 # ID=4_382;partial=00;start_type=ATG;rbs_motif=None;rbs_spacer=None;gc_cont=0.656,99.6,443,228,1.81e-159,229,1,228,1,228,mobileOG_000368534,dpiA,WP_021505854.1,replication/recombination/repair,"partitioning,regulation",Plasmid RefSeq,Homology,NODE_4_length_425758_cov_32.696214_382, 408896 # 409582 # -1 , 408896,409582,-1 ,4_382,4,382,00,ATG,None,None,0.656,NODE_4_length_425758_cov_32.696214,mobileOG_000368534_NODE_4_length_425758_cov_32.696214
204,mobileOG_000368530|alkB|WP_019452474.1|replication/recombination/repair|NA|Plasmid RefSeq|Homology,NODE_4_length_425758_cov_32.696214_395 # 422078 # 422725 # 1 # ID=4_395;partial=00;start_type=ATG;rbs_motif=GGA/GAG/AGG;rbs_spacer=5-10bp;gc_cont=0.671,97.7,445,215,1.15e-160,216,1,215,1,215,mobileOG_000368530,alkB,WP_019452474.1,replication/recombination/repair,NA,Plasmid RefSeq,Homology,NODE_4_length_425758_cov_32.696214_395, 422078 # 422725 # 1 , 422078,422725,1 ,4_395,4,395,00,ATG,GGA/GAG/AGG,5-10bp,0.671,NODE_4_length_425758_cov_32.696214,mobileOG_000368530_NODE_4_length_425758_cov_32.696214
205,mobileOG_000333875|alkB|WP_033654914.1|replication/recombination/repair|NA|Plasmid RefSeq|Homology,NODE_4_length_425758_cov_32.696214_395 # 422078 # 422725 # 1 # ID=4_395;partial=00;start_type=ATG;rbs_motif=GGA/GAG/AGG;rbs_spacer=5-10bp;gc_cont=0.671,97.2,441,215,7.76e-159,216,1,215,1,215,mobileOG_000333875,alkB,WP_033654914.1,replication/recombination/repair,NA,Plasmid RefSeq,Homology,NODE_4_length_425758_cov_32.696214_395, 422078 # 422725 # 1 , 422078,422725,1 ,4_395,4,395,00,ATG,GGA/GAG/AGG,5-10bp,0.671,NODE_4_length_425758_cov_32.696214,mobileOG_000333875_NODE_4_length_425758_cov_32.696214
206,mobileOG_000301584|srnB|WP_015379015.1|stability/transfer/defense|NA|Plasmid RefSeq|Homology,NODE_5_length_383027_cov_38.652855_18 # 15836 # 15991 # -1 # ID=5_18;partial=00;start_type=ATG;rbs_motif=AGGAG;rbs_spacer=5-10bp;gc_cont=0.526,98.0,93.2,50,2.35e-26,52,1,50,2,51,mobileOG_000301584,srnB,WP_015379015.1,stability/transfer/defense,NA,Plasmid RefSeq,Homology,NODE_5_length_383027_cov_38.652855_18, 15836 # 15991 # -1 , 15836,15991,-1 ,5_18,5,18,00,ATG,AGGAG,5-10bp,0.526,NODE_5_length_383027_cov_38.652855,mobileOG_000301584_NODE_5_length_383027_cov_38.652855
207,mobileOG_000361163|srnB|WP_080298853.1|stability/transfer/defense|NA|Plasmid RefSeq|Homology,NODE_5_length_383027_cov_38.652855_18 # 15836 # 15991 # -1 # ID=5_18;partial=00;start_type=ATG;rbs_motif=AGGAG;rbs_spacer=5-10bp;gc_cont=0.526,92.0,89.4,50,7.91e-25,52,1,50,2,51,mobileOG_000361163,srnB,WP_080298853.1,stability/transfer/defense,NA,Plasmid RefSeq,Homology,NODE_5_length_383027_cov_38.652855_18, 15836 # 15991 # -1 , 15836,15991,-1 ,5_18,5,18,00,ATG,AGGAG,5-10bp,0.526,NODE_5_length_383027_cov_38.652855,mobileOG_000361163_NODE_5_length_383027_cov_38.652855
208,mobileOG_000301584|srnB|WP_015379015.1|stability/transfer/defense|NA|Plasmid RefSeq|Homology,NODE_5_length_383027_cov_38.652855_22 # 21603 # 21758 # -1 # ID=5_22;partial=00;start_type=ATG;rbs_motif=AGGAG;rbs_spacer=5-10bp;gc_cont=0.519,98.0,93.2,50,2.35e-26,52,1,50,2,51,mobileOG_000301584,srnB,WP_015379015.1,stability/transfer/defense,NA,Plasmid RefSeq,Homology,NODE_5_length_383027_cov_38.652855_22, 21603 # 21758 # -1 , 21603,21758,-1 ,5_22,5,22,00,ATG,AGGAG,5-10bp,0.519,NODE_5_length_383027_cov_38.652855,mobileOG_000301584_NODE_5_length_383027_cov_38.652855
209,mobileOG_000361163|srnB|WP_080298853.1|stability/transfer/defense|NA|Plasmid RefSeq|Homology,NODE_5_length_383027_cov_38.652855_22 # 21603 # 21758 # -1 # ID=5_22;partial=00;start_type=ATG;rbs_motif=AGGAG;rbs_spacer=5-10bp;gc_cont=0.519,92.0,89.4,50,7.91e-25,52,1,50,2,51,mobileOG_000361163,srnB,WP_080298853.1,stability/transfer/defense,NA,Plasmid RefSeq,Homology,NODE_5_length_383027_cov_38.652855_22, 21603 # 21758 # -1 , 21603,21758,-1 ,5_22,5,22,00,ATG,AGGAG,5-10bp,0.519,NODE_5_length_383027_cov_38.652855,mobileOG_000361163_NODE_5_length_383027_cov_38.652855
210,"mobileOG_000312454|pilT|WP_101427354.1|transfer|conjugation,competence|Plasmid RefSeq|Homology",NODE_5_length_383027_cov_38.652855_69 # 78209 # 79231 # -1 # ID=5_69;partial=00;start_type=ATG;rbs_motif=GGAG/GAGG;rbs_spacer=5-10bp;gc_cont=0.656,95.8,608,340,8.36e-221,341,1,337,1,337,mobileOG_000312454,pilT,WP_101427354.1,transfer,"conjugation,competence",Plasmid RefSeq,Homology,NODE_5_length_383027_cov_38.652855_69, 78209 # 79231 # -1 , 78209,79231,-1 ,5_69,5,69,00,ATG,GGAG/GAGG,5-10bp,0.656,NODE_5_length_383027_cov_38.652855,mobileOG_000312454_NODE_5_length_383027_cov_38.652855
211,mobileOG_000328139|rdgB|WP_033635946.1|replication/recombination/repair|NA|Plasmid RefSeq|Homology,NODE_5_length_383027_cov_38.652855_74 # 81691 # 82284 # 1 # ID=5_74;partial=00;start_type=ATG;rbs_motif=GGA/GAG/AGG;rbs_spacer=5-10bp;gc_cont=0.653,99.5,384,197,3.58e-137,198,1,197,1,197,mobileOG_000328139,rdgB,WP_033635946.1,replication/recombination/repair,NA,Plasmid RefSeq,Homology,NODE_5_length_383027_cov_38.652855_74, 81691 # 82284 # 1 , 81691,82284,1 ,5_74,5,74,00,ATG,GGA/GAG/AGG,5-10bp,0.653,NODE_5_length_383027_cov_38.652855,mobileOG_000328139_NODE_5_length_383027_cov_38.652855
212,mobileOG_000331353|mutY|WP_101427358.1|replication/recombination/repair|NA|Plasmid RefSeq|Homology,NODE_5_length_383027_cov_38.652855_80 # 86655 # 87755 # 1 # ID=5_80;partial=00;start_type=ATG;rbs_motif=GGA/GAG/AGG;rbs_spacer=11-12bp;gc_cont=0.619,99.5,754,381,9.46e-278,367,16,381,1,366,mobileOG_000331353,mutY,WP_101427358.1,replication/recombination/repair,NA,Plasmid RefSeq,Homology,NODE_5_length_383027_cov_38.652855_80, 86655 # 87755 # 1 , 86655,87755,1 ,5_80,5,80,00,ATG,GGA/GAG/AGG,11-12bp,0.619,NODE_5_length_383027_cov_38.652855,mobileOG_000331353_NODE_5_length_383027_cov_38.652855
213,mobileOG_000353791|parC|WP_039569308.1|replication/recombination/repair|partitioning|Plasmid RefSeq|Homology,NODE_5_length_383027_cov_38.652855_124 # 142728 # 145001 # -1 # ID=5_124;partial=00;start_type=ATG;rbs_motif=AGGA;rbs_spacer=5-10bp;gc_cont=0.635,99.5,1470,757,0.0,758,1,757,1,757,mobileOG_000353791,parC,WP_039569308.1,replication/recombination/repair,partitioning,Plasmid RefSeq,Homology,NODE_5_length_383027_cov_38.652855_124, 142728 # 145001 # -1 , 142728,145001,-1 ,5_124,5,124,00,ATG,AGGA,5-10bp,0.635,NODE_5_length_383027_cov_38.652855,mobileOG_000353791_NODE_5_length_383027_cov_38.652855
214,mobileOG_000368543|parE|WP_025304305.1|replication/recombination/repair|partitioning|Plasmid RefSeq|Homology,NODE_5_length_383027_cov_38.652855_128 # 147238 # 149133 # -1 # ID=5_128;partial=00;start_type=ATG;rbs_motif=None;rbs_spacer=None;gc_cont=0.617,100,1256,631,0.0,632,1,631,1,631,mobileOG_000368543,parE,WP_025304305.1,replication/recombination/repair,partitioning,Plasmid RefSeq,Homology,NODE_5_length_383027_cov_38.652855_128, 147238 # 149133 # -1 , 147238,149133,-1 ,5_128,5,128,00,ATG,None,None,0.617,NODE_5_length_383027_cov_38.652855,mobileOG_000368543_NODE_5_length_383027_cov_38.652855
215,mobileOG_000026107|parE|P20083|replication/recombination/repair|partitioning|Multiple|Manual,NODE_5_length_383027_cov_38.652855_128 # 147238 # 149133 # -1 # ID=5_128;partial=00;start_type=ATG;rbs_motif=None;rbs_spacer=None;gc_cont=0.617,92.2,1167,630,0.0,632,1,630,1,631,mobileOG_000026107,parE,P20083,replication/recombination/repair,partitioning,Multiple,Manual,NODE_5_length_383027_cov_38.652855_128, 147238 # 149133 # -1 , 147238,149133,-1 ,5_128,5,128,00,ATG,None,None,0.617,NODE_5_length_383027_cov_38.652855,mobileOG_000026107_NODE_5_length_383027_cov_38.652855
216,mobileOG_000289024|parE|WP_008806513.1|replication/recombination/repair|partitioning|Plasmid RefSeq|Homology,NODE_5_length_383027_cov_38.652855_128 # 147238 # 149133 # -1 # ID=5_128;partial=00;start_type=ATG;rbs_motif=None;rbs_spacer=None;gc_cont=0.617,92.1,1167,631,0.0,632,1,631,1,631,mobileOG_000289024,parE,WP_008806513.1,replication/recombination/repair,partitioning,Plasmid RefSeq,Homology,NODE_5_length_383027_cov_38.652855_128, 147238 # 149133 # -1 , 147238,149133,-1 ,5_128,5,128,00,ATG,None,None,0.617,NODE_5_length_383027_cov_38.652855,mobileOG_000289024_NODE_5_length_383027_cov_38.652855
217,mobileOG_000353777|parE|A0A0C2EHG6|replication/recombination/repair|partitioning|Multiple|Homology,NODE_5_length_383027_cov_38.652855_128 # 147238 # 149133 # -1 # ID=5_128;partial=00;start_type=ATG;rbs_motif=None;rbs_spacer=None;gc_cont=0.617,92.1,1166,630,0.0,632,1,630,1,631,mobileOG_000353777,parE,A0A0C2EHG6,replication/recombination/repair,partitioning,Multiple,Homology,NODE_5_length_383027_cov_38.652855_128, 147238 # 149133 # -1 , 147238,149133,-1 ,5_128,5,128,00,ATG,None,None,0.617,NODE_5_length_383027_cov_38.652855,mobileOG_000353777_NODE_5_length_383027_cov_38.652855
218,mobileOG_000026108|parE|P0A2I6|replication/recombination/repair|partitioning|Plasmid RefSeq|Manual,NODE_5_length_383027_cov_38.652855_128 # 147238 # 149133 # -1 # ID=5_128;partial=00;start_type=ATG;rbs_motif=None;rbs_spacer=None;gc_cont=0.617,92.1,1165,630,0.0,632,1,630,1,631,mobileOG_000026108,parE,P0A2I6,replication/recombination/repair,partitioning,Plasmid RefSeq,Manual,NODE_5_length_383027_cov_38.652855_128, 147238 # 149133 # -1 , 147238,149133,-1 ,5_128,5,128,00,ATG,None,None,0.617,NODE_5_length_383027_cov_38.652855,mobileOG_000026108_NODE_5_length_383027_cov_38.652855
219,"mobileOG_000353237|cca|WP_033649056.1|phage|regulation,infection|Plasmid RefSeq|Homology",NODE_5_length_383027_cov_38.652855_149 # 172968 # 174212 # 1 # ID=5_149;partial=00;start_type=GTG;rbs_motif=AGGAG;rbs_spacer=5-10bp;gc_cont=0.656,97.3,808,414,2.12e-297,415,1,414,1,414,mobileOG_000353237,cca,WP_033649056.1,phage,"regulation,infection",Plasmid RefSeq,Homology,NODE_5_length_383027_cov_38.652855_149, 172968 # 174212 # 1 , 172968,174212,1 ,5_149,5,149,00,GTG,AGGAG,5-10bp,0.656,NODE_5_length_383027_cov_38.652855,mobileOG_000353237_NODE_5_length_383027_cov_38.652855
220,mobileOG_000368544|dnaG|WP_025304325.1|replication/recombination/repair|NA|Plasmid RefSeq|Homology,NODE_5_length_383027_cov_38.652855_154 # 178043 # 179791 # 1 # ID=5_154;partial=00;start_type=ATG;rbs_motif=GGA/GAG/AGG;rbs_spacer=3-4bp;gc_cont=0.594,99.8,1145,582,0.0,583,1,582,1,582,mobileOG_000368544,dnaG,WP_025304325.1,replication/recombination/repair,NA,Plasmid RefSeq,Homology,NODE_5_length_383027_cov_38.652855_154, 178043 # 179791 # 1 , 178043,179791,1 ,5_154,5,154,00,ATG,GGA/GAG/AGG,3-4bp,0.594,NODE_5_length_383027_cov_38.652855,mobileOG_000368544_NODE_5_length_383027_cov_38.652855
221,mobileOG_000015138|dnaG|A0A0P0QJ09|replication/recombination/repair|NA|GPD|Manual,NODE_5_length_383027_cov_38.652855_154 # 178043 # 179791 # 1 # ID=5_154;partial=00;start_type=ATG;rbs_motif=GGA/GAG/AGG;rbs_spacer=3-4bp;gc_cont=0.594,99.5,1141,582,0.0,583,1,582,1,582,mobileOG_000015138,dnaG,A0A0P0QJ09,replication/recombination/repair,NA,GPD,Manual,NODE_5_length_383027_cov_38.652855_154, 178043 # 179791 # 1 , 178043,179791,1 ,5_154,5,154,00,ATG,GGA/GAG/AGG,3-4bp,0.594,NODE_5_length_383027_cov_38.652855,mobileOG_000015138_NODE_5_length_383027_cov_38.652855
222,mobileOG_000015137|mug|A0A221DV72|replication/recombination/repair|NA|GPD|Manual,NODE_5_length_383027_cov_38.652855_157 # 182315 # 182803 # -1 # ID=5_157;partial=00;start_type=ATG;rbs_motif=GGA/GAG/AGG;rbs_spacer=11-12bp;gc_cont=0.648,96.9,322,162,1.79e-113,163,1,162,1,162,mobileOG_000015137,mug,A0A221DV72,replication/recombination/repair,NA,GPD,Manual,NODE_5_length_383027_cov_38.652855_157, 182315 # 182803 # -1 , 182315,182803,-1 ,5_157,5,157,00,ATG,GGA/GAG/AGG,11-12bp,0.648,NODE_5_length_383027_cov_38.652855,mobileOG_000015137_NODE_5_length_383027_cov_38.652855
223,mobileOG_000026430|mug|P43343|replication/recombination/repair|NA|Plasmid RefSeq|Manual,NODE_5_length_383027_cov_38.652855_157 # 182315 # 182803 # -1 # ID=5_157;partial=00;start_type=ATG;rbs_motif=GGA/GAG/AGG;rbs_spacer=11-12bp;gc_cont=0.648,96.9,321,162,2.55e-113,163,1,162,1,162,mobileOG_000026430,mug,P43343,replication/recombination/repair,NA,Plasmid RefSeq,Manual,NODE_5_length_383027_cov_38.652855_157, 182315 # 182803 # -1 , 182315,182803,-1 ,5_157,5,157,00,ATG,GGA/GAG/AGG,11-12bp,0.648,NODE_5_length_383027_cov_38.652855,mobileOG_000026430_NODE_5_length_383027_cov_38.652855
224,"mobileOG_000190700|ogr|A0A221DV99|phage|regulation,lysis/lysogeny|GPD|Homology",NODE_5_length_383027_cov_38.652855_158 # 183226 # 183456 # -1 # ID=5_158;partial=00;start_type=ATG;rbs_motif=GGAG/GAGG;rbs_spacer=5-10bp;gc_cont=0.554,90.8,150,76,3.43e-48,77,1,76,1,76,mobileOG_000190700,ogr,A0A221DV99,phage,"regulation,lysis/lysogeny",GPD,Homology,NODE_5_length_383027_cov_38.652855_158, 183226 # 183456 # -1 , 183226,183456,-1 ,5_158,5,158,00,ATG,GGAG/GAGG,5-10bp,0.554,NODE_5_length_383027_cov_38.652855,mobileOG_000190700_NODE_5_length_383027_cov_38.652855
225,mobileOG_000190699|D|A0A542C9J9|phage|structural|GPD|Homology,NODE_5_length_383027_cov_38.652855_159 # 183540 # 184700 # -1 # ID=5_159;partial=00;start_type=ATG;rbs_motif=GGAGG;rbs_spacer=5-10bp;gc_cont=0.592,98.7,724,382,3.44e-265,387,1,381,1,381,mobileOG_000190699,D,A0A542C9J9,phage,structural,GPD,Homology,NODE_5_length_383027_cov_38.652855_159, 183540 # 184700 # -1 , 183540,184700,-1 ,5_159,5,159,00,ATG,GGAGG,5-10bp,0.592,NODE_5_length_383027_cov_38.652855,mobileOG_000190699_NODE_5_length_383027_cov_38.652855
226,mobileOG_000190698|gpU|A0A379YHB3|phage|structural|GPD|Homology,NODE_5_length_383027_cov_38.652855_160 # 184697 # 185182 # -1 # ID=5_160;partial=00;start_type=ATG;rbs_motif=GGA/GAG/AGG;rbs_spacer=5-10bp;gc_cont=0.607,99.4,294,161,1.12e-102,162,1,161,1,161,mobileOG_000190698,gpU,A0A379YHB3,phage,structural,GPD,Homology,NODE_5_length_383027_cov_38.652855_160, 184697 # 185182 # -1 , 184697,185182,-1 ,5_160,5,160,00,ATG,GGA/GAG/AGG,5-10bp,0.607,NODE_5_length_383027_cov_38.652855,mobileOG_000190698_NODE_5_length_383027_cov_38.652855
227,mobileOG_000190697|gpT|A0A542C9E1|phage|structural|GPD|Homology,NODE_5_length_383027_cov_38.652855_161 # 185187 # 188033 # -1 # ID=5_161;partial=00;start_type=ATG;rbs_motif=GGAG/GAGG;rbs_spacer=5-10bp;gc_cont=0.624,92.7,1451,949,0.0,949,1,946,1,946,mobileOG_000190697,gpT,A0A542C9E1,phage,structural,GPD,Homology,NODE_5_length_383027_cov_38.652855_161, 185187 # 188033 # -1 , 185187,188033,-1 ,5_161,5,161,00,ATG,GGAG/GAGG,5-10bp,0.624,NODE_5_length_383027_cov_38.652855,mobileOG_000190697_NODE_5_length_383027_cov_38.652855
228,mobileOG_000597627|NA:Keyword|A0A514I9I0|phage|NA|GPD|Keyword Search,NODE_5_length_383027_cov_38.652855_162 # 188181 # 188462 # -1 # ID=5_162;partial=00;start_type=ATG;rbs_motif=GGA/GAG/AGG;rbs_spacer=5-10bp;gc_cont=0.610,97.8,172,93,1.15e-56,94,1,93,1,93,mobileOG_000597627,NA:Keyword,A0A514I9I0,phage,NA,GPD,Keyword Search,NODE_5_length_383027_cov_38.652855_162, 188181 # 188462 # -1 , 188181,188462,-1 ,5_162,5,162,00,ATG,GGA/GAG/AGG,5-10bp,0.610,NODE_5_length_383027_cov_38.652855,mobileOG_000597627_NODE_5_length_383027_cov_38.652855
229,mobileOG_000190696|FII|A0A177ISZ1|phage|structural|GPD|Homology,NODE_5_length_383027_cov_38.652855_163 # 188517 # 189026 # -1 # ID=5_163;partial=00;start_type=ATG;rbs_motif=AGGAG;rbs_spacer=5-10bp;gc_cont=0.594,100,337,169,1.70e-119,170,1,169,1,169,mobileOG_000190696,FII,A0A177ISZ1,phage,structural,GPD,Homology,NODE_5_length_383027_cov_38.652855_163, 188517 # 189026 # -1 , 188517,189026,-1 ,5_163,5,163,00,ATG,AGGAG,5-10bp,0.594,NODE_5_length_383027_cov_38.652855,mobileOG_000190696_NODE_5_length_383027_cov_38.652855
230,"mobileOG_000190695|fI|A0A542C9I9|phage|structural,infection,initiation|GPD|Homology",NODE_5_length_383027_cov_38.652855_164 # 189042 # 190211 # -1 # ID=5_164;partial=00;start_type=ATG;rbs_motif=GGAG/GAGG;rbs_spacer=5-10bp;gc_cont=0.605,99.2,764,389,7.13e-281,390,1,389,1,389,mobileOG_000190695,fI,A0A542C9I9,phage,"structural,infection,initiation",GPD,Homology,NODE_5_length_383027_cov_38.652855_164, 189042 # 190211 # -1 , 189042,190211,-1 ,5_164,5,164,00,ATG,GGAG/GAGG,5-10bp,0.605,NODE_5_length_383027_cov_38.652855,mobileOG_000190695_NODE_5_length_383027_cov_38.652855
231,"mobileOG_000031590|fI|A8GA29|phage|structural,infection,initiation|ACLAME|Homology",NODE_5_length_383027_cov_38.652855_164 # 189042 # 190211 # -1 # ID=5_164;partial=00;start_type=ATG;rbs_motif=GGAG/GAGG;rbs_spacer=5-10bp;gc_cont=0.605,90.5,696,389,4.73e-254,390,1,388,1,388,mobileOG_000031590,fI,A8GA29,phage,"structural,infection,initiation",ACLAME,Homology,NODE_5_length_383027_cov_38.652855_164, 189042 # 190211 # -1 , 189042,190211,-1 ,5_164,5,164,00,ATG,GGAG/GAGG,5-10bp,0.605,NODE_5_length_383027_cov_38.652855,mobileOG_000031590_NODE_5_length_383027_cov_38.652855
232,mobileOG_000190694|tfaQ_1|A0A514H3R1|phage|structural|GPD|Homology,NODE_5_length_383027_cov_38.652855_165 # 190485 # 191006 # -1 # ID=5_165;partial=00;start_type=ATG;rbs_motif=GGA/GAG/AGG;rbs_spacer=5-10bp;gc_cont=0.508,96.0,332,173,2.22e-117,174,1,173,1,173,mobileOG_000190694,tfaQ_1,A0A514H3R1,phage,structural,GPD,Homology,NODE_5_length_383027_cov_38.652855_165, 190485 # 191006 # -1 , 190485,191006,-1 ,5_165,5,165,00,ATG,GGA/GAG/AGG,5-10bp,0.508,NODE_5_length_383027_cov_38.652855,mobileOG_000190694_NODE_5_length_383027_cov_38.652855
233,mobileOG_000190693|I|A0A221DVA9|phage|structural|GPD|Homology,NODE_5_length_383027_cov_38.652855_167 # 193552 # 194085 # -1 # ID=5_167;partial=00;start_type=ATG;rbs_motif=None;rbs_spacer=None;gc_cont=0.620,99.4,366,177,1.62e-130,178,1,177,1,177,mobileOG_000190693,I,A0A221DVA9,phage,structural,GPD,Homology,NODE_5_length_383027_cov_38.652855_167, 193552 # 194085 # -1 , 193552,194085,-1 ,5_167,5,167,00,ATG,None,None,0.620,NODE_5_length_383027_cov_38.652855,mobileOG_000190693_NODE_5_length_383027_cov_38.652855
234,mobileOG_000190691|W|A0A5C7CYX4|phage|structural|GPD|Homology,NODE_5_length_383027_cov_38.652855_169 # 194991 # 195341 # -1 # ID=5_169;partial=00;start_type=ATG;rbs_motif=GGA/GAG/AGG;rbs_spacer=5-10bp;gc_cont=0.613,97.4,225,116,7.75e-77,117,1,116,1,116,mobileOG_000190691,W,A0A5C7CYX4,phage,structural,GPD,Homology,NODE_5_length_383027_cov_38.652855_169, 194991 # 195341 # -1 , 194991,195341,-1 ,5_169,5,169,00,ATG,GGA/GAG/AGG,5-10bp,0.613,NODE_5_length_383027_cov_38.652855,mobileOG_000190691_NODE_5_length_383027_cov_38.652855
235,"mobileOG_000190690|V|A0A542C9C9|phage|infection,structural|GPD|Homology",NODE_5_length_383027_cov_38.652855_170 # 195338 # 195967 # -1 # ID=5_170;partial=00;start_type=ATG;rbs_motif=None;rbs_spacer=None;gc_cont=0.605,97.1,396,209,1.68e-141,210,1,209,1,209,mobileOG_000190690,V,A0A542C9C9,phage,"infection,structural",GPD,Homology,NODE_5_length_383027_cov_38.652855_170, 195338 # 195967 # -1 , 195338,195967,-1 ,5_170,5,170,00,ATG,None,None,0.605,NODE_5_length_383027_cov_38.652855,mobileOG_000190690_NODE_5_length_383027_cov_38.652855
236,mobileOG_000190689|R|A0A5Q8C385|phage|structural|GPD|Homology,NODE_5_length_383027_cov_38.652855_173 # 197308 # 197784 # -1 # ID=5_173;partial=00;start_type=ATG;rbs_motif=AGGA;rbs_spacer=5-10bp;gc_cont=0.574,95.6,304,157,9.34e-107,159,1,157,1,158,mobileOG_000190689,R,A0A5Q8C385,phage,structural,GPD,Homology,NODE_5_length_383027_cov_38.652855_173, 197308 # 197784 # -1 , 197308,197784,-1 ,5_173,5,173,00,ATG,AGGA,5-10bp,0.574,NODE_5_length_383027_cov_38.652855,mobileOG_000190689_NODE_5_length_383027_cov_38.652855
237,mobileOG_000190688|rrrD|A0A221DV70|phage|lysis|GPD|Homology,NODE_5_length_383027_cov_38.652855_175 # 198305 # 198817 # -1 # ID=5_175;partial=00;start_type=ATG;rbs_motif=GGAGG;rbs_spacer=5-10bp;gc_cont=0.669,98.2,334,170,4.33e-118,171,1,170,1,170,mobileOG_000190688,rrrD,A0A221DV70,phage,lysis,GPD,Homology,NODE_5_length_383027_cov_38.652855_175, 198305 # 198817 # -1 , 198305,198817,-1 ,5_175,5,175,00,ATG,GGAGG,5-10bp,0.669,NODE_5_length_383027_cov_38.652855,mobileOG_000190688_NODE_5_length_383027_cov_38.652855
238,"mobileOG_000190687|X|A0A177ITV0|phage|infection,initiation|GPD|Homology",NODE_5_length_383027_cov_38.652855_177 # 199013 # 199216 # -1 # ID=5_177;partial=00;start_type=ATG;rbs_motif=None;rbs_spacer=None;gc_cont=0.632,98.5,141,67,4.15e-45,68,1,67,1,67,mobileOG_000190687,X,A0A177ITV0,phage,"infection,initiation",GPD,Homology,NODE_5_length_383027_cov_38.652855_177, 199013 # 199216 # -1 , 199013,199216,-1 ,5_177,5,177,00,ATG,None,None,0.632,NODE_5_length_383027_cov_38.652855,mobileOG_000190687_NODE_5_length_383027_cov_38.652855
239,mobileOG_000190686|L|A0A2K2IYY4|phage|structural|GPD|Homology,NODE_5_length_383027_cov_38.652855_178 # 199216 # 199704 # -1 # ID=5_178;partial=00;start_type=ATG;rbs_motif=GGA/GAG/AGG;rbs_spacer=5-10bp;gc_cont=0.636,99.4,316,162,3.48e-111,163,1,162,1,162,mobileOG_000190686,L,A0A2K2IYY4,phage,structural,GPD,Homology,NODE_5_length_383027_cov_38.652855_178, 199216 # 199704 # -1 , 199216,199704,-1 ,5_178,5,178,00,ATG,GGA/GAG/AGG,5-10bp,0.636,NODE_5_length_383027_cov_38.652855,mobileOG_000190686_NODE_5_length_383027_cov_38.652855
240,"mobileOG_000190680|A|A0A514I9D1|phage|infection,regulation|GPD|Homology",NODE_5_length_383027_cov_38.652855_190 # 210828 # 213044 # -1 # ID=5_190;partial=00;start_type=ATG;rbs_motif=AGxAGG/AGGxGG;rbs_spacer=5-10bp;gc_cont=0.575,97.3,1431,738,0.0,739,1,738,1,738,mobileOG_000190680,A,A0A514I9D1,phage,"infection,regulation",GPD,Homology,NODE_5_length_383027_cov_38.652855_190, 210828 # 213044 # -1 , 210828,213044,-1 ,5_190,5,190,00,ATG,AGxAGG/AGGxGG,5-10bp,0.575,NODE_5_length_383027_cov_38.652855,mobileOG_000190680_NODE_5_length_383027_cov_38.652855
241,mobileOG_000368512|diaA|WP_004937103.1|replication/recombination/repair|NA|Plasmid RefSeq|Homology,NODE_5_length_383027_cov_38.652855_232 # 252549 # 253139 # 1 # ID=5_232;partial=00;start_type=GTG;rbs_motif=GGA/GAG/AGG;rbs_spacer=5-10bp;gc_cont=0.604,100,383,196,1.35e-136,197,1,196,1,196,mobileOG_000368512,diaA,WP_004937103.1,replication/recombination/repair,NA,Plasmid RefSeq,Homology,NODE_5_length_383027_cov_38.652855_232, 252549 # 253139 # 1 , 252549,253139,1 ,5_232,5,232,00,GTG,GGA/GAG/AGG,5-10bp,0.604,NODE_5_length_383027_cov_38.652855,mobileOG_000368512_NODE_5_length_383027_cov_38.652855
242,mobileOG_000026069|diaA|A6TEG8|replication/recombination/repair|NA|Plasmid RefSeq|Manual,NODE_5_length_383027_cov_38.652855_232 # 252549 # 253139 # 1 # ID=5_232;partial=00;start_type=GTG;rbs_motif=GGA/GAG/AGG;rbs_spacer=5-10bp;gc_cont=0.604,96.4,374,196,6.16e-133,197,1,196,1,196,mobileOG_000026069,diaA,A6TEG8,replication/recombination/repair,NA,Plasmid RefSeq,Manual,NODE_5_length_383027_cov_38.652855_232, 252549 # 253139 # 1 , 252549,253139,1 ,5_232,5,232,00,GTG,GGA/GAG/AGG,5-10bp,0.604,NODE_5_length_383027_cov_38.652855,mobileOG_000026069_NODE_5_length_383027_cov_38.652855
243,mobileOG_000297506|diaA|A0A422XC86|replication/recombination/repair|NA|Plasmid RefSeq|Homology,NODE_5_length_383027_cov_38.652855_232 # 252549 # 253139 # 1 # ID=5_232;partial=00;start_type=GTG;rbs_motif=GGA/GAG/AGG;rbs_spacer=5-10bp;gc_cont=0.604,96.4,373,196,1.24e-132,197,1,196,1,196,mobileOG_000297506,diaA,A0A422XC86,replication/recombination/repair,NA,Plasmid RefSeq,Homology,NODE_5_length_383027_cov_38.652855_232, 252549 # 253139 # 1 , 252549,253139,1 ,5_232,5,232,00,GTG,GGA/GAG/AGG,5-10bp,0.604,NODE_5_length_383027_cov_38.652855,mobileOG_000297506_NODE_5_length_383027_cov_38.652855
244,mobileOG_000025623|diaA|WP_000893481.1|replication/recombination/repair|NA|Plasmid RefSeq|Manual,NODE_5_length_383027_cov_38.652855_232 # 252549 # 253139 # 1 # ID=5_232;partial=00;start_type=GTG;rbs_motif=GGA/GAG/AGG;rbs_spacer=5-10bp;gc_cont=0.604,95.9,369,196,2.93e-131,197,1,196,1,196,mobileOG_000025623,diaA,WP_000893481.1,replication/recombination/repair,NA,Plasmid RefSeq,Manual,NODE_5_length_383027_cov_38.652855_232, 252549 # 253139 # 1 , 252549,253139,1 ,5_232,5,232,00,GTG,GGA/GAG/AGG,5-10bp,0.604,NODE_5_length_383027_cov_38.652855,mobileOG_000025623_NODE_5_length_383027_cov_38.652855
245,mobileOG_000025677|diaA|WP_002210146.1|replication/recombination/repair|NA|Plasmid RefSeq|Manual,NODE_5_length_383027_cov_38.652855_232 # 252549 # 253139 # 1 # ID=5_232;partial=00;start_type=GTG;rbs_motif=GGA/GAG/AGG;rbs_spacer=5-10bp;gc_cont=0.604,93.4,358,196,5.44e-127,197,1,196,1,196,mobileOG_000025677,diaA,WP_002210146.1,replication/recombination/repair,NA,Plasmid RefSeq,Manual,NODE_5_length_383027_cov_38.652855_232, 252549 # 253139 # 1 , 252549,253139,1 ,5_232,5,232,00,GTG,GGA/GAG/AGG,5-10bp,0.604,NODE_5_length_383027_cov_38.652855,mobileOG_000025677_NODE_5_length_383027_cov_38.652855
246,"mobileOG_000368511|sspA|WP_004937082.1|phage|infection,regulation|Plasmid RefSeq|Homology",NODE_5_length_383027_cov_38.652855_243 # 268249 # 268890 # -1 # ID=5_243;partial=00;start_type=ATG;rbs_motif=GGAGG;rbs_spacer=5-10bp;gc_cont=0.583,100,419,213,2.30e-150,214,1,213,1,213,mobileOG_000368511,sspA,WP_004937082.1,phage,"infection,regulation",Plasmid RefSeq,Homology,NODE_5_length_383027_cov_38.652855_243, 268249 # 268890 # -1 , 268249,268890,-1 ,5_243,5,243,00,ATG,GGAGG,5-10bp,0.583,NODE_5_length_383027_cov_38.652855,mobileOG_000368511_NODE_5_length_383027_cov_38.652855
247,"mobileOG_000354050|sspA|WP_025304366.1|phage|infection,regulation|Plasmid RefSeq|Homology",NODE_5_length_383027_cov_38.652855_243 # 268249 # 268890 # -1 # ID=5_243;partial=00;start_type=ATG;rbs_motif=GGAGG;rbs_spacer=5-10bp;gc_cont=0.583,99.5,417,213,9.38e-150,214,1,213,1,213,mobileOG_000354050,sspA,WP_025304366.1,phage,"infection,regulation",Plasmid RefSeq,Homology,NODE_5_length_383027_cov_38.652855_243, 268249 # 268890 # -1 , 268249,268890,-1 ,5_243,5,243,00,ATG,GGAGG,5-10bp,0.583,NODE_5_length_383027_cov_38.652855,mobileOG_000354050_NODE_5_length_383027_cov_38.652855
248,mobileOG_000376615|ygjN|WP_004937033.1|stability/transfer/defense|NA|Plasmid RefSeq|Homology,NODE_5_length_383027_cov_38.652855_268 # 288291 # 288602 # 1 # ID=5_268;partial=00;start_type=ATG;rbs_motif=AGGA/GGAG/GAGG;rbs_spacer=11-12bp;gc_cont=0.494,100,213,103,1.59e-72,104,1,103,1,103,mobileOG_000376615,ygjN,WP_004937033.1,stability/transfer/defense,NA,Plasmid RefSeq,Homology,NODE_5_length_383027_cov_38.652855_268, 288291 # 288602 # 1 , 288291,288602,1 ,5_268,5,268,00,ATG,AGGA/GGAG/GAGG,11-12bp,0.494,NODE_5_length_383027_cov_38.652855,mobileOG_000376615_NODE_5_length_383027_cov_38.652855
249,mobileOG_000377484|ygjN|WP_033636137.1|stability/transfer/defense|NA|Plasmid RefSeq|Homology,NODE_5_length_383027_cov_38.652855_268 # 288291 # 288602 # 1 # ID=5_268;partial=00;start_type=ATG;rbs_motif=AGGA/GGAG/GAGG;rbs_spacer=11-12bp;gc_cont=0.494,99.0,211,103,9.24e-72,104,1,103,1,103,mobileOG_000377484,ygjN,WP_033636137.1,stability/transfer/defense,NA,Plasmid RefSeq,Homology,NODE_5_length_383027_cov_38.652855_268, 288291 # 288602 # 1 , 288291,288602,1 ,5_268,5,268,00,ATG,AGGA/GGAG/GAGG,11-12bp,0.494,NODE_5_length_383027_cov_38.652855,mobileOG_000377484_NODE_5_length_383027_cov_38.652855
250,mobileOG_000362964|higA_3|WP_033644489.1|stability/transfer/defense|NA|Plasmid RefSeq|Homology,NODE_5_length_383027_cov_38.652855_269 # 288599 # 289021 # 1 # ID=5_269;partial=00;start_type=ATG;rbs_motif=AGGAG;rbs_spacer=5-10bp;gc_cont=0.525,100,270,140,9.35e-94,141,1,140,1,140,mobileOG_000362964,higA_3,WP_033644489.1,stability/transfer/defense,NA,Plasmid RefSeq,Homology,NODE_5_length_383027_cov_38.652855_269, 288599 # 289021 # 1 , 288599,289021,1 ,5_269,5,269,00,ATG,AGGAG,5-10bp,0.525,NODE_5_length_383027_cov_38.652855,mobileOG_000362964_NODE_5_length_383027_cov_38.652855
251,mobileOG_000364378|higA_3|WP_033636138.1|stability/transfer/defense|NA|Plasmid RefSeq|Homology,NODE_5_length_383027_cov_38.652855_269 # 288599 # 289021 # 1 # ID=5_269;partial=00;start_type=ATG;rbs_motif=AGGAG;rbs_spacer=5-10bp;gc_cont=0.525,96.4,259,140,1.23e-89,141,1,140,1,140,mobileOG_000364378,higA_3,WP_033636138.1,stability/transfer/defense,NA,Plasmid RefSeq,Homology,NODE_5_length_383027_cov_38.652855_269, 288599 # 289021 # 1 , 288599,289021,1 ,5_269,5,269,00,ATG,AGGAG,5-10bp,0.525,NODE_5_length_383027_cov_38.652855,mobileOG_000364378_NODE_5_length_383027_cov_38.652855
252,mobileOG_000003237|fis|WP_000462905.1|integration/excision|replication/recombination/repair|Multiple|Manual,NODE_5_length_383027_cov_38.652855_320 # 340039 # 340335 # 1 # ID=5_320;partial=00;start_type=ATG;rbs_motif=GGA/GAG/AGG;rbs_spacer=11-12bp;gc_cont=0.485,100,189,98,4.53e-63,99,1,98,1,98,mobileOG_000003237,fis,WP_000462905.1,integration/excision,replication/recombination/repair,Multiple,Manual,NODE_5_length_383027_cov_38.652855_320, 340039 # 340335 # 1 , 340039,340335,1 ,5_320,5,320,00,ATG,GGA/GAG/AGG,11-12bp,0.485,NODE_5_length_383027_cov_38.652855,mobileOG_000003237_NODE_5_length_383027_cov_38.652855
253,mobileOG_000353627|fis|WP_004240545.1|integration/excision|replication/recombination/repair|Plasmid RefSeq|Homology,NODE_5_length_383027_cov_38.652855_320 # 340039 # 340335 # 1 # ID=5_320;partial=00;start_type=ATG;rbs_motif=GGA/GAG/AGG;rbs_spacer=11-12bp;gc_cont=0.485,98.0,186,98,5.30e-62,99,1,98,1,98,mobileOG_000353627,fis,WP_004240545.1,integration/excision,replication/recombination/repair,Plasmid RefSeq,Homology,NODE_5_length_383027_cov_38.652855_320, 340039 # 340335 # 1 , 340039,340335,1 ,5_320,5,320,00,ATG,GGA/GAG/AGG,11-12bp,0.485,NODE_5_length_383027_cov_38.652855,mobileOG_000353627_NODE_5_length_383027_cov_38.652855
254,mobileOG_000026099|fis|Q8ZAX8|integration/excision|replication/recombination/repair|Plasmid RefSeq|Manual,NODE_5_length_383027_cov_38.652855_320 # 340039 # 340335 # 1 # ID=5_320;partial=00;start_type=ATG;rbs_motif=GGA/GAG/AGG;rbs_spacer=11-12bp;gc_cont=0.485,98.0,186,98,7.54e-62,99,1,98,1,98,mobileOG_000026099,fis,Q8ZAX8,integration/excision,replication/recombination/repair,Plasmid RefSeq,Manual,NODE_5_length_383027_cov_38.652855_320, 340039 # 340335 # 1 , 340039,340335,1 ,5_320,5,320,00,ATG,GGA/GAG/AGG,11-12bp,0.485,NODE_5_length_383027_cov_38.652855,mobileOG_000026099_NODE_5_length_383027_cov_38.652855
255,mobileOG_000012594|fis|WP_000462905.1|integration/excision|replication/recombination/repair|GPD|Manual,NODE_5_length_383027_cov_38.652855_320 # 340039 # 340335 # 1 # ID=5_320;partial=00;start_type=ATG;rbs_motif=GGA/GAG/AGG;rbs_spacer=11-12bp;gc_cont=0.485,100,179,93,3.60e-59,99,1,93,6,98,mobileOG_000012594,fis,WP_000462905.1,integration/excision,replication/recombination/repair,GPD,Manual,NODE_5_length_383027_cov_38.652855_320, 340039 # 340335 # 1 , 340039,340335,1 ,5_320,5,320,00,ATG,GGA/GAG/AGG,11-12bp,0.485,NODE_5_length_383027_cov_38.652855,mobileOG_000012594_NODE_5_length_383027_cov_38.652855
256,mobileOG_000026496|ssb|P25762|replication/recombination/repair|NA|Plasmid RefSeq|Manual,NODE_5_length_383027_cov_38.652855_338 # 372852 # 373382 # -1 # ID=5_338;partial=00;start_type=ATG;rbs_motif=GGAG/GAGG;rbs_spacer=5-10bp;gc_cont=0.616,100,336,176,1.18e-118,177,1,176,1,176,mobileOG_000026496,ssb,P25762,replication/recombination/repair,NA,Plasmid RefSeq,Manual,NODE_5_length_383027_cov_38.652855_338, 372852 # 373382 # -1 , 372852,373382,-1 ,5_338,5,338,00,ATG,GGAG/GAGG,5-10bp,0.616,NODE_5_length_383027_cov_38.652855,mobileOG_000026496_NODE_5_length_383027_cov_38.652855
257,mobileOG_000364805|ssb|WP_033654707.1|replication/recombination/repair|NA|Plasmid RefSeq|Homology,NODE_5_length_383027_cov_38.652855_338 # 372852 # 373382 # -1 # ID=5_338;partial=00;start_type=ATG;rbs_motif=GGAG/GAGG;rbs_spacer=5-10bp;gc_cont=0.616,94.4,307,177,3.32e-107,177,1,177,1,176,mobileOG_000364805,ssb,WP_033654707.1,replication/recombination/repair,NA,Plasmid RefSeq,Homology,NODE_5_length_383027_cov_38.652855_338, 372852 # 373382 # -1 , 372852,373382,-1 ,5_338,5,338,00,ATG,GGAG/GAGG,5-10bp,0.616,NODE_5_length_383027_cov_38.652855,mobileOG_000364805_NODE_5_length_383027_cov_38.652855
258,mobileOG_000355081|uvrA|WP_033644422.1|replication/recombination/repair|NA|Plasmid RefSeq|Homology,NODE_5_length_383027_cov_38.652855_339 # 373660 # 376488 # 1 # ID=5_339;partial=00;start_type=ATG;rbs_motif=GGA/GAG/AGG;rbs_spacer=5-10bp;gc_cont=0.631,100,1867,942,0.0,943,1,942,1,942,mobileOG_000355081,uvrA,WP_033644422.1,replication/recombination/repair,NA,Plasmid RefSeq,Homology,NODE_5_length_383027_cov_38.652855_339, 373660 # 376488 # 1 , 373660,376488,1 ,5_339,5,339,00,ATG,GGA/GAG/AGG,5-10bp,0.631,NODE_5_length_383027_cov_38.652855,mobileOG_000355081_NODE_5_length_383027_cov_38.652855
259,mobileOG_000355080|uvrA|WP_033636192.1|replication/recombination/repair|NA|Plasmid RefSeq|Homology,NODE_5_length_383027_cov_38.652855_339 # 373660 # 376488 # 1 # ID=5_339;partial=00;start_type=ATG;rbs_motif=GGA/GAG/AGG;rbs_spacer=5-10bp;gc_cont=0.631,99.5,1858,942,0.0,943,1,941,1,941,mobileOG_000355080,uvrA,WP_033636192.1,replication/recombination/repair,NA,Plasmid RefSeq,Homology,NODE_5_length_383027_cov_38.652855_339, 373660 # 376488 # 1 , 373660,376488,1 ,5_339,5,339,00,ATG,GGA/GAG/AGG,5-10bp,0.631,NODE_5_length_383027_cov_38.652855,mobileOG_000355080_NODE_5_length_383027_cov_38.652855
260,mobileOG_000355073|uvrA|WP_004146620.1|replication/recombination/repair|NA|Plasmid RefSeq|Homology,NODE_5_length_383027_cov_38.652855_339 # 373660 # 376488 # 1 # ID=5_339;partial=00;start_type=ATG;rbs_motif=GGA/GAG/AGG;rbs_spacer=5-10bp;gc_cont=0.631,93.0,1762,941,0.0,943,1,941,1,941,mobileOG_000355073,uvrA,WP_004146620.1,replication/recombination/repair,NA,Plasmid RefSeq,Homology,NODE_5_length_383027_cov_38.652855_339, 373660 # 376488 # 1 , 373660,376488,1 ,5_339,5,339,00,ATG,GGA/GAG/AGG,5-10bp,0.631,NODE_5_length_383027_cov_38.652855,mobileOG_000355073_NODE_5_length_383027_cov_38.652855
261,mobileOG_000289038|uvrA|WP_008807293.1|replication/recombination/repair|NA|Plasmid RefSeq|Homology,NODE_5_length_383027_cov_38.652855_339 # 373660 # 376488 # 1 # ID=5_339;partial=00;start_type=ATG;rbs_motif=GGA/GAG/AGG;rbs_spacer=5-10bp;gc_cont=0.631,92.8,1759,941,0.0,943,1,941,1,941,mobileOG_000289038,uvrA,WP_008807293.1,replication/recombination/repair,NA,Plasmid RefSeq,Homology,NODE_5_length_383027_cov_38.652855_339, 373660 # 376488 # 1 , 373660,376488,1 ,5_339,5,339,00,ATG,GGA/GAG/AGG,5-10bp,0.631,NODE_5_length_383027_cov_38.652855,mobileOG_000289038_NODE_5_length_383027_cov_38.652855
262,mobileOG_000026154|uvrA|P0A699|replication/recombination/repair|NA|Plasmid RefSeq|Manual,NODE_5_length_383027_cov_38.652855_339 # 373660 # 376488 # 1 # ID=5_339;partial=00;start_type=ATG;rbs_motif=GGA/GAG/AGG;rbs_spacer=5-10bp;gc_cont=0.631,91.9,1748,940,0.0,943,1,940,1,940,mobileOG_000026154,uvrA,P0A699,replication/recombination/repair,NA,Plasmid RefSeq,Manual,NODE_5_length_383027_cov_38.652855_339, 373660 # 376488 # 1 , 373660,376488,1 ,5_339,5,339,00,ATG,GGA/GAG/AGG,5-10bp,0.631,NODE_5_length_383027_cov_38.652855,mobileOG_000026154_NODE_5_length_383027_cov_38.652855
263,mobileOG_000288441|uvrA|WP_015570187.1|replication/recombination/repair|NA|Plasmid RefSeq|Homology,NODE_5_length_383027_cov_38.652855_339 # 373660 # 376488 # 1 # ID=5_339;partial=00;start_type=ATG;rbs_motif=GGA/GAG/AGG;rbs_spacer=5-10bp;gc_cont=0.631,92.0,1747,940,0.0,943,1,940,1,940,mobileOG_000288441,uvrA,WP_015570187.1,replication/recombination/repair,NA,Plasmid RefSeq,Homology,NODE_5_length_383027_cov_38.652855_339, 373660 # 376488 # 1 , 373660,376488,1 ,5_339,5,339,00,ATG,GGA/GAG/AGG,5-10bp,0.631,NODE_5_length_383027_cov_38.652855,mobileOG_000288441_NODE_5_length_383027_cov_38.652855
264,"mobileOG_000376888|rep|WP_016930264.1|replication/recombination/repair|initiation,copy number control,plasmid|Plasmid RefSeq|Homology",NODE_5_length_383027_cov_38.652855_344 # 379716 # 380132 # -1 # ID=5_344;partial=00;start_type=ATG;rbs_motif=AGGA/GGAG/GAGG;rbs_spacer=11-12bp;gc_cont=0.602,100,289,138,2.70e-101,139,1,138,1,138,mobileOG_000376888,rep,WP_016930264.1,replication/recombination/repair,"initiation,copy number control,plasmid",Plasmid RefSeq,Homology,NODE_5_length_383027_cov_38.652855_344, 379716 # 380132 # -1 , 379716,380132,-1 ,5_344,5,344,00,ATG,AGGA/GGAG/GAGG,11-12bp,0.602,NODE_5_length_383027_cov_38.652855,mobileOG_000376888_NODE_5_length_383027_cov_38.652855
265,"mobileOG_000376616|rep|WP_004936779.1|replication/recombination/repair|initiation,copy number control,plasmid|Plasmid RefSeq|Homology",NODE_5_length_383027_cov_38.652855_344 # 379716 # 380132 # -1 # ID=5_344;partial=00;start_type=ATG;rbs_motif=AGGA/GGAG/GAGG;rbs_spacer=11-12bp;gc_cont=0.602,99.3,287,138,1.56e-100,139,1,138,1,138,mobileOG_000376616,rep,WP_004936779.1,replication/recombination/repair,"initiation,copy number control,plasmid",Plasmid RefSeq,Homology,NODE_5_length_383027_cov_38.652855_344, 379716 # 380132 # -1 , 379716,380132,-1 ,5_344,5,344,00,ATG,AGGA/GGAG/GAGG,11-12bp,0.602,NODE_5_length_383027_cov_38.652855,mobileOG_000376616_NODE_5_length_383027_cov_38.652855
266,mobileOG_000334471|dnaQ|WP_004930195.1|replication/recombination/repair|NA|Plasmid RefSeq|Homology,NODE_6_length_343364_cov_35.723925_9 # 8079 # 8822 # 1 # ID=6_9;partial=00;start_type=ATG;rbs_motif=GGA/GAG/AGG;rbs_spacer=5-10bp;gc_cont=0.591,98.8,491,247,1.38e-177,248,1,247,1,247,mobileOG_000334471,dnaQ,WP_004930195.1,replication/recombination/repair,NA,Plasmid RefSeq,Homology,NODE_6_length_343364_cov_35.723925_9, 8079 # 8822 # 1 , 8079,8822,1 ,6_9,6,9,00,ATG,GGA/GAG/AGG,5-10bp,0.591,NODE_6_length_343364_cov_35.723925,mobileOG_000334471_NODE_6_length_343364_cov_35.723925
267,mobileOG_000368502|srnB|WP_004930217.1|stability/transfer/defense|NA|Plasmid RefSeq|Homology,NODE_6_length_343364_cov_35.723925_40 # 37800 # 37952 # -1 # ID=6_40;partial=00;start_type=ATG;rbs_motif=GGAGG;rbs_spacer=5-10bp;gc_cont=0.536,98.0,94.0,50,1.11e-26,51,1,50,1,50,mobileOG_000368502,srnB,WP_004930217.1,stability/transfer/defense,NA,Plasmid RefSeq,Homology,NODE_6_length_343364_cov_35.723925_40, 37800 # 37952 # -1 , 37800,37952,-1 ,6_40,6,40,00,ATG,GGAGG,5-10bp,0.536,NODE_6_length_343364_cov_35.723925,mobileOG_000368502_NODE_6_length_343364_cov_35.723925
268,mobileOG_000354118|dinB|WP_033649934.1|replication/recombination/repair|NA|Plasmid RefSeq|Homology,NODE_6_length_343364_cov_35.723925_55 # 52539 # 53600 # 1 # ID=6_55;partial=00;start_type=ATG;rbs_motif=GGAGG;rbs_spacer=5-10bp;gc_cont=0.631,99.4,689,353,1.12e-252,354,1,353,1,353,mobileOG_000354118,dinB,WP_033649934.1,replication/recombination/repair,NA,Plasmid RefSeq,Homology,NODE_6_length_343364_cov_35.723925_55, 52539 # 53600 # 1 , 52539,53600,1 ,6_55,6,55,00,ATG,GGAGG,5-10bp,0.631,NODE_6_length_343364_cov_35.723925,mobileOG_000354118_NODE_6_length_343364_cov_35.723925
269,mobileOG_000354119|dinB|WP_033653334.1|replication/recombination/repair|NA|Plasmid RefSeq|Homology,NODE_6_length_343364_cov_35.723925_55 # 52539 # 53600 # 1 # ID=6_55;partial=00;start_type=ATG;rbs_motif=GGAGG;rbs_spacer=5-10bp;gc_cont=0.631,99.2,688,353,4.58e-252,354,1,353,1,353,mobileOG_000354119,dinB,WP_033653334.1,replication/recombination/repair,NA,Plasmid RefSeq,Homology,NODE_6_length_343364_cov_35.723925_55, 52539 # 53600 # 1 , 52539,53600,1 ,6_55,6,55,00,ATG,GGAGG,5-10bp,0.631,NODE_6_length_343364_cov_35.723925,mobileOG_000354119_NODE_6_length_343364_cov_35.723925
270,mobileOG_000368519|rdgC|WP_004940461.1|integration/excision|NA|Plasmid RefSeq|Homology,NODE_6_length_343364_cov_35.723925_116 # 108387 # 109298 # -1 # ID=6_116;partial=00;start_type=ATG;rbs_motif=GGA/GAG/AGG;rbs_spacer=5-10bp;gc_cont=0.579,100,583,303,1.91e-212,304,1,303,1,303,mobileOG_000368519,rdgC,WP_004940461.1,integration/excision,NA,Plasmid RefSeq,Homology,NODE_6_length_343364_cov_35.723925_116, 108387 # 109298 # -1 , 108387,109298,-1 ,6_116,6,116,00,ATG,GGA/GAG/AGG,5-10bp,0.579,NODE_6_length_343364_cov_35.723925,mobileOG_000368519_NODE_6_length_343364_cov_35.723925
271,mobileOG_000748213|NA:Keyword|WP_033637280.1|stability/transfer/defense|NA|Plasmid RefSeq|Keyword Search,NODE_6_length_343364_cov_35.723925_118 # 110532 # 110765 # 1 # ID=6_118;partial=00;start_type=ATG;rbs_motif=AGGAG;rbs_spacer=5-10bp;gc_cont=0.607,97.4,143,77,2.06e-45,78,1,76,1,76,mobileOG_000748213,NA:Keyword,WP_033637280.1,stability/transfer/defense,NA,Plasmid RefSeq,Keyword Search,NODE_6_length_343364_cov_35.723925_118, 110532 # 110765 # 1 , 110532,110765,1 ,6_118,6,118,00,ATG,AGGAG,5-10bp,0.607,NODE_6_length_343364_cov_35.723925,mobileOG_000748213_NODE_6_length_343364_cov_35.723925
272,mobileOG_000749725|NA:Keyword|WP_033642043.1|stability/transfer/defense|NA|Plasmid RefSeq|Keyword Search,NODE_6_length_343364_cov_35.723925_119 # 110762 # 111148 # 1 # ID=6_119;partial=00;start_type=ATG;rbs_motif=GGAG/GAGG;rbs_spacer=5-10bp;gc_cont=0.633,99.2,259,128,5.01e-90,129,1,128,1,128,mobileOG_000749725,NA:Keyword,WP_033642043.1,stability/transfer/defense,NA,Plasmid RefSeq,Keyword Search,NODE_6_length_343364_cov_35.723925_119, 110762 # 111148 # 1 , 110762,111148,1 ,6_119,6,119,00,ATG,GGAG/GAGG,5-10bp,0.633,NODE_6_length_343364_cov_35.723925,mobileOG_000749725_NODE_6_length_343364_cov_35.723925
273,mobileOG_000748103|NA:Keyword|WP_019454226.1|stability/transfer/defense|NA|Plasmid RefSeq|Keyword Search,NODE_6_length_343364_cov_35.723925_119 # 110762 # 111148 # 1 # ID=6_119;partial=00;start_type=ATG;rbs_motif=GGAG/GAGG;rbs_spacer=5-10bp;gc_cont=0.633,98.4,258,128,2.04e-89,129,1,128,1,128,mobileOG_000748103,NA:Keyword,WP_019454226.1,stability/transfer/defense,NA,Plasmid RefSeq,Keyword Search,NODE_6_length_343364_cov_35.723925_119, 110762 # 111148 # 1 , 110762,111148,1 ,6_119,6,119,00,ATG,GGAG/GAGG,5-10bp,0.633,NODE_6_length_343364_cov_35.723925,mobileOG_000748103_NODE_6_length_343364_cov_35.723925
274,mobileOG_000326381|sbcD|WP_096241949.1|replication/recombination/repair|NA|Plasmid RefSeq|Homology,NODE_6_length_343364_cov_35.723925_122 # 115473 # 116705 # -1 # ID=6_122;partial=00;start_type=ATG;rbs_motif=GGA/GAG/AGG;rbs_spacer=5-10bp;gc_cont=0.646,98.0,779,410,4.18e-286,411,1,410,1,410,mobileOG_000326381,sbcD,WP_096241949.1,replication/recombination/repair,NA,Plasmid RefSeq,Homology,NODE_6_length_343364_cov_35.723925_122, 115473 # 116705 # -1 , 115473,116705,-1 ,6_122,6,122,00,ATG,GGA/GAG/AGG,5-10bp,0.646,NODE_6_length_343364_cov_35.723925,mobileOG_000326381_NODE_6_length_343364_cov_35.723925
275,mobileOG_000334028|sbcD|WP_060437993.1|replication/recombination/repair|NA|Plasmid RefSeq|Homology,NODE_6_length_343364_cov_35.723925_122 # 115473 # 116705 # -1 # ID=6_122;partial=00;start_type=ATG;rbs_motif=GGA/GAG/AGG;rbs_spacer=5-10bp;gc_cont=0.646,96.1,766,410,6.34e-281,411,1,409,1,409,mobileOG_000334028,sbcD,WP_060437993.1,replication/recombination/repair,NA,Plasmid RefSeq,Homology,NODE_6_length_343364_cov_35.723925_122, 115473 # 116705 # -1 , 115473,116705,-1 ,6_122,6,122,00,ATG,GGA/GAG/AGG,5-10bp,0.646,NODE_6_length_343364_cov_35.723925,mobileOG_000334028_NODE_6_length_343364_cov_35.723925
276,"mobileOG_000368518|nusB|WP_004940384.1|phage|regulation,infection|Plasmid RefSeq|Homology",NODE_6_length_343364_cov_35.723925_145 # 139675 # 140091 # 1 # ID=6_145;partial=00;start_type=GTG;rbs_motif=GGA/GAG/AGG;rbs_spacer=5-10bp;gc_cont=0.564,100,265,138,5.45e-92,139,1,138,1,138,mobileOG_000368518,nusB,WP_004940384.1,phage,"regulation,infection",Plasmid RefSeq,Homology,NODE_6_length_343364_cov_35.723925_145, 139675 # 140091 # 1 , 139675,140091,1 ,6_145,6,145,00,GTG,GGA/GAG/AGG,5-10bp,0.564,NODE_6_length_343364_cov_35.723925,mobileOG_000368518_NODE_6_length_343364_cov_35.723925
277,mobileOG_000351487|xseB|WP_033642062.1|replication/recombination/repair|NA|Plasmid RefSeq|Homology,NODE_6_length_343364_cov_35.723925_151 # 145565 # 145828 # -1 # ID=6_151;partial=00;start_type=ATG;rbs_motif=None;rbs_spacer=None;gc_cont=0.595,100,146,87,2.51e-46,88,1,87,1,87,mobileOG_000351487,xseB,WP_033642062.1,replication/recombination/repair,NA,Plasmid RefSeq,Homology,NODE_6_length_343364_cov_35.723925_151, 145565 # 145828 # -1 , 145565,145828,-1 ,6_151,6,151,00,ATG,None,None,0.595,NODE_6_length_343364_cov_35.723925,mobileOG_000351487_NODE_6_length_343364_cov_35.723925
278,mobileOG_000368527|xseB|WP_015376838.1|replication/recombination/repair|NA|Plasmid RefSeq|Homology,NODE_6_length_343364_cov_35.723925_151 # 145565 # 145828 # -1 # ID=6_151;partial=00;start_type=ATG;rbs_motif=None;rbs_spacer=None;gc_cont=0.595,98.9,144,87,1.45e-45,88,1,87,1,87,mobileOG_000368527,xseB,WP_015376838.1,replication/recombination/repair,NA,Plasmid RefSeq,Homology,NODE_6_length_343364_cov_35.723925_151, 145565 # 145828 # -1 , 145565,145828,-1 ,6_151,6,151,00,ATG,None,None,0.595,NODE_6_length_343364_cov_35.723925,mobileOG_000368527_NODE_6_length_343364_cov_35.723925
279,mobileOG_000351483|clpP|WP_016928858.1|phage|replication/recombination/repair|Plasmid RefSeq|Homology,NODE_6_length_343364_cov_35.723925_166 # 161324 # 161947 # 1 # ID=6_166;partial=00;start_type=ATG;rbs_motif=AGGAG;rbs_spacer=5-10bp;gc_cont=0.583,100,412,207,1.15e-147,208,1,207,1,207,mobileOG_000351483,clpP,WP_016928858.1,phage,replication/recombination/repair,Plasmid RefSeq,Homology,NODE_6_length_343364_cov_35.723925_166, 161324 # 161947 # 1 , 161324,161947,1 ,6_166,6,166,00,ATG,AGGAG,5-10bp,0.583,NODE_6_length_343364_cov_35.723925,mobileOG_000351483_NODE_6_length_343364_cov_35.723925
280,mobileOG_000368517|clpP|WP_004940356.1|phage|replication/recombination/repair|Plasmid RefSeq|Homology,NODE_6_length_343364_cov_35.723925_166 # 161324 # 161947 # 1 # ID=6_166;partial=00;start_type=ATG;rbs_motif=AGGAG;rbs_spacer=5-10bp;gc_cont=0.583,99.5,410,207,3.29e-147,208,1,207,1,207,mobileOG_000368517,clpP,WP_004940356.1,phage,replication/recombination/repair,Plasmid RefSeq,Homology,NODE_6_length_343364_cov_35.723925_166, 161324 # 161947 # 1 , 161324,161947,1 ,6_166,6,166,00,ATG,AGGAG,5-10bp,0.583,NODE_6_length_343364_cov_35.723925,mobileOG_000368517_NODE_6_length_343364_cov_35.723925
281,mobileOG_000301843|clpP|WP_006809880.1|phage|replication/recombination/repair|Plasmid RefSeq|Homology,NODE_6_length_343364_cov_35.723925_166 # 161324 # 161947 # 1 # ID=6_166;partial=00;start_type=ATG;rbs_motif=AGGAG;rbs_spacer=5-10bp;gc_cont=0.583,92.3,387,207,4.63e-138,208,1,207,1,207,mobileOG_000301843,clpP,WP_006809880.1,phage,replication/recombination/repair,Plasmid RefSeq,Homology,NODE_6_length_343364_cov_35.723925_166, 161324 # 161947 # 1 , 161324,161947,1 ,6_166,6,166,00,ATG,AGGAG,5-10bp,0.583,NODE_6_length_343364_cov_35.723925,mobileOG_000301843_NODE_6_length_343364_cov_35.723925
282,mobileOG_000351734|clpP|A0A078LKE9|phage|replication/recombination/repair|Plasmid RefSeq|Homology,NODE_6_length_343364_cov_35.723925_166 # 161324 # 161947 # 1 # ID=6_166;partial=00;start_type=ATG;rbs_motif=AGGAG;rbs_spacer=5-10bp;gc_cont=0.583,91.3,382,207,4.44e-136,208,1,207,1,207,mobileOG_000351734,clpP,A0A078LKE9,phage,replication/recombination/repair,Plasmid RefSeq,Homology,NODE_6_length_343364_cov_35.723925_166, 161324 # 161947 # 1 , 161324,161947,1 ,6_166,6,166,00,ATG,AGGAG,5-10bp,0.583,NODE_6_length_343364_cov_35.723925,mobileOG_000351734_NODE_6_length_343364_cov_35.723925
283,mobileOG_000289010|clpP|WP_002891804.1|phage|replication/recombination/repair|Plasmid RefSeq|Homology,NODE_6_length_343364_cov_35.723925_166 # 161324 # 161947 # 1 # ID=6_166;partial=00;start_type=ATG;rbs_motif=AGGAG;rbs_spacer=5-10bp;gc_cont=0.583,91.3,382,207,6.30e-136,208,1,207,1,207,mobileOG_000289010,clpP,WP_002891804.1,phage,replication/recombination/repair,Plasmid RefSeq,Homology,NODE_6_length_343364_cov_35.723925_166, 161324 # 161947 # 1 , 161324,161947,1 ,6_166,6,166,00,ATG,AGGAG,5-10bp,0.583,NODE_6_length_343364_cov_35.723925,mobileOG_000289010_NODE_6_length_343364_cov_35.723925
284,mobileOG_000025855|clpP|A0A192CHZ0|phage|replication/recombination/repair|Plasmid RefSeq|Manual,NODE_6_length_343364_cov_35.723925_166 # 161324 # 161947 # 1 # ID=6_166;partial=00;start_type=ATG;rbs_motif=AGGAG;rbs_spacer=5-10bp;gc_cont=0.583,91.3,381,207,1.81e-135,208,1,207,1,207,mobileOG_000025855,clpP,A0A192CHZ0,phage,replication/recombination/repair,Plasmid RefSeq,Manual,NODE_6_length_343364_cov_35.723925_166, 161324 # 161947 # 1 , 161324,161947,1 ,6_166,6,166,00,ATG,AGGAG,5-10bp,0.583,NODE_6_length_343364_cov_35.723925,mobileOG_000025855_NODE_6_length_343364_cov_35.723925
285,"mobileOG_000368516|clpX|WP_004940354.1|phage|replication,chaperone|Plasmid RefSeq|Homology",NODE_6_length_343364_cov_35.723925_167 # 162091 # 163362 # 1 # ID=6_167;partial=00;start_type=ATG;rbs_motif=GGAG/GAGG;rbs_spacer=5-10bp;gc_cont=0.584,100,831,423,3.07e-306,424,1,423,1,423,mobileOG_000368516,clpX,WP_004940354.1,phage,"replication,chaperone",Plasmid RefSeq,Homology,NODE_6_length_343364_cov_35.723925_167, 162091 # 163362 # 1 , 162091,163362,1 ,6_167,6,167,00,ATG,GGAG/GAGG,5-10bp,0.584,NODE_6_length_343364_cov_35.723925,mobileOG_000368516_NODE_6_length_343364_cov_35.723925
286,mobileOG_000025945|clpX|F0JMC0|phage|replication/recombination/repair|Plasmid RefSeq|Manual,NODE_6_length_343364_cov_35.723925_167 # 162091 # 163362 # 1 # ID=6_167;partial=00;start_type=ATG;rbs_motif=GGAG/GAGG;rbs_spacer=5-10bp;gc_cont=0.584,94.8,792,424,7.87e-291,424,1,424,1,423,mobileOG_000025945,clpX,F0JMC0,phage,replication/recombination/repair,Plasmid RefSeq,Manual,NODE_6_length_343364_cov_35.723925_167, 162091 # 163362 # 1 , 162091,163362,1 ,6_167,6,167,00,ATG,GGAG/GAGG,5-10bp,0.584,NODE_6_length_343364_cov_35.723925,mobileOG_000025945_NODE_6_length_343364_cov_35.723925
287,"mobileOG_000288446|clpX|WP_015571275.1|phage|replication,chaperone|Plasmid RefSeq|Homology",NODE_6_length_343364_cov_35.723925_167 # 162091 # 163362 # 1 # ID=6_167;partial=00;start_type=ATG;rbs_motif=GGAG/GAGG;rbs_spacer=5-10bp;gc_cont=0.584,95.0,792,424,7.87e-291,424,1,424,1,423,mobileOG_000288446,clpX,WP_015571275.1,phage,"replication,chaperone",Plasmid RefSeq,Homology,NODE_6_length_343364_cov_35.723925_167, 162091 # 163362 # 1 , 162091,163362,1 ,6_167,6,167,00,ATG,GGAG/GAGG,5-10bp,0.584,NODE_6_length_343364_cov_35.723925,mobileOG_000288446_NODE_6_length_343364_cov_35.723925
288,"mobileOG_000344359|clpX|WP_002891807.1|phage|replication,chaperone|Plasmid RefSeq|Homology",NODE_6_length_343364_cov_35.723925_167 # 162091 # 163362 # 1 # ID=6_167;partial=00;start_type=ATG;rbs_motif=GGAG/GAGG;rbs_spacer=5-10bp;gc_cont=0.584,94.8,791,424,1.12e-290,424,1,424,1,423,mobileOG_000344359,clpX,WP_002891807.1,phage,"replication,chaperone",Plasmid RefSeq,Homology,NODE_6_length_343364_cov_35.723925_167, 162091 # 163362 # 1 , 162091,163362,1 ,6_167,6,167,00,ATG,GGAG/GAGG,5-10bp,0.584,NODE_6_length_343364_cov_35.723925,mobileOG_000344359_NODE_6_length_343364_cov_35.723925
289,mobileOG_000025183|clpX|A0A0A0ZT71|phage|replication/recombination/repair|Plasmid RefSeq|Manual,NODE_6_length_343364_cov_35.723925_167 # 162091 # 163362 # 1 # ID=6_167;partial=00;start_type=ATG;rbs_motif=GGAG/GAGG;rbs_spacer=5-10bp;gc_cont=0.584,94.8,791,424,2.26e-290,424,1,424,1,423,mobileOG_000025183,clpX,A0A0A0ZT71,phage,replication/recombination/repair,Plasmid RefSeq,Manual,NODE_6_length_343364_cov_35.723925_167, 162091 # 163362 # 1 , 162091,163362,1 ,6_167,6,167,00,ATG,GGAG/GAGG,5-10bp,0.584,NODE_6_length_343364_cov_35.723925,mobileOG_000025183_NODE_6_length_343364_cov_35.723925
290,mobileOG_000025998|clpX|A0A1R0G070|phage|replication/recombination/repair|Plasmid RefSeq|Manual,NODE_6_length_343364_cov_35.723925_167 # 162091 # 163362 # 1 # ID=6_167;partial=00;start_type=ATG;rbs_motif=GGAG/GAGG;rbs_spacer=5-10bp;gc_cont=0.584,94.6,789,424,9.18e-290,424,1,424,1,423,mobileOG_000025998,clpX,A0A1R0G070,phage,replication/recombination/repair,Plasmid RefSeq,Manual,NODE_6_length_343364_cov_35.723925_167, 162091 # 163362 # 1 , 162091,163362,1 ,6_167,6,167,00,ATG,GGAG/GAGG,5-10bp,0.584,NODE_6_length_343364_cov_35.723925,mobileOG_000025998_NODE_6_length_343364_cov_35.723925
291,mobileOG_000368515|hup|WP_004940351.1|replication/recombination/repair|integration/excision|Plasmid RefSeq|Homology,NODE_6_length_343364_cov_35.723925_169 # 166128 # 166400 # 1 # ID=6_169;partial=00;start_type=GTG;rbs_motif=GGAG/GAGG;rbs_spacer=5-10bp;gc_cont=0.542,100,165,90,7.33e-54,91,1,90,1,90,mobileOG_000368515,hup,WP_004940351.1,replication/recombination/repair,integration/excision,Plasmid RefSeq,Homology,NODE_6_length_343364_cov_35.723925_169, 166128 # 166400 # 1 , 166128,166400,1 ,6_169,6,169,00,GTG,GGAG/GAGG,5-10bp,0.542,NODE_6_length_343364_cov_35.723925,mobileOG_000368515_NODE_6_length_343364_cov_35.723925
292,mobileOG_000025521|hupB|A0A192CJA5|replication/recombination/repair|integration/excision|Plasmid RefSeq|Manual,NODE_6_length_343364_cov_35.723925_169 # 166128 # 166400 # 1 # ID=6_169;partial=00;start_type=GTG;rbs_motif=GGAG/GAGG;rbs_spacer=5-10bp;gc_cont=0.542,90.0,152,90,7.93e-49,91,1,90,1,90,mobileOG_000025521,hupB,A0A192CJA5,replication/recombination/repair,integration/excision,Plasmid RefSeq,Manual,NODE_6_length_343364_cov_35.723925_169, 166128 # 166400 # 1 , 166128,166400,1 ,6_169,6,169,00,GTG,GGAG/GAGG,5-10bp,0.542,NODE_6_length_343364_cov_35.723925,mobileOG_000025521_NODE_6_length_343364_cov_35.723925
293,mobileOG_000025753|hupB|A0A078LCB7|phage|replication/recombination/repair|Plasmid RefSeq|Manual,NODE_6_length_343364_cov_35.723925_169 # 166128 # 166400 # 1 # ID=6_169;partial=00;start_type=GTG;rbs_motif=GGAG/GAGG;rbs_spacer=5-10bp;gc_cont=0.542,90.0,152,90,1.13e-48,91,1,90,1,90,mobileOG_000025753,hupB,A0A078LCB7,phage,replication/recombination/repair,Plasmid RefSeq,Manual,NODE_6_length_343364_cov_35.723925_169, 166128 # 166400 # 1 , 166128,166400,1 ,6_169,6,169,00,GTG,GGAG/GAGG,5-10bp,0.542,NODE_6_length_343364_cov_35.723925,mobileOG_000025753_NODE_6_length_343364_cov_35.723925
294,mobileOG_000299341|hup|WP_002444653.1|replication/recombination/repair|integration/excision|Plasmid RefSeq|Homology,NODE_6_length_343364_cov_35.723925_169 # 166128 # 166400 # 1 # ID=6_169;partial=00;start_type=GTG;rbs_motif=GGAG/GAGG;rbs_spacer=5-10bp;gc_cont=0.542,90.0,152,90,1.60e-48,91,1,90,1,90,mobileOG_000299341,hup,WP_002444653.1,replication/recombination/repair,integration/excision,Plasmid RefSeq,Homology,NODE_6_length_343364_cov_35.723925_169, 166128 # 166400 # 1 , 166128,166400,1 ,6_169,6,169,00,GTG,GGAG/GAGG,5-10bp,0.542,NODE_6_length_343364_cov_35.723925,mobileOG_000299341_NODE_6_length_343364_cov_35.723925
295,mobileOG_000351488|ybaV|WP_033642074.1|transfer|competence|Plasmid RefSeq|Homology,NODE_6_length_343364_cov_35.723925_171 # 168601 # 168981 # 1 # ID=6_171;partial=00;start_type=ATG;rbs_motif=AGGAG;rbs_spacer=5-10bp;gc_cont=0.612,100,234,126,5.04e-80,127,1,126,1,126,mobileOG_000351488,ybaV,WP_033642074.1,transfer,competence,Plasmid RefSeq,Homology,NODE_6_length_343364_cov_35.723925_171, 168601 # 168981 # 1 , 168601,168981,1 ,6_171,6,171,00,ATG,AGGAG,5-10bp,0.612,NODE_6_length_343364_cov_35.723925,mobileOG_000351488_NODE_6_length_343364_cov_35.723925
296,mobileOG_000368554|ogt|WP_033642088.1|replication/recombination/repair|NA|Plasmid RefSeq|Homology,NODE_6_length_343364_cov_35.723925_184 # 182049 # 182363 # -1 # ID=6_184;partial=00;start_type=ATG;rbs_motif=AGGA;rbs_spacer=5-10bp;gc_cont=0.625,100,219,104,1.25e-74,105,1,104,1,104,mobileOG_000368554,ogt,WP_033642088.1,replication/recombination/repair,NA,Plasmid RefSeq,Homology,NODE_6_length_343364_cov_35.723925_184, 182049 # 182363 # -1 , 182049,182363,-1 ,6_184,6,184,00,ATG,AGGA,5-10bp,0.625,NODE_6_length_343364_cov_35.723925,mobileOG_000368554_NODE_6_length_343364_cov_35.723925
297,mobileOG_000314374|ogt|WP_033647296.1|replication/recombination/repair|NA|Plasmid RefSeq|Homology,NODE_6_length_343364_cov_35.723925_184 # 182049 # 182363 # -1 # ID=6_184;partial=00;start_type=ATG;rbs_motif=AGGA;rbs_spacer=5-10bp;gc_cont=0.625,99.0,217,104,5.11e-74,105,1,104,1,104,mobileOG_000314374,ogt,WP_033647296.1,replication/recombination/repair,NA,Plasmid RefSeq,Homology,NODE_6_length_343364_cov_35.723925_184, 182049 # 182363 # -1 , 182049,182363,-1 ,6_184,6,184,00,ATG,AGGA,5-10bp,0.625,NODE_6_length_343364_cov_35.723925,mobileOG_000314374_NODE_6_length_343364_cov_35.723925
298,mobileOG_000374241|priC|WP_033642112.1|replication/recombination/repair|NA|Plasmid RefSeq|Homology,NODE_6_length_343364_cov_35.723925_217 # 212563 # 213099 # -1 # ID=6_217;partial=00;start_type=GTG;rbs_motif=GGAG/GAGG;rbs_spacer=5-10bp;gc_cont=0.654,100,322,178,2.98e-113,179,1,178,1,178,mobileOG_000374241,priC,WP_033642112.1,replication/recombination/repair,NA,Plasmid RefSeq,Homology,NODE_6_length_343364_cov_35.723925_217, 212563 # 213099 # -1 , 212563,213099,-1 ,6_217,6,217,00,GTG,GGAG/GAGG,5-10bp,0.654,NODE_6_length_343364_cov_35.723925,mobileOG_000374241_NODE_6_length_343364_cov_35.723925
299,mobileOG_000374240|priC|WP_033637350.1|replication/recombination/repair|NA|Plasmid RefSeq|Homology,NODE_6_length_343364_cov_35.723925_217 # 212563 # 213099 # -1 # ID=6_217;partial=00;start_type=GTG;rbs_motif=GGAG/GAGG;rbs_spacer=5-10bp;gc_cont=0.654,97.8,316,178,8.19e-111,179,1,178,1,178,mobileOG_000374240,priC,WP_033637350.1,replication/recombination/repair,NA,Plasmid RefSeq,Homology,NODE_6_length_343364_cov_35.723925_217, 212563 # 213099 # -1 , 212563,213099,-1 ,6_217,6,217,00,GTG,GGAG/GAGG,5-10bp,0.654,NODE_6_length_343364_cov_35.723925,mobileOG_000374240_NODE_6_length_343364_cov_35.723925
300,mobileOG_000365592|dnaX|WP_101453443.1|replication/recombination/repair|NA|Plasmid RefSeq|Homology,NODE_6_length_343364_cov_35.723925_220 # 214527 # 216485 # 1 # ID=6_220;partial=00;start_type=ATG;rbs_motif=None;rbs_spacer=None;gc_cont=0.653,98.0,1191,652,0.0,653,1,652,1,652,mobileOG_000365592,dnaX,WP_101453443.1,replication/recombination/repair,NA,Plasmid RefSeq,Homology,NODE_6_length_343364_cov_35.723925_220, 214527 # 216485 # 1 , 214527,216485,1 ,6_220,6,220,00,ATG,None,None,0.653,NODE_6_length_343364_cov_35.723925,mobileOG_000365592_NODE_6_length_343364_cov_35.723925
301,mobileOG_000365572|dnaX|WP_033647268.1|replication/recombination/repair|NA|Plasmid RefSeq|Homology,NODE_6_length_343364_cov_35.723925_220 # 214527 # 216485 # 1 # ID=6_220;partial=00;start_type=ATG;rbs_motif=None;rbs_spacer=None;gc_cont=0.653,95.9,1159,652,0.0,653,1,652,1,652,mobileOG_000365572,dnaX,WP_033647268.1,replication/recombination/repair,NA,Plasmid RefSeq,Homology,NODE_6_length_343364_cov_35.723925_220, 214527 # 216485 # 1 , 214527,216485,1 ,6_220,6,220,00,ATG,None,None,0.653,NODE_6_length_343364_cov_35.723925,mobileOG_000365572_NODE_6_length_343364_cov_35.723925
302,mobileOG_000368514|recR|WP_004940263.1|replication/recombination/repair|NA|Plasmid RefSeq|Homology,NODE_6_length_343364_cov_35.723925_222 # 216856 # 217461 # 1 # ID=6_222;partial=00;start_type=ATG;rbs_motif=None;rbs_spacer=None;gc_cont=0.667,100,402,201,3.31e-144,202,1,201,1,201,mobileOG_000368514,recR,WP_004940263.1,replication/recombination/repair,NA,Plasmid RefSeq,Homology,NODE_6_length_343364_cov_35.723925_222, 216856 # 217461 # 1 , 216856,217461,1 ,6_222,6,222,00,ATG,None,None,0.667,NODE_6_length_343364_cov_35.723925,mobileOG_000368514_NODE_6_length_343364_cov_35.723925
303,mobileOG_000025696|recR|WP_002892177.1|replication/recombination/repair|NA|Plasmid RefSeq|Manual,NODE_6_length_343364_cov_35.723925_222 # 216856 # 217461 # 1 # ID=6_222;partial=00;start_type=ATG;rbs_motif=None;rbs_spacer=None;gc_cont=0.667,91.5,370,201,2.12e-131,202,1,201,1,201,mobileOG_000025696,recR,WP_002892177.1,replication/recombination/repair,NA,Plasmid RefSeq,Manual,NODE_6_length_343364_cov_35.723925_222, 216856 # 217461 # 1 , 216856,217461,1 ,6_222,6,222,00,ATG,None,None,0.667,NODE_6_length_343364_cov_35.723925,mobileOG_000025696_NODE_6_length_343364_cov_35.723925
304,mobileOG_000295145|recR|WP_006809843.1|replication/recombination/repair|NA|Plasmid RefSeq|Homology,NODE_6_length_343364_cov_35.723925_222 # 216856 # 217461 # 1 # ID=6_222;partial=00;start_type=ATG;rbs_motif=None;rbs_spacer=None;gc_cont=0.667,91.5,369,201,8.64e-131,202,1,201,1,201,mobileOG_000295145,recR,WP_006809843.1,replication/recombination/repair,NA,Plasmid RefSeq,Homology,NODE_6_length_343364_cov_35.723925_222, 216856 # 217461 # 1 , 216856,217461,1 ,6_222,6,222,00,ATG,None,None,0.667,NODE_6_length_343364_cov_35.723925,mobileOG_000295145_NODE_6_length_343364_cov_35.723925
305,mobileOG_000025590|recR|A0A192CI29|replication/recombination/repair|NA|Plasmid RefSeq|Manual,NODE_6_length_343364_cov_35.723925_222 # 216856 # 217461 # 1 # ID=6_222;partial=00;start_type=ATG;rbs_motif=None;rbs_spacer=None;gc_cont=0.667,90.5,367,201,3.52e-130,202,1,201,1,201,mobileOG_000025590,recR,A0A192CI29,replication/recombination/repair,NA,Plasmid RefSeq,Manual,NODE_6_length_343364_cov_35.723925_222, 216856 # 217461 # 1 , 216856,217461,1 ,6_222,6,222,00,ATG,None,None,0.667,NODE_6_length_343364_cov_35.723925,mobileOG_000025590_NODE_6_length_343364_cov_35.723925
306,mobileOG_000025506|recR|A0A0A5T261|replication/recombination/repair|NA|Plasmid RefSeq|Manual,NODE_6_length_343364_cov_35.723925_222 # 216856 # 217461 # 1 # ID=6_222;partial=00;start_type=ATG;rbs_motif=None;rbs_spacer=None;gc_cont=0.667,90.5,367,201,5.00e-130,202,1,201,1,201,mobileOG_000025506,recR,A0A0A5T261,replication/recombination/repair,NA,Plasmid RefSeq,Manual,NODE_6_length_343364_cov_35.723925_222, 216856 # 217461 # 1 , 216856,217461,1 ,6_222,6,222,00,ATG,None,None,0.667,NODE_6_length_343364_cov_35.723925,mobileOG_000025506_NODE_6_length_343364_cov_35.723925
307,mobileOG_000556803|NA:Keyword|A0A2S4XFV4|transfer|NA|GPD|Keyword Search,NODE_6_length_343364_cov_35.723925_243 # 245749 # 246555 # -1 # ID=6_243;partial=00;start_type=ATG;rbs_motif=AGGAG;rbs_spacer=5-10bp;gc_cont=0.662,96.6,513,268,1.00e-185,269,1,268,1,268,mobileOG_000556803,NA:Keyword,A0A2S4XFV4,transfer,NA,GPD,Keyword Search,NODE_6_length_343364_cov_35.723925_243, 245749 # 246555 # -1 , 245749,246555,-1 ,6_243,6,243,00,ATG,AGGAG,5-10bp,0.662,NODE_6_length_343364_cov_35.723925,mobileOG_000556803_NODE_6_length_343364_cov_35.723925
308,"mobileOG_000368513|qmcA|WP_004940203.1|phage|lysis/lysogeny,regulation|Multiple|Homology",NODE_6_length_343364_cov_35.723925_247 # 250370 # 251275 # -1 # ID=6_247;partial=00;start_type=ATG;rbs_motif=AGGAG;rbs_spacer=5-10bp;gc_cont=0.616,100,459,301,1.86e-163,302,1,301,1,301,mobileOG_000368513,qmcA,WP_004940203.1,phage,"lysis/lysogeny,regulation",Multiple,Homology,NODE_6_length_343364_cov_35.723925_247, 250370 # 251275 # -1 , 250370,251275,-1 ,6_247,6,247,00,ATG,AGGAG,5-10bp,0.616,NODE_6_length_343364_cov_35.723925,mobileOG_000368513_NODE_6_length_343364_cov_35.723925
309,mobileOG_000327716|holA|WP_033647201.1|replication/recombination/repair|NA|Plasmid RefSeq|Homology,NODE_6_length_343364_cov_35.723925_309 # 324942 # 325976 # -1 # ID=6_309;partial=00;start_type=ATG;rbs_motif=None;rbs_spacer=None;gc_cont=0.646,99.7,668,344,1.35e-244,345,1,344,1,344,mobileOG_000327716,holA,WP_033647201.1,replication/recombination/repair,NA,Plasmid RefSeq,Homology,NODE_6_length_343364_cov_35.723925_309, 324942 # 325976 # -1 , 324942,325976,-1 ,6_309,6,309,00,ATG,None,None,0.646,NODE_6_length_343364_cov_35.723925,mobileOG_000327716_NODE_6_length_343364_cov_35.723925
310,mobileOG_000351495|holA|WP_047572366.1|replication/recombination/repair|NA|Plasmid RefSeq|Homology,NODE_6_length_343364_cov_35.723925_309 # 324942 # 325976 # -1 # ID=6_309;partial=00;start_type=ATG;rbs_motif=None;rbs_spacer=None;gc_cont=0.646,99.7,668,344,1.92e-244,345,1,344,1,344,mobileOG_000351495,holA,WP_047572366.1,replication/recombination/repair,NA,Plasmid RefSeq,Homology,NODE_6_length_343364_cov_35.723925_309, 324942 # 325976 # -1 , 324942,325976,-1 ,6_309,6,309,00,ATG,None,None,0.646,NODE_6_length_343364_cov_35.723925,mobileOG_000351495_NODE_6_length_343364_cov_35.723925
311,mobileOG_000368507|rnpA|ECX89229.1|replication/recombination/repair|NA|Plasmid RefSeq|Homology,NODE_7_length_295284_cov_43.200283_45 # 47398 # 47724 # -1 # ID=7_45;partial=00;start_type=TTG;rbs_motif=GGAG/GAGG;rbs_spacer=5-10bp;gc_cont=0.572,99.1,215,119,5.68e-73,109,12,119,1,108,mobileOG_000368507,rnpA,ECX89229.1,replication/recombination/repair,NA,Plasmid RefSeq,Homology,NODE_7_length_295284_cov_43.200283_45, 47398 # 47724 # -1 , 47398,47724,-1 ,7_45,7,45,00,TTG,GGAG/GAGG,5-10bp,0.572,NODE_7_length_295284_cov_43.200283,mobileOG_000368507_NODE_7_length_295284_cov_43.200283
312,mobileOG_000353841|rnpA|WP_002228153.1|replication/recombination/repair|NA|Plasmid RefSeq|Homology,NODE_7_length_295284_cov_43.200283_45 # 47398 # 47724 # -1 # ID=7_45;partial=00;start_type=TTG;rbs_motif=GGAG/GAGG;rbs_spacer=5-10bp;gc_cont=0.572,90.7,202,119,6.13e-68,109,12,119,1,108,mobileOG_000353841,rnpA,WP_002228153.1,replication/recombination/repair,NA,Plasmid RefSeq,Homology,NODE_7_length_295284_cov_43.200283_45, 47398 # 47724 # -1 , 47398,47724,-1 ,7_45,7,45,00,TTG,GGAG/GAGG,5-10bp,0.572,NODE_7_length_295284_cov_43.200283,mobileOG_000353841_NODE_7_length_295284_cov_43.200283
313,mobileOG_000368508|dnaA|WP_004933889.1|replication/recombination/repair|NA|Plasmid RefSeq|Homology,NODE_7_length_295284_cov_43.200283_46 # 48598 # 49992 # 1 # ID=7_46;partial=00;start_type=GTG;rbs_motif=GGAG/GAGG;rbs_spacer=5-10bp;gc_cont=0.584,100,901,464,0.0,465,1,464,1,464,mobileOG_000368508,dnaA,WP_004933889.1,replication/recombination/repair,NA,Plasmid RefSeq,Homology,NODE_7_length_295284_cov_43.200283_46, 48598 # 49992 # 1 , 48598,49992,1 ,7_46,7,46,00,GTG,GGAG/GAGG,5-10bp,0.584,NODE_7_length_295284_cov_43.200283,mobileOG_000368508_NODE_7_length_295284_cov_43.200283
314,mobileOG_000325760|dnaA|WP_049235245.1|replication/recombination/repair|NA|Plasmid RefSeq|Homology,NODE_7_length_295284_cov_43.200283_46 # 48598 # 49992 # 1 # ID=7_46;partial=00;start_type=GTG;rbs_motif=GGAG/GAGG;rbs_spacer=5-10bp;gc_cont=0.584,99.6,897,464,0.0,465,1,464,1,464,mobileOG_000325760,dnaA,WP_049235245.1,replication/recombination/repair,NA,Plasmid RefSeq,Homology,NODE_7_length_295284_cov_43.200283_46, 48598 # 49992 # 1 , 48598,49992,1 ,7_46,7,46,00,GTG,GGAG/GAGG,5-10bp,0.584,NODE_7_length_295284_cov_43.200283,mobileOG_000325760_NODE_7_length_295284_cov_43.200283
315,mobileOG_000351845|dnaA|WP_002220732.1|replication/recombination/repair|NA|Plasmid RefSeq|Homology,NODE_7_length_295284_cov_43.200283_46 # 48598 # 49992 # 1 # ID=7_46;partial=00;start_type=GTG;rbs_motif=GGAG/GAGG;rbs_spacer=5-10bp;gc_cont=0.584,95.9,860,462,1.28e-316,465,1,462,1,464,mobileOG_000351845,dnaA,WP_002220732.1,replication/recombination/repair,NA,Plasmid RefSeq,Homology,NODE_7_length_295284_cov_43.200283_46, 48598 # 49992 # 1 , 48598,49992,1 ,7_46,7,46,00,GTG,GGAG/GAGG,5-10bp,0.584,NODE_7_length_295284_cov_43.200283,mobileOG_000351845_NODE_7_length_295284_cov_43.200283
316,mobileOG_000288419|dnaA|WP_003861124.1|replication/recombination/repair|NA|Plasmid RefSeq|Homology,NODE_7_length_295284_cov_43.200283_46 # 48598 # 49992 # 1 # ID=7_46;partial=00;start_type=GTG;rbs_motif=GGAG/GAGG;rbs_spacer=5-10bp;gc_cont=0.584,93.3,838,464,1.36e-307,465,1,464,1,464,mobileOG_000288419,dnaA,WP_003861124.1,replication/recombination/repair,NA,Plasmid RefSeq,Homology,NODE_7_length_295284_cov_43.200283_46, 48598 # 49992 # 1 , 48598,49992,1 ,7_46,7,46,00,GTG,GGAG/GAGG,5-10bp,0.584,NODE_7_length_295284_cov_43.200283,mobileOG_000288419_NODE_7_length_295284_cov_43.200283
317,mobileOG_000290312|dnaA|A0A156L3P6|replication/recombination/repair|NA|Plasmid RefSeq|Homology,NODE_7_length_295284_cov_43.200283_46 # 48598 # 49992 # 1 # ID=7_46;partial=00;start_type=GTG;rbs_motif=GGAG/GAGG;rbs_spacer=5-10bp;gc_cont=0.584,93.3,837,464,3.89e-307,465,1,464,1,464,mobileOG_000290312,dnaA,A0A156L3P6,replication/recombination/repair,NA,Plasmid RefSeq,Homology,NODE_7_length_295284_cov_43.200283_46, 48598 # 49992 # 1 , 48598,49992,1 ,7_46,7,46,00,GTG,GGAG/GAGG,5-10bp,0.584,NODE_7_length_295284_cov_43.200283,mobileOG_000290312_NODE_7_length_295284_cov_43.200283
318,mobileOG_000327698|dnaA|ETJ17985.1|replication/recombination/repair|NA|Plasmid RefSeq|Homology,NODE_7_length_295284_cov_43.200283_46 # 48598 # 49992 # 1 # ID=7_46;partial=00;start_type=GTG;rbs_motif=GGAG/GAGG;rbs_spacer=5-10bp;gc_cont=0.584,92.7,828,467,1.39e-303,465,1,467,1,464,mobileOG_000327698,dnaA,ETJ17985.1,replication/recombination/repair,NA,Plasmid RefSeq,Homology,NODE_7_length_295284_cov_43.200283_46, 48598 # 49992 # 1 , 48598,49992,1 ,7_46,7,46,00,GTG,GGAG/GAGG,5-10bp,0.584,NODE_7_length_295284_cov_43.200283,mobileOG_000327698_NODE_7_length_295284_cov_43.200283
319,mobileOG_000332967|dnaA|WP_004151534.1|replication/recombination/repair|NA|Plasmid RefSeq|Homology,NODE_7_length_295284_cov_43.200283_46 # 48598 # 49992 # 1 # ID=7_46;partial=00;start_type=GTG;rbs_motif=GGAG/GAGG;rbs_spacer=5-10bp;gc_cont=0.584,92.1,827,467,1.97e-303,465,1,467,1,464,mobileOG_000332967,dnaA,WP_004151534.1,replication/recombination/repair,NA,Plasmid RefSeq,Homology,NODE_7_length_295284_cov_43.200283_46, 48598 # 49992 # 1 , 48598,49992,1 ,7_46,7,46,00,GTG,GGAG/GAGG,5-10bp,0.584,NODE_7_length_295284_cov_43.200283,mobileOG_000332967_NODE_7_length_295284_cov_43.200283
320,mobileOG_000327451|dnaA|WP_101416330.1|replication/recombination/repair|NA|Plasmid RefSeq|Homology,NODE_7_length_295284_cov_43.200283_46 # 48598 # 49992 # 1 # ID=7_46;partial=00;start_type=GTG;rbs_motif=GGAG/GAGG;rbs_spacer=5-10bp;gc_cont=0.584,91.9,825,467,2.30e-302,465,1,467,1,464,mobileOG_000327451,dnaA,WP_101416330.1,replication/recombination/repair,NA,Plasmid RefSeq,Homology,NODE_7_length_295284_cov_43.200283_46, 48598 # 49992 # 1 , 48598,49992,1 ,7_46,7,46,00,GTG,GGAG/GAGG,5-10bp,0.584,NODE_7_length_295284_cov_43.200283,mobileOG_000327451_NODE_7_length_295284_cov_43.200283
321,mobileOG_000368509|dnaN|WP_004933892.1|replication/recombination/repair|NA|Plasmid RefSeq|Homology,NODE_7_length_295284_cov_43.200283_47 # 49997 # 51097 # 1 # ID=7_47;partial=00;start_type=ATG;rbs_motif=None;rbs_spacer=None;gc_cont=0.631,100,711,366,1.28e-260,367,1,366,1,366,mobileOG_000368509,dnaN,WP_004933892.1,replication/recombination/repair,NA,Plasmid RefSeq,Homology,NODE_7_length_295284_cov_43.200283_47, 49997 # 51097 # 1 , 49997,51097,1 ,7_47,7,47,00,ATG,None,None,0.631,NODE_7_length_295284_cov_43.200283,mobileOG_000368509_NODE_7_length_295284_cov_43.200283
322,mobileOG_000025545|dnaN|WP_000673464.1|replication/recombination/repair|NA|Multiple|Manual,NODE_7_length_295284_cov_43.200283_47 # 49997 # 51097 # 1 # ID=7_47;partial=00;start_type=ATG;rbs_motif=None;rbs_spacer=None;gc_cont=0.631,92.6,667,366,1.50e-243,367,1,366,1,366,mobileOG_000025545,dnaN,WP_000673464.1,replication/recombination/repair,NA,Multiple,Manual,NODE_7_length_295284_cov_43.200283_47, 49997 # 51097 # 1 , 49997,51097,1 ,7_47,7,47,00,ATG,None,None,0.631,NODE_7_length_295284_cov_43.200283,mobileOG_000025545_NODE_7_length_295284_cov_43.200283
323,mobileOG_000351838|dnaN|WP_002209645.1|replication/recombination/repair|NA|Plasmid RefSeq|Homology,NODE_7_length_295284_cov_43.200283_47 # 49997 # 51097 # 1 # ID=7_47;partial=00;start_type=ATG;rbs_motif=None;rbs_spacer=None;gc_cont=0.631,93.7,667,366,1.50e-243,367,1,366,1,366,mobileOG_000351838,dnaN,WP_002209645.1,replication/recombination/repair,NA,Plasmid RefSeq,Homology,NODE_7_length_295284_cov_43.200283_47, 49997 # 51097 # 1 , 49997,51097,1 ,7_47,7,47,00,ATG,None,None,0.631,NODE_7_length_295284_cov_43.200283,mobileOG_000351838_NODE_7_length_295284_cov_43.200283
324,mobileOG_000288418|dnaN|A0A422XA93|replication/recombination/repair|NA|Plasmid RefSeq|Homology,NODE_7_length_295284_cov_43.200283_47 # 49997 # 51097 # 1 # ID=7_47;partial=00;start_type=ATG;rbs_motif=None;rbs_spacer=None;gc_cont=0.631,90.4,659,366,3.38e-240,367,1,366,1,366,mobileOG_000288418,dnaN,A0A422XA93,replication/recombination/repair,NA,Plasmid RefSeq,Homology,NODE_7_length_295284_cov_43.200283_47, 49997 # 51097 # 1 , 49997,51097,1 ,7_47,7,47,00,ATG,None,None,0.631,NODE_7_length_295284_cov_43.200283,mobileOG_000288418_NODE_7_length_295284_cov_43.200283
325,mobileOG_000288440|dnaN|WP_015570134.1|replication/recombination/repair|NA|Plasmid RefSeq|Homology,NODE_7_length_295284_cov_43.200283_47 # 49997 # 51097 # 1 # ID=7_47;partial=00;start_type=ATG;rbs_motif=None;rbs_spacer=None;gc_cont=0.631,90.2,657,366,1.38e-239,367,1,366,1,366,mobileOG_000288440,dnaN,WP_015570134.1,replication/recombination/repair,NA,Plasmid RefSeq,Homology,NODE_7_length_295284_cov_43.200283_47, 49997 # 51097 # 1 , 49997,51097,1 ,7_47,7,47,00,ATG,None,None,0.631,NODE_7_length_295284_cov_43.200283,mobileOG_000288440_NODE_7_length_295284_cov_43.200283
326,mobileOG_000289030|dnaN|WP_008806743.1|replication/recombination/repair|NA|Plasmid RefSeq|Homology,NODE_7_length_295284_cov_43.200283_47 # 49997 # 51097 # 1 # ID=7_47;partial=00;start_type=ATG;rbs_motif=None;rbs_spacer=None;gc_cont=0.631,90.2,650,366,7.60e-237,367,1,366,1,366,mobileOG_000289030,dnaN,WP_008806743.1,replication/recombination/repair,NA,Plasmid RefSeq,Homology,NODE_7_length_295284_cov_43.200283_47, 49997 # 51097 # 1 , 49997,51097,1 ,7_47,7,47,00,ATG,None,None,0.631,NODE_7_length_295284_cov_43.200283,mobileOG_000289030_NODE_7_length_295284_cov_43.200283
327,mobileOG_000334819|dnaN|WP_023279353.1|replication/recombination/repair|NA|Plasmid RefSeq|Homology,NODE_7_length_295284_cov_43.200283_47 # 49997 # 51097 # 1 # ID=7_47;partial=00;start_type=ATG;rbs_motif=None;rbs_spacer=None;gc_cont=0.631,90.4,650,366,7.60e-237,367,1,366,1,366,mobileOG_000334819,dnaN,WP_023279353.1,replication/recombination/repair,NA,Plasmid RefSeq,Homology,NODE_7_length_295284_cov_43.200283_47, 49997 # 51097 # 1 , 49997,51097,1 ,7_47,7,47,00,ATG,None,None,0.631,NODE_7_length_295284_cov_43.200283,mobileOG_000334819_NODE_7_length_295284_cov_43.200283
328,mobileOG_000351474|recF|WP_004933895.1|replication/recombination/repair|NA|Plasmid RefSeq|Homology,NODE_7_length_295284_cov_43.200283_48 # 51143 # 52228 # 1 # ID=7_48;partial=00;start_type=ATG;rbs_motif=GGA/GAG/AGG;rbs_spacer=5-10bp;gc_cont=0.616,99.7,711,361,6.11e-261,362,1,361,1,361,mobileOG_000351474,recF,WP_004933895.1,replication/recombination/repair,NA,Plasmid RefSeq,Homology,NODE_7_length_295284_cov_43.200283_48, 51143 # 52228 # 1 , 51143,52228,1 ,7_48,7,48,00,ATG,GGA/GAG/AGG,5-10bp,0.616,NODE_7_length_295284_cov_43.200283,mobileOG_000351474_NODE_7_length_295284_cov_43.200283
329,mobileOG_000335523|recF|WP_033653950.1|replication/recombination/repair|NA|Plasmid RefSeq|Homology,NODE_7_length_295284_cov_43.200283_48 # 51143 # 52228 # 1 # ID=7_48;partial=00;start_type=ATG;rbs_motif=GGA/GAG/AGG;rbs_spacer=5-10bp;gc_cont=0.616,99.4,710,361,1.75e-260,362,1,361,1,361,mobileOG_000335523,recF,WP_033653950.1,replication/recombination/repair,NA,Plasmid RefSeq,Homology,NODE_7_length_295284_cov_43.200283_48, 51143 # 52228 # 1 , 51143,52228,1 ,7_48,7,48,00,ATG,GGA/GAG/AGG,5-10bp,0.616,NODE_7_length_295284_cov_43.200283,mobileOG_000335523_NODE_7_length_295284_cov_43.200283
330,mobileOG_000026075|recF|Q8Z9U9|replication/recombination/repair|NA|Plasmid RefSeq|Manual,NODE_7_length_295284_cov_43.200283_48 # 51143 # 52228 # 1 # ID=7_48;partial=00;start_type=ATG;rbs_motif=GGA/GAG/AGG;rbs_spacer=5-10bp;gc_cont=0.616,93.4,670,361,1.24e-244,362,1,361,1,361,mobileOG_000026075,recF,Q8Z9U9,replication/recombination/repair,NA,Plasmid RefSeq,Manual,NODE_7_length_295284_cov_43.200283_48, 51143 # 52228 # 1 , 51143,52228,1 ,7_48,7,48,00,ATG,GGA/GAG/AGG,5-10bp,0.616,NODE_7_length_295284_cov_43.200283,mobileOG_000026075_NODE_7_length_295284_cov_43.200283
331,mobileOG_000353686|gyrB|WP_004933898.1|replication/recombination/repair|transfer|Plasmid RefSeq|Homology,NODE_7_length_295284_cov_43.200283_49 # 52247 # 54661 # 1 # ID=7_49;partial=00;start_type=ATG;rbs_motif=GGA/GAG/AGG;rbs_spacer=5-10bp;gc_cont=0.599,100,1590,804,0.0,805,1,804,1,804,mobileOG_000353686,gyrB,WP_004933898.1,replication/recombination/repair,transfer,Plasmid RefSeq,Homology,NODE_7_length_295284_cov_43.200283_49, 52247 # 54661 # 1 , 52247,54661,1 ,7_49,7,49,00,ATG,GGA/GAG/AGG,5-10bp,0.599,NODE_7_length_295284_cov_43.200283,mobileOG_000353686_NODE_7_length_295284_cov_43.200283
332,mobileOG_000353692|gyrB|WP_033636532.1|replication/recombination/repair|transfer|Plasmid RefSeq|Homology,NODE_7_length_295284_cov_43.200283_49 # 52247 # 54661 # 1 # ID=7_49;partial=00;start_type=ATG;rbs_motif=GGA/GAG/AGG;rbs_spacer=5-10bp;gc_cont=0.599,99.4,1582,804,0.0,805,1,804,1,804,mobileOG_000353692,gyrB,WP_033636532.1,replication/recombination/repair,transfer,Plasmid RefSeq,Homology,NODE_7_length_295284_cov_43.200283_49, 52247 # 54661 # 1 , 52247,54661,1 ,7_49,7,49,00,ATG,GGA/GAG/AGG,5-10bp,0.599,NODE_7_length_295284_cov_43.200283,mobileOG_000353692_NODE_7_length_295284_cov_43.200283
333,mobileOG_000353683|gyrB|WP_002209642.1|replication/recombination/repair|transfer|Plasmid RefSeq|Homology,NODE_7_length_295284_cov_43.200283_49 # 52247 # 54661 # 1 # ID=7_49;partial=00;start_type=ATG;rbs_motif=GGA/GAG/AGG;rbs_spacer=5-10bp;gc_cont=0.599,90.4,1449,804,0.0,805,1,804,1,804,mobileOG_000353683,gyrB,WP_002209642.1,replication/recombination/repair,transfer,Plasmid RefSeq,Homology,NODE_7_length_295284_cov_43.200283_49, 52247 # 54661 # 1 , 52247,54661,1 ,7_49,7,49,00,ATG,GGA/GAG/AGG,5-10bp,0.599,NODE_7_length_295284_cov_43.200283,mobileOG_000353683_NODE_7_length_295284_cov_43.200283
334,mobileOG_000351490|tag|WP_033652312.1|replication/recombination/repair|NA|Plasmid RefSeq|Homology,NODE_7_length_295284_cov_43.200283_73 # 77865 # 78431 # -1 # ID=7_73;partial=00;start_type=ATG;rbs_motif=AGGA;rbs_spacer=5-10bp;gc_cont=0.594,99.5,394,188,3.93e-141,189,1,188,1,188,mobileOG_000351490,tag,WP_033652312.1,replication/recombination/repair,NA,Plasmid RefSeq,Homology,NODE_7_length_295284_cov_43.200283_73, 77865 # 78431 # -1 , 77865,78431,-1 ,7_73,7,73,00,ATG,AGGA,5-10bp,0.594,NODE_7_length_295284_cov_43.200283,mobileOG_000351490_NODE_7_length_295284_cov_43.200283
335,mobileOG_000313841|tag|WP_033636547.1|replication/recombination/repair|NA|Plasmid RefSeq|Homology,NODE_7_length_295284_cov_43.200283_73 # 77865 # 78431 # -1 # ID=7_73;partial=00;start_type=ATG;rbs_motif=AGGA;rbs_spacer=5-10bp;gc_cont=0.594,97.3,387,188,2.19e-138,189,1,188,1,188,mobileOG_000313841,tag,WP_033636547.1,replication/recombination/repair,NA,Plasmid RefSeq,Homology,NODE_7_length_295284_cov_43.200283_73, 77865 # 78431 # -1 , 77865,78431,-1 ,7_73,7,73,00,ATG,AGGA,5-10bp,0.594,NODE_7_length_295284_cov_43.200283,mobileOG_000313841_NODE_7_length_295284_cov_43.200283
336,mobileOG_000743083|NA:Keyword|WP_033649525.1|stability/transfer/defense|NA|Plasmid RefSeq|Keyword Search,NODE_7_length_295284_cov_43.200283_102 # 110604 # 110879 # 1 # ID=7_102;partial=00;start_type=ATG;rbs_motif=None;rbs_spacer=None;gc_cont=0.529,95.6,169,91,1.65e-55,92,1,91,1,91,mobileOG_000743083,NA:Keyword,WP_033649525.1,stability/transfer/defense,NA,Plasmid RefSeq,Keyword Search,NODE_7_length_295284_cov_43.200283_102, 110604 # 110879 # 1 , 110604,110879,1 ,7_102,7,102,00,ATG,None,None,0.529,NODE_7_length_295284_cov_43.200283,mobileOG_000743083_NODE_7_length_295284_cov_43.200283
337,mobileOG_000306384|alpA|WP_060427858.1|integration/excision|regulation|Plasmid RefSeq|Homology,NODE_7_length_295284_cov_43.200283_118 # 126172 # 126435 # 1 # ID=7_118;partial=00;start_type=ATG;rbs_motif=GGAG/GAGG;rbs_spacer=5-10bp;gc_cont=0.636,91.9,160,87,4.00e-52,88,1,86,1,86,mobileOG_000306384,alpA,WP_060427858.1,integration/excision,regulation,Plasmid RefSeq,Homology,NODE_7_length_295284_cov_43.200283_118, 126172 # 126435 # 1 , 126172,126435,1 ,7_118,7,118,00,ATG,GGAG/GAGG,5-10bp,0.636,NODE_7_length_295284_cov_43.200283,mobileOG_000306384_NODE_7_length_295284_cov_43.200283
338,mobileOG_000308861|alpA|WP_101452796.1|integration/excision|regulation|Plasmid RefSeq|Homology,NODE_7_length_295284_cov_43.200283_118 # 126172 # 126435 # 1 # ID=7_118;partial=00;start_type=ATG;rbs_motif=GGAG/GAGG;rbs_spacer=5-10bp;gc_cont=0.636,90.7,159,87,1.15e-51,88,1,86,1,86,mobileOG_000308861,alpA,WP_101452796.1,integration/excision,regulation,Plasmid RefSeq,Homology,NODE_7_length_295284_cov_43.200283_118, 126172 # 126435 # 1 , 126172,126435,1 ,7_118,7,118,00,ATG,GGAG/GAGG,5-10bp,0.636,NODE_7_length_295284_cov_43.200283,mobileOG_000308861_NODE_7_length_295284_cov_43.200283
339,"mobileOG_000344736|cI|WP_101456594.1|phage|replication,transfer|Plasmid RefSeq|Homology",NODE_7_length_295284_cov_43.200283_120 # 127037 # 127228 # 1 # ID=7_120;partial=00;start_type=ATG;rbs_motif=GGAGG;rbs_spacer=5-10bp;gc_cont=0.635,93.7,116,170,5.65e-34,64,108,170,1,63,mobileOG_000344736,cI,WP_101456594.1,phage,"replication,transfer",Plasmid RefSeq,Homology,NODE_7_length_295284_cov_43.200283_120, 127037 # 127228 # 1 , 127037,127228,1 ,7_120,7,120,00,ATG,GGAGG,5-10bp,0.635,NODE_7_length_295284_cov_43.200283,mobileOG_000344736_NODE_7_length_295284_cov_43.200283
340,"mobileOG_000344734|cI|WP_101452798.1|phage|replication,transfer|Plasmid RefSeq|Homology",NODE_7_length_295284_cov_43.200283_120 # 127037 # 127228 # 1 # ID=7_120;partial=00;start_type=ATG;rbs_motif=GGAGG;rbs_spacer=5-10bp;gc_cont=0.635,93.7,115,181,2.17e-33,64,119,181,1,63,mobileOG_000344734,cI,WP_101452798.1,phage,"replication,transfer",Plasmid RefSeq,Homology,NODE_7_length_295284_cov_43.200283_120, 127037 # 127228 # 1 , 127037,127228,1 ,7_120,7,120,00,ATG,GGAGG,5-10bp,0.635,NODE_7_length_295284_cov_43.200283,mobileOG_000344734_NODE_7_length_295284_cov_43.200283
341,mobileOG_000377761|Alpha|WP_060437025.1|phage|replication/recombination/repair|Plasmid RefSeq|Homology,NODE_7_length_295284_cov_43.200283_123 # 127831 # 130164 # 1 # ID=7_123;partial=00;start_type=ATG;rbs_motif=AGGAG;rbs_spacer=5-10bp;gc_cont=0.649,96.3,1490,777,0.0,778,1,777,1,777,mobileOG_000377761,Alpha,WP_060437025.1,phage,replication/recombination/repair,Plasmid RefSeq,Homology,NODE_7_length_295284_cov_43.200283_123, 127831 # 130164 # 1 , 127831,130164,1 ,7_123,7,123,00,ATG,AGGAG,5-10bp,0.649,NODE_7_length_295284_cov_43.200283,mobileOG_000377761_NODE_7_length_295284_cov_43.200283
342,mobileOG_000277277|Alpha|WP_101452801.1|phage|replication/recombination/repair|Plasmid RefSeq|Homology,NODE_7_length_295284_cov_43.200283_123 # 127831 # 130164 # 1 # ID=7_123;partial=00;start_type=ATG;rbs_motif=AGGAG;rbs_spacer=5-10bp;gc_cont=0.649,92.1,1429,777,0.0,778,1,777,1,777,mobileOG_000277277,Alpha,WP_101452801.1,phage,replication/recombination/repair,Plasmid RefSeq,Homology,NODE_7_length_295284_cov_43.200283_123, 127831 # 130164 # 1 , 127831,130164,1 ,7_123,7,123,00,ATG,AGGAG,5-10bp,0.649,NODE_7_length_295284_cov_43.200283,mobileOG_000277277_NODE_7_length_295284_cov_43.200283
343,mobileOG_000333736|oppD|WP_004934132.1|transfer|competence|Plasmid RefSeq|Homology,NODE_7_length_295284_cov_43.200283_147 # 160302 # 161282 # 1 # ID=7_147;partial=00;start_type=ATG;rbs_motif=GGAG/GAGG;rbs_spacer=5-10bp;gc_cont=0.633,99.7,634,326,1.74e-231,327,1,326,1,326,mobileOG_000333736,oppD,WP_004934132.1,transfer,competence,Plasmid RefSeq,Homology,NODE_7_length_295284_cov_43.200283_147, 160302 # 161282 # 1 , 160302,161282,1 ,7_147,7,147,00,ATG,GGAG/GAGG,5-10bp,0.633,NODE_7_length_295284_cov_43.200283,mobileOG_000333736_NODE_7_length_295284_cov_43.200283
344,mobileOG_000313842|oppF|WP_033636613.1|transfer|competence|Plasmid RefSeq|Homology,NODE_7_length_295284_cov_43.200283_148 # 161279 # 162268 # 1 # ID=7_148;partial=00;start_type=ATG;rbs_motif=GGAGG;rbs_spacer=5-10bp;gc_cont=0.622,99.4,650,329,4.31e-238,330,1,329,1,329,mobileOG_000313842,oppF,WP_033636613.1,transfer,competence,Plasmid RefSeq,Homology,NODE_7_length_295284_cov_43.200283_148, 161279 # 162268 # 1 , 161279,162268,1 ,7_148,7,148,00,ATG,GGAGG,5-10bp,0.622,NODE_7_length_295284_cov_43.200283,mobileOG_000313842_NODE_7_length_295284_cov_43.200283
345,mobileOG_000367015|oppF|WP_161597821.1|transfer|competence|Plasmid RefSeq|Homology,NODE_7_length_295284_cov_43.200283_148 # 161279 # 162268 # 1 # ID=7_148;partial=00;start_type=ATG;rbs_motif=GGAGG;rbs_spacer=5-10bp;gc_cont=0.622,95.0,609,346,1.65e-221,330,19,339,5,325,mobileOG_000367015,oppF,WP_161597821.1,transfer,competence,Plasmid RefSeq,Homology,NODE_7_length_295284_cov_43.200283_148, 161279 # 162268 # 1 , 161279,162268,1 ,7_148,7,148,00,ATG,GGAGG,5-10bp,0.622,NODE_7_length_295284_cov_43.200283,mobileOG_000367015_NODE_7_length_295284_cov_43.200283
346,mobileOG_000289032|oppF|WP_008806903.1|transfer|competence|Plasmid RefSeq|Homology,NODE_7_length_295284_cov_43.200283_148 # 161279 # 162268 # 1 # ID=7_148;partial=00;start_type=ATG;rbs_motif=GGAGG;rbs_spacer=5-10bp;gc_cont=0.622,92.3,598,337,4.41e-217,330,10,332,5,327,mobileOG_000289032,oppF,WP_008806903.1,transfer,competence,Plasmid RefSeq,Homology,NODE_7_length_295284_cov_43.200283_148, 161279 # 162268 # 1 , 161279,162268,1 ,7_148,7,148,00,ATG,GGAGG,5-10bp,0.622,NODE_7_length_295284_cov_43.200283,mobileOG_000289032_NODE_7_length_295284_cov_43.200283
347,mobileOG_000288462|oppF|WP_017383568.1|transfer|competence|Plasmid RefSeq|Homology,NODE_7_length_295284_cov_43.200283_148 # 161279 # 162268 # 1 # ID=7_148;partial=00;start_type=ATG;rbs_motif=GGAGG;rbs_spacer=5-10bp;gc_cont=0.622,91.3,589,337,1.41e-213,330,10,331,5,326,mobileOG_000288462,oppF,WP_017383568.1,transfer,competence,Plasmid RefSeq,Homology,NODE_7_length_295284_cov_43.200283_148, 161279 # 162268 # 1 , 161279,162268,1 ,7_148,7,148,00,ATG,GGAGG,5-10bp,0.622,NODE_7_length_295284_cov_43.200283,mobileOG_000288462_NODE_7_length_295284_cov_43.200283
348,"mobileOG_000332113|rep|WP_060446051.1|replication/recombination/repair|initiation,copy number control,plasmid|Plasmid RefSeq|Homology",NODE_7_length_295284_cov_43.200283_162 # 182614 # 184638 # 1 # ID=7_162;partial=00;start_type=ATG;rbs_motif=GGA/GAG/AGG;rbs_spacer=11-12bp;gc_cont=0.600,99.4,1323,674,0.0,675,1,674,1,674,mobileOG_000332113,rep,WP_060446051.1,replication/recombination/repair,"initiation,copy number control,plasmid",Plasmid RefSeq,Homology,NODE_7_length_295284_cov_43.200283_162, 182614 # 184638 # 1 , 182614,184638,1 ,7_162,7,162,00,ATG,GGA/GAG/AGG,11-12bp,0.600,NODE_7_length_295284_cov_43.200283,mobileOG_000332113_NODE_7_length_295284_cov_43.200283
349,mobileOG_000349233|xerD|WP_016929495.1|integration/excision|replication/recombination/repair|Plasmid RefSeq|Homology,NODE_7_length_295284_cov_43.200283_189 # 215213 # 216124 # 1 # ID=7_189;partial=00;start_type=ATG;rbs_motif=GGA/GAG/AGG;rbs_spacer=5-10bp;gc_cont=0.643,98.7,593,303,2.95e-216,304,1,303,1,303,mobileOG_000349233,xerD,WP_016929495.1,integration/excision,replication/recombination/repair,Plasmid RefSeq,Homology,NODE_7_length_295284_cov_43.200283_189, 215213 # 216124 # 1 , 215213,216124,1 ,7_189,7,189,00,ATG,GGA/GAG/AGG,5-10bp,0.643,NODE_7_length_295284_cov_43.200283,mobileOG_000349233_NODE_7_length_295284_cov_43.200283
350,mobileOG_000329602|uvrD|WP_101456625.1|replication/recombination/repair|plasmid|Plasmid RefSeq|Homology,NODE_7_length_295284_cov_43.200283_191 # 216919 # 219081 # 1 # ID=7_191;partial=00;start_type=ATG;rbs_motif=None;rbs_spacer=None;gc_cont=0.629,99.6,1431,720,0.0,721,1,720,1,720,mobileOG_000329602,uvrD,WP_101456625.1,replication/recombination/repair,plasmid,Plasmid RefSeq,Homology,NODE_7_length_295284_cov_43.200283_191, 216919 # 219081 # 1 , 216919,219081,1 ,7_191,7,191,00,ATG,None,None,0.629,NODE_7_length_295284_cov_43.200283,mobileOG_000329602_NODE_7_length_295284_cov_43.200283
351,mobileOG_000351840|uvrD|WP_002211475.1|replication/recombination/repair|plasmid|Plasmid RefSeq|Homology,NODE_7_length_295284_cov_43.200283_191 # 216919 # 219081 # 1 # ID=7_191;partial=00;start_type=ATG;rbs_motif=None;rbs_spacer=None;gc_cont=0.629,92.5,1348,720,0.0,721,1,720,1,720,mobileOG_000351840,uvrD,WP_002211475.1,replication/recombination/repair,plasmid,Plasmid RefSeq,Homology,NODE_7_length_295284_cov_43.200283_191, 216919 # 219081 # 1 , 216919,219081,1 ,7_191,7,191,00,ATG,None,None,0.629,NODE_7_length_295284_cov_43.200283,mobileOG_000351840_NODE_7_length_295284_cov_43.200283
352,mobileOG_000328016|recQ|WP_033649642.1|replication/recombination/repair|NA|Plasmid RefSeq|Homology,NODE_7_length_295284_cov_43.200283_196 # 222624 # 224468 # 1 # ID=7_196;partial=00;start_type=ATG;rbs_motif=None;rbs_spacer=None;gc_cont=0.627,99.3,1223,610,0.0,615,1,610,5,614,mobileOG_000328016,recQ,WP_033649642.1,replication/recombination/repair,NA,Plasmid RefSeq,Homology,NODE_7_length_295284_cov_43.200283_196, 222624 # 224468 # 1 , 222624,224468,1 ,7_196,7,196,00,ATG,None,None,0.627,NODE_7_length_295284_cov_43.200283,mobileOG_000328016_NODE_7_length_295284_cov_43.200283
353,mobileOG_000361587|rmuC|WP_033636701.1|replication/recombination/repair|NA|Plasmid RefSeq|Homology,NODE_7_length_295284_cov_43.200283_246 # 274098 # 275645 # 1 # ID=7_246;partial=00;start_type=GTG;rbs_motif=AGGAGG;rbs_spacer=3-4bp;gc_cont=0.618,93.2,831,515,2.71e-303,516,1,515,1,515,mobileOG_000361587,rmuC,WP_033636701.1,replication/recombination/repair,NA,Plasmid RefSeq,Homology,NODE_7_length_295284_cov_43.200283_246, 274098 # 275645 # 1 , 274098,275645,1 ,7_246,7,246,00,GTG,AGGAGG,3-4bp,0.618,NODE_7_length_295284_cov_43.200283,mobileOG_000361587_NODE_7_length_295284_cov_43.200283
354,mobileOG_000327800|hda|WP_025159568.1|replication/recombination/repair|NA|Plasmid RefSeq|Homology,NODE_8_length_260171_cov_34.623540_33 # 29598 # 30080 # -1 # ID=8_33;partial=00;start_type=GTG;rbs_motif=GGA/GAG/AGG;rbs_spacer=5-10bp;gc_cont=0.607,99.4,321,233,3.95e-112,161,74,233,1,160,mobileOG_000327800,hda,WP_025159568.1,replication/recombination/repair,NA,Plasmid RefSeq,Homology,NODE_8_length_260171_cov_34.623540_33, 29598 # 30080 # -1 , 29598,30080,-1 ,8_33,8,33,00,GTG,GGA/GAG/AGG,5-10bp,0.607,NODE_8_length_260171_cov_34.623540,mobileOG_000327800_NODE_8_length_260171_cov_34.623540
355,mobileOG_000330176|hda|WP_101453253.1|replication/recombination/repair|NA|Plasmid RefSeq|Homology,NODE_8_length_260171_cov_34.623540_33 # 29598 # 30080 # -1 # ID=8_33;partial=00;start_type=GTG;rbs_motif=GGA/GAG/AGG;rbs_spacer=5-10bp;gc_cont=0.607,98.8,320,233,1.13e-111,161,74,233,1,160,mobileOG_000330176,hda,WP_101453253.1,replication/recombination/repair,NA,Plasmid RefSeq,Homology,NODE_8_length_260171_cov_34.623540_33, 29598 # 30080 # -1 , 29598,30080,-1 ,8_33,8,33,00,GTG,GGA/GAG/AGG,5-10bp,0.607,NODE_8_length_260171_cov_34.623540,mobileOG_000330176_NODE_8_length_260171_cov_34.623540
356,mobileOG_000040283|hda|A0A094VSK4|replication/recombination/repair|NA|COMPASS|Homology,NODE_8_length_260171_cov_34.623540_33 # 29598 # 30080 # -1 # ID=8_33;partial=00;start_type=GTG;rbs_motif=GGA/GAG/AGG;rbs_spacer=5-10bp;gc_cont=0.607,90.0,291,225,1.13e-100,161,66,225,1,160,mobileOG_000040283,hda,A0A094VSK4,replication/recombination/repair,NA,COMPASS,Homology,NODE_8_length_260171_cov_34.623540_33, 29598 # 30080 # -1 , 29598,30080,-1 ,8_33,8,33,00,GTG,GGA/GAG/AGG,5-10bp,0.607,NODE_8_length_260171_cov_34.623540,mobileOG_000040283_NODE_8_length_260171_cov_34.623540
357,mobileOG_000327250|hda|WP_000247065.1|replication/recombination/repair|NA|Plasmid RefSeq|Homology,NODE_8_length_260171_cov_34.623540_33 # 29598 # 30080 # -1 # ID=8_33;partial=00;start_type=GTG;rbs_motif=GGA/GAG/AGG;rbs_spacer=5-10bp;gc_cont=0.607,90.0,291,248,2.47e-100,161,89,248,1,160,mobileOG_000327250,hda,WP_000247065.1,replication/recombination/repair,NA,Plasmid RefSeq,Homology,NODE_8_length_260171_cov_34.623540_33, 29598 # 30080 # -1 , 29598,30080,-1 ,8_33,8,33,00,GTG,GGA/GAG/AGG,5-10bp,0.607,NODE_8_length_260171_cov_34.623540,mobileOG_000327250_NODE_8_length_260171_cov_34.623540
358,mobileOG_000328285|xseA|WP_031299944.1|replication/recombination/repair|NA|Plasmid RefSeq|Homology,NODE_8_length_260171_cov_34.623540_99 # 107540 # 108838 # 1 # ID=8_99;partial=00;start_type=ATG;rbs_motif=GGA/GAG/AGG;rbs_spacer=5-10bp;gc_cont=0.664,96.3,652,458,5.31e-235,433,27,458,1,432,mobileOG_000328285,xseA,WP_031299944.1,replication/recombination/repair,NA,Plasmid RefSeq,Homology,NODE_8_length_260171_cov_34.623540_99, 107540 # 108838 # 1 , 107540,108838,1 ,8_99,8,99,00,ATG,GGA/GAG/AGG,5-10bp,0.664,NODE_8_length_260171_cov_34.623540,mobileOG_000328285_NODE_8_length_260171_cov_34.623540
359,"mobileOG_000329166|dnaK|WP_101455550.1|phage|infection,regulation|Plasmid RefSeq|Homology",NODE_8_length_260171_cov_34.623540_120 # 129683 # 131533 # -1 # ID=8_120;partial=00;start_type=ATG;rbs_motif=GGA/GAG/AGG;rbs_spacer=5-10bp;gc_cont=0.666,99.2,1140,616,0.0,617,1,616,1,616,mobileOG_000329166,dnaK,WP_101455550.1,phage,"infection,regulation",Plasmid RefSeq,Homology,NODE_8_length_260171_cov_34.623540_120, 129683 # 131533 # -1 , 129683,131533,-1 ,8_120,8,120,00,ATG,GGA/GAG/AGG,5-10bp,0.666,NODE_8_length_260171_cov_34.623540,mobileOG_000329166_NODE_8_length_260171_cov_34.623540
360,mobileOG_000368501|recO|WP_004929165.1|replication/recombination/repair|NA|Multiple|Homology,NODE_8_length_260171_cov_34.623540_159 # 174739 # 175470 # -1 # ID=8_159;partial=00;start_type=GTG;rbs_motif=None;rbs_spacer=None;gc_cont=0.639,99.6,483,243,1.13e-174,244,1,243,1,243,mobileOG_000368501,recO,WP_004929165.1,replication/recombination/repair,NA,Multiple,Homology,NODE_8_length_260171_cov_34.623540_159, 174739 # 175470 # -1 , 174739,175470,-1 ,8_159,8,159,00,GTG,None,None,0.639,NODE_8_length_260171_cov_34.623540,mobileOG_000368501_NODE_8_length_260171_cov_34.623540
361,mobileOG_000368553|ung|WP_033635636.1|replication/recombination/repair|NA|Plasmid RefSeq|Homology,NODE_8_length_260171_cov_34.623540_175 # 190881 # 191564 # 1 # ID=8_175;partial=00;start_type=ATG;rbs_motif=AGGAG;rbs_spacer=5-10bp;gc_cont=0.636,99.6,476,227,1.83e-172,228,1,227,1,227,mobileOG_000368553,ung,WP_033635636.1,replication/recombination/repair,NA,Plasmid RefSeq,Homology,NODE_8_length_260171_cov_34.623540_175, 190881 # 191564 # 1 , 190881,191564,1 ,8_175,8,175,00,ATG,AGGAG,5-10bp,0.636,NODE_8_length_260171_cov_34.623540,mobileOG_000368553_NODE_8_length_260171_cov_34.623540
362,mobileOG_000328446|recN|WP_033654310.1|replication/recombination/repair|NA|Plasmid RefSeq|Homology,NODE_8_length_260171_cov_34.623540_178 # 193296 # 194957 # 1 # ID=8_178;partial=00;start_type=ATG;rbs_motif=AGGA;rbs_spacer=5-10bp;gc_cont=0.643,99.1,1037,553,0.0,554,1,553,1,553,mobileOG_000328446,recN,WP_033654310.1,replication/recombination/repair,NA,Plasmid RefSeq,Homology,NODE_8_length_260171_cov_34.623540_178, 193296 # 194957 # 1 , 193296,194957,1 ,8_178,8,178,00,ATG,AGGA,5-10bp,0.643,NODE_8_length_260171_cov_34.623540,mobileOG_000328446_NODE_8_length_260171_cov_34.623540
363,mobileOG_000337297|ratA|WP_086580341.1|stability/transfer/defense|NA|Plasmid RefSeq|Homology,NODE_8_length_260171_cov_34.623540_181 # 195931 # 196365 # -1 # ID=8_181;partial=00;start_type=ATG;rbs_motif=AGGA;rbs_spacer=5-10bp;gc_cont=0.561,97.9,282,162,3.08e-98,145,19,162,1,144,mobileOG_000337297,ratA,WP_086580341.1,stability/transfer/defense,NA,Plasmid RefSeq,Homology,NODE_8_length_260171_cov_34.623540_181, 195931 # 196365 # -1 , 195931,196365,-1 ,8_181,8,181,00,ATG,AGGA,5-10bp,0.561,NODE_8_length_260171_cov_34.623540,mobileOG_000337297_NODE_8_length_260171_cov_34.623540
364,"mobileOG_000301583|dpiA|WP_033635694.1|replication/recombination/repair|partitioning,regulation|Plasmid RefSeq|Homology",NODE_8_length_260171_cov_34.623540_230 # 238920 # 239606 # 1 # ID=8_230;partial=00;start_type=ATG;rbs_motif=GGA/GAG/AGG;rbs_spacer=5-10bp;gc_cont=0.590,99.1,444,228,1.27e-159,229,1,228,1,228,mobileOG_000301583,dpiA,WP_033635694.1,replication/recombination/repair,"partitioning,regulation",Plasmid RefSeq,Homology,NODE_8_length_260171_cov_34.623540_230, 238920 # 239606 # 1 , 238920,239606,1 ,8_230,8,230,00,ATG,GGA/GAG/AGG,5-10bp,0.590,NODE_8_length_260171_cov_34.623540,mobileOG_000301583_NODE_8_length_260171_cov_34.623540
365,mobileOG_000755095|NA:Keyword|WP_033651754.1|transfer|NA|Plasmid RefSeq|Keyword Search,NODE_9_length_185077_cov_41.785984_80 # 94086 # 94922 # -1 # ID=9_80;partial=00;start_type=ATG;rbs_motif=GGA/GAG/AGG;rbs_spacer=5-10bp;gc_cont=0.614,99.6,562,278,6.66e-205,279,1,278,1,278,mobileOG_000755095,NA:Keyword,WP_033651754.1,transfer,NA,Plasmid RefSeq,Keyword Search,NODE_9_length_185077_cov_41.785984_80, 94086 # 94922 # -1 , 94086,94922,-1 ,9_80,9,80,00,ATG,GGA/GAG/AGG,5-10bp,0.614,NODE_9_length_185077_cov_41.785984,mobileOG_000755095_NODE_9_length_185077_cov_41.785984
366,mobileOG_000754507|NA:Keyword|WP_016930391.1|transfer|NA|Plasmid RefSeq|Keyword Search,NODE_9_length_185077_cov_41.785984_80 # 94086 # 94922 # -1 # ID=9_80;partial=00;start_type=ATG;rbs_motif=GGA/GAG/AGG;rbs_spacer=5-10bp;gc_cont=0.614,98.6,559,278,1.10e-203,279,1,278,1,278,mobileOG_000754507,NA:Keyword,WP_016930391.1,transfer,NA,Plasmid RefSeq,Keyword Search,NODE_9_length_185077_cov_41.785984_80, 94086 # 94922 # -1 , 94086,94922,-1 ,9_80,9,80,00,ATG,GGA/GAG/AGG,5-10bp,0.614,NODE_9_length_185077_cov_41.785984,mobileOG_000754507_NODE_9_length_185077_cov_41.785984
367,mobileOG_000756355|NA:Keyword|WP_039569119.1|transfer|NA|Plasmid RefSeq|Keyword Search,NODE_9_length_185077_cov_41.785984_80 # 94086 # 94922 # -1 # ID=9_80;partial=00;start_type=ATG;rbs_motif=GGA/GAG/AGG;rbs_spacer=5-10bp;gc_cont=0.614,97.8,552,278,8.71e-201,279,1,278,1,278,mobileOG_000756355,NA:Keyword,WP_039569119.1,transfer,NA,Plasmid RefSeq,Keyword Search,NODE_9_length_185077_cov_41.785984_80, 94086 # 94922 # -1 , 94086,94922,-1 ,9_80,9,80,00,ATG,GGA/GAG/AGG,5-10bp,0.614,NODE_9_length_185077_cov_41.785984,mobileOG_000756355_NODE_9_length_185077_cov_41.785984
368,mobileOG_000340872|vapC|WP_016930378.1|stability/transfer/defense|NA|Plasmid RefSeq|Homology,NODE_9_length_185077_cov_41.785984_106 # 123116 # 123595 # -1 # ID=9_106;partial=00;start_type=ATG;rbs_motif=None;rbs_spacer=None;gc_cont=0.565,99.4,322,159,7.08e-114,160,1,159,1,159,mobileOG_000340872,vapC,WP_016930378.1,stability/transfer/defense,NA,Plasmid RefSeq,Homology,NODE_9_length_185077_cov_41.785984_106, 123116 # 123595 # -1 , 123116,123595,-1 ,9_106,9,106,00,ATG,None,None,0.565,NODE_9_length_185077_cov_41.785984,mobileOG_000340872_NODE_9_length_185077_cov_41.785984
369,mobileOG_000342074|vapC|WP_074026079.1|stability/transfer/defense|NA|Plasmid RefSeq|Homology,NODE_9_length_185077_cov_41.785984_106 # 123116 # 123595 # -1 # ID=9_106;partial=00;start_type=ATG;rbs_motif=None;rbs_spacer=None;gc_cont=0.565,97.5,319,159,1.67e-112,160,1,159,1,159,mobileOG_000342074,vapC,WP_074026079.1,stability/transfer/defense,NA,Plasmid RefSeq,Homology,NODE_9_length_185077_cov_41.785984_106, 123116 # 123595 # -1 , 123116,123595,-1 ,9_106,9,106,00,ATG,None,None,0.565,NODE_9_length_185077_cov_41.785984,mobileOG_000342074_NODE_9_length_185077_cov_41.785984
370,mobileOG_000342300|vapC|WP_033636311.1|stability/transfer/defense|NA|Plasmid RefSeq|Homology,NODE_9_length_185077_cov_41.785984_106 # 123116 # 123595 # -1 # ID=9_106;partial=00;start_type=ATG;rbs_motif=None;rbs_spacer=None;gc_cont=0.565,96.9,318,159,4.79e-112,160,1,159,1,159,mobileOG_000342300,vapC,WP_033636311.1,stability/transfer/defense,NA,Plasmid RefSeq,Homology,NODE_9_length_185077_cov_41.785984_106, 123116 # 123595 # -1 , 123116,123595,-1 ,9_106,9,106,00,ATG,None,None,0.565,NODE_9_length_185077_cov_41.785984,mobileOG_000342300_NODE_9_length_185077_cov_41.785984
371,mobileOG_000365508|dam_1|WP_047573438.1|stability/transfer/defense|NA|Plasmid RefSeq|Homology,NODE_9_length_185077_cov_41.785984_123 # 140640 # 141347 # 1 # ID=9_123;partial=00;start_type=GTG;rbs_motif=GGA/GAG/AGG;rbs_spacer=5-10bp;gc_cont=0.559,99.1,471,270,1.66e-169,236,36,270,1,235,mobileOG_000365508,dam_1,WP_047573438.1,stability/transfer/defense,NA,Plasmid RefSeq,Homology,NODE_9_length_185077_cov_41.785984_123, 140640 # 141347 # 1 , 140640,141347,1 ,9_123,9,123,00,GTG,GGA/GAG/AGG,5-10bp,0.559,NODE_9_length_185077_cov_41.785984,mobileOG_000365508_NODE_9_length_185077_cov_41.785984
372,mobileOG_000365493|dam_1|WP_004930319.1|stability/transfer/defense|NA|Plasmid RefSeq|Homology,NODE_9_length_185077_cov_41.785984_123 # 140640 # 141347 # 1 # ID=9_123;partial=00;start_type=GTG;rbs_motif=GGA/GAG/AGG;rbs_spacer=5-10bp;gc_cont=0.559,98.7,470,270,3.34e-169,236,36,270,1,235,mobileOG_000365493,dam_1,WP_004930319.1,stability/transfer/defense,NA,Plasmid RefSeq,Homology,NODE_9_length_185077_cov_41.785984_123, 140640 # 141347 # 1 , 140640,141347,1 ,9_123,9,123,00,GTG,GGA/GAG/AGG,5-10bp,0.559,NODE_9_length_185077_cov_41.785984,mobileOG_000365493_NODE_9_length_185077_cov_41.785984
373,mobileOG_000365501|dam_1|WP_033636297.1|stability/transfer/defense|NA|Plasmid RefSeq|Homology,NODE_9_length_185077_cov_41.785984_123 # 140640 # 141347 # 1 # ID=9_123;partial=00;start_type=GTG;rbs_motif=GGA/GAG/AGG;rbs_spacer=5-10bp;gc_cont=0.559,98.3,468,270,2.75e-168,236,36,270,1,235,mobileOG_000365501,dam_1,WP_033636297.1,stability/transfer/defense,NA,Plasmid RefSeq,Homology,NODE_9_length_185077_cov_41.785984_123, 140640 # 141347 # 1 , 140640,141347,1 ,9_123,9,123,00,GTG,GGA/GAG/AGG,5-10bp,0.559,NODE_9_length_185077_cov_41.785984,mobileOG_000365501_NODE_9_length_185077_cov_41.785984
374,mobileOG_000305720|NGR_a02800|WP_038878101.1|stability/transfer/defense|NA|Plasmid RefSeq|Homology,NODE_9_length_185077_cov_41.785984_138 # 157341 # 157619 # -1 # ID=9_138;partial=00;start_type=GTG;rbs_motif=AGGA;rbs_spacer=5-10bp;gc_cont=0.577,94.5,171,92,4.35e-56,93,1,91,1,91,mobileOG_000305720,NGR_a02800,WP_038878101.1,stability/transfer/defense,NA,Plasmid RefSeq,Homology,NODE_9_length_185077_cov_41.785984_138, 157341 # 157619 # -1 , 157341,157619,-1 ,9_138,9,138,00,GTG,AGGA,5-10bp,0.577,NODE_9_length_185077_cov_41.785984,mobileOG_000305720_NODE_9_length_185077_cov_41.785984
375,mobileOG_000304177|yacA|WP_041036986.1|stability/transfer/defense|NA|Plasmid RefSeq|Homology,NODE_9_length_185077_cov_41.785984_139 # 157637 # 157906 # -1 # ID=9_139;partial=00;start_type=ATG;rbs_motif=GGAG/GAGG;rbs_spacer=5-10bp;gc_cont=0.563,96.6,155,89,6.32e-50,90,1,88,1,88,mobileOG_000304177,yacA,WP_041036986.1,stability/transfer/defense,NA,Plasmid RefSeq,Homology,NODE_9_length_185077_cov_41.785984_139, 157637 # 157906 # -1 , 157637,157906,-1 ,9_139,9,139,00,ATG,GGAG/GAGG,5-10bp,0.563,NODE_9_length_185077_cov_41.785984,mobileOG_000304177_NODE_9_length_185077_cov_41.785984
376,mobileOG_000309115|yacA|WP_043148391.1|stability/transfer/defense|NA|Plasmid RefSeq|Homology,NODE_9_length_185077_cov_41.785984_139 # 157637 # 157906 # -1 # ID=9_139;partial=00;start_type=ATG;rbs_motif=GGAG/GAGG;rbs_spacer=5-10bp;gc_cont=0.563,95.5,155,89,8.98e-50,90,1,89,1,89,mobileOG_000309115,yacA,WP_043148391.1,stability/transfer/defense,NA,Plasmid RefSeq,Homology,NODE_9_length_185077_cov_41.785984_139, 157637 # 157906 # -1 , 157637,157906,-1 ,9_139,9,139,00,ATG,GGAG/GAGG,5-10bp,0.563,NODE_9_length_185077_cov_41.785984,mobileOG_000309115_NODE_9_length_185077_cov_41.785984
377,mobileOG_000329165|recD|WP_101427295.1|replication/recombination/repair|NA|Plasmid RefSeq|Homology,NODE_10_length_156647_cov_37.653612_3 # 3025 # 4875 # -1 # ID=10_3;partial=00;start_type=ATG;rbs_motif=GGAGG;rbs_spacer=5-10bp;gc_cont=0.668,95.9,1116,616,0.0,617,1,616,1,616,mobileOG_000329165,recD,WP_101427295.1,replication/recombination/repair,NA,Plasmid RefSeq,Homology,NODE_10_length_156647_cov_37.653612_3, 3025 # 4875 # -1 , 3025,4875,-1 ,10_3,10,3,00,ATG,GGAGG,5-10bp,0.668,NODE_10_length_156647_cov_37.653612,mobileOG_000329165_NODE_10_length_156647_cov_37.653612
378,mobileOG_000336351|recB|WP_101427296.1|replication/recombination/repair|NA|Plasmid RefSeq|Homology,NODE_10_length_156647_cov_37.653612_4 # 4872 # 8423 # -1 # ID=10_4;partial=00;start_type=ATG;rbs_motif=None;rbs_spacer=None;gc_cont=0.629,96.8,2272,1183,0.0,1184,1,1183,1,1183,mobileOG_000336351,recB,WP_101427296.1,replication/recombination/repair,NA,Plasmid RefSeq,Homology,NODE_10_length_156647_cov_37.653612_4, 4872 # 8423 # -1 , 4872,8423,-1 ,10_4,10,4,00,ATG,None,None,0.629,NODE_10_length_156647_cov_37.653612,mobileOG_000336351_NODE_10_length_156647_cov_37.653612
379,mobileOG_000327740|recC|WP_101427297.1|replication/recombination/repair|NA|Plasmid RefSeq|Homology,NODE_10_length_156647_cov_37.653612_6 # 11541 # 14912 # -1 # ID=10_6;partial=00;start_type=ATG;rbs_motif=AGGAG;rbs_spacer=5-10bp;gc_cont=0.620,97.0,2201,1123,0.0,1124,1,1123,1,1123,mobileOG_000327740,recC,WP_101427297.1,replication/recombination/repair,NA,Plasmid RefSeq,Homology,NODE_10_length_156647_cov_37.653612_6, 11541 # 14912 # -1 , 11541,14912,-1 ,10_6,10,6,00,ATG,AGGAG,5-10bp,0.620,NODE_10_length_156647_cov_37.653612,mobileOG_000327740_NODE_10_length_156647_cov_37.653612
380,"mobileOG_000368528|thyA|WP_016929918.1|phage|replication,infection,regulation|Plasmid RefSeq|Homology",NODE_10_length_156647_cov_37.653612_11 # 16984 # 17778 # -1 # ID=10_11;partial=00;start_type=ATG;rbs_motif=GGAG/GAGG;rbs_spacer=5-10bp;gc_cont=0.576,99.2,553,264,1.45e-201,265,1,264,1,264,mobileOG_000368528,thyA,WP_016929918.1,phage,"replication,infection,regulation",Plasmid RefSeq,Homology,NODE_10_length_156647_cov_37.653612_11, 16984 # 17778 # -1 , 16984,17778,-1 ,10_11,10,11,00,ATG,GGAG/GAGG,5-10bp,0.576,NODE_10_length_156647_cov_37.653612,mobileOG_000368528_NODE_10_length_156647_cov_37.653612
381,"mobileOG_000326744|thyA|WP_008806329.1|phage|replication,infection,regulation|Plasmid RefSeq|Homology",NODE_10_length_156647_cov_37.653612_11 # 16984 # 17778 # -1 # ID=10_11;partial=00;start_type=ATG;rbs_motif=GGAG/GAGG;rbs_spacer=5-10bp;gc_cont=0.576,90.2,512,264,1.49e-185,265,1,264,1,264,mobileOG_000326744,thyA,WP_008806329.1,phage,"replication,infection,regulation",Plasmid RefSeq,Homology,NODE_10_length_156647_cov_37.653612_11, 16984 # 17778 # -1 , 16984,17778,-1 ,10_11,10,11,00,ATG,GGAG/GAGG,5-10bp,0.576,NODE_10_length_156647_cov_37.653612,mobileOG_000326744_NODE_10_length_156647_cov_37.653612
382,"mobileOG_000327877|thyA|WP_000816247.1|phage|replication,infection,regulation|Plasmid RefSeq|Homology",NODE_10_length_156647_cov_37.653612_11 # 16984 # 17778 # -1 # ID=10_11;partial=00;start_type=ATG;rbs_motif=GGAG/GAGG;rbs_spacer=5-10bp;gc_cont=0.576,90.2,505,264,8.24e-183,265,1,264,1,264,mobileOG_000327877,thyA,WP_000816247.1,phage,"replication,infection,regulation",Plasmid RefSeq,Homology,NODE_10_length_156647_cov_37.653612_11, 16984 # 17778 # -1 , 16984,17778,-1 ,10_11,10,11,00,ATG,GGAG/GAGG,5-10bp,0.576,NODE_10_length_156647_cov_37.653612,mobileOG_000327877_NODE_10_length_156647_cov_37.653612
383,mobileOG_000330963|mutH|WP_033635764.1|replication/recombination/repair|NA|Plasmid RefSeq|Homology,NODE_10_length_156647_cov_37.653612_15 # 22364 # 23050 # 1 # ID=10_15;partial=00;start_type=ATG;rbs_motif=GGA/GAG/AGG;rbs_spacer=5-10bp;gc_cont=0.623,96.9,448,228,2.68e-161,229,1,228,1,228,mobileOG_000330963,mutH,WP_033635764.1,replication/recombination/repair,NA,Plasmid RefSeq,Homology,NODE_10_length_156647_cov_37.653612_15, 22364 # 23050 # 1 , 22364,23050,1 ,10_15,10,15,00,ATG,GGA/GAG/AGG,5-10bp,0.623,NODE_10_length_156647_cov_37.653612,mobileOG_000330963_NODE_10_length_156647_cov_37.653612
384,mobileOG_000301572|higA|WP_004931828.1|stability/transfer/defense|NA|Plasmid RefSeq|Homology,NODE_10_length_156647_cov_37.653612_24 # 33208 # 33510 # 1 # ID=10_24;partial=00;start_type=ATG;rbs_motif=GGAGG;rbs_spacer=5-10bp;gc_cont=0.574,99.0,186,100,8.72e-62,101,1,100,1,100,mobileOG_000301572,higA,WP_004931828.1,stability/transfer/defense,NA,Plasmid RefSeq,Homology,NODE_10_length_156647_cov_37.653612_24, 33208 # 33510 # 1 , 33208,33510,1 ,10_24,10,24,00,ATG,GGAGG,5-10bp,0.574,NODE_10_length_156647_cov_37.653612,mobileOG_000301572_NODE_10_length_156647_cov_37.653612
385,mobileOG_000328805|recJ|WP_101427312.1|replication/recombination/repair|NA|Plasmid RefSeq|Homology,NODE_10_length_156647_cov_37.653612_79 # 93663 # 95396 # -1 # ID=10_79;partial=00;start_type=GTG;rbs_motif=GGxGG;rbs_spacer=5-10bp;gc_cont=0.668,99.3,1128,577,0.0,578,1,577,1,577,mobileOG_000328805,recJ,WP_101427312.1,replication/recombination/repair,NA,Plasmid RefSeq,Homology,NODE_10_length_156647_cov_37.653612_79, 93663 # 95396 # -1 , 93663,95396,-1 ,10_79,10,79,00,GTG,GGxGG,5-10bp,0.668,NODE_10_length_156647_cov_37.653612,mobileOG_000328805_NODE_10_length_156647_cov_37.653612
386,mobileOG_000327810|xerD|WP_033638574.1|integration/excision|replication/recombination/repair|Plasmid RefSeq|Homology,NODE_10_length_156647_cov_37.653612_81 # 96146 # 97045 # -1 # ID=10_81;partial=00;start_type=GTG;rbs_motif=GGAG/GAGG;rbs_spacer=5-10bp;gc_cont=0.613,98.3,576,299,1.10e-209,300,1,299,1,299,mobileOG_000327810,xerD,WP_033638574.1,integration/excision,replication/recombination/repair,Plasmid RefSeq,Homology,NODE_10_length_156647_cov_37.653612_81, 96146 # 97045 # -1 , 96146,97045,-1 ,10_81,10,81,00,GTG,GGAG/GAGG,5-10bp,0.613,NODE_10_length_156647_cov_37.653612,mobileOG_000327810_NODE_10_length_156647_cov_37.653612
387,mobileOG_000728847|NA:Keyword|WP_101427320.1|stability/transfer/defense|NA|Plasmid RefSeq|Keyword Search,NODE_10_length_156647_cov_37.653612_97 # 110232 # 110549 # -1 # ID=10_97;partial=00;start_type=ATG;rbs_motif=GGAG/GAGG;rbs_spacer=5-10bp;gc_cont=0.538,95.2,195,105,2.74e-65,106,1,105,1,105,mobileOG_000728847,NA:Keyword,WP_101427320.1,stability/transfer/defense,NA,Plasmid RefSeq,Keyword Search,NODE_10_length_156647_cov_37.653612_97, 110232 # 110549 # -1 , 110232,110549,-1 ,10_97,10,97,00,ATG,GGAG/GAGG,5-10bp,0.538,NODE_10_length_156647_cov_37.653612,mobileOG_000728847_NODE_10_length_156647_cov_37.653612
388,"mobileOG_000354199|cpxA|WP_015379421.1|transfer|conjugation,relaxosome|Plasmid RefSeq|Homology",NODE_11_length_120220_cov_43.763415_45 # 48280 # 49674 # 1 # ID=11_45;partial=00;start_type=ATG;rbs_motif=None;rbs_spacer=None;gc_cont=0.644,100,906,464,0.0,465,1,464,1,464,mobileOG_000354199,cpxA,WP_015379421.1,transfer,"conjugation,relaxosome",Plasmid RefSeq,Homology,NODE_11_length_120220_cov_43.763415_45, 48280 # 49674 # 1 , 48280,49674,1 ,11_45,11,45,00,ATG,None,None,0.644,NODE_11_length_120220_cov_43.763415,mobileOG_000354199_NODE_11_length_120220_cov_43.763415
389,"mobileOG_000354202|cpxA|WP_033636450.1|transfer|conjugation,relaxosome|Plasmid RefSeq|Homology",NODE_11_length_120220_cov_43.763415_45 # 48280 # 49674 # 1 # ID=11_45;partial=00;start_type=ATG;rbs_motif=None;rbs_spacer=None;gc_cont=0.644,98.9,899,464,0.0,465,1,464,1,464,mobileOG_000354202,cpxA,WP_033636450.1,transfer,"conjugation,relaxosome",Plasmid RefSeq,Homology,NODE_11_length_120220_cov_43.763415_45, 48280 # 49674 # 1 , 48280,49674,1 ,11_45,11,45,00,ATG,None,None,0.644,NODE_11_length_120220_cov_43.763415,mobileOG_000354202_NODE_11_length_120220_cov_43.763415
390,mobileOG_000327567|mutM|WP_101452716.1|replication/recombination/repair|NA|Plasmid RefSeq|Homology,NODE_11_length_120220_cov_43.763415_74 # 77426 # 78241 # -1 # ID=11_74;partial=00;start_type=ATG;rbs_motif=GGAGG;rbs_spacer=5-10bp;gc_cont=0.603,99.3,546,271,1.39e-198,272,1,271,1,271,mobileOG_000327567,mutM,WP_101452716.1,replication/recombination/repair,NA,Plasmid RefSeq,Homology,NODE_11_length_120220_cov_43.763415_74, 77426 # 78241 # -1 , 77426,78241,-1 ,11_74,11,74,00,ATG,GGAGG,5-10bp,0.603,NODE_11_length_120220_cov_43.763415,mobileOG_000327567_NODE_11_length_120220_cov_43.763415
391,mobileOG_000332472|mutM|WP_033649742.1|replication/recombination/repair|NA|Plasmid RefSeq|Homology,NODE_11_length_120220_cov_43.763415_74 # 77426 # 78241 # -1 # ID=11_74;partial=00;start_type=ATG;rbs_motif=GGAGG;rbs_spacer=5-10bp;gc_cont=0.603,97.8,539,271,5.44e-196,272,1,271,1,271,mobileOG_000332472,mutM,WP_033649742.1,replication/recombination/repair,NA,Plasmid RefSeq,Homology,NODE_11_length_120220_cov_43.763415_74, 77426 # 78241 # -1 , 77426,78241,-1 ,11_74,11,74,00,ATG,GGAGG,5-10bp,0.603,NODE_11_length_120220_cov_43.763415,mobileOG_000332472_NODE_11_length_120220_cov_43.763415
392,mobileOG_000365573|dut|WP_033652257.1|transfer|regulation|Plasmid RefSeq|Homology,NODE_11_length_120220_cov_43.763415_80 # 81063 # 81521 # 1 # ID=11_80;partial=00;start_type=ATG;rbs_motif=3Base/5BMM;rbs_spacer=13-15bp;gc_cont=0.645,100,304,152,8.73e-107,153,1,152,1,152,mobileOG_000365573,dut,WP_033652257.1,transfer,regulation,Plasmid RefSeq,Homology,NODE_11_length_120220_cov_43.763415_80, 81063 # 81521 # 1 , 81063,81521,1 ,11_80,11,80,00,ATG,3Base/5BMM,13-15bp,0.645,NODE_11_length_120220_cov_43.763415,mobileOG_000365573_NODE_11_length_120220_cov_43.763415
393,mobileOG_000026435|dut|A0A2S4X4S0|transfer|regulation|Plasmid RefSeq|Manual,NODE_11_length_120220_cov_43.763415_80 # 81063 # 81521 # 1 # ID=11_80;partial=00;start_type=ATG;rbs_motif=3Base/5BMM;rbs_spacer=13-15bp;gc_cont=0.645,98.0,298,152,1.69e-104,153,1,152,1,152,mobileOG_000026435,dut,A0A2S4X4S0,transfer,regulation,Plasmid RefSeq,Manual,NODE_11_length_120220_cov_43.763415_80, 81063 # 81521 # 1 , 81063,81521,1 ,11_80,11,80,00,ATG,3Base/5BMM,13-15bp,0.645,NODE_11_length_120220_cov_43.763415,mobileOG_000026435_NODE_11_length_120220_cov_43.763415
394,mobileOG_000289045|dut|A0A0J4XIE0|transfer|regulation|Plasmid RefSeq|Homology,NODE_11_length_120220_cov_43.763415_80 # 81063 # 81521 # 1 # ID=11_80;partial=00;start_type=ATG;rbs_motif=3Base/5BMM;rbs_spacer=13-15bp;gc_cont=0.645,92.1,280,152,3.54e-97,153,1,151,1,151,mobileOG_000289045,dut,A0A0J4XIE0,transfer,regulation,Plasmid RefSeq,Homology,NODE_11_length_120220_cov_43.763415_80, 81063 # 81521 # 1 , 81063,81521,1 ,11_80,11,80,00,ATG,3Base/5BMM,13-15bp,0.645,NODE_11_length_120220_cov_43.763415,mobileOG_000289045_NODE_11_length_120220_cov_43.763415
395,mobileOG_000367080|dut|A0A0P8IT48|transfer|regulation|Plasmid RefSeq|Homology,NODE_11_length_120220_cov_43.763415_80 # 81063 # 81521 # 1 # ID=11_80;partial=00;start_type=ATG;rbs_motif=3Base/5BMM;rbs_spacer=13-15bp;gc_cont=0.645,90.1,276,152,1.18e-95,153,1,151,1,151,mobileOG_000367080,dut,A0A0P8IT48,transfer,regulation,Plasmid RefSeq,Homology,NODE_11_length_120220_cov_43.763415_80, 81063 # 81521 # 1 , 81063,81521,1 ,11_80,11,80,00,ATG,3Base/5BMM,13-15bp,0.645,NODE_11_length_120220_cov_43.763415,mobileOG_000367080_NODE_11_length_120220_cov_43.763415
396,mobileOG_000368541|rph|WP_025160305.1|replication/recombination/repair|NA|Plasmid RefSeq|Homology,NODE_11_length_120220_cov_43.763415_83 # 83139 # 83855 # -1 # ID=11_83;partial=00;start_type=ATG;rbs_motif=GGAG/GAGG;rbs_spacer=5-10bp;gc_cont=0.625,100,459,238,3.11e-165,239,1,238,1,238,mobileOG_000368541,rph,WP_025160305.1,replication/recombination/repair,NA,Plasmid RefSeq,Homology,NODE_11_length_120220_cov_43.763415_83, 83139 # 83855 # -1 , 83139,83855,-1 ,11_83,11,83,00,ATG,GGAG/GAGG,5-10bp,0.625,NODE_11_length_120220_cov_43.763415,mobileOG_000368541_NODE_11_length_120220_cov_43.763415
397,mobileOG_000282638|recG|WP_042785598.1|replication/recombination/repair|NA|Plasmid RefSeq|Homology,NODE_11_length_120220_cov_43.763415_93 # 92182 # 94263 # 1 # ID=11_93;partial=00;start_type=ATG;rbs_motif=3Base/5BMM;rbs_spacer=13-15bp;gc_cont=0.654,99.9,1340,693,0.0,694,1,693,1,693,mobileOG_000282638,recG,WP_042785598.1,replication/recombination/repair,NA,Plasmid RefSeq,Homology,NODE_11_length_120220_cov_43.763415_93, 92182 # 94263 # 1 , 92182,94263,1 ,11_93,11,93,00,ATG,3Base/5BMM,13-15bp,0.654,NODE_11_length_120220_cov_43.763415,mobileOG_000282638_NODE_11_length_120220_cov_43.763415
398,mobileOG_000282640|recG|WP_043148432.1|replication/recombination/repair|NA|Plasmid RefSeq|Homology,NODE_11_length_120220_cov_43.763415_93 # 92182 # 94263 # 1 # ID=11_93;partial=00;start_type=ATG;rbs_motif=3Base/5BMM;rbs_spacer=13-15bp;gc_cont=0.654,99.3,1333,693,0.0,694,1,693,1,693,mobileOG_000282640,recG,WP_043148432.1,replication/recombination/repair,NA,Plasmid RefSeq,Homology,NODE_11_length_120220_cov_43.763415_93, 92182 # 94263 # 1 , 92182,94263,1 ,11_93,11,93,00,ATG,3Base/5BMM,13-15bp,0.654,NODE_11_length_120220_cov_43.763415,mobileOG_000282640_NODE_11_length_120220_cov_43.763415
399,mobileOG_000324978|polA|WP_033652267.1|replication/recombination/repair|NA|Plasmid RefSeq|Homology,NODE_11_length_120220_cov_43.763415_110 # 112625 # 115423 # -1 # ID=11_110;partial=00;start_type=ATG;rbs_motif=None;rbs_spacer=None;gc_cont=0.616,100,1803,932,0.0,933,1,932,1,932,mobileOG_000324978,polA,WP_033652267.1,replication/recombination/repair,NA,Plasmid RefSeq,Homology,NODE_11_length_120220_cov_43.763415_110, 112625 # 115423 # -1 , 112625,115423,-1 ,11_110,11,110,00,ATG,None,None,0.616,NODE_11_length_120220_cov_43.763415,mobileOG_000324978_NODE_11_length_120220_cov_43.763415
400,mobileOG_000330441|polA|WP_033649753.1|replication/recombination/repair|NA|Plasmid RefSeq|Homology,NODE_11_length_120220_cov_43.763415_110 # 112625 # 115423 # -1 # ID=11_110;partial=00;start_type=ATG;rbs_motif=None;rbs_spacer=None;gc_cont=0.616,99.1,1786,933,0.0,933,1,933,1,932,mobileOG_000330441,polA,WP_033649753.1,replication/recombination/repair,NA,Plasmid RefSeq,Homology,NODE_11_length_120220_cov_43.763415_110, 112625 # 115423 # -1 , 112625,115423,-1 ,11_110,11,110,00,ATG,None,None,0.616,NODE_11_length_120220_cov_43.763415,mobileOG_000330441_NODE_11_length_120220_cov_43.763415
401,mobileOG_000404252|NA:Keyword|WP_010895807.1|phage|NA|COMPASS|Keyword Search,NODE_12_length_92919_cov_49.446177_4 # 2446 # 2898 # -1 # ID=12_4;partial=00;start_type=ATG;rbs_motif=GGAGG;rbs_spacer=5-10bp;gc_cont=0.563,91.3,273,150,8.38e-95,151,1,150,1,150,mobileOG_000404252,NA:Keyword,WP_010895807.1,phage,NA,COMPASS,Keyword Search,NODE_12_length_92919_cov_49.446177_4, 2446 # 2898 # -1 , 2446,2898,-1 ,12_4,12,4,00,ATG,GGAGG,5-10bp,0.563,NODE_12_length_92919_cov_49.446177,mobileOG_000404252_NODE_12_length_92919_cov_49.446177
402,mobileOG_000741595|NA:Keyword|WP_010895807.1|phage|NA|Plasmid RefSeq|Keyword Search,NODE_12_length_92919_cov_49.446177_4 # 2446 # 2898 # -1 # ID=12_4;partial=00;start_type=ATG;rbs_motif=GGAGG;rbs_spacer=5-10bp;gc_cont=0.563,91.3,271,149,4.69e-94,151,1,149,2,150,mobileOG_000741595,NA:Keyword,WP_010895807.1,phage,NA,Plasmid RefSeq,Keyword Search,NODE_12_length_92919_cov_49.446177_4, 2446 # 2898 # -1 , 2446,2898,-1 ,12_4,12,4,00,ATG,GGAGG,5-10bp,0.563,NODE_12_length_92919_cov_49.446177,mobileOG_000741595_NODE_12_length_92919_cov_49.446177
403,"mobileOG_000298205|repA|WP_014072581.1|replication/recombination/repair|initiation,copy number control,plasmid|Plasmid RefSeq|Homology",NODE_12_length_92919_cov_49.446177_10 # 11181 # 12272 # -1 # ID=12_10;partial=00;start_type=TTG;rbs_motif=GGA/GAG/AGG;rbs_spacer=5-10bp;gc_cont=0.573,95.6,689,363,3.48e-252,364,1,362,1,362,mobileOG_000298205,repA,WP_014072581.1,replication/recombination/repair,"initiation,copy number control,plasmid",Plasmid RefSeq,Homology,NODE_12_length_92919_cov_49.446177_10, 11181 # 12272 # -1 , 11181,12272,-1 ,12_10,12,10,00,TTG,GGA/GAG/AGG,5-10bp,0.573,NODE_12_length_92919_cov_49.446177,mobileOG_000298205_NODE_12_length_92919_cov_49.446177
404,"mobileOG_000068062|repA|WP_014072581.1|replication/recombination/repair|initiation,copy number control,plasmid|COMPASS|Homology",NODE_12_length_92919_cov_49.446177_10 # 11181 # 12272 # -1 # ID=12_10;partial=00;start_type=TTG;rbs_motif=GGA/GAG/AGG;rbs_spacer=5-10bp;gc_cont=0.573,92.8,670,363,1.02e-244,364,1,362,1,362,mobileOG_000068062,repA,WP_014072581.1,replication/recombination/repair,"initiation,copy number control,plasmid",COMPASS,Homology,NODE_12_length_92919_cov_49.446177_10, 11181 # 12272 # -1 , 11181,12272,-1 ,12_10,12,10,00,TTG,GGA/GAG/AGG,5-10bp,0.573,NODE_12_length_92919_cov_49.446177,mobileOG_000068062_NODE_12_length_92919_cov_49.446177
405,"mobileOG_000062242|repA|WP_014072581.1|replication/recombination/repair|initiation,copy number control,plasmid|COMPASS|Homology",NODE_12_length_92919_cov_49.446177_10 # 11181 # 12272 # -1 # ID=12_10;partial=00;start_type=TTG;rbs_motif=GGA/GAG/AGG;rbs_spacer=5-10bp;gc_cont=0.573,95.3,653,362,7.08e-238,364,18,361,19,362,mobileOG_000062242,repA,WP_014072581.1,replication/recombination/repair,"initiation,copy number control,plasmid",COMPASS,Homology,NODE_12_length_92919_cov_49.446177_10, 11181 # 12272 # -1 , 11181,12272,-1 ,12_10,12,10,00,TTG,GGA/GAG/AGG,5-10bp,0.573,NODE_12_length_92919_cov_49.446177,mobileOG_000062242_NODE_12_length_92919_cov_49.446177
406,"mobileOG_000059471|repA|WP_014072581.1|replication/recombination/repair|initiation,copy number control,plasmid|COMPASS|Homology",NODE_12_length_92919_cov_49.446177_10 # 11181 # 12272 # -1 # ID=12_10;partial=00;start_type=TTG;rbs_motif=GGA/GAG/AGG;rbs_spacer=5-10bp;gc_cont=0.573,95.1,651,362,4.09e-237,364,18,361,19,362,mobileOG_000059471,repA,WP_014072581.1,replication/recombination/repair,"initiation,copy number control,plasmid",COMPASS,Homology,NODE_12_length_92919_cov_49.446177_10, 11181 # 12272 # -1 , 11181,12272,-1 ,12_10,12,10,00,TTG,GGA/GAG/AGG,5-10bp,0.573,NODE_12_length_92919_cov_49.446177,mobileOG_000059471_NODE_12_length_92919_cov_49.446177
407,"mobileOG_000327080|repA|WP_014072581.1|replication/recombination/repair|initiation,copy number control,plasmid|Plasmid RefSeq|Homology",NODE_12_length_92919_cov_49.446177_10 # 11181 # 12272 # -1 # ID=12_10;partial=00;start_type=TTG;rbs_motif=GGA/GAG/AGG;rbs_spacer=5-10bp;gc_cont=0.573,95.1,651,366,4.75e-237,364,22,365,19,362,mobileOG_000327080,repA,WP_014072581.1,replication/recombination/repair,"initiation,copy number control,plasmid",Plasmid RefSeq,Homology,NODE_12_length_92919_cov_49.446177_10, 11181 # 12272 # -1 , 11181,12272,-1 ,12_10,12,10,00,TTG,GGA/GAG/AGG,5-10bp,0.573,NODE_12_length_92919_cov_49.446177,mobileOG_000327080_NODE_12_length_92919_cov_49.446177
408,mobileOG_000373216|traI|WP_126502333.1|transfer|conjugation|Plasmid RefSeq|Homology,NODE_12_length_92919_cov_49.446177_13 # 13971 # 19277 # -1 # ID=12_13;partial=00;start_type=ATG;rbs_motif=GGAG/GAGG;rbs_spacer=5-10bp;gc_cont=0.633,95.3,3209,1768,0.0,1769,1,1768,1,1768,mobileOG_000373216,traI,WP_126502333.1,transfer,conjugation,Plasmid RefSeq,Homology,NODE_12_length_92919_cov_49.446177_13, 13971 # 19277 # -1 , 13971,19277,-1 ,12_13,12,13,00,ATG,GGAG/GAGG,5-10bp,0.633,NODE_12_length_92919_cov_49.446177,mobileOG_000373216_NODE_12_length_92919_cov_49.446177
409,mobileOG_000334217|traI|WP_060560562.1|transfer|conjugation|Multiple|Homology,NODE_12_length_92919_cov_49.446177_13 # 13971 # 19277 # -1 # ID=12_13;partial=00;start_type=ATG;rbs_motif=GGAG/GAGG;rbs_spacer=5-10bp;gc_cont=0.633,95.3,3199,1768,0.0,1769,1,1768,1,1768,mobileOG_000334217,traI,WP_060560562.1,transfer,conjugation,Multiple,Homology,NODE_12_length_92919_cov_49.446177_13, 13971 # 19277 # -1 , 13971,19277,-1 ,12_13,12,13,00,ATG,GGAG/GAGG,5-10bp,0.633,NODE_12_length_92919_cov_49.446177,mobileOG_000334217_NODE_12_length_92919_cov_49.446177
410,mobileOG_000373242|traI|WP_142816483.1|transfer|conjugation|Plasmid RefSeq|Homology,NODE_12_length_92919_cov_49.446177_13 # 13971 # 19277 # -1 # ID=12_13;partial=00;start_type=ATG;rbs_motif=GGAG/GAGG;rbs_spacer=5-10bp;gc_cont=0.633,94.0,3146,1768,0.0,1769,1,1768,1,1768,mobileOG_000373242,traI,WP_142816483.1,transfer,conjugation,Plasmid RefSeq,Homology,NODE_12_length_92919_cov_49.446177_13, 13971 # 19277 # -1 , 13971,19277,-1 ,12_13,12,13,00,ATG,GGAG/GAGG,5-10bp,0.633,NODE_12_length_92919_cov_49.446177,mobileOG_000373242_NODE_12_length_92919_cov_49.446177
411,mobileOG_000284096|traI|A0A1C3HN40|transfer|conjugation|Plasmid RefSeq|Homology,NODE_12_length_92919_cov_49.446177_13 # 13971 # 19277 # -1 # ID=12_13;partial=00;start_type=ATG;rbs_motif=GGAG/GAGG;rbs_spacer=5-10bp;gc_cont=0.633,93.4,3137,1767,0.0,1769,1,1767,1,1768,mobileOG_000284096,traI,A0A1C3HN40,transfer,conjugation,Plasmid RefSeq,Homology,NODE_12_length_92919_cov_49.446177_13, 13971 # 19277 # -1 , 13971,19277,-1 ,12_13,12,13,00,ATG,GGAG/GAGG,5-10bp,0.633,NODE_12_length_92919_cov_49.446177,mobileOG_000284096_NODE_12_length_92919_cov_49.446177
412,mobileOG_000297527|traI|A0A5Q8BVF4|transfer|conjugation|Plasmid RefSeq|Homology,NODE_12_length_92919_cov_49.446177_13 # 13971 # 19277 # -1 # ID=12_13;partial=00;start_type=ATG;rbs_motif=GGAG/GAGG;rbs_spacer=5-10bp;gc_cont=0.633,92.1,3080,1760,0.0,1769,1,1760,1,1768,mobileOG_000297527,traI,A0A5Q8BVF4,transfer,conjugation,Plasmid RefSeq,Homology,NODE_12_length_92919_cov_49.446177_13, 13971 # 19277 # -1 , 13971,19277,-1 ,12_13,12,13,00,ATG,GGAG/GAGG,5-10bp,0.633,NODE_12_length_92919_cov_49.446177,mobileOG_000297527_NODE_12_length_92919_cov_49.446177
413,mobileOG_000284103|traI|A0A1C3HNA2|transfer|conjugation|Plasmid RefSeq|Homology,NODE_12_length_92919_cov_49.446177_13 # 13971 # 19277 # -1 # ID=12_13;partial=00;start_type=ATG;rbs_motif=GGAG/GAGG;rbs_spacer=5-10bp;gc_cont=0.633,91.6,3060,1759,0.0,1769,1,1759,1,1768,mobileOG_000284103,traI,A0A1C3HNA2,transfer,conjugation,Plasmid RefSeq,Homology,NODE_12_length_92919_cov_49.446177_13, 13971 # 19277 # -1 , 13971,19277,-1 ,12_13,12,13,00,ATG,GGAG/GAGG,5-10bp,0.633,NODE_12_length_92919_cov_49.446177,mobileOG_000284103_NODE_12_length_92919_cov_49.446177
414,mobileOG_000023766|traI|A0A5C7C4G9|transfer|conjugation|Plasmid RefSeq|Manual,NODE_12_length_92919_cov_49.446177_13 # 13971 # 19277 # -1 # ID=12_13;partial=00;start_type=ATG;rbs_motif=GGAG/GAGG;rbs_spacer=5-10bp;gc_cont=0.633,91.1,3052,1759,0.0,1769,1,1759,1,1768,mobileOG_000023766,traI,A0A5C7C4G9,transfer,conjugation,Plasmid RefSeq,Manual,NODE_12_length_92919_cov_49.446177_13, 13971 # 19277 # -1 , 13971,19277,-1 ,12_13,12,13,00,ATG,GGAG/GAGG,5-10bp,0.633,NODE_12_length_92919_cov_49.446177,mobileOG_000023766_NODE_12_length_92919_cov_49.446177
415,mobileOG_000373097|traI|WP_042785919.1|transfer|conjugation|Multiple|Homology,NODE_12_length_92919_cov_49.446177_13 # 13971 # 19277 # -1 # ID=12_13;partial=00;start_type=ATG;rbs_motif=GGAG/GAGG;rbs_spacer=5-10bp;gc_cont=0.633,90.8,3043,1760,0.0,1769,1,1760,1,1768,mobileOG_000373097,traI,WP_042785919.1,transfer,conjugation,Multiple,Homology,NODE_12_length_92919_cov_49.446177_13, 13971 # 19277 # -1 , 13971,19277,-1 ,12_13,12,13,00,ATG,GGAG/GAGG,5-10bp,0.633,NODE_12_length_92919_cov_49.446177,mobileOG_000373097_NODE_12_length_92919_cov_49.446177
416,mobileOG_000339541|vapB|A0A1C3HN33|stability/transfer/defense|NA|Plasmid RefSeq|Homology,NODE_12_length_92919_cov_49.446177_14 # 19395 # 19622 # 1 # ID=12_14;partial=00;start_type=ATG;rbs_motif=GGAGG;rbs_spacer=5-10bp;gc_cont=0.605,96.0,149,75,4.54e-48,76,1,75,1,75,mobileOG_000339541,vapB,A0A1C3HN33,stability/transfer/defense,NA,Plasmid RefSeq,Homology,NODE_12_length_92919_cov_49.446177_14, 19395 # 19622 # 1 , 19395,19622,1 ,12_14,12,14,00,ATG,GGAGG,5-10bp,0.605,NODE_12_length_92919_cov_49.446177,mobileOG_000339541_NODE_12_length_92919_cov_49.446177
417,mobileOG_000339472|vapB|WP_060560500.1|stability/transfer/defense|NA|Multiple|Homology,NODE_12_length_92919_cov_49.446177_14 # 19395 # 19622 # 1 # ID=12_14;partial=00;start_type=ATG;rbs_motif=GGAGG;rbs_spacer=5-10bp;gc_cont=0.605,96.0,147,75,2.63e-47,76,1,75,1,75,mobileOG_000339472,vapB,WP_060560500.1,stability/transfer/defense,NA,Multiple,Homology,NODE_12_length_92919_cov_49.446177_14, 19395 # 19622 # 1 , 19395,19622,1 ,12_14,12,14,00,ATG,GGAGG,5-10bp,0.605,NODE_12_length_92919_cov_49.446177,mobileOG_000339472_NODE_12_length_92919_cov_49.446177
418,mobileOG_000282580|vapB|WP_142076391.1|stability/transfer/defense|NA|Plasmid RefSeq|Homology,NODE_12_length_92919_cov_49.446177_14 # 19395 # 19622 # 1 # ID=12_14;partial=00;start_type=ATG;rbs_motif=GGAGG;rbs_spacer=5-10bp;gc_cont=0.605,96.0,147,75,5.31e-47,76,1,75,1,75,mobileOG_000282580,vapB,WP_142076391.1,stability/transfer/defense,NA,Plasmid RefSeq,Homology,NODE_12_length_92919_cov_49.446177_14, 19395 # 19622 # 1 , 19395,19622,1 ,12_14,12,14,00,ATG,GGAGG,5-10bp,0.605,NODE_12_length_92919_cov_49.446177,mobileOG_000282580_NODE_12_length_92919_cov_49.446177
419,mobileOG_000340513|vapB|WP_142076391.1|stability/transfer/defense|NA|Plasmid RefSeq|Homology,NODE_12_length_92919_cov_49.446177_14 # 19395 # 19622 # 1 # ID=12_14;partial=00;start_type=ATG;rbs_motif=GGAGG;rbs_spacer=5-10bp;gc_cont=0.605,94.7,146,75,7.55e-47,76,1,75,1,75,mobileOG_000340513,vapB,WP_142076391.1,stability/transfer/defense,NA,Plasmid RefSeq,Homology,NODE_12_length_92919_cov_49.446177_14, 19395 # 19622 # 1 , 19395,19622,1 ,12_14,12,14,00,ATG,GGAGG,5-10bp,0.605,NODE_12_length_92919_cov_49.446177,mobileOG_000340513_NODE_12_length_92919_cov_49.446177
420,mobileOG_000371573|vapC|A0A1C3HN64|stability/transfer/defense|NA|Plasmid RefSeq|Homology,NODE_12_length_92919_cov_49.446177_15 # 19622 # 20020 # 1 # ID=12_15;partial=00;start_type=ATG;rbs_motif=GGAGG;rbs_spacer=5-10bp;gc_cont=0.556,96.2,256,132,2.26e-88,133,1,132,1,132,mobileOG_000371573,vapC,A0A1C3HN64,stability/transfer/defense,NA,Plasmid RefSeq,Homology,NODE_12_length_92919_cov_49.446177_15, 19622 # 20020 # 1 , 19622,20020,1 ,12_15,12,15,00,ATG,GGAGG,5-10bp,0.556,NODE_12_length_92919_cov_49.446177,mobileOG_000371573_NODE_12_length_92919_cov_49.446177
421,mobileOG_000281972|vapC|A0A5C7BTS9|stability/transfer/defense|NA|Plasmid RefSeq|Homology,NODE_12_length_92919_cov_49.446177_15 # 19622 # 20020 # 1 # ID=12_15;partial=00;start_type=ATG;rbs_motif=GGAGG;rbs_spacer=5-10bp;gc_cont=0.556,95.5,255,132,4.57e-88,133,1,132,1,132,mobileOG_000281972,vapC,A0A5C7BTS9,stability/transfer/defense,NA,Plasmid RefSeq,Homology,NODE_12_length_92919_cov_49.446177_15, 19622 # 20020 # 1 , 19622,20020,1 ,12_15,12,15,00,ATG,GGAGG,5-10bp,0.556,NODE_12_length_92919_cov_49.446177,mobileOG_000281972_NODE_12_length_92919_cov_49.446177
422,mobileOG_000371511|vapC|WP_060560501.1|stability/transfer/defense|NA|Multiple|Homology,NODE_12_length_92919_cov_49.446177_15 # 19622 # 20020 # 1 # ID=12_15;partial=00;start_type=ATG;rbs_motif=GGAGG;rbs_spacer=5-10bp;gc_cont=0.556,94.7,253,132,1.86e-87,133,1,132,1,132,mobileOG_000371511,vapC,WP_060560501.1,stability/transfer/defense,NA,Multiple,Homology,NODE_12_length_92919_cov_49.446177_15, 19622 # 20020 # 1 , 19622,20020,1 ,12_15,12,15,00,ATG,GGAGG,5-10bp,0.556,NODE_12_length_92919_cov_49.446177,mobileOG_000371511_NODE_12_length_92919_cov_49.446177
423,mobileOG_000347716|traD|WP_042785920.1|transfer|conjugation|Multiple|Homology,NODE_12_length_92919_cov_49.446177_16 # 20056 # 22254 # -1 # ID=12_16;partial=00;start_type=ATG;rbs_motif=GGAGG;rbs_spacer=5-10bp;gc_cont=0.585,97.3,1411,732,0.0,733,1,732,1,732,mobileOG_000347716,traD,WP_042785920.1,transfer,conjugation,Multiple,Homology,NODE_12_length_92919_cov_49.446177_16, 20056 # 22254 # -1 , 20056,22254,-1 ,12_16,12,16,00,ATG,GGAGG,5-10bp,0.585,NODE_12_length_92919_cov_49.446177,mobileOG_000347716_NODE_12_length_92919_cov_49.446177
424,mobileOG_000336114|traD|WP_060560502.1|transfer|conjugation|Multiple|Homology,NODE_12_length_92919_cov_49.446177_16 # 20056 # 22254 # -1 # ID=12_16;partial=00;start_type=ATG;rbs_motif=GGAGG;rbs_spacer=5-10bp;gc_cont=0.585,97.4,1410,732,0.0,733,1,732,1,732,mobileOG_000336114,traD,WP_060560502.1,transfer,conjugation,Multiple,Homology,NODE_12_length_92919_cov_49.446177_16, 20056 # 22254 # -1 , 20056,22254,-1 ,12_16,12,16,00,ATG,GGAGG,5-10bp,0.585,NODE_12_length_92919_cov_49.446177,mobileOG_000336114_NODE_12_length_92919_cov_49.446177
425,mobileOG_000284094|traD|A0A1C3HN52|transfer|conjugation|Plasmid RefSeq|Homology,NODE_12_length_92919_cov_49.446177_16 # 20056 # 22254 # -1 # ID=12_16;partial=00;start_type=ATG;rbs_motif=GGAGG;rbs_spacer=5-10bp;gc_cont=0.585,96.7,1402,732,0.0,733,1,732,1,732,mobileOG_000284094,traD,A0A1C3HN52,transfer,conjugation,Plasmid RefSeq,Homology,NODE_12_length_92919_cov_49.446177_16, 20056 # 22254 # -1 , 20056,22254,-1 ,12_16,12,16,00,ATG,GGAGG,5-10bp,0.585,NODE_12_length_92919_cov_49.446177,mobileOG_000284094_NODE_12_length_92919_cov_49.446177
426,mobileOG_000281485|traD|A0A1C3HN52|transfer|conjugation|Plasmid RefSeq|Homology,NODE_12_length_92919_cov_49.446177_16 # 20056 # 22254 # -1 # ID=12_16;partial=00;start_type=ATG;rbs_motif=GGAGG;rbs_spacer=5-10bp;gc_cont=0.585,96.7,1401,732,0.0,733,1,732,1,732,mobileOG_000281485,traD,A0A1C3HN52,transfer,conjugation,Plasmid RefSeq,Homology,NODE_12_length_92919_cov_49.446177_16, 20056 # 22254 # -1 , 20056,22254,-1 ,12_16,12,16,00,ATG,GGAGG,5-10bp,0.585,NODE_12_length_92919_cov_49.446177,mobileOG_000281485_NODE_12_length_92919_cov_49.446177
427,mobileOG_000340463|traD|WP_142816484.1|transfer|conjugation|Plasmid RefSeq|Homology,NODE_12_length_92919_cov_49.446177_16 # 20056 # 22254 # -1 # ID=12_16;partial=00;start_type=ATG;rbs_motif=GGAGG;rbs_spacer=5-10bp;gc_cont=0.585,96.3,1396,732,0.0,733,1,732,1,732,mobileOG_000340463,traD,WP_142816484.1,transfer,conjugation,Plasmid RefSeq,Homology,NODE_12_length_92919_cov_49.446177_16, 20056 # 22254 # -1 , 20056,22254,-1 ,12_16,12,16,00,ATG,GGAGG,5-10bp,0.585,NODE_12_length_92919_cov_49.446177,mobileOG_000340463_NODE_12_length_92919_cov_49.446177
428,mobileOG_000333534|traD|WP_033641524.1|transfer|conjugation|Multiple|Homology,NODE_12_length_92919_cov_49.446177_16 # 20056 # 22254 # -1 # ID=12_16;partial=00;start_type=ATG;rbs_motif=GGAGG;rbs_spacer=5-10bp;gc_cont=0.585,95.8,1386,732,0.0,733,1,732,1,732,mobileOG_000333534,traD,WP_033641524.1,transfer,conjugation,Multiple,Homology,NODE_12_length_92919_cov_49.446177_16, 20056 # 22254 # -1 , 20056,22254,-1 ,12_16,12,16,00,ATG,GGAGG,5-10bp,0.585,NODE_12_length_92919_cov_49.446177,mobileOG_000333534_NODE_12_length_92919_cov_49.446177
429,mobileOG_000346270|traG|WP_014072586.1|transfer|conjugation|Multiple|Homology,NODE_12_length_92919_cov_49.446177_19 # 22983 # 25814 # -1 # ID=12_19;partial=00;start_type=ATG;rbs_motif=GGAGG;rbs_spacer=5-10bp;gc_cont=0.569,98.9,1630,943,0.0,944,1,943,1,943,mobileOG_000346270,traG,WP_014072586.1,transfer,conjugation,Multiple,Homology,NODE_12_length_92919_cov_49.446177_19, 22983 # 25814 # -1 , 22983,25814,-1 ,12_19,12,19,00,ATG,GGAGG,5-10bp,0.569,NODE_12_length_92919_cov_49.446177,mobileOG_000346270_NODE_12_length_92919_cov_49.446177
430,mobileOG_000281974|traG|WP_014072586.1|transfer|conjugation|Plasmid RefSeq|Homology,NODE_12_length_92919_cov_49.446177_19 # 22983 # 25814 # -1 # ID=12_19;partial=00;start_type=ATG;rbs_motif=GGAGG;rbs_spacer=5-10bp;gc_cont=0.569,98.0,1609,943,0.0,944,1,943,1,943,mobileOG_000281974,traG,WP_014072586.1,transfer,conjugation,Plasmid RefSeq,Homology,NODE_12_length_92919_cov_49.446177_19, 22983 # 25814 # -1 , 22983,25814,-1 ,12_19,12,19,00,ATG,GGAGG,5-10bp,0.569,NODE_12_length_92919_cov_49.446177,mobileOG_000281974_NODE_12_length_92919_cov_49.446177
431,mobileOG_000346382|traG|WP_042785922.1|transfer|conjugation|Multiple|Homology,NODE_12_length_92919_cov_49.446177_19 # 22983 # 25814 # -1 # ID=12_19;partial=00;start_type=ATG;rbs_motif=GGAGG;rbs_spacer=5-10bp;gc_cont=0.569,94.2,1546,943,0.0,944,1,943,1,943,mobileOG_000346382,traG,WP_042785922.1,transfer,conjugation,Multiple,Homology,NODE_12_length_92919_cov_49.446177_19, 22983 # 25814 # -1 , 22983,25814,-1 ,12_19,12,19,00,ATG,GGAGG,5-10bp,0.569,NODE_12_length_92919_cov_49.446177,mobileOG_000346382_NODE_12_length_92919_cov_49.446177
432,mobileOG_000284090|traG|A0A1C3HN56|transfer|conjugation|Plasmid RefSeq|Homology,NODE_12_length_92919_cov_49.446177_19 # 22983 # 25814 # -1 # ID=12_19;partial=00;start_type=ATG;rbs_motif=GGAGG;rbs_spacer=5-10bp;gc_cont=0.569,93.6,1538,943,0.0,944,1,943,1,943,mobileOG_000284090,traG,A0A1C3HN56,transfer,conjugation,Plasmid RefSeq,Homology,NODE_12_length_92919_cov_49.446177_19, 22983 # 25814 # -1 , 22983,25814,-1 ,12_19,12,19,00,ATG,GGAGG,5-10bp,0.569,NODE_12_length_92919_cov_49.446177,mobileOG_000284090_NODE_12_length_92919_cov_49.446177
433,mobileOG_000346802|traG|WP_142816486.1|transfer|conjugation|Plasmid RefSeq|Homology,NODE_12_length_92919_cov_49.446177_19 # 22983 # 25814 # -1 # ID=12_19;partial=00;start_type=ATG;rbs_motif=GGAGG;rbs_spacer=5-10bp;gc_cont=0.569,92.7,1523,943,0.0,944,1,943,1,943,mobileOG_000346802,traG,WP_142816486.1,transfer,conjugation,Plasmid RefSeq,Homology,NODE_12_length_92919_cov_49.446177_19, 22983 # 25814 # -1 , 22983,25814,-1 ,12_19,12,19,00,ATG,GGAGG,5-10bp,0.569,NODE_12_length_92919_cov_49.446177,mobileOG_000346802_NODE_12_length_92919_cov_49.446177
434,mobileOG_000346463|traG|WP_060560504.1|transfer|conjugation|Multiple|Homology,NODE_12_length_92919_cov_49.446177_19 # 22983 # 25814 # -1 # ID=12_19;partial=00;start_type=ATG;rbs_motif=GGAGG;rbs_spacer=5-10bp;gc_cont=0.569,91.9,1496,943,0.0,944,1,943,1,943,mobileOG_000346463,traG,WP_060560504.1,transfer,conjugation,Multiple,Homology,NODE_12_length_92919_cov_49.446177_19, 22983 # 25814 # -1 , 22983,25814,-1 ,12_19,12,19,00,ATG,GGAGG,5-10bp,0.569,NODE_12_length_92919_cov_49.446177,mobileOG_000346463_NODE_12_length_92919_cov_49.446177
435,mobileOG_000336816|traH|WP_014072587.1|transfer|conjugation|Multiple|Homology,NODE_12_length_92919_cov_49.446177_20 # 25816 # 27183 # -1 # ID=12_20;partial=00;start_type=ATG;rbs_motif=GGAGG;rbs_spacer=5-10bp;gc_cont=0.591,99.1,879,455,0.0,456,1,455,1,455,mobileOG_000336816,traH,WP_014072587.1,transfer,conjugation,Multiple,Homology,NODE_12_length_92919_cov_49.446177_20, 25816 # 27183 # -1 , 25816,27183,-1 ,12_20,12,20,00,ATG,GGAGG,5-10bp,0.591,NODE_12_length_92919_cov_49.446177,mobileOG_000336816_NODE_12_length_92919_cov_49.446177
436,mobileOG_000336989|traH|WP_060560505.1|transfer|conjugation|Multiple|Homology,NODE_12_length_92919_cov_49.446177_20 # 25816 # 27183 # -1 # ID=12_20;partial=00;start_type=ATG;rbs_motif=GGAGG;rbs_spacer=5-10bp;gc_cont=0.591,98.9,877,455,0.0,456,1,455,1,455,mobileOG_000336989,traH,WP_060560505.1,transfer,conjugation,Multiple,Homology,NODE_12_length_92919_cov_49.446177_20, 25816 # 27183 # -1 , 25816,27183,-1 ,12_20,12,20,00,ATG,GGAGG,5-10bp,0.591,NODE_12_length_92919_cov_49.446177,mobileOG_000336989_NODE_12_length_92919_cov_49.446177
437,mobileOG_000336949|traH|WP_042785923.1|transfer|conjugation|Multiple|Homology,NODE_12_length_92919_cov_49.446177_20 # 25816 # 27183 # -1 # ID=12_20;partial=00;start_type=ATG;rbs_motif=GGAGG;rbs_spacer=5-10bp;gc_cont=0.591,97.1,861,455,3.47e-317,456,1,455,1,455,mobileOG_000336949,traH,WP_042785923.1,transfer,conjugation,Multiple,Homology,NODE_12_length_92919_cov_49.446177_20, 25816 # 27183 # -1 , 25816,27183,-1 ,12_20,12,20,00,ATG,GGAGG,5-10bp,0.591,NODE_12_length_92919_cov_49.446177,mobileOG_000336949_NODE_12_length_92919_cov_49.446177
438,mobileOG_000281433|traH|WP_014072587.1|transfer|conjugation|Plasmid RefSeq|Homology,NODE_12_length_92919_cov_49.446177_20 # 25816 # 27183 # -1 # ID=12_20;partial=00;start_type=ATG;rbs_motif=GGAGG;rbs_spacer=5-10bp;gc_cont=0.591,97.1,859,455,2.81e-316,456,1,455,1,455,mobileOG_000281433,traH,WP_014072587.1,transfer,conjugation,Plasmid RefSeq,Homology,NODE_12_length_92919_cov_49.446177_20, 25816 # 27183 # -1 , 25816,27183,-1 ,12_20,12,20,00,ATG,GGAGG,5-10bp,0.591,NODE_12_length_92919_cov_49.446177,mobileOG_000281433_NODE_12_length_92919_cov_49.446177
439,mobileOG_000327214|trbB|WP_060560506.1|transfer|conjugation|Multiple|Homology,NODE_12_length_92919_cov_49.446177_21 # 27180 # 27716 # -1 # ID=12_21;partial=00;start_type=ATG;rbs_motif=GGAGG;rbs_spacer=5-10bp;gc_cont=0.611,96.6,345,178,4.27e-122,179,1,178,1,178,mobileOG_000327214,trbB,WP_060560506.1,transfer,conjugation,Multiple,Homology,NODE_12_length_92919_cov_49.446177_21, 27180 # 27716 # -1 , 27180,27716,-1 ,12_21,12,21,00,ATG,GGAGG,5-10bp,0.611,NODE_12_length_92919_cov_49.446177,mobileOG_000327214_NODE_12_length_92919_cov_49.446177
440,mobileOG_000327109|trbB|WP_128383111.1|transfer|conjugation|Multiple|Homology,NODE_12_length_92919_cov_49.446177_21 # 27180 # 27716 # -1 # ID=12_21;partial=00;start_type=ATG;rbs_motif=GGAGG;rbs_spacer=5-10bp;gc_cont=0.611,96.1,342,178,7.09e-121,179,1,178,1,178,mobileOG_000327109,trbB,WP_128383111.1,transfer,conjugation,Multiple,Homology,NODE_12_length_92919_cov_49.446177_21, 27180 # 27716 # -1 , 27180,27716,-1 ,12_21,12,21,00,ATG,GGAGG,5-10bp,0.611,NODE_12_length_92919_cov_49.446177,mobileOG_000327109_NODE_12_length_92919_cov_49.446177
441,mobileOG_000329882|trbB|WP_128383111.1|transfer|conjugation|Plasmid RefSeq|Homology,NODE_12_length_92919_cov_49.446177_21 # 27180 # 27716 # -1 # ID=12_21;partial=00;start_type=ATG;rbs_motif=GGAGG;rbs_spacer=5-10bp;gc_cont=0.611,96.1,342,221,3.21e-120,179,44,221,1,178,mobileOG_000329882,trbB,WP_128383111.1,transfer,conjugation,Plasmid RefSeq,Homology,NODE_12_length_92919_cov_49.446177_21, 27180 # 27716 # -1 , 27180,27716,-1 ,12_21,12,21,00,ATG,GGAGG,5-10bp,0.611,NODE_12_length_92919_cov_49.446177,mobileOG_000329882_NODE_12_length_92919_cov_49.446177
442,mobileOG_000284089|trbB|A0A1C3HN31|transfer|conjugation|Plasmid RefSeq|Homology,NODE_12_length_92919_cov_49.446177_21 # 27180 # 27716 # -1 # ID=12_21;partial=00;start_type=ATG;rbs_motif=GGAGG;rbs_spacer=5-10bp;gc_cont=0.611,94.9,334,179,8.23e-118,179,1,175,1,175,mobileOG_000284089,trbB,A0A1C3HN31,transfer,conjugation,Plasmid RefSeq,Homology,NODE_12_length_92919_cov_49.446177_21, 27180 # 27716 # -1 , 27180,27716,-1 ,12_21,12,21,00,ATG,GGAGG,5-10bp,0.611,NODE_12_length_92919_cov_49.446177,mobileOG_000284089_NODE_12_length_92919_cov_49.446177
443,mobileOG_000349678|trbB|WP_042785925.1|transfer|conjugation|Multiple|Homology,NODE_12_length_92919_cov_49.446177_21 # 27180 # 27716 # -1 # ID=12_21;partial=00;start_type=ATG;rbs_motif=GGAGG;rbs_spacer=5-10bp;gc_cont=0.611,93.7,330,179,1.94e-116,179,1,175,1,175,mobileOG_000349678,trbB,WP_042785925.1,transfer,conjugation,Multiple,Homology,NODE_12_length_92919_cov_49.446177_21, 27180 # 27716 # -1 , 27180,27716,-1 ,12_21,12,21,00,ATG,GGAGG,5-10bp,0.611,NODE_12_length_92919_cov_49.446177,mobileOG_000349678_NODE_12_length_92919_cov_49.446177
444,mobileOG_000281975|trbB|WP_042785925.1|transfer|conjugation|Plasmid RefSeq|Homology,NODE_12_length_92919_cov_49.446177_21 # 27180 # 27716 # -1 # ID=12_21;partial=00;start_type=ATG;rbs_motif=GGAGG;rbs_spacer=5-10bp;gc_cont=0.611,94.9,330,179,2.75e-116,179,1,175,1,175,mobileOG_000281975,trbB,WP_042785925.1,transfer,conjugation,Plasmid RefSeq,Homology,NODE_12_length_92919_cov_49.446177_21, 27180 # 27716 # -1 , 27180,27716,-1 ,12_21,12,21,00,ATG,GGAGG,5-10bp,0.611,NODE_12_length_92919_cov_49.446177,mobileOG_000281975_NODE_12_length_92919_cov_49.446177
445,mobileOG_000340465|trbB|WP_142816489.1|transfer|conjugation|Plasmid RefSeq|Homology,NODE_12_length_92919_cov_49.446177_21 # 27180 # 27716 # -1 # ID=12_21;partial=00;start_type=ATG;rbs_motif=GGAGG;rbs_spacer=5-10bp;gc_cont=0.611,91.4,322,179,6.22e-113,179,1,175,1,175,mobileOG_000340465,trbB,WP_142816489.1,transfer,conjugation,Plasmid RefSeq,Homology,NODE_12_length_92919_cov_49.446177_21, 27180 # 27716 # -1 , 27180,27716,-1 ,12_21,12,21,00,ATG,GGAGG,5-10bp,0.611,NODE_12_length_92919_cov_49.446177,mobileOG_000340465_NODE_12_length_92919_cov_49.446177
446,mobileOG_000059473|traQ|WP_014072589.1|transfer|conjugation|Multiple|Homology,NODE_12_length_92919_cov_49.446177_22 # 27703 # 28017 # -1 # ID=12_22;partial=00;start_type=ATG;rbs_motif=AGGAG;rbs_spacer=5-10bp;gc_cont=0.638,98.1,209,104,5.76e-71,105,1,104,1,104,mobileOG_000059473,traQ,WP_014072589.1,transfer,conjugation,Multiple,Homology,NODE_12_length_92919_cov_49.446177_22, 27703 # 28017 # -1 , 27703,28017,-1 ,12_22,12,22,00,ATG,AGGAG,5-10bp,0.638,NODE_12_length_92919_cov_49.446177,mobileOG_000059473_NODE_12_length_92919_cov_49.446177
447,mobileOG_000283096|traQ|A0A1C3HN26|transfer|conjugation|Plasmid RefSeq|Homology,NODE_12_length_92919_cov_49.446177_22 # 27703 # 28017 # -1 # ID=12_22;partial=00;start_type=ATG;rbs_motif=AGGAG;rbs_spacer=5-10bp;gc_cont=0.638,97.1,209,104,8.18e-71,105,1,104,1,104,mobileOG_000283096,traQ,A0A1C3HN26,transfer,conjugation,Plasmid RefSeq,Homology,NODE_12_length_92919_cov_49.446177_22, 27703 # 28017 # -1 , 27703,28017,-1 ,12_22,12,22,00,ATG,AGGAG,5-10bp,0.638,NODE_12_length_92919_cov_49.446177,mobileOG_000283096_NODE_12_length_92919_cov_49.446177
448,mobileOG_000281308|traQ|WP_014072589.1|transfer|conjugation|Plasmid RefSeq|Homology,NODE_12_length_92919_cov_49.446177_22 # 27703 # 28017 # -1 # ID=12_22;partial=00;start_type=ATG;rbs_motif=AGGAG;rbs_spacer=5-10bp;gc_cont=0.638,97.1,208,104,1.65e-70,105,1,104,1,104,mobileOG_000281308,traQ,WP_014072589.1,transfer,conjugation,Plasmid RefSeq,Homology,NODE_12_length_92919_cov_49.446177_22, 27703 # 28017 # -1 , 27703,28017,-1 ,12_22,12,22,00,ATG,AGGAG,5-10bp,0.638,NODE_12_length_92919_cov_49.446177,mobileOG_000281308_NODE_12_length_92919_cov_49.446177
449,mobileOG_000361855|traQ|WP_076606843.1|transfer|conjugation|Multiple|Homology,NODE_12_length_92919_cov_49.446177_22 # 27703 # 28017 # -1 # ID=12_22;partial=00;start_type=ATG;rbs_motif=AGGAG;rbs_spacer=5-10bp;gc_cont=0.638,97.1,208,104,2.35e-70,105,1,104,1,104,mobileOG_000361855,traQ,WP_076606843.1,transfer,conjugation,Multiple,Homology,NODE_12_length_92919_cov_49.446177_22, 27703 # 28017 # -1 , 27703,28017,-1 ,12_22,12,22,00,ATG,AGGAG,5-10bp,0.638,NODE_12_length_92919_cov_49.446177,mobileOG_000361855_NODE_12_length_92919_cov_49.446177
450,mobileOG_000340014|traQ|WP_142076387.1|transfer|conjugation|Plasmid RefSeq|Homology,NODE_12_length_92919_cov_49.446177_22 # 27703 # 28017 # -1 # ID=12_22;partial=00;start_type=ATG;rbs_motif=AGGAG;rbs_spacer=5-10bp;gc_cont=0.638,97.1,207,104,4.74e-70,105,1,104,1,104,mobileOG_000340014,traQ,WP_142076387.1,transfer,conjugation,Plasmid RefSeq,Homology,NODE_12_length_92919_cov_49.446177_22, 27703 # 28017 # -1 , 27703,28017,-1 ,12_22,12,22,00,ATG,AGGAG,5-10bp,0.638,NODE_12_length_92919_cov_49.446177,mobileOG_000340014_NODE_12_length_92919_cov_49.446177
451,mobileOG_000340336|traQ|WP_142816490.1|transfer|conjugation|Plasmid RefSeq|Homology,NODE_12_length_92919_cov_49.446177_22 # 27703 # 28017 # -1 # ID=12_22;partial=00;start_type=ATG;rbs_motif=AGGAG;rbs_spacer=5-10bp;gc_cont=0.638,95.2,205,104,3.90e-69,105,1,104,1,104,mobileOG_000340336,traQ,WP_142816490.1,transfer,conjugation,Plasmid RefSeq,Homology,NODE_12_length_92919_cov_49.446177_22, 27703 # 28017 # -1 , 27703,28017,-1 ,12_22,12,22,00,ATG,AGGAG,5-10bp,0.638,NODE_12_length_92919_cov_49.446177,mobileOG_000340336_NODE_12_length_92919_cov_49.446177
452,mobileOG_000351522|traF|WP_142816491.1|transfer|conjugation|Plasmid RefSeq|Homology,NODE_12_length_92919_cov_49.446177_23 # 28028 # 28822 # -1 # ID=12_23;partial=00;start_type=GTG;rbs_motif=AGGAG;rbs_spacer=5-10bp;gc_cont=0.631,98.9,512,264,2.11e-185,265,1,264,1,264,mobileOG_000351522,traF,WP_142816491.1,transfer,conjugation,Plasmid RefSeq,Homology,NODE_12_length_92919_cov_49.446177_23, 28028 # 28822 # -1 , 28028,28822,-1 ,12_23,12,23,00,GTG,AGGAG,5-10bp,0.631,NODE_12_length_92919_cov_49.446177,mobileOG_000351522_NODE_12_length_92919_cov_49.446177
453,mobileOG_000284091|traF|A0A1C3HN54|transfer|conjugation|Plasmid RefSeq|Homology,NODE_12_length_92919_cov_49.446177_23 # 28028 # 28822 # -1 # ID=12_23;partial=00;start_type=GTG;rbs_motif=AGGAG;rbs_spacer=5-10bp;gc_cont=0.631,98.9,511,264,6.05e-185,265,1,264,1,264,mobileOG_000284091,traF,A0A1C3HN54,transfer,conjugation,Plasmid RefSeq,Homology,NODE_12_length_92919_cov_49.446177_23, 28028 # 28822 # -1 , 28028,28822,-1 ,12_23,12,23,00,GTG,AGGAG,5-10bp,0.631,NODE_12_length_92919_cov_49.446177,mobileOG_000284091_NODE_12_length_92919_cov_49.446177
454,mobileOG_000331891|traF|A0A379Y0N6|transfer|conjugation|Multiple|Homology,NODE_12_length_92919_cov_49.446177_23 # 28028 # 28822 # -1 # ID=12_23;partial=00;start_type=GTG;rbs_motif=AGGAG;rbs_spacer=5-10bp;gc_cont=0.631,98.1,507,264,1.43e-183,265,1,264,1,264,mobileOG_000331891,traF,A0A379Y0N6,transfer,conjugation,Multiple,Homology,NODE_12_length_92919_cov_49.446177_23, 28028 # 28822 # -1 , 28028,28822,-1 ,12_23,12,23,00,GTG,AGGAG,5-10bp,0.631,NODE_12_length_92919_cov_49.446177,mobileOG_000331891_NODE_12_length_92919_cov_49.446177
455,mobileOG_000281486|traF|A0A1C3HN54|transfer|conjugation|Plasmid RefSeq|Homology,NODE_12_length_92919_cov_49.446177_23 # 28028 # 28822 # -1 # ID=12_23;partial=00;start_type=GTG;rbs_motif=AGGAG;rbs_spacer=5-10bp;gc_cont=0.631,98.1,507,264,2.02e-183,265,1,264,1,264,mobileOG_000281486,traF,A0A1C3HN54,transfer,conjugation,Plasmid RefSeq,Homology,NODE_12_length_92919_cov_49.446177_23, 28028 # 28822 # -1 , 28028,28822,-1 ,12_23,12,23,00,GTG,AGGAG,5-10bp,0.631,NODE_12_length_92919_cov_49.446177,mobileOG_000281486_NODE_12_length_92919_cov_49.446177
456,mobileOG_000334042|traF|WP_079007684.1|transfer|conjugation|Multiple|Homology,NODE_12_length_92919_cov_49.446177_23 # 28028 # 28822 # -1 # ID=12_23;partial=00;start_type=GTG;rbs_motif=AGGAG;rbs_spacer=5-10bp;gc_cont=0.631,97.3,506,264,5.80e-183,265,1,264,1,264,mobileOG_000334042,traF,WP_079007684.1,transfer,conjugation,Multiple,Homology,NODE_12_length_92919_cov_49.446177_23, 28028 # 28822 # -1 , 28028,28822,-1 ,12_23,12,23,00,GTG,AGGAG,5-10bp,0.631,NODE_12_length_92919_cov_49.446177,mobileOG_000334042_NODE_12_length_92919_cov_49.446177
457,mobileOG_000346190|traF|WP_049866737.1|transfer|conjugation|Multiple|Homology,NODE_12_length_92919_cov_49.446177_23 # 28028 # 28822 # -1 # ID=12_23;partial=00;start_type=GTG;rbs_motif=AGGAG;rbs_spacer=5-10bp;gc_cont=0.631,96.2,498,264,4.57e-180,265,1,264,1,264,mobileOG_000346190,traF,WP_049866737.1,transfer,conjugation,Multiple,Homology,NODE_12_length_92919_cov_49.446177_23, 28028 # 28822 # -1 , 28028,28822,-1 ,12_23,12,23,00,GTG,AGGAG,5-10bp,0.631,NODE_12_length_92919_cov_49.446177,mobileOG_000346190_NODE_12_length_92919_cov_49.446177
458,mobileOG_000284102|traF|A0A1C3HNA1|transfer|conjugation|Plasmid RefSeq|Homology,NODE_12_length_92919_cov_49.446177_23 # 28028 # 28822 # -1 # ID=12_23;partial=00;start_type=GTG;rbs_motif=AGGAG;rbs_spacer=5-10bp;gc_cont=0.631,93.9,490,264,1.03e-176,265,1,264,1,264,mobileOG_000284102,traF,A0A1C3HNA1,transfer,conjugation,Plasmid RefSeq,Homology,NODE_12_length_92919_cov_49.446177_23, 28028 # 28822 # -1 , 28028,28822,-1 ,12_23,12,23,00,GTG,AGGAG,5-10bp,0.631,NODE_12_length_92919_cov_49.446177,mobileOG_000284102_NODE_12_length_92919_cov_49.446177
459,mobileOG_000285698|traF|A0A1C3HNA1|transfer|conjugation|Plasmid RefSeq|Homology,NODE_12_length_92919_cov_49.446177_23 # 28028 # 28822 # -1 # ID=12_23;partial=00;start_type=GTG;rbs_motif=AGGAG;rbs_spacer=5-10bp;gc_cont=0.631,92.0,483,264,4.02e-174,265,1,264,1,264,mobileOG_000285698,traF,A0A1C3HNA1,transfer,conjugation,Plasmid RefSeq,Homology,NODE_12_length_92919_cov_49.446177_23, 28028 # 28822 # -1 , 28028,28822,-1 ,12_23,12,23,00,GTG,AGGAG,5-10bp,0.631,NODE_12_length_92919_cov_49.446177,mobileOG_000285698_NODE_12_length_92919_cov_49.446177
460,mobileOG_000340121|traF|WP_142076404.1|transfer|conjugation|Plasmid RefSeq|Homology,NODE_12_length_92919_cov_49.446177_23 # 28028 # 28822 # -1 # ID=12_23;partial=00;start_type=GTG;rbs_motif=AGGAG;rbs_spacer=5-10bp;gc_cont=0.631,98.0,481,249,2.71e-173,265,1,249,16,264,mobileOG_000340121,traF,WP_142076404.1,transfer,conjugation,Plasmid RefSeq,Homology,NODE_12_length_92919_cov_49.446177_23, 28028 # 28822 # -1 , 28028,28822,-1 ,12_23,12,23,00,GTG,AGGAG,5-10bp,0.631,NODE_12_length_92919_cov_49.446177,mobileOG_000340121_NODE_12_length_92919_cov_49.446177
461,mobileOG_000330669|traF|WP_055313757.1|transfer|conjugation|Plasmid RefSeq|Homology,NODE_12_length_92919_cov_49.446177_23 # 28028 # 28822 # -1 # ID=12_23;partial=00;start_type=GTG;rbs_motif=AGGAG;rbs_spacer=5-10bp;gc_cont=0.631,91.6,457,249,5.38e-164,265,1,249,16,264,mobileOG_000330669,traF,WP_055313757.1,transfer,conjugation,Plasmid RefSeq,Homology,NODE_12_length_92919_cov_49.446177_23, 28028 # 28822 # -1 , 28028,28822,-1 ,12_23,12,23,00,GTG,AGGAG,5-10bp,0.631,NODE_12_length_92919_cov_49.446177,mobileOG_000330669_NODE_12_length_92919_cov_49.446177
462,mobileOG_000349440|traN|WP_126502336.1|transfer|conjugation|Plasmid RefSeq|Homology,NODE_12_length_92919_cov_49.446177_24 # 28819 # 30723 # -1 # ID=12_24;partial=00;start_type=ATG;rbs_motif=AGGAG;rbs_spacer=5-10bp;gc_cont=0.607,98.1,1269,634,0.0,635,1,634,1,634,mobileOG_000349440,traN,WP_126502336.1,transfer,conjugation,Plasmid RefSeq,Homology,NODE_12_length_92919_cov_49.446177_24, 28819 # 30723 # -1 , 28819,30723,-1 ,12_24,12,24,00,ATG,AGGAG,5-10bp,0.607,NODE_12_length_92919_cov_49.446177,mobileOG_000349440_NODE_12_length_92919_cov_49.446177
463,mobileOG_000281979|traN|WP_126502336.1|transfer|conjugation|Plasmid RefSeq|Homology,NODE_12_length_92919_cov_49.446177_24 # 28819 # 30723 # -1 # ID=12_24;partial=00;start_type=ATG;rbs_motif=AGGAG;rbs_spacer=5-10bp;gc_cont=0.607,98.1,1268,634,0.0,635,1,634,1,634,mobileOG_000281979,traN,WP_126502336.1,transfer,conjugation,Plasmid RefSeq,Homology,NODE_12_length_92919_cov_49.446177_24, 28819 # 30723 # -1 , 28819,30723,-1 ,12_24,12,24,00,ATG,AGGAG,5-10bp,0.607,NODE_12_length_92919_cov_49.446177,mobileOG_000281979_NODE_12_length_92919_cov_49.446177
464,mobileOG_000349361|traN|WP_128383113.1|transfer|conjugation|Multiple|Homology,NODE_12_length_92919_cov_49.446177_24 # 28819 # 30723 # -1 # ID=12_24;partial=00;start_type=ATG;rbs_motif=AGGAG;rbs_spacer=5-10bp;gc_cont=0.607,97.9,1266,634,0.0,635,1,634,1,634,mobileOG_000349361,traN,WP_128383113.1,transfer,conjugation,Multiple,Homology,NODE_12_length_92919_cov_49.446177_24, 28819 # 30723 # -1 , 28819,30723,-1 ,12_24,12,24,00,ATG,AGGAG,5-10bp,0.607,NODE_12_length_92919_cov_49.446177,mobileOG_000349361_NODE_12_length_92919_cov_49.446177
465,mobileOG_000349442|traN|WP_128383113.1|transfer|conjugation|Plasmid RefSeq|Homology,NODE_12_length_92919_cov_49.446177_24 # 28819 # 30723 # -1 # ID=12_24;partial=00;start_type=ATG;rbs_motif=AGGAG;rbs_spacer=5-10bp;gc_cont=0.607,97.9,1266,655,0.0,635,22,655,1,634,mobileOG_000349442,traN,WP_128383113.1,transfer,conjugation,Plasmid RefSeq,Homology,NODE_12_length_92919_cov_49.446177_24, 28819 # 30723 # -1 , 28819,30723,-1 ,12_24,12,24,00,ATG,AGGAG,5-10bp,0.607,NODE_12_length_92919_cov_49.446177,mobileOG_000349442_NODE_12_length_92919_cov_49.446177
466,mobileOG_000284088|traN|A0A1C3HN41|transfer|conjugation|Plasmid RefSeq|Homology,NODE_12_length_92919_cov_49.446177_24 # 28819 # 30723 # -1 # ID=12_24;partial=00;start_type=ATG;rbs_motif=AGGAG;rbs_spacer=5-10bp;gc_cont=0.607,97.9,1266,634,0.0,635,1,634,1,634,mobileOG_000284088,traN,A0A1C3HN41,transfer,conjugation,Plasmid RefSeq,Homology,NODE_12_length_92919_cov_49.446177_24, 28819 # 30723 # -1 , 28819,30723,-1 ,12_24,12,24,00,ATG,AGGAG,5-10bp,0.607,NODE_12_length_92919_cov_49.446177,mobileOG_000284088_NODE_12_length_92919_cov_49.446177
467,mobileOG_000340464|traN|WP_142816492.1|transfer|conjugation|Plasmid RefSeq|Homology,NODE_12_length_92919_cov_49.446177_24 # 28819 # 30723 # -1 # ID=12_24;partial=00;start_type=ATG;rbs_motif=AGGAG;rbs_spacer=5-10bp;gc_cont=0.607,97.8,1264,634,0.0,635,1,634,1,634,mobileOG_000340464,traN,WP_142816492.1,transfer,conjugation,Plasmid RefSeq,Homology,NODE_12_length_92919_cov_49.446177_24, 28819 # 30723 # -1 , 28819,30723,-1 ,12_24,12,24,00,ATG,AGGAG,5-10bp,0.607,NODE_12_length_92919_cov_49.446177,mobileOG_000340464_NODE_12_length_92919_cov_49.446177
468,mobileOG_000349430|traN|WP_110147670.1|transfer|conjugation|Plasmid RefSeq|Homology,NODE_12_length_92919_cov_49.446177_24 # 28819 # 30723 # -1 # ID=12_24;partial=00;start_type=ATG;rbs_motif=AGGAG;rbs_spacer=5-10bp;gc_cont=0.607,97.5,1260,634,0.0,635,1,634,1,634,mobileOG_000349430,traN,WP_110147670.1,transfer,conjugation,Plasmid RefSeq,Homology,NODE_12_length_92919_cov_49.446177_24, 28819 # 30723 # -1 , 28819,30723,-1 ,12_24,12,24,00,ATG,AGGAG,5-10bp,0.607,NODE_12_length_92919_cov_49.446177,mobileOG_000349430_NODE_12_length_92919_cov_49.446177
469,mobileOG_000349403|traN|WP_084587992.1|transfer|conjugation|Multiple|Homology,NODE_12_length_92919_cov_49.446177_24 # 28819 # 30723 # -1 # ID=12_24;partial=00;start_type=ATG;rbs_motif=AGGAG;rbs_spacer=5-10bp;gc_cont=0.607,97.2,1258,634,0.0,635,1,634,1,634,mobileOG_000349403,traN,WP_084587992.1,transfer,conjugation,Multiple,Homology,NODE_12_length_92919_cov_49.446177_24, 28819 # 30723 # -1 , 28819,30723,-1 ,12_24,12,24,00,ATG,AGGAG,5-10bp,0.607,NODE_12_length_92919_cov_49.446177,mobileOG_000349403_NODE_12_length_92919_cov_49.446177
470,mobileOG_000349401|traN|WP_079007683.1|transfer|conjugation|Multiple|Homology,NODE_12_length_92919_cov_49.446177_24 # 28819 # 30723 # -1 # ID=12_24;partial=00;start_type=ATG;rbs_motif=AGGAG;rbs_spacer=5-10bp;gc_cont=0.607,97.5,1256,634,0.0,635,1,634,1,634,mobileOG_000349401,traN,WP_079007683.1,transfer,conjugation,Multiple,Homology,NODE_12_length_92919_cov_49.446177_24, 28819 # 30723 # -1 , 28819,30723,-1 ,12_24,12,24,00,ATG,AGGAG,5-10bp,0.607,NODE_12_length_92919_cov_49.446177,mobileOG_000349401_NODE_12_length_92919_cov_49.446177
471,mobileOG_000413561|NA:Keyword|A0A1C3HN29|transfer|NA|COMPASS|Keyword Search,NODE_12_length_92919_cov_49.446177_25 # 30720 # 31394 # -1 # ID=12_25;partial=00;start_type=ATG;rbs_motif=AGGAG;rbs_spacer=5-10bp;gc_cont=0.641,96.4,412,224,2.09e-147,225,1,224,1,224,mobileOG_000413561,NA:Keyword,A0A1C3HN29,transfer,NA,COMPASS,Keyword Search,NODE_12_length_92919_cov_49.446177_25, 30720 # 31394 # -1 , 30720,31394,-1 ,12_25,12,25,00,ATG,AGGAG,5-10bp,0.641,NODE_12_length_92919_cov_49.446177,mobileOG_000413561_NODE_12_length_92919_cov_49.446177
472,mobileOG_000409559|NA:Keyword|WP_142816493.1|transfer|NA|COMPASS|Keyword Search,NODE_12_length_92919_cov_49.446177_25 # 30720 # 31394 # -1 # ID=12_25;partial=00;start_type=ATG;rbs_motif=AGGAG;rbs_spacer=5-10bp;gc_cont=0.641,94.2,401,224,7.80e-143,225,1,224,1,224,mobileOG_000409559,NA:Keyword,WP_142816493.1,transfer,NA,COMPASS,Keyword Search,NODE_12_length_92919_cov_49.446177_25, 30720 # 31394 # -1 , 30720,31394,-1 ,12_25,12,25,00,ATG,AGGAG,5-10bp,0.641,NODE_12_length_92919_cov_49.446177,mobileOG_000409559_NODE_12_length_92919_cov_49.446177
473,mobileOG_000756649|NA:Keyword|WP_110147685.1|transfer|NA|Plasmid RefSeq|Keyword Search,NODE_12_length_92919_cov_49.446177_25 # 30720 # 31394 # -1 # ID=12_25;partial=00;start_type=ATG;rbs_motif=AGGAG;rbs_spacer=5-10bp;gc_cont=0.641,96.1,378,203,3.62e-134,225,1,203,22,224,mobileOG_000756649,NA:Keyword,WP_110147685.1,transfer,NA,Plasmid RefSeq,Keyword Search,NODE_12_length_92919_cov_49.446177_25, 30720 # 31394 # -1 , 30720,31394,-1 ,12_25,12,25,00,ATG,AGGAG,5-10bp,0.641,NODE_12_length_92919_cov_49.446177,mobileOG_000756649_NODE_12_length_92919_cov_49.446177
474,mobileOG_000753475|NA:Keyword|WP_060560507.1|transfer|NA|Plasmid RefSeq|Keyword Search,NODE_12_length_92919_cov_49.446177_25 # 30720 # 31394 # -1 # ID=12_25;partial=00;start_type=ATG;rbs_motif=AGGAG;rbs_spacer=5-10bp;gc_cont=0.641,96.1,376,203,2.09e-133,225,1,203,22,224,mobileOG_000753475,NA:Keyword,WP_060560507.1,transfer,NA,Plasmid RefSeq,Keyword Search,NODE_12_length_92919_cov_49.446177_25, 30720 # 31394 # -1 , 30720,31394,-1 ,12_25,12,25,00,ATG,AGGAG,5-10bp,0.641,NODE_12_length_92919_cov_49.446177,mobileOG_000753475_NODE_12_length_92919_cov_49.446177
475,mobileOG_000737559|NA:Keyword|WP_110147685.1|transfer|NA|Plasmid RefSeq|Keyword Search,NODE_12_length_92919_cov_49.446177_25 # 30720 # 31394 # -1 # ID=12_25;partial=00;start_type=ATG;rbs_motif=AGGAG;rbs_spacer=5-10bp;gc_cont=0.641,95.6,375,203,4.22e-133,225,1,203,22,224,mobileOG_000737559,NA:Keyword,WP_110147685.1,transfer,NA,Plasmid RefSeq,Keyword Search,NODE_12_length_92919_cov_49.446177_25, 30720 # 31394 # -1 , 30720,31394,-1 ,12_25,12,25,00,ATG,AGGAG,5-10bp,0.641,NODE_12_length_92919_cov_49.446177,mobileOG_000737559_NODE_12_length_92919_cov_49.446177
476,mobileOG_000755941|NA:Keyword|WP_126502374.1|transfer|NA|Plasmid RefSeq|Keyword Search,NODE_12_length_92919_cov_49.446177_25 # 30720 # 31394 # -1 # ID=12_25;partial=00;start_type=ATG;rbs_motif=AGGAG;rbs_spacer=5-10bp;gc_cont=0.641,94.6,372,203,1.41e-131,225,1,203,22,224,mobileOG_000755941,NA:Keyword,WP_126502374.1,transfer,NA,Plasmid RefSeq,Keyword Search,NODE_12_length_92919_cov_49.446177_25, 30720 # 31394 # -1 , 30720,31394,-1 ,12_25,12,25,00,ATG,AGGAG,5-10bp,0.641,NODE_12_length_92919_cov_49.446177,mobileOG_000755941_NODE_12_length_92919_cov_49.446177
477,mobileOG_000730014|NA:Keyword|A0A5Q8BVD8|transfer|NA|Plasmid RefSeq|Keyword Search,NODE_12_length_92919_cov_49.446177_25 # 30720 # 31394 # -1 # ID=12_25;partial=00;start_type=ATG;rbs_motif=AGGAG;rbs_spacer=5-10bp;gc_cont=0.641,94.1,368,203,3.32e-130,225,1,203,22,224,mobileOG_000730014,NA:Keyword,A0A5Q8BVD8,transfer,NA,Plasmid RefSeq,Keyword Search,NODE_12_length_92919_cov_49.446177_25, 30720 # 31394 # -1 , 30720,31394,-1 ,12_25,12,25,00,ATG,AGGAG,5-10bp,0.641,NODE_12_length_92919_cov_49.446177,mobileOG_000730014_NODE_12_length_92919_cov_49.446177
478,mobileOG_000731014|NA:Keyword|A0A1C3HN29|transfer|NA|Plasmid RefSeq|Keyword Search,NODE_12_length_92919_cov_49.446177_25 # 30720 # 31394 # -1 # ID=12_25;partial=00;start_type=ATG;rbs_motif=AGGAG;rbs_spacer=5-10bp;gc_cont=0.641,94.6,367,203,9.51e-130,225,1,203,22,224,mobileOG_000731014,NA:Keyword,A0A1C3HN29,transfer,NA,Plasmid RefSeq,Keyword Search,NODE_12_length_92919_cov_49.446177_25, 30720 # 31394 # -1 , 30720,31394,-1 ,12_25,12,25,00,ATG,AGGAG,5-10bp,0.641,NODE_12_length_92919_cov_49.446177,mobileOG_000731014_NODE_12_length_92919_cov_49.446177
479,mobileOG_000731013|NA:Keyword|A0A1C3HNA6|transfer|NA|Plasmid RefSeq|Keyword Search,NODE_12_length_92919_cov_49.446177_25 # 30720 # 31394 # -1 # ID=12_25;partial=00;start_type=ATG;rbs_motif=AGGAG;rbs_spacer=5-10bp;gc_cont=0.641,94.1,367,203,1.35e-129,225,1,203,22,224,mobileOG_000731013,NA:Keyword,A0A1C3HNA6,transfer,NA,Plasmid RefSeq,Keyword Search,NODE_12_length_92919_cov_49.446177_25, 30720 # 31394 # -1 , 30720,31394,-1 ,12_25,12,25,00,ATG,AGGAG,5-10bp,0.641,NODE_12_length_92919_cov_49.446177,mobileOG_000731013_NODE_12_length_92919_cov_49.446177
480,mobileOG_000284085|traU|A0A1C3HN51|transfer|conjugation|Plasmid RefSeq|Homology,NODE_12_length_92919_cov_49.446177_26 # 31405 # 32403 # -1 # ID=12_26;partial=00;start_type=ATG;rbs_motif=AGGAG;rbs_spacer=5-10bp;gc_cont=0.609,99.1,696,332,3.93e-256,333,1,332,1,332,mobileOG_000284085,traU,A0A1C3HN51,transfer,conjugation,Plasmid RefSeq,Homology,NODE_12_length_92919_cov_49.446177_26, 31405 # 32403 # -1 , 31405,32403,-1 ,12_26,12,26,00,ATG,AGGAG,5-10bp,0.609,NODE_12_length_92919_cov_49.446177,mobileOG_000284085_NODE_12_length_92919_cov_49.446177
481,mobileOG_000371970|traU|WP_038883539.1|transfer|conjugation|Plasmid RefSeq|Homology,NODE_12_length_92919_cov_49.446177_26 # 31405 # 32403 # -1 # ID=12_26;partial=00;start_type=ATG;rbs_motif=AGGAG;rbs_spacer=5-10bp;gc_cont=0.609,99.1,696,332,3.93e-256,333,1,332,1,332,mobileOG_000371970,traU,WP_038883539.1,transfer,conjugation,Plasmid RefSeq,Homology,NODE_12_length_92919_cov_49.446177_26, 31405 # 32403 # -1 , 31405,32403,-1 ,12_26,12,26,00,ATG,AGGAG,5-10bp,0.609,NODE_12_length_92919_cov_49.446177,mobileOG_000371970_NODE_12_length_92919_cov_49.446177
482,mobileOG_000372291|traU|WP_110147669.1|transfer|conjugation|Plasmid RefSeq|Homology,NODE_12_length_92919_cov_49.446177_26 # 31405 # 32403 # -1 # ID=12_26;partial=00;start_type=ATG;rbs_motif=AGGAG;rbs_spacer=5-10bp;gc_cont=0.609,98.5,692,332,1.31e-254,333,1,332,1,332,mobileOG_000372291,traU,WP_110147669.1,transfer,conjugation,Plasmid RefSeq,Homology,NODE_12_length_92919_cov_49.446177_26, 31405 # 32403 # -1 , 31405,32403,-1 ,12_26,12,26,00,ATG,AGGAG,5-10bp,0.609,NODE_12_length_92919_cov_49.446177,mobileOG_000372291_NODE_12_length_92919_cov_49.446177
483,mobileOG_000371849|traU|WP_014072593.1|transfer|conjugation|Multiple|Homology,NODE_12_length_92919_cov_49.446177_26 # 31405 # 32403 # -1 # ID=12_26;partial=00;start_type=ATG;rbs_motif=AGGAG;rbs_spacer=5-10bp;gc_cont=0.609,98.2,690,332,1.53e-253,333,1,332,1,332,mobileOG_000371849,traU,WP_014072593.1,transfer,conjugation,Multiple,Homology,NODE_12_length_92919_cov_49.446177_26, 31405 # 32403 # -1 , 31405,32403,-1 ,12_26,12,26,00,ATG,AGGAG,5-10bp,0.609,NODE_12_length_92919_cov_49.446177,mobileOG_000371849_NODE_12_length_92919_cov_49.446177
484,mobileOG_000371993|traU|WP_042785927.1|transfer|conjugation|Plasmid RefSeq|Homology,NODE_12_length_92919_cov_49.446177_26 # 31405 # 32403 # -1 # ID=12_26;partial=00;start_type=ATG;rbs_motif=AGGAG;rbs_spacer=5-10bp;gc_cont=0.609,97.6,688,332,8.88e-253,333,1,332,1,332,mobileOG_000371993,traU,WP_042785927.1,transfer,conjugation,Plasmid RefSeq,Homology,NODE_12_length_92919_cov_49.446177_26, 31405 # 32403 # -1 , 31405,32403,-1 ,12_26,12,26,00,ATG,AGGAG,5-10bp,0.609,NODE_12_length_92919_cov_49.446177,mobileOG_000371993_NODE_12_length_92919_cov_49.446177
485,mobileOG_000372076|traU|WP_060560508.1|transfer|conjugation|Multiple|Homology,NODE_12_length_92919_cov_49.446177_26 # 31405 # 32403 # -1 # ID=12_26;partial=00;start_type=ATG;rbs_motif=AGGAG;rbs_spacer=5-10bp;gc_cont=0.609,97.3,683,332,6.00e-251,333,1,332,1,332,mobileOG_000372076,traU,WP_060560508.1,transfer,conjugation,Multiple,Homology,NODE_12_length_92919_cov_49.446177_26, 31405 # 32403 # -1 , 31405,32403,-1 ,12_26,12,26,00,ATG,AGGAG,5-10bp,0.609,NODE_12_length_92919_cov_49.446177,mobileOG_000372076_NODE_12_length_92919_cov_49.446177
486,mobileOG_000372390|traU|WP_142816494.1|transfer|conjugation|Plasmid RefSeq|Homology,NODE_12_length_92919_cov_49.446177_26 # 31405 # 32403 # -1 # ID=12_26;partial=00;start_type=ATG;rbs_motif=AGGAG;rbs_spacer=5-10bp;gc_cont=0.609,97.6,682,332,2.44e-250,333,1,332,1,332,mobileOG_000372390,traU,WP_142816494.1,transfer,conjugation,Plasmid RefSeq,Homology,NODE_12_length_92919_cov_49.446177_26, 31405 # 32403 # -1 , 31405,32403,-1 ,12_26,12,26,00,ATG,AGGAG,5-10bp,0.609,NODE_12_length_92919_cov_49.446177,mobileOG_000372390_NODE_12_length_92919_cov_49.446177
487,mobileOG_000281481|traU|WP_142816494.1|transfer|conjugation|Plasmid RefSeq|Homology,NODE_12_length_92919_cov_49.446177_26 # 31405 # 32403 # -1 # ID=12_26;partial=00;start_type=ATG;rbs_motif=AGGAG;rbs_spacer=5-10bp;gc_cont=0.609,97.3,680,332,1.41e-249,333,1,332,1,332,mobileOG_000281481,traU,WP_142816494.1,transfer,conjugation,Plasmid RefSeq,Homology,NODE_12_length_92919_cov_49.446177_26, 31405 # 32403 # -1 , 31405,32403,-1 ,12_26,12,26,00,ATG,AGGAG,5-10bp,0.609,NODE_12_length_92919_cov_49.446177,mobileOG_000281481_NODE_12_length_92919_cov_49.446177
488,mobileOG_000349451|traW|WP_042785929.1|transfer|conjugation|Multiple|Homology,NODE_12_length_92919_cov_49.446177_28 # 32789 # 33424 # -1 # ID=12_28;partial=00;start_type=ATG;rbs_motif=AGGAG;rbs_spacer=5-10bp;gc_cont=0.638,97.6,410,211,4.47e-147,212,1,211,1,211,mobileOG_000349451,traW,WP_042785929.1,transfer,conjugation,Multiple,Homology,NODE_12_length_92919_cov_49.446177_28, 32789 # 33424 # -1 , 32789,33424,-1 ,12_28,12,28,00,ATG,AGGAG,5-10bp,0.638,NODE_12_length_92919_cov_49.446177,mobileOG_000349451_NODE_12_length_92919_cov_49.446177
489,mobileOG_000340466|traW|WP_142816496.1|transfer|conjugation|Plasmid RefSeq|Homology,NODE_12_length_92919_cov_49.446177_28 # 32789 # 33424 # -1 # ID=12_28;partial=00;start_type=ATG;rbs_motif=AGGAG;rbs_spacer=5-10bp;gc_cont=0.638,97.2,409,211,1.82e-146,212,1,211,1,211,mobileOG_000340466,traW,WP_142816496.1,transfer,conjugation,Plasmid RefSeq,Homology,NODE_12_length_92919_cov_49.446177_28, 32789 # 33424 # -1 , 32789,33424,-1 ,12_28,12,28,00,ATG,AGGAG,5-10bp,0.638,NODE_12_length_92919_cov_49.446177,mobileOG_000340466_NODE_12_length_92919_cov_49.446177
490,mobileOG_000352390|traW|WP_153303178.1|transfer|conjugation|Multiple|Homology,NODE_12_length_92919_cov_49.446177_28 # 32789 # 33424 # -1 # ID=12_28;partial=00;start_type=ATG;rbs_motif=AGGAG;rbs_spacer=5-10bp;gc_cont=0.638,95.7,407,211,1.50e-145,212,1,211,1,211,mobileOG_000352390,traW,WP_153303178.1,transfer,conjugation,Multiple,Homology,NODE_12_length_92919_cov_49.446177_28, 32789 # 33424 # -1 , 32789,33424,-1 ,12_28,12,28,00,ATG,AGGAG,5-10bp,0.638,NODE_12_length_92919_cov_49.446177,mobileOG_000352390_NODE_12_length_92919_cov_49.446177
491,mobileOG_000285690|traW|WP_142106071.1|transfer|conjugation|Plasmid RefSeq|Homology,NODE_12_length_92919_cov_49.446177_28 # 32789 # 33424 # -1 # ID=12_28;partial=00;start_type=ATG;rbs_motif=AGGAG;rbs_spacer=5-10bp;gc_cont=0.638,95.7,406,211,2.13e-145,212,1,211,1,211,mobileOG_000285690,traW,WP_142106071.1,transfer,conjugation,Plasmid RefSeq,Homology,NODE_12_length_92919_cov_49.446177_28, 32789 # 33424 # -1 , 32789,33424,-1 ,12_28,12,28,00,ATG,AGGAG,5-10bp,0.638,NODE_12_length_92919_cov_49.446177,mobileOG_000285690_NODE_12_length_92919_cov_49.446177
492,mobileOG_000284087|traW|A0A1C3HN28|transfer|conjugation|Plasmid RefSeq|Homology,NODE_12_length_92919_cov_49.446177_28 # 32789 # 33424 # -1 # ID=12_28;partial=00;start_type=ATG;rbs_motif=AGGAG;rbs_spacer=5-10bp;gc_cont=0.638,94.8,400,211,4.11e-143,212,1,211,1,211,mobileOG_000284087,traW,A0A1C3HN28,transfer,conjugation,Plasmid RefSeq,Homology,NODE_12_length_92919_cov_49.446177_28, 32789 # 33424 # -1 , 32789,33424,-1 ,12_28,12,28,00,ATG,AGGAG,5-10bp,0.638,NODE_12_length_92919_cov_49.446177,mobileOG_000284087_NODE_12_length_92919_cov_49.446177
493,mobileOG_000281977|traW|WP_142106071.1|transfer|conjugation|Plasmid RefSeq|Homology,NODE_12_length_92919_cov_49.446177_28 # 32789 # 33424 # -1 # ID=12_28;partial=00;start_type=ATG;rbs_motif=AGGAG;rbs_spacer=5-10bp;gc_cont=0.638,94.8,399,212,1.22e-142,212,2,212,1,211,mobileOG_000281977,traW,WP_142106071.1,transfer,conjugation,Plasmid RefSeq,Homology,NODE_12_length_92919_cov_49.446177_28, 32789 # 33424 # -1 , 32789,33424,-1 ,12_28,12,28,00,ATG,AGGAG,5-10bp,0.638,NODE_12_length_92919_cov_49.446177,mobileOG_000281977_NODE_12_length_92919_cov_49.446177
494,mobileOG_000340118|traW|WP_142076383.1|transfer|conjugation|Plasmid RefSeq|Homology,NODE_12_length_92919_cov_49.446177_28 # 32789 # 33424 # -1 # ID=12_28;partial=00;start_type=ATG;rbs_motif=AGGAG;rbs_spacer=5-10bp;gc_cont=0.638,94.7,398,220,4.67e-142,212,1,209,1,209,mobileOG_000340118,traW,WP_142076383.1,transfer,conjugation,Plasmid RefSeq,Homology,NODE_12_length_92919_cov_49.446177_28, 32789 # 33424 # -1 , 32789,33424,-1 ,12_28,12,28,00,ATG,AGGAG,5-10bp,0.638,NODE_12_length_92919_cov_49.446177,mobileOG_000340118_NODE_12_length_92919_cov_49.446177
495,mobileOG_000059474|traW|A0A379XZX5|transfer|conjugation|COMPASS|Homology,NODE_12_length_92919_cov_49.446177_28 # 32789 # 33424 # -1 # ID=12_28;partial=00;start_type=ATG;rbs_motif=AGGAG;rbs_spacer=5-10bp;gc_cont=0.638,93.7,384,216,2.51e-136,212,12,216,7,211,mobileOG_000059474,traW,A0A379XZX5,transfer,conjugation,COMPASS,Homology,NODE_12_length_92919_cov_49.446177_28, 32789 # 33424 # -1 , 32789,33424,-1 ,12_28,12,28,00,ATG,AGGAG,5-10bp,0.638,NODE_12_length_92919_cov_49.446177,mobileOG_000059474_NODE_12_length_92919_cov_49.446177
496,mobileOG_000284100|traW|A0A1C3HNA9|transfer|conjugation|Plasmid RefSeq|Homology,NODE_12_length_92919_cov_49.446177_28 # 32789 # 33424 # -1 # ID=12_28;partial=00;start_type=ATG;rbs_motif=AGGAG;rbs_spacer=5-10bp;gc_cont=0.638,96.4,381,196,1.43e-135,212,1,196,16,211,mobileOG_000284100,traW,A0A1C3HNA9,transfer,conjugation,Plasmid RefSeq,Homology,NODE_12_length_92919_cov_49.446177_28, 32789 # 33424 # -1 , 32789,33424,-1 ,12_28,12,28,00,ATG,AGGAG,5-10bp,0.638,NODE_12_length_92919_cov_49.446177,mobileOG_000284100_NODE_12_length_92919_cov_49.446177
497,mobileOG_000328021|traW|WP_042706899.1|transfer|conjugation|Plasmid RefSeq|Homology,NODE_12_length_92919_cov_49.446177_28 # 32789 # 33424 # -1 # ID=12_28;partial=00;start_type=ATG;rbs_motif=AGGAG;rbs_spacer=5-10bp;gc_cont=0.638,95.9,380,196,4.11e-135,212,1,196,16,211,mobileOG_000328021,traW,WP_042706899.1,transfer,conjugation,Plasmid RefSeq,Homology,NODE_12_length_92919_cov_49.446177_28, 32789 # 33424 # -1 , 32789,33424,-1 ,12_28,12,28,00,ATG,AGGAG,5-10bp,0.638,NODE_12_length_92919_cov_49.446177,mobileOG_000328021_NODE_12_length_92919_cov_49.446177
498,mobileOG_000326002|traW|WP_126502375.1|transfer|conjugation|Plasmid RefSeq|Homology,NODE_12_length_92919_cov_49.446177_28 # 32789 # 33424 # -1 # ID=12_28;partial=00;start_type=ATG;rbs_motif=AGGAG;rbs_spacer=5-10bp;gc_cont=0.638,95.9,379,196,5.84e-135,212,1,196,16,211,mobileOG_000326002,traW,WP_126502375.1,transfer,conjugation,Plasmid RefSeq,Homology,NODE_12_length_92919_cov_49.446177_28, 32789 # 33424 # -1 , 32789,33424,-1 ,12_28,12,28,00,ATG,AGGAG,5-10bp,0.638,NODE_12_length_92919_cov_49.446177,mobileOG_000326002_NODE_12_length_92919_cov_49.446177
499,mobileOG_000328084|traW|WP_110147684.1|transfer|conjugation|Plasmid RefSeq|Homology,NODE_12_length_92919_cov_49.446177_28 # 32789 # 33424 # -1 # ID=12_28;partial=00;start_type=ATG;rbs_motif=AGGAG;rbs_spacer=5-10bp;gc_cont=0.638,95.4,378,196,1.67e-134,212,1,196,16,211,mobileOG_000328084,traW,WP_110147684.1,transfer,conjugation,Plasmid RefSeq,Homology,NODE_12_length_92919_cov_49.446177_28, 32789 # 33424 # -1 , 32789,33424,-1 ,12_28,12,28,00,ATG,AGGAG,5-10bp,0.638,NODE_12_length_92919_cov_49.446177,mobileOG_000328084_NODE_12_length_92919_cov_49.446177
500,mobileOG_000023777|trbI|A0A5C7CPY0|transfer|conjugation|Plasmid RefSeq|Manual,NODE_12_length_92919_cov_49.446177_30 # 34353 # 34772 # -1 # ID=12_30;partial=00;start_type=ATG;rbs_motif=GGAGG;rbs_spacer=5-10bp;gc_cont=0.610,97.8,258,139,4.64e-89,140,1,138,1,138,mobileOG_000023777,trbI,A0A5C7CPY0,transfer,conjugation,Plasmid RefSeq,Manual,NODE_12_length_92919_cov_49.446177_30, 34353 # 34772 # -1 , 34353,34772,-1 ,12_30,12,30,00,ATG,GGAGG,5-10bp,0.610,NODE_12_length_92919_cov_49.446177,mobileOG_000023777_NODE_12_length_92919_cov_49.446177
501,mobileOG_000331343|trbI|WP_079007680.1|transfer|conjugation|Multiple|Homology,NODE_12_length_92919_cov_49.446177_30 # 34353 # 34772 # -1 # ID=12_30;partial=00;start_type=ATG;rbs_motif=GGAGG;rbs_spacer=5-10bp;gc_cont=0.610,97.1,257,139,1.33e-88,140,1,139,1,139,mobileOG_000331343,trbI,WP_079007680.1,transfer,conjugation,Multiple,Homology,NODE_12_length_92919_cov_49.446177_30, 34353 # 34772 # -1 , 34353,34772,-1 ,12_30,12,30,00,ATG,GGAGG,5-10bp,0.610,NODE_12_length_92919_cov_49.446177,mobileOG_000331343_NODE_12_length_92919_cov_49.446177
502,mobileOG_000024142|trbI|A0A5C7CPY0|transfer|conjugation|Plasmid RefSeq|Manual,NODE_12_length_92919_cov_49.446177_30 # 34353 # 34772 # -1 # ID=12_30;partial=00;start_type=ATG;rbs_motif=GGAGG;rbs_spacer=5-10bp;gc_cont=0.610,95.0,256,171,1.12e-87,140,33,171,1,139,mobileOG_000024142,trbI,A0A5C7CPY0,transfer,conjugation,Plasmid RefSeq,Manual,NODE_12_length_92919_cov_49.446177_30, 34353 # 34772 # -1 , 34353,34772,-1 ,12_30,12,30,00,ATG,GGAGG,5-10bp,0.610,NODE_12_length_92919_cov_49.446177,mobileOG_000024142_NODE_12_length_92919_cov_49.446177
503,mobileOG_000340119|trbI|WP_142076379.1|transfer|conjugation|Plasmid RefSeq|Homology,NODE_12_length_92919_cov_49.446177_30 # 34353 # 34772 # -1 # ID=12_30;partial=00;start_type=ATG;rbs_motif=GGAGG;rbs_spacer=5-10bp;gc_cont=0.610,95.0,251,139,1.81e-86,140,1,139,1,139,mobileOG_000340119,trbI,WP_142076379.1,transfer,conjugation,Plasmid RefSeq,Homology,NODE_12_length_92919_cov_49.446177_30, 34353 # 34772 # -1 , 34353,34772,-1 ,12_30,12,30,00,ATG,GGAGG,5-10bp,0.610,NODE_12_length_92919_cov_49.446177,mobileOG_000340119_NODE_12_length_92919_cov_49.446177
504,mobileOG_000340474|trbI|WP_142816498.1|transfer|conjugation|Plasmid RefSeq|Homology,NODE_12_length_92919_cov_49.446177_30 # 34353 # 34772 # -1 # ID=12_30;partial=00;start_type=ATG;rbs_motif=GGAGG;rbs_spacer=5-10bp;gc_cont=0.610,94.2,250,139,7.39e-86,140,1,139,1,139,mobileOG_000340474,trbI,WP_142816498.1,transfer,conjugation,Plasmid RefSeq,Homology,NODE_12_length_92919_cov_49.446177_30, 34353 # 34772 # -1 , 34353,34772,-1 ,12_30,12,30,00,ATG,GGAGG,5-10bp,0.610,NODE_12_length_92919_cov_49.446177,mobileOG_000340474_NODE_12_length_92919_cov_49.446177
505,mobileOG_000350384|trbI|WP_084587994.1|transfer|conjugation|Multiple|Homology,NODE_12_length_92919_cov_49.446177_30 # 34353 # 34772 # -1 # ID=12_30;partial=00;start_type=ATG;rbs_motif=GGAGG;rbs_spacer=5-10bp;gc_cont=0.610,94.2,249,139,2.12e-85,140,1,139,1,139,mobileOG_000350384,trbI,WP_084587994.1,transfer,conjugation,Multiple,Homology,NODE_12_length_92919_cov_49.446177_30, 34353 # 34772 # -1 , 34353,34772,-1 ,12_30,12,30,00,ATG,GGAGG,5-10bp,0.610,NODE_12_length_92919_cov_49.446177,mobileOG_000350384_NODE_12_length_92919_cov_49.446177
506,mobileOG_000340382|traC|WP_042785931.1|transfer|conjugation|Multiple|Homology,NODE_12_length_92919_cov_49.446177_31 # 34769 # 37399 # -1 # ID=12_31;partial=00;start_type=ATG;rbs_motif=GGAG/GAGG;rbs_spacer=5-10bp;gc_cont=0.582,98.4,1712,876,0.0,877,1,876,1,876,mobileOG_000340382,traC,WP_042785931.1,transfer,conjugation,Multiple,Homology,NODE_12_length_92919_cov_49.446177_31, 34769 # 37399 # -1 , 34769,37399,-1 ,12_31,12,31,00,ATG,GGAG/GAGG,5-10bp,0.582,NODE_12_length_92919_cov_49.446177,mobileOG_000340382_NODE_12_length_92919_cov_49.446177
507,mobileOG_000329132|traC|WP_060560512.1|transfer|conjugation|Multiple|Homology,NODE_12_length_92919_cov_49.446177_31 # 34769 # 37399 # -1 # ID=12_31;partial=00;start_type=ATG;rbs_motif=GGAG/GAGG;rbs_spacer=5-10bp;gc_cont=0.582,98.4,1712,876,0.0,877,1,876,1,876,mobileOG_000329132,traC,WP_060560512.1,transfer,conjugation,Multiple,Homology,NODE_12_length_92919_cov_49.446177_31, 34769 # 37399 # -1 , 34769,37399,-1 ,12_31,12,31,00,ATG,GGAG/GAGG,5-10bp,0.582,NODE_12_length_92919_cov_49.446177,mobileOG_000329132_NODE_12_length_92919_cov_49.446177
508,mobileOG_000329852|traC|WP_042785931.1|transfer|conjugation|Plasmid RefSeq|Homology,NODE_12_length_92919_cov_49.446177_31 # 34769 # 37399 # -1 # ID=12_31;partial=00;start_type=ATG;rbs_motif=GGAG/GAGG;rbs_spacer=5-10bp;gc_cont=0.582,98.4,1712,876,0.0,877,1,876,1,876,mobileOG_000329852,traC,WP_042785931.1,transfer,conjugation,Plasmid RefSeq,Homology,NODE_12_length_92919_cov_49.446177_31, 34769 # 37399 # -1 , 34769,37399,-1 ,12_31,12,31,00,ATG,GGAG/GAGG,5-10bp,0.582,NODE_12_length_92919_cov_49.446177,mobileOG_000329852_NODE_12_length_92919_cov_49.446177
509,mobileOG_000371686|traB|WP_142816501.1|transfer|conjugation|Plasmid RefSeq|Homology,NODE_12_length_92919_cov_49.446177_35 # 38628 # 40004 # -1 # ID=12_35;partial=00;start_type=ATG;rbs_motif=GGAGG;rbs_spacer=5-10bp;gc_cont=0.611,96.1,842,465,3.32e-309,459,1,465,1,458,mobileOG_000371686,traB,WP_142816501.1,transfer,conjugation,Plasmid RefSeq,Homology,NODE_12_length_92919_cov_49.446177_35, 38628 # 40004 # -1 , 38628,40004,-1 ,12_35,12,35,00,ATG,GGAGG,5-10bp,0.611,NODE_12_length_92919_cov_49.446177,mobileOG_000371686_NODE_12_length_92919_cov_49.446177
510,mobileOG_000371512|traB|WP_060560515.1|transfer|conjugation|Multiple|Homology,NODE_12_length_92919_cov_49.446177_35 # 38628 # 40004 # -1 # ID=12_35;partial=00;start_type=ATG;rbs_motif=GGAGG;rbs_spacer=5-10bp;gc_cont=0.611,94.3,823,466,7.09e-302,459,1,466,1,458,mobileOG_000371512,traB,WP_060560515.1,transfer,conjugation,Multiple,Homology,NODE_12_length_92919_cov_49.446177_35, 38628 # 40004 # -1 , 38628,40004,-1 ,12_35,12,35,00,ATG,GGAGG,5-10bp,0.611,NODE_12_length_92919_cov_49.446177,mobileOG_000371512_NODE_12_length_92919_cov_49.446177
511,mobileOG_000284083|traB|A0A1C3HN16|transfer|conjugation|Plasmid RefSeq|Homology,NODE_12_length_92919_cov_49.446177_35 # 38628 # 40004 # -1 # ID=12_35;partial=00;start_type=ATG;rbs_motif=GGAGG;rbs_spacer=5-10bp;gc_cont=0.611,93.0,819,466,3.36e-300,459,1,466,1,458,mobileOG_000284083,traB,A0A1C3HN16,transfer,conjugation,Plasmid RefSeq,Homology,NODE_12_length_92919_cov_49.446177_35, 38628 # 40004 # -1 , 38628,40004,-1 ,12_35,12,35,00,ATG,GGAGG,5-10bp,0.611,NODE_12_length_92919_cov_49.446177,mobileOG_000284083_NODE_12_length_92919_cov_49.446177
512,mobileOG_000281482|traB|A0A1C3HN16|transfer|conjugation|Plasmid RefSeq|Homology,NODE_12_length_92919_cov_49.446177_35 # 38628 # 40004 # -1 # ID=12_35;partial=00;start_type=ATG;rbs_motif=GGAGG;rbs_spacer=5-10bp;gc_cont=0.611,93.1,806,464,2.34e-295,459,1,459,1,451,mobileOG_000281482,traB,A0A1C3HN16,transfer,conjugation,Plasmid RefSeq,Homology,NODE_12_length_92919_cov_49.446177_35, 38628 # 40004 # -1 , 38628,40004,-1 ,12_35,12,35,00,ATG,GGAGG,5-10bp,0.611,NODE_12_length_92919_cov_49.446177,mobileOG_000281482_NODE_12_length_92919_cov_49.446177
513,mobileOG_000371480|traB|WP_042785935.1|transfer|conjugation|Multiple|Homology,NODE_12_length_92919_cov_49.446177_35 # 38628 # 40004 # -1 # ID=12_35;partial=00;start_type=ATG;rbs_motif=GGAGG;rbs_spacer=5-10bp;gc_cont=0.611,92.6,804,465,2.83e-294,459,1,465,1,458,mobileOG_000371480,traB,WP_042785935.1,transfer,conjugation,Multiple,Homology,NODE_12_length_92919_cov_49.446177_35, 38628 # 40004 # -1 , 38628,40004,-1 ,12_35,12,35,00,ATG,GGAGG,5-10bp,0.611,NODE_12_length_92919_cov_49.446177,mobileOG_000371480_NODE_12_length_92919_cov_49.446177
514,mobileOG_000348019|traK|WP_142076373.1|transfer|conjugation|Plasmid RefSeq|Homology,NODE_12_length_92919_cov_49.446177_36 # 40004 # 40732 # -1 # ID=12_36;partial=00;start_type=ATG;rbs_motif=GGAG/GAGG;rbs_spacer=5-10bp;gc_cont=0.609,99.2,480,242,1.23e-173,243,1,241,1,241,mobileOG_000348019,traK,WP_142076373.1,transfer,conjugation,Plasmid RefSeq,Homology,NODE_12_length_92919_cov_49.446177_36, 40004 # 40732 # -1 , 40004,40732,-1 ,12_36,12,36,00,ATG,GGAG/GAGG,5-10bp,0.609,NODE_12_length_92919_cov_49.446177,mobileOG_000348019_NODE_12_length_92919_cov_49.446177
515,mobileOG_000284082|traK|A0A1C3HN42|transfer|conjugation|Plasmid RefSeq|Homology,NODE_12_length_92919_cov_49.446177_36 # 40004 # 40732 # -1 # ID=12_36;partial=00;start_type=ATG;rbs_motif=GGAG/GAGG;rbs_spacer=5-10bp;gc_cont=0.609,98.8,478,242,7.09e-173,243,1,241,1,241,mobileOG_000284082,traK,A0A1C3HN42,transfer,conjugation,Plasmid RefSeq,Homology,NODE_12_length_92919_cov_49.446177_36, 40004 # 40732 # -1 , 40004,40732,-1 ,12_36,12,36,00,ATG,GGAG/GAGG,5-10bp,0.609,NODE_12_length_92919_cov_49.446177,mobileOG_000284082_NODE_12_length_92919_cov_49.446177
516,mobileOG_000281973|traK|WP_142076373.1|transfer|conjugation|Plasmid RefSeq|Homology,NODE_12_length_92919_cov_49.446177_36 # 40004 # 40732 # -1 # ID=12_36;partial=00;start_type=ATG;rbs_motif=GGAG/GAGG;rbs_spacer=5-10bp;gc_cont=0.609,97.5,473,242,6.81e-171,243,1,241,1,241,mobileOG_000281973,traK,WP_142076373.1,transfer,conjugation,Plasmid RefSeq,Homology,NODE_12_length_92919_cov_49.446177_36, 40004 # 40732 # -1 , 40004,40732,-1 ,12_36,12,36,00,ATG,GGAG/GAGG,5-10bp,0.609,NODE_12_length_92919_cov_49.446177,mobileOG_000281973_NODE_12_length_92919_cov_49.446177
517,mobileOG_000354459|traK|WP_042785936.1|transfer|conjugation|Multiple|Homology,NODE_12_length_92919_cov_49.446177_36 # 40004 # 40732 # -1 # ID=12_36;partial=00;start_type=ATG;rbs_motif=GGAG/GAGG;rbs_spacer=5-10bp;gc_cont=0.609,97.5,471,242,3.94e-170,243,1,241,1,241,mobileOG_000354459,traK,WP_042785936.1,transfer,conjugation,Multiple,Homology,NODE_12_length_92919_cov_49.446177_36, 40004 # 40732 # -1 , 40004,40732,-1 ,12_36,12,36,00,ATG,GGAG/GAGG,5-10bp,0.609,NODE_12_length_92919_cov_49.446177,mobileOG_000354459_NODE_12_length_92919_cov_49.446177
518,mobileOG_000347957|traK|WP_060560516.1|transfer|conjugation|Multiple|Homology,NODE_12_length_92919_cov_49.446177_36 # 40004 # 40732 # -1 # ID=12_36;partial=00;start_type=ATG;rbs_motif=GGAG/GAGG;rbs_spacer=5-10bp;gc_cont=0.609,95.9,462,242,1.79e-166,243,1,241,1,241,mobileOG_000347957,traK,WP_060560516.1,transfer,conjugation,Multiple,Homology,NODE_12_length_92919_cov_49.446177_36, 40004 # 40732 # -1 , 40004,40732,-1 ,12_36,12,36,00,ATG,GGAG/GAGG,5-10bp,0.609,NODE_12_length_92919_cov_49.446177,mobileOG_000347957_NODE_12_length_92919_cov_49.446177
519,mobileOG_000026059|traE|A0A5C7BTT4|transfer|conjugation|Plasmid RefSeq|Manual,NODE_12_length_92919_cov_49.446177_37 # 40722 # 41285 # -1 # ID=12_37;partial=00;start_type=ATG;rbs_motif=GGA/GAG/AGG;rbs_spacer=5-10bp;gc_cont=0.539,100,344,187,1.20e-121,188,1,187,1,187,mobileOG_000026059,traE,A0A5C7BTT4,transfer,conjugation,Plasmid RefSeq,Manual,NODE_12_length_92919_cov_49.446177_37, 40722 # 41285 # -1 , 40722,41285,-1 ,12_37,12,37,00,ATG,GGA/GAG/AGG,5-10bp,0.539,NODE_12_length_92919_cov_49.446177,mobileOG_000026059_NODE_12_length_92919_cov_49.446177
520,mobileOG_000333277|traE|WP_060560517.1|transfer|conjugation|Multiple|Homology,NODE_12_length_92919_cov_49.446177_37 # 40722 # 41285 # -1 # ID=12_37;partial=00;start_type=ATG;rbs_motif=GGA/GAG/AGG;rbs_spacer=5-10bp;gc_cont=0.539,98.4,339,187,1.15e-119,188,1,187,1,187,mobileOG_000333277,traE,WP_060560517.1,transfer,conjugation,Multiple,Homology,NODE_12_length_92919_cov_49.446177_37, 40722 # 41285 # -1 , 40722,41285,-1 ,12_37,12,37,00,ATG,GGA/GAG/AGG,5-10bp,0.539,NODE_12_length_92919_cov_49.446177,mobileOG_000333277_NODE_12_length_92919_cov_49.446177
521,mobileOG_000284080|traE|A0A1C3HN17|transfer|conjugation|Plasmid RefSeq|Homology,NODE_12_length_92919_cov_49.446177_37 # 40722 # 41285 # -1 # ID=12_37;partial=00;start_type=ATG;rbs_motif=GGA/GAG/AGG;rbs_spacer=5-10bp;gc_cont=0.539,98.9,339,187,1.64e-119,188,1,187,1,187,mobileOG_000284080,traE,A0A1C3HN17,transfer,conjugation,Plasmid RefSeq,Homology,NODE_12_length_92919_cov_49.446177_37, 40722 # 41285 # -1 , 40722,41285,-1 ,12_37,12,37,00,ATG,GGA/GAG/AGG,5-10bp,0.539,NODE_12_length_92919_cov_49.446177,mobileOG_000284080_NODE_12_length_92919_cov_49.446177
522,mobileOG_000331556|traE|WP_042785938.1|transfer|conjugation|Multiple|Homology,NODE_12_length_92919_cov_49.446177_37 # 40722 # 41285 # -1 # ID=12_37;partial=00;start_type=ATG;rbs_motif=GGA/GAG/AGG;rbs_spacer=5-10bp;gc_cont=0.539,98.4,337,187,6.66e-119,188,1,187,1,187,mobileOG_000331556,traE,WP_042785938.1,transfer,conjugation,Multiple,Homology,NODE_12_length_92919_cov_49.446177_37, 40722 # 41285 # -1 , 40722,41285,-1 ,12_37,12,37,00,ATG,GGA/GAG/AGG,5-10bp,0.539,NODE_12_length_92919_cov_49.446177,mobileOG_000331556_NODE_12_length_92919_cov_49.446177
523,mobileOG_000340151|traE|WP_142076371.1|transfer|conjugation|Plasmid RefSeq|Homology,NODE_12_length_92919_cov_49.446177_37 # 40722 # 41285 # -1 # ID=12_37;partial=00;start_type=ATG;rbs_motif=GGA/GAG/AGG;rbs_spacer=5-10bp;gc_cont=0.539,95.7,328,187,2.14e-115,188,1,187,1,187,mobileOG_000340151,traE,WP_142076371.1,transfer,conjugation,Plasmid RefSeq,Homology,NODE_12_length_92919_cov_49.446177_37, 40722 # 41285 # -1 , 40722,41285,-1 ,12_37,12,37,00,ATG,GGA/GAG/AGG,5-10bp,0.539,NODE_12_length_92919_cov_49.446177,mobileOG_000340151_NODE_12_length_92919_cov_49.446177
524,mobileOG_000062244|traL|WP_042785939.1|transfer|conjugation|Multiple|Homology,NODE_12_length_92919_cov_49.446177_38 # 41296 # 41601 # -1 # ID=12_38;partial=00;start_type=ATG;rbs_motif=GGxGG;rbs_spacer=3-4bp;gc_cont=0.480,99.0,220,101,2.46e-75,102,1,101,1,101,mobileOG_000062244,traL,WP_042785939.1,transfer,conjugation,Multiple,Homology,NODE_12_length_92919_cov_49.446177_38, 41296 # 41601 # -1 , 41296,41601,-1 ,12_38,12,38,00,ATG,GGxGG,3-4bp,0.480,NODE_12_length_92919_cov_49.446177,mobileOG_000062244_NODE_12_length_92919_cov_49.446177
525,mobileOG_000334358|traL|A0A1C3HN19|transfer|conjugation|Plasmid RefSeq|Homology,NODE_12_length_92919_cov_49.446177_38 # 41296 # 41601 # -1 # ID=12_38;partial=00;start_type=ATG;rbs_motif=GGxGG;rbs_spacer=3-4bp;gc_cont=0.480,98.0,219,101,1.01e-74,102,1,101,1,101,mobileOG_000334358,traL,A0A1C3HN19,transfer,conjugation,Plasmid RefSeq,Homology,NODE_12_length_92919_cov_49.446177_38, 41296 # 41601 # -1 , 41296,41601,-1 ,12_38,12,38,00,ATG,GGxGG,3-4bp,0.480,NODE_12_length_92919_cov_49.446177,mobileOG_000334358_NODE_12_length_92919_cov_49.446177
526,mobileOG_000330549|traL|WP_042785940.1|transfer|conjugation|Multiple|Homology,NODE_12_length_92919_cov_49.446177_39 # 41613 # 41975 # -1 # ID=12_39;partial=00;start_type=ATG;rbs_motif=AGGA;rbs_spacer=5-10bp;gc_cont=0.548,99.2,214,120,2.76e-72,121,1,120,1,120,mobileOG_000330549,traL,WP_042785940.1,transfer,conjugation,Multiple,Homology,NODE_12_length_92919_cov_49.446177_39, 41613 # 41975 # -1 , 41613,41975,-1 ,12_39,12,39,00,ATG,AGGA,5-10bp,0.548,NODE_12_length_92919_cov_49.446177,mobileOG_000330549_NODE_12_length_92919_cov_49.446177
527,mobileOG_000284081|traL|A0A1C3HN37|transfer|conjugation|Plasmid RefSeq|Homology,NODE_12_length_92919_cov_49.446177_39 # 41613 # 41975 # -1 # ID=12_39;partial=00;start_type=ATG;rbs_motif=AGGA;rbs_spacer=5-10bp;gc_cont=0.548,99.2,214,120,2.76e-72,121,1,120,1,120,mobileOG_000284081,traL,A0A1C3HN37,transfer,conjugation,Plasmid RefSeq,Homology,NODE_12_length_92919_cov_49.446177_39, 41613 # 41975 # -1 , 41613,41975,-1 ,12_39,12,39,00,ATG,AGGA,5-10bp,0.548,NODE_12_length_92919_cov_49.446177,mobileOG_000284081_NODE_12_length_92919_cov_49.446177
528,mobileOG_000326622|traL|WP_142076368.1|transfer|conjugation|Plasmid RefSeq|Homology,NODE_12_length_92919_cov_49.446177_39 # 41613 # 41975 # -1 # ID=12_39;partial=00;start_type=ATG;rbs_motif=AGGA;rbs_spacer=5-10bp;gc_cont=0.548,93.4,202,121,2.16e-67,121,1,121,1,120,mobileOG_000326622,traL,WP_142076368.1,transfer,conjugation,Plasmid RefSeq,Homology,NODE_12_length_92919_cov_49.446177_39, 41613 # 41975 # -1 , 41613,41975,-1 ,12_39,12,39,00,ATG,AGGA,5-10bp,0.548,NODE_12_length_92919_cov_49.446177,mobileOG_000326622_NODE_12_length_92919_cov_49.446177
529,mobileOG_000340120|traL|WP_142076368.1|transfer|conjugation|Plasmid RefSeq|Homology,NODE_12_length_92919_cov_49.446177_39 # 41613 # 41975 # -1 # ID=12_39;partial=00;start_type=ATG;rbs_motif=AGGA;rbs_spacer=5-10bp;gc_cont=0.548,93.4,202,121,2.16e-67,121,1,121,1,120,mobileOG_000340120,traL,WP_142076368.1,transfer,conjugation,Plasmid RefSeq,Homology,NODE_12_length_92919_cov_49.446177_39, 41613 # 41975 # -1 , 41613,41975,-1 ,12_39,12,39,00,ATG,AGGA,5-10bp,0.548,NODE_12_length_92919_cov_49.446177,mobileOG_000340120_NODE_12_length_92919_cov_49.446177
530,mobileOG_000325769|traL|WP_060560518.1|transfer|conjugation|Multiple|Homology,NODE_12_length_92919_cov_49.446177_39 # 41613 # 41975 # -1 # ID=12_39;partial=00;start_type=ATG;rbs_motif=AGGA;rbs_spacer=5-10bp;gc_cont=0.548,91.7,199,121,2.52e-66,121,1,121,1,120,mobileOG_000325769,traL,WP_060560518.1,transfer,conjugation,Multiple,Homology,NODE_12_length_92919_cov_49.446177_39, 41613 # 41975 # -1 , 41613,41975,-1 ,12_39,12,39,00,ATG,AGGA,5-10bp,0.548,NODE_12_length_92919_cov_49.446177,mobileOG_000325769_NODE_12_length_92919_cov_49.446177
531,mobileOG_000356503|traY|WP_094141473.1|transfer|conjugation|Plasmid RefSeq|Homology,NODE_12_length_92919_cov_49.446177_40 # 42089 # 42286 # -1 # ID=12_40;partial=00;start_type=ATG;rbs_motif=GGA/GAG/AGG;rbs_spacer=5-10bp;gc_cont=0.434,100,122,65,1.09e-37,66,1,65,1,65,mobileOG_000356503,traY,WP_094141473.1,transfer,conjugation,Plasmid RefSeq,Homology,NODE_12_length_92919_cov_49.446177_40, 42089 # 42286 # -1 , 42089,42286,-1 ,12_40,12,40,00,ATG,GGA/GAG/AGG,5-10bp,0.434,NODE_12_length_92919_cov_49.446177,mobileOG_000356503_NODE_12_length_92919_cov_49.446177
532,"mobileOG_000023765|traM|D4EA62|transfer|conjugation,relaxosome|Plasmid RefSeq|Manual",NODE_12_length_92919_cov_49.446177_43 # 43944 # 44324 # -1 # ID=12_43;partial=00;start_type=ATG;rbs_motif=GGA/GAG/AGG;rbs_spacer=11-12bp;gc_cont=0.375,97.6,231,128,1.27e-78,127,1,126,1,126,mobileOG_000023765,traM,D4EA62,transfer,"conjugation,relaxosome",Plasmid RefSeq,Manual,NODE_12_length_92919_cov_49.446177_43, 43944 # 44324 # -1 , 43944,44324,-1 ,12_43,12,43,00,ATG,GGA/GAG/AGG,11-12bp,0.375,NODE_12_length_92919_cov_49.446177,mobileOG_000023765_NODE_12_length_92919_cov_49.446177
533,mobileOG_000739933|NA:Keyword|WP_094141485.1|transfer|NA|Plasmid RefSeq|Keyword Search,NODE_12_length_92919_cov_49.446177_48 # 48333 # 48773 # -1 # ID=12_48;partial=00;start_type=ATG;rbs_motif=None;rbs_spacer=None;gc_cont=0.628,94.5,295,146,1.79e-103,147,1,146,1,146,mobileOG_000739933,NA:Keyword,WP_094141485.1,transfer,NA,Plasmid RefSeq,Keyword Search,NODE_12_length_92919_cov_49.446177_48, 48333 # 48773 # -1 , 48333,48773,-1 ,12_48,12,48,00,ATG,None,None,0.628,NODE_12_length_92919_cov_49.446177,mobileOG_000739933_NODE_12_length_92919_cov_49.446177
534,mobileOG_000739932|NA:Keyword|WP_126502356.1|transfer|partitioning|Plasmid RefSeq|Keyword Search,NODE_12_length_92919_cov_49.446177_49 # 48816 # 50870 # -1 # ID=12_49;partial=00;start_type=ATG;rbs_motif=GGAG/GAGG;rbs_spacer=5-10bp;gc_cont=0.629,92.0,1194,685,0.0,685,1,685,1,684,mobileOG_000739932,NA:Keyword,WP_126502356.1,transfer,partitioning,Plasmid RefSeq,Keyword Search,NODE_12_length_92919_cov_49.446177_49, 48816 # 50870 # -1 , 48816,50870,-1 ,12_49,12,49,00,ATG,GGAG/GAGG,5-10bp,0.629,NODE_12_length_92919_cov_49.446177,mobileOG_000739932_NODE_12_length_92919_cov_49.446177
535,mobileOG_000731012|NA:Keyword|A0A1C3HN75|transfer|partitioning|Plasmid RefSeq|Keyword Search,NODE_12_length_92919_cov_49.446177_49 # 48816 # 50870 # -1 # ID=12_49;partial=00;start_type=ATG;rbs_motif=GGAG/GAGG;rbs_spacer=5-10bp;gc_cont=0.629,91.9,1187,682,0.0,685,1,682,3,684,mobileOG_000731012,NA:Keyword,A0A1C3HN75,transfer,partitioning,Plasmid RefSeq,Keyword Search,NODE_12_length_92919_cov_49.446177_49, 48816 # 50870 # -1 , 48816,50870,-1 ,12_49,12,49,00,ATG,GGAG/GAGG,5-10bp,0.629,NODE_12_length_92919_cov_49.446177,mobileOG_000731012_NODE_12_length_92919_cov_49.446177
536,"mobileOG_000308728|hflC|WP_060560528.1|phage|lysis/lysogeny,regulation|Multiple|Homology",NODE_12_length_92919_cov_49.446177_51 # 52089 # 52331 # -1 # ID=12_51;partial=00;start_type=ATG;rbs_motif=GGAG/GAGG;rbs_spacer=5-10bp;gc_cont=0.519,97.5,154,80,6.71e-50,81,1,80,1,80,mobileOG_000308728,hflC,WP_060560528.1,phage,"lysis/lysogeny,regulation",Multiple,Homology,NODE_12_length_92919_cov_49.446177_51, 52089 # 52331 # -1 , 52089,52331,-1 ,12_51,12,51,00,ATG,GGAG/GAGG,5-10bp,0.519,NODE_12_length_92919_cov_49.446177,mobileOG_000308728_NODE_12_length_92919_cov_49.446177
537,"mobileOG_000296389|hflC|A0A542BG62|phage|lysis/lysogeny,regulation|Plasmid RefSeq|Homology",NODE_12_length_92919_cov_49.446177_51 # 52089 # 52331 # -1 # ID=12_51;partial=00;start_type=ATG;rbs_motif=GGAG/GAGG;rbs_spacer=5-10bp;gc_cont=0.519,93.8,149,80,1.31e-47,81,1,80,1,80,mobileOG_000296389,hflC,A0A542BG62,phage,"lysis/lysogeny,regulation",Plasmid RefSeq,Homology,NODE_12_length_92919_cov_49.446177_51, 52089 # 52331 # -1 , 52089,52331,-1 ,12_51,12,51,00,ATG,GGAG/GAGG,5-10bp,0.519,NODE_12_length_92919_cov_49.446177,mobileOG_000296389_NODE_12_length_92919_cov_49.446177
538,"mobileOG_000340338|hflC|WP_142816591.1|phage|lysis/lysogeny,regulation|Plasmid RefSeq|Homology",NODE_12_length_92919_cov_49.446177_51 # 52089 # 52331 # -1 # ID=12_51;partial=00;start_type=ATG;rbs_motif=GGAG/GAGG;rbs_spacer=5-10bp;gc_cont=0.519,92.5,147,80,5.33e-47,81,1,80,1,80,mobileOG_000340338,hflC,WP_142816591.1,phage,"lysis/lysogeny,regulation",Plasmid RefSeq,Homology,NODE_12_length_92919_cov_49.446177_51, 52089 # 52331 # -1 , 52089,52331,-1 ,12_51,12,51,00,ATG,GGAG/GAGG,5-10bp,0.519,NODE_12_length_92919_cov_49.446177,mobileOG_000340338_NODE_12_length_92919_cov_49.446177
539,"mobileOG_000323379|hflC|WP_025862213.1|phage|lysis/lysogeny,regulation|Plasmid RefSeq|Homology",NODE_12_length_92919_cov_49.446177_51 # 52089 # 52331 # -1 # ID=12_51;partial=00;start_type=ATG;rbs_motif=GGAG/GAGG;rbs_spacer=5-10bp;gc_cont=0.519,92.5,147,80,7.57e-47,81,1,80,1,80,mobileOG_000323379,hflC,WP_025862213.1,phage,"lysis/lysogeny,regulation",Plasmid RefSeq,Homology,NODE_12_length_92919_cov_49.446177_51, 52089 # 52331 # -1 , 52089,52331,-1 ,12_51,12,51,00,ATG,GGAG/GAGG,5-10bp,0.519,NODE_12_length_92919_cov_49.446177,mobileOG_000323379_NODE_12_length_92919_cov_49.446177
540,"mobileOG_000286210|hflC|WP_060432386.1|phage|lysis/lysogeny,regulation|Multiple|Homology",NODE_12_length_92919_cov_49.446177_51 # 52089 # 52331 # -1 # ID=12_51;partial=00;start_type=ATG;rbs_motif=GGAG/GAGG;rbs_spacer=5-10bp;gc_cont=0.519,92.5,146,80,1.08e-46,81,1,80,1,80,mobileOG_000286210,hflC,WP_060432386.1,phage,"lysis/lysogeny,regulation",Multiple,Homology,NODE_12_length_92919_cov_49.446177_51, 52089 # 52331 # -1 , 52089,52331,-1 ,12_51,12,51,00,ATG,GGAG/GAGG,5-10bp,0.519,NODE_12_length_92919_cov_49.446177,mobileOG_000286210_NODE_12_length_92919_cov_49.446177
541,"mobileOG_000305368|hflC|WP_089197797.1|phage|lysis/lysogeny,regulation|Multiple|Homology",NODE_12_length_92919_cov_49.446177_51 # 52089 # 52331 # -1 # ID=12_51;partial=00;start_type=ATG;rbs_motif=GGAG/GAGG;rbs_spacer=5-10bp;gc_cont=0.519,92.5,145,80,2.17e-46,81,1,80,1,80,mobileOG_000305368,hflC,WP_089197797.1,phage,"lysis/lysogeny,regulation",Multiple,Homology,NODE_12_length_92919_cov_49.446177_51, 52089 # 52331 # -1 , 52089,52331,-1 ,12_51,12,51,00,ATG,GGAG/GAGG,5-10bp,0.519,NODE_12_length_92919_cov_49.446177,mobileOG_000305368_NODE_12_length_92919_cov_49.446177
542,"mobileOG_000303998|hflC|WP_033641514.1|phage|lysis/lysogeny,regulation|Multiple|Homology",NODE_12_length_92919_cov_49.446177_51 # 52089 # 52331 # -1 # ID=12_51;partial=00;start_type=ATG;rbs_motif=GGAG/GAGG;rbs_spacer=5-10bp;gc_cont=0.519,92.5,145,80,4.39e-46,81,1,80,1,80,mobileOG_000303998,hflC,WP_033641514.1,phage,"lysis/lysogeny,regulation",Multiple,Homology,NODE_12_length_92919_cov_49.446177_51, 52089 # 52331 # -1 , 52089,52331,-1 ,12_51,12,51,00,ATG,GGAG/GAGG,5-10bp,0.519,NODE_12_length_92919_cov_49.446177,mobileOG_000303998_NODE_12_length_92919_cov_49.446177
543,"mobileOG_000289467|hflC|WP_060432386.1|phage|lysis/lysogeny,regulation|Plasmid RefSeq|Homology",NODE_12_length_92919_cov_49.446177_51 # 52089 # 52331 # -1 # ID=12_51;partial=00;start_type=ATG;rbs_motif=GGAG/GAGG;rbs_spacer=5-10bp;gc_cont=0.519,90.0,140,79,2.03e-44,81,1,79,1,80,mobileOG_000289467,hflC,WP_060432386.1,phage,"lysis/lysogeny,regulation",Plasmid RefSeq,Homology,NODE_12_length_92919_cov_49.446177_51, 52089 # 52331 # -1 , 52089,52331,-1 ,12_51,12,51,00,ATG,GGAG/GAGG,5-10bp,0.519,NODE_12_length_92919_cov_49.446177,mobileOG_000289467_NODE_12_length_92919_cov_49.446177
544,mobileOG_000364698|parA|WP_060560529.1|replication/recombination/repair|transfer|Multiple|Homology,NODE_12_length_92919_cov_49.446177_52 # 52334 # 52957 # -1 # ID=12_52;partial=00;start_type=ATG;rbs_motif=AGGAG;rbs_spacer=5-10bp;gc_cont=0.518,100,389,207,1.61e-138,208,1,207,1,207,mobileOG_000364698,parA,WP_060560529.1,replication/recombination/repair,transfer,Multiple,Homology,NODE_12_length_92919_cov_49.446177_52, 52334 # 52957 # -1 , 52334,52957,-1 ,12_52,12,52,00,ATG,AGGAG,5-10bp,0.518,NODE_12_length_92919_cov_49.446177,mobileOG_000364698_NODE_12_length_92919_cov_49.446177
545,mobileOG_000075935|parA|WP_060432385.1|replication/recombination/repair|transfer|Multiple|Homology,NODE_12_length_92919_cov_49.446177_52 # 52334 # 52957 # -1 # ID=12_52;partial=00;start_type=ATG;rbs_motif=AGGAG;rbs_spacer=5-10bp;gc_cont=0.518,96.1,376,207,1.73e-133,208,1,207,1,207,mobileOG_000075935,parA,WP_060432385.1,replication/recombination/repair,transfer,Multiple,Homology,NODE_12_length_92919_cov_49.446177_52, 52334 # 52957 # -1 , 52334,52957,-1 ,12_52,12,52,00,ATG,AGGAG,5-10bp,0.518,NODE_12_length_92919_cov_49.446177,mobileOG_000075935_NODE_12_length_92919_cov_49.446177
546,mobileOG_000289834|parA|A0A5C7D3D2|replication/recombination/repair|transfer|Plasmid RefSeq|Homology,NODE_12_length_92919_cov_49.446177_52 # 52334 # 52957 # -1 # ID=12_52;partial=00;start_type=ATG;rbs_motif=AGGAG;rbs_spacer=5-10bp;gc_cont=0.518,95.7,375,207,4.96e-133,208,1,207,1,207,mobileOG_000289834,parA,A0A5C7D3D2,replication/recombination/repair,transfer,Plasmid RefSeq,Homology,NODE_12_length_92919_cov_49.446177_52, 52334 # 52957 # -1 , 52334,52957,-1 ,12_52,12,52,00,ATG,AGGAG,5-10bp,0.518,NODE_12_length_92919_cov_49.446177,mobileOG_000289834_NODE_12_length_92919_cov_49.446177
547,mobileOG_000362892|parA|WP_025862212.1|replication/recombination/repair|transfer|Plasmid RefSeq|Homology,NODE_12_length_92919_cov_49.446177_52 # 52334 # 52957 # -1 # ID=12_52;partial=00;start_type=ATG;rbs_motif=AGGAG;rbs_spacer=5-10bp;gc_cont=0.518,95.7,375,207,4.96e-133,208,1,207,1,207,mobileOG_000362892,parA,WP_025862212.1,replication/recombination/repair,transfer,Plasmid RefSeq,Homology,NODE_12_length_92919_cov_49.446177_52, 52334 # 52957 # -1 , 52334,52957,-1 ,12_52,12,52,00,ATG,AGGAG,5-10bp,0.518,NODE_12_length_92919_cov_49.446177,mobileOG_000362892_NODE_12_length_92919_cov_49.446177
548,mobileOG_000361589|parA|WP_033641516.1|replication/recombination/repair|transfer|Multiple|Homology,NODE_12_length_92919_cov_49.446177_52 # 52334 # 52957 # -1 # ID=12_52;partial=00;start_type=ATG;rbs_motif=AGGAG;rbs_spacer=5-10bp;gc_cont=0.518,95.7,374,207,1.42e-132,208,1,207,1,207,mobileOG_000361589,parA,WP_033641516.1,replication/recombination/repair,transfer,Multiple,Homology,NODE_12_length_92919_cov_49.446177_52, 52334 # 52957 # -1 , 52334,52957,-1 ,12_52,12,52,00,ATG,AGGAG,5-10bp,0.518,NODE_12_length_92919_cov_49.446177,mobileOG_000361589_NODE_12_length_92919_cov_49.446177
549,mobileOG_000356871|parA|A0A421H4N2|replication/recombination/repair|transfer|Plasmid RefSeq|Homology,NODE_12_length_92919_cov_49.446177_52 # 52334 # 52957 # -1 # ID=12_52;partial=00;start_type=ATG;rbs_motif=AGGAG;rbs_spacer=5-10bp;gc_cont=0.518,95.2,373,207,2.87e-132,208,1,207,1,207,mobileOG_000356871,parA,A0A421H4N2,replication/recombination/repair,transfer,Plasmid RefSeq,Homology,NODE_12_length_92919_cov_49.446177_52, 52334 # 52957 # -1 , 52334,52957,-1 ,12_52,12,52,00,ATG,AGGAG,5-10bp,0.518,NODE_12_length_92919_cov_49.446177,mobileOG_000356871_NODE_12_length_92919_cov_49.446177
550,mobileOG_000308729|rsvB|WP_060560531.1|integration/excision|replication/recombination/repair|Multiple|Homology,NODE_12_length_92919_cov_49.446177_53 # 53320 # 53553 # -1 # ID=12_53;partial=00;start_type=ATG;rbs_motif=GGxGG;rbs_spacer=5-10bp;gc_cont=0.564,98.7,147,77,4.31e-47,78,1,77,1,77,mobileOG_000308729,rsvB,WP_060560531.1,integration/excision,replication/recombination/repair,Multiple,Homology,NODE_12_length_92919_cov_49.446177_53, 53320 # 53553 # -1 , 53320,53553,-1 ,12_53,12,53,00,ATG,GGxGG,5-10bp,0.564,NODE_12_length_92919_cov_49.446177,mobileOG_000308729_NODE_12_length_92919_cov_49.446177
551,"mobileOG_000349267|sopB|WP_060560533.1|replication/recombination/repair|partitioning,initiation,copy number control,plasmid|Multiple|Homology",NODE_12_length_92919_cov_49.446177_55 # 54775 # 55740 # -1 # ID=12_55;partial=00;start_type=ATG;rbs_motif=GGAG/GAGG;rbs_spacer=5-10bp;gc_cont=0.476,98.4,604,321,4.53e-220,322,1,320,1,320,mobileOG_000349267,sopB,WP_060560533.1,replication/recombination/repair,"partitioning,initiation,copy number control,plasmid",Multiple,Homology,NODE_12_length_92919_cov_49.446177_55, 54775 # 55740 # -1 , 54775,55740,-1 ,12_55,12,55,00,ATG,GGAG/GAGG,5-10bp,0.476,NODE_12_length_92919_cov_49.446177,mobileOG_000349267_NODE_12_length_92919_cov_49.446177
552,"mobileOG_000052734|sopB|WP_010895836.1|replication/recombination/repair|partitioning,initiation,copy number control,plasmid|Multiple|Homology",NODE_12_length_92919_cov_49.446177_55 # 54775 # 55740 # -1 # ID=12_55;partial=00;start_type=ATG;rbs_motif=GGAG/GAGG;rbs_spacer=5-10bp;gc_cont=0.476,91.9,561,320,3.59e-203,322,1,320,1,320,mobileOG_000052734,sopB,WP_010895836.1,replication/recombination/repair,"partitioning,initiation,copy number control,plasmid",Multiple,Homology,NODE_12_length_92919_cov_49.446177_55, 54775 # 55740 # -1 , 54775,55740,-1 ,12_55,12,55,00,ATG,GGAG/GAGG,5-10bp,0.476,NODE_12_length_92919_cov_49.446177,mobileOG_000052734_NODE_12_length_92919_cov_49.446177
553,mobileOG_000336232|sopA|WP_060560534.1|replication/recombination/repair|partitioning|Multiple|Homology,NODE_12_length_92919_cov_49.446177_56 # 55740 # 56906 # -1 # ID=12_56;partial=00;start_type=ATG;rbs_motif=GGA/GAG/AGG;rbs_spacer=5-10bp;gc_cont=0.500,100,789,388,8.14e-291,389,1,388,1,388,mobileOG_000336232,sopA,WP_060560534.1,replication/recombination/repair,partitioning,Multiple,Homology,NODE_12_length_92919_cov_49.446177_56, 55740 # 56906 # -1 , 55740,56906,-1 ,12_56,12,56,00,ATG,GGA/GAG/AGG,5-10bp,0.500,NODE_12_length_92919_cov_49.446177,mobileOG_000336232_NODE_12_length_92919_cov_49.446177
554,mobileOG_000052730|sopA|WP_010895835.1|replication/recombination/repair|partitioning|Multiple|Homology,NODE_12_length_92919_cov_49.446177_56 # 55740 # 56906 # -1 # ID=12_56;partial=00;start_type=ATG;rbs_motif=GGA/GAG/AGG;rbs_spacer=5-10bp;gc_cont=0.500,99.2,786,388,1.35e-289,389,1,388,1,388,mobileOG_000052730,sopA,WP_010895835.1,replication/recombination/repair,partitioning,Multiple,Homology,NODE_12_length_92919_cov_49.446177_56, 55740 # 56906 # -1 , 55740,56906,-1 ,12_56,12,56,00,ATG,GGA/GAG/AGG,5-10bp,0.500,NODE_12_length_92919_cov_49.446177,mobileOG_000052730_NODE_12_length_92919_cov_49.446177
555,mobileOG_000370719|sopA|WP_166493909.1|replication/recombination/repair|partitioning|Plasmid RefSeq|Homology,NODE_12_length_92919_cov_49.446177_56 # 55740 # 56906 # -1 # ID=12_56;partial=00;start_type=ATG;rbs_motif=GGA/GAG/AGG;rbs_spacer=5-10bp;gc_cont=0.500,92.8,742,388,3.21e-272,389,1,388,1,388,mobileOG_000370719,sopA,WP_166493909.1,replication/recombination/repair,partitioning,Plasmid RefSeq,Homology,NODE_12_length_92919_cov_49.446177_56, 55740 # 56906 # -1 , 55740,56906,-1 ,12_56,12,56,00,ATG,GGA/GAG/AGG,5-10bp,0.500,NODE_12_length_92919_cov_49.446177,mobileOG_000370719_NODE_12_length_92919_cov_49.446177
556,mobileOG_000035227|sopA|WP_005176536.1|replication/recombination/repair|partitioning|Multiple|Homology,NODE_12_length_92919_cov_49.446177_56 # 55740 # 56906 # -1 # ID=12_56;partial=00;start_type=ATG;rbs_motif=GGA/GAG/AGG;rbs_spacer=5-10bp;gc_cont=0.500,92.0,738,388,1.07e-270,389,1,388,1,388,mobileOG_000035227,sopA,WP_005176536.1,replication/recombination/repair,partitioning,Multiple,Homology,NODE_12_length_92919_cov_49.446177_56, 55740 # 56906 # -1 , 55740,56906,-1 ,12_56,12,56,00,ATG,GGA/GAG/AGG,5-10bp,0.500,NODE_12_length_92919_cov_49.446177,mobileOG_000035227_NODE_12_length_92919_cov_49.446177
557,mobileOG_000033288|sopA|WP_002233197.1|replication/recombination/repair|partitioning|Multiple|Homology,NODE_12_length_92919_cov_49.446177_56 # 55740 # 56906 # -1 # ID=12_56;partial=00;start_type=ATG;rbs_motif=GGA/GAG/AGG;rbs_spacer=5-10bp;gc_cont=0.500,92.0,738,388,1.53e-270,389,1,388,1,388,mobileOG_000033288,sopA,WP_002233197.1,replication/recombination/repair,partitioning,Multiple,Homology,NODE_12_length_92919_cov_49.446177_56, 55740 # 56906 # -1 , 55740,56906,-1 ,12_56,12,56,00,ATG,GGA/GAG/AGG,5-10bp,0.500,NODE_12_length_92919_cov_49.446177,mobileOG_000033288_NODE_12_length_92919_cov_49.446177
558,mobileOG_000035226|sopA|WP_015060386.1|replication/recombination/repair|partitioning|ACLAME|Homology,NODE_12_length_92919_cov_49.446177_56 # 55740 # 56906 # -1 # ID=12_56;partial=00;start_type=ATG;rbs_motif=GGA/GAG/AGG;rbs_spacer=5-10bp;gc_cont=0.500,92.0,738,402,1.82e-270,389,15,402,1,388,mobileOG_000035226,sopA,WP_015060386.1,replication/recombination/repair,partitioning,ACLAME,Homology,NODE_12_length_92919_cov_49.446177_56, 55740 # 56906 # -1 , 55740,56906,-1 ,12_56,12,56,00,ATG,GGA/GAG/AGG,5-10bp,0.500,NODE_12_length_92919_cov_49.446177,mobileOG_000035226_NODE_12_length_92919_cov_49.446177
559,mobileOG_000034818|sopA|WP_002233197.1|replication/recombination/repair|partitioning|ACLAME|Homology,NODE_12_length_92919_cov_49.446177_56 # 55740 # 56906 # -1 # ID=12_56;partial=00;start_type=ATG;rbs_motif=GGA/GAG/AGG;rbs_spacer=5-10bp;gc_cont=0.500,92.0,738,402,2.58e-270,389,15,402,1,388,mobileOG_000034818,sopA,WP_002233197.1,replication/recombination/repair,partitioning,ACLAME,Homology,NODE_12_length_92919_cov_49.446177_56, 55740 # 56906 # -1 , 55740,56906,-1 ,12_56,12,56,00,ATG,GGA/GAG/AGG,5-10bp,0.500,NODE_12_length_92919_cov_49.446177,mobileOG_000034818_NODE_12_length_92919_cov_49.446177
560,mobileOG_000051683|sopA|WP_010891239.1|replication/recombination/repair|partitioning|Multiple|Homology,NODE_12_length_92919_cov_49.446177_56 # 55740 # 56906 # -1 # ID=12_56;partial=00;start_type=ATG;rbs_motif=GGA/GAG/AGG;rbs_spacer=5-10bp;gc_cont=0.500,91.8,736,388,6.21e-270,389,1,388,1,388,mobileOG_000051683,sopA,WP_010891239.1,replication/recombination/repair,partitioning,Multiple,Homology,NODE_12_length_92919_cov_49.446177_56, 55740 # 56906 # -1 , 55740,56906,-1 ,12_56,12,56,00,ATG,GGA/GAG/AGG,5-10bp,0.500,NODE_12_length_92919_cov_49.446177,mobileOG_000051683_NODE_12_length_92919_cov_49.446177
561,mobileOG_000332387|sopA|WP_042807434.1|replication/recombination/repair|partitioning|Plasmid RefSeq|Homology,NODE_12_length_92919_cov_49.446177_56 # 55740 # 56906 # -1 # ID=12_56;partial=00;start_type=ATG;rbs_motif=GGA/GAG/AGG;rbs_spacer=5-10bp;gc_cont=0.500,91.8,736,388,8.82e-270,389,1,388,1,388,mobileOG_000332387,sopA,WP_042807434.1,replication/recombination/repair,partitioning,Plasmid RefSeq,Homology,NODE_12_length_92919_cov_49.446177_56, 55740 # 56906 # -1 , 55740,56906,-1 ,12_56,12,56,00,ATG,GGA/GAG/AGG,5-10bp,0.500,NODE_12_length_92919_cov_49.446177,mobileOG_000332387_NODE_12_length_92919_cov_49.446177
562,mobileOG_000033397|sopA|Q9ZA74|replication/recombination/repair|partitioning|ACLAME|Homology,NODE_12_length_92919_cov_49.446177_56 # 55740 # 56906 # -1 # ID=12_56;partial=00;start_type=ATG;rbs_motif=GGA/GAG/AGG;rbs_spacer=5-10bp;gc_cont=0.500,91.8,736,402,1.05e-269,389,15,402,1,388,mobileOG_000033397,sopA,Q9ZA74,replication/recombination/repair,partitioning,ACLAME,Homology,NODE_12_length_92919_cov_49.446177_56, 55740 # 56906 # -1 , 55740,56906,-1 ,12_56,12,56,00,ATG,GGA/GAG/AGG,5-10bp,0.500,NODE_12_length_92919_cov_49.446177,mobileOG_000033397_NODE_12_length_92919_cov_49.446177
563,mobileOG_000331667|sopA|WP_041852757.1|replication/recombination/repair|partitioning|Multiple|Homology,NODE_12_length_92919_cov_49.446177_56 # 55740 # 56906 # -1 # ID=12_56;partial=00;start_type=ATG;rbs_motif=GGA/GAG/AGG;rbs_spacer=5-10bp;gc_cont=0.500,91.5,735,388,1.78e-269,389,1,388,1,388,mobileOG_000331667,sopA,WP_041852757.1,replication/recombination/repair,partitioning,Multiple,Homology,NODE_12_length_92919_cov_49.446177_56, 55740 # 56906 # -1 , 55740,56906,-1 ,12_56,12,56,00,ATG,GGA/GAG/AGG,5-10bp,0.500,NODE_12_length_92919_cov_49.446177,mobileOG_000331667_NODE_12_length_92919_cov_49.446177
564,mobileOG_000328031|sopA|WP_050125610.1|replication/recombination/repair|partitioning|Plasmid RefSeq|Homology,NODE_12_length_92919_cov_49.446177_56 # 55740 # 56906 # -1 # ID=12_56;partial=00;start_type=ATG;rbs_motif=GGA/GAG/AGG;rbs_spacer=5-10bp;gc_cont=0.500,91.5,734,388,2.53e-269,389,1,388,1,388,mobileOG_000328031,sopA,WP_050125610.1,replication/recombination/repair,partitioning,Plasmid RefSeq,Homology,NODE_12_length_92919_cov_49.446177_56, 55740 # 56906 # -1 , 55740,56906,-1 ,12_56,12,56,00,ATG,GGA/GAG/AGG,5-10bp,0.500,NODE_12_length_92919_cov_49.446177,mobileOG_000328031_NODE_12_length_92919_cov_49.446177
565,mobileOG_000033907|sopA|WP_002233197.1|replication/recombination/repair|partitioning|ACLAME|Homology,NODE_12_length_92919_cov_49.446177_56 # 55740 # 56906 # -1 # ID=12_56;partial=00;start_type=ATG;rbs_motif=GGA/GAG/AGG;rbs_spacer=5-10bp;gc_cont=0.500,91.7,704,372,1.07e-257,389,1,372,17,388,mobileOG_000033907,sopA,WP_002233197.1,replication/recombination/repair,partitioning,ACLAME,Homology,NODE_12_length_92919_cov_49.446177_56, 55740 # 56906 # -1 , 55740,56906,-1 ,12_56,12,56,00,ATG,GGA/GAG/AGG,5-10bp,0.500,NODE_12_length_92919_cov_49.446177,mobileOG_000033907_NODE_12_length_92919_cov_49.446177
566,"mobileOG_000319501|rep_2|WP_060560535.1|replication/recombination/repair|initiation,copy number control,plasmid|Multiple|Homology",NODE_12_length_92919_cov_49.446177_57 # 58138 # 59127 # 1 # ID=12_57;partial=00;start_type=ATG;rbs_motif=GGA/GAG/AGG;rbs_spacer=5-10bp;gc_cont=0.502,99.4,658,329,3.85e-241,330,1,329,1,329,mobileOG_000319501,rep_2,WP_060560535.1,replication/recombination/repair,"initiation,copy number control,plasmid",Multiple,Homology,NODE_12_length_92919_cov_49.446177_57, 58138 # 59127 # 1 , 58138,59127,1 ,12_57,12,57,00,ATG,GGA/GAG/AGG,5-10bp,0.502,NODE_12_length_92919_cov_49.446177,mobileOG_000319501_NODE_12_length_92919_cov_49.446177
567,"mobileOG_000052718|rep_2|WP_010895834.1|replication/recombination/repair|initiation,copy number control,plasmid|Multiple|Homology",NODE_12_length_92919_cov_49.446177_57 # 58138 # 59127 # 1 # ID=12_57;partial=00;start_type=ATG;rbs_motif=GGA/GAG/AGG;rbs_spacer=5-10bp;gc_cont=0.502,94.8,628,329,2.99e-229,330,1,326,1,326,mobileOG_000052718,rep_2,WP_010895834.1,replication/recombination/repair,"initiation,copy number control,plasmid",Multiple,Homology,NODE_12_length_92919_cov_49.446177_57, 58138 # 59127 # 1 , 58138,59127,1 ,12_57,12,57,00,ATG,GGA/GAG/AGG,5-10bp,0.502,NODE_12_length_92919_cov_49.446177,mobileOG_000052718_NODE_12_length_92919_cov_49.446177
568,mobileOG_000335299|parD|WP_060560536.1|stability/transfer/defense|NA|Multiple|Homology,NODE_12_length_92919_cov_49.446177_59 # 59590 # 59832 # -1 # ID=12_59;partial=00;start_type=ATG;rbs_motif=AGGAG;rbs_spacer=5-10bp;gc_cont=0.498,91.3,142,80,7.29e-45,81,1,80,1,80,mobileOG_000335299,parD,WP_060560536.1,stability/transfer/defense,NA,Multiple,Homology,NODE_12_length_92919_cov_49.446177_59, 59590 # 59832 # -1 , 59590,59832,-1 ,12_59,12,59,00,ATG,AGGAG,5-10bp,0.498,NODE_12_length_92919_cov_49.446177,mobileOG_000335299_NODE_12_length_92919_cov_49.446177
569,mobileOG_000364699|intM|WP_060560537.1|integration/excision|replication/recombination/repair|Multiple|Homology,NODE_12_length_92919_cov_49.446177_60 # 60011 # 60757 # -1 # ID=12_60;partial=00;start_type=GTG;rbs_motif=GGAG/GAGG;rbs_spacer=5-10bp;gc_cont=0.546,98.8,484,248,8.27e-175,249,1,248,1,248,mobileOG_000364699,intM,WP_060560537.1,integration/excision,replication/recombination/repair,Multiple,Homology,NODE_12_length_92919_cov_49.446177_60, 60011 # 60757 # -1 , 60011,60757,-1 ,12_60,12,60,00,GTG,GGAG/GAGG,5-10bp,0.546,NODE_12_length_92919_cov_49.446177,mobileOG_000364699_NODE_12_length_92919_cov_49.446177
570,mobileOG_000055980|intM|WP_010895831.1|integration/excision|replication/recombination/repair|COMPASS|Homology,NODE_12_length_92919_cov_49.446177_60 # 60011 # 60757 # -1 # ID=12_60;partial=00;start_type=GTG;rbs_motif=GGAG/GAGG;rbs_spacer=5-10bp;gc_cont=0.546,92.3,454,248,4.52e-163,249,1,248,1,248,mobileOG_000055980,intM,WP_010895831.1,integration/excision,replication/recombination/repair,COMPASS,Homology,NODE_12_length_92919_cov_49.446177_60, 60011 # 60757 # -1 , 60011,60757,-1 ,12_60,12,60,00,GTG,GGAG/GAGG,5-10bp,0.546,NODE_12_length_92919_cov_49.446177,mobileOG_000055980_NODE_12_length_92919_cov_49.446177
571,mobileOG_000356203|intM|WP_010895831.1|integration/excision|replication/recombination/repair|Plasmid RefSeq|Homology,NODE_12_length_92919_cov_49.446177_60 # 60011 # 60757 # -1 # ID=12_60;partial=00;start_type=GTG;rbs_motif=GGAG/GAGG;rbs_spacer=5-10bp;gc_cont=0.546,93.6,439,236,1.81e-157,249,2,236,14,248,mobileOG_000356203,intM,WP_010895831.1,integration/excision,replication/recombination/repair,Plasmid RefSeq,Homology,NODE_12_length_92919_cov_49.446177_60, 60011 # 60757 # -1 , 60011,60757,-1 ,12_60,12,60,00,GTG,GGAG/GAGG,5-10bp,0.546,NODE_12_length_92919_cov_49.446177,mobileOG_000356203_NODE_12_length_92919_cov_49.446177
572,mobileOG_000360498|vagC|WP_110147679.1|stability/transfer/defense|NA|Plasmid RefSeq|Homology,NODE_12_length_92919_cov_49.446177_62 # 61556 # 61786 # 1 # ID=12_62;partial=00;start_type=ATG;rbs_motif=GGAG/GAGG;rbs_spacer=5-10bp;gc_cont=0.563,98.7,155,76,3.55e-50,77,1,76,1,76,mobileOG_000360498,vagC,WP_110147679.1,stability/transfer/defense,NA,Plasmid RefSeq,Homology,NODE_12_length_92919_cov_49.446177_62, 61556 # 61786 # 1 , 61556,61786,1 ,12_62,12,62,00,ATG,GGAG/GAGG,5-10bp,0.563,NODE_12_length_92919_cov_49.446177,mobileOG_000360498_NODE_12_length_92919_cov_49.446177
573,mobileOG_000361236|vagC|WP_039032651.1|stability/transfer/defense|NA|Multiple|Homology,NODE_12_length_92919_cov_49.446177_62 # 61556 # 61786 # 1 # ID=12_62;partial=00;start_type=ATG;rbs_motif=GGAG/GAGG;rbs_spacer=5-10bp;gc_cont=0.563,96.1,151,76,1.19e-48,77,1,76,1,76,mobileOG_000361236,vagC,WP_039032651.1,stability/transfer/defense,NA,Multiple,Homology,NODE_12_length_92919_cov_49.446177_62, 61556 # 61786 # 1 , 61556,61786,1 ,12_62,12,62,00,ATG,GGAG/GAGG,5-10bp,0.563,NODE_12_length_92919_cov_49.446177,mobileOG_000361236_NODE_12_length_92919_cov_49.446177
574,mobileOG_000061342|vagC|WP_015387204.1|stability/transfer/defense|NA|Multiple|Homology,NODE_12_length_92919_cov_49.446177_62 # 61556 # 61786 # 1 # ID=12_62;partial=00;start_type=ATG;rbs_motif=GGAG/GAGG;rbs_spacer=5-10bp;gc_cont=0.563,96.1,150,76,1.70e-48,77,1,76,1,76,mobileOG_000061342,vagC,WP_015387204.1,stability/transfer/defense,NA,Multiple,Homology,NODE_12_length_92919_cov_49.446177_62, 61556 # 61786 # 1 , 61556,61786,1 ,12_62,12,62,00,ATG,GGAG/GAGG,5-10bp,0.563,NODE_12_length_92919_cov_49.446177,mobileOG_000061342_NODE_12_length_92919_cov_49.446177
575,mobileOG_000069214|vagC|WP_001261283.1|stability/transfer/defense|NA|Multiple|Homology,NODE_12_length_92919_cov_49.446177_62 # 61556 # 61786 # 1 # ID=12_62;partial=00;start_type=ATG;rbs_motif=GGAG/GAGG;rbs_spacer=5-10bp;gc_cont=0.563,96.1,150,76,1.70e-48,77,1,76,1,76,mobileOG_000069214,vagC,WP_001261283.1,stability/transfer/defense,NA,Multiple,Homology,NODE_12_length_92919_cov_49.446177_62, 61556 # 61786 # 1 , 61556,61786,1 ,12_62,12,62,00,ATG,GGAG/GAGG,5-10bp,0.563,NODE_12_length_92919_cov_49.446177,mobileOG_000069214_NODE_12_length_92919_cov_49.446177
576,mobileOG_000360423|vagC|WP_046654908.1|stability/transfer/defense|NA|Multiple|Homology,NODE_12_length_92919_cov_49.446177_62 # 61556 # 61786 # 1 # ID=12_62;partial=00;start_type=ATG;rbs_motif=GGAG/GAGG;rbs_spacer=5-10bp;gc_cont=0.563,96.1,150,76,1.70e-48,77,1,76,1,76,mobileOG_000360423,vagC,WP_046654908.1,stability/transfer/defense,NA,Multiple,Homology,NODE_12_length_92919_cov_49.446177_62, 61556 # 61786 # 1 , 61556,61786,1 ,12_62,12,62,00,ATG,GGAG/GAGG,5-10bp,0.563,NODE_12_length_92919_cov_49.446177,mobileOG_000360423_NODE_12_length_92919_cov_49.446177
577,mobileOG_000362345|vagC|WP_060560551.1|stability/transfer/defense|NA|Multiple|Homology,NODE_12_length_92919_cov_49.446177_62 # 61556 # 61786 # 1 # ID=12_62;partial=00;start_type=ATG;rbs_motif=GGAG/GAGG;rbs_spacer=5-10bp;gc_cont=0.563,96.1,150,76,1.70e-48,77,1,76,1,76,mobileOG_000362345,vagC,WP_060560551.1,stability/transfer/defense,NA,Multiple,Homology,NODE_12_length_92919_cov_49.446177_62, 61556 # 61786 # 1 , 61556,61786,1 ,12_62,12,62,00,ATG,GGAG/GAGG,5-10bp,0.563,NODE_12_length_92919_cov_49.446177,mobileOG_000362345_NODE_12_length_92919_cov_49.446177
578,mobileOG_000359943|vagC|WP_058672491.1|stability/transfer/defense|NA|Plasmid RefSeq|Homology,NODE_12_length_92919_cov_49.446177_62 # 61556 # 61786 # 1 # ID=12_62;partial=00;start_type=ATG;rbs_motif=GGAG/GAGG;rbs_spacer=5-10bp;gc_cont=0.563,96.1,150,76,1.70e-48,77,1,76,1,76,mobileOG_000359943,vagC,WP_058672491.1,stability/transfer/defense,NA,Plasmid RefSeq,Homology,NODE_12_length_92919_cov_49.446177_62, 61556 # 61786 # 1 , 61556,61786,1 ,12_62,12,62,00,ATG,GGAG/GAGG,5-10bp,0.563,NODE_12_length_92919_cov_49.446177,mobileOG_000359943_NODE_12_length_92919_cov_49.446177
579,mobileOG_000364718|vagC|WP_061549448.1|stability/transfer/defense|NA|Plasmid RefSeq|Homology,NODE_12_length_92919_cov_49.446177_62 # 61556 # 61786 # 1 # ID=12_62;partial=00;start_type=ATG;rbs_motif=GGAG/GAGG;rbs_spacer=5-10bp;gc_cont=0.563,96.1,150,76,1.70e-48,77,1,76,1,76,mobileOG_000364718,vagC,WP_061549448.1,stability/transfer/defense,NA,Plasmid RefSeq,Homology,NODE_12_length_92919_cov_49.446177_62, 61556 # 61786 # 1 , 61556,61786,1 ,12_62,12,62,00,ATG,GGAG/GAGG,5-10bp,0.563,NODE_12_length_92919_cov_49.446177,mobileOG_000364718_NODE_12_length_92919_cov_49.446177
580,mobileOG_000063697|vagC|WP_021312767.1|stability/transfer/defense|NA|Multiple|Homology,NODE_12_length_92919_cov_49.446177_62 # 61556 # 61786 # 1 # ID=12_62;partial=00;start_type=ATG;rbs_motif=GGAG/GAGG;rbs_spacer=5-10bp;gc_cont=0.563,96.1,150,76,2.41e-48,77,1,76,1,76,mobileOG_000063697,vagC,WP_021312767.1,stability/transfer/defense,NA,Multiple,Homology,NODE_12_length_92919_cov_49.446177_62, 61556 # 61786 # 1 , 61556,61786,1 ,12_62,12,62,00,ATG,GGAG/GAGG,5-10bp,0.563,NODE_12_length_92919_cov_49.446177,mobileOG_000063697_NODE_12_length_92919_cov_49.446177
581,mobileOG_000355996|vagC|WP_001604445.1|stability/transfer/defense|NA|Multiple|Homology,NODE_12_length_92919_cov_49.446177_62 # 61556 # 61786 # 1 # ID=12_62;partial=00;start_type=ATG;rbs_motif=GGAG/GAGG;rbs_spacer=5-10bp;gc_cont=0.563,94.7,150,76,3.43e-48,77,1,76,1,76,mobileOG_000355996,vagC,WP_001604445.1,stability/transfer/defense,NA,Multiple,Homology,NODE_12_length_92919_cov_49.446177_62, 61556 # 61786 # 1 , 61556,61786,1 ,12_62,12,62,00,ATG,GGAG/GAGG,5-10bp,0.563,NODE_12_length_92919_cov_49.446177,mobileOG_000355996_NODE_12_length_92919_cov_49.446177
582,mobileOG_000357978|vagC|WP_088731677.1|stability/transfer/defense|NA|Multiple|Homology,NODE_12_length_92919_cov_49.446177_62 # 61556 # 61786 # 1 # ID=12_62;partial=00;start_type=ATG;rbs_motif=GGAG/GAGG;rbs_spacer=5-10bp;gc_cont=0.563,94.7,150,76,3.43e-48,77,1,76,1,76,mobileOG_000357978,vagC,WP_088731677.1,stability/transfer/defense,NA,Multiple,Homology,NODE_12_length_92919_cov_49.446177_62, 61556 # 61786 # 1 , 61556,61786,1 ,12_62,12,62,00,ATG,GGAG/GAGG,5-10bp,0.563,NODE_12_length_92919_cov_49.446177,mobileOG_000357978_NODE_12_length_92919_cov_49.446177
583,mobileOG_000363221|vagC|WP_153459029.1|stability/transfer/defense|NA|Plasmid RefSeq|Homology,NODE_12_length_92919_cov_49.446177_62 # 61556 # 61786 # 1 # ID=12_62;partial=00;start_type=ATG;rbs_motif=GGAG/GAGG;rbs_spacer=5-10bp;gc_cont=0.563,94.7,150,76,3.43e-48,77,1,76,1,76,mobileOG_000363221,vagC,WP_153459029.1,stability/transfer/defense,NA,Plasmid RefSeq,Homology,NODE_12_length_92919_cov_49.446177_62, 61556 # 61786 # 1 , 61556,61786,1 ,12_62,12,62,00,ATG,GGAG/GAGG,5-10bp,0.563,NODE_12_length_92919_cov_49.446177,mobileOG_000363221_NODE_12_length_92919_cov_49.446177
584,mobileOG_000035899|vagC|WP_001576636.1|stability/transfer/defense|NA|ACLAME|Homology,NODE_12_length_92919_cov_49.446177_62 # 61556 # 61786 # 1 # ID=12_62;partial=00;start_type=ATG;rbs_motif=GGAG/GAGG;rbs_spacer=5-10bp;gc_cont=0.563,96.1,150,100,3.48e-48,77,25,100,1,76,mobileOG_000035899,vagC,WP_001576636.1,stability/transfer/defense,NA,ACLAME,Homology,NODE_12_length_92919_cov_49.446177_62, 61556 # 61786 # 1 , 61556,61786,1 ,12_62,12,62,00,ATG,GGAG/GAGG,5-10bp,0.563,NODE_12_length_92919_cov_49.446177,mobileOG_000035899_NODE_12_length_92919_cov_49.446177
585,mobileOG_000040860|vagC|WP_049141429.1|stability/transfer/defense|NA|Multiple|Homology,NODE_12_length_92919_cov_49.446177_62 # 61556 # 61786 # 1 # ID=12_62;partial=00;start_type=ATG;rbs_motif=GGAG/GAGG;rbs_spacer=5-10bp;gc_cont=0.563,94.7,149,76,6.92e-48,77,1,76,1,76,mobileOG_000040860,vagC,WP_049141429.1,stability/transfer/defense,NA,Multiple,Homology,NODE_12_length_92919_cov_49.446177_62, 61556 # 61786 # 1 , 61556,61786,1 ,12_62,12,62,00,ATG,GGAG/GAGG,5-10bp,0.563,NODE_12_length_92919_cov_49.446177,mobileOG_000040860_NODE_12_length_92919_cov_49.446177
586,mobileOG_000058437|vagC|WP_007778988.1|stability/transfer/defense|NA|Multiple|Homology,NODE_12_length_92919_cov_49.446177_62 # 61556 # 61786 # 1 # ID=12_62;partial=00;start_type=ATG;rbs_motif=GGAG/GAGG;rbs_spacer=5-10bp;gc_cont=0.563,92.1,149,76,6.92e-48,77,1,76,1,76,mobileOG_000058437,vagC,WP_007778988.1,stability/transfer/defense,NA,Multiple,Homology,NODE_12_length_92919_cov_49.446177_62, 61556 # 61786 # 1 , 61556,61786,1 ,12_62,12,62,00,ATG,GGAG/GAGG,5-10bp,0.563,NODE_12_length_92919_cov_49.446177,mobileOG_000058437_NODE_12_length_92919_cov_49.446177
587,mobileOG_000320124|vapC|WP_060560552.1|stability/transfer/defense|NA|Multiple|Homology,NODE_12_length_92919_cov_49.446177_63 # 61783 # 62199 # 1 # ID=12_63;partial=00;start_type=GTG;rbs_motif=AGGA/GGAG/GAGG;rbs_spacer=11-12bp;gc_cont=0.585,93.5,249,138,9.75e-86,139,1,138,1,138,mobileOG_000320124,vapC,WP_060560552.1,stability/transfer/defense,NA,Multiple,Homology,NODE_12_length_92919_cov_49.446177_63, 61783 # 62199 # 1 , 61783,62199,1 ,12_63,12,63,00,GTG,AGGA/GGAG/GAGG,11-12bp,0.585,NODE_12_length_92919_cov_49.446177,mobileOG_000320124_NODE_12_length_92919_cov_49.446177
588,mobileOG_000299477|vapC|WP_142816549.1|stability/transfer/defense|NA|Plasmid RefSeq|Homology,NODE_12_length_92919_cov_49.446177_63 # 61783 # 62199 # 1 # ID=12_63;partial=00;start_type=GTG;rbs_motif=AGGA/GGAG/GAGG;rbs_spacer=11-12bp;gc_cont=0.585,92.0,248,138,3.97e-85,139,1,138,1,138,mobileOG_000299477,vapC,WP_142816549.1,stability/transfer/defense,NA,Plasmid RefSeq,Homology,NODE_12_length_92919_cov_49.446177_63, 61783 # 62199 # 1 , 61783,62199,1 ,12_63,12,63,00,GTG,AGGA/GGAG/GAGG,11-12bp,0.585,NODE_12_length_92919_cov_49.446177,mobileOG_000299477_NODE_12_length_92919_cov_49.446177
589,mobileOG_000363981|vapC|WP_023972453.1|stability/transfer/defense|NA|Multiple|Homology,NODE_12_length_92919_cov_49.446177_63 # 61783 # 62199 # 1 # ID=12_63;partial=00;start_type=GTG;rbs_motif=AGGA/GGAG/GAGG;rbs_spacer=11-12bp;gc_cont=0.585,90.4,246,142,2.63e-84,139,7,142,3,138,mobileOG_000363981,vapC,WP_023972453.1,stability/transfer/defense,NA,Multiple,Homology,NODE_12_length_92919_cov_49.446177_63, 61783 # 62199 # 1 , 61783,62199,1 ,12_63,12,63,00,GTG,AGGA/GGAG/GAGG,11-12bp,0.585,NODE_12_length_92919_cov_49.446177,mobileOG_000363981_NODE_12_length_92919_cov_49.446177
590,mobileOG_000040859|vapC|WP_049141430.1|stability/transfer/defense|NA|Multiple|Homology,NODE_12_length_92919_cov_49.446177_63 # 61783 # 62199 # 1 # ID=12_63;partial=00;start_type=GTG;rbs_motif=AGGA/GGAG/GAGG;rbs_spacer=11-12bp;gc_cont=0.585,90.4,241,138,1.55e-82,139,1,136,1,136,mobileOG_000040859,vapC,WP_049141430.1,stability/transfer/defense,NA,Multiple,Homology,NODE_12_length_92919_cov_49.446177_63, 61783 # 62199 # 1 , 61783,62199,1 ,12_63,12,63,00,GTG,AGGA/GGAG/GAGG,11-12bp,0.585,NODE_12_length_92919_cov_49.446177,mobileOG_000040859_NODE_12_length_92919_cov_49.446177
591,mobileOG_000061341|vapC|WP_015387203.1|stability/transfer/defense|NA|Multiple|Homology,NODE_12_length_92919_cov_49.446177_63 # 61783 # 62199 # 1 # ID=12_63;partial=00;start_type=GTG;rbs_motif=AGGA/GGAG/GAGG;rbs_spacer=11-12bp;gc_cont=0.585,90.4,241,138,1.55e-82,139,1,136,1,136,mobileOG_000061341,vapC,WP_015387203.1,stability/transfer/defense,NA,Multiple,Homology,NODE_12_length_92919_cov_49.446177_63, 61783 # 62199 # 1 , 61783,62199,1 ,12_63,12,63,00,GTG,AGGA/GGAG/GAGG,11-12bp,0.585,NODE_12_length_92919_cov_49.446177,mobileOG_000061341_NODE_12_length_92919_cov_49.446177
592,mobileOG_000320117|vapC|WP_046654907.1|stability/transfer/defense|NA|Multiple|Homology,NODE_12_length_92919_cov_49.446177_63 # 61783 # 62199 # 1 # ID=12_63;partial=00;start_type=GTG;rbs_motif=AGGA/GGAG/GAGG;rbs_spacer=11-12bp;gc_cont=0.585,90.5,241,138,3.13e-82,139,1,137,1,137,mobileOG_000320117,vapC,WP_046654907.1,stability/transfer/defense,NA,Multiple,Homology,NODE_12_length_92919_cov_49.446177_63, 61783 # 62199 # 1 , 61783,62199,1 ,12_63,12,63,00,GTG,AGGA/GGAG/GAGG,11-12bp,0.585,NODE_12_length_92919_cov_49.446177,mobileOG_000320117_NODE_12_length_92919_cov_49.446177
593,mobileOG_000037437|NGR_a00240|WP_010895822.1|integration/excision|NA|Multiple|Homology,NODE_12_length_92919_cov_49.446177_66 # 64258 # 64674 # 1 # ID=12_66;partial=00;start_type=ATG;rbs_motif=None;rbs_spacer=None;gc_cont=0.537,96.2,258,340,2.30e-86,139,62,193,1,132,mobileOG_000037437,NGR_a00240,WP_010895822.1,integration/excision,NA,Multiple,Homology,NODE_12_length_92919_cov_49.446177_66, 64258 # 64674 # 1 , 64258,64674,1 ,12_66,12,66,00,ATG,None,None,0.537,NODE_12_length_92919_cov_49.446177,mobileOG_000037437_NODE_12_length_92919_cov_49.446177
594,mobileOG_000037437|NGR_a00240|WP_010895822.1|integration/excision|NA|Multiple|Homology,NODE_12_length_92919_cov_49.446177_67 # 64736 # 65023 # 1 # ID=12_67;partial=00;start_type=ATG;rbs_motif=None;rbs_spacer=None;gc_cont=0.545,94.7,176,340,8.16e-55,96,223,317,1,95,mobileOG_000037437,NGR_a00240,WP_010895822.1,integration/excision,NA,Multiple,Homology,NODE_12_length_92919_cov_49.446177_67, 64736 # 65023 # 1 , 64736,65023,1 ,12_67,12,67,00,ATG,None,None,0.545,NODE_12_length_92919_cov_49.446177,mobileOG_000037437_NODE_12_length_92919_cov_49.446177
595,mobileOG_000037438|NGR_a00240|WP_010895825.1|integration/excision|NA|Multiple|Homology,NODE_12_length_92919_cov_49.446177_68 # 65252 # 65530 # 1 # ID=12_68;partial=00;start_type=ATG;rbs_motif=GGA/GAG/AGG;rbs_spacer=5-10bp;gc_cont=0.480,93.3,164,324,2.18e-50,93,1,89,1,89,mobileOG_000037438,NGR_a00240,WP_010895825.1,integration/excision,NA,Multiple,Homology,NODE_12_length_92919_cov_49.446177_68, 65252 # 65530 # 1 , 65252,65530,1 ,12_68,12,68,00,ATG,GGA/GAG/AGG,5-10bp,0.480,NODE_12_length_92919_cov_49.446177,mobileOG_000037438_NODE_12_length_92919_cov_49.446177
596,mobileOG_000354201|xni|WP_033635747.1|replication/recombination/repair|NA|Plasmid RefSeq|Homology,NODE_13_length_68985_cov_36.294276_9 # 7273 # 8031 # -1 # ID=13_9;partial=00;start_type=ATG;rbs_motif=None;rbs_spacer=None;gc_cont=0.644,96.4,486,252,9.64e-176,253,1,251,1,251,mobileOG_000354201,xni,WP_033635747.1,replication/recombination/repair,NA,Plasmid RefSeq,Homology,NODE_13_length_68985_cov_36.294276_9, 7273 # 8031 # -1 , 7273,8031,-1 ,13_9,13,9,00,ATG,None,None,0.644,NODE_13_length_68985_cov_36.294276,mobileOG_000354201_NODE_13_length_68985_cov_36.294276
597,mobileOG_000330119|bamA|WP_033635736.1|transfer|phage receptor|Plasmid RefSeq|Homology,NODE_13_length_68985_cov_36.294276_31 # 36528 # 38954 # 1 # ID=13_31;partial=00;start_type=ATG;rbs_motif=None;rbs_spacer=None;gc_cont=0.575,99.0,1606,808,0.0,809,1,808,1,808,mobileOG_000330119,bamA,WP_033635736.1,transfer,phage receptor,Plasmid RefSeq,Homology,NODE_13_length_68985_cov_36.294276_31, 36528 # 38954 # 1 , 36528,38954,1 ,13_31,13,31,00,ATG,None,None,0.575,NODE_13_length_68985_cov_36.294276,mobileOG_000330119_NODE_13_length_68985_cov_36.294276
598,mobileOG_000319969|rnhB|WP_049195379.1|replication/recombination/repair|NA|Plasmid RefSeq|Homology,NODE_13_length_68985_cov_36.294276_37 # 43191 # 43784 # 1 # ID=13_37;partial=00;start_type=ATG;rbs_motif=AGGA/GGAG/GAGG;rbs_spacer=11-12bp;gc_cont=0.650,99.0,378,197,9.84e-135,198,1,197,1,197,mobileOG_000319969,rnhB,WP_049195379.1,replication/recombination/repair,NA,Plasmid RefSeq,Homology,NODE_13_length_68985_cov_36.294276_37, 43191 # 43784 # 1 , 43191,43784,1 ,13_37,13,37,00,ATG,AGGA/GGAG/GAGG,11-12bp,0.650,NODE_13_length_68985_cov_36.294276,mobileOG_000319969_NODE_13_length_68985_cov_36.294276
599,mobileOG_000328298|dnaE|WP_048321892.1|replication/recombination/repair|NA|Plasmid RefSeq|Homology,NODE_13_length_68985_cov_36.294276_38 # 43862 # 47350 # 1 # ID=13_38;partial=00;start_type=ATG;rbs_motif=GGA/GAG/AGG;rbs_spacer=5-10bp;gc_cont=0.602,99.7,2306,1162,0.0,1163,1,1162,1,1162,mobileOG_000328298,dnaE,WP_048321892.1,replication/recombination/repair,NA,Plasmid RefSeq,Homology,NODE_13_length_68985_cov_36.294276_38, 43862 # 47350 # 1 , 43862,47350,1 ,13_38,13,38,00,ATG,GGA/GAG/AGG,5-10bp,0.602,NODE_13_length_68985_cov_36.294276,mobileOG_000328298_NODE_13_length_68985_cov_36.294276
600,mobileOG_000368539|dnaB|WP_025160134.1|replication/recombination/repair|NA|Plasmid RefSeq|Homology,NODE_14_length_66722_cov_39.833116_2 # 1132 # 2487 # -1 # ID=14_2;partial=00;start_type=ATG;rbs_motif=GGA/GAG/AGG;rbs_spacer=5-10bp;gc_cont=0.611,100,871,474,0.0,452,24,474,1,451,mobileOG_000368539,dnaB,WP_025160134.1,replication/recombination/repair,NA,Plasmid RefSeq,Homology,NODE_14_length_66722_cov_39.833116_2, 1132 # 2487 # -1 , 1132,2487,-1 ,14_2,14,2,00,ATG,GGA/GAG/AGG,5-10bp,0.611,NODE_14_length_66722_cov_39.833116,mobileOG_000368539_NODE_14_length_66722_cov_39.833116
601,"mobileOG_000368540|lexA|WP_025160136.1|phage|infection,regulation|Plasmid RefSeq|Homology",NODE_14_length_66722_cov_39.833116_12 # 10097 # 10705 # -1 # ID=14_12;partial=00;start_type=ATG;rbs_motif=AGxAGG/AGGxGG;rbs_spacer=3-4bp;gc_cont=0.606,100,396,202,1.40e-141,203,1,202,1,202,mobileOG_000368540,lexA,WP_025160136.1,phage,"infection,regulation",Plasmid RefSeq,Homology,NODE_14_length_66722_cov_39.833116_12, 10097 # 10705 # -1 , 10097,10705,-1 ,14_12,14,12,00,ATG,AGxAGG/AGGxGG,3-4bp,0.606,NODE_14_length_66722_cov_39.833116,mobileOG_000368540_NODE_14_length_66722_cov_39.833116
602,"mobileOG_000336507|lexA|WP_000646078.1|phage|infection,regulation|Multiple|Homology",NODE_14_length_66722_cov_39.833116_12 # 10097 # 10705 # -1 # ID=14_12;partial=00;start_type=ATG;rbs_motif=AGxAGG/AGGxGG;rbs_spacer=3-4bp;gc_cont=0.606,92.1,370,202,1.61e-131,203,1,202,1,202,mobileOG_000336507,lexA,WP_000646078.1,phage,"infection,regulation",Multiple,Homology,NODE_14_length_66722_cov_39.833116_12, 10097 # 10705 # -1 , 10097,10705,-1 ,14_12,14,12,00,ATG,AGxAGG/AGGxGG,3-4bp,0.606,NODE_14_length_66722_cov_39.833116,mobileOG_000336507_NODE_14_length_66722_cov_39.833116
603,"mobileOG_000289013|lexA|WP_004206291.1|phage|infection,regulation|Plasmid RefSeq|Homology",NODE_14_length_66722_cov_39.833116_12 # 10097 # 10705 # -1 # ID=14_12;partial=00;start_type=ATG;rbs_motif=AGxAGG/AGGxGG;rbs_spacer=3-4bp;gc_cont=0.606,92.1,369,202,6.57e-131,203,1,202,1,202,mobileOG_000289013,lexA,WP_004206291.1,phage,"infection,regulation",Plasmid RefSeq,Homology,NODE_14_length_66722_cov_39.833116_12, 10097 # 10705 # -1 , 10097,10705,-1 ,14_12,14,12,00,ATG,AGxAGG/AGGxGG,3-4bp,0.606,NODE_14_length_66722_cov_39.833116,mobileOG_000289013_NODE_14_length_66722_cov_39.833116
604,"mobileOG_000334793|lexA|WP_002884822.1|phage|infection,regulation|Plasmid RefSeq|Homology",NODE_14_length_66722_cov_39.833116_12 # 10097 # 10705 # -1 # ID=14_12;partial=00;start_type=ATG;rbs_motif=AGxAGG/AGGxGG;rbs_spacer=3-4bp;gc_cont=0.606,91.6,369,202,9.33e-131,203,1,202,1,202,mobileOG_000334793,lexA,WP_002884822.1,phage,"infection,regulation",Plasmid RefSeq,Homology,NODE_14_length_66722_cov_39.833116_12, 10097 # 10705 # -1 , 10097,10705,-1 ,14_12,14,12,00,ATG,AGxAGG/AGGxGG,3-4bp,0.606,NODE_14_length_66722_cov_39.833116,mobileOG_000334793_NODE_14_length_66722_cov_39.833116
605,"mobileOG_000014656|lexA|A0A0D7LJ22|phage|infection,regulation|GPD|Manual",NODE_14_length_66722_cov_39.833116_12 # 10097 # 10705 # -1 # ID=14_12;partial=00;start_type=ATG;rbs_motif=AGxAGG/AGGxGG;rbs_spacer=3-4bp;gc_cont=0.606,90.6,367,202,3.80e-130,203,1,202,1,202,mobileOG_000014656,lexA,A0A0D7LJ22,phage,"infection,regulation",GPD,Manual,NODE_14_length_66722_cov_39.833116_12, 10097 # 10705 # -1 , 10097,10705,-1 ,14_12,14,12,00,ATG,AGxAGG/AGGxGG,3-4bp,0.606,NODE_14_length_66722_cov_39.833116,mobileOG_000014656_NODE_14_length_66722_cov_39.833116
606,mobileOG_000351518|lamB|WP_129993804.1|transfer|phage receptor|Plasmid RefSeq|Homology,NODE_14_length_66722_cov_39.833116_21 # 20127 # 21416 # -1 # ID=14_21;partial=00;start_type=ATG;rbs_motif=AGGAG;rbs_spacer=5-10bp;gc_cont=0.604,99.8,898,430,0.0,430,2,430,1,429,mobileOG_000351518,lamB,WP_129993804.1,transfer,phage receptor,Plasmid RefSeq,Homology,NODE_14_length_66722_cov_39.833116_21, 20127 # 21416 # -1 , 20127,21416,-1 ,14_21,14,21,00,ATG,AGGAG,5-10bp,0.604,NODE_14_length_66722_cov_39.833116,mobileOG_000351518_NODE_14_length_66722_cov_39.833116
607,mobileOG_000318999|lamB|WP_133160409.1|transfer|phage receptor|Plasmid RefSeq|Homology,NODE_14_length_66722_cov_39.833116_21 # 20127 # 21416 # -1 # ID=14_21;partial=00;start_type=ATG;rbs_motif=AGGAG;rbs_spacer=5-10bp;gc_cont=0.604,98.8,892,430,0.0,430,2,430,1,429,mobileOG_000318999,lamB,WP_133160409.1,transfer,phage receptor,Plasmid RefSeq,Homology,NODE_14_length_66722_cov_39.833116_21, 20127 # 21416 # -1 , 20127,21416,-1 ,14_21,14,21,00,ATG,AGGAG,5-10bp,0.604,NODE_14_length_66722_cov_39.833116,mobileOG_000318999_NODE_14_length_66722_cov_39.833116
608,mobileOG_000328592|seqA|WP_033651164.1|replication/recombination/repair|NA|Plasmid RefSeq|Homology,NODE_15_length_52569_cov_34.543740_16 # 20779 # 21321 # 1 # ID=15_16;partial=00;start_type=ATG;rbs_motif=GGA/GAG/AGG;rbs_spacer=5-10bp;gc_cont=0.595,98.9,343,180,2.03e-121,181,1,180,1,180,mobileOG_000328592,seqA,WP_033651164.1,replication/recombination/repair,NA,Plasmid RefSeq,Homology,NODE_15_length_52569_cov_34.543740_16, 20779 # 21321 # 1 , 20779,21321,1 ,15_16,15,16,00,ATG,GGA/GAG/AGG,5-10bp,0.595,NODE_15_length_52569_cov_34.543740,mobileOG_000328592_NODE_15_length_52569_cov_34.543740
609,mobileOG_000328591|seqA|WP_033637454.1|replication/recombination/repair|NA|Plasmid RefSeq|Homology,NODE_15_length_52569_cov_34.543740_16 # 20779 # 21321 # 1 # ID=15_16;partial=00;start_type=ATG;rbs_motif=GGA/GAG/AGG;rbs_spacer=5-10bp;gc_cont=0.595,96.7,335,180,4.58e-118,181,1,180,1,180,mobileOG_000328591,seqA,WP_033637454.1,replication/recombination/repair,NA,Plasmid RefSeq,Homology,NODE_15_length_52569_cov_34.543740_16, 20779 # 21321 # 1 , 20779,21321,1 ,15_16,15,16,00,ATG,GGA/GAG/AGG,5-10bp,0.595,NODE_15_length_52569_cov_34.543740,mobileOG_000328591_NODE_15_length_52569_cov_34.543740
610,mobileOG_000365502|nei|WP_033647160.1|replication/recombination/repair|NA|Plasmid RefSeq|Homology,NODE_15_length_52569_cov_34.543740_36 # 42083 # 42874 # 1 # ID=15_36;partial=00;start_type=ATG;rbs_motif=AGGAG;rbs_spacer=5-10bp;gc_cont=0.641,95.4,514,263,3.38e-186,264,1,263,1,263,mobileOG_000365502,nei,WP_033647160.1,replication/recombination/repair,NA,Plasmid RefSeq,Homology,NODE_15_length_52569_cov_34.543740_36, 42083 # 42874 # 1 , 42083,42874,1 ,15_36,15,36,00,ATG,AGGAG,5-10bp,0.641,NODE_15_length_52569_cov_34.543740,mobileOG_000365502_NODE_15_length_52569_cov_34.543740
611,mobileOG_000365516|nei|WP_101453420.1|replication/recombination/repair|NA|Plasmid RefSeq|Homology,NODE_15_length_52569_cov_34.543740_36 # 42083 # 42874 # 1 # ID=15_36;partial=00;start_type=ATG;rbs_motif=AGGAG;rbs_spacer=5-10bp;gc_cont=0.641,95.8,513,263,6.82e-186,264,1,263,1,263,mobileOG_000365516,nei,WP_101453420.1,replication/recombination/repair,NA,Plasmid RefSeq,Homology,NODE_15_length_52569_cov_34.543740_36, 42083 # 42874 # 1 , 42083,42874,1 ,15_36,15,36,00,ATG,AGGAG,5-10bp,0.641,NODE_15_length_52569_cov_34.543740,mobileOG_000365516_NODE_15_length_52569_cov_34.543740
612,mobileOG_000351512|comM|WP_101452725.1|transfer|competence|Plasmid RefSeq|Homology,NODE_17_length_31607_cov_41.914748_23 # 28299 # 29822 # 1 # ID=17_23;partial=00;start_type=ATG;rbs_motif=AGGAG;rbs_spacer=5-10bp;gc_cont=0.631,99.6,960,507,0.0,508,1,507,1,507,mobileOG_000351512,comM,WP_101452725.1,transfer,competence,Plasmid RefSeq,Homology,NODE_17_length_31607_cov_41.914748_23, 28299 # 29822 # 1 , 28299,29822,1 ,17_23,17,23,00,ATG,AGGAG,5-10bp,0.631,NODE_17_length_31607_cov_41.914748,mobileOG_000351512_NODE_17_length_31607_cov_41.914748
613,mobileOG_000323580|comM|WP_033649962.1|transfer|competence|Plasmid RefSeq|Homology,NODE_17_length_31607_cov_41.914748_23 # 28299 # 29822 # 1 # ID=17_23;partial=00;start_type=ATG;rbs_motif=AGGAG;rbs_spacer=5-10bp;gc_cont=0.631,94.5,911,507,0.0,508,1,507,1,507,mobileOG_000323580,comM,WP_033649962.1,transfer,competence,Plasmid RefSeq,Homology,NODE_17_length_31607_cov_41.914748_23, 28299 # 29822 # 1 , 28299,29822,1 ,17_23,17,23,00,ATG,AGGAG,5-10bp,0.631,NODE_17_length_31607_cov_41.914748,mobileOG_000323580_NODE_17_length_31607_cov_41.914748
614,mobileOG_000323577|comM|WP_101427545.1|transfer|competence|Plasmid RefSeq|Homology,NODE_17_length_31607_cov_41.914748_23 # 28299 # 29822 # 1 # ID=17_23;partial=00;start_type=ATG;rbs_motif=AGGAG;rbs_spacer=5-10bp;gc_cont=0.631,94.5,908,507,0.0,508,1,507,1,507,mobileOG_000323577,comM,WP_101427545.1,transfer,competence,Plasmid RefSeq,Homology,NODE_17_length_31607_cov_41.914748_23, 28299 # 29822 # 1 , 28299,29822,1 ,17_23,17,23,00,ATG,AGGAG,5-10bp,0.631,NODE_17_length_31607_cov_41.914748,mobileOG_000323577_NODE_17_length_31607_cov_41.914748
615,"mobileOG_000329613|nusG|WP_004929914.1|phage|regulation,infection|Plasmid RefSeq|Homology",NODE_18_length_30866_cov_41.617104_3 # 718 # 1263 # 1 # ID=18_3;partial=00;start_type=ATG;rbs_motif=GGAG/GAGG;rbs_spacer=5-10bp;gc_cont=0.564,100,364,181,8.97e-130,182,1,181,1,181,mobileOG_000329613,nusG,WP_004929914.1,phage,"regulation,infection",Plasmid RefSeq,Homology,NODE_18_length_30866_cov_41.617104_3, 718 # 1263 # 1 , 718,1263,1 ,18_3,18,3,00,ATG,GGAG/GAGG,5-10bp,0.564,NODE_18_length_30866_cov_41.617104,mobileOG_000329613_NODE_18_length_30866_cov_41.617104
616,"mobileOG_000331286|nusG|WP_004953928.1|phage|regulation,infection|Multiple|Homology",NODE_18_length_30866_cov_41.617104_3 # 718 # 1263 # 1 # ID=18_3;partial=00;start_type=ATG;rbs_motif=GGAG/GAGG;rbs_spacer=5-10bp;gc_cont=0.564,99.4,363,181,2.57e-129,182,1,181,1,181,mobileOG_000331286,nusG,WP_004953928.1,phage,"regulation,infection",Multiple,Homology,NODE_18_length_30866_cov_41.617104_3, 718 # 1263 # 1 , 718,1263,1 ,18_3,18,3,00,ATG,GGAG/GAGG,5-10bp,0.564,NODE_18_length_30866_cov_41.617104,mobileOG_000331286_NODE_18_length_30866_cov_41.617104
617,"mobileOG_000327581|nusG|WP_002210671.1|phage|regulation,infection|Plasmid RefSeq|Homology",NODE_18_length_30866_cov_41.617104_3 # 718 # 1263 # 1 # ID=18_3;partial=00;start_type=ATG;rbs_motif=GGAG/GAGG;rbs_spacer=5-10bp;gc_cont=0.564,99.4,362,181,5.19e-129,182,1,181,1,181,mobileOG_000327581,nusG,WP_002210671.1,phage,"regulation,infection",Plasmid RefSeq,Homology,NODE_18_length_30866_cov_41.617104_3, 718 # 1263 # 1 , 718,1263,1 ,18_3,18,3,00,ATG,GGAG/GAGG,5-10bp,0.564,NODE_18_length_30866_cov_41.617104,mobileOG_000327581_NODE_18_length_30866_cov_41.617104
618,"mobileOG_000324948|nusG|WP_001287521.1|phage|regulation,infection|Plasmid RefSeq|Homology",NODE_18_length_30866_cov_41.617104_3 # 718 # 1263 # 1 # ID=18_3;partial=00;start_type=ATG;rbs_motif=GGAG/GAGG;rbs_spacer=5-10bp;gc_cont=0.564,98.3,357,181,7.08e-127,182,1,180,1,180,mobileOG_000324948,nusG,WP_001287521.1,phage,"regulation,infection",Plasmid RefSeq,Homology,NODE_18_length_30866_cov_41.617104_3, 718 # 1263 # 1 , 718,1263,1 ,18_3,18,3,00,ATG,GGAG/GAGG,5-10bp,0.564,NODE_18_length_30866_cov_41.617104,mobileOG_000324948_NODE_18_length_30866_cov_41.617104
619,"mobileOG_000289012|nusG|WP_003862341.1|phage|regulation,infection|Plasmid RefSeq|Homology",NODE_18_length_30866_cov_41.617104_3 # 718 # 1263 # 1 # ID=18_3;partial=00;start_type=ATG;rbs_motif=GGAG/GAGG;rbs_spacer=5-10bp;gc_cont=0.564,97.8,356,181,2.03e-126,182,1,180,1,180,mobileOG_000289012,nusG,WP_003862341.1,phage,"regulation,infection",Plasmid RefSeq,Homology,NODE_18_length_30866_cov_41.617104_3, 718 # 1263 # 1 , 718,1263,1 ,18_3,18,3,00,ATG,GGAG/GAGG,5-10bp,0.564,NODE_18_length_30866_cov_41.617104,mobileOG_000289012_NODE_18_length_30866_cov_41.617104
620,"mobileOG_000331278|nusG|WP_001287516.1|phage|regulation,infection|Plasmid RefSeq|Homology",NODE_18_length_30866_cov_41.617104_3 # 718 # 1263 # 1 # ID=18_3;partial=00;start_type=ATG;rbs_motif=GGAG/GAGG;rbs_spacer=5-10bp;gc_cont=0.564,97.8,356,181,2.03e-126,182,1,180,1,180,mobileOG_000331278,nusG,WP_001287516.1,phage,"regulation,infection",Plasmid RefSeq,Homology,NODE_18_length_30866_cov_41.617104_3, 718 # 1263 # 1 , 718,1263,1 ,18_3,18,3,00,ATG,GGAG/GAGG,5-10bp,0.564,NODE_18_length_30866_cov_41.617104,mobileOG_000331278_NODE_18_length_30866_cov_41.617104
621,"mobileOG_000324956|nusG|WP_007665882.1|phage|regulation,infection|Plasmid RefSeq|Homology",NODE_18_length_30866_cov_41.617104_3 # 718 # 1263 # 1 # ID=18_3;partial=00;start_type=ATG;rbs_motif=GGAG/GAGG;rbs_spacer=5-10bp;gc_cont=0.564,97.8,355,181,2.89e-126,182,1,180,1,180,mobileOG_000324956,nusG,WP_007665882.1,phage,"regulation,infection",Plasmid RefSeq,Homology,NODE_18_length_30866_cov_41.617104_3, 718 # 1263 # 1 , 718,1263,1 ,18_3,18,3,00,ATG,GGAG/GAGG,5-10bp,0.564,NODE_18_length_30866_cov_41.617104,mobileOG_000324956_NODE_18_length_30866_cov_41.617104
622,"mobileOG_000329873|nusG|WP_127378540.1|phage|regulation,infection|Plasmid RefSeq|Homology",NODE_18_length_30866_cov_41.617104_3 # 718 # 1263 # 1 # ID=18_3;partial=00;start_type=ATG;rbs_motif=GGAG/GAGG;rbs_spacer=5-10bp;gc_cont=0.564,91.7,338,181,1.48e-119,182,1,180,1,180,mobileOG_000329873,nusG,WP_127378540.1,phage,"regulation,infection",Plasmid RefSeq,Homology,NODE_18_length_30866_cov_41.617104_3, 718 # 1263 # 1 , 718,1263,1 ,18_3,18,3,00,ATG,GGAG/GAGG,5-10bp,0.564,NODE_18_length_30866_cov_41.617104,mobileOG_000329873_NODE_18_length_30866_cov_41.617104
623,mobileOG_000368557|nfi|WP_033655325.1|replication/recombination/repair|NA|Plasmid RefSeq|Homology,NODE_18_length_30866_cov_41.617104_25 # 25010 # 25696 # 1 # ID=18_25;partial=00;start_type=GTG;rbs_motif=AGGA;rbs_spacer=5-10bp;gc_cont=0.674,96.9,454,228,1.38e-163,229,1,228,1,228,mobileOG_000368557,nfi,WP_033655325.1,replication/recombination/repair,NA,Plasmid RefSeq,Homology,NODE_18_length_30866_cov_41.617104_25, 25010 # 25696 # 1 , 25010,25696,1 ,18_25,18,25,00,GTG,AGGA,5-10bp,0.674,NODE_18_length_30866_cov_41.617104,mobileOG_000368557_NODE_18_length_30866_cov_41.617104
624,mobileOG_000365459|nfi|WP_020828728.1|replication/recombination/repair|NA|Multiple|Homology,NODE_18_length_30866_cov_41.617104_25 # 25010 # 25696 # 1 # ID=18_25;partial=00;start_type=GTG;rbs_motif=AGGA;rbs_spacer=5-10bp;gc_cont=0.674,91.2,429,228,5.56e-154,229,1,227,1,227,mobileOG_000365459,nfi,WP_020828728.1,replication/recombination/repair,NA,Multiple,Homology,NODE_18_length_30866_cov_41.617104_25, 25010 # 25696 # 1 , 25010,25696,1 ,18_25,18,25,00,GTG,AGGA,5-10bp,0.674,NODE_18_length_30866_cov_41.617104,mobileOG_000365459_NODE_18_length_30866_cov_41.617104
625,mobileOG_000026494|hupA|P52680|replication/recombination/repair|integration/excision|Plasmid RefSeq|Manual,NODE_18_length_30866_cov_41.617104_27 # 26525 # 26797 # 1 # ID=18_27;partial=00;start_type=ATG;rbs_motif=AGGA;rbs_spacer=5-10bp;gc_cont=0.476,100,170,90,1.08e-55,91,1,90,1,90,mobileOG_000026494,hupA,P52680,replication/recombination/repair,integration/excision,Plasmid RefSeq,Manual,NODE_18_length_30866_cov_41.617104_27, 26525 # 26797 # 1 , 26525,26797,1 ,18_27,18,27,00,ATG,AGGA,5-10bp,0.476,NODE_18_length_30866_cov_41.617104,mobileOG_000026494_NODE_18_length_30866_cov_41.617104
626,mobileOG_000336646|hup|WP_012004757.1|replication/recombination/repair|integration/excision|Multiple|Homology,NODE_18_length_30866_cov_41.617104_27 # 26525 # 26797 # 1 # ID=18_27;partial=00;start_type=ATG;rbs_motif=AGGA;rbs_spacer=5-10bp;gc_cont=0.476,98.9,169,90,3.10e-55,91,1,90,1,90,mobileOG_000336646,hup,WP_012004757.1,replication/recombination/repair,integration/excision,Multiple,Homology,NODE_18_length_30866_cov_41.617104_27, 26525 # 26797 # 1 , 26525,26797,1 ,18_27,18,27,00,ATG,AGGA,5-10bp,0.476,NODE_18_length_30866_cov_41.617104,mobileOG_000336646_NODE_18_length_30866_cov_41.617104
627,mobileOG_000353252|hup|WP_002884342.1|replication/recombination/repair|integration/excision|Plasmid RefSeq|Homology,NODE_18_length_30866_cov_41.617104_27 # 26525 # 26797 # 1 # ID=18_27;partial=00;start_type=ATG;rbs_motif=AGGA;rbs_spacer=5-10bp;gc_cont=0.476,97.8,167,90,1.80e-54,91,1,90,1,90,mobileOG_000353252,hup,WP_002884342.1,replication/recombination/repair,integration/excision,Plasmid RefSeq,Homology,NODE_18_length_30866_cov_41.617104_27, 26525 # 26797 # 1 , 26525,26797,1 ,18_27,18,27,00,ATG,AGGA,5-10bp,0.476,NODE_18_length_30866_cov_41.617104,mobileOG_000353252_NODE_18_length_30866_cov_41.617104
628,mobileOG_000296220|hup|WP_002445246.1|replication/recombination/repair|integration/excision|Plasmid RefSeq|Homology,NODE_18_length_30866_cov_41.617104_27 # 26525 # 26797 # 1 # ID=18_27;partial=00;start_type=ATG;rbs_motif=AGGA;rbs_spacer=5-10bp;gc_cont=0.476,96.7,165,90,7.33e-54,91,1,90,1,90,mobileOG_000296220,hup,WP_002445246.1,replication/recombination/repair,integration/excision,Plasmid RefSeq,Homology,NODE_18_length_30866_cov_41.617104_27, 26525 # 26797 # 1 , 26525,26797,1 ,18_27,18,27,00,ATG,AGGA,5-10bp,0.476,NODE_18_length_30866_cov_41.617104,mobileOG_000296220_NODE_18_length_30866_cov_41.617104
629,mobileOG_000024621|hupA|EBB54032.1|replication/recombination/repair|integration/excision|Plasmid RefSeq|Manual,NODE_18_length_30866_cov_41.617104_27 # 26525 # 26797 # 1 # ID=18_27;partial=00;start_type=ATG;rbs_motif=AGGA;rbs_spacer=5-10bp;gc_cont=0.476,95.6,164,90,2.99e-53,91,1,90,1,90,mobileOG_000024621,hupA,EBB54032.1,replication/recombination/repair,integration/excision,Plasmid RefSeq,Manual,NODE_18_length_30866_cov_41.617104_27, 26525 # 26797 # 1 , 26525,26797,1 ,18_27,18,27,00,ATG,AGGA,5-10bp,0.476,NODE_18_length_30866_cov_41.617104,mobileOG_000024621_NODE_18_length_30866_cov_41.617104
630,mobileOG_000351839|hup|WP_002210689.1|replication/recombination/repair|integration/excision|Plasmid RefSeq|Homology,NODE_18_length_30866_cov_41.617104_27 # 26525 # 26797 # 1 # ID=18_27;partial=00;start_type=ATG;rbs_motif=AGGA;rbs_spacer=5-10bp;gc_cont=0.476,95.6,163,91,4.38e-53,91,1,90,1,90,mobileOG_000351839,hup,WP_002210689.1,replication/recombination/repair,integration/excision,Plasmid RefSeq,Homology,NODE_18_length_30866_cov_41.617104_27, 26525 # 26797 # 1 , 26525,26797,1 ,18_27,18,27,00,ATG,AGGA,5-10bp,0.476,NODE_18_length_30866_cov_41.617104,mobileOG_000351839_NODE_18_length_30866_cov_41.617104
631,mobileOG_000025522|hupA|WP_001044513.1|replication/recombination/repair|integration/excision|Plasmid RefSeq|Manual,NODE_18_length_30866_cov_41.617104_27 # 26525 # 26797 # 1 # ID=18_27;partial=00;start_type=ATG;rbs_motif=AGGA;rbs_spacer=5-10bp;gc_cont=0.476,94.4,162,90,1.22e-52,91,1,90,1,90,mobileOG_000025522,hupA,WP_001044513.1,replication/recombination/repair,integration/excision,Plasmid RefSeq,Manual,NODE_18_length_30866_cov_41.617104_27, 26525 # 26797 # 1 , 26525,26797,1 ,18_27,18,27,00,ATG,AGGA,5-10bp,0.476,NODE_18_length_30866_cov_41.617104,mobileOG_000025522_NODE_18_length_30866_cov_41.617104
632,mobileOG_000332654|hup|WP_004242271.1|replication/recombination/repair|integration/excision|Plasmid RefSeq|Homology,NODE_18_length_30866_cov_41.617104_27 # 26525 # 26797 # 1 # ID=18_27;partial=00;start_type=ATG;rbs_motif=AGGA;rbs_spacer=5-10bp;gc_cont=0.476,90.0,157,90,1.17e-50,91,1,90,1,90,mobileOG_000332654,hup,WP_004242271.1,replication/recombination/repair,integration/excision,Plasmid RefSeq,Homology,NODE_18_length_30866_cov_41.617104_27, 26525 # 26797 # 1 , 26525,26797,1 ,18_27,18,27,00,ATG,AGGA,5-10bp,0.476,NODE_18_length_30866_cov_41.617104,mobileOG_000332654_NODE_18_length_30866_cov_41.617104
633,"mobileOG_000377485|ogr|WP_033637183.1|phage|regulation,lysis/lysogeny|Plasmid RefSeq|Homology",NODE_20_length_22253_cov_37.268624_13 # 9828 # 10055 # -1 # ID=20_13;partial=00;start_type=ATG;rbs_motif=AGxAGG/AGGxGG;rbs_spacer=5-10bp;gc_cont=0.583,97.3,157,75,5.71e-51,76,1,75,1,75,mobileOG_000377485,ogr,WP_033637183.1,phage,"regulation,lysis/lysogeny",Plasmid RefSeq,Homology,NODE_20_length_22253_cov_37.268624_13, 9828 # 10055 # -1 , 9828,10055,-1 ,20_13,20,13,00,ATG,AGxAGG/AGGxGG,5-10bp,0.583,NODE_20_length_22253_cov_37.268624,mobileOG_000377485_NODE_20_length_22253_cov_37.268624
634,mobileOG_000341888|rrrD|WP_033650023.1|phage|lysis|Plasmid RefSeq|Homology,NODE_20_length_22253_cov_37.268624_14 # 10120 # 10635 # -1 # ID=20_14;partial=00;start_type=ATG;rbs_motif=GGAGG;rbs_spacer=5-10bp;gc_cont=0.599,93.6,317,171,3.40e-111,172,1,171,1,171,mobileOG_000341888,rrrD,WP_033650023.1,phage,lysis,Plasmid RefSeq,Homology,NODE_20_length_22253_cov_37.268624_14, 10120 # 10635 # -1 , 10120,10635,-1 ,20_14,20,14,00,ATG,GGAGG,5-10bp,0.599,NODE_20_length_22253_cov_37.268624,mobileOG_000341888_NODE_20_length_22253_cov_37.268624
635,mobileOG_000368542|clpB|WP_025301647.1|phage|chaperone|Plasmid RefSeq|Homology,NODE_20_length_22253_cov_37.268624_24 # 19405 # 21978 # 1 # ID=20_24;partial=00;start_type=ATG;rbs_motif=GGAGG;rbs_spacer=3-4bp;gc_cont=0.581,99.9,1625,857,0.0,858,1,857,1,857,mobileOG_000368542,clpB,WP_025301647.1,phage,chaperone,Plasmid RefSeq,Homology,NODE_20_length_22253_cov_37.268624_24, 19405 # 21978 # 1 , 19405,21978,1 ,20_24,20,24,00,ATG,GGAGG,3-4bp,0.581,NODE_20_length_22253_cov_37.268624,mobileOG_000368542_NODE_20_length_22253_cov_37.268624
636,mobileOG_000282969|exc1|A0A0A0R2F0|stability/transfer/defense|NA|Multiple|Homology,NODE_23_length_4431_cov_201.390675_4 # 2823 # 3179 # -1 # ID=23_4;partial=00;start_type=ATG;rbs_motif=AGGAGG;rbs_spacer=5-10bp;gc_cont=0.602,92.4,223,118,7.39e-76,119,1,118,1,118,mobileOG_000282969,exc1,A0A0A0R2F0,stability/transfer/defense,NA,Multiple,Homology,NODE_23_length_4431_cov_201.390675_4, 2823 # 3179 # -1 , 2823,3179,-1 ,23_4,23,4,00,ATG,AGGAGG,5-10bp,0.602,NODE_23_length_4431_cov_201.390675,mobileOG_000282969_NODE_23_length_4431_cov_201.390675
637,mobileOG_000353844|exc1|WP_015379472.1|stability/transfer/defense|NA|Multiple|Homology,NODE_23_length_4431_cov_201.390675_4 # 2823 # 3179 # -1 # ID=23_4;partial=00;start_type=ATG;rbs_motif=AGGAGG;rbs_spacer=5-10bp;gc_cont=0.602,90.7,219,118,1.74e-74,119,1,118,1,118,mobileOG_000353844,exc1,WP_015379472.1,stability/transfer/defense,NA,Multiple,Homology,NODE_23_length_4431_cov_201.390675_4, 2823 # 3179 # -1 , 2823,3179,-1 ,23_4,23,4,00,ATG,AGGAGG,5-10bp,0.602,NODE_23_length_4431_cov_201.390675,mobileOG_000353844_NODE_23_length_4431_cov_201.390675
