,Sequence Title,Query Title,Pident,Bitscore,Subject Sequence Length,e-value,Query Sequence Length,Start of Alignment in Subject,End of Alignment in Query,Start of Alignment in Query,End of Alignment in Query,mobileOG ID,Gene Name,Best Hit Accession ID,Major mobileOG Category,Minor mobileOG Category,Source Database,Evidence Type,Contig/ORF Name,ORF_Start_Stop_Strands,ORF_Start,ORF_End,Sense or Antisense Strand,Prodigal ID,Prodigal Designated Contigs,Unique_ORF,Partial Tag,Start Codon,RBS Motif,RBS Spacer,GC Content,Specific Contig,Final Sample Name
0,mobileOG_000409709|NA:Keyword|WP_087942833.1|integration/excision|NA|COMPASS|Keyword Search,NODE_1_length_682687_cov_37.188547_2 # 290 # 901 # -1 # ID=1_2;partial=00;start_type=ATG;rbs_motif=None;rbs_spacer=None;gc_cont=0.364,98.5,374,290,2.26e-131,204,8,203,1,196,mobileOG_000409709,NA:Keyword,WP_087942833.1,integration/excision,NA,COMPASS,Keyword Search,NODE_1_length_682687_cov_37.188547_2, 290 # 901 # -1 , 290,901,-1 ,1_2,1,2,00,ATG,None,None,0.364,NODE_1_length_682687_cov_37.188547,mobileOG_000409709_NODE_1_length_682687_cov_37.188547
1,mobileOG_000409669|NA:Keyword|WP_144406502.1|integration/excision|NA|COMPASS|Keyword Search,NODE_1_length_682687_cov_37.188547_2 # 290 # 901 # -1 # ID=1_2;partial=00;start_type=ATG;rbs_motif=None;rbs_spacer=None;gc_cont=0.364,98.0,372,290,1.31e-130,204,8,203,1,196,mobileOG_000409669,NA:Keyword,WP_144406502.1,integration/excision,NA,COMPASS,Keyword Search,NODE_1_length_682687_cov_37.188547_2, 290 # 901 # -1 , 290,901,-1 ,1_2,1,2,00,ATG,None,None,0.364,NODE_1_length_682687_cov_37.188547,mobileOG_000409669_NODE_1_length_682687_cov_37.188547
2,mobileOG_000414876|NA:Keyword|WP_085960091.1|integration/excision|NA|COMPASS|Keyword Search,NODE_1_length_682687_cov_37.188547_2 # 290 # 901 # -1 # ID=1_2;partial=00;start_type=ATG;rbs_motif=None;rbs_spacer=None;gc_cont=0.364,97.4,371,290,2.63e-130,204,8,203,1,196,mobileOG_000414876,NA:Keyword,WP_085960091.1,integration/excision,NA,COMPASS,Keyword Search,NODE_1_length_682687_cov_37.188547_2, 290 # 901 # -1 , 290,901,-1 ,1_2,1,2,00,ATG,None,None,0.364,NODE_1_length_682687_cov_37.188547,mobileOG_000414876_NODE_1_length_682687_cov_37.188547
3,mobileOG_000411994|NA:Keyword|WP_154818497.1|integration/excision|NA|COMPASS|Keyword Search,NODE_1_length_682687_cov_37.188547_2 # 290 # 901 # -1 # ID=1_2;partial=00;start_type=ATG;rbs_motif=None;rbs_spacer=None;gc_cont=0.364,97.4,369,290,1.52e-129,204,8,203,1,196,mobileOG_000411994,NA:Keyword,WP_154818497.1,integration/excision,NA,COMPASS,Keyword Search,NODE_1_length_682687_cov_37.188547_2, 290 # 901 # -1 , 290,901,-1 ,1_2,1,2,00,ATG,None,None,0.364,NODE_1_length_682687_cov_37.188547,mobileOG_000411994_NODE_1_length_682687_cov_37.188547
4,mobileOG_000414897|NA:Keyword|WP_129542617.1|integration/excision|NA|COMPASS|Keyword Search,NODE_1_length_682687_cov_37.188547_2 # 290 # 901 # -1 # ID=1_2;partial=00;start_type=ATG;rbs_motif=None;rbs_spacer=None;gc_cont=0.364,97.4,369,290,1.52e-129,204,8,203,1,196,mobileOG_000414897,NA:Keyword,WP_129542617.1,integration/excision,NA,COMPASS,Keyword Search,NODE_1_length_682687_cov_37.188547_2, 290 # 901 # -1 , 290,901,-1 ,1_2,1,2,00,ATG,None,None,0.364,NODE_1_length_682687_cov_37.188547,mobileOG_000414897_NODE_1_length_682687_cov_37.188547
5,mobileOG_000748345|NA:Keyword|WP_087942833.1|integration/excision|NA|Plasmid RefSeq|Keyword Search,NODE_1_length_682687_cov_37.188547_2 # 290 # 901 # -1 # ID=1_2;partial=00;start_type=ATG;rbs_motif=None;rbs_spacer=None;gc_cont=0.364,98.5,374,447,4.46e-129,204,165,360,1,196,mobileOG_000748345,NA:Keyword,WP_087942833.1,integration/excision,NA,Plasmid RefSeq,Keyword Search,NODE_1_length_682687_cov_37.188547_2, 290 # 901 # -1 , 290,901,-1 ,1_2,1,2,00,ATG,None,None,0.364,NODE_1_length_682687_cov_37.188547,mobileOG_000748345_NODE_1_length_682687_cov_37.188547
6,mobileOG_000731151|NA:Keyword|WP_087942833.1|integration/excision|NA|Plasmid RefSeq|Keyword Search,NODE_1_length_682687_cov_37.188547_2 # 290 # 901 # -1 # ID=1_2;partial=00;start_type=ATG;rbs_motif=None;rbs_spacer=None;gc_cont=0.364,98.0,372,447,1.27e-128,204,165,360,1,196,mobileOG_000731151,NA:Keyword,WP_087942833.1,integration/excision,NA,Plasmid RefSeq,Keyword Search,NODE_1_length_682687_cov_37.188547_2, 290 # 901 # -1 , 290,901,-1 ,1_2,1,2,00,ATG,None,None,0.364,NODE_1_length_682687_cov_37.188547,mobileOG_000731151_NODE_1_length_682687_cov_37.188547
7,mobileOG_000741127|NA:Keyword|WP_085960091.1|integration/excision|NA|Plasmid RefSeq|Keyword Search,NODE_1_length_682687_cov_37.188547_2 # 290 # 901 # -1 # ID=1_2;partial=00;start_type=ATG;rbs_motif=None;rbs_spacer=None;gc_cont=0.364,97.4,371,447,5.14e-128,204,165,360,1,196,mobileOG_000741127,NA:Keyword,WP_085960091.1,integration/excision,NA,Plasmid RefSeq,Keyword Search,NODE_1_length_682687_cov_37.188547_2, 290 # 901 # -1 , 290,901,-1 ,1_2,1,2,00,ATG,None,None,0.364,NODE_1_length_682687_cov_37.188547,mobileOG_000741127_NODE_1_length_682687_cov_37.188547
8,mobileOG_000411202|NA:Keyword|WP_076611614.1|integration/excision|NA|COMPASS|Keyword Search,NODE_1_length_682687_cov_37.188547_2 # 290 # 901 # -1 # ID=1_2;partial=00;start_type=ATG;rbs_motif=None;rbs_spacer=None;gc_cont=0.364,94.9,364,290,1.02e-127,204,8,203,1,196,mobileOG_000411202,NA:Keyword,WP_076611614.1,integration/excision,NA,COMPASS,Keyword Search,NODE_1_length_682687_cov_37.188547_2, 290 # 901 # -1 , 290,901,-1 ,1_2,1,2,00,ATG,None,None,0.364,NODE_1_length_682687_cov_37.188547,mobileOG_000411202_NODE_1_length_682687_cov_37.188547
9,mobileOG_000755835|NA:Keyword|WP_139032841.1|integration/excision|NA|Plasmid RefSeq|Keyword Search,NODE_1_length_682687_cov_37.188547_2 # 290 # 901 # -1 # ID=1_2;partial=00;start_type=ATG;rbs_motif=None;rbs_spacer=None;gc_cont=0.364,97.4,370,447,1.03e-127,204,165,360,1,196,mobileOG_000755835,NA:Keyword,WP_139032841.1,integration/excision,NA,Plasmid RefSeq,Keyword Search,NODE_1_length_682687_cov_37.188547_2, 290 # 901 # -1 , 290,901,-1 ,1_2,1,2,00,ATG,None,None,0.364,NODE_1_length_682687_cov_37.188547,mobileOG_000755835_NODE_1_length_682687_cov_37.188547
10,mobileOG_000755869|NA:Keyword|WP_139032699.1|integration/excision|NA|Plasmid RefSeq|Keyword Search,NODE_1_length_682687_cov_37.188547_2 # 290 # 901 # -1 # ID=1_2;partial=00;start_type=ATG;rbs_motif=None;rbs_spacer=None;gc_cont=0.364,97.4,370,447,1.03e-127,204,165,360,1,196,mobileOG_000755869,NA:Keyword,WP_139032699.1,integration/excision,NA,Plasmid RefSeq,Keyword Search,NODE_1_length_682687_cov_37.188547_2, 290 # 901 # -1 , 290,901,-1 ,1_2,1,2,00,ATG,None,None,0.364,NODE_1_length_682687_cov_37.188547,mobileOG_000755869_NODE_1_length_682687_cov_37.188547
11,mobileOG_000760667|NA:Keyword|Q4V1D4|integration/excision|NA|ACLAME|Keyword Search,NODE_1_length_682687_cov_37.188547_2 # 290 # 901 # -1 # ID=1_2;partial=00;start_type=ATG;rbs_motif=None;rbs_spacer=None;gc_cont=0.364,94.9,364,296,1.26e-127,204,14,209,1,196,mobileOG_000760667,NA:Keyword,Q4V1D4,integration/excision,NA,ACLAME,Keyword Search,NODE_1_length_682687_cov_37.188547_2, 290 # 901 # -1 , 290,901,-1 ,1_2,1,2,00,ATG,None,None,0.364,NODE_1_length_682687_cov_37.188547,mobileOG_000760667_NODE_1_length_682687_cov_37.188547
12,mobileOG_000724412|NA:Keyword|WP_076611614.1|integration/excision|NA|ISFinder|Keyword Search,NODE_1_length_682687_cov_37.188547_2 # 290 # 901 # -1 # ID=1_2;partial=00;start_type=ATG;rbs_motif=None;rbs_spacer=None;gc_cont=0.364,94.9,364,318,2.68e-127,204,36,231,1,196,mobileOG_000724412,NA:Keyword,WP_076611614.1,integration/excision,NA,ISFinder,Keyword Search,NODE_1_length_682687_cov_37.188547_2, 290 # 901 # -1 , 290,901,-1 ,1_2,1,2,00,ATG,None,None,0.364,NODE_1_length_682687_cov_37.188547,mobileOG_000724412_NODE_1_length_682687_cov_37.188547
13,mobileOG_000750453|NA:Keyword|WP_129542617.1|integration/excision|NA|Plasmid RefSeq|Keyword Search,NODE_1_length_682687_cov_37.188547_2 # 290 # 901 # -1 # ID=1_2;partial=00;start_type=ATG;rbs_motif=None;rbs_spacer=None;gc_cont=0.364,97.4,369,447,2.94e-127,204,165,360,1,196,mobileOG_000750453,NA:Keyword,WP_129542617.1,integration/excision,NA,Plasmid RefSeq,Keyword Search,NODE_1_length_682687_cov_37.188547_2, 290 # 901 # -1 , 290,901,-1 ,1_2,1,2,00,ATG,None,None,0.364,NODE_1_length_682687_cov_37.188547,mobileOG_000750453_NODE_1_length_682687_cov_37.188547
14,mobileOG_000416867|NA:Keyword|WP_155759253.1|integration/excision|NA|COMPASS|Keyword Search,NODE_1_length_682687_cov_37.188547_2 # 290 # 901 # -1 # ID=1_2;partial=00;start_type=ATG;rbs_motif=None;rbs_spacer=None;gc_cont=0.364,94.4,361,290,1.68e-126,204,8,203,1,196,mobileOG_000416867,NA:Keyword,WP_155759253.1,integration/excision,NA,COMPASS,Keyword Search,NODE_1_length_682687_cov_37.188547_2, 290 # 901 # -1 , 290,901,-1 ,1_2,1,2,00,ATG,None,None,0.364,NODE_1_length_682687_cov_37.188547,mobileOG_000416867_NODE_1_length_682687_cov_37.188547
15,mobileOG_000409668|NA:Keyword|A0A0F6FTI2|integration/excision|NA|COMPASS|Keyword Search,NODE_1_length_682687_cov_37.188547_3 # 967 # 1383 # -1 # ID=1_3;partial=00;start_type=ATG;rbs_motif=GGAG/GAGG;rbs_spacer=5-10bp;gc_cont=0.336,97.8,260,138,7.44e-90,139,1,138,1,138,mobileOG_000409668,NA:Keyword,A0A0F6FTI2,integration/excision,NA,COMPASS,Keyword Search,NODE_1_length_682687_cov_37.188547_3, 967 # 1383 # -1 , 967,1383,-1 ,1_3,1,3,00,ATG,GGAG/GAGG,5-10bp,0.336,NODE_1_length_682687_cov_37.188547,mobileOG_000409668_NODE_1_length_682687_cov_37.188547
16,mobileOG_000402975|NA:Keyword|A0A1B2RCC2|integration/excision|NA|COMPASS|Keyword Search,NODE_1_length_682687_cov_37.188547_3 # 967 # 1383 # -1 # ID=1_3;partial=00;start_type=ATG;rbs_motif=GGAG/GAGG;rbs_spacer=5-10bp;gc_cont=0.336,94.9,248,145,5.02e-85,139,10,145,3,138,mobileOG_000402975,NA:Keyword,A0A1B2RCC2,integration/excision,NA,COMPASS,Keyword Search,NODE_1_length_682687_cov_37.188547_3, 967 # 1383 # -1 , 967,1383,-1 ,1_3,1,3,00,ATG,GGAG/GAGG,5-10bp,0.336,NODE_1_length_682687_cov_37.188547,mobileOG_000402975_NODE_1_length_682687_cov_37.188547
17,mobileOG_000411203|NA:Keyword|C3DUA5|integration/excision|NA|COMPASS|Keyword Search,NODE_1_length_682687_cov_37.188547_3 # 967 # 1383 # -1 # ID=1_3;partial=00;start_type=ATG;rbs_motif=GGAG/GAGG;rbs_spacer=5-10bp;gc_cont=0.336,91.0,233,134,4.36e-79,139,1,133,1,133,mobileOG_000411203,NA:Keyword,C3DUA5,integration/excision,NA,COMPASS,Keyword Search,NODE_1_length_682687_cov_37.188547_3, 967 # 1383 # -1 , 967,1383,-1 ,1_3,1,3,00,ATG,GGAG/GAGG,5-10bp,0.336,NODE_1_length_682687_cov_37.188547,mobileOG_000411203_NODE_1_length_682687_cov_37.188547
18,mobileOG_000724411|NA:Keyword|C3DUA5|integration/excision|NA|Multiple|Keyword Search,NODE_1_length_682687_cov_37.188547_3 # 967 # 1383 # -1 # ID=1_3;partial=00;start_type=ATG;rbs_motif=GGAG/GAGG;rbs_spacer=5-10bp;gc_cont=0.336,91.0,233,137,4.82e-79,139,4,136,1,133,mobileOG_000724411,NA:Keyword,C3DUA5,integration/excision,NA,Multiple,Keyword Search,NODE_1_length_682687_cov_37.188547_3, 967 # 1383 # -1 , 967,1383,-1 ,1_3,1,3,00,ATG,GGAG/GAGG,5-10bp,0.336,NODE_1_length_682687_cov_37.188547,mobileOG_000724411_NODE_1_length_682687_cov_37.188547
19,mobileOG_000731151|NA:Keyword|WP_087942833.1|integration/excision|NA|Plasmid RefSeq|Keyword Search,NODE_1_length_682687_cov_37.188547_3 # 967 # 1383 # -1 # ID=1_3;partial=00;start_type=ATG;rbs_motif=GGAG/GAGG;rbs_spacer=5-10bp;gc_cont=0.336,98.4,243,447,7.78e-79,139,4,130,1,127,mobileOG_000731151,NA:Keyword,WP_087942833.1,integration/excision,NA,Plasmid RefSeq,Keyword Search,NODE_1_length_682687_cov_37.188547_3, 967 # 1383 # -1 , 967,1383,-1 ,1_3,1,3,00,ATG,GGAG/GAGG,5-10bp,0.336,NODE_1_length_682687_cov_37.188547,mobileOG_000731151_NODE_1_length_682687_cov_37.188547
20,mobileOG_000741127|NA:Keyword|WP_085960091.1|integration/excision|NA|Plasmid RefSeq|Keyword Search,NODE_1_length_682687_cov_37.188547_3 # 967 # 1383 # -1 # ID=1_3;partial=00;start_type=ATG;rbs_motif=GGAG/GAGG;rbs_spacer=5-10bp;gc_cont=0.336,97.6,240,447,8.77e-78,139,4,130,1,127,mobileOG_000741127,NA:Keyword,WP_085960091.1,integration/excision,NA,Plasmid RefSeq,Keyword Search,NODE_1_length_682687_cov_37.188547_3, 967 # 1383 # -1 , 967,1383,-1 ,1_3,1,3,00,ATG,GGAG/GAGG,5-10bp,0.336,NODE_1_length_682687_cov_37.188547,mobileOG_000741127_NODE_1_length_682687_cov_37.188547
21,mobileOG_000748345|NA:Keyword|WP_087942833.1|integration/excision|NA|Plasmid RefSeq|Keyword Search,NODE_1_length_682687_cov_37.188547_3 # 967 # 1383 # -1 # ID=1_3;partial=00;start_type=ATG;rbs_motif=GGAG/GAGG;rbs_spacer=5-10bp;gc_cont=0.336,97.6,240,447,8.77e-78,139,4,130,1,127,mobileOG_000748345,NA:Keyword,WP_087942833.1,integration/excision,NA,Plasmid RefSeq,Keyword Search,NODE_1_length_682687_cov_37.188547_3, 967 # 1383 # -1 , 967,1383,-1 ,1_3,1,3,00,ATG,GGAG/GAGG,5-10bp,0.336,NODE_1_length_682687_cov_37.188547,mobileOG_000748345_NODE_1_length_682687_cov_37.188547
22,mobileOG_000748450|NA:Keyword|WP_085961348.1|integration/excision|NA|Plasmid RefSeq|Keyword Search,NODE_1_length_682687_cov_37.188547_3 # 967 # 1383 # -1 # ID=1_3;partial=00;start_type=ATG;rbs_motif=GGAG/GAGG;rbs_spacer=5-10bp;gc_cont=0.336,97.6,240,447,8.77e-78,139,4,130,1,127,mobileOG_000748450,NA:Keyword,WP_085961348.1,integration/excision,NA,Plasmid RefSeq,Keyword Search,NODE_1_length_682687_cov_37.188547_3, 967 # 1383 # -1 , 967,1383,-1 ,1_3,1,3,00,ATG,GGAG/GAGG,5-10bp,0.336,NODE_1_length_682687_cov_37.188547,mobileOG_000748450_NODE_1_length_682687_cov_37.188547
23,mobileOG_000755835|NA:Keyword|WP_139032841.1|integration/excision|NA|Plasmid RefSeq|Keyword Search,NODE_1_length_682687_cov_37.188547_3 # 967 # 1383 # -1 # ID=1_3;partial=00;start_type=ATG;rbs_motif=GGAG/GAGG;rbs_spacer=5-10bp;gc_cont=0.336,97.6,240,447,8.77e-78,139,4,130,1,127,mobileOG_000755835,NA:Keyword,WP_139032841.1,integration/excision,NA,Plasmid RefSeq,Keyword Search,NODE_1_length_682687_cov_37.188547_3, 967 # 1383 # -1 , 967,1383,-1 ,1_3,1,3,00,ATG,GGAG/GAGG,5-10bp,0.336,NODE_1_length_682687_cov_37.188547,mobileOG_000755835_NODE_1_length_682687_cov_37.188547
24,mobileOG_000755869|NA:Keyword|WP_139032699.1|integration/excision|NA|Plasmid RefSeq|Keyword Search,NODE_1_length_682687_cov_37.188547_3 # 967 # 1383 # -1 # ID=1_3;partial=00;start_type=ATG;rbs_motif=GGAG/GAGG;rbs_spacer=5-10bp;gc_cont=0.336,97.6,240,447,8.77e-78,139,4,130,1,127,mobileOG_000755869,NA:Keyword,WP_139032699.1,integration/excision,NA,Plasmid RefSeq,Keyword Search,NODE_1_length_682687_cov_37.188547_3, 967 # 1383 # -1 , 967,1383,-1 ,1_3,1,3,00,ATG,GGAG/GAGG,5-10bp,0.336,NODE_1_length_682687_cov_37.188547,mobileOG_000755869_NODE_1_length_682687_cov_37.188547
25,mobileOG_000750453|NA:Keyword|WP_129542617.1|integration/excision|NA|Plasmid RefSeq|Keyword Search,NODE_1_length_682687_cov_37.188547_3 # 967 # 1383 # -1 # ID=1_3;partial=00;start_type=ATG;rbs_motif=GGAG/GAGG;rbs_spacer=5-10bp;gc_cont=0.336,96.9,239,447,2.48e-77,139,4,130,1,127,mobileOG_000750453,NA:Keyword,WP_129542617.1,integration/excision,NA,Plasmid RefSeq,Keyword Search,NODE_1_length_682687_cov_37.188547_3, 967 # 1383 # -1 , 967,1383,-1 ,1_3,1,3,00,ATG,GGAG/GAGG,5-10bp,0.336,NODE_1_length_682687_cov_37.188547,mobileOG_000750453_NODE_1_length_682687_cov_37.188547
26,mobileOG_000064673|insK|R8GGY8|integration/excision|NA|COMPASS|Homology,NODE_1_length_682687_cov_37.188547_429 # 414583 # 415380 # -1 # ID=1_429;partial=00;start_type=GTG;rbs_motif=GGA/GAG/AGG;rbs_spacer=5-10bp;gc_cont=0.366,97.7,510,265,9.29e-185,266,1,265,1,265,mobileOG_000064673,insK,R8GGY8,integration/excision,NA,COMPASS,Homology,NODE_1_length_682687_cov_37.188547_429, 414583 # 415380 # -1 , 414583,415380,-1 ,1_429,1,429,00,GTG,GGA/GAG/AGG,5-10bp,0.366,NODE_1_length_682687_cov_37.188547,mobileOG_000064673_NODE_1_length_682687_cov_37.188547
27,mobileOG_000064565|insK|WP_085965074.1|integration/excision|NA|COMPASS|Homology,NODE_1_length_682687_cov_37.188547_429 # 414583 # 415380 # -1 # ID=1_429;partial=00;start_type=GTG;rbs_motif=GGA/GAG/AGG;rbs_spacer=5-10bp;gc_cont=0.366,97.4,509,265,3.78e-184,266,1,265,1,265,mobileOG_000064565,insK,WP_085965074.1,integration/excision,NA,COMPASS,Homology,NODE_1_length_682687_cov_37.188547_429, 414583 # 415380 # -1 , 414583,415380,-1 ,1_429,1,429,00,GTG,GGA/GAG/AGG,5-10bp,0.366,NODE_1_length_682687_cov_37.188547,mobileOG_000064565_NODE_1_length_682687_cov_37.188547
28,mobileOG_000001547|tnp|Q4V1F0|integration/excision|NA|ACLAME|Manual,NODE_1_length_682687_cov_37.188547_429 # 414583 # 415380 # -1 # ID=1_429;partial=00;start_type=GTG;rbs_motif=GGA/GAG/AGG;rbs_spacer=5-10bp;gc_cont=0.366,97.0,507,269,1.78e-183,266,5,269,1,265,mobileOG_000001547,tnp,Q4V1F0,integration/excision,NA,ACLAME,Manual,NODE_1_length_682687_cov_37.188547_429, 414583 # 415380 # -1 , 414583,415380,-1 ,1_429,1,429,00,GTG,GGA/GAG/AGG,5-10bp,0.366,NODE_1_length_682687_cov_37.188547,mobileOG_000001547_NODE_1_length_682687_cov_37.188547
29,mobileOG_000067969|insK|WP_119684364.1|integration/excision|NA|COMPASS|Homology,NODE_1_length_682687_cov_37.188547_429 # 414583 # 415380 # -1 # ID=1_429;partial=00;start_type=GTG;rbs_motif=GGA/GAG/AGG;rbs_spacer=5-10bp;gc_cont=0.366,97.0,506,265,3.11e-183,266,1,265,1,265,mobileOG_000067969,insK,WP_119684364.1,integration/excision,NA,COMPASS,Homology,NODE_1_length_682687_cov_37.188547_429, 414583 # 415380 # -1 , 414583,415380,-1 ,1_429,1,429,00,GTG,GGA/GAG/AGG,5-10bp,0.366,NODE_1_length_682687_cov_37.188547,mobileOG_000067969_NODE_1_length_682687_cov_37.188547
30,mobileOG_000066909|insK|A0A0K0QHM1|integration/excision|NA|COMPASS|Homology,NODE_1_length_682687_cov_37.188547_429 # 414583 # 415380 # -1 # ID=1_429;partial=00;start_type=GTG;rbs_motif=GGA/GAG/AGG;rbs_spacer=5-10bp;gc_cont=0.366,97.0,506,265,4.41e-183,266,1,265,1,265,mobileOG_000066909,insK,A0A0K0QHM1,integration/excision,NA,COMPASS,Homology,NODE_1_length_682687_cov_37.188547_429, 414583 # 415380 # -1 , 414583,415380,-1 ,1_429,1,429,00,GTG,GGA/GAG/AGG,5-10bp,0.366,NODE_1_length_682687_cov_37.188547,mobileOG_000066909_NODE_1_length_682687_cov_37.188547
31,mobileOG_000306935|insK|WP_098630116.1|integration/excision|NA|Plasmid RefSeq|Homology,NODE_1_length_682687_cov_37.188547_429 # 414583 # 415380 # -1 # ID=1_429;partial=00;start_type=GTG;rbs_motif=GGA/GAG/AGG;rbs_spacer=5-10bp;gc_cont=0.366,97.4,509,451,3.02e-181,266,187,451,1,265,mobileOG_000306935,insK,WP_098630116.1,integration/excision,NA,Plasmid RefSeq,Homology,NODE_1_length_682687_cov_37.188547_429, 414583 # 415380 # -1 , 414583,415380,-1 ,1_429,1,429,00,GTG,GGA/GAG/AGG,5-10bp,0.366,NODE_1_length_682687_cov_37.188547,mobileOG_000306935_NODE_1_length_682687_cov_37.188547
32,mobileOG_000308418|insK|WP_085959128.1|integration/excision|NA|Plasmid RefSeq|Homology,NODE_1_length_682687_cov_37.188547_429 # 414583 # 415380 # -1 # ID=1_429;partial=00;start_type=GTG;rbs_motif=GGA/GAG/AGG;rbs_spacer=5-10bp;gc_cont=0.366,97.4,509,451,3.02e-181,266,187,451,1,265,mobileOG_000308418,insK,WP_085959128.1,integration/excision,NA,Plasmid RefSeq,Homology,NODE_1_length_682687_cov_37.188547_429, 414583 # 415380 # -1 , 414583,415380,-1 ,1_429,1,429,00,GTG,GGA/GAG/AGG,5-10bp,0.366,NODE_1_length_682687_cov_37.188547,mobileOG_000308418_NODE_1_length_682687_cov_37.188547
33,mobileOG_000308724|insK|WP_100910829.1|integration/excision|NA|Plasmid RefSeq|Homology,NODE_1_length_682687_cov_37.188547_429 # 414583 # 415380 # -1 # ID=1_429;partial=00;start_type=GTG;rbs_motif=GGA/GAG/AGG;rbs_spacer=5-10bp;gc_cont=0.366,97.4,509,451,3.02e-181,266,187,451,1,265,mobileOG_000308724,insK,WP_100910829.1,integration/excision,NA,Plasmid RefSeq,Homology,NODE_1_length_682687_cov_37.188547_429, 414583 # 415380 # -1 , 414583,415380,-1 ,1_429,1,429,00,GTG,GGA/GAG/AGG,5-10bp,0.366,NODE_1_length_682687_cov_37.188547,mobileOG_000308724_NODE_1_length_682687_cov_37.188547
34,mobileOG_000345371|insK|WP_149217232.1|integration/excision|NA|Plasmid RefSeq|Homology,NODE_1_length_682687_cov_37.188547_429 # 414583 # 415380 # -1 # ID=1_429;partial=00;start_type=GTG;rbs_motif=GGA/GAG/AGG;rbs_spacer=5-10bp;gc_cont=0.366,97.4,509,454,3.36e-181,266,190,454,1,265,mobileOG_000345371,insK,WP_149217232.1,integration/excision,NA,Plasmid RefSeq,Homology,NODE_1_length_682687_cov_37.188547_429, 414583 # 415380 # -1 , 414583,415380,-1 ,1_429,1,429,00,GTG,GGA/GAG/AGG,5-10bp,0.366,NODE_1_length_682687_cov_37.188547,mobileOG_000345371_NODE_1_length_682687_cov_37.188547
35,mobileOG_000303422|insK|WP_085965074.1|integration/excision|NA|Plasmid RefSeq|Homology,NODE_1_length_682687_cov_37.188547_429 # 414583 # 415380 # -1 # ID=1_429;partial=00;start_type=GTG;rbs_motif=GGA/GAG/AGG;rbs_spacer=5-10bp;gc_cont=0.366,97.0,507,451,1.23e-180,266,187,451,1,265,mobileOG_000303422,insK,WP_085965074.1,integration/excision,NA,Plasmid RefSeq,Homology,NODE_1_length_682687_cov_37.188547_429, 414583 # 415380 # -1 , 414583,415380,-1 ,1_429,1,429,00,GTG,GGA/GAG/AGG,5-10bp,0.366,NODE_1_length_682687_cov_37.188547,mobileOG_000303422_NODE_1_length_682687_cov_37.188547
36,mobileOG_000039731|insK|WP_095209622.1|integration/excision|NA|COMPASS|Homology,NODE_1_length_682687_cov_37.188547_429 # 414583 # 415380 # -1 # ID=1_429;partial=00;start_type=GTG;rbs_motif=GGA/GAG/AGG;rbs_spacer=5-10bp;gc_cont=0.366,96.2,500,297,2.75e-180,266,33,297,1,265,mobileOG_000039731,insK,WP_095209622.1,integration/excision,NA,COMPASS,Homology,NODE_1_length_682687_cov_37.188547_429, 414583 # 415380 # -1 , 414583,415380,-1 ,1_429,1,429,00,GTG,GGA/GAG/AGG,5-10bp,0.366,NODE_1_length_682687_cov_37.188547,mobileOG_000039731_NODE_1_length_682687_cov_37.188547
37,mobileOG_000040790|insK|WP_157404958.1|integration/excision|NA|COMPASS|Homology,NODE_1_length_682687_cov_37.188547_429 # 414583 # 415380 # -1 # ID=1_429;partial=00;start_type=GTG;rbs_motif=GGA/GAG/AGG;rbs_spacer=5-10bp;gc_cont=0.366,94.7,498,265,9.96e-180,266,1,265,1,265,mobileOG_000040790,insK,WP_157404958.1,integration/excision,NA,COMPASS,Homology,NODE_1_length_682687_cov_37.188547_429, 414583 # 415380 # -1 , 414583,415380,-1 ,1_429,1,429,00,GTG,GGA/GAG/AGG,5-10bp,0.366,NODE_1_length_682687_cov_37.188547,mobileOG_000040790_NODE_1_length_682687_cov_37.188547
38,mobileOG_000066906|insK|A0A0K0QMS1|integration/excision|NA|COMPASS|Homology,NODE_1_length_682687_cov_37.188547_429 # 414583 # 415380 # -1 # ID=1_429;partial=00;start_type=GTG;rbs_motif=GGA/GAG/AGG;rbs_spacer=5-10bp;gc_cont=0.366,95.8,498,265,9.96e-180,266,1,265,1,265,mobileOG_000066906,insK,A0A0K0QMS1,integration/excision,NA,COMPASS,Homology,NODE_1_length_682687_cov_37.188547_429, 414583 # 415380 # -1 , 414583,415380,-1 ,1_429,1,429,00,GTG,GGA/GAG/AGG,5-10bp,0.366,NODE_1_length_682687_cov_37.188547,mobileOG_000066906_NODE_1_length_682687_cov_37.188547
39,mobileOG_000315793|insK|WP_119684364.1|integration/excision|NA|Plasmid RefSeq|Homology,NODE_1_length_682687_cov_37.188547_429 # 414583 # 415380 # -1 # ID=1_429;partial=00;start_type=GTG;rbs_motif=GGA/GAG/AGG;rbs_spacer=5-10bp;gc_cont=0.366,96.6,505,451,1.00e-179,266,187,451,1,265,mobileOG_000315793,insK,WP_119684364.1,integration/excision,NA,Plasmid RefSeq,Homology,NODE_1_length_682687_cov_37.188547_429, 414583 # 415380 # -1 , 414583,415380,-1 ,1_429,1,429,00,GTG,GGA/GAG/AGG,5-10bp,0.366,NODE_1_length_682687_cov_37.188547,mobileOG_000315793_NODE_1_length_682687_cov_37.188547
40,mobileOG_000353518|insK|WP_155417072.1|integration/excision|NA|Plasmid RefSeq|Homology,NODE_1_length_682687_cov_37.188547_429 # 414583 # 415380 # -1 # ID=1_429;partial=00;start_type=GTG;rbs_motif=GGA/GAG/AGG;rbs_spacer=5-10bp;gc_cont=0.366,96.6,504,451,1.42e-179,266,187,451,1,265,mobileOG_000353518,insK,WP_155417072.1,integration/excision,NA,Plasmid RefSeq,Homology,NODE_1_length_682687_cov_37.188547_429, 414583 # 415380 # -1 , 414583,415380,-1 ,1_429,1,429,00,GTG,GGA/GAG/AGG,5-10bp,0.366,NODE_1_length_682687_cov_37.188547,mobileOG_000353518_NODE_1_length_682687_cov_37.188547
41,mobileOG_000036337|tnp|J3WUH8|integration/excision|NA|Multiple|Homology,NODE_1_length_682687_cov_37.188547_430 # 415419 # 415937 # -1 # ID=1_430;partial=00;start_type=ATG;rbs_motif=AGGA/GGAG/GAGG;rbs_spacer=11-12bp;gc_cont=0.353,97.1,321,172,7.71e-113,173,1,172,1,172,mobileOG_000036337,tnp,J3WUH8,integration/excision,NA,Multiple,Homology,NODE_1_length_682687_cov_37.188547_430, 415419 # 415937 # -1 , 415419,415937,-1 ,1_430,1,430,00,ATG,AGGA/GGAG/GAGG,11-12bp,0.353,NODE_1_length_682687_cov_37.188547,mobileOG_000036337_NODE_1_length_682687_cov_37.188547
42,mobileOG_000045848|tnp|J3WUH8|integration/excision|NA|COMPASS|Homology,NODE_1_length_682687_cov_37.188547_430 # 415419 # 415937 # -1 # ID=1_430;partial=00;start_type=ATG;rbs_motif=AGGA/GGAG/GAGG;rbs_spacer=11-12bp;gc_cont=0.353,97.1,320,172,2.21e-112,173,1,171,1,171,mobileOG_000045848,tnp,J3WUH8,integration/excision,NA,COMPASS,Homology,NODE_1_length_682687_cov_37.188547_430, 415419 # 415937 # -1 , 415419,415937,-1 ,1_430,1,430,00,ATG,AGGA/GGAG/GAGG,11-12bp,0.353,NODE_1_length_682687_cov_37.188547,mobileOG_000045848_NODE_1_length_682687_cov_37.188547
43,mobileOG_000066910|tnp|A0A0K0QB73|integration/excision|NA|COMPASS|Homology,NODE_1_length_682687_cov_37.188547_430 # 415419 # 415937 # -1 # ID=1_430;partial=00;start_type=ATG;rbs_motif=AGGA/GGAG/GAGG;rbs_spacer=11-12bp;gc_cont=0.353,96.5,320,172,2.21e-112,173,1,172,1,172,mobileOG_000066910,tnp,A0A0K0QB73,integration/excision,NA,COMPASS,Homology,NODE_1_length_682687_cov_37.188547_430, 415419 # 415937 # -1 , 415419,415937,-1 ,1_430,1,430,00,ATG,AGGA/GGAG/GAGG,11-12bp,0.353,NODE_1_length_682687_cov_37.188547,mobileOG_000066910_NODE_1_length_682687_cov_37.188547
44,mobileOG_000100349|tnp|R8H1V0|integration/excision|NA|GPD|Homology,NODE_1_length_682687_cov_37.188547_430 # 415419 # 415937 # -1 # ID=1_430;partial=00;start_type=ATG;rbs_motif=AGGA/GGAG/GAGG;rbs_spacer=11-12bp;gc_cont=0.353,96.5,320,172,2.21e-112,173,1,172,1,172,mobileOG_000100349,tnp,R8H1V0,integration/excision,NA,GPD,Homology,NODE_1_length_682687_cov_37.188547_430, 415419 # 415937 # -1 , 415419,415937,-1 ,1_430,1,430,00,ATG,AGGA/GGAG/GAGG,11-12bp,0.353,NODE_1_length_682687_cov_37.188547,mobileOG_000100349_NODE_1_length_682687_cov_37.188547
45,mobileOG_000067971|tnp|J8NIU1|integration/excision|NA|COMPASS|Homology,NODE_1_length_682687_cov_37.188547_430 # 415419 # 415937 # -1 # ID=1_430;partial=00;start_type=ATG;rbs_motif=AGGA/GGAG/GAGG;rbs_spacer=11-12bp;gc_cont=0.353,95.3,316,172,5.21e-111,173,1,172,1,172,mobileOG_000067971,tnp,J8NIU1,integration/excision,NA,COMPASS,Homology,NODE_1_length_682687_cov_37.188547_430, 415419 # 415937 # -1 , 415419,415937,-1 ,1_430,1,430,00,ATG,AGGA/GGAG/GAGG,11-12bp,0.353,NODE_1_length_682687_cov_37.188547,mobileOG_000067971_NODE_1_length_682687_cov_37.188547
46,mobileOG_000274650|tnp|A0A162RKR8|integration/excision|NA|ISFinder|Homology,NODE_1_length_682687_cov_37.188547_430 # 415419 # 415937 # -1 # ID=1_430;partial=00;start_type=ATG;rbs_motif=AGGA/GGAG/GAGG;rbs_spacer=11-12bp;gc_cont=0.353,91.9,308,172,1.18e-107,173,1,172,1,172,mobileOG_000274650,tnp,A0A162RKR8,integration/excision,NA,ISFinder,Homology,NODE_1_length_682687_cov_37.188547_430, 415419 # 415937 # -1 , 415419,415937,-1 ,1_430,1,430,00,ATG,AGGA/GGAG/GAGG,11-12bp,0.353,NODE_1_length_682687_cov_37.188547,mobileOG_000274650_NODE_1_length_682687_cov_37.188547
47,mobileOG_000040791|tnp|R8Q388|integration/excision|NA|COMPASS|Homology,NODE_1_length_682687_cov_37.188547_430 # 415419 # 415937 # -1 # ID=1_430;partial=00;start_type=ATG;rbs_motif=AGGA/GGAG/GAGG;rbs_spacer=11-12bp;gc_cont=0.353,92.4,306,172,3.37e-107,173,1,172,1,172,mobileOG_000040791,tnp,R8Q388,integration/excision,NA,COMPASS,Homology,NODE_1_length_682687_cov_37.188547_430, 415419 # 415937 # -1 , 415419,415937,-1 ,1_430,1,430,00,ATG,AGGA/GGAG/GAGG,11-12bp,0.353,NODE_1_length_682687_cov_37.188547,mobileOG_000040791_NODE_1_length_682687_cov_37.188547
48,mobileOG_000303419|insK|WP_085962085.1|integration/excision|NA|Plasmid RefSeq|Homology,NODE_1_length_682687_cov_37.188547_430 # 415419 # 415937 # -1 # ID=1_430;partial=00;start_type=ATG;rbs_motif=AGGA/GGAG/GAGG;rbs_spacer=11-12bp;gc_cont=0.353,94.3,293,451,8.83e-98,173,1,158,1,158,mobileOG_000303419,insK,WP_085962085.1,integration/excision,NA,Plasmid RefSeq,Homology,NODE_1_length_682687_cov_37.188547_430, 415419 # 415937 # -1 , 415419,415937,-1 ,1_430,1,430,00,ATG,AGGA/GGAG/GAGG,11-12bp,0.353,NODE_1_length_682687_cov_37.188547,mobileOG_000303419_NODE_1_length_682687_cov_37.188547
49,mobileOG_000303422|insK|WP_085965074.1|integration/excision|NA|Plasmid RefSeq|Homology,NODE_1_length_682687_cov_37.188547_430 # 415419 # 415937 # -1 # ID=1_430;partial=00;start_type=ATG;rbs_motif=AGGA/GGAG/GAGG;rbs_spacer=11-12bp;gc_cont=0.353,94.3,293,451,8.83e-98,173,1,158,1,158,mobileOG_000303422,insK,WP_085965074.1,integration/excision,NA,Plasmid RefSeq,Homology,NODE_1_length_682687_cov_37.188547_430, 415419 # 415937 # -1 , 415419,415937,-1 ,1_430,1,430,00,ATG,AGGA/GGAG/GAGG,11-12bp,0.353,NODE_1_length_682687_cov_37.188547,mobileOG_000303422_NODE_1_length_682687_cov_37.188547
50,mobileOG_000308418|insK|WP_085959128.1|integration/excision|NA|Plasmid RefSeq|Homology,NODE_1_length_682687_cov_37.188547_430 # 415419 # 415937 # -1 # ID=1_430;partial=00;start_type=ATG;rbs_motif=AGGA/GGAG/GAGG;rbs_spacer=11-12bp;gc_cont=0.353,94.3,293,451,8.83e-98,173,1,158,1,158,mobileOG_000308418,insK,WP_085959128.1,integration/excision,NA,Plasmid RefSeq,Homology,NODE_1_length_682687_cov_37.188547_430, 415419 # 415937 # -1 , 415419,415937,-1 ,1_430,1,430,00,ATG,AGGA/GGAG/GAGG,11-12bp,0.353,NODE_1_length_682687_cov_37.188547,mobileOG_000308418_NODE_1_length_682687_cov_37.188547
51,mobileOG_000308724|insK|WP_100910829.1|integration/excision|NA|Plasmid RefSeq|Homology,NODE_1_length_682687_cov_37.188547_430 # 415419 # 415937 # -1 # ID=1_430;partial=00;start_type=ATG;rbs_motif=AGGA/GGAG/GAGG;rbs_spacer=11-12bp;gc_cont=0.353,94.3,293,451,8.83e-98,173,1,158,1,158,mobileOG_000308724,insK,WP_100910829.1,integration/excision,NA,Plasmid RefSeq,Homology,NODE_1_length_682687_cov_37.188547_430, 415419 # 415937 # -1 , 415419,415937,-1 ,1_430,1,430,00,ATG,AGGA/GGAG/GAGG,11-12bp,0.353,NODE_1_length_682687_cov_37.188547,mobileOG_000308724_NODE_1_length_682687_cov_37.188547
52,mobileOG_000310743|insK|A0A2B3GU04|integration/excision|NA|Plasmid RefSeq|Homology,NODE_1_length_682687_cov_37.188547_430 # 415419 # 415937 # -1 # ID=1_430;partial=00;start_type=ATG;rbs_motif=AGGA/GGAG/GAGG;rbs_spacer=11-12bp;gc_cont=0.353,94.3,293,451,8.83e-98,173,1,158,1,158,mobileOG_000310743,insK,A0A2B3GU04,integration/excision,NA,Plasmid RefSeq,Homology,NODE_1_length_682687_cov_37.188547_430, 415419 # 415937 # -1 , 415419,415937,-1 ,1_430,1,430,00,ATG,AGGA/GGAG/GAGG,11-12bp,0.353,NODE_1_length_682687_cov_37.188547,mobileOG_000310743_NODE_1_length_682687_cov_37.188547
53,mobileOG_000354657|insK|WP_095209622.1|integration/excision|NA|Plasmid RefSeq|Homology,NODE_1_length_682687_cov_37.188547_430 # 415419 # 415937 # -1 # ID=1_430;partial=00;start_type=ATG;rbs_motif=AGGA/GGAG/GAGG;rbs_spacer=11-12bp;gc_cont=0.353,94.3,293,451,8.83e-98,173,1,158,1,158,mobileOG_000354657,insK,WP_095209622.1,integration/excision,NA,Plasmid RefSeq,Homology,NODE_1_length_682687_cov_37.188547_430, 415419 # 415937 # -1 , 415419,415937,-1 ,1_430,1,430,00,ATG,AGGA/GGAG/GAGG,11-12bp,0.353,NODE_1_length_682687_cov_37.188547,mobileOG_000354657_NODE_1_length_682687_cov_37.188547
54,mobileOG_000345364|insK|WP_149215967.1|integration/excision|NA|Plasmid RefSeq|Homology,NODE_1_length_682687_cov_37.188547_430 # 415419 # 415937 # -1 # ID=1_430;partial=00;start_type=ATG;rbs_motif=AGGA/GGAG/GAGG;rbs_spacer=11-12bp;gc_cont=0.353,93.7,292,451,1.25e-97,173,1,158,1,158,mobileOG_000345364,insK,WP_149215967.1,integration/excision,NA,Plasmid RefSeq,Homology,NODE_1_length_682687_cov_37.188547_430, 415419 # 415937 # -1 , 415419,415937,-1 ,1_430,1,430,00,ATG,AGGA/GGAG/GAGG,11-12bp,0.353,NODE_1_length_682687_cov_37.188547,mobileOG_000345364_NODE_1_length_682687_cov_37.188547
55,mobileOG_000306935|insK|WP_098630116.1|integration/excision|NA|Plasmid RefSeq|Homology,NODE_1_length_682687_cov_37.188547_430 # 415419 # 415937 # -1 # ID=1_430;partial=00;start_type=ATG;rbs_motif=AGGA/GGAG/GAGG;rbs_spacer=11-12bp;gc_cont=0.353,93.7,291,451,2.51e-97,173,1,158,1,158,mobileOG_000306935,insK,WP_098630116.1,integration/excision,NA,Plasmid RefSeq,Homology,NODE_1_length_682687_cov_37.188547_430, 415419 # 415937 # -1 , 415419,415937,-1 ,1_430,1,430,00,ATG,AGGA/GGAG/GAGG,11-12bp,0.353,NODE_1_length_682687_cov_37.188547,mobileOG_000306935_NODE_1_length_682687_cov_37.188547
56,mobileOG_000412642|NA:Keyword|A0A0K0QMB6|integration/excision|NA|COMPASS|Keyword Search,NODE_1_length_682687_cov_37.188547_535 # 527676 # 527897 # 1 # ID=1_535;partial=00;start_type=ATG;rbs_motif=GGA/GAG/AGG;rbs_spacer=5-10bp;gc_cont=0.347,95.9,142,101,7.17e-45,74,29,101,1,73,mobileOG_000412642,NA:Keyword,A0A0K0QMB6,integration/excision,NA,COMPASS,Keyword Search,NODE_1_length_682687_cov_37.188547_535, 527676 # 527897 # 1 , 527676,527897,1 ,1_535,1,535,00,ATG,GGA/GAG/AGG,5-10bp,0.347,NODE_1_length_682687_cov_37.188547,mobileOG_000412642_NODE_1_length_682687_cov_37.188547
57,mobileOG_000402186|NA:Keyword|A0A0B5UG44|integration/excision|NA|COMPASS|Keyword Search,NODE_1_length_682687_cov_37.188547_535 # 527676 # 527897 # 1 # ID=1_535;partial=00;start_type=ATG;rbs_motif=GGA/GAG/AGG;rbs_spacer=5-10bp;gc_cont=0.347,91.7,138,101,3.41e-43,74,29,100,1,72,mobileOG_000402186,NA:Keyword,A0A0B5UG44,integration/excision,NA,COMPASS,Keyword Search,NODE_1_length_682687_cov_37.188547_535, 527676 # 527897 # 1 , 527676,527897,1 ,1_535,1,535,00,ATG,GGA/GAG/AGG,5-10bp,0.347,NODE_1_length_682687_cov_37.188547,mobileOG_000402186_NODE_1_length_682687_cov_37.188547
58,mobileOG_000760268|NA:Keyword|Q6EZJ2|integration/excision|NA|ACLAME|Keyword Search,NODE_1_length_682687_cov_37.188547_535 # 527676 # 527897 # 1 # ID=1_535;partial=00;start_type=ATG;rbs_motif=GGA/GAG/AGG;rbs_spacer=5-10bp;gc_cont=0.347,91.7,138,120,6.07e-43,74,48,119,1,72,mobileOG_000760268,NA:Keyword,Q6EZJ2,integration/excision,NA,ACLAME,Keyword Search,NODE_1_length_682687_cov_37.188547_535, 527676 # 527897 # 1 , 527676,527897,1 ,1_535,1,535,00,ATG,GGA/GAG/AGG,5-10bp,0.347,NODE_1_length_682687_cov_37.188547,mobileOG_000760268_NODE_1_length_682687_cov_37.188547
59,mobileOG_000415401|NA:Keyword|B5UM27|integration/excision|NA|COMPASS|Keyword Search,NODE_1_length_682687_cov_37.188547_535 # 527676 # 527897 # 1 # ID=1_535;partial=00;start_type=ATG;rbs_motif=GGA/GAG/AGG;rbs_spacer=5-10bp;gc_cont=0.347,90.3,133,101,2.31e-41,74,29,100,1,72,mobileOG_000415401,NA:Keyword,B5UM27,integration/excision,NA,COMPASS,Keyword Search,NODE_1_length_682687_cov_37.188547_535, 527676 # 527897 # 1 , 527676,527897,1 ,1_535,1,535,00,ATG,GGA/GAG/AGG,5-10bp,0.347,NODE_1_length_682687_cov_37.188547,mobileOG_000415401_NODE_1_length_682687_cov_37.188547
60,mobileOG_000628551|NA:Keyword|A0A1G4KVV0|integration/excision|NA|GPD|Keyword Search,NODE_1_length_682687_cov_37.188547_537 # 528332 # 528676 # -1 # ID=1_537;partial=00;start_type=TTG;rbs_motif=GGA/GAG/AGG;rbs_spacer=5-10bp;gc_cont=0.255,96.5,213,304,1.53e-69,115,1,115,1,114,mobileOG_000628551,NA:Keyword,A0A1G4KVV0,integration/excision,NA,GPD,Keyword Search,NODE_1_length_682687_cov_37.188547_537, 528332 # 528676 # -1 , 528332,528676,-1 ,1_537,1,537,00,TTG,GGA/GAG/AGG,5-10bp,0.255,NODE_1_length_682687_cov_37.188547,mobileOG_000628551_NODE_1_length_682687_cov_37.188547
61,mobileOG_000049150|clpP|WP_001049162.1|phage|replication/recombination/repair|Multiple|Homology,NODE_3_length_560265_cov_60.329987_346 # 371775 # 372356 # -1 # ID=3_346;partial=00;start_type=ATG;rbs_motif=AGGAG;rbs_spacer=5-10bp;gc_cont=0.397,100,378,193,1.03e-134,194,1,193,1,193,mobileOG_000049150,clpP,WP_001049162.1,phage,replication/recombination/repair,Multiple,Homology,NODE_3_length_560265_cov_60.329987_346, 371775 # 372356 # -1 , 371775,372356,-1 ,3_346,3,346,00,ATG,AGGAG,5-10bp,0.397,NODE_3_length_560265_cov_60.329987,mobileOG_000049150_NODE_3_length_560265_cov_60.329987
62,"mobileOG_000345723|copR|WP_098010173.1|transfer|conjugation,relaxosome|Plasmid RefSeq|Homology",NODE_3_length_560265_cov_60.329987_373 # 398902 # 399579 # 1 # ID=3_373;partial=00;start_type=GTG;rbs_motif=GGAG/GAGG;rbs_spacer=5-10bp;gc_cont=0.342,91.6,421,225,9.99e-151,226,1,225,1,225,mobileOG_000345723,copR,WP_098010173.1,transfer,"conjugation,relaxosome",Plasmid RefSeq,Homology,NODE_3_length_560265_cov_60.329987_373, 398902 # 399579 # 1 , 398902,399579,1 ,3_373,3,373,00,GTG,GGAG/GAGG,5-10bp,0.342,NODE_3_length_560265_cov_60.329987,mobileOG_000345723_NODE_3_length_560265_cov_60.329987
63,mobileOG_000063150|NA|A0A2T0DZW0|integration/excision|NA|COMPASS|Homology,NODE_4_length_546749_cov_26.814889_88 # 89535 # 90005 # -1 # ID=4_88;partial=00;start_type=ATG;rbs_motif=GGA/GAG/AGG;rbs_spacer=5-10bp;gc_cont=0.361,96.2,306,347,1.32e-104,157,192,347,1,156,mobileOG_000063150,NA,A0A2T0DZW0,integration/excision,NA,COMPASS,Homology,NODE_4_length_546749_cov_26.814889_88, 89535 # 90005 # -1 , 89535,90005,-1 ,4_88,4,88,00,ATG,GGA/GAG/AGG,5-10bp,0.361,NODE_4_length_546749_cov_26.814889,mobileOG_000063150_NODE_4_length_546749_cov_26.814889
64,mobileOG_000056309|NA|WP_001053939.1|integration/excision|NA|Multiple|Homology,NODE_4_length_546749_cov_26.814889_88 # 89535 # 90005 # -1 # ID=4_88;partial=00;start_type=ATG;rbs_motif=GGA/GAG/AGG;rbs_spacer=5-10bp;gc_cont=0.361,94.9,304,476,4.00e-102,157,321,476,1,156,mobileOG_000056309,NA,WP_001053939.1,integration/excision,NA,Multiple,Homology,NODE_4_length_546749_cov_26.814889_88, 89535 # 90005 # -1 , 89535,90005,-1 ,4_88,4,88,00,ATG,GGA/GAG/AGG,5-10bp,0.361,NODE_4_length_546749_cov_26.814889,mobileOG_000056309_NODE_4_length_546749_cov_26.814889
65,mobileOG_000001539|tnp|Q4V230|integration/excision|NA|ACLAME|Manual,NODE_4_length_546749_cov_26.814889_88 # 89535 # 90005 # -1 # ID=4_88;partial=00;start_type=ATG;rbs_motif=GGA/GAG/AGG;rbs_spacer=5-10bp;gc_cont=0.361,94.9,304,511,1.09e-101,157,356,511,1,156,mobileOG_000001539,tnp,Q4V230,integration/excision,NA,ACLAME,Manual,NODE_4_length_546749_cov_26.814889_88, 89535 # 90005 # -1 , 89535,90005,-1 ,4_88,4,88,00,ATG,GGA/GAG/AGG,5-10bp,0.361,NODE_4_length_546749_cov_26.814889,mobileOG_000001539_NODE_4_length_546749_cov_26.814889
66,mobileOG_000305180|NA|WP_089172208.1|integration/excision|NA|Multiple|Homology,NODE_4_length_546749_cov_26.814889_88 # 89535 # 90005 # -1 # ID=4_88;partial=00;start_type=ATG;rbs_motif=GGA/GAG/AGG;rbs_spacer=5-10bp;gc_cont=0.361,94.9,302,476,1.61e-101,157,321,476,1,156,mobileOG_000305180,NA,WP_089172208.1,integration/excision,NA,Multiple,Homology,NODE_4_length_546749_cov_26.814889_88, 89535 # 90005 # -1 , 89535,90005,-1 ,4_88,4,88,00,ATG,GGA/GAG/AGG,5-10bp,0.361,NODE_4_length_546749_cov_26.814889,mobileOG_000305180_NODE_4_length_546749_cov_26.814889
67,mobileOG_000075750|NA|A0A221BPV4|integration/excision|NA|COMPASS|Homology,NODE_4_length_546749_cov_26.814889_88 # 89535 # 90005 # -1 # ID=4_88;partial=00;start_type=ATG;rbs_motif=GGA/GAG/AGG;rbs_spacer=5-10bp;gc_cont=0.361,94.2,300,400,1.88e-101,157,245,400,1,156,mobileOG_000075750,NA,A0A221BPV4,integration/excision,NA,COMPASS,Homology,NODE_4_length_546749_cov_26.814889_88, 89535 # 90005 # -1 , 89535,90005,-1 ,4_88,4,88,00,ATG,GGA/GAG/AGG,5-10bp,0.361,NODE_4_length_546749_cov_26.814889,mobileOG_000075750_NODE_4_length_546749_cov_26.814889
68,mobileOG_000037189|ORF|WP_010891441.1|integration/excision|NA|Multiple|Homology,NODE_4_length_546749_cov_26.814889_88 # 89535 # 90005 # -1 # ID=4_88;partial=00;start_type=ATG;rbs_motif=GGA/GAG/AGG;rbs_spacer=5-10bp;gc_cont=0.361,92.8,290,163,3.27e-101,157,11,163,1,153,mobileOG_000037189,ORF,WP_010891441.1,integration/excision,NA,Multiple,Homology,NODE_4_length_546749_cov_26.814889_88, 89535 # 90005 # -1 , 89535,90005,-1 ,4_88,4,88,00,ATG,GGA/GAG/AGG,5-10bp,0.361,NODE_4_length_546749_cov_26.814889,mobileOG_000037189_NODE_4_length_546749_cov_26.814889
69,mobileOG_000064049|NA|A0A369CPB0|integration/excision|NA|COMPASS|Homology,NODE_4_length_546749_cov_26.814889_88 # 89535 # 90005 # -1 # ID=4_88;partial=00;start_type=ATG;rbs_motif=GGA/GAG/AGG;rbs_spacer=5-10bp;gc_cont=0.361,93.6,297,347,4.09e-101,157,192,347,1,156,mobileOG_000064049,NA,A0A369CPB0,integration/excision,NA,COMPASS,Homology,NODE_4_length_546749_cov_26.814889_88, 89535 # 90005 # -1 , 89535,90005,-1 ,4_88,4,88,00,ATG,GGA/GAG/AGG,5-10bp,0.361,NODE_4_length_546749_cov_26.814889,mobileOG_000064049_NODE_4_length_546749_cov_26.814889
70,mobileOG_000305181|NA|WP_089172216.1|integration/excision|NA|Multiple|Homology,NODE_4_length_546749_cov_26.814889_88 # 89535 # 90005 # -1 # ID=4_88;partial=00;start_type=ATG;rbs_motif=GGA/GAG/AGG;rbs_spacer=5-10bp;gc_cont=0.361,94.9,301,476,4.56e-101,157,321,476,1,156,mobileOG_000305181,NA,WP_089172216.1,integration/excision,NA,Multiple,Homology,NODE_4_length_546749_cov_26.814889_88, 89535 # 90005 # -1 , 89535,90005,-1 ,4_88,4,88,00,ATG,GGA/GAG/AGG,5-10bp,0.361,NODE_4_length_546749_cov_26.814889,mobileOG_000305181_NODE_4_length_546749_cov_26.814889
71,mobileOG_000305183|NA|WP_089172375.1|integration/excision|NA|Multiple|Homology,NODE_4_length_546749_cov_26.814889_88 # 89535 # 90005 # -1 # ID=4_88;partial=00;start_type=ATG;rbs_motif=GGA/GAG/AGG;rbs_spacer=5-10bp;gc_cont=0.361,94.9,301,476,4.56e-101,157,321,476,1,156,mobileOG_000305183,NA,WP_089172375.1,integration/excision,NA,Multiple,Homology,NODE_4_length_546749_cov_26.814889_88, 89535 # 90005 # -1 , 89535,90005,-1 ,4_88,4,88,00,ATG,GGA/GAG/AGG,5-10bp,0.361,NODE_4_length_546749_cov_26.814889,mobileOG_000305183_NODE_4_length_546749_cov_26.814889
72,mobileOG_000305635|NA|WP_089608041.1|integration/excision|NA|Multiple|Homology,NODE_4_length_546749_cov_26.814889_88 # 89535 # 90005 # -1 # ID=4_88;partial=00;start_type=ATG;rbs_motif=GGA/GAG/AGG;rbs_spacer=5-10bp;gc_cont=0.361,93.6,301,476,4.56e-101,157,321,476,1,156,mobileOG_000305635,NA,WP_089608041.1,integration/excision,NA,Multiple,Homology,NODE_4_length_546749_cov_26.814889_88, 89535 # 90005 # -1 , 89535,90005,-1 ,4_88,4,88,00,ATG,GGA/GAG/AGG,5-10bp,0.361,NODE_4_length_546749_cov_26.814889,mobileOG_000305635_NODE_4_length_546749_cov_26.814889
73,mobileOG_000364935|ORF|WP_000318936.1|integration/excision|NA|Plasmid RefSeq|Homology,NODE_4_length_546749_cov_26.814889_88 # 89535 # 90005 # -1 # ID=4_88;partial=00;start_type=ATG;rbs_motif=GGA/GAG/AGG;rbs_spacer=5-10bp;gc_cont=0.361,92.8,290,179,5.67e-101,157,27,179,1,153,mobileOG_000364935,ORF,WP_000318936.1,integration/excision,NA,Plasmid RefSeq,Homology,NODE_4_length_546749_cov_26.814889_88, 89535 # 90005 # -1 , 89535,90005,-1 ,4_88,4,88,00,ATG,GGA/GAG/AGG,5-10bp,0.361,NODE_4_length_546749_cov_26.814889,mobileOG_000364935_NODE_4_length_546749_cov_26.814889
74,mobileOG_000058758|ORF|A0A1Y6A7W5|integration/excision|NA|COMPASS|Homology,NODE_4_length_546749_cov_26.814889_88 # 89535 # 90005 # -1 # ID=4_88;partial=00;start_type=ATG;rbs_motif=GGA/GAG/AGG;rbs_spacer=5-10bp;gc_cont=0.361,92.8,290,202,1.25e-100,157,50,202,1,153,mobileOG_000058758,ORF,A0A1Y6A7W5,integration/excision,NA,COMPASS,Homology,NODE_4_length_546749_cov_26.814889_88, 89535 # 90005 # -1 , 89535,90005,-1 ,4_88,4,88,00,ATG,GGA/GAG/AGG,5-10bp,0.361,NODE_4_length_546749_cov_26.814889,mobileOG_000058758_NODE_4_length_546749_cov_26.814889
75,mobileOG_000343489|NA|WP_001068149.1|integration/excision|NA|Multiple|Homology,NODE_4_length_546749_cov_26.814889_88 # 89535 # 90005 # -1 # ID=4_88;partial=00;start_type=ATG;rbs_motif=GGA/GAG/AGG;rbs_spacer=5-10bp;gc_cont=0.361,93.6,297,476,2.09e-99,157,321,476,1,156,mobileOG_000343489,NA,WP_001068149.1,integration/excision,NA,Multiple,Homology,NODE_4_length_546749_cov_26.814889_88, 89535 # 90005 # -1 , 89535,90005,-1 ,4_88,4,88,00,ATG,GGA/GAG/AGG,5-10bp,0.361,NODE_4_length_546749_cov_26.814889,mobileOG_000343489_NODE_4_length_546749_cov_26.814889
76,mobileOG_000036339|NA|WP_001053945.1|integration/excision|NA|Multiple|Homology,NODE_4_length_546749_cov_26.814889_88 # 89535 # 90005 # -1 # ID=4_88;partial=00;start_type=ATG;rbs_motif=GGA/GAG/AGG;rbs_spacer=5-10bp;gc_cont=0.361,92.9,295,476,1.68e-98,157,321,476,1,156,mobileOG_000036339,NA,WP_001053945.1,integration/excision,NA,Multiple,Homology,NODE_4_length_546749_cov_26.814889_88, 89535 # 90005 # -1 , 89535,90005,-1 ,4_88,4,88,00,ATG,GGA/GAG/AGG,5-10bp,0.361,NODE_4_length_546749_cov_26.814889,mobileOG_000036339_NODE_4_length_546749_cov_26.814889
77,mobileOG_000354558|NA|WP_157410435.1|integration/excision|NA|Plasmid RefSeq|Homology,NODE_4_length_546749_cov_26.814889_88 # 89535 # 90005 # -1 # ID=4_88;partial=00;start_type=ATG;rbs_motif=GGA/GAG/AGG;rbs_spacer=5-10bp;gc_cont=0.361,93.6,294,476,2.37e-98,157,321,476,1,156,mobileOG_000354558,NA,WP_157410435.1,integration/excision,NA,Plasmid RefSeq,Homology,NODE_4_length_546749_cov_26.814889_88, 89535 # 90005 # -1 , 89535,90005,-1 ,4_88,4,88,00,ATG,GGA/GAG/AGG,5-10bp,0.361,NODE_4_length_546749_cov_26.814889,mobileOG_000354558_NODE_4_length_546749_cov_26.814889
78,mobileOG_000063150|NA|A0A2T0DZW0|integration/excision|NA|COMPASS|Homology,NODE_4_length_546749_cov_26.814889_89 # 90058 # 90213 # -1 # ID=4_89;partial=00;start_type=ATG;rbs_motif=None;rbs_spacer=None;gc_cont=0.397,94.1,97.4,347,3.57e-25,52,124,174,1,51,mobileOG_000063150,NA,A0A2T0DZW0,integration/excision,NA,COMPASS,Homology,NODE_4_length_546749_cov_26.814889_89, 90058 # 90213 # -1 , 90058,90213,-1 ,4_89,4,89,00,ATG,None,None,0.397,NODE_4_length_546749_cov_26.814889,mobileOG_000063150_NODE_4_length_546749_cov_26.814889
79,mobileOG_000305181|NA|WP_089172216.1|integration/excision|NA|Multiple|Homology,NODE_4_length_546749_cov_26.814889_89 # 90058 # 90213 # -1 # ID=4_89;partial=00;start_type=ATG;rbs_motif=None;rbs_spacer=None;gc_cont=0.397,96.1,98.2,476,5.27e-25,52,253,303,1,51,mobileOG_000305181,NA,WP_089172216.1,integration/excision,NA,Multiple,Homology,NODE_4_length_546749_cov_26.814889_89, 90058 # 90213 # -1 , 90058,90213,-1 ,4_89,4,89,00,ATG,None,None,0.397,NODE_4_length_546749_cov_26.814889,mobileOG_000305181_NODE_4_length_546749_cov_26.814889
80,mobileOG_000305183|NA|WP_089172375.1|integration/excision|NA|Multiple|Homology,NODE_4_length_546749_cov_26.814889_89 # 90058 # 90213 # -1 # ID=4_89;partial=00;start_type=ATG;rbs_motif=None;rbs_spacer=None;gc_cont=0.397,96.1,98.2,476,5.27e-25,52,253,303,1,51,mobileOG_000305183,NA,WP_089172375.1,integration/excision,NA,Multiple,Homology,NODE_4_length_546749_cov_26.814889_89, 90058 # 90213 # -1 , 90058,90213,-1 ,4_89,4,89,00,ATG,None,None,0.397,NODE_4_length_546749_cov_26.814889,mobileOG_000305183_NODE_4_length_546749_cov_26.814889
81,mobileOG_000074102|NA|WP_000175814.1|integration/excision|NA|Multiple|Homology,NODE_4_length_546749_cov_26.814889_89 # 90058 # 90213 # -1 # ID=4_89;partial=00;start_type=ATG;rbs_motif=None;rbs_spacer=None;gc_cont=0.397,92.2,95.9,476,3.59e-24,52,253,303,1,51,mobileOG_000074102,NA,WP_000175814.1,integration/excision,NA,Multiple,Homology,NODE_4_length_546749_cov_26.814889_89, 90058 # 90213 # -1 , 90058,90213,-1 ,4_89,4,89,00,ATG,None,None,0.397,NODE_4_length_546749_cov_26.814889,mobileOG_000074102_NODE_4_length_546749_cov_26.814889
82,mobileOG_000001685|tnp|Q5LKB6|integration/excision|NA|ACLAME|Manual,NODE_4_length_546749_cov_26.814889_89 # 90058 # 90213 # -1 # ID=4_89;partial=00;start_type=ATG;rbs_motif=None;rbs_spacer=None;gc_cont=0.397,92.2,95.9,480,3.65e-24,52,257,307,1,51,mobileOG_000001685,tnp,Q5LKB6,integration/excision,NA,ACLAME,Manual,NODE_4_length_546749_cov_26.814889_89, 90058 # 90213 # -1 , 90058,90213,-1 ,4_89,4,89,00,ATG,None,None,0.397,NODE_4_length_546749_cov_26.814889,mobileOG_000001685_NODE_4_length_546749_cov_26.814889
83,mobileOG_000056309|NA|WP_001053939.1|integration/excision|NA|Multiple|Homology,NODE_4_length_546749_cov_26.814889_89 # 90058 # 90213 # -1 # ID=4_89;partial=00;start_type=ATG;rbs_motif=None;rbs_spacer=None;gc_cont=0.397,90.2,94.7,476,9.37e-24,52,253,303,1,51,mobileOG_000056309,NA,WP_001053939.1,integration/excision,NA,Multiple,Homology,NODE_4_length_546749_cov_26.814889_89, 90058 # 90213 # -1 , 90058,90213,-1 ,4_89,4,89,00,ATG,None,None,0.397,NODE_4_length_546749_cov_26.814889,mobileOG_000056309_NODE_4_length_546749_cov_26.814889
84,mobileOG_000001539|tnp|Q4V230|integration/excision|NA|ACLAME|Manual,NODE_4_length_546749_cov_26.814889_89 # 90058 # 90213 # -1 # ID=4_89;partial=00;start_type=ATG;rbs_motif=None;rbs_spacer=None;gc_cont=0.397,90.2,94.7,511,1.04e-23,52,288,338,1,51,mobileOG_000001539,tnp,Q4V230,integration/excision,NA,ACLAME,Manual,NODE_4_length_546749_cov_26.814889_89, 90058 # 90213 # -1 , 90058,90213,-1 ,4_89,4,89,00,ATG,None,None,0.397,NODE_4_length_546749_cov_26.814889,mobileOG_000001539_NODE_4_length_546749_cov_26.814889
85,mobileOG_000036339|NA|WP_001053945.1|integration/excision|NA|Multiple|Homology,NODE_4_length_546749_cov_26.814889_89 # 90058 # 90213 # -1 # ID=4_89;partial=00;start_type=ATG;rbs_motif=None;rbs_spacer=None;gc_cont=0.397,92.2,94.4,476,1.29e-23,52,253,303,1,51,mobileOG_000036339,NA,WP_001053945.1,integration/excision,NA,Multiple,Homology,NODE_4_length_546749_cov_26.814889_89, 90058 # 90213 # -1 , 90058,90213,-1 ,4_89,4,89,00,ATG,None,None,0.397,NODE_4_length_546749_cov_26.814889,mobileOG_000036339_NODE_4_length_546749_cov_26.814889
86,mobileOG_000760969|NA:Keyword|A0A5B7VHT8|integration/excision|NA|ACLAME|Keyword Search,NODE_4_length_546749_cov_26.814889_106 # 106400 # 107509 # -1 # ID=4_106;partial=00;start_type=GTG;rbs_motif=AGGAG;rbs_spacer=5-10bp;gc_cont=0.323,96.5,714,369,9.77e-262,370,1,369,1,369,mobileOG_000760969,NA:Keyword,A0A5B7VHT8,integration/excision,NA,ACLAME,Keyword Search,NODE_4_length_546749_cov_26.814889_106, 106400 # 107509 # -1 , 106400,107509,-1 ,4_106,4,106,00,GTG,AGGAG,5-10bp,0.323,NODE_4_length_546749_cov_26.814889,mobileOG_000760969_NODE_4_length_546749_cov_26.814889
87,"mobileOG_000262731|abrB|G9Q7C9|transfer|regulation,competence|GPD|Homology",NODE_4_length_546749_cov_26.814889_114 # 112060 # 112338 # 1 # ID=4_114;partial=00;start_type=ATG;rbs_motif=AGGAG;rbs_spacer=5-10bp;gc_cont=0.398,95.7,176,92,6.43e-58,93,1,92,1,92,mobileOG_000262731,abrB,G9Q7C9,transfer,"regulation,competence",GPD,Homology,NODE_4_length_546749_cov_26.814889_114, 112060 # 112338 # 1 , 112060,112338,1 ,4_114,4,114,00,ATG,AGGAG,5-10bp,0.398,NODE_4_length_546749_cov_26.814889,mobileOG_000262731_NODE_4_length_546749_cov_26.814889
88,"mobileOG_000354786|abrB|WP_157418289.1|transfer|regulation,competence|Plasmid RefSeq|Homology",NODE_4_length_546749_cov_26.814889_114 # 112060 # 112338 # 1 # ID=4_114;partial=00;start_type=ATG;rbs_motif=AGGAG;rbs_spacer=5-10bp;gc_cont=0.398,92.3,169,92,3.58e-55,93,1,91,1,91,mobileOG_000354786,abrB,WP_157418289.1,transfer,"regulation,competence",Plasmid RefSeq,Homology,NODE_4_length_546749_cov_26.814889_114, 112060 # 112338 # 1 , 112060,112338,1 ,4_114,4,114,00,ATG,AGGAG,5-10bp,0.398,NODE_4_length_546749_cov_26.814889,mobileOG_000354786_NODE_4_length_546749_cov_26.814889
89,mobileOG_000750801|NA:Keyword|WP_053564381.1|integration/excision|NA|Plasmid RefSeq|Keyword Search,NODE_4_length_546749_cov_26.814889_128 # 121120 # 121662 # 1 # ID=4_128;partial=00;start_type=ATG;rbs_motif=GGAG/GAGG;rbs_spacer=5-10bp;gc_cont=0.341,95.0,336,180,1.13e-118,181,1,180,1,180,mobileOG_000750801,NA:Keyword,WP_053564381.1,integration/excision,NA,Plasmid RefSeq,Keyword Search,NODE_4_length_546749_cov_26.814889_128, 121120 # 121662 # 1 , 121120,121662,1 ,4_128,4,128,00,ATG,GGAG/GAGG,5-10bp,0.341,NODE_4_length_546749_cov_26.814889,mobileOG_000750801_NODE_4_length_546749_cov_26.814889
90,mobileOG_000713286|NA:Keyword|G9Q7E2|integration/excision|NA|GPD|Keyword Search,NODE_4_length_546749_cov_26.814889_128 # 121120 # 121662 # 1 # ID=4_128;partial=00;start_type=ATG;rbs_motif=GGAG/GAGG;rbs_spacer=5-10bp;gc_cont=0.341,94.4,335,180,3.23e-118,181,1,180,1,180,mobileOG_000713286,NA:Keyword,G9Q7E2,integration/excision,NA,GPD,Keyword Search,NODE_4_length_546749_cov_26.814889_128, 121120 # 121662 # 1 , 121120,121662,1 ,4_128,4,128,00,ATG,GGAG/GAGG,5-10bp,0.341,NODE_4_length_546749_cov_26.814889,mobileOG_000713286_NODE_4_length_546749_cov_26.814889
91,mobileOG_000767392|NA:Keyword|A0A2A8VHK6|integration/excision|NA|pVOG|Keyword Search,NODE_4_length_546749_cov_26.814889_128 # 121120 # 121662 # 1 # ID=4_128;partial=00;start_type=ATG;rbs_motif=GGAG/GAGG;rbs_spacer=5-10bp;gc_cont=0.341,90.0,321,180,9.93e-113,181,1,180,1,180,mobileOG_000767392,NA:Keyword,A0A2A8VHK6,integration/excision,NA,pVOG,Keyword Search,NODE_4_length_546749_cov_26.814889_128, 121120 # 121662 # 1 , 121120,121662,1 ,4_128,4,128,00,ATG,GGAG/GAGG,5-10bp,0.341,NODE_4_length_546749_cov_26.814889,mobileOG_000767392_NODE_4_length_546749_cov_26.814889
92,mobileOG_000748765|NA:Keyword|WP_000615714.1|phage|NA|Multiple|Keyword Search,NODE_4_length_546749_cov_26.814889_136 # 126699 # 128357 # 1 # ID=4_136;partial=00;start_type=ATG;rbs_motif=None;rbs_spacer=None;gc_cont=0.346,99.3,1107,552,0.0,553,1,552,1,552,mobileOG_000748765,NA:Keyword,WP_000615714.1,phage,NA,Multiple,Keyword Search,NODE_4_length_546749_cov_26.814889_136, 126699 # 128357 # 1 , 126699,128357,1 ,4_136,4,136,00,ATG,None,None,0.346,NODE_4_length_546749_cov_26.814889,mobileOG_000748765_NODE_4_length_546749_cov_26.814889
93,mobileOG_000743651|NA:Keyword|A0A243DBI8|phage|NA|Plasmid RefSeq|Keyword Search,NODE_4_length_546749_cov_26.814889_136 # 126699 # 128357 # 1 # ID=4_136;partial=00;start_type=ATG;rbs_motif=None;rbs_spacer=None;gc_cont=0.346,93.3,1047,552,0.0,553,1,552,1,552,mobileOG_000743651,NA:Keyword,A0A243DBI8,phage,NA,Plasmid RefSeq,Keyword Search,NODE_4_length_546749_cov_26.814889_136, 126699 # 128357 # 1 , 126699,128357,1 ,4_136,4,136,00,ATG,None,None,0.346,NODE_4_length_546749_cov_26.814889,mobileOG_000743651_NODE_4_length_546749_cov_26.814889
94,mobileOG_000456993|NA:Keyword|A0A0G4CWZ2|phage|NA|GPD|Keyword Search,NODE_4_length_546749_cov_26.814889_137 # 128367 # 129530 # 1 # ID=4_137;partial=00;start_type=GTG;rbs_motif=None;rbs_spacer=None;gc_cont=0.331,97.9,748,387,1.54e-274,388,1,387,1,387,mobileOG_000456993,NA:Keyword,A0A0G4CWZ2,phage,NA,GPD,Keyword Search,NODE_4_length_546749_cov_26.814889_137, 128367 # 129530 # 1 , 128367,129530,1 ,4_137,4,137,00,GTG,None,None,0.331,NODE_4_length_546749_cov_26.814889,mobileOG_000456993_NODE_4_length_546749_cov_26.814889
95,mobileOG_000754562|NA:Keyword|WP_044129476.1|phage|NA|Multiple|Keyword Search,NODE_4_length_546749_cov_26.814889_137 # 128367 # 129530 # 1 # ID=4_137;partial=00;start_type=GTG;rbs_motif=None;rbs_spacer=None;gc_cont=0.331,98.6,717,368,5.81e-263,388,1,368,20,387,mobileOG_000754562,NA:Keyword,WP_044129476.1,phage,NA,Multiple,Keyword Search,NODE_4_length_546749_cov_26.814889_137, 128367 # 129530 # 1 , 128367,129530,1 ,4_137,4,137,00,GTG,None,None,0.331,NODE_4_length_546749_cov_26.814889,mobileOG_000754562_NODE_4_length_546749_cov_26.814889
96,mobileOG_000756728|NA:Keyword|WP_044157418.1|phage|NA|Plasmid RefSeq|Keyword Search,NODE_4_length_546749_cov_26.814889_137 # 128367 # 129530 # 1 # ID=4_137;partial=00;start_type=GTG;rbs_motif=None;rbs_spacer=None;gc_cont=0.331,98.4,714,368,1.37e-261,388,1,368,20,387,mobileOG_000756728,NA:Keyword,WP_044157418.1,phage,NA,Plasmid RefSeq,Keyword Search,NODE_4_length_546749_cov_26.814889_137, 128367 # 129530 # 1 , 128367,129530,1 ,4_137,4,137,00,GTG,None,None,0.331,NODE_4_length_546749_cov_26.814889,mobileOG_000756728_NODE_4_length_546749_cov_26.814889
97,mobileOG_000755340|NA:Keyword|WP_050428367.1|phage|NA|Multiple|Keyword Search,NODE_4_length_546749_cov_26.814889_137 # 128367 # 129530 # 1 # ID=4_137;partial=00;start_type=GTG;rbs_motif=None;rbs_spacer=None;gc_cont=0.331,97.6,710,368,6.49e-260,388,1,368,20,387,mobileOG_000755340,NA:Keyword,WP_050428367.1,phage,NA,Multiple,Keyword Search,NODE_4_length_546749_cov_26.814889_137, 128367 # 129530 # 1 , 128367,129530,1 ,4_137,4,137,00,GTG,None,None,0.331,NODE_4_length_546749_cov_26.814889,mobileOG_000755340_NODE_4_length_546749_cov_26.814889
98,mobileOG_000070930|clpP|WP_000216402.1|phage|replication/recombination/repair|Multiple|Homology,NODE_4_length_546749_cov_26.814889_138 # 129514 # 130290 # 1 # ID=4_138;partial=00;start_type=ATG;rbs_motif=GGA/GAG/AGG;rbs_spacer=5-10bp;gc_cont=0.368,98.1,494,258,9.63e-179,259,1,258,1,258,mobileOG_000070930,clpP,WP_000216402.1,phage,replication/recombination/repair,Multiple,Homology,NODE_4_length_546749_cov_26.814889_138, 129514 # 130290 # 1 , 129514,130290,1 ,4_138,4,138,00,ATG,GGA/GAG/AGG,5-10bp,0.368,NODE_4_length_546749_cov_26.814889,mobileOG_000070930_NODE_4_length_546749_cov_26.814889
99,mobileOG_000307198|clpP|WP_086402593.1|phage|replication/recombination/repair|Plasmid RefSeq|Homology,NODE_4_length_546749_cov_26.814889_138 # 129514 # 130290 # 1 # ID=4_138;partial=00;start_type=ATG;rbs_motif=GGA/GAG/AGG;rbs_spacer=5-10bp;gc_cont=0.368,97.7,493,258,3.92e-178,259,1,258,1,258,mobileOG_000307198,clpP,WP_086402593.1,phage,replication/recombination/repair,Plasmid RefSeq,Homology,NODE_4_length_546749_cov_26.814889_138, 129514 # 130290 # 1 , 129514,130290,1 ,4_138,4,138,00,ATG,GGA/GAG/AGG,5-10bp,0.368,NODE_4_length_546749_cov_26.814889,mobileOG_000307198_NODE_4_length_546749_cov_26.814889
100,mobileOG_000309586|clpP|WP_021727808.1|phage|replication/recombination/repair|Multiple|Homology,NODE_4_length_546749_cov_26.814889_138 # 129514 # 130290 # 1 # ID=4_138;partial=00;start_type=ATG;rbs_motif=GGA/GAG/AGG;rbs_spacer=5-10bp;gc_cont=0.368,97.7,491,258,1.60e-177,259,1,258,1,258,mobileOG_000309586,clpP,WP_021727808.1,phage,replication/recombination/repair,Multiple,Homology,NODE_4_length_546749_cov_26.814889_138, 129514 # 130290 # 1 , 129514,130290,1 ,4_138,4,138,00,ATG,GGA/GAG/AGG,5-10bp,0.368,NODE_4_length_546749_cov_26.814889,mobileOG_000309586_NODE_4_length_546749_cov_26.814889
101,mobileOG_000307069|clpP|A0A243DBR1|phage|replication/recombination/repair|Plasmid RefSeq|Homology,NODE_4_length_546749_cov_26.814889_138 # 129514 # 130290 # 1 # ID=4_138;partial=00;start_type=ATG;rbs_motif=GGA/GAG/AGG;rbs_spacer=5-10bp;gc_cont=0.368,90.5,424,262,8.57e-151,259,1,241,1,241,mobileOG_000307069,clpP,A0A243DBR1,phage,replication/recombination/repair,Plasmid RefSeq,Homology,NODE_4_length_546749_cov_26.814889_138, 129514 # 130290 # 1 , 129514,130290,1 ,4_138,4,138,00,ATG,GGA/GAG/AGG,5-10bp,0.368,NODE_4_length_546749_cov_26.814889,mobileOG_000307069_NODE_4_length_546749_cov_26.814889
102,mobileOG_000713290|NA:Keyword|G9Q7G1|phage|NA|GPD|Keyword Search,NODE_4_length_546749_cov_26.814889_144 # 132808 # 133395 # 1 # ID=4_144;partial=00;start_type=ATG;rbs_motif=GGAG/GAGG;rbs_spacer=5-10bp;gc_cont=0.359,95.9,376,195,4.89e-134,196,1,195,1,195,mobileOG_000713290,NA:Keyword,G9Q7G1,phage,NA,GPD,Keyword Search,NODE_4_length_546749_cov_26.814889_144, 132808 # 133395 # 1 , 132808,133395,1 ,4_144,4,144,00,ATG,GGAG/GAGG,5-10bp,0.359,NODE_4_length_546749_cov_26.814889,mobileOG_000713290_NODE_4_length_546749_cov_26.814889
103,mobileOG_000761255|NA:Keyword|Q637B9|phage|NA|ACLAME|Keyword Search,NODE_4_length_546749_cov_26.814889_148 # 135458 # 135715 # 1 # ID=4_148;partial=00;start_type=ATG;rbs_motif=None;rbs_spacer=None;gc_cont=0.391,92.9,156,85,2.35e-50,86,1,85,1,85,mobileOG_000761255,NA:Keyword,Q637B9,phage,NA,ACLAME,Keyword Search,NODE_4_length_546749_cov_26.814889_148, 135458 # 135715 # 1 , 135458,135715,1 ,4_148,4,148,00,ATG,None,None,0.391,NODE_4_length_546749_cov_26.814889,mobileOG_000761255_NODE_4_length_546749_cov_26.814889
104,mobileOG_000389472|ply511|A0A0A7AQV3|phage|lysis/lysogeny|pVOG|Homology,NODE_4_length_546749_cov_26.814889_155 # 144870 # 145934 # 1 # ID=4_155;partial=00;start_type=ATG;rbs_motif=AGGA/GGAG/GAGG;rbs_spacer=11-12bp;gc_cont=0.376,96.6,702,354,1.13e-257,355,1,354,1,354,mobileOG_000389472,ply511,A0A0A7AQV3,phage,lysis/lysogeny,pVOG,Homology,NODE_4_length_546749_cov_26.814889_155, 144870 # 145934 # 1 , 144870,145934,1 ,4_155,4,155,00,ATG,AGGA/GGAG/GAGG,11-12bp,0.376,NODE_4_length_546749_cov_26.814889,mobileOG_000389472_NODE_4_length_546749_cov_26.814889
105,mobileOG_000039255|ply511|Q81EQ5|phage|lysis/lysogeny|ACLAME|Homology,NODE_4_length_546749_cov_26.814889_155 # 144870 # 145934 # 1 # ID=4_155;partial=00;start_type=ATG;rbs_motif=AGGA/GGAG/GAGG;rbs_spacer=11-12bp;gc_cont=0.376,94.9,687,354,1.42e-251,355,1,354,1,354,mobileOG_000039255,ply511,Q81EQ5,phage,lysis/lysogeny,ACLAME,Homology,NODE_4_length_546749_cov_26.814889_155, 144870 # 145934 # 1 , 144870,145934,1 ,4_155,4,155,00,ATG,AGGA/GGAG/GAGG,11-12bp,0.376,NODE_4_length_546749_cov_26.814889,mobileOG_000039255_NODE_4_length_546749_cov_26.814889
106,mobileOG_000100350|ply511|A0A2A8K4Q3|phage|lysis/lysogeny|GPD|Homology,NODE_4_length_546749_cov_26.814889_155 # 144870 # 145934 # 1 # ID=4_155;partial=00;start_type=ATG;rbs_motif=AGGA/GGAG/GAGG;rbs_spacer=11-12bp;gc_cont=0.376,93.2,680,354,7.86e-249,355,1,354,1,354,mobileOG_000100350,ply511,A0A2A8K4Q3,phage,lysis/lysogeny,GPD,Homology,NODE_4_length_546749_cov_26.814889_155, 144870 # 145934 # 1 , 144870,145934,1 ,4_155,4,155,00,ATG,AGGA/GGAG/GAGG,11-12bp,0.376,NODE_4_length_546749_cov_26.814889,mobileOG_000100350_NODE_4_length_546749_cov_26.814889
107,mobileOG_000278417|ply511|WP_123805350.1|phage|lysis/lysogeny|Plasmid RefSeq|Homology,NODE_4_length_546749_cov_26.814889_155 # 144870 # 145934 # 1 # ID=4_155;partial=00;start_type=ATG;rbs_motif=AGGA/GGAG/GAGG;rbs_spacer=11-12bp;gc_cont=0.376,90.4,662,354,5.67e-242,355,1,354,1,354,mobileOG_000278417,ply511,WP_123805350.1,phage,lysis/lysogeny,Plasmid RefSeq,Homology,NODE_4_length_546749_cov_26.814889_155, 144870 # 145934 # 1 , 144870,145934,1 ,4_155,4,155,00,ATG,AGGA/GGAG/GAGG,11-12bp,0.376,NODE_4_length_546749_cov_26.814889,mobileOG_000278417_NODE_4_length_546749_cov_26.814889
108,mobileOG_000064208|ply511|WP_042631187.1|phage|lysis/lysogeny|Multiple|Homology,NODE_4_length_546749_cov_26.814889_155 # 144870 # 145934 # 1 # ID=4_155;partial=00;start_type=ATG;rbs_motif=AGGA/GGAG/GAGG;rbs_spacer=11-12bp;gc_cont=0.376,90.1,659,354,9.40e-241,355,1,354,1,354,mobileOG_000064208,ply511,WP_042631187.1,phage,lysis/lysogeny,Multiple,Homology,NODE_4_length_546749_cov_26.814889_155, 144870 # 145934 # 1 , 144870,145934,1 ,4_155,4,155,00,ATG,AGGA/GGAG/GAGG,11-12bp,0.376,NODE_4_length_546749_cov_26.814889,mobileOG_000064208_NODE_4_length_546749_cov_26.814889
109,mobileOG_000293522|ply511|WP_000750677.1|phage|lysis/lysogeny|Plasmid RefSeq|Homology,NODE_4_length_546749_cov_26.814889_155 # 144870 # 145934 # 1 # ID=4_155;partial=00;start_type=ATG;rbs_motif=AGGA/GGAG/GAGG;rbs_spacer=11-12bp;gc_cont=0.376,90.7,657,354,7.72e-240,355,1,354,1,354,mobileOG_000293522,ply511,WP_000750677.1,phage,lysis/lysogeny,Plasmid RefSeq,Homology,NODE_4_length_546749_cov_26.814889_155, 144870 # 145934 # 1 , 144870,145934,1 ,4_155,4,155,00,ATG,AGGA/GGAG/GAGG,11-12bp,0.376,NODE_4_length_546749_cov_26.814889,mobileOG_000293522_NODE_4_length_546749_cov_26.814889
110,mobileOG_000278511|ply511|WP_085313721.1|phage|lysis/lysogeny|Multiple|Homology,NODE_4_length_546749_cov_26.814889_155 # 144870 # 145934 # 1 # ID=4_155;partial=00;start_type=ATG;rbs_motif=AGGA/GGAG/GAGG;rbs_spacer=11-12bp;gc_cont=0.376,90.1,656,354,1.56e-239,355,1,354,1,354,mobileOG_000278511,ply511,WP_085313721.1,phage,lysis/lysogeny,Multiple,Homology,NODE_4_length_546749_cov_26.814889_155, 144870 # 145934 # 1 , 144870,145934,1 ,4_155,4,155,00,ATG,AGGA/GGAG/GAGG,11-12bp,0.376,NODE_4_length_546749_cov_26.814889,mobileOG_000278511_NODE_4_length_546749_cov_26.814889
111,mobileOG_000285983|ply511|A0A0A7AQV3|phage|lysis/lysogeny|Plasmid RefSeq|Homology,NODE_4_length_546749_cov_26.814889_155 # 144870 # 145934 # 1 # ID=4_155;partial=00;start_type=ATG;rbs_motif=AGGA/GGAG/GAGG;rbs_spacer=11-12bp;gc_cont=0.376,96.6,651,323,6.64e-238,355,1,323,32,354,mobileOG_000285983,ply511,A0A0A7AQV3,phage,lysis/lysogeny,Plasmid RefSeq,Homology,NODE_4_length_546749_cov_26.814889_155, 144870 # 145934 # 1 , 144870,145934,1 ,4_155,4,155,00,ATG,AGGA/GGAG/GAGG,11-12bp,0.376,NODE_4_length_546749_cov_26.814889,mobileOG_000285983_NODE_4_length_546749_cov_26.814889
112,mobileOG_000724416|NA:Keyword|Q815G4|integration/excision|NA|ISFinder|Keyword Search,NODE_6_length_315790_cov_52.439858_11 # 12704 # 13105 # 1 # ID=6_11;partial=00;start_type=ATG;rbs_motif=None;rbs_spacer=None;gc_cont=0.378,97.7,265,133,3.75e-92,134,1,133,1,133,mobileOG_000724416,NA:Keyword,Q815G4,integration/excision,NA,ISFinder,Keyword Search,NODE_6_length_315790_cov_52.439858_11, 12704 # 13105 # 1 , 12704,13105,1 ,6_11,6,11,00,ATG,None,None,0.378,NODE_6_length_315790_cov_52.439858,mobileOG_000724416_NODE_6_length_315790_cov_52.439858
113,mobileOG_000059961|tnpA|WP_033681089.1|integration/excision|NA|COMPASS|Homology,NODE_6_length_315790_cov_52.439858_11 # 12704 # 13105 # 1 # ID=6_11;partial=00;start_type=ATG;rbs_motif=None;rbs_spacer=None;gc_cont=0.378,94.7,261,133,1.26e-90,134,1,133,1,133,mobileOG_000059961,tnpA,WP_033681089.1,integration/excision,NA,COMPASS,Homology,NODE_6_length_315790_cov_52.439858_11, 12704 # 13105 # 1 , 12704,13105,1 ,6_11,6,11,00,ATG,None,None,0.378,NODE_6_length_315790_cov_52.439858,mobileOG_000059961_NODE_6_length_315790_cov_52.439858
114,mobileOG_000733667|NA:Keyword|WP_033681089.1|integration/excision|NA|Multiple|Keyword Search,NODE_6_length_315790_cov_52.439858_11 # 12704 # 13105 # 1 # ID=6_11;partial=00;start_type=ATG;rbs_motif=None;rbs_spacer=None;gc_cont=0.378,94.7,261,133,2.54e-90,134,1,133,1,133,mobileOG_000733667,NA:Keyword,WP_033681089.1,integration/excision,NA,Multiple,Keyword Search,NODE_6_length_315790_cov_52.439858_11, 12704 # 13105 # 1 , 12704,13105,1 ,6_11,6,11,00,ATG,None,None,0.378,NODE_6_length_315790_cov_52.439858,mobileOG_000733667_NODE_6_length_315790_cov_52.439858
115,mobileOG_000063364|tnpA|WP_015406646.1|integration/excision|NA|Multiple|Homology,NODE_6_length_315790_cov_52.439858_11 # 12704 # 13105 # 1 # ID=6_11;partial=00;start_type=ATG;rbs_motif=None;rbs_spacer=None;gc_cont=0.378,93.2,258,133,2.09e-89,134,1,133,1,133,mobileOG_000063364,tnpA,WP_015406646.1,integration/excision,NA,Multiple,Homology,NODE_6_length_315790_cov_52.439858_11, 12704 # 13105 # 1 , 12704,13105,1 ,6_11,6,11,00,ATG,None,None,0.378,NODE_6_length_315790_cov_52.439858,mobileOG_000063364_NODE_6_length_315790_cov_52.439858
116,mobileOG_000755764|NA:Keyword|WP_050844931.1|integration/excision|NA|Multiple|Keyword Search,NODE_6_length_315790_cov_52.439858_11 # 12704 # 13105 # 1 # ID=6_11;partial=00;start_type=ATG;rbs_motif=None;rbs_spacer=None;gc_cont=0.378,94.0,258,133,2.09e-89,134,1,133,1,133,mobileOG_000755764,NA:Keyword,WP_050844931.1,integration/excision,NA,Multiple,Keyword Search,NODE_6_length_315790_cov_52.439858_11, 12704 # 13105 # 1 , 12704,13105,1 ,6_11,6,11,00,ATG,None,None,0.378,NODE_6_length_315790_cov_52.439858,mobileOG_000755764_NODE_6_length_315790_cov_52.439858
117,mobileOG_000756727|NA:Keyword|WP_042514405.1|integration/excision|NA|Multiple|Keyword Search,NODE_6_length_315790_cov_52.439858_11 # 12704 # 13105 # 1 # ID=6_11;partial=00;start_type=ATG;rbs_motif=None;rbs_spacer=None;gc_cont=0.378,94.0,258,133,2.09e-89,134,1,133,1,133,mobileOG_000756727,NA:Keyword,WP_042514405.1,integration/excision,NA,Multiple,Keyword Search,NODE_6_length_315790_cov_52.439858_11, 12704 # 13105 # 1 , 12704,13105,1 ,6_11,6,11,00,ATG,None,None,0.378,NODE_6_length_315790_cov_52.439858,mobileOG_000756727_NODE_6_length_315790_cov_52.439858
118,mobileOG_000408889|NA:Keyword|WP_015406545.1|integration/excision|NA|Multiple|Keyword Search,NODE_6_length_315790_cov_52.439858_11 # 12704 # 13105 # 1 # ID=6_11;partial=00;start_type=ATG;rbs_motif=None;rbs_spacer=None;gc_cont=0.378,92.5,257,133,5.98e-89,134,1,133,1,133,mobileOG_000408889,NA:Keyword,WP_015406545.1,integration/excision,NA,Multiple,Keyword Search,NODE_6_length_315790_cov_52.439858_11, 12704 # 13105 # 1 , 12704,13105,1 ,6_11,6,11,00,ATG,None,None,0.378,NODE_6_length_315790_cov_52.439858,mobileOG_000408889_NODE_6_length_315790_cov_52.439858
119,mobileOG_000754818|NA:Keyword|WP_033703441.1|integration/excision|NA|Multiple|Keyword Search,NODE_6_length_315790_cov_52.439858_11 # 12704 # 13105 # 1 # ID=6_11;partial=00;start_type=ATG;rbs_motif=None;rbs_spacer=None;gc_cont=0.378,92.5,257,133,5.98e-89,134,1,133,1,133,mobileOG_000754818,NA:Keyword,WP_033703441.1,integration/excision,NA,Multiple,Keyword Search,NODE_6_length_315790_cov_52.439858_11, 12704 # 13105 # 1 , 12704,13105,1 ,6_11,6,11,00,ATG,None,None,0.378,NODE_6_length_315790_cov_52.439858,mobileOG_000754818_NODE_6_length_315790_cov_52.439858
120,mobileOG_000755703|NA:Keyword|WP_085313281.1|integration/excision|NA|Multiple|Keyword Search,NODE_6_length_315790_cov_52.439858_11 # 12704 # 13105 # 1 # ID=6_11;partial=00;start_type=ATG;rbs_motif=None;rbs_spacer=None;gc_cont=0.378,92.5,257,133,5.98e-89,134,1,133,1,133,mobileOG_000755703,NA:Keyword,WP_085313281.1,integration/excision,NA,Multiple,Keyword Search,NODE_6_length_315790_cov_52.439858_11, 12704 # 13105 # 1 , 12704,13105,1 ,6_11,6,11,00,ATG,None,None,0.378,NODE_6_length_315790_cov_52.439858,mobileOG_000755703_NODE_6_length_315790_cov_52.439858
121,mobileOG_000755809|NA:Keyword|WP_071680036.1|integration/excision|NA|Multiple|Keyword Search,NODE_6_length_315790_cov_52.439858_11 # 12704 # 13105 # 1 # ID=6_11;partial=00;start_type=ATG;rbs_motif=None;rbs_spacer=None;gc_cont=0.378,94.0,257,133,5.98e-89,134,1,133,1,133,mobileOG_000755809,NA:Keyword,WP_071680036.1,integration/excision,NA,Multiple,Keyword Search,NODE_6_length_315790_cov_52.439858_11, 12704 # 13105 # 1 , 12704,13105,1 ,6_11,6,11,00,ATG,None,None,0.378,NODE_6_length_315790_cov_52.439858,mobileOG_000755809_NODE_6_length_315790_cov_52.439858
122,mobileOG_000352603|tnpA|WP_153218495.1|integration/excision|NA|Plasmid RefSeq|Homology,NODE_6_length_315790_cov_52.439858_11 # 12704 # 13105 # 1 # ID=6_11;partial=00;start_type=ATG;rbs_motif=None;rbs_spacer=None;gc_cont=0.378,92.5,256,133,1.72e-88,134,1,133,1,133,mobileOG_000352603,tnpA,WP_153218495.1,integration/excision,NA,Plasmid RefSeq,Homology,NODE_6_length_315790_cov_52.439858_11, 12704 # 13105 # 1 , 12704,13105,1 ,6_11,6,11,00,ATG,None,None,0.378,NODE_6_length_315790_cov_52.439858,mobileOG_000352603_NODE_6_length_315790_cov_52.439858
123,mobileOG_000754834|NA:Keyword|WP_050844971.1|integration/excision|NA|Multiple|Keyword Search,NODE_6_length_315790_cov_52.439858_11 # 12704 # 13105 # 1 # ID=6_11;partial=00;start_type=ATG;rbs_motif=None;rbs_spacer=None;gc_cont=0.378,92.5,256,133,1.72e-88,134,1,133,1,133,mobileOG_000754834,NA:Keyword,WP_050844971.1,integration/excision,NA,Multiple,Keyword Search,NODE_6_length_315790_cov_52.439858_11, 12704 # 13105 # 1 , 12704,13105,1 ,6_11,6,11,00,ATG,None,None,0.378,NODE_6_length_315790_cov_52.439858,mobileOG_000754834_NODE_6_length_315790_cov_52.439858
124,mobileOG_000411977|NA:Keyword|WP_063549891.1|integration/excision|NA|Multiple|Keyword Search,NODE_6_length_315790_cov_52.439858_11 # 12704 # 13105 # 1 # ID=6_11;partial=00;start_type=ATG;rbs_motif=None;rbs_spacer=None;gc_cont=0.378,91.7,256,133,2.44e-88,134,1,133,1,133,mobileOG_000411977,NA:Keyword,WP_063549891.1,integration/excision,NA,Multiple,Keyword Search,NODE_6_length_315790_cov_52.439858_11, 12704 # 13105 # 1 , 12704,13105,1 ,6_11,6,11,00,ATG,None,None,0.378,NODE_6_length_315790_cov_52.439858,mobileOG_000411977_NODE_6_length_315790_cov_52.439858
125,mobileOG_000754388|NA:Keyword|WP_089608012.1|integration/excision|NA|Plasmid RefSeq|Keyword Search,NODE_6_length_315790_cov_52.439858_11 # 12704 # 13105 # 1 # ID=6_11;partial=00;start_type=ATG;rbs_motif=None;rbs_spacer=None;gc_cont=0.378,92.5,256,133,2.44e-88,134,1,133,1,133,mobileOG_000754388,NA:Keyword,WP_089608012.1,integration/excision,NA,Plasmid RefSeq,Keyword Search,NODE_6_length_315790_cov_52.439858_11, 12704 # 13105 # 1 , 12704,13105,1 ,6_11,6,11,00,ATG,None,None,0.378,NODE_6_length_315790_cov_52.439858,mobileOG_000754388_NODE_6_length_315790_cov_52.439858
126,mobileOG_000063264|tnpA|WP_015406678.1|integration/excision|NA|Multiple|Homology,NODE_6_length_315790_cov_52.439858_11 # 12704 # 13105 # 1 # ID=6_11;partial=00;start_type=ATG;rbs_motif=None;rbs_spacer=None;gc_cont=0.378,91.7,255,133,4.92e-88,134,1,133,1,133,mobileOG_000063264,tnpA,WP_015406678.1,integration/excision,NA,Multiple,Homology,NODE_6_length_315790_cov_52.439858_11, 12704 # 13105 # 1 , 12704,13105,1 ,6_11,6,11,00,ATG,None,None,0.378,NODE_6_length_315790_cov_52.439858,mobileOG_000063264_NODE_6_length_315790_cov_52.439858
127,mobileOG_000023408|tnpB|A0A164RK17|integration/excision|NA|ISFinder|Manual,NODE_6_length_315790_cov_52.439858_12 # 13111 # 14190 # 1 # ID=6_12;partial=00;start_type=GTG;rbs_motif=AGGA/GGAG/GAGG;rbs_spacer=11-12bp;gc_cont=0.355,99.7,690,359,8.90e-253,360,1,359,1,359,mobileOG_000023408,tnpB,A0A164RK17,integration/excision,NA,ISFinder,Manual,NODE_6_length_315790_cov_52.439858_12, 13111 # 14190 # 1 , 13111,14190,1 ,6_12,6,12,00,GTG,AGGA/GGAG/GAGG,11-12bp,0.355,NODE_6_length_315790_cov_52.439858,mobileOG_000023408_NODE_6_length_315790_cov_52.439858
128,mobileOG_000061384|tnpB|WP_015406647.1|integration/excision|NA|Multiple|Homology,NODE_6_length_315790_cov_52.439858_12 # 13111 # 14190 # 1 # ID=6_12;partial=00;start_type=GTG;rbs_motif=AGGA/GGAG/GAGG;rbs_spacer=11-12bp;gc_cont=0.355,92.5,649,359,1.80e-236,360,1,359,1,359,mobileOG_000061384,tnpB,WP_015406647.1,integration/excision,NA,Multiple,Homology,NODE_6_length_315790_cov_52.439858_12, 13111 # 14190 # 1 , 13111,14190,1 ,6_12,6,12,00,GTG,AGGA/GGAG/GAGG,11-12bp,0.355,NODE_6_length_315790_cov_52.439858,mobileOG_000061384_NODE_6_length_315790_cov_52.439858
129,mobileOG_000065885|tnpB|WP_063549687.1|integration/excision|NA|Multiple|Homology,NODE_6_length_315790_cov_52.439858_12 # 13111 # 14190 # 1 # ID=6_12;partial=00;start_type=GTG;rbs_motif=AGGA/GGAG/GAGG;rbs_spacer=11-12bp;gc_cont=0.355,91.9,644,359,1.21e-234,360,1,359,1,359,mobileOG_000065885,tnpB,WP_063549687.1,integration/excision,NA,Multiple,Homology,NODE_6_length_315790_cov_52.439858_12, 13111 # 14190 # 1 , 13111,14190,1 ,6_12,6,12,00,GTG,AGGA/GGAG/GAGG,11-12bp,0.355,NODE_6_length_315790_cov_52.439858,mobileOG_000065885_NODE_6_length_315790_cov_52.439858
130,mobileOG_000298077|tnpB|WP_153218494.1|integration/excision|NA|Plasmid RefSeq|Homology,NODE_6_length_315790_cov_52.439858_12 # 13111 # 14190 # 1 # ID=6_12;partial=00;start_type=GTG;rbs_motif=AGGA/GGAG/GAGG;rbs_spacer=11-12bp;gc_cont=0.355,91.9,644,359,1.21e-234,360,1,359,1,359,mobileOG_000298077,tnpB,WP_153218494.1,integration/excision,NA,Plasmid RefSeq,Homology,NODE_6_length_315790_cov_52.439858_12, 13111 # 14190 # 1 , 13111,14190,1 ,6_12,6,12,00,GTG,AGGA/GGAG/GAGG,11-12bp,0.355,NODE_6_length_315790_cov_52.439858,mobileOG_000298077_NODE_6_length_315790_cov_52.439858
131,mobileOG_000298100|tnpB|A0A242VWS8|integration/excision|NA|Plasmid RefSeq|Homology,NODE_6_length_315790_cov_52.439858_12 # 13111 # 14190 # 1 # ID=6_12;partial=00;start_type=GTG;rbs_motif=AGGA/GGAG/GAGG;rbs_spacer=11-12bp;gc_cont=0.355,91.4,644,359,2.45e-234,360,1,359,1,359,mobileOG_000298100,tnpB,A0A242VWS8,integration/excision,NA,Plasmid RefSeq,Homology,NODE_6_length_315790_cov_52.439858_12, 13111 # 14190 # 1 , 13111,14190,1 ,6_12,6,12,00,GTG,AGGA/GGAG/GAGG,11-12bp,0.355,NODE_6_length_315790_cov_52.439858,mobileOG_000298100_NODE_6_length_315790_cov_52.439858
132,mobileOG_000065889|tnpB|WP_063549895.1|integration/excision|NA|Multiple|Homology,NODE_6_length_315790_cov_52.439858_12 # 13111 # 14190 # 1 # ID=6_12;partial=00;start_type=GTG;rbs_motif=AGGA/GGAG/GAGG;rbs_spacer=11-12bp;gc_cont=0.355,91.4,642,359,9.96e-234,360,1,359,1,359,mobileOG_000065889,tnpB,WP_063549895.1,integration/excision,NA,Multiple,Homology,NODE_6_length_315790_cov_52.439858_12, 13111 # 14190 # 1 , 13111,14190,1 ,6_12,6,12,00,GTG,AGGA/GGAG/GAGG,11-12bp,0.355,NODE_6_length_315790_cov_52.439858,mobileOG_000065889_NODE_6_length_315790_cov_52.439858
133,mobileOG_000297949|tnpB|WP_086405494.1|integration/excision|NA|Plasmid RefSeq|Homology,NODE_6_length_315790_cov_52.439858_12 # 13111 # 14190 # 1 # ID=6_12;partial=00;start_type=GTG;rbs_motif=AGGA/GGAG/GAGG;rbs_spacer=11-12bp;gc_cont=0.355,91.6,642,359,1.41e-233,360,1,359,1,359,mobileOG_000297949,tnpB,WP_086405494.1,integration/excision,NA,Plasmid RefSeq,Homology,NODE_6_length_315790_cov_52.439858_12, 13111 # 14190 # 1 , 13111,14190,1 ,6_12,6,12,00,GTG,AGGA/GGAG/GAGG,11-12bp,0.355,NODE_6_length_315790_cov_52.439858,mobileOG_000297949_NODE_6_length_315790_cov_52.439858
134,mobileOG_000063266|tnpB|WP_015406677.1|integration/excision|NA|Multiple|Homology,NODE_6_length_315790_cov_52.439858_12 # 13111 # 14190 # 1 # ID=6_12;partial=00;start_type=GTG;rbs_motif=AGGA/GGAG/GAGG;rbs_spacer=11-12bp;gc_cont=0.355,91.6,640,359,5.76e-233,360,1,359,1,359,mobileOG_000063266,tnpB,WP_015406677.1,integration/excision,NA,Multiple,Homology,NODE_6_length_315790_cov_52.439858_12, 13111 # 14190 # 1 , 13111,14190,1 ,6_12,6,12,00,GTG,AGGA/GGAG/GAGG,11-12bp,0.355,NODE_6_length_315790_cov_52.439858,mobileOG_000063266_NODE_6_length_315790_cov_52.439858
135,mobileOG_000297692|tnpB|WP_001136642.1|integration/excision|NA|Multiple|Homology,NODE_6_length_315790_cov_52.439858_12 # 13111 # 14190 # 1 # ID=6_12;partial=00;start_type=GTG;rbs_motif=AGGA/GGAG/GAGG;rbs_spacer=11-12bp;gc_cont=0.355,91.4,640,359,5.76e-233,360,1,359,1,359,mobileOG_000297692,tnpB,WP_001136642.1,integration/excision,NA,Multiple,Homology,NODE_6_length_315790_cov_52.439858_12, 13111 # 14190 # 1 , 13111,14190,1 ,6_12,6,12,00,GTG,AGGA/GGAG/GAGG,11-12bp,0.355,NODE_6_length_315790_cov_52.439858,mobileOG_000297692_NODE_6_length_315790_cov_52.439858
136,mobileOG_000064664|tnpB|WP_042991619.1|integration/excision|NA|Multiple|Homology,NODE_6_length_315790_cov_52.439858_12 # 13111 # 14190 # 1 # ID=6_12;partial=00;start_type=GTG;rbs_motif=AGGA/GGAG/GAGG;rbs_spacer=11-12bp;gc_cont=0.355,91.4,639,359,1.16e-232,360,1,359,1,359,mobileOG_000064664,tnpB,WP_042991619.1,integration/excision,NA,Multiple,Homology,NODE_6_length_315790_cov_52.439858_12, 13111 # 14190 # 1 , 13111,14190,1 ,6_12,6,12,00,GTG,AGGA/GGAG/GAGG,11-12bp,0.355,NODE_6_length_315790_cov_52.439858,mobileOG_000064664_NODE_6_length_315790_cov_52.439858
137,mobileOG_000297899|tnpB|WP_065229854.1|integration/excision|NA|Plasmid RefSeq|Homology,NODE_6_length_315790_cov_52.439858_12 # 13111 # 14190 # 1 # ID=6_12;partial=00;start_type=GTG;rbs_motif=AGGA/GGAG/GAGG;rbs_spacer=11-12bp;gc_cont=0.355,91.9,639,356,1.47e-232,360,1,356,1,356,mobileOG_000297899,tnpB,WP_065229854.1,integration/excision,NA,Plasmid RefSeq,Homology,NODE_6_length_315790_cov_52.439858_12, 13111 # 14190 # 1 , 13111,14190,1 ,6_12,6,12,00,GTG,AGGA/GGAG/GAGG,11-12bp,0.355,NODE_6_length_315790_cov_52.439858,mobileOG_000297899_NODE_6_length_315790_cov_52.439858
138,mobileOG_000297938|tnpB|A0A242YNB7|integration/excision|NA|Multiple|Homology,NODE_6_length_315790_cov_52.439858_12 # 13111 # 14190 # 1 # ID=6_12;partial=00;start_type=GTG;rbs_motif=AGGA/GGAG/GAGG;rbs_spacer=11-12bp;gc_cont=0.355,91.1,637,359,9.53e-232,360,1,359,1,359,mobileOG_000297938,tnpB,A0A242YNB7,integration/excision,NA,Multiple,Homology,NODE_6_length_315790_cov_52.439858_12, 13111 # 14190 # 1 , 13111,14190,1 ,6_12,6,12,00,GTG,AGGA/GGAG/GAGG,11-12bp,0.355,NODE_6_length_315790_cov_52.439858,mobileOG_000297938_NODE_6_length_315790_cov_52.439858
139,mobileOG_000297691|tnpB|WP_001136641.1|integration/excision|NA|Plasmid RefSeq|Homology,NODE_6_length_315790_cov_52.439858_12 # 13111 # 14190 # 1 # ID=6_12;partial=00;start_type=GTG;rbs_motif=AGGA/GGAG/GAGG;rbs_spacer=11-12bp;gc_cont=0.355,90.8,635,359,7.82e-231,360,1,359,1,359,mobileOG_000297691,tnpB,WP_001136641.1,integration/excision,NA,Plasmid RefSeq,Homology,NODE_6_length_315790_cov_52.439858_12, 13111 # 14190 # 1 , 13111,14190,1 ,6_12,6,12,00,GTG,AGGA/GGAG/GAGG,11-12bp,0.355,NODE_6_length_315790_cov_52.439858,mobileOG_000297691_NODE_6_length_315790_cov_52.439858
140,mobileOG_000758657|NA:Keyword|A0A4Y1W5V3|integration/excision|replication/recombination/repair|ACLAME|Keyword Search,NODE_9_length_272925_cov_35.139887_255 # 267826 # 268482 # -1 # ID=9_255;partial=00;start_type=ATG;rbs_motif=GGAG/GAGG;rbs_spacer=5-10bp;gc_cont=0.341,98.6,408,218,6.27e-146,219,1,218,1,218,mobileOG_000758657,NA:Keyword,A0A4Y1W5V3,integration/excision,replication/recombination/repair,ACLAME,Keyword Search,NODE_9_length_272925_cov_35.139887_255, 267826 # 268482 # -1 , 267826,268482,-1 ,9_255,9,255,00,ATG,GGAG/GAGG,5-10bp,0.341,NODE_9_length_272925_cov_35.139887,mobileOG_000758657_NODE_9_length_272925_cov_35.139887
141,"mobileOG_000000156|lexA|A0A1J9YMX6|phage|lysis/lysogeny,regulation|ACLAME|Manual",NODE_9_length_272925_cov_35.139887_256 # 268573 # 269244 # 1 # ID=9_256;partial=00;start_type=ATG;rbs_motif=None;rbs_spacer=None;gc_cont=0.381,100,398,206,4.59e-142,224,1,206,18,223,mobileOG_000000156,lexA,A0A1J9YMX6,phage,"lysis/lysogeny,regulation",ACLAME,Manual,NODE_9_length_272925_cov_35.139887_256, 268573 # 269244 # 1 , 268573,269244,1 ,9_256,9,256,00,ATG,None,None,0.381,NODE_9_length_272925_cov_35.139887,mobileOG_000000156_NODE_9_length_272925_cov_35.139887
142,mobileOG_000724414|NA:Keyword|A0A2B1U0L1|integration/excision|NA|ISFinder|Keyword Search,NODE_10_length_214865_cov_53.750414_25 # 26968 # 28125 # -1 # ID=10_25;partial=00;start_type=ATG;rbs_motif=GGAG/GAGG;rbs_spacer=5-10bp;gc_cont=0.327,96.4,699,361,5.99e-256,386,1,361,25,385,mobileOG_000724414,NA:Keyword,A0A2B1U0L1,integration/excision,NA,ISFinder,Keyword Search,NODE_10_length_214865_cov_53.750414_25, 26968 # 28125 # -1 , 26968,28125,-1 ,10_25,10,25,00,ATG,GGAG/GAGG,5-10bp,0.327,NODE_10_length_214865_cov_53.750414,mobileOG_000724414_NODE_10_length_214865_cov_53.750414
143,mobileOG_000298073|tnpB|WP_151909504.1|integration/excision|NA|Plasmid RefSeq|Homology,NODE_11_length_178517_cov_47.346066_1 # 3 # 800 # 1 # ID=11_1;partial=10;start_type=Edge;rbs_motif=None;rbs_spacer=None;gc_cont=0.365,98.1,518,373,2.99e-186,266,109,373,1,265,mobileOG_000298073,tnpB,WP_151909504.1,integration/excision,NA,Plasmid RefSeq,Homology,NODE_11_length_178517_cov_47.346066_1, 3 # 800 # 1 , 3,800,1 ,11_1,11,1,10,Edge,None,None,0.365,NODE_11_length_178517_cov_47.346066,mobileOG_000298073_NODE_11_length_178517_cov_47.346066
144,mobileOG_000298071|tnpB|WP_151909503.1|integration/excision|NA|Plasmid RefSeq|Homology,NODE_11_length_178517_cov_47.346066_1 # 3 # 800 # 1 # ID=11_1;partial=10;start_type=Edge;rbs_motif=None;rbs_spacer=None;gc_cont=0.365,97.0,514,373,2.01e-184,266,109,373,1,265,mobileOG_000298071,tnpB,WP_151909503.1,integration/excision,NA,Plasmid RefSeq,Homology,NODE_11_length_178517_cov_47.346066_1, 3 # 800 # 1 , 3,800,1 ,11_1,11,1,10,Edge,None,None,0.365,NODE_11_length_178517_cov_47.346066,mobileOG_000298071_NODE_11_length_178517_cov_47.346066
145,mobileOG_000067932|tnpB|WP_119684318.1|integration/excision|NA|COMPASS|Homology,NODE_11_length_178517_cov_47.346066_1 # 3 # 800 # 1 # ID=11_1;partial=10;start_type=Edge;rbs_motif=None;rbs_spacer=None;gc_cont=0.365,95.8,513,372,2.75e-184,266,108,372,1,265,mobileOG_000067932,tnpB,WP_119684318.1,integration/excision,NA,COMPASS,Homology,NODE_11_length_178517_cov_47.346066_1, 3 # 800 # 1 , 3,800,1 ,11_1,11,1,10,Edge,None,None,0.365,NODE_11_length_178517_cov_47.346066,mobileOG_000067932_NODE_11_length_178517_cov_47.346066
146,mobileOG_000298017|tnpB|WP_119684318.1|integration/excision|NA|Plasmid RefSeq|Homology,NODE_11_length_178517_cov_47.346066_1 # 3 # 800 # 1 # ID=11_1;partial=10;start_type=Edge;rbs_motif=None;rbs_spacer=None;gc_cont=0.365,95.8,513,373,2.85e-184,266,109,373,1,265,mobileOG_000298017,tnpB,WP_119684318.1,integration/excision,NA,Plasmid RefSeq,Homology,NODE_11_length_178517_cov_47.346066_1, 3 # 800 # 1 , 3,800,1 ,11_1,11,1,10,Edge,None,None,0.365,NODE_11_length_178517_cov_47.346066,mobileOG_000298017_NODE_11_length_178517_cov_47.346066
147,mobileOG_000063148|tnpB|WP_016078507.1|integration/excision|NA|Multiple|Homology,NODE_11_length_178517_cov_47.346066_1 # 3 # 800 # 1 # ID=11_1;partial=10;start_type=Edge;rbs_motif=None;rbs_spacer=None;gc_cont=0.365,96.2,513,372,3.90e-184,266,108,372,1,265,mobileOG_000063148,tnpB,WP_016078507.1,integration/excision,NA,Multiple,Homology,NODE_11_length_178517_cov_47.346066_1, 3 # 800 # 1 , 3,800,1 ,11_1,11,1,10,Edge,None,None,0.365,NODE_11_length_178517_cov_47.346066,mobileOG_000063148_NODE_11_length_178517_cov_47.346066
148,mobileOG_000052291|tnpB|WP_015406625.1|integration/excision|NA|Multiple|Homology,NODE_11_length_178517_cov_47.346066_1 # 3 # 800 # 1 # ID=11_1;partial=10;start_type=Edge;rbs_motif=None;rbs_spacer=None;gc_cont=0.365,96.6,513,372,5.54e-184,266,108,372,1,265,mobileOG_000052291,tnpB,WP_015406625.1,integration/excision,NA,Multiple,Homology,NODE_11_length_178517_cov_47.346066_1, 3 # 800 # 1 , 3,800,1 ,11_1,11,1,10,Edge,None,None,0.365,NODE_11_length_178517_cov_47.346066,mobileOG_000052291_NODE_11_length_178517_cov_47.346066
149,mobileOG_000298060|tnpB|WP_149217113.1|integration/excision|NA|Plasmid RefSeq|Homology,NODE_11_length_178517_cov_47.346066_1 # 3 # 800 # 1 # ID=11_1;partial=10;start_type=Edge;rbs_motif=None;rbs_spacer=None;gc_cont=0.365,96.6,513,372,5.54e-184,266,108,372,1,265,mobileOG_000298060,tnpB,WP_149217113.1,integration/excision,NA,Plasmid RefSeq,Homology,NODE_11_length_178517_cov_47.346066_1, 3 # 800 # 1 , 3,800,1 ,11_1,11,1,10,Edge,None,None,0.365,NODE_11_length_178517_cov_47.346066,mobileOG_000298060_NODE_11_length_178517_cov_47.346066
150,mobileOG_000297884|tnpB|WP_062804563.1|integration/excision|NA|Plasmid RefSeq|Homology,NODE_11_length_178517_cov_47.346066_1 # 3 # 800 # 1 # ID=11_1;partial=10;start_type=Edge;rbs_motif=None;rbs_spacer=None;gc_cont=0.365,97.0,512,372,1.12e-183,266,108,372,1,265,mobileOG_000297884,tnpB,WP_062804563.1,integration/excision,NA,Plasmid RefSeq,Homology,NODE_11_length_178517_cov_47.346066_1, 3 # 800 # 1 , 3,800,1 ,11_1,11,1,10,Edge,None,None,0.365,NODE_11_length_178517_cov_47.346066,mobileOG_000297884_NODE_11_length_178517_cov_47.346066
151,mobileOG_000070947|tnpB|WP_062804563.1|integration/excision|NA|COMPASS|Homology,NODE_11_length_178517_cov_47.346066_1 # 3 # 800 # 1 # ID=11_1;partial=10;start_type=Edge;rbs_motif=None;rbs_spacer=None;gc_cont=0.365,97.0,512,378,1.39e-183,266,114,378,1,265,mobileOG_000070947,tnpB,WP_062804563.1,integration/excision,NA,COMPASS,Homology,NODE_11_length_178517_cov_47.346066_1, 3 # 800 # 1 , 3,800,1 ,11_1,11,1,10,Edge,None,None,0.365,NODE_11_length_178517_cov_47.346066,mobileOG_000070947_NODE_11_length_178517_cov_47.346066
152,mobileOG_000297996|tnpB|WP_015406689.1|integration/excision|NA|Plasmid RefSeq|Homology,NODE_11_length_178517_cov_47.346066_1 # 3 # 800 # 1 # ID=11_1;partial=10;start_type=Edge;rbs_motif=None;rbs_spacer=None;gc_cont=0.365,96.6,511,373,1.64e-183,266,109,373,1,265,mobileOG_000297996,tnpB,WP_015406689.1,integration/excision,NA,Plasmid RefSeq,Homology,NODE_11_length_178517_cov_47.346066_1, 3 # 800 # 1 , 3,800,1 ,11_1,11,1,10,Edge,None,None,0.365,NODE_11_length_178517_cov_47.346066,mobileOG_000297996_NODE_11_length_178517_cov_47.346066
153,mobileOG_000052306|tnpB|WP_015406602.1|integration/excision|NA|Multiple|Homology,NODE_11_length_178517_cov_47.346066_1 # 3 # 800 # 1 # ID=11_1;partial=10;start_type=Edge;rbs_motif=None;rbs_spacer=None;gc_cont=0.365,95.8,511,372,2.25e-183,266,108,372,1,265,mobileOG_000052306,tnpB,WP_015406602.1,integration/excision,NA,Multiple,Homology,NODE_11_length_178517_cov_47.346066_1, 3 # 800 # 1 , 3,800,1 ,11_1,11,1,10,Edge,None,None,0.365,NODE_11_length_178517_cov_47.346066,mobileOG_000052306_NODE_11_length_178517_cov_47.346066
154,mobileOG_000297821|tnpB|WP_042970265.1|integration/excision|NA|Multiple|Homology,NODE_11_length_178517_cov_47.346066_1 # 3 # 800 # 1 # ID=11_1;partial=10;start_type=Edge;rbs_motif=None;rbs_spacer=None;gc_cont=0.365,96.2,510,372,6.45e-183,266,108,372,1,265,mobileOG_000297821,tnpB,WP_042970265.1,integration/excision,NA,Multiple,Homology,NODE_11_length_178517_cov_47.346066_1, 3 # 800 # 1 , 3,800,1 ,11_1,11,1,10,Edge,None,None,0.365,NODE_11_length_178517_cov_47.346066,mobileOG_000297821_NODE_11_length_178517_cov_47.346066
155,mobileOG_000297844|tnpB|WP_050822484.1|integration/excision|NA|Multiple|Homology,NODE_11_length_178517_cov_47.346066_1 # 3 # 800 # 1 # ID=11_1;partial=10;start_type=Edge;rbs_motif=None;rbs_spacer=None;gc_cont=0.365,95.8,509,372,9.16e-183,266,108,372,1,265,mobileOG_000297844,tnpB,WP_050822484.1,integration/excision,NA,Multiple,Homology,NODE_11_length_178517_cov_47.346066_1, 3 # 800 # 1 , 3,800,1 ,11_1,11,1,10,Edge,None,None,0.365,NODE_11_length_178517_cov_47.346066,mobileOG_000297844_NODE_11_length_178517_cov_47.346066
156,mobileOG_000298016|tnpB|WP_119684397.1|integration/excision|NA|Multiple|Homology,NODE_11_length_178517_cov_47.346066_1 # 3 # 800 # 1 # ID=11_1;partial=10;start_type=Edge;rbs_motif=None;rbs_spacer=None;gc_cont=0.365,96.2,509,372,1.85e-182,266,108,372,1,265,mobileOG_000298016,tnpB,WP_119684397.1,integration/excision,NA,Multiple,Homology,NODE_11_length_178517_cov_47.346066_1, 3 # 800 # 1 , 3,800,1 ,11_1,11,1,10,Edge,None,None,0.365,NODE_11_length_178517_cov_47.346066,mobileOG_000298016_NODE_11_length_178517_cov_47.346066
157,mobileOG_000063510|tnpB|WP_015406689.1|integration/excision|NA|Multiple|Homology,NODE_11_length_178517_cov_47.346066_1 # 3 # 800 # 1 # ID=11_1;partial=10;start_type=Edge;rbs_motif=None;rbs_spacer=None;gc_cont=0.365,96.2,509,373,1.91e-182,266,109,373,1,265,mobileOG_000063510,tnpB,WP_015406689.1,integration/excision,NA,Multiple,Homology,NODE_11_length_178517_cov_47.346066_1, 3 # 800 # 1 , 3,800,1 ,11_1,11,1,10,Edge,None,None,0.365,NODE_11_length_178517_cov_47.346066,mobileOG_000063510_NODE_11_length_178517_cov_47.346066
158,mobileOG_000063358|bdbC|WP_000022641.1|transfer|competence|Multiple|Homology,NODE_11_length_178517_cov_47.346066_8 # 5857 # 6285 # 1 # ID=11_8;partial=00;start_type=ATG;rbs_motif=GGAG/GAGG;rbs_spacer=5-10bp;gc_cont=0.331,97.9,283,142,7.08e-99,143,1,142,1,142,mobileOG_000063358,bdbC,WP_000022641.1,transfer,competence,Multiple,Homology,NODE_11_length_178517_cov_47.346066_8, 5857 # 6285 # 1 , 5857,6285,1 ,11_8,11,8,00,ATG,GGAG/GAGG,5-10bp,0.331,NODE_11_length_178517_cov_47.346066,mobileOG_000063358_NODE_11_length_178517_cov_47.346066
159,mobileOG_000362252|bdbC|WP_061885079.1|transfer|competence|Multiple|Homology,NODE_11_length_178517_cov_47.346066_8 # 5857 # 6285 # 1 # ID=11_8;partial=00;start_type=ATG;rbs_motif=GGAG/GAGG;rbs_spacer=5-10bp;gc_cont=0.331,95.8,278,142,4.79e-97,143,1,142,1,142,mobileOG_000362252,bdbC,WP_061885079.1,transfer,competence,Multiple,Homology,NODE_11_length_178517_cov_47.346066_8, 5857 # 6285 # 1 , 5857,6285,1 ,11_8,11,8,00,ATG,GGAG/GAGG,5-10bp,0.331,NODE_11_length_178517_cov_47.346066,mobileOG_000362252_NODE_11_length_178517_cov_47.346066
160,mobileOG_000361024|bdbC|WP_042516172.1|transfer|competence|Multiple|Homology,NODE_11_length_178517_cov_47.346066_8 # 5857 # 6285 # 1 # ID=11_8;partial=00;start_type=ATG;rbs_motif=GGAG/GAGG;rbs_spacer=5-10bp;gc_cont=0.331,96.5,278,142,6.81e-97,143,1,142,1,142,mobileOG_000361024,bdbC,WP_042516172.1,transfer,competence,Multiple,Homology,NODE_11_length_178517_cov_47.346066_8, 5857 # 6285 # 1 , 5857,6285,1 ,11_8,11,8,00,ATG,GGAG/GAGG,5-10bp,0.331,NODE_11_length_178517_cov_47.346066,mobileOG_000361024_NODE_11_length_178517_cov_47.346066
161,mobileOG_000065890|bdbC|WP_063549930.1|transfer|competence|Multiple|Homology,NODE_11_length_178517_cov_47.346066_8 # 5857 # 6285 # 1 # ID=11_8;partial=00;start_type=ATG;rbs_motif=GGAG/GAGG;rbs_spacer=5-10bp;gc_cont=0.331,95.8,276,142,5.60e-96,143,1,142,1,142,mobileOG_000065890,bdbC,WP_063549930.1,transfer,competence,Multiple,Homology,NODE_11_length_178517_cov_47.346066_8, 5857 # 6285 # 1 , 5857,6285,1 ,11_8,11,8,00,ATG,GGAG/GAGG,5-10bp,0.331,NODE_11_length_178517_cov_47.346066,mobileOG_000065890_NODE_11_length_178517_cov_47.346066
162,mobileOG_000360659|bdbC|WP_103621628.1|transfer|competence|Plasmid RefSeq|Homology,NODE_11_length_178517_cov_47.346066_8 # 5857 # 6285 # 1 # ID=11_8;partial=00;start_type=ATG;rbs_motif=GGAG/GAGG;rbs_spacer=5-10bp;gc_cont=0.331,94.4,275,145,8.81e-96,143,1,142,1,142,mobileOG_000360659,bdbC,WP_103621628.1,transfer,competence,Plasmid RefSeq,Homology,NODE_11_length_178517_cov_47.346066_8, 5857 # 6285 # 1 , 5857,6285,1 ,11_8,11,8,00,ATG,GGAG/GAGG,5-10bp,0.331,NODE_11_length_178517_cov_47.346066,mobileOG_000360659_NODE_11_length_178517_cov_47.346066
163,mobileOG_000058092|bdbC|WP_000022639.1|transfer|competence|Multiple|Homology,NODE_11_length_178517_cov_47.346066_8 # 5857 # 6285 # 1 # ID=11_8;partial=00;start_type=ATG;rbs_motif=GGAG/GAGG;rbs_spacer=5-10bp;gc_cont=0.331,93.0,273,145,7.25e-95,143,1,142,1,142,mobileOG_000058092,bdbC,WP_000022639.1,transfer,competence,Multiple,Homology,NODE_11_length_178517_cov_47.346066_8, 5857 # 6285 # 1 , 5857,6285,1 ,11_8,11,8,00,ATG,GGAG/GAGG,5-10bp,0.331,NODE_11_length_178517_cov_47.346066,mobileOG_000058092_NODE_11_length_178517_cov_47.346066
164,mobileOG_000360662|bdbC|WP_103621760.1|transfer|competence|Plasmid RefSeq|Homology,NODE_11_length_178517_cov_47.346066_8 # 5857 # 6285 # 1 # ID=11_8;partial=00;start_type=ATG;rbs_motif=GGAG/GAGG;rbs_spacer=5-10bp;gc_cont=0.331,94.4,272,142,1.32e-94,143,1,142,1,142,mobileOG_000360662,bdbC,WP_103621760.1,transfer,competence,Plasmid RefSeq,Homology,NODE_11_length_178517_cov_47.346066_8, 5857 # 6285 # 1 , 5857,6285,1 ,11_8,11,8,00,ATG,GGAG/GAGG,5-10bp,0.331,NODE_11_length_178517_cov_47.346066,mobileOG_000360662_NODE_11_length_178517_cov_47.346066
165,mobileOG_000356662|bdbC|WP_000022644.1|transfer|competence|Plasmid RefSeq|Homology,NODE_11_length_178517_cov_47.346066_8 # 5857 # 6285 # 1 # ID=11_8;partial=00;start_type=ATG;rbs_motif=GGAG/GAGG;rbs_spacer=5-10bp;gc_cont=0.331,93.7,272,145,1.46e-94,143,1,142,1,142,mobileOG_000356662,bdbC,WP_000022644.1,transfer,competence,Plasmid RefSeq,Homology,NODE_11_length_178517_cov_47.346066_8, 5857 # 6285 # 1 , 5857,6285,1 ,11_8,11,8,00,ATG,GGAG/GAGG,5-10bp,0.331,NODE_11_length_178517_cov_47.346066,mobileOG_000356662_NODE_11_length_178517_cov_47.346066
166,mobileOG_000361920|bdbC|WP_042512114.1|transfer|competence|Multiple|Homology,NODE_11_length_178517_cov_47.346066_8 # 5857 # 6285 # 1 # ID=11_8;partial=00;start_type=ATG;rbs_motif=GGAG/GAGG;rbs_spacer=5-10bp;gc_cont=0.331,92.3,271,145,4.19e-94,143,1,142,1,142,mobileOG_000361920,bdbC,WP_042512114.1,transfer,competence,Multiple,Homology,NODE_11_length_178517_cov_47.346066_8, 5857 # 6285 # 1 , 5857,6285,1 ,11_8,11,8,00,ATG,GGAG/GAGG,5-10bp,0.331,NODE_11_length_178517_cov_47.346066,mobileOG_000361920_NODE_11_length_178517_cov_47.346066
167,mobileOG_000356663|bdbC|WP_000022643.1|transfer|competence|Multiple|Homology,NODE_11_length_178517_cov_47.346066_8 # 5857 # 6285 # 1 # ID=11_8;partial=00;start_type=ATG;rbs_motif=GGAG/GAGG;rbs_spacer=5-10bp;gc_cont=0.331,91.5,268,145,9.89e-93,143,1,142,1,142,mobileOG_000356663,bdbC,WP_000022643.1,transfer,competence,Multiple,Homology,NODE_11_length_178517_cov_47.346066_8, 5857 # 6285 # 1 , 5857,6285,1 ,11_8,11,8,00,ATG,GGAG/GAGG,5-10bp,0.331,NODE_11_length_178517_cov_47.346066,mobileOG_000356663_NODE_11_length_178517_cov_47.346066
168,mobileOG_000284648|bdbC|A0A2B5NTD9|transfer|competence|Plasmid RefSeq|Homology,NODE_11_length_178517_cov_47.346066_8 # 5857 # 6285 # 1 # ID=11_8;partial=00;start_type=ATG;rbs_motif=GGAG/GAGG;rbs_spacer=5-10bp;gc_cont=0.331,94.0,259,136,2.35e-89,143,1,134,1,134,mobileOG_000284648,bdbC,A0A2B5NTD9,transfer,competence,Plasmid RefSeq,Homology,NODE_11_length_178517_cov_47.346066_8, 5857 # 6285 # 1 , 5857,6285,1 ,11_8,11,8,00,ATG,GGAG/GAGG,5-10bp,0.331,NODE_11_length_178517_cov_47.346066,mobileOG_000284648_NODE_11_length_178517_cov_47.346066
169,mobileOG_000065178|ORF|WP_001054007.1|integration/excision|NA|COMPASS|Homology,NODE_11_length_178517_cov_47.346066_26 # 21872 # 22408 # -1 # ID=11_26;partial=00;start_type=GTG;rbs_motif=None;rbs_spacer=None;gc_cont=0.331,95.5,353,178,2.68e-125,179,1,178,1,178,mobileOG_000065178,ORF,WP_001054007.1,integration/excision,NA,COMPASS,Homology,NODE_11_length_178517_cov_47.346066_26, 21872 # 22408 # -1 , 21872,22408,-1 ,11_26,11,26,00,GTG,None,None,0.331,NODE_11_length_178517_cov_47.346066,mobileOG_000065178_NODE_11_length_178517_cov_47.346066
170,mobileOG_000064126|ORF|WP_001054007.1|integration/excision|NA|COMPASS|Homology,NODE_11_length_178517_cov_47.346066_26 # 21872 # 22408 # -1 # ID=11_26;partial=00;start_type=GTG;rbs_motif=None;rbs_spacer=None;gc_cont=0.331,94.9,351,222,5.16e-124,179,45,222,1,178,mobileOG_000064126,ORF,WP_001054007.1,integration/excision,NA,COMPASS,Homology,NODE_11_length_178517_cov_47.346066_26, 21872 # 22408 # -1 , 21872,22408,-1 ,11_26,11,26,00,GTG,None,None,0.331,NODE_11_length_178517_cov_47.346066,mobileOG_000064126_NODE_11_length_178517_cov_47.346066
171,mobileOG_000064030|NA|WP_001054007.1|integration/excision|NA|COMPASS|Homology,NODE_11_length_178517_cov_47.346066_26 # 21872 # 22408 # -1 # ID=11_26;partial=00;start_type=GTG;rbs_motif=None;rbs_spacer=None;gc_cont=0.331,94.9,351,269,2.67e-123,179,92,269,1,178,mobileOG_000064030,NA,WP_001054007.1,integration/excision,NA,COMPASS,Homology,NODE_11_length_178517_cov_47.346066_26, 21872 # 22408 # -1 , 21872,22408,-1 ,11_26,11,26,00,GTG,None,None,0.331,NODE_11_length_178517_cov_47.346066,mobileOG_000064030_NODE_11_length_178517_cov_47.346066
172,mobileOG_000062379|ORF|WP_001054007.1|integration/excision|NA|COMPASS|Homology,NODE_11_length_178517_cov_47.346066_26 # 21872 # 22408 # -1 # ID=11_26;partial=00;start_type=GTG;rbs_motif=None;rbs_spacer=None;gc_cont=0.331,94.9,351,319,1.49e-122,179,142,319,1,178,mobileOG_000062379,ORF,WP_001054007.1,integration/excision,NA,COMPASS,Homology,NODE_11_length_178517_cov_47.346066_26, 21872 # 22408 # -1 , 21872,22408,-1 ,11_26,11,26,00,GTG,None,None,0.331,NODE_11_length_178517_cov_47.346066,mobileOG_000062379_NODE_11_length_178517_cov_47.346066
173,mobileOG_000344099|NA|WP_033647151.1|integration/excision|NA|Plasmid RefSeq|Homology,NODE_11_length_178517_cov_47.346066_26 # 21872 # 22408 # -1 # ID=11_26;partial=00;start_type=GTG;rbs_motif=None;rbs_spacer=None;gc_cont=0.331,96.6,355,478,1.15e-121,179,301,478,1,178,mobileOG_000344099,NA,WP_033647151.1,integration/excision,NA,Plasmid RefSeq,Homology,NODE_11_length_178517_cov_47.346066_26, 21872 # 22408 # -1 , 21872,22408,-1 ,11_26,11,26,00,GTG,None,None,0.331,NODE_11_length_178517_cov_47.346066,mobileOG_000344099_NODE_11_length_178517_cov_47.346066
174,mobileOG_000059745|NA|A0A193D1U2|integration/excision|NA|COMPASS|Homology,NODE_11_length_178517_cov_47.346066_26 # 21872 # 22408 # -1 # ID=11_26;partial=00;start_type=GTG;rbs_motif=None;rbs_spacer=None;gc_cont=0.331,95.5,352,478,1.32e-120,179,301,478,1,178,mobileOG_000059745,NA,A0A193D1U2,integration/excision,NA,COMPASS,Homology,NODE_11_length_178517_cov_47.346066_26, 21872 # 22408 # -1 , 21872,22408,-1 ,11_26,11,26,00,GTG,None,None,0.331,NODE_11_length_178517_cov_47.346066,mobileOG_000059745_NODE_11_length_178517_cov_47.346066
175,mobileOG_000033181|NA|WP_001054007.1|integration/excision|NA|Multiple|Homology,NODE_11_length_178517_cov_47.346066_26 # 21872 # 22408 # -1 # ID=11_26;partial=00;start_type=GTG;rbs_motif=None;rbs_spacer=None;gc_cont=0.331,94.9,351,478,2.64e-120,179,301,478,1,178,mobileOG_000033181,NA,WP_001054007.1,integration/excision,NA,Multiple,Homology,NODE_11_length_178517_cov_47.346066_26, 21872 # 22408 # -1 , 21872,22408,-1 ,11_26,11,26,00,GTG,None,None,0.331,NODE_11_length_178517_cov_47.346066,mobileOG_000033181_NODE_11_length_178517_cov_47.346066
176,mobileOG_000035932|NA|WP_010890003.1|integration/excision|NA|Multiple|Homology,NODE_11_length_178517_cov_47.346066_26 # 21872 # 22408 # -1 # ID=11_26;partial=00;start_type=GTG;rbs_motif=None;rbs_spacer=None;gc_cont=0.331,94.9,351,478,2.64e-120,179,301,478,1,178,mobileOG_000035932,NA,WP_010890003.1,integration/excision,NA,Multiple,Homology,NODE_11_length_178517_cov_47.346066_26, 21872 # 22408 # -1 , 21872,22408,-1 ,11_26,11,26,00,GTG,None,None,0.331,NODE_11_length_178517_cov_47.346066,mobileOG_000035932_NODE_11_length_178517_cov_47.346066
177,mobileOG_000057551|NA|WP_001053948.1|integration/excision|NA|Multiple|Homology,NODE_11_length_178517_cov_47.346066_26 # 21872 # 22408 # -1 # ID=11_26;partial=00;start_type=GTG;rbs_motif=None;rbs_spacer=None;gc_cont=0.331,94.9,351,478,2.64e-120,179,301,478,1,178,mobileOG_000057551,NA,WP_001053948.1,integration/excision,NA,Multiple,Homology,NODE_11_length_178517_cov_47.346066_26, 21872 # 22408 # -1 , 21872,22408,-1 ,11_26,11,26,00,GTG,None,None,0.331,NODE_11_length_178517_cov_47.346066,mobileOG_000057551_NODE_11_length_178517_cov_47.346066
178,mobileOG_000344044|NA|WP_042512153.1|integration/excision|NA|Multiple|Homology,NODE_11_length_178517_cov_47.346066_26 # 21872 # 22408 # -1 # ID=11_26;partial=00;start_type=GTG;rbs_motif=None;rbs_spacer=None;gc_cont=0.331,94.9,349,478,2.14e-119,179,301,478,1,178,mobileOG_000344044,NA,WP_042512153.1,integration/excision,NA,Multiple,Homology,NODE_11_length_178517_cov_47.346066_26, 21872 # 22408 # -1 , 21872,22408,-1 ,11_26,11,26,00,GTG,None,None,0.331,NODE_11_length_178517_cov_47.346066,mobileOG_000344044_NODE_11_length_178517_cov_47.346066
179,mobileOG_000311594|NA|WP_071680270.1|integration/excision|NA|Multiple|Homology,NODE_11_length_178517_cov_47.346066_26 # 21872 # 22408 # -1 # ID=11_26;partial=00;start_type=GTG;rbs_motif=None;rbs_spacer=None;gc_cont=0.331,95.5,348,478,3.03e-119,179,301,478,1,178,mobileOG_000311594,NA,WP_071680270.1,integration/excision,NA,Multiple,Homology,NODE_11_length_178517_cov_47.346066_26, 21872 # 22408 # -1 , 21872,22408,-1 ,11_26,11,26,00,GTG,None,None,0.331,NODE_11_length_178517_cov_47.346066,mobileOG_000311594_NODE_11_length_178517_cov_47.346066
180,mobileOG_000023480|NA|A0A5B3IWD0|integration/excision|NA|Multiple|Manual,NODE_11_length_178517_cov_47.346066_26 # 21872 # 22408 # -1 # ID=11_26;partial=00;start_type=GTG;rbs_motif=None;rbs_spacer=None;gc_cont=0.331,94.9,348,478,6.08e-119,179,301,478,1,178,mobileOG_000023480,NA,A0A5B3IWD0,integration/excision,NA,Multiple,Manual,NODE_11_length_178517_cov_47.346066_26, 21872 # 22408 # -1 , 21872,22408,-1 ,11_26,11,26,00,GTG,None,None,0.331,NODE_11_length_178517_cov_47.346066,mobileOG_000023480_NODE_11_length_178517_cov_47.346066
181,mobileOG_000339022|NA|WP_098671412.1|integration/excision|NA|Plasmid RefSeq|Homology,NODE_11_length_178517_cov_47.346066_26 # 21872 # 22408 # -1 # ID=11_26;partial=00;start_type=GTG;rbs_motif=None;rbs_spacer=None;gc_cont=0.331,94.9,348,478,6.08e-119,179,301,478,1,178,mobileOG_000339022,NA,WP_098671412.1,integration/excision,NA,Plasmid RefSeq,Homology,NODE_11_length_178517_cov_47.346066_26, 21872 # 22408 # -1 , 21872,22408,-1 ,11_26,11,26,00,GTG,None,None,0.331,NODE_11_length_178517_cov_47.346066,mobileOG_000339022_NODE_11_length_178517_cov_47.346066
182,mobileOG_000064695|NA|A0A0K0SIE2|integration/excision|NA|COMPASS|Homology,NODE_11_length_178517_cov_47.346066_26 # 21872 # 22408 # -1 # ID=11_26;partial=00;start_type=GTG;rbs_motif=None;rbs_spacer=None;gc_cont=0.331,92.7,342,402,7.32e-118,179,225,402,1,178,mobileOG_000064695,NA,A0A0K0SIE2,integration/excision,NA,COMPASS,Homology,NODE_11_length_178517_cov_47.346066_26, 21872 # 22408 # -1 , 21872,22408,-1 ,11_26,11,26,00,GTG,None,None,0.331,NODE_11_length_178517_cov_47.346066,mobileOG_000064695_NODE_11_length_178517_cov_47.346066
183,mobileOG_000057567|NA|WP_078030547.1|integration/excision|NA|Multiple|Homology,NODE_11_length_178517_cov_47.346066_27 # 22409 # 23308 # -1 # ID=11_27;partial=00;start_type=ATG;rbs_motif=AGGA/GGAG/GAGG;rbs_spacer=11-12bp;gc_cont=0.333,91.6,557,354,2.45e-201,300,1,299,1,299,mobileOG_000057567,NA,WP_078030547.1,integration/excision,NA,Multiple,Homology,NODE_11_length_178517_cov_47.346066_27, 22409 # 23308 # -1 , 22409,23308,-1 ,11_27,11,27,00,ATG,AGGA/GGAG/GAGG,11-12bp,0.333,NODE_11_length_178517_cov_47.346066,mobileOG_000057567_NODE_11_length_178517_cov_47.346066
184,mobileOG_000064557|NA|WP_001053948.1|integration/excision|NA|COMPASS|Homology,NODE_11_length_178517_cov_47.346066_27 # 22409 # 23308 # -1 # ID=11_27;partial=00;start_type=ATG;rbs_motif=AGGA/GGAG/GAGG;rbs_spacer=11-12bp;gc_cont=0.333,91.6,557,371,4.56e-201,300,1,299,1,299,mobileOG_000064557,NA,WP_001053948.1,integration/excision,NA,COMPASS,Homology,NODE_11_length_178517_cov_47.346066_27, 22409 # 23308 # -1 , 22409,23308,-1 ,11_27,11,27,00,ATG,AGGA/GGAG/GAGG,11-12bp,0.333,NODE_11_length_178517_cov_47.346066,mobileOG_000064557_NODE_11_length_178517_cov_47.346066
185,mobileOG_000075919|NA|WP_001053948.1|integration/excision|NA|COMPASS|Homology,NODE_11_length_178517_cov_47.346066_27 # 22409 # 23308 # -1 # ID=11_27;partial=00;start_type=ATG;rbs_motif=AGGA/GGAG/GAGG;rbs_spacer=11-12bp;gc_cont=0.333,91.6,557,376,5.47e-201,300,1,299,1,299,mobileOG_000075919,NA,WP_001053948.1,integration/excision,NA,COMPASS,Homology,NODE_11_length_178517_cov_47.346066_27, 22409 # 23308 # -1 , 22409,23308,-1 ,11_27,11,27,00,ATG,AGGA/GGAG/GAGG,11-12bp,0.333,NODE_11_length_178517_cov_47.346066,mobileOG_000075919_NODE_11_length_178517_cov_47.346066
186,mobileOG_000062378|NA|A0A0E1MSJ6|integration/excision|NA|COMPASS|Homology,NODE_11_length_178517_cov_47.346066_27 # 22409 # 23308 # -1 # ID=11_27;partial=00;start_type=ATG;rbs_motif=AGGA/GGAG/GAGG;rbs_spacer=11-12bp;gc_cont=0.333,91.6,557,401,1.35e-200,300,1,299,1,299,mobileOG_000062378,NA,A0A0E1MSJ6,integration/excision,NA,COMPASS,Homology,NODE_11_length_178517_cov_47.346066_27, 22409 # 23308 # -1 , 22409,23308,-1 ,11_27,11,27,00,ATG,AGGA/GGAG/GAGG,11-12bp,0.333,NODE_11_length_178517_cov_47.346066,mobileOG_000062378_NODE_11_length_178517_cov_47.346066
187,mobileOG_000059745|NA|A0A193D1U2|integration/excision|NA|COMPASS|Homology,NODE_11_length_178517_cov_47.346066_27 # 22409 # 23308 # -1 # ID=11_27;partial=00;start_type=ATG;rbs_motif=AGGA/GGAG/GAGG;rbs_spacer=11-12bp;gc_cont=0.333,92.3,559,478,5.20e-200,300,1,299,1,299,mobileOG_000059745,NA,A0A193D1U2,integration/excision,NA,COMPASS,Homology,NODE_11_length_178517_cov_47.346066_27, 22409 # 23308 # -1 , 22409,23308,-1 ,11_27,11,27,00,ATG,AGGA/GGAG/GAGG,11-12bp,0.333,NODE_11_length_178517_cov_47.346066,mobileOG_000059745_NODE_11_length_178517_cov_47.346066
188,mobileOG_000057551|NA|WP_001053948.1|integration/excision|NA|Multiple|Homology,NODE_11_length_178517_cov_47.346066_27 # 22409 # 23308 # -1 # ID=11_27;partial=00;start_type=ATG;rbs_motif=AGGA/GGAG/GAGG;rbs_spacer=11-12bp;gc_cont=0.333,91.6,557,478,2.11e-199,300,1,299,1,299,mobileOG_000057551,NA,WP_001053948.1,integration/excision,NA,Multiple,Homology,NODE_11_length_178517_cov_47.346066_27, 22409 # 23308 # -1 , 22409,23308,-1 ,11_27,11,27,00,ATG,AGGA/GGAG/GAGG,11-12bp,0.333,NODE_11_length_178517_cov_47.346066,mobileOG_000057551_NODE_11_length_178517_cov_47.346066
189,mobileOG_000060412|NA|A0A0E1MSJ6|integration/excision|NA|COMPASS|Homology,NODE_11_length_178517_cov_47.346066_27 # 22409 # 23308 # -1 # ID=11_27;partial=00;start_type=ATG;rbs_motif=AGGA/GGAG/GAGG;rbs_spacer=11-12bp;gc_cont=0.333,91.3,554,401,2.23e-199,300,1,299,1,299,mobileOG_000060412,NA,A0A0E1MSJ6,integration/excision,NA,COMPASS,Homology,NODE_11_length_178517_cov_47.346066_27, 22409 # 23308 # -1 , 22409,23308,-1 ,11_27,11,27,00,ATG,AGGA/GGAG/GAGG,11-12bp,0.333,NODE_11_length_178517_cov_47.346066,mobileOG_000060412_NODE_11_length_178517_cov_47.346066
190,mobileOG_000035932|NA|WP_010890003.1|integration/excision|NA|Multiple|Homology,NODE_11_length_178517_cov_47.346066_27 # 22409 # 23308 # -1 # ID=11_27;partial=00;start_type=ATG;rbs_motif=AGGA/GGAG/GAGG;rbs_spacer=11-12bp;gc_cont=0.333,91.3,556,478,6.04e-199,300,1,299,1,299,mobileOG_000035932,NA,WP_010890003.1,integration/excision,NA,Multiple,Homology,NODE_11_length_178517_cov_47.346066_27, 22409 # 23308 # -1 , 22409,23308,-1 ,11_27,11,27,00,ATG,AGGA/GGAG/GAGG,11-12bp,0.333,NODE_11_length_178517_cov_47.346066,mobileOG_000035932_NODE_11_length_178517_cov_47.346066
191,mobileOG_000339022|NA|WP_098671412.1|integration/excision|NA|Plasmid RefSeq|Homology,NODE_11_length_178517_cov_47.346066_27 # 22409 # 23308 # -1 # ID=11_27;partial=00;start_type=ATG;rbs_motif=AGGA/GGAG/GAGG;rbs_spacer=11-12bp;gc_cont=0.333,91.6,555,478,1.73e-198,300,1,299,1,299,mobileOG_000339022,NA,WP_098671412.1,integration/excision,NA,Plasmid RefSeq,Homology,NODE_11_length_178517_cov_47.346066_27, 22409 # 23308 # -1 , 22409,23308,-1 ,11_27,11,27,00,ATG,AGGA/GGAG/GAGG,11-12bp,0.333,NODE_11_length_178517_cov_47.346066,mobileOG_000339022_NODE_11_length_178517_cov_47.346066
192,mobileOG_000071999|NA|WP_071680270.1|integration/excision|NA|COMPASS|Homology,NODE_11_length_178517_cov_47.346066_27 # 22409 # 23308 # -1 # ID=11_27;partial=00;start_type=ATG;rbs_motif=AGGA/GGAG/GAGG;rbs_spacer=11-12bp;gc_cont=0.333,91.0,550,391,7.37e-198,300,1,299,1,299,mobileOG_000071999,NA,WP_071680270.1,integration/excision,NA,COMPASS,Homology,NODE_11_length_178517_cov_47.346066_27, 22409 # 23308 # -1 , 22409,23308,-1 ,11_27,11,27,00,ATG,AGGA/GGAG/GAGG,11-12bp,0.333,NODE_11_length_178517_cov_47.346066,mobileOG_000071999_NODE_11_length_178517_cov_47.346066
193,mobileOG_000064154|NA|WP_033647151.1|integration/excision|NA|COMPASS|Homology,NODE_11_length_178517_cov_47.346066_27 # 22409 # 23308 # -1 # ID=11_27;partial=00;start_type=ATG;rbs_motif=AGGA/GGAG/GAGG;rbs_spacer=11-12bp;gc_cont=0.333,90.6,549,371,1.02e-197,300,1,299,1,299,mobileOG_000064154,NA,WP_033647151.1,integration/excision,NA,COMPASS,Homology,NODE_11_length_178517_cov_47.346066_27, 22409 # 23308 # -1 , 22409,23308,-1 ,11_27,11,27,00,ATG,AGGA/GGAG/GAGG,11-12bp,0.333,NODE_11_length_178517_cov_47.346066,mobileOG_000064154_NODE_11_length_178517_cov_47.346066
194,mobileOG_000344044|NA|WP_042512153.1|integration/excision|NA|Multiple|Homology,NODE_11_length_178517_cov_47.346066_27 # 22409 # 23308 # -1 # ID=11_27;partial=00;start_type=ATG;rbs_motif=AGGA/GGAG/GAGG;rbs_spacer=11-12bp;gc_cont=0.333,91.3,553,478,1.41e-197,300,1,299,1,299,mobileOG_000344044,NA,WP_042512153.1,integration/excision,NA,Multiple,Homology,NODE_11_length_178517_cov_47.346066_27, 22409 # 23308 # -1 , 22409,23308,-1 ,11_27,11,27,00,ATG,AGGA/GGAG/GAGG,11-12bp,0.333,NODE_11_length_178517_cov_47.346066,mobileOG_000344044_NODE_11_length_178517_cov_47.346066
195,mobileOG_000050030|NA|WP_033647151.1|integration/excision|NA|Multiple|Homology,NODE_11_length_178517_cov_47.346066_27 # 22409 # 23308 # -1 # ID=11_27;partial=00;start_type=ATG;rbs_motif=AGGA/GGAG/GAGG;rbs_spacer=11-12bp;gc_cont=0.333,90.6,549,401,3.02e-197,300,1,299,1,299,mobileOG_000050030,NA,WP_033647151.1,integration/excision,NA,Multiple,Homology,NODE_11_length_178517_cov_47.346066_27, 22409 # 23308 # -1 , 22409,23308,-1 ,11_27,11,27,00,ATG,AGGA/GGAG/GAGG,11-12bp,0.333,NODE_11_length_178517_cov_47.346066,mobileOG_000050030_NODE_11_length_178517_cov_47.346066
196,mobileOG_000023480|NA|A0A5B3IWD0|integration/excision|NA|Multiple|Manual,NODE_11_length_178517_cov_47.346066_27 # 22409 # 23308 # -1 # ID=11_27;partial=00;start_type=ATG;rbs_motif=AGGA/GGAG/GAGG;rbs_spacer=11-12bp;gc_cont=0.333,91.0,551,478,5.73e-197,300,1,299,1,299,mobileOG_000023480,NA,A0A5B3IWD0,integration/excision,NA,Multiple,Manual,NODE_11_length_178517_cov_47.346066_27, 22409 # 23308 # -1 , 22409,23308,-1 ,11_27,11,27,00,ATG,AGGA/GGAG/GAGG,11-12bp,0.333,NODE_11_length_178517_cov_47.346066,mobileOG_000023480_NODE_11_length_178517_cov_47.346066
197,mobileOG_000063230|NA|WP_040118742.1|integration/excision|NA|Multiple|Homology,NODE_11_length_178517_cov_47.346066_27 # 22409 # 23308 # -1 # ID=11_27;partial=00;start_type=ATG;rbs_motif=AGGA/GGAG/GAGG;rbs_spacer=11-12bp;gc_cont=0.333,91.3,551,478,5.73e-197,300,1,299,1,299,mobileOG_000063230,NA,WP_040118742.1,integration/excision,NA,Multiple,Homology,NODE_11_length_178517_cov_47.346066_27, 22409 # 23308 # -1 , 22409,23308,-1 ,11_27,11,27,00,ATG,AGGA/GGAG/GAGG,11-12bp,0.333,NODE_11_length_178517_cov_47.346066,mobileOG_000063230_NODE_11_length_178517_cov_47.346066
198,mobileOG_000353994|xerS|WP_063538608.1|integration/excision|replication/recombination/repair|Multiple|Homology,NODE_11_length_178517_cov_47.346066_44 # 39023 # 40099 # 1 # ID=11_44;partial=00;start_type=ATG;rbs_motif=GGAG/GAGG;rbs_spacer=5-10bp;gc_cont=0.316,98.9,689,358,1.66e-252,359,1,358,1,358,mobileOG_000353994,xerS,WP_063538608.1,integration/excision,replication/recombination/repair,Multiple,Homology,NODE_11_length_178517_cov_47.346066_44, 39023 # 40099 # 1 , 39023,40099,1 ,11_44,11,44,00,ATG,GGAG/GAGG,5-10bp,0.316,NODE_11_length_178517_cov_47.346066,mobileOG_000353994_NODE_11_length_178517_cov_47.346066
199,mobileOG_000354010|xerS|WP_089607839.1|integration/excision|replication/recombination/repair|Multiple|Homology,NODE_11_length_178517_cov_47.346066_44 # 39023 # 40099 # 1 # ID=11_44;partial=00;start_type=ATG;rbs_motif=GGAG/GAGG;rbs_spacer=5-10bp;gc_cont=0.316,98.9,689,358,1.66e-252,359,1,358,1,358,mobileOG_000354010,xerS,WP_089607839.1,integration/excision,replication/recombination/repair,Multiple,Homology,NODE_11_length_178517_cov_47.346066_44, 39023 # 40099 # 1 , 39023,40099,1 ,11_44,11,44,00,ATG,GGAG/GAGG,5-10bp,0.316,NODE_11_length_178517_cov_47.346066,mobileOG_000354010_NODE_11_length_178517_cov_47.346066
200,mobileOG_000353991|xerS|WP_061401921.1|integration/excision|replication/recombination/repair|Plasmid RefSeq|Homology,NODE_11_length_178517_cov_47.346066_44 # 39023 # 40099 # 1 # ID=11_44;partial=00;start_type=ATG;rbs_motif=GGAG/GAGG;rbs_spacer=5-10bp;gc_cont=0.316,99.2,689,357,2.27e-252,359,1,357,1,357,mobileOG_000353991,xerS,WP_061401921.1,integration/excision,replication/recombination/repair,Plasmid RefSeq,Homology,NODE_11_length_178517_cov_47.346066_44, 39023 # 40099 # 1 , 39023,40099,1 ,11_44,11,44,00,ATG,GGAG/GAGG,5-10bp,0.316,NODE_11_length_178517_cov_47.346066,mobileOG_000353991_NODE_11_length_178517_cov_47.346066
201,mobileOG_000282358|xerS|A0A242W473|integration/excision|replication/recombination/repair|Plasmid RefSeq|Homology,NODE_11_length_178517_cov_47.346066_44 # 39023 # 40099 # 1 # ID=11_44;partial=00;start_type=ATG;rbs_motif=GGAG/GAGG;rbs_spacer=5-10bp;gc_cont=0.316,98.6,688,358,4.76e-252,359,1,358,1,358,mobileOG_000282358,xerS,A0A242W473,integration/excision,replication/recombination/repair,Plasmid RefSeq,Homology,NODE_11_length_178517_cov_47.346066_44, 39023 # 40099 # 1 , 39023,40099,1 ,11_44,11,44,00,ATG,GGAG/GAGG,5-10bp,0.316,NODE_11_length_178517_cov_47.346066,mobileOG_000282358_NODE_11_length_178517_cov_47.346066
202,mobileOG_000353974|xerS|WP_043937389.1|integration/excision|replication/recombination/repair|Multiple|Homology,NODE_11_length_178517_cov_47.346066_44 # 39023 # 40099 # 1 # ID=11_44;partial=00;start_type=ATG;rbs_motif=GGAG/GAGG;rbs_spacer=5-10bp;gc_cont=0.316,98.9,687,357,9.25e-252,359,1,357,1,357,mobileOG_000353974,xerS,WP_043937389.1,integration/excision,replication/recombination/repair,Multiple,Homology,NODE_11_length_178517_cov_47.346066_44, 39023 # 40099 # 1 , 39023,40099,1 ,11_44,11,44,00,ATG,GGAG/GAGG,5-10bp,0.316,NODE_11_length_178517_cov_47.346066,mobileOG_000353974_NODE_11_length_178517_cov_47.346066
203,mobileOG_000062355|xerS|WP_000386619.1|integration/excision|replication/recombination/repair|Multiple|Homology,NODE_11_length_178517_cov_47.346066_44 # 39023 # 40099 # 1 # ID=11_44;partial=00;start_type=ATG;rbs_motif=GGAG/GAGG;rbs_spacer=5-10bp;gc_cont=0.316,98.3,687,358,9.60e-252,359,1,358,1,358,mobileOG_000062355,xerS,WP_000386619.1,integration/excision,replication/recombination/repair,Multiple,Homology,NODE_11_length_178517_cov_47.346066_44, 39023 # 40099 # 1 , 39023,40099,1 ,11_44,11,44,00,ATG,GGAG/GAGG,5-10bp,0.316,NODE_11_length_178517_cov_47.346066,mobileOG_000062355_NODE_11_length_178517_cov_47.346066
204,mobileOG_000353980|xerS|WP_047956806.1|integration/excision|replication/recombination/repair|Plasmid RefSeq|Homology,NODE_11_length_178517_cov_47.346066_44 # 39023 # 40099 # 1 # ID=11_44;partial=00;start_type=ATG;rbs_motif=GGAG/GAGG;rbs_spacer=5-10bp;gc_cont=0.316,98.6,687,358,9.60e-252,359,1,358,1,358,mobileOG_000353980,xerS,WP_047956806.1,integration/excision,replication/recombination/repair,Plasmid RefSeq,Homology,NODE_11_length_178517_cov_47.346066_44, 39023 # 40099 # 1 , 39023,40099,1 ,11_44,11,44,00,ATG,GGAG/GAGG,5-10bp,0.316,NODE_11_length_178517_cov_47.346066,mobileOG_000353980_NODE_11_length_178517_cov_47.346066
205,mobileOG_000353948|xerS|WP_000386592.1|integration/excision|replication/recombination/repair|Multiple|Homology,NODE_11_length_178517_cov_47.346066_44 # 39023 # 40099 # 1 # ID=11_44;partial=00;start_type=ATG;rbs_motif=GGAG/GAGG;rbs_spacer=5-10bp;gc_cont=0.316,98.6,687,358,1.94e-251,359,1,358,1,358,mobileOG_000353948,xerS,WP_000386592.1,integration/excision,replication/recombination/repair,Multiple,Homology,NODE_11_length_178517_cov_47.346066_44, 39023 # 40099 # 1 , 39023,40099,1 ,11_44,11,44,00,ATG,GGAG/GAGG,5-10bp,0.316,NODE_11_length_178517_cov_47.346066,mobileOG_000353948_NODE_11_length_178517_cov_47.346066
206,mobileOG_000354018|xerS|WP_143880674.1|integration/excision|replication/recombination/repair|Plasmid RefSeq|Homology,NODE_11_length_178517_cov_47.346066_44 # 39023 # 40099 # 1 # ID=11_44;partial=00;start_type=ATG;rbs_motif=GGAG/GAGG;rbs_spacer=5-10bp;gc_cont=0.316,98.3,686,358,2.75e-251,359,1,358,1,358,mobileOG_000354018,xerS,WP_143880674.1,integration/excision,replication/recombination/repair,Plasmid RefSeq,Homology,NODE_11_length_178517_cov_47.346066_44, 39023 # 40099 # 1 , 39023,40099,1 ,11_44,11,44,00,ATG,GGAG/GAGG,5-10bp,0.316,NODE_11_length_178517_cov_47.346066,mobileOG_000354018_NODE_11_length_178517_cov_47.346066
207,mobileOG_000036320|xerS|WP_000386169.1|integration/excision|replication/recombination/repair|Multiple|Homology,NODE_11_length_178517_cov_47.346066_44 # 39023 # 40099 # 1 # ID=11_44;partial=00;start_type=ATG;rbs_motif=GGAG/GAGG;rbs_spacer=5-10bp;gc_cont=0.316,98.6,686,358,3.91e-251,359,1,358,1,358,mobileOG_000036320,xerS,WP_000386169.1,integration/excision,replication/recombination/repair,Multiple,Homology,NODE_11_length_178517_cov_47.346066_44, 39023 # 40099 # 1 , 39023,40099,1 ,11_44,11,44,00,ATG,GGAG/GAGG,5-10bp,0.316,NODE_11_length_178517_cov_47.346066,mobileOG_000036320_NODE_11_length_178517_cov_47.346066
208,mobileOG_000353975|xerS|WP_000386619.1|integration/excision|replication/recombination/repair|Multiple|Homology,NODE_11_length_178517_cov_47.346066_44 # 39023 # 40099 # 1 # ID=11_44;partial=00;start_type=ATG;rbs_motif=GGAG/GAGG;rbs_spacer=5-10bp;gc_cont=0.316,98.3,686,357,5.35e-251,359,1,357,1,357,mobileOG_000353975,xerS,WP_000386619.1,integration/excision,replication/recombination/repair,Multiple,Homology,NODE_11_length_178517_cov_47.346066_44, 39023 # 40099 # 1 , 39023,40099,1 ,11_44,11,44,00,ATG,GGAG/GAGG,5-10bp,0.316,NODE_11_length_178517_cov_47.346066,mobileOG_000353975_NODE_11_length_178517_cov_47.346066
209,mobileOG_000353958|xerS|WP_003193291.1|integration/excision|replication/recombination/repair|Multiple|Homology,NODE_11_length_178517_cov_47.346066_44 # 39023 # 40099 # 1 # ID=11_44;partial=00;start_type=ATG;rbs_motif=GGAG/GAGG;rbs_spacer=5-10bp;gc_cont=0.316,98.0,686,358,5.55e-251,359,1,358,1,358,mobileOG_000353958,xerS,WP_003193291.1,integration/excision,replication/recombination/repair,Multiple,Homology,NODE_11_length_178517_cov_47.346066_44, 39023 # 40099 # 1 , 39023,40099,1 ,11_44,11,44,00,ATG,GGAG/GAGG,5-10bp,0.316,NODE_11_length_178517_cov_47.346066,mobileOG_000353958_NODE_11_length_178517_cov_47.346066
210,mobileOG_000354002|xerS|WP_080609202.1|integration/excision|replication/recombination/repair|Multiple|Homology,NODE_11_length_178517_cov_47.346066_44 # 39023 # 40099 # 1 # ID=11_44;partial=00;start_type=ATG;rbs_motif=GGAG/GAGG;rbs_spacer=5-10bp;gc_cont=0.316,98.3,686,358,5.55e-251,359,1,358,1,358,mobileOG_000354002,xerS,WP_080609202.1,integration/excision,replication/recombination/repair,Multiple,Homology,NODE_11_length_178517_cov_47.346066_44, 39023 # 40099 # 1 , 39023,40099,1 ,11_44,11,44,00,ATG,GGAG/GAGG,5-10bp,0.316,NODE_11_length_178517_cov_47.346066,mobileOG_000354002_NODE_11_length_178517_cov_47.346066
211,mobileOG_000354007|xerS|A0A243D5U9|integration/excision|replication/recombination/repair|Plasmid RefSeq|Homology,NODE_11_length_178517_cov_47.346066_44 # 39023 # 40099 # 1 # ID=11_44;partial=00;start_type=ATG;rbs_motif=GGAG/GAGG;rbs_spacer=5-10bp;gc_cont=0.316,98.3,686,358,5.55e-251,359,1,357,1,357,mobileOG_000354007,xerS,A0A243D5U9,integration/excision,replication/recombination/repair,Plasmid RefSeq,Homology,NODE_11_length_178517_cov_47.346066_44, 39023 # 40099 # 1 , 39023,40099,1 ,11_44,11,44,00,ATG,GGAG/GAGG,5-10bp,0.316,NODE_11_length_178517_cov_47.346066,mobileOG_000354007_NODE_11_length_178517_cov_47.346066
212,mobileOG_000293550|xerS|WP_016090852.1|integration/excision|replication/recombination/repair|Plasmid RefSeq|Homology,NODE_11_length_178517_cov_47.346066_44 # 39023 # 40099 # 1 # ID=11_44;partial=00;start_type=ATG;rbs_motif=GGAG/GAGG;rbs_spacer=5-10bp;gc_cont=0.316,98.3,684,357,1.53e-250,359,1,357,1,357,mobileOG_000293550,xerS,WP_016090852.1,integration/excision,replication/recombination/repair,Plasmid RefSeq,Homology,NODE_11_length_178517_cov_47.346066_44, 39023 # 40099 # 1 , 39023,40099,1 ,11_44,11,44,00,ATG,GGAG/GAGG,5-10bp,0.316,NODE_11_length_178517_cov_47.346066,mobileOG_000293550_NODE_11_length_178517_cov_47.346066
213,mobileOG_000772484|NA:Keyword|D2XPY0|phage|NA|pVOG|Keyword Search,NODE_11_length_178517_cov_47.346066_72 # 73593 # 73889 # -1 # ID=11_72;partial=00;start_type=GTG;rbs_motif=GGA/GAG/AGG;rbs_spacer=5-10bp;gc_cont=0.377,94.9,191,504,5.87e-59,99,1,98,1,98,mobileOG_000772484,NA:Keyword,D2XPY0,phage,NA,pVOG,Keyword Search,NODE_11_length_178517_cov_47.346066_72, 73593 # 73889 # -1 , 73593,73889,-1 ,11_72,11,72,00,GTG,GGA/GAG/AGG,5-10bp,0.377,NODE_11_length_178517_cov_47.346066,mobileOG_000772484_NODE_11_length_178517_cov_47.346066
214,"mobileOG_000064202|terL|WP_001981247.1|phage|infection,regulation|Multiple|Homology",NODE_11_length_178517_cov_47.346066_73 # 73900 # 74796 # -1 # ID=11_73;partial=00;start_type=ATG;rbs_motif=None;rbs_spacer=None;gc_cont=0.406,90.1,577,425,5.31e-208,299,124,425,1,298,mobileOG_000064202,terL,WP_001981247.1,phage,"infection,regulation",Multiple,Homology,NODE_11_length_178517_cov_47.346066_73, 73900 # 74796 # -1 , 73900,74796,-1 ,11_73,11,73,00,ATG,None,None,0.406,NODE_11_length_178517_cov_47.346066,mobileOG_000064202_NODE_11_length_178517_cov_47.346066
215,mobileOG_000274640|NA|A0A0E1MDH2|integration/excision|NA|ISFinder|Homology,NODE_11_length_178517_cov_47.346066_97 # 93774 # 95258 # 1 # ID=11_97;partial=00;start_type=ATG;rbs_motif=None;rbs_spacer=None;gc_cont=0.375,98.5,931,476,0.0,495,1,476,19,494,mobileOG_000274640,NA,A0A0E1MDH2,integration/excision,NA,ISFinder,Homology,NODE_11_length_178517_cov_47.346066_97, 93774 # 95258 # 1 , 93774,95258,1 ,11_97,11,97,00,ATG,None,None,0.375,NODE_11_length_178517_cov_47.346066,mobileOG_000274640_NODE_11_length_178517_cov_47.346066
216,mobileOG_000057339|NA|WP_001068151.1|integration/excision|NA|Multiple|Homology,NODE_11_length_178517_cov_47.346066_97 # 93774 # 95258 # 1 # ID=11_97;partial=00;start_type=ATG;rbs_motif=None;rbs_spacer=None;gc_cont=0.375,97.7,919,476,0.0,495,1,476,19,494,mobileOG_000057339,NA,WP_001068151.1,integration/excision,NA,Multiple,Homology,NODE_11_length_178517_cov_47.346066_97, 93774 # 95258 # 1 , 93774,95258,1 ,11_97,11,97,00,ATG,None,None,0.375,NODE_11_length_178517_cov_47.346066,mobileOG_000057339_NODE_11_length_178517_cov_47.346066
217,mobileOG_000343489|NA|WP_001068149.1|integration/excision|NA|Multiple|Homology,NODE_11_length_178517_cov_47.346066_97 # 93774 # 95258 # 1 # ID=11_97;partial=00;start_type=ATG;rbs_motif=None;rbs_spacer=None;gc_cont=0.375,95.0,901,476,0.0,495,1,476,19,494,mobileOG_000343489,NA,WP_001068149.1,integration/excision,NA,Multiple,Homology,NODE_11_length_178517_cov_47.346066_97, 93774 # 95258 # 1 , 93774,95258,1 ,11_97,11,97,00,ATG,None,None,0.375,NODE_11_length_178517_cov_47.346066,mobileOG_000343489_NODE_11_length_178517_cov_47.346066
218,mobileOG_000305180|NA|WP_089172208.1|integration/excision|NA|Multiple|Homology,NODE_11_length_178517_cov_47.346066_97 # 93774 # 95258 # 1 # ID=11_97;partial=00;start_type=ATG;rbs_motif=None;rbs_spacer=None;gc_cont=0.375,94.3,892,476,0.0,495,1,476,19,494,mobileOG_000305180,NA,WP_089172208.1,integration/excision,NA,Multiple,Homology,NODE_11_length_178517_cov_47.346066_97, 93774 # 95258 # 1 , 93774,95258,1 ,11_97,11,97,00,ATG,None,None,0.375,NODE_11_length_178517_cov_47.346066,mobileOG_000305180_NODE_11_length_178517_cov_47.346066
219,mobileOG_000354558|NA|WP_157410435.1|integration/excision|NA|Plasmid RefSeq|Homology,NODE_11_length_178517_cov_47.346066_97 # 93774 # 95258 # 1 # ID=11_97;partial=00;start_type=ATG;rbs_motif=None;rbs_spacer=None;gc_cont=0.375,93.9,889,476,0.0,495,1,476,19,494,mobileOG_000354558,NA,WP_157410435.1,integration/excision,NA,Plasmid RefSeq,Homology,NODE_11_length_178517_cov_47.346066_97, 93774 # 95258 # 1 , 93774,95258,1 ,11_97,11,97,00,ATG,None,None,0.375,NODE_11_length_178517_cov_47.346066,mobileOG_000354558_NODE_11_length_178517_cov_47.346066
220,mobileOG_000305183|NA|WP_089172375.1|integration/excision|NA|Multiple|Homology,NODE_11_length_178517_cov_47.346066_97 # 93774 # 95258 # 1 # ID=11_97;partial=00;start_type=ATG;rbs_motif=None;rbs_spacer=None;gc_cont=0.375,93.5,887,476,0.0,495,1,476,19,494,mobileOG_000305183,NA,WP_089172375.1,integration/excision,NA,Multiple,Homology,NODE_11_length_178517_cov_47.346066_97, 93774 # 95258 # 1 , 93774,95258,1 ,11_97,11,97,00,ATG,None,None,0.375,NODE_11_length_178517_cov_47.346066,mobileOG_000305183_NODE_11_length_178517_cov_47.346066
221,mobileOG_000305181|NA|WP_089172216.1|integration/excision|NA|Multiple|Homology,NODE_11_length_178517_cov_47.346066_97 # 93774 # 95258 # 1 # ID=11_97;partial=00;start_type=ATG;rbs_motif=None;rbs_spacer=None;gc_cont=0.375,93.3,884,476,0.0,495,1,476,19,494,mobileOG_000305181,NA,WP_089172216.1,integration/excision,NA,Multiple,Homology,NODE_11_length_178517_cov_47.346066_97, 93774 # 95258 # 1 , 93774,95258,1 ,11_97,11,97,00,ATG,None,None,0.375,NODE_11_length_178517_cov_47.346066,mobileOG_000305181_NODE_11_length_178517_cov_47.346066
222,mobileOG_000305635|NA|WP_089608041.1|integration/excision|NA|Multiple|Homology,NODE_11_length_178517_cov_47.346066_97 # 93774 # 95258 # 1 # ID=11_97;partial=00;start_type=ATG;rbs_motif=None;rbs_spacer=None;gc_cont=0.375,91.4,868,476,0.0,495,1,476,19,494,mobileOG_000305635,NA,WP_089608041.1,integration/excision,NA,Multiple,Homology,NODE_11_length_178517_cov_47.346066_97, 93774 # 95258 # 1 , 93774,95258,1 ,11_97,11,97,00,ATG,None,None,0.375,NODE_11_length_178517_cov_47.346066,mobileOG_000305635_NODE_11_length_178517_cov_47.346066
223,mobileOG_000751824|NA:Keyword|WP_050822585.1|integration/excision|NA|Multiple|Keyword Search,NODE_11_length_178517_cov_47.346066_106 # 101257 # 102429 # -1 # ID=11_106;partial=00;start_type=ATG;rbs_motif=AGGA/GGAG/GAGG;rbs_spacer=11-12bp;gc_cont=0.350,98.2,766,390,9.38e-282,391,1,390,1,390,mobileOG_000751824,NA:Keyword,WP_050822585.1,integration/excision,NA,Multiple,Keyword Search,NODE_11_length_178517_cov_47.346066_106, 101257 # 102429 # -1 , 101257,102429,-1 ,11_106,11,106,00,ATG,AGGA/GGAG/GAGG,11-12bp,0.350,NODE_11_length_178517_cov_47.346066,mobileOG_000751824_NODE_11_length_178517_cov_47.346066
224,mobileOG_000743986|NA:Keyword|WP_002144062.1|integration/excision|NA|Multiple|Keyword Search,NODE_11_length_178517_cov_47.346066_106 # 101257 # 102429 # -1 # ID=11_106;partial=00;start_type=ATG;rbs_motif=AGGA/GGAG/GAGG;rbs_spacer=11-12bp;gc_cont=0.350,92.8,733,390,8.46e-269,391,1,390,1,390,mobileOG_000743986,NA:Keyword,WP_002144062.1,integration/excision,NA,Multiple,Keyword Search,NODE_11_length_178517_cov_47.346066_106, 101257 # 102429 # -1 , 101257,102429,-1 ,11_106,11,106,00,ATG,AGGA/GGAG/GAGG,11-12bp,0.350,NODE_11_length_178517_cov_47.346066,mobileOG_000743986_NODE_11_length_178517_cov_47.346066
225,mobileOG_000744039|NA:Keyword|WP_065212456.1|integration/excision|NA|Multiple|Keyword Search,NODE_11_length_178517_cov_47.346066_106 # 101257 # 102429 # -1 # ID=11_106;partial=00;start_type=ATG;rbs_motif=AGGA/GGAG/GAGG;rbs_spacer=11-12bp;gc_cont=0.350,92.3,733,390,8.46e-269,391,1,390,1,390,mobileOG_000744039,NA:Keyword,WP_065212456.1,integration/excision,NA,Multiple,Keyword Search,NODE_11_length_178517_cov_47.346066_106, 101257 # 102429 # -1 , 101257,102429,-1 ,11_106,11,106,00,ATG,AGGA/GGAG/GAGG,11-12bp,0.350,NODE_11_length_178517_cov_47.346066,mobileOG_000744039_NODE_11_length_178517_cov_47.346066
226,mobileOG_000732136|NA:Keyword|WP_000527114.1|integration/excision|NA|Plasmid RefSeq|Keyword Search,NODE_11_length_178517_cov_47.346066_106 # 101257 # 102429 # -1 # ID=11_106;partial=00;start_type=ATG;rbs_motif=AGGA/GGAG/GAGG;rbs_spacer=11-12bp;gc_cont=0.350,91.8,727,390,2.32e-266,391,1,390,1,390,mobileOG_000732136,NA:Keyword,WP_000527114.1,integration/excision,NA,Plasmid RefSeq,Keyword Search,NODE_11_length_178517_cov_47.346066_106, 101257 # 102429 # -1 , 101257,102429,-1 ,11_106,11,106,00,ATG,AGGA/GGAG/GAGG,11-12bp,0.350,NODE_11_length_178517_cov_47.346066,mobileOG_000732136_NODE_11_length_178517_cov_47.346066
227,mobileOG_000746334|NA:Keyword|WP_103623168.1|integration/excision|NA|Plasmid RefSeq|Keyword Search,NODE_11_length_178517_cov_47.346066_106 # 101257 # 102429 # -1 # ID=11_106;partial=00;start_type=ATG;rbs_motif=AGGA/GGAG/GAGG;rbs_spacer=11-12bp;gc_cont=0.350,91.5,724,392,5.89e-265,391,1,389,1,389,mobileOG_000746334,NA:Keyword,WP_103623168.1,integration/excision,NA,Plasmid RefSeq,Keyword Search,NODE_11_length_178517_cov_47.346066_106, 101257 # 102429 # -1 , 101257,102429,-1 ,11_106,11,106,00,ATG,AGGA/GGAG/GAGG,11-12bp,0.350,NODE_11_length_178517_cov_47.346066,mobileOG_000746334_NODE_11_length_178517_cov_47.346066
228,mobileOG_000407602|NA:Keyword|A0A243AUK2|integration/excision|NA|COMPASS|Keyword Search,NODE_11_length_178517_cov_47.346066_106 # 101257 # 102429 # -1 # ID=11_106;partial=00;start_type=ATG;rbs_motif=AGGA/GGAG/GAGG;rbs_spacer=11-12bp;gc_cont=0.350,90.5,719,390,2.59e-263,391,1,390,1,390,mobileOG_000407602,NA:Keyword,A0A243AUK2,integration/excision,NA,COMPASS,Keyword Search,NODE_11_length_178517_cov_47.346066_106, 101257 # 102429 # -1 , 101257,102429,-1 ,11_106,11,106,00,ATG,AGGA/GGAG/GAGG,11-12bp,0.350,NODE_11_length_178517_cov_47.346066,mobileOG_000407602_NODE_11_length_178517_cov_47.346066
229,mobileOG_000407588|NA:Keyword|A0A243AUK2|integration/excision|NA|COMPASS|Keyword Search,NODE_11_length_178517_cov_47.346066_106 # 101257 # 102429 # -1 # ID=11_106;partial=00;start_type=ATG;rbs_motif=AGGA/GGAG/GAGG;rbs_spacer=11-12bp;gc_cont=0.350,90.3,717,390,2.13e-262,391,1,390,1,390,mobileOG_000407588,NA:Keyword,A0A243AUK2,integration/excision,NA,COMPASS,Keyword Search,NODE_11_length_178517_cov_47.346066_106, 101257 # 102429 # -1 , 101257,102429,-1 ,11_106,11,106,00,ATG,AGGA/GGAG/GAGG,11-12bp,0.350,NODE_11_length_178517_cov_47.346066,mobileOG_000407588_NODE_11_length_178517_cov_47.346066
230,mobileOG_000407477|NA:Keyword|A0A193D226|integration/excision|NA|COMPASS|Keyword Search,NODE_11_length_178517_cov_47.346066_107 # 102833 # 103834 # 1 # ID=11_107;partial=00;start_type=ATG;rbs_motif=AGGAG;rbs_spacer=5-10bp;gc_cont=0.314,93.7,613,332,4.90e-223,334,1,332,1,332,mobileOG_000407477,NA:Keyword,A0A193D226,integration/excision,NA,COMPASS,Keyword Search,NODE_11_length_178517_cov_47.346066_107, 102833 # 103834 # 1 , 102833,103834,1 ,11_107,11,107,00,ATG,AGGAG,5-10bp,0.314,NODE_11_length_178517_cov_47.346066,mobileOG_000407477_NODE_11_length_178517_cov_47.346066
231,mobileOG_000407601|NA:Keyword|A0A243AT94|integration/excision|NA|COMPASS|Keyword Search,NODE_11_length_178517_cov_47.346066_107 # 102833 # 103834 # 1 # ID=11_107;partial=00;start_type=ATG;rbs_motif=AGGAG;rbs_spacer=5-10bp;gc_cont=0.314,92.4,600,331,3.55e-218,334,1,331,1,331,mobileOG_000407601,NA:Keyword,A0A243AT94,integration/excision,NA,COMPASS,Keyword Search,NODE_11_length_178517_cov_47.346066_107, 102833 # 103834 # 1 , 102833,103834,1 ,11_107,11,107,00,ATG,AGGAG,5-10bp,0.314,NODE_11_length_178517_cov_47.346066,mobileOG_000407601_NODE_11_length_178517_cov_47.346066
232,mobileOG_000746092|NA:Keyword|WP_103622581.1|integration/excision|NA|Plasmid RefSeq|Keyword Search,NODE_11_length_178517_cov_47.346066_122 # 115515 # 115865 # -1 # ID=11_122;partial=00;start_type=TTG;rbs_motif=AGGAG;rbs_spacer=5-10bp;gc_cont=0.342,95.7,226,116,5.45e-77,117,1,116,1,116,mobileOG_000746092,NA:Keyword,WP_103622581.1,integration/excision,NA,Plasmid RefSeq,Keyword Search,NODE_11_length_178517_cov_47.346066_122, 115515 # 115865 # -1 , 115515,115865,-1 ,11_122,11,122,00,TTG,AGGAG,5-10bp,0.342,NODE_11_length_178517_cov_47.346066,mobileOG_000746092_NODE_11_length_178517_cov_47.346066
233,mobileOG_000744619|NA:Keyword|A0A242Z0H0|integration/excision|NA|Multiple|Keyword Search,NODE_11_length_178517_cov_47.346066_122 # 115515 # 115865 # -1 # ID=11_122;partial=00;start_type=TTG;rbs_motif=AGGAG;rbs_spacer=5-10bp;gc_cont=0.342,94.0,220,116,7.45e-75,117,1,116,1,116,mobileOG_000744619,NA:Keyword,A0A242Z0H0,integration/excision,NA,Multiple,Keyword Search,NODE_11_length_178517_cov_47.346066_122, 115515 # 115865 # -1 , 115515,115865,-1 ,11_122,11,122,00,TTG,AGGAG,5-10bp,0.342,NODE_11_length_178517_cov_47.346066,mobileOG_000744619_NODE_11_length_178517_cov_47.346066
234,mobileOG_000398383|NA:Keyword|WP_088021150.1|integration/excision|NA|COMPASS|Keyword Search,NODE_11_length_178517_cov_47.346066_123 # 116616 # 116777 # 1 # ID=11_123;partial=00;start_type=ATG;rbs_motif=GGA/GAG/AGG;rbs_spacer=11-12bp;gc_cont=0.302,98.1,108,118,9.23e-32,54,1,53,1,53,mobileOG_000398383,NA:Keyword,WP_088021150.1,integration/excision,NA,COMPASS,Keyword Search,NODE_11_length_178517_cov_47.346066_123, 116616 # 116777 # 1 , 116616,116777,1 ,11_123,11,123,00,ATG,GGA/GAG/AGG,11-12bp,0.302,NODE_11_length_178517_cov_47.346066,mobileOG_000398383_NODE_11_length_178517_cov_47.346066
235,mobileOG_000402971|NA:Keyword|WP_000762749.1|integration/excision|NA|Multiple|Keyword Search,NODE_11_length_178517_cov_47.346066_123 # 116616 # 116777 # 1 # ID=11_123;partial=00;start_type=ATG;rbs_motif=GGA/GAG/AGG;rbs_spacer=11-12bp;gc_cont=0.302,98.1,108,132,1.38e-31,54,1,53,1,53,mobileOG_000402971,NA:Keyword,WP_000762749.1,integration/excision,NA,Multiple,Keyword Search,NODE_11_length_178517_cov_47.346066_123, 116616 # 116777 # 1 , 116616,116777,1 ,11_123,11,123,00,ATG,GGA/GAG/AGG,11-12bp,0.302,NODE_11_length_178517_cov_47.346066,mobileOG_000402971_NODE_11_length_178517_cov_47.346066
236,mobileOG_000406556|NA:Keyword|WP_000762752.1|integration/excision|NA|Multiple|Keyword Search,NODE_11_length_178517_cov_47.346066_123 # 116616 # 116777 # 1 # ID=11_123;partial=00;start_type=ATG;rbs_motif=GGA/GAG/AGG;rbs_spacer=11-12bp;gc_cont=0.302,98.1,108,132,1.38e-31,54,1,53,1,53,mobileOG_000406556,NA:Keyword,WP_000762752.1,integration/excision,NA,Multiple,Keyword Search,NODE_11_length_178517_cov_47.346066_123, 116616 # 116777 # 1 , 116616,116777,1 ,11_123,11,123,00,ATG,GGA/GAG/AGG,11-12bp,0.302,NODE_11_length_178517_cov_47.346066,mobileOG_000406556_NODE_11_length_178517_cov_47.346066
237,mobileOG_000411992|NA:Keyword|WP_063538542.1|integration/excision|NA|COMPASS|Keyword Search,NODE_11_length_178517_cov_47.346066_123 # 116616 # 116777 # 1 # ID=11_123;partial=00;start_type=ATG;rbs_motif=GGA/GAG/AGG;rbs_spacer=11-12bp;gc_cont=0.302,98.1,108,132,1.38e-31,54,1,53,1,53,mobileOG_000411992,NA:Keyword,WP_063538542.1,integration/excision,NA,COMPASS,Keyword Search,NODE_11_length_178517_cov_47.346066_123, 116616 # 116777 # 1 , 116616,116777,1 ,11_123,11,123,00,ATG,GGA/GAG/AGG,11-12bp,0.302,NODE_11_length_178517_cov_47.346066,mobileOG_000411992_NODE_11_length_178517_cov_47.346066
238,mobileOG_000413537|NA:Keyword|WP_000762747.1|integration/excision|NA|COMPASS|Keyword Search,NODE_11_length_178517_cov_47.346066_123 # 116616 # 116777 # 1 # ID=11_123;partial=00;start_type=ATG;rbs_motif=GGA/GAG/AGG;rbs_spacer=11-12bp;gc_cont=0.302,98.1,108,132,1.38e-31,54,1,53,1,53,mobileOG_000413537,NA:Keyword,WP_000762747.1,integration/excision,NA,COMPASS,Keyword Search,NODE_11_length_178517_cov_47.346066_123, 116616 # 116777 # 1 , 116616,116777,1 ,11_123,11,123,00,ATG,GGA/GAG/AGG,11-12bp,0.302,NODE_11_length_178517_cov_47.346066,mobileOG_000413537_NODE_11_length_178517_cov_47.346066
239,mobileOG_000754794|NA:Keyword|WP_009327546.1|integration/excision|NA|Multiple|Keyword Search,NODE_11_length_178517_cov_47.346066_123 # 116616 # 116777 # 1 # ID=11_123;partial=00;start_type=ATG;rbs_motif=GGA/GAG/AGG;rbs_spacer=11-12bp;gc_cont=0.302,98.1,108,132,1.38e-31,54,1,53,1,53,mobileOG_000754794,NA:Keyword,WP_009327546.1,integration/excision,NA,Multiple,Keyword Search,NODE_11_length_178517_cov_47.346066_123, 116616 # 116777 # 1 , 116616,116777,1 ,11_123,11,123,00,ATG,GGA/GAG/AGG,11-12bp,0.302,NODE_11_length_178517_cov_47.346066,mobileOG_000754794_NODE_11_length_178517_cov_47.346066
240,mobileOG_000754812|NA:Keyword|WP_016513590.1|integration/excision|NA|Plasmid RefSeq|Keyword Search,NODE_11_length_178517_cov_47.346066_123 # 116616 # 116777 # 1 # ID=11_123;partial=00;start_type=ATG;rbs_motif=GGA/GAG/AGG;rbs_spacer=11-12bp;gc_cont=0.302,98.1,108,132,1.38e-31,54,1,53,1,53,mobileOG_000754812,NA:Keyword,WP_016513590.1,integration/excision,NA,Plasmid RefSeq,Keyword Search,NODE_11_length_178517_cov_47.346066_123, 116616 # 116777 # 1 , 116616,116777,1 ,11_123,11,123,00,ATG,GGA/GAG/AGG,11-12bp,0.302,NODE_11_length_178517_cov_47.346066,mobileOG_000754812_NODE_11_length_178517_cov_47.346066
241,mobileOG_000754850|NA:Keyword|WP_065705343.1|integration/excision|NA|Multiple|Keyword Search,NODE_11_length_178517_cov_47.346066_123 # 116616 # 116777 # 1 # ID=11_123;partial=00;start_type=ATG;rbs_motif=GGA/GAG/AGG;rbs_spacer=11-12bp;gc_cont=0.302,98.1,108,132,1.38e-31,54,1,53,1,53,mobileOG_000754850,NA:Keyword,WP_065705343.1,integration/excision,NA,Multiple,Keyword Search,NODE_11_length_178517_cov_47.346066_123, 116616 # 116777 # 1 , 116616,116777,1 ,11_123,11,123,00,ATG,GGA/GAG/AGG,11-12bp,0.302,NODE_11_length_178517_cov_47.346066,mobileOG_000754850_NODE_11_length_178517_cov_47.346066
242,mobileOG_000755288|NA:Keyword|WP_050844947.1|integration/excision|NA|Multiple|Keyword Search,NODE_11_length_178517_cov_47.346066_123 # 116616 # 116777 # 1 # ID=11_123;partial=00;start_type=ATG;rbs_motif=GGA/GAG/AGG;rbs_spacer=11-12bp;gc_cont=0.302,98.1,108,132,1.38e-31,54,1,53,1,53,mobileOG_000755288,NA:Keyword,WP_050844947.1,integration/excision,NA,Multiple,Keyword Search,NODE_11_length_178517_cov_47.346066_123, 116616 # 116777 # 1 , 116616,116777,1 ,11_123,11,123,00,ATG,GGA/GAG/AGG,11-12bp,0.302,NODE_11_length_178517_cov_47.346066,mobileOG_000755288_NODE_11_length_178517_cov_47.346066
243,mobileOG_000756100|NA:Keyword|WP_042514277.1|integration/excision|NA|Multiple|Keyword Search,NODE_11_length_178517_cov_47.346066_123 # 116616 # 116777 # 1 # ID=11_123;partial=00;start_type=ATG;rbs_motif=GGA/GAG/AGG;rbs_spacer=11-12bp;gc_cont=0.302,98.1,108,132,1.38e-31,54,1,53,1,53,mobileOG_000756100,NA:Keyword,WP_042514277.1,integration/excision,NA,Multiple,Keyword Search,NODE_11_length_178517_cov_47.346066_123, 116616 # 116777 # 1 , 116616,116777,1 ,11_123,11,123,00,ATG,GGA/GAG/AGG,11-12bp,0.302,NODE_11_length_178517_cov_47.346066,mobileOG_000756100_NODE_11_length_178517_cov_47.346066
244,mobileOG_000756101|NA:Keyword|WP_044438563.1|integration/excision|NA|Plasmid RefSeq|Keyword Search,NODE_11_length_178517_cov_47.346066_123 # 116616 # 116777 # 1 # ID=11_123;partial=00;start_type=ATG;rbs_motif=GGA/GAG/AGG;rbs_spacer=11-12bp;gc_cont=0.302,98.1,108,132,1.38e-31,54,1,53,1,53,mobileOG_000756101,NA:Keyword,WP_044438563.1,integration/excision,NA,Plasmid RefSeq,Keyword Search,NODE_11_length_178517_cov_47.346066_123, 116616 # 116777 # 1 , 116616,116777,1 ,11_123,11,123,00,ATG,GGA/GAG/AGG,11-12bp,0.302,NODE_11_length_178517_cov_47.346066,mobileOG_000756101_NODE_11_length_178517_cov_47.346066
245,mobileOG_000756104|NA:Keyword|WP_063538879.1|integration/excision|NA|Multiple|Keyword Search,NODE_11_length_178517_cov_47.346066_123 # 116616 # 116777 # 1 # ID=11_123;partial=00;start_type=ATG;rbs_motif=GGA/GAG/AGG;rbs_spacer=11-12bp;gc_cont=0.302,98.1,108,132,1.38e-31,54,1,53,1,53,mobileOG_000756104,NA:Keyword,WP_063538879.1,integration/excision,NA,Multiple,Keyword Search,NODE_11_length_178517_cov_47.346066_123, 116616 # 116777 # 1 , 116616,116777,1 ,11_123,11,123,00,ATG,GGA/GAG/AGG,11-12bp,0.302,NODE_11_length_178517_cov_47.346066,mobileOG_000756104_NODE_11_length_178517_cov_47.346066
246,mobileOG_000756528|NA:Keyword|WP_098664340.1|integration/excision|NA|Plasmid RefSeq|Keyword Search,NODE_11_length_178517_cov_47.346066_123 # 116616 # 116777 # 1 # ID=11_123;partial=00;start_type=ATG;rbs_motif=GGA/GAG/AGG;rbs_spacer=11-12bp;gc_cont=0.302,98.1,108,132,1.38e-31,54,1,53,1,53,mobileOG_000756528,NA:Keyword,WP_098664340.1,integration/excision,NA,Plasmid RefSeq,Keyword Search,NODE_11_length_178517_cov_47.346066_123, 116616 # 116777 # 1 , 116616,116777,1 ,11_123,11,123,00,ATG,GGA/GAG/AGG,11-12bp,0.302,NODE_11_length_178517_cov_47.346066,mobileOG_000756528_NODE_11_length_178517_cov_47.346066
247,mobileOG_000756801|NA:Keyword|WP_088911294.1|integration/excision|NA|Multiple|Keyword Search,NODE_11_length_178517_cov_47.346066_123 # 116616 # 116777 # 1 # ID=11_123;partial=00;start_type=ATG;rbs_motif=GGA/GAG/AGG;rbs_spacer=11-12bp;gc_cont=0.302,98.1,108,132,1.38e-31,54,1,53,1,53,mobileOG_000756801,NA:Keyword,WP_088911294.1,integration/excision,NA,Multiple,Keyword Search,NODE_11_length_178517_cov_47.346066_123, 116616 # 116777 # 1 , 116616,116777,1 ,11_123,11,123,00,ATG,GGA/GAG/AGG,11-12bp,0.302,NODE_11_length_178517_cov_47.346066,mobileOG_000756801_NODE_11_length_178517_cov_47.346066
248,mobileOG_000756522|NA:Keyword|WP_065705966.1|integration/excision|NA|Multiple|Keyword Search,NODE_11_length_178517_cov_47.346066_123 # 116616 # 116777 # 1 # ID=11_123;partial=00;start_type=ATG;rbs_motif=GGA/GAG/AGG;rbs_spacer=11-12bp;gc_cont=0.302,98.1,108,137,1.59e-31,54,1,53,1,53,mobileOG_000756522,NA:Keyword,WP_065705966.1,integration/excision,NA,Multiple,Keyword Search,NODE_11_length_178517_cov_47.346066_123, 116616 # 116777 # 1 , 116616,116777,1 ,11_123,11,123,00,ATG,GGA/GAG/AGG,11-12bp,0.302,NODE_11_length_178517_cov_47.346066,mobileOG_000756522_NODE_11_length_178517_cov_47.346066
249,"mobileOG_000375058|abrB|WP_016112305.1|transfer|regulation,competence|Plasmid RefSeq|Homology",NODE_11_length_178517_cov_47.346066_124 # 116856 # 117134 # -1 # ID=11_124;partial=00;start_type=ATG;rbs_motif=GGA/GAG/AGG;rbs_spacer=5-10bp;gc_cont=0.297,93.5,170,92,8.79e-56,93,1,92,1,92,mobileOG_000375058,abrB,WP_016112305.1,transfer,"regulation,competence",Plasmid RefSeq,Homology,NODE_11_length_178517_cov_47.346066_124, 116856 # 117134 # -1 , 116856,117134,-1 ,11_124,11,124,00,ATG,GGA/GAG/AGG,5-10bp,0.297,NODE_11_length_178517_cov_47.346066,mobileOG_000375058_NODE_11_length_178517_cov_47.346066
250,"mobileOG_000375044|abrB|WP_000843053.1|transfer|regulation,competence|Multiple|Homology",NODE_11_length_178517_cov_47.346066_124 # 116856 # 117134 # -1 # ID=11_124;partial=00;start_type=ATG;rbs_motif=GGA/GAG/AGG;rbs_spacer=5-10bp;gc_cont=0.297,92.4,169,92,3.58e-55,93,1,92,1,92,mobileOG_000375044,abrB,WP_000843053.1,transfer,"regulation,competence",Multiple,Homology,NODE_11_length_178517_cov_47.346066_124, 116856 # 117134 # -1 , 116856,117134,-1 ,11_124,11,124,00,ATG,GGA/GAG/AGG,5-10bp,0.297,NODE_11_length_178517_cov_47.346066,mobileOG_000375044_NODE_11_length_178517_cov_47.346066
251,"mobileOG_000375045|abrB|WP_000843058.1|transfer|regulation,competence|Multiple|Homology",NODE_11_length_178517_cov_47.346066_124 # 116856 # 117134 # -1 # ID=11_124;partial=00;start_type=ATG;rbs_motif=GGA/GAG/AGG;rbs_spacer=5-10bp;gc_cont=0.297,93.5,169,92,3.58e-55,93,1,92,1,92,mobileOG_000375045,abrB,WP_000843058.1,transfer,"regulation,competence",Multiple,Homology,NODE_11_length_178517_cov_47.346066_124, 116856 # 117134 # -1 , 116856,117134,-1 ,11_124,11,124,00,ATG,GGA/GAG/AGG,5-10bp,0.297,NODE_11_length_178517_cov_47.346066,mobileOG_000375045_NODE_11_length_178517_cov_47.346066
252,"mobileOG_000375073|abrB|WP_063676462.1|transfer|regulation,competence|Multiple|Homology",NODE_11_length_178517_cov_47.346066_124 # 116856 # 117134 # -1 # ID=11_124;partial=00;start_type=ATG;rbs_motif=GGA/GAG/AGG;rbs_spacer=5-10bp;gc_cont=0.297,91.3,168,92,5.09e-55,93,1,92,1,92,mobileOG_000375073,abrB,WP_063676462.1,transfer,"regulation,competence",Multiple,Homology,NODE_11_length_178517_cov_47.346066_124, 116856 # 117134 # -1 , 116856,117134,-1 ,11_124,11,124,00,ATG,GGA/GAG/AGG,5-10bp,0.297,NODE_11_length_178517_cov_47.346066,mobileOG_000375073_NODE_11_length_178517_cov_47.346066
253,"mobileOG_000341470|abrB|WP_000843050.1|transfer|regulation,competence|Multiple|Homology",NODE_11_length_178517_cov_47.346066_124 # 116856 # 117134 # -1 # ID=11_124;partial=00;start_type=ATG;rbs_motif=GGA/GAG/AGG;rbs_spacer=5-10bp;gc_cont=0.297,91.3,167,92,1.03e-54,93,1,92,1,92,mobileOG_000341470,abrB,WP_000843050.1,transfer,"regulation,competence",Multiple,Homology,NODE_11_length_178517_cov_47.346066_124, 116856 # 117134 # -1 , 116856,117134,-1 ,11_124,11,124,00,ATG,GGA/GAG/AGG,5-10bp,0.297,NODE_11_length_178517_cov_47.346066,mobileOG_000341470_NODE_11_length_178517_cov_47.346066
254,"mobileOG_000356772|abrB|WP_000843052.1|transfer|regulation,competence|Multiple|Homology",NODE_11_length_178517_cov_47.346066_124 # 116856 # 117134 # -1 # ID=11_124;partial=00;start_type=ATG;rbs_motif=GGA/GAG/AGG;rbs_spacer=5-10bp;gc_cont=0.297,92.4,167,92,1.03e-54,93,1,92,1,92,mobileOG_000356772,abrB,WP_000843052.1,transfer,"regulation,competence",Multiple,Homology,NODE_11_length_178517_cov_47.346066_124, 116856 # 117134 # -1 , 116856,117134,-1 ,11_124,11,124,00,ATG,GGA/GAG/AGG,5-10bp,0.297,NODE_11_length_178517_cov_47.346066,mobileOG_000356772_NODE_11_length_178517_cov_47.346066
255,"mobileOG_000375068|abrB|WP_050822444.1|transfer|regulation,competence|Multiple|Homology",NODE_11_length_178517_cov_47.346066_124 # 116856 # 117134 # -1 # ID=11_124;partial=00;start_type=ATG;rbs_motif=GGA/GAG/AGG;rbs_spacer=5-10bp;gc_cont=0.297,92.4,167,92,1.46e-54,93,1,92,1,92,mobileOG_000375068,abrB,WP_050822444.1,transfer,"regulation,competence",Multiple,Homology,NODE_11_length_178517_cov_47.346066_124, 116856 # 117134 # -1 , 116856,117134,-1 ,11_124,11,124,00,ATG,GGA/GAG/AGG,5-10bp,0.297,NODE_11_length_178517_cov_47.346066,mobileOG_000375068_NODE_11_length_178517_cov_47.346066
256,"mobileOG_000375070|abrB|WP_061139952.1|transfer|regulation,competence|Multiple|Homology",NODE_11_length_178517_cov_47.346066_124 # 116856 # 117134 # -1 # ID=11_124;partial=00;start_type=ATG;rbs_motif=GGA/GAG/AGG;rbs_spacer=5-10bp;gc_cont=0.297,91.3,167,92,1.46e-54,93,1,92,1,92,mobileOG_000375070,abrB,WP_061139952.1,transfer,"regulation,competence",Multiple,Homology,NODE_11_length_178517_cov_47.346066_124, 116856 # 117134 # -1 , 116856,117134,-1 ,11_124,11,124,00,ATG,GGA/GAG/AGG,5-10bp,0.297,NODE_11_length_178517_cov_47.346066,mobileOG_000375070_NODE_11_length_178517_cov_47.346066
257,"mobileOG_000340736|abrB|WP_000843060.1|transfer|regulation,competence|Plasmid RefSeq|Homology",NODE_11_length_178517_cov_47.346066_124 # 116856 # 117134 # -1 # ID=11_124;partial=00;start_type=ATG;rbs_motif=GGA/GAG/AGG;rbs_spacer=5-10bp;gc_cont=0.297,91.3,167,92,1.46e-54,93,1,92,1,92,mobileOG_000340736,abrB,WP_000843060.1,transfer,"regulation,competence",Plasmid RefSeq,Homology,NODE_11_length_178517_cov_47.346066_124, 116856 # 117134 # -1 , 116856,117134,-1 ,11_124,11,124,00,ATG,GGA/GAG/AGG,5-10bp,0.297,NODE_11_length_178517_cov_47.346066,mobileOG_000340736_NODE_11_length_178517_cov_47.346066
258,"mobileOG_000062813|abrB|WP_000843047.1|transfer|regulation,competence|Multiple|Homology",NODE_11_length_178517_cov_47.346066_124 # 116856 # 117134 # -1 # ID=11_124;partial=00;start_type=ATG;rbs_motif=GGA/GAG/AGG;rbs_spacer=5-10bp;gc_cont=0.297,91.3,167,92,2.08e-54,93,1,92,1,92,mobileOG_000062813,abrB,WP_000843047.1,transfer,"regulation,competence",Multiple,Homology,NODE_11_length_178517_cov_47.346066_124, 116856 # 117134 # -1 , 116856,117134,-1 ,11_124,11,124,00,ATG,GGA/GAG/AGG,5-10bp,0.297,NODE_11_length_178517_cov_47.346066,mobileOG_000062813_NODE_11_length_178517_cov_47.346066
259,"mobileOG_000364757|abrB|WP_044798451.1|transfer|regulation,competence|Multiple|Homology",NODE_11_length_178517_cov_47.346066_124 # 116856 # 117134 # -1 # ID=11_124;partial=00;start_type=ATG;rbs_motif=GGA/GAG/AGG;rbs_spacer=5-10bp;gc_cont=0.297,91.3,167,92,2.08e-54,93,1,92,1,92,mobileOG_000364757,abrB,WP_044798451.1,transfer,"regulation,competence",Multiple,Homology,NODE_11_length_178517_cov_47.346066_124, 116856 # 117134 # -1 , 116856,117134,-1 ,11_124,11,124,00,ATG,GGA/GAG/AGG,5-10bp,0.297,NODE_11_length_178517_cov_47.346066,mobileOG_000364757_NODE_11_length_178517_cov_47.346066
260,"mobileOG_000052228|abrB|WP_000843046.1|transfer|regulation,competence|Multiple|Homology",NODE_11_length_178517_cov_47.346066_124 # 116856 # 117134 # -1 # ID=11_124;partial=00;start_type=ATG;rbs_motif=GGA/GAG/AGG;rbs_spacer=5-10bp;gc_cont=0.297,91.3,166,92,4.19e-54,93,1,92,1,92,mobileOG_000052228,abrB,WP_000843046.1,transfer,"regulation,competence",Multiple,Homology,NODE_11_length_178517_cov_47.346066_124, 116856 # 117134 # -1 , 116856,117134,-1 ,11_124,11,124,00,ATG,GGA/GAG/AGG,5-10bp,0.297,NODE_11_length_178517_cov_47.346066,mobileOG_000052228_NODE_11_length_178517_cov_47.346066
261,"mobileOG_000358602|abrB|WP_088363541.1|transfer|regulation,competence|Plasmid RefSeq|Homology",NODE_11_length_178517_cov_47.346066_124 # 116856 # 117134 # -1 # ID=11_124;partial=00;start_type=ATG;rbs_motif=GGA/GAG/AGG;rbs_spacer=5-10bp;gc_cont=0.297,91.3,166,92,5.95e-54,93,1,92,1,92,mobileOG_000358602,abrB,WP_088363541.1,transfer,"regulation,competence",Plasmid RefSeq,Homology,NODE_11_length_178517_cov_47.346066_124, 116856 # 117134 # -1 , 116856,117134,-1 ,11_124,11,124,00,ATG,GGA/GAG/AGG,5-10bp,0.297,NODE_11_length_178517_cov_47.346066,mobileOG_000358602_NODE_11_length_178517_cov_47.346066
262,"mobileOG_000367670|abrB|WP_162281126.1|transfer|regulation,competence|Plasmid RefSeq|Homology",NODE_11_length_178517_cov_47.346066_124 # 116856 # 117134 # -1 # ID=11_124;partial=00;start_type=ATG;rbs_motif=GGA/GAG/AGG;rbs_spacer=5-10bp;gc_cont=0.297,92.4,166,97,6.94e-54,93,1,92,1,92,mobileOG_000367670,abrB,WP_162281126.1,transfer,"regulation,competence",Plasmid RefSeq,Homology,NODE_11_length_178517_cov_47.346066_124, 116856 # 117134 # -1 , 116856,117134,-1 ,11_124,11,124,00,ATG,GGA/GAG/AGG,5-10bp,0.297,NODE_11_length_178517_cov_47.346066,mobileOG_000367670_NODE_11_length_178517_cov_47.346066
263,"mobileOG_000343484|abrB|WP_000843048.1|transfer|regulation,competence|Multiple|Homology",NODE_11_length_178517_cov_47.346066_124 # 116856 # 117134 # -1 # ID=11_124;partial=00;start_type=ATG;rbs_motif=GGA/GAG/AGG;rbs_spacer=5-10bp;gc_cont=0.297,90.2,165,92,8.46e-54,93,1,92,1,92,mobileOG_000343484,abrB,WP_000843048.1,transfer,"regulation,competence",Multiple,Homology,NODE_11_length_178517_cov_47.346066_124, 116856 # 117134 # -1 , 116856,117134,-1 ,11_124,11,124,00,ATG,GGA/GAG/AGG,5-10bp,0.297,NODE_11_length_178517_cov_47.346066,mobileOG_000343484_NODE_11_length_178517_cov_47.346066
264,mobileOG_000317458|hup|J8D0A9|replication/recombination/repair|integration/excision|Plasmid RefSeq|Homology,NODE_11_length_178517_cov_47.346066_128 # 118197 # 118469 # 1 # ID=11_128;partial=00;start_type=ATG;rbs_motif=GGAG/GAGG;rbs_spacer=5-10bp;gc_cont=0.374,96.7,158,90,5.80e-51,91,1,90,1,90,mobileOG_000317458,hup,J8D0A9,replication/recombination/repair,integration/excision,Plasmid RefSeq,Homology,NODE_11_length_178517_cov_47.346066_128, 118197 # 118469 # 1 , 118197,118469,1 ,11_128,11,128,00,ATG,GGAG/GAGG,5-10bp,0.374,NODE_11_length_178517_cov_47.346066,mobileOG_000317458_NODE_11_length_178517_cov_47.346066
265,mobileOG_000059987|hup|WP_001043935.1|replication/recombination/repair|integration/excision|Multiple|Homology,NODE_11_length_178517_cov_47.346066_128 # 118197 # 118469 # 1 # ID=11_128;partial=00;start_type=ATG;rbs_motif=GGAG/GAGG;rbs_spacer=5-10bp;gc_cont=0.374,95.6,157,90,8.25e-51,91,1,90,1,90,mobileOG_000059987,hup,WP_001043935.1,replication/recombination/repair,integration/excision,Multiple,Homology,NODE_11_length_178517_cov_47.346066_128, 118197 # 118469 # 1 , 118197,118469,1 ,11_128,11,128,00,ATG,GGAG/GAGG,5-10bp,0.374,NODE_11_length_178517_cov_47.346066,mobileOG_000059987_NODE_11_length_178517_cov_47.346066
266,mobileOG_000068002|hup|WP_001043941.1|replication/recombination/repair|integration/excision|Multiple|Homology,NODE_11_length_178517_cov_47.346066_128 # 118197 # 118469 # 1 # ID=11_128;partial=00;start_type=ATG;rbs_motif=GGAG/GAGG;rbs_spacer=5-10bp;gc_cont=0.374,95.6,157,90,1.67e-50,91,1,90,1,90,mobileOG_000068002,hup,WP_001043941.1,replication/recombination/repair,integration/excision,Multiple,Homology,NODE_11_length_178517_cov_47.346066_128, 118197 # 118469 # 1 , 118197,118469,1 ,11_128,11,128,00,ATG,GGAG/GAGG,5-10bp,0.374,NODE_11_length_178517_cov_47.346066,mobileOG_000068002_NODE_11_length_178517_cov_47.346066
267,mobileOG_000052235|hup|WP_040120021.1|replication/recombination/repair|integration/excision|Multiple|Homology,NODE_11_length_178517_cov_47.346066_128 # 118197 # 118469 # 1 # ID=11_128;partial=00;start_type=ATG;rbs_motif=GGAG/GAGG;rbs_spacer=5-10bp;gc_cont=0.374,94.4,156,90,2.37e-50,91,1,90,1,90,mobileOG_000052235,hup,WP_040120021.1,replication/recombination/repair,integration/excision,Multiple,Homology,NODE_11_length_178517_cov_47.346066_128, 118197 # 118469 # 1 , 118197,118469,1 ,11_128,11,128,00,ATG,GGAG/GAGG,5-10bp,0.374,NODE_11_length_178517_cov_47.346066,mobileOG_000052235_NODE_11_length_178517_cov_47.346066
268,mobileOG_000300986|hup|WP_061885175.1|replication/recombination/repair|integration/excision|Multiple|Homology,NODE_11_length_178517_cov_47.346066_128 # 118197 # 118469 # 1 # ID=11_128;partial=00;start_type=ATG;rbs_motif=GGAG/GAGG;rbs_spacer=5-10bp;gc_cont=0.374,94.4,156,90,2.37e-50,91,1,90,1,90,mobileOG_000300986,hup,WP_061885175.1,replication/recombination/repair,integration/excision,Multiple,Homology,NODE_11_length_178517_cov_47.346066_128, 118197 # 118469 # 1 , 118197,118469,1 ,11_128,11,128,00,ATG,GGAG/GAGG,5-10bp,0.374,NODE_11_length_178517_cov_47.346066,mobileOG_000300986_NODE_11_length_178517_cov_47.346066
269,mobileOG_000277910|hup|WP_001043944.1|replication/recombination/repair|integration/excision|Plasmid RefSeq|Homology,NODE_11_length_178517_cov_47.346066_128 # 118197 # 118469 # 1 # ID=11_128;partial=00;start_type=ATG;rbs_motif=GGAG/GAGG;rbs_spacer=5-10bp;gc_cont=0.374,94.4,156,90,2.37e-50,91,1,90,1,90,mobileOG_000277910,hup,WP_001043944.1,replication/recombination/repair,integration/excision,Plasmid RefSeq,Homology,NODE_11_length_178517_cov_47.346066_128, 118197 # 118469 # 1 , 118197,118469,1 ,11_128,11,128,00,ATG,GGAG/GAGG,5-10bp,0.374,NODE_11_length_178517_cov_47.346066,mobileOG_000277910_NODE_11_length_178517_cov_47.346066
270,mobileOG_000304603|hup|A0A150EIG6|replication/recombination/repair|integration/excision|Plasmid RefSeq|Homology,NODE_11_length_178517_cov_47.346066_128 # 118197 # 118469 # 1 # ID=11_128;partial=00;start_type=ATG;rbs_motif=GGAG/GAGG;rbs_spacer=5-10bp;gc_cont=0.374,95.6,156,90,2.37e-50,91,1,90,1,90,mobileOG_000304603,hup,A0A150EIG6,replication/recombination/repair,integration/excision,Plasmid RefSeq,Homology,NODE_11_length_178517_cov_47.346066_128, 118197 # 118469 # 1 , 118197,118469,1 ,11_128,11,128,00,ATG,GGAG/GAGG,5-10bp,0.374,NODE_11_length_178517_cov_47.346066,mobileOG_000304603_NODE_11_length_178517_cov_47.346066
271,mobileOG_000300940|hup|WP_063676466.1|replication/recombination/repair|integration/excision|Multiple|Homology,NODE_11_length_178517_cov_47.346066_128 # 118197 # 118469 # 1 # ID=11_128;partial=00;start_type=ATG;rbs_motif=GGAG/GAGG;rbs_spacer=5-10bp;gc_cont=0.374,94.4,156,90,3.36e-50,91,1,90,1,90,mobileOG_000300940,hup,WP_063676466.1,replication/recombination/repair,integration/excision,Multiple,Homology,NODE_11_length_178517_cov_47.346066_128, 118197 # 118469 # 1 , 118197,118469,1 ,11_128,11,128,00,ATG,GGAG/GAGG,5-10bp,0.374,NODE_11_length_178517_cov_47.346066,mobileOG_000300940_NODE_11_length_178517_cov_47.346066
272,mobileOG_000317651|hup|WP_001043956.1|replication/recombination/repair|integration/excision|Multiple|Homology,NODE_11_length_178517_cov_47.346066_128 # 118197 # 118469 # 1 # ID=11_128;partial=00;start_type=ATG;rbs_motif=GGAG/GAGG;rbs_spacer=5-10bp;gc_cont=0.374,95.6,156,90,3.36e-50,91,1,90,1,90,mobileOG_000317651,hup,WP_001043956.1,replication/recombination/repair,integration/excision,Multiple,Homology,NODE_11_length_178517_cov_47.346066_128, 118197 # 118469 # 1 , 118197,118469,1 ,11_128,11,128,00,ATG,GGAG/GAGG,5-10bp,0.374,NODE_11_length_178517_cov_47.346066,mobileOG_000317651_NODE_11_length_178517_cov_47.346066
273,mobileOG_000305168|hup|WP_001043940.1|replication/recombination/repair|integration/excision|Multiple|Homology,NODE_11_length_178517_cov_47.346066_128 # 118197 # 118469 # 1 # ID=11_128;partial=00;start_type=ATG;rbs_motif=GGAG/GAGG;rbs_spacer=5-10bp;gc_cont=0.374,94.4,155,90,4.78e-50,91,1,90,1,90,mobileOG_000305168,hup,WP_001043940.1,replication/recombination/repair,integration/excision,Multiple,Homology,NODE_11_length_178517_cov_47.346066_128, 118197 # 118469 # 1 , 118197,118469,1 ,11_128,11,128,00,ATG,GGAG/GAGG,5-10bp,0.374,NODE_11_length_178517_cov_47.346066,mobileOG_000305168_NODE_11_length_178517_cov_47.346066
274,mobileOG_000309428|hup|WP_060852657.1|replication/recombination/repair|integration/excision|Plasmid RefSeq|Homology,NODE_11_length_178517_cov_47.346066_128 # 118197 # 118469 # 1 # ID=11_128;partial=00;start_type=ATG;rbs_motif=GGAG/GAGG;rbs_spacer=5-10bp;gc_cont=0.374,94.4,155,90,4.78e-50,91,1,90,1,90,mobileOG_000309428,hup,WP_060852657.1,replication/recombination/repair,integration/excision,Plasmid RefSeq,Homology,NODE_11_length_178517_cov_47.346066_128, 118197 # 118469 # 1 , 118197,118469,1 ,11_128,11,128,00,ATG,GGAG/GAGG,5-10bp,0.374,NODE_11_length_178517_cov_47.346066,mobileOG_000309428_NODE_11_length_178517_cov_47.346066
275,mobileOG_000306891|hup|WP_089149113.1|replication/recombination/repair|integration/excision|Plasmid RefSeq|Homology,NODE_11_length_178517_cov_47.346066_128 # 118197 # 118469 # 1 # ID=11_128;partial=00;start_type=ATG;rbs_motif=GGAG/GAGG;rbs_spacer=5-10bp;gc_cont=0.374,94.4,155,90,6.79e-50,91,1,90,1,90,mobileOG_000306891,hup,WP_089149113.1,replication/recombination/repair,integration/excision,Plasmid RefSeq,Homology,NODE_11_length_178517_cov_47.346066_128, 118197 # 118469 # 1 , 118197,118469,1 ,11_128,11,128,00,ATG,GGAG/GAGG,5-10bp,0.374,NODE_11_length_178517_cov_47.346066,mobileOG_000306891_NODE_11_length_178517_cov_47.346066
276,mobileOG_000277909|hup|WP_001043943.1|replication/recombination/repair|integration/excision|Multiple|Homology,NODE_11_length_178517_cov_47.346066_128 # 118197 # 118469 # 1 # ID=11_128;partial=00;start_type=ATG;rbs_motif=GGAG/GAGG;rbs_spacer=5-10bp;gc_cont=0.374,94.4,154,90,1.37e-49,91,1,90,1,90,mobileOG_000277909,hup,WP_001043943.1,replication/recombination/repair,integration/excision,Multiple,Homology,NODE_11_length_178517_cov_47.346066_128, 118197 # 118469 # 1 , 118197,118469,1 ,11_128,11,128,00,ATG,GGAG/GAGG,5-10bp,0.374,NODE_11_length_178517_cov_47.346066,mobileOG_000277909_NODE_11_length_178517_cov_47.346066
277,mobileOG_000306924|hup|WP_050845355.1|replication/recombination/repair|integration/excision|Multiple|Homology,NODE_11_length_178517_cov_47.346066_128 # 118197 # 118469 # 1 # ID=11_128;partial=00;start_type=ATG;rbs_motif=GGAG/GAGG;rbs_spacer=5-10bp;gc_cont=0.374,93.3,154,90,1.37e-49,91,1,90,1,90,mobileOG_000306924,hup,WP_050845355.1,replication/recombination/repair,integration/excision,Multiple,Homology,NODE_11_length_178517_cov_47.346066_128, 118197 # 118469 # 1 , 118197,118469,1 ,11_128,11,128,00,ATG,GGAG/GAGG,5-10bp,0.374,NODE_11_length_178517_cov_47.346066,mobileOG_000306924_NODE_11_length_178517_cov_47.346066
278,mobileOG_000309098|hup|A0A242Z0I0|replication/recombination/repair|integration/excision|Multiple|Homology,NODE_11_length_178517_cov_47.346066_128 # 118197 # 118469 # 1 # ID=11_128;partial=00;start_type=ATG;rbs_motif=GGAG/GAGG;rbs_spacer=5-10bp;gc_cont=0.374,94.4,154,90,1.37e-49,91,1,90,1,90,mobileOG_000309098,hup,A0A242Z0I0,replication/recombination/repair,integration/excision,Multiple,Homology,NODE_11_length_178517_cov_47.346066_128, 118197 # 118469 # 1 , 118197,118469,1 ,11_128,11,128,00,ATG,GGAG/GAGG,5-10bp,0.374,NODE_11_length_178517_cov_47.346066,mobileOG_000309098_NODE_11_length_178517_cov_47.346066
279,mobileOG_000298047|tnpB|WP_139894882.1|integration/excision|NA|Plasmid RefSeq|Homology,NODE_11_length_178517_cov_47.346066_136 # 125991 # 127112 # -1 # ID=11_136;partial=00;start_type=ATG;rbs_motif=GGAG/GAGG;rbs_spacer=5-10bp;gc_cont=0.359,99.2,733,373,4.54e-269,374,1,373,1,373,mobileOG_000298047,tnpB,WP_139894882.1,integration/excision,NA,Plasmid RefSeq,Homology,NODE_11_length_178517_cov_47.346066_136, 125991 # 127112 # -1 , 125991,127112,-1 ,11_136,11,136,00,ATG,GGAG/GAGG,5-10bp,0.359,NODE_11_length_178517_cov_47.346066,mobileOG_000298047_NODE_11_length_178517_cov_47.346066
280,mobileOG_000057309|tnpB|WP_000586190.1|integration/excision|NA|Multiple|Homology,NODE_11_length_178517_cov_47.346066_136 # 125991 # 127112 # -1 # ID=11_136;partial=00;start_type=ATG;rbs_motif=GGAG/GAGG;rbs_spacer=5-10bp;gc_cont=0.359,96.8,720,373,3.42e-264,374,1,373,1,373,mobileOG_000057309,tnpB,WP_000586190.1,integration/excision,NA,Multiple,Homology,NODE_11_length_178517_cov_47.346066_136, 125991 # 127112 # -1 , 125991,127112,-1 ,11_136,11,136,00,ATG,GGAG/GAGG,5-10bp,0.359,NODE_11_length_178517_cov_47.346066,mobileOG_000057309_NODE_11_length_178517_cov_47.346066
281,mobileOG_000297917|tnpB|WP_071680044.1|integration/excision|NA|Multiple|Homology,NODE_11_length_178517_cov_47.346066_136 # 125991 # 127112 # -1 # ID=11_136;partial=00;start_type=ATG;rbs_motif=GGAG/GAGG;rbs_spacer=5-10bp;gc_cont=0.359,96.0,714,373,6.62e-262,374,1,373,1,373,mobileOG_000297917,tnpB,WP_071680044.1,integration/excision,NA,Multiple,Homology,NODE_11_length_178517_cov_47.346066_136, 125991 # 127112 # -1 , 125991,127112,-1 ,11_136,11,136,00,ATG,GGAG/GAGG,5-10bp,0.359,NODE_11_length_178517_cov_47.346066,mobileOG_000297917_NODE_11_length_178517_cov_47.346066
282,mobileOG_000298060|tnpB|WP_149217113.1|integration/excision|NA|Plasmid RefSeq|Homology,NODE_11_length_178517_cov_47.346066_136 # 125991 # 127112 # -1 # ID=11_136;partial=00;start_type=ATG;rbs_motif=GGAG/GAGG;rbs_spacer=5-10bp;gc_cont=0.359,96.0,713,372,1.83e-261,374,1,372,2,373,mobileOG_000298060,tnpB,WP_149217113.1,integration/excision,NA,Plasmid RefSeq,Homology,NODE_11_length_178517_cov_47.346066_136, 125991 # 127112 # -1 , 125991,127112,-1 ,11_136,11,136,00,ATG,GGAG/GAGG,5-10bp,0.359,NODE_11_length_178517_cov_47.346066,mobileOG_000298060_NODE_11_length_178517_cov_47.346066
283,mobileOG_000297875|tnpB|WP_061139838.1|integration/excision|NA|Multiple|Homology,NODE_11_length_178517_cov_47.346066_136 # 125991 # 127112 # -1 # ID=11_136;partial=00;start_type=ATG;rbs_motif=GGAG/GAGG;rbs_spacer=5-10bp;gc_cont=0.359,96.0,712,373,5.43e-261,374,1,373,1,373,mobileOG_000297875,tnpB,WP_061139838.1,integration/excision,NA,Multiple,Homology,NODE_11_length_178517_cov_47.346066_136, 125991 # 127112 # -1 , 125991,127112,-1 ,11_136,11,136,00,ATG,GGAG/GAGG,5-10bp,0.359,NODE_11_length_178517_cov_47.346066,mobileOG_000297875_NODE_11_length_178517_cov_47.346066
284,mobileOG_000297956|tnpB|WP_089149150.1|integration/excision|NA|Plasmid RefSeq|Homology,NODE_11_length_178517_cov_47.346066_136 # 125991 # 127112 # -1 # ID=11_136;partial=00;start_type=ATG;rbs_motif=GGAG/GAGG;rbs_spacer=5-10bp;gc_cont=0.359,94.9,712,373,7.72e-261,374,1,373,1,373,mobileOG_000297956,tnpB,WP_089149150.1,integration/excision,NA,Plasmid RefSeq,Homology,NODE_11_length_178517_cov_47.346066_136, 125991 # 127112 # -1 , 125991,127112,-1 ,11_136,11,136,00,ATG,GGAG/GAGG,5-10bp,0.359,NODE_11_length_178517_cov_47.346066,mobileOG_000297956_NODE_11_length_178517_cov_47.346066
285,mobileOG_000297996|tnpB|WP_015406689.1|integration/excision|NA|Plasmid RefSeq|Homology,NODE_11_length_178517_cov_47.346066_136 # 125991 # 127112 # -1 # ID=11_136;partial=00;start_type=ATG;rbs_motif=GGAG/GAGG;rbs_spacer=5-10bp;gc_cont=0.359,95.7,712,373,7.72e-261,374,1,373,1,373,mobileOG_000297996,tnpB,WP_015406689.1,integration/excision,NA,Plasmid RefSeq,Homology,NODE_11_length_178517_cov_47.346066_136, 125991 # 127112 # -1 , 125991,127112,-1 ,11_136,11,136,00,ATG,GGAG/GAGG,5-10bp,0.359,NODE_11_length_178517_cov_47.346066,mobileOG_000297996_NODE_11_length_178517_cov_47.346066
286,mobileOG_000036341|tnpB|WP_000906727.1|integration/excision|NA|Multiple|Homology,NODE_11_length_178517_cov_47.346066_136 # 125991 # 127112 # -1 # ID=11_136;partial=00;start_type=ATG;rbs_motif=GGAG/GAGG;rbs_spacer=5-10bp;gc_cont=0.359,95.2,711,373,1.10e-260,374,1,373,1,373,mobileOG_000036341,tnpB,WP_000906727.1,integration/excision,NA,Multiple,Homology,NODE_11_length_178517_cov_47.346066_136, 125991 # 127112 # -1 , 125991,127112,-1 ,11_136,11,136,00,ATG,GGAG/GAGG,5-10bp,0.359,NODE_11_length_178517_cov_47.346066,mobileOG_000036341_NODE_11_length_178517_cov_47.346066
287,mobileOG_000298085|tnpB|WP_157410564.1|integration/excision|NA|Plasmid RefSeq|Homology,NODE_11_length_178517_cov_47.346066_136 # 125991 # 127112 # -1 # ID=11_136;partial=00;start_type=ATG;rbs_motif=GGAG/GAGG;rbs_spacer=5-10bp;gc_cont=0.359,95.4,711,373,1.56e-260,374,1,373,1,373,mobileOG_000298085,tnpB,WP_157410564.1,integration/excision,NA,Plasmid RefSeq,Homology,NODE_11_length_178517_cov_47.346066_136, 125991 # 127112 # -1 , 125991,127112,-1 ,11_136,11,136,00,ATG,GGAG/GAGG,5-10bp,0.359,NODE_11_length_178517_cov_47.346066,mobileOG_000298085_NODE_11_length_178517_cov_47.346066
288,mobileOG_000297828|tnpB|WP_044585188.1|integration/excision|NA|Multiple|Homology,NODE_11_length_178517_cov_47.346066_136 # 125991 # 127112 # -1 # ID=11_136;partial=00;start_type=ATG;rbs_motif=GGAG/GAGG;rbs_spacer=5-10bp;gc_cont=0.359,95.2,711,373,2.21e-260,374,1,373,1,373,mobileOG_000297828,tnpB,WP_044585188.1,integration/excision,NA,Multiple,Homology,NODE_11_length_178517_cov_47.346066_136, 125991 # 127112 # -1 , 125991,127112,-1 ,11_136,11,136,00,ATG,GGAG/GAGG,5-10bp,0.359,NODE_11_length_178517_cov_47.346066,mobileOG_000297828_NODE_11_length_178517_cov_47.346066
289,mobileOG_000297871|tnpB|WP_060852625.1|integration/excision|NA|Plasmid RefSeq|Homology,NODE_11_length_178517_cov_47.346066_136 # 125991 # 127112 # -1 # ID=11_136;partial=00;start_type=ATG;rbs_motif=GGAG/GAGG;rbs_spacer=5-10bp;gc_cont=0.359,95.2,710,373,3.14e-260,374,1,373,1,373,mobileOG_000297871,tnpB,WP_060852625.1,integration/excision,NA,Plasmid RefSeq,Homology,NODE_11_length_178517_cov_47.346066_136, 125991 # 127112 # -1 , 125991,127112,-1 ,11_136,11,136,00,ATG,GGAG/GAGG,5-10bp,0.359,NODE_11_length_178517_cov_47.346066,mobileOG_000297871_NODE_11_length_178517_cov_47.346066
290,mobileOG_000298063|tnpB|WP_149216882.1|integration/excision|NA|Plasmid RefSeq|Homology,NODE_11_length_178517_cov_47.346066_136 # 125991 # 127112 # -1 # ID=11_136;partial=00;start_type=ATG;rbs_motif=GGAG/GAGG;rbs_spacer=5-10bp;gc_cont=0.359,94.9,710,373,4.46e-260,374,1,373,1,373,mobileOG_000298063,tnpB,WP_149216882.1,integration/excision,NA,Plasmid RefSeq,Homology,NODE_11_length_178517_cov_47.346066_136, 125991 # 127112 # -1 , 125991,127112,-1 ,11_136,11,136,00,ATG,GGAG/GAGG,5-10bp,0.359,NODE_11_length_178517_cov_47.346066,mobileOG_000298063_NODE_11_length_178517_cov_47.346066
291,mobileOG_000063510|tnpB|WP_015406689.1|integration/excision|NA|Multiple|Homology,NODE_11_length_178517_cov_47.346066_136 # 125991 # 127112 # -1 # ID=11_136;partial=00;start_type=ATG;rbs_motif=GGAG/GAGG;rbs_spacer=5-10bp;gc_cont=0.359,95.4,709,373,9.00e-260,374,1,373,1,373,mobileOG_000063510,tnpB,WP_015406689.1,integration/excision,NA,Multiple,Homology,NODE_11_length_178517_cov_47.346066_136, 125991 # 127112 # -1 , 125991,127112,-1 ,11_136,11,136,00,ATG,GGAG/GAGG,5-10bp,0.359,NODE_11_length_178517_cov_47.346066,mobileOG_000063510_NODE_11_length_178517_cov_47.346066
292,mobileOG_000297889|tnpB|WP_063538475.1|integration/excision|NA|Multiple|Homology,NODE_11_length_178517_cov_47.346066_136 # 125991 # 127112 # -1 # ID=11_136;partial=00;start_type=ATG;rbs_motif=GGAG/GAGG;rbs_spacer=5-10bp;gc_cont=0.359,94.9,709,373,9.00e-260,374,1,373,1,373,mobileOG_000297889,tnpB,WP_063538475.1,integration/excision,NA,Multiple,Homology,NODE_11_length_178517_cov_47.346066_136, 125991 # 127112 # -1 , 125991,127112,-1 ,11_136,11,136,00,ATG,GGAG/GAGG,5-10bp,0.359,NODE_11_length_178517_cov_47.346066,mobileOG_000297889_NODE_11_length_178517_cov_47.346066
293,mobileOG_000065883|tnpB|WP_063549489.1|integration/excision|NA|Multiple|Homology,NODE_11_length_178517_cov_47.346066_136 # 125991 # 127112 # -1 # ID=11_136;partial=00;start_type=ATG;rbs_motif=GGAG/GAGG;rbs_spacer=5-10bp;gc_cont=0.359,95.2,708,373,1.82e-259,374,1,373,1,373,mobileOG_000065883,tnpB,WP_063549489.1,integration/excision,NA,Multiple,Homology,NODE_11_length_178517_cov_47.346066_136, 125991 # 127112 # -1 , 125991,127112,-1 ,11_136,11,136,00,ATG,GGAG/GAGG,5-10bp,0.359,NODE_11_length_178517_cov_47.346066,mobileOG_000065883_NODE_11_length_178517_cov_47.346066
294,"mobileOG_000307343|bin3|WP_000681164.1|integration/excision|replication,inversion|Plasmid RefSeq|Homology",NODE_11_length_178517_cov_47.346066_140 # 129312 # 129947 # -1 # ID=11_140;partial=00;start_type=ATG;rbs_motif=GGAG/GAGG;rbs_spacer=5-10bp;gc_cont=0.333,97.6,401,211,2.04e-143,212,1,211,1,211,mobileOG_000307343,bin3,WP_000681164.1,integration/excision,"replication,inversion",Plasmid RefSeq,Homology,NODE_11_length_178517_cov_47.346066_140, 129312 # 129947 # -1 , 129312,129947,-1 ,11_140,11,140,00,ATG,GGAG/GAGG,5-10bp,0.333,NODE_11_length_178517_cov_47.346066,mobileOG_000307343_NODE_11_length_178517_cov_47.346066
295,"mobileOG_000307274|bin3|WP_088344979.1|integration/excision|replication,inversion|Multiple|Homology",NODE_11_length_178517_cov_47.346066_140 # 129312 # 129947 # -1 # ID=11_140;partial=00;start_type=ATG;rbs_motif=GGAG/GAGG;rbs_spacer=5-10bp;gc_cont=0.333,96.2,394,211,2.28e-140,212,1,211,1,211,mobileOG_000307274,bin3,WP_088344979.1,integration/excision,"replication,inversion",Multiple,Homology,NODE_11_length_178517_cov_47.346066_140, 129312 # 129947 # -1 , 129312,129947,-1 ,11_140,11,140,00,ATG,GGAG/GAGG,5-10bp,0.333,NODE_11_length_178517_cov_47.346066,mobileOG_000307274_NODE_11_length_178517_cov_47.346066
296,mobileOG_000056309|NA|WP_001053939.1|integration/excision|NA|Multiple|Homology,NODE_11_length_178517_cov_47.346066_144 # 133025 # 134320 # 1 # ID=11_144;partial=00;start_type=TTG;rbs_motif=None;rbs_spacer=None;gc_cont=0.382,93.5,808,476,2.16e-296,432,46,476,1,431,mobileOG_000056309,NA,WP_001053939.1,integration/excision,NA,Multiple,Homology,NODE_11_length_178517_cov_47.346066_144, 133025 # 134320 # 1 , 133025,134320,1 ,11_144,11,144,00,TTG,None,None,0.382,NODE_11_length_178517_cov_47.346066,mobileOG_000056309_NODE_11_length_178517_cov_47.346066
297,mobileOG_000001539|tnp|Q4V230|integration/excision|NA|ACLAME|Manual,NODE_11_length_178517_cov_47.346066_144 # 133025 # 134320 # 1 # ID=11_144;partial=00;start_type=TTG;rbs_motif=None;rbs_spacer=None;gc_cont=0.382,93.5,808,511,7.99e-296,432,81,511,1,431,mobileOG_000001539,tnp,Q4V230,integration/excision,NA,ACLAME,Manual,NODE_11_length_178517_cov_47.346066_144, 133025 # 134320 # 1 , 133025,134320,1 ,11_144,11,144,00,TTG,None,None,0.382,NODE_11_length_178517_cov_47.346066,mobileOG_000001539_NODE_11_length_178517_cov_47.346066
298,mobileOG_000074102|NA|WP_000175814.1|integration/excision|NA|Multiple|Homology,NODE_11_length_178517_cov_47.346066_144 # 133025 # 134320 # 1 # ID=11_144;partial=00;start_type=TTG;rbs_motif=None;rbs_spacer=None;gc_cont=0.382,92.8,798,476,1.97e-292,432,46,476,1,431,mobileOG_000074102,NA,WP_000175814.1,integration/excision,NA,Multiple,Homology,NODE_11_length_178517_cov_47.346066_144, 133025 # 134320 # 1 , 133025,134320,1 ,11_144,11,144,00,TTG,None,None,0.382,NODE_11_length_178517_cov_47.346066,mobileOG_000074102_NODE_11_length_178517_cov_47.346066
299,mobileOG_000001685|tnp|Q5LKB6|integration/excision|NA|ACLAME|Manual,NODE_11_length_178517_cov_47.346066_144 # 133025 # 134320 # 1 # ID=11_144;partial=00;start_type=TTG;rbs_motif=None;rbs_spacer=None;gc_cont=0.382,92.8,798,480,2.29e-292,432,50,480,1,431,mobileOG_000001685,tnp,Q5LKB6,integration/excision,NA,ACLAME,Manual,NODE_11_length_178517_cov_47.346066_144, 133025 # 134320 # 1 , 133025,134320,1 ,11_144,11,144,00,TTG,None,None,0.382,NODE_11_length_178517_cov_47.346066,mobileOG_000001685_NODE_11_length_178517_cov_47.346066
300,mobileOG_000036339|NA|WP_001053945.1|integration/excision|NA|Multiple|Homology,NODE_11_length_178517_cov_47.346066_144 # 133025 # 134320 # 1 # ID=11_144;partial=00;start_type=TTG;rbs_motif=None;rbs_spacer=None;gc_cont=0.382,90.5,782,476,7.00e-286,432,46,476,1,431,mobileOG_000036339,NA,WP_001053945.1,integration/excision,NA,Multiple,Homology,NODE_11_length_178517_cov_47.346066_144, 133025 # 134320 # 1 , 133025,134320,1 ,11_144,11,144,00,TTG,None,None,0.382,NODE_11_length_178517_cov_47.346066,mobileOG_000036339_NODE_11_length_178517_cov_47.346066
301,mobileOG_000305183|NA|WP_089172375.1|integration/excision|NA|Multiple|Homology,NODE_11_length_178517_cov_47.346066_144 # 133025 # 134320 # 1 # ID=11_144;partial=00;start_type=TTG;rbs_motif=None;rbs_spacer=None;gc_cont=0.382,90.0,778,476,2.33e-284,432,46,476,1,431,mobileOG_000305183,NA,WP_089172375.1,integration/excision,NA,Multiple,Homology,NODE_11_length_178517_cov_47.346066_144, 133025 # 134320 # 1 , 133025,134320,1 ,11_144,11,144,00,TTG,None,None,0.382,NODE_11_length_178517_cov_47.346066,mobileOG_000305183_NODE_11_length_178517_cov_47.346066
302,mobileOG_000305180|NA|WP_089172208.1|integration/excision|NA|Multiple|Homology,NODE_11_length_178517_cov_47.346066_144 # 133025 # 134320 # 1 # ID=11_144;partial=00;start_type=TTG;rbs_motif=None;rbs_spacer=None;gc_cont=0.382,90.0,778,476,3.31e-284,432,46,476,1,431,mobileOG_000305180,NA,WP_089172208.1,integration/excision,NA,Multiple,Homology,NODE_11_length_178517_cov_47.346066_144, 133025 # 134320 # 1 , 133025,134320,1 ,11_144,11,144,00,TTG,None,None,0.382,NODE_11_length_178517_cov_47.346066,mobileOG_000305180_NODE_11_length_178517_cov_47.346066
303,mobileOG_000354558|NA|WP_157410435.1|integration/excision|NA|Plasmid RefSeq|Homology,NODE_11_length_178517_cov_47.346066_144 # 133025 # 134320 # 1 # ID=11_144;partial=00;start_type=TTG;rbs_motif=None;rbs_spacer=None;gc_cont=0.382,90.3,774,476,1.11e-282,432,46,476,1,431,mobileOG_000354558,NA,WP_157410435.1,integration/excision,NA,Plasmid RefSeq,Homology,NODE_11_length_178517_cov_47.346066_144, 133025 # 134320 # 1 , 133025,134320,1 ,11_144,11,144,00,TTG,None,None,0.382,NODE_11_length_178517_cov_47.346066,mobileOG_000354558_NODE_11_length_178517_cov_47.346066
304,mobileOG_000075750|NA|A0A221BPV4|integration/excision|NA|COMPASS|Homology,NODE_11_length_178517_cov_47.346066_144 # 133025 # 134320 # 1 # ID=11_144;partial=00;start_type=TTG;rbs_motif=None;rbs_spacer=None;gc_cont=0.382,92.5,738,400,6.62e-270,432,1,400,32,431,mobileOG_000075750,NA,A0A221BPV4,integration/excision,NA,COMPASS,Homology,NODE_11_length_178517_cov_47.346066_144, 133025 # 134320 # 1 , 133025,134320,1 ,11_144,11,144,00,TTG,None,None,0.382,NODE_11_length_178517_cov_47.346066,mobileOG_000075750_NODE_11_length_178517_cov_47.346066
305,mobileOG_000301327|dinB|WP_168455145.1|replication/recombination/repair|NA|Plasmid RefSeq|Homology,NODE_11_length_178517_cov_47.346066_148 # 138269 # 139534 # 1 # ID=11_148;partial=00;start_type=GTG;rbs_motif=GGAG/GAGG;rbs_spacer=5-10bp;gc_cont=0.356,99.0,840,421,4.05e-310,422,1,421,1,421,mobileOG_000301327,dinB,WP_168455145.1,replication/recombination/repair,NA,Plasmid RefSeq,Homology,NODE_11_length_178517_cov_47.346066_148, 138269 # 139534 # 1 , 138269,139534,1 ,11_148,11,148,00,GTG,GGAG/GAGG,5-10bp,0.356,NODE_11_length_178517_cov_47.346066,mobileOG_000301327_NODE_11_length_178517_cov_47.346066
306,mobileOG_000284525|dinB|J8LAH3|replication/recombination/repair|NA|Plasmid RefSeq|Homology,NODE_11_length_178517_cov_47.346066_148 # 138269 # 139534 # 1 # ID=11_148;partial=00;start_type=GTG;rbs_motif=GGAG/GAGG;rbs_spacer=5-10bp;gc_cont=0.356,97.9,831,421,2.62e-306,422,1,420,1,420,mobileOG_000284525,dinB,J8LAH3,replication/recombination/repair,NA,Plasmid RefSeq,Homology,NODE_11_length_178517_cov_47.346066_148, 138269 # 139534 # 1 , 138269,139534,1 ,11_148,11,148,00,GTG,GGAG/GAGG,5-10bp,0.356,NODE_11_length_178517_cov_47.346066,mobileOG_000284525_NODE_11_length_178517_cov_47.346066
307,mobileOG_000314310|dinB|WP_001996249.1|replication/recombination/repair|NA|Multiple|Homology,NODE_11_length_178517_cov_47.346066_148 # 138269 # 139534 # 1 # ID=11_148;partial=00;start_type=GTG;rbs_motif=GGAG/GAGG;rbs_spacer=5-10bp;gc_cont=0.356,97.9,828,421,3.06e-305,422,1,420,1,420,mobileOG_000314310,dinB,WP_001996249.1,replication/recombination/repair,NA,Multiple,Homology,NODE_11_length_178517_cov_47.346066_148, 138269 # 139534 # 1 , 138269,139534,1 ,11_148,11,148,00,GTG,GGAG/GAGG,5-10bp,0.356,NODE_11_length_178517_cov_47.346066,mobileOG_000314310_NODE_11_length_178517_cov_47.346066
308,mobileOG_000315578|dinB|WP_000272587.1|replication/recombination/repair|NA|Multiple|Homology,NODE_11_length_178517_cov_47.346066_148 # 138269 # 139534 # 1 # ID=11_148;partial=00;start_type=GTG;rbs_motif=GGAG/GAGG;rbs_spacer=5-10bp;gc_cont=0.356,97.4,827,421,6.17e-305,422,1,421,1,421,mobileOG_000315578,dinB,WP_000272587.1,replication/recombination/repair,NA,Multiple,Homology,NODE_11_length_178517_cov_47.346066_148, 138269 # 139534 # 1 , 138269,139534,1 ,11_148,11,148,00,GTG,GGAG/GAGG,5-10bp,0.356,NODE_11_length_178517_cov_47.346066,mobileOG_000315578_NODE_11_length_178517_cov_47.346066
309,mobileOG_000314293|dinB|WP_000272588.1|replication/recombination/repair|NA|Plasmid RefSeq|Homology,NODE_11_length_178517_cov_47.346066_148 # 138269 # 139534 # 1 # ID=11_148;partial=00;start_type=GTG;rbs_motif=GGAG/GAGG;rbs_spacer=5-10bp;gc_cont=0.356,96.9,827,421,6.17e-305,422,1,421,1,421,mobileOG_000314293,dinB,WP_000272588.1,replication/recombination/repair,NA,Plasmid RefSeq,Homology,NODE_11_length_178517_cov_47.346066_148, 138269 # 139534 # 1 , 138269,139534,1 ,11_148,11,148,00,GTG,GGAG/GAGG,5-10bp,0.356,NODE_11_length_178517_cov_47.346066,mobileOG_000314293_NODE_11_length_178517_cov_47.346066
310,mobileOG_000314530|dinB|R8JVC7|replication/recombination/repair|NA|Plasmid RefSeq|Homology,NODE_11_length_178517_cov_47.346066_148 # 138269 # 139534 # 1 # ID=11_148;partial=00;start_type=GTG;rbs_motif=GGAG/GAGG;rbs_spacer=5-10bp;gc_cont=0.356,97.4,827,421,1.25e-304,422,1,421,1,421,mobileOG_000314530,dinB,R8JVC7,replication/recombination/repair,NA,Plasmid RefSeq,Homology,NODE_11_length_178517_cov_47.346066_148, 138269 # 139534 # 1 , 138269,139534,1 ,11_148,11,148,00,GTG,GGAG/GAGG,5-10bp,0.356,NODE_11_length_178517_cov_47.346066,mobileOG_000314530_NODE_11_length_178517_cov_47.346066
311,mobileOG_000284526|dinB|A0A4R4AXH3|replication/recombination/repair|NA|Plasmid RefSeq|Homology,NODE_11_length_178517_cov_47.346066_148 # 138269 # 139534 # 1 # ID=11_148;partial=00;start_type=GTG;rbs_motif=GGAG/GAGG;rbs_spacer=5-10bp;gc_cont=0.356,97.1,826,421,2.51e-304,422,1,420,1,420,mobileOG_000284526,dinB,A0A4R4AXH3,replication/recombination/repair,NA,Plasmid RefSeq,Homology,NODE_11_length_178517_cov_47.346066_148, 138269 # 139534 # 1 , 138269,139534,1 ,11_148,11,148,00,GTG,GGAG/GAGG,5-10bp,0.356,NODE_11_length_178517_cov_47.346066,mobileOG_000284526_NODE_11_length_178517_cov_47.346066
312,mobileOG_000314291|dinB|WP_000272579.1|replication/recombination/repair|NA|Plasmid RefSeq|Homology,NODE_11_length_178517_cov_47.346066_148 # 138269 # 139534 # 1 # ID=11_148;partial=00;start_type=GTG;rbs_motif=GGAG/GAGG;rbs_spacer=5-10bp;gc_cont=0.356,97.4,826,421,2.51e-304,422,1,421,1,421,mobileOG_000314291,dinB,WP_000272579.1,replication/recombination/repair,NA,Plasmid RefSeq,Homology,NODE_11_length_178517_cov_47.346066_148, 138269 # 139534 # 1 , 138269,139534,1 ,11_148,11,148,00,GTG,GGAG/GAGG,5-10bp,0.356,NODE_11_length_178517_cov_47.346066,mobileOG_000314291_NODE_11_length_178517_cov_47.346066
313,mobileOG_000314479|dinB|WP_089608045.1|replication/recombination/repair|NA|Multiple|Homology,NODE_11_length_178517_cov_47.346066_148 # 138269 # 139534 # 1 # ID=11_148;partial=00;start_type=GTG;rbs_motif=GGAG/GAGG;rbs_spacer=5-10bp;gc_cont=0.356,97.1,825,421,3.57e-304,422,1,421,1,421,mobileOG_000314479,dinB,WP_089608045.1,replication/recombination/repair,NA,Multiple,Homology,NODE_11_length_178517_cov_47.346066_148, 138269 # 139534 # 1 , 138269,139534,1 ,11_148,11,148,00,GTG,GGAG/GAGG,5-10bp,0.356,NODE_11_length_178517_cov_47.346066,mobileOG_000314479_NODE_11_length_178517_cov_47.346066
314,mobileOG_000314287|dinB|WP_000272558.1|replication/recombination/repair|NA|Multiple|Homology,NODE_11_length_178517_cov_47.346066_148 # 138269 # 139534 # 1 # ID=11_148;partial=00;start_type=GTG;rbs_motif=GGAG/GAGG;rbs_spacer=5-10bp;gc_cont=0.356,96.9,825,421,5.07e-304,422,1,421,1,421,mobileOG_000314287,dinB,WP_000272558.1,replication/recombination/repair,NA,Multiple,Homology,NODE_11_length_178517_cov_47.346066_148, 138269 # 139534 # 1 , 138269,139534,1 ,11_148,11,148,00,GTG,GGAG/GAGG,5-10bp,0.356,NODE_11_length_178517_cov_47.346066,mobileOG_000314287_NODE_11_length_178517_cov_47.346066
315,mobileOG_000317655|dinB|WP_044798452.1|replication/recombination/repair|NA|Multiple|Homology,NODE_11_length_178517_cov_47.346066_148 # 138269 # 139534 # 1 # ID=11_148;partial=00;start_type=GTG;rbs_motif=GGAG/GAGG;rbs_spacer=5-10bp;gc_cont=0.356,97.4,825,421,5.07e-304,422,1,420,1,420,mobileOG_000317655,dinB,WP_044798452.1,replication/recombination/repair,NA,Multiple,Homology,NODE_11_length_178517_cov_47.346066_148, 138269 # 139534 # 1 , 138269,139534,1 ,11_148,11,148,00,GTG,GGAG/GAGG,5-10bp,0.356,NODE_11_length_178517_cov_47.346066,mobileOG_000317655_NODE_11_length_178517_cov_47.346066
316,mobileOG_000314522|dinB|WP_103622527.1|replication/recombination/repair|NA|Plasmid RefSeq|Homology,NODE_11_length_178517_cov_47.346066_148 # 138269 # 139534 # 1 # ID=11_148;partial=00;start_type=GTG;rbs_motif=GGAG/GAGG;rbs_spacer=5-10bp;gc_cont=0.356,96.9,822,421,5.91e-303,422,1,420,1,420,mobileOG_000314522,dinB,WP_103622527.1,replication/recombination/repair,NA,Plasmid RefSeq,Homology,NODE_11_length_178517_cov_47.346066_148, 138269 # 139534 # 1 , 138269,139534,1 ,11_148,11,148,00,GTG,GGAG/GAGG,5-10bp,0.356,NODE_11_length_178517_cov_47.346066,mobileOG_000314522_NODE_11_length_178517_cov_47.346066
317,mobileOG_000314425|dinB|WP_063549511.1|replication/recombination/repair|NA|Plasmid RefSeq|Homology,NODE_11_length_178517_cov_47.346066_148 # 138269 # 139534 # 1 # ID=11_148;partial=00;start_type=GTG;rbs_motif=GGAG/GAGG;rbs_spacer=5-10bp;gc_cont=0.356,96.7,819,421,9.80e-302,422,1,420,1,420,mobileOG_000314425,dinB,WP_063549511.1,replication/recombination/repair,NA,Plasmid RefSeq,Homology,NODE_11_length_178517_cov_47.346066_148, 138269 # 139534 # 1 , 138269,139534,1 ,11_148,11,148,00,GTG,GGAG/GAGG,5-10bp,0.356,NODE_11_length_178517_cov_47.346066,mobileOG_000314425_NODE_11_length_178517_cov_47.346066
318,mobileOG_000288700|dinB|WP_149150170.1|replication/recombination/repair|NA|Plasmid RefSeq|Homology,NODE_11_length_178517_cov_47.346066_148 # 138269 # 139534 # 1 # ID=11_148;partial=00;start_type=GTG;rbs_motif=GGAG/GAGG;rbs_spacer=5-10bp;gc_cont=0.356,95.0,810,421,3.14e-298,422,1,421,1,421,mobileOG_000288700,dinB,WP_149150170.1,replication/recombination/repair,NA,Plasmid RefSeq,Homology,NODE_11_length_178517_cov_47.346066_148, 138269 # 139534 # 1 , 138269,139534,1 ,11_148,11,148,00,GTG,GGAG/GAGG,5-10bp,0.356,NODE_11_length_178517_cov_47.346066,mobileOG_000288700_NODE_11_length_178517_cov_47.346066
319,mobileOG_000033752|dinB|WP_000272566.1|replication/recombination/repair|NA|Multiple|Homology,NODE_11_length_178517_cov_47.346066_148 # 138269 # 139534 # 1 # ID=11_148;partial=00;start_type=GTG;rbs_motif=GGAG/GAGG;rbs_spacer=5-10bp;gc_cont=0.356,94.8,806,421,1.49e-296,422,1,421,1,421,mobileOG_000033752,dinB,WP_000272566.1,replication/recombination/repair,NA,Multiple,Homology,NODE_11_length_178517_cov_47.346066_148, 138269 # 139534 # 1 , 138269,139534,1 ,11_148,11,148,00,GTG,GGAG/GAGG,5-10bp,0.356,NODE_11_length_178517_cov_47.346066,mobileOG_000033752_NODE_11_length_178517_cov_47.346066
320,mobileOG_000343831|NA|WP_025967151.1|integration/excision|NA|Multiple|Homology,NODE_11_length_178517_cov_47.346066_156 # 147235 # 148677 # 1 # ID=11_156;partial=00;start_type=ATG;rbs_motif=GGA/GAG/AGG;rbs_spacer=5-10bp;gc_cont=0.365,95.8,902,476,0.0,481,1,476,5,480,mobileOG_000343831,NA,WP_025967151.1,integration/excision,NA,Multiple,Homology,NODE_11_length_178517_cov_47.346066_156, 147235 # 148677 # 1 , 147235,148677,1 ,11_156,11,156,00,ATG,GGA/GAG/AGG,5-10bp,0.365,NODE_11_length_178517_cov_47.346066,mobileOG_000343831_NODE_11_length_178517_cov_47.346066
321,mobileOG_000362327|NA|WP_158318232.1|integration/excision|NA|Plasmid RefSeq|Homology,NODE_11_length_178517_cov_47.346066_156 # 147235 # 148677 # 1 # ID=11_156;partial=00;start_type=ATG;rbs_motif=GGA/GAG/AGG;rbs_spacer=5-10bp;gc_cont=0.365,96.2,901,476,0.0,481,1,476,5,480,mobileOG_000362327,NA,WP_158318232.1,integration/excision,NA,Plasmid RefSeq,Homology,NODE_11_length_178517_cov_47.346066_156, 147235 # 148677 # 1 , 147235,148677,1 ,11_156,11,156,00,ATG,GGA/GAG/AGG,5-10bp,0.365,NODE_11_length_178517_cov_47.346066,mobileOG_000362327_NODE_11_length_178517_cov_47.346066
322,mobileOG_000352602|NA|WP_153218670.1|integration/excision|NA|Plasmid RefSeq|Homology,NODE_11_length_178517_cov_47.346066_156 # 147235 # 148677 # 1 # ID=11_156;partial=00;start_type=ATG;rbs_motif=GGA/GAG/AGG;rbs_spacer=5-10bp;gc_cont=0.365,94.1,890,476,0.0,481,1,476,5,480,mobileOG_000352602,NA,WP_153218670.1,integration/excision,NA,Plasmid RefSeq,Homology,NODE_11_length_178517_cov_47.346066_156, 147235 # 148677 # 1 , 147235,148677,1 ,11_156,11,156,00,ATG,GGA/GAG/AGG,5-10bp,0.365,NODE_11_length_178517_cov_47.346066,mobileOG_000352602_NODE_11_length_178517_cov_47.346066
323,mobileOG_000310722|NA|WP_103578001.1|integration/excision|NA|Plasmid RefSeq|Homology,NODE_11_length_178517_cov_47.346066_156 # 147235 # 148677 # 1 # ID=11_156;partial=00;start_type=ATG;rbs_motif=GGA/GAG/AGG;rbs_spacer=5-10bp;gc_cont=0.365,93.9,885,476,0.0,481,1,476,5,480,mobileOG_000310722,NA,WP_103578001.1,integration/excision,NA,Plasmid RefSeq,Homology,NODE_11_length_178517_cov_47.346066_156, 147235 # 148677 # 1 , 147235,148677,1 ,11_156,11,156,00,ATG,GGA/GAG/AGG,5-10bp,0.365,NODE_11_length_178517_cov_47.346066,mobileOG_000310722_NODE_11_length_178517_cov_47.346066
324,mobileOG_000344199|NA|WP_000116993.1|integration/excision|NA|Multiple|Homology,NODE_11_length_178517_cov_47.346066_156 # 147235 # 148677 # 1 # ID=11_156;partial=00;start_type=ATG;rbs_motif=GGA/GAG/AGG;rbs_spacer=5-10bp;gc_cont=0.365,94.1,884,476,0.0,481,1,476,5,480,mobileOG_000344199,NA,WP_000116993.1,integration/excision,NA,Multiple,Homology,NODE_11_length_178517_cov_47.346066_156, 147235 # 148677 # 1 , 147235,148677,1 ,11_156,11,156,00,ATG,GGA/GAG/AGG,5-10bp,0.365,NODE_11_length_178517_cov_47.346066,mobileOG_000344199_NODE_11_length_178517_cov_47.346066
325,mobileOG_000064064|NA|WP_042514283.1|integration/excision|NA|COMPASS|Homology,NODE_11_length_178517_cov_47.346066_156 # 147235 # 148677 # 1 # ID=11_156;partial=00;start_type=ATG;rbs_motif=GGA/GAG/AGG;rbs_spacer=5-10bp;gc_cont=0.365,92.1,884,480,0.0,481,1,480,1,480,mobileOG_000064064,NA,WP_042514283.1,integration/excision,NA,COMPASS,Homology,NODE_11_length_178517_cov_47.346066_156, 147235 # 148677 # 1 , 147235,148677,1 ,11_156,11,156,00,ATG,GGA/GAG/AGG,5-10bp,0.365,NODE_11_length_178517_cov_47.346066,mobileOG_000064064_NODE_11_length_178517_cov_47.346066
326,mobileOG_000345367|NA|WP_149216851.1|integration/excision|NA|Plasmid RefSeq|Homology,NODE_11_length_178517_cov_47.346066_156 # 147235 # 148677 # 1 # ID=11_156;partial=00;start_type=ATG;rbs_motif=GGA/GAG/AGG;rbs_spacer=5-10bp;gc_cont=0.365,92.9,882,476,0.0,481,1,476,5,480,mobileOG_000345367,NA,WP_149216851.1,integration/excision,NA,Plasmid RefSeq,Homology,NODE_11_length_178517_cov_47.346066_156, 147235 # 148677 # 1 , 147235,148677,1 ,11_156,11,156,00,ATG,GGA/GAG/AGG,5-10bp,0.365,NODE_11_length_178517_cov_47.346066,mobileOG_000345367_NODE_11_length_178517_cov_47.346066
327,mobileOG_000311482|NA|WP_000116993.1|integration/excision|NA|Plasmid RefSeq|Homology,NODE_11_length_178517_cov_47.346066_156 # 147235 # 148677 # 1 # ID=11_156;partial=00;start_type=ATG;rbs_motif=GGA/GAG/AGG;rbs_spacer=5-10bp;gc_cont=0.365,93.7,881,476,0.0,481,1,476,5,480,mobileOG_000311482,NA,WP_000116993.1,integration/excision,NA,Plasmid RefSeq,Homology,NODE_11_length_178517_cov_47.346066_156, 147235 # 148677 # 1 , 147235,148677,1 ,11_156,11,156,00,ATG,GGA/GAG/AGG,5-10bp,0.365,NODE_11_length_178517_cov_47.346066,mobileOG_000311482_NODE_11_length_178517_cov_47.346066
328,mobileOG_000063580|NA|WP_003272600.1|integration/excision|NA|Multiple|Homology,NODE_11_length_178517_cov_47.346066_156 # 147235 # 148677 # 1 # ID=11_156;partial=00;start_type=ATG;rbs_motif=GGA/GAG/AGG;rbs_spacer=5-10bp;gc_cont=0.365,93.7,881,473,0.0,481,1,473,7,480,mobileOG_000063580,NA,WP_003272600.1,integration/excision,NA,Multiple,Homology,NODE_11_length_178517_cov_47.346066_156, 147235 # 148677 # 1 , 147235,148677,1 ,11_156,11,156,00,ATG,GGA/GAG/AGG,5-10bp,0.365,NODE_11_length_178517_cov_47.346066,mobileOG_000063580_NODE_11_length_178517_cov_47.346066
329,mobileOG_000059986|NA|WP_000116994.1|integration/excision|NA|Multiple|Homology,NODE_11_length_178517_cov_47.346066_156 # 147235 # 148677 # 1 # ID=11_156;partial=00;start_type=ATG;rbs_motif=GGA/GAG/AGG;rbs_spacer=5-10bp;gc_cont=0.365,93.7,880,476,0.0,481,1,476,5,480,mobileOG_000059986,NA,WP_000116994.1,integration/excision,NA,Multiple,Homology,NODE_11_length_178517_cov_47.346066_156, 147235 # 148677 # 1 , 147235,148677,1 ,11_156,11,156,00,ATG,GGA/GAG/AGG,5-10bp,0.365,NODE_11_length_178517_cov_47.346066,mobileOG_000059986_NODE_11_length_178517_cov_47.346066
330,mobileOG_000338647|NA|WP_000116410.1|integration/excision|NA|Multiple|Homology,NODE_11_length_178517_cov_47.346066_156 # 147235 # 148677 # 1 # ID=11_156;partial=00;start_type=ATG;rbs_motif=GGA/GAG/AGG;rbs_spacer=5-10bp;gc_cont=0.365,93.5,879,473,0.0,481,1,473,7,480,mobileOG_000338647,NA,WP_000116410.1,integration/excision,NA,Multiple,Homology,NODE_11_length_178517_cov_47.346066_156, 147235 # 148677 # 1 , 147235,148677,1 ,11_156,11,156,00,ATG,GGA/GAG/AGG,5-10bp,0.365,NODE_11_length_178517_cov_47.346066,mobileOG_000338647_NODE_11_length_178517_cov_47.346066
331,mobileOG_000306911|NA|WP_016513015.1|integration/excision|NA|Plasmid RefSeq|Homology,NODE_11_length_178517_cov_47.346066_156 # 147235 # 148677 # 1 # ID=11_156;partial=00;start_type=ATG;rbs_motif=GGA/GAG/AGG;rbs_spacer=5-10bp;gc_cont=0.365,93.5,879,476,0.0,481,1,476,5,480,mobileOG_000306911,NA,WP_016513015.1,integration/excision,NA,Plasmid RefSeq,Homology,NODE_11_length_178517_cov_47.346066_156, 147235 # 148677 # 1 , 147235,148677,1 ,11_156,11,156,00,ATG,GGA/GAG/AGG,5-10bp,0.365,NODE_11_length_178517_cov_47.346066,mobileOG_000306911_NODE_11_length_178517_cov_47.346066
332,mobileOG_000344112|NA|WP_042514283.1|integration/excision|NA|Plasmid RefSeq|Homology,NODE_11_length_178517_cov_47.346066_156 # 147235 # 148677 # 1 # ID=11_156;partial=00;start_type=ATG;rbs_motif=GGA/GAG/AGG;rbs_spacer=5-10bp;gc_cont=0.365,92.2,878,476,0.0,481,1,476,5,480,mobileOG_000344112,NA,WP_042514283.1,integration/excision,NA,Plasmid RefSeq,Homology,NODE_11_length_178517_cov_47.346066_156, 147235 # 148677 # 1 , 147235,148677,1 ,11_156,11,156,00,ATG,GGA/GAG/AGG,5-10bp,0.365,NODE_11_length_178517_cov_47.346066,mobileOG_000344112_NODE_11_length_178517_cov_47.346066
333,mobileOG_000274653|NA|Q734S4|integration/excision|NA|ISFinder|Homology,NODE_11_length_178517_cov_47.346066_156 # 147235 # 148677 # 1 # ID=11_156;partial=00;start_type=ATG;rbs_motif=GGA/GAG/AGG;rbs_spacer=5-10bp;gc_cont=0.365,93.3,878,477,0.0,481,1,477,5,480,mobileOG_000274653,NA,Q734S4,integration/excision,NA,ISFinder,Homology,NODE_11_length_178517_cov_47.346066_156, 147235 # 148677 # 1 , 147235,148677,1 ,11_156,11,156,00,ATG,GGA/GAG/AGG,5-10bp,0.365,NODE_11_length_178517_cov_47.346066,mobileOG_000274653_NODE_11_length_178517_cov_47.346066
334,mobileOG_000305182|NA|WP_089172255.1|integration/excision|NA|Multiple|Homology,NODE_11_length_178517_cov_47.346066_156 # 147235 # 148677 # 1 # ID=11_156;partial=00;start_type=ATG;rbs_motif=GGA/GAG/AGG;rbs_spacer=5-10bp;gc_cont=0.365,93.1,876,476,0.0,481,1,476,5,480,mobileOG_000305182,NA,WP_089172255.1,integration/excision,NA,Multiple,Homology,NODE_11_length_178517_cov_47.346066_156, 147235 # 148677 # 1 , 147235,148677,1 ,11_156,11,156,00,ATG,GGA/GAG/AGG,5-10bp,0.365,NODE_11_length_178517_cov_47.346066,mobileOG_000305182_NODE_11_length_178517_cov_47.346066
335,mobileOG_000401499|NA:Keyword|WP_002029262.1|transfer|NA|COMPASS|Keyword Search,NODE_11_length_178517_cov_47.346066_167 # 158898 # 159602 # -1 # ID=11_167;partial=00;start_type=ATG;rbs_motif=GGA/GAG/AGG;rbs_spacer=5-10bp;gc_cont=0.306,96.2,421,234,1.40e-150,235,1,234,1,234,mobileOG_000401499,NA:Keyword,WP_002029262.1,transfer,NA,COMPASS,Keyword Search,NODE_11_length_178517_cov_47.346066_167, 158898 # 159602 # -1 , 158898,159602,-1 ,11_167,11,167,00,ATG,GGA/GAG/AGG,5-10bp,0.306,NODE_11_length_178517_cov_47.346066,mobileOG_000401499_NODE_11_length_178517_cov_47.346066
336,mobileOG_000403547|NA:Keyword|WP_002163781.1|transfer|NA|COMPASS|Keyword Search,NODE_11_length_178517_cov_47.346066_167 # 158898 # 159602 # -1 # ID=11_167;partial=00;start_type=ATG;rbs_motif=GGA/GAG/AGG;rbs_spacer=5-10bp;gc_cont=0.306,96.2,416,234,2.70e-148,235,1,234,1,234,mobileOG_000403547,NA:Keyword,WP_002163781.1,transfer,NA,COMPASS,Keyword Search,NODE_11_length_178517_cov_47.346066_167, 158898 # 159602 # -1 , 158898,159602,-1 ,11_167,11,167,00,ATG,GGA/GAG/AGG,5-10bp,0.306,NODE_11_length_178517_cov_47.346066,mobileOG_000403547_NODE_11_length_178517_cov_47.346066
337,mobileOG_000733779|NA:Keyword|WP_024928022.1|transfer|NA|Multiple|Keyword Search,NODE_11_length_178517_cov_47.346066_167 # 158898 # 159602 # -1 # ID=11_167;partial=00;start_type=ATG;rbs_motif=GGA/GAG/AGG;rbs_spacer=5-10bp;gc_cont=0.306,93.6,409,234,7.41e-146,235,1,234,1,234,mobileOG_000733779,NA:Keyword,WP_024928022.1,transfer,NA,Multiple,Keyword Search,NODE_11_length_178517_cov_47.346066_167, 158898 # 159602 # -1 , 158898,159602,-1 ,11_167,11,167,00,ATG,GGA/GAG/AGG,5-10bp,0.306,NODE_11_length_178517_cov_47.346066,mobileOG_000733779_NODE_11_length_178517_cov_47.346066
338,mobileOG_000410388|NA:Keyword|WP_024928022.1|transfer|NA|COMPASS|Keyword Search,NODE_11_length_178517_cov_47.346066_167 # 158898 # 159602 # -1 # ID=11_167;partial=00;start_type=ATG;rbs_motif=GGA/GAG/AGG;rbs_spacer=5-10bp;gc_cont=0.306,93.6,409,235,7.68e-146,235,1,234,1,234,mobileOG_000410388,NA:Keyword,WP_024928022.1,transfer,NA,COMPASS,Keyword Search,NODE_11_length_178517_cov_47.346066_167, 158898 # 159602 # -1 , 158898,159602,-1 ,11_167,11,167,00,ATG,GGA/GAG/AGG,5-10bp,0.306,NODE_11_length_178517_cov_47.346066,mobileOG_000410388_NODE_11_length_178517_cov_47.346066
339,mobileOG_000730242|NA:Keyword|WP_024928022.1|transfer|NA|Plasmid RefSeq|Keyword Search,NODE_11_length_178517_cov_47.346066_167 # 158898 # 159602 # -1 # ID=11_167;partial=00;start_type=ATG;rbs_motif=GGA/GAG/AGG;rbs_spacer=5-10bp;gc_cont=0.306,93.4,395,227,3.56e-140,235,1,227,8,234,mobileOG_000730242,NA:Keyword,WP_024928022.1,transfer,NA,Plasmid RefSeq,Keyword Search,NODE_11_length_178517_cov_47.346066_167, 158898 # 159602 # -1 , 158898,159602,-1 ,11_167,11,167,00,ATG,GGA/GAG/AGG,5-10bp,0.306,NODE_11_length_178517_cov_47.346066,mobileOG_000730242_NODE_11_length_178517_cov_47.346066
340,mobileOG_000408141|NA:Keyword|WP_080598460.1|transfer|NA|COMPASS|Keyword Search,NODE_11_length_178517_cov_47.346066_167 # 158898 # 159602 # -1 # ID=11_167;partial=00;start_type=ATG;rbs_motif=GGA/GAG/AGG;rbs_spacer=5-10bp;gc_cont=0.306,92.0,390,228,3.53e-138,235,1,226,8,233,mobileOG_000408141,NA:Keyword,WP_080598460.1,transfer,NA,COMPASS,Keyword Search,NODE_11_length_178517_cov_47.346066_167, 158898 # 159602 # -1 , 158898,159602,-1 ,11_167,11,167,00,ATG,GGA/GAG/AGG,5-10bp,0.306,NODE_11_length_178517_cov_47.346066,mobileOG_000408141_NODE_11_length_178517_cov_47.346066
341,mobileOG_000753599|NA:Keyword|WP_042512059.1|integration/excision|NA|Multiple|Keyword Search,NODE_11_length_178517_cov_47.346066_180 # 173685 # 174605 # -1 # ID=11_180;partial=00;start_type=ATG;rbs_motif=GGAG/GAGG;rbs_spacer=5-10bp;gc_cont=0.331,93.1,561,307,2.46e-203,307,1,306,1,306,mobileOG_000753599,NA:Keyword,WP_042512059.1,integration/excision,NA,Multiple,Keyword Search,NODE_11_length_178517_cov_47.346066_180, 173685 # 174605 # -1 , 173685,174605,-1 ,11_180,11,180,00,ATG,GGAG/GAGG,5-10bp,0.331,NODE_11_length_178517_cov_47.346066,mobileOG_000753599_NODE_11_length_178517_cov_47.346066
342,mobileOG_000401523|NA:Keyword|WP_000118205.1|integration/excision|NA|Multiple|Keyword Search,NODE_11_length_178517_cov_47.346066_180 # 173685 # 174605 # -1 # ID=11_180;partial=00;start_type=ATG;rbs_motif=GGAG/GAGG;rbs_spacer=5-10bp;gc_cont=0.331,93.1,559,307,1.00e-202,307,1,306,1,306,mobileOG_000401523,NA:Keyword,WP_000118205.1,integration/excision,NA,Multiple,Keyword Search,NODE_11_length_178517_cov_47.346066_180, 173685 # 174605 # -1 , 173685,174605,-1 ,11_180,11,180,00,ATG,GGAG/GAGG,5-10bp,0.331,NODE_11_length_178517_cov_47.346066,mobileOG_000401523_NODE_11_length_178517_cov_47.346066
343,mobileOG_000070934|insK|R8GDL6|integration/excision|NA|COMPASS|Homology,NODE_13_length_137522_cov_47.426141_21 # 15494 # 15823 # 1 # ID=13_21;partial=00;start_type=TTG;rbs_motif=GGAG/GAGG;rbs_spacer=5-10bp;gc_cont=0.385,98.2,212,144,3.17e-71,110,1,109,1,109,mobileOG_000070934,insK,R8GDL6,integration/excision,NA,COMPASS,Homology,NODE_13_length_137522_cov_47.426141_21, 15494 # 15823 # 1 , 15494,15823,1 ,13_21,13,21,00,TTG,GGAG/GAGG,5-10bp,0.385,NODE_13_length_137522_cov_47.426141,mobileOG_000070934_NODE_13_length_137522_cov_47.426141
344,mobileOG_000414890|NA:Keyword|A0A556C0Z0|integration/excision|NA|COMPASS|Keyword Search,NODE_13_length_137522_cov_47.426141_21 # 15494 # 15823 # 1 # ID=13_21;partial=00;start_type=TTG;rbs_motif=GGAG/GAGG;rbs_spacer=5-10bp;gc_cont=0.385,97.2,210,211,1.63e-69,110,70,178,1,109,mobileOG_000414890,NA:Keyword,A0A556C0Z0,integration/excision,NA,COMPASS,Keyword Search,NODE_13_length_137522_cov_47.426141_21, 15494 # 15823 # 1 , 15494,15823,1 ,13_21,13,21,00,TTG,GGAG/GAGG,5-10bp,0.385,NODE_13_length_137522_cov_47.426141,mobileOG_000414890_NODE_13_length_137522_cov_47.426141
345,mobileOG_000412643|NA:Keyword|A0A0K0QM41|integration/excision|NA|COMPASS|Keyword Search,NODE_13_length_137522_cov_47.426141_21 # 15494 # 15823 # 1 # ID=13_21;partial=00;start_type=TTG;rbs_motif=GGAG/GAGG;rbs_spacer=5-10bp;gc_cont=0.385,97.2,211,244,2.30e-69,110,103,211,1,109,mobileOG_000412643,NA:Keyword,A0A0K0QM41,integration/excision,NA,COMPASS,Keyword Search,NODE_13_length_137522_cov_47.426141_21, 15494 # 15823 # 1 , 15494,15823,1 ,13_21,13,21,00,TTG,GGAG/GAGG,5-10bp,0.385,NODE_13_length_137522_cov_47.426141,mobileOG_000412643_NODE_13_length_137522_cov_47.426141
346,mobileOG_000412005|NA:Keyword|WP_154818503.1|integration/excision|NA|COMPASS|Keyword Search,NODE_13_length_137522_cov_47.426141_21 # 15494 # 15823 # 1 # ID=13_21;partial=00;start_type=TTG;rbs_motif=GGAG/GAGG;rbs_spacer=5-10bp;gc_cont=0.385,97.2,211,294,7.47e-69,110,153,261,1,109,mobileOG_000412005,NA:Keyword,WP_154818503.1,integration/excision,NA,COMPASS,Keyword Search,NODE_13_length_137522_cov_47.426141_21, 15494 # 15823 # 1 , 15494,15823,1 ,13_21,13,21,00,TTG,GGAG/GAGG,5-10bp,0.385,NODE_13_length_137522_cov_47.426141,mobileOG_000412005_NODE_13_length_137522_cov_47.426141
347,mobileOG_000070946|insK|A0A2C0J0Z9|integration/excision|NA|COMPASS|Homology,NODE_13_length_137522_cov_47.426141_21 # 15494 # 15823 # 1 # ID=13_21;partial=00;start_type=TTG;rbs_motif=GGAG/GAGG;rbs_spacer=5-10bp;gc_cont=0.385,92.7,203,184,3.74e-67,110,46,154,1,109,mobileOG_000070946,insK,A0A2C0J0Z9,integration/excision,NA,COMPASS,Homology,NODE_13_length_137522_cov_47.426141_21, 15494 # 15823 # 1 , 15494,15823,1 ,13_21,13,21,00,TTG,GGAG/GAGG,5-10bp,0.385,NODE_13_length_137522_cov_47.426141,mobileOG_000070946_NODE_13_length_137522_cov_47.426141
348,mobileOG_000409970|NA:Keyword|WP_145953868.1|integration/excision|NA|COMPASS|Keyword Search,NODE_13_length_137522_cov_47.426141_21 # 15494 # 15823 # 1 # ID=13_21;partial=00;start_type=TTG;rbs_motif=GGAG/GAGG;rbs_spacer=5-10bp;gc_cont=0.385,92.7,201,299,7.46e-65,110,153,261,1,109,mobileOG_000409970,NA:Keyword,WP_145953868.1,integration/excision,NA,COMPASS,Keyword Search,NODE_13_length_137522_cov_47.426141_21, 15494 # 15823 # 1 , 15494,15823,1 ,13_21,13,21,00,TTG,GGAG/GAGG,5-10bp,0.385,NODE_13_length_137522_cov_47.426141,mobileOG_000409970_NODE_13_length_137522_cov_47.426141
349,mobileOG_000405291|NA:Keyword|WP_119493297.1|integration/excision|NA|COMPASS|Keyword Search,NODE_13_length_137522_cov_47.426141_21 # 15494 # 15823 # 1 # ID=13_21;partial=00;start_type=TTG;rbs_motif=GGAG/GAGG;rbs_spacer=5-10bp;gc_cont=0.385,92.7,200,294,1.29e-64,110,153,261,1,109,mobileOG_000405291,NA:Keyword,WP_119493297.1,integration/excision,NA,COMPASS,Keyword Search,NODE_13_length_137522_cov_47.426141_21, 15494 # 15823 # 1 , 15494,15823,1 ,13_21,13,21,00,TTG,GGAG/GAGG,5-10bp,0.385,NODE_13_length_137522_cov_47.426141,mobileOG_000405291_NODE_13_length_137522_cov_47.426141
350,mobileOG_000410836|NA:Keyword|WP_085960238.1|integration/excision|NA|COMPASS|Keyword Search,NODE_13_length_137522_cov_47.426141_21 # 15494 # 15823 # 1 # ID=13_21;partial=00;start_type=TTG;rbs_motif=GGAG/GAGG;rbs_spacer=5-10bp;gc_cont=0.385,92.7,200,294,1.29e-64,110,153,261,1,109,mobileOG_000410836,NA:Keyword,WP_085960238.1,integration/excision,NA,COMPASS,Keyword Search,NODE_13_length_137522_cov_47.426141_21, 15494 # 15823 # 1 , 15494,15823,1 ,13_21,13,21,00,TTG,GGAG/GAGG,5-10bp,0.385,NODE_13_length_137522_cov_47.426141,mobileOG_000410836_NODE_13_length_137522_cov_47.426141
351,mobileOG_000724527|NA:Keyword|WP_085960238.1|integration/excision|NA|ISFinder|Keyword Search,NODE_13_length_137522_cov_47.426141_21 # 15494 # 15823 # 1 # ID=13_21;partial=00;start_type=TTG;rbs_motif=GGAG/GAGG;rbs_spacer=5-10bp;gc_cont=0.385,92.7,200,302,1.63e-64,110,161,269,1,109,mobileOG_000724527,NA:Keyword,WP_085960238.1,integration/excision,NA,ISFinder,Keyword Search,NODE_13_length_137522_cov_47.426141_21, 15494 # 15823 # 1 , 15494,15823,1 ,13_21,13,21,00,TTG,GGAG/GAGG,5-10bp,0.385,NODE_13_length_137522_cov_47.426141,mobileOG_000724527_NODE_13_length_137522_cov_47.426141
352,mobileOG_000724528|NA:Keyword|WP_085960238.1|integration/excision|NA|ISFinder|Keyword Search,NODE_13_length_137522_cov_47.426141_21 # 15494 # 15823 # 1 # ID=13_21;partial=00;start_type=TTG;rbs_motif=GGAG/GAGG;rbs_spacer=5-10bp;gc_cont=0.385,92.7,200,385,1.58e-63,110,244,352,1,109,mobileOG_000724528,NA:Keyword,WP_085960238.1,integration/excision,NA,ISFinder,Keyword Search,NODE_13_length_137522_cov_47.426141_21, 15494 # 15823 # 1 , 15494,15823,1 ,13_21,13,21,00,TTG,GGAG/GAGG,5-10bp,0.385,NODE_13_length_137522_cov_47.426141,mobileOG_000724528_NODE_13_length_137522_cov_47.426141
353,mobileOG_000749188|NA:Keyword|WP_119493297.1|integration/excision|NA|Plasmid RefSeq|Keyword Search,NODE_13_length_137522_cov_47.426141_21 # 15494 # 15823 # 1 # ID=13_21;partial=00;start_type=TTG;rbs_motif=GGAG/GAGG;rbs_spacer=5-10bp;gc_cont=0.385,92.7,200,385,1.58e-63,110,244,352,1,109,mobileOG_000749188,NA:Keyword,WP_119493297.1,integration/excision,NA,Plasmid RefSeq,Keyword Search,NODE_13_length_137522_cov_47.426141_21, 15494 # 15823 # 1 , 15494,15823,1 ,13_21,13,21,00,TTG,GGAG/GAGG,5-10bp,0.385,NODE_13_length_137522_cov_47.426141,mobileOG_000749188_NODE_13_length_137522_cov_47.426141
354,mobileOG_000732181|NA:Keyword|A0A2A6FVV8|integration/excision|NA|Plasmid RefSeq|Keyword Search,NODE_13_length_137522_cov_47.426141_21 # 15494 # 15823 # 1 # ID=13_21;partial=00;start_type=TTG;rbs_motif=GGAG/GAGG;rbs_spacer=5-10bp;gc_cont=0.385,92.7,199,385,6.31e-63,110,244,352,1,109,mobileOG_000732181,NA:Keyword,A0A2A6FVV8,integration/excision,NA,Plasmid RefSeq,Keyword Search,NODE_13_length_137522_cov_47.426141_21, 15494 # 15823 # 1 , 15494,15823,1 ,13_21,13,21,00,TTG,GGAG/GAGG,5-10bp,0.385,NODE_13_length_137522_cov_47.426141,mobileOG_000732181_NODE_13_length_137522_cov_47.426141
355,mobileOG_000750055|NA:Keyword|WP_095209828.1|integration/excision|NA|Plasmid RefSeq|Keyword Search,NODE_13_length_137522_cov_47.426141_21 # 15494 # 15823 # 1 # ID=13_21;partial=00;start_type=TTG;rbs_motif=GGAG/GAGG;rbs_spacer=5-10bp;gc_cont=0.385,92.7,198,385,8.92e-63,110,244,352,1,109,mobileOG_000750055,NA:Keyword,WP_095209828.1,integration/excision,NA,Plasmid RefSeq,Keyword Search,NODE_13_length_137522_cov_47.426141_21, 15494 # 15823 # 1 , 15494,15823,1 ,13_21,13,21,00,TTG,GGAG/GAGG,5-10bp,0.385,NODE_13_length_137522_cov_47.426141,mobileOG_000750055_NODE_13_length_137522_cov_47.426141
356,mobileOG_000745830|NA:Keyword|WP_085962505.1|integration/excision|NA|Plasmid RefSeq|Keyword Search,NODE_13_length_137522_cov_47.426141_21 # 15494 # 15823 # 1 # ID=13_21;partial=00;start_type=TTG;rbs_motif=GGAG/GAGG;rbs_spacer=5-10bp;gc_cont=0.385,90.8,196,385,7.10e-62,110,244,352,1,109,mobileOG_000745830,NA:Keyword,WP_085962505.1,integration/excision,NA,Plasmid RefSeq,Keyword Search,NODE_13_length_137522_cov_47.426141_21, 15494 # 15823 # 1 , 15494,15823,1 ,13_21,13,21,00,TTG,GGAG/GAGG,5-10bp,0.385,NODE_13_length_137522_cov_47.426141,mobileOG_000745830_NODE_13_length_137522_cov_47.426141
357,"mobileOG_000321282|lexA_1|WP_047387797.1|phage|lysis/lysogeny,regulation|Multiple|Homology",NODE_13_length_137522_cov_47.426141_25 # 20090 # 20449 # -1 # ID=13_25;partial=00;start_type=ATG;rbs_motif=AGGAG;rbs_spacer=5-10bp;gc_cont=0.308,95.8,222,119,1.61e-75,120,1,118,1,118,mobileOG_000321282,lexA_1,WP_047387797.1,phage,"lysis/lysogeny,regulation",Multiple,Homology,NODE_13_length_137522_cov_47.426141_25, 20090 # 20449 # -1 , 20090,20449,-1 ,13_25,13,25,00,ATG,AGGAG,5-10bp,0.308,NODE_13_length_137522_cov_47.426141,mobileOG_000321282_NODE_13_length_137522_cov_47.426141
358,"mobileOG_000376161|lexA_1|WP_000751725.1|phage|lysis/lysogeny,regulation|Plasmid RefSeq|Homology",NODE_13_length_137522_cov_47.426141_25 # 20090 # 20449 # -1 # ID=13_25;partial=00;start_type=ATG;rbs_motif=AGGAG;rbs_spacer=5-10bp;gc_cont=0.308,95.8,222,119,2.28e-75,120,1,118,1,118,mobileOG_000376161,lexA_1,WP_000751725.1,phage,"lysis/lysogeny,regulation",Plasmid RefSeq,Homology,NODE_13_length_137522_cov_47.426141_25, 20090 # 20449 # -1 , 20090,20449,-1 ,13_25,13,25,00,ATG,AGGAG,5-10bp,0.308,NODE_13_length_137522_cov_47.426141,mobileOG_000376161_NODE_13_length_137522_cov_47.426141
359,"mobileOG_000320981|lexA_1|WP_087965343.1|phage|lysis/lysogeny,regulation|Plasmid RefSeq|Homology",NODE_13_length_137522_cov_47.426141_25 # 20090 # 20449 # -1 # ID=13_25;partial=00;start_type=ATG;rbs_motif=AGGAG;rbs_spacer=5-10bp;gc_cont=0.308,94.9,221,119,6.54e-75,120,1,118,1,118,mobileOG_000320981,lexA_1,WP_087965343.1,phage,"lysis/lysogeny,regulation",Plasmid RefSeq,Homology,NODE_13_length_137522_cov_47.426141_25, 20090 # 20449 # -1 , 20090,20449,-1 ,13_25,13,25,00,ATG,AGGAG,5-10bp,0.308,NODE_13_length_137522_cov_47.426141,mobileOG_000320981_NODE_13_length_137522_cov_47.426141
360,"mobileOG_000319831|lexA_1|WP_061884920.1|phage|lysis/lysogeny,regulation|Multiple|Homology",NODE_13_length_137522_cov_47.426141_25 # 20090 # 20449 # -1 # ID=13_25;partial=00;start_type=ATG;rbs_motif=AGGAG;rbs_spacer=5-10bp;gc_cont=0.308,94.1,219,119,1.88e-74,120,1,118,1,118,mobileOG_000319831,lexA_1,WP_061884920.1,phage,"lysis/lysogeny,regulation",Multiple,Homology,NODE_13_length_137522_cov_47.426141_25, 20090 # 20449 # -1 , 20090,20449,-1 ,13_25,13,25,00,ATG,AGGAG,5-10bp,0.308,NODE_13_length_137522_cov_47.426141,mobileOG_000319831_NODE_13_length_137522_cov_47.426141
361,"mobileOG_000320045|lexA_1|WP_103621916.1|phage|lysis/lysogeny,regulation|Plasmid RefSeq|Homology",NODE_13_length_137522_cov_47.426141_25 # 20090 # 20449 # -1 # ID=13_25;partial=00;start_type=ATG;rbs_motif=AGGAG;rbs_spacer=5-10bp;gc_cont=0.308,94.1,219,119,1.88e-74,120,1,118,1,118,mobileOG_000320045,lexA_1,WP_103621916.1,phage,"lysis/lysogeny,regulation",Plasmid RefSeq,Homology,NODE_13_length_137522_cov_47.426141_25, 20090 # 20449 # -1 , 20090,20449,-1 ,13_25,13,25,00,ATG,AGGAG,5-10bp,0.308,NODE_13_length_137522_cov_47.426141,mobileOG_000320045_NODE_13_length_137522_cov_47.426141
362,"mobileOG_000319783|lexA_1|WP_079246450.1|phage|lysis/lysogeny,regulation|Multiple|Homology",NODE_13_length_137522_cov_47.426141_25 # 20090 # 20449 # -1 # ID=13_25;partial=00;start_type=ATG;rbs_motif=AGGAG;rbs_spacer=5-10bp;gc_cont=0.308,94.1,216,119,3.12e-73,120,1,118,1,118,mobileOG_000319783,lexA_1,WP_079246450.1,phage,"lysis/lysogeny,regulation",Multiple,Homology,NODE_13_length_137522_cov_47.426141_25, 20090 # 20449 # -1 , 20090,20449,-1 ,13_25,13,25,00,ATG,AGGAG,5-10bp,0.308,NODE_13_length_137522_cov_47.426141,mobileOG_000319783_NODE_13_length_137522_cov_47.426141
363,mobileOG_000746091|NA:Keyword|WP_103622542.1|integration/excision|NA|Plasmid RefSeq|Keyword Search,NODE_13_length_137522_cov_47.426141_98 # 132065 # 132811 # 1 # ID=13_98;partial=00;start_type=ATG;rbs_motif=None;rbs_spacer=None;gc_cont=0.355,94.0,434,239,2.75e-155,249,1,234,17,248,mobileOG_000746091,NA:Keyword,WP_103622542.1,integration/excision,NA,Plasmid RefSeq,Keyword Search,NODE_13_length_137522_cov_47.426141_98, 132065 # 132811 # 1 , 132065,132811,1 ,13_98,13,98,00,ATG,None,None,0.355,NODE_13_length_137522_cov_47.426141,mobileOG_000746091_NODE_13_length_137522_cov_47.426141
364,mobileOG_000746657|NA:Keyword|A0A2B1U5A5|integration/excision|NA|Plasmid RefSeq|Keyword Search,NODE_13_length_137522_cov_47.426141_98 # 132065 # 132811 # 1 # ID=13_98;partial=00;start_type=ATG;rbs_motif=None;rbs_spacer=None;gc_cont=0.355,93.5,431,237,2.98e-154,249,1,232,17,248,mobileOG_000746657,NA:Keyword,A0A2B1U5A5,integration/excision,NA,Plasmid RefSeq,Keyword Search,NODE_13_length_137522_cov_47.426141_98, 132065 # 132811 # 1 , 132065,132811,1 ,13_98,13,98,00,ATG,None,None,0.355,NODE_13_length_137522_cov_47.426141,mobileOG_000746657_NODE_13_length_137522_cov_47.426141
365,mobileOG_000411524|NA:Keyword|WP_044798485.1|integration/excision|NA|Multiple|Keyword Search,NODE_13_length_137522_cov_47.426141_98 # 132065 # 132811 # 1 # ID=13_98;partial=00;start_type=ATG;rbs_motif=None;rbs_spacer=None;gc_cont=0.355,90.9,422,237,1.92e-150,249,1,232,17,248,mobileOG_000411524,NA:Keyword,WP_044798485.1,integration/excision,NA,Multiple,Keyword Search,NODE_13_length_137522_cov_47.426141_98, 132065 # 132811 # 1 , 132065,132811,1 ,13_98,13,98,00,ATG,None,None,0.355,NODE_13_length_137522_cov_47.426141,mobileOG_000411524_NODE_13_length_137522_cov_47.426141
366,mobileOG_000741551|NA:Keyword|WP_044798413.1|integration/excision|NA|Multiple|Keyword Search,NODE_13_length_137522_cov_47.426141_98 # 132065 # 132811 # 1 # ID=13_98;partial=00;start_type=ATG;rbs_motif=None;rbs_spacer=None;gc_cont=0.355,90.5,418,237,4.52e-149,249,1,232,17,248,mobileOG_000741551,NA:Keyword,WP_044798413.1,integration/excision,NA,Multiple,Keyword Search,NODE_13_length_137522_cov_47.426141_98, 132065 # 132811 # 1 , 132065,132811,1 ,13_98,13,98,00,ATG,None,None,0.355,NODE_13_length_137522_cov_47.426141,mobileOG_000741551_NODE_13_length_137522_cov_47.426141
367,mobileOG_000757576|NA:Keyword|A0A242Z7R4|integration/excision|NA|Multiple|Keyword Search,NODE_13_length_137522_cov_47.426141_98 # 132065 # 132811 # 1 # ID=13_98;partial=00;start_type=ATG;rbs_motif=None;rbs_spacer=None;gc_cont=0.355,90.9,417,237,9.12e-149,249,1,232,17,248,mobileOG_000757576,NA:Keyword,A0A242Z7R4,integration/excision,NA,Multiple,Keyword Search,NODE_13_length_137522_cov_47.426141_98, 132065 # 132811 # 1 , 132065,132811,1 ,13_98,13,98,00,ATG,None,None,0.355,NODE_13_length_137522_cov_47.426141,mobileOG_000757576_NODE_13_length_137522_cov_47.426141
368,mobileOG_000026482|topB|A0A2C9YRR7|replication/recombination/repair|NA|Plasmid RefSeq|Manual,NODE_16_length_131289_cov_57.438237_99 # 104565 # 106754 # -1 # ID=16_99;partial=00;start_type=ATG;rbs_motif=AGGA;rbs_spacer=5-10bp;gc_cont=0.363,99.3,1420,729,0.0,730,1,729,1,729,mobileOG_000026482,topB,A0A2C9YRR7,replication/recombination/repair,NA,Plasmid RefSeq,Manual,NODE_16_length_131289_cov_57.438237_99, 104565 # 106754 # -1 , 104565,106754,-1 ,16_99,16,99,00,ATG,AGGA,5-10bp,0.363,NODE_16_length_131289_cov_57.438237,mobileOG_000026482_NODE_16_length_131289_cov_57.438237
369,mobileOG_000367884|topB|WP_063220210.1|replication/recombination/repair|NA|Plasmid RefSeq|Homology,NODE_16_length_131289_cov_57.438237_99 # 104565 # 106754 # -1 # ID=16_99;partial=00;start_type=ATG;rbs_motif=AGGA;rbs_spacer=5-10bp;gc_cont=0.363,95.5,1367,729,0.0,730,1,729,1,729,mobileOG_000367884,topB,WP_063220210.1,replication/recombination/repair,NA,Plasmid RefSeq,Homology,NODE_16_length_131289_cov_57.438237_99, 104565 # 106754 # -1 , 104565,106754,-1 ,16_99,16,99,00,ATG,AGGA,5-10bp,0.363,NODE_16_length_131289_cov_57.438237,mobileOG_000367884_NODE_16_length_131289_cov_57.438237
370,mobileOG_000730128|NA:Keyword|A0A242WCC3|transfer|NA|Plasmid RefSeq|Keyword Search,NODE_18_length_68988_cov_48.935584_28 # 19376 # 22552 # -1 # ID=18_28;partial=00;start_type=ATG;rbs_motif=GGA/GAG/AGG;rbs_spacer=5-10bp;gc_cont=0.338,93.3,1898,1058,0.0,1059,1,1058,1,1058,mobileOG_000730128,NA:Keyword,A0A242WCC3,transfer,NA,Plasmid RefSeq,Keyword Search,NODE_18_length_68988_cov_48.935584_28, 19376 # 22552 # -1 , 19376,22552,-1 ,18_28,18,28,00,ATG,GGA/GAG/AGG,5-10bp,0.338,NODE_18_length_68988_cov_48.935584,mobileOG_000730128_NODE_18_length_68988_cov_48.935584
371,mobileOG_000754369|NA:Keyword|WP_000804791.1|transfer|NA|Multiple|Keyword Search,NODE_18_length_68988_cov_48.935584_42 # 40917 # 41777 # 1 # ID=18_42;partial=00;start_type=TTG;rbs_motif=AGGAGG;rbs_spacer=5-10bp;gc_cont=0.383,99.0,549,286,1.89e-199,287,1,286,1,286,mobileOG_000754369,NA:Keyword,WP_000804791.1,transfer,NA,Multiple,Keyword Search,NODE_18_length_68988_cov_48.935584_42, 40917 # 41777 # 1 , 40917,41777,1 ,18_42,18,42,00,TTG,AGGAGG,5-10bp,0.383,NODE_18_length_68988_cov_48.935584,mobileOG_000754369_NODE_18_length_68988_cov_48.935584
372,mobileOG_000756550|NA:Keyword|WP_033700059.1|transfer|NA|Multiple|Keyword Search,NODE_18_length_68988_cov_48.935584_42 # 40917 # 41777 # 1 # ID=18_42;partial=00;start_type=TTG;rbs_motif=AGGAGG;rbs_spacer=5-10bp;gc_cont=0.383,99.3,549,286,1.89e-199,287,1,286,1,286,mobileOG_000756550,NA:Keyword,WP_033700059.1,transfer,NA,Multiple,Keyword Search,NODE_18_length_68988_cov_48.935584_42, 40917 # 41777 # 1 , 40917,41777,1 ,18_42,18,42,00,TTG,AGGAGG,5-10bp,0.383,NODE_18_length_68988_cov_48.935584,mobileOG_000756550_NODE_18_length_68988_cov_48.935584
373,mobileOG_000756062|NA:Keyword|WP_000804772.1|transfer|NA|Multiple|Keyword Search,NODE_18_length_68988_cov_48.935584_42 # 40917 # 41777 # 1 # ID=18_42;partial=00;start_type=TTG;rbs_motif=AGGAGG;rbs_spacer=5-10bp;gc_cont=0.383,99.0,548,286,5.41e-199,287,1,286,1,286,mobileOG_000756062,NA:Keyword,WP_000804772.1,transfer,NA,Multiple,Keyword Search,NODE_18_length_68988_cov_48.935584_42, 40917 # 41777 # 1 , 40917,41777,1 ,18_42,18,42,00,TTG,AGGAGG,5-10bp,0.383,NODE_18_length_68988_cov_48.935584,mobileOG_000756062_NODE_18_length_68988_cov_48.935584
374,mobileOG_000405542|NA:Keyword|WP_000804775.1|transfer|NA|Multiple|Keyword Search,NODE_18_length_68988_cov_48.935584_42 # 40917 # 41777 # 1 # ID=18_42;partial=00;start_type=TTG;rbs_motif=AGGAGG;rbs_spacer=5-10bp;gc_cont=0.383,99.0,548,286,7.69e-199,287,1,286,1,286,mobileOG_000405542,NA:Keyword,WP_000804775.1,transfer,NA,Multiple,Keyword Search,NODE_18_length_68988_cov_48.935584_42, 40917 # 41777 # 1 , 40917,41777,1 ,18_42,18,42,00,TTG,AGGAGG,5-10bp,0.383,NODE_18_length_68988_cov_48.935584,mobileOG_000405542_NODE_18_length_68988_cov_48.935584
375,mobileOG_000754734|NA:Keyword|A0A427RZQ4|transfer|NA|Multiple|Keyword Search,NODE_18_length_68988_cov_48.935584_42 # 40917 # 41777 # 1 # ID=18_42;partial=00;start_type=TTG;rbs_motif=AGGAGG;rbs_spacer=5-10bp;gc_cont=0.383,98.6,547,286,1.09e-198,287,1,286,1,286,mobileOG_000754734,NA:Keyword,A0A427RZQ4,transfer,NA,Multiple,Keyword Search,NODE_18_length_68988_cov_48.935584_42, 40917 # 41777 # 1 , 40917,41777,1 ,18_42,18,42,00,TTG,AGGAGG,5-10bp,0.383,NODE_18_length_68988_cov_48.935584,mobileOG_000754734_NODE_18_length_68988_cov_48.935584
376,mobileOG_000411258|NA:Keyword|WP_021727955.1|transfer|NA|Multiple|Keyword Search,NODE_18_length_68988_cov_48.935584_42 # 40917 # 41777 # 1 # ID=18_42;partial=00;start_type=TTG;rbs_motif=AGGAGG;rbs_spacer=5-10bp;gc_cont=0.383,98.6,547,286,1.55e-198,287,1,286,1,286,mobileOG_000411258,NA:Keyword,WP_021727955.1,transfer,NA,Multiple,Keyword Search,NODE_18_length_68988_cov_48.935584_42, 40917 # 41777 # 1 , 40917,41777,1 ,18_42,18,42,00,TTG,AGGAGG,5-10bp,0.383,NODE_18_length_68988_cov_48.935584,mobileOG_000411258_NODE_18_length_68988_cov_48.935584
377,mobileOG_000754588|NA:Keyword|WP_050062468.1|transfer|NA|Plasmid RefSeq|Keyword Search,NODE_18_length_68988_cov_48.935584_42 # 40917 # 41777 # 1 # ID=18_42;partial=00;start_type=TTG;rbs_motif=AGGAGG;rbs_spacer=5-10bp;gc_cont=0.383,99.0,547,286,1.55e-198,287,1,286,1,286,mobileOG_000754588,NA:Keyword,WP_050062468.1,transfer,NA,Plasmid RefSeq,Keyword Search,NODE_18_length_68988_cov_48.935584_42, 40917 # 41777 # 1 , 40917,41777,1 ,18_42,18,42,00,TTG,AGGAGG,5-10bp,0.383,NODE_18_length_68988_cov_48.935584,mobileOG_000754588_NODE_18_length_68988_cov_48.935584
378,mobileOG_000755967|NA:Keyword|WP_131099881.1|transfer|NA|Plasmid RefSeq|Keyword Search,NODE_18_length_68988_cov_48.935584_42 # 40917 # 41777 # 1 # ID=18_42;partial=00;start_type=TTG;rbs_motif=AGGAGG;rbs_spacer=5-10bp;gc_cont=0.383,99.0,546,286,3.13e-198,287,1,286,1,286,mobileOG_000755967,NA:Keyword,WP_131099881.1,transfer,NA,Plasmid RefSeq,Keyword Search,NODE_18_length_68988_cov_48.935584_42, 40917 # 41777 # 1 , 40917,41777,1 ,18_42,18,42,00,TTG,AGGAGG,5-10bp,0.383,NODE_18_length_68988_cov_48.935584,mobileOG_000755967_NODE_18_length_68988_cov_48.935584
379,mobileOG_000756063|NA:Keyword|WP_000804793.1|transfer|NA|Multiple|Keyword Search,NODE_18_length_68988_cov_48.935584_42 # 40917 # 41777 # 1 # ID=18_42;partial=00;start_type=TTG;rbs_motif=AGGAGG;rbs_spacer=5-10bp;gc_cont=0.383,99.0,546,286,3.13e-198,287,1,286,1,286,mobileOG_000756063,NA:Keyword,WP_000804793.1,transfer,NA,Multiple,Keyword Search,NODE_18_length_68988_cov_48.935584_42, 40917 # 41777 # 1 , 40917,41777,1 ,18_42,18,42,00,TTG,AGGAGG,5-10bp,0.383,NODE_18_length_68988_cov_48.935584,mobileOG_000756063_NODE_18_length_68988_cov_48.935584
380,mobileOG_000402475|NA:Keyword|WP_000804776.1|transfer|NA|Multiple|Keyword Search,NODE_18_length_68988_cov_48.935584_42 # 40917 # 41777 # 1 # ID=18_42;partial=00;start_type=TTG;rbs_motif=AGGAGG;rbs_spacer=5-10bp;gc_cont=0.383,98.6,545,286,6.32e-198,287,1,286,1,286,mobileOG_000402475,NA:Keyword,WP_000804776.1,transfer,NA,Multiple,Keyword Search,NODE_18_length_68988_cov_48.935584_42, 40917 # 41777 # 1 , 40917,41777,1 ,18_42,18,42,00,TTG,AGGAGG,5-10bp,0.383,NODE_18_length_68988_cov_48.935584,mobileOG_000402475_NODE_18_length_68988_cov_48.935584
381,mobileOG_000402913|NA:Keyword|WP_000804779.1|transfer|NA|Multiple|Keyword Search,NODE_18_length_68988_cov_48.935584_42 # 40917 # 41777 # 1 # ID=18_42;partial=00;start_type=TTG;rbs_motif=AGGAGG;rbs_spacer=5-10bp;gc_cont=0.383,98.3,545,286,6.32e-198,287,1,286,1,286,mobileOG_000402913,NA:Keyword,WP_000804779.1,transfer,NA,Multiple,Keyword Search,NODE_18_length_68988_cov_48.935584_42, 40917 # 41777 # 1 , 40917,41777,1 ,18_42,18,42,00,TTG,AGGAGG,5-10bp,0.383,NODE_18_length_68988_cov_48.935584,mobileOG_000402913_NODE_18_length_68988_cov_48.935584
382,mobileOG_000754581|NA:Keyword|WP_061139888.1|transfer|NA|Multiple|Keyword Search,NODE_18_length_68988_cov_48.935584_42 # 40917 # 41777 # 1 # ID=18_42;partial=00;start_type=TTG;rbs_motif=AGGAGG;rbs_spacer=5-10bp;gc_cont=0.383,98.6,544,286,2.57e-197,287,1,286,1,286,mobileOG_000754581,NA:Keyword,WP_061139888.1,transfer,NA,Multiple,Keyword Search,NODE_18_length_68988_cov_48.935584_42, 40917 # 41777 # 1 , 40917,41777,1 ,18_42,18,42,00,TTG,AGGAGG,5-10bp,0.383,NODE_18_length_68988_cov_48.935584,mobileOG_000754581_NODE_18_length_68988_cov_48.935584
383,mobileOG_000755609|NA:Keyword|WP_044798377.1|transfer|NA|Multiple|Keyword Search,NODE_18_length_68988_cov_48.935584_42 # 40917 # 41777 # 1 # ID=18_42;partial=00;start_type=TTG;rbs_motif=AGGAGG;rbs_spacer=5-10bp;gc_cont=0.383,98.3,544,286,2.57e-197,287,1,286,1,286,mobileOG_000755609,NA:Keyword,WP_044798377.1,transfer,NA,Multiple,Keyword Search,NODE_18_length_68988_cov_48.935584_42, 40917 # 41777 # 1 , 40917,41777,1 ,18_42,18,42,00,TTG,AGGAGG,5-10bp,0.383,NODE_18_length_68988_cov_48.935584,mobileOG_000755609_NODE_18_length_68988_cov_48.935584
384,mobileOG_000406119|NA:Keyword|WP_000804795.1|transfer|NA|Multiple|Keyword Search,NODE_18_length_68988_cov_48.935584_42 # 40917 # 41777 # 1 # ID=18_42;partial=00;start_type=TTG;rbs_motif=AGGAGG;rbs_spacer=5-10bp;gc_cont=0.383,97.9,543,286,7.37e-197,287,1,286,1,286,mobileOG_000406119,NA:Keyword,WP_000804795.1,transfer,NA,Multiple,Keyword Search,NODE_18_length_68988_cov_48.935584_42, 40917 # 41777 # 1 , 40917,41777,1 ,18_42,18,42,00,TTG,AGGAGG,5-10bp,0.383,NODE_18_length_68988_cov_48.935584,mobileOG_000406119_NODE_18_length_68988_cov_48.935584
385,mobileOG_000757149|NA:Keyword|A0A242ZB13|transfer|NA|Multiple|Keyword Search,NODE_18_length_68988_cov_48.935584_42 # 40917 # 41777 # 1 # ID=18_42;partial=00;start_type=TTG;rbs_motif=AGGAGG;rbs_spacer=5-10bp;gc_cont=0.383,97.6,542,286,1.05e-196,287,1,286,1,286,mobileOG_000757149,NA:Keyword,A0A242ZB13,transfer,NA,Multiple,Keyword Search,NODE_18_length_68988_cov_48.935584_42, 40917 # 41777 # 1 , 40917,41777,1 ,18_42,18,42,00,TTG,AGGAGG,5-10bp,0.383,NODE_18_length_68988_cov_48.935584,mobileOG_000757149_NODE_18_length_68988_cov_48.935584
386,mobileOG_000739231|NA:Keyword|WP_149216801.1|transfer|NA|Plasmid RefSeq|Keyword Search,NODE_18_length_68988_cov_48.935584_44 # 42631 # 44055 # 1 # ID=18_44;partial=00;start_type=ATG;rbs_motif=GGAG/GAGG;rbs_spacer=5-10bp;gc_cont=0.365,90.4,837,477,6.67e-307,475,1,477,1,474,mobileOG_000739231,NA:Keyword,WP_149216801.1,transfer,NA,Plasmid RefSeq,Keyword Search,NODE_18_length_68988_cov_48.935584_44, 42631 # 44055 # 1 , 42631,44055,1 ,18_44,18,44,00,ATG,GGAG/GAGG,5-10bp,0.365,NODE_18_length_68988_cov_48.935584,mobileOG_000739231_NODE_18_length_68988_cov_48.935584
387,mobileOG_000043324|recU|WP_061139908.1|replication/recombination/repair|NA|COMPASS|Homology,NODE_18_length_68988_cov_48.935584_77 # 65647 # 66078 # 1 # ID=18_77;partial=00;start_type=ATG;rbs_motif=GGA/GAG/AGG;rbs_spacer=5-10bp;gc_cont=0.396,98.6,285,143,9.28e-100,144,1,143,1,143,mobileOG_000043324,recU,WP_061139908.1,replication/recombination/repair,NA,COMPASS,Homology,NODE_18_length_68988_cov_48.935584_77, 65647 # 66078 # 1 , 65647,66078,1 ,18_77,18,77,00,ATG,GGA/GAG/AGG,5-10bp,0.396,NODE_18_length_68988_cov_48.935584,mobileOG_000043324_NODE_18_length_68988_cov_48.935584
388,mobileOG_000341702|recU|WP_061139908.1|replication/recombination/repair|NA|Plasmid RefSeq|Homology,NODE_18_length_68988_cov_48.935584_77 # 65647 # 66078 # 1 # ID=18_77;partial=00;start_type=ATG;rbs_motif=GGA/GAG/AGG;rbs_spacer=5-10bp;gc_cont=0.396,98.6,285,154,1.35e-99,144,12,154,1,143,mobileOG_000341702,recU,WP_061139908.1,replication/recombination/repair,NA,Plasmid RefSeq,Homology,NODE_18_length_68988_cov_48.935584_77, 65647 # 66078 # 1 , 65647,66078,1 ,18_77,18,77,00,ATG,GGA/GAG/AGG,5-10bp,0.396,NODE_18_length_68988_cov_48.935584,mobileOG_000341702_NODE_18_length_68988_cov_48.935584
389,mobileOG_000340640|recU|WP_050822298.1|replication/recombination/repair|NA|Multiple|Homology,NODE_18_length_68988_cov_48.935584_77 # 65647 # 66078 # 1 # ID=18_77;partial=00;start_type=ATG;rbs_motif=GGA/GAG/AGG;rbs_spacer=5-10bp;gc_cont=0.396,97.1,267,209,1.29e-91,144,12,148,1,137,mobileOG_000340640,recU,WP_050822298.1,replication/recombination/repair,NA,Multiple,Homology,NODE_18_length_68988_cov_48.935584_77, 65647 # 66078 # 1 , 65647,66078,1 ,18_77,18,77,00,ATG,GGA/GAG/AGG,5-10bp,0.396,NODE_18_length_68988_cov_48.935584,mobileOG_000340640_NODE_18_length_68988_cov_48.935584
390,mobileOG_000319248|recU|WP_088911322.1|replication/recombination/repair|NA|Multiple|Homology,NODE_18_length_68988_cov_48.935584_77 # 65647 # 66078 # 1 # ID=18_77;partial=00;start_type=ATG;rbs_motif=GGA/GAG/AGG;rbs_spacer=5-10bp;gc_cont=0.396,95.6,266,209,2.60e-91,144,12,148,1,137,mobileOG_000319248,recU,WP_088911322.1,replication/recombination/repair,NA,Multiple,Homology,NODE_18_length_68988_cov_48.935584_77, 65647 # 66078 # 1 , 65647,66078,1 ,18_77,18,77,00,ATG,GGA/GAG/AGG,5-10bp,0.396,NODE_18_length_68988_cov_48.935584,mobileOG_000319248_NODE_18_length_68988_cov_48.935584
391,mobileOG_000284647|recU|WP_088020556.1|replication/recombination/repair|NA|Plasmid RefSeq|Homology,NODE_18_length_68988_cov_48.935584_77 # 65647 # 66078 # 1 # ID=18_77;partial=00;start_type=ATG;rbs_motif=GGA/GAG/AGG;rbs_spacer=5-10bp;gc_cont=0.396,97.1,266,205,3.22e-91,144,12,148,1,137,mobileOG_000284647,recU,WP_088020556.1,replication/recombination/repair,NA,Plasmid RefSeq,Homology,NODE_18_length_68988_cov_48.935584_77, 65647 # 66078 # 1 , 65647,66078,1 ,18_77,18,77,00,ATG,GGA/GAG/AGG,5-10bp,0.396,NODE_18_length_68988_cov_48.935584,mobileOG_000284647_NODE_18_length_68988_cov_48.935584
392,mobileOG_000320872|recU|WP_088020556.1|replication/recombination/repair|NA|Multiple|Homology,NODE_18_length_68988_cov_48.935584_77 # 65647 # 66078 # 1 # ID=18_77;partial=00;start_type=ATG;rbs_motif=GGA/GAG/AGG;rbs_spacer=5-10bp;gc_cont=0.396,94.9,265,209,7.44e-91,144,12,148,1,137,mobileOG_000320872,recU,WP_088020556.1,replication/recombination/repair,NA,Multiple,Homology,NODE_18_length_68988_cov_48.935584_77, 65647 # 66078 # 1 , 65647,66078,1 ,18_77,18,77,00,ATG,GGA/GAG/AGG,5-10bp,0.396,NODE_18_length_68988_cov_48.935584,mobileOG_000320872_NODE_18_length_68988_cov_48.935584
393,mobileOG_000320025|recU|WP_065230128.1|replication/recombination/repair|NA|Plasmid RefSeq|Homology,NODE_18_length_68988_cov_48.935584_77 # 65647 # 66078 # 1 # ID=18_77;partial=00;start_type=ATG;rbs_motif=GGA/GAG/AGG;rbs_spacer=5-10bp;gc_cont=0.396,94.9,265,209,7.44e-91,144,12,148,1,137,mobileOG_000320025,recU,WP_065230128.1,replication/recombination/repair,NA,Plasmid RefSeq,Homology,NODE_18_length_68988_cov_48.935584_77, 65647 # 66078 # 1 , 65647,66078,1 ,18_77,18,77,00,ATG,GGA/GAG/AGG,5-10bp,0.396,NODE_18_length_68988_cov_48.935584,mobileOG_000320025_NODE_18_length_68988_cov_48.935584
394,mobileOG_000300789|recU|WP_139895039.1|replication/recombination/repair|NA|Plasmid RefSeq|Homology,NODE_18_length_68988_cov_48.935584_77 # 65647 # 66078 # 1 # ID=18_77;partial=00;start_type=ATG;rbs_motif=GGA/GAG/AGG;rbs_spacer=5-10bp;gc_cont=0.396,94.9,265,209,1.50e-90,144,12,148,1,137,mobileOG_000300789,recU,WP_139895039.1,replication/recombination/repair,NA,Plasmid RefSeq,Homology,NODE_18_length_68988_cov_48.935584_77, 65647 # 66078 # 1 , 65647,66078,1 ,18_77,18,77,00,ATG,GGA/GAG/AGG,5-10bp,0.396,NODE_18_length_68988_cov_48.935584,mobileOG_000300789_NODE_18_length_68988_cov_48.935584
395,mobileOG_000342219|recU|WP_025967178.1|replication/recombination/repair|NA|Multiple|Homology,NODE_18_length_68988_cov_48.935584_77 # 65647 # 66078 # 1 # ID=18_77;partial=00;start_type=ATG;rbs_motif=GGA/GAG/AGG;rbs_spacer=5-10bp;gc_cont=0.396,94.9,264,209,2.13e-90,144,12,148,1,137,mobileOG_000342219,recU,WP_025967178.1,replication/recombination/repair,NA,Multiple,Homology,NODE_18_length_68988_cov_48.935584_77, 65647 # 66078 # 1 , 65647,66078,1 ,18_77,18,77,00,ATG,GGA/GAG/AGG,5-10bp,0.396,NODE_18_length_68988_cov_48.935584,mobileOG_000342219_NODE_18_length_68988_cov_48.935584
396,mobileOG_000043468|recU|WP_088020556.1|replication/recombination/repair|NA|COMPASS|Homology,NODE_18_length_68988_cov_48.935584_77 # 65647 # 66078 # 1 # ID=18_77;partial=00;start_type=ATG;rbs_motif=GGA/GAG/AGG;rbs_spacer=5-10bp;gc_cont=0.396,94.2,263,197,2.86e-90,144,12,148,1,137,mobileOG_000043468,recU,WP_088020556.1,replication/recombination/repair,NA,COMPASS,Homology,NODE_18_length_68988_cov_48.935584_77, 65647 # 66078 # 1 , 65647,66078,1 ,18_77,18,77,00,ATG,GGA/GAG/AGG,5-10bp,0.396,NODE_18_length_68988_cov_48.935584,mobileOG_000043468_NODE_18_length_68988_cov_48.935584
397,mobileOG_000063487|recU|WP_000522796.1|replication/recombination/repair|NA|Multiple|Homology,NODE_18_length_68988_cov_48.935584_77 # 65647 # 66078 # 1 # ID=18_77;partial=00;start_type=ATG;rbs_motif=GGA/GAG/AGG;rbs_spacer=5-10bp;gc_cont=0.396,92.7,259,209,1.43e-88,144,12,148,1,137,mobileOG_000063487,recU,WP_000522796.1,replication/recombination/repair,NA,Multiple,Homology,NODE_18_length_68988_cov_48.935584_77, 65647 # 66078 # 1 , 65647,66078,1 ,18_77,18,77,00,ATG,GGA/GAG/AGG,5-10bp,0.396,NODE_18_length_68988_cov_48.935584,mobileOG_000063487_NODE_18_length_68988_cov_48.935584
398,mobileOG_000348095|recU|WP_042510722.1|replication/recombination/repair|NA|Multiple|Homology,NODE_18_length_68988_cov_48.935584_77 # 65647 # 66078 # 1 # ID=18_77;partial=00;start_type=ATG;rbs_motif=GGA/GAG/AGG;rbs_spacer=5-10bp;gc_cont=0.396,94.1,258,209,5.82e-88,144,13,148,2,137,mobileOG_000348095,recU,WP_042510722.1,replication/recombination/repair,NA,Multiple,Homology,NODE_18_length_68988_cov_48.935584_77, 65647 # 66078 # 1 , 65647,66078,1 ,18_77,18,77,00,ATG,GGA/GAG/AGG,5-10bp,0.396,NODE_18_length_68988_cov_48.935584,mobileOG_000348095_NODE_18_length_68988_cov_48.935584
399,mobileOG_000321485|recU|WP_071728198.1|replication/recombination/repair|NA|Plasmid RefSeq|Homology,NODE_18_length_68988_cov_48.935584_77 # 65647 # 66078 # 1 # ID=18_77;partial=00;start_type=ATG;rbs_motif=GGA/GAG/AGG;rbs_spacer=5-10bp;gc_cont=0.396,92.7,258,209,5.82e-88,144,12,148,1,137,mobileOG_000321485,recU,WP_071728198.1,replication/recombination/repair,NA,Plasmid RefSeq,Homology,NODE_18_length_68988_cov_48.935584_77, 65647 # 66078 # 1 , 65647,66078,1 ,18_77,18,77,00,ATG,GGA/GAG/AGG,5-10bp,0.396,NODE_18_length_68988_cov_48.935584,mobileOG_000321485_NODE_18_length_68988_cov_48.935584
400,mobileOG_000278374|recU|WP_143880499.1|replication/recombination/repair|NA|Plasmid RefSeq|Homology,NODE_18_length_68988_cov_48.935584_77 # 65647 # 66078 # 1 # ID=18_77;partial=00;start_type=ATG;rbs_motif=GGA/GAG/AGG;rbs_spacer=5-10bp;gc_cont=0.396,92.7,256,209,3.36e-87,144,12,148,1,137,mobileOG_000278374,recU,WP_143880499.1,replication/recombination/repair,NA,Plasmid RefSeq,Homology,NODE_18_length_68988_cov_48.935584_77, 65647 # 66078 # 1 , 65647,66078,1 ,18_77,18,77,00,ATG,GGA/GAG/AGG,5-10bp,0.396,NODE_18_length_68988_cov_48.935584,mobileOG_000278374_NODE_18_length_68988_cov_48.935584
401,mobileOG_000278589|recU|WP_042514285.1|replication/recombination/repair|NA|Multiple|Homology,NODE_18_length_68988_cov_48.935584_77 # 65647 # 66078 # 1 # ID=18_77;partial=00;start_type=ATG;rbs_motif=GGA/GAG/AGG;rbs_spacer=5-10bp;gc_cont=0.396,91.2,254,209,1.36e-86,144,12,148,1,137,mobileOG_000278589,recU,WP_042514285.1,replication/recombination/repair,NA,Multiple,Homology,NODE_18_length_68988_cov_48.935584_77, 65647 # 66078 # 1 , 65647,66078,1 ,18_77,18,77,00,ATG,GGA/GAG/AGG,5-10bp,0.396,NODE_18_length_68988_cov_48.935584,mobileOG_000278589_NODE_18_length_68988_cov_48.935584
402,mobileOG_000067932|tnpB|WP_119684318.1|integration/excision|NA|COMPASS|Homology,NODE_25_length_27851_cov_51.014222_1 # 3 # 800 # 1 # ID=25_1;partial=10;start_type=Edge;rbs_motif=None;rbs_spacer=None;gc_cont=0.365,98.1,520,372,4.99e-187,266,108,372,1,265,mobileOG_000067932,tnpB,WP_119684318.1,integration/excision,NA,COMPASS,Homology,NODE_25_length_27851_cov_51.014222_1, 3 # 800 # 1 , 3,800,1 ,25_1,25,1,10,Edge,None,None,0.365,NODE_25_length_27851_cov_51.014222,mobileOG_000067932_NODE_25_length_27851_cov_51.014222
403,mobileOG_000298017|tnpB|WP_119684318.1|integration/excision|NA|Plasmid RefSeq|Homology,NODE_25_length_27851_cov_51.014222_1 # 3 # 800 # 1 # ID=25_1;partial=10;start_type=Edge;rbs_motif=None;rbs_spacer=None;gc_cont=0.365,98.1,520,373,5.17e-187,266,109,373,1,265,mobileOG_000298017,tnpB,WP_119684318.1,integration/excision,NA,Plasmid RefSeq,Homology,NODE_25_length_27851_cov_51.014222_1, 3 # 800 # 1 , 3,800,1 ,25_1,25,1,10,Edge,None,None,0.365,NODE_25_length_27851_cov_51.014222,mobileOG_000298017_NODE_25_length_27851_cov_51.014222
404,mobileOG_000063148|tnpB|WP_016078507.1|integration/excision|NA|Multiple|Homology,NODE_25_length_27851_cov_51.014222_1 # 3 # 800 # 1 # ID=25_1;partial=10;start_type=Edge;rbs_motif=None;rbs_spacer=None;gc_cont=0.365,98.5,520,372,7.09e-187,266,108,372,1,265,mobileOG_000063148,tnpB,WP_016078507.1,integration/excision,NA,Multiple,Homology,NODE_25_length_27851_cov_51.014222_1, 3 # 800 # 1 , 3,800,1 ,25_1,25,1,10,Edge,None,None,0.365,NODE_25_length_27851_cov_51.014222,mobileOG_000063148_NODE_25_length_27851_cov_51.014222
405,mobileOG_000297907|tnpB|WP_065705496.1|integration/excision|NA|Multiple|Homology,NODE_25_length_27851_cov_51.014222_1 # 3 # 800 # 1 # ID=25_1;partial=10;start_type=Edge;rbs_motif=None;rbs_spacer=None;gc_cont=0.365,98.9,519,372,1.43e-186,266,108,372,1,265,mobileOG_000297907,tnpB,WP_065705496.1,integration/excision,NA,Multiple,Homology,NODE_25_length_27851_cov_51.014222_1, 3 # 800 # 1 , 3,800,1 ,25_1,25,1,10,Edge,None,None,0.365,NODE_25_length_27851_cov_51.014222,mobileOG_000297907_NODE_25_length_27851_cov_51.014222
406,mobileOG_000062368|tnpB|WP_040120032.1|integration/excision|NA|Multiple|Homology,NODE_25_length_27851_cov_51.014222_1 # 3 # 800 # 1 # ID=25_1;partial=10;start_type=Edge;rbs_motif=None;rbs_spacer=None;gc_cont=0.365,98.1,517,373,1.21e-185,266,109,373,1,265,mobileOG_000062368,tnpB,WP_040120032.1,integration/excision,NA,Multiple,Homology,NODE_25_length_27851_cov_51.014222_1, 3 # 800 # 1 , 3,800,1 ,25_1,25,1,10,Edge,None,None,0.365,NODE_25_length_27851_cov_51.014222,mobileOG_000062368_NODE_25_length_27851_cov_51.014222
407,mobileOG_000297844|tnpB|WP_050822484.1|integration/excision|NA|Multiple|Homology,NODE_25_length_27851_cov_51.014222_1 # 3 # 800 # 1 # ID=25_1;partial=10;start_type=Edge;rbs_motif=None;rbs_spacer=None;gc_cont=0.365,98.1,516,372,1.66e-185,266,108,372,1,265,mobileOG_000297844,tnpB,WP_050822484.1,integration/excision,NA,Multiple,Homology,NODE_25_length_27851_cov_51.014222_1, 3 # 800 # 1 , 3,800,1 ,25_1,25,1,10,Edge,None,None,0.365,NODE_25_length_27851_cov_51.014222,mobileOG_000297844_NODE_25_length_27851_cov_51.014222
408,mobileOG_000298060|tnpB|WP_149217113.1|integration/excision|NA|Plasmid RefSeq|Homology,NODE_25_length_27851_cov_51.014222_1 # 3 # 800 # 1 # ID=25_1;partial=10;start_type=Edge;rbs_motif=None;rbs_spacer=None;gc_cont=0.365,98.1,516,372,1.66e-185,266,108,372,1,265,mobileOG_000298060,tnpB,WP_149217113.1,integration/excision,NA,Plasmid RefSeq,Homology,NODE_25_length_27851_cov_51.014222_1, 3 # 800 # 1 , 3,800,1 ,25_1,25,1,10,Edge,None,None,0.365,NODE_25_length_27851_cov_51.014222,mobileOG_000298060_NODE_25_length_27851_cov_51.014222
409,mobileOG_000073096|tnpB|WP_065705440.1|integration/excision|NA|Multiple|Homology,NODE_25_length_27851_cov_51.014222_1 # 3 # 800 # 1 # ID=25_1;partial=10;start_type=Edge;rbs_motif=None;rbs_spacer=None;gc_cont=0.365,98.1,515,372,4.76e-185,266,108,372,1,265,mobileOG_000073096,tnpB,WP_065705440.1,integration/excision,NA,Multiple,Homology,NODE_25_length_27851_cov_51.014222_1, 3 # 800 # 1 , 3,800,1 ,25_1,25,1,10,Edge,None,None,0.365,NODE_25_length_27851_cov_51.014222,mobileOG_000073096_NODE_25_length_27851_cov_51.014222
410,mobileOG_000298115|tnpB|WP_149217113.1|integration/excision|NA|Plasmid RefSeq|Homology,NODE_25_length_27851_cov_51.014222_1 # 3 # 800 # 1 # ID=25_1;partial=10;start_type=Edge;rbs_motif=None;rbs_spacer=None;gc_cont=0.365,98.1,515,372,4.76e-185,266,108,372,1,265,mobileOG_000298115,tnpB,WP_149217113.1,integration/excision,NA,Plasmid RefSeq,Homology,NODE_25_length_27851_cov_51.014222_1, 3 # 800 # 1 , 3,800,1 ,25_1,25,1,10,Edge,None,None,0.365,NODE_25_length_27851_cov_51.014222,mobileOG_000298115_NODE_25_length_27851_cov_51.014222
411,mobileOG_000298116|tnpB|WP_149217113.1|integration/excision|NA|Plasmid RefSeq|Homology,NODE_25_length_27851_cov_51.014222_1 # 3 # 800 # 1 # ID=25_1;partial=10;start_type=Edge;rbs_motif=None;rbs_spacer=None;gc_cont=0.365,98.1,515,372,4.76e-185,266,108,372,1,265,mobileOG_000298116,tnpB,WP_149217113.1,integration/excision,NA,Plasmid RefSeq,Homology,NODE_25_length_27851_cov_51.014222_1, 3 # 800 # 1 , 3,800,1 ,25_1,25,1,10,Edge,None,None,0.365,NODE_25_length_27851_cov_51.014222,mobileOG_000298116_NODE_25_length_27851_cov_51.014222
412,mobileOG_000297996|tnpB|WP_015406689.1|integration/excision|NA|Plasmid RefSeq|Homology,NODE_25_length_27851_cov_51.014222_1 # 3 # 800 # 1 # ID=25_1;partial=10;start_type=Edge;rbs_motif=None;rbs_spacer=None;gc_cont=0.365,98.1,515,373,4.94e-185,266,109,373,1,265,mobileOG_000297996,tnpB,WP_015406689.1,integration/excision,NA,Plasmid RefSeq,Homology,NODE_25_length_27851_cov_51.014222_1, 3 # 800 # 1 , 3,800,1 ,25_1,25,1,10,Edge,None,None,0.365,NODE_25_length_27851_cov_51.014222,mobileOG_000297996_NODE_25_length_27851_cov_51.014222
413,mobileOG_000052306|tnpB|WP_015406602.1|integration/excision|NA|Multiple|Homology,NODE_25_length_27851_cov_51.014222_1 # 3 # 800 # 1 # ID=25_1;partial=10;start_type=Edge;rbs_motif=None;rbs_spacer=None;gc_cont=0.365,97.4,515,372,6.76e-185,266,108,372,1,265,mobileOG_000052306,tnpB,WP_015406602.1,integration/excision,NA,Multiple,Homology,NODE_25_length_27851_cov_51.014222_1, 3 # 800 # 1 , 3,800,1 ,25_1,25,1,10,Edge,None,None,0.365,NODE_25_length_27851_cov_51.014222,mobileOG_000052306_NODE_25_length_27851_cov_51.014222
414,mobileOG_000297903|tnpB|WP_065705104.1|integration/excision|NA|Multiple|Homology,NODE_25_length_27851_cov_51.014222_1 # 3 # 800 # 1 # ID=25_1;partial=10;start_type=Edge;rbs_motif=None;rbs_spacer=None;gc_cont=0.365,98.1,515,372,6.76e-185,266,108,372,1,265,mobileOG_000297903,tnpB,WP_065705104.1,integration/excision,NA,Multiple,Homology,NODE_25_length_27851_cov_51.014222_1, 3 # 800 # 1 , 3,800,1 ,25_1,25,1,10,Edge,None,None,0.365,NODE_25_length_27851_cov_51.014222,mobileOG_000297903_NODE_25_length_27851_cov_51.014222
415,mobileOG_000297905|tnpB|WP_065705348.1|integration/excision|NA|Multiple|Homology,NODE_25_length_27851_cov_51.014222_1 # 3 # 800 # 1 # ID=25_1;partial=10;start_type=Edge;rbs_motif=None;rbs_spacer=None;gc_cont=0.365,98.1,515,372,6.76e-185,266,108,372,1,265,mobileOG_000297905,tnpB,WP_065705348.1,integration/excision,NA,Multiple,Homology,NODE_25_length_27851_cov_51.014222_1, 3 # 800 # 1 , 3,800,1 ,25_1,25,1,10,Edge,None,None,0.365,NODE_25_length_27851_cov_51.014222,mobileOG_000297905_NODE_25_length_27851_cov_51.014222
416,mobileOG_000298114|tnpB|WP_016078507.1|integration/excision|NA|Plasmid RefSeq|Homology,NODE_25_length_27851_cov_51.014222_1 # 3 # 800 # 1 # ID=25_1;partial=10;start_type=Edge;rbs_motif=None;rbs_spacer=None;gc_cont=0.365,98.1,514,372,9.60e-185,266,108,372,1,265,mobileOG_000298114,tnpB,WP_016078507.1,integration/excision,NA,Plasmid RefSeq,Homology,NODE_25_length_27851_cov_51.014222_1, 3 # 800 # 1 , 3,800,1 ,25_1,25,1,10,Edge,None,None,0.365,NODE_25_length_27851_cov_51.014222,mobileOG_000298114_NODE_25_length_27851_cov_51.014222
417,mobileOG_000277910|hup|WP_001043944.1|replication/recombination/repair|integration/excision|Plasmid RefSeq|Homology,NODE_25_length_27851_cov_51.014222_7 # 5164 # 5436 # 1 # ID=25_7;partial=00;start_type=ATG;rbs_motif=GGAG/GAGG;rbs_spacer=5-10bp;gc_cont=0.377,100,163,90,4.24e-53,91,1,90,1,90,mobileOG_000277910,hup,WP_001043944.1,replication/recombination/repair,integration/excision,Plasmid RefSeq,Homology,NODE_25_length_27851_cov_51.014222_7, 5164 # 5436 # 1 , 5164,5436,1 ,25_7,25,7,00,ATG,GGAG/GAGG,5-10bp,0.377,NODE_25_length_27851_cov_51.014222,mobileOG_000277910_NODE_25_length_27851_cov_51.014222
418,mobileOG_000068002|hup|WP_001043941.1|replication/recombination/repair|integration/excision|Multiple|Homology,NODE_25_length_27851_cov_51.014222_7 # 5164 # 5436 # 1 # ID=25_7;partial=00;start_type=ATG;rbs_motif=GGAG/GAGG;rbs_spacer=5-10bp;gc_cont=0.377,98.9,163,90,6.03e-53,91,1,90,1,90,mobileOG_000068002,hup,WP_001043941.1,replication/recombination/repair,integration/excision,Multiple,Homology,NODE_25_length_27851_cov_51.014222_7, 5164 # 5436 # 1 , 5164,5436,1 ,25_7,25,7,00,ATG,GGAG/GAGG,5-10bp,0.377,NODE_25_length_27851_cov_51.014222,mobileOG_000068002_NODE_25_length_27851_cov_51.014222
419,mobileOG_000305168|hup|WP_001043940.1|replication/recombination/repair|integration/excision|Multiple|Homology,NODE_25_length_27851_cov_51.014222_7 # 5164 # 5436 # 1 # ID=25_7;partial=00;start_type=ATG;rbs_motif=GGAG/GAGG;rbs_spacer=5-10bp;gc_cont=0.377,97.8,162,90,1.73e-52,91,1,90,1,90,mobileOG_000305168,hup,WP_001043940.1,replication/recombination/repair,integration/excision,Multiple,Homology,NODE_25_length_27851_cov_51.014222_7, 5164 # 5436 # 1 , 5164,5436,1 ,25_7,25,7,00,ATG,GGAG/GAGG,5-10bp,0.377,NODE_25_length_27851_cov_51.014222,mobileOG_000305168_NODE_25_length_27851_cov_51.014222
420,mobileOG_000309428|hup|WP_060852657.1|replication/recombination/repair|integration/excision|Plasmid RefSeq|Homology,NODE_25_length_27851_cov_51.014222_7 # 5164 # 5436 # 1 # ID=25_7;partial=00;start_type=ATG;rbs_motif=GGAG/GAGG;rbs_spacer=5-10bp;gc_cont=0.377,97.8,162,90,1.73e-52,91,1,90,1,90,mobileOG_000309428,hup,WP_060852657.1,replication/recombination/repair,integration/excision,Plasmid RefSeq,Homology,NODE_25_length_27851_cov_51.014222_7, 5164 # 5436 # 1 , 5164,5436,1 ,25_7,25,7,00,ATG,GGAG/GAGG,5-10bp,0.377,NODE_25_length_27851_cov_51.014222,mobileOG_000309428_NODE_25_length_27851_cov_51.014222
421,mobileOG_000317458|hup|J8D0A9|replication/recombination/repair|integration/excision|Plasmid RefSeq|Homology,NODE_25_length_27851_cov_51.014222_7 # 5164 # 5436 # 1 # ID=25_7;partial=00;start_type=ATG;rbs_motif=GGAG/GAGG;rbs_spacer=5-10bp;gc_cont=0.377,97.8,162,90,1.73e-52,91,1,90,1,90,mobileOG_000317458,hup,J8D0A9,replication/recombination/repair,integration/excision,Plasmid RefSeq,Homology,NODE_25_length_27851_cov_51.014222_7, 5164 # 5436 # 1 , 5164,5436,1 ,25_7,25,7,00,ATG,GGAG/GAGG,5-10bp,0.377,NODE_25_length_27851_cov_51.014222,mobileOG_000317458_NODE_25_length_27851_cov_51.014222
422,mobileOG_000059987|hup|WP_001043935.1|replication/recombination/repair|integration/excision|Multiple|Homology,NODE_25_length_27851_cov_51.014222_7 # 5164 # 5436 # 1 # ID=25_7;partial=00;start_type=ATG;rbs_motif=GGAG/GAGG;rbs_spacer=5-10bp;gc_cont=0.377,96.7,161,90,2.46e-52,91,1,90,1,90,mobileOG_000059987,hup,WP_001043935.1,replication/recombination/repair,integration/excision,Multiple,Homology,NODE_25_length_27851_cov_51.014222_7, 5164 # 5436 # 1 , 5164,5436,1 ,25_7,25,7,00,ATG,GGAG/GAGG,5-10bp,0.377,NODE_25_length_27851_cov_51.014222,mobileOG_000059987_NODE_25_length_27851_cov_51.014222
423,mobileOG_000341216|hup|WP_086398080.1|replication/recombination/repair|integration/excision|Plasmid RefSeq|Homology,NODE_25_length_27851_cov_51.014222_7 # 5164 # 5436 # 1 # ID=25_7;partial=00;start_type=ATG;rbs_motif=GGAG/GAGG;rbs_spacer=5-10bp;gc_cont=0.377,98.9,161,90,2.46e-52,91,1,90,1,90,mobileOG_000341216,hup,WP_086398080.1,replication/recombination/repair,integration/excision,Plasmid RefSeq,Homology,NODE_25_length_27851_cov_51.014222_7, 5164 # 5436 # 1 , 5164,5436,1 ,25_7,25,7,00,ATG,GGAG/GAGG,5-10bp,0.377,NODE_25_length_27851_cov_51.014222,mobileOG_000341216_NODE_25_length_27851_cov_51.014222
424,mobileOG_000277909|hup|WP_001043943.1|replication/recombination/repair|integration/excision|Multiple|Homology,NODE_25_length_27851_cov_51.014222_7 # 5164 # 5436 # 1 # ID=25_7;partial=00;start_type=ATG;rbs_motif=GGAG/GAGG;rbs_spacer=5-10bp;gc_cont=0.377,97.8,160,90,4.96e-52,91,1,90,1,90,mobileOG_000277909,hup,WP_001043943.1,replication/recombination/repair,integration/excision,Multiple,Homology,NODE_25_length_27851_cov_51.014222_7, 5164 # 5436 # 1 , 5164,5436,1 ,25_7,25,7,00,ATG,GGAG/GAGG,5-10bp,0.377,NODE_25_length_27851_cov_51.014222,mobileOG_000277909_NODE_25_length_27851_cov_51.014222
425,mobileOG_000306924|hup|WP_050845355.1|replication/recombination/repair|integration/excision|Multiple|Homology,NODE_25_length_27851_cov_51.014222_7 # 5164 # 5436 # 1 # ID=25_7;partial=00;start_type=ATG;rbs_motif=GGAG/GAGG;rbs_spacer=5-10bp;gc_cont=0.377,96.7,160,90,4.96e-52,91,1,90,1,90,mobileOG_000306924,hup,WP_050845355.1,replication/recombination/repair,integration/excision,Multiple,Homology,NODE_25_length_27851_cov_51.014222_7, 5164 # 5436 # 1 , 5164,5436,1 ,25_7,25,7,00,ATG,GGAG/GAGG,5-10bp,0.377,NODE_25_length_27851_cov_51.014222,mobileOG_000306924_NODE_25_length_27851_cov_51.014222
426,mobileOG_000052235|hup|WP_040120021.1|replication/recombination/repair|integration/excision|Multiple|Homology,NODE_25_length_27851_cov_51.014222_7 # 5164 # 5436 # 1 # ID=25_7;partial=00;start_type=ATG;rbs_motif=GGAG/GAGG;rbs_spacer=5-10bp;gc_cont=0.377,95.6,160,90,7.05e-52,91,1,90,1,90,mobileOG_000052235,hup,WP_040120021.1,replication/recombination/repair,integration/excision,Multiple,Homology,NODE_25_length_27851_cov_51.014222_7, 5164 # 5436 # 1 , 5164,5436,1 ,25_7,25,7,00,ATG,GGAG/GAGG,5-10bp,0.377,NODE_25_length_27851_cov_51.014222,mobileOG_000052235_NODE_25_length_27851_cov_51.014222
427,mobileOG_000065887|hup|WP_063549769.1|replication/recombination/repair|integration/excision|Multiple|Homology,NODE_25_length_27851_cov_51.014222_7 # 5164 # 5436 # 1 # ID=25_7;partial=00;start_type=ATG;rbs_motif=GGAG/GAGG;rbs_spacer=5-10bp;gc_cont=0.377,98.9,160,90,7.05e-52,91,1,90,1,90,mobileOG_000065887,hup,WP_063549769.1,replication/recombination/repair,integration/excision,Multiple,Homology,NODE_25_length_27851_cov_51.014222_7, 5164 # 5436 # 1 , 5164,5436,1 ,25_7,25,7,00,ATG,GGAG/GAGG,5-10bp,0.377,NODE_25_length_27851_cov_51.014222,mobileOG_000065887_NODE_25_length_27851_cov_51.014222
428,mobileOG_000300986|hup|WP_061885175.1|replication/recombination/repair|integration/excision|Multiple|Homology,NODE_25_length_27851_cov_51.014222_7 # 5164 # 5436 # 1 # ID=25_7;partial=00;start_type=ATG;rbs_motif=GGAG/GAGG;rbs_spacer=5-10bp;gc_cont=0.377,95.6,160,90,7.05e-52,91,1,90,1,90,mobileOG_000300986,hup,WP_061885175.1,replication/recombination/repair,integration/excision,Multiple,Homology,NODE_25_length_27851_cov_51.014222_7, 5164 # 5436 # 1 , 5164,5436,1 ,25_7,25,7,00,ATG,GGAG/GAGG,5-10bp,0.377,NODE_25_length_27851_cov_51.014222,mobileOG_000300986_NODE_25_length_27851_cov_51.014222
429,mobileOG_000305495|hup|WP_079246479.1|replication/recombination/repair|integration/excision|Multiple|Homology,NODE_25_length_27851_cov_51.014222_7 # 5164 # 5436 # 1 # ID=25_7;partial=00;start_type=ATG;rbs_motif=GGAG/GAGG;rbs_spacer=5-10bp;gc_cont=0.377,96.7,160,90,7.05e-52,91,1,90,1,90,mobileOG_000305495,hup,WP_079246479.1,replication/recombination/repair,integration/excision,Multiple,Homology,NODE_25_length_27851_cov_51.014222_7, 5164 # 5436 # 1 , 5164,5436,1 ,25_7,25,7,00,ATG,GGAG/GAGG,5-10bp,0.377,NODE_25_length_27851_cov_51.014222,mobileOG_000305495_NODE_25_length_27851_cov_51.014222
430,mobileOG_000304603|hup|A0A150EIG6|replication/recombination/repair|integration/excision|Plasmid RefSeq|Homology,NODE_25_length_27851_cov_51.014222_7 # 5164 # 5436 # 1 # ID=25_7;partial=00;start_type=ATG;rbs_motif=GGAG/GAGG;rbs_spacer=5-10bp;gc_cont=0.377,96.7,160,90,7.05e-52,91,1,90,1,90,mobileOG_000304603,hup,A0A150EIG6,replication/recombination/repair,integration/excision,Plasmid RefSeq,Homology,NODE_25_length_27851_cov_51.014222_7, 5164 # 5436 # 1 , 5164,5436,1 ,25_7,25,7,00,ATG,GGAG/GAGG,5-10bp,0.377,NODE_25_length_27851_cov_51.014222,mobileOG_000304603_NODE_25_length_27851_cov_51.014222
431,mobileOG_000337298|hup|WP_087965357.1|replication/recombination/repair|integration/excision|Plasmid RefSeq|Homology,NODE_25_length_27851_cov_51.014222_7 # 5164 # 5436 # 1 # ID=25_7;partial=00;start_type=ATG;rbs_motif=GGAG/GAGG;rbs_spacer=5-10bp;gc_cont=0.377,96.7,160,90,7.05e-52,91,1,90,1,90,mobileOG_000337298,hup,WP_087965357.1,replication/recombination/repair,integration/excision,Plasmid RefSeq,Homology,NODE_25_length_27851_cov_51.014222_7, 5164 # 5436 # 1 , 5164,5436,1 ,25_7,25,7,00,ATG,GGAG/GAGG,5-10bp,0.377,NODE_25_length_27851_cov_51.014222,mobileOG_000337298_NODE_25_length_27851_cov_51.014222
432,mobileOG_000284526|dinB|A0A4R4AXH3|replication/recombination/repair|NA|Plasmid RefSeq|Homology,NODE_25_length_27851_cov_51.014222_12 # 8694 # 9206 # 1 # ID=25_12;partial=00;start_type=GTG;rbs_motif=GGAG/GAGG;rbs_spacer=5-10bp;gc_cont=0.339,91.8,317,421,9.76e-108,171,1,170,1,170,mobileOG_000284526,dinB,A0A4R4AXH3,replication/recombination/repair,NA,Plasmid RefSeq,Homology,NODE_25_length_27851_cov_51.014222_12, 8694 # 9206 # 1 , 8694,9206,1 ,25_12,25,12,00,GTG,GGAG/GAGG,5-10bp,0.339,NODE_25_length_27851_cov_51.014222,mobileOG_000284526_NODE_25_length_27851_cov_51.014222
433,mobileOG_000314287|dinB|WP_000272558.1|replication/recombination/repair|NA|Multiple|Homology,NODE_25_length_27851_cov_51.014222_12 # 8694 # 9206 # 1 # ID=25_12;partial=00;start_type=GTG;rbs_motif=GGAG/GAGG;rbs_spacer=5-10bp;gc_cont=0.339,91.2,313,421,2.25e-106,171,1,170,1,170,mobileOG_000314287,dinB,WP_000272558.1,replication/recombination/repair,NA,Multiple,Homology,NODE_25_length_27851_cov_51.014222_12, 8694 # 9206 # 1 , 8694,9206,1 ,25_12,25,12,00,GTG,GGAG/GAGG,5-10bp,0.339,NODE_25_length_27851_cov_51.014222,mobileOG_000314287_NODE_25_length_27851_cov_51.014222
434,mobileOG_000317655|dinB|WP_044798452.1|replication/recombination/repair|NA|Multiple|Homology,NODE_25_length_27851_cov_51.014222_12 # 8694 # 9206 # 1 # ID=25_12;partial=00;start_type=GTG;rbs_motif=GGAG/GAGG;rbs_spacer=5-10bp;gc_cont=0.339,90.6,313,421,4.52e-106,171,1,170,1,170,mobileOG_000317655,dinB,WP_044798452.1,replication/recombination/repair,NA,Multiple,Homology,NODE_25_length_27851_cov_51.014222_12, 8694 # 9206 # 1 , 8694,9206,1 ,25_12,25,12,00,GTG,GGAG/GAGG,5-10bp,0.339,NODE_25_length_27851_cov_51.014222,mobileOG_000317655_NODE_25_length_27851_cov_51.014222
435,mobileOG_000314530|dinB|R8JVC7|replication/recombination/repair|NA|Plasmid RefSeq|Homology,NODE_25_length_27851_cov_51.014222_12 # 8694 # 9206 # 1 # ID=25_12;partial=00;start_type=GTG;rbs_motif=GGAG/GAGG;rbs_spacer=5-10bp;gc_cont=0.339,90.6,313,421,4.52e-106,171,1,170,1,170,mobileOG_000314530,dinB,R8JVC7,replication/recombination/repair,NA,Plasmid RefSeq,Homology,NODE_25_length_27851_cov_51.014222_12, 8694 # 9206 # 1 , 8694,9206,1 ,25_12,25,12,00,GTG,GGAG/GAGG,5-10bp,0.339,NODE_25_length_27851_cov_51.014222,mobileOG_000314530_NODE_25_length_27851_cov_51.014222
436,mobileOG_000314447|dinB|A0A242YZ49|replication/recombination/repair|NA|Multiple|Homology,NODE_25_length_27851_cov_51.014222_12 # 8694 # 9206 # 1 # ID=25_12;partial=00;start_type=GTG;rbs_motif=GGAG/GAGG;rbs_spacer=5-10bp;gc_cont=0.339,90.6,312,421,9.08e-106,171,1,170,1,170,mobileOG_000314447,dinB,A0A242YZ49,replication/recombination/repair,NA,Multiple,Homology,NODE_25_length_27851_cov_51.014222_12, 8694 # 9206 # 1 , 8694,9206,1 ,25_12,25,12,00,GTG,GGAG/GAGG,5-10bp,0.339,NODE_25_length_27851_cov_51.014222,mobileOG_000314447_NODE_25_length_27851_cov_51.014222
437,mobileOG_000314425|dinB|WP_063549511.1|replication/recombination/repair|NA|Plasmid RefSeq|Homology,NODE_25_length_27851_cov_51.014222_12 # 8694 # 9206 # 1 # ID=25_12;partial=00;start_type=GTG;rbs_motif=GGAG/GAGG;rbs_spacer=5-10bp;gc_cont=0.339,90.0,311,421,1.29e-105,171,1,170,1,170,mobileOG_000314425,dinB,WP_063549511.1,replication/recombination/repair,NA,Plasmid RefSeq,Homology,NODE_25_length_27851_cov_51.014222_12, 8694 # 9206 # 1 , 8694,9206,1 ,25_12,25,12,00,GTG,GGAG/GAGG,5-10bp,0.339,NODE_25_length_27851_cov_51.014222,mobileOG_000314425_NODE_25_length_27851_cov_51.014222
438,mobileOG_000314522|dinB|WP_103622527.1|replication/recombination/repair|NA|Plasmid RefSeq|Homology,NODE_25_length_27851_cov_51.014222_12 # 8694 # 9206 # 1 # ID=25_12;partial=00;start_type=GTG;rbs_motif=GGAG/GAGG;rbs_spacer=5-10bp;gc_cont=0.339,90.0,311,421,1.82e-105,171,1,170,1,170,mobileOG_000314522,dinB,WP_103622527.1,replication/recombination/repair,NA,Plasmid RefSeq,Homology,NODE_25_length_27851_cov_51.014222_12, 8694 # 9206 # 1 , 8694,9206,1 ,25_12,25,12,00,GTG,GGAG/GAGG,5-10bp,0.339,NODE_25_length_27851_cov_51.014222,mobileOG_000314522_NODE_25_length_27851_cov_51.014222
439,mobileOG_000314310|dinB|WP_001996249.1|replication/recombination/repair|NA|Multiple|Homology,NODE_25_length_27851_cov_51.014222_12 # 8694 # 9206 # 1 # ID=25_12;partial=00;start_type=GTG;rbs_motif=GGAG/GAGG;rbs_spacer=5-10bp;gc_cont=0.339,90.0,310,421,3.66e-105,171,1,170,1,170,mobileOG_000314310,dinB,WP_001996249.1,replication/recombination/repair,NA,Multiple,Homology,NODE_25_length_27851_cov_51.014222_12, 8694 # 9206 # 1 , 8694,9206,1 ,25_12,25,12,00,GTG,GGAG/GAGG,5-10bp,0.339,NODE_25_length_27851_cov_51.014222,mobileOG_000314310_NODE_25_length_27851_cov_51.014222
440,mobileOG_000337997|ndoA_1|WP_003253417.1|stability/transfer/defense|NA|Multiple|Homology,NODE_26_length_21494_cov_64.674371_3 # 4436 # 4786 # -1 # ID=26_3;partial=00;start_type=TTG;rbs_motif=None;rbs_spacer=None;gc_cont=0.396,95.7,216,116,2.50e-73,117,1,116,1,116,mobileOG_000337997,ndoA_1,WP_003253417.1,stability/transfer/defense,NA,Multiple,Homology,NODE_26_length_21494_cov_64.674371_3, 4436 # 4786 # -1 , 4436,4786,-1 ,26_3,26,3,00,TTG,None,None,0.396,NODE_26_length_21494_cov_64.674371,mobileOG_000337997_NODE_26_length_21494_cov_64.674371
441,"mobileOG_000006918|groEL|A0A0G3E520|phage|replication,chaperone|GPD|Manual",NODE_27_length_15689_cov_65.634064_5 # 6284 # 7918 # -1 # ID=27_5;partial=00;start_type=ATG;rbs_motif=AGxAGG/AGGxGG;rbs_spacer=5-10bp;gc_cont=0.419,99.8,968,544,0.0,545,1,529,1,529,mobileOG_000006918,groEL,A0A0G3E520,phage,"replication,chaperone",GPD,Manual,NODE_27_length_15689_cov_65.634064_5, 6284 # 7918 # -1 , 6284,7918,-1 ,27_5,27,5,00,ATG,AGxAGG/AGGxGG,5-10bp,0.419,NODE_27_length_15689_cov_65.634064,mobileOG_000006918_NODE_27_length_15689_cov_65.634064
442,mobileOG_000100345|groS|A0A2A2NYR2|phage|structural|GPD|Homology,NODE_27_length_15689_cov_65.634064_6 # 7957 # 8241 # -1 # ID=27_6;partial=00;start_type=ATG;rbs_motif=AGGAG;rbs_spacer=5-10bp;gc_cont=0.396,100,180,94,1.10e-59,95,1,94,1,94,mobileOG_000100345,groS,A0A2A2NYR2,phage,structural,GPD,Homology,NODE_27_length_15689_cov_65.634064_6, 7957 # 8241 # -1 , 7957,8241,-1 ,27_6,27,6,00,ATG,AGGAG,5-10bp,0.396,NODE_27_length_15689_cov_65.634064,mobileOG_000100345_NODE_27_length_15689_cov_65.634064
443,mobileOG_000457000|NA:Keyword|A0A2B2LSI7|transfer|NA|GPD|Keyword Search,NODE_27_length_15689_cov_65.634064_7 # 8632 # 9381 # 1 # ID=27_7;partial=00;start_type=TTG;rbs_motif=AGGA/GGAG/GAGG;rbs_spacer=11-12bp;gc_cont=0.367,92.4,449,249,3.29e-161,250,1,249,1,249,mobileOG_000457000,NA:Keyword,A0A2B2LSI7,transfer,NA,GPD,Keyword Search,NODE_27_length_15689_cov_65.634064_7, 8632 # 9381 # 1 , 8632,9381,1 ,27_7,27,7,00,TTG,AGGA/GGAG/GAGG,11-12bp,0.367,NODE_27_length_15689_cov_65.634064,mobileOG_000457000_NODE_27_length_15689_cov_65.634064
444,mobileOG_000006919|rex|A0A0G3DYA6|stability/transfer/defense|phage defense|GPD|Manual,NODE_27_length_15689_cov_65.634064_9 # 9599 # 10228 # -1 # ID=27_9;partial=00;start_type=ATG;rbs_motif=AGGAG;rbs_spacer=5-10bp;gc_cont=0.352,100,410,209,3.84e-147,210,1,209,1,209,mobileOG_000006919,rex,A0A0G3DYA6,stability/transfer/defense,phage defense,GPD,Manual,NODE_27_length_15689_cov_65.634064_9, 9599 # 10228 # -1 , 9599,10228,-1 ,27_9,27,9,00,ATG,AGGAG,5-10bp,0.352,NODE_27_length_15689_cov_65.634064,mobileOG_000006919_NODE_27_length_15689_cov_65.634064
445,"mobileOG_000761281|NA:Keyword|Q81A81|replication/recombination/repair|initiation,copy number control,plasmid|ACLAME|Keyword Search",NODE_29_length_13377_cov_37.033910_4 # 1421 # 2287 # -1 # ID=29_4;partial=00;start_type=ATG;rbs_motif=GGAG/GAGG;rbs_spacer=5-10bp;gc_cont=0.348,95.5,533,290,4.21e-193,289,1,290,1,288,mobileOG_000761281,NA:Keyword,Q81A81,replication/recombination/repair,"initiation,copy number control,plasmid",ACLAME,Keyword Search,NODE_29_length_13377_cov_37.033910_4, 1421 # 2287 # -1 , 1421,2287,-1 ,29_4,29,4,00,ATG,GGAG/GAGG,5-10bp,0.348,NODE_29_length_13377_cov_37.033910,mobileOG_000761281_NODE_29_length_13377_cov_37.033910
446,mobileOG_000761280|NA:Keyword|Q81A80|phage|regulation|ACLAME|Keyword Search,NODE_29_length_13377_cov_37.033910_6 # 2646 # 3404 # -1 # ID=29_6;partial=00;start_type=ATG;rbs_motif=AGGAG;rbs_spacer=5-10bp;gc_cont=0.331,98.4,489,252,5.81e-177,253,1,252,1,252,mobileOG_000761280,NA:Keyword,Q81A80,phage,regulation,ACLAME,Keyword Search,NODE_29_length_13377_cov_37.033910_6, 2646 # 3404 # -1 , 2646,3404,-1 ,29_6,29,6,00,ATG,AGGAG,5-10bp,0.331,NODE_29_length_13377_cov_37.033910,mobileOG_000761280_NODE_29_length_13377_cov_37.033910
447,"mobileOG_000039258|lexA_4|A0A1J9WEE7|phage|infection,regulation|ACLAME|Homology",NODE_29_length_13377_cov_37.033910_8 # 3962 # 4681 # 1 # ID=29_8;partial=00;start_type=ATG;rbs_motif=None;rbs_spacer=None;gc_cont=0.350,98.6,419,219,1.16e-149,240,1,219,21,239,mobileOG_000039258,lexA_4,A0A1J9WEE7,phage,"infection,regulation",ACLAME,Homology,NODE_29_length_13377_cov_37.033910_8, 3962 # 4681 # 1 , 3962,4681,1 ,29_8,29,8,00,ATG,None,None,0.350,NODE_29_length_13377_cov_37.033910,mobileOG_000039258_NODE_29_length_13377_cov_37.033910
448,mobileOG_000731153|NA:Keyword|A0A150CCA1|integration/excision|NA|Plasmid RefSeq|Keyword Search,NODE_37_length_1289_cov_61.058581_1 # 70 # 378 # 1 # ID=37_1;partial=00;start_type=ATG;rbs_motif=GGAG/GAGG;rbs_spacer=5-10bp;gc_cont=0.317,91.2,178,102,1.61e-58,103,1,102,1,102,mobileOG_000731153,NA:Keyword,A0A150CCA1,integration/excision,NA,Plasmid RefSeq,Keyword Search,NODE_37_length_1289_cov_61.058581_1, 70 # 378 # 1 , 70,378,1 ,37_1,37,1,00,ATG,GGAG/GAGG,5-10bp,0.317,NODE_37_length_1289_cov_61.058581,mobileOG_000731153_NODE_37_length_1289_cov_61.058581
449,mobileOG_000749095|NA:Keyword|WP_149217112.1|integration/excision|NA|Plasmid RefSeq|Keyword Search,NODE_37_length_1289_cov_61.058581_2 # 423 # 1241 # 1 # ID=37_2;partial=00;start_type=TTG;rbs_motif=None;rbs_spacer=None;gc_cont=0.324,99.6,553,313,1.23e-200,273,42,313,1,272,mobileOG_000749095,NA:Keyword,WP_149217112.1,integration/excision,NA,Plasmid RefSeq,Keyword Search,NODE_37_length_1289_cov_61.058581_2, 423 # 1241 # 1 , 423,1241,1 ,37_2,37,2,00,TTG,None,None,0.324,NODE_37_length_1289_cov_61.058581,mobileOG_000749095_NODE_37_length_1289_cov_61.058581
450,mobileOG_000750454|NA:Keyword|WP_129542632.1|integration/excision|NA|Plasmid RefSeq|Keyword Search,NODE_37_length_1289_cov_61.058581_2 # 423 # 1241 # 1 # ID=37_2;partial=00;start_type=TTG;rbs_motif=None;rbs_spacer=None;gc_cont=0.324,98.2,545,313,1.95e-197,273,42,313,1,272,mobileOG_000750454,NA:Keyword,WP_129542632.1,integration/excision,NA,Plasmid RefSeq,Keyword Search,NODE_37_length_1289_cov_61.058581_2, 423 # 1241 # 1 , 423,1241,1 ,37_2,37,2,00,TTG,None,None,0.324,NODE_37_length_1289_cov_61.058581,mobileOG_000750454_NODE_37_length_1289_cov_61.058581
451,mobileOG_000731156|NA:Keyword|A0A5M8RXK5|integration/excision|NA|Plasmid RefSeq|Keyword Search,NODE_37_length_1289_cov_61.058581_2 # 423 # 1241 # 1 # ID=37_2;partial=00;start_type=TTG;rbs_motif=None;rbs_spacer=None;gc_cont=0.324,94.5,521,309,4.74e-188,273,42,309,1,272,mobileOG_000731156,NA:Keyword,A0A5M8RXK5,integration/excision,NA,Plasmid RefSeq,Keyword Search,NODE_37_length_1289_cov_61.058581_2, 423 # 1241 # 1 , 423,1241,1 ,37_2,37,2,00,TTG,None,None,0.324,NODE_37_length_1289_cov_61.058581,mobileOG_000731156_NODE_37_length_1289_cov_61.058581
452,mobileOG_000414889|NA:Keyword|WP_129542632.1|integration/excision|NA|COMPASS|Keyword Search,NODE_37_length_1289_cov_61.058581_2 # 423 # 1241 # 1 # ID=37_2;partial=00;start_type=TTG;rbs_motif=None;rbs_spacer=None;gc_cont=0.324,98.4,491,246,3.65e-177,273,1,246,27,272,mobileOG_000414889,NA:Keyword,WP_129542632.1,integration/excision,NA,COMPASS,Keyword Search,NODE_37_length_1289_cov_61.058581_2, 423 # 1241 # 1 , 423,1241,1 ,37_2,37,2,00,TTG,None,None,0.324,NODE_37_length_1289_cov_61.058581,mobileOG_000414889_NODE_37_length_1289_cov_61.058581
453,mobileOG_000062368|tnpB|WP_040120032.1|integration/excision|NA|Multiple|Homology,NODE_39_length_590_cov_153.083821_1 # 192 # 590 # 1 # ID=39_1;partial=01;start_type=ATG;rbs_motif=GGAGG;rbs_spacer=5-10bp;gc_cont=0.366,100,268,373,8.05e-90,133,1,133,1,133,mobileOG_000062368,tnpB,WP_040120032.1,integration/excision,NA,Multiple,Homology,NODE_39_length_590_cov_153.083821_1, 192 # 590 # 1 , 192,590,1 ,39_1,39,1,01,ATG,GGAGG,5-10bp,0.366,NODE_39_length_590_cov_153.083821,mobileOG_000062368_NODE_39_length_590_cov_153.083821
454,mobileOG_000054234|tnpB|WP_000586180.1|integration/excision|NA|COMPASS|Homology,NODE_39_length_590_cov_153.083821_1 # 192 # 590 # 1 # ID=39_1;partial=01;start_type=ATG;rbs_motif=GGAGG;rbs_spacer=5-10bp;gc_cont=0.366,97.0,263,270,4.18e-89,133,1,133,1,133,mobileOG_000054234,tnpB,WP_000586180.1,integration/excision,NA,COMPASS,Homology,NODE_39_length_590_cov_153.083821_1, 192 # 590 # 1 , 192,590,1 ,39_1,39,1,01,ATG,GGAGG,5-10bp,0.366,NODE_39_length_590_cov_153.083821,mobileOG_000054234_NODE_39_length_590_cov_153.083821
455,mobileOG_000057309|tnpB|WP_000586190.1|integration/excision|NA|Multiple|Homology,NODE_39_length_590_cov_153.083821_1 # 192 # 590 # 1 # ID=39_1;partial=01;start_type=ATG;rbs_motif=GGAGG;rbs_spacer=5-10bp;gc_cont=0.366,99.2,265,373,1.31e-88,133,1,133,1,133,mobileOG_000057309,tnpB,WP_000586190.1,integration/excision,NA,Multiple,Homology,NODE_39_length_590_cov_153.083821_1, 192 # 590 # 1 , 192,590,1 ,39_1,39,1,01,ATG,GGAGG,5-10bp,0.366,NODE_39_length_590_cov_153.083821,mobileOG_000057309_NODE_39_length_590_cov_153.083821
456,mobileOG_000298071|tnpB|WP_151909503.1|integration/excision|NA|Plasmid RefSeq|Homology,NODE_39_length_590_cov_153.083821_1 # 192 # 590 # 1 # ID=39_1;partial=01;start_type=ATG;rbs_motif=GGAGG;rbs_spacer=5-10bp;gc_cont=0.366,99.2,265,373,1.31e-88,133,1,133,1,133,mobileOG_000298071,tnpB,WP_151909503.1,integration/excision,NA,Plasmid RefSeq,Homology,NODE_39_length_590_cov_153.083821_1, 192 # 590 # 1 , 192,590,1 ,39_1,39,1,01,ATG,GGAGG,5-10bp,0.366,NODE_39_length_590_cov_153.083821,mobileOG_000298071_NODE_39_length_590_cov_153.083821
457,mobileOG_000056318|tnpB|WP_000973292.1|integration/excision|NA|Multiple|Homology,NODE_39_length_590_cov_153.083821_1 # 192 # 590 # 1 # ID=39_1;partial=01;start_type=ATG;rbs_motif=GGAGG;rbs_spacer=5-10bp;gc_cont=0.366,98.5,264,373,3.73e-88,133,1,133,1,133,mobileOG_000056318,tnpB,WP_000973292.1,integration/excision,NA,Multiple,Homology,NODE_39_length_590_cov_153.083821_1, 192 # 590 # 1 , 192,590,1 ,39_1,39,1,01,ATG,GGAGG,5-10bp,0.366,NODE_39_length_590_cov_153.083821,mobileOG_000056318_NODE_39_length_590_cov_153.083821
458,mobileOG_000063510|tnpB|WP_015406689.1|integration/excision|NA|Multiple|Homology,NODE_39_length_590_cov_153.083821_1 # 192 # 590 # 1 # ID=39_1;partial=01;start_type=ATG;rbs_motif=GGAGG;rbs_spacer=5-10bp;gc_cont=0.366,98.5,263,373,5.28e-88,133,1,133,1,133,mobileOG_000063510,tnpB,WP_015406689.1,integration/excision,NA,Multiple,Homology,NODE_39_length_590_cov_153.083821_1, 192 # 590 # 1 , 192,590,1 ,39_1,39,1,01,ATG,GGAGG,5-10bp,0.366,NODE_39_length_590_cov_153.083821,mobileOG_000063510_NODE_39_length_590_cov_153.083821
459,mobileOG_000297996|tnpB|WP_015406689.1|integration/excision|NA|Plasmid RefSeq|Homology,NODE_39_length_590_cov_153.083821_1 # 192 # 590 # 1 # ID=39_1;partial=01;start_type=ATG;rbs_motif=GGAGG;rbs_spacer=5-10bp;gc_cont=0.366,98.5,263,373,5.28e-88,133,1,133,1,133,mobileOG_000297996,tnpB,WP_015406689.1,integration/excision,NA,Plasmid RefSeq,Homology,NODE_39_length_590_cov_153.083821_1, 192 # 590 # 1 , 192,590,1 ,39_1,39,1,01,ATG,GGAGG,5-10bp,0.366,NODE_39_length_590_cov_153.083821,mobileOG_000297996_NODE_39_length_590_cov_153.083821
460,mobileOG_000070235|tnpB|WP_063538750.1|integration/excision|NA|COMPASS|Homology,NODE_39_length_590_cov_153.083821_1 # 192 # 590 # 1 # ID=39_1;partial=01;start_type=ATG;rbs_motif=GGAGG;rbs_spacer=5-10bp;gc_cont=0.366,97.7,261,317,7.64e-88,133,1,133,1,133,mobileOG_000070235,tnpB,WP_063538750.1,integration/excision,NA,COMPASS,Homology,NODE_39_length_590_cov_153.083821_1, 192 # 590 # 1 , 192,590,1 ,39_1,39,1,01,ATG,GGAGG,5-10bp,0.366,NODE_39_length_590_cov_153.083821,mobileOG_000070235_NODE_39_length_590_cov_153.083821
461,mobileOG_000065883|tnpB|WP_063549489.1|integration/excision|NA|Multiple|Homology,NODE_39_length_590_cov_153.083821_1 # 192 # 590 # 1 # ID=39_1;partial=01;start_type=ATG;rbs_motif=GGAGG;rbs_spacer=5-10bp;gc_cont=0.366,97.7,263,373,1.06e-87,133,1,133,1,133,mobileOG_000065883,tnpB,WP_063549489.1,integration/excision,NA,Multiple,Homology,NODE_39_length_590_cov_153.083821_1, 192 # 590 # 1 , 192,590,1 ,39_1,39,1,01,ATG,GGAGG,5-10bp,0.366,NODE_39_length_590_cov_153.083821,mobileOG_000065883_NODE_39_length_590_cov_153.083821
462,mobileOG_000297670|tnpB|WP_000586180.1|integration/excision|NA|Multiple|Homology,NODE_39_length_590_cov_153.083821_1 # 192 # 590 # 1 # ID=39_1;partial=01;start_type=ATG;rbs_motif=GGAGG;rbs_spacer=5-10bp;gc_cont=0.366,97.0,263,373,1.06e-87,133,1,133,1,133,mobileOG_000297670,tnpB,WP_000586180.1,integration/excision,NA,Multiple,Homology,NODE_39_length_590_cov_153.083821_1, 192 # 590 # 1 , 192,590,1 ,39_1,39,1,01,ATG,GGAGG,5-10bp,0.366,NODE_39_length_590_cov_153.083821,mobileOG_000297670_NODE_39_length_590_cov_153.083821
463,mobileOG_000056315|tnpB|WP_000973290.1|integration/excision|NA|Multiple|Homology,NODE_39_length_590_cov_153.083821_1 # 192 # 590 # 1 # ID=39_1;partial=01;start_type=ATG;rbs_motif=GGAGG;rbs_spacer=5-10bp;gc_cont=0.366,97.7,262,373,1.50e-87,133,1,133,1,133,mobileOG_000056315,tnpB,WP_000973290.1,integration/excision,NA,Multiple,Homology,NODE_39_length_590_cov_153.083821_1, 192 # 590 # 1 , 192,590,1 ,39_1,39,1,01,ATG,GGAGG,5-10bp,0.366,NODE_39_length_590_cov_153.083821,mobileOG_000056315_NODE_39_length_590_cov_153.083821
464,mobileOG_000297956|tnpB|WP_089149150.1|integration/excision|NA|Plasmid RefSeq|Homology,NODE_39_length_590_cov_153.083821_1 # 192 # 590 # 1 # ID=39_1;partial=01;start_type=ATG;rbs_motif=GGAGG;rbs_spacer=5-10bp;gc_cont=0.366,97.0,262,373,1.50e-87,133,1,133,1,133,mobileOG_000297956,tnpB,WP_089149150.1,integration/excision,NA,Plasmid RefSeq,Homology,NODE_39_length_590_cov_153.083821_1, 192 # 590 # 1 , 192,590,1 ,39_1,39,1,01,ATG,GGAGG,5-10bp,0.366,NODE_39_length_590_cov_153.083821,mobileOG_000297956_NODE_39_length_590_cov_153.083821
465,mobileOG_000298063|tnpB|WP_149216882.1|integration/excision|NA|Plasmid RefSeq|Homology,NODE_39_length_590_cov_153.083821_1 # 192 # 590 # 1 # ID=39_1;partial=01;start_type=ATG;rbs_motif=GGAGG;rbs_spacer=5-10bp;gc_cont=0.366,97.7,262,373,1.50e-87,133,1,133,1,133,mobileOG_000298063,tnpB,WP_149216882.1,integration/excision,NA,Plasmid RefSeq,Homology,NODE_39_length_590_cov_153.083821_1, 192 # 590 # 1 , 192,590,1 ,39_1,39,1,01,ATG,GGAGG,5-10bp,0.366,NODE_39_length_590_cov_153.083821,mobileOG_000298063_NODE_39_length_590_cov_153.083821
466,mobileOG_000036338|tnpB|WP_000973292.1|integration/excision|NA|ACLAME|Homology,NODE_39_length_590_cov_153.083821_1 # 192 # 590 # 1 # ID=39_1;partial=01;start_type=ATG;rbs_motif=GGAGG;rbs_spacer=5-10bp;gc_cont=0.366,98.5,262,372,2.06e-87,133,1,132,2,133,mobileOG_000036338,tnpB,WP_000973292.1,integration/excision,NA,ACLAME,Homology,NODE_39_length_590_cov_153.083821_1, 192 # 590 # 1 , 192,590,1 ,39_1,39,1,01,ATG,GGAGG,5-10bp,0.366,NODE_39_length_590_cov_153.083821,mobileOG_000036338_NODE_39_length_590_cov_153.083821
467,mobileOG_000298081|tnpB|WP_157408163.1|integration/excision|NA|Plasmid RefSeq|Homology,NODE_39_length_590_cov_153.083821_1 # 192 # 590 # 1 # ID=39_1;partial=01;start_type=ATG;rbs_motif=GGAGG;rbs_spacer=5-10bp;gc_cont=0.366,97.7,262,373,2.13e-87,133,1,133,1,133,mobileOG_000298081,tnpB,WP_157408163.1,integration/excision,NA,Plasmid RefSeq,Homology,NODE_39_length_590_cov_153.083821_1, 192 # 590 # 1 , 192,590,1 ,39_1,39,1,01,ATG,GGAGG,5-10bp,0.366,NODE_39_length_590_cov_153.083821,mobileOG_000298081_NODE_39_length_590_cov_153.083821
