,Sequence Title,Query Title,Pident,Bitscore,Subject Sequence Length,e-value,Query Sequence Length,Start of Alignment in Subject,End of Alignment in Query,Start of Alignment in Query,End of Alignment in Query,mobileOG ID,Gene Name,Best Hit Accession ID,Major mobileOG Category,Minor mobileOG Category,Source Database,Evidence Type,Contig/ORF Name,ORF_Start_Stop_Strands,ORF_Start,ORF_End,Sense or Antisense Strand,Prodigal ID,Prodigal Designated Contigs,Unique_ORF,Partial Tag,Start Codon,RBS Motif,RBS Spacer,GC Content,Specific Contig,Final Sample Name
0,"mobileOG_000300386|bin3_2|WP_024221658.1|integration/excision|replication,inversion|Plasmid RefSeq|Homology",NODE_1_length_732879_cov_16.146431_9 # 6387 # 6887 # 1 # ID=1_9;partial=00;start_type=ATG;rbs_motif=None;rbs_spacer=None;gc_cont=0.509,94.7,283,213,2.14e-97,167,63,213,16,166,mobileOG_000300386,bin3_2,WP_024221658.1,integration/excision,"replication,inversion",Plasmid RefSeq,Homology,NODE_1_length_732879_cov_16.146431_9, 6387 # 6887 # 1 , 6387,6887,1 ,1_9,1,9,00,ATG,None,None,0.509,NODE_1_length_732879_cov_16.146431,mobileOG_000300386_NODE_1_length_732879_cov_16.146431
1,"mobileOG_000048015|bin3_2|WP_024221658.1|integration/excision|replication,inversion|COMPASS|Homology",NODE_1_length_732879_cov_16.146431_9 # 6387 # 6887 # 1 # ID=1_9;partial=00;start_type=ATG;rbs_motif=None;rbs_spacer=None;gc_cont=0.509,94.7,283,220,2.72e-97,167,70,220,16,166,mobileOG_000048015,bin3_2,WP_024221658.1,integration/excision,"replication,inversion",COMPASS,Homology,NODE_1_length_732879_cov_16.146431_9, 6387 # 6887 # 1 , 6387,6887,1 ,1_9,1,9,00,ATG,None,None,0.509,NODE_1_length_732879_cov_16.146431,mobileOG_000048015_NODE_1_length_732879_cov_16.146431
2,"mobileOG_000300308|bin3_2|A0A0A8VCI9|integration/excision|replication,inversion|Plasmid RefSeq|Homology",NODE_1_length_732879_cov_16.146431_9 # 6387 # 6887 # 1 # ID=1_9;partial=00;start_type=ATG;rbs_motif=None;rbs_spacer=None;gc_cont=0.509,96.0,282,213,4.32e-97,167,63,213,16,166,mobileOG_000300308,bin3_2,A0A0A8VCI9,integration/excision,"replication,inversion",Plasmid RefSeq,Homology,NODE_1_length_732879_cov_16.146431_9, 6387 # 6887 # 1 , 6387,6887,1 ,1_9,1,9,00,ATG,None,None,0.509,NODE_1_length_732879_cov_16.146431,mobileOG_000300308_NODE_1_length_732879_cov_16.146431
3,"mobileOG_000045242|bin3_2|WP_000470628.1|integration/excision|replication,inversion|Multiple|Homology",NODE_1_length_732879_cov_16.146431_9 # 6387 # 6887 # 1 # ID=1_9;partial=00;start_type=ATG;rbs_motif=None;rbs_spacer=None;gc_cont=0.509,94.0,281,213,1.24e-96,167,63,213,16,166,mobileOG_000045242,bin3_2,WP_000470628.1,integration/excision,"replication,inversion",Multiple,Homology,NODE_1_length_732879_cov_16.146431_9, 6387 # 6887 # 1 , 6387,6887,1 ,1_9,1,9,00,ATG,None,None,0.509,NODE_1_length_732879_cov_16.146431,mobileOG_000045242_NODE_1_length_732879_cov_16.146431
4,"mobileOG_000300277|bin3_2|WP_001297617.1|integration/excision|replication,inversion|Multiple|Homology",NODE_1_length_732879_cov_16.146431_9 # 6387 # 6887 # 1 # ID=1_9;partial=00;start_type=ATG;rbs_motif=None;rbs_spacer=None;gc_cont=0.509,94.0,281,213,1.24e-96,167,63,213,16,166,mobileOG_000300277,bin3_2,WP_001297617.1,integration/excision,"replication,inversion",Multiple,Homology,NODE_1_length_732879_cov_16.146431_9, 6387 # 6887 # 1 , 6387,6887,1 ,1_9,1,9,00,ATG,None,None,0.509,NODE_1_length_732879_cov_16.146431,mobileOG_000300277_NODE_1_length_732879_cov_16.146431
5,"mobileOG_000300331|bin3_2|WP_015057124.1|integration/excision|replication,inversion|Multiple|Homology",NODE_1_length_732879_cov_16.146431_9 # 6387 # 6887 # 1 # ID=1_9;partial=00;start_type=ATG;rbs_motif=None;rbs_spacer=None;gc_cont=0.509,94.0,281,213,1.75e-96,167,63,213,16,166,mobileOG_000300331,bin3_2,WP_015057124.1,integration/excision,"replication,inversion",Multiple,Homology,NODE_1_length_732879_cov_16.146431_9, 6387 # 6887 # 1 , 6387,6887,1 ,1_9,1,9,00,ATG,None,None,0.509,NODE_1_length_732879_cov_16.146431,mobileOG_000300331_NODE_1_length_732879_cov_16.146431
6,"mobileOG_000300396|bin3_2|A0A2D0W3J7|integration/excision|replication,inversion|Multiple|Homology",NODE_1_length_732879_cov_16.146431_9 # 6387 # 6887 # 1 # ID=1_9;partial=00;start_type=ATG;rbs_motif=None;rbs_spacer=None;gc_cont=0.509,93.4,280,213,3.54e-96,167,63,213,16,166,mobileOG_000300396,bin3_2,A0A2D0W3J7,integration/excision,"replication,inversion",Multiple,Homology,NODE_1_length_732879_cov_16.146431_9, 6387 # 6887 # 1 , 6387,6887,1 ,1_9,1,9,00,ATG,None,None,0.509,NODE_1_length_732879_cov_16.146431,mobileOG_000300396_NODE_1_length_732879_cov_16.146431
7,"mobileOG_000300675|bin3_2|WP_108703728.1|integration/excision|replication,inversion|Multiple|Homology",NODE_1_length_732879_cov_16.146431_9 # 6387 # 6887 # 1 # ID=1_9;partial=00;start_type=ATG;rbs_motif=None;rbs_spacer=None;gc_cont=0.509,94.0,280,213,3.54e-96,167,63,213,16,166,mobileOG_000300675,bin3_2,WP_108703728.1,integration/excision,"replication,inversion",Multiple,Homology,NODE_1_length_732879_cov_16.146431_9, 6387 # 6887 # 1 , 6387,6887,1 ,1_9,1,9,00,ATG,None,None,0.509,NODE_1_length_732879_cov_16.146431,mobileOG_000300675_NODE_1_length_732879_cov_16.146431
8,"mobileOG_000041403|bin3_2|WP_086368626.1|integration/excision|replication,inversion|Multiple|Homology",NODE_1_length_732879_cov_16.146431_9 # 6387 # 6887 # 1 # ID=1_9;partial=00;start_type=ATG;rbs_motif=None;rbs_spacer=None;gc_cont=0.509,93.4,280,213,5.02e-96,167,63,213,16,166,mobileOG_000041403,bin3_2,WP_086368626.1,integration/excision,"replication,inversion",Multiple,Homology,NODE_1_length_732879_cov_16.146431_9, 6387 # 6887 # 1 , 6387,6887,1 ,1_9,1,9,00,ATG,None,None,0.509,NODE_1_length_732879_cov_16.146431,mobileOG_000041403_NODE_1_length_732879_cov_16.146431
9,"mobileOG_000036933|bin3_2|WP_000470631.1|integration/excision|replication,inversion|Multiple|Homology",NODE_1_length_732879_cov_16.146431_9 # 6387 # 6887 # 1 # ID=1_9;partial=00;start_type=ATG;rbs_motif=None;rbs_spacer=None;gc_cont=0.509,92.7,279,213,7.13e-96,167,63,213,16,166,mobileOG_000036933,bin3_2,WP_000470631.1,integration/excision,"replication,inversion",Multiple,Homology,NODE_1_length_732879_cov_16.146431_9, 6387 # 6887 # 1 , 6387,6887,1 ,1_9,1,9,00,ATG,None,None,0.509,NODE_1_length_732879_cov_16.146431,mobileOG_000036933_NODE_1_length_732879_cov_16.146431
10,"mobileOG_000043870|bin3_2|WP_001705742.1|integration/excision|replication,inversion|Multiple|Homology",NODE_1_length_732879_cov_16.146431_9 # 6387 # 6887 # 1 # ID=1_9;partial=00;start_type=ATG;rbs_motif=None;rbs_spacer=None;gc_cont=0.509,92.7,279,213,7.13e-96,167,63,213,16,166,mobileOG_000043870,bin3_2,WP_001705742.1,integration/excision,"replication,inversion",Multiple,Homology,NODE_1_length_732879_cov_16.146431_9, 6387 # 6887 # 1 , 6387,6887,1 ,1_9,1,9,00,ATG,None,None,0.509,NODE_1_length_732879_cov_16.146431,mobileOG_000043870_NODE_1_length_732879_cov_16.146431
11,"mobileOG_000288139|bin3_2|WP_001297617.1|integration/excision|replication,inversion|Plasmid RefSeq|Homology",NODE_1_length_732879_cov_16.146431_9 # 6387 # 6887 # 1 # ID=1_9;partial=00;start_type=ATG;rbs_motif=None;rbs_spacer=None;gc_cont=0.509,93.4,279,213,7.13e-96,167,63,213,16,166,mobileOG_000288139,bin3_2,WP_001297617.1,integration/excision,"replication,inversion",Plasmid RefSeq,Homology,NODE_1_length_732879_cov_16.146431_9, 6387 # 6887 # 1 , 6387,6887,1 ,1_9,1,9,00,ATG,None,None,0.509,NODE_1_length_732879_cov_16.146431,mobileOG_000288139_NODE_1_length_732879_cov_16.146431
12,"mobileOG_000066848|bin3_2|WP_000470626.1|integration/excision|replication,inversion|Multiple|Homology",NODE_1_length_732879_cov_16.146431_9 # 6387 # 6887 # 1 # ID=1_9;partial=00;start_type=ATG;rbs_motif=None;rbs_spacer=None;gc_cont=0.509,93.4,278,213,2.04e-95,167,63,213,16,166,mobileOG_000066848,bin3_2,WP_000470626.1,integration/excision,"replication,inversion",Multiple,Homology,NODE_1_length_732879_cov_16.146431_9, 6387 # 6887 # 1 , 6387,6887,1 ,1_9,1,9,00,ATG,None,None,0.509,NODE_1_length_732879_cov_16.146431,mobileOG_000066848_NODE_1_length_732879_cov_16.146431
13,"mobileOG_000300501|bin3_2|WP_052897785.1|integration/excision|replication,inversion|Multiple|Homology",NODE_1_length_732879_cov_16.146431_9 # 6387 # 6887 # 1 # ID=1_9;partial=00;start_type=ATG;rbs_motif=None;rbs_spacer=None;gc_cont=0.509,92.7,278,213,2.90e-95,167,63,213,16,166,mobileOG_000300501,bin3_2,WP_052897785.1,integration/excision,"replication,inversion",Multiple,Homology,NODE_1_length_732879_cov_16.146431_9, 6387 # 6887 # 1 , 6387,6887,1 ,1_9,1,9,00,ATG,None,None,0.509,NODE_1_length_732879_cov_16.146431,mobileOG_000300501_NODE_1_length_732879_cov_16.146431
14,"mobileOG_000300491|bin3_2|WP_049592188.1|integration/excision|replication,inversion|Plasmid RefSeq|Homology",NODE_1_length_732879_cov_16.146431_9 # 6387 # 6887 # 1 # ID=1_9;partial=00;start_type=ATG;rbs_motif=None;rbs_spacer=None;gc_cont=0.509,92.1,275,213,2.38e-94,167,63,213,16,166,mobileOG_000300491,bin3_2,WP_049592188.1,integration/excision,"replication,inversion",Plasmid RefSeq,Homology,NODE_1_length_732879_cov_16.146431_9, 6387 # 6887 # 1 , 6387,6887,1 ,1_9,1,9,00,ATG,None,None,0.509,NODE_1_length_732879_cov_16.146431,mobileOG_000300491_NODE_1_length_732879_cov_16.146431
15,mobileOG_000371957|impA|WP_033635060.1|replication/recombination/repair|NA|Plasmid RefSeq|Homology,NODE_1_length_732879_cov_16.146431_11 # 8016 # 8450 # 1 # ID=1_11;partial=00;start_type=ATG;rbs_motif=None;rbs_spacer=None;gc_cont=0.595,99.3,287,144,1.73e-100,145,1,144,1,144,mobileOG_000371957,impA,WP_033635060.1,replication/recombination/repair,NA,Plasmid RefSeq,Homology,NODE_1_length_732879_cov_16.146431_11, 8016 # 8450 # 1 , 8016,8450,1 ,1_11,1,11,00,ATG,None,None,0.595,NODE_1_length_732879_cov_16.146431,mobileOG_000371957_NODE_1_length_732879_cov_16.146431
16,mobileOG_000372074|impA|WP_060437779.1|replication/recombination/repair|NA|Plasmid RefSeq|Homology,NODE_1_length_732879_cov_16.146431_11 # 8016 # 8450 # 1 # ID=1_11;partial=00;start_type=ATG;rbs_motif=None;rbs_spacer=None;gc_cont=0.595,97.2,282,144,1.66e-98,145,1,144,1,144,mobileOG_000372074,impA,WP_060437779.1,replication/recombination/repair,NA,Plasmid RefSeq,Homology,NODE_1_length_732879_cov_16.146431_11, 8016 # 8450 # 1 , 8016,8450,1 ,1_11,1,11,00,ATG,None,None,0.595,NODE_1_length_732879_cov_16.146431,mobileOG_000372074_NODE_1_length_732879_cov_16.146431
17,mobileOG_000372635|umuC|WP_049196296.1|replication/recombination/repair|NA|Plasmid RefSeq|Homology,NODE_1_length_732879_cov_16.146431_12 # 8453 # 9769 # 1 # ID=1_12;partial=00;start_type=ATG;rbs_motif=None;rbs_spacer=None;gc_cont=0.651,97.9,837,428,2.47e-308,439,1,427,1,427,mobileOG_000372635,umuC,WP_049196296.1,replication/recombination/repair,NA,Plasmid RefSeq,Homology,NODE_1_length_732879_cov_16.146431_12, 8453 # 9769 # 1 , 8453,9769,1 ,1_12,1,12,00,ATG,None,None,0.651,NODE_1_length_732879_cov_16.146431,mobileOG_000372635_NODE_1_length_732879_cov_16.146431
18,mobileOG_000372601|umuC|WP_039565423.1|replication/recombination/repair|NA|Plasmid RefSeq|Homology,NODE_1_length_732879_cov_16.146431_12 # 8453 # 9769 # 1 # ID=1_12;partial=00;start_type=ATG;rbs_motif=None;rbs_spacer=None;gc_cont=0.651,97.0,829,428,3.92e-305,439,1,427,1,427,mobileOG_000372601,umuC,WP_039565423.1,replication/recombination/repair,NA,Plasmid RefSeq,Homology,NODE_1_length_732879_cov_16.146431_12, 8453 # 9769 # 1 , 8453,9769,1 ,1_12,1,12,00,ATG,None,None,0.651,NODE_1_length_732879_cov_16.146431,mobileOG_000372601_NODE_1_length_732879_cov_16.146431
19,mobileOG_000331425|clpB|WP_033653610.1|phage|chaperone|Plasmid RefSeq|Homology,NODE_1_length_732879_cov_16.146431_28 # 30362 # 33016 # -1 # ID=1_28;partial=00;start_type=ATG;rbs_motif=GGAG/GAGG;rbs_spacer=5-10bp;gc_cont=0.655,98.6,1664,884,0.0,885,1,884,1,884,mobileOG_000331425,clpB,WP_033653610.1,phage,chaperone,Plasmid RefSeq,Homology,NODE_1_length_732879_cov_16.146431_28, 30362 # 33016 # -1 , 30362,33016,-1 ,1_28,1,28,00,ATG,GGAG/GAGG,5-10bp,0.655,NODE_1_length_732879_cov_16.146431,mobileOG_000331425_NODE_1_length_732879_cov_16.146431
20,mobileOG_000335880|clpB|WP_101456439.1|phage|chaperone|Plasmid RefSeq|Homology,NODE_1_length_732879_cov_16.146431_28 # 30362 # 33016 # -1 # ID=1_28;partial=00;start_type=ATG;rbs_motif=GGAG/GAGG;rbs_spacer=5-10bp;gc_cont=0.655,98.4,1660,884,0.0,885,1,884,1,884,mobileOG_000335880,clpB,WP_101456439.1,phage,chaperone,Plasmid RefSeq,Homology,NODE_1_length_732879_cov_16.146431_28, 30362 # 33016 # -1 , 30362,33016,-1 ,1_28,1,28,00,ATG,GGAG/GAGG,5-10bp,0.655,NODE_1_length_732879_cov_16.146431,mobileOG_000335880_NODE_1_length_732879_cov_16.146431
21,mobileOG_000333755|tssB|WP_033635026.1|replication/recombination/repair|NA|Plasmid RefSeq|Homology,NODE_1_length_732879_cov_16.146431_44 # 46583 # 47119 # -1 # ID=1_44;partial=00;start_type=ATG;rbs_motif=GGAG/GAGG;rbs_spacer=5-10bp;gc_cont=0.581,99.4,340,178,4.10e-120,179,1,178,1,178,mobileOG_000333755,tssB,WP_033635026.1,replication/recombination/repair,NA,Plasmid RefSeq,Homology,NODE_1_length_732879_cov_16.146431_44, 46583 # 47119 # -1 , 46583,47119,-1 ,1_44,1,44,00,ATG,GGAG/GAGG,5-10bp,0.581,NODE_1_length_732879_cov_16.146431,mobileOG_000333755_NODE_1_length_732879_cov_16.146431
22,mobileOG_000353863|cnu|WP_033635010.1|stability/transfer/defense|regulation|Plasmid RefSeq|Homology,NODE_1_length_732879_cov_16.146431_63 # 68541 # 68756 # -1 # ID=1_63;partial=00;start_type=ATG;rbs_motif=3Base/5BMM;rbs_spacer=13-15bp;gc_cont=0.514,98.6,143,71,1.35e-45,72,1,71,1,71,mobileOG_000353863,cnu,WP_033635010.1,stability/transfer/defense,regulation,Plasmid RefSeq,Homology,NODE_1_length_732879_cov_16.146431_63, 68541 # 68756 # -1 , 68541,68756,-1 ,1_63,1,63,00,ATG,3Base/5BMM,13-15bp,0.514,NODE_1_length_732879_cov_16.146431,mobileOG_000353863_NODE_1_length_732879_cov_16.146431
23,mobileOG_000338525|oppD|WP_033653661.1|transfer|competence|Plasmid RefSeq|Homology,NODE_1_length_732879_cov_16.146431_147 # 152473 # 153315 # 1 # ID=1_147;partial=00;start_type=ATG;rbs_motif=GGA/GAG/AGG;rbs_spacer=5-10bp;gc_cont=0.650,98.6,541,280,1.89e-196,281,1,280,1,280,mobileOG_000338525,oppD,WP_033653661.1,transfer,competence,Plasmid RefSeq,Homology,NODE_1_length_732879_cov_16.146431_147, 152473 # 153315 # 1 , 152473,153315,1 ,1_147,1,147,00,ATG,GGA/GAG/AGG,5-10bp,0.650,NODE_1_length_732879_cov_16.146431,mobileOG_000338525_NODE_1_length_732879_cov_16.146431
24,mobileOG_000338678|oppD|WP_039565565.1|transfer|competence|Plasmid RefSeq|Homology,NODE_1_length_732879_cov_16.146431_147 # 152473 # 153315 # 1 # ID=1_147;partial=00;start_type=ATG;rbs_motif=GGA/GAG/AGG;rbs_spacer=5-10bp;gc_cont=0.650,98.2,540,280,7.69e-196,281,1,280,1,280,mobileOG_000338678,oppD,WP_039565565.1,transfer,competence,Plasmid RefSeq,Homology,NODE_1_length_732879_cov_16.146431_147, 152473 # 153315 # 1 , 152473,153315,1 ,1_147,1,147,00,ATG,GGA/GAG/AGG,5-10bp,0.650,NODE_1_length_732879_cov_16.146431,mobileOG_000338678_NODE_1_length_732879_cov_16.146431
25,mobileOG_000368503|ruvC|WP_004932367.1|replication/recombination/repair|NA|Plasmid RefSeq|Homology,NODE_1_length_732879_cov_16.146431_261 # 270485 # 271006 # 1 # ID=1_261;partial=00;start_type=ATG;rbs_motif=AGxAGG/AGGxGG;rbs_spacer=5-10bp;gc_cont=0.625,100,330,173,2.59e-116,174,1,173,1,173,mobileOG_000368503,ruvC,WP_004932367.1,replication/recombination/repair,NA,Plasmid RefSeq,Homology,NODE_1_length_732879_cov_16.146431_261, 270485 # 271006 # 1 , 270485,271006,1 ,1_261,1,261,00,ATG,AGxAGG/AGGxGG,5-10bp,0.625,NODE_1_length_732879_cov_16.146431,mobileOG_000368503_NODE_1_length_732879_cov_16.146431
26,mobileOG_000332823|ruvC|WP_033634853.1|replication/recombination/repair|NA|Plasmid RefSeq|Homology,NODE_1_length_732879_cov_16.146431_261 # 270485 # 271006 # 1 # ID=1_261;partial=00;start_type=ATG;rbs_motif=AGxAGG/AGGxGG;rbs_spacer=5-10bp;gc_cont=0.625,99.4,329,173,3.68e-116,174,1,173,1,173,mobileOG_000332823,ruvC,WP_033634853.1,replication/recombination/repair,NA,Plasmid RefSeq,Homology,NODE_1_length_732879_cov_16.146431_261, 270485 # 271006 # 1 , 270485,271006,1 ,1_261,1,261,00,ATG,AGxAGG/AGGxGG,5-10bp,0.625,NODE_1_length_732879_cov_16.146431,mobileOG_000332823_NODE_1_length_732879_cov_16.146431
27,mobileOG_000336561|ruvA|WP_033634852.1|replication/recombination/repair|NA|Plasmid RefSeq|Homology,NODE_1_length_732879_cov_16.146431_262 # 271119 # 271733 # 1 # ID=1_262;partial=00;start_type=ATG;rbs_motif=AGGAGG;rbs_spacer=3-4bp;gc_cont=0.616,98.5,383,204,1.75e-136,205,1,204,1,204,mobileOG_000336561,ruvA,WP_033634852.1,replication/recombination/repair,NA,Plasmid RefSeq,Homology,NODE_1_length_732879_cov_16.146431_262, 271119 # 271733 # 1 , 271119,271733,1 ,1_262,1,262,00,ATG,AGGAGG,3-4bp,0.616,NODE_1_length_732879_cov_16.146431,mobileOG_000336561_NODE_1_length_732879_cov_16.146431
28,mobileOG_000354070|ruvB|WP_043147578.1|replication/recombination/repair|NA|Plasmid RefSeq|Homology,NODE_1_length_732879_cov_16.146431_263 # 271753 # 272757 # 1 # ID=1_263;partial=00;start_type=ATG;rbs_motif=GGAG/GAGG;rbs_spacer=5-10bp;gc_cont=0.626,100,646,334,3.02e-236,335,1,333,1,333,mobileOG_000354070,ruvB,WP_043147578.1,replication/recombination/repair,NA,Plasmid RefSeq,Homology,NODE_1_length_732879_cov_16.146431_263, 271753 # 272757 # 1 , 271753,272757,1 ,1_263,1,263,00,ATG,GGAG/GAGG,5-10bp,0.626,NODE_1_length_732879_cov_16.146431,mobileOG_000354070_NODE_1_length_732879_cov_16.146431
29,mobileOG_000354069|ruvB|WP_025303125.1|replication/recombination/repair|NA|Plasmid RefSeq|Homology,NODE_1_length_732879_cov_16.146431_263 # 271753 # 272757 # 1 # ID=1_263;partial=00;start_type=ATG;rbs_motif=GGAG/GAGG;rbs_spacer=5-10bp;gc_cont=0.626,99.7,645,334,8.67e-236,335,1,333,1,333,mobileOG_000354069,ruvB,WP_025303125.1,replication/recombination/repair,NA,Plasmid RefSeq,Homology,NODE_1_length_732879_cov_16.146431_263, 271753 # 272757 # 1 , 271753,272757,1 ,1_263,1,263,00,ATG,GGAG/GAGG,5-10bp,0.626,NODE_1_length_732879_cov_16.146431,mobileOG_000354069_NODE_1_length_732879_cov_16.146431
30,mobileOG_000298941|slp|WP_033638506.1|integration/excision|NA|Plasmid RefSeq|Homology,NODE_1_length_732879_cov_16.146431_280 # 288656 # 289246 # 1 # ID=1_280;partial=00;start_type=ATG;rbs_motif=AGGAG;rbs_spacer=5-10bp;gc_cont=0.633,99.0,390,196,1.20e-139,197,1,196,1,196,mobileOG_000298941,slp,WP_033638506.1,integration/excision,NA,Plasmid RefSeq,Homology,NODE_1_length_732879_cov_16.146431_280, 288656 # 289246 # 1 , 288656,289246,1 ,1_280,1,280,00,ATG,AGGAG,5-10bp,0.633,NODE_1_length_732879_cov_16.146431,mobileOG_000298941_NODE_1_length_732879_cov_16.146431
31,mobileOG_000308655|topB|WP_033647606.1|replication/recombination/repair|NA|Plasmid RefSeq|Homology,NODE_1_length_732879_cov_16.146431_322 # 329666 # 331591 # 1 # ID=1_322;partial=00;start_type=ATG;rbs_motif=None;rbs_spacer=None;gc_cont=0.602,99.5,1253,641,0.0,642,1,641,1,641,mobileOG_000308655,topB,WP_033647606.1,replication/recombination/repair,NA,Plasmid RefSeq,Homology,NODE_1_length_732879_cov_16.146431_322, 329666 # 331591 # 1 , 329666,331591,1 ,1_322,1,322,00,ATG,None,None,0.602,NODE_1_length_732879_cov_16.146431,mobileOG_000308655_NODE_1_length_732879_cov_16.146431
32,mobileOG_000308859|topB|WP_101427007.1|replication/recombination/repair|NA|Plasmid RefSeq|Homology,NODE_1_length_732879_cov_16.146431_322 # 329666 # 331591 # 1 # ID=1_322;partial=00;start_type=ATG;rbs_motif=None;rbs_spacer=None;gc_cont=0.602,99.2,1253,641,0.0,642,1,641,1,641,mobileOG_000308859,topB,WP_101427007.1,replication/recombination/repair,NA,Plasmid RefSeq,Homology,NODE_1_length_732879_cov_16.146431_322, 329666 # 331591 # 1 , 329666,331591,1 ,1_322,1,322,00,ATG,None,None,0.602,NODE_1_length_732879_cov_16.146431,mobileOG_000308859_NODE_1_length_732879_cov_16.146431
33,mobileOG_000330120|xthA|WP_033647602.1|replication/recombination/repair|NA|Plasmid RefSeq|Homology,NODE_1_length_732879_cov_16.146431_325 # 332352 # 333158 # -1 # ID=1_325;partial=00;start_type=ATG;rbs_motif=None;rbs_spacer=None;gc_cont=0.582,98.5,554,268,6.93e-202,269,1,268,1,268,mobileOG_000330120,xthA,WP_033647602.1,replication/recombination/repair,NA,Plasmid RefSeq,Homology,NODE_1_length_732879_cov_16.146431_325, 332352 # 333158 # -1 , 332352,333158,-1 ,1_325,1,325,00,ATG,None,None,0.582,NODE_1_length_732879_cov_16.146431,mobileOG_000330120_NODE_1_length_732879_cov_16.146431
34,mobileOG_000369427|hns|WP_004932170.1|replication/recombination/repair|regulation|Plasmid RefSeq|Homology,NODE_1_length_732879_cov_16.146431_334 # 341823 # 342230 # -1 # ID=1_334;partial=00;start_type=ATG;rbs_motif=GGA/GAG/AGG;rbs_spacer=5-10bp;gc_cont=0.490,100,251,135,1.35e-86,136,1,135,1,135,mobileOG_000369427,hns,WP_004932170.1,replication/recombination/repair,regulation,Plasmid RefSeq,Homology,NODE_1_length_732879_cov_16.146431_334, 341823 # 342230 # -1 , 341823,342230,-1 ,1_334,1,334,00,ATG,GGA/GAG/AGG,5-10bp,0.490,NODE_1_length_732879_cov_16.146431,mobileOG_000369427_NODE_1_length_732879_cov_16.146431
35,mobileOG_000308667|oppA|WP_033654358.1|transfer|competence|Plasmid RefSeq|Homology,NODE_1_length_732879_cov_16.146431_338 # 348179 # 349816 # 1 # ID=1_338;partial=00;start_type=ATG;rbs_motif=AGGAG;rbs_spacer=5-10bp;gc_cont=0.595,97.1,1060,545,0.0,546,1,545,1,545,mobileOG_000308667,oppA,WP_033654358.1,transfer,competence,Plasmid RefSeq,Homology,NODE_1_length_732879_cov_16.146431_338, 348179 # 349816 # 1 , 348179,349816,1 ,1_338,1,338,00,ATG,AGGAG,5-10bp,0.595,NODE_1_length_732879_cov_16.146431,mobileOG_000308667_NODE_1_length_732879_cov_16.146431
36,mobileOG_000308869|oppA|WP_101456511.1|transfer|competence|Plasmid RefSeq|Homology,NODE_1_length_732879_cov_16.146431_338 # 348179 # 349816 # 1 # ID=1_338;partial=00;start_type=ATG;rbs_motif=AGGAG;rbs_spacer=5-10bp;gc_cont=0.595,96.9,1058,545,0.0,546,1,545,1,545,mobileOG_000308869,oppA,WP_101456511.1,transfer,competence,Plasmid RefSeq,Homology,NODE_1_length_732879_cov_16.146431_338, 348179 # 349816 # 1 , 348179,349816,1 ,1_338,1,338,00,ATG,AGGAG,5-10bp,0.595,NODE_1_length_732879_cov_16.146431,mobileOG_000308869_NODE_1_length_732879_cov_16.146431
37,mobileOG_000334396|oppA|WP_033647597.1|transfer|competence|Plasmid RefSeq|Homology,NODE_1_length_732879_cov_16.146431_339 # 349964 # 351601 # 1 # ID=1_339;partial=00;start_type=ATG;rbs_motif=GGAG/GAGG;rbs_spacer=5-10bp;gc_cont=0.560,98.9,1099,545,0.0,546,1,545,1,545,mobileOG_000334396,oppA,WP_033647597.1,transfer,competence,Plasmid RefSeq,Homology,NODE_1_length_732879_cov_16.146431_339, 349964 # 351601 # 1 , 349964,351601,1 ,1_339,1,339,00,ATG,GGAG/GAGG,5-10bp,0.560,NODE_1_length_732879_cov_16.146431,mobileOG_000334396_NODE_1_length_732879_cov_16.146431
38,mobileOG_000336315|oppB|WP_033654356.1|transfer|competence|Plasmid RefSeq|Homology,NODE_1_length_732879_cov_16.146431_340 # 351685 # 352605 # 1 # ID=1_340;partial=00;start_type=ATG;rbs_motif=GGA/GAG/AGG;rbs_spacer=5-10bp;gc_cont=0.575,99.7,569,306,1.49e-206,307,1,306,1,306,mobileOG_000336315,oppB,WP_033654356.1,transfer,competence,Plasmid RefSeq,Homology,NODE_1_length_732879_cov_16.146431_340, 351685 # 352605 # 1 , 351685,352605,1 ,1_340,1,340,00,ATG,GGA/GAG/AGG,5-10bp,0.575,NODE_1_length_732879_cov_16.146431,mobileOG_000336315_NODE_1_length_732879_cov_16.146431
39,mobileOG_000335601|oppB|WP_033634784.1|transfer|competence|Plasmid RefSeq|Homology,NODE_1_length_732879_cov_16.146431_340 # 351685 # 352605 # 1 # ID=1_340;partial=00;start_type=ATG;rbs_motif=GGA/GAG/AGG;rbs_spacer=5-10bp;gc_cont=0.575,99.3,568,306,2.12e-206,307,1,306,1,306,mobileOG_000335601,oppB,WP_033634784.1,transfer,competence,Plasmid RefSeq,Homology,NODE_1_length_732879_cov_16.146431_340, 351685 # 352605 # 1 , 351685,352605,1 ,1_340,1,340,00,ATG,GGA/GAG/AGG,5-10bp,0.575,NODE_1_length_732879_cov_16.146431,mobileOG_000335601_NODE_1_length_732879_cov_16.146431
40,mobileOG_000025703|oppB|WP_000911097.1|transfer|competence|Multiple|Manual,NODE_1_length_732879_cov_16.146431_340 # 351685 # 352605 # 1 # ID=1_340;partial=00;start_type=ATG;rbs_motif=GGA/GAG/AGG;rbs_spacer=5-10bp;gc_cont=0.575,93.5,533,306,2.22e-192,307,1,306,1,306,mobileOG_000025703,oppB,WP_000911097.1,transfer,competence,Multiple,Manual,NODE_1_length_732879_cov_16.146431_340, 351685 # 352605 # 1 , 351685,352605,1 ,1_340,1,340,00,ATG,GGA/GAG/AGG,5-10bp,0.575,NODE_1_length_732879_cov_16.146431,mobileOG_000025703_NODE_1_length_732879_cov_16.146431
41,mobileOG_000241060|oppB|A0A0F1ER99|transfer|competence|GPD|Homology,NODE_1_length_732879_cov_16.146431_340 # 351685 # 352605 # 1 # ID=1_340;partial=00;start_type=ATG;rbs_motif=GGA/GAG/AGG;rbs_spacer=5-10bp;gc_cont=0.575,93.8,531,306,1.82e-191,307,1,306,1,306,mobileOG_000241060,oppB,A0A0F1ER99,transfer,competence,GPD,Homology,NODE_1_length_732879_cov_16.146431_340, 351685 # 352605 # 1 , 351685,352605,1 ,1_340,1,340,00,ATG,GGA/GAG/AGG,5-10bp,0.575,NODE_1_length_732879_cov_16.146431,mobileOG_000241060_NODE_1_length_732879_cov_16.146431
42,mobileOG_000241064|oppB|EDA16224.1|transfer|competence|GPD|Homology,NODE_1_length_732879_cov_16.146431_340 # 351685 # 352605 # 1 # ID=1_340;partial=00;start_type=ATG;rbs_motif=GGA/GAG/AGG;rbs_spacer=5-10bp;gc_cont=0.575,91.2,529,306,7.40e-191,307,1,306,1,306,mobileOG_000241064,oppB,EDA16224.1,transfer,competence,GPD,Homology,NODE_1_length_732879_cov_16.146431_340, 351685 # 352605 # 1 , 351685,352605,1 ,1_340,1,340,00,ATG,GGA/GAG/AGG,5-10bp,0.575,NODE_1_length_732879_cov_16.146431,mobileOG_000241064_NODE_1_length_732879_cov_16.146431
43,mobileOG_000002429|oppB|WP_000911112.1|transfer|competence|Multiple|Manual,NODE_1_length_732879_cov_16.146431_340 # 351685 # 352605 # 1 # ID=1_340;partial=00;start_type=ATG;rbs_motif=GGA/GAG/AGG;rbs_spacer=5-10bp;gc_cont=0.575,93.8,528,306,2.12e-190,307,1,306,1,306,mobileOG_000002429,oppB,WP_000911112.1,transfer,competence,Multiple,Manual,NODE_1_length_732879_cov_16.146431_340, 351685 # 352605 # 1 , 351685,352605,1 ,1_340,1,340,00,ATG,GGA/GAG/AGG,5-10bp,0.575,NODE_1_length_732879_cov_16.146431,mobileOG_000002429_NODE_1_length_732879_cov_16.146431
44,mobileOG_000047933|oppB|A0A0F3WLQ6|transfer|competence|COMPASS|Homology,NODE_1_length_732879_cov_16.146431_340 # 351685 # 352605 # 1 # ID=1_340;partial=00;start_type=ATG;rbs_motif=GGA/GAG/AGG;rbs_spacer=5-10bp;gc_cont=0.575,93.5,526,306,1.22e-189,307,1,306,1,306,mobileOG_000047933,oppB,A0A0F3WLQ6,transfer,competence,COMPASS,Homology,NODE_1_length_732879_cov_16.146431_340, 351685 # 352605 # 1 , 351685,352605,1 ,1_340,1,340,00,ATG,GGA/GAG/AGG,5-10bp,0.575,NODE_1_length_732879_cov_16.146431,mobileOG_000047933_NODE_1_length_732879_cov_16.146431
45,mobileOG_000335522|oppC|WP_033634783.1|transfer|competence|Plasmid RefSeq|Homology,NODE_1_length_732879_cov_16.146431_341 # 352620 # 353528 # 1 # ID=1_341;partial=00;start_type=ATG;rbs_motif=GGAG/GAGG;rbs_spacer=5-10bp;gc_cont=0.605,96.4,547,302,3.75e-198,303,1,302,1,302,mobileOG_000335522,oppC,WP_033634783.1,transfer,competence,Plasmid RefSeq,Homology,NODE_1_length_732879_cov_16.146431_341, 352620 # 353528 # 1 , 352620,353528,1 ,1_341,1,341,00,ATG,GGAG/GAGG,5-10bp,0.605,NODE_1_length_732879_cov_16.146431,mobileOG_000335522_NODE_1_length_732879_cov_16.146431
46,mobileOG_000325241|oppC|A0A5A7AN07|transfer|competence|Multiple|Homology,NODE_1_length_732879_cov_16.146431_341 # 352620 # 353528 # 1 # ID=1_341;partial=00;start_type=ATG;rbs_motif=GGAG/GAGG;rbs_spacer=5-10bp;gc_cont=0.605,92.1,505,302,2.16e-181,303,1,302,1,302,mobileOG_000325241,oppC,A0A5A7AN07,transfer,competence,Multiple,Homology,NODE_1_length_732879_cov_16.146431_341, 352620 # 353528 # 1 , 352620,353528,1 ,1_341,1,341,00,ATG,GGAG/GAGG,5-10bp,0.605,NODE_1_length_732879_cov_16.146431,mobileOG_000325241_NODE_1_length_732879_cov_16.146431
47,mobileOG_000002425|oppC|WP_000979661.1|transfer|competence|Multiple|Manual,NODE_1_length_732879_cov_16.146431_341 # 352620 # 353528 # 1 # ID=1_341;partial=00;start_type=ATG;rbs_motif=GGAG/GAGG;rbs_spacer=5-10bp;gc_cont=0.605,91.7,503,302,8.77e-181,303,1,302,1,302,mobileOG_000002425,oppC,WP_000979661.1,transfer,competence,Multiple,Manual,NODE_1_length_732879_cov_16.146431_341, 352620 # 353528 # 1 , 352620,353528,1 ,1_341,1,341,00,ATG,GGAG/GAGG,5-10bp,0.605,NODE_1_length_732879_cov_16.146431,mobileOG_000002425_NODE_1_length_732879_cov_16.146431
48,mobileOG_000327934|oppC|WP_000979659.1|transfer|competence|Plasmid RefSeq|Homology,NODE_1_length_732879_cov_16.146431_341 # 352620 # 353528 # 1 # ID=1_341;partial=00;start_type=ATG;rbs_motif=GGAG/GAGG;rbs_spacer=5-10bp;gc_cont=0.605,91.7,503,302,1.25e-180,303,1,302,1,302,mobileOG_000327934,oppC,WP_000979659.1,transfer,competence,Plasmid RefSeq,Homology,NODE_1_length_732879_cov_16.146431_341, 352620 # 353528 # 1 , 352620,353528,1 ,1_341,1,341,00,ATG,GGAG/GAGG,5-10bp,0.605,NODE_1_length_732879_cov_16.146431,mobileOG_000327934_NODE_1_length_732879_cov_16.146431
49,mobileOG_000349833|oppC|WP_000979648.1|transfer|competence|Plasmid RefSeq|Homology,NODE_1_length_732879_cov_16.146431_341 # 352620 # 353528 # 1 # ID=1_341;partial=00;start_type=ATG;rbs_motif=GGAG/GAGG;rbs_spacer=5-10bp;gc_cont=0.605,91.4,502,302,3.57e-180,303,1,302,1,302,mobileOG_000349833,oppC,WP_000979648.1,transfer,competence,Plasmid RefSeq,Homology,NODE_1_length_732879_cov_16.146431_341, 352620 # 353528 # 1 , 352620,353528,1 ,1_341,1,341,00,ATG,GGAG/GAGG,5-10bp,0.605,NODE_1_length_732879_cov_16.146431,mobileOG_000349833_NODE_1_length_732879_cov_16.146431
50,mobileOG_000241065|oppC|A0A1R0FTB0|transfer|competence|GPD|Homology,NODE_1_length_732879_cov_16.146431_341 # 352620 # 353528 # 1 # ID=1_341;partial=00;start_type=ATG;rbs_motif=GGAG/GAGG;rbs_spacer=5-10bp;gc_cont=0.605,90.1,490,302,1.32e-175,303,1,302,1,302,mobileOG_000241065,oppC,A0A1R0FTB0,transfer,competence,GPD,Homology,NODE_1_length_732879_cov_16.146431_341, 352620 # 353528 # 1 , 352620,353528,1 ,1_341,1,341,00,ATG,GGAG/GAGG,5-10bp,0.605,NODE_1_length_732879_cov_16.146431,mobileOG_000241065_NODE_1_length_732879_cov_16.146431
51,mobileOG_000368552|oppD|WP_033634782.1|transfer|competence|Plasmid RefSeq|Homology,NODE_1_length_732879_cov_16.146431_342 # 353540 # 354556 # 1 # ID=1_342;partial=00;start_type=ATG;rbs_motif=AGGAG;rbs_spacer=5-10bp;gc_cont=0.614,99.1,653,338,1.06e-238,339,1,338,1,338,mobileOG_000368552,oppD,WP_033634782.1,transfer,competence,Plasmid RefSeq,Homology,NODE_1_length_732879_cov_16.146431_342, 353540 # 354556 # 1 , 353540,354556,1 ,1_342,1,342,00,ATG,AGGAG,5-10bp,0.614,NODE_1_length_732879_cov_16.146431,mobileOG_000368552_NODE_1_length_732879_cov_16.146431
52,mobileOG_000025422|oppD|WP_000058857.1|transfer|competence|Multiple|Manual,NODE_1_length_732879_cov_16.146431_342 # 353540 # 354556 # 1 # ID=1_342;partial=00;start_type=ATG;rbs_motif=AGGAG;rbs_spacer=5-10bp;gc_cont=0.614,90.1,567,335,9.04e-205,339,14,335,17,338,mobileOG_000025422,oppD,WP_000058857.1,transfer,competence,Multiple,Manual,NODE_1_length_732879_cov_16.146431_342, 353540 # 354556 # 1 , 353540,354556,1 ,1_342,1,342,00,ATG,AGGAG,5-10bp,0.614,NODE_1_length_732879_cov_16.146431,mobileOG_000025422_NODE_1_length_732879_cov_16.146431
53,mobileOG_000370693|oppF|WP_025303071.1|transfer|competence|Plasmid RefSeq|Homology,NODE_1_length_732879_cov_16.146431_343 # 354553 # 355554 # 1 # ID=1_343;partial=00;start_type=ATG;rbs_motif=GGAGG;rbs_spacer=5-10bp;gc_cont=0.611,99.4,640,333,1.09e-233,334,1,333,1,333,mobileOG_000370693,oppF,WP_025303071.1,transfer,competence,Plasmid RefSeq,Homology,NODE_1_length_732879_cov_16.146431_343, 354553 # 355554 # 1 , 354553,355554,1 ,1_343,1,343,00,ATG,GGAGG,5-10bp,0.611,NODE_1_length_732879_cov_16.146431,mobileOG_000370693_NODE_1_length_732879_cov_16.146431
54,mobileOG_000370696|oppF|WP_101455575.1|transfer|competence|Plasmid RefSeq|Homology,NODE_1_length_732879_cov_16.146431_343 # 354553 # 355554 # 1 # ID=1_343;partial=00;start_type=ATG;rbs_motif=GGAGG;rbs_spacer=5-10bp;gc_cont=0.611,98.8,637,333,1.27e-232,334,1,333,1,333,mobileOG_000370696,oppF,WP_101455575.1,transfer,competence,Plasmid RefSeq,Homology,NODE_1_length_732879_cov_16.146431_343, 354553 # 355554 # 1 , 354553,355554,1 ,1_343,1,343,00,ATG,GGAGG,5-10bp,0.611,NODE_1_length_732879_cov_16.146431,mobileOG_000370696_NODE_1_length_732879_cov_16.146431
55,mobileOG_000301573|dps|WP_004932132.1|replication/recombination/repair|NA|Plasmid RefSeq|Homology,NODE_1_length_732879_cov_16.146431_347 # 357933 # 358424 # -1 # ID=1_347;partial=00;start_type=ATG;rbs_motif=AGGAG;rbs_spacer=5-10bp;gc_cont=0.526,100,324,163,2.35e-114,164,1,163,1,163,mobileOG_000301573,dps,WP_004932132.1,replication/recombination/repair,NA,Plasmid RefSeq,Homology,NODE_1_length_732879_cov_16.146431_347, 357933 # 358424 # -1 , 357933,358424,-1 ,1_347,1,347,00,ATG,AGGAG,5-10bp,0.526,NODE_1_length_732879_cov_16.146431,mobileOG_000301573_NODE_1_length_732879_cov_16.146431
56,"mobileOG_000025575|tonB|WP_016927510.1|transfer|phage,receptor|Plasmid RefSeq|Manual",NODE_1_length_732879_cov_16.146431_361 # 372338 # 373081 # 1 # ID=1_361;partial=00;start_type=ATG;rbs_motif=AGGA/GGAG/GAGG;rbs_spacer=11-12bp;gc_cont=0.610,100,351,247,1.95e-122,248,1,247,1,247,mobileOG_000025575,tonB,WP_016927510.1,transfer,"phage,receptor",Plasmid RefSeq,Manual,NODE_1_length_732879_cov_16.146431_361, 372338 # 373081 # 1 , 372338,373081,1 ,1_361,1,361,00,ATG,AGGA/GGAG/GAGG,11-12bp,0.610,NODE_1_length_732879_cov_16.146431,mobileOG_000025575_NODE_1_length_732879_cov_16.146431
57,mobileOG_000305021|dnaE2|WP_033653008.1|replication/recombination/repair|NA|Plasmid RefSeq|Homology,NODE_1_length_732879_cov_16.146431_375 # 385825 # 386706 # 1 # ID=1_375;partial=00;start_type=TTG;rbs_motif=GGA/GAG/AGG;rbs_spacer=5-10bp;gc_cont=0.637,96.2,566,293,4.49e-206,294,1,293,1,293,mobileOG_000305021,dnaE2,WP_033653008.1,replication/recombination/repair,NA,Plasmid RefSeq,Homology,NODE_1_length_732879_cov_16.146431_375, 385825 # 386706 # 1 , 385825,386706,1 ,1_375,1,375,00,TTG,GGA/GAG/AGG,5-10bp,0.637,NODE_1_length_732879_cov_16.146431,mobileOG_000305021_NODE_1_length_732879_cov_16.146431
58,mobileOG_000305018|dnaE2|WP_033647575.1|replication/recombination/repair|NA|Plasmid RefSeq|Homology,NODE_1_length_732879_cov_16.146431_375 # 385825 # 386706 # 1 # ID=1_375;partial=00;start_type=TTG;rbs_motif=GGA/GAG/AGG;rbs_spacer=5-10bp;gc_cont=0.637,95.9,563,293,7.44e-205,294,1,293,1,293,mobileOG_000305018,dnaE2,WP_033647575.1,replication/recombination/repair,NA,Plasmid RefSeq,Homology,NODE_1_length_732879_cov_16.146431_375, 385825 # 386706 # 1 , 385825,386706,1 ,1_375,1,375,00,TTG,GGA/GAG/AGG,5-10bp,0.637,NODE_1_length_732879_cov_16.146431,mobileOG_000305018_NODE_1_length_732879_cov_16.146431
59,mobileOG_000353715|topA|WP_033647571.1|replication/recombination/repair|NA|Plasmid RefSeq|Homology,NODE_1_length_732879_cov_16.146431_384 # 393397 # 395994 # 1 # ID=1_384;partial=00;start_type=ATG;rbs_motif=GGA/GAG/AGG;rbs_spacer=5-10bp;gc_cont=0.591,99.8,1719,865,0.0,866,1,865,1,865,mobileOG_000353715,topA,WP_033647571.1,replication/recombination/repair,NA,Plasmid RefSeq,Homology,NODE_1_length_732879_cov_16.146431_384, 393397 # 395994 # 1 , 393397,395994,1 ,1_384,1,384,00,ATG,GGA/GAG/AGG,5-10bp,0.591,NODE_1_length_732879_cov_16.146431,mobileOG_000353715_NODE_1_length_732879_cov_16.146431
60,mobileOG_000303999|oppA|A0A221DQU9|transfer|competence|Plasmid RefSeq|Homology,NODE_1_length_732879_cov_16.146431_433 # 447410 # 449029 # 1 # ID=1_433;partial=00;start_type=ATG;rbs_motif=GGA/GAG/AGG;rbs_spacer=5-10bp;gc_cont=0.581,98.9,1073,544,0.0,540,6,544,1,539,mobileOG_000303999,oppA,A0A221DQU9,transfer,competence,Plasmid RefSeq,Homology,NODE_1_length_732879_cov_16.146431_433, 447410 # 449029 # 1 , 447410,449029,1 ,1_433,1,433,00,ATG,GGA/GAG/AGG,5-10bp,0.581,NODE_1_length_732879_cov_16.146431,mobileOG_000303999_NODE_1_length_732879_cov_16.146431
61,mobileOG_000313844|oppA|A0A221DQU9|transfer|competence|Plasmid RefSeq|Homology,NODE_1_length_732879_cov_16.146431_433 # 447410 # 449029 # 1 # ID=1_433;partial=00;start_type=ATG;rbs_motif=GGA/GAG/AGG;rbs_spacer=5-10bp;gc_cont=0.581,98.7,1071,544,0.0,540,6,544,1,539,mobileOG_000313844,oppA,A0A221DQU9,transfer,competence,Plasmid RefSeq,Homology,NODE_1_length_732879_cov_16.146431_433, 447410 # 449029 # 1 , 447410,449029,1 ,1_433,1,433,00,ATG,GGA/GAG/AGG,5-10bp,0.581,NODE_1_length_732879_cov_16.146431,mobileOG_000313844_NODE_1_length_732879_cov_16.146431
62,mobileOG_000308581|oppA|WP_060446003.1|transfer|competence|Plasmid RefSeq|Homology,NODE_1_length_732879_cov_16.146431_521 # 540869 # 542488 # 1 # ID=1_521;partial=00;start_type=GTG;rbs_motif=GGA/GAG/AGG;rbs_spacer=5-10bp;gc_cont=0.595,94.6,1024,539,0.0,540,1,539,1,539,mobileOG_000308581,oppA,WP_060446003.1,transfer,competence,Plasmid RefSeq,Homology,NODE_1_length_732879_cov_16.146431_521, 540869 # 542488 # 1 , 540869,542488,1 ,1_521,1,521,00,GTG,GGA/GAG/AGG,5-10bp,0.595,NODE_1_length_732879_cov_16.146431,mobileOG_000308581_NODE_1_length_732879_cov_16.146431
63,mobileOG_000282574|oppA|WP_033653107.1|transfer|competence|Plasmid RefSeq|Homology,NODE_1_length_732879_cov_16.146431_521 # 540869 # 542488 # 1 # ID=1_521;partial=00;start_type=GTG;rbs_motif=GGA/GAG/AGG;rbs_spacer=5-10bp;gc_cont=0.595,94.1,1018,553,0.0,540,15,553,1,539,mobileOG_000282574,oppA,WP_033653107.1,transfer,competence,Plasmid RefSeq,Homology,NODE_1_length_732879_cov_16.146431_521, 540869 # 542488 # 1 , 540869,542488,1 ,1_521,1,521,00,GTG,GGA/GAG/AGG,5-10bp,0.595,NODE_1_length_732879_cov_16.146431,mobileOG_000282574_NODE_1_length_732879_cov_16.146431
64,mobileOG_000745154|NA:Keyword|WP_101453415.1|transfer|NA|Plasmid RefSeq|Keyword Search,NODE_2_length_516385_cov_18.634162_15 # 16827 # 17645 # -1 # ID=2_15;partial=00;start_type=ATG;rbs_motif=GGA/GAG/AGG;rbs_spacer=5-10bp;gc_cont=0.623,96.7,515,272,1.66e-186,273,1,271,1,271,mobileOG_000745154,NA:Keyword,WP_101453415.1,transfer,NA,Plasmid RefSeq,Keyword Search,NODE_2_length_516385_cov_18.634162_15, 16827 # 17645 # -1 , 16827,17645,-1 ,2_15,2,15,00,ATG,GGA/GAG/AGG,5-10bp,0.623,NODE_2_length_516385_cov_18.634162,mobileOG_000745154_NODE_2_length_516385_cov_18.634162
65,mobileOG_000331659|uvrB|WP_033647115.1|replication/recombination/repair|NA|Plasmid RefSeq|Homology,NODE_2_length_516385_cov_18.634162_40 # 40914 # 42926 # 1 # ID=2_40;partial=00;start_type=ATG;rbs_motif=GGA/GAG/AGG;rbs_spacer=11-12bp;gc_cont=0.618,98.8,1267,670,0.0,671,1,670,1,670,mobileOG_000331659,uvrB,WP_033647115.1,replication/recombination/repair,NA,Plasmid RefSeq,Homology,NODE_2_length_516385_cov_18.634162_40, 40914 # 42926 # 1 , 40914,42926,1 ,2_40,2,40,00,ATG,GGA/GAG/AGG,11-12bp,0.618,NODE_2_length_516385_cov_18.634162,mobileOG_000331659_NODE_2_length_516385_cov_18.634162
66,mobileOG_000351489|uvrB|WP_033642236.1|replication/recombination/repair|NA|Plasmid RefSeq|Homology,NODE_2_length_516385_cov_18.634162_40 # 40914 # 42926 # 1 # ID=2_40;partial=00;start_type=ATG;rbs_motif=GGA/GAG/AGG;rbs_spacer=11-12bp;gc_cont=0.618,98.8,1267,670,0.0,671,1,670,1,670,mobileOG_000351489,uvrB,WP_033642236.1,replication/recombination/repair,NA,Plasmid RefSeq,Homology,NODE_2_length_516385_cov_18.634162_40, 40914 # 42926 # 1 , 40914,42926,1 ,2_40,2,40,00,ATG,GGA/GAG/AGG,11-12bp,0.618,NODE_2_length_516385_cov_18.634162,mobileOG_000351489_NODE_2_length_516385_cov_18.634162
67,mobileOG_000363799|parA_1|WP_016928620.1|replication/recombination/repair|transfer|Plasmid RefSeq|Homology,NODE_2_length_516385_cov_18.634162_108 # 108291 # 108926 # -1 # ID=2_108;partial=00;start_type=ATG;rbs_motif=GGA/GAG/AGG;rbs_spacer=5-10bp;gc_cont=0.564,100,417,211,1.14e-149,212,1,211,1,211,mobileOG_000363799,parA_1,WP_016928620.1,replication/recombination/repair,transfer,Plasmid RefSeq,Homology,NODE_2_length_516385_cov_18.634162_108, 108291 # 108926 # -1 , 108291,108926,-1 ,2_108,2,108,00,ATG,GGA/GAG/AGG,5-10bp,0.564,NODE_2_length_516385_cov_18.634162,mobileOG_000363799_NODE_2_length_516385_cov_18.634162
68,mobileOG_000361588|parA_1|WP_033637564.1|replication/recombination/repair|transfer|Plasmid RefSeq|Homology,NODE_2_length_516385_cov_18.634162_108 # 108291 # 108926 # -1 # ID=2_108;partial=00;start_type=ATG;rbs_motif=GGA/GAG/AGG;rbs_spacer=5-10bp;gc_cont=0.564,99.1,414,211,2.69e-148,212,1,211,1,211,mobileOG_000361588,parA_1,WP_033637564.1,replication/recombination/repair,transfer,Plasmid RefSeq,Homology,NODE_2_length_516385_cov_18.634162_108, 108291 # 108926 # -1 , 108291,108926,-1 ,2_108,2,108,00,ATG,GGA/GAG/AGG,5-10bp,0.564,NODE_2_length_516385_cov_18.634162,mobileOG_000361588_NODE_2_length_516385_cov_18.634162
69,mobileOG_000743825|NA:Keyword|WP_033642335.1|stability/transfer/defense|NA|Plasmid RefSeq|Keyword Search,NODE_2_length_516385_cov_18.634162_153 # 154973 # 155272 # -1 # ID=2_153;partial=00;start_type=ATG;rbs_motif=AGGA/GGAG/GAGG;rbs_spacer=11-12bp;gc_cont=0.527,99.0,203,99,1.10e-68,100,1,99,1,99,mobileOG_000743825,NA:Keyword,WP_033642335.1,stability/transfer/defense,NA,Plasmid RefSeq,Keyword Search,NODE_2_length_516385_cov_18.634162_153, 154973 # 155272 # -1 , 154973,155272,-1 ,2_153,2,153,00,ATG,AGGA/GGAG/GAGG,11-12bp,0.527,NODE_2_length_516385_cov_18.634162,mobileOG_000743825_NODE_2_length_516385_cov_18.634162
70,mobileOG_000756825|NA:Keyword|WP_033646967.1|stability/transfer/defense|NA|Plasmid RefSeq|Keyword Search,NODE_2_length_516385_cov_18.634162_154 # 155257 # 155520 # -1 # ID=2_154;partial=00;start_type=ATG;rbs_motif=AGGAG;rbs_spacer=5-10bp;gc_cont=0.561,97.7,165,87,5.91e-54,88,1,87,1,87,mobileOG_000756825,NA:Keyword,WP_033646967.1,stability/transfer/defense,NA,Plasmid RefSeq,Keyword Search,NODE_2_length_516385_cov_18.634162_154, 155257 # 155520 # -1 , 155257,155520,-1 ,2_154,2,154,00,ATG,AGGAG,5-10bp,0.561,NODE_2_length_516385_cov_18.634162,mobileOG_000756825_NODE_2_length_516385_cov_18.634162
71,"mobileOG_000352228|copR|WP_021504273.1|transfer|conjugation,relaxosome|Plasmid RefSeq|Homology",NODE_2_length_516385_cov_18.634162_241 # 238016 # 238687 # 1 # ID=2_241;partial=00;start_type=ATG;rbs_motif=GGAG/GAGG;rbs_spacer=5-10bp;gc_cont=0.607,100,443,223,1.75e-159,224,1,223,1,223,mobileOG_000352228,copR,WP_021504273.1,transfer,"conjugation,relaxosome",Plasmid RefSeq,Homology,NODE_2_length_516385_cov_18.634162_241, 238016 # 238687 # 1 , 238016,238687,1 ,2_241,2,241,00,ATG,GGAG/GAGG,5-10bp,0.607,NODE_2_length_516385_cov_18.634162,mobileOG_000352228_NODE_2_length_516385_cov_18.634162
72,"mobileOG_000352240|copR|WP_033637675.1|transfer|conjugation,relaxosome|Plasmid RefSeq|Homology",NODE_2_length_516385_cov_18.634162_241 # 238016 # 238687 # 1 # ID=2_241;partial=00;start_type=ATG;rbs_motif=GGAG/GAGG;rbs_spacer=5-10bp;gc_cont=0.607,99.1,439,223,5.85e-158,224,1,223,1,223,mobileOG_000352240,copR,WP_033637675.1,transfer,"conjugation,relaxosome",Plasmid RefSeq,Homology,NODE_2_length_516385_cov_18.634162_241, 238016 # 238687 # 1 , 238016,238687,1 ,2_241,2,241,00,ATG,GGAG/GAGG,5-10bp,0.607,NODE_2_length_516385_cov_18.634162,mobileOG_000352240_NODE_2_length_516385_cov_18.634162
73,"mobileOG_000243662|copR|A0A369HKY6|transfer|conjugation,relaxosome|GPD|Homology",NODE_2_length_516385_cov_18.634162_241 # 238016 # 238687 # 1 # ID=2_241;partial=00;start_type=ATG;rbs_motif=GGAG/GAGG;rbs_spacer=5-10bp;gc_cont=0.607,90.5,400,222,2.00e-142,224,1,222,1,222,mobileOG_000243662,copR,A0A369HKY6,transfer,"conjugation,relaxosome",GPD,Homology,NODE_2_length_516385_cov_18.634162_241, 238016 # 238687 # 1 , 238016,238687,1 ,2_241,2,241,00,ATG,GGAG/GAGG,5-10bp,0.607,NODE_2_length_516385_cov_18.634162,mobileOG_000243662_NODE_2_length_516385_cov_18.634162
74,mobileOG_000368500|clpS|WP_004928347.1|phage|replication/recombination/repair|Plasmid RefSeq|Homology,NODE_2_length_516385_cov_18.634162_424 # 438383 # 438703 # 1 # ID=2_424;partial=00;start_type=ATG;rbs_motif=GGA/GAG/AGG;rbs_spacer=5-10bp;gc_cont=0.458,100,221,106,1.24e-75,107,1,106,1,106,mobileOG_000368500,clpS,WP_004928347.1,phage,replication/recombination/repair,Plasmid RefSeq,Homology,NODE_2_length_516385_cov_18.634162_424, 438383 # 438703 # 1 , 438383,438703,1 ,2_424,2,424,00,ATG,GGA/GAG/AGG,5-10bp,0.458,NODE_2_length_516385_cov_18.634162,mobileOG_000368500_NODE_2_length_516385_cov_18.634162
75,"mobileOG_000368499|clpA|WP_004928343.1|phage|infection,regulation|Plasmid RefSeq|Homology",NODE_2_length_516385_cov_18.634162_425 # 438731 # 441010 # 1 # ID=2_425;partial=00;start_type=ATG;rbs_motif=GGAGG;rbs_spacer=5-10bp;gc_cont=0.608,100,1462,759,0.0,760,1,759,1,759,mobileOG_000368499,clpA,WP_004928343.1,phage,"infection,regulation",Plasmid RefSeq,Homology,NODE_2_length_516385_cov_18.634162_425, 438731 # 441010 # 1 , 438731,441010,1 ,2_425,2,425,00,ATG,GGAGG,5-10bp,0.608,NODE_2_length_516385_cov_18.634162,mobileOG_000368499_NODE_2_length_516385_cov_18.634162
76,"mobileOG_000351484|clpA|WP_025302261.1|phage|infection,regulation|Plasmid RefSeq|Homology",NODE_2_length_516385_cov_18.634162_425 # 438731 # 441010 # 1 # ID=2_425;partial=00;start_type=ATG;rbs_motif=GGAGG;rbs_spacer=5-10bp;gc_cont=0.608,99.9,1461,759,0.0,760,1,759,1,759,mobileOG_000351484,clpA,WP_025302261.1,phage,"infection,regulation",Plasmid RefSeq,Homology,NODE_2_length_516385_cov_18.634162_425, 438731 # 441010 # 1 , 438731,441010,1 ,2_425,2,425,00,ATG,GGAGG,5-10bp,0.608,NODE_2_length_516385_cov_18.634162,mobileOG_000351484_NODE_2_length_516385_cov_18.634162
77,"mobileOG_000288401|clpA|WP_002896522.1|phage|infection,regulation|Plasmid RefSeq|Homology",NODE_2_length_516385_cov_18.634162_425 # 438731 # 441010 # 1 # ID=2_425;partial=00;start_type=ATG;rbs_motif=GGAGG;rbs_spacer=5-10bp;gc_cont=0.608,90.9,1334,759,0.0,760,1,756,1,754,mobileOG_000288401,clpA,WP_002896522.1,phage,"infection,regulation",Plasmid RefSeq,Homology,NODE_2_length_516385_cov_18.634162_425, 438731 # 441010 # 1 , 438731,441010,1 ,2_425,2,425,00,ATG,GGAGG,5-10bp,0.608,NODE_2_length_516385_cov_18.634162,mobileOG_000288401_NODE_2_length_516385_cov_18.634162
78,"mobileOG_000021815|clpA|A0A5R8T0B6|phage|infection,regulation|GPD|Manual",NODE_2_length_516385_cov_18.634162_425 # 438731 # 441010 # 1 # ID=2_425;partial=00;start_type=ATG;rbs_motif=GGAGG;rbs_spacer=5-10bp;gc_cont=0.608,90.7,1333,758,0.0,760,1,755,1,754,mobileOG_000021815,clpA,A0A5R8T0B6,phage,"infection,regulation",GPD,Manual,NODE_2_length_516385_cov_18.634162_425, 438731 # 441010 # 1 , 438731,441010,1 ,2_425,2,425,00,ATG,GGAGG,5-10bp,0.608,NODE_2_length_516385_cov_18.634162,mobileOG_000021815_NODE_2_length_516385_cov_18.634162
79,"mobileOG_000288430|clpA|WP_006809407.1|phage|infection,regulation|Plasmid RefSeq|Homology",NODE_2_length_516385_cov_18.634162_425 # 438731 # 441010 # 1 # ID=2_425;partial=00;start_type=ATG;rbs_motif=GGAGG;rbs_spacer=5-10bp;gc_cont=0.608,90.6,1332,759,0.0,760,1,756,1,754,mobileOG_000288430,clpA,WP_006809407.1,phage,"infection,regulation",Plasmid RefSeq,Homology,NODE_2_length_516385_cov_18.634162_425, 438731 # 441010 # 1 , 438731,441010,1 ,2_425,2,425,00,ATG,GGAGG,5-10bp,0.608,NODE_2_length_516385_cov_18.634162,mobileOG_000288430_NODE_2_length_516385_cov_18.634162
80,mobileOG_000288172|rarA|WP_101456548.1|replication/recombination/repair|NA|Plasmid RefSeq|Homology,NODE_2_length_516385_cov_18.634162_434 # 452805 # 454151 # 1 # ID=2_434;partial=00;start_type=GTG;rbs_motif=GGAG/GAGG;rbs_spacer=5-10bp;gc_cont=0.636,99.3,841,428,7.78e-310,449,1,428,21,448,mobileOG_000288172,rarA,WP_101456548.1,replication/recombination/repair,NA,Plasmid RefSeq,Homology,NODE_2_length_516385_cov_18.634162_434, 452805 # 454151 # 1 , 452805,454151,1 ,2_434,2,434,00,GTG,GGAG/GAGG,5-10bp,0.636,NODE_2_length_516385_cov_18.634162,mobileOG_000288172_NODE_2_length_516385_cov_18.634162
81,mobileOG_000282809|rarA|WP_072055887.1|replication/recombination/repair|NA|Plasmid RefSeq|Homology,NODE_2_length_516385_cov_18.634162_434 # 452805 # 454151 # 1 # ID=2_434;partial=00;start_type=GTG;rbs_motif=GGAG/GAGG;rbs_spacer=5-10bp;gc_cont=0.636,98.8,836,428,7.45e-308,449,1,428,21,448,mobileOG_000282809,rarA,WP_072055887.1,replication/recombination/repair,NA,Plasmid RefSeq,Homology,NODE_2_length_516385_cov_18.634162_434, 452805 # 454151 # 1 , 452805,454151,1 ,2_434,2,434,00,GTG,GGAG/GAGG,5-10bp,0.636,NODE_2_length_516385_cov_18.634162,mobileOG_000282809_NODE_2_length_516385_cov_18.634162
82,"mobileOG_000026493|ihfB|P23303|integration/excision|regulation,lysis/lysogeny|Plasmid RefSeq|Manual",NODE_2_length_516385_cov_18.634162_447 # 470636 # 470920 # 1 # ID=2_447;partial=00;start_type=ATG;rbs_motif=GGAGG;rbs_spacer=3-4bp;gc_cont=0.537,100,193,94,7.10e-65,95,1,94,1,94,mobileOG_000026493,ihfB,P23303,integration/excision,"regulation,lysis/lysogeny",Plasmid RefSeq,Manual,NODE_2_length_516385_cov_18.634162_447, 470636 # 470920 # 1 , 470636,470920,1 ,2_447,2,447,00,ATG,GGAGG,3-4bp,0.537,NODE_2_length_516385_cov_18.634162,mobileOG_000026493_NODE_2_length_516385_cov_18.634162
83,"mobileOG_000025715|ihfB|WP_002898165.1|integration/excision|regulation,lysis/lysogeny|Plasmid RefSeq|Manual",NODE_2_length_516385_cov_18.634162_447 # 470636 # 470920 # 1 # ID=2_447;partial=00;start_type=ATG;rbs_motif=GGAGG;rbs_spacer=3-4bp;gc_cont=0.537,94.6,183,95,6.80e-61,95,1,93,1,93,mobileOG_000025715,ihfB,WP_002898165.1,integration/excision,"regulation,lysis/lysogeny",Plasmid RefSeq,Manual,NODE_2_length_516385_cov_18.634162_447, 470636 # 470920 # 1 , 470636,470920,1 ,2_447,2,447,00,ATG,GGAGG,3-4bp,0.537,NODE_2_length_516385_cov_18.634162,mobileOG_000025715_NODE_2_length_516385_cov_18.634162
84,"mobileOG_000026072|ihfB|A6T704|integration/excision|regulation,lysis/lysogeny|Plasmid RefSeq|Manual",NODE_2_length_516385_cov_18.634162_447 # 470636 # 470920 # 1 # ID=2_447;partial=00;start_type=ATG;rbs_motif=GGAGG;rbs_spacer=3-4bp;gc_cont=0.537,94.6,183,95,6.80e-61,95,1,93,1,93,mobileOG_000026072,ihfB,A6T704,integration/excision,"regulation,lysis/lysogeny",Plasmid RefSeq,Manual,NODE_2_length_516385_cov_18.634162_447, 470636 # 470920 # 1 , 470636,470920,1 ,2_447,2,447,00,ATG,GGAGG,3-4bp,0.537,NODE_2_length_516385_cov_18.634162,mobileOG_000026072_NODE_2_length_516385_cov_18.634162
85,mobileOG_000331284|ihfB|WP_003858233.1|integration/excision|NA|Plasmid RefSeq|Homology,NODE_2_length_516385_cov_18.634162_447 # 470636 # 470920 # 1 # ID=2_447;partial=00;start_type=ATG;rbs_motif=GGAGG;rbs_spacer=3-4bp;gc_cont=0.537,93.6,183,95,6.80e-61,95,1,94,1,94,mobileOG_000331284,ihfB,WP_003858233.1,integration/excision,NA,Plasmid RefSeq,Homology,NODE_2_length_516385_cov_18.634162_447, 470636 # 470920 # 1 , 470636,470920,1 ,2_447,2,447,00,ATG,GGAGG,3-4bp,0.537,NODE_2_length_516385_cov_18.634162,mobileOG_000331284_NODE_2_length_516385_cov_18.634162
86,mobileOG_000336293|mukF|WP_004928228.1|replication/recombination/repair|partitioning|Plasmid RefSeq|Homology,NODE_2_length_516385_cov_18.634162_460 # 484150 # 485472 # 1 # ID=2_460;partial=00;start_type=ATG;rbs_motif=AGGA;rbs_spacer=5-10bp;gc_cont=0.584,100,861,440,9.80e-318,441,1,440,1,440,mobileOG_000336293,mukF,WP_004928228.1,replication/recombination/repair,partitioning,Plasmid RefSeq,Homology,NODE_2_length_516385_cov_18.634162_460, 484150 # 485472 # 1 , 484150,485472,1 ,2_460,2,460,00,ATG,AGGA,5-10bp,0.584,NODE_2_length_516385_cov_18.634162,mobileOG_000336293_NODE_2_length_516385_cov_18.634162
87,"mobileOG_000353987|mukB|WP_060428382.1|replication/recombination/repair|transfer,partitioning|Plasmid RefSeq|Homology",NODE_2_length_516385_cov_18.634162_462 # 486178 # 490626 # 1 # ID=2_462;partial=00;start_type=ATG;rbs_motif=GGAG/GAGG;rbs_spacer=5-10bp;gc_cont=0.623,99.7,2613,1482,0.0,1483,1,1482,1,1482,mobileOG_000353987,mukB,WP_060428382.1,replication/recombination/repair,"transfer,partitioning",Plasmid RefSeq,Homology,NODE_2_length_516385_cov_18.634162_462, 486178 # 490626 # 1 , 486178,490626,1 ,2_462,2,462,00,ATG,GGAG/GAGG,5-10bp,0.623,NODE_2_length_516385_cov_18.634162,mobileOG_000353987_NODE_2_length_516385_cov_18.634162
88,"mobileOG_000353630|mukB|WP_089196851.1|replication/recombination/repair|transfer,partitioning|Plasmid RefSeq|Homology",NODE_2_length_516385_cov_18.634162_462 # 486178 # 490626 # 1 # ID=2_462;partial=00;start_type=ATG;rbs_motif=GGAG/GAGG;rbs_spacer=5-10bp;gc_cont=0.623,98.8,2603,1482,0.0,1483,1,1482,1,1482,mobileOG_000353630,mukB,WP_089196851.1,replication/recombination/repair,"transfer,partitioning",Plasmid RefSeq,Homology,NODE_2_length_516385_cov_18.634162_462, 486178 # 490626 # 1 , 486178,490626,1 ,2_462,2,462,00,ATG,GGAG/GAGG,5-10bp,0.623,NODE_2_length_516385_cov_18.634162,mobileOG_000353630_NODE_2_length_516385_cov_18.634162
89,mobileOG_000739974|NA:Keyword|WP_004936539.1|stability/transfer/defense|NA|Plasmid RefSeq|Keyword Search,NODE_3_length_389102_cov_18.574441_17 # 15749 # 15958 # 1 # ID=3_17;partial=00;start_type=ATG;rbs_motif=GGA/GAG/AGG;rbs_spacer=5-10bp;gc_cont=0.514,100,131,69,4.44e-41,70,1,69,1,69,mobileOG_000739974,NA:Keyword,WP_004936539.1,stability/transfer/defense,NA,Plasmid RefSeq,Keyword Search,NODE_3_length_389102_cov_18.574441_17, 15749 # 15958 # 1 , 15749,15958,1 ,3_17,3,17,00,ATG,GGA/GAG/AGG,5-10bp,0.514,NODE_3_length_389102_cov_18.574441,mobileOG_000739974_NODE_3_length_389102_cov_18.574441
90,mobileOG_000330260|ligA|WP_033654989.1|replication/recombination/repair|NA|Plasmid RefSeq|Homology,NODE_3_length_389102_cov_18.574441_46 # 44761 # 46782 # 1 # ID=3_46;partial=00;start_type=ATG;rbs_motif=None;rbs_spacer=None;gc_cont=0.642,99.4,1286,673,0.0,674,1,673,1,673,mobileOG_000330260,ligA,WP_033654989.1,replication/recombination/repair,NA,Plasmid RefSeq,Homology,NODE_3_length_389102_cov_18.574441_46, 44761 # 46782 # 1 , 44761,46782,1 ,3_46,3,46,00,ATG,None,None,0.642,NODE_3_length_389102_cov_18.574441,mobileOG_000330260_NODE_3_length_389102_cov_18.574441
91,mobileOG_000327452|ligA|WP_101453266.1|replication/recombination/repair|NA|Plasmid RefSeq|Homology,NODE_3_length_389102_cov_18.574441_46 # 44761 # 46782 # 1 # ID=3_46;partial=00;start_type=ATG;rbs_motif=None;rbs_spacer=None;gc_cont=0.642,99.0,1281,673,0.0,674,1,673,1,673,mobileOG_000327452,ligA,WP_101453266.1,replication/recombination/repair,NA,Plasmid RefSeq,Homology,NODE_3_length_389102_cov_18.574441_46, 44761 # 46782 # 1 , 44761,46782,1 ,3_46,3,46,00,ATG,None,None,0.642,NODE_3_length_389102_cov_18.574441,mobileOG_000327452_NODE_3_length_389102_cov_18.574441
92,mobileOG_000555868|NA:Keyword|WP_033648105.1|stability/transfer/defense|NA|GPD|Keyword Search,NODE_3_length_389102_cov_18.574441_82 # 86330 # 86767 # -1 # ID=3_82;partial=00;start_type=ATG;rbs_motif=GGA/GAG/AGG;rbs_spacer=5-10bp;gc_cont=0.589,97.2,284,145,3.09e-99,146,1,145,1,145,mobileOG_000555868,NA:Keyword,WP_033648105.1,stability/transfer/defense,NA,GPD,Keyword Search,NODE_3_length_389102_cov_18.574441_82, 86330 # 86767 # -1 , 86330,86767,-1 ,3_82,3,82,00,ATG,GGA/GAG/AGG,5-10bp,0.589,NODE_3_length_389102_cov_18.574441,mobileOG_000555868_NODE_3_length_389102_cov_18.574441
93,mobileOG_000748214|NA:Keyword|WP_033648105.1|stability/transfer/defense|NA|Plasmid RefSeq|Keyword Search,NODE_3_length_389102_cov_18.574441_82 # 86330 # 86767 # -1 # ID=3_82;partial=00;start_type=ATG;rbs_motif=GGA/GAG/AGG;rbs_spacer=5-10bp;gc_cont=0.589,97.2,283,145,6.25e-99,146,1,145,1,145,mobileOG_000748214,NA:Keyword,WP_033648105.1,stability/transfer/defense,NA,Plasmid RefSeq,Keyword Search,NODE_3_length_389102_cov_18.574441_82, 86330 # 86767 # -1 , 86330,86767,-1 ,3_82,3,82,00,ATG,GGA/GAG/AGG,5-10bp,0.589,NODE_3_length_389102_cov_18.574441,mobileOG_000748214_NODE_3_length_389102_cov_18.574441
94,mobileOG_000356476|srnB|WP_004935921.1|stability/transfer/defense|NA|Plasmid RefSeq|Homology,NODE_3_length_389102_cov_18.574441_217 # 226386 # 226538 # 1 # ID=3_217;partial=00;start_type=ATG;rbs_motif=AGGAG;rbs_spacer=5-10bp;gc_cont=0.431,100,100,50,4.02e-29,51,1,50,1,50,mobileOG_000356476,srnB,WP_004935921.1,stability/transfer/defense,NA,Plasmid RefSeq,Homology,NODE_3_length_389102_cov_18.574441_217, 226386 # 226538 # 1 , 226386,226538,1 ,3_217,3,217,00,ATG,AGGAG,5-10bp,0.431,NODE_3_length_389102_cov_18.574441,mobileOG_000356476_NODE_3_length_389102_cov_18.574441
95,mobileOG_000368510|gyrA|WP_004935906.1|replication/recombination/repair|NA|Plasmid RefSeq|Homology,NODE_3_length_389102_cov_18.574441_222 # 231725 # 234367 # 1 # ID=3_222;partial=00;start_type=ATG;rbs_motif=GGA/GAG/AGG;rbs_spacer=5-10bp;gc_cont=0.605,99.9,1557,880,0.0,881,1,880,1,880,mobileOG_000368510,gyrA,WP_004935906.1,replication/recombination/repair,NA,Plasmid RefSeq,Homology,NODE_3_length_389102_cov_18.574441_222, 231725 # 234367 # 1 , 231725,234367,1 ,3_222,3,222,00,ATG,GGA/GAG/AGG,5-10bp,0.605,NODE_3_length_389102_cov_18.574441,mobileOG_000368510_NODE_3_length_389102_cov_18.574441
96,mobileOG_000353677|gyrA|WP_101453951.1|replication/recombination/repair|NA|Plasmid RefSeq|Homology,NODE_3_length_389102_cov_18.574441_222 # 231725 # 234367 # 1 # ID=3_222;partial=00;start_type=ATG;rbs_motif=GGA/GAG/AGG;rbs_spacer=5-10bp;gc_cont=0.605,99.7,1554,880,0.0,881,1,880,1,880,mobileOG_000353677,gyrA,WP_101453951.1,replication/recombination/repair,NA,Plasmid RefSeq,Homology,NODE_3_length_389102_cov_18.574441_222, 231725 # 234367 # 1 , 231725,234367,1 ,3_222,3,222,00,ATG,GGA/GAG/AGG,5-10bp,0.605,NODE_3_length_389102_cov_18.574441,mobileOG_000353677_NODE_3_length_389102_cov_18.574441
97,mobileOG_000596591|NA:Keyword|A0A0P0QH13|phage|NA|GPD|Keyword Search,NODE_3_length_389102_cov_18.574441_239 # 250432 # 250887 # 1 # ID=3_239;partial=00;start_type=ATG;rbs_motif=GGA/GAG/AGG;rbs_spacer=5-10bp;gc_cont=0.586,92.1,282,151,3.99e-98,152,1,151,1,151,mobileOG_000596591,NA:Keyword,A0A0P0QH13,phage,NA,GPD,Keyword Search,NODE_3_length_389102_cov_18.574441_239, 250432 # 250887 # 1 , 250432,250887,1 ,3_239,3,239,00,ATG,GGA/GAG/AGG,5-10bp,0.586,NODE_3_length_389102_cov_18.574441,mobileOG_000596591_NODE_3_length_389102_cov_18.574441
98,mobileOG_000189151|K|A0A2V4G1Y2|phage|structural|GPD|Homology,NODE_3_length_389102_cov_18.574441_244 # 255035 # 255739 # 1 # ID=3_244;partial=00;start_type=ATG;rbs_motif=AGxAGG/AGGxGG;rbs_spacer=5-10bp;gc_cont=0.623,90.2,469,234,2.48e-169,235,1,234,1,234,mobileOG_000189151,K,A0A2V4G1Y2,phage,structural,GPD,Homology,NODE_3_length_389102_cov_18.574441_244, 255035 # 255739 # 1 , 255035,255739,1 ,3_244,3,244,00,ATG,AGxAGG/AGGxGG,5-10bp,0.623,NODE_3_length_389102_cov_18.574441,mobileOG_000189151_NODE_3_length_389102_cov_18.574441
99,mobileOG_000341065|Fi_ORF45|WP_033635283.1|replication/recombination/repair|NA|Plasmid RefSeq|Homology,NODE_3_length_389102_cov_18.574441_263 # 280608 # 282365 # -1 # ID=3_263;partial=00;start_type=ATG;rbs_motif=None;rbs_spacer=None;gc_cont=0.639,99.1,1183,585,0.0,586,1,585,1,585,mobileOG_000341065,Fi_ORF45,WP_033635283.1,replication/recombination/repair,NA,Plasmid RefSeq,Homology,NODE_3_length_389102_cov_18.574441_263, 280608 # 282365 # -1 , 280608,282365,-1 ,3_263,3,263,00,ATG,None,None,0.639,NODE_3_length_389102_cov_18.574441,mobileOG_000341065_NODE_3_length_389102_cov_18.574441
100,mobileOG_000314070|Fi_ORF45|WP_039565051.1|replication/recombination/repair|NA|Plasmid RefSeq|Homology,NODE_3_length_389102_cov_18.574441_263 # 280608 # 282365 # -1 # ID=3_263;partial=00;start_type=ATG;rbs_motif=None;rbs_spacer=None;gc_cont=0.639,99.1,1182,585,0.0,586,1,585,1,585,mobileOG_000314070,Fi_ORF45,WP_039565051.1,replication/recombination/repair,NA,Plasmid RefSeq,Homology,NODE_3_length_389102_cov_18.574441_263, 280608 # 282365 # -1 , 280608,282365,-1 ,3_263,3,263,00,ATG,None,None,0.639,NODE_3_length_389102_cov_18.574441,mobileOG_000314070_NODE_3_length_389102_cov_18.574441
101,mobileOG_000351496|Fi_ORF45|WP_047574306.1|replication/recombination/repair|NA|Plasmid RefSeq|Homology,NODE_3_length_389102_cov_18.574441_263 # 280608 # 282365 # -1 # ID=3_263;partial=00;start_type=ATG;rbs_motif=None;rbs_spacer=None;gc_cont=0.639,98.6,1177,585,0.0,586,1,585,1,585,mobileOG_000351496,Fi_ORF45,WP_047574306.1,replication/recombination/repair,NA,Plasmid RefSeq,Homology,NODE_3_length_389102_cov_18.574441_263, 280608 # 282365 # -1 , 280608,282365,-1 ,3_263,3,263,00,ATG,None,None,0.639,NODE_3_length_389102_cov_18.574441,mobileOG_000351496_NODE_3_length_389102_cov_18.574441
102,mobileOG_000365481|nfo|WP_033643802.1|replication/recombination/repair|NA|Plasmid RefSeq|Homology,NODE_3_length_389102_cov_18.574441_288 # 311804 # 312643 # -1 # ID=3_288;partial=00;start_type=ATG;rbs_motif=AGGAG;rbs_spacer=5-10bp;gc_cont=0.611,99.6,565,279,8.76e-206,280,1,279,1,279,mobileOG_000365481,nfo,WP_033643802.1,replication/recombination/repair,NA,Plasmid RefSeq,Homology,NODE_3_length_389102_cov_18.574441_288, 311804 # 312643 # -1 , 311804,312643,-1 ,3_288,3,288,00,ATG,AGGAG,5-10bp,0.611,NODE_3_length_389102_cov_18.574441,mobileOG_000365481_NODE_3_length_389102_cov_18.574441
103,mobileOG_000365480|nfo|WP_033635262.1|replication/recombination/repair|NA|Plasmid RefSeq|Homology,NODE_3_length_389102_cov_18.574441_288 # 311804 # 312643 # -1 # ID=3_288;partial=00;start_type=ATG;rbs_motif=AGGAG;rbs_spacer=5-10bp;gc_cont=0.611,99.3,563,279,5.07e-205,280,1,279,1,279,mobileOG_000365480,nfo,WP_033635262.1,replication/recombination/repair,NA,Plasmid RefSeq,Homology,NODE_3_length_389102_cov_18.574441_288, 311804 # 312643 # -1 , 311804,312643,-1 ,3_288,3,288,00,ATG,AGGAG,5-10bp,0.611,NODE_3_length_389102_cov_18.574441,mobileOG_000365480_NODE_3_length_389102_cov_18.574441
104,mobileOG_000326136|sbcB|WP_101455532.1|replication/recombination/repair|stability/transfer/defense|Plasmid RefSeq|Homology,NODE_3_length_389102_cov_18.574441_304 # 330538 # 331965 # -1 # ID=3_304;partial=00;start_type=TTG;rbs_motif=GGA/GAG/AGG;rbs_spacer=5-10bp;gc_cont=0.617,99.2,952,475,0.0,476,1,475,1,475,mobileOG_000326136,sbcB,WP_101455532.1,replication/recombination/repair,stability/transfer/defense,Plasmid RefSeq,Homology,NODE_3_length_389102_cov_18.574441_304, 330538 # 331965 # -1 , 330538,331965,-1 ,3_304,3,304,00,TTG,GGA/GAG/AGG,5-10bp,0.617,NODE_3_length_389102_cov_18.574441,mobileOG_000326136_NODE_3_length_389102_cov_18.574441
105,mobileOG_000331689|sbcB|WP_101453939.1|replication/recombination/repair|stability/transfer/defense|Plasmid RefSeq|Homology,NODE_3_length_389102_cov_18.574441_304 # 330538 # 331965 # -1 # ID=3_304;partial=00;start_type=TTG;rbs_motif=GGA/GAG/AGG;rbs_spacer=5-10bp;gc_cont=0.617,99.6,945,476,0.0,476,9,476,8,475,mobileOG_000331689,sbcB,WP_101453939.1,replication/recombination/repair,stability/transfer/defense,Plasmid RefSeq,Homology,NODE_3_length_389102_cov_18.574441_304, 330538 # 331965 # -1 , 330538,331965,-1 ,3_304,3,304,00,TTG,GGA/GAG/AGG,5-10bp,0.617,NODE_3_length_389102_cov_18.574441,mobileOG_000331689_NODE_3_length_389102_cov_18.574441
106,mobileOG_000336681|sbcB|WP_060435614.1|replication/recombination/repair|stability/transfer/defense|Plasmid RefSeq|Homology,NODE_3_length_389102_cov_18.574441_304 # 330538 # 331965 # -1 # ID=3_304;partial=00;start_type=TTG;rbs_motif=GGA/GAG/AGG;rbs_spacer=5-10bp;gc_cont=0.617,99.6,945,476,0.0,476,9,476,8,475,mobileOG_000336681,sbcB,WP_060435614.1,replication/recombination/repair,stability/transfer/defense,Plasmid RefSeq,Homology,NODE_3_length_389102_cov_18.574441_304, 330538 # 331965 # -1 , 330538,331965,-1 ,3_304,3,304,00,TTG,GGA/GAG/AGG,5-10bp,0.617,NODE_3_length_389102_cov_18.574441,mobileOG_000336681_NODE_3_length_389102_cov_18.574441
107,mobileOG_000361586|higA|WP_033635213.1|stability/transfer/defense|NA|Plasmid RefSeq|Homology,NODE_3_length_389102_cov_18.574441_343 # 370279 # 370581 # 1 # ID=3_343;partial=00;start_type=ATG;rbs_motif=AGGAG;rbs_spacer=5-10bp;gc_cont=0.568,99.0,191,100,1.29e-63,101,1,100,1,100,mobileOG_000361586,higA,WP_033635213.1,stability/transfer/defense,NA,Plasmid RefSeq,Homology,NODE_3_length_389102_cov_18.574441_343, 370279 # 370581 # 1 , 370279,370581,1 ,3_343,3,343,00,ATG,AGGAG,5-10bp,0.568,NODE_3_length_389102_cov_18.574441,mobileOG_000361586_NODE_3_length_389102_cov_18.574441
108,mobileOG_000288460|higA|WP_017383313.1|stability/transfer/defense|NA|Plasmid RefSeq|Homology,NODE_3_length_389102_cov_18.574441_343 # 370279 # 370581 # 1 # ID=3_343;partial=00;start_type=ATG;rbs_motif=AGGAG;rbs_spacer=5-10bp;gc_cont=0.568,90.0,177,100,1.98e-58,101,1,100,1,100,mobileOG_000288460,higA,WP_017383313.1,stability/transfer/defense,NA,Plasmid RefSeq,Homology,NODE_3_length_389102_cov_18.574441_343, 370279 # 370581 # 1 , 370279,370581,1 ,3_343,3,343,00,ATG,AGGAG,5-10bp,0.568,NODE_3_length_389102_cov_18.574441,mobileOG_000288460_NODE_3_length_389102_cov_18.574441
109,mobileOG_000291413|higA|A0A426WK01|stability/transfer/defense|NA|Plasmid RefSeq|Homology,NODE_3_length_389102_cov_18.574441_343 # 370279 # 370581 # 1 # ID=3_343;partial=00;start_type=ATG;rbs_motif=AGGAG;rbs_spacer=5-10bp;gc_cont=0.568,90.0,175,100,1.63e-57,101,1,100,1,100,mobileOG_000291413,higA,A0A426WK01,stability/transfer/defense,NA,Plasmid RefSeq,Homology,NODE_3_length_389102_cov_18.574441_343, 370279 # 370581 # 1 , 370279,370581,1 ,3_343,3,343,00,ATG,AGGAG,5-10bp,0.568,NODE_3_length_389102_cov_18.574441,mobileOG_000291413_NODE_3_length_389102_cov_18.574441
110,mobileOG_000361587|rmuC|WP_033636701.1|replication/recombination/repair|NA|Plasmid RefSeq|Homology,NODE_4_length_295987_cov_24.423602_20 # 19644 # 21191 # -1 # ID=4_20;partial=00;start_type=GTG;rbs_motif=AGGAG;rbs_spacer=5-10bp;gc_cont=0.610,98.3,833,515,6.66e-304,516,1,515,1,515,mobileOG_000361587,rmuC,WP_033636701.1,replication/recombination/repair,NA,Plasmid RefSeq,Homology,NODE_4_length_295987_cov_24.423602_20, 19644 # 21191 # -1 , 19644,21191,-1 ,4_20,4,20,00,GTG,AGGAG,5-10bp,0.610,NODE_4_length_295987_cov_24.423602,mobileOG_000361587_NODE_4_length_295987_cov_24.423602
111,mobileOG_000328016|recQ|WP_033649642.1|replication/recombination/repair|NA|Plasmid RefSeq|Homology,NODE_4_length_295987_cov_24.423602_68 # 70738 # 72582 # -1 # ID=4_68;partial=00;start_type=ATG;rbs_motif=None;rbs_spacer=None;gc_cont=0.629,99.0,1220,610,0.0,615,1,610,5,614,mobileOG_000328016,recQ,WP_033649642.1,replication/recombination/repair,NA,Plasmid RefSeq,Homology,NODE_4_length_295987_cov_24.423602_68, 70738 # 72582 # -1 , 70738,72582,-1 ,4_68,4,68,00,ATG,None,None,0.629,NODE_4_length_295987_cov_24.423602,mobileOG_000328016_NODE_4_length_295987_cov_24.423602
112,mobileOG_000329602|uvrD|WP_101456625.1|replication/recombination/repair|plasmid|Plasmid RefSeq|Homology,NODE_4_length_295987_cov_24.423602_74 # 77052 # 79214 # -1 # ID=4_74;partial=00;start_type=ATG;rbs_motif=None;rbs_spacer=None;gc_cont=0.632,99.6,1431,720,0.0,721,1,720,1,720,mobileOG_000329602,uvrD,WP_101456625.1,replication/recombination/repair,plasmid,Plasmid RefSeq,Homology,NODE_4_length_295987_cov_24.423602_74, 77052 # 79214 # -1 , 77052,79214,-1 ,4_74,4,74,00,ATG,None,None,0.632,NODE_4_length_295987_cov_24.423602,mobileOG_000329602_NODE_4_length_295987_cov_24.423602
113,mobileOG_000351840|uvrD|WP_002211475.1|replication/recombination/repair|plasmid|Plasmid RefSeq|Homology,NODE_4_length_295987_cov_24.423602_74 # 77052 # 79214 # -1 # ID=4_74;partial=00;start_type=ATG;rbs_motif=None;rbs_spacer=None;gc_cont=0.632,92.5,1348,720,0.0,721,1,720,1,720,mobileOG_000351840,uvrD,WP_002211475.1,replication/recombination/repair,plasmid,Plasmid RefSeq,Homology,NODE_4_length_295987_cov_24.423602_74, 77052 # 79214 # -1 , 77052,79214,-1 ,4_74,4,74,00,ATG,None,None,0.632,NODE_4_length_295987_cov_24.423602,mobileOG_000351840_NODE_4_length_295987_cov_24.423602
114,mobileOG_000349233|xerD|WP_016929495.1|integration/excision|replication/recombination/repair|Plasmid RefSeq|Homology,NODE_4_length_295987_cov_24.423602_76 # 80009 # 80920 # -1 # ID=4_76;partial=00;start_type=ATG;rbs_motif=GGA/GAG/AGG;rbs_spacer=5-10bp;gc_cont=0.640,99.7,598,303,3.08e-218,304,1,303,1,303,mobileOG_000349233,xerD,WP_016929495.1,integration/excision,replication/recombination/repair,Plasmid RefSeq,Homology,NODE_4_length_295987_cov_24.423602_76, 80009 # 80920 # -1 , 80009,80920,-1 ,4_76,4,76,00,ATG,GGA/GAG/AGG,5-10bp,0.640,NODE_4_length_295987_cov_24.423602,mobileOG_000349233_NODE_4_length_295987_cov_24.423602
115,"mobileOG_000332113|rep|WP_060446051.1|replication/recombination/repair|initiation,copy number control,plasmid|Plasmid RefSeq|Homology",NODE_4_length_295987_cov_24.423602_103 # 111325 # 113349 # -1 # ID=4_103;partial=00;start_type=ATG;rbs_motif=GGA/GAG/AGG;rbs_spacer=11-12bp;gc_cont=0.604,99.7,1326,674,0.0,675,1,674,1,674,mobileOG_000332113,rep,WP_060446051.1,replication/recombination/repair,"initiation,copy number control,plasmid",Plasmid RefSeq,Homology,NODE_4_length_295987_cov_24.423602_103, 111325 # 113349 # -1 , 111325,113349,-1 ,4_103,4,103,00,ATG,GGA/GAG/AGG,11-12bp,0.604,NODE_4_length_295987_cov_24.423602,mobileOG_000332113_NODE_4_length_295987_cov_24.423602
116,mobileOG_000313842|oppF|WP_033636613.1|transfer|competence|Plasmid RefSeq|Homology,NODE_4_length_295987_cov_24.423602_117 # 133703 # 134692 # -1 # ID=4_117;partial=00;start_type=ATG;rbs_motif=GGAGG;rbs_spacer=5-10bp;gc_cont=0.621,99.1,649,329,1.24e-237,330,1,329,1,329,mobileOG_000313842,oppF,WP_033636613.1,transfer,competence,Plasmid RefSeq,Homology,NODE_4_length_295987_cov_24.423602_117, 133703 # 134692 # -1 , 133703,134692,-1 ,4_117,4,117,00,ATG,GGAGG,5-10bp,0.621,NODE_4_length_295987_cov_24.423602,mobileOG_000313842_NODE_4_length_295987_cov_24.423602
117,mobileOG_000367015|oppF|WP_161597821.1|transfer|competence|Plasmid RefSeq|Homology,NODE_4_length_295987_cov_24.423602_117 # 133703 # 134692 # -1 # ID=4_117;partial=00;start_type=ATG;rbs_motif=GGAGG;rbs_spacer=5-10bp;gc_cont=0.621,94.7,608,346,4.73e-221,330,19,339,5,325,mobileOG_000367015,oppF,WP_161597821.1,transfer,competence,Plasmid RefSeq,Homology,NODE_4_length_295987_cov_24.423602_117, 133703 # 134692 # -1 , 133703,134692,-1 ,4_117,4,117,00,ATG,GGAGG,5-10bp,0.621,NODE_4_length_295987_cov_24.423602,mobileOG_000367015_NODE_4_length_295987_cov_24.423602
118,mobileOG_000289032|oppF|WP_008806903.1|transfer|competence|Plasmid RefSeq|Homology,NODE_4_length_295987_cov_24.423602_117 # 133703 # 134692 # -1 # ID=4_117;partial=00;start_type=ATG;rbs_motif=GGAGG;rbs_spacer=5-10bp;gc_cont=0.621,92.0,597,337,1.26e-216,330,10,332,5,327,mobileOG_000289032,oppF,WP_008806903.1,transfer,competence,Plasmid RefSeq,Homology,NODE_4_length_295987_cov_24.423602_117, 133703 # 134692 # -1 , 133703,134692,-1 ,4_117,4,117,00,ATG,GGAGG,5-10bp,0.621,NODE_4_length_295987_cov_24.423602,mobileOG_000289032_NODE_4_length_295987_cov_24.423602
119,mobileOG_000288462|oppF|WP_017383568.1|transfer|competence|Plasmid RefSeq|Homology,NODE_4_length_295987_cov_24.423602_117 # 133703 # 134692 # -1 # ID=4_117;partial=00;start_type=ATG;rbs_motif=GGAGG;rbs_spacer=5-10bp;gc_cont=0.621,91.0,588,337,4.04e-213,330,10,331,5,326,mobileOG_000288462,oppF,WP_017383568.1,transfer,competence,Plasmid RefSeq,Homology,NODE_4_length_295987_cov_24.423602_117, 133703 # 134692 # -1 , 133703,134692,-1 ,4_117,4,117,00,ATG,GGAGG,5-10bp,0.621,NODE_4_length_295987_cov_24.423602,mobileOG_000288462_NODE_4_length_295987_cov_24.423602
120,mobileOG_000333736|oppD|WP_004934132.1|transfer|competence|Plasmid RefSeq|Homology,NODE_4_length_295987_cov_24.423602_118 # 134689 # 135669 # -1 # ID=4_118;partial=00;start_type=ATG;rbs_motif=GGAG/GAGG;rbs_spacer=5-10bp;gc_cont=0.639,99.7,633,326,2.47e-231,327,1,326,1,326,mobileOG_000333736,oppD,WP_004934132.1,transfer,competence,Plasmid RefSeq,Homology,NODE_4_length_295987_cov_24.423602_118, 134689 # 135669 # -1 , 134689,135669,-1 ,4_118,4,118,00,ATG,GGAG/GAGG,5-10bp,0.639,NODE_4_length_295987_cov_24.423602,mobileOG_000333736_NODE_4_length_295987_cov_24.423602
121,mobileOG_000313841|tag|WP_033636547.1|replication/recombination/repair|NA|Plasmid RefSeq|Homology,NODE_4_length_295987_cov_24.423602_184 # 210161 # 210727 # 1 # ID=4_184;partial=00;start_type=ATG;rbs_motif=AGGA;rbs_spacer=5-10bp;gc_cont=0.600,97.9,389,188,2.66e-139,189,1,188,1,188,mobileOG_000313841,tag,WP_033636547.1,replication/recombination/repair,NA,Plasmid RefSeq,Homology,NODE_4_length_295987_cov_24.423602_184, 210161 # 210727 # 1 , 210161,210727,1 ,4_184,4,184,00,ATG,AGGA,5-10bp,0.600,NODE_4_length_295987_cov_24.423602,mobileOG_000313841_NODE_4_length_295987_cov_24.423602
122,mobileOG_000351490|tag|WP_033652312.1|replication/recombination/repair|NA|Plasmid RefSeq|Homology,NODE_4_length_295987_cov_24.423602_184 # 210161 # 210727 # 1 # ID=4_184;partial=00;start_type=ATG;rbs_motif=AGGA;rbs_spacer=5-10bp;gc_cont=0.600,97.9,388,188,5.36e-139,189,1,188,1,188,mobileOG_000351490,tag,WP_033652312.1,replication/recombination/repair,NA,Plasmid RefSeq,Homology,NODE_4_length_295987_cov_24.423602_184, 210161 # 210727 # 1 , 210161,210727,1 ,4_184,4,184,00,ATG,AGGA,5-10bp,0.600,NODE_4_length_295987_cov_24.423602,mobileOG_000351490_NODE_4_length_295987_cov_24.423602
123,mobileOG_000353686|gyrB|WP_004933898.1|replication/recombination/repair|transfer|Plasmid RefSeq|Homology,NODE_4_length_295987_cov_24.423602_203 # 229541 # 231955 # -1 # ID=4_203;partial=00;start_type=ATG;rbs_motif=GGA/GAG/AGG;rbs_spacer=5-10bp;gc_cont=0.602,99.8,1586,804,0.0,805,1,804,1,804,mobileOG_000353686,gyrB,WP_004933898.1,replication/recombination/repair,transfer,Plasmid RefSeq,Homology,NODE_4_length_295987_cov_24.423602_203, 229541 # 231955 # -1 , 229541,231955,-1 ,4_203,4,203,00,ATG,GGA/GAG/AGG,5-10bp,0.602,NODE_4_length_295987_cov_24.423602,mobileOG_000353686_NODE_4_length_295987_cov_24.423602
124,mobileOG_000353692|gyrB|WP_033636532.1|replication/recombination/repair|transfer|Plasmid RefSeq|Homology,NODE_4_length_295987_cov_24.423602_203 # 229541 # 231955 # -1 # ID=4_203;partial=00;start_type=ATG;rbs_motif=GGA/GAG/AGG;rbs_spacer=5-10bp;gc_cont=0.602,99.6,1585,804,0.0,805,1,804,1,804,mobileOG_000353692,gyrB,WP_033636532.1,replication/recombination/repair,transfer,Plasmid RefSeq,Homology,NODE_4_length_295987_cov_24.423602_203, 229541 # 231955 # -1 , 229541,231955,-1 ,4_203,4,203,00,ATG,GGA/GAG/AGG,5-10bp,0.602,NODE_4_length_295987_cov_24.423602,mobileOG_000353692_NODE_4_length_295987_cov_24.423602
125,mobileOG_000353683|gyrB|WP_002209642.1|replication/recombination/repair|transfer|Plasmid RefSeq|Homology,NODE_4_length_295987_cov_24.423602_203 # 229541 # 231955 # -1 # ID=4_203;partial=00;start_type=ATG;rbs_motif=GGA/GAG/AGG;rbs_spacer=5-10bp;gc_cont=0.602,90.3,1447,804,0.0,805,1,804,1,804,mobileOG_000353683,gyrB,WP_002209642.1,replication/recombination/repair,transfer,Plasmid RefSeq,Homology,NODE_4_length_295987_cov_24.423602_203, 229541 # 231955 # -1 , 229541,231955,-1 ,4_203,4,203,00,ATG,GGA/GAG/AGG,5-10bp,0.602,NODE_4_length_295987_cov_24.423602,mobileOG_000353683_NODE_4_length_295987_cov_24.423602
126,mobileOG_000351474|recF|WP_004933895.1|replication/recombination/repair|NA|Plasmid RefSeq|Homology,NODE_4_length_295987_cov_24.423602_204 # 231974 # 233059 # -1 # ID=4_204;partial=00;start_type=ATG;rbs_motif=GGA/GAG/AGG;rbs_spacer=5-10bp;gc_cont=0.619,100,712,361,3.03e-261,362,1,361,1,361,mobileOG_000351474,recF,WP_004933895.1,replication/recombination/repair,NA,Plasmid RefSeq,Homology,NODE_4_length_295987_cov_24.423602_204, 231974 # 233059 # -1 , 231974,233059,-1 ,4_204,4,204,00,ATG,GGA/GAG/AGG,5-10bp,0.619,NODE_4_length_295987_cov_24.423602,mobileOG_000351474_NODE_4_length_295987_cov_24.423602
127,mobileOG_000335523|recF|WP_033653950.1|replication/recombination/repair|NA|Plasmid RefSeq|Homology,NODE_4_length_295987_cov_24.423602_204 # 231974 # 233059 # -1 # ID=4_204;partial=00;start_type=ATG;rbs_motif=GGA/GAG/AGG;rbs_spacer=5-10bp;gc_cont=0.619,99.7,711,361,8.68e-261,362,1,361,1,361,mobileOG_000335523,recF,WP_033653950.1,replication/recombination/repair,NA,Plasmid RefSeq,Homology,NODE_4_length_295987_cov_24.423602_204, 231974 # 233059 # -1 , 231974,233059,-1 ,4_204,4,204,00,ATG,GGA/GAG/AGG,5-10bp,0.619,NODE_4_length_295987_cov_24.423602,mobileOG_000335523_NODE_4_length_295987_cov_24.423602
128,mobileOG_000026075|recF|Q8Z9U9|replication/recombination/repair|NA|Plasmid RefSeq|Manual,NODE_4_length_295987_cov_24.423602_204 # 231974 # 233059 # -1 # ID=4_204;partial=00;start_type=ATG;rbs_motif=GGA/GAG/AGG;rbs_spacer=5-10bp;gc_cont=0.619,93.1,668,361,7.18e-244,362,1,361,1,361,mobileOG_000026075,recF,Q8Z9U9,replication/recombination/repair,NA,Plasmid RefSeq,Manual,NODE_4_length_295987_cov_24.423602_204, 231974 # 233059 # -1 , 231974,233059,-1 ,4_204,4,204,00,ATG,GGA/GAG/AGG,5-10bp,0.619,NODE_4_length_295987_cov_24.423602,mobileOG_000026075_NODE_4_length_295987_cov_24.423602
129,mobileOG_000368509|dnaN|WP_004933892.1|replication/recombination/repair|NA|Plasmid RefSeq|Homology,NODE_4_length_295987_cov_24.423602_205 # 233105 # 234205 # -1 # ID=4_205;partial=00;start_type=ATG;rbs_motif=None;rbs_spacer=None;gc_cont=0.637,100,711,366,1.28e-260,367,1,366,1,366,mobileOG_000368509,dnaN,WP_004933892.1,replication/recombination/repair,NA,Plasmid RefSeq,Homology,NODE_4_length_295987_cov_24.423602_205, 233105 # 234205 # -1 , 233105,234205,-1 ,4_205,4,205,00,ATG,None,None,0.637,NODE_4_length_295987_cov_24.423602,mobileOG_000368509_NODE_4_length_295987_cov_24.423602
130,mobileOG_000025545|dnaN|WP_000673464.1|replication/recombination/repair|NA|Multiple|Manual,NODE_4_length_295987_cov_24.423602_205 # 233105 # 234205 # -1 # ID=4_205;partial=00;start_type=ATG;rbs_motif=None;rbs_spacer=None;gc_cont=0.637,92.6,667,366,1.50e-243,367,1,366,1,366,mobileOG_000025545,dnaN,WP_000673464.1,replication/recombination/repair,NA,Multiple,Manual,NODE_4_length_295987_cov_24.423602_205, 233105 # 234205 # -1 , 233105,234205,-1 ,4_205,4,205,00,ATG,None,None,0.637,NODE_4_length_295987_cov_24.423602,mobileOG_000025545_NODE_4_length_295987_cov_24.423602
131,mobileOG_000351838|dnaN|WP_002209645.1|replication/recombination/repair|NA|Plasmid RefSeq|Homology,NODE_4_length_295987_cov_24.423602_205 # 233105 # 234205 # -1 # ID=4_205;partial=00;start_type=ATG;rbs_motif=None;rbs_spacer=None;gc_cont=0.637,93.7,667,366,1.50e-243,367,1,366,1,366,mobileOG_000351838,dnaN,WP_002209645.1,replication/recombination/repair,NA,Plasmid RefSeq,Homology,NODE_4_length_295987_cov_24.423602_205, 233105 # 234205 # -1 , 233105,234205,-1 ,4_205,4,205,00,ATG,None,None,0.637,NODE_4_length_295987_cov_24.423602,mobileOG_000351838_NODE_4_length_295987_cov_24.423602
132,mobileOG_000288418|dnaN|A0A422XA93|replication/recombination/repair|NA|Plasmid RefSeq|Homology,NODE_4_length_295987_cov_24.423602_205 # 233105 # 234205 # -1 # ID=4_205;partial=00;start_type=ATG;rbs_motif=None;rbs_spacer=None;gc_cont=0.637,90.4,659,366,3.38e-240,367,1,366,1,366,mobileOG_000288418,dnaN,A0A422XA93,replication/recombination/repair,NA,Plasmid RefSeq,Homology,NODE_4_length_295987_cov_24.423602_205, 233105 # 234205 # -1 , 233105,234205,-1 ,4_205,4,205,00,ATG,None,None,0.637,NODE_4_length_295987_cov_24.423602,mobileOG_000288418_NODE_4_length_295987_cov_24.423602
133,mobileOG_000288440|dnaN|WP_015570134.1|replication/recombination/repair|NA|Plasmid RefSeq|Homology,NODE_4_length_295987_cov_24.423602_205 # 233105 # 234205 # -1 # ID=4_205;partial=00;start_type=ATG;rbs_motif=None;rbs_spacer=None;gc_cont=0.637,90.2,657,366,1.38e-239,367,1,366,1,366,mobileOG_000288440,dnaN,WP_015570134.1,replication/recombination/repair,NA,Plasmid RefSeq,Homology,NODE_4_length_295987_cov_24.423602_205, 233105 # 234205 # -1 , 233105,234205,-1 ,4_205,4,205,00,ATG,None,None,0.637,NODE_4_length_295987_cov_24.423602,mobileOG_000288440_NODE_4_length_295987_cov_24.423602
134,mobileOG_000289030|dnaN|WP_008806743.1|replication/recombination/repair|NA|Plasmid RefSeq|Homology,NODE_4_length_295987_cov_24.423602_205 # 233105 # 234205 # -1 # ID=4_205;partial=00;start_type=ATG;rbs_motif=None;rbs_spacer=None;gc_cont=0.637,90.2,650,366,7.60e-237,367,1,366,1,366,mobileOG_000289030,dnaN,WP_008806743.1,replication/recombination/repair,NA,Plasmid RefSeq,Homology,NODE_4_length_295987_cov_24.423602_205, 233105 # 234205 # -1 , 233105,234205,-1 ,4_205,4,205,00,ATG,None,None,0.637,NODE_4_length_295987_cov_24.423602,mobileOG_000289030_NODE_4_length_295987_cov_24.423602
135,mobileOG_000334819|dnaN|WP_023279353.1|replication/recombination/repair|NA|Plasmid RefSeq|Homology,NODE_4_length_295987_cov_24.423602_205 # 233105 # 234205 # -1 # ID=4_205;partial=00;start_type=ATG;rbs_motif=None;rbs_spacer=None;gc_cont=0.637,90.4,650,366,7.60e-237,367,1,366,1,366,mobileOG_000334819,dnaN,WP_023279353.1,replication/recombination/repair,NA,Plasmid RefSeq,Homology,NODE_4_length_295987_cov_24.423602_205, 233105 # 234205 # -1 , 233105,234205,-1 ,4_205,4,205,00,ATG,None,None,0.637,NODE_4_length_295987_cov_24.423602,mobileOG_000334819_NODE_4_length_295987_cov_24.423602
136,mobileOG_000368508|dnaA|WP_004933889.1|replication/recombination/repair|NA|Plasmid RefSeq|Homology,NODE_4_length_295987_cov_24.423602_206 # 234210 # 235604 # -1 # ID=4_206;partial=00;start_type=GTG;rbs_motif=GGAG/GAGG;rbs_spacer=5-10bp;gc_cont=0.584,100,901,464,0.0,465,1,464,1,464,mobileOG_000368508,dnaA,WP_004933889.1,replication/recombination/repair,NA,Plasmid RefSeq,Homology,NODE_4_length_295987_cov_24.423602_206, 234210 # 235604 # -1 , 234210,235604,-1 ,4_206,4,206,00,GTG,GGAG/GAGG,5-10bp,0.584,NODE_4_length_295987_cov_24.423602,mobileOG_000368508_NODE_4_length_295987_cov_24.423602
137,mobileOG_000325760|dnaA|WP_049235245.1|replication/recombination/repair|NA|Plasmid RefSeq|Homology,NODE_4_length_295987_cov_24.423602_206 # 234210 # 235604 # -1 # ID=4_206;partial=00;start_type=GTG;rbs_motif=GGAG/GAGG;rbs_spacer=5-10bp;gc_cont=0.584,99.6,897,464,0.0,465,1,464,1,464,mobileOG_000325760,dnaA,WP_049235245.1,replication/recombination/repair,NA,Plasmid RefSeq,Homology,NODE_4_length_295987_cov_24.423602_206, 234210 # 235604 # -1 , 234210,235604,-1 ,4_206,4,206,00,GTG,GGAG/GAGG,5-10bp,0.584,NODE_4_length_295987_cov_24.423602,mobileOG_000325760_NODE_4_length_295987_cov_24.423602
138,mobileOG_000351845|dnaA|WP_002220732.1|replication/recombination/repair|NA|Plasmid RefSeq|Homology,NODE_4_length_295987_cov_24.423602_206 # 234210 # 235604 # -1 # ID=4_206;partial=00;start_type=GTG;rbs_motif=GGAG/GAGG;rbs_spacer=5-10bp;gc_cont=0.584,95.9,860,462,1.28e-316,465,1,462,1,464,mobileOG_000351845,dnaA,WP_002220732.1,replication/recombination/repair,NA,Plasmid RefSeq,Homology,NODE_4_length_295987_cov_24.423602_206, 234210 # 235604 # -1 , 234210,235604,-1 ,4_206,4,206,00,GTG,GGAG/GAGG,5-10bp,0.584,NODE_4_length_295987_cov_24.423602,mobileOG_000351845_NODE_4_length_295987_cov_24.423602
139,mobileOG_000288419|dnaA|WP_003861124.1|replication/recombination/repair|NA|Plasmid RefSeq|Homology,NODE_4_length_295987_cov_24.423602_206 # 234210 # 235604 # -1 # ID=4_206;partial=00;start_type=GTG;rbs_motif=GGAG/GAGG;rbs_spacer=5-10bp;gc_cont=0.584,93.3,838,464,1.36e-307,465,1,464,1,464,mobileOG_000288419,dnaA,WP_003861124.1,replication/recombination/repair,NA,Plasmid RefSeq,Homology,NODE_4_length_295987_cov_24.423602_206, 234210 # 235604 # -1 , 234210,235604,-1 ,4_206,4,206,00,GTG,GGAG/GAGG,5-10bp,0.584,NODE_4_length_295987_cov_24.423602,mobileOG_000288419_NODE_4_length_295987_cov_24.423602
140,mobileOG_000290312|dnaA|A0A156L3P6|replication/recombination/repair|NA|Plasmid RefSeq|Homology,NODE_4_length_295987_cov_24.423602_206 # 234210 # 235604 # -1 # ID=4_206;partial=00;start_type=GTG;rbs_motif=GGAG/GAGG;rbs_spacer=5-10bp;gc_cont=0.584,93.3,837,464,3.89e-307,465,1,464,1,464,mobileOG_000290312,dnaA,A0A156L3P6,replication/recombination/repair,NA,Plasmid RefSeq,Homology,NODE_4_length_295987_cov_24.423602_206, 234210 # 235604 # -1 , 234210,235604,-1 ,4_206,4,206,00,GTG,GGAG/GAGG,5-10bp,0.584,NODE_4_length_295987_cov_24.423602,mobileOG_000290312_NODE_4_length_295987_cov_24.423602
141,mobileOG_000327698|dnaA|ETJ17985.1|replication/recombination/repair|NA|Plasmid RefSeq|Homology,NODE_4_length_295987_cov_24.423602_206 # 234210 # 235604 # -1 # ID=4_206;partial=00;start_type=GTG;rbs_motif=GGAG/GAGG;rbs_spacer=5-10bp;gc_cont=0.584,92.7,828,467,1.39e-303,465,1,467,1,464,mobileOG_000327698,dnaA,ETJ17985.1,replication/recombination/repair,NA,Plasmid RefSeq,Homology,NODE_4_length_295987_cov_24.423602_206, 234210 # 235604 # -1 , 234210,235604,-1 ,4_206,4,206,00,GTG,GGAG/GAGG,5-10bp,0.584,NODE_4_length_295987_cov_24.423602,mobileOG_000327698_NODE_4_length_295987_cov_24.423602
142,mobileOG_000332967|dnaA|WP_004151534.1|replication/recombination/repair|NA|Plasmid RefSeq|Homology,NODE_4_length_295987_cov_24.423602_206 # 234210 # 235604 # -1 # ID=4_206;partial=00;start_type=GTG;rbs_motif=GGAG/GAGG;rbs_spacer=5-10bp;gc_cont=0.584,92.1,827,467,1.97e-303,465,1,467,1,464,mobileOG_000332967,dnaA,WP_004151534.1,replication/recombination/repair,NA,Plasmid RefSeq,Homology,NODE_4_length_295987_cov_24.423602_206, 234210 # 235604 # -1 , 234210,235604,-1 ,4_206,4,206,00,GTG,GGAG/GAGG,5-10bp,0.584,NODE_4_length_295987_cov_24.423602,mobileOG_000332967_NODE_4_length_295987_cov_24.423602
143,mobileOG_000327451|dnaA|WP_101416330.1|replication/recombination/repair|NA|Plasmid RefSeq|Homology,NODE_4_length_295987_cov_24.423602_206 # 234210 # 235604 # -1 # ID=4_206;partial=00;start_type=GTG;rbs_motif=GGAG/GAGG;rbs_spacer=5-10bp;gc_cont=0.584,91.9,825,467,2.30e-302,465,1,467,1,464,mobileOG_000327451,dnaA,WP_101416330.1,replication/recombination/repair,NA,Plasmid RefSeq,Homology,NODE_4_length_295987_cov_24.423602_206, 234210 # 235604 # -1 , 234210,235604,-1 ,4_206,4,206,00,GTG,GGAG/GAGG,5-10bp,0.584,NODE_4_length_295987_cov_24.423602,mobileOG_000327451_NODE_4_length_295987_cov_24.423602
144,mobileOG_000368507|rnpA|ECX89229.1|replication/recombination/repair|NA|Plasmid RefSeq|Homology,NODE_4_length_295987_cov_24.423602_207 # 236478 # 236804 # 1 # ID=4_207;partial=00;start_type=TTG;rbs_motif=GGAG/GAGG;rbs_spacer=5-10bp;gc_cont=0.578,99.1,215,119,5.68e-73,109,12,119,1,108,mobileOG_000368507,rnpA,ECX89229.1,replication/recombination/repair,NA,Plasmid RefSeq,Homology,NODE_4_length_295987_cov_24.423602_207, 236478 # 236804 # 1 , 236478,236804,1 ,4_207,4,207,00,TTG,GGAG/GAGG,5-10bp,0.578,NODE_4_length_295987_cov_24.423602,mobileOG_000368507_NODE_4_length_295987_cov_24.423602
145,mobileOG_000353841|rnpA|WP_002228153.1|replication/recombination/repair|NA|Plasmid RefSeq|Homology,NODE_4_length_295987_cov_24.423602_207 # 236478 # 236804 # 1 # ID=4_207;partial=00;start_type=TTG;rbs_motif=GGAG/GAGG;rbs_spacer=5-10bp;gc_cont=0.578,90.7,202,119,6.13e-68,109,12,119,1,108,mobileOG_000353841,rnpA,WP_002228153.1,replication/recombination/repair,NA,Plasmid RefSeq,Homology,NODE_4_length_295987_cov_24.423602_207, 236478 # 236804 # 1 , 236478,236804,1 ,4_207,4,207,00,TTG,GGAG/GAGG,5-10bp,0.578,NODE_4_length_295987_cov_24.423602,mobileOG_000353841_NODE_4_length_295987_cov_24.423602
146,mobileOG_000327800|hda|WP_025159568.1|replication/recombination/repair|NA|Plasmid RefSeq|Homology,NODE_5_length_251603_cov_19.701562_34 # 30209 # 30691 # -1 # ID=5_34;partial=00;start_type=GTG;rbs_motif=AGxAGG/AGGxGG;rbs_spacer=5-10bp;gc_cont=0.600,99.4,321,233,3.95e-112,161,74,233,1,160,mobileOG_000327800,hda,WP_025159568.1,replication/recombination/repair,NA,Plasmid RefSeq,Homology,NODE_5_length_251603_cov_19.701562_34, 30209 # 30691 # -1 , 30209,30691,-1 ,5_34,5,34,00,GTG,AGxAGG/AGGxGG,5-10bp,0.600,NODE_5_length_251603_cov_19.701562,mobileOG_000327800_NODE_5_length_251603_cov_19.701562
147,mobileOG_000330176|hda|WP_101453253.1|replication/recombination/repair|NA|Plasmid RefSeq|Homology,NODE_5_length_251603_cov_19.701562_34 # 30209 # 30691 # -1 # ID=5_34;partial=00;start_type=GTG;rbs_motif=AGxAGG/AGGxGG;rbs_spacer=5-10bp;gc_cont=0.600,98.8,320,233,1.13e-111,161,74,233,1,160,mobileOG_000330176,hda,WP_101453253.1,replication/recombination/repair,NA,Plasmid RefSeq,Homology,NODE_5_length_251603_cov_19.701562_34, 30209 # 30691 # -1 , 30209,30691,-1 ,5_34,5,34,00,GTG,AGxAGG/AGGxGG,5-10bp,0.600,NODE_5_length_251603_cov_19.701562,mobileOG_000330176_NODE_5_length_251603_cov_19.701562
148,mobileOG_000040283|hda|A0A094VSK4|replication/recombination/repair|NA|COMPASS|Homology,NODE_5_length_251603_cov_19.701562_34 # 30209 # 30691 # -1 # ID=5_34;partial=00;start_type=GTG;rbs_motif=AGxAGG/AGGxGG;rbs_spacer=5-10bp;gc_cont=0.600,90.0,291,225,1.13e-100,161,66,225,1,160,mobileOG_000040283,hda,A0A094VSK4,replication/recombination/repair,NA,COMPASS,Homology,NODE_5_length_251603_cov_19.701562_34, 30209 # 30691 # -1 , 30209,30691,-1 ,5_34,5,34,00,GTG,AGxAGG/AGGxGG,5-10bp,0.600,NODE_5_length_251603_cov_19.701562,mobileOG_000040283_NODE_5_length_251603_cov_19.701562
149,mobileOG_000327250|hda|WP_000247065.1|replication/recombination/repair|NA|Plasmid RefSeq|Homology,NODE_5_length_251603_cov_19.701562_34 # 30209 # 30691 # -1 # ID=5_34;partial=00;start_type=GTG;rbs_motif=AGxAGG/AGGxGG;rbs_spacer=5-10bp;gc_cont=0.600,90.0,291,248,2.47e-100,161,89,248,1,160,mobileOG_000327250,hda,WP_000247065.1,replication/recombination/repair,NA,Plasmid RefSeq,Homology,NODE_5_length_251603_cov_19.701562_34, 30209 # 30691 # -1 , 30209,30691,-1 ,5_34,5,34,00,GTG,AGxAGG/AGGxGG,5-10bp,0.600,NODE_5_length_251603_cov_19.701562,mobileOG_000327250_NODE_5_length_251603_cov_19.701562
150,mobileOG_000340880|vapC|WP_033654558.1|stability/transfer/defense|NA|Plasmid RefSeq|Homology,NODE_5_length_251603_cov_19.701562_64 # 67437 # 67826 # -1 # ID=5_64;partial=00;start_type=ATG;rbs_motif=AGGA;rbs_spacer=5-10bp;gc_cont=0.577,96.1,244,129,6.81e-84,130,1,129,1,129,mobileOG_000340880,vapC,WP_033654558.1,stability/transfer/defense,NA,Plasmid RefSeq,Homology,NODE_5_length_251603_cov_19.701562_64, 67437 # 67826 # -1 , 67437,67826,-1 ,5_64,5,64,00,ATG,AGGA,5-10bp,0.577,NODE_5_length_251603_cov_19.701562,mobileOG_000340880_NODE_5_length_251603_cov_19.701562
151,mobileOG_000328285|xseA|WP_031299944.1|replication/recombination/repair|NA|Plasmid RefSeq|Homology,NODE_5_length_251603_cov_19.701562_105 # 114084 # 115382 # 1 # ID=5_105;partial=00;start_type=ATG;rbs_motif=GGA/GAG/AGG;rbs_spacer=5-10bp;gc_cont=0.665,100,654,458,1.31e-235,433,27,458,1,432,mobileOG_000328285,xseA,WP_031299944.1,replication/recombination/repair,NA,Plasmid RefSeq,Homology,NODE_5_length_251603_cov_19.701562_105, 114084 # 115382 # 1 , 114084,115382,1 ,5_105,5,105,00,ATG,GGA/GAG/AGG,5-10bp,0.665,NODE_5_length_251603_cov_19.701562,mobileOG_000328285_NODE_5_length_251603_cov_19.701562
152,"mobileOG_000329166|dnaK|WP_101455550.1|phage|infection,regulation|Plasmid RefSeq|Homology",NODE_5_length_251603_cov_19.701562_126 # 136099 # 137949 # -1 # ID=5_126;partial=00;start_type=ATG;rbs_motif=GGA/GAG/AGG;rbs_spacer=5-10bp;gc_cont=0.663,99.2,1142,616,0.0,617,1,616,1,616,mobileOG_000329166,dnaK,WP_101455550.1,phage,"infection,regulation",Plasmid RefSeq,Homology,NODE_5_length_251603_cov_19.701562_126, 136099 # 137949 # -1 , 136099,137949,-1 ,5_126,5,126,00,ATG,GGA/GAG/AGG,5-10bp,0.663,NODE_5_length_251603_cov_19.701562,mobileOG_000329166_NODE_5_length_251603_cov_19.701562
153,mobileOG_000368501|recO|WP_004929165.1|replication/recombination/repair|NA|Multiple|Homology,NODE_5_length_251603_cov_19.701562_165 # 181154 # 181885 # -1 # ID=5_165;partial=00;start_type=GTG;rbs_motif=None;rbs_spacer=None;gc_cont=0.631,99.6,485,243,1.38e-175,244,1,243,1,243,mobileOG_000368501,recO,WP_004929165.1,replication/recombination/repair,NA,Multiple,Homology,NODE_5_length_251603_cov_19.701562_165, 181154 # 181885 # -1 , 181154,181885,-1 ,5_165,5,165,00,GTG,None,None,0.631,NODE_5_length_251603_cov_19.701562,mobileOG_000368501_NODE_5_length_251603_cov_19.701562
154,mobileOG_000368553|ung|WP_033635636.1|replication/recombination/repair|NA|Plasmid RefSeq|Homology,NODE_5_length_251603_cov_19.701562_181 # 197298 # 197981 # 1 # ID=5_181;partial=00;start_type=ATG;rbs_motif=AGGAG;rbs_spacer=5-10bp;gc_cont=0.626,99.6,476,227,1.83e-172,228,1,227,1,227,mobileOG_000368553,ung,WP_033635636.1,replication/recombination/repair,NA,Plasmid RefSeq,Homology,NODE_5_length_251603_cov_19.701562_181, 197298 # 197981 # 1 , 197298,197981,1 ,5_181,5,181,00,ATG,AGGAG,5-10bp,0.626,NODE_5_length_251603_cov_19.701562,mobileOG_000368553_NODE_5_length_251603_cov_19.701562
155,mobileOG_000328446|recN|WP_033654310.1|replication/recombination/repair|NA|Plasmid RefSeq|Homology,NODE_5_length_251603_cov_19.701562_184 # 199713 # 201374 # 1 # ID=5_184;partial=00;start_type=ATG;rbs_motif=AGGA;rbs_spacer=5-10bp;gc_cont=0.644,99.5,1041,553,0.0,554,1,553,1,553,mobileOG_000328446,recN,WP_033654310.1,replication/recombination/repair,NA,Plasmid RefSeq,Homology,NODE_5_length_251603_cov_19.701562_184, 199713 # 201374 # 1 , 199713,201374,1 ,5_184,5,184,00,ATG,AGGA,5-10bp,0.644,NODE_5_length_251603_cov_19.701562,mobileOG_000328446_NODE_5_length_251603_cov_19.701562
156,mobileOG_000337297|ratA|WP_086580341.1|stability/transfer/defense|NA|Plasmid RefSeq|Homology,NODE_5_length_251603_cov_19.701562_187 # 202349 # 202783 # -1 # ID=5_187;partial=00;start_type=ATG;rbs_motif=AGGA;rbs_spacer=5-10bp;gc_cont=0.570,99.3,285,162,1.85e-99,145,19,162,1,144,mobileOG_000337297,ratA,WP_086580341.1,stability/transfer/defense,NA,Plasmid RefSeq,Homology,NODE_5_length_251603_cov_19.701562_187, 202349 # 202783 # -1 , 202349,202783,-1 ,5_187,5,187,00,ATG,AGGA,5-10bp,0.570,NODE_5_length_251603_cov_19.701562,mobileOG_000337297_NODE_5_length_251603_cov_19.701562
157,"mobileOG_000301583|dpiA|WP_033635694.1|replication/recombination/repair|partitioning,regulation|Plasmid RefSeq|Homology",NODE_5_length_251603_cov_19.701562_222 # 230345 # 231031 # 1 # ID=5_222;partial=00;start_type=ATG;rbs_motif=GGA/GAG/AGG;rbs_spacer=5-10bp;gc_cont=0.604,99.1,442,228,7.36e-159,229,1,228,1,228,mobileOG_000301583,dpiA,WP_033635694.1,replication/recombination/repair,"partitioning,regulation",Plasmid RefSeq,Homology,NODE_5_length_251603_cov_19.701562_222, 230345 # 231031 # 1 , 230345,231031,1 ,5_222,5,222,00,ATG,GGA/GAG/AGG,5-10bp,0.604,NODE_5_length_251603_cov_19.701562,mobileOG_000301583_NODE_5_length_251603_cov_19.701562
158,mobileOG_000353791|parC|WP_039569308.1|replication/recombination/repair|partitioning|Plasmid RefSeq|Homology,NODE_6_length_249766_cov_22.588600_44 # 52916 # 55189 # -1 # ID=6_44;partial=00;start_type=ATG;rbs_motif=AGGA;rbs_spacer=5-10bp;gc_cont=0.633,99.5,1469,757,0.0,758,1,757,1,757,mobileOG_000353791,parC,WP_039569308.1,replication/recombination/repair,partitioning,Plasmid RefSeq,Homology,NODE_6_length_249766_cov_22.588600_44, 52916 # 55189 # -1 , 52916,55189,-1 ,6_44,6,44,00,ATG,AGGA,5-10bp,0.633,NODE_6_length_249766_cov_22.588600,mobileOG_000353791_NODE_6_length_249766_cov_22.588600
159,mobileOG_000368543|parE|WP_025304305.1|replication/recombination/repair|partitioning|Plasmid RefSeq|Homology,NODE_6_length_249766_cov_22.588600_48 # 57426 # 59321 # -1 # ID=6_48;partial=00;start_type=ATG;rbs_motif=None;rbs_spacer=None;gc_cont=0.621,100,1256,631,0.0,632,1,631,1,631,mobileOG_000368543,parE,WP_025304305.1,replication/recombination/repair,partitioning,Plasmid RefSeq,Homology,NODE_6_length_249766_cov_22.588600_48, 57426 # 59321 # -1 , 57426,59321,-1 ,6_48,6,48,00,ATG,None,None,0.621,NODE_6_length_249766_cov_22.588600,mobileOG_000368543_NODE_6_length_249766_cov_22.588600
160,mobileOG_000026107|parE|P20083|replication/recombination/repair|partitioning|Multiple|Manual,NODE_6_length_249766_cov_22.588600_48 # 57426 # 59321 # -1 # ID=6_48;partial=00;start_type=ATG;rbs_motif=None;rbs_spacer=None;gc_cont=0.621,92.2,1167,630,0.0,632,1,630,1,631,mobileOG_000026107,parE,P20083,replication/recombination/repair,partitioning,Multiple,Manual,NODE_6_length_249766_cov_22.588600_48, 57426 # 59321 # -1 , 57426,59321,-1 ,6_48,6,48,00,ATG,None,None,0.621,NODE_6_length_249766_cov_22.588600,mobileOG_000026107_NODE_6_length_249766_cov_22.588600
161,mobileOG_000289024|parE|WP_008806513.1|replication/recombination/repair|partitioning|Plasmid RefSeq|Homology,NODE_6_length_249766_cov_22.588600_48 # 57426 # 59321 # -1 # ID=6_48;partial=00;start_type=ATG;rbs_motif=None;rbs_spacer=None;gc_cont=0.621,92.1,1167,631,0.0,632,1,631,1,631,mobileOG_000289024,parE,WP_008806513.1,replication/recombination/repair,partitioning,Plasmid RefSeq,Homology,NODE_6_length_249766_cov_22.588600_48, 57426 # 59321 # -1 , 57426,59321,-1 ,6_48,6,48,00,ATG,None,None,0.621,NODE_6_length_249766_cov_22.588600,mobileOG_000289024_NODE_6_length_249766_cov_22.588600
162,mobileOG_000353777|parE|A0A0C2EHG6|replication/recombination/repair|partitioning|Multiple|Homology,NODE_6_length_249766_cov_22.588600_48 # 57426 # 59321 # -1 # ID=6_48;partial=00;start_type=ATG;rbs_motif=None;rbs_spacer=None;gc_cont=0.621,92.1,1166,630,0.0,632,1,630,1,631,mobileOG_000353777,parE,A0A0C2EHG6,replication/recombination/repair,partitioning,Multiple,Homology,NODE_6_length_249766_cov_22.588600_48, 57426 # 59321 # -1 , 57426,59321,-1 ,6_48,6,48,00,ATG,None,None,0.621,NODE_6_length_249766_cov_22.588600,mobileOG_000353777_NODE_6_length_249766_cov_22.588600
163,mobileOG_000026108|parE|P0A2I6|replication/recombination/repair|partitioning|Plasmid RefSeq|Manual,NODE_6_length_249766_cov_22.588600_48 # 57426 # 59321 # -1 # ID=6_48;partial=00;start_type=ATG;rbs_motif=None;rbs_spacer=None;gc_cont=0.621,92.1,1165,630,0.0,632,1,630,1,631,mobileOG_000026108,parE,P0A2I6,replication/recombination/repair,partitioning,Plasmid RefSeq,Manual,NODE_6_length_249766_cov_22.588600_48, 57426 # 59321 # -1 , 57426,59321,-1 ,6_48,6,48,00,ATG,None,None,0.621,NODE_6_length_249766_cov_22.588600,mobileOG_000026108_NODE_6_length_249766_cov_22.588600
164,"mobileOG_000353237|cca|WP_033649056.1|phage|regulation,infection|Plasmid RefSeq|Homology",NODE_6_length_249766_cov_22.588600_69 # 83151 # 84395 # 1 # ID=6_69;partial=00;start_type=GTG;rbs_motif=AGGAG;rbs_spacer=5-10bp;gc_cont=0.647,98.8,822,414,4.86e-303,415,1,414,1,414,mobileOG_000353237,cca,WP_033649056.1,phage,"regulation,infection",Plasmid RefSeq,Homology,NODE_6_length_249766_cov_22.588600_69, 83151 # 84395 # 1 , 83151,84395,1 ,6_69,6,69,00,GTG,AGGAG,5-10bp,0.647,NODE_6_length_249766_cov_22.588600,mobileOG_000353237_NODE_6_length_249766_cov_22.588600
165,mobileOG_000368544|dnaG|WP_025304325.1|replication/recombination/repair|NA|Plasmid RefSeq|Homology,NODE_6_length_249766_cov_22.588600_74 # 88220 # 89968 # 1 # ID=6_74;partial=00;start_type=ATG;rbs_motif=GGA/GAG/AGG;rbs_spacer=3-4bp;gc_cont=0.599,99.8,1145,582,0.0,583,1,582,1,582,mobileOG_000368544,dnaG,WP_025304325.1,replication/recombination/repair,NA,Plasmid RefSeq,Homology,NODE_6_length_249766_cov_22.588600_74, 88220 # 89968 # 1 , 88220,89968,1 ,6_74,6,74,00,ATG,GGA/GAG/AGG,3-4bp,0.599,NODE_6_length_249766_cov_22.588600,mobileOG_000368544_NODE_6_length_249766_cov_22.588600
166,mobileOG_000015138|dnaG|A0A0P0QJ09|replication/recombination/repair|NA|GPD|Manual,NODE_6_length_249766_cov_22.588600_74 # 88220 # 89968 # 1 # ID=6_74;partial=00;start_type=ATG;rbs_motif=GGA/GAG/AGG;rbs_spacer=3-4bp;gc_cont=0.599,99.5,1141,582,0.0,583,1,582,1,582,mobileOG_000015138,dnaG,A0A0P0QJ09,replication/recombination/repair,NA,GPD,Manual,NODE_6_length_249766_cov_22.588600_74, 88220 # 89968 # 1 , 88220,89968,1 ,6_74,6,74,00,ATG,GGA/GAG/AGG,3-4bp,0.599,NODE_6_length_249766_cov_22.588600,mobileOG_000015138_NODE_6_length_249766_cov_22.588600
167,mobileOG_000015137|mug|A0A221DV72|replication/recombination/repair|NA|GPD|Manual,NODE_6_length_249766_cov_22.588600_77 # 92493 # 92981 # -1 # ID=6_77;partial=00;start_type=ATG;rbs_motif=GGA/GAG/AGG;rbs_spacer=11-12bp;gc_cont=0.646,98.1,327,162,1.87e-115,163,1,162,1,162,mobileOG_000015137,mug,A0A221DV72,replication/recombination/repair,NA,GPD,Manual,NODE_6_length_249766_cov_22.588600_77, 92493 # 92981 # -1 , 92493,92981,-1 ,6_77,6,77,00,ATG,GGA/GAG/AGG,11-12bp,0.646,NODE_6_length_249766_cov_22.588600,mobileOG_000015137_NODE_6_length_249766_cov_22.588600
168,mobileOG_000026430|mug|P43343|replication/recombination/repair|NA|Plasmid RefSeq|Manual,NODE_6_length_249766_cov_22.588600_77 # 92493 # 92981 # -1 # ID=6_77;partial=00;start_type=ATG;rbs_motif=GGA/GAG/AGG;rbs_spacer=11-12bp;gc_cont=0.646,98.1,325,162,5.35e-115,163,1,162,1,162,mobileOG_000026430,mug,P43343,replication/recombination/repair,NA,Plasmid RefSeq,Manual,NODE_6_length_249766_cov_22.588600_77, 92493 # 92981 # -1 , 92493,92981,-1 ,6_77,6,77,00,ATG,GGA/GAG/AGG,11-12bp,0.646,NODE_6_length_249766_cov_22.588600,mobileOG_000026430_NODE_6_length_249766_cov_22.588600
169,mobileOG_000368512|diaA|WP_004937103.1|replication/recombination/repair|NA|Plasmid RefSeq|Homology,NODE_6_length_249766_cov_22.588600_116 # 130786 # 131376 # 1 # ID=6_116;partial=00;start_type=GTG;rbs_motif=GGA/GAG/AGG;rbs_spacer=5-10bp;gc_cont=0.606,100,383,196,1.35e-136,197,1,196,1,196,mobileOG_000368512,diaA,WP_004937103.1,replication/recombination/repair,NA,Plasmid RefSeq,Homology,NODE_6_length_249766_cov_22.588600_116, 130786 # 131376 # 1 , 130786,131376,1 ,6_116,6,116,00,GTG,GGA/GAG/AGG,5-10bp,0.606,NODE_6_length_249766_cov_22.588600,mobileOG_000368512_NODE_6_length_249766_cov_22.588600
170,mobileOG_000026069|diaA|A6TEG8|replication/recombination/repair|NA|Plasmid RefSeq|Manual,NODE_6_length_249766_cov_22.588600_116 # 130786 # 131376 # 1 # ID=6_116;partial=00;start_type=GTG;rbs_motif=GGA/GAG/AGG;rbs_spacer=5-10bp;gc_cont=0.606,96.4,374,196,6.16e-133,197,1,196,1,196,mobileOG_000026069,diaA,A6TEG8,replication/recombination/repair,NA,Plasmid RefSeq,Manual,NODE_6_length_249766_cov_22.588600_116, 130786 # 131376 # 1 , 130786,131376,1 ,6_116,6,116,00,GTG,GGA/GAG/AGG,5-10bp,0.606,NODE_6_length_249766_cov_22.588600,mobileOG_000026069_NODE_6_length_249766_cov_22.588600
171,mobileOG_000297506|diaA|A0A422XC86|replication/recombination/repair|NA|Plasmid RefSeq|Homology,NODE_6_length_249766_cov_22.588600_116 # 130786 # 131376 # 1 # ID=6_116;partial=00;start_type=GTG;rbs_motif=GGA/GAG/AGG;rbs_spacer=5-10bp;gc_cont=0.606,96.4,373,196,1.24e-132,197,1,196,1,196,mobileOG_000297506,diaA,A0A422XC86,replication/recombination/repair,NA,Plasmid RefSeq,Homology,NODE_6_length_249766_cov_22.588600_116, 130786 # 131376 # 1 , 130786,131376,1 ,6_116,6,116,00,GTG,GGA/GAG/AGG,5-10bp,0.606,NODE_6_length_249766_cov_22.588600,mobileOG_000297506_NODE_6_length_249766_cov_22.588600
172,mobileOG_000025623|diaA|WP_000893481.1|replication/recombination/repair|NA|Plasmid RefSeq|Manual,NODE_6_length_249766_cov_22.588600_116 # 130786 # 131376 # 1 # ID=6_116;partial=00;start_type=GTG;rbs_motif=GGA/GAG/AGG;rbs_spacer=5-10bp;gc_cont=0.606,95.9,369,196,2.93e-131,197,1,196,1,196,mobileOG_000025623,diaA,WP_000893481.1,replication/recombination/repair,NA,Plasmid RefSeq,Manual,NODE_6_length_249766_cov_22.588600_116, 130786 # 131376 # 1 , 130786,131376,1 ,6_116,6,116,00,GTG,GGA/GAG/AGG,5-10bp,0.606,NODE_6_length_249766_cov_22.588600,mobileOG_000025623_NODE_6_length_249766_cov_22.588600
173,mobileOG_000025677|diaA|WP_002210146.1|replication/recombination/repair|NA|Plasmid RefSeq|Manual,NODE_6_length_249766_cov_22.588600_116 # 130786 # 131376 # 1 # ID=6_116;partial=00;start_type=GTG;rbs_motif=GGA/GAG/AGG;rbs_spacer=5-10bp;gc_cont=0.606,93.4,358,196,5.44e-127,197,1,196,1,196,mobileOG_000025677,diaA,WP_002210146.1,replication/recombination/repair,NA,Plasmid RefSeq,Manual,NODE_6_length_249766_cov_22.588600_116, 130786 # 131376 # 1 , 130786,131376,1 ,6_116,6,116,00,GTG,GGA/GAG/AGG,5-10bp,0.606,NODE_6_length_249766_cov_22.588600,mobileOG_000025677_NODE_6_length_249766_cov_22.588600
174,"mobileOG_000368511|sspA|WP_004937082.1|phage|infection,regulation|Plasmid RefSeq|Homology",NODE_6_length_249766_cov_22.588600_126 # 144790 # 145431 # -1 # ID=6_126;partial=00;start_type=ATG;rbs_motif=GGAGG;rbs_spacer=5-10bp;gc_cont=0.586,100,419,213,2.30e-150,214,1,213,1,213,mobileOG_000368511,sspA,WP_004937082.1,phage,"infection,regulation",Plasmid RefSeq,Homology,NODE_6_length_249766_cov_22.588600_126, 144790 # 145431 # -1 , 144790,145431,-1 ,6_126,6,126,00,ATG,GGAGG,5-10bp,0.586,NODE_6_length_249766_cov_22.588600,mobileOG_000368511_NODE_6_length_249766_cov_22.588600
175,"mobileOG_000354050|sspA|WP_025304366.1|phage|infection,regulation|Plasmid RefSeq|Homology",NODE_6_length_249766_cov_22.588600_126 # 144790 # 145431 # -1 # ID=6_126;partial=00;start_type=ATG;rbs_motif=GGAGG;rbs_spacer=5-10bp;gc_cont=0.586,99.5,417,213,9.38e-150,214,1,213,1,213,mobileOG_000354050,sspA,WP_025304366.1,phage,"infection,regulation",Plasmid RefSeq,Homology,NODE_6_length_249766_cov_22.588600_126, 144790 # 145431 # -1 , 144790,145431,-1 ,6_126,6,126,00,ATG,GGAGG,5-10bp,0.586,NODE_6_length_249766_cov_22.588600,mobileOG_000354050_NODE_6_length_249766_cov_22.588600
176,mobileOG_000003237|fis|WP_000462905.1|integration/excision|replication/recombination/repair|Multiple|Manual,NODE_6_length_249766_cov_22.588600_203 # 220813 # 221109 # 1 # ID=6_203;partial=00;start_type=ATG;rbs_motif=GGA/GAG/AGG;rbs_spacer=11-12bp;gc_cont=0.492,100,189,98,4.53e-63,99,1,98,1,98,mobileOG_000003237,fis,WP_000462905.1,integration/excision,replication/recombination/repair,Multiple,Manual,NODE_6_length_249766_cov_22.588600_203, 220813 # 221109 # 1 , 220813,221109,1 ,6_203,6,203,00,ATG,GGA/GAG/AGG,11-12bp,0.492,NODE_6_length_249766_cov_22.588600,mobileOG_000003237_NODE_6_length_249766_cov_22.588600
177,mobileOG_000353627|fis|WP_004240545.1|integration/excision|replication/recombination/repair|Plasmid RefSeq|Homology,NODE_6_length_249766_cov_22.588600_203 # 220813 # 221109 # 1 # ID=6_203;partial=00;start_type=ATG;rbs_motif=GGA/GAG/AGG;rbs_spacer=11-12bp;gc_cont=0.492,98.0,186,98,5.30e-62,99,1,98,1,98,mobileOG_000353627,fis,WP_004240545.1,integration/excision,replication/recombination/repair,Plasmid RefSeq,Homology,NODE_6_length_249766_cov_22.588600_203, 220813 # 221109 # 1 , 220813,221109,1 ,6_203,6,203,00,ATG,GGA/GAG/AGG,11-12bp,0.492,NODE_6_length_249766_cov_22.588600,mobileOG_000353627_NODE_6_length_249766_cov_22.588600
178,mobileOG_000026099|fis|Q8ZAX8|integration/excision|replication/recombination/repair|Plasmid RefSeq|Manual,NODE_6_length_249766_cov_22.588600_203 # 220813 # 221109 # 1 # ID=6_203;partial=00;start_type=ATG;rbs_motif=GGA/GAG/AGG;rbs_spacer=11-12bp;gc_cont=0.492,98.0,186,98,7.54e-62,99,1,98,1,98,mobileOG_000026099,fis,Q8ZAX8,integration/excision,replication/recombination/repair,Plasmid RefSeq,Manual,NODE_6_length_249766_cov_22.588600_203, 220813 # 221109 # 1 , 220813,221109,1 ,6_203,6,203,00,ATG,GGA/GAG/AGG,11-12bp,0.492,NODE_6_length_249766_cov_22.588600,mobileOG_000026099_NODE_6_length_249766_cov_22.588600
179,mobileOG_000012594|fis|WP_000462905.1|integration/excision|replication/recombination/repair|GPD|Manual,NODE_6_length_249766_cov_22.588600_203 # 220813 # 221109 # 1 # ID=6_203;partial=00;start_type=ATG;rbs_motif=GGA/GAG/AGG;rbs_spacer=11-12bp;gc_cont=0.492,100,179,93,3.60e-59,99,1,93,6,98,mobileOG_000012594,fis,WP_000462905.1,integration/excision,replication/recombination/repair,GPD,Manual,NODE_6_length_249766_cov_22.588600_203, 220813 # 221109 # 1 , 220813,221109,1 ,6_203,6,203,00,ATG,GGA/GAG/AGG,11-12bp,0.492,NODE_6_length_249766_cov_22.588600,mobileOG_000012594_NODE_6_length_249766_cov_22.588600
180,mobileOG_000026496|ssb|P25762|replication/recombination/repair|NA|Plasmid RefSeq|Manual,NODE_6_length_249766_cov_22.588600_222 # 240454 # 240984 # -1 # ID=6_222;partial=00;start_type=ATG;rbs_motif=GGAG/GAGG;rbs_spacer=5-10bp;gc_cont=0.623,100,336,176,1.18e-118,177,1,176,1,176,mobileOG_000026496,ssb,P25762,replication/recombination/repair,NA,Plasmid RefSeq,Manual,NODE_6_length_249766_cov_22.588600_222, 240454 # 240984 # -1 , 240454,240984,-1 ,6_222,6,222,00,ATG,GGAG/GAGG,5-10bp,0.623,NODE_6_length_249766_cov_22.588600,mobileOG_000026496_NODE_6_length_249766_cov_22.588600
181,mobileOG_000364805|ssb|WP_033654707.1|replication/recombination/repair|NA|Plasmid RefSeq|Homology,NODE_6_length_249766_cov_22.588600_222 # 240454 # 240984 # -1 # ID=6_222;partial=00;start_type=ATG;rbs_motif=GGAG/GAGG;rbs_spacer=5-10bp;gc_cont=0.623,94.4,307,177,3.32e-107,177,1,177,1,176,mobileOG_000364805,ssb,WP_033654707.1,replication/recombination/repair,NA,Plasmid RefSeq,Homology,NODE_6_length_249766_cov_22.588600_222, 240454 # 240984 # -1 , 240454,240984,-1 ,6_222,6,222,00,ATG,GGAG/GAGG,5-10bp,0.623,NODE_6_length_249766_cov_22.588600,mobileOG_000364805_NODE_6_length_249766_cov_22.588600
182,mobileOG_000355081|uvrA|WP_033644422.1|replication/recombination/repair|NA|Plasmid RefSeq|Homology,NODE_6_length_249766_cov_22.588600_223 # 241262 # 244090 # 1 # ID=6_223;partial=00;start_type=ATG;rbs_motif=GGA/GAG/AGG;rbs_spacer=5-10bp;gc_cont=0.633,99.6,1861,942,0.0,943,1,942,1,942,mobileOG_000355081,uvrA,WP_033644422.1,replication/recombination/repair,NA,Plasmid RefSeq,Homology,NODE_6_length_249766_cov_22.588600_223, 241262 # 244090 # 1 , 241262,244090,1 ,6_223,6,223,00,ATG,GGA/GAG/AGG,5-10bp,0.633,NODE_6_length_249766_cov_22.588600,mobileOG_000355081_NODE_6_length_249766_cov_22.588600
183,mobileOG_000355080|uvrA|WP_033636192.1|replication/recombination/repair|NA|Plasmid RefSeq|Homology,NODE_6_length_249766_cov_22.588600_223 # 241262 # 244090 # 1 # ID=6_223;partial=00;start_type=ATG;rbs_motif=GGA/GAG/AGG;rbs_spacer=5-10bp;gc_cont=0.633,99.4,1854,942,0.0,943,1,940,1,940,mobileOG_000355080,uvrA,WP_033636192.1,replication/recombination/repair,NA,Plasmid RefSeq,Homology,NODE_6_length_249766_cov_22.588600_223, 241262 # 244090 # 1 , 241262,244090,1 ,6_223,6,223,00,ATG,GGA/GAG/AGG,5-10bp,0.633,NODE_6_length_249766_cov_22.588600,mobileOG_000355080_NODE_6_length_249766_cov_22.588600
184,mobileOG_000355073|uvrA|WP_004146620.1|replication/recombination/repair|NA|Plasmid RefSeq|Homology,NODE_6_length_249766_cov_22.588600_223 # 241262 # 244090 # 1 # ID=6_223;partial=00;start_type=ATG;rbs_motif=GGA/GAG/AGG;rbs_spacer=5-10bp;gc_cont=0.633,92.9,1759,941,0.0,943,1,940,1,940,mobileOG_000355073,uvrA,WP_004146620.1,replication/recombination/repair,NA,Plasmid RefSeq,Homology,NODE_6_length_249766_cov_22.588600_223, 241262 # 244090 # 1 , 241262,244090,1 ,6_223,6,223,00,ATG,GGA/GAG/AGG,5-10bp,0.633,NODE_6_length_249766_cov_22.588600,mobileOG_000355073_NODE_6_length_249766_cov_22.588600
185,mobileOG_000289038|uvrA|WP_008807293.1|replication/recombination/repair|NA|Plasmid RefSeq|Homology,NODE_6_length_249766_cov_22.588600_223 # 241262 # 244090 # 1 # ID=6_223;partial=00;start_type=ATG;rbs_motif=GGA/GAG/AGG;rbs_spacer=5-10bp;gc_cont=0.633,92.7,1756,941,0.0,943,1,940,1,940,mobileOG_000289038,uvrA,WP_008807293.1,replication/recombination/repair,NA,Plasmid RefSeq,Homology,NODE_6_length_249766_cov_22.588600_223, 241262 # 244090 # 1 , 241262,244090,1 ,6_223,6,223,00,ATG,GGA/GAG/AGG,5-10bp,0.633,NODE_6_length_249766_cov_22.588600,mobileOG_000289038_NODE_6_length_249766_cov_22.588600
186,mobileOG_000026154|uvrA|P0A699|replication/recombination/repair|NA|Plasmid RefSeq|Manual,NODE_6_length_249766_cov_22.588600_223 # 241262 # 244090 # 1 # ID=6_223;partial=00;start_type=ATG;rbs_motif=GGA/GAG/AGG;rbs_spacer=5-10bp;gc_cont=0.633,91.7,1745,940,0.0,943,1,940,1,940,mobileOG_000026154,uvrA,P0A699,replication/recombination/repair,NA,Plasmid RefSeq,Manual,NODE_6_length_249766_cov_22.588600_223, 241262 # 244090 # 1 , 241262,244090,1 ,6_223,6,223,00,ATG,GGA/GAG/AGG,5-10bp,0.633,NODE_6_length_249766_cov_22.588600,mobileOG_000026154_NODE_6_length_249766_cov_22.588600
187,mobileOG_000288441|uvrA|WP_015570187.1|replication/recombination/repair|NA|Plasmid RefSeq|Homology,NODE_6_length_249766_cov_22.588600_223 # 241262 # 244090 # 1 # ID=6_223;partial=00;start_type=ATG;rbs_motif=GGA/GAG/AGG;rbs_spacer=5-10bp;gc_cont=0.633,91.8,1744,940,0.0,943,1,940,1,940,mobileOG_000288441,uvrA,WP_015570187.1,replication/recombination/repair,NA,Plasmid RefSeq,Homology,NODE_6_length_249766_cov_22.588600_223, 241262 # 244090 # 1 , 241262,244090,1 ,6_223,6,223,00,ATG,GGA/GAG/AGG,5-10bp,0.633,NODE_6_length_249766_cov_22.588600,mobileOG_000288441_NODE_6_length_249766_cov_22.588600
188,"mobileOG_000376888|rep|WP_016930264.1|replication/recombination/repair|initiation,copy number control,plasmid|Plasmid RefSeq|Homology",NODE_6_length_249766_cov_22.588600_227 # 246469 # 246885 # -1 # ID=6_227;partial=00;start_type=ATG;rbs_motif=AGGA/GGAG/GAGG;rbs_spacer=11-12bp;gc_cont=0.597,100,289,138,2.70e-101,139,1,138,1,138,mobileOG_000376888,rep,WP_016930264.1,replication/recombination/repair,"initiation,copy number control,plasmid",Plasmid RefSeq,Homology,NODE_6_length_249766_cov_22.588600_227, 246469 # 246885 # -1 , 246469,246885,-1 ,6_227,6,227,00,ATG,AGGA/GGAG/GAGG,11-12bp,0.597,NODE_6_length_249766_cov_22.588600,mobileOG_000376888_NODE_6_length_249766_cov_22.588600
189,"mobileOG_000376616|rep|WP_004936779.1|replication/recombination/repair|initiation,copy number control,plasmid|Plasmid RefSeq|Homology",NODE_6_length_249766_cov_22.588600_227 # 246469 # 246885 # -1 # ID=6_227;partial=00;start_type=ATG;rbs_motif=AGGA/GGAG/GAGG;rbs_spacer=11-12bp;gc_cont=0.597,99.3,287,138,1.56e-100,139,1,138,1,138,mobileOG_000376616,rep,WP_004936779.1,replication/recombination/repair,"initiation,copy number control,plasmid",Plasmid RefSeq,Homology,NODE_6_length_249766_cov_22.588600_227, 246469 # 246885 # -1 , 246469,246885,-1 ,6_227,6,227,00,ATG,AGGA/GGAG/GAGG,11-12bp,0.597,NODE_6_length_249766_cov_22.588600,mobileOG_000376616_NODE_6_length_249766_cov_22.588600
190,"mobileOG_000329633|hflD|WP_033638217.1|phage|infection,regulation|Plasmid RefSeq|Homology",NODE_7_length_245806_cov_16.798380_36 # 41676 # 42302 # -1 # ID=7_36;partial=00;start_type=GTG;rbs_motif=AGGAG;rbs_spacer=5-10bp;gc_cont=0.608,99.0,399,208,1.33e-142,209,1,208,1,208,mobileOG_000329633,hflD,WP_033638217.1,phage,"infection,regulation",Plasmid RefSeq,Homology,NODE_7_length_245806_cov_16.798380_36, 41676 # 42302 # -1 , 41676,42302,-1 ,7_36,7,36,00,GTG,AGGAG,5-10bp,0.608,NODE_7_length_245806_cov_16.798380,mobileOG_000329633_NODE_7_length_245806_cov_16.798380
191,mobileOG_000243345|intE|A0A2X2G7I5|integration/excision|NA|GPD|Homology,NODE_7_length_245806_cov_16.798380_45 # 51363 # 52490 # -1 # ID=7_45;partial=00;start_type=ATG;rbs_motif=AGGA;rbs_spacer=5-10bp;gc_cont=0.471,94.6,716,379,3.14e-262,376,1,373,1,373,mobileOG_000243345,intE,A0A2X2G7I5,integration/excision,NA,GPD,Homology,NODE_7_length_245806_cov_16.798380_45, 51363 # 52490 # -1 , 51363,52490,-1 ,7_45,7,45,00,ATG,AGGA,5-10bp,0.471,NODE_7_length_245806_cov_16.798380,mobileOG_000243345_NODE_7_length_245806_cov_16.798380
192,mobileOG_000243344|xis|A0A2X2G886|integration/excision|replication/recombination/repair|GPD|Homology,NODE_7_length_245806_cov_16.798380_46 # 52471 # 52716 # -1 # ID=7_46;partial=00;start_type=ATG;rbs_motif=GGAGG;rbs_spacer=5-10bp;gc_cont=0.512,95.1,163,81,2.23e-53,82,1,81,1,81,mobileOG_000243344,xis,A0A2X2G886,integration/excision,replication/recombination/repair,GPD,Homology,NODE_7_length_245806_cov_16.798380_46, 52471 # 52716 # -1 , 52471,52716,-1 ,7_46,7,46,00,ATG,GGAGG,5-10bp,0.512,NODE_7_length_245806_cov_16.798380,mobileOG_000243344_NODE_7_length_245806_cov_16.798380
193,mobileOG_000596863|NA:Keyword|A0A170N364|transfer|partitioning|GPD|Keyword Search,NODE_7_length_245806_cov_16.798380_48 # 53443 # 54282 # -1 # ID=7_48;partial=00;start_type=ATG;rbs_motif=GGAG/GAGG;rbs_spacer=5-10bp;gc_cont=0.554,94.4,503,270,1.09e-181,280,1,270,1,270,mobileOG_000596863,NA:Keyword,A0A170N364,transfer,partitioning,GPD,Keyword Search,NODE_7_length_245806_cov_16.798380_48, 53443 # 54282 # -1 , 53443,54282,-1 ,7_48,7,48,00,ATG,GGAG/GAGG,5-10bp,0.554,NODE_7_length_245806_cov_16.798380,mobileOG_000596863_NODE_7_length_245806_cov_16.798380
194,"mobileOG_000193217|cI_1|A0A3V4R8A2|phage|lysis/lysogeny,regulation|GPD|Homology",NODE_7_length_245806_cov_16.798380_53 # 55758 # 56531 # -1 # ID=7_53;partial=00;start_type=ATG;rbs_motif=GGA/GAG/AGG;rbs_spacer=5-10bp;gc_cont=0.497,99.6,526,257,1.98e-191,258,1,257,1,257,mobileOG_000193217,cI_1,A0A3V4R8A2,phage,"lysis/lysogeny,regulation",GPD,Homology,NODE_7_length_245806_cov_16.798380_53, 55758 # 56531 # -1 , 55758,56531,-1 ,7_53,7,53,00,ATG,GGA/GAG/AGG,5-10bp,0.497,NODE_7_length_245806_cov_16.798380,mobileOG_000193217_NODE_7_length_245806_cov_16.798380
195,"mobileOG_000243304|O|A0A2V4GJT5|phage|infection,regulation|GPD|Homology",NODE_7_length_245806_cov_16.798380_57 # 57499 # 58521 # 1 # ID=7_57;partial=00;start_type=ATG;rbs_motif=GGA/GAG/AGG;rbs_spacer=5-10bp;gc_cont=0.551,96.5,632,340,1.48e-230,341,1,340,1,340,mobileOG_000243304,O,A0A2V4GJT5,phage,"infection,regulation",GPD,Homology,NODE_7_length_245806_cov_16.798380_57, 57499 # 58521 # 1 , 57499,58521,1 ,7_57,7,57,00,ATG,GGA/GAG/AGG,5-10bp,0.551,NODE_7_length_245806_cov_16.798380,mobileOG_000243304_NODE_7_length_245806_cov_16.798380
196,mobileOG_000243305|rusA|WP_101456392.1|replication/recombination/repair|NA|GPD|Homology,NODE_7_length_245806_cov_16.798380_59 # 59489 # 59845 # 1 # ID=7_59;partial=00;start_type=ATG;rbs_motif=None;rbs_spacer=None;gc_cont=0.532,98.3,237,118,2.38e-81,119,1,117,1,117,mobileOG_000243305,rusA,WP_101456392.1,replication/recombination/repair,NA,GPD,Homology,NODE_7_length_245806_cov_16.798380_59, 59489 # 59845 # 1 , 59489,59845,1 ,7_59,7,59,00,ATG,None,None,0.532,NODE_7_length_245806_cov_16.798380,mobileOG_000243305_NODE_7_length_245806_cov_16.798380
197,mobileOG_000308868|rusA|WP_101456392.1|replication/recombination/repair|NA|Plasmid RefSeq|Homology,NODE_7_length_245806_cov_16.798380_59 # 59489 # 59845 # 1 # ID=7_59;partial=00;start_type=ATG;rbs_motif=None;rbs_spacer=None;gc_cont=0.532,97.4,236,118,6.83e-81,119,1,117,1,117,mobileOG_000308868,rusA,WP_101456392.1,replication/recombination/repair,NA,Plasmid RefSeq,Homology,NODE_7_length_245806_cov_16.798380_59, 59489 # 59845 # 1 , 59489,59845,1 ,7_59,7,59,00,ATG,None,None,0.532,NODE_7_length_245806_cov_16.798380,mobileOG_000308868_NODE_7_length_245806_cov_16.798380
198,"mobileOG_000243120|quuD|A0A221FNR9|phage|infection,regulation|GPD|Homology",NODE_7_length_245806_cov_16.798380_60 # 59842 # 60270 # 1 # ID=7_60;partial=00;start_type=ATG;rbs_motif=GGAG/GAGG;rbs_spacer=5-10bp;gc_cont=0.494,99.3,290,142,1.81e-101,143,1,142,1,142,mobileOG_000243120,quuD,A0A221FNR9,phage,"infection,regulation",GPD,Homology,NODE_7_length_245806_cov_16.798380_60, 59842 # 60270 # 1 , 59842,60270,1 ,7_60,7,60,00,ATG,GGAG/GAGG,5-10bp,0.494,NODE_7_length_245806_cov_16.798380,mobileOG_000243120_NODE_7_length_245806_cov_16.798380
199,"mobileOG_000243084|quuD|A0A164D4P7|phage|infection,regulation|GPD|Homology",NODE_7_length_245806_cov_16.798380_60 # 59842 # 60270 # 1 # ID=7_60;partial=00;start_type=ATG;rbs_motif=GGAG/GAGG;rbs_spacer=5-10bp;gc_cont=0.494,91.5,271,142,3.79e-94,143,1,142,1,142,mobileOG_000243084,quuD,A0A164D4P7,phage,"infection,regulation",GPD,Homology,NODE_7_length_245806_cov_16.798380_60, 59842 # 60270 # 1 , 59842,60270,1 ,7_60,7,60,00,ATG,GGAG/GAGG,5-10bp,0.494,NODE_7_length_245806_cov_16.798380,mobileOG_000243084_NODE_7_length_245806_cov_16.798380
200,"mobileOG_000163081|quuD|A0A164D4P7|phage|infection,regulation|GPD|Homology",NODE_7_length_245806_cov_16.798380_60 # 59842 # 60270 # 1 # ID=7_60;partial=00;start_type=ATG;rbs_motif=GGAG/GAGG;rbs_spacer=5-10bp;gc_cont=0.494,91.5,270,142,1.54e-93,143,1,142,1,142,mobileOG_000163081,quuD,A0A164D4P7,phage,"infection,regulation",GPD,Homology,NODE_7_length_245806_cov_16.798380_60, 59842 # 60270 # 1 , 59842,60270,1 ,7_60,7,60,00,ATG,GGAG/GAGG,5-10bp,0.494,NODE_7_length_245806_cov_16.798380,mobileOG_000163081_NODE_7_length_245806_cov_16.798380
201,mobileOG_000189147|holE_2|A0A168KIR3|replication/recombination/repair|NA|GPD|Homology,NODE_7_length_245806_cov_16.798380_66 # 63863 # 64117 # 1 # ID=7_66;partial=00;start_type=ATG;rbs_motif=AGGAG;rbs_spacer=5-10bp;gc_cont=0.561,97.6,169,84,2.02e-55,85,1,84,1,84,mobileOG_000189147,holE_2,A0A168KIR3,replication/recombination/repair,NA,GPD,Homology,NODE_7_length_245806_cov_16.798380_66, 63863 # 64117 # 1 , 63863,64117,1 ,7_66,7,66,00,ATG,AGGAG,5-10bp,0.561,NODE_7_length_245806_cov_16.798380,mobileOG_000189147_NODE_7_length_245806_cov_16.798380
202,mobileOG_000193213|holE_2|A0A168KIR3|replication/recombination/repair|NA|GPD|Homology,NODE_7_length_245806_cov_16.798380_66 # 63863 # 64117 # 1 # ID=7_66;partial=00;start_type=ATG;rbs_motif=AGGAG;rbs_spacer=5-10bp;gc_cont=0.561,96.4,167,84,8.22e-55,85,1,84,1,84,mobileOG_000193213,holE_2,A0A168KIR3,replication/recombination/repair,NA,GPD,Homology,NODE_7_length_245806_cov_16.798380_66, 63863 # 64117 # 1 , 63863,64117,1 ,7_66,7,66,00,ATG,AGGAG,5-10bp,0.561,NODE_7_length_245806_cov_16.798380,mobileOG_000193213_NODE_7_length_245806_cov_16.798380
203,mobileOG_000599750|NA:Keyword|A0A1B3FBB4|phage|NA|GPD|Keyword Search,NODE_7_length_245806_cov_16.798380_71 # 68117 # 69043 # 1 # ID=7_71;partial=00;start_type=ATG;rbs_motif=GGAG/GAGG;rbs_spacer=5-10bp;gc_cont=0.546,99.4,605,308,5.77e-221,309,1,308,1,308,mobileOG_000599750,NA:Keyword,A0A1B3FBB4,phage,NA,GPD,Keyword Search,NODE_7_length_245806_cov_16.798380_71, 68117 # 69043 # 1 , 68117,69043,1 ,7_71,7,71,00,ATG,GGAG/GAGG,5-10bp,0.546,NODE_7_length_245806_cov_16.798380,mobileOG_000599750_NODE_7_length_245806_cov_16.798380
204,mobileOG_000596586|NA:Keyword|A0A1B3FBB4|phage|NA|GPD|Keyword Search,NODE_7_length_245806_cov_16.798380_71 # 68117 # 69043 # 1 # ID=7_71;partial=00;start_type=ATG;rbs_motif=GGAG/GAGG;rbs_spacer=5-10bp;gc_cont=0.546,98.7,601,308,2.74e-219,309,1,308,1,308,mobileOG_000596586,NA:Keyword,A0A1B3FBB4,phage,NA,GPD,Keyword Search,NODE_7_length_245806_cov_16.798380_71, 68117 # 69043 # 1 , 68117,69043,1 ,7_71,7,71,00,ATG,GGAG/GAGG,5-10bp,0.546,NODE_7_length_245806_cov_16.798380,mobileOG_000596586_NODE_7_length_245806_cov_16.798380
205,mobileOG_000193211|N5|A0A221FP20|phage|structural|GPD|Homology,NODE_7_length_245806_cov_16.798380_80 # 73995 # 74744 # 1 # ID=7_80;partial=00;start_type=ATG;rbs_motif=GGAG/GAGG;rbs_spacer=5-10bp;gc_cont=0.564,99.2,468,249,1.59e-168,250,1,249,1,249,mobileOG_000193211,N5,A0A221FP20,phage,structural,GPD,Homology,NODE_7_length_245806_cov_16.798380_80, 73995 # 74744 # 1 , 73995,74744,1 ,7_80,7,80,00,ATG,GGAG/GAGG,5-10bp,0.564,NODE_7_length_245806_cov_16.798380,mobileOG_000193211_NODE_7_length_245806_cov_16.798380
206,mobileOG_000189148|N5|A0A221FP20|phage|structural|GPD|Homology,NODE_7_length_245806_cov_16.798380_80 # 73995 # 74744 # 1 # ID=7_80;partial=00;start_type=ATG;rbs_motif=GGAG/GAGG;rbs_spacer=5-10bp;gc_cont=0.564,98.8,466,249,6.47e-168,250,1,249,1,249,mobileOG_000189148,N5,A0A221FP20,phage,structural,GPD,Homology,NODE_7_length_245806_cov_16.798380_80, 73995 # 74744 # 1 , 73995,74744,1 ,7_80,7,80,00,ATG,GGAG/GAGG,5-10bp,0.564,NODE_7_length_245806_cov_16.798380,mobileOG_000189148_NODE_7_length_245806_cov_16.798380
207,mobileOG_000599749|NA:Keyword|A0A5C7CTM2|phage|NA|GPD|Keyword Search,NODE_7_length_245806_cov_16.798380_86 # 77809 # 81207 # 1 # ID=7_86;partial=00;start_type=ATG;rbs_motif=GGAG/GAGG;rbs_spacer=5-10bp;gc_cont=0.528,90.6,1669,1130,0.0,1133,1,1129,1,1129,mobileOG_000599749,NA:Keyword,A0A5C7CTM2,phage,NA,GPD,Keyword Search,NODE_7_length_245806_cov_16.798380_86, 77809 # 81207 # 1 , 77809,81207,1 ,7_86,7,86,00,ATG,GGAG/GAGG,5-10bp,0.528,NODE_7_length_245806_cov_16.798380,mobileOG_000599749_NODE_7_length_245806_cov_16.798380
208,mobileOG_000556624|NA:Keyword|A0A4Q2H830|phage|NA|GPD|Keyword Search,NODE_7_length_245806_cov_16.798380_90 # 82574 # 85051 # 1 # ID=7_90;partial=00;start_type=ATG;rbs_motif=GGAG/GAGG;rbs_spacer=5-10bp;gc_cont=0.556,95.3,1559,825,0.0,826,1,824,1,824,mobileOG_000556624,NA:Keyword,A0A4Q2H830,phage,NA,GPD,Keyword Search,NODE_7_length_245806_cov_16.798380_90, 82574 # 85051 # 1 , 82574,85051,1 ,7_90,7,90,00,ATG,GGAG/GAGG,5-10bp,0.556,NODE_7_length_245806_cov_16.798380,mobileOG_000556624_NODE_7_length_245806_cov_16.798380
209,mobileOG_000555954|NA:Keyword|A0A4Q2H830|phage|NA|GPD|Keyword Search,NODE_7_length_245806_cov_16.798380_90 # 82574 # 85051 # 1 # ID=7_90;partial=00;start_type=ATG;rbs_motif=GGAG/GAGG;rbs_spacer=5-10bp;gc_cont=0.556,95.0,1558,825,0.0,826,1,824,1,824,mobileOG_000555954,NA:Keyword,A0A4Q2H830,phage,NA,GPD,Keyword Search,NODE_7_length_245806_cov_16.798380_90, 82574 # 85051 # 1 , 82574,85051,1 ,7_90,7,90,00,ATG,GGAG/GAGG,5-10bp,0.556,NODE_7_length_245806_cov_16.798380,mobileOG_000555954_NODE_7_length_245806_cov_16.798380
210,mobileOG_000597097|NA:Keyword|A0A341E298|phage|NA|GPD|Keyword Search,NODE_7_length_245806_cov_16.798380_90 # 82574 # 85051 # 1 # ID=7_90;partial=00;start_type=ATG;rbs_motif=GGAG/GAGG;rbs_spacer=5-10bp;gc_cont=0.556,94.7,1548,825,0.0,826,1,824,1,824,mobileOG_000597097,NA:Keyword,A0A341E298,phage,NA,GPD,Keyword Search,NODE_7_length_245806_cov_16.798380_90, 82574 # 85051 # 1 , 82574,85051,1 ,7_90,7,90,00,ATG,GGAG/GAGG,5-10bp,0.556,NODE_7_length_245806_cov_16.798380,mobileOG_000597097_NODE_7_length_245806_cov_16.798380
211,mobileOG_000456512|NA:Keyword|A0A341E298|phage|NA|GPD|Keyword Search,NODE_7_length_245806_cov_16.798380_90 # 82574 # 85051 # 1 # ID=7_90;partial=00;start_type=ATG;rbs_motif=GGAG/GAGG;rbs_spacer=5-10bp;gc_cont=0.556,93.0,1530,825,0.0,826,1,824,1,824,mobileOG_000456512,NA:Keyword,A0A341E298,phage,NA,GPD,Keyword Search,NODE_7_length_245806_cov_16.798380_90, 82574 # 85051 # 1 , 82574,85051,1 ,7_90,7,90,00,ATG,GGAG/GAGG,5-10bp,0.556,NODE_7_length_245806_cov_16.798380,mobileOG_000456512_NODE_7_length_245806_cov_16.798380
212,mobileOG_000015284|umuD|A0A0A5LWI7|replication/recombination/repair|NA|GPD|Manual,NODE_7_length_245806_cov_16.798380_93 # 88499 # 88921 # 1 # ID=7_93;partial=00;start_type=ATG;rbs_motif=GGA/GAG/AGG;rbs_spacer=5-10bp;gc_cont=0.537,100,285,140,7.41e-100,141,1,140,1,140,mobileOG_000015284,umuD,A0A0A5LWI7,replication/recombination/repair,NA,GPD,Manual,NODE_7_length_245806_cov_16.798380_93, 88499 # 88921 # 1 , 88499,88921,1 ,7_93,7,93,00,ATG,GGA/GAG/AGG,5-10bp,0.537,NODE_7_length_245806_cov_16.798380,mobileOG_000015284_NODE_7_length_245806_cov_16.798380
213,mobileOG_000015077|umuD|A0A0A5LWI7|replication/recombination/repair|NA|GPD|Manual,NODE_7_length_245806_cov_16.798380_93 # 88499 # 88921 # 1 # ID=7_93;partial=00;start_type=ATG;rbs_motif=GGA/GAG/AGG;rbs_spacer=5-10bp;gc_cont=0.537,99.3,285,140,1.05e-99,141,1,140,1,140,mobileOG_000015077,umuD,A0A0A5LWI7,replication/recombination/repair,NA,GPD,Manual,NODE_7_length_245806_cov_16.798380_93, 88499 # 88921 # 1 , 88499,88921,1 ,7_93,7,93,00,ATG,GGA/GAG/AGG,5-10bp,0.537,NODE_7_length_245806_cov_16.798380,mobileOG_000015077_NODE_7_length_245806_cov_16.798380
214,mobileOG_000189149|umuC|A0A1B3FBE2|replication/recombination/repair|NA|GPD|Homology,NODE_7_length_245806_cov_16.798380_94 # 88921 # 90189 # 1 # ID=7_94;partial=00;start_type=ATG;rbs_motif=GGAG/GAGG;rbs_spacer=5-10bp;gc_cont=0.534,99.3,843,422,5.34e-311,423,1,422,1,422,mobileOG_000189149,umuC,A0A1B3FBE2,replication/recombination/repair,NA,GPD,Homology,NODE_7_length_245806_cov_16.798380_94, 88921 # 90189 # 1 , 88921,90189,1 ,7_94,7,94,00,ATG,GGAG/GAGG,5-10bp,0.534,NODE_7_length_245806_cov_16.798380,mobileOG_000189149_NODE_7_length_245806_cov_16.798380
215,mobileOG_000193210|umuC|A0A1B3FBE2|replication/recombination/repair|NA|GPD|Homology,NODE_7_length_245806_cov_16.798380_94 # 88921 # 90189 # 1 # ID=7_94;partial=00;start_type=ATG;rbs_motif=GGAG/GAGG;rbs_spacer=5-10bp;gc_cont=0.534,98.6,840,422,8.85e-310,423,1,422,1,422,mobileOG_000193210,umuC,A0A1B3FBE2,replication/recombination/repair,NA,GPD,Homology,NODE_7_length_245806_cov_16.798380_94, 88921 # 90189 # 1 , 88921,90189,1 ,7_94,7,94,00,ATG,GGAG/GAGG,5-10bp,0.534,NODE_7_length_245806_cov_16.798380,mobileOG_000193210_NODE_7_length_245806_cov_16.798380
216,"mobileOG_000026495|ihfA|A8GDR1|integration/excision|regulation,lysis/lysogeny|Plasmid RefSeq|Manual",NODE_7_length_245806_cov_16.798380_209 # 201465 # 201761 # 1 # ID=7_209;partial=00;start_type=ATG;rbs_motif=GGAG/GAGG;rbs_spacer=5-10bp;gc_cont=0.552,100,194,98,4.71e-65,99,1,98,1,98,mobileOG_000026495,ihfA,A8GDR1,integration/excision,"regulation,lysis/lysogeny",Plasmid RefSeq,Manual,NODE_7_length_245806_cov_16.798380_209, 201465 # 201761 # 1 , 201465,201761,1 ,7_209,7,209,00,ATG,GGAG/GAGG,5-10bp,0.552,NODE_7_length_245806_cov_16.798380,mobileOG_000026495_NODE_7_length_245806_cov_16.798380
217,"mobileOG_000022000|ihfA|WP_001229265.1|integration/excision|regulation,lysis/lysogeny|Multiple|Manual",NODE_7_length_245806_cov_16.798380_209 # 201465 # 201761 # 1 # ID=7_209;partial=00;start_type=ATG;rbs_motif=GGAG/GAGG;rbs_spacer=5-10bp;gc_cont=0.552,95.9,186,99,5.47e-62,99,1,97,1,97,mobileOG_000022000,ihfA,WP_001229265.1,integration/excision,"regulation,lysis/lysogeny",Multiple,Manual,NODE_7_length_245806_cov_16.798380_209, 201465 # 201761 # 1 , 201465,201761,1 ,7_209,7,209,00,ATG,GGAG/GAGG,5-10bp,0.552,NODE_7_length_245806_cov_16.798380,mobileOG_000022000_NODE_7_length_245806_cov_16.798380
218,"mobileOG_000025015|ihfA|WP_003857805.1|integration/excision|regulation,lysis/lysogeny|Multiple|Manual",NODE_7_length_245806_cov_16.798380_209 # 201465 # 201761 # 1 # ID=7_209;partial=00;start_type=ATG;rbs_motif=GGAG/GAGG;rbs_spacer=5-10bp;gc_cont=0.552,94.8,185,99,1.57e-61,99,1,97,1,97,mobileOG_000025015,ihfA,WP_003857805.1,integration/excision,"regulation,lysis/lysogeny",Multiple,Manual,NODE_7_length_245806_cov_16.798380_209, 201465 # 201761 # 1 , 201465,201761,1 ,7_209,7,209,00,ATG,GGAG/GAGG,5-10bp,0.552,NODE_7_length_245806_cov_16.798380,mobileOG_000025015_NODE_7_length_245806_cov_16.798380
219,"mobileOG_000015162|ihfA|WP_001229265.1|integration/excision|regulation,lysis/lysogeny|GPD|Manual",NODE_7_length_245806_cov_16.798380_209 # 201465 # 201761 # 1 # ID=7_209;partial=00;start_type=ATG;rbs_motif=GGAG/GAGG;rbs_spacer=5-10bp;gc_cont=0.552,95.8,183,97,1.21e-60,99,1,95,3,97,mobileOG_000015162,ihfA,WP_001229265.1,integration/excision,"regulation,lysis/lysogeny",GPD,Manual,NODE_7_length_245806_cov_16.798380_209, 201465 # 201761 # 1 , 201465,201761,1 ,7_209,7,209,00,ATG,GGAG/GAGG,5-10bp,0.552,NODE_7_length_245806_cov_16.798380,mobileOG_000015162_NODE_7_length_245806_cov_16.798380
220,"mobileOG_000368531|nusA|WP_019453340.1|phage|regulation,infection|Plasmid RefSeq|Homology",NODE_8_length_233671_cov_23.083555_157 # 169040 # 170548 # -1 # ID=8_157;partial=00;start_type=ATG;rbs_motif=GGAG/GAGG;rbs_spacer=5-10bp;gc_cont=0.575,99.6,952,502,0.0,503,1,502,1,502,mobileOG_000368531,nusA,WP_019453340.1,phage,"regulation,infection",Plasmid RefSeq,Homology,NODE_8_length_233671_cov_23.083555_157, 169040 # 170548 # -1 , 169040,170548,-1 ,8_157,8,157,00,ATG,GGAG/GAGG,5-10bp,0.575,NODE_8_length_233671_cov_23.083555,mobileOG_000368531_NODE_8_length_233671_cov_23.083555
221,"mobileOG_000368505|ftsH|WP_004933529.1|phage|infection,regulation|Plasmid RefSeq|Homology",NODE_8_length_233671_cov_23.083555_162 # 174357 # 176288 # -1 # ID=8_162;partial=00;start_type=ATG;rbs_motif=GGA/GAG/AGG;rbs_spacer=3-4bp;gc_cont=0.596,100,1248,643,0.0,644,1,643,1,643,mobileOG_000368505,ftsH,WP_004933529.1,phage,"infection,regulation",Plasmid RefSeq,Homology,NODE_8_length_233671_cov_23.083555_162, 174357 # 176288 # -1 , 174357,176288,-1 ,8_162,8,162,00,ATG,GGA/GAG/AGG,3-4bp,0.596,NODE_8_length_233671_cov_23.083555,mobileOG_000368505_NODE_8_length_233671_cov_23.083555
222,"mobileOG_000289028|ftsH|WP_008806637.1|phage|infection,regulation|Plasmid RefSeq|Homology",NODE_8_length_233671_cov_23.083555_162 # 174357 # 176288 # -1 # ID=8_162;partial=00;start_type=ATG;rbs_motif=GGA/GAG/AGG;rbs_spacer=3-4bp;gc_cont=0.596,94.7,1189,644,0.0,644,1,641,1,641,mobileOG_000289028,ftsH,WP_008806637.1,phage,"infection,regulation",Plasmid RefSeq,Homology,NODE_8_length_233671_cov_23.083555_162, 174357 # 176288 # -1 , 174357,176288,-1 ,8_162,8,162,00,ATG,GGA/GAG/AGG,3-4bp,0.596,NODE_8_length_233671_cov_23.083555,mobileOG_000289028_NODE_8_length_233671_cov_23.083555
223,"mobileOG_000288420|ftsH|A0A422XC88|phage|infection,regulation|Plasmid RefSeq|Homology",NODE_8_length_233671_cov_23.083555_162 # 174357 # 176288 # -1 # ID=8_162;partial=00;start_type=ATG;rbs_motif=GGA/GAG/AGG;rbs_spacer=3-4bp;gc_cont=0.596,94.5,1186,644,0.0,644,1,641,1,641,mobileOG_000288420,ftsH,A0A422XC88,phage,"infection,regulation",Plasmid RefSeq,Homology,NODE_8_length_233671_cov_23.083555_162, 174357 # 176288 # -1 , 174357,176288,-1 ,8_162,8,162,00,ATG,GGA/GAG/AGG,3-4bp,0.596,NODE_8_length_233671_cov_23.083555,mobileOG_000288420_NODE_8_length_233671_cov_23.083555
224,"mobileOG_000354058|ftsH|WP_001107481.1|phage|infection,regulation|Plasmid RefSeq|Homology",NODE_8_length_233671_cov_23.083555_162 # 174357 # 176288 # -1 # ID=8_162;partial=00;start_type=ATG;rbs_motif=GGA/GAG/AGG;rbs_spacer=3-4bp;gc_cont=0.596,94.4,1185,644,0.0,644,1,641,1,641,mobileOG_000354058,ftsH,WP_001107481.1,phage,"infection,regulation",Plasmid RefSeq,Homology,NODE_8_length_233671_cov_23.083555_162, 174357 # 176288 # -1 , 174357,176288,-1 ,8_162,8,162,00,ATG,GGA/GAG/AGG,3-4bp,0.596,NODE_8_length_233671_cov_23.083555,mobileOG_000354058_NODE_8_length_233671_cov_23.083555
225,"mobileOG_000003236|hflB|A0A383JRI2|phage|infection,regulation|COMPASS|Manual",NODE_8_length_233671_cov_23.083555_162 # 174357 # 176288 # -1 # ID=8_162;partial=00;start_type=ATG;rbs_motif=GGA/GAG/AGG;rbs_spacer=3-4bp;gc_cont=0.596,94.2,1181,647,0.0,644,4,644,1,641,mobileOG_000003236,hflB,A0A383JRI2,phage,"infection,regulation",COMPASS,Manual,NODE_8_length_233671_cov_23.083555_162, 174357 # 176288 # -1 , 174357,176288,-1 ,8_162,8,162,00,ATG,GGA/GAG/AGG,3-4bp,0.596,NODE_8_length_233671_cov_23.083555,mobileOG_000003236_NODE_8_length_233671_cov_23.083555
226,"mobileOG_000354057|ftsH|WP_001107467.1|phage|infection,regulation|Plasmid RefSeq|Homology",NODE_8_length_233671_cov_23.083555_162 # 174357 # 176288 # -1 # ID=8_162;partial=00;start_type=ATG;rbs_motif=GGA/GAG/AGG;rbs_spacer=3-4bp;gc_cont=0.596,94.2,1181,644,0.0,644,1,641,1,641,mobileOG_000354057,ftsH,WP_001107467.1,phage,"infection,regulation",Plasmid RefSeq,Homology,NODE_8_length_233671_cov_23.083555_162, 174357 # 176288 # -1 , 174357,176288,-1 ,8_162,8,162,00,ATG,GGA/GAG/AGG,3-4bp,0.596,NODE_8_length_233671_cov_23.083555,mobileOG_000354057_NODE_8_length_233671_cov_23.083555
227,"mobileOG_000374409|ner|WP_033636812.1|phage|infection,regulation|Plasmid RefSeq|Homology",NODE_8_length_233671_cov_23.083555_175 # 186140 # 186400 # 1 # ID=8_175;partial=00;start_type=ATG;rbs_motif=AGGA;rbs_spacer=5-10bp;gc_cont=0.594,97.7,182,86,1.06e-60,87,1,86,1,86,mobileOG_000374409,ner,WP_033636812.1,phage,"infection,regulation",Plasmid RefSeq,Homology,NODE_8_length_233671_cov_23.083555_175, 186140 # 186400 # 1 , 186140,186400,1 ,8_175,8,175,00,ATG,AGGA,5-10bp,0.594,NODE_8_length_233671_cov_23.083555,mobileOG_000374409_NODE_8_length_233671_cov_23.083555
228,mobileOG_000365461|rnr|WP_039567854.1|replication/recombination/repair|NA|Plasmid RefSeq|Homology,NODE_8_length_233671_cov_23.083555_207 # 216524 # 218998 # -1 # ID=8_207;partial=00;start_type=ATG;rbs_motif=GGAGG;rbs_spacer=5-10bp;gc_cont=0.626,99.8,1592,824,0.0,825,1,824,1,824,mobileOG_000365461,rnr,WP_039567854.1,replication/recombination/repair,NA,Plasmid RefSeq,Homology,NODE_8_length_233671_cov_23.083555_207, 216524 # 218998 # -1 , 216524,218998,-1 ,8_207,8,207,00,ATG,GGAGG,5-10bp,0.626,NODE_8_length_233671_cov_23.083555,mobileOG_000365461_NODE_8_length_233671_cov_23.083555
229,"mobileOG_000368506|hflC|WP_004933669.1|phage|lysis/lysogeny,regulation|Plasmid RefSeq|Homology",NODE_8_length_233671_cov_23.083555_211 # 221378 # 222382 # -1 # ID=8_211;partial=00;start_type=ATG;rbs_motif=GGAG/GAGG;rbs_spacer=5-10bp;gc_cont=0.615,100,561,334,1.43e-202,335,1,334,1,334,mobileOG_000368506,hflC,WP_004933669.1,phage,"lysis/lysogeny,regulation",Plasmid RefSeq,Homology,NODE_8_length_233671_cov_23.083555_211, 221378 # 222382 # -1 , 221378,222382,-1 ,8_211,8,211,00,ATG,GGAG/GAGG,5-10bp,0.615,NODE_8_length_233671_cov_23.083555,mobileOG_000368506_NODE_8_length_233671_cov_23.083555
230,"mobileOG_000335694|hflK|WP_033636782.1|phage|lysis/lysogeny,regulation|Plasmid RefSeq|Homology",NODE_8_length_233671_cov_23.083555_212 # 222386 # 223636 # -1 # ID=8_212;partial=00;start_type=ATG;rbs_motif=GGAG/GAGG;rbs_spacer=5-10bp;gc_cont=0.614,99.3,754,416,5.35e-276,417,1,416,1,416,mobileOG_000335694,hflK,WP_033636782.1,phage,"lysis/lysogeny,regulation",Plasmid RefSeq,Homology,NODE_8_length_233671_cov_23.083555_212, 222386 # 223636 # -1 , 222386,223636,-1 ,8_212,8,212,00,ATG,GGAG/GAGG,5-10bp,0.614,NODE_8_length_233671_cov_23.083555,mobileOG_000335694_NODE_8_length_233671_cov_23.083555
231,mobileOG_000325588|mutL|WP_101456617.1|replication/recombination/repair|NA|Plasmid RefSeq|Homology,NODE_8_length_233671_cov_23.083555_216 # 226441 # 228324 # -1 # ID=8_216;partial=00;start_type=ATG;rbs_motif=AGGAG;rbs_spacer=5-10bp;gc_cont=0.635,96.3,1175,627,0.0,628,1,627,1,627,mobileOG_000325588,mutL,WP_101456617.1,replication/recombination/repair,NA,Plasmid RefSeq,Homology,NODE_8_length_233671_cov_23.083555_216, 226441 # 228324 # -1 , 226441,228324,-1 ,8_216,8,216,00,ATG,AGGAG,5-10bp,0.635,NODE_8_length_233671_cov_23.083555,mobileOG_000325588_NODE_8_length_233671_cov_23.083555
232,mobileOG_000319971|recX|WP_033649272.1|replication/recombination/repair|NA|Plasmid RefSeq|Homology,NODE_9_length_226911_cov_21.961161_3 # 3810 # 4322 # -1 # ID=9_3;partial=00;start_type=ATG;rbs_motif=GGA/GAG/AGG;rbs_spacer=5-10bp;gc_cont=0.577,95.3,328,170,5.91e-116,171,1,170,1,170,mobileOG_000319971,recX,WP_033649272.1,replication/recombination/repair,NA,Plasmid RefSeq,Homology,NODE_9_length_226911_cov_21.961161_3, 3810 # 4322 # -1 , 3810,4322,-1 ,9_3,9,3,00,ATG,GGA/GAG/AGG,5-10bp,0.577,NODE_9_length_226911_cov_21.961161,mobileOG_000319971_NODE_9_length_226911_cov_21.961161
233,mobileOG_000023828|recA|WP_004932541.1|replication/recombination/repair|NA|Plasmid RefSeq|Manual,NODE_9_length_226911_cov_21.961161_4 # 4383 # 5447 # -1 # ID=9_4;partial=00;start_type=ATG;rbs_motif=AGGAG;rbs_spacer=5-10bp;gc_cont=0.583,100,685,354,8.21e-251,355,1,354,1,354,mobileOG_000023828,recA,WP_004932541.1,replication/recombination/repair,NA,Plasmid RefSeq,Manual,NODE_9_length_226911_cov_21.961161_4, 4383 # 5447 # -1 , 4383,5447,-1 ,9_4,9,4,00,ATG,AGGAG,5-10bp,0.583,NODE_9_length_226911_cov_21.961161,mobileOG_000023828_NODE_9_length_226911_cov_21.961161
234,mobileOG_000191114|recA|A0A447LSS3|replication/recombination/repair|NA|GPD|Homology,NODE_9_length_226911_cov_21.961161_4 # 4383 # 5447 # -1 # ID=9_4;partial=00;start_type=ATG;rbs_motif=AGGAG;rbs_spacer=5-10bp;gc_cont=0.583,90.4,625,354,3.42e-227,355,1,354,1,354,mobileOG_000191114,recA,A0A447LSS3,replication/recombination/repair,NA,GPD,Homology,NODE_9_length_226911_cov_21.961161_4, 4383 # 5447 # -1 , 4383,5447,-1 ,9_4,9,4,00,ATG,AGGAG,5-10bp,0.583,NODE_9_length_226911_cov_21.961161,mobileOG_000191114_NODE_9_length_226911_cov_21.961161
235,mobileOG_000282617|recA|WP_004155913.1|replication/recombination/repair|NA|Plasmid RefSeq|Homology,NODE_9_length_226911_cov_21.961161_4 # 4383 # 5447 # -1 # ID=9_4;partial=00;start_type=ATG;rbs_motif=AGGAG;rbs_spacer=5-10bp;gc_cont=0.583,94.2,604,355,5.99e-219,355,1,329,1,329,mobileOG_000282617,recA,WP_004155913.1,replication/recombination/repair,NA,Plasmid RefSeq,Homology,NODE_9_length_226911_cov_21.961161_4, 4383 # 5447 # -1 , 4383,5447,-1 ,9_4,9,4,00,ATG,AGGAG,5-10bp,0.583,NODE_9_length_226911_cov_21.961161,mobileOG_000282617_NODE_9_length_226911_cov_21.961161
236,mobileOG_000288450|recA|A0A422XBN5|replication/recombination/repair|NA|Plasmid RefSeq|Homology,NODE_9_length_226911_cov_21.961161_4 # 4383 # 5447 # -1 # ID=9_4;partial=00;start_type=ATG;rbs_motif=AGGAG;rbs_spacer=5-10bp;gc_cont=0.583,92.4,600,352,2.54e-217,355,1,331,1,331,mobileOG_000288450,recA,A0A422XBN5,replication/recombination/repair,NA,Plasmid RefSeq,Homology,NODE_9_length_226911_cov_21.961161_4, 4383 # 5447 # -1 , 4383,5447,-1 ,9_4,9,4,00,ATG,AGGAG,5-10bp,0.583,NODE_9_length_226911_cov_21.961161,mobileOG_000288450_NODE_9_length_226911_cov_21.961161
237,mobileOG_000023825|recA|WP_002914769.1|replication/recombination/repair|NA|Plasmid RefSeq|Manual,NODE_9_length_226911_cov_21.961161_4 # 4383 # 5447 # -1 # ID=9_4;partial=00;start_type=ATG;rbs_motif=AGGAG;rbs_spacer=5-10bp;gc_cont=0.583,92.1,598,352,1.03e-216,355,1,331,1,331,mobileOG_000023825,recA,WP_002914769.1,replication/recombination/repair,NA,Plasmid RefSeq,Manual,NODE_9_length_226911_cov_21.961161_4, 4383 # 5447 # -1 , 4383,5447,-1 ,9_4,9,4,00,ATG,AGGAG,5-10bp,0.583,NODE_9_length_226911_cov_21.961161,mobileOG_000023825_NODE_9_length_226911_cov_21.961161
238,mobileOG_000333655|ygaD|WP_033649270.1|transfer|competence|Plasmid RefSeq|Homology,NODE_9_length_226911_cov_21.961161_5 # 5559 # 6047 # -1 # ID=9_5;partial=00;start_type=ATG;rbs_motif=GGAGG;rbs_spacer=3-4bp;gc_cont=0.661,98.8,302,162,7.56e-106,163,1,162,1,162,mobileOG_000333655,ygaD,WP_033649270.1,transfer,competence,Plasmid RefSeq,Homology,NODE_9_length_226911_cov_21.961161_5, 5559 # 6047 # -1 , 5559,6047,-1 ,9_5,9,5,00,ATG,GGAGG,3-4bp,0.661,NODE_9_length_226911_cov_21.961161,mobileOG_000333655_NODE_9_length_226911_cov_21.961161
239,mobileOG_000282667|mutS|WP_101456629.1|replication/recombination/repair|NA|Plasmid RefSeq|Homology,NODE_9_length_226911_cov_21.961161_16 # 17107 # 19662 # 1 # ID=9_16;partial=00;start_type=ATG;rbs_motif=GGA/GAG/AGG;rbs_spacer=11-12bp;gc_cont=0.639,99.5,1620,853,0.0,852,11,853,9,851,mobileOG_000282667,mutS,WP_101456629.1,replication/recombination/repair,NA,Plasmid RefSeq,Homology,NODE_9_length_226911_cov_21.961161_16, 17107 # 19662 # 1 , 17107,19662,1 ,9_16,9,16,00,ATG,GGA/GAG/AGG,11-12bp,0.639,NODE_9_length_226911_cov_21.961161,mobileOG_000282667_NODE_9_length_226911_cov_21.961161
240,mobileOG_000368556|mazG|WP_033649234.1|stability/transfer/defense|regulation|Plasmid RefSeq|Homology,NODE_9_length_226911_cov_21.961161_55 # 61287 # 62081 # -1 # ID=9_55;partial=00;start_type=ATG;rbs_motif=GGA/GAG/AGG;rbs_spacer=5-10bp;gc_cont=0.620,97.0,501,264,5.56e-181,265,1,263,1,263,mobileOG_000368556,mazG,WP_033649234.1,stability/transfer/defense,regulation,Plasmid RefSeq,Homology,NODE_9_length_226911_cov_21.961161_55, 61287 # 62081 # -1 , 61287,62081,-1 ,9_55,9,55,00,ATG,GGA/GAG/AGG,5-10bp,0.620,NODE_9_length_226911_cov_21.961161,mobileOG_000368556_NODE_9_length_226911_cov_21.961161
241,mobileOG_000368504|ftsZ|WP_004932757.1|replication/recombination/repair|NA|Plasmid RefSeq|Homology,NODE_9_length_226911_cov_21.961161_82 # 91835 # 92989 # -1 # ID=9_82;partial=00;start_type=ATG;rbs_motif=GGAG/GAGG;rbs_spacer=5-10bp;gc_cont=0.596,100,729,384,1.77e-267,385,1,384,1,384,mobileOG_000368504,ftsZ,WP_004932757.1,replication/recombination/repair,NA,Plasmid RefSeq,Homology,NODE_9_length_226911_cov_21.961161_82, 91835 # 92989 # -1 , 91835,92989,-1 ,9_82,9,82,00,ATG,GGAG/GAGG,5-10bp,0.596,NODE_9_length_226911_cov_21.961161,mobileOG_000368504_NODE_9_length_226911_cov_21.961161
242,mobileOG_000326016|ftsZ|WP_002888628.1|replication/recombination/repair|NA|Plasmid RefSeq|Homology,NODE_9_length_226911_cov_21.961161_82 # 91835 # 92989 # -1 # ID=9_82;partial=00;start_type=ATG;rbs_motif=GGAG/GAGG;rbs_spacer=5-10bp;gc_cont=0.596,96.1,693,383,5.12e-253,385,1,383,1,384,mobileOG_000326016,ftsZ,WP_002888628.1,replication/recombination/repair,NA,Plasmid RefSeq,Homology,NODE_9_length_226911_cov_21.961161_82, 91835 # 92989 # -1 , 91835,92989,-1 ,9_82,9,82,00,ATG,GGAG/GAGG,5-10bp,0.596,NODE_9_length_226911_cov_21.961161,mobileOG_000326016_NODE_9_length_226911_cov_21.961161
243,mobileOG_000331629|ftsZ|WP_000462776.1|replication/recombination/repair|NA|Plasmid RefSeq|Homology,NODE_9_length_226911_cov_21.961161_82 # 91835 # 92989 # -1 # ID=9_82;partial=00;start_type=ATG;rbs_motif=GGAG/GAGG;rbs_spacer=5-10bp;gc_cont=0.596,95.3,689,383,1.71e-251,385,1,383,1,384,mobileOG_000331629,ftsZ,WP_000462776.1,replication/recombination/repair,NA,Plasmid RefSeq,Homology,NODE_9_length_226911_cov_21.961161_82, 91835 # 92989 # -1 , 91835,92989,-1 ,9_82,9,82,00,ATG,GGAG/GAGG,5-10bp,0.596,NODE_9_length_226911_cov_21.961161,mobileOG_000331629_NODE_9_length_226911_cov_21.961161
244,mobileOG_000347821|polB|WP_060438125.1|replication/recombination/repair|NA|Plasmid RefSeq|Homology,NODE_9_length_226911_cov_21.961161_117 # 134267 # 136633 # 1 # ID=9_117;partial=00;start_type=ATG;rbs_motif=3Base/5BMM;rbs_spacer=13-15bp;gc_cont=0.638,98.0,1583,788,0.0,789,1,788,1,788,mobileOG_000347821,polB,WP_060438125.1,replication/recombination/repair,NA,Plasmid RefSeq,Homology,NODE_9_length_226911_cov_21.961161_117, 134267 # 136633 # 1 , 134267,136633,1 ,9_117,9,117,00,ATG,3Base/5BMM,13-15bp,0.638,NODE_9_length_226911_cov_21.961161,mobileOG_000347821_NODE_9_length_226911_cov_21.961161
245,mobileOG_000332824|dnaJ|WP_033637051.1|replication/recombination/repair|NA|Plasmid RefSeq|Homology,NODE_9_length_226911_cov_21.961161_149 # 175421 # 176545 # -1 # ID=9_149;partial=00;start_type=ATG;rbs_motif=GGA/GAG/AGG;rbs_spacer=11-12bp;gc_cont=0.608,99.7,654,374,4.22e-238,375,1,374,1,374,mobileOG_000332824,dnaJ,WP_033637051.1,replication/recombination/repair,NA,Plasmid RefSeq,Homology,NODE_9_length_226911_cov_21.961161_149, 175421 # 176545 # -1 , 175421,176545,-1 ,9_149,9,149,00,ATG,GGA/GAG/AGG,11-12bp,0.608,NODE_9_length_226911_cov_21.961161,mobileOG_000332824_NODE_9_length_226911_cov_21.961161
246,"mobileOG_000281499|dnaK|WP_004932972.1|phage|infection,regulation|Plasmid RefSeq|Homology",NODE_9_length_226911_cov_21.961161_150 # 176652 # 178565 # -1 # ID=9_150;partial=00;start_type=ATG;rbs_motif=GGAG/GAGG;rbs_spacer=5-10bp;gc_cont=0.573,100,1199,637,0.0,638,1,637,1,637,mobileOG_000281499,dnaK,WP_004932972.1,phage,"infection,regulation",Plasmid RefSeq,Homology,NODE_9_length_226911_cov_21.961161_150, 176652 # 178565 # -1 , 176652,178565,-1 ,9_150,9,150,00,ATG,GGAG/GAGG,5-10bp,0.573,NODE_9_length_226911_cov_21.961161,mobileOG_000281499_NODE_9_length_226911_cov_21.961161
247,"mobileOG_000281490|dnaK|WP_000516135.1|phage|infection,regulation|Multiple|Homology",NODE_9_length_226911_cov_21.961161_150 # 176652 # 178565 # -1 # ID=9_150;partial=00;start_type=ATG;rbs_motif=GGAG/GAGG;rbs_spacer=5-10bp;gc_cont=0.573,91.3,1097,638,0.0,638,1,638,1,637,mobileOG_000281490,dnaK,WP_000516135.1,phage,"infection,regulation",Multiple,Homology,NODE_9_length_226911_cov_21.961161_150, 176652 # 178565 # -1 , 176652,178565,-1 ,9_150,9,150,00,ATG,GGAG/GAGG,5-10bp,0.573,NODE_9_length_226911_cov_21.961161,mobileOG_000281490_NODE_9_length_226911_cov_21.961161
248,"mobileOG_000281497|dnaK|WP_004146997.1|phage|infection,regulation|Plasmid RefSeq|Homology",NODE_9_length_226911_cov_21.961161_150 # 176652 # 178565 # -1 # ID=9_150;partial=00;start_type=ATG;rbs_motif=GGAG/GAGG;rbs_spacer=5-10bp;gc_cont=0.573,90.8,1093,638,0.0,638,1,638,1,637,mobileOG_000281497,dnaK,WP_004146997.1,phage,"infection,regulation",Plasmid RefSeq,Homology,NODE_9_length_226911_cov_21.961161_150, 176652 # 178565 # -1 , 176652,178565,-1 ,9_150,9,150,00,ATG,GGAG/GAGG,5-10bp,0.573,NODE_9_length_226911_cov_21.961161,mobileOG_000281497_NODE_9_length_226911_cov_21.961161
249,mobileOG_000301582|radA|WP_025159617.1|replication/recombination/repair|competence|Plasmid RefSeq|Homology,NODE_9_length_226911_cov_21.961161_176 # 207624 # 209009 # -1 # ID=9_176;partial=00;start_type=GTG;rbs_motif=GGAG/GAGG;rbs_spacer=5-10bp;gc_cont=0.657,99.6,892,461,0.0,462,1,461,1,461,mobileOG_000301582,radA,WP_025159617.1,replication/recombination/repair,competence,Plasmid RefSeq,Homology,NODE_9_length_226911_cov_21.961161_176, 207624 # 209009 # -1 , 207624,209009,-1 ,9_176,9,176,00,GTG,GGAG/GAGG,5-10bp,0.657,NODE_9_length_226911_cov_21.961161,mobileOG_000301582_NODE_9_length_226911_cov_21.961161
250,mobileOG_000025504|radA|A0A0H3JJ52|replication/recombination/repair|NA|Plasmid RefSeq|Manual,NODE_9_length_226911_cov_21.961161_176 # 207624 # 209009 # -1 # ID=9_176;partial=00;start_type=GTG;rbs_motif=GGAG/GAGG;rbs_spacer=5-10bp;gc_cont=0.657,91.9,829,460,2.33e-304,462,1,458,1,458,mobileOG_000025504,radA,A0A0H3JJ52,replication/recombination/repair,NA,Plasmid RefSeq,Manual,NODE_9_length_226911_cov_21.961161_176, 207624 # 209009 # -1 , 207624,209009,-1 ,9_176,9,176,00,GTG,GGAG/GAGG,5-10bp,0.657,NODE_9_length_226911_cov_21.961161,mobileOG_000025504_NODE_9_length_226911_cov_21.961161
251,mobileOG_000334077|radA|WP_001029696.1|replication/recombination/repair|competence|Plasmid RefSeq|Homology,NODE_9_length_226911_cov_21.961161_176 # 207624 # 209009 # -1 # ID=9_176;partial=00;start_type=GTG;rbs_motif=GGAG/GAGG;rbs_spacer=5-10bp;gc_cont=0.657,91.7,828,460,9.47e-304,462,1,458,1,458,mobileOG_000334077,radA,WP_001029696.1,replication/recombination/repair,competence,Plasmid RefSeq,Homology,NODE_9_length_226911_cov_21.961161_176, 207624 # 209009 # -1 , 207624,209009,-1 ,9_176,9,176,00,GTG,GGAG/GAGG,5-10bp,0.657,NODE_9_length_226911_cov_21.961161,mobileOG_000334077_NODE_9_length_226911_cov_21.961161
252,mobileOG_000336472|radA|WP_101416475.1|replication/recombination/repair|competence|Plasmid RefSeq|Homology,NODE_9_length_226911_cov_21.961161_176 # 207624 # 209009 # -1 # ID=9_176;partial=00;start_type=GTG;rbs_motif=GGAG/GAGG;rbs_spacer=5-10bp;gc_cont=0.657,90.8,818,460,8.66e-300,462,1,458,1,458,mobileOG_000336472,radA,WP_101416475.1,replication/recombination/repair,competence,Plasmid RefSeq,Homology,NODE_9_length_226911_cov_21.961161_176, 207624 # 209009 # -1 , 207624,209009,-1 ,9_176,9,176,00,GTG,GGAG/GAGG,5-10bp,0.657,NODE_9_length_226911_cov_21.961161,mobileOG_000336472_NODE_9_length_226911_cov_21.961161
253,mobileOG_000353891|ompA|WP_101456423.1|transfer|conjugation|Plasmid RefSeq|Homology,NODE_10_length_206229_cov_17.311445_9 # 9289 # 10368 # -1 # ID=10_9;partial=00;start_type=ATG;rbs_motif=GGAG/GAGG;rbs_spacer=5-10bp;gc_cont=0.542,98.6,686,356,3.78e-251,360,1,356,1,359,mobileOG_000353891,ompA,WP_101456423.1,transfer,conjugation,Plasmid RefSeq,Homology,NODE_10_length_206229_cov_17.311445_9, 9289 # 10368 # -1 , 9289,10368,-1 ,10_9,10,9,00,ATG,GGAG/GAGG,5-10bp,0.542,NODE_10_length_206229_cov_17.311445,mobileOG_000353891_NODE_10_length_206229_cov_17.311445
254,mobileOG_000353886|ompA|WP_089197682.1|transfer|conjugation|Plasmid RefSeq|Homology,NODE_10_length_206229_cov_17.311445_9 # 9289 # 10368 # -1 # ID=10_9;partial=00;start_type=ATG;rbs_motif=GGAG/GAGG;rbs_spacer=5-10bp;gc_cont=0.542,95.6,677,360,1.40e-247,360,1,360,1,359,mobileOG_000353886,ompA,WP_089197682.1,transfer,conjugation,Plasmid RefSeq,Homology,NODE_10_length_206229_cov_17.311445_9, 9289 # 10368 # -1 , 9289,10368,-1 ,10_9,10,9,00,ATG,GGAG/GAGG,5-10bp,0.542,NODE_10_length_206229_cov_17.311445,mobileOG_000353886_NODE_10_length_206229_cov_17.311445
255,mobileOG_000301576|nuc|WP_015377376.1|transfer|conjugation|Plasmid RefSeq|Homology,NODE_10_length_206229_cov_17.311445_30 # 30373 # 31173 # -1 # ID=10_30;partial=00;start_type=ATG;rbs_motif=GGAG/GAGG;rbs_spacer=5-10bp;gc_cont=0.609,99.6,538,266,1.06e-195,267,1,266,1,266,mobileOG_000301576,nuc,WP_015377376.1,transfer,conjugation,Plasmid RefSeq,Homology,NODE_10_length_206229_cov_17.311445_30, 30373 # 31173 # -1 , 30373,31173,-1 ,10_30,10,30,00,ATG,GGAG/GAGG,5-10bp,0.609,NODE_10_length_206229_cov_17.311445,mobileOG_000301576_NODE_10_length_206229_cov_17.311445
256,mobileOG_000308880|nuc|WP_101453305.1|transfer|conjugation|Plasmid RefSeq|Homology,NODE_10_length_206229_cov_17.311445_30 # 30373 # 31173 # -1 # ID=10_30;partial=00;start_type=ATG;rbs_motif=GGAG/GAGG;rbs_spacer=5-10bp;gc_cont=0.609,98.5,533,266,1.02e-193,267,1,266,1,266,mobileOG_000308880,nuc,WP_101453305.1,transfer,conjugation,Plasmid RefSeq,Homology,NODE_10_length_206229_cov_17.311445_30, 30373 # 31173 # -1 , 30373,31173,-1 ,10_30,10,30,00,ATG,GGAG/GAGG,5-10bp,0.609,NODE_10_length_206229_cov_17.311445,mobileOG_000308880_NODE_10_length_206229_cov_17.311445
257,mobileOG_000332738|uvrC|WP_033637959.1|replication/recombination/repair|NA|Plasmid RefSeq|Homology,NODE_10_length_206229_cov_17.311445_67 # 64977 # 66809 # 1 # ID=10_67;partial=00;start_type=GTG;rbs_motif=4Base/6BMM;rbs_spacer=13-15bp;gc_cont=0.564,99.8,1193,610,0.0,611,1,610,1,610,mobileOG_000332738,uvrC,WP_033637959.1,replication/recombination/repair,NA,Plasmid RefSeq,Homology,NODE_10_length_206229_cov_17.311445_67, 64977 # 66809 # 1 , 64977,66809,1 ,10_67,10,67,00,GTG,4Base/6BMM,13-15bp,0.564,NODE_10_length_206229_cov_17.311445,mobileOG_000332738_NODE_10_length_206229_cov_17.311445
258,mobileOG_000335625|uvrC|WP_089194526.1|replication/recombination/repair|NA|Plasmid RefSeq|Homology,NODE_10_length_206229_cov_17.311445_67 # 64977 # 66809 # 1 # ID=10_67;partial=00;start_type=GTG;rbs_motif=4Base/6BMM;rbs_spacer=13-15bp;gc_cont=0.564,99.0,1184,610,0.0,611,1,610,1,610,mobileOG_000335625,uvrC,WP_089194526.1,replication/recombination/repair,NA,Plasmid RefSeq,Homology,NODE_10_length_206229_cov_17.311445_67, 64977 # 66809 # 1 , 64977,66809,1 ,10_67,10,67,00,GTG,4Base/6BMM,13-15bp,0.564,NODE_10_length_206229_cov_17.311445,mobileOG_000335625_NODE_10_length_206229_cov_17.311445
259,"mobileOG_000368555|tmk|WP_033646442.1|phage|stability/transfer/defense,metabolism|Plasmid RefSeq|Homology",NODE_10_length_206229_cov_17.311445_131 # 125743 # 126381 # 1 # ID=10_131;partial=00;start_type=ATG;rbs_motif=AGGA;rbs_spacer=5-10bp;gc_cont=0.645,98.1,412,212,8.34e-148,213,1,212,1,212,mobileOG_000368555,tmk,WP_033646442.1,phage,"stability/transfer/defense,metabolism",Plasmid RefSeq,Homology,NODE_10_length_206229_cov_17.311445_131, 125743 # 126381 # 1 , 125743,126381,1 ,10_131,10,131,00,ATG,AGGA,5-10bp,0.645,NODE_10_length_206229_cov_17.311445,mobileOG_000368555_NODE_10_length_206229_cov_17.311445
260,"mobileOG_000328140|tmk|WP_038875525.1|phage|stability/transfer/defense,metabolism|Plasmid RefSeq|Homology",NODE_10_length_206229_cov_17.311445_131 # 125743 # 126381 # 1 # ID=10_131;partial=00;start_type=ATG;rbs_motif=AGGA;rbs_spacer=5-10bp;gc_cont=0.645,96.7,405,212,6.58e-145,213,1,212,1,212,mobileOG_000328140,tmk,WP_038875525.1,phage,"stability/transfer/defense,metabolism",Plasmid RefSeq,Homology,NODE_10_length_206229_cov_17.311445_131, 125743 # 126381 # 1 , 125743,126381,1 ,10_131,10,131,00,ATG,AGGA,5-10bp,0.645,NODE_10_length_206229_cov_17.311445,mobileOG_000328140_NODE_10_length_206229_cov_17.311445
261,mobileOG_000326024|holB|WP_033646441.1|replication/recombination/repair|NA|Plasmid RefSeq|Homology,NODE_10_length_206229_cov_17.311445_132 # 126381 # 127388 # 1 # ID=10_132;partial=00;start_type=ATG;rbs_motif=AGGA;rbs_spacer=5-10bp;gc_cont=0.645,99.1,677,335,2.09e-248,336,1,335,1,335,mobileOG_000326024,holB,WP_033646441.1,replication/recombination/repair,NA,Plasmid RefSeq,Homology,NODE_10_length_206229_cov_17.311445_132, 126381 # 127388 # 1 , 126381,127388,1 ,10_132,10,132,00,ATG,AGGA,5-10bp,0.645,NODE_10_length_206229_cov_17.311445,mobileOG_000326024_NODE_10_length_206229_cov_17.311445
262,mobileOG_000329018|holB|WP_038875527.1|replication/recombination/repair|NA|Plasmid RefSeq|Homology,NODE_10_length_206229_cov_17.311445_132 # 126381 # 127388 # 1 # ID=10_132;partial=00;start_type=ATG;rbs_motif=AGGA;rbs_spacer=5-10bp;gc_cont=0.645,97.9,671,335,8.15e-246,336,1,335,1,335,mobileOG_000329018,holB,WP_038875527.1,replication/recombination/repair,NA,Plasmid RefSeq,Homology,NODE_10_length_206229_cov_17.311445_132, 126381 # 127388 # 1 , 126381,127388,1 ,10_132,10,132,00,ATG,AGGA,5-10bp,0.645,NODE_10_length_206229_cov_17.311445,mobileOG_000329018_NODE_10_length_206229_cov_17.311445
263,mobileOG_000313843|clpP|WP_033638144.1|phage|replication/recombination/repair|Plasmid RefSeq|Homology,NODE_10_length_206229_cov_17.311445_195 # 182088 # 182681 # 1 # ID=10_195;partial=00;start_type=ATG;rbs_motif=AGGAG;rbs_spacer=5-10bp;gc_cont=0.604,97.5,387,197,3.06e-138,198,1,197,1,197,mobileOG_000313843,clpP,WP_033638144.1,phage,replication/recombination/repair,Plasmid RefSeq,Homology,NODE_10_length_206229_cov_17.311445_195, 182088 # 182681 # 1 , 182088,182681,1 ,10_195,10,195,00,ATG,AGGAG,5-10bp,0.604,NODE_10_length_206229_cov_17.311445,mobileOG_000313843_NODE_10_length_206229_cov_17.311445
264,mobileOG_000368519|rdgC|WP_004940461.1|integration/excision|NA|Plasmid RefSeq|Homology,NODE_11_length_201553_cov_20.185536_49 # 43390 # 44301 # -1 # ID=11_49;partial=00;start_type=ATG;rbs_motif=GGA/GAG/AGG;rbs_spacer=5-10bp;gc_cont=0.600,100,583,303,1.91e-212,304,1,303,1,303,mobileOG_000368519,rdgC,WP_004940461.1,integration/excision,NA,Plasmid RefSeq,Homology,NODE_11_length_201553_cov_20.185536_49, 43390 # 44301 # -1 , 43390,44301,-1 ,11_49,11,49,00,ATG,GGA/GAG/AGG,5-10bp,0.600,NODE_11_length_201553_cov_20.185536,mobileOG_000368519_NODE_11_length_201553_cov_20.185536
265,mobileOG_000748213|NA:Keyword|WP_033637280.1|stability/transfer/defense|NA|Plasmid RefSeq|Keyword Search,NODE_11_length_201553_cov_20.185536_51 # 45536 # 45769 # 1 # ID=11_51;partial=00;start_type=ATG;rbs_motif=AGGAG;rbs_spacer=5-10bp;gc_cont=0.598,98.7,144,77,7.16e-46,78,1,76,1,76,mobileOG_000748213,NA:Keyword,WP_033637280.1,stability/transfer/defense,NA,Plasmid RefSeq,Keyword Search,NODE_11_length_201553_cov_20.185536_51, 45536 # 45769 # 1 , 45536,45769,1 ,11_51,11,51,00,ATG,AGGAG,5-10bp,0.598,NODE_11_length_201553_cov_20.185536,mobileOG_000748213_NODE_11_length_201553_cov_20.185536
266,mobileOG_000748103|NA:Keyword|WP_019454226.1|stability/transfer/defense|NA|Plasmid RefSeq|Keyword Search,NODE_11_length_201553_cov_20.185536_52 # 45766 # 46152 # 1 # ID=11_52;partial=00;start_type=ATG;rbs_motif=GGAG/GAGG;rbs_spacer=5-10bp;gc_cont=0.620,98.4,257,128,4.12e-89,129,1,128,1,128,mobileOG_000748103,NA:Keyword,WP_019454226.1,stability/transfer/defense,NA,Plasmid RefSeq,Keyword Search,NODE_11_length_201553_cov_20.185536_52, 45766 # 46152 # 1 , 45766,46152,1 ,11_52,11,52,00,ATG,GGAG/GAGG,5-10bp,0.620,NODE_11_length_201553_cov_20.185536,mobileOG_000748103_NODE_11_length_201553_cov_20.185536
267,mobileOG_000749725|NA:Keyword|WP_033642043.1|stability/transfer/defense|NA|Plasmid RefSeq|Keyword Search,NODE_11_length_201553_cov_20.185536_52 # 45766 # 46152 # 1 # ID=11_52;partial=00;start_type=ATG;rbs_motif=GGAG/GAGG;rbs_spacer=5-10bp;gc_cont=0.620,97.7,256,128,1.68e-88,129,1,128,1,128,mobileOG_000749725,NA:Keyword,WP_033642043.1,stability/transfer/defense,NA,Plasmid RefSeq,Keyword Search,NODE_11_length_201553_cov_20.185536_52, 45766 # 46152 # 1 , 45766,46152,1 ,11_52,11,52,00,ATG,GGAG/GAGG,5-10bp,0.620,NODE_11_length_201553_cov_20.185536,mobileOG_000749725_NODE_11_length_201553_cov_20.185536
268,mobileOG_000335298|sbcC|WP_060437992.1|replication/recombination/repair|stability/transfer/defense|Plasmid RefSeq|Homology,NODE_11_length_201553_cov_20.185536_54 # 47229 # 50480 # -1 # ID=11_54;partial=00;start_type=ATG;rbs_motif=AGGAG;rbs_spacer=5-10bp;gc_cont=0.637,90.0,1623,1083,0.0,1084,1,1083,1,1083,mobileOG_000335298,sbcC,WP_060437992.1,replication/recombination/repair,stability/transfer/defense,Plasmid RefSeq,Homology,NODE_11_length_201553_cov_20.185536_54, 47229 # 50480 # -1 , 47229,50480,-1 ,11_54,11,54,00,ATG,AGGAG,5-10bp,0.637,NODE_11_length_201553_cov_20.185536,mobileOG_000335298_NODE_11_length_201553_cov_20.185536
269,mobileOG_000334028|sbcD|WP_060437993.1|replication/recombination/repair|NA|Plasmid RefSeq|Homology,NODE_11_length_201553_cov_20.185536_55 # 50477 # 51709 # -1 # ID=11_55;partial=00;start_type=ATG;rbs_motif=GGA/GAG/AGG;rbs_spacer=5-10bp;gc_cont=0.641,96.3,771,410,3.29e-283,411,1,410,1,410,mobileOG_000334028,sbcD,WP_060437993.1,replication/recombination/repair,NA,Plasmid RefSeq,Homology,NODE_11_length_201553_cov_20.185536_55, 50477 # 51709 # -1 , 50477,51709,-1 ,11_55,11,55,00,ATG,GGA/GAG/AGG,5-10bp,0.641,NODE_11_length_201553_cov_20.185536,mobileOG_000334028_NODE_11_length_201553_cov_20.185536
270,mobileOG_000326381|sbcD|WP_096241949.1|replication/recombination/repair|NA|Plasmid RefSeq|Homology,NODE_11_length_201553_cov_20.185536_55 # 50477 # 51709 # -1 # ID=11_55;partial=00;start_type=ATG;rbs_motif=GGA/GAG/AGG;rbs_spacer=5-10bp;gc_cont=0.641,96.3,764,410,2.58e-280,411,1,407,1,407,mobileOG_000326381,sbcD,WP_096241949.1,replication/recombination/repair,NA,Plasmid RefSeq,Homology,NODE_11_length_201553_cov_20.185536_55, 50477 # 51709 # -1 , 50477,51709,-1 ,11_55,11,55,00,ATG,GGA/GAG/AGG,5-10bp,0.641,NODE_11_length_201553_cov_20.185536,mobileOG_000326381_NODE_11_length_201553_cov_20.185536
271,"mobileOG_000368518|nusB|WP_004940384.1|phage|regulation,infection|Plasmid RefSeq|Homology",NODE_11_length_201553_cov_20.185536_78 # 74652 # 75068 # 1 # ID=11_78;partial=00;start_type=GTG;rbs_motif=GGA/GAG/AGG;rbs_spacer=5-10bp;gc_cont=0.566,100,265,138,5.45e-92,139,1,138,1,138,mobileOG_000368518,nusB,WP_004940384.1,phage,"regulation,infection",Plasmid RefSeq,Homology,NODE_11_length_201553_cov_20.185536_78, 74652 # 75068 # 1 , 74652,75068,1 ,11_78,11,78,00,GTG,GGA/GAG/AGG,5-10bp,0.566,NODE_11_length_201553_cov_20.185536,mobileOG_000368518_NODE_11_length_201553_cov_20.185536
272,mobileOG_000351483|clpP|WP_016928858.1|phage|replication/recombination/repair|Plasmid RefSeq|Homology,NODE_11_length_201553_cov_20.185536_99 # 96299 # 96922 # 1 # ID=11_99;partial=00;start_type=ATG;rbs_motif=AGGAG;rbs_spacer=5-10bp;gc_cont=0.583,100,412,207,1.15e-147,208,1,207,1,207,mobileOG_000351483,clpP,WP_016928858.1,phage,replication/recombination/repair,Plasmid RefSeq,Homology,NODE_11_length_201553_cov_20.185536_99, 96299 # 96922 # 1 , 96299,96922,1 ,11_99,11,99,00,ATG,AGGAG,5-10bp,0.583,NODE_11_length_201553_cov_20.185536,mobileOG_000351483_NODE_11_length_201553_cov_20.185536
273,mobileOG_000368517|clpP|WP_004940356.1|phage|replication/recombination/repair|Plasmid RefSeq|Homology,NODE_11_length_201553_cov_20.185536_99 # 96299 # 96922 # 1 # ID=11_99;partial=00;start_type=ATG;rbs_motif=AGGAG;rbs_spacer=5-10bp;gc_cont=0.583,99.5,410,207,3.29e-147,208,1,207,1,207,mobileOG_000368517,clpP,WP_004940356.1,phage,replication/recombination/repair,Plasmid RefSeq,Homology,NODE_11_length_201553_cov_20.185536_99, 96299 # 96922 # 1 , 96299,96922,1 ,11_99,11,99,00,ATG,AGGAG,5-10bp,0.583,NODE_11_length_201553_cov_20.185536,mobileOG_000368517_NODE_11_length_201553_cov_20.185536
274,mobileOG_000301843|clpP|WP_006809880.1|phage|replication/recombination/repair|Plasmid RefSeq|Homology,NODE_11_length_201553_cov_20.185536_99 # 96299 # 96922 # 1 # ID=11_99;partial=00;start_type=ATG;rbs_motif=AGGAG;rbs_spacer=5-10bp;gc_cont=0.583,92.3,387,207,4.63e-138,208,1,207,1,207,mobileOG_000301843,clpP,WP_006809880.1,phage,replication/recombination/repair,Plasmid RefSeq,Homology,NODE_11_length_201553_cov_20.185536_99, 96299 # 96922 # 1 , 96299,96922,1 ,11_99,11,99,00,ATG,AGGAG,5-10bp,0.583,NODE_11_length_201553_cov_20.185536,mobileOG_000301843_NODE_11_length_201553_cov_20.185536
275,mobileOG_000351734|clpP|A0A078LKE9|phage|replication/recombination/repair|Plasmid RefSeq|Homology,NODE_11_length_201553_cov_20.185536_99 # 96299 # 96922 # 1 # ID=11_99;partial=00;start_type=ATG;rbs_motif=AGGAG;rbs_spacer=5-10bp;gc_cont=0.583,91.3,382,207,4.44e-136,208,1,207,1,207,mobileOG_000351734,clpP,A0A078LKE9,phage,replication/recombination/repair,Plasmid RefSeq,Homology,NODE_11_length_201553_cov_20.185536_99, 96299 # 96922 # 1 , 96299,96922,1 ,11_99,11,99,00,ATG,AGGAG,5-10bp,0.583,NODE_11_length_201553_cov_20.185536,mobileOG_000351734_NODE_11_length_201553_cov_20.185536
276,mobileOG_000289010|clpP|WP_002891804.1|phage|replication/recombination/repair|Plasmid RefSeq|Homology,NODE_11_length_201553_cov_20.185536_99 # 96299 # 96922 # 1 # ID=11_99;partial=00;start_type=ATG;rbs_motif=AGGAG;rbs_spacer=5-10bp;gc_cont=0.583,91.3,382,207,6.30e-136,208,1,207,1,207,mobileOG_000289010,clpP,WP_002891804.1,phage,replication/recombination/repair,Plasmid RefSeq,Homology,NODE_11_length_201553_cov_20.185536_99, 96299 # 96922 # 1 , 96299,96922,1 ,11_99,11,99,00,ATG,AGGAG,5-10bp,0.583,NODE_11_length_201553_cov_20.185536,mobileOG_000289010_NODE_11_length_201553_cov_20.185536
277,mobileOG_000025855|clpP|A0A192CHZ0|phage|replication/recombination/repair|Plasmid RefSeq|Manual,NODE_11_length_201553_cov_20.185536_99 # 96299 # 96922 # 1 # ID=11_99;partial=00;start_type=ATG;rbs_motif=AGGAG;rbs_spacer=5-10bp;gc_cont=0.583,91.3,381,207,1.81e-135,208,1,207,1,207,mobileOG_000025855,clpP,A0A192CHZ0,phage,replication/recombination/repair,Plasmid RefSeq,Manual,NODE_11_length_201553_cov_20.185536_99, 96299 # 96922 # 1 , 96299,96922,1 ,11_99,11,99,00,ATG,AGGAG,5-10bp,0.583,NODE_11_length_201553_cov_20.185536,mobileOG_000025855_NODE_11_length_201553_cov_20.185536
278,"mobileOG_000368516|clpX|WP_004940354.1|phage|replication,chaperone|Plasmid RefSeq|Homology",NODE_11_length_201553_cov_20.185536_100 # 97066 # 98337 # 1 # ID=11_100;partial=00;start_type=ATG;rbs_motif=GGAG/GAGG;rbs_spacer=5-10bp;gc_cont=0.583,100,831,423,3.07e-306,424,1,423,1,423,mobileOG_000368516,clpX,WP_004940354.1,phage,"replication,chaperone",Plasmid RefSeq,Homology,NODE_11_length_201553_cov_20.185536_100, 97066 # 98337 # 1 , 97066,98337,1 ,11_100,11,100,00,ATG,GGAG/GAGG,5-10bp,0.583,NODE_11_length_201553_cov_20.185536,mobileOG_000368516_NODE_11_length_201553_cov_20.185536
279,mobileOG_000025945|clpX|F0JMC0|phage|replication/recombination/repair|Plasmid RefSeq|Manual,NODE_11_length_201553_cov_20.185536_100 # 97066 # 98337 # 1 # ID=11_100;partial=00;start_type=ATG;rbs_motif=GGAG/GAGG;rbs_spacer=5-10bp;gc_cont=0.583,94.8,792,424,7.87e-291,424,1,424,1,423,mobileOG_000025945,clpX,F0JMC0,phage,replication/recombination/repair,Plasmid RefSeq,Manual,NODE_11_length_201553_cov_20.185536_100, 97066 # 98337 # 1 , 97066,98337,1 ,11_100,11,100,00,ATG,GGAG/GAGG,5-10bp,0.583,NODE_11_length_201553_cov_20.185536,mobileOG_000025945_NODE_11_length_201553_cov_20.185536
280,"mobileOG_000288446|clpX|WP_015571275.1|phage|replication,chaperone|Plasmid RefSeq|Homology",NODE_11_length_201553_cov_20.185536_100 # 97066 # 98337 # 1 # ID=11_100;partial=00;start_type=ATG;rbs_motif=GGAG/GAGG;rbs_spacer=5-10bp;gc_cont=0.583,95.0,792,424,7.87e-291,424,1,424,1,423,mobileOG_000288446,clpX,WP_015571275.1,phage,"replication,chaperone",Plasmid RefSeq,Homology,NODE_11_length_201553_cov_20.185536_100, 97066 # 98337 # 1 , 97066,98337,1 ,11_100,11,100,00,ATG,GGAG/GAGG,5-10bp,0.583,NODE_11_length_201553_cov_20.185536,mobileOG_000288446_NODE_11_length_201553_cov_20.185536
281,"mobileOG_000344359|clpX|WP_002891807.1|phage|replication,chaperone|Plasmid RefSeq|Homology",NODE_11_length_201553_cov_20.185536_100 # 97066 # 98337 # 1 # ID=11_100;partial=00;start_type=ATG;rbs_motif=GGAG/GAGG;rbs_spacer=5-10bp;gc_cont=0.583,94.8,791,424,1.12e-290,424,1,424,1,423,mobileOG_000344359,clpX,WP_002891807.1,phage,"replication,chaperone",Plasmid RefSeq,Homology,NODE_11_length_201553_cov_20.185536_100, 97066 # 98337 # 1 , 97066,98337,1 ,11_100,11,100,00,ATG,GGAG/GAGG,5-10bp,0.583,NODE_11_length_201553_cov_20.185536,mobileOG_000344359_NODE_11_length_201553_cov_20.185536
282,mobileOG_000025183|clpX|A0A0A0ZT71|phage|replication/recombination/repair|Plasmid RefSeq|Manual,NODE_11_length_201553_cov_20.185536_100 # 97066 # 98337 # 1 # ID=11_100;partial=00;start_type=ATG;rbs_motif=GGAG/GAGG;rbs_spacer=5-10bp;gc_cont=0.583,94.8,791,424,2.26e-290,424,1,424,1,423,mobileOG_000025183,clpX,A0A0A0ZT71,phage,replication/recombination/repair,Plasmid RefSeq,Manual,NODE_11_length_201553_cov_20.185536_100, 97066 # 98337 # 1 , 97066,98337,1 ,11_100,11,100,00,ATG,GGAG/GAGG,5-10bp,0.583,NODE_11_length_201553_cov_20.185536,mobileOG_000025183_NODE_11_length_201553_cov_20.185536
283,mobileOG_000025998|clpX|A0A1R0G070|phage|replication/recombination/repair|Plasmid RefSeq|Manual,NODE_11_length_201553_cov_20.185536_100 # 97066 # 98337 # 1 # ID=11_100;partial=00;start_type=ATG;rbs_motif=GGAG/GAGG;rbs_spacer=5-10bp;gc_cont=0.583,94.6,789,424,9.18e-290,424,1,424,1,423,mobileOG_000025998,clpX,A0A1R0G070,phage,replication/recombination/repair,Plasmid RefSeq,Manual,NODE_11_length_201553_cov_20.185536_100, 97066 # 98337 # 1 , 97066,98337,1 ,11_100,11,100,00,ATG,GGAG/GAGG,5-10bp,0.583,NODE_11_length_201553_cov_20.185536,mobileOG_000025998_NODE_11_length_201553_cov_20.185536
284,mobileOG_000368515|hup|WP_004940351.1|replication/recombination/repair|integration/excision|Plasmid RefSeq|Homology,NODE_11_length_201553_cov_20.185536_102 # 101103 # 101375 # 1 # ID=11_102;partial=00;start_type=GTG;rbs_motif=GGAG/GAGG;rbs_spacer=5-10bp;gc_cont=0.553,100,165,90,7.33e-54,91,1,90,1,90,mobileOG_000368515,hup,WP_004940351.1,replication/recombination/repair,integration/excision,Plasmid RefSeq,Homology,NODE_11_length_201553_cov_20.185536_102, 101103 # 101375 # 1 , 101103,101375,1 ,11_102,11,102,00,GTG,GGAG/GAGG,5-10bp,0.553,NODE_11_length_201553_cov_20.185536,mobileOG_000368515_NODE_11_length_201553_cov_20.185536
285,mobileOG_000025521|hupB|A0A192CJA5|replication/recombination/repair|integration/excision|Plasmid RefSeq|Manual,NODE_11_length_201553_cov_20.185536_102 # 101103 # 101375 # 1 # ID=11_102;partial=00;start_type=GTG;rbs_motif=GGAG/GAGG;rbs_spacer=5-10bp;gc_cont=0.553,90.0,152,90,7.93e-49,91,1,90,1,90,mobileOG_000025521,hupB,A0A192CJA5,replication/recombination/repair,integration/excision,Plasmid RefSeq,Manual,NODE_11_length_201553_cov_20.185536_102, 101103 # 101375 # 1 , 101103,101375,1 ,11_102,11,102,00,GTG,GGAG/GAGG,5-10bp,0.553,NODE_11_length_201553_cov_20.185536,mobileOG_000025521_NODE_11_length_201553_cov_20.185536
286,mobileOG_000025753|hupB|A0A078LCB7|phage|replication/recombination/repair|Plasmid RefSeq|Manual,NODE_11_length_201553_cov_20.185536_102 # 101103 # 101375 # 1 # ID=11_102;partial=00;start_type=GTG;rbs_motif=GGAG/GAGG;rbs_spacer=5-10bp;gc_cont=0.553,90.0,152,90,1.13e-48,91,1,90,1,90,mobileOG_000025753,hupB,A0A078LCB7,phage,replication/recombination/repair,Plasmid RefSeq,Manual,NODE_11_length_201553_cov_20.185536_102, 101103 # 101375 # 1 , 101103,101375,1 ,11_102,11,102,00,GTG,GGAG/GAGG,5-10bp,0.553,NODE_11_length_201553_cov_20.185536,mobileOG_000025753_NODE_11_length_201553_cov_20.185536
287,mobileOG_000299341|hup|WP_002444653.1|replication/recombination/repair|integration/excision|Plasmid RefSeq|Homology,NODE_11_length_201553_cov_20.185536_102 # 101103 # 101375 # 1 # ID=11_102;partial=00;start_type=GTG;rbs_motif=GGAG/GAGG;rbs_spacer=5-10bp;gc_cont=0.553,90.0,152,90,1.60e-48,91,1,90,1,90,mobileOG_000299341,hup,WP_002444653.1,replication/recombination/repair,integration/excision,Plasmid RefSeq,Homology,NODE_11_length_201553_cov_20.185536_102, 101103 # 101375 # 1 , 101103,101375,1 ,11_102,11,102,00,GTG,GGAG/GAGG,5-10bp,0.553,NODE_11_length_201553_cov_20.185536,mobileOG_000299341_NODE_11_length_201553_cov_20.185536
288,mobileOG_000314374|ogt|WP_033647296.1|replication/recombination/repair|NA|Plasmid RefSeq|Homology,NODE_11_length_201553_cov_20.185536_117 # 117017 # 117331 # -1 # ID=11_117;partial=00;start_type=ATG;rbs_motif=AGGA;rbs_spacer=5-10bp;gc_cont=0.641,99.0,217,104,7.26e-74,105,1,104,1,104,mobileOG_000314374,ogt,WP_033647296.1,replication/recombination/repair,NA,Plasmid RefSeq,Homology,NODE_11_length_201553_cov_20.185536_117, 117017 # 117331 # -1 , 117017,117331,-1 ,11_117,11,117,00,ATG,AGGA,5-10bp,0.641,NODE_11_length_201553_cov_20.185536,mobileOG_000314374_NODE_11_length_201553_cov_20.185536
289,mobileOG_000368554|ogt|WP_033642088.1|replication/recombination/repair|NA|Plasmid RefSeq|Homology,NODE_11_length_201553_cov_20.185536_117 # 117017 # 117331 # -1 # ID=11_117;partial=00;start_type=ATG;rbs_motif=AGGA;rbs_spacer=5-10bp;gc_cont=0.641,98.1,216,104,2.08e-73,105,1,104,1,104,mobileOG_000368554,ogt,WP_033642088.1,replication/recombination/repair,NA,Plasmid RefSeq,Homology,NODE_11_length_201553_cov_20.185536_117, 117017 # 117331 # -1 , 117017,117331,-1 ,11_117,11,117,00,ATG,AGGA,5-10bp,0.641,NODE_11_length_201553_cov_20.185536,mobileOG_000368554_NODE_11_length_201553_cov_20.185536
290,mobileOG_000374240|priC|WP_033637350.1|replication/recombination/repair|NA|Plasmid RefSeq|Homology,NODE_11_length_201553_cov_20.185536_131 # 131979 # 132515 # -1 # ID=11_131;partial=00;start_type=GTG;rbs_motif=GGAG/GAGG;rbs_spacer=5-10bp;gc_cont=0.635,97.8,320,178,1.72e-112,179,1,178,1,178,mobileOG_000374240,priC,WP_033637350.1,replication/recombination/repair,NA,Plasmid RefSeq,Homology,NODE_11_length_201553_cov_20.185536_131, 131979 # 132515 # -1 , 131979,132515,-1 ,11_131,11,131,00,GTG,GGAG/GAGG,5-10bp,0.635,NODE_11_length_201553_cov_20.185536,mobileOG_000374240_NODE_11_length_201553_cov_20.185536
291,mobileOG_000374241|priC|WP_033642112.1|replication/recombination/repair|NA|Plasmid RefSeq|Homology,NODE_11_length_201553_cov_20.185536_131 # 131979 # 132515 # -1 # ID=11_131;partial=00;start_type=GTG;rbs_motif=GGAG/GAGG;rbs_spacer=5-10bp;gc_cont=0.635,95.5,314,178,4.73e-110,179,1,178,1,178,mobileOG_000374241,priC,WP_033642112.1,replication/recombination/repair,NA,Plasmid RefSeq,Homology,NODE_11_length_201553_cov_20.185536_131, 131979 # 132515 # -1 , 131979,132515,-1 ,11_131,11,131,00,GTG,GGAG/GAGG,5-10bp,0.635,NODE_11_length_201553_cov_20.185536,mobileOG_000374241_NODE_11_length_201553_cov_20.185536
292,mobileOG_000365592|dnaX|WP_101453443.1|replication/recombination/repair|NA|Plasmid RefSeq|Homology,NODE_11_length_201553_cov_20.185536_134 # 133828 # 135786 # 1 # ID=11_134;partial=00;start_type=ATG;rbs_motif=None;rbs_spacer=None;gc_cont=0.652,96.5,1169,652,0.0,653,1,652,1,652,mobileOG_000365592,dnaX,WP_101453443.1,replication/recombination/repair,NA,Plasmid RefSeq,Homology,NODE_11_length_201553_cov_20.185536_134, 133828 # 135786 # 1 , 133828,135786,1 ,11_134,11,134,00,ATG,None,None,0.652,NODE_11_length_201553_cov_20.185536,mobileOG_000365592_NODE_11_length_201553_cov_20.185536
293,mobileOG_000365572|dnaX|WP_033647268.1|replication/recombination/repair|NA|Plasmid RefSeq|Homology,NODE_11_length_201553_cov_20.185536_134 # 133828 # 135786 # 1 # ID=11_134;partial=00;start_type=ATG;rbs_motif=None;rbs_spacer=None;gc_cont=0.652,98.0,1168,652,0.0,653,1,652,1,652,mobileOG_000365572,dnaX,WP_033647268.1,replication/recombination/repair,NA,Plasmid RefSeq,Homology,NODE_11_length_201553_cov_20.185536_134, 133828 # 135786 # 1 , 133828,135786,1 ,11_134,11,134,00,ATG,None,None,0.652,NODE_11_length_201553_cov_20.185536,mobileOG_000365572_NODE_11_length_201553_cov_20.185536
294,mobileOG_000368514|recR|WP_004940263.1|replication/recombination/repair|NA|Plasmid RefSeq|Homology,NODE_11_length_201553_cov_20.185536_136 # 136157 # 136762 # 1 # ID=11_136;partial=00;start_type=ATG;rbs_motif=None;rbs_spacer=None;gc_cont=0.662,100,402,201,3.31e-144,202,1,201,1,201,mobileOG_000368514,recR,WP_004940263.1,replication/recombination/repair,NA,Plasmid RefSeq,Homology,NODE_11_length_201553_cov_20.185536_136, 136157 # 136762 # 1 , 136157,136762,1 ,11_136,11,136,00,ATG,None,None,0.662,NODE_11_length_201553_cov_20.185536,mobileOG_000368514_NODE_11_length_201553_cov_20.185536
295,mobileOG_000025696|recR|WP_002892177.1|replication/recombination/repair|NA|Plasmid RefSeq|Manual,NODE_11_length_201553_cov_20.185536_136 # 136157 # 136762 # 1 # ID=11_136;partial=00;start_type=ATG;rbs_motif=None;rbs_spacer=None;gc_cont=0.662,91.5,370,201,2.12e-131,202,1,201,1,201,mobileOG_000025696,recR,WP_002892177.1,replication/recombination/repair,NA,Plasmid RefSeq,Manual,NODE_11_length_201553_cov_20.185536_136, 136157 # 136762 # 1 , 136157,136762,1 ,11_136,11,136,00,ATG,None,None,0.662,NODE_11_length_201553_cov_20.185536,mobileOG_000025696_NODE_11_length_201553_cov_20.185536
296,mobileOG_000295145|recR|WP_006809843.1|replication/recombination/repair|NA|Plasmid RefSeq|Homology,NODE_11_length_201553_cov_20.185536_136 # 136157 # 136762 # 1 # ID=11_136;partial=00;start_type=ATG;rbs_motif=None;rbs_spacer=None;gc_cont=0.662,91.5,369,201,8.64e-131,202,1,201,1,201,mobileOG_000295145,recR,WP_006809843.1,replication/recombination/repair,NA,Plasmid RefSeq,Homology,NODE_11_length_201553_cov_20.185536_136, 136157 # 136762 # 1 , 136157,136762,1 ,11_136,11,136,00,ATG,None,None,0.662,NODE_11_length_201553_cov_20.185536,mobileOG_000295145_NODE_11_length_201553_cov_20.185536
297,mobileOG_000025590|recR|A0A192CI29|replication/recombination/repair|NA|Plasmid RefSeq|Manual,NODE_11_length_201553_cov_20.185536_136 # 136157 # 136762 # 1 # ID=11_136;partial=00;start_type=ATG;rbs_motif=None;rbs_spacer=None;gc_cont=0.662,90.5,367,201,3.52e-130,202,1,201,1,201,mobileOG_000025590,recR,A0A192CI29,replication/recombination/repair,NA,Plasmid RefSeq,Manual,NODE_11_length_201553_cov_20.185536_136, 136157 # 136762 # 1 , 136157,136762,1 ,11_136,11,136,00,ATG,None,None,0.662,NODE_11_length_201553_cov_20.185536,mobileOG_000025590_NODE_11_length_201553_cov_20.185536
298,mobileOG_000025506|recR|A0A0A5T261|replication/recombination/repair|NA|Plasmid RefSeq|Manual,NODE_11_length_201553_cov_20.185536_136 # 136157 # 136762 # 1 # ID=11_136;partial=00;start_type=ATG;rbs_motif=None;rbs_spacer=None;gc_cont=0.662,90.5,367,201,5.00e-130,202,1,201,1,201,mobileOG_000025506,recR,A0A0A5T261,replication/recombination/repair,NA,Plasmid RefSeq,Manual,NODE_11_length_201553_cov_20.185536_136, 136157 # 136762 # 1 , 136157,136762,1 ,11_136,11,136,00,ATG,None,None,0.662,NODE_11_length_201553_cov_20.185536,mobileOG_000025506_NODE_11_length_201553_cov_20.185536
299,mobileOG_000556803|NA:Keyword|A0A2S4XFV4|transfer|NA|GPD|Keyword Search,NODE_11_length_201553_cov_20.185536_150 # 153330 # 154136 # -1 # ID=11_150;partial=00;start_type=ATG;rbs_motif=AGGAG;rbs_spacer=5-10bp;gc_cont=0.660,97.0,516,268,8.60e-187,269,1,268,1,268,mobileOG_000556803,NA:Keyword,A0A2S4XFV4,transfer,NA,GPD,Keyword Search,NODE_11_length_201553_cov_20.185536_150, 153330 # 154136 # -1 , 153330,154136,-1 ,11_150,11,150,00,ATG,AGGAG,5-10bp,0.660,NODE_11_length_201553_cov_20.185536,mobileOG_000556803_NODE_11_length_201553_cov_20.185536
300,"mobileOG_000368513|qmcA|WP_004940203.1|phage|lysis/lysogeny,regulation|Multiple|Homology",NODE_11_length_201553_cov_20.185536_168 # 179404 # 180309 # -1 # ID=11_168;partial=00;start_type=ATG;rbs_motif=AGGAG;rbs_spacer=5-10bp;gc_cont=0.614,100,459,301,1.86e-163,302,1,301,1,301,mobileOG_000368513,qmcA,WP_004940203.1,phage,"lysis/lysogeny,regulation",Multiple,Homology,NODE_11_length_201553_cov_20.185536_168, 179404 # 180309 # -1 , 179404,180309,-1 ,11_168,11,168,00,ATG,AGGAG,5-10bp,0.614,NODE_11_length_201553_cov_20.185536,mobileOG_000368513_NODE_11_length_201553_cov_20.185536
301,mobileOG_000754507|NA:Keyword|WP_016930391.1|transfer|NA|Plasmid RefSeq|Keyword Search,NODE_12_length_180999_cov_23.885249_81 # 92080 # 92916 # -1 # ID=12_81;partial=00;start_type=ATG;rbs_motif=GGA/GAG/AGG;rbs_spacer=5-10bp;gc_cont=0.611,100,564,278,1.64e-205,279,1,278,1,278,mobileOG_000754507,NA:Keyword,WP_016930391.1,transfer,NA,Plasmid RefSeq,Keyword Search,NODE_12_length_180999_cov_23.885249_81, 92080 # 92916 # -1 , 92080,92916,-1 ,12_81,12,81,00,ATG,GGA/GAG/AGG,5-10bp,0.611,NODE_12_length_180999_cov_23.885249,mobileOG_000754507_NODE_12_length_180999_cov_23.885249
302,mobileOG_000755095|NA:Keyword|WP_033651754.1|transfer|NA|Plasmid RefSeq|Keyword Search,NODE_12_length_180999_cov_23.885249_81 # 92080 # 92916 # -1 # ID=12_81;partial=00;start_type=ATG;rbs_motif=GGA/GAG/AGG;rbs_spacer=5-10bp;gc_cont=0.611,98.9,560,278,3.85e-204,279,1,278,1,278,mobileOG_000755095,NA:Keyword,WP_033651754.1,transfer,NA,Plasmid RefSeq,Keyword Search,NODE_12_length_180999_cov_23.885249_81, 92080 # 92916 # -1 , 92080,92916,-1 ,12_81,12,81,00,ATG,GGA/GAG/AGG,5-10bp,0.611,NODE_12_length_180999_cov_23.885249,mobileOG_000755095_NODE_12_length_180999_cov_23.885249
303,mobileOG_000756355|NA:Keyword|WP_039569119.1|transfer|NA|Plasmid RefSeq|Keyword Search,NODE_12_length_180999_cov_23.885249_81 # 92080 # 92916 # -1 # ID=12_81;partial=00;start_type=ATG;rbs_motif=GGA/GAG/AGG;rbs_spacer=5-10bp;gc_cont=0.611,97.5,553,278,2.14e-201,279,1,278,1,278,mobileOG_000756355,NA:Keyword,WP_039569119.1,transfer,NA,Plasmid RefSeq,Keyword Search,NODE_12_length_180999_cov_23.885249_81, 92080 # 92916 # -1 , 92080,92916,-1 ,12_81,12,81,00,ATG,GGA/GAG/AGG,5-10bp,0.611,NODE_12_length_180999_cov_23.885249,mobileOG_000756355_NODE_12_length_180999_cov_23.885249
304,mobileOG_000340872|vapC|WP_016930378.1|stability/transfer/defense|NA|Plasmid RefSeq|Homology,NODE_12_length_180999_cov_23.885249_99 # 114390 # 114869 # -1 # ID=12_99;partial=00;start_type=ATG;rbs_motif=None;rbs_spacer=None;gc_cont=0.558,98.7,320,159,8.27e-113,160,1,159,1,159,mobileOG_000340872,vapC,WP_016930378.1,stability/transfer/defense,NA,Plasmid RefSeq,Homology,NODE_12_length_180999_cov_23.885249_99, 114390 # 114869 # -1 , 114390,114869,-1 ,12_99,12,99,00,ATG,None,None,0.558,NODE_12_length_180999_cov_23.885249,mobileOG_000340872_NODE_12_length_180999_cov_23.885249
305,mobileOG_000342074|vapC|WP_074026079.1|stability/transfer/defense|NA|Plasmid RefSeq|Homology,NODE_12_length_180999_cov_23.885249_99 # 114390 # 114869 # -1 # ID=12_99;partial=00;start_type=ATG;rbs_motif=None;rbs_spacer=None;gc_cont=0.558,96.9,316,159,1.95e-111,160,1,159,1,159,mobileOG_000342074,vapC,WP_074026079.1,stability/transfer/defense,NA,Plasmid RefSeq,Homology,NODE_12_length_180999_cov_23.885249_99, 114390 # 114869 # -1 , 114390,114869,-1 ,12_99,12,99,00,ATG,None,None,0.558,NODE_12_length_180999_cov_23.885249,mobileOG_000342074_NODE_12_length_180999_cov_23.885249
306,mobileOG_000342300|vapC|WP_033636311.1|stability/transfer/defense|NA|Plasmid RefSeq|Homology,NODE_12_length_180999_cov_23.885249_99 # 114390 # 114869 # -1 # ID=12_99;partial=00;start_type=ATG;rbs_motif=None;rbs_spacer=None;gc_cont=0.558,96.2,315,159,5.60e-111,160,1,159,1,159,mobileOG_000342300,vapC,WP_033636311.1,stability/transfer/defense,NA,Plasmid RefSeq,Homology,NODE_12_length_180999_cov_23.885249_99, 114390 # 114869 # -1 , 114390,114869,-1 ,12_99,12,99,00,ATG,None,None,0.558,NODE_12_length_180999_cov_23.885249,mobileOG_000342300_NODE_12_length_180999_cov_23.885249
307,mobileOG_000365493|dam_1|WP_004930319.1|stability/transfer/defense|NA|Plasmid RefSeq|Homology,NODE_12_length_180999_cov_23.885249_116 # 131913 # 132620 # 1 # ID=12_116;partial=00;start_type=GTG;rbs_motif=GGA/GAG/AGG;rbs_spacer=5-10bp;gc_cont=0.561,99.6,474,270,7.04e-171,236,36,270,1,235,mobileOG_000365493,dam_1,WP_004930319.1,stability/transfer/defense,NA,Plasmid RefSeq,Homology,NODE_12_length_180999_cov_23.885249_116, 131913 # 132620 # 1 , 131913,132620,1 ,12_116,12,116,00,GTG,GGA/GAG/AGG,5-10bp,0.561,NODE_12_length_180999_cov_23.885249,mobileOG_000365493_NODE_12_length_180999_cov_23.885249
308,mobileOG_000365501|dam_1|WP_033636297.1|stability/transfer/defense|NA|Plasmid RefSeq|Homology,NODE_12_length_180999_cov_23.885249_116 # 131913 # 132620 # 1 # ID=12_116;partial=00;start_type=GTG;rbs_motif=GGA/GAG/AGG;rbs_spacer=5-10bp;gc_cont=0.561,99.1,472,270,5.78e-170,236,36,270,1,235,mobileOG_000365501,dam_1,WP_033636297.1,stability/transfer/defense,NA,Plasmid RefSeq,Homology,NODE_12_length_180999_cov_23.885249_116, 131913 # 132620 # 1 , 131913,132620,1 ,12_116,12,116,00,GTG,GGA/GAG/AGG,5-10bp,0.561,NODE_12_length_180999_cov_23.885249,mobileOG_000365501_NODE_12_length_180999_cov_23.885249
309,mobileOG_000365508|dam_1|WP_047573438.1|stability/transfer/defense|NA|Plasmid RefSeq|Homology,NODE_12_length_180999_cov_23.885249_116 # 131913 # 132620 # 1 # ID=12_116;partial=00;start_type=GTG;rbs_motif=GGA/GAG/AGG;rbs_spacer=5-10bp;gc_cont=0.561,98.3,469,270,9.58e-169,236,36,270,1,235,mobileOG_000365508,dam_1,WP_047573438.1,stability/transfer/defense,NA,Plasmid RefSeq,Homology,NODE_12_length_180999_cov_23.885249_116, 131913 # 132620 # 1 , 131913,132620,1 ,12_116,12,116,00,GTG,GGA/GAG/AGG,5-10bp,0.561,NODE_12_length_180999_cov_23.885249,mobileOG_000365508_NODE_12_length_180999_cov_23.885249
310,"mobileOG_000368534|dpiA|WP_021505854.1|replication/recombination/repair|partitioning,regulation|Plasmid RefSeq|Homology",NODE_13_length_168607_cov_17.382697_29 # 30845 # 31531 # -1 # ID=13_29;partial=00;start_type=ATG;rbs_motif=AGxAGG/AGGxGG;rbs_spacer=5-10bp;gc_cont=0.655,98.7,442,228,5.18e-159,229,1,228,1,228,mobileOG_000368534,dpiA,WP_021505854.1,replication/recombination/repair,"partitioning,regulation",Plasmid RefSeq,Homology,NODE_13_length_168607_cov_17.382697_29, 30845 # 31531 # -1 , 30845,31531,-1 ,13_29,13,29,00,ATG,AGxAGG/AGGxGG,5-10bp,0.655,NODE_13_length_168607_cov_17.382697,mobileOG_000368534_NODE_13_length_168607_cov_17.382697
311,"mobileOG_000330121|dpiA|WP_033654924.1|replication/recombination/repair|partitioning,regulation|Plasmid RefSeq|Homology",NODE_13_length_168607_cov_17.382697_29 # 30845 # 31531 # -1 # ID=13_29;partial=00;start_type=ATG;rbs_motif=AGxAGG/AGGxGG;rbs_spacer=5-10bp;gc_cont=0.655,98.2,439,228,6.05e-158,229,1,228,1,228,mobileOG_000330121,dpiA,WP_033654924.1,replication/recombination/repair,"partitioning,regulation",Plasmid RefSeq,Homology,NODE_13_length_168607_cov_17.382697_29, 30845 # 31531 # -1 , 30845,31531,-1 ,13_29,13,29,00,ATG,AGxAGG/AGGxGG,5-10bp,0.655,NODE_13_length_168607_cov_17.382697,mobileOG_000330121_NODE_13_length_168607_cov_17.382697
312,mobileOG_000368530|alkB|WP_019452474.1|replication/recombination/repair|NA|Plasmid RefSeq|Homology,NODE_13_length_168607_cov_17.382697_42 # 44028 # 44675 # 1 # ID=13_42;partial=00;start_type=ATG;rbs_motif=GGA/GAG/AGG;rbs_spacer=5-10bp;gc_cont=0.673,99.1,452,215,2.93e-163,216,1,215,1,215,mobileOG_000368530,alkB,WP_019452474.1,replication/recombination/repair,NA,Plasmid RefSeq,Homology,NODE_13_length_168607_cov_17.382697_42, 44028 # 44675 # 1 , 44028,44675,1 ,13_42,13,42,00,ATG,GGA/GAG/AGG,5-10bp,0.673,NODE_13_length_168607_cov_17.382697,mobileOG_000368530_NODE_13_length_168607_cov_17.382697
313,mobileOG_000333875|alkB|WP_033654914.1|replication/recombination/repair|NA|Plasmid RefSeq|Homology,NODE_13_length_168607_cov_17.382697_42 # 44028 # 44675 # 1 # ID=13_42;partial=00;start_type=ATG;rbs_motif=GGA/GAG/AGG;rbs_spacer=5-10bp;gc_cont=0.673,98.6,447,215,1.98e-161,216,1,215,1,215,mobileOG_000333875,alkB,WP_033654914.1,replication/recombination/repair,NA,Plasmid RefSeq,Homology,NODE_13_length_168607_cov_17.382697_42, 44028 # 44675 # 1 , 44028,44675,1 ,13_42,13,42,00,ATG,GGA/GAG/AGG,5-10bp,0.673,NODE_13_length_168607_cov_17.382697,mobileOG_000333875_NODE_13_length_168607_cov_17.382697
314,mobileOG_000756572|NA:Keyword|WP_033635147.1|phage|regulation|Plasmid RefSeq|Keyword Search,NODE_13_length_168607_cov_17.382697_81 # 91511 # 92311 # -1 # ID=13_81;partial=00;start_type=ATG;rbs_motif=GGA/GAG/AGG;rbs_spacer=5-10bp;gc_cont=0.647,99.6,525,266,1.62e-190,267,1,266,1,266,mobileOG_000756572,NA:Keyword,WP_033635147.1,phage,regulation,Plasmid RefSeq,Keyword Search,NODE_13_length_168607_cov_17.382697_81, 91511 # 92311 # -1 , 91511,92311,-1 ,13_81,13,81,00,ATG,GGA/GAG/AGG,5-10bp,0.647,NODE_13_length_168607_cov_17.382697,mobileOG_000756572_NODE_13_length_168607_cov_17.382697
315,mobileOG_000368532|nth|WP_019455952.1|replication/recombination/repair|NA|Plasmid RefSeq|Homology,NODE_14_length_163806_cov_16.126398_48 # 49527 # 50168 # -1 # ID=14_48;partial=00;start_type=ATG;rbs_motif=AGxAGG/AGGxGG;rbs_spacer=3-4bp;gc_cont=0.611,99.5,431,213,3.04e-155,214,1,213,1,213,mobileOG_000368532,nth,WP_019455952.1,replication/recombination/repair,NA,Plasmid RefSeq,Homology,NODE_14_length_163806_cov_16.126398_48, 49527 # 50168 # -1 , 49527,50168,-1 ,14_48,14,48,00,ATG,AGxAGG/AGGxGG,3-4bp,0.611,NODE_14_length_163806_cov_16.126398,mobileOG_000368532_NODE_14_length_163806_cov_16.126398
316,mobileOG_000340056|nth|WP_002907734.1|replication/recombination/repair|NA|Plasmid RefSeq|Homology,NODE_14_length_163806_cov_16.126398_48 # 49527 # 50168 # -1 # ID=14_48;partial=00;start_type=ATG;rbs_motif=AGxAGG/AGGxGG;rbs_spacer=3-4bp;gc_cont=0.611,91.4,393,211,3.52e-140,214,1,210,1,210,mobileOG_000340056,nth,WP_002907734.1,replication/recombination/repair,NA,Plasmid RefSeq,Homology,NODE_14_length_163806_cov_16.126398_48, 49527 # 50168 # -1 , 49527,50168,-1 ,14_48,14,48,00,ATG,AGxAGG/AGGxGG,3-4bp,0.611,NODE_14_length_163806_cov_16.126398,mobileOG_000340056_NODE_14_length_163806_cov_16.126398
317,mobileOG_000240879|nth|A0A2S4WTY0|replication/recombination/repair|NA|GPD|Homology,NODE_14_length_163806_cov_16.126398_48 # 49527 # 50168 # -1 # ID=14_48;partial=00;start_type=ATG;rbs_motif=AGxAGG/AGGxGG;rbs_spacer=3-4bp;gc_cont=0.611,92.3,393,211,4.99e-140,214,1,209,1,209,mobileOG_000240879,nth,A0A2S4WTY0,replication/recombination/repair,NA,GPD,Homology,NODE_14_length_163806_cov_16.126398_48, 49527 # 50168 # -1 , 49527,50168,-1 ,14_48,14,48,00,ATG,AGxAGG/AGGxGG,3-4bp,0.611,NODE_14_length_163806_cov_16.126398,mobileOG_000240879_NODE_14_length_163806_cov_16.126398
318,mobileOG_000242763|nth|A0A156XKS9|replication/recombination/repair|NA|GPD|Homology,NODE_14_length_163806_cov_16.126398_48 # 49527 # 50168 # -1 # ID=14_48;partial=00;start_type=ATG;rbs_motif=AGxAGG/AGGxGG;rbs_spacer=3-4bp;gc_cont=0.611,90.5,390,211,8.28e-139,214,1,211,1,211,mobileOG_000242763,nth,A0A156XKS9,replication/recombination/repair,NA,GPD,Homology,NODE_14_length_163806_cov_16.126398_48, 49527 # 50168 # -1 , 49527,50168,-1 ,14_48,14,48,00,ATG,AGxAGG/AGGxGG,3-4bp,0.611,NODE_14_length_163806_cov_16.126398,mobileOG_000242763_NODE_14_length_163806_cov_16.126398
319,mobileOG_000189905|nth|WP_015570668.1|replication/recombination/repair|NA|Multiple|Homology,NODE_14_length_163806_cov_16.126398_48 # 49527 # 50168 # -1 # ID=14_48;partial=00;start_type=ATG;rbs_motif=AGxAGG/AGGxGG;rbs_spacer=3-4bp;gc_cont=0.611,90.5,389,211,1.18e-138,214,1,211,1,211,mobileOG_000189905,nth,WP_015570668.1,replication/recombination/repair,NA,Multiple,Homology,NODE_14_length_163806_cov_16.126398_48, 49527 # 50168 # -1 , 49527,50168,-1 ,14_48,14,48,00,ATG,AGxAGG/AGGxGG,3-4bp,0.611,NODE_14_length_163806_cov_16.126398,mobileOG_000189905_NODE_14_length_163806_cov_16.126398
320,mobileOG_000340055|nth|WP_001030346.1|replication/recombination/repair|NA|Multiple|Homology,NODE_14_length_163806_cov_16.126398_48 # 49527 # 50168 # -1 # ID=14_48;partial=00;start_type=ATG;rbs_motif=AGxAGG/AGGxGG;rbs_spacer=3-4bp;gc_cont=0.611,90.9,388,211,4.79e-138,214,1,209,1,209,mobileOG_000340055,nth,WP_001030346.1,replication/recombination/repair,NA,Multiple,Homology,NODE_14_length_163806_cov_16.126398_48, 49527 # 50168 # -1 , 49527,50168,-1 ,14_48,14,48,00,ATG,AGxAGG/AGGxGG,3-4bp,0.611,NODE_14_length_163806_cov_16.126398,mobileOG_000340055_NODE_14_length_163806_cov_16.126398
321,mobileOG_000362634|tus|WP_043147415.1|replication/recombination/repair|NA|Plasmid RefSeq|Homology,NODE_14_length_163806_cov_16.126398_77 # 78892 # 79830 # -1 # ID=14_77;partial=00;start_type=ATG;rbs_motif=GGAG/GAGG;rbs_spacer=5-10bp;gc_cont=0.622,97.8,599,312,2.16e-218,313,1,312,1,312,mobileOG_000362634,tus,WP_043147415.1,replication/recombination/repair,NA,Plasmid RefSeq,Homology,NODE_14_length_163806_cov_16.126398_77, 78892 # 79830 # -1 , 78892,79830,-1 ,14_77,14,77,00,ATG,GGAG/GAGG,5-10bp,0.622,NODE_14_length_163806_cov_16.126398,mobileOG_000362634_NODE_14_length_163806_cov_16.126398
322,mobileOG_000728847|NA:Keyword|WP_101427320.1|stability/transfer/defense|NA|Plasmid RefSeq|Keyword Search,NODE_15_length_159602_cov_21.271218_53 # 53282 # 53599 # 1 # ID=15_53;partial=00;start_type=ATG;rbs_motif=GGAG/GAGG;rbs_spacer=5-10bp;gc_cont=0.544,95.2,195,105,2.74e-65,106,1,105,1,105,mobileOG_000728847,NA:Keyword,WP_101427320.1,stability/transfer/defense,NA,Plasmid RefSeq,Keyword Search,NODE_15_length_159602_cov_21.271218_53, 53282 # 53599 # 1 , 53282,53599,1 ,15_53,15,53,00,ATG,GGAG/GAGG,5-10bp,0.544,NODE_15_length_159602_cov_21.271218,mobileOG_000728847_NODE_15_length_159602_cov_21.271218
323,mobileOG_000327810|xerD|WP_033638574.1|integration/excision|replication/recombination/repair|Plasmid RefSeq|Homology,NODE_15_length_159602_cov_21.271218_73 # 73934 # 74869 # 1 # ID=15_73;partial=00;start_type=ATG;rbs_motif=GGA/GAG/AGG;rbs_spacer=3-4bp;gc_cont=0.612,98.0,574,299,1.04e-208,312,1,299,13,311,mobileOG_000327810,xerD,WP_033638574.1,integration/excision,replication/recombination/repair,Plasmid RefSeq,Homology,NODE_15_length_159602_cov_21.271218_73, 73934 # 74869 # 1 , 73934,74869,1 ,15_73,15,73,00,ATG,GGA/GAG/AGG,3-4bp,0.612,NODE_15_length_159602_cov_21.271218,mobileOG_000327810_NODE_15_length_159602_cov_21.271218
324,mobileOG_000328805|recJ|WP_101427312.1|replication/recombination/repair|NA|Plasmid RefSeq|Homology,NODE_15_length_159602_cov_21.271218_75 # 75619 # 77352 # 1 # ID=15_75;partial=00;start_type=GTG;rbs_motif=GGxGG;rbs_spacer=5-10bp;gc_cont=0.675,99.1,1124,577,0.0,578,1,577,1,577,mobileOG_000328805,recJ,WP_101427312.1,replication/recombination/repair,NA,Plasmid RefSeq,Homology,NODE_15_length_159602_cov_21.271218_75, 75619 # 77352 # 1 , 75619,77352,1 ,15_75,15,75,00,GTG,GGxGG,5-10bp,0.675,NODE_15_length_159602_cov_21.271218,mobileOG_000328805_NODE_15_length_159602_cov_21.271218
325,mobileOG_000330963|mutH|WP_033635764.1|replication/recombination/repair|NA|Plasmid RefSeq|Homology,NODE_15_length_159602_cov_21.271218_132 # 136413 # 137099 # -1 # ID=15_132;partial=00;start_type=ATG;rbs_motif=GGA/GAG/AGG;rbs_spacer=5-10bp;gc_cont=0.611,95.2,438,228,1.73e-157,229,1,228,1,228,mobileOG_000330963,mutH,WP_033635764.1,replication/recombination/repair,NA,Plasmid RefSeq,Homology,NODE_15_length_159602_cov_21.271218_132, 136413 # 137099 # -1 , 136413,137099,-1 ,15_132,15,132,00,ATG,GGA/GAG/AGG,5-10bp,0.611,NODE_15_length_159602_cov_21.271218,mobileOG_000330963_NODE_15_length_159602_cov_21.271218
326,"mobileOG_000368528|thyA|WP_016929918.1|phage|replication,infection,regulation|Plasmid RefSeq|Homology",NODE_15_length_159602_cov_21.271218_136 # 141685 # 142479 # 1 # ID=15_136;partial=00;start_type=ATG;rbs_motif=GGAG/GAGG;rbs_spacer=5-10bp;gc_cont=0.575,100,556,264,8.77e-203,265,1,264,1,264,mobileOG_000368528,thyA,WP_016929918.1,phage,"replication,infection,regulation",Plasmid RefSeq,Homology,NODE_15_length_159602_cov_21.271218_136, 141685 # 142479 # 1 , 141685,142479,1 ,15_136,15,136,00,ATG,GGAG/GAGG,5-10bp,0.575,NODE_15_length_159602_cov_21.271218,mobileOG_000368528_NODE_15_length_159602_cov_21.271218
327,"mobileOG_000326744|thyA|WP_008806329.1|phage|replication,infection,regulation|Plasmid RefSeq|Homology",NODE_15_length_159602_cov_21.271218_136 # 141685 # 142479 # 1 # ID=15_136;partial=00;start_type=ATG;rbs_motif=GGAG/GAGG;rbs_spacer=5-10bp;gc_cont=0.575,90.2,513,264,5.19e-186,265,1,264,1,264,mobileOG_000326744,thyA,WP_008806329.1,phage,"replication,infection,regulation",Plasmid RefSeq,Homology,NODE_15_length_159602_cov_21.271218_136, 141685 # 142479 # 1 , 141685,142479,1 ,15_136,15,136,00,ATG,GGAG/GAGG,5-10bp,0.575,NODE_15_length_159602_cov_21.271218,mobileOG_000326744_NODE_15_length_159602_cov_21.271218
328,mobileOG_000327740|recC|WP_101427297.1|replication/recombination/repair|NA|Plasmid RefSeq|Homology,NODE_15_length_159602_cov_21.271218_141 # 144549 # 147920 # 1 # ID=15_141;partial=00;start_type=ATG;rbs_motif=AGGAG;rbs_spacer=5-10bp;gc_cont=0.617,97.8,2217,1123,0.0,1124,1,1123,1,1123,mobileOG_000327740,recC,WP_101427297.1,replication/recombination/repair,NA,Plasmid RefSeq,Homology,NODE_15_length_159602_cov_21.271218_141, 144549 # 147920 # 1 , 144549,147920,1 ,15_141,15,141,00,ATG,AGGAG,5-10bp,0.617,NODE_15_length_159602_cov_21.271218,mobileOG_000327740_NODE_15_length_159602_cov_21.271218
329,mobileOG_000336351|recB|WP_101427296.1|replication/recombination/repair|NA|Plasmid RefSeq|Homology,NODE_15_length_159602_cov_21.271218_143 # 151038 # 154589 # 1 # ID=15_143;partial=00;start_type=ATG;rbs_motif=None;rbs_spacer=None;gc_cont=0.626,97.0,2278,1183,0.0,1184,1,1183,1,1183,mobileOG_000336351,recB,WP_101427296.1,replication/recombination/repair,NA,Plasmid RefSeq,Homology,NODE_15_length_159602_cov_21.271218_143, 151038 # 154589 # 1 , 151038,154589,1 ,15_143,15,143,00,ATG,None,None,0.626,NODE_15_length_159602_cov_21.271218,mobileOG_000336351_NODE_15_length_159602_cov_21.271218
330,mobileOG_000329165|recD|WP_101427295.1|replication/recombination/repair|NA|Plasmid RefSeq|Homology,NODE_15_length_159602_cov_21.271218_144 # 154586 # 156436 # 1 # ID=15_144;partial=00;start_type=ATG;rbs_motif=GGAGG;rbs_spacer=5-10bp;gc_cont=0.666,97.1,1130,616,0.0,617,1,616,1,616,mobileOG_000329165,recD,WP_101427295.1,replication/recombination/repair,NA,Plasmid RefSeq,Homology,NODE_15_length_159602_cov_21.271218_144, 154586 # 156436 # 1 , 154586,156436,1 ,15_144,15,144,00,ATG,GGAGG,5-10bp,0.666,NODE_15_length_159602_cov_21.271218,mobileOG_000329165_NODE_15_length_159602_cov_21.271218
331,mobileOG_000324978|polA|WP_033652267.1|replication/recombination/repair|NA|Plasmid RefSeq|Homology,NODE_16_length_118469_cov_24.722777_7 # 4790 # 7588 # 1 # ID=16_7;partial=00;start_type=ATG;rbs_motif=None;rbs_spacer=None;gc_cont=0.621,99.4,1794,932,0.0,933,1,932,1,932,mobileOG_000324978,polA,WP_033652267.1,replication/recombination/repair,NA,Plasmid RefSeq,Homology,NODE_16_length_118469_cov_24.722777_7, 4790 # 7588 # 1 , 4790,7588,1 ,16_7,16,7,00,ATG,None,None,0.621,NODE_16_length_118469_cov_24.722777,mobileOG_000324978_NODE_16_length_118469_cov_24.722777
332,mobileOG_000330441|polA|WP_033649753.1|replication/recombination/repair|NA|Plasmid RefSeq|Homology,NODE_16_length_118469_cov_24.722777_7 # 4790 # 7588 # 1 # ID=16_7;partial=00;start_type=ATG;rbs_motif=None;rbs_spacer=None;gc_cont=0.621,98.8,1783,933,0.0,933,1,933,1,932,mobileOG_000330441,polA,WP_033649753.1,replication/recombination/repair,NA,Plasmid RefSeq,Homology,NODE_16_length_118469_cov_24.722777_7, 4790 # 7588 # 1 , 4790,7588,1 ,16_7,16,7,00,ATG,None,None,0.621,NODE_16_length_118469_cov_24.722777,mobileOG_000330441_NODE_16_length_118469_cov_24.722777
333,mobileOG_000282638|recG|WP_042785598.1|replication/recombination/repair|NA|Plasmid RefSeq|Homology,NODE_16_length_118469_cov_24.722777_23 # 25951 # 28032 # -1 # ID=16_23;partial=00;start_type=ATG;rbs_motif=3Base/5BMM;rbs_spacer=13-15bp;gc_cont=0.655,99.6,1335,693,0.0,694,1,693,1,693,mobileOG_000282638,recG,WP_042785598.1,replication/recombination/repair,NA,Plasmid RefSeq,Homology,NODE_16_length_118469_cov_24.722777_23, 25951 # 28032 # -1 , 25951,28032,-1 ,16_23,16,23,00,ATG,3Base/5BMM,13-15bp,0.655,NODE_16_length_118469_cov_24.722777,mobileOG_000282638_NODE_16_length_118469_cov_24.722777
334,mobileOG_000282640|recG|WP_043148432.1|replication/recombination/repair|NA|Plasmid RefSeq|Homology,NODE_16_length_118469_cov_24.722777_23 # 25951 # 28032 # -1 # ID=16_23;partial=00;start_type=ATG;rbs_motif=3Base/5BMM;rbs_spacer=13-15bp;gc_cont=0.655,99.3,1332,693,0.0,694,1,693,1,693,mobileOG_000282640,recG,WP_043148432.1,replication/recombination/repair,NA,Plasmid RefSeq,Homology,NODE_16_length_118469_cov_24.722777_23, 25951 # 28032 # -1 , 25951,28032,-1 ,16_23,16,23,00,ATG,3Base/5BMM,13-15bp,0.655,NODE_16_length_118469_cov_24.722777,mobileOG_000282640_NODE_16_length_118469_cov_24.722777
335,mobileOG_000368541|rph|WP_025160305.1|replication/recombination/repair|NA|Plasmid RefSeq|Homology,NODE_16_length_118469_cov_24.722777_33 # 36355 # 37071 # 1 # ID=16_33;partial=00;start_type=ATG;rbs_motif=GGAG/GAGG;rbs_spacer=5-10bp;gc_cont=0.630,100,459,238,3.11e-165,239,1,238,1,238,mobileOG_000368541,rph,WP_025160305.1,replication/recombination/repair,NA,Plasmid RefSeq,Homology,NODE_16_length_118469_cov_24.722777_33, 36355 # 37071 # 1 , 36355,37071,1 ,16_33,16,33,00,ATG,GGAG/GAGG,5-10bp,0.630,NODE_16_length_118469_cov_24.722777,mobileOG_000368541_NODE_16_length_118469_cov_24.722777
336,mobileOG_000365573|dut|WP_033652257.1|transfer|regulation|Plasmid RefSeq|Homology,NODE_16_length_118469_cov_24.722777_36 # 38688 # 39146 # -1 # ID=16_36;partial=00;start_type=ATG;rbs_motif=3Base/5BMM;rbs_spacer=13-15bp;gc_cont=0.645,99.3,302,152,3.56e-106,153,1,152,1,152,mobileOG_000365573,dut,WP_033652257.1,transfer,regulation,Plasmid RefSeq,Homology,NODE_16_length_118469_cov_24.722777_36, 38688 # 39146 # -1 , 38688,39146,-1 ,16_36,16,36,00,ATG,3Base/5BMM,13-15bp,0.645,NODE_16_length_118469_cov_24.722777,mobileOG_000365573_NODE_16_length_118469_cov_24.722777
337,mobileOG_000026435|dut|A0A2S4X4S0|transfer|regulation|Plasmid RefSeq|Manual,NODE_16_length_118469_cov_24.722777_36 # 38688 # 39146 # -1 # ID=16_36;partial=00;start_type=ATG;rbs_motif=3Base/5BMM;rbs_spacer=13-15bp;gc_cont=0.645,98.7,302,152,5.05e-106,153,1,152,1,152,mobileOG_000026435,dut,A0A2S4X4S0,transfer,regulation,Plasmid RefSeq,Manual,NODE_16_length_118469_cov_24.722777_36, 38688 # 39146 # -1 , 38688,39146,-1 ,16_36,16,36,00,ATG,3Base/5BMM,13-15bp,0.645,NODE_16_length_118469_cov_24.722777,mobileOG_000026435_NODE_16_length_118469_cov_24.722777
338,mobileOG_000289045|dut|A0A0J4XIE0|transfer|regulation|Plasmid RefSeq|Homology,NODE_16_length_118469_cov_24.722777_36 # 38688 # 39146 # -1 # ID=16_36;partial=00;start_type=ATG;rbs_motif=3Base/5BMM;rbs_spacer=13-15bp;gc_cont=0.645,91.4,278,152,1.44e-96,153,1,151,1,151,mobileOG_000289045,dut,A0A0J4XIE0,transfer,regulation,Plasmid RefSeq,Homology,NODE_16_length_118469_cov_24.722777_36, 38688 # 39146 # -1 , 38688,39146,-1 ,16_36,16,36,00,ATG,3Base/5BMM,13-15bp,0.645,NODE_16_length_118469_cov_24.722777,mobileOG_000289045_NODE_16_length_118469_cov_24.722777
339,mobileOG_000332472|mutM|WP_033649742.1|replication/recombination/repair|NA|Plasmid RefSeq|Homology,NODE_16_length_118469_cov_24.722777_42 # 41968 # 42783 # 1 # ID=16_42;partial=00;start_type=ATG;rbs_motif=GGAGG;rbs_spacer=5-10bp;gc_cont=0.616,99.3,546,271,1.39e-198,272,1,271,1,271,mobileOG_000332472,mutM,WP_033649742.1,replication/recombination/repair,NA,Plasmid RefSeq,Homology,NODE_16_length_118469_cov_24.722777_42, 41968 # 42783 # 1 , 41968,42783,1 ,16_42,16,42,00,ATG,GGAGG,5-10bp,0.616,NODE_16_length_118469_cov_24.722777,mobileOG_000332472_NODE_16_length_118469_cov_24.722777
340,mobileOG_000327567|mutM|WP_101452716.1|replication/recombination/repair|NA|Plasmid RefSeq|Homology,NODE_16_length_118469_cov_24.722777_42 # 41968 # 42783 # 1 # ID=16_42;partial=00;start_type=ATG;rbs_motif=GGAGG;rbs_spacer=5-10bp;gc_cont=0.616,97.0,536,271,1.28e-194,272,1,271,1,271,mobileOG_000327567,mutM,WP_101452716.1,replication/recombination/repair,NA,Plasmid RefSeq,Homology,NODE_16_length_118469_cov_24.722777_42, 41968 # 42783 # 1 , 41968,42783,1 ,16_42,16,42,00,ATG,GGAGG,5-10bp,0.616,NODE_16_length_118469_cov_24.722777,mobileOG_000327567_NODE_16_length_118469_cov_24.722777
341,"mobileOG_000354199|cpxA|WP_015379421.1|transfer|conjugation,relaxosome|Plasmid RefSeq|Homology",NODE_16_length_118469_cov_24.722777_70 # 69180 # 70574 # -1 # ID=16_70;partial=00;start_type=ATG;rbs_motif=None;rbs_spacer=None;gc_cont=0.640,100,906,464,0.0,465,1,464,1,464,mobileOG_000354199,cpxA,WP_015379421.1,transfer,"conjugation,relaxosome",Plasmid RefSeq,Homology,NODE_16_length_118469_cov_24.722777_70, 69180 # 70574 # -1 , 69180,70574,-1 ,16_70,16,70,00,ATG,None,None,0.640,NODE_16_length_118469_cov_24.722777,mobileOG_000354199_NODE_16_length_118469_cov_24.722777
342,"mobileOG_000354202|cpxA|WP_033636450.1|transfer|conjugation,relaxosome|Plasmid RefSeq|Homology",NODE_16_length_118469_cov_24.722777_70 # 69180 # 70574 # -1 # ID=16_70;partial=00;start_type=ATG;rbs_motif=None;rbs_spacer=None;gc_cont=0.640,98.9,899,464,0.0,465,1,464,1,464,mobileOG_000354202,cpxA,WP_033636450.1,transfer,"conjugation,relaxosome",Plasmid RefSeq,Homology,NODE_16_length_118469_cov_24.722777_70, 69180 # 70574 # -1 , 69180,70574,-1 ,16_70,16,70,00,ATG,None,None,0.640,NODE_16_length_118469_cov_24.722777,mobileOG_000354202_NODE_16_length_118469_cov_24.722777
343,mobileOG_000301584|srnB|WP_015379015.1|stability/transfer/defense|NA|Plasmid RefSeq|Homology,NODE_17_length_93146_cov_21.550860_18 # 15839 # 15994 # -1 # ID=17_18;partial=00;start_type=ATG;rbs_motif=AGGAG;rbs_spacer=5-10bp;gc_cont=0.526,98.0,93.2,50,2.35e-26,52,1,50,2,51,mobileOG_000301584,srnB,WP_015379015.1,stability/transfer/defense,NA,Plasmid RefSeq,Homology,NODE_17_length_93146_cov_21.550860_18, 15839 # 15994 # -1 , 15839,15994,-1 ,17_18,17,18,00,ATG,AGGAG,5-10bp,0.526,NODE_17_length_93146_cov_21.550860,mobileOG_000301584_NODE_17_length_93146_cov_21.550860
344,mobileOG_000361163|srnB|WP_080298853.1|stability/transfer/defense|NA|Plasmid RefSeq|Homology,NODE_17_length_93146_cov_21.550860_18 # 15839 # 15994 # -1 # ID=17_18;partial=00;start_type=ATG;rbs_motif=AGGAG;rbs_spacer=5-10bp;gc_cont=0.526,92.0,89.4,50,7.91e-25,52,1,50,2,51,mobileOG_000361163,srnB,WP_080298853.1,stability/transfer/defense,NA,Plasmid RefSeq,Homology,NODE_17_length_93146_cov_21.550860_18, 15839 # 15994 # -1 , 15839,15994,-1 ,17_18,17,18,00,ATG,AGGAG,5-10bp,0.526,NODE_17_length_93146_cov_21.550860,mobileOG_000361163_NODE_17_length_93146_cov_21.550860
345,mobileOG_000301584|srnB|WP_015379015.1|stability/transfer/defense|NA|Plasmid RefSeq|Homology,NODE_17_length_93146_cov_21.550860_22 # 21608 # 21763 # -1 # ID=17_22;partial=00;start_type=ATG;rbs_motif=AGGAG;rbs_spacer=5-10bp;gc_cont=0.513,98.0,93.2,50,2.35e-26,52,1,50,2,51,mobileOG_000301584,srnB,WP_015379015.1,stability/transfer/defense,NA,Plasmid RefSeq,Homology,NODE_17_length_93146_cov_21.550860_22, 21608 # 21763 # -1 , 21608,21763,-1 ,17_22,17,22,00,ATG,AGGAG,5-10bp,0.513,NODE_17_length_93146_cov_21.550860,mobileOG_000301584_NODE_17_length_93146_cov_21.550860
346,mobileOG_000361163|srnB|WP_080298853.1|stability/transfer/defense|NA|Plasmid RefSeq|Homology,NODE_17_length_93146_cov_21.550860_22 # 21608 # 21763 # -1 # ID=17_22;partial=00;start_type=ATG;rbs_motif=AGGAG;rbs_spacer=5-10bp;gc_cont=0.513,92.0,89.4,50,7.91e-25,52,1,50,2,51,mobileOG_000361163,srnB,WP_080298853.1,stability/transfer/defense,NA,Plasmid RefSeq,Homology,NODE_17_length_93146_cov_21.550860_22, 21608 # 21763 # -1 , 21608,21763,-1 ,17_22,17,22,00,ATG,AGGAG,5-10bp,0.513,NODE_17_length_93146_cov_21.550860,mobileOG_000361163_NODE_17_length_93146_cov_21.550860
347,"mobileOG_000312454|pilT|WP_101427354.1|transfer|conjugation,competence|Plasmid RefSeq|Homology",NODE_17_length_93146_cov_21.550860_71 # 78753 # 79775 # -1 # ID=17_71;partial=00;start_type=ATG;rbs_motif=GGAG/GAGG;rbs_spacer=5-10bp;gc_cont=0.667,97.0,622,340,2.73e-226,341,1,338,1,338,mobileOG_000312454,pilT,WP_101427354.1,transfer,"conjugation,competence",Plasmid RefSeq,Homology,NODE_17_length_93146_cov_21.550860_71, 78753 # 79775 # -1 , 78753,79775,-1 ,17_71,17,71,00,ATG,GGAG/GAGG,5-10bp,0.667,NODE_17_length_93146_cov_21.550860,mobileOG_000312454_NODE_17_length_93146_cov_21.550860
348,mobileOG_000328139|rdgB|WP_033635946.1|replication/recombination/repair|NA|Plasmid RefSeq|Homology,NODE_17_length_93146_cov_21.550860_76 # 82361 # 82954 # 1 # ID=17_76;partial=00;start_type=ATG;rbs_motif=GGA/GAG/AGG;rbs_spacer=5-10bp;gc_cont=0.650,99.5,383,197,1.46e-136,198,1,197,1,197,mobileOG_000328139,rdgB,WP_033635946.1,replication/recombination/repair,NA,Plasmid RefSeq,Homology,NODE_17_length_93146_cov_21.550860_76, 82361 # 82954 # 1 , 82361,82954,1 ,17_76,17,76,00,ATG,GGA/GAG/AGG,5-10bp,0.650,NODE_17_length_93146_cov_21.550860,mobileOG_000328139_NODE_17_length_93146_cov_21.550860
349,mobileOG_000331353|mutY|WP_101427358.1|replication/recombination/repair|NA|Plasmid RefSeq|Homology,NODE_17_length_93146_cov_21.550860_83 # 87582 # 88682 # 1 # ID=17_83;partial=00;start_type=ATG;rbs_motif=3Base/5BMM;rbs_spacer=13-15bp;gc_cont=0.616,99.5,754,381,9.46e-278,367,16,381,1,366,mobileOG_000331353,mutY,WP_101427358.1,replication/recombination/repair,NA,Plasmid RefSeq,Homology,NODE_17_length_93146_cov_21.550860_83, 87582 # 88682 # 1 , 87582,88682,1 ,17_83,17,83,00,ATG,3Base/5BMM,13-15bp,0.616,NODE_17_length_93146_cov_21.550860,mobileOG_000331353_NODE_17_length_93146_cov_21.550860
350,"mobileOG_000355278|groL|WP_004929662.1|phage|replication,chaperone|Plasmid RefSeq|Homology",NODE_18_length_72958_cov_23.091944_16 # 15067 # 16713 # -1 # ID=18_16;partial=00;start_type=ATG;rbs_motif=GGA/GAG/AGG;rbs_spacer=5-10bp;gc_cont=0.576,100,987,548,0.0,549,1,548,1,548,mobileOG_000355278,groL,WP_004929662.1,phage,"replication,chaperone",Plasmid RefSeq,Homology,NODE_18_length_72958_cov_23.091944_16, 15067 # 16713 # -1 , 15067,16713,-1 ,18_16,18,16,00,ATG,GGA/GAG/AGG,5-10bp,0.576,NODE_18_length_72958_cov_23.091944,mobileOG_000355278_NODE_18_length_72958_cov_23.091944
351,"mobileOG_000290240|groL|WP_000729117.1|phage|replication,chaperone|Plasmid RefSeq|Homology",NODE_18_length_72958_cov_23.091944_16 # 15067 # 16713 # -1 # ID=18_16;partial=00;start_type=ATG;rbs_motif=GGA/GAG/AGG;rbs_spacer=5-10bp;gc_cont=0.576,94.3,934,548,0.0,549,1,548,1,548,mobileOG_000290240,groL,WP_000729117.1,phage,"replication,chaperone",Plasmid RefSeq,Homology,NODE_18_length_72958_cov_23.091944_16, 15067 # 16713 # -1 , 15067,16713,-1 ,18_16,18,16,00,ATG,GGA/GAG/AGG,5-10bp,0.576,NODE_18_length_72958_cov_23.091944,mobileOG_000290240_NODE_18_length_72958_cov_23.091944
352,"mobileOG_000289036|groL|WP_008807218.1|phage|replication,chaperone|Plasmid RefSeq|Homology",NODE_18_length_72958_cov_23.091944_16 # 15067 # 16713 # -1 # ID=18_16;partial=00;start_type=ATG;rbs_motif=GGA/GAG/AGG;rbs_spacer=5-10bp;gc_cont=0.576,93.2,932,548,0.0,549,1,548,1,548,mobileOG_000289036,groL,WP_008807218.1,phage,"replication,chaperone",Plasmid RefSeq,Homology,NODE_18_length_72958_cov_23.091944_16, 15067 # 16713 # -1 , 15067,16713,-1 ,18_16,18,16,00,ATG,GGA/GAG/AGG,5-10bp,0.576,NODE_18_length_72958_cov_23.091944,mobileOG_000289036_NODE_18_length_72958_cov_23.091944
353,"mobileOG_000026160|groL|A0A0W8A593|phage|replication,chaperone|Plasmid RefSeq|Manual",NODE_18_length_72958_cov_23.091944_16 # 15067 # 16713 # -1 # ID=18_16;partial=00;start_type=ATG;rbs_motif=GGA/GAG/AGG;rbs_spacer=5-10bp;gc_cont=0.576,93.2,931,548,0.0,549,1,548,1,548,mobileOG_000026160,groL,A0A0W8A593,phage,"replication,chaperone",Plasmid RefSeq,Manual,NODE_18_length_72958_cov_23.091944_16, 15067 # 16713 # -1 , 15067,16713,-1 ,18_16,18,16,00,ATG,GGA/GAG/AGG,5-10bp,0.576,NODE_18_length_72958_cov_23.091944,mobileOG_000026160_NODE_18_length_72958_cov_23.091944
354,"mobileOG_000355550|groL|WP_101473286.1|phage|replication,chaperone|Plasmid RefSeq|Homology",NODE_18_length_72958_cov_23.091944_16 # 15067 # 16713 # -1 # ID=18_16;partial=00;start_type=ATG;rbs_motif=GGA/GAG/AGG;rbs_spacer=5-10bp;gc_cont=0.576,93.1,931,548,0.0,549,1,548,1,548,mobileOG_000355550,groL,WP_101473286.1,phage,"replication,chaperone",Plasmid RefSeq,Homology,NODE_18_length_72958_cov_23.091944_16, 15067 # 16713 # -1 , 15067,16713,-1 ,18_16,18,16,00,ATG,GGA/GAG/AGG,5-10bp,0.576,NODE_18_length_72958_cov_23.091944,mobileOG_000355550_NODE_18_length_72958_cov_23.091944
355,mobileOG_000351473|groS|EBJ67183.1|phage|structural|Plasmid RefSeq|Homology,NODE_18_length_72958_cov_23.091944_17 # 16758 # 17051 # -1 # ID=18_17;partial=00;start_type=ATG;rbs_motif=AGGAG;rbs_spacer=5-10bp;gc_cont=0.493,100,184,97,4.06e-61,98,1,97,1,97,mobileOG_000351473,groS,EBJ67183.1,phage,structural,Plasmid RefSeq,Homology,NODE_18_length_72958_cov_23.091944_17, 16758 # 17051 # -1 , 16758,17051,-1 ,18_17,18,17,00,ATG,AGGAG,5-10bp,0.493,NODE_18_length_72958_cov_23.091944,mobileOG_000351473_NODE_18_length_72958_cov_23.091944
356,mobileOG_000340853|groS|WP_003855929.1|phage|structural|Plasmid RefSeq|Homology,NODE_18_length_72958_cov_23.091944_17 # 16758 # 17051 # -1 # ID=18_17;partial=00;start_type=ATG;rbs_motif=AGGAG;rbs_spacer=5-10bp;gc_cont=0.493,91.8,176,97,9.22e-58,98,1,97,1,97,mobileOG_000340853,groS,WP_003855929.1,phage,structural,Plasmid RefSeq,Homology,NODE_18_length_72958_cov_23.091944_17, 16758 # 17051 # -1 , 16758,17051,-1 ,18_17,18,17,00,ATG,AGGAG,5-10bp,0.493,NODE_18_length_72958_cov_23.091944,mobileOG_000340853_NODE_18_length_72958_cov_23.091944
357,mobileOG_000317451|groS|A0A422X382|phage|structural|Plasmid RefSeq|Homology,NODE_18_length_72958_cov_23.091944_17 # 16758 # 17051 # -1 # ID=18_17;partial=00;start_type=ATG;rbs_motif=AGGAG;rbs_spacer=5-10bp;gc_cont=0.493,91.8,175,97,1.31e-57,98,1,97,1,97,mobileOG_000317451,groS,A0A422X382,phage,structural,Plasmid RefSeq,Homology,NODE_18_length_72958_cov_23.091944_17, 16758 # 17051 # -1 , 16758,17051,-1 ,18_17,18,17,00,ATG,AGGAG,5-10bp,0.493,NODE_18_length_72958_cov_23.091944,mobileOG_000317451_NODE_18_length_72958_cov_23.091944
358,mobileOG_000330918|groS|WP_004240601.1|phage|structural|Plasmid RefSeq|Homology,NODE_18_length_72958_cov_23.091944_17 # 16758 # 17051 # -1 # ID=18_17;partial=00;start_type=ATG;rbs_motif=AGGAG;rbs_spacer=5-10bp;gc_cont=0.493,90.7,172,97,3.09e-56,98,1,97,1,97,mobileOG_000330918,groS,WP_004240601.1,phage,structural,Plasmid RefSeq,Homology,NODE_18_length_72958_cov_23.091944_17, 16758 # 17051 # -1 , 16758,17051,-1 ,18_17,18,17,00,ATG,AGGAG,5-10bp,0.493,NODE_18_length_72958_cov_23.091944,mobileOG_000330918_NODE_18_length_72958_cov_23.091944
359,"mobileOG_000327600|fxsA|WP_033636764.1|phage|replication,transfer|Plasmid RefSeq|Homology",NODE_18_length_72958_cov_23.091944_18 # 17241 # 17729 # -1 # ID=18_18;partial=00;start_type=GTG;rbs_motif=AGGAG;rbs_spacer=5-10bp;gc_cont=0.601,98.1,293,162,3.45e-102,163,1,162,1,162,mobileOG_000327600,fxsA,WP_033636764.1,phage,"replication,transfer",Plasmid RefSeq,Homology,NODE_18_length_72958_cov_23.091944_18, 17241 # 17729 # -1 , 17241,17729,-1 ,18_18,18,18,00,GTG,AGGAG,5-10bp,0.601,NODE_18_length_72958_cov_23.091944,mobileOG_000327600_NODE_18_length_72958_cov_23.091944
360,mobileOG_000354201|xni|WP_033635747.1|replication/recombination/repair|NA|Plasmid RefSeq|Homology,NODE_19_length_68985_cov_21.152943_9 # 7274 # 8032 # -1 # ID=19_9;partial=00;start_type=ATG;rbs_motif=None;rbs_spacer=None;gc_cont=0.643,96.8,492,252,4.98e-178,253,1,251,1,251,mobileOG_000354201,xni,WP_033635747.1,replication/recombination/repair,NA,Plasmid RefSeq,Homology,NODE_19_length_68985_cov_21.152943_9, 7274 # 8032 # -1 , 7274,8032,-1 ,19_9,19,9,00,ATG,None,None,0.643,NODE_19_length_68985_cov_21.152943,mobileOG_000354201_NODE_19_length_68985_cov_21.152943
361,mobileOG_000330119|bamA|WP_033635736.1|transfer|phage receptor|Plasmid RefSeq|Homology,NODE_19_length_68985_cov_21.152943_31 # 36524 # 38950 # 1 # ID=19_31;partial=00;start_type=ATG;rbs_motif=None;rbs_spacer=None;gc_cont=0.575,99.6,1611,808,0.0,809,1,808,1,808,mobileOG_000330119,bamA,WP_033635736.1,transfer,phage receptor,Plasmid RefSeq,Homology,NODE_19_length_68985_cov_21.152943_31, 36524 # 38950 # 1 , 36524,38950,1 ,19_31,19,31,00,ATG,None,None,0.575,NODE_19_length_68985_cov_21.152943,mobileOG_000330119_NODE_19_length_68985_cov_21.152943
362,mobileOG_000319969|rnhB|WP_049195379.1|replication/recombination/repair|NA|Plasmid RefSeq|Homology,NODE_19_length_68985_cov_21.152943_37 # 43187 # 43780 # 1 # ID=19_37;partial=00;start_type=ATG;rbs_motif=AGGA/GGAG/GAGG;rbs_spacer=11-12bp;gc_cont=0.645,99.5,380,197,2.42e-135,198,1,197,1,197,mobileOG_000319969,rnhB,WP_049195379.1,replication/recombination/repair,NA,Plasmid RefSeq,Homology,NODE_19_length_68985_cov_21.152943_37, 43187 # 43780 # 1 , 43187,43780,1 ,19_37,19,37,00,ATG,AGGA/GGAG/GAGG,11-12bp,0.645,NODE_19_length_68985_cov_21.152943,mobileOG_000319969_NODE_19_length_68985_cov_21.152943
363,mobileOG_000328298|dnaE|WP_048321892.1|replication/recombination/repair|NA|Plasmid RefSeq|Homology,NODE_19_length_68985_cov_21.152943_38 # 43859 # 47347 # 1 # ID=19_38;partial=00;start_type=ATG;rbs_motif=GGA/GAG/AGG;rbs_spacer=5-10bp;gc_cont=0.601,99.4,2300,1162,0.0,1163,1,1162,1,1162,mobileOG_000328298,dnaE,WP_048321892.1,replication/recombination/repair,NA,Plasmid RefSeq,Homology,NODE_19_length_68985_cov_21.152943_38, 43859 # 47347 # 1 , 43859,47347,1 ,19_38,19,38,00,ATG,GGA/GAG/AGG,5-10bp,0.601,NODE_19_length_68985_cov_21.152943,mobileOG_000328298_NODE_19_length_68985_cov_21.152943
364,mobileOG_000334577|dnaE|WP_004177353.1|replication/recombination/repair|NA|Plasmid RefSeq|Homology,NODE_19_length_68985_cov_21.152943_38 # 43859 # 47347 # 1 # ID=19_38;partial=00;start_type=ATG;rbs_motif=GGA/GAG/AGG;rbs_spacer=5-10bp;gc_cont=0.601,90.1,2111,1160,0.0,1163,1,1160,1,1162,mobileOG_000334577,dnaE,WP_004177353.1,replication/recombination/repair,NA,Plasmid RefSeq,Homology,NODE_19_length_68985_cov_21.152943_38, 43859 # 47347 # 1 , 43859,47347,1 ,19_38,19,38,00,ATG,GGA/GAG/AGG,5-10bp,0.601,NODE_19_length_68985_cov_21.152943,mobileOG_000334577_NODE_19_length_68985_cov_21.152943
365,mobileOG_000368539|dnaB|WP_025160134.1|replication/recombination/repair|NA|Plasmid RefSeq|Homology,NODE_20_length_66561_cov_23.321386_2 # 1126 # 2481 # -1 # ID=20_2;partial=00;start_type=ATG;rbs_motif=GGA/GAG/AGG;rbs_spacer=5-10bp;gc_cont=0.615,100,871,474,0.0,452,24,474,1,451,mobileOG_000368539,dnaB,WP_025160134.1,replication/recombination/repair,NA,Plasmid RefSeq,Homology,NODE_20_length_66561_cov_23.321386_2, 1126 # 2481 # -1 , 1126,2481,-1 ,20_2,20,2,00,ATG,GGA/GAG/AGG,5-10bp,0.615,NODE_20_length_66561_cov_23.321386,mobileOG_000368539_NODE_20_length_66561_cov_23.321386
366,"mobileOG_000368540|lexA|WP_025160136.1|phage|infection,regulation|Plasmid RefSeq|Homology",NODE_20_length_66561_cov_23.321386_12 # 10122 # 10730 # -1 # ID=20_12;partial=00;start_type=ATG;rbs_motif=AGxAGG/AGGxGG;rbs_spacer=3-4bp;gc_cont=0.599,99.5,394,202,8.08e-141,203,1,202,1,202,mobileOG_000368540,lexA,WP_025160136.1,phage,"infection,regulation",Plasmid RefSeq,Homology,NODE_20_length_66561_cov_23.321386_12, 10122 # 10730 # -1 , 10122,10730,-1 ,20_12,20,12,00,ATG,AGxAGG/AGGxGG,3-4bp,0.599,NODE_20_length_66561_cov_23.321386,mobileOG_000368540_NODE_20_length_66561_cov_23.321386
367,"mobileOG_000336507|lexA|WP_000646078.1|phage|infection,regulation|Multiple|Homology",NODE_20_length_66561_cov_23.321386_12 # 10122 # 10730 # -1 # ID=20_12;partial=00;start_type=ATG;rbs_motif=AGxAGG/AGGxGG;rbs_spacer=3-4bp;gc_cont=0.599,91.6,369,202,9.33e-131,203,1,202,1,202,mobileOG_000336507,lexA,WP_000646078.1,phage,"infection,regulation",Multiple,Homology,NODE_20_length_66561_cov_23.321386_12, 10122 # 10730 # -1 , 10122,10730,-1 ,20_12,20,12,00,ATG,AGxAGG/AGGxGG,3-4bp,0.599,NODE_20_length_66561_cov_23.321386,mobileOG_000336507_NODE_20_length_66561_cov_23.321386
368,"mobileOG_000289013|lexA|WP_004206291.1|phage|infection,regulation|Plasmid RefSeq|Homology",NODE_20_length_66561_cov_23.321386_12 # 10122 # 10730 # -1 # ID=20_12;partial=00;start_type=ATG;rbs_motif=AGxAGG/AGGxGG;rbs_spacer=3-4bp;gc_cont=0.599,91.6,367,202,3.80e-130,203,1,202,1,202,mobileOG_000289013,lexA,WP_004206291.1,phage,"infection,regulation",Plasmid RefSeq,Homology,NODE_20_length_66561_cov_23.321386_12, 10122 # 10730 # -1 , 10122,10730,-1 ,20_12,20,12,00,ATG,AGxAGG/AGGxGG,3-4bp,0.599,NODE_20_length_66561_cov_23.321386,mobileOG_000289013_NODE_20_length_66561_cov_23.321386
369,"mobileOG_000334793|lexA|WP_002884822.1|phage|infection,regulation|Plasmid RefSeq|Homology",NODE_20_length_66561_cov_23.321386_12 # 10122 # 10730 # -1 # ID=20_12;partial=00;start_type=ATG;rbs_motif=AGxAGG/AGGxGG;rbs_spacer=3-4bp;gc_cont=0.599,91.1,367,202,5.39e-130,203,1,202,1,202,mobileOG_000334793,lexA,WP_002884822.1,phage,"infection,regulation",Plasmid RefSeq,Homology,NODE_20_length_66561_cov_23.321386_12, 10122 # 10730 # -1 , 10122,10730,-1 ,20_12,20,12,00,ATG,AGxAGG/AGGxGG,3-4bp,0.599,NODE_20_length_66561_cov_23.321386,mobileOG_000334793_NODE_20_length_66561_cov_23.321386
370,"mobileOG_000014656|lexA|A0A0D7LJ22|phage|infection,regulation|GPD|Manual",NODE_20_length_66561_cov_23.321386_12 # 10122 # 10730 # -1 # ID=20_12;partial=00;start_type=ATG;rbs_motif=AGxAGG/AGGxGG;rbs_spacer=3-4bp;gc_cont=0.599,90.1,365,202,2.20e-129,203,1,202,1,202,mobileOG_000014656,lexA,A0A0D7LJ22,phage,"infection,regulation",GPD,Manual,NODE_20_length_66561_cov_23.321386_12, 10122 # 10730 # -1 , 10122,10730,-1 ,20_12,20,12,00,ATG,AGxAGG/AGGxGG,3-4bp,0.599,NODE_20_length_66561_cov_23.321386,mobileOG_000014656_NODE_20_length_66561_cov_23.321386
371,mobileOG_000351518|lamB|WP_129993804.1|transfer|phage receptor|Plasmid RefSeq|Homology,NODE_20_length_66561_cov_23.321386_21 # 20153 # 21442 # -1 # ID=20_21;partial=00;start_type=ATG;rbs_motif=AGGAG;rbs_spacer=5-10bp;gc_cont=0.602,99.8,897,430,0.0,430,2,430,1,429,mobileOG_000351518,lamB,WP_129993804.1,transfer,phage receptor,Plasmid RefSeq,Homology,NODE_20_length_66561_cov_23.321386_21, 20153 # 21442 # -1 , 20153,21442,-1 ,20_21,20,21,00,ATG,AGGAG,5-10bp,0.602,NODE_20_length_66561_cov_23.321386,mobileOG_000351518_NODE_20_length_66561_cov_23.321386
372,mobileOG_000318999|lamB|WP_133160409.1|transfer|phage receptor|Plasmid RefSeq|Homology,NODE_20_length_66561_cov_23.321386_21 # 20153 # 21442 # -1 # ID=20_21;partial=00;start_type=ATG;rbs_motif=AGGAG;rbs_spacer=5-10bp;gc_cont=0.602,99.3,894,430,0.0,430,2,430,1,429,mobileOG_000318999,lamB,WP_133160409.1,transfer,phage receptor,Plasmid RefSeq,Homology,NODE_20_length_66561_cov_23.321386_21, 20153 # 21442 # -1 , 20153,21442,-1 ,20_21,20,21,00,ATG,AGGAG,5-10bp,0.602,NODE_20_length_66561_cov_23.321386,mobileOG_000318999_NODE_20_length_66561_cov_23.321386
373,mobileOG_000328592|seqA|WP_033651164.1|replication/recombination/repair|NA|Plasmid RefSeq|Homology,NODE_21_length_66521_cov_19.948754_16 # 20779 # 21321 # 1 # ID=21_16;partial=00;start_type=ATG;rbs_motif=GGA/GAG/AGG;rbs_spacer=5-10bp;gc_cont=0.602,98.9,342,180,8.25e-121,181,1,180,1,180,mobileOG_000328592,seqA,WP_033651164.1,replication/recombination/repair,NA,Plasmid RefSeq,Homology,NODE_21_length_66521_cov_19.948754_16, 20779 # 21321 # 1 , 20779,21321,1 ,21_16,21,16,00,ATG,GGA/GAG/AGG,5-10bp,0.602,NODE_21_length_66521_cov_19.948754,mobileOG_000328592_NODE_21_length_66521_cov_19.948754
374,mobileOG_000328591|seqA|WP_033637454.1|replication/recombination/repair|NA|Plasmid RefSeq|Homology,NODE_21_length_66521_cov_19.948754_16 # 20779 # 21321 # 1 # ID=21_16;partial=00;start_type=ATG;rbs_motif=GGA/GAG/AGG;rbs_spacer=5-10bp;gc_cont=0.602,97.8,339,180,6.78e-120,181,1,180,1,180,mobileOG_000328591,seqA,WP_033637454.1,replication/recombination/repair,NA,Plasmid RefSeq,Homology,NODE_21_length_66521_cov_19.948754_16, 20779 # 21321 # 1 , 20779,21321,1 ,21_16,21,16,00,ATG,GGA/GAG/AGG,5-10bp,0.602,NODE_21_length_66521_cov_19.948754,mobileOG_000328591_NODE_21_length_66521_cov_19.948754
375,mobileOG_000365516|nei|WP_101453420.1|replication/recombination/repair|NA|Plasmid RefSeq|Homology,NODE_21_length_66521_cov_19.948754_37 # 42082 # 42873 # 1 # ID=21_37;partial=00;start_type=ATG;rbs_motif=AGGAG;rbs_spacer=5-10bp;gc_cont=0.648,96.6,517,263,2.04e-187,264,1,263,1,263,mobileOG_000365516,nei,WP_101453420.1,replication/recombination/repair,NA,Plasmid RefSeq,Homology,NODE_21_length_66521_cov_19.948754_37, 42082 # 42873 # 1 , 42082,42873,1 ,21_37,21,37,00,ATG,AGGAG,5-10bp,0.648,NODE_21_length_66521_cov_19.948754,mobileOG_000365516_NODE_21_length_66521_cov_19.948754
376,mobileOG_000365502|nei|WP_033647160.1|replication/recombination/repair|NA|Plasmid RefSeq|Homology,NODE_21_length_66521_cov_19.948754_37 # 42082 # 42873 # 1 # ID=21_37;partial=00;start_type=ATG;rbs_motif=AGGAG;rbs_spacer=5-10bp;gc_cont=0.648,95.8,515,263,1.18e-186,264,1,263,1,263,mobileOG_000365502,nei,WP_033647160.1,replication/recombination/repair,NA,Plasmid RefSeq,Homology,NODE_21_length_66521_cov_19.948754_37, 42082 # 42873 # 1 , 42082,42873,1 ,21_37,21,37,00,ATG,AGGAG,5-10bp,0.648,NODE_21_length_66521_cov_19.948754,mobileOG_000365502_NODE_21_length_66521_cov_19.948754
377,mobileOG_000281593|rnhA|WP_033649910.1|replication/recombination/repair|NA|Plasmid RefSeq|Homology,NODE_22_length_55406_cov_21.306548_8 # 7527 # 7994 # -1 # ID=22_8;partial=00;start_type=ATG;rbs_motif=GGA/GAG/AGG;rbs_spacer=5-10bp;gc_cont=0.588,99.4,326,155,2.21e-115,156,1,155,1,155,mobileOG_000281593,rnhA,WP_033649910.1,replication/recombination/repair,NA,Plasmid RefSeq,Homology,NODE_22_length_55406_cov_21.306548_8, 7527 # 7994 # -1 , 7527,7994,-1 ,22_8,22,8,00,ATG,GGA/GAG/AGG,5-10bp,0.588,NODE_22_length_55406_cov_21.306548,mobileOG_000281593_NODE_22_length_55406_cov_21.306548
378,mobileOG_000334471|dnaQ|WP_004930195.1|replication/recombination/repair|NA|Plasmid RefSeq|Homology,NODE_22_length_55406_cov_21.306548_9 # 8067 # 8810 # 1 # ID=22_9;partial=00;start_type=ATG;rbs_motif=GGA/GAG/AGG;rbs_spacer=5-10bp;gc_cont=0.587,100,494,247,8.31e-179,248,1,247,1,247,mobileOG_000334471,dnaQ,WP_004930195.1,replication/recombination/repair,NA,Plasmid RefSeq,Homology,NODE_22_length_55406_cov_21.306548_9, 8067 # 8810 # 1 , 8067,8810,1 ,22_9,22,9,00,ATG,GGA/GAG/AGG,5-10bp,0.587,NODE_22_length_55406_cov_21.306548,mobileOG_000334471_NODE_22_length_55406_cov_21.306548
379,mobileOG_000368502|srnB|WP_004930217.1|stability/transfer/defense|NA|Plasmid RefSeq|Homology,NODE_22_length_55406_cov_21.306548_19 # 19033 # 19185 # -1 # ID=22_19;partial=00;start_type=ATG;rbs_motif=GGAGG;rbs_spacer=5-10bp;gc_cont=0.542,96.0,92.0,50,6.47e-26,51,1,50,1,50,mobileOG_000368502,srnB,WP_004930217.1,stability/transfer/defense,NA,Plasmid RefSeq,Homology,NODE_22_length_55406_cov_21.306548_19, 19033 # 19185 # -1 , 19033,19185,-1 ,22_19,22,19,00,ATG,GGAGG,5-10bp,0.542,NODE_22_length_55406_cov_21.306548,mobileOG_000368502_NODE_22_length_55406_cov_21.306548
380,mobileOG_000354118|dinB|WP_033649934.1|replication/recombination/repair|NA|Plasmid RefSeq|Homology,NODE_22_length_55406_cov_21.306548_37 # 34609 # 35670 # 1 # ID=22_37;partial=00;start_type=ATG;rbs_motif=GGAGG;rbs_spacer=5-10bp;gc_cont=0.626,99.2,689,353,2.27e-252,354,1,353,1,353,mobileOG_000354118,dinB,WP_033649934.1,replication/recombination/repair,NA,Plasmid RefSeq,Homology,NODE_22_length_55406_cov_21.306548_37, 34609 # 35670 # 1 , 34609,35670,1 ,22_37,22,37,00,ATG,GGAGG,5-10bp,0.626,NODE_22_length_55406_cov_21.306548,mobileOG_000354118_NODE_22_length_55406_cov_21.306548
381,mobileOG_000354119|dinB|WP_033653334.1|replication/recombination/repair|NA|Plasmid RefSeq|Homology,NODE_22_length_55406_cov_21.306548_37 # 34609 # 35670 # 1 # ID=22_37;partial=00;start_type=ATG;rbs_motif=GGAGG;rbs_spacer=5-10bp;gc_cont=0.626,98.9,687,353,9.24e-252,354,1,353,1,353,mobileOG_000354119,dinB,WP_033653334.1,replication/recombination/repair,NA,Plasmid RefSeq,Homology,NODE_22_length_55406_cov_21.306548_37, 34609 # 35670 # 1 , 34609,35670,1 ,22_37,22,37,00,ATG,GGAGG,5-10bp,0.626,NODE_22_length_55406_cov_21.306548,mobileOG_000354119_NODE_22_length_55406_cov_21.306548
382,mobileOG_000327716|holA|WP_033647201.1|replication/recombination/repair|NA|Plasmid RefSeq|Homology,NODE_23_length_39007_cov_19.625353_25 # 20587 # 21621 # -1 # ID=23_25;partial=00;start_type=ATG;rbs_motif=None;rbs_spacer=None;gc_cont=0.644,99.4,667,344,3.87e-244,345,1,344,1,344,mobileOG_000327716,holA,WP_033647201.1,replication/recombination/repair,NA,Plasmid RefSeq,Homology,NODE_23_length_39007_cov_19.625353_25, 20587 # 21621 # -1 , 20587,21621,-1 ,23_25,23,25,00,ATG,None,None,0.644,NODE_23_length_39007_cov_19.625353,mobileOG_000327716_NODE_23_length_39007_cov_19.625353
383,mobileOG_000351495|holA|WP_047572366.1|replication/recombination/repair|NA|Plasmid RefSeq|Homology,NODE_23_length_39007_cov_19.625353_25 # 20587 # 21621 # -1 # ID=23_25;partial=00;start_type=ATG;rbs_motif=None;rbs_spacer=None;gc_cont=0.644,98.8,662,344,5.27e-242,345,1,344,1,344,mobileOG_000351495,holA,WP_047572366.1,replication/recombination/repair,NA,Plasmid RefSeq,Homology,NODE_23_length_39007_cov_19.625353_25, 20587 # 21621 # -1 , 20587,21621,-1 ,23_25,23,25,00,ATG,None,None,0.644,NODE_23_length_39007_cov_19.625353,mobileOG_000351495_NODE_23_length_39007_cov_19.625353
384,mobileOG_000323577|comM|WP_101427545.1|transfer|competence|Plasmid RefSeq|Homology,NODE_24_length_34035_cov_24.512987_3 # 1783 # 3306 # -1 # ID=24_3;partial=00;start_type=ATG;rbs_motif=AGGAG;rbs_spacer=5-10bp;gc_cont=0.634,97.6,939,507,0.0,508,1,507,1,507,mobileOG_000323577,comM,WP_101427545.1,transfer,competence,Plasmid RefSeq,Homology,NODE_24_length_34035_cov_24.512987_3, 1783 # 3306 # -1 , 1783,3306,-1 ,24_3,24,3,00,ATG,AGGAG,5-10bp,0.634,NODE_24_length_34035_cov_24.512987,mobileOG_000323577_NODE_24_length_34035_cov_24.512987
385,mobileOG_000323580|comM|WP_033649962.1|transfer|competence|Plasmid RefSeq|Homology,NODE_24_length_34035_cov_24.512987_3 # 1783 # 3306 # -1 # ID=24_3;partial=00;start_type=ATG;rbs_motif=AGGAG;rbs_spacer=5-10bp;gc_cont=0.634,97.2,937,507,0.0,508,1,507,1,507,mobileOG_000323580,comM,WP_033649962.1,transfer,competence,Plasmid RefSeq,Homology,NODE_24_length_34035_cov_24.512987_3, 1783 # 3306 # -1 , 1783,3306,-1 ,24_3,24,3,00,ATG,AGGAG,5-10bp,0.634,NODE_24_length_34035_cov_24.512987,mobileOG_000323580_NODE_24_length_34035_cov_24.512987
386,mobileOG_000351512|comM|WP_101452725.1|transfer|competence|Plasmid RefSeq|Homology,NODE_24_length_34035_cov_24.512987_3 # 1783 # 3306 # -1 # ID=24_3;partial=00;start_type=ATG;rbs_motif=AGGAG;rbs_spacer=5-10bp;gc_cont=0.634,93.9,905,507,0.0,508,1,507,1,507,mobileOG_000351512,comM,WP_101452725.1,transfer,competence,Plasmid RefSeq,Homology,NODE_24_length_34035_cov_24.512987_3, 1783 # 3306 # -1 , 1783,3306,-1 ,24_3,24,3,00,ATG,AGGAG,5-10bp,0.634,NODE_24_length_34035_cov_24.512987,mobileOG_000351512_NODE_24_length_34035_cov_24.512987
387,mobileOG_000368542|clpB|WP_025301647.1|phage|chaperone|Plasmid RefSeq|Homology,NODE_26_length_22216_cov_20.782330_1 # 238 # 2811 # -1 # ID=26_1;partial=00;start_type=ATG;rbs_motif=GGAGG;rbs_spacer=3-4bp;gc_cont=0.588,100,1626,857,0.0,858,1,857,1,857,mobileOG_000368542,clpB,WP_025301647.1,phage,chaperone,Plasmid RefSeq,Homology,NODE_26_length_22216_cov_20.782330_1, 238 # 2811 # -1 , 238,2811,-1 ,26_1,26,1,00,ATG,GGAGG,3-4bp,0.588,NODE_26_length_22216_cov_20.782330,mobileOG_000368542_NODE_26_length_22216_cov_20.782330
388,mobileOG_000341888|rrrD|WP_033650023.1|phage|lysis|Plasmid RefSeq|Homology,NODE_26_length_22216_cov_20.782330_12 # 11581 # 12093 # 1 # ID=26_12;partial=00;start_type=ATG;rbs_motif=GGAGG;rbs_spacer=5-10bp;gc_cont=0.616,91.8,310,171,8.98e-109,171,1,170,1,170,mobileOG_000341888,rrrD,WP_033650023.1,phage,lysis,Plasmid RefSeq,Homology,NODE_26_length_22216_cov_20.782330_12, 11581 # 12093 # 1 , 11581,12093,1 ,26_12,26,12,00,ATG,GGAGG,5-10bp,0.616,NODE_26_length_22216_cov_20.782330,mobileOG_000341888_NODE_26_length_22216_cov_20.782330
389,"mobileOG_000377485|ogr|WP_033637183.1|phage|regulation,lysis/lysogeny|Plasmid RefSeq|Homology",NODE_26_length_22216_cov_20.782330_13 # 12160 # 12387 # 1 # ID=26_13;partial=00;start_type=ATG;rbs_motif=AGxAGG/AGGxGG;rbs_spacer=5-10bp;gc_cont=0.575,98.7,160,75,2.41e-52,76,1,75,1,75,mobileOG_000377485,ogr,WP_033637183.1,phage,"regulation,lysis/lysogeny",Plasmid RefSeq,Homology,NODE_26_length_22216_cov_20.782330_13, 12160 # 12387 # 1 , 12160,12387,1 ,26_13,26,13,00,ATG,AGxAGG/AGGxGG,5-10bp,0.575,NODE_26_length_22216_cov_20.782330,mobileOG_000377485_NODE_26_length_22216_cov_20.782330
390,mobileOG_000368557|nfi|WP_033655325.1|replication/recombination/repair|NA|Plasmid RefSeq|Homology,NODE_27_length_17946_cov_23.341205_14 # 12024 # 12710 # 1 # ID=27_14;partial=00;start_type=GTG;rbs_motif=AGGA;rbs_spacer=5-10bp;gc_cont=0.675,98.2,459,228,1.01e-165,229,1,228,1,228,mobileOG_000368557,nfi,WP_033655325.1,replication/recombination/repair,NA,Plasmid RefSeq,Homology,NODE_27_length_17946_cov_23.341205_14, 12024 # 12710 # 1 , 12024,12710,1 ,27_14,27,14,00,GTG,AGGA,5-10bp,0.675,NODE_27_length_17946_cov_23.341205,mobileOG_000368557_NODE_27_length_17946_cov_23.341205
391,mobileOG_000365459|nfi|WP_020828728.1|replication/recombination/repair|NA|Multiple|Homology,NODE_27_length_17946_cov_23.341205_14 # 12024 # 12710 # 1 # ID=27_14;partial=00;start_type=GTG;rbs_motif=AGGA;rbs_spacer=5-10bp;gc_cont=0.675,91.6,431,228,1.94e-154,229,1,227,1,227,mobileOG_000365459,nfi,WP_020828728.1,replication/recombination/repair,NA,Multiple,Homology,NODE_27_length_17946_cov_23.341205_14, 12024 # 12710 # 1 , 12024,12710,1 ,27_14,27,14,00,GTG,AGGA,5-10bp,0.675,NODE_27_length_17946_cov_23.341205,mobileOG_000365459_NODE_27_length_17946_cov_23.341205
392,mobileOG_000026494|hupA|P52680|replication/recombination/repair|integration/excision|Plasmid RefSeq|Manual,NODE_27_length_17946_cov_23.341205_16 # 13539 # 13811 # 1 # ID=27_16;partial=00;start_type=ATG;rbs_motif=AGGA;rbs_spacer=5-10bp;gc_cont=0.480,100,170,90,1.08e-55,91,1,90,1,90,mobileOG_000026494,hupA,P52680,replication/recombination/repair,integration/excision,Plasmid RefSeq,Manual,NODE_27_length_17946_cov_23.341205_16, 13539 # 13811 # 1 , 13539,13811,1 ,27_16,27,16,00,ATG,AGGA,5-10bp,0.480,NODE_27_length_17946_cov_23.341205,mobileOG_000026494_NODE_27_length_17946_cov_23.341205
393,mobileOG_000336646|hup|WP_012004757.1|replication/recombination/repair|integration/excision|Multiple|Homology,NODE_27_length_17946_cov_23.341205_16 # 13539 # 13811 # 1 # ID=27_16;partial=00;start_type=ATG;rbs_motif=AGGA;rbs_spacer=5-10bp;gc_cont=0.480,98.9,169,90,3.10e-55,91,1,90,1,90,mobileOG_000336646,hup,WP_012004757.1,replication/recombination/repair,integration/excision,Multiple,Homology,NODE_27_length_17946_cov_23.341205_16, 13539 # 13811 # 1 , 13539,13811,1 ,27_16,27,16,00,ATG,AGGA,5-10bp,0.480,NODE_27_length_17946_cov_23.341205,mobileOG_000336646_NODE_27_length_17946_cov_23.341205
394,mobileOG_000353252|hup|WP_002884342.1|replication/recombination/repair|integration/excision|Plasmid RefSeq|Homology,NODE_27_length_17946_cov_23.341205_16 # 13539 # 13811 # 1 # ID=27_16;partial=00;start_type=ATG;rbs_motif=AGGA;rbs_spacer=5-10bp;gc_cont=0.480,97.8,167,90,1.80e-54,91,1,90,1,90,mobileOG_000353252,hup,WP_002884342.1,replication/recombination/repair,integration/excision,Plasmid RefSeq,Homology,NODE_27_length_17946_cov_23.341205_16, 13539 # 13811 # 1 , 13539,13811,1 ,27_16,27,16,00,ATG,AGGA,5-10bp,0.480,NODE_27_length_17946_cov_23.341205,mobileOG_000353252_NODE_27_length_17946_cov_23.341205
395,mobileOG_000296220|hup|WP_002445246.1|replication/recombination/repair|integration/excision|Plasmid RefSeq|Homology,NODE_27_length_17946_cov_23.341205_16 # 13539 # 13811 # 1 # ID=27_16;partial=00;start_type=ATG;rbs_motif=AGGA;rbs_spacer=5-10bp;gc_cont=0.480,96.7,165,90,7.33e-54,91,1,90,1,90,mobileOG_000296220,hup,WP_002445246.1,replication/recombination/repair,integration/excision,Plasmid RefSeq,Homology,NODE_27_length_17946_cov_23.341205_16, 13539 # 13811 # 1 , 13539,13811,1 ,27_16,27,16,00,ATG,AGGA,5-10bp,0.480,NODE_27_length_17946_cov_23.341205,mobileOG_000296220_NODE_27_length_17946_cov_23.341205
396,mobileOG_000024621|hupA|EBB54032.1|replication/recombination/repair|integration/excision|Plasmid RefSeq|Manual,NODE_27_length_17946_cov_23.341205_16 # 13539 # 13811 # 1 # ID=27_16;partial=00;start_type=ATG;rbs_motif=AGGA;rbs_spacer=5-10bp;gc_cont=0.480,95.6,164,90,2.99e-53,91,1,90,1,90,mobileOG_000024621,hupA,EBB54032.1,replication/recombination/repair,integration/excision,Plasmid RefSeq,Manual,NODE_27_length_17946_cov_23.341205_16, 13539 # 13811 # 1 , 13539,13811,1 ,27_16,27,16,00,ATG,AGGA,5-10bp,0.480,NODE_27_length_17946_cov_23.341205,mobileOG_000024621_NODE_27_length_17946_cov_23.341205
397,mobileOG_000351839|hup|WP_002210689.1|replication/recombination/repair|integration/excision|Plasmid RefSeq|Homology,NODE_27_length_17946_cov_23.341205_16 # 13539 # 13811 # 1 # ID=27_16;partial=00;start_type=ATG;rbs_motif=AGGA;rbs_spacer=5-10bp;gc_cont=0.480,95.6,163,91,4.38e-53,91,1,90,1,90,mobileOG_000351839,hup,WP_002210689.1,replication/recombination/repair,integration/excision,Plasmid RefSeq,Homology,NODE_27_length_17946_cov_23.341205_16, 13539 # 13811 # 1 , 13539,13811,1 ,27_16,27,16,00,ATG,AGGA,5-10bp,0.480,NODE_27_length_17946_cov_23.341205,mobileOG_000351839_NODE_27_length_17946_cov_23.341205
398,mobileOG_000025522|hupA|WP_001044513.1|replication/recombination/repair|integration/excision|Plasmid RefSeq|Manual,NODE_27_length_17946_cov_23.341205_16 # 13539 # 13811 # 1 # ID=27_16;partial=00;start_type=ATG;rbs_motif=AGGA;rbs_spacer=5-10bp;gc_cont=0.480,94.4,162,90,1.22e-52,91,1,90,1,90,mobileOG_000025522,hupA,WP_001044513.1,replication/recombination/repair,integration/excision,Plasmid RefSeq,Manual,NODE_27_length_17946_cov_23.341205_16, 13539 # 13811 # 1 , 13539,13811,1 ,27_16,27,16,00,ATG,AGGA,5-10bp,0.480,NODE_27_length_17946_cov_23.341205,mobileOG_000025522_NODE_27_length_17946_cov_23.341205
399,mobileOG_000332654|hup|WP_004242271.1|replication/recombination/repair|integration/excision|Plasmid RefSeq|Homology,NODE_27_length_17946_cov_23.341205_16 # 13539 # 13811 # 1 # ID=27_16;partial=00;start_type=ATG;rbs_motif=AGGA;rbs_spacer=5-10bp;gc_cont=0.480,90.0,157,90,1.17e-50,91,1,90,1,90,mobileOG_000332654,hup,WP_004242271.1,replication/recombination/repair,integration/excision,Plasmid RefSeq,Homology,NODE_27_length_17946_cov_23.341205_16, 13539 # 13811 # 1 , 13539,13811,1 ,27_16,27,16,00,ATG,AGGA,5-10bp,0.480,NODE_27_length_17946_cov_23.341205,mobileOG_000332654_NODE_27_length_17946_cov_23.341205
400,"mobileOG_000329613|nusG|WP_004929914.1|phage|regulation,infection|Plasmid RefSeq|Homology",NODE_28_length_12580_cov_23.960410_3 # 719 # 1264 # 1 # ID=28_3;partial=00;start_type=ATG;rbs_motif=GGAG/GAGG;rbs_spacer=5-10bp;gc_cont=0.560,100,364,181,8.97e-130,182,1,181,1,181,mobileOG_000329613,nusG,WP_004929914.1,phage,"regulation,infection",Plasmid RefSeq,Homology,NODE_28_length_12580_cov_23.960410_3, 719 # 1264 # 1 , 719,1264,1 ,28_3,28,3,00,ATG,GGAG/GAGG,5-10bp,0.560,NODE_28_length_12580_cov_23.960410,mobileOG_000329613_NODE_28_length_12580_cov_23.960410
401,"mobileOG_000331286|nusG|WP_004953928.1|phage|regulation,infection|Multiple|Homology",NODE_28_length_12580_cov_23.960410_3 # 719 # 1264 # 1 # ID=28_3;partial=00;start_type=ATG;rbs_motif=GGAG/GAGG;rbs_spacer=5-10bp;gc_cont=0.560,99.4,363,181,2.57e-129,182,1,181,1,181,mobileOG_000331286,nusG,WP_004953928.1,phage,"regulation,infection",Multiple,Homology,NODE_28_length_12580_cov_23.960410_3, 719 # 1264 # 1 , 719,1264,1 ,28_3,28,3,00,ATG,GGAG/GAGG,5-10bp,0.560,NODE_28_length_12580_cov_23.960410,mobileOG_000331286_NODE_28_length_12580_cov_23.960410
402,"mobileOG_000327581|nusG|WP_002210671.1|phage|regulation,infection|Plasmid RefSeq|Homology",NODE_28_length_12580_cov_23.960410_3 # 719 # 1264 # 1 # ID=28_3;partial=00;start_type=ATG;rbs_motif=GGAG/GAGG;rbs_spacer=5-10bp;gc_cont=0.560,99.4,362,181,5.19e-129,182,1,181,1,181,mobileOG_000327581,nusG,WP_002210671.1,phage,"regulation,infection",Plasmid RefSeq,Homology,NODE_28_length_12580_cov_23.960410_3, 719 # 1264 # 1 , 719,1264,1 ,28_3,28,3,00,ATG,GGAG/GAGG,5-10bp,0.560,NODE_28_length_12580_cov_23.960410,mobileOG_000327581_NODE_28_length_12580_cov_23.960410
403,"mobileOG_000324948|nusG|WP_001287521.1|phage|regulation,infection|Plasmid RefSeq|Homology",NODE_28_length_12580_cov_23.960410_3 # 719 # 1264 # 1 # ID=28_3;partial=00;start_type=ATG;rbs_motif=GGAG/GAGG;rbs_spacer=5-10bp;gc_cont=0.560,98.3,357,181,7.08e-127,182,1,180,1,180,mobileOG_000324948,nusG,WP_001287521.1,phage,"regulation,infection",Plasmid RefSeq,Homology,NODE_28_length_12580_cov_23.960410_3, 719 # 1264 # 1 , 719,1264,1 ,28_3,28,3,00,ATG,GGAG/GAGG,5-10bp,0.560,NODE_28_length_12580_cov_23.960410,mobileOG_000324948_NODE_28_length_12580_cov_23.960410
404,"mobileOG_000289012|nusG|WP_003862341.1|phage|regulation,infection|Plasmid RefSeq|Homology",NODE_28_length_12580_cov_23.960410_3 # 719 # 1264 # 1 # ID=28_3;partial=00;start_type=ATG;rbs_motif=GGAG/GAGG;rbs_spacer=5-10bp;gc_cont=0.560,97.8,356,181,2.03e-126,182,1,180,1,180,mobileOG_000289012,nusG,WP_003862341.1,phage,"regulation,infection",Plasmid RefSeq,Homology,NODE_28_length_12580_cov_23.960410_3, 719 # 1264 # 1 , 719,1264,1 ,28_3,28,3,00,ATG,GGAG/GAGG,5-10bp,0.560,NODE_28_length_12580_cov_23.960410,mobileOG_000289012_NODE_28_length_12580_cov_23.960410
405,"mobileOG_000331278|nusG|WP_001287516.1|phage|regulation,infection|Plasmid RefSeq|Homology",NODE_28_length_12580_cov_23.960410_3 # 719 # 1264 # 1 # ID=28_3;partial=00;start_type=ATG;rbs_motif=GGAG/GAGG;rbs_spacer=5-10bp;gc_cont=0.560,97.8,356,181,2.03e-126,182,1,180,1,180,mobileOG_000331278,nusG,WP_001287516.1,phage,"regulation,infection",Plasmid RefSeq,Homology,NODE_28_length_12580_cov_23.960410_3, 719 # 1264 # 1 , 719,1264,1 ,28_3,28,3,00,ATG,GGAG/GAGG,5-10bp,0.560,NODE_28_length_12580_cov_23.960410,mobileOG_000331278_NODE_28_length_12580_cov_23.960410
406,"mobileOG_000324956|nusG|WP_007665882.1|phage|regulation,infection|Plasmid RefSeq|Homology",NODE_28_length_12580_cov_23.960410_3 # 719 # 1264 # 1 # ID=28_3;partial=00;start_type=ATG;rbs_motif=GGAG/GAGG;rbs_spacer=5-10bp;gc_cont=0.560,97.8,355,181,2.89e-126,182,1,180,1,180,mobileOG_000324956,nusG,WP_007665882.1,phage,"regulation,infection",Plasmid RefSeq,Homology,NODE_28_length_12580_cov_23.960410_3, 719 # 1264 # 1 , 719,1264,1 ,28_3,28,3,00,ATG,GGAG/GAGG,5-10bp,0.560,NODE_28_length_12580_cov_23.960410,mobileOG_000324956_NODE_28_length_12580_cov_23.960410
407,"mobileOG_000329873|nusG|WP_127378540.1|phage|regulation,infection|Plasmid RefSeq|Homology",NODE_28_length_12580_cov_23.960410_3 # 719 # 1264 # 1 # ID=28_3;partial=00;start_type=ATG;rbs_motif=GGAG/GAGG;rbs_spacer=5-10bp;gc_cont=0.560,91.7,338,181,1.48e-119,182,1,180,1,180,mobileOG_000329873,nusG,WP_127378540.1,phage,"regulation,infection",Plasmid RefSeq,Homology,NODE_28_length_12580_cov_23.960410_3, 719 # 1264 # 1 , 719,1264,1 ,28_3,28,3,00,ATG,GGAG/GAGG,5-10bp,0.560,NODE_28_length_12580_cov_23.960410,mobileOG_000329873_NODE_28_length_12580_cov_23.960410
