,Sequence Title,Query Title,Pident,Bitscore,Subject Sequence Length,e-value,Query Sequence Length,Start of Alignment in Subject,End of Alignment in Query,Start of Alignment in Query,End of Alignment in Query,mobileOG ID,Gene Name,Best Hit Accession ID,Major mobileOG Category,Minor mobileOG Category,Source Database,Evidence Type,Contig/ORF Name,ORF_Start_Stop_Strands,ORF_Start,ORF_End,Sense or Antisense Strand,Prodigal ID,Prodigal Designated Contigs,Unique_ORF,Partial Tag,Start Codon,RBS Motif,RBS Spacer,GC Content,Specific Contig,Final Sample Name
0,"mobileOG_000329633|hflD|WP_033638217.1|phage|infection,regulation|Plasmid RefSeq|Homology",NODE_1_length_1090879_cov_48.740897_36 # 39144 # 39770 # -1 # ID=1_36;partial=00;start_type=GTG;rbs_motif=AGGAG;rbs_spacer=5-10bp;gc_cont=0.609,99.0,399,208,1.33e-142,209,1,208,1,208,mobileOG_000329633,hflD,WP_033638217.1,phage,"infection,regulation",Plasmid RefSeq,Homology,NODE_1_length_1090879_cov_48.740897_36, 39144 # 39770 # -1 , 39144,39770,-1 ,1_36,1,36,00,GTG,AGGAG,5-10bp,0.609,NODE_1_length_1090879_cov_48.740897,mobileOG_000329633_NODE_1_length_1090879_cov_48.740897
1,"mobileOG_000026495|ihfA|A8GDR1|integration/excision|regulation,lysis/lysogeny|Plasmid RefSeq|Manual",NODE_1_length_1090879_cov_48.740897_151 # 153545 # 153841 # 1 # ID=1_151;partial=00;start_type=ATG;rbs_motif=GGAG/GAGG;rbs_spacer=5-10bp;gc_cont=0.552,100,194,98,4.71e-65,99,1,98,1,98,mobileOG_000026495,ihfA,A8GDR1,integration/excision,"regulation,lysis/lysogeny",Plasmid RefSeq,Manual,NODE_1_length_1090879_cov_48.740897_151, 153545 # 153841 # 1 , 153545,153841,1 ,1_151,1,151,00,ATG,GGAG/GAGG,5-10bp,0.552,NODE_1_length_1090879_cov_48.740897,mobileOG_000026495_NODE_1_length_1090879_cov_48.740897
2,"mobileOG_000022000|ihfA|WP_001229265.1|integration/excision|regulation,lysis/lysogeny|Multiple|Manual",NODE_1_length_1090879_cov_48.740897_151 # 153545 # 153841 # 1 # ID=1_151;partial=00;start_type=ATG;rbs_motif=GGAG/GAGG;rbs_spacer=5-10bp;gc_cont=0.552,95.9,186,99,5.47e-62,99,1,97,1,97,mobileOG_000022000,ihfA,WP_001229265.1,integration/excision,"regulation,lysis/lysogeny",Multiple,Manual,NODE_1_length_1090879_cov_48.740897_151, 153545 # 153841 # 1 , 153545,153841,1 ,1_151,1,151,00,ATG,GGAG/GAGG,5-10bp,0.552,NODE_1_length_1090879_cov_48.740897,mobileOG_000022000_NODE_1_length_1090879_cov_48.740897
3,"mobileOG_000025015|ihfA|WP_003857805.1|integration/excision|regulation,lysis/lysogeny|Multiple|Manual",NODE_1_length_1090879_cov_48.740897_151 # 153545 # 153841 # 1 # ID=1_151;partial=00;start_type=ATG;rbs_motif=GGAG/GAGG;rbs_spacer=5-10bp;gc_cont=0.552,94.8,185,99,1.57e-61,99,1,97,1,97,mobileOG_000025015,ihfA,WP_003857805.1,integration/excision,"regulation,lysis/lysogeny",Multiple,Manual,NODE_1_length_1090879_cov_48.740897_151, 153545 # 153841 # 1 , 153545,153841,1 ,1_151,1,151,00,ATG,GGAG/GAGG,5-10bp,0.552,NODE_1_length_1090879_cov_48.740897,mobileOG_000025015_NODE_1_length_1090879_cov_48.740897
4,"mobileOG_000015162|ihfA|WP_001229265.1|integration/excision|regulation,lysis/lysogeny|GPD|Manual",NODE_1_length_1090879_cov_48.740897_151 # 153545 # 153841 # 1 # ID=1_151;partial=00;start_type=ATG;rbs_motif=GGAG/GAGG;rbs_spacer=5-10bp;gc_cont=0.552,95.8,183,97,1.21e-60,99,1,95,3,97,mobileOG_000015162,ihfA,WP_001229265.1,integration/excision,"regulation,lysis/lysogeny",GPD,Manual,NODE_1_length_1090879_cov_48.740897_151, 153545 # 153841 # 1 , 153545,153841,1 ,1_151,1,151,00,ATG,GGAG/GAGG,5-10bp,0.552,NODE_1_length_1090879_cov_48.740897,mobileOG_000015162_NODE_1_length_1090879_cov_48.740897
5,mobileOG_000368532|nth|WP_019455952.1|replication/recombination/repair|NA|Plasmid RefSeq|Homology,NODE_1_length_1090879_cov_48.740897_239 # 247237 # 247878 # -1 # ID=1_239;partial=00;start_type=ATG;rbs_motif=AGxAGG/AGGxGG;rbs_spacer=3-4bp;gc_cont=0.611,99.5,431,213,3.04e-155,214,1,213,1,213,mobileOG_000368532,nth,WP_019455952.1,replication/recombination/repair,NA,Plasmid RefSeq,Homology,NODE_1_length_1090879_cov_48.740897_239, 247237 # 247878 # -1 , 247237,247878,-1 ,1_239,1,239,00,ATG,AGxAGG/AGGxGG,3-4bp,0.611,NODE_1_length_1090879_cov_48.740897,mobileOG_000368532_NODE_1_length_1090879_cov_48.740897
6,mobileOG_000340056|nth|WP_002907734.1|replication/recombination/repair|NA|Plasmid RefSeq|Homology,NODE_1_length_1090879_cov_48.740897_239 # 247237 # 247878 # -1 # ID=1_239;partial=00;start_type=ATG;rbs_motif=AGxAGG/AGGxGG;rbs_spacer=3-4bp;gc_cont=0.611,91.4,393,211,3.52e-140,214,1,210,1,210,mobileOG_000340056,nth,WP_002907734.1,replication/recombination/repair,NA,Plasmid RefSeq,Homology,NODE_1_length_1090879_cov_48.740897_239, 247237 # 247878 # -1 , 247237,247878,-1 ,1_239,1,239,00,ATG,AGxAGG/AGGxGG,3-4bp,0.611,NODE_1_length_1090879_cov_48.740897,mobileOG_000340056_NODE_1_length_1090879_cov_48.740897
7,mobileOG_000240879|nth|A0A2S4WTY0|replication/recombination/repair|NA|GPD|Homology,NODE_1_length_1090879_cov_48.740897_239 # 247237 # 247878 # -1 # ID=1_239;partial=00;start_type=ATG;rbs_motif=AGxAGG/AGGxGG;rbs_spacer=3-4bp;gc_cont=0.611,92.3,393,211,4.99e-140,214,1,209,1,209,mobileOG_000240879,nth,A0A2S4WTY0,replication/recombination/repair,NA,GPD,Homology,NODE_1_length_1090879_cov_48.740897_239, 247237 # 247878 # -1 , 247237,247878,-1 ,1_239,1,239,00,ATG,AGxAGG/AGGxGG,3-4bp,0.611,NODE_1_length_1090879_cov_48.740897,mobileOG_000240879_NODE_1_length_1090879_cov_48.740897
8,mobileOG_000242763|nth|A0A156XKS9|replication/recombination/repair|NA|GPD|Homology,NODE_1_length_1090879_cov_48.740897_239 # 247237 # 247878 # -1 # ID=1_239;partial=00;start_type=ATG;rbs_motif=AGxAGG/AGGxGG;rbs_spacer=3-4bp;gc_cont=0.611,90.5,390,211,8.28e-139,214,1,211,1,211,mobileOG_000242763,nth,A0A156XKS9,replication/recombination/repair,NA,GPD,Homology,NODE_1_length_1090879_cov_48.740897_239, 247237 # 247878 # -1 , 247237,247878,-1 ,1_239,1,239,00,ATG,AGxAGG/AGGxGG,3-4bp,0.611,NODE_1_length_1090879_cov_48.740897,mobileOG_000242763_NODE_1_length_1090879_cov_48.740897
9,mobileOG_000189905|nth|WP_015570668.1|replication/recombination/repair|NA|Multiple|Homology,NODE_1_length_1090879_cov_48.740897_239 # 247237 # 247878 # -1 # ID=1_239;partial=00;start_type=ATG;rbs_motif=AGxAGG/AGGxGG;rbs_spacer=3-4bp;gc_cont=0.611,90.5,389,211,1.18e-138,214,1,211,1,211,mobileOG_000189905,nth,WP_015570668.1,replication/recombination/repair,NA,Multiple,Homology,NODE_1_length_1090879_cov_48.740897_239, 247237 # 247878 # -1 , 247237,247878,-1 ,1_239,1,239,00,ATG,AGxAGG/AGGxGG,3-4bp,0.611,NODE_1_length_1090879_cov_48.740897,mobileOG_000189905_NODE_1_length_1090879_cov_48.740897
10,mobileOG_000340055|nth|WP_001030346.1|replication/recombination/repair|NA|Multiple|Homology,NODE_1_length_1090879_cov_48.740897_239 # 247237 # 247878 # -1 # ID=1_239;partial=00;start_type=ATG;rbs_motif=AGxAGG/AGGxGG;rbs_spacer=3-4bp;gc_cont=0.611,90.9,388,211,4.79e-138,214,1,209,1,209,mobileOG_000340055,nth,WP_001030346.1,replication/recombination/repair,NA,Multiple,Homology,NODE_1_length_1090879_cov_48.740897_239, 247237 # 247878 # -1 , 247237,247878,-1 ,1_239,1,239,00,ATG,AGxAGG/AGGxGG,3-4bp,0.611,NODE_1_length_1090879_cov_48.740897,mobileOG_000340055_NODE_1_length_1090879_cov_48.740897
11,mobileOG_000362634|tus|WP_043147415.1|replication/recombination/repair|NA|Plasmid RefSeq|Homology,NODE_1_length_1090879_cov_48.740897_268 # 276365 # 277303 # -1 # ID=1_268;partial=00;start_type=ATG;rbs_motif=GGAG/GAGG;rbs_spacer=5-10bp;gc_cont=0.622,98.1,602,312,1.30e-219,313,1,312,1,312,mobileOG_000362634,tus,WP_043147415.1,replication/recombination/repair,NA,Plasmid RefSeq,Homology,NODE_1_length_1090879_cov_48.740897_268, 276365 # 277303 # -1 , 276365,277303,-1 ,1_268,1,268,00,ATG,GGAG/GAGG,5-10bp,0.622,NODE_1_length_1090879_cov_48.740897,mobileOG_000362634_NODE_1_length_1090879_cov_48.740897
12,mobileOG_000308581|oppA|WP_060446003.1|transfer|competence|Plasmid RefSeq|Homology,NODE_1_length_1090879_cov_48.740897_507 # 552796 # 554415 # -1 # ID=1_507;partial=00;start_type=GTG;rbs_motif=GGA/GAG/AGG;rbs_spacer=5-10bp;gc_cont=0.601,95.7,1033,539,0.0,540,1,539,1,539,mobileOG_000308581,oppA,WP_060446003.1,transfer,competence,Plasmid RefSeq,Homology,NODE_1_length_1090879_cov_48.740897_507, 552796 # 554415 # -1 , 552796,554415,-1 ,1_507,1,507,00,GTG,GGA/GAG/AGG,5-10bp,0.601,NODE_1_length_1090879_cov_48.740897,mobileOG_000308581_NODE_1_length_1090879_cov_48.740897
13,mobileOG_000282574|oppA|WP_033653107.1|transfer|competence|Plasmid RefSeq|Homology,NODE_1_length_1090879_cov_48.740897_507 # 552796 # 554415 # -1 # ID=1_507;partial=00;start_type=GTG;rbs_motif=GGA/GAG/AGG;rbs_spacer=5-10bp;gc_cont=0.601,95.2,1027,553,0.0,540,15,553,1,539,mobileOG_000282574,oppA,WP_033653107.1,transfer,competence,Plasmid RefSeq,Homology,NODE_1_length_1090879_cov_48.740897_507, 552796 # 554415 # -1 , 552796,554415,-1 ,1_507,1,507,00,GTG,GGA/GAG/AGG,5-10bp,0.601,NODE_1_length_1090879_cov_48.740897,mobileOG_000282574_NODE_1_length_1090879_cov_48.740897
14,mobileOG_000303999|oppA|A0A221DQU9|transfer|competence|Plasmid RefSeq|Homology,NODE_1_length_1090879_cov_48.740897_598 # 648395 # 650014 # -1 # ID=1_598;partial=00;start_type=ATG;rbs_motif=GGA/GAG/AGG;rbs_spacer=5-10bp;gc_cont=0.581,99.1,1074,544,0.0,540,6,544,1,539,mobileOG_000303999,oppA,A0A221DQU9,transfer,competence,Plasmid RefSeq,Homology,NODE_1_length_1090879_cov_48.740897_598, 648395 # 650014 # -1 , 648395,650014,-1 ,1_598,1,598,00,ATG,GGA/GAG/AGG,5-10bp,0.581,NODE_1_length_1090879_cov_48.740897,mobileOG_000303999_NODE_1_length_1090879_cov_48.740897
15,mobileOG_000313844|oppA|A0A221DQU9|transfer|competence|Plasmid RefSeq|Homology,NODE_1_length_1090879_cov_48.740897_598 # 648395 # 650014 # -1 # ID=1_598;partial=00;start_type=ATG;rbs_motif=GGA/GAG/AGG;rbs_spacer=5-10bp;gc_cont=0.581,98.9,1073,544,0.0,540,6,544,1,539,mobileOG_000313844,oppA,A0A221DQU9,transfer,competence,Plasmid RefSeq,Homology,NODE_1_length_1090879_cov_48.740897_598, 648395 # 650014 # -1 , 648395,650014,-1 ,1_598,1,598,00,ATG,GGA/GAG/AGG,5-10bp,0.581,NODE_1_length_1090879_cov_48.740897,mobileOG_000313844_NODE_1_length_1090879_cov_48.740897
16,mobileOG_000353715|topA|WP_033647571.1|replication/recombination/repair|NA|Plasmid RefSeq|Homology,NODE_1_length_1090879_cov_48.740897_646 # 701430 # 704027 # -1 # ID=1_646;partial=00;start_type=ATG;rbs_motif=GGA/GAG/AGG;rbs_spacer=5-10bp;gc_cont=0.589,99.8,1719,865,0.0,866,1,865,1,865,mobileOG_000353715,topA,WP_033647571.1,replication/recombination/repair,NA,Plasmid RefSeq,Homology,NODE_1_length_1090879_cov_48.740897_646, 701430 # 704027 # -1 , 701430,704027,-1 ,1_646,1,646,00,ATG,GGA/GAG/AGG,5-10bp,0.589,NODE_1_length_1090879_cov_48.740897,mobileOG_000353715_NODE_1_length_1090879_cov_48.740897
17,mobileOG_000305021|dnaE2|WP_033653008.1|replication/recombination/repair|NA|Plasmid RefSeq|Homology,NODE_1_length_1090879_cov_48.740897_655 # 710718 # 711599 # -1 # ID=1_655;partial=00;start_type=TTG;rbs_motif=GGA/GAG/AGG;rbs_spacer=5-10bp;gc_cont=0.634,96.6,571,293,6.65e-208,294,1,293,1,293,mobileOG_000305021,dnaE2,WP_033653008.1,replication/recombination/repair,NA,Plasmid RefSeq,Homology,NODE_1_length_1090879_cov_48.740897_655, 710718 # 711599 # -1 , 710718,711599,-1 ,1_655,1,655,00,TTG,GGA/GAG/AGG,5-10bp,0.634,NODE_1_length_1090879_cov_48.740897,mobileOG_000305021_NODE_1_length_1090879_cov_48.740897
18,mobileOG_000305018|dnaE2|WP_033647575.1|replication/recombination/repair|NA|Plasmid RefSeq|Homology,NODE_1_length_1090879_cov_48.740897_655 # 710718 # 711599 # -1 # ID=1_655;partial=00;start_type=TTG;rbs_motif=GGA/GAG/AGG;rbs_spacer=5-10bp;gc_cont=0.634,96.2,568,293,1.10e-206,294,1,293,1,293,mobileOG_000305018,dnaE2,WP_033647575.1,replication/recombination/repair,NA,Plasmid RefSeq,Homology,NODE_1_length_1090879_cov_48.740897_655, 710718 # 711599 # -1 , 710718,711599,-1 ,1_655,1,655,00,TTG,GGA/GAG/AGG,5-10bp,0.634,NODE_1_length_1090879_cov_48.740897,mobileOG_000305018_NODE_1_length_1090879_cov_48.740897
19,"mobileOG_000025575|tonB|WP_016927510.1|transfer|phage,receptor|Plasmid RefSeq|Manual",NODE_1_length_1090879_cov_48.740897_669 # 724343 # 725086 # -1 # ID=1_669;partial=00;start_type=ATG;rbs_motif=AGGA/GGAG/GAGG;rbs_spacer=11-12bp;gc_cont=0.609,98.0,345,247,3.74e-120,248,1,247,1,247,mobileOG_000025575,tonB,WP_016927510.1,transfer,"phage,receptor",Plasmid RefSeq,Manual,NODE_1_length_1090879_cov_48.740897_669, 724343 # 725086 # -1 , 724343,725086,-1 ,1_669,1,669,00,ATG,AGGA/GGAG/GAGG,11-12bp,0.609,NODE_1_length_1090879_cov_48.740897,mobileOG_000025575_NODE_1_length_1090879_cov_48.740897
20,mobileOG_000301573|dps|WP_004932132.1|replication/recombination/repair|NA|Plasmid RefSeq|Homology,NODE_1_length_1090879_cov_48.740897_683 # 739000 # 739491 # 1 # ID=1_683;partial=00;start_type=ATG;rbs_motif=AGGAG;rbs_spacer=5-10bp;gc_cont=0.524,100,324,163,2.35e-114,164,1,163,1,163,mobileOG_000301573,dps,WP_004932132.1,replication/recombination/repair,NA,Plasmid RefSeq,Homology,NODE_1_length_1090879_cov_48.740897_683, 739000 # 739491 # 1 , 739000,739491,1 ,1_683,1,683,00,ATG,AGGAG,5-10bp,0.524,NODE_1_length_1090879_cov_48.740897,mobileOG_000301573_NODE_1_length_1090879_cov_48.740897
21,mobileOG_000370693|oppF|WP_025303071.1|transfer|competence|Plasmid RefSeq|Homology,NODE_1_length_1090879_cov_48.740897_686 # 741870 # 742871 # -1 # ID=1_686;partial=00;start_type=ATG;rbs_motif=GGAGG;rbs_spacer=5-10bp;gc_cont=0.612,99.4,640,333,1.09e-233,334,1,333,1,333,mobileOG_000370693,oppF,WP_025303071.1,transfer,competence,Plasmid RefSeq,Homology,NODE_1_length_1090879_cov_48.740897_686, 741870 # 742871 # -1 , 741870,742871,-1 ,1_686,1,686,00,ATG,GGAGG,5-10bp,0.612,NODE_1_length_1090879_cov_48.740897,mobileOG_000370693_NODE_1_length_1090879_cov_48.740897
22,mobileOG_000370696|oppF|WP_101455575.1|transfer|competence|Plasmid RefSeq|Homology,NODE_1_length_1090879_cov_48.740897_686 # 741870 # 742871 # -1 # ID=1_686;partial=00;start_type=ATG;rbs_motif=GGAGG;rbs_spacer=5-10bp;gc_cont=0.612,98.8,637,333,1.27e-232,334,1,333,1,333,mobileOG_000370696,oppF,WP_101455575.1,transfer,competence,Plasmid RefSeq,Homology,NODE_1_length_1090879_cov_48.740897_686, 741870 # 742871 # -1 , 741870,742871,-1 ,1_686,1,686,00,ATG,GGAGG,5-10bp,0.612,NODE_1_length_1090879_cov_48.740897,mobileOG_000370696_NODE_1_length_1090879_cov_48.740897
23,mobileOG_000368552|oppD|WP_033634782.1|transfer|competence|Plasmid RefSeq|Homology,NODE_1_length_1090879_cov_48.740897_687 # 742868 # 743884 # -1 # ID=1_687;partial=00;start_type=ATG;rbs_motif=AGGAG;rbs_spacer=5-10bp;gc_cont=0.618,99.1,653,338,1.06e-238,339,1,338,1,338,mobileOG_000368552,oppD,WP_033634782.1,transfer,competence,Plasmid RefSeq,Homology,NODE_1_length_1090879_cov_48.740897_687, 742868 # 743884 # -1 , 742868,743884,-1 ,1_687,1,687,00,ATG,AGGAG,5-10bp,0.618,NODE_1_length_1090879_cov_48.740897,mobileOG_000368552_NODE_1_length_1090879_cov_48.740897
24,mobileOG_000025422|oppD|WP_000058857.1|transfer|competence|Multiple|Manual,NODE_1_length_1090879_cov_48.740897_687 # 742868 # 743884 # -1 # ID=1_687;partial=00;start_type=ATG;rbs_motif=AGGAG;rbs_spacer=5-10bp;gc_cont=0.618,90.1,567,335,9.04e-205,339,14,335,17,338,mobileOG_000025422,oppD,WP_000058857.1,transfer,competence,Multiple,Manual,NODE_1_length_1090879_cov_48.740897_687, 742868 # 743884 # -1 , 742868,743884,-1 ,1_687,1,687,00,ATG,AGGAG,5-10bp,0.618,NODE_1_length_1090879_cov_48.740897,mobileOG_000025422_NODE_1_length_1090879_cov_48.740897
25,mobileOG_000335522|oppC|WP_033634783.1|transfer|competence|Plasmid RefSeq|Homology,NODE_1_length_1090879_cov_48.740897_688 # 743896 # 744804 # -1 # ID=1_688;partial=00;start_type=ATG;rbs_motif=GGAG/GAGG;rbs_spacer=5-10bp;gc_cont=0.606,96.4,547,302,3.75e-198,303,1,302,1,302,mobileOG_000335522,oppC,WP_033634783.1,transfer,competence,Plasmid RefSeq,Homology,NODE_1_length_1090879_cov_48.740897_688, 743896 # 744804 # -1 , 743896,744804,-1 ,1_688,1,688,00,ATG,GGAG/GAGG,5-10bp,0.606,NODE_1_length_1090879_cov_48.740897,mobileOG_000335522_NODE_1_length_1090879_cov_48.740897
26,mobileOG_000325241|oppC|A0A5A7AN07|transfer|competence|Multiple|Homology,NODE_1_length_1090879_cov_48.740897_688 # 743896 # 744804 # -1 # ID=1_688;partial=00;start_type=ATG;rbs_motif=GGAG/GAGG;rbs_spacer=5-10bp;gc_cont=0.606,92.1,505,302,2.16e-181,303,1,302,1,302,mobileOG_000325241,oppC,A0A5A7AN07,transfer,competence,Multiple,Homology,NODE_1_length_1090879_cov_48.740897_688, 743896 # 744804 # -1 , 743896,744804,-1 ,1_688,1,688,00,ATG,GGAG/GAGG,5-10bp,0.606,NODE_1_length_1090879_cov_48.740897,mobileOG_000325241_NODE_1_length_1090879_cov_48.740897
27,mobileOG_000002425|oppC|WP_000979661.1|transfer|competence|Multiple|Manual,NODE_1_length_1090879_cov_48.740897_688 # 743896 # 744804 # -1 # ID=1_688;partial=00;start_type=ATG;rbs_motif=GGAG/GAGG;rbs_spacer=5-10bp;gc_cont=0.606,91.7,503,302,8.77e-181,303,1,302,1,302,mobileOG_000002425,oppC,WP_000979661.1,transfer,competence,Multiple,Manual,NODE_1_length_1090879_cov_48.740897_688, 743896 # 744804 # -1 , 743896,744804,-1 ,1_688,1,688,00,ATG,GGAG/GAGG,5-10bp,0.606,NODE_1_length_1090879_cov_48.740897,mobileOG_000002425_NODE_1_length_1090879_cov_48.740897
28,mobileOG_000327934|oppC|WP_000979659.1|transfer|competence|Plasmid RefSeq|Homology,NODE_1_length_1090879_cov_48.740897_688 # 743896 # 744804 # -1 # ID=1_688;partial=00;start_type=ATG;rbs_motif=GGAG/GAGG;rbs_spacer=5-10bp;gc_cont=0.606,91.7,503,302,1.25e-180,303,1,302,1,302,mobileOG_000327934,oppC,WP_000979659.1,transfer,competence,Plasmid RefSeq,Homology,NODE_1_length_1090879_cov_48.740897_688, 743896 # 744804 # -1 , 743896,744804,-1 ,1_688,1,688,00,ATG,GGAG/GAGG,5-10bp,0.606,NODE_1_length_1090879_cov_48.740897,mobileOG_000327934_NODE_1_length_1090879_cov_48.740897
29,mobileOG_000349833|oppC|WP_000979648.1|transfer|competence|Plasmid RefSeq|Homology,NODE_1_length_1090879_cov_48.740897_688 # 743896 # 744804 # -1 # ID=1_688;partial=00;start_type=ATG;rbs_motif=GGAG/GAGG;rbs_spacer=5-10bp;gc_cont=0.606,91.4,502,302,3.57e-180,303,1,302,1,302,mobileOG_000349833,oppC,WP_000979648.1,transfer,competence,Plasmid RefSeq,Homology,NODE_1_length_1090879_cov_48.740897_688, 743896 # 744804 # -1 , 743896,744804,-1 ,1_688,1,688,00,ATG,GGAG/GAGG,5-10bp,0.606,NODE_1_length_1090879_cov_48.740897,mobileOG_000349833_NODE_1_length_1090879_cov_48.740897
30,mobileOG_000241065|oppC|A0A1R0FTB0|transfer|competence|GPD|Homology,NODE_1_length_1090879_cov_48.740897_688 # 743896 # 744804 # -1 # ID=1_688;partial=00;start_type=ATG;rbs_motif=GGAG/GAGG;rbs_spacer=5-10bp;gc_cont=0.606,90.1,490,302,1.32e-175,303,1,302,1,302,mobileOG_000241065,oppC,A0A1R0FTB0,transfer,competence,GPD,Homology,NODE_1_length_1090879_cov_48.740897_688, 743896 # 744804 # -1 , 743896,744804,-1 ,1_688,1,688,00,ATG,GGAG/GAGG,5-10bp,0.606,NODE_1_length_1090879_cov_48.740897,mobileOG_000241065_NODE_1_length_1090879_cov_48.740897
31,mobileOG_000336315|oppB|WP_033654356.1|transfer|competence|Plasmid RefSeq|Homology,NODE_1_length_1090879_cov_48.740897_689 # 744819 # 745739 # -1 # ID=1_689;partial=00;start_type=ATG;rbs_motif=GGA/GAG/AGG;rbs_spacer=5-10bp;gc_cont=0.574,99.7,569,306,1.49e-206,307,1,306,1,306,mobileOG_000336315,oppB,WP_033654356.1,transfer,competence,Plasmid RefSeq,Homology,NODE_1_length_1090879_cov_48.740897_689, 744819 # 745739 # -1 , 744819,745739,-1 ,1_689,1,689,00,ATG,GGA/GAG/AGG,5-10bp,0.574,NODE_1_length_1090879_cov_48.740897,mobileOG_000336315_NODE_1_length_1090879_cov_48.740897
32,mobileOG_000335601|oppB|WP_033634784.1|transfer|competence|Plasmid RefSeq|Homology,NODE_1_length_1090879_cov_48.740897_689 # 744819 # 745739 # -1 # ID=1_689;partial=00;start_type=ATG;rbs_motif=GGA/GAG/AGG;rbs_spacer=5-10bp;gc_cont=0.574,99.3,568,306,2.12e-206,307,1,306,1,306,mobileOG_000335601,oppB,WP_033634784.1,transfer,competence,Plasmid RefSeq,Homology,NODE_1_length_1090879_cov_48.740897_689, 744819 # 745739 # -1 , 744819,745739,-1 ,1_689,1,689,00,ATG,GGA/GAG/AGG,5-10bp,0.574,NODE_1_length_1090879_cov_48.740897,mobileOG_000335601_NODE_1_length_1090879_cov_48.740897
33,mobileOG_000025703|oppB|WP_000911097.1|transfer|competence|Multiple|Manual,NODE_1_length_1090879_cov_48.740897_689 # 744819 # 745739 # -1 # ID=1_689;partial=00;start_type=ATG;rbs_motif=GGA/GAG/AGG;rbs_spacer=5-10bp;gc_cont=0.574,93.5,533,306,2.22e-192,307,1,306,1,306,mobileOG_000025703,oppB,WP_000911097.1,transfer,competence,Multiple,Manual,NODE_1_length_1090879_cov_48.740897_689, 744819 # 745739 # -1 , 744819,745739,-1 ,1_689,1,689,00,ATG,GGA/GAG/AGG,5-10bp,0.574,NODE_1_length_1090879_cov_48.740897,mobileOG_000025703_NODE_1_length_1090879_cov_48.740897
34,mobileOG_000241060|oppB|A0A0F1ER99|transfer|competence|GPD|Homology,NODE_1_length_1090879_cov_48.740897_689 # 744819 # 745739 # -1 # ID=1_689;partial=00;start_type=ATG;rbs_motif=GGA/GAG/AGG;rbs_spacer=5-10bp;gc_cont=0.574,93.8,531,306,1.82e-191,307,1,306,1,306,mobileOG_000241060,oppB,A0A0F1ER99,transfer,competence,GPD,Homology,NODE_1_length_1090879_cov_48.740897_689, 744819 # 745739 # -1 , 744819,745739,-1 ,1_689,1,689,00,ATG,GGA/GAG/AGG,5-10bp,0.574,NODE_1_length_1090879_cov_48.740897,mobileOG_000241060_NODE_1_length_1090879_cov_48.740897
35,mobileOG_000241064|oppB|EDA16224.1|transfer|competence|GPD|Homology,NODE_1_length_1090879_cov_48.740897_689 # 744819 # 745739 # -1 # ID=1_689;partial=00;start_type=ATG;rbs_motif=GGA/GAG/AGG;rbs_spacer=5-10bp;gc_cont=0.574,91.2,529,306,7.40e-191,307,1,306,1,306,mobileOG_000241064,oppB,EDA16224.1,transfer,competence,GPD,Homology,NODE_1_length_1090879_cov_48.740897_689, 744819 # 745739 # -1 , 744819,745739,-1 ,1_689,1,689,00,ATG,GGA/GAG/AGG,5-10bp,0.574,NODE_1_length_1090879_cov_48.740897,mobileOG_000241064_NODE_1_length_1090879_cov_48.740897
36,mobileOG_000002429|oppB|WP_000911112.1|transfer|competence|Multiple|Manual,NODE_1_length_1090879_cov_48.740897_689 # 744819 # 745739 # -1 # ID=1_689;partial=00;start_type=ATG;rbs_motif=GGA/GAG/AGG;rbs_spacer=5-10bp;gc_cont=0.574,93.8,528,306,2.12e-190,307,1,306,1,306,mobileOG_000002429,oppB,WP_000911112.1,transfer,competence,Multiple,Manual,NODE_1_length_1090879_cov_48.740897_689, 744819 # 745739 # -1 , 744819,745739,-1 ,1_689,1,689,00,ATG,GGA/GAG/AGG,5-10bp,0.574,NODE_1_length_1090879_cov_48.740897,mobileOG_000002429_NODE_1_length_1090879_cov_48.740897
37,mobileOG_000047933|oppB|A0A0F3WLQ6|transfer|competence|COMPASS|Homology,NODE_1_length_1090879_cov_48.740897_689 # 744819 # 745739 # -1 # ID=1_689;partial=00;start_type=ATG;rbs_motif=GGA/GAG/AGG;rbs_spacer=5-10bp;gc_cont=0.574,93.5,526,306,1.22e-189,307,1,306,1,306,mobileOG_000047933,oppB,A0A0F3WLQ6,transfer,competence,COMPASS,Homology,NODE_1_length_1090879_cov_48.740897_689, 744819 # 745739 # -1 , 744819,745739,-1 ,1_689,1,689,00,ATG,GGA/GAG/AGG,5-10bp,0.574,NODE_1_length_1090879_cov_48.740897,mobileOG_000047933_NODE_1_length_1090879_cov_48.740897
38,mobileOG_000334396|oppA|WP_033647597.1|transfer|competence|Plasmid RefSeq|Homology,NODE_1_length_1090879_cov_48.740897_690 # 745823 # 747460 # -1 # ID=1_690;partial=00;start_type=ATG;rbs_motif=GGAG/GAGG;rbs_spacer=5-10bp;gc_cont=0.562,98.9,1099,545,0.0,546,1,545,1,545,mobileOG_000334396,oppA,WP_033647597.1,transfer,competence,Plasmid RefSeq,Homology,NODE_1_length_1090879_cov_48.740897_690, 745823 # 747460 # -1 , 745823,747460,-1 ,1_690,1,690,00,ATG,GGAG/GAGG,5-10bp,0.562,NODE_1_length_1090879_cov_48.740897,mobileOG_000334396_NODE_1_length_1090879_cov_48.740897
39,mobileOG_000308667|oppA|WP_033654358.1|transfer|competence|Plasmid RefSeq|Homology,NODE_1_length_1090879_cov_48.740897_691 # 747608 # 749245 # -1 # ID=1_691;partial=00;start_type=ATG;rbs_motif=AGGAG;rbs_spacer=5-10bp;gc_cont=0.595,96.9,1058,545,0.0,546,1,545,1,545,mobileOG_000308667,oppA,WP_033654358.1,transfer,competence,Plasmid RefSeq,Homology,NODE_1_length_1090879_cov_48.740897_691, 747608 # 749245 # -1 , 747608,749245,-1 ,1_691,1,691,00,ATG,AGGAG,5-10bp,0.595,NODE_1_length_1090879_cov_48.740897,mobileOG_000308667_NODE_1_length_1090879_cov_48.740897
40,mobileOG_000308869|oppA|WP_101456511.1|transfer|competence|Plasmid RefSeq|Homology,NODE_1_length_1090879_cov_48.740897_691 # 747608 # 749245 # -1 # ID=1_691;partial=00;start_type=ATG;rbs_motif=AGGAG;rbs_spacer=5-10bp;gc_cont=0.595,96.7,1057,545,0.0,546,1,545,1,545,mobileOG_000308869,oppA,WP_101456511.1,transfer,competence,Plasmid RefSeq,Homology,NODE_1_length_1090879_cov_48.740897_691, 747608 # 749245 # -1 , 747608,749245,-1 ,1_691,1,691,00,ATG,AGGAG,5-10bp,0.595,NODE_1_length_1090879_cov_48.740897,mobileOG_000308869_NODE_1_length_1090879_cov_48.740897
41,mobileOG_000369427|hns|WP_004932170.1|replication/recombination/repair|regulation|Plasmid RefSeq|Homology,NODE_1_length_1090879_cov_48.740897_695 # 755194 # 755601 # 1 # ID=1_695;partial=00;start_type=ATG;rbs_motif=GGA/GAG/AGG;rbs_spacer=5-10bp;gc_cont=0.493,100,251,135,1.35e-86,136,1,135,1,135,mobileOG_000369427,hns,WP_004932170.1,replication/recombination/repair,regulation,Plasmid RefSeq,Homology,NODE_1_length_1090879_cov_48.740897_695, 755194 # 755601 # 1 , 755194,755601,1 ,1_695,1,695,00,ATG,GGA/GAG/AGG,5-10bp,0.493,NODE_1_length_1090879_cov_48.740897,mobileOG_000369427_NODE_1_length_1090879_cov_48.740897
42,mobileOG_000330120|xthA|WP_033647602.1|replication/recombination/repair|NA|Plasmid RefSeq|Homology,NODE_1_length_1090879_cov_48.740897_704 # 764442 # 765248 # 1 # ID=1_704;partial=00;start_type=ATG;rbs_motif=None;rbs_spacer=None;gc_cont=0.584,98.5,554,268,6.93e-202,269,1,268,1,268,mobileOG_000330120,xthA,WP_033647602.1,replication/recombination/repair,NA,Plasmid RefSeq,Homology,NODE_1_length_1090879_cov_48.740897_704, 764442 # 765248 # 1 , 764442,765248,1 ,1_704,1,704,00,ATG,None,None,0.584,NODE_1_length_1090879_cov_48.740897,mobileOG_000330120_NODE_1_length_1090879_cov_48.740897
43,mobileOG_000308655|topB|WP_033647606.1|replication/recombination/repair|NA|Plasmid RefSeq|Homology,NODE_1_length_1090879_cov_48.740897_707 # 766009 # 767934 # -1 # ID=1_707;partial=00;start_type=ATG;rbs_motif=None;rbs_spacer=None;gc_cont=0.606,99.5,1253,641,0.0,642,1,641,1,641,mobileOG_000308655,topB,WP_033647606.1,replication/recombination/repair,NA,Plasmid RefSeq,Homology,NODE_1_length_1090879_cov_48.740897_707, 766009 # 767934 # -1 , 766009,767934,-1 ,1_707,1,707,00,ATG,None,None,0.606,NODE_1_length_1090879_cov_48.740897,mobileOG_000308655_NODE_1_length_1090879_cov_48.740897
44,mobileOG_000308859|topB|WP_101427007.1|replication/recombination/repair|NA|Plasmid RefSeq|Homology,NODE_1_length_1090879_cov_48.740897_707 # 766009 # 767934 # -1 # ID=1_707;partial=00;start_type=ATG;rbs_motif=None;rbs_spacer=None;gc_cont=0.606,99.2,1253,641,0.0,642,1,641,1,641,mobileOG_000308859,topB,WP_101427007.1,replication/recombination/repair,NA,Plasmid RefSeq,Homology,NODE_1_length_1090879_cov_48.740897_707, 766009 # 767934 # -1 , 766009,767934,-1 ,1_707,1,707,00,ATG,None,None,0.606,NODE_1_length_1090879_cov_48.740897,mobileOG_000308859_NODE_1_length_1090879_cov_48.740897
45,mobileOG_000298941|slp|WP_033638506.1|integration/excision|NA|Plasmid RefSeq|Homology,NODE_1_length_1090879_cov_48.740897_748 # 808356 # 808946 # -1 # ID=1_748;partial=00;start_type=ATG;rbs_motif=AGGAG;rbs_spacer=5-10bp;gc_cont=0.635,99.0,390,196,1.20e-139,197,1,196,1,196,mobileOG_000298941,slp,WP_033638506.1,integration/excision,NA,Plasmid RefSeq,Homology,NODE_1_length_1090879_cov_48.740897_748, 808356 # 808946 # -1 , 808356,808946,-1 ,1_748,1,748,00,ATG,AGGAG,5-10bp,0.635,NODE_1_length_1090879_cov_48.740897,mobileOG_000298941_NODE_1_length_1090879_cov_48.740897
46,mobileOG_000354070|ruvB|WP_043147578.1|replication/recombination/repair|NA|Plasmid RefSeq|Homology,NODE_1_length_1090879_cov_48.740897_764 # 824849 # 825853 # -1 # ID=1_764;partial=00;start_type=ATG;rbs_motif=GGAG/GAGG;rbs_spacer=5-10bp;gc_cont=0.624,100,646,334,3.02e-236,335,1,333,1,333,mobileOG_000354070,ruvB,WP_043147578.1,replication/recombination/repair,NA,Plasmid RefSeq,Homology,NODE_1_length_1090879_cov_48.740897_764, 824849 # 825853 # -1 , 824849,825853,-1 ,1_764,1,764,00,ATG,GGAG/GAGG,5-10bp,0.624,NODE_1_length_1090879_cov_48.740897,mobileOG_000354070_NODE_1_length_1090879_cov_48.740897
47,mobileOG_000354069|ruvB|WP_025303125.1|replication/recombination/repair|NA|Plasmid RefSeq|Homology,NODE_1_length_1090879_cov_48.740897_764 # 824849 # 825853 # -1 # ID=1_764;partial=00;start_type=ATG;rbs_motif=GGAG/GAGG;rbs_spacer=5-10bp;gc_cont=0.624,99.7,645,334,8.67e-236,335,1,333,1,333,mobileOG_000354069,ruvB,WP_025303125.1,replication/recombination/repair,NA,Plasmid RefSeq,Homology,NODE_1_length_1090879_cov_48.740897_764, 824849 # 825853 # -1 , 824849,825853,-1 ,1_764,1,764,00,ATG,GGAG/GAGG,5-10bp,0.624,NODE_1_length_1090879_cov_48.740897,mobileOG_000354069_NODE_1_length_1090879_cov_48.740897
48,mobileOG_000336561|ruvA|WP_033634852.1|replication/recombination/repair|NA|Plasmid RefSeq|Homology,NODE_1_length_1090879_cov_48.740897_765 # 825873 # 826487 # -1 # ID=1_765;partial=00;start_type=ATG;rbs_motif=AGGAG;rbs_spacer=5-10bp;gc_cont=0.608,98.5,383,204,1.75e-136,205,1,204,1,204,mobileOG_000336561,ruvA,WP_033634852.1,replication/recombination/repair,NA,Plasmid RefSeq,Homology,NODE_1_length_1090879_cov_48.740897_765, 825873 # 826487 # -1 , 825873,826487,-1 ,1_765,1,765,00,ATG,AGGAG,5-10bp,0.608,NODE_1_length_1090879_cov_48.740897,mobileOG_000336561_NODE_1_length_1090879_cov_48.740897
49,mobileOG_000368503|ruvC|WP_004932367.1|replication/recombination/repair|NA|Plasmid RefSeq|Homology,NODE_1_length_1090879_cov_48.740897_766 # 826600 # 827121 # -1 # ID=1_766;partial=00;start_type=ATG;rbs_motif=AGxAGG/AGGxGG;rbs_spacer=5-10bp;gc_cont=0.619,100,330,173,2.59e-116,174,1,173,1,173,mobileOG_000368503,ruvC,WP_004932367.1,replication/recombination/repair,NA,Plasmid RefSeq,Homology,NODE_1_length_1090879_cov_48.740897_766, 826600 # 827121 # -1 , 826600,827121,-1 ,1_766,1,766,00,ATG,AGxAGG/AGGxGG,5-10bp,0.619,NODE_1_length_1090879_cov_48.740897,mobileOG_000368503_NODE_1_length_1090879_cov_48.740897
50,mobileOG_000332823|ruvC|WP_033634853.1|replication/recombination/repair|NA|Plasmid RefSeq|Homology,NODE_1_length_1090879_cov_48.740897_766 # 826600 # 827121 # -1 # ID=1_766;partial=00;start_type=ATG;rbs_motif=AGxAGG/AGGxGG;rbs_spacer=5-10bp;gc_cont=0.619,99.4,329,173,3.68e-116,174,1,173,1,173,mobileOG_000332823,ruvC,WP_033634853.1,replication/recombination/repair,NA,Plasmid RefSeq,Homology,NODE_1_length_1090879_cov_48.740897_766, 826600 # 827121 # -1 , 826600,827121,-1 ,1_766,1,766,00,ATG,AGxAGG/AGGxGG,5-10bp,0.619,NODE_1_length_1090879_cov_48.740897,mobileOG_000332823_NODE_1_length_1090879_cov_48.740897
51,mobileOG_000338525|oppD|WP_033653661.1|transfer|competence|Plasmid RefSeq|Homology,NODE_1_length_1090879_cov_48.740897_880 # 944261 # 945103 # -1 # ID=1_880;partial=00;start_type=ATG;rbs_motif=GGA/GAG/AGG;rbs_spacer=5-10bp;gc_cont=0.650,98.6,541,280,1.89e-196,281,1,280,1,280,mobileOG_000338525,oppD,WP_033653661.1,transfer,competence,Plasmid RefSeq,Homology,NODE_1_length_1090879_cov_48.740897_880, 944261 # 945103 # -1 , 944261,945103,-1 ,1_880,1,880,00,ATG,GGA/GAG/AGG,5-10bp,0.650,NODE_1_length_1090879_cov_48.740897,mobileOG_000338525_NODE_1_length_1090879_cov_48.740897
52,mobileOG_000338678|oppD|WP_039565565.1|transfer|competence|Plasmid RefSeq|Homology,NODE_1_length_1090879_cov_48.740897_880 # 944261 # 945103 # -1 # ID=1_880;partial=00;start_type=ATG;rbs_motif=GGA/GAG/AGG;rbs_spacer=5-10bp;gc_cont=0.650,98.2,540,280,7.69e-196,281,1,280,1,280,mobileOG_000338678,oppD,WP_039565565.1,transfer,competence,Plasmid RefSeq,Homology,NODE_1_length_1090879_cov_48.740897_880, 944261 # 945103 # -1 , 944261,945103,-1 ,1_880,1,880,00,ATG,GGA/GAG/AGG,5-10bp,0.650,NODE_1_length_1090879_cov_48.740897,mobileOG_000338678_NODE_1_length_1090879_cov_48.740897
53,mobileOG_000353863|cnu|WP_033635010.1|stability/transfer/defense|regulation|Plasmid RefSeq|Homology,NODE_1_length_1090879_cov_48.740897_958 # 1024088 # 1024303 # 1 # ID=1_958;partial=00;start_type=ATG;rbs_motif=3Base/5BMM;rbs_spacer=13-15bp;gc_cont=0.509,98.6,143,71,1.35e-45,72,1,71,1,71,mobileOG_000353863,cnu,WP_033635010.1,stability/transfer/defense,regulation,Plasmid RefSeq,Homology,NODE_1_length_1090879_cov_48.740897_958, 1024088 # 1024303 # 1 , 1024088,1024303,1 ,1_958,1,958,00,ATG,3Base/5BMM,13-15bp,0.509,NODE_1_length_1090879_cov_48.740897,mobileOG_000353863_NODE_1_length_1090879_cov_48.740897
54,mobileOG_000333755|tssB|WP_033635026.1|replication/recombination/repair|NA|Plasmid RefSeq|Homology,NODE_1_length_1090879_cov_48.740897_977 # 1045731 # 1046267 # 1 # ID=1_977;partial=00;start_type=ATG;rbs_motif=GGAG/GAGG;rbs_spacer=5-10bp;gc_cont=0.574,99.4,340,178,4.10e-120,179,1,178,1,178,mobileOG_000333755,tssB,WP_033635026.1,replication/recombination/repair,NA,Plasmid RefSeq,Homology,NODE_1_length_1090879_cov_48.740897_977, 1045731 # 1046267 # 1 , 1045731,1046267,1 ,1_977,1,977,00,ATG,GGAG/GAGG,5-10bp,0.574,NODE_1_length_1090879_cov_48.740897,mobileOG_000333755_NODE_1_length_1090879_cov_48.740897
55,mobileOG_000331425|clpB|WP_033653610.1|phage|chaperone|Plasmid RefSeq|Homology,NODE_1_length_1090879_cov_48.740897_988 # 1058278 # 1060932 # 1 # ID=1_988;partial=00;start_type=ATG;rbs_motif=GGAG/GAGG;rbs_spacer=5-10bp;gc_cont=0.653,98.6,1664,884,0.0,885,1,884,1,884,mobileOG_000331425,clpB,WP_033653610.1,phage,chaperone,Plasmid RefSeq,Homology,NODE_1_length_1090879_cov_48.740897_988, 1058278 # 1060932 # 1 , 1058278,1060932,1 ,1_988,1,988,00,ATG,GGAG/GAGG,5-10bp,0.653,NODE_1_length_1090879_cov_48.740897,mobileOG_000331425_NODE_1_length_1090879_cov_48.740897
56,mobileOG_000335880|clpB|WP_101456439.1|phage|chaperone|Plasmid RefSeq|Homology,NODE_1_length_1090879_cov_48.740897_988 # 1058278 # 1060932 # 1 # ID=1_988;partial=00;start_type=ATG;rbs_motif=GGAG/GAGG;rbs_spacer=5-10bp;gc_cont=0.653,98.4,1661,884,0.0,885,1,884,1,884,mobileOG_000335880,clpB,WP_101456439.1,phage,chaperone,Plasmid RefSeq,Homology,NODE_1_length_1090879_cov_48.740897_988, 1058278 # 1060932 # 1 , 1058278,1060932,1 ,1_988,1,988,00,ATG,GGAG/GAGG,5-10bp,0.653,NODE_1_length_1090879_cov_48.740897,mobileOG_000335880_NODE_1_length_1090879_cov_48.740897
57,mobileOG_000372635|umuC|WP_049196296.1|replication/recombination/repair|NA|Plasmid RefSeq|Homology,NODE_1_length_1090879_cov_48.740897_1003 # 1081463 # 1082779 # -1 # ID=1_1003;partial=00;start_type=ATG;rbs_motif=None;rbs_spacer=None;gc_cont=0.648,97.9,837,428,2.47e-308,439,1,427,1,427,mobileOG_000372635,umuC,WP_049196296.1,replication/recombination/repair,NA,Plasmid RefSeq,Homology,NODE_1_length_1090879_cov_48.740897_1003, 1081463 # 1082779 # -1 , 1081463,1082779,-1 ,1_1003,1,1003,00,ATG,None,None,0.648,NODE_1_length_1090879_cov_48.740897,mobileOG_000372635_NODE_1_length_1090879_cov_48.740897
58,mobileOG_000372601|umuC|WP_039565423.1|replication/recombination/repair|NA|Plasmid RefSeq|Homology,NODE_1_length_1090879_cov_48.740897_1003 # 1081463 # 1082779 # -1 # ID=1_1003;partial=00;start_type=ATG;rbs_motif=None;rbs_spacer=None;gc_cont=0.648,97.0,829,428,3.92e-305,439,1,427,1,427,mobileOG_000372601,umuC,WP_039565423.1,replication/recombination/repair,NA,Plasmid RefSeq,Homology,NODE_1_length_1090879_cov_48.740897_1003, 1081463 # 1082779 # -1 , 1081463,1082779,-1 ,1_1003,1,1003,00,ATG,None,None,0.648,NODE_1_length_1090879_cov_48.740897,mobileOG_000372601_NODE_1_length_1090879_cov_48.740897
59,mobileOG_000371957|impA|WP_033635060.1|replication/recombination/repair|NA|Plasmid RefSeq|Homology,NODE_1_length_1090879_cov_48.740897_1004 # 1082782 # 1083216 # -1 # ID=1_1004;partial=00;start_type=ATG;rbs_motif=None;rbs_spacer=None;gc_cont=0.591,99.3,287,144,1.73e-100,145,1,144,1,144,mobileOG_000371957,impA,WP_033635060.1,replication/recombination/repair,NA,Plasmid RefSeq,Homology,NODE_1_length_1090879_cov_48.740897_1004, 1082782 # 1083216 # -1 , 1082782,1083216,-1 ,1_1004,1,1004,00,ATG,None,None,0.591,NODE_1_length_1090879_cov_48.740897,mobileOG_000371957_NODE_1_length_1090879_cov_48.740897
60,mobileOG_000372074|impA|WP_060437779.1|replication/recombination/repair|NA|Plasmid RefSeq|Homology,NODE_1_length_1090879_cov_48.740897_1004 # 1082782 # 1083216 # -1 # ID=1_1004;partial=00;start_type=ATG;rbs_motif=None;rbs_spacer=None;gc_cont=0.591,97.2,282,144,1.66e-98,145,1,144,1,144,mobileOG_000372074,impA,WP_060437779.1,replication/recombination/repair,NA,Plasmid RefSeq,Homology,NODE_1_length_1090879_cov_48.740897_1004, 1082782 # 1083216 # -1 , 1082782,1083216,-1 ,1_1004,1,1004,00,ATG,None,None,0.591,NODE_1_length_1090879_cov_48.740897,mobileOG_000372074_NODE_1_length_1090879_cov_48.740897
61,mobileOG_000745154|NA:Keyword|WP_101453415.1|transfer|NA|Plasmid RefSeq|Keyword Search,NODE_2_length_777971_cov_53.042930_14 # 15839 # 16657 # -1 # ID=2_14;partial=00;start_type=ATG;rbs_motif=GGA/GAG/AGG;rbs_spacer=5-10bp;gc_cont=0.621,96.3,516,272,1.17e-186,273,1,271,1,271,mobileOG_000745154,NA:Keyword,WP_101453415.1,transfer,NA,Plasmid RefSeq,Keyword Search,NODE_2_length_777971_cov_53.042930_14, 15839 # 16657 # -1 , 15839,16657,-1 ,2_14,2,14,00,ATG,GGA/GAG/AGG,5-10bp,0.621,NODE_2_length_777971_cov_53.042930,mobileOG_000745154_NODE_2_length_777971_cov_53.042930
62,mobileOG_000331659|uvrB|WP_033647115.1|replication/recombination/repair|NA|Plasmid RefSeq|Homology,NODE_2_length_777971_cov_53.042930_39 # 39925 # 41937 # 1 # ID=2_39;partial=00;start_type=ATG;rbs_motif=GGA/GAG/AGG;rbs_spacer=11-12bp;gc_cont=0.620,98.8,1267,670,0.0,671,1,670,1,670,mobileOG_000331659,uvrB,WP_033647115.1,replication/recombination/repair,NA,Plasmid RefSeq,Homology,NODE_2_length_777971_cov_53.042930_39, 39925 # 41937 # 1 , 39925,41937,1 ,2_39,2,39,00,ATG,GGA/GAG/AGG,11-12bp,0.620,NODE_2_length_777971_cov_53.042930,mobileOG_000331659_NODE_2_length_777971_cov_53.042930
63,mobileOG_000351489|uvrB|WP_033642236.1|replication/recombination/repair|NA|Plasmid RefSeq|Homology,NODE_2_length_777971_cov_53.042930_39 # 39925 # 41937 # 1 # ID=2_39;partial=00;start_type=ATG;rbs_motif=GGA/GAG/AGG;rbs_spacer=11-12bp;gc_cont=0.620,98.8,1267,670,0.0,671,1,670,1,670,mobileOG_000351489,uvrB,WP_033642236.1,replication/recombination/repair,NA,Plasmid RefSeq,Homology,NODE_2_length_777971_cov_53.042930_39, 39925 # 41937 # 1 , 39925,41937,1 ,2_39,2,39,00,ATG,GGA/GAG/AGG,11-12bp,0.620,NODE_2_length_777971_cov_53.042930,mobileOG_000351489_NODE_2_length_777971_cov_53.042930
64,mobileOG_000361588|parA_1|WP_033637564.1|replication/recombination/repair|transfer|Plasmid RefSeq|Homology,NODE_2_length_777971_cov_53.042930_111 # 112053 # 112688 # -1 # ID=2_111;partial=00;start_type=ATG;rbs_motif=GGA/GAG/AGG;rbs_spacer=5-10bp;gc_cont=0.580,99.5,416,211,2.31e-149,212,1,211,1,211,mobileOG_000361588,parA_1,WP_033637564.1,replication/recombination/repair,transfer,Plasmid RefSeq,Homology,NODE_2_length_777971_cov_53.042930_111, 112053 # 112688 # -1 , 112053,112688,-1 ,2_111,2,111,00,ATG,GGA/GAG/AGG,5-10bp,0.580,NODE_2_length_777971_cov_53.042930,mobileOG_000361588_NODE_2_length_777971_cov_53.042930
65,mobileOG_000363799|parA_1|WP_016928620.1|replication/recombination/repair|transfer|Plasmid RefSeq|Homology,NODE_2_length_777971_cov_53.042930_111 # 112053 # 112688 # -1 # ID=2_111;partial=00;start_type=ATG;rbs_motif=GGA/GAG/AGG;rbs_spacer=5-10bp;gc_cont=0.580,99.1,413,211,3.83e-148,212,1,211,1,211,mobileOG_000363799,parA_1,WP_016928620.1,replication/recombination/repair,transfer,Plasmid RefSeq,Homology,NODE_2_length_777971_cov_53.042930_111, 112053 # 112688 # -1 , 112053,112688,-1 ,2_111,2,111,00,ATG,GGA/GAG/AGG,5-10bp,0.580,NODE_2_length_777971_cov_53.042930,mobileOG_000363799_NODE_2_length_777971_cov_53.042930
66,mobileOG_000743825|NA:Keyword|WP_033642335.1|stability/transfer/defense|NA|Plasmid RefSeq|Keyword Search,NODE_2_length_777971_cov_53.042930_156 # 159135 # 159434 # -1 # ID=2_156;partial=00;start_type=ATG;rbs_motif=AGGA/GGAG/GAGG;rbs_spacer=11-12bp;gc_cont=0.523,99.0,203,99,1.10e-68,100,1,99,1,99,mobileOG_000743825,NA:Keyword,WP_033642335.1,stability/transfer/defense,NA,Plasmid RefSeq,Keyword Search,NODE_2_length_777971_cov_53.042930_156, 159135 # 159434 # -1 , 159135,159434,-1 ,2_156,2,156,00,ATG,AGGA/GGAG/GAGG,11-12bp,0.523,NODE_2_length_777971_cov_53.042930,mobileOG_000743825_NODE_2_length_777971_cov_53.042930
67,mobileOG_000756825|NA:Keyword|WP_033646967.1|stability/transfer/defense|NA|Plasmid RefSeq|Keyword Search,NODE_2_length_777971_cov_53.042930_157 # 159419 # 159682 # -1 # ID=2_157;partial=00;start_type=ATG;rbs_motif=AGGAGG;rbs_spacer=3-4bp;gc_cont=0.561,97.7,165,87,5.91e-54,88,1,87,1,87,mobileOG_000756825,NA:Keyword,WP_033646967.1,stability/transfer/defense,NA,Plasmid RefSeq,Keyword Search,NODE_2_length_777971_cov_53.042930_157, 159419 # 159682 # -1 , 159419,159682,-1 ,2_157,2,157,00,ATG,AGGAGG,3-4bp,0.561,NODE_2_length_777971_cov_53.042930,mobileOG_000756825_NODE_2_length_777971_cov_53.042930
68,"mobileOG_000352228|copR|WP_021504273.1|transfer|conjugation,relaxosome|Plasmid RefSeq|Homology",NODE_2_length_777971_cov_53.042930_248 # 242676 # 243347 # 1 # ID=2_248;partial=00;start_type=ATG;rbs_motif=GGAG/GAGG;rbs_spacer=5-10bp;gc_cont=0.616,99.6,443,223,1.75e-159,224,1,223,1,223,mobileOG_000352228,copR,WP_021504273.1,transfer,"conjugation,relaxosome",Plasmid RefSeq,Homology,NODE_2_length_777971_cov_53.042930_248, 242676 # 243347 # 1 , 242676,243347,1 ,2_248,2,248,00,ATG,GGAG/GAGG,5-10bp,0.616,NODE_2_length_777971_cov_53.042930,mobileOG_000352228_NODE_2_length_777971_cov_53.042930
69,"mobileOG_000352240|copR|WP_033637675.1|transfer|conjugation,relaxosome|Plasmid RefSeq|Homology",NODE_2_length_777971_cov_53.042930_248 # 242676 # 243347 # 1 # ID=2_248;partial=00;start_type=ATG;rbs_motif=GGAG/GAGG;rbs_spacer=5-10bp;gc_cont=0.616,98.7,439,223,5.85e-158,224,1,223,1,223,mobileOG_000352240,copR,WP_033637675.1,transfer,"conjugation,relaxosome",Plasmid RefSeq,Homology,NODE_2_length_777971_cov_53.042930_248, 242676 # 243347 # 1 , 242676,243347,1 ,2_248,2,248,00,ATG,GGAG/GAGG,5-10bp,0.616,NODE_2_length_777971_cov_53.042930,mobileOG_000352240_NODE_2_length_777971_cov_53.042930
70,"mobileOG_000243662|copR|A0A369HKY6|transfer|conjugation,relaxosome|GPD|Homology",NODE_2_length_777971_cov_53.042930_248 # 242676 # 243347 # 1 # ID=2_248;partial=00;start_type=ATG;rbs_motif=GGAG/GAGG;rbs_spacer=5-10bp;gc_cont=0.616,90.1,400,222,2.00e-142,224,1,222,1,222,mobileOG_000243662,copR,A0A369HKY6,transfer,"conjugation,relaxosome",GPD,Homology,NODE_2_length_777971_cov_53.042930_248, 242676 # 243347 # 1 , 242676,243347,1 ,2_248,2,248,00,ATG,GGAG/GAGG,5-10bp,0.616,NODE_2_length_777971_cov_53.042930,mobileOG_000243662_NODE_2_length_777971_cov_53.042930
71,mobileOG_000368500|clpS|WP_004928347.1|phage|replication/recombination/repair|Plasmid RefSeq|Homology,NODE_2_length_777971_cov_53.042930_441 # 448713 # 449033 # 1 # ID=2_441;partial=00;start_type=ATG;rbs_motif=GGA/GAG/AGG;rbs_spacer=5-10bp;gc_cont=0.458,100,221,106,1.24e-75,107,1,106,1,106,mobileOG_000368500,clpS,WP_004928347.1,phage,replication/recombination/repair,Plasmid RefSeq,Homology,NODE_2_length_777971_cov_53.042930_441, 448713 # 449033 # 1 , 448713,449033,1 ,2_441,2,441,00,ATG,GGA/GAG/AGG,5-10bp,0.458,NODE_2_length_777971_cov_53.042930,mobileOG_000368500_NODE_2_length_777971_cov_53.042930
72,"mobileOG_000368499|clpA|WP_004928343.1|phage|infection,regulation|Plasmid RefSeq|Homology",NODE_2_length_777971_cov_53.042930_442 # 449061 # 451340 # 1 # ID=2_442;partial=00;start_type=ATG;rbs_motif=GGAGG;rbs_spacer=5-10bp;gc_cont=0.607,100,1462,759,0.0,760,1,759,1,759,mobileOG_000368499,clpA,WP_004928343.1,phage,"infection,regulation",Plasmid RefSeq,Homology,NODE_2_length_777971_cov_53.042930_442, 449061 # 451340 # 1 , 449061,451340,1 ,2_442,2,442,00,ATG,GGAGG,5-10bp,0.607,NODE_2_length_777971_cov_53.042930,mobileOG_000368499_NODE_2_length_777971_cov_53.042930
73,"mobileOG_000351484|clpA|WP_025302261.1|phage|infection,regulation|Plasmid RefSeq|Homology",NODE_2_length_777971_cov_53.042930_442 # 449061 # 451340 # 1 # ID=2_442;partial=00;start_type=ATG;rbs_motif=GGAGG;rbs_spacer=5-10bp;gc_cont=0.607,99.9,1461,759,0.0,760,1,759,1,759,mobileOG_000351484,clpA,WP_025302261.1,phage,"infection,regulation",Plasmid RefSeq,Homology,NODE_2_length_777971_cov_53.042930_442, 449061 # 451340 # 1 , 449061,451340,1 ,2_442,2,442,00,ATG,GGAGG,5-10bp,0.607,NODE_2_length_777971_cov_53.042930,mobileOG_000351484_NODE_2_length_777971_cov_53.042930
74,"mobileOG_000288401|clpA|WP_002896522.1|phage|infection,regulation|Plasmid RefSeq|Homology",NODE_2_length_777971_cov_53.042930_442 # 449061 # 451340 # 1 # ID=2_442;partial=00;start_type=ATG;rbs_motif=GGAGG;rbs_spacer=5-10bp;gc_cont=0.607,90.9,1334,759,0.0,760,1,756,1,754,mobileOG_000288401,clpA,WP_002896522.1,phage,"infection,regulation",Plasmid RefSeq,Homology,NODE_2_length_777971_cov_53.042930_442, 449061 # 451340 # 1 , 449061,451340,1 ,2_442,2,442,00,ATG,GGAGG,5-10bp,0.607,NODE_2_length_777971_cov_53.042930,mobileOG_000288401_NODE_2_length_777971_cov_53.042930
75,"mobileOG_000021815|clpA|A0A5R8T0B6|phage|infection,regulation|GPD|Manual",NODE_2_length_777971_cov_53.042930_442 # 449061 # 451340 # 1 # ID=2_442;partial=00;start_type=ATG;rbs_motif=GGAGG;rbs_spacer=5-10bp;gc_cont=0.607,90.7,1333,758,0.0,760,1,755,1,754,mobileOG_000021815,clpA,A0A5R8T0B6,phage,"infection,regulation",GPD,Manual,NODE_2_length_777971_cov_53.042930_442, 449061 # 451340 # 1 , 449061,451340,1 ,2_442,2,442,00,ATG,GGAGG,5-10bp,0.607,NODE_2_length_777971_cov_53.042930,mobileOG_000021815_NODE_2_length_777971_cov_53.042930
76,"mobileOG_000288430|clpA|WP_006809407.1|phage|infection,regulation|Plasmid RefSeq|Homology",NODE_2_length_777971_cov_53.042930_442 # 449061 # 451340 # 1 # ID=2_442;partial=00;start_type=ATG;rbs_motif=GGAGG;rbs_spacer=5-10bp;gc_cont=0.607,90.6,1332,759,0.0,760,1,756,1,754,mobileOG_000288430,clpA,WP_006809407.1,phage,"infection,regulation",Plasmid RefSeq,Homology,NODE_2_length_777971_cov_53.042930_442, 449061 # 451340 # 1 , 449061,451340,1 ,2_442,2,442,00,ATG,GGAGG,5-10bp,0.607,NODE_2_length_777971_cov_53.042930,mobileOG_000288430_NODE_2_length_777971_cov_53.042930
77,mobileOG_000282809|rarA|WP_072055887.1|replication/recombination/repair|NA|Plasmid RefSeq|Homology,NODE_2_length_777971_cov_53.042930_451 # 463131 # 464477 # 1 # ID=2_451;partial=00;start_type=GTG;rbs_motif=GGAG/GAGG;rbs_spacer=5-10bp;gc_cont=0.637,99.5,838,428,9.07e-309,449,1,428,21,448,mobileOG_000282809,rarA,WP_072055887.1,replication/recombination/repair,NA,Plasmid RefSeq,Homology,NODE_2_length_777971_cov_53.042930_451, 463131 # 464477 # 1 , 463131,464477,1 ,2_451,2,451,00,GTG,GGAG/GAGG,5-10bp,0.637,NODE_2_length_777971_cov_53.042930,mobileOG_000282809_NODE_2_length_777971_cov_53.042930
78,mobileOG_000288172|rarA|WP_101456548.1|replication/recombination/repair|NA|Plasmid RefSeq|Homology,NODE_2_length_777971_cov_53.042930_451 # 463131 # 464477 # 1 # ID=2_451;partial=00;start_type=GTG;rbs_motif=GGAG/GAGG;rbs_spacer=5-10bp;gc_cont=0.637,99.3,838,428,1.83e-308,449,1,428,21,448,mobileOG_000288172,rarA,WP_101456548.1,replication/recombination/repair,NA,Plasmid RefSeq,Homology,NODE_2_length_777971_cov_53.042930_451, 463131 # 464477 # 1 , 463131,464477,1 ,2_451,2,451,00,GTG,GGAG/GAGG,5-10bp,0.637,NODE_2_length_777971_cov_53.042930,mobileOG_000288172_NODE_2_length_777971_cov_53.042930
79,"mobileOG_000026493|ihfB|P23303|integration/excision|regulation,lysis/lysogeny|Plasmid RefSeq|Manual",NODE_2_length_777971_cov_53.042930_464 # 480962 # 481246 # 1 # ID=2_464;partial=00;start_type=ATG;rbs_motif=GGAGG;rbs_spacer=3-4bp;gc_cont=0.537,100,193,94,7.10e-65,95,1,94,1,94,mobileOG_000026493,ihfB,P23303,integration/excision,"regulation,lysis/lysogeny",Plasmid RefSeq,Manual,NODE_2_length_777971_cov_53.042930_464, 480962 # 481246 # 1 , 480962,481246,1 ,2_464,2,464,00,ATG,GGAGG,3-4bp,0.537,NODE_2_length_777971_cov_53.042930,mobileOG_000026493_NODE_2_length_777971_cov_53.042930
80,"mobileOG_000025715|ihfB|WP_002898165.1|integration/excision|regulation,lysis/lysogeny|Plasmid RefSeq|Manual",NODE_2_length_777971_cov_53.042930_464 # 480962 # 481246 # 1 # ID=2_464;partial=00;start_type=ATG;rbs_motif=GGAGG;rbs_spacer=3-4bp;gc_cont=0.537,94.6,183,95,6.80e-61,95,1,93,1,93,mobileOG_000025715,ihfB,WP_002898165.1,integration/excision,"regulation,lysis/lysogeny",Plasmid RefSeq,Manual,NODE_2_length_777971_cov_53.042930_464, 480962 # 481246 # 1 , 480962,481246,1 ,2_464,2,464,00,ATG,GGAGG,3-4bp,0.537,NODE_2_length_777971_cov_53.042930,mobileOG_000025715_NODE_2_length_777971_cov_53.042930
81,"mobileOG_000026072|ihfB|A6T704|integration/excision|regulation,lysis/lysogeny|Plasmid RefSeq|Manual",NODE_2_length_777971_cov_53.042930_464 # 480962 # 481246 # 1 # ID=2_464;partial=00;start_type=ATG;rbs_motif=GGAGG;rbs_spacer=3-4bp;gc_cont=0.537,94.6,183,95,6.80e-61,95,1,93,1,93,mobileOG_000026072,ihfB,A6T704,integration/excision,"regulation,lysis/lysogeny",Plasmid RefSeq,Manual,NODE_2_length_777971_cov_53.042930_464, 480962 # 481246 # 1 , 480962,481246,1 ,2_464,2,464,00,ATG,GGAGG,3-4bp,0.537,NODE_2_length_777971_cov_53.042930,mobileOG_000026072_NODE_2_length_777971_cov_53.042930
82,mobileOG_000331284|ihfB|WP_003858233.1|integration/excision|NA|Plasmid RefSeq|Homology,NODE_2_length_777971_cov_53.042930_464 # 480962 # 481246 # 1 # ID=2_464;partial=00;start_type=ATG;rbs_motif=GGAGG;rbs_spacer=3-4bp;gc_cont=0.537,93.6,183,95,6.80e-61,95,1,94,1,94,mobileOG_000331284,ihfB,WP_003858233.1,integration/excision,NA,Plasmid RefSeq,Homology,NODE_2_length_777971_cov_53.042930_464, 480962 # 481246 # 1 , 480962,481246,1 ,2_464,2,464,00,ATG,GGAGG,3-4bp,0.537,NODE_2_length_777971_cov_53.042930,mobileOG_000331284_NODE_2_length_777971_cov_53.042930
83,mobileOG_000336293|mukF|WP_004928228.1|replication/recombination/repair|partitioning|Plasmid RefSeq|Homology,NODE_2_length_777971_cov_53.042930_477 # 494476 # 495798 # 1 # ID=2_477;partial=00;start_type=ATG;rbs_motif=AGGA;rbs_spacer=5-10bp;gc_cont=0.584,100,861,440,9.80e-318,441,1,440,1,440,mobileOG_000336293,mukF,WP_004928228.1,replication/recombination/repair,partitioning,Plasmid RefSeq,Homology,NODE_2_length_777971_cov_53.042930_477, 494476 # 495798 # 1 , 494476,495798,1 ,2_477,2,477,00,ATG,AGGA,5-10bp,0.584,NODE_2_length_777971_cov_53.042930,mobileOG_000336293_NODE_2_length_777971_cov_53.042930
84,"mobileOG_000353987|mukB|WP_060428382.1|replication/recombination/repair|transfer,partitioning|Plasmid RefSeq|Homology",NODE_2_length_777971_cov_53.042930_479 # 496504 # 500952 # 1 # ID=2_479;partial=00;start_type=ATG;rbs_motif=GGAG/GAGG;rbs_spacer=5-10bp;gc_cont=0.623,99.7,2613,1482,0.0,1483,1,1482,1,1482,mobileOG_000353987,mukB,WP_060428382.1,replication/recombination/repair,"transfer,partitioning",Plasmid RefSeq,Homology,NODE_2_length_777971_cov_53.042930_479, 496504 # 500952 # 1 , 496504,500952,1 ,2_479,2,479,00,ATG,GGAG/GAGG,5-10bp,0.623,NODE_2_length_777971_cov_53.042930,mobileOG_000353987_NODE_2_length_777971_cov_53.042930
85,"mobileOG_000353630|mukB|WP_089196851.1|replication/recombination/repair|transfer,partitioning|Plasmid RefSeq|Homology",NODE_2_length_777971_cov_53.042930_479 # 496504 # 500952 # 1 # ID=2_479;partial=00;start_type=ATG;rbs_motif=GGAG/GAGG;rbs_spacer=5-10bp;gc_cont=0.623,98.8,2603,1482,0.0,1483,1,1482,1,1482,mobileOG_000353630,mukB,WP_089196851.1,replication/recombination/repair,"transfer,partitioning",Plasmid RefSeq,Homology,NODE_2_length_777971_cov_53.042930_479, 496504 # 500952 # 1 , 496504,500952,1 ,2_479,2,479,00,ATG,GGAG/GAGG,5-10bp,0.623,NODE_2_length_777971_cov_53.042930,mobileOG_000353630_NODE_2_length_777971_cov_53.042930
86,mobileOG_000353891|ompA|WP_101456423.1|transfer|conjugation|Plasmid RefSeq|Homology,NODE_2_length_777971_cov_53.042930_507 # 536022 # 537101 # -1 # ID=2_507;partial=00;start_type=ATG;rbs_motif=GGAG/GAGG;rbs_spacer=5-10bp;gc_cont=0.542,98.6,686,356,3.78e-251,360,1,356,1,359,mobileOG_000353891,ompA,WP_101456423.1,transfer,conjugation,Plasmid RefSeq,Homology,NODE_2_length_777971_cov_53.042930_507, 536022 # 537101 # -1 , 536022,537101,-1 ,2_507,2,507,00,ATG,GGAG/GAGG,5-10bp,0.542,NODE_2_length_777971_cov_53.042930,mobileOG_000353891_NODE_2_length_777971_cov_53.042930
87,mobileOG_000353886|ompA|WP_089197682.1|transfer|conjugation|Plasmid RefSeq|Homology,NODE_2_length_777971_cov_53.042930_507 # 536022 # 537101 # -1 # ID=2_507;partial=00;start_type=ATG;rbs_motif=GGAG/GAGG;rbs_spacer=5-10bp;gc_cont=0.542,95.6,677,360,1.40e-247,360,1,360,1,359,mobileOG_000353886,ompA,WP_089197682.1,transfer,conjugation,Plasmid RefSeq,Homology,NODE_2_length_777971_cov_53.042930_507, 536022 # 537101 # -1 , 536022,537101,-1 ,2_507,2,507,00,ATG,GGAG/GAGG,5-10bp,0.542,NODE_2_length_777971_cov_53.042930,mobileOG_000353886_NODE_2_length_777971_cov_53.042930
88,mobileOG_000301576|nuc|WP_015377376.1|transfer|conjugation|Plasmid RefSeq|Homology,NODE_2_length_777971_cov_53.042930_534 # 564072 # 564872 # -1 # ID=2_534;partial=00;start_type=ATG;rbs_motif=GGAG/GAGG;rbs_spacer=5-10bp;gc_cont=0.610,100,538,266,1.06e-195,267,1,266,1,266,mobileOG_000301576,nuc,WP_015377376.1,transfer,conjugation,Plasmid RefSeq,Homology,NODE_2_length_777971_cov_53.042930_534, 564072 # 564872 # -1 , 564072,564872,-1 ,2_534,2,534,00,ATG,GGAG/GAGG,5-10bp,0.610,NODE_2_length_777971_cov_53.042930,mobileOG_000301576_NODE_2_length_777971_cov_53.042930
89,mobileOG_000308880|nuc|WP_101453305.1|transfer|conjugation|Plasmid RefSeq|Homology,NODE_2_length_777971_cov_53.042930_534 # 564072 # 564872 # -1 # ID=2_534;partial=00;start_type=ATG;rbs_motif=GGAG/GAGG;rbs_spacer=5-10bp;gc_cont=0.610,98.9,533,266,1.02e-193,267,1,266,1,266,mobileOG_000308880,nuc,WP_101453305.1,transfer,conjugation,Plasmid RefSeq,Homology,NODE_2_length_777971_cov_53.042930_534, 564072 # 564872 # -1 , 564072,564872,-1 ,2_534,2,534,00,ATG,GGAG/GAGG,5-10bp,0.610,NODE_2_length_777971_cov_53.042930,mobileOG_000308880_NODE_2_length_777971_cov_53.042930
90,mobileOG_000332738|uvrC|WP_033637959.1|replication/recombination/repair|NA|Plasmid RefSeq|Homology,NODE_2_length_777971_cov_53.042930_571 # 598677 # 600509 # 1 # ID=2_571;partial=00;start_type=GTG;rbs_motif=4Base/6BMM;rbs_spacer=13-15bp;gc_cont=0.562,99.8,1193,610,0.0,611,1,610,1,610,mobileOG_000332738,uvrC,WP_033637959.1,replication/recombination/repair,NA,Plasmid RefSeq,Homology,NODE_2_length_777971_cov_53.042930_571, 598677 # 600509 # 1 , 598677,600509,1 ,2_571,2,571,00,GTG,4Base/6BMM,13-15bp,0.562,NODE_2_length_777971_cov_53.042930,mobileOG_000332738_NODE_2_length_777971_cov_53.042930
91,mobileOG_000335625|uvrC|WP_089194526.1|replication/recombination/repair|NA|Plasmid RefSeq|Homology,NODE_2_length_777971_cov_53.042930_571 # 598677 # 600509 # 1 # ID=2_571;partial=00;start_type=GTG;rbs_motif=4Base/6BMM;rbs_spacer=13-15bp;gc_cont=0.562,99.0,1184,610,0.0,611,1,610,1,610,mobileOG_000335625,uvrC,WP_089194526.1,replication/recombination/repair,NA,Plasmid RefSeq,Homology,NODE_2_length_777971_cov_53.042930_571, 598677 # 600509 # 1 , 598677,600509,1 ,2_571,2,571,00,GTG,4Base/6BMM,13-15bp,0.562,NODE_2_length_777971_cov_53.042930,mobileOG_000335625_NODE_2_length_777971_cov_53.042930
92,"mobileOG_000368555|tmk|WP_033646442.1|phage|stability/transfer/defense,metabolism|Plasmid RefSeq|Homology",NODE_2_length_777971_cov_53.042930_635 # 659455 # 660093 # 1 # ID=2_635;partial=00;start_type=ATG;rbs_motif=AGGA;rbs_spacer=5-10bp;gc_cont=0.643,97.6,410,212,4.83e-147,213,1,212,1,212,mobileOG_000368555,tmk,WP_033646442.1,phage,"stability/transfer/defense,metabolism",Plasmid RefSeq,Homology,NODE_2_length_777971_cov_53.042930_635, 659455 # 660093 # 1 , 659455,660093,1 ,2_635,2,635,00,ATG,AGGA,5-10bp,0.643,NODE_2_length_777971_cov_53.042930,mobileOG_000368555_NODE_2_length_777971_cov_53.042930
93,"mobileOG_000328140|tmk|WP_038875525.1|phage|stability/transfer/defense,metabolism|Plasmid RefSeq|Homology",NODE_2_length_777971_cov_53.042930_635 # 659455 # 660093 # 1 # ID=2_635;partial=00;start_type=ATG;rbs_motif=AGGA;rbs_spacer=5-10bp;gc_cont=0.643,96.2,403,212,3.80e-144,213,1,212,1,212,mobileOG_000328140,tmk,WP_038875525.1,phage,"stability/transfer/defense,metabolism",Plasmid RefSeq,Homology,NODE_2_length_777971_cov_53.042930_635, 659455 # 660093 # 1 , 659455,660093,1 ,2_635,2,635,00,ATG,AGGA,5-10bp,0.643,NODE_2_length_777971_cov_53.042930,mobileOG_000328140_NODE_2_length_777971_cov_53.042930
94,mobileOG_000326024|holB|WP_033646441.1|replication/recombination/repair|NA|Plasmid RefSeq|Homology,NODE_2_length_777971_cov_53.042930_636 # 660093 # 661100 # 1 # ID=2_636;partial=00;start_type=ATG;rbs_motif=AGGA;rbs_spacer=5-10bp;gc_cont=0.647,99.1,677,335,2.09e-248,336,1,335,1,335,mobileOG_000326024,holB,WP_033646441.1,replication/recombination/repair,NA,Plasmid RefSeq,Homology,NODE_2_length_777971_cov_53.042930_636, 660093 # 661100 # 1 , 660093,661100,1 ,2_636,2,636,00,ATG,AGGA,5-10bp,0.647,NODE_2_length_777971_cov_53.042930,mobileOG_000326024_NODE_2_length_777971_cov_53.042930
95,mobileOG_000329018|holB|WP_038875527.1|replication/recombination/repair|NA|Plasmid RefSeq|Homology,NODE_2_length_777971_cov_53.042930_636 # 660093 # 661100 # 1 # ID=2_636;partial=00;start_type=ATG;rbs_motif=AGGA;rbs_spacer=5-10bp;gc_cont=0.647,97.9,671,335,8.15e-246,336,1,335,1,335,mobileOG_000329018,holB,WP_038875527.1,replication/recombination/repair,NA,Plasmid RefSeq,Homology,NODE_2_length_777971_cov_53.042930_636, 660093 # 661100 # 1 , 660093,661100,1 ,2_636,2,636,00,ATG,AGGA,5-10bp,0.647,NODE_2_length_777971_cov_53.042930,mobileOG_000329018_NODE_2_length_777971_cov_53.042930
96,mobileOG_000554753|NA:Keyword|A0A5C6R8E1|integration/excision|NA|GPD|Keyword Search,NODE_2_length_777971_cov_53.042930_687 # 708567 # 708929 # -1 # ID=2_687;partial=00;start_type=TTG;rbs_motif=GGA/GAG/AGG;rbs_spacer=5-10bp;gc_cont=0.523,98.3,235,351,2.63e-77,121,232,351,1,120,mobileOG_000554753,NA:Keyword,A0A5C6R8E1,integration/excision,NA,GPD,Keyword Search,NODE_2_length_777971_cov_53.042930_687, 708567 # 708929 # -1 , 708567,708929,-1 ,2_687,2,687,00,TTG,GGA/GAG/AGG,5-10bp,0.523,NODE_2_length_777971_cov_53.042930,mobileOG_000554753_NODE_2_length_777971_cov_53.042930
97,mobileOG_000554753|NA:Keyword|A0A5C6R8E1|integration/excision|NA|GPD|Keyword Search,NODE_2_length_777971_cov_53.042930_688 # 708910 # 709062 # -1 # ID=2_688;partial=00;start_type=ATG;rbs_motif=GGA/GAG/AGG;rbs_spacer=11-12bp;gc_cont=0.601,92.0,92.8,351,1.92e-23,51,188,236,1,50,mobileOG_000554753,NA:Keyword,A0A5C6R8E1,integration/excision,NA,GPD,Keyword Search,NODE_2_length_777971_cov_53.042930_688, 708910 # 709062 # -1 , 708910,709062,-1 ,2_688,2,688,00,ATG,GGA/GAG/AGG,11-12bp,0.601,NODE_2_length_777971_cov_53.042930,mobileOG_000554753_NODE_2_length_777971_cov_53.042930
98,"mobileOG_000159185|quuD|A0A514IB11|phage|infection,regulation|GPD|Homology",NODE_2_length_777971_cov_53.042930_691 # 709750 # 710148 # 1 # ID=2_691;partial=00;start_type=ATG;rbs_motif=AGGA;rbs_spacer=5-10bp;gc_cont=0.509,97.7,261,132,1.17e-90,133,1,132,1,132,mobileOG_000159185,quuD,A0A514IB11,phage,"infection,regulation",GPD,Homology,NODE_2_length_777971_cov_53.042930_691, 709750 # 710148 # 1 , 709750,710148,1 ,2_691,2,691,00,ATG,AGGA,5-10bp,0.509,NODE_2_length_777971_cov_53.042930,mobileOG_000159185_NODE_2_length_777971_cov_53.042930
99,"mobileOG_000193214|quuD|A0A1C3H9J4|phage|infection,regulation|GPD|Homology",NODE_2_length_777971_cov_53.042930_691 # 709750 # 710148 # 1 # ID=2_691;partial=00;start_type=ATG;rbs_motif=AGGA;rbs_spacer=5-10bp;gc_cont=0.509,90.9,251,132,1.08e-86,133,1,132,1,132,mobileOG_000193214,quuD,A0A1C3H9J4,phage,"infection,regulation",GPD,Homology,NODE_2_length_777971_cov_53.042930_691, 709750 # 710148 # 1 , 709750,710148,1 ,2_691,2,691,00,ATG,AGGA,5-10bp,0.509,NODE_2_length_777971_cov_53.042930,mobileOG_000193214_NODE_2_length_777971_cov_53.042930
100,"mobileOG_000189146|quuD|A0A1C3H9J4|phage|infection,regulation|GPD|Homology",NODE_2_length_777971_cov_53.042930_691 # 709750 # 710148 # 1 # ID=2_691;partial=00;start_type=ATG;rbs_motif=AGGA;rbs_spacer=5-10bp;gc_cont=0.509,90.9,251,132,2.18e-86,133,1,132,1,132,mobileOG_000189146,quuD,A0A1C3H9J4,phage,"infection,regulation",GPD,Homology,NODE_2_length_777971_cov_53.042930_691, 709750 # 710148 # 1 , 709750,710148,1 ,2_691,2,691,00,ATG,AGGA,5-10bp,0.509,NODE_2_length_777971_cov_53.042930,mobileOG_000189146_NODE_2_length_777971_cov_53.042930
101,mobileOG_000243121|S_5|A0A2X3I6G3|phage|lysis/lysogeny|GPD|Homology,NODE_2_length_777971_cov_53.042930_693 # 711881 # 712228 # 1 # ID=2_693;partial=00;start_type=ATG;rbs_motif=GGAGG;rbs_spacer=5-10bp;gc_cont=0.546,99.1,238,115,6.64e-82,116,1,115,1,115,mobileOG_000243121,S_5,A0A2X3I6G3,phage,lysis/lysogeny,GPD,Homology,NODE_2_length_777971_cov_53.042930_693, 711881 # 712228 # 1 , 711881,712228,1 ,2_693,2,693,00,ATG,GGAGG,5-10bp,0.546,NODE_2_length_777971_cov_53.042930,mobileOG_000243121_NODE_2_length_777971_cov_53.042930
102,mobileOG_000313843|clpP|WP_033638144.1|phage|replication/recombination/repair|Plasmid RefSeq|Homology,NODE_2_length_777971_cov_53.042930_722 # 732554 # 733147 # 1 # ID=2_722;partial=00;start_type=ATG;rbs_motif=AGGAG;rbs_spacer=5-10bp;gc_cont=0.606,98.0,389,197,5.29e-139,198,1,197,1,197,mobileOG_000313843,clpP,WP_033638144.1,phage,replication/recombination/repair,Plasmid RefSeq,Homology,NODE_2_length_777971_cov_53.042930_722, 732554 # 733147 # 1 , 732554,733147,1 ,2_722,2,722,00,ATG,AGGAG,5-10bp,0.606,NODE_2_length_777971_cov_53.042930,mobileOG_000313843_NODE_2_length_777971_cov_53.042930
103,mobileOG_000301584|srnB|WP_015379015.1|stability/transfer/defense|NA|Plasmid RefSeq|Homology,NODE_3_length_410801_cov_62.326949_18 # 15839 # 15994 # -1 # ID=3_18;partial=00;start_type=ATG;rbs_motif=AGGAG;rbs_spacer=5-10bp;gc_cont=0.519,98.0,93.2,50,2.35e-26,52,1,50,2,51,mobileOG_000301584,srnB,WP_015379015.1,stability/transfer/defense,NA,Plasmid RefSeq,Homology,NODE_3_length_410801_cov_62.326949_18, 15839 # 15994 # -1 , 15839,15994,-1 ,3_18,3,18,00,ATG,AGGAG,5-10bp,0.519,NODE_3_length_410801_cov_62.326949,mobileOG_000301584_NODE_3_length_410801_cov_62.326949
104,mobileOG_000361163|srnB|WP_080298853.1|stability/transfer/defense|NA|Plasmid RefSeq|Homology,NODE_3_length_410801_cov_62.326949_18 # 15839 # 15994 # -1 # ID=3_18;partial=00;start_type=ATG;rbs_motif=AGGAG;rbs_spacer=5-10bp;gc_cont=0.519,92.0,89.4,50,7.91e-25,52,1,50,2,51,mobileOG_000361163,srnB,WP_080298853.1,stability/transfer/defense,NA,Plasmid RefSeq,Homology,NODE_3_length_410801_cov_62.326949_18, 15839 # 15994 # -1 , 15839,15994,-1 ,3_18,3,18,00,ATG,AGGAG,5-10bp,0.519,NODE_3_length_410801_cov_62.326949,mobileOG_000361163_NODE_3_length_410801_cov_62.326949
105,mobileOG_000301584|srnB|WP_015379015.1|stability/transfer/defense|NA|Plasmid RefSeq|Homology,NODE_3_length_410801_cov_62.326949_22 # 21605 # 21760 # -1 # ID=3_22;partial=00;start_type=ATG;rbs_motif=AGGAG;rbs_spacer=5-10bp;gc_cont=0.506,98.0,93.2,50,2.35e-26,52,1,50,2,51,mobileOG_000301584,srnB,WP_015379015.1,stability/transfer/defense,NA,Plasmid RefSeq,Homology,NODE_3_length_410801_cov_62.326949_22, 21605 # 21760 # -1 , 21605,21760,-1 ,3_22,3,22,00,ATG,AGGAG,5-10bp,0.506,NODE_3_length_410801_cov_62.326949,mobileOG_000301584_NODE_3_length_410801_cov_62.326949
106,mobileOG_000361163|srnB|WP_080298853.1|stability/transfer/defense|NA|Plasmid RefSeq|Homology,NODE_3_length_410801_cov_62.326949_22 # 21605 # 21760 # -1 # ID=3_22;partial=00;start_type=ATG;rbs_motif=AGGAG;rbs_spacer=5-10bp;gc_cont=0.506,92.0,89.4,50,7.91e-25,52,1,50,2,51,mobileOG_000361163,srnB,WP_080298853.1,stability/transfer/defense,NA,Plasmid RefSeq,Homology,NODE_3_length_410801_cov_62.326949_22, 21605 # 21760 # -1 , 21605,21760,-1 ,3_22,3,22,00,ATG,AGGAG,5-10bp,0.506,NODE_3_length_410801_cov_62.326949,mobileOG_000361163_NODE_3_length_410801_cov_62.326949
107,"mobileOG_000312454|pilT|WP_101427354.1|transfer|conjugation,competence|Plasmid RefSeq|Homology",NODE_3_length_410801_cov_62.326949_70 # 78747 # 79769 # -1 # ID=3_70;partial=00;start_type=ATG;rbs_motif=GGAG/GAGG;rbs_spacer=5-10bp;gc_cont=0.666,96.2,617,340,1.30e-224,341,1,338,1,338,mobileOG_000312454,pilT,WP_101427354.1,transfer,"conjugation,competence",Plasmid RefSeq,Homology,NODE_3_length_410801_cov_62.326949_70, 78747 # 79769 # -1 , 78747,79769,-1 ,3_70,3,70,00,ATG,GGAG/GAGG,5-10bp,0.666,NODE_3_length_410801_cov_62.326949,mobileOG_000312454_NODE_3_length_410801_cov_62.326949
108,mobileOG_000328139|rdgB|WP_033635946.1|replication/recombination/repair|NA|Plasmid RefSeq|Homology,NODE_3_length_410801_cov_62.326949_75 # 82355 # 82948 # 1 # ID=3_75;partial=00;start_type=ATG;rbs_motif=GGA/GAG/AGG;rbs_spacer=5-10bp;gc_cont=0.650,99.5,383,197,1.46e-136,198,1,197,1,197,mobileOG_000328139,rdgB,WP_033635946.1,replication/recombination/repair,NA,Plasmid RefSeq,Homology,NODE_3_length_410801_cov_62.326949_75, 82355 # 82948 # 1 , 82355,82948,1 ,3_75,3,75,00,ATG,GGA/GAG/AGG,5-10bp,0.650,NODE_3_length_410801_cov_62.326949,mobileOG_000328139_NODE_3_length_410801_cov_62.326949
109,mobileOG_000331353|mutY|WP_101427358.1|replication/recombination/repair|NA|Plasmid RefSeq|Homology,NODE_3_length_410801_cov_62.326949_82 # 87574 # 88674 # 1 # ID=3_82;partial=00;start_type=ATG;rbs_motif=3Base/5BMM;rbs_spacer=13-15bp;gc_cont=0.616,99.5,754,381,9.46e-278,367,16,381,1,366,mobileOG_000331353,mutY,WP_101427358.1,replication/recombination/repair,NA,Plasmid RefSeq,Homology,NODE_3_length_410801_cov_62.326949_82, 87574 # 88674 # 1 , 87574,88674,1 ,3_82,3,82,00,ATG,3Base/5BMM,13-15bp,0.616,NODE_3_length_410801_cov_62.326949,mobileOG_000331353_NODE_3_length_410801_cov_62.326949
110,mobileOG_000353791|parC|WP_039569308.1|replication/recombination/repair|partitioning|Plasmid RefSeq|Homology,NODE_3_length_410801_cov_62.326949_129 # 145801 # 148074 # -1 # ID=3_129;partial=00;start_type=ATG;rbs_motif=AGGA;rbs_spacer=5-10bp;gc_cont=0.630,99.5,1469,757,0.0,758,1,757,1,757,mobileOG_000353791,parC,WP_039569308.1,replication/recombination/repair,partitioning,Plasmid RefSeq,Homology,NODE_3_length_410801_cov_62.326949_129, 145801 # 148074 # -1 , 145801,148074,-1 ,3_129,3,129,00,ATG,AGGA,5-10bp,0.630,NODE_3_length_410801_cov_62.326949,mobileOG_000353791_NODE_3_length_410801_cov_62.326949
111,mobileOG_000368543|parE|WP_025304305.1|replication/recombination/repair|partitioning|Plasmid RefSeq|Homology,NODE_3_length_410801_cov_62.326949_133 # 150311 # 152206 # -1 # ID=3_133;partial=00;start_type=ATG;rbs_motif=None;rbs_spacer=None;gc_cont=0.621,100,1256,631,0.0,632,1,631,1,631,mobileOG_000368543,parE,WP_025304305.1,replication/recombination/repair,partitioning,Plasmid RefSeq,Homology,NODE_3_length_410801_cov_62.326949_133, 150311 # 152206 # -1 , 150311,152206,-1 ,3_133,3,133,00,ATG,None,None,0.621,NODE_3_length_410801_cov_62.326949,mobileOG_000368543_NODE_3_length_410801_cov_62.326949
112,mobileOG_000026107|parE|P20083|replication/recombination/repair|partitioning|Multiple|Manual,NODE_3_length_410801_cov_62.326949_133 # 150311 # 152206 # -1 # ID=3_133;partial=00;start_type=ATG;rbs_motif=None;rbs_spacer=None;gc_cont=0.621,92.2,1167,630,0.0,632,1,630,1,631,mobileOG_000026107,parE,P20083,replication/recombination/repair,partitioning,Multiple,Manual,NODE_3_length_410801_cov_62.326949_133, 150311 # 152206 # -1 , 150311,152206,-1 ,3_133,3,133,00,ATG,None,None,0.621,NODE_3_length_410801_cov_62.326949,mobileOG_000026107_NODE_3_length_410801_cov_62.326949
113,mobileOG_000289024|parE|WP_008806513.1|replication/recombination/repair|partitioning|Plasmid RefSeq|Homology,NODE_3_length_410801_cov_62.326949_133 # 150311 # 152206 # -1 # ID=3_133;partial=00;start_type=ATG;rbs_motif=None;rbs_spacer=None;gc_cont=0.621,92.1,1167,631,0.0,632,1,631,1,631,mobileOG_000289024,parE,WP_008806513.1,replication/recombination/repair,partitioning,Plasmid RefSeq,Homology,NODE_3_length_410801_cov_62.326949_133, 150311 # 152206 # -1 , 150311,152206,-1 ,3_133,3,133,00,ATG,None,None,0.621,NODE_3_length_410801_cov_62.326949,mobileOG_000289024_NODE_3_length_410801_cov_62.326949
114,mobileOG_000353777|parE|A0A0C2EHG6|replication/recombination/repair|partitioning|Multiple|Homology,NODE_3_length_410801_cov_62.326949_133 # 150311 # 152206 # -1 # ID=3_133;partial=00;start_type=ATG;rbs_motif=None;rbs_spacer=None;gc_cont=0.621,92.1,1166,630,0.0,632,1,630,1,631,mobileOG_000353777,parE,A0A0C2EHG6,replication/recombination/repair,partitioning,Multiple,Homology,NODE_3_length_410801_cov_62.326949_133, 150311 # 152206 # -1 , 150311,152206,-1 ,3_133,3,133,00,ATG,None,None,0.621,NODE_3_length_410801_cov_62.326949,mobileOG_000353777_NODE_3_length_410801_cov_62.326949
115,mobileOG_000026108|parE|P0A2I6|replication/recombination/repair|partitioning|Plasmid RefSeq|Manual,NODE_3_length_410801_cov_62.326949_133 # 150311 # 152206 # -1 # ID=3_133;partial=00;start_type=ATG;rbs_motif=None;rbs_spacer=None;gc_cont=0.621,92.1,1165,630,0.0,632,1,630,1,631,mobileOG_000026108,parE,P0A2I6,replication/recombination/repair,partitioning,Plasmid RefSeq,Manual,NODE_3_length_410801_cov_62.326949_133, 150311 # 152206 # -1 , 150311,152206,-1 ,3_133,3,133,00,ATG,None,None,0.621,NODE_3_length_410801_cov_62.326949,mobileOG_000026108_NODE_3_length_410801_cov_62.326949
116,"mobileOG_000353237|cca|WP_033649056.1|phage|regulation,infection|Plasmid RefSeq|Homology",NODE_3_length_410801_cov_62.326949_154 # 176035 # 177279 # 1 # ID=3_154;partial=00;start_type=GTG;rbs_motif=AGGAG;rbs_spacer=5-10bp;gc_cont=0.647,98.6,821,414,1.39e-302,415,1,414,1,414,mobileOG_000353237,cca,WP_033649056.1,phage,"regulation,infection",Plasmid RefSeq,Homology,NODE_3_length_410801_cov_62.326949_154, 176035 # 177279 # 1 , 176035,177279,1 ,3_154,3,154,00,GTG,AGGAG,5-10bp,0.647,NODE_3_length_410801_cov_62.326949,mobileOG_000353237_NODE_3_length_410801_cov_62.326949
117,mobileOG_000015138|dnaG|A0A0P0QJ09|replication/recombination/repair|NA|GPD|Manual,NODE_3_length_410801_cov_62.326949_159 # 181104 # 182852 # 1 # ID=3_159;partial=00;start_type=ATG;rbs_motif=GGA/GAG/AGG;rbs_spacer=3-4bp;gc_cont=0.595,99.7,1142,582,0.0,583,1,582,1,582,mobileOG_000015138,dnaG,A0A0P0QJ09,replication/recombination/repair,NA,GPD,Manual,NODE_3_length_410801_cov_62.326949_159, 181104 # 182852 # 1 , 181104,182852,1 ,3_159,3,159,00,ATG,GGA/GAG/AGG,3-4bp,0.595,NODE_3_length_410801_cov_62.326949,mobileOG_000015138_NODE_3_length_410801_cov_62.326949
118,mobileOG_000368544|dnaG|WP_025304325.1|replication/recombination/repair|NA|Plasmid RefSeq|Homology,NODE_3_length_410801_cov_62.326949_159 # 181104 # 182852 # 1 # ID=3_159;partial=00;start_type=ATG;rbs_motif=GGA/GAG/AGG;rbs_spacer=3-4bp;gc_cont=0.595,99.7,1142,582,0.0,583,1,582,1,582,mobileOG_000368544,dnaG,WP_025304325.1,replication/recombination/repair,NA,Plasmid RefSeq,Homology,NODE_3_length_410801_cov_62.326949_159, 181104 # 182852 # 1 , 181104,182852,1 ,3_159,3,159,00,ATG,GGA/GAG/AGG,3-4bp,0.595,NODE_3_length_410801_cov_62.326949,mobileOG_000368544_NODE_3_length_410801_cov_62.326949
119,mobileOG_000026430|mug|P43343|replication/recombination/repair|NA|Plasmid RefSeq|Manual,NODE_3_length_410801_cov_62.326949_162 # 185377 # 185865 # -1 # ID=3_162;partial=00;start_type=ATG;rbs_motif=GGA/GAG/AGG;rbs_spacer=11-12bp;gc_cont=0.644,98.8,327,162,9.25e-116,163,1,162,1,162,mobileOG_000026430,mug,P43343,replication/recombination/repair,NA,Plasmid RefSeq,Manual,NODE_3_length_410801_cov_62.326949_162, 185377 # 185865 # -1 , 185377,185865,-1 ,3_162,3,162,00,ATG,GGA/GAG/AGG,11-12bp,0.644,NODE_3_length_410801_cov_62.326949,mobileOG_000026430_NODE_3_length_410801_cov_62.326949
120,mobileOG_000015137|mug|A0A221DV72|replication/recombination/repair|NA|GPD|Manual,NODE_3_length_410801_cov_62.326949_162 # 185377 # 185865 # -1 # ID=3_162;partial=00;start_type=ATG;rbs_motif=GGA/GAG/AGG;rbs_spacer=11-12bp;gc_cont=0.644,97.5,324,162,1.54e-114,163,1,162,1,162,mobileOG_000015137,mug,A0A221DV72,replication/recombination/repair,NA,GPD,Manual,NODE_3_length_410801_cov_62.326949_162, 185377 # 185865 # -1 , 185377,185865,-1 ,3_162,3,162,00,ATG,GGA/GAG/AGG,11-12bp,0.644,NODE_3_length_410801_cov_62.326949,mobileOG_000015137_NODE_3_length_410801_cov_62.326949
121,mobileOG_000368512|diaA|WP_004937103.1|replication/recombination/repair|NA|Plasmid RefSeq|Homology,NODE_3_length_410801_cov_62.326949_199 # 222812 # 223402 # 1 # ID=3_199;partial=00;start_type=GTG;rbs_motif=GGA/GAG/AGG;rbs_spacer=5-10bp;gc_cont=0.606,100,383,196,1.35e-136,197,1,196,1,196,mobileOG_000368512,diaA,WP_004937103.1,replication/recombination/repair,NA,Plasmid RefSeq,Homology,NODE_3_length_410801_cov_62.326949_199, 222812 # 223402 # 1 , 222812,223402,1 ,3_199,3,199,00,GTG,GGA/GAG/AGG,5-10bp,0.606,NODE_3_length_410801_cov_62.326949,mobileOG_000368512_NODE_3_length_410801_cov_62.326949
122,mobileOG_000026069|diaA|A6TEG8|replication/recombination/repair|NA|Plasmid RefSeq|Manual,NODE_3_length_410801_cov_62.326949_199 # 222812 # 223402 # 1 # ID=3_199;partial=00;start_type=GTG;rbs_motif=GGA/GAG/AGG;rbs_spacer=5-10bp;gc_cont=0.606,96.4,374,196,6.16e-133,197,1,196,1,196,mobileOG_000026069,diaA,A6TEG8,replication/recombination/repair,NA,Plasmid RefSeq,Manual,NODE_3_length_410801_cov_62.326949_199, 222812 # 223402 # 1 , 222812,223402,1 ,3_199,3,199,00,GTG,GGA/GAG/AGG,5-10bp,0.606,NODE_3_length_410801_cov_62.326949,mobileOG_000026069_NODE_3_length_410801_cov_62.326949
123,mobileOG_000297506|diaA|A0A422XC86|replication/recombination/repair|NA|Plasmid RefSeq|Homology,NODE_3_length_410801_cov_62.326949_199 # 222812 # 223402 # 1 # ID=3_199;partial=00;start_type=GTG;rbs_motif=GGA/GAG/AGG;rbs_spacer=5-10bp;gc_cont=0.606,96.4,373,196,1.24e-132,197,1,196,1,196,mobileOG_000297506,diaA,A0A422XC86,replication/recombination/repair,NA,Plasmid RefSeq,Homology,NODE_3_length_410801_cov_62.326949_199, 222812 # 223402 # 1 , 222812,223402,1 ,3_199,3,199,00,GTG,GGA/GAG/AGG,5-10bp,0.606,NODE_3_length_410801_cov_62.326949,mobileOG_000297506_NODE_3_length_410801_cov_62.326949
124,mobileOG_000025623|diaA|WP_000893481.1|replication/recombination/repair|NA|Plasmid RefSeq|Manual,NODE_3_length_410801_cov_62.326949_199 # 222812 # 223402 # 1 # ID=3_199;partial=00;start_type=GTG;rbs_motif=GGA/GAG/AGG;rbs_spacer=5-10bp;gc_cont=0.606,95.9,369,196,2.93e-131,197,1,196,1,196,mobileOG_000025623,diaA,WP_000893481.1,replication/recombination/repair,NA,Plasmid RefSeq,Manual,NODE_3_length_410801_cov_62.326949_199, 222812 # 223402 # 1 , 222812,223402,1 ,3_199,3,199,00,GTG,GGA/GAG/AGG,5-10bp,0.606,NODE_3_length_410801_cov_62.326949,mobileOG_000025623_NODE_3_length_410801_cov_62.326949
125,mobileOG_000025677|diaA|WP_002210146.1|replication/recombination/repair|NA|Plasmid RefSeq|Manual,NODE_3_length_410801_cov_62.326949_199 # 222812 # 223402 # 1 # ID=3_199;partial=00;start_type=GTG;rbs_motif=GGA/GAG/AGG;rbs_spacer=5-10bp;gc_cont=0.606,93.4,358,196,5.44e-127,197,1,196,1,196,mobileOG_000025677,diaA,WP_002210146.1,replication/recombination/repair,NA,Plasmid RefSeq,Manual,NODE_3_length_410801_cov_62.326949_199, 222812 # 223402 # 1 , 222812,223402,1 ,3_199,3,199,00,GTG,GGA/GAG/AGG,5-10bp,0.606,NODE_3_length_410801_cov_62.326949,mobileOG_000025677_NODE_3_length_410801_cov_62.326949
126,"mobileOG_000368511|sspA|WP_004937082.1|phage|infection,regulation|Plasmid RefSeq|Homology",NODE_3_length_410801_cov_62.326949_209 # 236816 # 237457 # -1 # ID=3_209;partial=00;start_type=ATG;rbs_motif=GGAGG;rbs_spacer=5-10bp;gc_cont=0.586,100,419,213,2.30e-150,214,1,213,1,213,mobileOG_000368511,sspA,WP_004937082.1,phage,"infection,regulation",Plasmid RefSeq,Homology,NODE_3_length_410801_cov_62.326949_209, 236816 # 237457 # -1 , 236816,237457,-1 ,3_209,3,209,00,ATG,GGAGG,5-10bp,0.586,NODE_3_length_410801_cov_62.326949,mobileOG_000368511_NODE_3_length_410801_cov_62.326949
127,"mobileOG_000354050|sspA|WP_025304366.1|phage|infection,regulation|Plasmid RefSeq|Homology",NODE_3_length_410801_cov_62.326949_209 # 236816 # 237457 # -1 # ID=3_209;partial=00;start_type=ATG;rbs_motif=GGAGG;rbs_spacer=5-10bp;gc_cont=0.586,99.5,417,213,9.38e-150,214,1,213,1,213,mobileOG_000354050,sspA,WP_025304366.1,phage,"infection,regulation",Plasmid RefSeq,Homology,NODE_3_length_410801_cov_62.326949_209, 236816 # 237457 # -1 , 236816,237457,-1 ,3_209,3,209,00,ATG,GGAGG,5-10bp,0.586,NODE_3_length_410801_cov_62.326949,mobileOG_000354050_NODE_3_length_410801_cov_62.326949
128,mobileOG_000003237|fis|WP_000462905.1|integration/excision|replication/recombination/repair|Multiple|Manual,NODE_3_length_410801_cov_62.326949_288 # 313835 # 314131 # 1 # ID=3_288;partial=00;start_type=ATG;rbs_motif=GGA/GAG/AGG;rbs_spacer=11-12bp;gc_cont=0.492,100,189,98,4.53e-63,99,1,98,1,98,mobileOG_000003237,fis,WP_000462905.1,integration/excision,replication/recombination/repair,Multiple,Manual,NODE_3_length_410801_cov_62.326949_288, 313835 # 314131 # 1 , 313835,314131,1 ,3_288,3,288,00,ATG,GGA/GAG/AGG,11-12bp,0.492,NODE_3_length_410801_cov_62.326949,mobileOG_000003237_NODE_3_length_410801_cov_62.326949
129,mobileOG_000353627|fis|WP_004240545.1|integration/excision|replication/recombination/repair|Plasmid RefSeq|Homology,NODE_3_length_410801_cov_62.326949_288 # 313835 # 314131 # 1 # ID=3_288;partial=00;start_type=ATG;rbs_motif=GGA/GAG/AGG;rbs_spacer=11-12bp;gc_cont=0.492,98.0,186,98,5.30e-62,99,1,98,1,98,mobileOG_000353627,fis,WP_004240545.1,integration/excision,replication/recombination/repair,Plasmid RefSeq,Homology,NODE_3_length_410801_cov_62.326949_288, 313835 # 314131 # 1 , 313835,314131,1 ,3_288,3,288,00,ATG,GGA/GAG/AGG,11-12bp,0.492,NODE_3_length_410801_cov_62.326949,mobileOG_000353627_NODE_3_length_410801_cov_62.326949
130,mobileOG_000026099|fis|Q8ZAX8|integration/excision|replication/recombination/repair|Plasmid RefSeq|Manual,NODE_3_length_410801_cov_62.326949_288 # 313835 # 314131 # 1 # ID=3_288;partial=00;start_type=ATG;rbs_motif=GGA/GAG/AGG;rbs_spacer=11-12bp;gc_cont=0.492,98.0,186,98,7.54e-62,99,1,98,1,98,mobileOG_000026099,fis,Q8ZAX8,integration/excision,replication/recombination/repair,Plasmid RefSeq,Manual,NODE_3_length_410801_cov_62.326949_288, 313835 # 314131 # 1 , 313835,314131,1 ,3_288,3,288,00,ATG,GGA/GAG/AGG,11-12bp,0.492,NODE_3_length_410801_cov_62.326949,mobileOG_000026099_NODE_3_length_410801_cov_62.326949
131,mobileOG_000012594|fis|WP_000462905.1|integration/excision|replication/recombination/repair|GPD|Manual,NODE_3_length_410801_cov_62.326949_288 # 313835 # 314131 # 1 # ID=3_288;partial=00;start_type=ATG;rbs_motif=GGA/GAG/AGG;rbs_spacer=11-12bp;gc_cont=0.492,100,179,93,3.60e-59,99,1,93,6,98,mobileOG_000012594,fis,WP_000462905.1,integration/excision,replication/recombination/repair,GPD,Manual,NODE_3_length_410801_cov_62.326949_288, 313835 # 314131 # 1 , 313835,314131,1 ,3_288,3,288,00,ATG,GGA/GAG/AGG,11-12bp,0.492,NODE_3_length_410801_cov_62.326949,mobileOG_000012594_NODE_3_length_410801_cov_62.326949
132,mobileOG_000364805|ssb|WP_033654707.1|replication/recombination/repair|NA|Plasmid RefSeq|Homology,NODE_3_length_410801_cov_62.326949_309 # 334933 # 335466 # -1 # ID=3_309;partial=00;start_type=ATG;rbs_motif=GGAG/GAGG;rbs_spacer=5-10bp;gc_cont=0.627,100,322,177,5.57e-113,178,1,177,1,177,mobileOG_000364805,ssb,WP_033654707.1,replication/recombination/repair,NA,Plasmid RefSeq,Homology,NODE_3_length_410801_cov_62.326949_309, 334933 # 335466 # -1 , 334933,335466,-1 ,3_309,3,309,00,ATG,GGAG/GAGG,5-10bp,0.627,NODE_3_length_410801_cov_62.326949,mobileOG_000364805_NODE_3_length_410801_cov_62.326949
133,mobileOG_000026496|ssb|P25762|replication/recombination/repair|NA|Plasmid RefSeq|Manual,NODE_3_length_410801_cov_62.326949_309 # 334933 # 335466 # -1 # ID=3_309;partial=00;start_type=ATG;rbs_motif=GGAG/GAGG;rbs_spacer=5-10bp;gc_cont=0.627,94.4,314,176,4.24e-110,178,1,176,1,177,mobileOG_000026496,ssb,P25762,replication/recombination/repair,NA,Plasmid RefSeq,Manual,NODE_3_length_410801_cov_62.326949_309, 334933 # 335466 # -1 , 334933,335466,-1 ,3_309,3,309,00,ATG,GGAG/GAGG,5-10bp,0.627,NODE_3_length_410801_cov_62.326949,mobileOG_000026496_NODE_3_length_410801_cov_62.326949
134,mobileOG_000355081|uvrA|WP_033644422.1|replication/recombination/repair|NA|Plasmid RefSeq|Homology,NODE_3_length_410801_cov_62.326949_310 # 335744 # 338572 # 1 # ID=3_310;partial=00;start_type=ATG;rbs_motif=GGA/GAG/AGG;rbs_spacer=5-10bp;gc_cont=0.632,99.7,1863,942,0.0,943,1,942,1,942,mobileOG_000355081,uvrA,WP_033644422.1,replication/recombination/repair,NA,Plasmid RefSeq,Homology,NODE_3_length_410801_cov_62.326949_310, 335744 # 338572 # 1 , 335744,338572,1 ,3_310,3,310,00,ATG,GGA/GAG/AGG,5-10bp,0.632,NODE_3_length_410801_cov_62.326949,mobileOG_000355081_NODE_3_length_410801_cov_62.326949
135,mobileOG_000355080|uvrA|WP_033636192.1|replication/recombination/repair|NA|Plasmid RefSeq|Homology,NODE_3_length_410801_cov_62.326949_310 # 335744 # 338572 # 1 # ID=3_310;partial=00;start_type=ATG;rbs_motif=GGA/GAG/AGG;rbs_spacer=5-10bp;gc_cont=0.632,99.5,1856,942,0.0,943,1,940,1,940,mobileOG_000355080,uvrA,WP_033636192.1,replication/recombination/repair,NA,Plasmid RefSeq,Homology,NODE_3_length_410801_cov_62.326949_310, 335744 # 338572 # 1 , 335744,338572,1 ,3_310,3,310,00,ATG,GGA/GAG/AGG,5-10bp,0.632,NODE_3_length_410801_cov_62.326949,mobileOG_000355080_NODE_3_length_410801_cov_62.326949
136,mobileOG_000355073|uvrA|WP_004146620.1|replication/recombination/repair|NA|Plasmid RefSeq|Homology,NODE_3_length_410801_cov_62.326949_310 # 335744 # 338572 # 1 # ID=3_310;partial=00;start_type=ATG;rbs_motif=GGA/GAG/AGG;rbs_spacer=5-10bp;gc_cont=0.632,93.0,1761,941,0.0,943,1,940,1,940,mobileOG_000355073,uvrA,WP_004146620.1,replication/recombination/repair,NA,Plasmid RefSeq,Homology,NODE_3_length_410801_cov_62.326949_310, 335744 # 338572 # 1 , 335744,338572,1 ,3_310,3,310,00,ATG,GGA/GAG/AGG,5-10bp,0.632,NODE_3_length_410801_cov_62.326949,mobileOG_000355073_NODE_3_length_410801_cov_62.326949
137,mobileOG_000289038|uvrA|WP_008807293.1|replication/recombination/repair|NA|Plasmid RefSeq|Homology,NODE_3_length_410801_cov_62.326949_310 # 335744 # 338572 # 1 # ID=3_310;partial=00;start_type=ATG;rbs_motif=GGA/GAG/AGG;rbs_spacer=5-10bp;gc_cont=0.632,92.8,1758,941,0.0,943,1,940,1,940,mobileOG_000289038,uvrA,WP_008807293.1,replication/recombination/repair,NA,Plasmid RefSeq,Homology,NODE_3_length_410801_cov_62.326949_310, 335744 # 338572 # 1 , 335744,338572,1 ,3_310,3,310,00,ATG,GGA/GAG/AGG,5-10bp,0.632,NODE_3_length_410801_cov_62.326949,mobileOG_000289038_NODE_3_length_410801_cov_62.326949
138,mobileOG_000026154|uvrA|P0A699|replication/recombination/repair|NA|Plasmid RefSeq|Manual,NODE_3_length_410801_cov_62.326949_310 # 335744 # 338572 # 1 # ID=3_310;partial=00;start_type=ATG;rbs_motif=GGA/GAG/AGG;rbs_spacer=5-10bp;gc_cont=0.632,91.8,1747,940,0.0,943,1,940,1,940,mobileOG_000026154,uvrA,P0A699,replication/recombination/repair,NA,Plasmid RefSeq,Manual,NODE_3_length_410801_cov_62.326949_310, 335744 # 338572 # 1 , 335744,338572,1 ,3_310,3,310,00,ATG,GGA/GAG/AGG,5-10bp,0.632,NODE_3_length_410801_cov_62.326949,mobileOG_000026154_NODE_3_length_410801_cov_62.326949
139,mobileOG_000288441|uvrA|WP_015570187.1|replication/recombination/repair|NA|Plasmid RefSeq|Homology,NODE_3_length_410801_cov_62.326949_310 # 335744 # 338572 # 1 # ID=3_310;partial=00;start_type=ATG;rbs_motif=GGA/GAG/AGG;rbs_spacer=5-10bp;gc_cont=0.632,91.9,1746,940,0.0,943,1,940,1,940,mobileOG_000288441,uvrA,WP_015570187.1,replication/recombination/repair,NA,Plasmid RefSeq,Homology,NODE_3_length_410801_cov_62.326949_310, 335744 # 338572 # 1 , 335744,338572,1 ,3_310,3,310,00,ATG,GGA/GAG/AGG,5-10bp,0.632,NODE_3_length_410801_cov_62.326949,mobileOG_000288441_NODE_3_length_410801_cov_62.326949
140,"mobileOG_000376888|rep|WP_016930264.1|replication/recombination/repair|initiation,copy number control,plasmid|Plasmid RefSeq|Homology",NODE_3_length_410801_cov_62.326949_314 # 340957 # 341373 # -1 # ID=3_314;partial=00;start_type=ATG;rbs_motif=AGGA/GGAG/GAGG;rbs_spacer=11-12bp;gc_cont=0.600,100,289,138,2.70e-101,139,1,138,1,138,mobileOG_000376888,rep,WP_016930264.1,replication/recombination/repair,"initiation,copy number control,plasmid",Plasmid RefSeq,Homology,NODE_3_length_410801_cov_62.326949_314, 340957 # 341373 # -1 , 340957,341373,-1 ,3_314,3,314,00,ATG,AGGA/GGAG/GAGG,11-12bp,0.600,NODE_3_length_410801_cov_62.326949,mobileOG_000376888_NODE_3_length_410801_cov_62.326949
141,"mobileOG_000376616|rep|WP_004936779.1|replication/recombination/repair|initiation,copy number control,plasmid|Plasmid RefSeq|Homology",NODE_3_length_410801_cov_62.326949_314 # 340957 # 341373 # -1 # ID=3_314;partial=00;start_type=ATG;rbs_motif=AGGA/GGAG/GAGG;rbs_spacer=11-12bp;gc_cont=0.600,99.3,287,138,1.56e-100,139,1,138,1,138,mobileOG_000376616,rep,WP_004936779.1,replication/recombination/repair,"initiation,copy number control,plasmid",Plasmid RefSeq,Homology,NODE_3_length_410801_cov_62.326949_314, 340957 # 341373 # -1 , 340957,341373,-1 ,3_314,3,314,00,ATG,AGGA/GGAG/GAGG,11-12bp,0.600,NODE_3_length_410801_cov_62.326949,mobileOG_000376616_NODE_3_length_410801_cov_62.326949
142,mobileOG_000368539|dnaB|WP_025160134.1|replication/recombination/repair|NA|Plasmid RefSeq|Homology,NODE_3_length_410801_cov_62.326949_319 # 345367 # 346722 # -1 # ID=3_319;partial=00;start_type=ATG;rbs_motif=GGA/GAG/AGG;rbs_spacer=5-10bp;gc_cont=0.616,100,871,474,0.0,452,24,474,1,451,mobileOG_000368539,dnaB,WP_025160134.1,replication/recombination/repair,NA,Plasmid RefSeq,Homology,NODE_3_length_410801_cov_62.326949_319, 345367 # 346722 # -1 , 345367,346722,-1 ,3_319,3,319,00,ATG,GGA/GAG/AGG,5-10bp,0.616,NODE_3_length_410801_cov_62.326949,mobileOG_000368539_NODE_3_length_410801_cov_62.326949
143,"mobileOG_000368540|lexA|WP_025160136.1|phage|infection,regulation|Plasmid RefSeq|Homology",NODE_3_length_410801_cov_62.326949_329 # 354363 # 354971 # -1 # ID=3_329;partial=00;start_type=ATG;rbs_motif=AGxAGG/AGGxGG;rbs_spacer=3-4bp;gc_cont=0.598,99.5,394,202,8.08e-141,203,1,202,1,202,mobileOG_000368540,lexA,WP_025160136.1,phage,"infection,regulation",Plasmid RefSeq,Homology,NODE_3_length_410801_cov_62.326949_329, 354363 # 354971 # -1 , 354363,354971,-1 ,3_329,3,329,00,ATG,AGxAGG/AGGxGG,3-4bp,0.598,NODE_3_length_410801_cov_62.326949,mobileOG_000368540_NODE_3_length_410801_cov_62.326949
144,"mobileOG_000336507|lexA|WP_000646078.1|phage|infection,regulation|Multiple|Homology",NODE_3_length_410801_cov_62.326949_329 # 354363 # 354971 # -1 # ID=3_329;partial=00;start_type=ATG;rbs_motif=AGxAGG/AGGxGG;rbs_spacer=3-4bp;gc_cont=0.598,91.6,369,202,9.33e-131,203,1,202,1,202,mobileOG_000336507,lexA,WP_000646078.1,phage,"infection,regulation",Multiple,Homology,NODE_3_length_410801_cov_62.326949_329, 354363 # 354971 # -1 , 354363,354971,-1 ,3_329,3,329,00,ATG,AGxAGG/AGGxGG,3-4bp,0.598,NODE_3_length_410801_cov_62.326949,mobileOG_000336507_NODE_3_length_410801_cov_62.326949
145,"mobileOG_000289013|lexA|WP_004206291.1|phage|infection,regulation|Plasmid RefSeq|Homology",NODE_3_length_410801_cov_62.326949_329 # 354363 # 354971 # -1 # ID=3_329;partial=00;start_type=ATG;rbs_motif=AGxAGG/AGGxGG;rbs_spacer=3-4bp;gc_cont=0.598,91.6,367,202,3.80e-130,203,1,202,1,202,mobileOG_000289013,lexA,WP_004206291.1,phage,"infection,regulation",Plasmid RefSeq,Homology,NODE_3_length_410801_cov_62.326949_329, 354363 # 354971 # -1 , 354363,354971,-1 ,3_329,3,329,00,ATG,AGxAGG/AGGxGG,3-4bp,0.598,NODE_3_length_410801_cov_62.326949,mobileOG_000289013_NODE_3_length_410801_cov_62.326949
146,"mobileOG_000334793|lexA|WP_002884822.1|phage|infection,regulation|Plasmid RefSeq|Homology",NODE_3_length_410801_cov_62.326949_329 # 354363 # 354971 # -1 # ID=3_329;partial=00;start_type=ATG;rbs_motif=AGxAGG/AGGxGG;rbs_spacer=3-4bp;gc_cont=0.598,91.1,367,202,5.39e-130,203,1,202,1,202,mobileOG_000334793,lexA,WP_002884822.1,phage,"infection,regulation",Plasmid RefSeq,Homology,NODE_3_length_410801_cov_62.326949_329, 354363 # 354971 # -1 , 354363,354971,-1 ,3_329,3,329,00,ATG,AGxAGG/AGGxGG,3-4bp,0.598,NODE_3_length_410801_cov_62.326949,mobileOG_000334793_NODE_3_length_410801_cov_62.326949
147,"mobileOG_000014656|lexA|A0A0D7LJ22|phage|infection,regulation|GPD|Manual",NODE_3_length_410801_cov_62.326949_329 # 354363 # 354971 # -1 # ID=3_329;partial=00;start_type=ATG;rbs_motif=AGxAGG/AGGxGG;rbs_spacer=3-4bp;gc_cont=0.598,90.1,365,202,2.20e-129,203,1,202,1,202,mobileOG_000014656,lexA,A0A0D7LJ22,phage,"infection,regulation",GPD,Manual,NODE_3_length_410801_cov_62.326949_329, 354363 # 354971 # -1 , 354363,354971,-1 ,3_329,3,329,00,ATG,AGxAGG/AGGxGG,3-4bp,0.598,NODE_3_length_410801_cov_62.326949,mobileOG_000014656_NODE_3_length_410801_cov_62.326949
148,mobileOG_000351518|lamB|WP_129993804.1|transfer|phage receptor|Plasmid RefSeq|Homology,NODE_3_length_410801_cov_62.326949_338 # 364394 # 365683 # -1 # ID=3_338;partial=00;start_type=ATG;rbs_motif=AGGAG;rbs_spacer=5-10bp;gc_cont=0.600,99.8,897,430,0.0,430,2,430,1,429,mobileOG_000351518,lamB,WP_129993804.1,transfer,phage receptor,Plasmid RefSeq,Homology,NODE_3_length_410801_cov_62.326949_338, 364394 # 365683 # -1 , 364394,365683,-1 ,3_338,3,338,00,ATG,AGGAG,5-10bp,0.600,NODE_3_length_410801_cov_62.326949,mobileOG_000351518_NODE_3_length_410801_cov_62.326949
149,mobileOG_000318999|lamB|WP_133160409.1|transfer|phage receptor|Plasmid RefSeq|Homology,NODE_3_length_410801_cov_62.326949_338 # 364394 # 365683 # -1 # ID=3_338;partial=00;start_type=ATG;rbs_motif=AGGAG;rbs_spacer=5-10bp;gc_cont=0.600,99.3,894,430,0.0,430,2,430,1,429,mobileOG_000318999,lamB,WP_133160409.1,transfer,phage receptor,Plasmid RefSeq,Homology,NODE_3_length_410801_cov_62.326949_338, 364394 # 365683 # -1 , 364394,365683,-1 ,3_338,3,338,00,ATG,AGGAG,5-10bp,0.600,NODE_3_length_410801_cov_62.326949,mobileOG_000318999_NODE_3_length_410801_cov_62.326949
150,mobileOG_000299371|higA|WP_019453270.1|stability/transfer/defense|NA|Plasmid RefSeq|Homology,NODE_4_length_313485_cov_64.477375_66 # 66174 # 66473 # -1 # ID=4_66;partial=00;start_type=ATG;rbs_motif=AGGAG;rbs_spacer=5-10bp;gc_cont=0.607,99.0,186,99,5.70e-62,100,1,99,1,99,mobileOG_000299371,higA,WP_019453270.1,stability/transfer/defense,NA,Plasmid RefSeq,Homology,NODE_4_length_313485_cov_64.477375_66, 66174 # 66473 # -1 , 66174,66473,-1 ,4_66,4,66,00,ATG,AGGAG,5-10bp,0.607,NODE_4_length_313485_cov_64.477375,mobileOG_000299371_NODE_4_length_313485_cov_64.477375
151,"mobileOG_000368531|nusA|WP_019453340.1|phage|regulation,infection|Plasmid RefSeq|Homology",NODE_4_length_313485_cov_64.477375_160 # 176357 # 177865 # -1 # ID=4_160;partial=00;start_type=ATG;rbs_motif=GGAG/GAGG;rbs_spacer=5-10bp;gc_cont=0.574,99.8,952,502,0.0,503,1,502,1,502,mobileOG_000368531,nusA,WP_019453340.1,phage,"regulation,infection",Plasmid RefSeq,Homology,NODE_4_length_313485_cov_64.477375_160, 176357 # 177865 # -1 , 176357,177865,-1 ,4_160,4,160,00,ATG,GGAG/GAGG,5-10bp,0.574,NODE_4_length_313485_cov_64.477375,mobileOG_000368531_NODE_4_length_313485_cov_64.477375
152,"mobileOG_000368505|ftsH|WP_004933529.1|phage|infection,regulation|Plasmid RefSeq|Homology",NODE_4_length_313485_cov_64.477375_165 # 181674 # 183605 # -1 # ID=4_165;partial=00;start_type=ATG;rbs_motif=GGA/GAG/AGG;rbs_spacer=3-4bp;gc_cont=0.596,100,1248,643,0.0,644,1,643,1,643,mobileOG_000368505,ftsH,WP_004933529.1,phage,"infection,regulation",Plasmid RefSeq,Homology,NODE_4_length_313485_cov_64.477375_165, 181674 # 183605 # -1 , 181674,183605,-1 ,4_165,4,165,00,ATG,GGA/GAG/AGG,3-4bp,0.596,NODE_4_length_313485_cov_64.477375,mobileOG_000368505_NODE_4_length_313485_cov_64.477375
153,"mobileOG_000289028|ftsH|WP_008806637.1|phage|infection,regulation|Plasmid RefSeq|Homology",NODE_4_length_313485_cov_64.477375_165 # 181674 # 183605 # -1 # ID=4_165;partial=00;start_type=ATG;rbs_motif=GGA/GAG/AGG;rbs_spacer=3-4bp;gc_cont=0.596,94.7,1189,644,0.0,644,1,641,1,641,mobileOG_000289028,ftsH,WP_008806637.1,phage,"infection,regulation",Plasmid RefSeq,Homology,NODE_4_length_313485_cov_64.477375_165, 181674 # 183605 # -1 , 181674,183605,-1 ,4_165,4,165,00,ATG,GGA/GAG/AGG,3-4bp,0.596,NODE_4_length_313485_cov_64.477375,mobileOG_000289028_NODE_4_length_313485_cov_64.477375
154,"mobileOG_000288420|ftsH|A0A422XC88|phage|infection,regulation|Plasmid RefSeq|Homology",NODE_4_length_313485_cov_64.477375_165 # 181674 # 183605 # -1 # ID=4_165;partial=00;start_type=ATG;rbs_motif=GGA/GAG/AGG;rbs_spacer=3-4bp;gc_cont=0.596,94.5,1186,644,0.0,644,1,641,1,641,mobileOG_000288420,ftsH,A0A422XC88,phage,"infection,regulation",Plasmid RefSeq,Homology,NODE_4_length_313485_cov_64.477375_165, 181674 # 183605 # -1 , 181674,183605,-1 ,4_165,4,165,00,ATG,GGA/GAG/AGG,3-4bp,0.596,NODE_4_length_313485_cov_64.477375,mobileOG_000288420_NODE_4_length_313485_cov_64.477375
155,"mobileOG_000354058|ftsH|WP_001107481.1|phage|infection,regulation|Plasmid RefSeq|Homology",NODE_4_length_313485_cov_64.477375_165 # 181674 # 183605 # -1 # ID=4_165;partial=00;start_type=ATG;rbs_motif=GGA/GAG/AGG;rbs_spacer=3-4bp;gc_cont=0.596,94.4,1185,644,0.0,644,1,641,1,641,mobileOG_000354058,ftsH,WP_001107481.1,phage,"infection,regulation",Plasmid RefSeq,Homology,NODE_4_length_313485_cov_64.477375_165, 181674 # 183605 # -1 , 181674,183605,-1 ,4_165,4,165,00,ATG,GGA/GAG/AGG,3-4bp,0.596,NODE_4_length_313485_cov_64.477375,mobileOG_000354058_NODE_4_length_313485_cov_64.477375
156,"mobileOG_000003236|hflB|A0A383JRI2|phage|infection,regulation|COMPASS|Manual",NODE_4_length_313485_cov_64.477375_165 # 181674 # 183605 # -1 # ID=4_165;partial=00;start_type=ATG;rbs_motif=GGA/GAG/AGG;rbs_spacer=3-4bp;gc_cont=0.596,94.2,1181,647,0.0,644,4,644,1,641,mobileOG_000003236,hflB,A0A383JRI2,phage,"infection,regulation",COMPASS,Manual,NODE_4_length_313485_cov_64.477375_165, 181674 # 183605 # -1 , 181674,183605,-1 ,4_165,4,165,00,ATG,GGA/GAG/AGG,3-4bp,0.596,NODE_4_length_313485_cov_64.477375,mobileOG_000003236_NODE_4_length_313485_cov_64.477375
157,"mobileOG_000354057|ftsH|WP_001107467.1|phage|infection,regulation|Plasmid RefSeq|Homology",NODE_4_length_313485_cov_64.477375_165 # 181674 # 183605 # -1 # ID=4_165;partial=00;start_type=ATG;rbs_motif=GGA/GAG/AGG;rbs_spacer=3-4bp;gc_cont=0.596,94.2,1181,644,0.0,644,1,641,1,641,mobileOG_000354057,ftsH,WP_001107467.1,phage,"infection,regulation",Plasmid RefSeq,Homology,NODE_4_length_313485_cov_64.477375_165, 181674 # 183605 # -1 , 181674,183605,-1 ,4_165,4,165,00,ATG,GGA/GAG/AGG,3-4bp,0.596,NODE_4_length_313485_cov_64.477375,mobileOG_000354057_NODE_4_length_313485_cov_64.477375
158,"mobileOG_000374409|ner|WP_033636812.1|phage|infection,regulation|Plasmid RefSeq|Homology",NODE_4_length_313485_cov_64.477375_178 # 193456 # 193716 # 1 # ID=4_178;partial=00;start_type=ATG;rbs_motif=AGGA;rbs_spacer=5-10bp;gc_cont=0.594,97.7,182,86,1.06e-60,87,1,86,1,86,mobileOG_000374409,ner,WP_033636812.1,phage,"infection,regulation",Plasmid RefSeq,Homology,NODE_4_length_313485_cov_64.477375_178, 193456 # 193716 # 1 , 193456,193716,1 ,4_178,4,178,00,ATG,AGGA,5-10bp,0.594,NODE_4_length_313485_cov_64.477375,mobileOG_000374409_NODE_4_length_313485_cov_64.477375
159,mobileOG_000365461|rnr|WP_039567854.1|replication/recombination/repair|NA|Plasmid RefSeq|Homology,NODE_4_length_313485_cov_64.477375_210 # 223839 # 226313 # -1 # ID=4_210;partial=00;start_type=ATG;rbs_motif=GGAGG;rbs_spacer=5-10bp;gc_cont=0.627,99.8,1592,824,0.0,825,1,824,1,824,mobileOG_000365461,rnr,WP_039567854.1,replication/recombination/repair,NA,Plasmid RefSeq,Homology,NODE_4_length_313485_cov_64.477375_210, 223839 # 226313 # -1 , 223839,226313,-1 ,4_210,4,210,00,ATG,GGAGG,5-10bp,0.627,NODE_4_length_313485_cov_64.477375,mobileOG_000365461_NODE_4_length_313485_cov_64.477375
160,"mobileOG_000368506|hflC|WP_004933669.1|phage|lysis/lysogeny,regulation|Plasmid RefSeq|Homology",NODE_4_length_313485_cov_64.477375_214 # 228693 # 229697 # -1 # ID=4_214;partial=00;start_type=ATG;rbs_motif=GGAG/GAGG;rbs_spacer=5-10bp;gc_cont=0.616,100,561,334,1.43e-202,335,1,334,1,334,mobileOG_000368506,hflC,WP_004933669.1,phage,"lysis/lysogeny,regulation",Plasmid RefSeq,Homology,NODE_4_length_313485_cov_64.477375_214, 228693 # 229697 # -1 , 228693,229697,-1 ,4_214,4,214,00,ATG,GGAG/GAGG,5-10bp,0.616,NODE_4_length_313485_cov_64.477375,mobileOG_000368506_NODE_4_length_313485_cov_64.477375
161,"mobileOG_000335694|hflK|WP_033636782.1|phage|lysis/lysogeny,regulation|Plasmid RefSeq|Homology",NODE_4_length_313485_cov_64.477375_215 # 229701 # 230951 # -1 # ID=4_215;partial=00;start_type=ATG;rbs_motif=GGAG/GAGG;rbs_spacer=5-10bp;gc_cont=0.615,99.3,754,416,5.35e-276,417,1,416,1,416,mobileOG_000335694,hflK,WP_033636782.1,phage,"lysis/lysogeny,regulation",Plasmid RefSeq,Homology,NODE_4_length_313485_cov_64.477375_215, 229701 # 230951 # -1 , 229701,230951,-1 ,4_215,4,215,00,ATG,GGAG/GAGG,5-10bp,0.615,NODE_4_length_313485_cov_64.477375,mobileOG_000335694_NODE_4_length_313485_cov_64.477375
162,mobileOG_000325588|mutL|WP_101456617.1|replication/recombination/repair|NA|Plasmid RefSeq|Homology,NODE_4_length_313485_cov_64.477375_219 # 233756 # 235639 # -1 # ID=4_219;partial=00;start_type=ATG;rbs_motif=AGGAG;rbs_spacer=5-10bp;gc_cont=0.636,96.7,1181,627,0.0,628,1,627,1,627,mobileOG_000325588,mutL,WP_101456617.1,replication/recombination/repair,NA,Plasmid RefSeq,Homology,NODE_4_length_313485_cov_64.477375_219, 233756 # 235639 # -1 , 233756,235639,-1 ,4_219,4,219,00,ATG,AGGAG,5-10bp,0.636,NODE_4_length_313485_cov_64.477375,mobileOG_000325588_NODE_4_length_313485_cov_64.477375
163,"mobileOG_000355278|groL|WP_004929662.1|phage|replication,chaperone|Plasmid RefSeq|Homology",NODE_4_length_313485_cov_64.477375_239 # 256246 # 257892 # -1 # ID=4_239;partial=00;start_type=ATG;rbs_motif=GGA/GAG/AGG;rbs_spacer=5-10bp;gc_cont=0.576,100,987,548,0.0,549,1,548,1,548,mobileOG_000355278,groL,WP_004929662.1,phage,"replication,chaperone",Plasmid RefSeq,Homology,NODE_4_length_313485_cov_64.477375_239, 256246 # 257892 # -1 , 256246,257892,-1 ,4_239,4,239,00,ATG,GGA/GAG/AGG,5-10bp,0.576,NODE_4_length_313485_cov_64.477375,mobileOG_000355278_NODE_4_length_313485_cov_64.477375
164,"mobileOG_000290240|groL|WP_000729117.1|phage|replication,chaperone|Plasmid RefSeq|Homology",NODE_4_length_313485_cov_64.477375_239 # 256246 # 257892 # -1 # ID=4_239;partial=00;start_type=ATG;rbs_motif=GGA/GAG/AGG;rbs_spacer=5-10bp;gc_cont=0.576,94.3,934,548,0.0,549,1,548,1,548,mobileOG_000290240,groL,WP_000729117.1,phage,"replication,chaperone",Plasmid RefSeq,Homology,NODE_4_length_313485_cov_64.477375_239, 256246 # 257892 # -1 , 256246,257892,-1 ,4_239,4,239,00,ATG,GGA/GAG/AGG,5-10bp,0.576,NODE_4_length_313485_cov_64.477375,mobileOG_000290240_NODE_4_length_313485_cov_64.477375
165,"mobileOG_000289036|groL|WP_008807218.1|phage|replication,chaperone|Plasmid RefSeq|Homology",NODE_4_length_313485_cov_64.477375_239 # 256246 # 257892 # -1 # ID=4_239;partial=00;start_type=ATG;rbs_motif=GGA/GAG/AGG;rbs_spacer=5-10bp;gc_cont=0.576,93.2,932,548,0.0,549,1,548,1,548,mobileOG_000289036,groL,WP_008807218.1,phage,"replication,chaperone",Plasmid RefSeq,Homology,NODE_4_length_313485_cov_64.477375_239, 256246 # 257892 # -1 , 256246,257892,-1 ,4_239,4,239,00,ATG,GGA/GAG/AGG,5-10bp,0.576,NODE_4_length_313485_cov_64.477375,mobileOG_000289036_NODE_4_length_313485_cov_64.477375
166,"mobileOG_000026160|groL|A0A0W8A593|phage|replication,chaperone|Plasmid RefSeq|Manual",NODE_4_length_313485_cov_64.477375_239 # 256246 # 257892 # -1 # ID=4_239;partial=00;start_type=ATG;rbs_motif=GGA/GAG/AGG;rbs_spacer=5-10bp;gc_cont=0.576,93.2,931,548,0.0,549,1,548,1,548,mobileOG_000026160,groL,A0A0W8A593,phage,"replication,chaperone",Plasmid RefSeq,Manual,NODE_4_length_313485_cov_64.477375_239, 256246 # 257892 # -1 , 256246,257892,-1 ,4_239,4,239,00,ATG,GGA/GAG/AGG,5-10bp,0.576,NODE_4_length_313485_cov_64.477375,mobileOG_000026160_NODE_4_length_313485_cov_64.477375
167,"mobileOG_000355550|groL|WP_101473286.1|phage|replication,chaperone|Plasmid RefSeq|Homology",NODE_4_length_313485_cov_64.477375_239 # 256246 # 257892 # -1 # ID=4_239;partial=00;start_type=ATG;rbs_motif=GGA/GAG/AGG;rbs_spacer=5-10bp;gc_cont=0.576,93.1,931,548,0.0,549,1,548,1,548,mobileOG_000355550,groL,WP_101473286.1,phage,"replication,chaperone",Plasmid RefSeq,Homology,NODE_4_length_313485_cov_64.477375_239, 256246 # 257892 # -1 , 256246,257892,-1 ,4_239,4,239,00,ATG,GGA/GAG/AGG,5-10bp,0.576,NODE_4_length_313485_cov_64.477375,mobileOG_000355550_NODE_4_length_313485_cov_64.477375
168,mobileOG_000351473|groS|EBJ67183.1|phage|structural|Plasmid RefSeq|Homology,NODE_4_length_313485_cov_64.477375_240 # 257937 # 258230 # -1 # ID=4_240;partial=00;start_type=ATG;rbs_motif=AGGAG;rbs_spacer=5-10bp;gc_cont=0.493,100,184,97,4.06e-61,98,1,97,1,97,mobileOG_000351473,groS,EBJ67183.1,phage,structural,Plasmid RefSeq,Homology,NODE_4_length_313485_cov_64.477375_240, 257937 # 258230 # -1 , 257937,258230,-1 ,4_240,4,240,00,ATG,AGGAG,5-10bp,0.493,NODE_4_length_313485_cov_64.477375,mobileOG_000351473_NODE_4_length_313485_cov_64.477375
169,mobileOG_000340853|groS|WP_003855929.1|phage|structural|Plasmid RefSeq|Homology,NODE_4_length_313485_cov_64.477375_240 # 257937 # 258230 # -1 # ID=4_240;partial=00;start_type=ATG;rbs_motif=AGGAG;rbs_spacer=5-10bp;gc_cont=0.493,91.8,176,97,9.22e-58,98,1,97,1,97,mobileOG_000340853,groS,WP_003855929.1,phage,structural,Plasmid RefSeq,Homology,NODE_4_length_313485_cov_64.477375_240, 257937 # 258230 # -1 , 257937,258230,-1 ,4_240,4,240,00,ATG,AGGAG,5-10bp,0.493,NODE_4_length_313485_cov_64.477375,mobileOG_000340853_NODE_4_length_313485_cov_64.477375
170,mobileOG_000317451|groS|A0A422X382|phage|structural|Plasmid RefSeq|Homology,NODE_4_length_313485_cov_64.477375_240 # 257937 # 258230 # -1 # ID=4_240;partial=00;start_type=ATG;rbs_motif=AGGAG;rbs_spacer=5-10bp;gc_cont=0.493,91.8,175,97,1.31e-57,98,1,97,1,97,mobileOG_000317451,groS,A0A422X382,phage,structural,Plasmid RefSeq,Homology,NODE_4_length_313485_cov_64.477375_240, 257937 # 258230 # -1 , 257937,258230,-1 ,4_240,4,240,00,ATG,AGGAG,5-10bp,0.493,NODE_4_length_313485_cov_64.477375,mobileOG_000317451_NODE_4_length_313485_cov_64.477375
171,mobileOG_000330918|groS|WP_004240601.1|phage|structural|Plasmid RefSeq|Homology,NODE_4_length_313485_cov_64.477375_240 # 257937 # 258230 # -1 # ID=4_240;partial=00;start_type=ATG;rbs_motif=AGGAG;rbs_spacer=5-10bp;gc_cont=0.493,90.7,172,97,3.09e-56,98,1,97,1,97,mobileOG_000330918,groS,WP_004240601.1,phage,structural,Plasmid RefSeq,Homology,NODE_4_length_313485_cov_64.477375_240, 257937 # 258230 # -1 , 257937,258230,-1 ,4_240,4,240,00,ATG,AGGAG,5-10bp,0.493,NODE_4_length_313485_cov_64.477375,mobileOG_000330918_NODE_4_length_313485_cov_64.477375
172,"mobileOG_000327600|fxsA|WP_033636764.1|phage|replication,transfer|Plasmid RefSeq|Homology",NODE_4_length_313485_cov_64.477375_241 # 258420 # 258908 # -1 # ID=4_241;partial=00;start_type=GTG;rbs_motif=AGGAG;rbs_spacer=5-10bp;gc_cont=0.603,97.5,292,162,6.96e-102,163,1,162,1,162,mobileOG_000327600,fxsA,WP_033636764.1,phage,"replication,transfer",Plasmid RefSeq,Homology,NODE_4_length_313485_cov_64.477375_241, 258420 # 258908 # -1 , 258420,258908,-1 ,4_241,4,241,00,GTG,AGGAG,5-10bp,0.603,NODE_4_length_313485_cov_64.477375,mobileOG_000327600_NODE_4_length_313485_cov_64.477375
173,mobileOG_000327716|holA|WP_033647201.1|replication/recombination/repair|NA|Plasmid RefSeq|Homology,NODE_5_length_310198_cov_58.171049_17 # 17374 # 18408 # 1 # ID=5_17;partial=00;start_type=ATG;rbs_motif=None;rbs_spacer=None;gc_cont=0.643,99.4,667,344,3.87e-244,345,1,344,1,344,mobileOG_000327716,holA,WP_033647201.1,replication/recombination/repair,NA,Plasmid RefSeq,Homology,NODE_5_length_310198_cov_58.171049_17, 17374 # 18408 # 1 , 17374,18408,1 ,5_17,5,17,00,ATG,None,None,0.643,NODE_5_length_310198_cov_58.171049,mobileOG_000327716_NODE_5_length_310198_cov_58.171049
174,mobileOG_000351495|holA|WP_047572366.1|replication/recombination/repair|NA|Plasmid RefSeq|Homology,NODE_5_length_310198_cov_58.171049_17 # 17374 # 18408 # 1 # ID=5_17;partial=00;start_type=ATG;rbs_motif=None;rbs_spacer=None;gc_cont=0.643,98.8,662,344,5.27e-242,345,1,344,1,344,mobileOG_000351495,holA,WP_047572366.1,replication/recombination/repair,NA,Plasmid RefSeq,Homology,NODE_5_length_310198_cov_58.171049_17, 17374 # 18408 # 1 , 17374,18408,1 ,5_17,5,17,00,ATG,None,None,0.643,NODE_5_length_310198_cov_58.171049,mobileOG_000351495_NODE_5_length_310198_cov_58.171049
175,"mobileOG_000368513|qmcA|WP_004940203.1|phage|lysis/lysogeny,regulation|Multiple|Homology",NODE_5_length_310198_cov_58.171049_64 # 60328 # 61233 # 1 # ID=5_64;partial=00;start_type=ATG;rbs_motif=AGGAG;rbs_spacer=5-10bp;gc_cont=0.614,100,459,301,1.86e-163,302,1,301,1,301,mobileOG_000368513,qmcA,WP_004940203.1,phage,"lysis/lysogeny,regulation",Multiple,Homology,NODE_5_length_310198_cov_58.171049_64, 60328 # 61233 # 1 , 60328,61233,1 ,5_64,5,64,00,ATG,AGGAG,5-10bp,0.614,NODE_5_length_310198_cov_58.171049,mobileOG_000368513_NODE_5_length_310198_cov_58.171049
176,mobileOG_000556803|NA:Keyword|A0A2S4XFV4|transfer|NA|GPD|Keyword Search,NODE_5_length_310198_cov_58.171049_82 # 86501 # 87307 # 1 # ID=5_82;partial=00;start_type=ATG;rbs_motif=AGGAG;rbs_spacer=5-10bp;gc_cont=0.660,97.8,522,268,2.20e-189,269,1,268,1,268,mobileOG_000556803,NA:Keyword,A0A2S4XFV4,transfer,NA,GPD,Keyword Search,NODE_5_length_310198_cov_58.171049_82, 86501 # 87307 # 1 , 86501,87307,1 ,5_82,5,82,00,ATG,AGGAG,5-10bp,0.660,NODE_5_length_310198_cov_58.171049,mobileOG_000556803_NODE_5_length_310198_cov_58.171049
177,mobileOG_000368514|recR|WP_004940263.1|replication/recombination/repair|NA|Plasmid RefSeq|Homology,NODE_5_length_310198_cov_58.171049_95 # 103880 # 104485 # -1 # ID=5_95;partial=00;start_type=ATG;rbs_motif=None;rbs_spacer=None;gc_cont=0.662,100,402,201,3.31e-144,202,1,201,1,201,mobileOG_000368514,recR,WP_004940263.1,replication/recombination/repair,NA,Plasmid RefSeq,Homology,NODE_5_length_310198_cov_58.171049_95, 103880 # 104485 # -1 , 103880,104485,-1 ,5_95,5,95,00,ATG,None,None,0.662,NODE_5_length_310198_cov_58.171049,mobileOG_000368514_NODE_5_length_310198_cov_58.171049
178,mobileOG_000025696|recR|WP_002892177.1|replication/recombination/repair|NA|Plasmid RefSeq|Manual,NODE_5_length_310198_cov_58.171049_95 # 103880 # 104485 # -1 # ID=5_95;partial=00;start_type=ATG;rbs_motif=None;rbs_spacer=None;gc_cont=0.662,91.5,370,201,2.12e-131,202,1,201,1,201,mobileOG_000025696,recR,WP_002892177.1,replication/recombination/repair,NA,Plasmid RefSeq,Manual,NODE_5_length_310198_cov_58.171049_95, 103880 # 104485 # -1 , 103880,104485,-1 ,5_95,5,95,00,ATG,None,None,0.662,NODE_5_length_310198_cov_58.171049,mobileOG_000025696_NODE_5_length_310198_cov_58.171049
179,mobileOG_000295145|recR|WP_006809843.1|replication/recombination/repair|NA|Plasmid RefSeq|Homology,NODE_5_length_310198_cov_58.171049_95 # 103880 # 104485 # -1 # ID=5_95;partial=00;start_type=ATG;rbs_motif=None;rbs_spacer=None;gc_cont=0.662,91.5,369,201,8.64e-131,202,1,201,1,201,mobileOG_000295145,recR,WP_006809843.1,replication/recombination/repair,NA,Plasmid RefSeq,Homology,NODE_5_length_310198_cov_58.171049_95, 103880 # 104485 # -1 , 103880,104485,-1 ,5_95,5,95,00,ATG,None,None,0.662,NODE_5_length_310198_cov_58.171049,mobileOG_000295145_NODE_5_length_310198_cov_58.171049
180,mobileOG_000025590|recR|A0A192CI29|replication/recombination/repair|NA|Plasmid RefSeq|Manual,NODE_5_length_310198_cov_58.171049_95 # 103880 # 104485 # -1 # ID=5_95;partial=00;start_type=ATG;rbs_motif=None;rbs_spacer=None;gc_cont=0.662,90.5,367,201,3.52e-130,202,1,201,1,201,mobileOG_000025590,recR,A0A192CI29,replication/recombination/repair,NA,Plasmid RefSeq,Manual,NODE_5_length_310198_cov_58.171049_95, 103880 # 104485 # -1 , 103880,104485,-1 ,5_95,5,95,00,ATG,None,None,0.662,NODE_5_length_310198_cov_58.171049,mobileOG_000025590_NODE_5_length_310198_cov_58.171049
181,mobileOG_000025506|recR|A0A0A5T261|replication/recombination/repair|NA|Plasmid RefSeq|Manual,NODE_5_length_310198_cov_58.171049_95 # 103880 # 104485 # -1 # ID=5_95;partial=00;start_type=ATG;rbs_motif=None;rbs_spacer=None;gc_cont=0.662,90.5,367,201,5.00e-130,202,1,201,1,201,mobileOG_000025506,recR,A0A0A5T261,replication/recombination/repair,NA,Plasmid RefSeq,Manual,NODE_5_length_310198_cov_58.171049_95, 103880 # 104485 # -1 , 103880,104485,-1 ,5_95,5,95,00,ATG,None,None,0.662,NODE_5_length_310198_cov_58.171049,mobileOG_000025506_NODE_5_length_310198_cov_58.171049
182,mobileOG_000365592|dnaX|WP_101453443.1|replication/recombination/repair|NA|Plasmid RefSeq|Homology,NODE_5_length_310198_cov_58.171049_97 # 104856 # 106814 # -1 # ID=5_97;partial=00;start_type=ATG;rbs_motif=None;rbs_spacer=None;gc_cont=0.651,96.3,1167,652,0.0,653,1,652,1,652,mobileOG_000365592,dnaX,WP_101453443.1,replication/recombination/repair,NA,Plasmid RefSeq,Homology,NODE_5_length_310198_cov_58.171049_97, 104856 # 106814 # -1 , 104856,106814,-1 ,5_97,5,97,00,ATG,None,None,0.651,NODE_5_length_310198_cov_58.171049,mobileOG_000365592_NODE_5_length_310198_cov_58.171049
183,mobileOG_000365572|dnaX|WP_033647268.1|replication/recombination/repair|NA|Plasmid RefSeq|Homology,NODE_5_length_310198_cov_58.171049_97 # 104856 # 106814 # -1 # ID=5_97;partial=00;start_type=ATG;rbs_motif=None;rbs_spacer=None;gc_cont=0.651,97.9,1167,652,0.0,653,1,652,1,652,mobileOG_000365572,dnaX,WP_033647268.1,replication/recombination/repair,NA,Plasmid RefSeq,Homology,NODE_5_length_310198_cov_58.171049_97, 104856 # 106814 # -1 , 104856,106814,-1 ,5_97,5,97,00,ATG,None,None,0.651,NODE_5_length_310198_cov_58.171049,mobileOG_000365572_NODE_5_length_310198_cov_58.171049
184,mobileOG_000374240|priC|WP_033637350.1|replication/recombination/repair|NA|Plasmid RefSeq|Homology,NODE_5_length_310198_cov_58.171049_100 # 108127 # 108663 # 1 # ID=5_100;partial=00;start_type=GTG;rbs_motif=GGAG/GAGG;rbs_spacer=5-10bp;gc_cont=0.635,98.3,322,178,6.01e-113,179,1,178,1,178,mobileOG_000374240,priC,WP_033637350.1,replication/recombination/repair,NA,Plasmid RefSeq,Homology,NODE_5_length_310198_cov_58.171049_100, 108127 # 108663 # 1 , 108127,108663,1 ,5_100,5,100,00,GTG,GGAG/GAGG,5-10bp,0.635,NODE_5_length_310198_cov_58.171049,mobileOG_000374240_NODE_5_length_310198_cov_58.171049
185,mobileOG_000374241|priC|WP_033642112.1|replication/recombination/repair|NA|Plasmid RefSeq|Homology,NODE_5_length_310198_cov_58.171049_100 # 108127 # 108663 # 1 # ID=5_100;partial=00;start_type=GTG;rbs_motif=GGAG/GAGG;rbs_spacer=5-10bp;gc_cont=0.635,96.1,315,178,1.65e-110,179,1,178,1,178,mobileOG_000374241,priC,WP_033642112.1,replication/recombination/repair,NA,Plasmid RefSeq,Homology,NODE_5_length_310198_cov_58.171049_100, 108127 # 108663 # 1 , 108127,108663,1 ,5_100,5,100,00,GTG,GGAG/GAGG,5-10bp,0.635,NODE_5_length_310198_cov_58.171049,mobileOG_000374241_NODE_5_length_310198_cov_58.171049
186,mobileOG_000314374|ogt|WP_033647296.1|replication/recombination/repair|NA|Plasmid RefSeq|Homology,NODE_5_length_310198_cov_58.171049_115 # 123311 # 123625 # 1 # ID=5_115;partial=00;start_type=ATG;rbs_motif=AGGA;rbs_spacer=5-10bp;gc_cont=0.648,99.0,217,104,7.26e-74,105,1,104,1,104,mobileOG_000314374,ogt,WP_033647296.1,replication/recombination/repair,NA,Plasmid RefSeq,Homology,NODE_5_length_310198_cov_58.171049_115, 123311 # 123625 # 1 , 123311,123625,1 ,5_115,5,115,00,ATG,AGGA,5-10bp,0.648,NODE_5_length_310198_cov_58.171049,mobileOG_000314374_NODE_5_length_310198_cov_58.171049
187,mobileOG_000368554|ogt|WP_033642088.1|replication/recombination/repair|NA|Plasmid RefSeq|Homology,NODE_5_length_310198_cov_58.171049_115 # 123311 # 123625 # 1 # ID=5_115;partial=00;start_type=ATG;rbs_motif=AGGA;rbs_spacer=5-10bp;gc_cont=0.648,98.1,216,104,2.08e-73,105,1,104,1,104,mobileOG_000368554,ogt,WP_033642088.1,replication/recombination/repair,NA,Plasmid RefSeq,Homology,NODE_5_length_310198_cov_58.171049_115, 123311 # 123625 # 1 , 123311,123625,1 ,5_115,5,115,00,ATG,AGGA,5-10bp,0.648,NODE_5_length_310198_cov_58.171049,mobileOG_000368554_NODE_5_length_310198_cov_58.171049
188,mobileOG_000368515|hup|WP_004940351.1|replication/recombination/repair|integration/excision|Plasmid RefSeq|Homology,NODE_5_length_310198_cov_58.171049_130 # 139267 # 139539 # -1 # ID=5_130;partial=00;start_type=GTG;rbs_motif=GGAG/GAGG;rbs_spacer=5-10bp;gc_cont=0.549,100,165,90,7.33e-54,91,1,90,1,90,mobileOG_000368515,hup,WP_004940351.1,replication/recombination/repair,integration/excision,Plasmid RefSeq,Homology,NODE_5_length_310198_cov_58.171049_130, 139267 # 139539 # -1 , 139267,139539,-1 ,5_130,5,130,00,GTG,GGAG/GAGG,5-10bp,0.549,NODE_5_length_310198_cov_58.171049,mobileOG_000368515_NODE_5_length_310198_cov_58.171049
189,mobileOG_000025521|hupB|A0A192CJA5|replication/recombination/repair|integration/excision|Plasmid RefSeq|Manual,NODE_5_length_310198_cov_58.171049_130 # 139267 # 139539 # -1 # ID=5_130;partial=00;start_type=GTG;rbs_motif=GGAG/GAGG;rbs_spacer=5-10bp;gc_cont=0.549,90.0,152,90,7.93e-49,91,1,90,1,90,mobileOG_000025521,hupB,A0A192CJA5,replication/recombination/repair,integration/excision,Plasmid RefSeq,Manual,NODE_5_length_310198_cov_58.171049_130, 139267 # 139539 # -1 , 139267,139539,-1 ,5_130,5,130,00,GTG,GGAG/GAGG,5-10bp,0.549,NODE_5_length_310198_cov_58.171049,mobileOG_000025521_NODE_5_length_310198_cov_58.171049
190,mobileOG_000025753|hupB|A0A078LCB7|phage|replication/recombination/repair|Plasmid RefSeq|Manual,NODE_5_length_310198_cov_58.171049_130 # 139267 # 139539 # -1 # ID=5_130;partial=00;start_type=GTG;rbs_motif=GGAG/GAGG;rbs_spacer=5-10bp;gc_cont=0.549,90.0,152,90,1.13e-48,91,1,90,1,90,mobileOG_000025753,hupB,A0A078LCB7,phage,replication/recombination/repair,Plasmid RefSeq,Manual,NODE_5_length_310198_cov_58.171049_130, 139267 # 139539 # -1 , 139267,139539,-1 ,5_130,5,130,00,GTG,GGAG/GAGG,5-10bp,0.549,NODE_5_length_310198_cov_58.171049,mobileOG_000025753_NODE_5_length_310198_cov_58.171049
191,mobileOG_000299341|hup|WP_002444653.1|replication/recombination/repair|integration/excision|Plasmid RefSeq|Homology,NODE_5_length_310198_cov_58.171049_130 # 139267 # 139539 # -1 # ID=5_130;partial=00;start_type=GTG;rbs_motif=GGAG/GAGG;rbs_spacer=5-10bp;gc_cont=0.549,90.0,152,90,1.60e-48,91,1,90,1,90,mobileOG_000299341,hup,WP_002444653.1,replication/recombination/repair,integration/excision,Plasmid RefSeq,Homology,NODE_5_length_310198_cov_58.171049_130, 139267 # 139539 # -1 , 139267,139539,-1 ,5_130,5,130,00,GTG,GGAG/GAGG,5-10bp,0.549,NODE_5_length_310198_cov_58.171049,mobileOG_000299341_NODE_5_length_310198_cov_58.171049
192,"mobileOG_000368516|clpX|WP_004940354.1|phage|replication,chaperone|Plasmid RefSeq|Homology",NODE_5_length_310198_cov_58.171049_132 # 142305 # 143576 # -1 # ID=5_132;partial=00;start_type=ATG;rbs_motif=GGAG/GAGG;rbs_spacer=5-10bp;gc_cont=0.586,100,831,423,3.07e-306,424,1,423,1,423,mobileOG_000368516,clpX,WP_004940354.1,phage,"replication,chaperone",Plasmid RefSeq,Homology,NODE_5_length_310198_cov_58.171049_132, 142305 # 143576 # -1 , 142305,143576,-1 ,5_132,5,132,00,ATG,GGAG/GAGG,5-10bp,0.586,NODE_5_length_310198_cov_58.171049,mobileOG_000368516_NODE_5_length_310198_cov_58.171049
193,mobileOG_000025945|clpX|F0JMC0|phage|replication/recombination/repair|Plasmid RefSeq|Manual,NODE_5_length_310198_cov_58.171049_132 # 142305 # 143576 # -1 # ID=5_132;partial=00;start_type=ATG;rbs_motif=GGAG/GAGG;rbs_spacer=5-10bp;gc_cont=0.586,94.8,792,424,7.87e-291,424,1,424,1,423,mobileOG_000025945,clpX,F0JMC0,phage,replication/recombination/repair,Plasmid RefSeq,Manual,NODE_5_length_310198_cov_58.171049_132, 142305 # 143576 # -1 , 142305,143576,-1 ,5_132,5,132,00,ATG,GGAG/GAGG,5-10bp,0.586,NODE_5_length_310198_cov_58.171049,mobileOG_000025945_NODE_5_length_310198_cov_58.171049
194,"mobileOG_000288446|clpX|WP_015571275.1|phage|replication,chaperone|Plasmid RefSeq|Homology",NODE_5_length_310198_cov_58.171049_132 # 142305 # 143576 # -1 # ID=5_132;partial=00;start_type=ATG;rbs_motif=GGAG/GAGG;rbs_spacer=5-10bp;gc_cont=0.586,95.0,792,424,7.87e-291,424,1,424,1,423,mobileOG_000288446,clpX,WP_015571275.1,phage,"replication,chaperone",Plasmid RefSeq,Homology,NODE_5_length_310198_cov_58.171049_132, 142305 # 143576 # -1 , 142305,143576,-1 ,5_132,5,132,00,ATG,GGAG/GAGG,5-10bp,0.586,NODE_5_length_310198_cov_58.171049,mobileOG_000288446_NODE_5_length_310198_cov_58.171049
195,"mobileOG_000344359|clpX|WP_002891807.1|phage|replication,chaperone|Plasmid RefSeq|Homology",NODE_5_length_310198_cov_58.171049_132 # 142305 # 143576 # -1 # ID=5_132;partial=00;start_type=ATG;rbs_motif=GGAG/GAGG;rbs_spacer=5-10bp;gc_cont=0.586,94.8,791,424,1.12e-290,424,1,424,1,423,mobileOG_000344359,clpX,WP_002891807.1,phage,"replication,chaperone",Plasmid RefSeq,Homology,NODE_5_length_310198_cov_58.171049_132, 142305 # 143576 # -1 , 142305,143576,-1 ,5_132,5,132,00,ATG,GGAG/GAGG,5-10bp,0.586,NODE_5_length_310198_cov_58.171049,mobileOG_000344359_NODE_5_length_310198_cov_58.171049
196,mobileOG_000025183|clpX|A0A0A0ZT71|phage|replication/recombination/repair|Plasmid RefSeq|Manual,NODE_5_length_310198_cov_58.171049_132 # 142305 # 143576 # -1 # ID=5_132;partial=00;start_type=ATG;rbs_motif=GGAG/GAGG;rbs_spacer=5-10bp;gc_cont=0.586,94.8,791,424,2.26e-290,424,1,424,1,423,mobileOG_000025183,clpX,A0A0A0ZT71,phage,replication/recombination/repair,Plasmid RefSeq,Manual,NODE_5_length_310198_cov_58.171049_132, 142305 # 143576 # -1 , 142305,143576,-1 ,5_132,5,132,00,ATG,GGAG/GAGG,5-10bp,0.586,NODE_5_length_310198_cov_58.171049,mobileOG_000025183_NODE_5_length_310198_cov_58.171049
197,mobileOG_000025998|clpX|A0A1R0G070|phage|replication/recombination/repair|Plasmid RefSeq|Manual,NODE_5_length_310198_cov_58.171049_132 # 142305 # 143576 # -1 # ID=5_132;partial=00;start_type=ATG;rbs_motif=GGAG/GAGG;rbs_spacer=5-10bp;gc_cont=0.586,94.6,789,424,9.18e-290,424,1,424,1,423,mobileOG_000025998,clpX,A0A1R0G070,phage,replication/recombination/repair,Plasmid RefSeq,Manual,NODE_5_length_310198_cov_58.171049_132, 142305 # 143576 # -1 , 142305,143576,-1 ,5_132,5,132,00,ATG,GGAG/GAGG,5-10bp,0.586,NODE_5_length_310198_cov_58.171049,mobileOG_000025998_NODE_5_length_310198_cov_58.171049
198,mobileOG_000351483|clpP|WP_016928858.1|phage|replication/recombination/repair|Plasmid RefSeq|Homology,NODE_5_length_310198_cov_58.171049_133 # 143720 # 144343 # -1 # ID=5_133;partial=00;start_type=ATG;rbs_motif=AGGAG;rbs_spacer=5-10bp;gc_cont=0.582,100,412,207,1.15e-147,208,1,207,1,207,mobileOG_000351483,clpP,WP_016928858.1,phage,replication/recombination/repair,Plasmid RefSeq,Homology,NODE_5_length_310198_cov_58.171049_133, 143720 # 144343 # -1 , 143720,144343,-1 ,5_133,5,133,00,ATG,AGGAG,5-10bp,0.582,NODE_5_length_310198_cov_58.171049,mobileOG_000351483_NODE_5_length_310198_cov_58.171049
199,mobileOG_000368517|clpP|WP_004940356.1|phage|replication/recombination/repair|Plasmid RefSeq|Homology,NODE_5_length_310198_cov_58.171049_133 # 143720 # 144343 # -1 # ID=5_133;partial=00;start_type=ATG;rbs_motif=AGGAG;rbs_spacer=5-10bp;gc_cont=0.582,99.5,410,207,3.29e-147,208,1,207,1,207,mobileOG_000368517,clpP,WP_004940356.1,phage,replication/recombination/repair,Plasmid RefSeq,Homology,NODE_5_length_310198_cov_58.171049_133, 143720 # 144343 # -1 , 143720,144343,-1 ,5_133,5,133,00,ATG,AGGAG,5-10bp,0.582,NODE_5_length_310198_cov_58.171049,mobileOG_000368517_NODE_5_length_310198_cov_58.171049
200,mobileOG_000301843|clpP|WP_006809880.1|phage|replication/recombination/repair|Plasmid RefSeq|Homology,NODE_5_length_310198_cov_58.171049_133 # 143720 # 144343 # -1 # ID=5_133;partial=00;start_type=ATG;rbs_motif=AGGAG;rbs_spacer=5-10bp;gc_cont=0.582,92.3,387,207,4.63e-138,208,1,207,1,207,mobileOG_000301843,clpP,WP_006809880.1,phage,replication/recombination/repair,Plasmid RefSeq,Homology,NODE_5_length_310198_cov_58.171049_133, 143720 # 144343 # -1 , 143720,144343,-1 ,5_133,5,133,00,ATG,AGGAG,5-10bp,0.582,NODE_5_length_310198_cov_58.171049,mobileOG_000301843_NODE_5_length_310198_cov_58.171049
201,mobileOG_000351734|clpP|A0A078LKE9|phage|replication/recombination/repair|Plasmid RefSeq|Homology,NODE_5_length_310198_cov_58.171049_133 # 143720 # 144343 # -1 # ID=5_133;partial=00;start_type=ATG;rbs_motif=AGGAG;rbs_spacer=5-10bp;gc_cont=0.582,91.3,382,207,4.44e-136,208,1,207,1,207,mobileOG_000351734,clpP,A0A078LKE9,phage,replication/recombination/repair,Plasmid RefSeq,Homology,NODE_5_length_310198_cov_58.171049_133, 143720 # 144343 # -1 , 143720,144343,-1 ,5_133,5,133,00,ATG,AGGAG,5-10bp,0.582,NODE_5_length_310198_cov_58.171049,mobileOG_000351734_NODE_5_length_310198_cov_58.171049
202,mobileOG_000289010|clpP|WP_002891804.1|phage|replication/recombination/repair|Plasmid RefSeq|Homology,NODE_5_length_310198_cov_58.171049_133 # 143720 # 144343 # -1 # ID=5_133;partial=00;start_type=ATG;rbs_motif=AGGAG;rbs_spacer=5-10bp;gc_cont=0.582,91.3,382,207,6.30e-136,208,1,207,1,207,mobileOG_000289010,clpP,WP_002891804.1,phage,replication/recombination/repair,Plasmid RefSeq,Homology,NODE_5_length_310198_cov_58.171049_133, 143720 # 144343 # -1 , 143720,144343,-1 ,5_133,5,133,00,ATG,AGGAG,5-10bp,0.582,NODE_5_length_310198_cov_58.171049,mobileOG_000289010_NODE_5_length_310198_cov_58.171049
203,mobileOG_000025855|clpP|A0A192CHZ0|phage|replication/recombination/repair|Plasmid RefSeq|Manual,NODE_5_length_310198_cov_58.171049_133 # 143720 # 144343 # -1 # ID=5_133;partial=00;start_type=ATG;rbs_motif=AGGAG;rbs_spacer=5-10bp;gc_cont=0.582,91.3,381,207,1.81e-135,208,1,207,1,207,mobileOG_000025855,clpP,A0A192CHZ0,phage,replication/recombination/repair,Plasmid RefSeq,Manual,NODE_5_length_310198_cov_58.171049_133, 143720 # 144343 # -1 , 143720,144343,-1 ,5_133,5,133,00,ATG,AGGAG,5-10bp,0.582,NODE_5_length_310198_cov_58.171049,mobileOG_000025855_NODE_5_length_310198_cov_58.171049
204,mobileOG_000368527|xseB|WP_015376838.1|replication/recombination/repair|NA|Plasmid RefSeq|Homology,NODE_5_length_310198_cov_58.171049_148 # 159839 # 160102 # 1 # ID=5_148;partial=00;start_type=ATG;rbs_motif=None;rbs_spacer=None;gc_cont=0.598,98.9,144,87,2.07e-45,88,1,87,1,87,mobileOG_000368527,xseB,WP_015376838.1,replication/recombination/repair,NA,Plasmid RefSeq,Homology,NODE_5_length_310198_cov_58.171049_148, 159839 # 160102 # 1 , 159839,160102,1 ,5_148,5,148,00,ATG,None,None,0.598,NODE_5_length_310198_cov_58.171049,mobileOG_000368527_NODE_5_length_310198_cov_58.171049
205,mobileOG_000351487|xseB|WP_033642062.1|replication/recombination/repair|NA|Plasmid RefSeq|Homology,NODE_5_length_310198_cov_58.171049_148 # 159839 # 160102 # 1 # ID=5_148;partial=00;start_type=ATG;rbs_motif=None;rbs_spacer=None;gc_cont=0.598,97.7,142,87,8.42e-45,88,1,87,1,87,mobileOG_000351487,xseB,WP_033642062.1,replication/recombination/repair,NA,Plasmid RefSeq,Homology,NODE_5_length_310198_cov_58.171049_148, 159839 # 160102 # 1 , 159839,160102,1 ,5_148,5,148,00,ATG,None,None,0.598,NODE_5_length_310198_cov_58.171049,mobileOG_000351487_NODE_5_length_310198_cov_58.171049
206,"mobileOG_000368518|nusB|WP_004940384.1|phage|regulation,infection|Plasmid RefSeq|Homology",NODE_5_length_310198_cov_58.171049_154 # 165574 # 165990 # -1 # ID=5_154;partial=00;start_type=GTG;rbs_motif=GGA/GAG/AGG;rbs_spacer=5-10bp;gc_cont=0.568,100,265,138,5.45e-92,139,1,138,1,138,mobileOG_000368518,nusB,WP_004940384.1,phage,"regulation,infection",Plasmid RefSeq,Homology,NODE_5_length_310198_cov_58.171049_154, 165574 # 165990 # -1 , 165574,165990,-1 ,5_154,5,154,00,GTG,GGA/GAG/AGG,5-10bp,0.568,NODE_5_length_310198_cov_58.171049,mobileOG_000368518_NODE_5_length_310198_cov_58.171049
207,mobileOG_000334028|sbcD|WP_060437993.1|replication/recombination/repair|NA|Plasmid RefSeq|Homology,NODE_5_length_310198_cov_58.171049_177 # 188959 # 190191 # 1 # ID=5_177;partial=00;start_type=ATG;rbs_motif=GGA/GAG/AGG;rbs_spacer=5-10bp;gc_cont=0.640,96.3,770,410,1.34e-282,411,1,410,1,410,mobileOG_000334028,sbcD,WP_060437993.1,replication/recombination/repair,NA,Plasmid RefSeq,Homology,NODE_5_length_310198_cov_58.171049_177, 188959 # 190191 # 1 , 188959,190191,1 ,5_177,5,177,00,ATG,GGA/GAG/AGG,5-10bp,0.640,NODE_5_length_310198_cov_58.171049,mobileOG_000334028_NODE_5_length_310198_cov_58.171049
208,mobileOG_000326381|sbcD|WP_096241949.1|replication/recombination/repair|NA|Plasmid RefSeq|Homology,NODE_5_length_310198_cov_58.171049_177 # 188959 # 190191 # 1 # ID=5_177;partial=00;start_type=ATG;rbs_motif=GGA/GAG/AGG;rbs_spacer=5-10bp;gc_cont=0.640,95.8,759,410,3.51e-278,411,1,407,1,407,mobileOG_000326381,sbcD,WP_096241949.1,replication/recombination/repair,NA,Plasmid RefSeq,Homology,NODE_5_length_310198_cov_58.171049_177, 188959 # 190191 # 1 , 188959,190191,1 ,5_177,5,177,00,ATG,GGA/GAG/AGG,5-10bp,0.640,NODE_5_length_310198_cov_58.171049,mobileOG_000326381_NODE_5_length_310198_cov_58.171049
209,mobileOG_000748103|NA:Keyword|WP_019454226.1|stability/transfer/defense|NA|Plasmid RefSeq|Keyword Search,NODE_5_length_310198_cov_58.171049_180 # 194516 # 194902 # -1 # ID=5_180;partial=00;start_type=ATG;rbs_motif=GGAG/GAGG;rbs_spacer=5-10bp;gc_cont=0.620,99.2,259,128,1.01e-89,129,1,128,1,128,mobileOG_000748103,NA:Keyword,WP_019454226.1,stability/transfer/defense,NA,Plasmid RefSeq,Keyword Search,NODE_5_length_310198_cov_58.171049_180, 194516 # 194902 # -1 , 194516,194902,-1 ,5_180,5,180,00,ATG,GGAG/GAGG,5-10bp,0.620,NODE_5_length_310198_cov_58.171049,mobileOG_000748103_NODE_5_length_310198_cov_58.171049
210,mobileOG_000749725|NA:Keyword|WP_033642043.1|stability/transfer/defense|NA|Plasmid RefSeq|Keyword Search,NODE_5_length_310198_cov_58.171049_180 # 194516 # 194902 # -1 # ID=5_180;partial=00;start_type=ATG;rbs_motif=GGAG/GAGG;rbs_spacer=5-10bp;gc_cont=0.620,98.4,257,128,4.12e-89,129,1,128,1,128,mobileOG_000749725,NA:Keyword,WP_033642043.1,stability/transfer/defense,NA,Plasmid RefSeq,Keyword Search,NODE_5_length_310198_cov_58.171049_180, 194516 # 194902 # -1 , 194516,194902,-1 ,5_180,5,180,00,ATG,GGAG/GAGG,5-10bp,0.620,NODE_5_length_310198_cov_58.171049,mobileOG_000749725_NODE_5_length_310198_cov_58.171049
211,mobileOG_000748213|NA:Keyword|WP_033637280.1|stability/transfer/defense|NA|Plasmid RefSeq|Keyword Search,NODE_5_length_310198_cov_58.171049_181 # 194899 # 195132 # -1 # ID=5_181;partial=00;start_type=ATG;rbs_motif=AGGAG;rbs_spacer=5-10bp;gc_cont=0.598,98.7,144,77,7.16e-46,78,1,76,1,76,mobileOG_000748213,NA:Keyword,WP_033637280.1,stability/transfer/defense,NA,Plasmid RefSeq,Keyword Search,NODE_5_length_310198_cov_58.171049_181, 194899 # 195132 # -1 , 194899,195132,-1 ,5_181,5,181,00,ATG,AGGAG,5-10bp,0.598,NODE_5_length_310198_cov_58.171049,mobileOG_000748213_NODE_5_length_310198_cov_58.171049
212,mobileOG_000368519|rdgC|WP_004940461.1|integration/excision|NA|Plasmid RefSeq|Homology,NODE_5_length_310198_cov_58.171049_183 # 196367 # 197278 # 1 # ID=5_183;partial=00;start_type=ATG;rbs_motif=GGA/GAG/AGG;rbs_spacer=5-10bp;gc_cont=0.601,100,583,303,1.91e-212,304,1,303,1,303,mobileOG_000368519,rdgC,WP_004940461.1,integration/excision,NA,Plasmid RefSeq,Homology,NODE_5_length_310198_cov_58.171049_183, 196367 # 197278 # 1 , 196367,197278,1 ,5_183,5,183,00,ATG,GGA/GAG/AGG,5-10bp,0.601,NODE_5_length_310198_cov_58.171049,mobileOG_000368519_NODE_5_length_310198_cov_58.171049
213,mobileOG_000377761|Alpha|WP_060437025.1|phage|replication/recombination/repair|Plasmid RefSeq|Homology,NODE_5_length_310198_cov_58.171049_246 # 254450 # 254629 # -1 # ID=5_246;partial=00;start_type=ATG;rbs_motif=GGA/GAG/AGG;rbs_spacer=5-10bp;gc_cont=0.583,98.3,121,777,5.71e-33,60,695,753,1,59,mobileOG_000377761,Alpha,WP_060437025.1,phage,replication/recombination/repair,Plasmid RefSeq,Homology,NODE_5_length_310198_cov_58.171049_246, 254450 # 254629 # -1 , 254450,254629,-1 ,5_246,5,246,00,ATG,GGA/GAG/AGG,5-10bp,0.583,NODE_5_length_310198_cov_58.171049,mobileOG_000377761_NODE_5_length_310198_cov_58.171049
214,mobileOG_000354118|dinB|WP_033649934.1|replication/recombination/repair|NA|Plasmid RefSeq|Homology,NODE_5_length_310198_cov_58.171049_258 # 274793 # 275854 # -1 # ID=5_258;partial=00;start_type=ATG;rbs_motif=GGAGG;rbs_spacer=5-10bp;gc_cont=0.625,99.2,687,353,6.51e-252,354,1,353,1,353,mobileOG_000354118,dinB,WP_033649934.1,replication/recombination/repair,NA,Plasmid RefSeq,Homology,NODE_5_length_310198_cov_58.171049_258, 274793 # 275854 # -1 , 274793,275854,-1 ,5_258,5,258,00,ATG,GGAGG,5-10bp,0.625,NODE_5_length_310198_cov_58.171049,mobileOG_000354118_NODE_5_length_310198_cov_58.171049
215,mobileOG_000354119|dinB|WP_033653334.1|replication/recombination/repair|NA|Plasmid RefSeq|Homology,NODE_5_length_310198_cov_58.171049_258 # 274793 # 275854 # -1 # ID=5_258;partial=00;start_type=ATG;rbs_motif=GGAGG;rbs_spacer=5-10bp;gc_cont=0.625,98.9,686,353,2.65e-251,354,1,353,1,353,mobileOG_000354119,dinB,WP_033653334.1,replication/recombination/repair,NA,Plasmid RefSeq,Homology,NODE_5_length_310198_cov_58.171049_258, 274793 # 275854 # -1 , 274793,275854,-1 ,5_258,5,258,00,ATG,GGAGG,5-10bp,0.625,NODE_5_length_310198_cov_58.171049,mobileOG_000354119_NODE_5_length_310198_cov_58.171049
216,mobileOG_000368502|srnB|WP_004930217.1|stability/transfer/defense|NA|Plasmid RefSeq|Homology,NODE_5_length_310198_cov_58.171049_275 # 291015 # 291167 # 1 # ID=5_275;partial=00;start_type=ATG;rbs_motif=GGAGG;rbs_spacer=5-10bp;gc_cont=0.542,100,95.5,50,2.73e-27,51,1,50,1,50,mobileOG_000368502,srnB,WP_004930217.1,stability/transfer/defense,NA,Plasmid RefSeq,Homology,NODE_5_length_310198_cov_58.171049_275, 291015 # 291167 # 1 , 291015,291167,1 ,5_275,5,275,00,ATG,GGAGG,5-10bp,0.542,NODE_5_length_310198_cov_58.171049,mobileOG_000368502_NODE_5_length_310198_cov_58.171049
217,mobileOG_000334471|dnaQ|WP_004930195.1|replication/recombination/repair|NA|Plasmid RefSeq|Homology,NODE_5_length_310198_cov_58.171049_285 # 301390 # 302133 # -1 # ID=5_285;partial=00;start_type=ATG;rbs_motif=GGA/GAG/AGG;rbs_spacer=5-10bp;gc_cont=0.582,99.6,493,247,1.18e-178,248,1,247,1,247,mobileOG_000334471,dnaQ,WP_004930195.1,replication/recombination/repair,NA,Plasmid RefSeq,Homology,NODE_5_length_310198_cov_58.171049_285, 301390 # 302133 # -1 , 301390,302133,-1 ,5_285,5,285,00,ATG,GGA/GAG/AGG,5-10bp,0.582,NODE_5_length_310198_cov_58.171049,mobileOG_000334471_NODE_5_length_310198_cov_58.171049
218,mobileOG_000281593|rnhA|WP_033649910.1|replication/recombination/repair|NA|Plasmid RefSeq|Homology,NODE_5_length_310198_cov_58.171049_286 # 302206 # 302673 # 1 # ID=5_286;partial=00;start_type=ATG;rbs_motif=GGA/GAG/AGG;rbs_spacer=5-10bp;gc_cont=0.590,99.4,326,155,2.21e-115,156,1,155,1,155,mobileOG_000281593,rnhA,WP_033649910.1,replication/recombination/repair,NA,Plasmid RefSeq,Homology,NODE_5_length_310198_cov_58.171049_286, 302206 # 302673 # 1 , 302206,302673,1 ,5_286,5,286,00,ATG,GGA/GAG/AGG,5-10bp,0.590,NODE_5_length_310198_cov_58.171049,mobileOG_000281593_NODE_5_length_310198_cov_58.171049
219,mobileOG_000327800|hda|WP_025159568.1|replication/recombination/repair|NA|Plasmid RefSeq|Homology,NODE_6_length_296900_cov_56.653750_33 # 30171 # 30653 # -1 # ID=6_33;partial=00;start_type=GTG;rbs_motif=AGxAGG/AGGxGG;rbs_spacer=5-10bp;gc_cont=0.600,99.4,321,233,3.95e-112,161,74,233,1,160,mobileOG_000327800,hda,WP_025159568.1,replication/recombination/repair,NA,Plasmid RefSeq,Homology,NODE_6_length_296900_cov_56.653750_33, 30171 # 30653 # -1 , 30171,30653,-1 ,6_33,6,33,00,GTG,AGxAGG/AGGxGG,5-10bp,0.600,NODE_6_length_296900_cov_56.653750,mobileOG_000327800_NODE_6_length_296900_cov_56.653750
220,mobileOG_000330176|hda|WP_101453253.1|replication/recombination/repair|NA|Plasmid RefSeq|Homology,NODE_6_length_296900_cov_56.653750_33 # 30171 # 30653 # -1 # ID=6_33;partial=00;start_type=GTG;rbs_motif=AGxAGG/AGGxGG;rbs_spacer=5-10bp;gc_cont=0.600,98.8,320,233,1.13e-111,161,74,233,1,160,mobileOG_000330176,hda,WP_101453253.1,replication/recombination/repair,NA,Plasmid RefSeq,Homology,NODE_6_length_296900_cov_56.653750_33, 30171 # 30653 # -1 , 30171,30653,-1 ,6_33,6,33,00,GTG,AGxAGG/AGGxGG,5-10bp,0.600,NODE_6_length_296900_cov_56.653750,mobileOG_000330176_NODE_6_length_296900_cov_56.653750
221,mobileOG_000040283|hda|A0A094VSK4|replication/recombination/repair|NA|COMPASS|Homology,NODE_6_length_296900_cov_56.653750_33 # 30171 # 30653 # -1 # ID=6_33;partial=00;start_type=GTG;rbs_motif=AGxAGG/AGGxGG;rbs_spacer=5-10bp;gc_cont=0.600,90.0,291,225,1.13e-100,161,66,225,1,160,mobileOG_000040283,hda,A0A094VSK4,replication/recombination/repair,NA,COMPASS,Homology,NODE_6_length_296900_cov_56.653750_33, 30171 # 30653 # -1 , 30171,30653,-1 ,6_33,6,33,00,GTG,AGxAGG/AGGxGG,5-10bp,0.600,NODE_6_length_296900_cov_56.653750,mobileOG_000040283_NODE_6_length_296900_cov_56.653750
222,mobileOG_000327250|hda|WP_000247065.1|replication/recombination/repair|NA|Plasmid RefSeq|Homology,NODE_6_length_296900_cov_56.653750_33 # 30171 # 30653 # -1 # ID=6_33;partial=00;start_type=GTG;rbs_motif=AGxAGG/AGGxGG;rbs_spacer=5-10bp;gc_cont=0.600,90.0,291,248,2.47e-100,161,89,248,1,160,mobileOG_000327250,hda,WP_000247065.1,replication/recombination/repair,NA,Plasmid RefSeq,Homology,NODE_6_length_296900_cov_56.653750_33, 30171 # 30653 # -1 , 30171,30653,-1 ,6_33,6,33,00,GTG,AGxAGG/AGGxGG,5-10bp,0.600,NODE_6_length_296900_cov_56.653750,mobileOG_000327250_NODE_6_length_296900_cov_56.653750
223,mobileOG_000340880|vapC|WP_033654558.1|stability/transfer/defense|NA|Plasmid RefSeq|Homology,NODE_6_length_296900_cov_56.653750_69 # 78585 # 78974 # -1 # ID=6_69;partial=00;start_type=ATG;rbs_motif=AGGA;rbs_spacer=5-10bp;gc_cont=0.582,96.1,246,129,8.28e-85,130,1,129,1,129,mobileOG_000340880,vapC,WP_033654558.1,stability/transfer/defense,NA,Plasmid RefSeq,Homology,NODE_6_length_296900_cov_56.653750_69, 78585 # 78974 # -1 , 78585,78974,-1 ,6_69,6,69,00,ATG,AGGA,5-10bp,0.582,NODE_6_length_296900_cov_56.653750,mobileOG_000340880_NODE_6_length_296900_cov_56.653750
224,mobileOG_000164422|trbL|A0A1V2T697|transfer|conjugation|GPD|Homology,NODE_6_length_296900_cov_56.653750_116 # 126512 # 127903 # -1 # ID=6_116;partial=00;start_type=ATG;rbs_motif=GGA/GAG/AGG;rbs_spacer=5-10bp;gc_cont=0.433,96.5,611,463,5.60e-218,464,1,463,1,463,mobileOG_000164422,trbL,A0A1V2T697,transfer,conjugation,GPD,Homology,NODE_6_length_296900_cov_56.653750_116, 126512 # 127903 # -1 , 126512,127903,-1 ,6_116,6,116,00,ATG,GGA/GAG/AGG,5-10bp,0.433,NODE_6_length_296900_cov_56.653750,mobileOG_000164422_NODE_6_length_296900_cov_56.653750
225,mobileOG_000012773|trbJ|A0A1V2T654|transfer|conjugation|GPD|Manual,NODE_6_length_296900_cov_56.653750_117 # 128091 # 128885 # -1 # ID=6_117;partial=00;start_type=ATG;rbs_motif=GGAG/GAGG;rbs_spacer=5-10bp;gc_cont=0.473,93.9,417,264,6.44e-148,265,1,264,1,264,mobileOG_000012773,trbJ,A0A1V2T654,transfer,conjugation,GPD,Manual,NODE_6_length_296900_cov_56.653750_117, 128091 # 128885 # -1 , 128091,128885,-1 ,6_117,6,117,00,ATG,GGAG/GAGG,5-10bp,0.473,NODE_6_length_296900_cov_56.653750,mobileOG_000012773_NODE_6_length_296900_cov_56.653750
226,mobileOG_000436133|NA:Keyword|D7Y9L5|integration/excision|NA|GPD|Keyword Search,NODE_6_length_296900_cov_56.653750_123 # 134228 # 135418 # -1 # ID=6_123;partial=00;start_type=ATG;rbs_motif=AGGA/GGAG/GAGG;rbs_spacer=11-12bp;gc_cont=0.471,99.2,769,396,6.37e-283,397,1,396,1,396,mobileOG_000436133,NA:Keyword,D7Y9L5,integration/excision,NA,GPD,Keyword Search,NODE_6_length_296900_cov_56.653750_123, 134228 # 135418 # -1 , 134228,135418,-1 ,6_123,6,123,00,ATG,AGGA/GGAG/GAGG,11-12bp,0.471,NODE_6_length_296900_cov_56.653750,mobileOG_000436133_NODE_6_length_296900_cov_56.653750
227,mobileOG_000558936|NA:Keyword|A0A1V2T6D4|integration/excision|NA|GPD|Keyword Search,NODE_6_length_296900_cov_56.653750_123 # 134228 # 135418 # -1 # ID=6_123;partial=00;start_type=ATG;rbs_motif=AGGA/GGAG/GAGG;rbs_spacer=11-12bp;gc_cont=0.471,97.7,759,396,1.18e-278,397,1,395,1,395,mobileOG_000558936,NA:Keyword,A0A1V2T6D4,integration/excision,NA,GPD,Keyword Search,NODE_6_length_296900_cov_56.653750_123, 134228 # 135418 # -1 , 134228,135418,-1 ,6_123,6,123,00,ATG,AGGA/GGAG/GAGG,11-12bp,0.471,NODE_6_length_296900_cov_56.653750,mobileOG_000558936_NODE_6_length_296900_cov_56.653750
228,mobileOG_000328285|xseA|WP_031299944.1|replication/recombination/repair|NA|Plasmid RefSeq|Homology,NODE_6_length_296900_cov_56.653750_126 # 139118 # 140416 # 1 # ID=6_126;partial=00;start_type=ATG;rbs_motif=GGA/GAG/AGG;rbs_spacer=5-10bp;gc_cont=0.667,99.5,649,458,1.24e-233,433,27,458,1,432,mobileOG_000328285,xseA,WP_031299944.1,replication/recombination/repair,NA,Plasmid RefSeq,Homology,NODE_6_length_296900_cov_56.653750_126, 139118 # 140416 # 1 , 139118,140416,1 ,6_126,6,126,00,ATG,GGA/GAG/AGG,5-10bp,0.667,NODE_6_length_296900_cov_56.653750,mobileOG_000328285_NODE_6_length_296900_cov_56.653750
229,"mobileOG_000329166|dnaK|WP_101455550.1|phage|infection,regulation|Plasmid RefSeq|Homology",NODE_6_length_296900_cov_56.653750_147 # 161272 # 163122 # -1 # ID=6_147;partial=00;start_type=ATG;rbs_motif=GGA/GAG/AGG;rbs_spacer=5-10bp;gc_cont=0.662,99.2,1142,616,0.0,617,1,616,1,616,mobileOG_000329166,dnaK,WP_101455550.1,phage,"infection,regulation",Plasmid RefSeq,Homology,NODE_6_length_296900_cov_56.653750_147, 161272 # 163122 # -1 , 161272,163122,-1 ,6_147,6,147,00,ATG,GGA/GAG/AGG,5-10bp,0.662,NODE_6_length_296900_cov_56.653750,mobileOG_000329166_NODE_6_length_296900_cov_56.653750
230,mobileOG_000368501|recO|WP_004929165.1|replication/recombination/repair|NA|Multiple|Homology,NODE_6_length_296900_cov_56.653750_187 # 206442 # 207173 # -1 # ID=6_187;partial=00;start_type=GTG;rbs_motif=None;rbs_spacer=None;gc_cont=0.630,100,486,243,6.84e-176,244,1,243,1,243,mobileOG_000368501,recO,WP_004929165.1,replication/recombination/repair,NA,Multiple,Homology,NODE_6_length_296900_cov_56.653750_187, 206442 # 207173 # -1 , 206442,207173,-1 ,6_187,6,187,00,GTG,None,None,0.630,NODE_6_length_296900_cov_56.653750,mobileOG_000368501_NODE_6_length_296900_cov_56.653750
231,mobileOG_000368553|ung|WP_033635636.1|replication/recombination/repair|NA|Plasmid RefSeq|Homology,NODE_6_length_296900_cov_56.653750_203 # 222586 # 223269 # 1 # ID=6_203;partial=00;start_type=ATG;rbs_motif=AGGAG;rbs_spacer=5-10bp;gc_cont=0.629,99.1,474,227,7.45e-172,228,1,227,1,227,mobileOG_000368553,ung,WP_033635636.1,replication/recombination/repair,NA,Plasmid RefSeq,Homology,NODE_6_length_296900_cov_56.653750_203, 222586 # 223269 # 1 , 222586,223269,1 ,6_203,6,203,00,ATG,AGGAG,5-10bp,0.629,NODE_6_length_296900_cov_56.653750,mobileOG_000368553_NODE_6_length_296900_cov_56.653750
232,mobileOG_000328446|recN|WP_033654310.1|replication/recombination/repair|NA|Plasmid RefSeq|Homology,NODE_6_length_296900_cov_56.653750_206 # 225001 # 226662 # 1 # ID=6_206;partial=00;start_type=ATG;rbs_motif=AGGA;rbs_spacer=5-10bp;gc_cont=0.643,99.5,1041,553,0.0,554,1,553,1,553,mobileOG_000328446,recN,WP_033654310.1,replication/recombination/repair,NA,Plasmid RefSeq,Homology,NODE_6_length_296900_cov_56.653750_206, 225001 # 226662 # 1 , 225001,226662,1 ,6_206,6,206,00,ATG,AGGA,5-10bp,0.643,NODE_6_length_296900_cov_56.653750,mobileOG_000328446_NODE_6_length_296900_cov_56.653750
233,mobileOG_000337297|ratA|WP_086580341.1|stability/transfer/defense|NA|Plasmid RefSeq|Homology,NODE_6_length_296900_cov_56.653750_209 # 227637 # 228071 # -1 # ID=6_209;partial=00;start_type=ATG;rbs_motif=AGGA;rbs_spacer=5-10bp;gc_cont=0.570,99.3,285,162,1.85e-99,145,19,162,1,144,mobileOG_000337297,ratA,WP_086580341.1,stability/transfer/defense,NA,Plasmid RefSeq,Homology,NODE_6_length_296900_cov_56.653750_209, 227637 # 228071 # -1 , 227637,228071,-1 ,6_209,6,209,00,ATG,AGGA,5-10bp,0.570,NODE_6_length_296900_cov_56.653750,mobileOG_000337297_NODE_6_length_296900_cov_56.653750
234,mobileOG_000203282|intA_3|A0A1Q4NXD7|integration/excision|NA|GPD|Homology,NODE_6_length_296900_cov_56.653750_211 # 229331 # 230572 # 1 # ID=6_211;partial=00;start_type=ATG;rbs_motif=GGAG/GAGG;rbs_spacer=5-10bp;gc_cont=0.473,96.6,790,413,1.41e-290,414,1,413,1,413,mobileOG_000203282,intA_3,A0A1Q4NXD7,integration/excision,NA,GPD,Homology,NODE_6_length_296900_cov_56.653750_211, 229331 # 230572 # 1 , 229331,230572,1 ,6_211,6,211,00,ATG,GGAG/GAGG,5-10bp,0.473,NODE_6_length_296900_cov_56.653750,mobileOG_000203282_NODE_6_length_296900_cov_56.653750
235,mobileOG_000295851|intA_3|A0A330EQ68|integration/excision|NA|Plasmid RefSeq|Homology,NODE_6_length_296900_cov_56.653750_211 # 229331 # 230572 # 1 # ID=6_211;partial=00;start_type=ATG;rbs_motif=GGAG/GAGG;rbs_spacer=5-10bp;gc_cont=0.473,94.7,777,420,3.97e-285,414,1,413,1,413,mobileOG_000295851,intA_3,A0A330EQ68,integration/excision,NA,Plasmid RefSeq,Homology,NODE_6_length_296900_cov_56.653750_211, 229331 # 230572 # 1 , 229331,230572,1 ,6_211,6,211,00,ATG,GGAG/GAGG,5-10bp,0.473,NODE_6_length_296900_cov_56.653750,mobileOG_000295851_NODE_6_length_296900_cov_56.653750
236,mobileOG_000200853|intA_3|L2UTQ3|integration/excision|NA|GPD|Homology,NODE_6_length_296900_cov_56.653750_211 # 229331 # 230572 # 1 # ID=6_211;partial=00;start_type=ATG;rbs_motif=GGAG/GAGG;rbs_spacer=5-10bp;gc_cont=0.473,93.9,774,413,3.56e-284,414,1,413,1,413,mobileOG_000200853,intA_3,L2UTQ3,integration/excision,NA,GPD,Homology,NODE_6_length_296900_cov_56.653750_211, 229331 # 230572 # 1 , 229331,230572,1 ,6_211,6,211,00,ATG,GGAG/GAGG,5-10bp,0.473,NODE_6_length_296900_cov_56.653750,mobileOG_000200853_NODE_6_length_296900_cov_56.653750
237,mobileOG_000229506|intA_3|L2UTQ3|integration/excision|NA|GPD|Homology,NODE_6_length_296900_cov_56.653750_211 # 229331 # 230572 # 1 # ID=6_211;partial=00;start_type=ATG;rbs_motif=GGAG/GAGG;rbs_spacer=5-10bp;gc_cont=0.473,93.7,773,413,1.45e-283,414,1,413,1,413,mobileOG_000229506,intA_3,L2UTQ3,integration/excision,NA,GPD,Homology,NODE_6_length_296900_cov_56.653750_211, 229331 # 230572 # 1 , 229331,230572,1 ,6_211,6,211,00,ATG,GGAG/GAGG,5-10bp,0.473,NODE_6_length_296900_cov_56.653750,mobileOG_000229506_NODE_6_length_296900_cov_56.653750
238,mobileOG_000242728|intA_3|A0A421IAM3|integration/excision|NA|GPD|Homology,NODE_6_length_296900_cov_56.653750_211 # 229331 # 230572 # 1 # ID=6_211;partial=00;start_type=ATG;rbs_motif=GGAG/GAGG;rbs_spacer=5-10bp;gc_cont=0.473,92.7,767,413,2.80e-281,414,1,413,1,413,mobileOG_000242728,intA_3,A0A421IAM3,integration/excision,NA,GPD,Homology,NODE_6_length_296900_cov_56.653750_211, 229331 # 230572 # 1 , 229331,230572,1 ,6_211,6,211,00,ATG,GGAG/GAGG,5-10bp,0.473,NODE_6_length_296900_cov_56.653750,mobileOG_000242728_NODE_6_length_296900_cov_56.653750
239,mobileOG_000262105|intA_3|D7Y3Q2|integration/excision|NA|GPD|Homology,NODE_6_length_296900_cov_56.653750_211 # 229331 # 230572 # 1 # ID=6_211;partial=00;start_type=ATG;rbs_motif=GGAG/GAGG;rbs_spacer=5-10bp;gc_cont=0.473,92.7,763,413,6.58e-280,414,1,413,1,413,mobileOG_000262105,intA_3,D7Y3Q2,integration/excision,NA,GPD,Homology,NODE_6_length_296900_cov_56.653750_211, 229331 # 230572 # 1 , 229331,230572,1 ,6_211,6,211,00,ATG,GGAG/GAGG,5-10bp,0.473,NODE_6_length_296900_cov_56.653750,mobileOG_000262105_NODE_6_length_296900_cov_56.653750
240,mobileOG_000011533|intA|A0A080HJX7|integration/excision|NA|GPD|Manual,NODE_6_length_296900_cov_56.653750_211 # 229331 # 230572 # 1 # ID=6_211;partial=00;start_type=ATG;rbs_motif=GGAG/GAGG;rbs_spacer=5-10bp;gc_cont=0.473,92.5,762,413,2.68e-279,414,1,413,1,413,mobileOG_000011533,intA,A0A080HJX7,integration/excision,NA,GPD,Manual,NODE_6_length_296900_cov_56.653750_211, 229331 # 230572 # 1 , 229331,230572,1 ,6_211,6,211,00,ATG,GGAG/GAGG,5-10bp,0.473,NODE_6_length_296900_cov_56.653750,mobileOG_000011533_NODE_6_length_296900_cov_56.653750
241,mobileOG_000148791|intA_3|A0A0W6TUZ9|integration/excision|NA|GPD|Homology,NODE_6_length_296900_cov_56.653750_211 # 229331 # 230572 # 1 # ID=6_211;partial=00;start_type=ATG;rbs_motif=GGAG/GAGG;rbs_spacer=5-10bp;gc_cont=0.473,90.5,748,413,1.16e-273,414,1,412,1,412,mobileOG_000148791,intA_3,A0A0W6TUZ9,integration/excision,NA,GPD,Homology,NODE_6_length_296900_cov_56.653750_211, 229331 # 230572 # 1 , 229331,230572,1 ,6_211,6,211,00,ATG,GGAG/GAGG,5-10bp,0.473,NODE_6_length_296900_cov_56.653750,mobileOG_000148791_NODE_6_length_296900_cov_56.653750
242,"mobileOG_000301583|dpiA|WP_033635694.1|replication/recombination/repair|partitioning,regulation|Plasmid RefSeq|Homology",NODE_6_length_296900_cov_56.653750_255 # 275649 # 276335 # 1 # ID=6_255;partial=00;start_type=ATG;rbs_motif=GGA/GAG/AGG;rbs_spacer=5-10bp;gc_cont=0.603,98.7,440,228,3.00e-158,229,1,228,1,228,mobileOG_000301583,dpiA,WP_033635694.1,replication/recombination/repair,"partitioning,regulation",Plasmid RefSeq,Homology,NODE_6_length_296900_cov_56.653750_255, 275649 # 276335 # 1 , 275649,276335,1 ,6_255,6,255,00,ATG,GGA/GAG/AGG,5-10bp,0.603,NODE_6_length_296900_cov_56.653750,mobileOG_000301583_NODE_6_length_296900_cov_56.653750
243,mobileOG_000756572|NA:Keyword|WP_033635147.1|phage|regulation|Plasmid RefSeq|Keyword Search,NODE_7_length_287651_cov_51.705773_65 # 60570 # 61370 # 1 # ID=7_65;partial=00;start_type=ATG;rbs_motif=GGA/GAG/AGG;rbs_spacer=5-10bp;gc_cont=0.643,99.6,525,266,1.62e-190,267,1,266,1,266,mobileOG_000756572,NA:Keyword,WP_033635147.1,phage,regulation,Plasmid RefSeq,Keyword Search,NODE_7_length_287651_cov_51.705773_65, 60570 # 61370 # 1 , 60570,61370,1 ,7_65,7,65,00,ATG,GGA/GAG/AGG,5-10bp,0.643,NODE_7_length_287651_cov_51.705773,mobileOG_000756572_NODE_7_length_287651_cov_51.705773
244,mobileOG_000368530|alkB|WP_019452474.1|replication/recombination/repair|NA|Plasmid RefSeq|Homology,NODE_7_length_287651_cov_51.705773_104 # 107533 # 108180 # -1 # ID=7_104;partial=00;start_type=ATG;rbs_motif=GGA/GAG/AGG;rbs_spacer=5-10bp;gc_cont=0.684,99.1,452,215,2.93e-163,216,1,215,1,215,mobileOG_000368530,alkB,WP_019452474.1,replication/recombination/repair,NA,Plasmid RefSeq,Homology,NODE_7_length_287651_cov_51.705773_104, 107533 # 108180 # -1 , 107533,108180,-1 ,7_104,7,104,00,ATG,GGA/GAG/AGG,5-10bp,0.684,NODE_7_length_287651_cov_51.705773,mobileOG_000368530_NODE_7_length_287651_cov_51.705773
245,mobileOG_000333875|alkB|WP_033654914.1|replication/recombination/repair|NA|Plasmid RefSeq|Homology,NODE_7_length_287651_cov_51.705773_104 # 107533 # 108180 # -1 # ID=7_104;partial=00;start_type=ATG;rbs_motif=GGA/GAG/AGG;rbs_spacer=5-10bp;gc_cont=0.684,98.6,447,215,1.98e-161,216,1,215,1,215,mobileOG_000333875,alkB,WP_033654914.1,replication/recombination/repair,NA,Plasmid RefSeq,Homology,NODE_7_length_287651_cov_51.705773_104, 107533 # 108180 # -1 , 107533,108180,-1 ,7_104,7,104,00,ATG,GGA/GAG/AGG,5-10bp,0.684,NODE_7_length_287651_cov_51.705773,mobileOG_000333875_NODE_7_length_287651_cov_51.705773
246,"mobileOG_000368534|dpiA|WP_021505854.1|replication/recombination/repair|partitioning,regulation|Plasmid RefSeq|Homology",NODE_7_length_287651_cov_51.705773_117 # 120677 # 121363 # 1 # ID=7_117;partial=00;start_type=ATG;rbs_motif=AGxAGG/AGGxGG;rbs_spacer=5-10bp;gc_cont=0.656,99.6,445,228,3.12e-160,229,1,228,1,228,mobileOG_000368534,dpiA,WP_021505854.1,replication/recombination/repair,"partitioning,regulation",Plasmid RefSeq,Homology,NODE_7_length_287651_cov_51.705773_117, 120677 # 121363 # 1 , 120677,121363,1 ,7_117,7,117,00,ATG,AGxAGG/AGGxGG,5-10bp,0.656,NODE_7_length_287651_cov_51.705773,mobileOG_000368534_NODE_7_length_287651_cov_51.705773
247,"mobileOG_000330121|dpiA|WP_033654924.1|replication/recombination/repair|partitioning,regulation|Plasmid RefSeq|Homology",NODE_7_length_287651_cov_51.705773_117 # 120677 # 121363 # 1 # ID=7_117;partial=00;start_type=ATG;rbs_motif=AGxAGG/AGGxGG;rbs_spacer=5-10bp;gc_cont=0.656,99.1,442,228,3.65e-159,229,1,228,1,228,mobileOG_000330121,dpiA,WP_033654924.1,replication/recombination/repair,"partitioning,regulation",Plasmid RefSeq,Homology,NODE_7_length_287651_cov_51.705773_117, 120677 # 121363 # 1 , 120677,121363,1 ,7_117,7,117,00,ATG,AGxAGG/AGGxGG,5-10bp,0.656,NODE_7_length_287651_cov_51.705773,mobileOG_000330121_NODE_7_length_287651_cov_51.705773
248,mobileOG_000361586|higA|WP_033635213.1|stability/transfer/defense|NA|Plasmid RefSeq|Homology,NODE_7_length_287651_cov_51.705773_148 # 158280 # 158582 # -1 # ID=7_148;partial=00;start_type=ATG;rbs_motif=AGGAG;rbs_spacer=5-10bp;gc_cont=0.574,99.0,191,100,1.29e-63,101,1,100,1,100,mobileOG_000361586,higA,WP_033635213.1,stability/transfer/defense,NA,Plasmid RefSeq,Homology,NODE_7_length_287651_cov_51.705773_148, 158280 # 158582 # -1 , 158280,158582,-1 ,7_148,7,148,00,ATG,AGGAG,5-10bp,0.574,NODE_7_length_287651_cov_51.705773,mobileOG_000361586_NODE_7_length_287651_cov_51.705773
249,mobileOG_000288460|higA|WP_017383313.1|stability/transfer/defense|NA|Plasmid RefSeq|Homology,NODE_7_length_287651_cov_51.705773_148 # 158280 # 158582 # -1 # ID=7_148;partial=00;start_type=ATG;rbs_motif=AGGAG;rbs_spacer=5-10bp;gc_cont=0.574,90.0,177,100,1.98e-58,101,1,100,1,100,mobileOG_000288460,higA,WP_017383313.1,stability/transfer/defense,NA,Plasmid RefSeq,Homology,NODE_7_length_287651_cov_51.705773_148, 158280 # 158582 # -1 , 158280,158582,-1 ,7_148,7,148,00,ATG,AGGAG,5-10bp,0.574,NODE_7_length_287651_cov_51.705773,mobileOG_000288460_NODE_7_length_287651_cov_51.705773
250,mobileOG_000291413|higA|A0A426WK01|stability/transfer/defense|NA|Plasmid RefSeq|Homology,NODE_7_length_287651_cov_51.705773_148 # 158280 # 158582 # -1 # ID=7_148;partial=00;start_type=ATG;rbs_motif=AGGAG;rbs_spacer=5-10bp;gc_cont=0.574,90.0,175,100,1.63e-57,101,1,100,1,100,mobileOG_000291413,higA,A0A426WK01,stability/transfer/defense,NA,Plasmid RefSeq,Homology,NODE_7_length_287651_cov_51.705773_148, 158280 # 158582 # -1 , 158280,158582,-1 ,7_148,7,148,00,ATG,AGGAG,5-10bp,0.574,NODE_7_length_287651_cov_51.705773,mobileOG_000291413_NODE_7_length_287651_cov_51.705773
251,mobileOG_000326136|sbcB|WP_101455532.1|replication/recombination/repair|stability/transfer/defense|Plasmid RefSeq|Homology,NODE_7_length_287651_cov_51.705773_193 # 204156 # 205583 # 1 # ID=7_193;partial=00;start_type=TTG;rbs_motif=GGA/GAG/AGG;rbs_spacer=5-10bp;gc_cont=0.618,99.2,952,475,0.0,476,1,475,1,475,mobileOG_000326136,sbcB,WP_101455532.1,replication/recombination/repair,stability/transfer/defense,Plasmid RefSeq,Homology,NODE_7_length_287651_cov_51.705773_193, 204156 # 205583 # 1 , 204156,205583,1 ,7_193,7,193,00,TTG,GGA/GAG/AGG,5-10bp,0.618,NODE_7_length_287651_cov_51.705773,mobileOG_000326136_NODE_7_length_287651_cov_51.705773
252,mobileOG_000331689|sbcB|WP_101453939.1|replication/recombination/repair|stability/transfer/defense|Plasmid RefSeq|Homology,NODE_7_length_287651_cov_51.705773_193 # 204156 # 205583 # 1 # ID=7_193;partial=00;start_type=TTG;rbs_motif=GGA/GAG/AGG;rbs_spacer=5-10bp;gc_cont=0.618,99.6,945,476,0.0,476,9,476,8,475,mobileOG_000331689,sbcB,WP_101453939.1,replication/recombination/repair,stability/transfer/defense,Plasmid RefSeq,Homology,NODE_7_length_287651_cov_51.705773_193, 204156 # 205583 # 1 , 204156,205583,1 ,7_193,7,193,00,TTG,GGA/GAG/AGG,5-10bp,0.618,NODE_7_length_287651_cov_51.705773,mobileOG_000331689_NODE_7_length_287651_cov_51.705773
253,mobileOG_000336681|sbcB|WP_060435614.1|replication/recombination/repair|stability/transfer/defense|Plasmid RefSeq|Homology,NODE_7_length_287651_cov_51.705773_193 # 204156 # 205583 # 1 # ID=7_193;partial=00;start_type=TTG;rbs_motif=GGA/GAG/AGG;rbs_spacer=5-10bp;gc_cont=0.618,99.6,945,476,0.0,476,9,476,8,475,mobileOG_000336681,sbcB,WP_060435614.1,replication/recombination/repair,stability/transfer/defense,Plasmid RefSeq,Homology,NODE_7_length_287651_cov_51.705773_193, 204156 # 205583 # 1 , 204156,205583,1 ,7_193,7,193,00,TTG,GGA/GAG/AGG,5-10bp,0.618,NODE_7_length_287651_cov_51.705773,mobileOG_000336681_NODE_7_length_287651_cov_51.705773
254,mobileOG_000365480|nfo|WP_033635262.1|replication/recombination/repair|NA|Plasmid RefSeq|Homology,NODE_7_length_287651_cov_51.705773_209 # 223481 # 224320 # 1 # ID=7_209;partial=00;start_type=ATG;rbs_motif=AGGAG;rbs_spacer=5-10bp;gc_cont=0.611,99.6,566,279,3.06e-206,280,1,279,1,279,mobileOG_000365480,nfo,WP_033635262.1,replication/recombination/repair,NA,Plasmid RefSeq,Homology,NODE_7_length_287651_cov_51.705773_209, 223481 # 224320 # 1 , 223481,224320,1 ,7_209,7,209,00,ATG,AGGAG,5-10bp,0.611,NODE_7_length_287651_cov_51.705773,mobileOG_000365480_NODE_7_length_287651_cov_51.705773
255,mobileOG_000365481|nfo|WP_033643802.1|replication/recombination/repair|NA|Plasmid RefSeq|Homology,NODE_7_length_287651_cov_51.705773_209 # 223481 # 224320 # 1 # ID=7_209;partial=00;start_type=ATG;rbs_motif=AGGAG;rbs_spacer=5-10bp;gc_cont=0.611,98.6,560,279,5.92e-204,280,1,279,1,279,mobileOG_000365481,nfo,WP_033643802.1,replication/recombination/repair,NA,Plasmid RefSeq,Homology,NODE_7_length_287651_cov_51.705773_209, 223481 # 224320 # 1 , 223481,224320,1 ,7_209,7,209,00,ATG,AGGAG,5-10bp,0.611,NODE_7_length_287651_cov_51.705773,mobileOG_000365481_NODE_7_length_287651_cov_51.705773
256,mobileOG_000341065|Fi_ORF45|WP_033635283.1|replication/recombination/repair|NA|Plasmid RefSeq|Homology,NODE_7_length_287651_cov_51.705773_234 # 253769 # 255526 # 1 # ID=7_234;partial=00;start_type=ATG;rbs_motif=None;rbs_spacer=None;gc_cont=0.642,99.0,1181,585,0.0,586,1,585,1,585,mobileOG_000341065,Fi_ORF45,WP_033635283.1,replication/recombination/repair,NA,Plasmid RefSeq,Homology,NODE_7_length_287651_cov_51.705773_234, 253769 # 255526 # 1 , 253769,255526,1 ,7_234,7,234,00,ATG,None,None,0.642,NODE_7_length_287651_cov_51.705773,mobileOG_000341065_NODE_7_length_287651_cov_51.705773
257,mobileOG_000314070|Fi_ORF45|WP_039565051.1|replication/recombination/repair|NA|Plasmid RefSeq|Homology,NODE_7_length_287651_cov_51.705773_234 # 253769 # 255526 # 1 # ID=7_234;partial=00;start_type=ATG;rbs_motif=None;rbs_spacer=None;gc_cont=0.642,99.0,1180,585,0.0,586,1,585,1,585,mobileOG_000314070,Fi_ORF45,WP_039565051.1,replication/recombination/repair,NA,Plasmid RefSeq,Homology,NODE_7_length_287651_cov_51.705773_234, 253769 # 255526 # 1 , 253769,255526,1 ,7_234,7,234,00,ATG,None,None,0.642,NODE_7_length_287651_cov_51.705773,mobileOG_000314070_NODE_7_length_287651_cov_51.705773
258,mobileOG_000351496|Fi_ORF45|WP_047574306.1|replication/recombination/repair|NA|Plasmid RefSeq|Homology,NODE_7_length_287651_cov_51.705773_234 # 253769 # 255526 # 1 # ID=7_234;partial=00;start_type=ATG;rbs_motif=None;rbs_spacer=None;gc_cont=0.642,98.5,1175,585,0.0,586,1,585,1,585,mobileOG_000351496,Fi_ORF45,WP_047574306.1,replication/recombination/repair,NA,Plasmid RefSeq,Homology,NODE_7_length_287651_cov_51.705773_234, 253769 # 255526 # 1 , 253769,255526,1 ,7_234,7,234,00,ATG,None,None,0.642,NODE_7_length_287651_cov_51.705773,mobileOG_000351496_NODE_7_length_287651_cov_51.705773
259,mobileOG_000189151|K|A0A2V4G1Y2|phage|structural|GPD|Homology,NODE_7_length_287651_cov_51.705773_254 # 280396 # 281100 # -1 # ID=7_254;partial=00;start_type=ATG;rbs_motif=AGxAGG/AGGxGG;rbs_spacer=5-10bp;gc_cont=0.621,90.6,470,234,8.65e-170,235,1,234,1,234,mobileOG_000189151,K,A0A2V4G1Y2,phage,structural,GPD,Homology,NODE_7_length_287651_cov_51.705773_254, 280396 # 281100 # -1 , 280396,281100,-1 ,7_254,7,254,00,ATG,AGxAGG/AGGxGG,5-10bp,0.621,NODE_7_length_287651_cov_51.705773,mobileOG_000189151_NODE_7_length_287651_cov_51.705773
260,mobileOG_000299146|K|WP_101453919.1|phage|structural|Plasmid RefSeq|Homology,NODE_7_length_287651_cov_51.705773_254 # 280396 # 281100 # -1 # ID=7_254;partial=00;start_type=ATG;rbs_motif=AGxAGG/AGGxGG;rbs_spacer=5-10bp;gc_cont=0.621,90.2,468,234,3.52e-169,235,1,234,1,234,mobileOG_000299146,K,WP_101453919.1,phage,structural,Plasmid RefSeq,Homology,NODE_7_length_287651_cov_51.705773_254, 280396 # 281100 # -1 , 280396,281100,-1 ,7_254,7,254,00,ATG,AGxAGG/AGGxGG,5-10bp,0.621,NODE_7_length_287651_cov_51.705773,mobileOG_000299146_NODE_7_length_287651_cov_51.705773
261,mobileOG_000596591|NA:Keyword|A0A0P0QH13|phage|NA|GPD|Keyword Search,NODE_7_length_287651_cov_51.705773_259 # 285101 # 285556 # -1 # ID=7_259;partial=00;start_type=ATG;rbs_motif=GGA/GAG/AGG;rbs_spacer=5-10bp;gc_cont=0.588,92.1,282,151,3.99e-98,152,1,151,1,151,mobileOG_000596591,NA:Keyword,A0A0P0QH13,phage,NA,GPD,Keyword Search,NODE_7_length_287651_cov_51.705773_259, 285101 # 285556 # -1 , 285101,285556,-1 ,7_259,7,259,00,ATG,GGA/GAG/AGG,5-10bp,0.588,NODE_7_length_287651_cov_51.705773,mobileOG_000596591_NODE_7_length_287651_cov_51.705773
262,mobileOG_000368510|gyrA|WP_004935906.1|replication/recombination/repair|NA|Plasmid RefSeq|Homology,NODE_8_length_241636_cov_54.200647_13 # 14000 # 16642 # -1 # ID=8_13;partial=00;start_type=ATG;rbs_motif=GGA/GAG/AGG;rbs_spacer=5-10bp;gc_cont=0.607,99.9,1557,880,0.0,881,1,880,1,880,mobileOG_000368510,gyrA,WP_004935906.1,replication/recombination/repair,NA,Plasmid RefSeq,Homology,NODE_8_length_241636_cov_54.200647_13, 14000 # 16642 # -1 , 14000,16642,-1 ,8_13,8,13,00,ATG,GGA/GAG/AGG,5-10bp,0.607,NODE_8_length_241636_cov_54.200647,mobileOG_000368510_NODE_8_length_241636_cov_54.200647
263,mobileOG_000353677|gyrA|WP_101453951.1|replication/recombination/repair|NA|Plasmid RefSeq|Homology,NODE_8_length_241636_cov_54.200647_13 # 14000 # 16642 # -1 # ID=8_13;partial=00;start_type=ATG;rbs_motif=GGA/GAG/AGG;rbs_spacer=5-10bp;gc_cont=0.607,99.7,1554,880,0.0,881,1,880,1,880,mobileOG_000353677,gyrA,WP_101453951.1,replication/recombination/repair,NA,Plasmid RefSeq,Homology,NODE_8_length_241636_cov_54.200647_13, 14000 # 16642 # -1 , 14000,16642,-1 ,8_13,8,13,00,ATG,GGA/GAG/AGG,5-10bp,0.607,NODE_8_length_241636_cov_54.200647,mobileOG_000353677_NODE_8_length_241636_cov_54.200647
264,mobileOG_000356476|srnB|WP_004935921.1|stability/transfer/defense|NA|Plasmid RefSeq|Homology,NODE_8_length_241636_cov_54.200647_18 # 21829 # 21981 # -1 # ID=8_18;partial=00;start_type=ATG;rbs_motif=AGGAG;rbs_spacer=5-10bp;gc_cont=0.438,98.0,98.6,50,1.64e-28,51,1,50,1,50,mobileOG_000356476,srnB,WP_004935921.1,stability/transfer/defense,NA,Plasmid RefSeq,Homology,NODE_8_length_241636_cov_54.200647_18, 21829 # 21981 # -1 , 21829,21981,-1 ,8_18,8,18,00,ATG,AGGAG,5-10bp,0.438,NODE_8_length_241636_cov_54.200647,mobileOG_000356476_NODE_8_length_241636_cov_54.200647
265,mobileOG_000555868|NA:Keyword|WP_033648105.1|stability/transfer/defense|NA|GPD|Keyword Search,NODE_8_length_241636_cov_54.200647_150 # 154860 # 155297 # 1 # ID=8_150;partial=00;start_type=ATG;rbs_motif=GGA/GAG/AGG;rbs_spacer=5-10bp;gc_cont=0.594,97.9,285,145,2.18e-99,146,1,145,1,145,mobileOG_000555868,NA:Keyword,WP_033648105.1,stability/transfer/defense,NA,GPD,Keyword Search,NODE_8_length_241636_cov_54.200647_150, 154860 # 155297 # 1 , 154860,155297,1 ,8_150,8,150,00,ATG,GGA/GAG/AGG,5-10bp,0.594,NODE_8_length_241636_cov_54.200647,mobileOG_000555868_NODE_8_length_241636_cov_54.200647
266,mobileOG_000748214|NA:Keyword|WP_033648105.1|stability/transfer/defense|NA|Plasmid RefSeq|Keyword Search,NODE_8_length_241636_cov_54.200647_150 # 154860 # 155297 # 1 # ID=8_150;partial=00;start_type=ATG;rbs_motif=GGA/GAG/AGG;rbs_spacer=5-10bp;gc_cont=0.594,97.9,284,145,4.40e-99,146,1,145,1,145,mobileOG_000748214,NA:Keyword,WP_033648105.1,stability/transfer/defense,NA,Plasmid RefSeq,Keyword Search,NODE_8_length_241636_cov_54.200647_150, 154860 # 155297 # 1 , 154860,155297,1 ,8_150,8,150,00,ATG,GGA/GAG/AGG,5-10bp,0.594,NODE_8_length_241636_cov_54.200647,mobileOG_000748214_NODE_8_length_241636_cov_54.200647
267,mobileOG_000330260|ligA|WP_033654989.1|replication/recombination/repair|NA|Plasmid RefSeq|Homology,NODE_8_length_241636_cov_54.200647_186 # 194840 # 196861 # -1 # ID=8_186;partial=00;start_type=ATG;rbs_motif=None;rbs_spacer=None;gc_cont=0.642,99.6,1289,673,0.0,674,1,673,1,673,mobileOG_000330260,ligA,WP_033654989.1,replication/recombination/repair,NA,Plasmid RefSeq,Homology,NODE_8_length_241636_cov_54.200647_186, 194840 # 196861 # -1 , 194840,196861,-1 ,8_186,8,186,00,ATG,None,None,0.642,NODE_8_length_241636_cov_54.200647,mobileOG_000330260_NODE_8_length_241636_cov_54.200647
268,mobileOG_000327452|ligA|WP_101453266.1|replication/recombination/repair|NA|Plasmid RefSeq|Homology,NODE_8_length_241636_cov_54.200647_186 # 194840 # 196861 # -1 # ID=8_186;partial=00;start_type=ATG;rbs_motif=None;rbs_spacer=None;gc_cont=0.642,99.1,1283,673,0.0,674,1,673,1,673,mobileOG_000327452,ligA,WP_101453266.1,replication/recombination/repair,NA,Plasmid RefSeq,Homology,NODE_8_length_241636_cov_54.200647_186, 194840 # 196861 # -1 , 194840,196861,-1 ,8_186,8,186,00,ATG,None,None,0.642,NODE_8_length_241636_cov_54.200647,mobileOG_000327452_NODE_8_length_241636_cov_54.200647
269,mobileOG_000739974|NA:Keyword|WP_004936539.1|stability/transfer/defense|NA|Plasmid RefSeq|Keyword Search,NODE_8_length_241636_cov_54.200647_215 # 225664 # 225873 # -1 # ID=8_215;partial=00;start_type=ATG;rbs_motif=GGA/GAG/AGG;rbs_spacer=5-10bp;gc_cont=0.505,100,131,69,4.44e-41,70,1,69,1,69,mobileOG_000739974,NA:Keyword,WP_004936539.1,stability/transfer/defense,NA,Plasmid RefSeq,Keyword Search,NODE_8_length_241636_cov_54.200647_215, 225664 # 225873 # -1 , 225664,225873,-1 ,8_215,8,215,00,ATG,GGA/GAG/AGG,5-10bp,0.505,NODE_8_length_241636_cov_54.200647,mobileOG_000739974_NODE_8_length_241636_cov_54.200647
270,mobileOG_000319971|recX|WP_033649272.1|replication/recombination/repair|NA|Plasmid RefSeq|Homology,NODE_9_length_220606_cov_61.758844_3 # 3682 # 4197 # -1 # ID=9_3;partial=00;start_type=ATG;rbs_motif=GGA/GAG/AGG;rbs_spacer=5-10bp;gc_cont=0.578,95.9,330,170,1.51e-116,172,1,170,2,171,mobileOG_000319971,recX,WP_033649272.1,replication/recombination/repair,NA,Plasmid RefSeq,Homology,NODE_9_length_220606_cov_61.758844_3, 3682 # 4197 # -1 , 3682,4197,-1 ,9_3,9,3,00,ATG,GGA/GAG/AGG,5-10bp,0.578,NODE_9_length_220606_cov_61.758844,mobileOG_000319971_NODE_9_length_220606_cov_61.758844
271,mobileOG_000023828|recA|WP_004932541.1|replication/recombination/repair|NA|Plasmid RefSeq|Manual,NODE_9_length_220606_cov_61.758844_4 # 4255 # 5319 # -1 # ID=9_4;partial=00;start_type=ATG;rbs_motif=AGGAG;rbs_spacer=5-10bp;gc_cont=0.584,100,685,354,8.21e-251,355,1,354,1,354,mobileOG_000023828,recA,WP_004932541.1,replication/recombination/repair,NA,Plasmid RefSeq,Manual,NODE_9_length_220606_cov_61.758844_4, 4255 # 5319 # -1 , 4255,5319,-1 ,9_4,9,4,00,ATG,AGGAG,5-10bp,0.584,NODE_9_length_220606_cov_61.758844,mobileOG_000023828_NODE_9_length_220606_cov_61.758844
272,mobileOG_000191114|recA|A0A447LSS3|replication/recombination/repair|NA|GPD|Homology,NODE_9_length_220606_cov_61.758844_4 # 4255 # 5319 # -1 # ID=9_4;partial=00;start_type=ATG;rbs_motif=AGGAG;rbs_spacer=5-10bp;gc_cont=0.584,90.4,625,354,3.42e-227,355,1,354,1,354,mobileOG_000191114,recA,A0A447LSS3,replication/recombination/repair,NA,GPD,Homology,NODE_9_length_220606_cov_61.758844_4, 4255 # 5319 # -1 , 4255,5319,-1 ,9_4,9,4,00,ATG,AGGAG,5-10bp,0.584,NODE_9_length_220606_cov_61.758844,mobileOG_000191114_NODE_9_length_220606_cov_61.758844
273,mobileOG_000282617|recA|WP_004155913.1|replication/recombination/repair|NA|Plasmid RefSeq|Homology,NODE_9_length_220606_cov_61.758844_4 # 4255 # 5319 # -1 # ID=9_4;partial=00;start_type=ATG;rbs_motif=AGGAG;rbs_spacer=5-10bp;gc_cont=0.584,94.2,604,355,5.99e-219,355,1,329,1,329,mobileOG_000282617,recA,WP_004155913.1,replication/recombination/repair,NA,Plasmid RefSeq,Homology,NODE_9_length_220606_cov_61.758844_4, 4255 # 5319 # -1 , 4255,5319,-1 ,9_4,9,4,00,ATG,AGGAG,5-10bp,0.584,NODE_9_length_220606_cov_61.758844,mobileOG_000282617_NODE_9_length_220606_cov_61.758844
274,mobileOG_000288450|recA|A0A422XBN5|replication/recombination/repair|NA|Plasmid RefSeq|Homology,NODE_9_length_220606_cov_61.758844_4 # 4255 # 5319 # -1 # ID=9_4;partial=00;start_type=ATG;rbs_motif=AGGAG;rbs_spacer=5-10bp;gc_cont=0.584,92.4,600,352,2.54e-217,355,1,331,1,331,mobileOG_000288450,recA,A0A422XBN5,replication/recombination/repair,NA,Plasmid RefSeq,Homology,NODE_9_length_220606_cov_61.758844_4, 4255 # 5319 # -1 , 4255,5319,-1 ,9_4,9,4,00,ATG,AGGAG,5-10bp,0.584,NODE_9_length_220606_cov_61.758844,mobileOG_000288450_NODE_9_length_220606_cov_61.758844
275,mobileOG_000023825|recA|WP_002914769.1|replication/recombination/repair|NA|Plasmid RefSeq|Manual,NODE_9_length_220606_cov_61.758844_4 # 4255 # 5319 # -1 # ID=9_4;partial=00;start_type=ATG;rbs_motif=AGGAG;rbs_spacer=5-10bp;gc_cont=0.584,92.1,598,352,1.03e-216,355,1,331,1,331,mobileOG_000023825,recA,WP_002914769.1,replication/recombination/repair,NA,Plasmid RefSeq,Manual,NODE_9_length_220606_cov_61.758844_4, 4255 # 5319 # -1 , 4255,5319,-1 ,9_4,9,4,00,ATG,AGGAG,5-10bp,0.584,NODE_9_length_220606_cov_61.758844,mobileOG_000023825_NODE_9_length_220606_cov_61.758844
276,mobileOG_000333655|ygaD|WP_033649270.1|transfer|competence|Plasmid RefSeq|Homology,NODE_9_length_220606_cov_61.758844_5 # 5431 # 5919 # -1 # ID=9_5;partial=00;start_type=ATG;rbs_motif=GGAGG;rbs_spacer=3-4bp;gc_cont=0.663,98.1,301,162,1.53e-105,163,1,162,1,162,mobileOG_000333655,ygaD,WP_033649270.1,transfer,competence,Plasmid RefSeq,Homology,NODE_9_length_220606_cov_61.758844_5, 5431 # 5919 # -1 , 5431,5919,-1 ,9_5,9,5,00,ATG,GGAGG,3-4bp,0.663,NODE_9_length_220606_cov_61.758844,mobileOG_000333655_NODE_9_length_220606_cov_61.758844
277,mobileOG_000282667|mutS|WP_101456629.1|replication/recombination/repair|NA|Plasmid RefSeq|Homology,NODE_9_length_220606_cov_61.758844_16 # 16973 # 19528 # 1 # ID=9_16;partial=00;start_type=ATG;rbs_motif=GGA/GAG/AGG;rbs_spacer=11-12bp;gc_cont=0.639,99.5,1620,853,0.0,852,11,853,9,851,mobileOG_000282667,mutS,WP_101456629.1,replication/recombination/repair,NA,Plasmid RefSeq,Homology,NODE_9_length_220606_cov_61.758844_16, 16973 # 19528 # 1 , 16973,19528,1 ,9_16,9,16,00,ATG,GGA/GAG/AGG,11-12bp,0.639,NODE_9_length_220606_cov_61.758844,mobileOG_000282667_NODE_9_length_220606_cov_61.758844
278,mobileOG_000368556|mazG|WP_033649234.1|stability/transfer/defense|regulation|Plasmid RefSeq|Homology,NODE_9_length_220606_cov_61.758844_50 # 54979 # 55773 # -1 # ID=9_50;partial=00;start_type=ATG;rbs_motif=GGA/GAG/AGG;rbs_spacer=5-10bp;gc_cont=0.616,97.3,502,264,1.37e-181,265,1,263,1,263,mobileOG_000368556,mazG,WP_033649234.1,stability/transfer/defense,regulation,Plasmid RefSeq,Homology,NODE_9_length_220606_cov_61.758844_50, 54979 # 55773 # -1 , 54979,55773,-1 ,9_50,9,50,00,ATG,GGA/GAG/AGG,5-10bp,0.616,NODE_9_length_220606_cov_61.758844,mobileOG_000368556_NODE_9_length_220606_cov_61.758844
279,mobileOG_000368504|ftsZ|WP_004932757.1|replication/recombination/repair|NA|Plasmid RefSeq|Homology,NODE_9_length_220606_cov_61.758844_77 # 85523 # 86677 # -1 # ID=9_77;partial=00;start_type=ATG;rbs_motif=GGAG/GAGG;rbs_spacer=5-10bp;gc_cont=0.596,100,729,384,1.77e-267,385,1,384,1,384,mobileOG_000368504,ftsZ,WP_004932757.1,replication/recombination/repair,NA,Plasmid RefSeq,Homology,NODE_9_length_220606_cov_61.758844_77, 85523 # 86677 # -1 , 85523,86677,-1 ,9_77,9,77,00,ATG,GGAG/GAGG,5-10bp,0.596,NODE_9_length_220606_cov_61.758844,mobileOG_000368504_NODE_9_length_220606_cov_61.758844
280,mobileOG_000326016|ftsZ|WP_002888628.1|replication/recombination/repair|NA|Plasmid RefSeq|Homology,NODE_9_length_220606_cov_61.758844_77 # 85523 # 86677 # -1 # ID=9_77;partial=00;start_type=ATG;rbs_motif=GGAG/GAGG;rbs_spacer=5-10bp;gc_cont=0.596,96.1,693,383,5.12e-253,385,1,383,1,384,mobileOG_000326016,ftsZ,WP_002888628.1,replication/recombination/repair,NA,Plasmid RefSeq,Homology,NODE_9_length_220606_cov_61.758844_77, 85523 # 86677 # -1 , 85523,86677,-1 ,9_77,9,77,00,ATG,GGAG/GAGG,5-10bp,0.596,NODE_9_length_220606_cov_61.758844,mobileOG_000326016_NODE_9_length_220606_cov_61.758844
281,mobileOG_000331629|ftsZ|WP_000462776.1|replication/recombination/repair|NA|Plasmid RefSeq|Homology,NODE_9_length_220606_cov_61.758844_77 # 85523 # 86677 # -1 # ID=9_77;partial=00;start_type=ATG;rbs_motif=GGAG/GAGG;rbs_spacer=5-10bp;gc_cont=0.596,95.3,689,383,1.71e-251,385,1,383,1,384,mobileOG_000331629,ftsZ,WP_000462776.1,replication/recombination/repair,NA,Plasmid RefSeq,Homology,NODE_9_length_220606_cov_61.758844_77, 85523 # 86677 # -1 , 85523,86677,-1 ,9_77,9,77,00,ATG,GGAG/GAGG,5-10bp,0.596,NODE_9_length_220606_cov_61.758844,mobileOG_000331629_NODE_9_length_220606_cov_61.758844
282,mobileOG_000347821|polB|WP_060438125.1|replication/recombination/repair|NA|Plasmid RefSeq|Homology,NODE_9_length_220606_cov_61.758844_112 # 127950 # 130316 # 1 # ID=9_112;partial=00;start_type=ATG;rbs_motif=3Base/5BMM;rbs_spacer=13-15bp;gc_cont=0.638,97.8,1582,788,0.0,789,1,788,1,788,mobileOG_000347821,polB,WP_060438125.1,replication/recombination/repair,NA,Plasmid RefSeq,Homology,NODE_9_length_220606_cov_61.758844_112, 127950 # 130316 # 1 , 127950,130316,1 ,9_112,9,112,00,ATG,3Base/5BMM,13-15bp,0.638,NODE_9_length_220606_cov_61.758844,mobileOG_000347821_NODE_9_length_220606_cov_61.758844
283,mobileOG_000332824|dnaJ|WP_033637051.1|replication/recombination/repair|NA|Plasmid RefSeq|Homology,NODE_9_length_220606_cov_61.758844_143 # 169104 # 170228 # -1 # ID=9_143;partial=00;start_type=ATG;rbs_motif=GGA/GAG/AGG;rbs_spacer=11-12bp;gc_cont=0.612,99.7,654,374,4.22e-238,375,1,374,1,374,mobileOG_000332824,dnaJ,WP_033637051.1,replication/recombination/repair,NA,Plasmid RefSeq,Homology,NODE_9_length_220606_cov_61.758844_143, 169104 # 170228 # -1 , 169104,170228,-1 ,9_143,9,143,00,ATG,GGA/GAG/AGG,11-12bp,0.612,NODE_9_length_220606_cov_61.758844,mobileOG_000332824_NODE_9_length_220606_cov_61.758844
284,"mobileOG_000281499|dnaK|WP_004932972.1|phage|infection,regulation|Plasmid RefSeq|Homology",NODE_9_length_220606_cov_61.758844_144 # 170335 # 172248 # -1 # ID=9_144;partial=00;start_type=ATG;rbs_motif=GGAG/GAGG;rbs_spacer=5-10bp;gc_cont=0.573,100,1199,637,0.0,638,1,637,1,637,mobileOG_000281499,dnaK,WP_004932972.1,phage,"infection,regulation",Plasmid RefSeq,Homology,NODE_9_length_220606_cov_61.758844_144, 170335 # 172248 # -1 , 170335,172248,-1 ,9_144,9,144,00,ATG,GGAG/GAGG,5-10bp,0.573,NODE_9_length_220606_cov_61.758844,mobileOG_000281499_NODE_9_length_220606_cov_61.758844
285,"mobileOG_000281490|dnaK|WP_000516135.1|phage|infection,regulation|Multiple|Homology",NODE_9_length_220606_cov_61.758844_144 # 170335 # 172248 # -1 # ID=9_144;partial=00;start_type=ATG;rbs_motif=GGAG/GAGG;rbs_spacer=5-10bp;gc_cont=0.573,91.3,1097,638,0.0,638,1,638,1,637,mobileOG_000281490,dnaK,WP_000516135.1,phage,"infection,regulation",Multiple,Homology,NODE_9_length_220606_cov_61.758844_144, 170335 # 172248 # -1 , 170335,172248,-1 ,9_144,9,144,00,ATG,GGAG/GAGG,5-10bp,0.573,NODE_9_length_220606_cov_61.758844,mobileOG_000281490_NODE_9_length_220606_cov_61.758844
286,"mobileOG_000281497|dnaK|WP_004146997.1|phage|infection,regulation|Plasmid RefSeq|Homology",NODE_9_length_220606_cov_61.758844_144 # 170335 # 172248 # -1 # ID=9_144;partial=00;start_type=ATG;rbs_motif=GGAG/GAGG;rbs_spacer=5-10bp;gc_cont=0.573,90.8,1093,638,0.0,638,1,638,1,637,mobileOG_000281497,dnaK,WP_004146997.1,phage,"infection,regulation",Plasmid RefSeq,Homology,NODE_9_length_220606_cov_61.758844_144, 170335 # 172248 # -1 , 170335,172248,-1 ,9_144,9,144,00,ATG,GGAG/GAGG,5-10bp,0.573,NODE_9_length_220606_cov_61.758844,mobileOG_000281497_NODE_9_length_220606_cov_61.758844
287,mobileOG_000301582|radA|WP_025159617.1|replication/recombination/repair|competence|Plasmid RefSeq|Homology,NODE_9_length_220606_cov_61.758844_170 # 201307 # 202692 # -1 # ID=9_170;partial=00;start_type=GTG;rbs_motif=GGAG/GAGG;rbs_spacer=5-10bp;gc_cont=0.656,99.8,896,461,0.0,462,1,461,1,461,mobileOG_000301582,radA,WP_025159617.1,replication/recombination/repair,competence,Plasmid RefSeq,Homology,NODE_9_length_220606_cov_61.758844_170, 201307 # 202692 # -1 , 201307,202692,-1 ,9_170,9,170,00,GTG,GGAG/GAGG,5-10bp,0.656,NODE_9_length_220606_cov_61.758844,mobileOG_000301582_NODE_9_length_220606_cov_61.758844
288,mobileOG_000025504|radA|A0A0H3JJ52|replication/recombination/repair|NA|Plasmid RefSeq|Manual,NODE_9_length_220606_cov_61.758844_170 # 201307 # 202692 # -1 # ID=9_170;partial=00;start_type=GTG;rbs_motif=GGAG/GAGG;rbs_spacer=5-10bp;gc_cont=0.656,91.7,831,460,4.03e-305,462,1,459,1,459,mobileOG_000025504,radA,A0A0H3JJ52,replication/recombination/repair,NA,Plasmid RefSeq,Manual,NODE_9_length_220606_cov_61.758844_170, 201307 # 202692 # -1 , 201307,202692,-1 ,9_170,9,170,00,GTG,GGAG/GAGG,5-10bp,0.656,NODE_9_length_220606_cov_61.758844,mobileOG_000025504_NODE_9_length_220606_cov_61.758844
289,mobileOG_000334077|radA|WP_001029696.1|replication/recombination/repair|competence|Plasmid RefSeq|Homology,NODE_9_length_220606_cov_61.758844_170 # 201307 # 202692 # -1 # ID=9_170;partial=00;start_type=GTG;rbs_motif=GGAG/GAGG;rbs_spacer=5-10bp;gc_cont=0.656,91.5,830,460,1.64e-304,462,1,459,1,459,mobileOG_000334077,radA,WP_001029696.1,replication/recombination/repair,competence,Plasmid RefSeq,Homology,NODE_9_length_220606_cov_61.758844_170, 201307 # 202692 # -1 , 201307,202692,-1 ,9_170,9,170,00,GTG,GGAG/GAGG,5-10bp,0.656,NODE_9_length_220606_cov_61.758844,mobileOG_000334077_NODE_9_length_220606_cov_61.758844
290,mobileOG_000336472|radA|WP_101416475.1|replication/recombination/repair|competence|Plasmid RefSeq|Homology,NODE_9_length_220606_cov_61.758844_170 # 201307 # 202692 # -1 # ID=9_170;partial=00;start_type=GTG;rbs_motif=GGAG/GAGG;rbs_spacer=5-10bp;gc_cont=0.656,90.6,820,460,1.50e-300,462,1,459,1,459,mobileOG_000336472,radA,WP_101416475.1,replication/recombination/repair,competence,Plasmid RefSeq,Homology,NODE_9_length_220606_cov_61.758844_170, 201307 # 202692 # -1 , 201307,202692,-1 ,9_170,9,170,00,GTG,GGAG/GAGG,5-10bp,0.656,NODE_9_length_220606_cov_61.758844,mobileOG_000336472_NODE_9_length_220606_cov_61.758844
291,mobileOG_000323577|comM|WP_101427545.1|transfer|competence|Plasmid RefSeq|Homology,NODE_10_length_220286_cov_66.715102_3 # 1783 # 3306 # -1 # ID=10_3;partial=00;start_type=ATG;rbs_motif=AGGAG;rbs_spacer=5-10bp;gc_cont=0.633,97.6,941,507,0.0,508,1,507,1,507,mobileOG_000323577,comM,WP_101427545.1,transfer,competence,Plasmid RefSeq,Homology,NODE_10_length_220286_cov_66.715102_3, 1783 # 3306 # -1 , 1783,3306,-1 ,10_3,10,3,00,ATG,AGGAG,5-10bp,0.633,NODE_10_length_220286_cov_66.715102,mobileOG_000323577_NODE_10_length_220286_cov_66.715102
292,mobileOG_000323580|comM|WP_033649962.1|transfer|competence|Plasmid RefSeq|Homology,NODE_10_length_220286_cov_66.715102_3 # 1783 # 3306 # -1 # ID=10_3;partial=00;start_type=ATG;rbs_motif=AGGAG;rbs_spacer=5-10bp;gc_cont=0.633,97.2,939,507,0.0,508,1,507,1,507,mobileOG_000323580,comM,WP_033649962.1,transfer,competence,Plasmid RefSeq,Homology,NODE_10_length_220286_cov_66.715102_3, 1783 # 3306 # -1 , 1783,3306,-1 ,10_3,10,3,00,ATG,AGGAG,5-10bp,0.633,NODE_10_length_220286_cov_66.715102,mobileOG_000323580_NODE_10_length_220286_cov_66.715102
293,mobileOG_000351512|comM|WP_101452725.1|transfer|competence|Plasmid RefSeq|Homology,NODE_10_length_220286_cov_66.715102_3 # 1783 # 3306 # -1 # ID=10_3;partial=00;start_type=ATG;rbs_motif=AGGAG;rbs_spacer=5-10bp;gc_cont=0.633,93.9,907,507,0.0,508,1,507,1,507,mobileOG_000351512,comM,WP_101452725.1,transfer,competence,Plasmid RefSeq,Homology,NODE_10_length_220286_cov_66.715102_3, 1783 # 3306 # -1 , 1783,3306,-1 ,10_3,10,3,00,ATG,AGGAG,5-10bp,0.633,NODE_10_length_220286_cov_66.715102,mobileOG_000351512_NODE_10_length_220286_cov_66.715102
294,mobileOG_000754507|NA:Keyword|WP_016930391.1|transfer|NA|Plasmid RefSeq|Keyword Search,NODE_10_length_220286_cov_66.715102_109 # 131368 # 132204 # -1 # ID=10_109;partial=00;start_type=ATG;rbs_motif=GGA/GAG/AGG;rbs_spacer=5-10bp;gc_cont=0.612,99.6,562,278,9.46e-205,279,1,278,1,278,mobileOG_000754507,NA:Keyword,WP_016930391.1,transfer,NA,Plasmid RefSeq,Keyword Search,NODE_10_length_220286_cov_66.715102_109, 131368 # 132204 # -1 , 131368,132204,-1 ,10_109,10,109,00,ATG,GGA/GAG/AGG,5-10bp,0.612,NODE_10_length_220286_cov_66.715102,mobileOG_000754507_NODE_10_length_220286_cov_66.715102
295,mobileOG_000755095|NA:Keyword|WP_033651754.1|transfer|NA|Plasmid RefSeq|Keyword Search,NODE_10_length_220286_cov_66.715102_109 # 131368 # 132204 # -1 # ID=10_109;partial=00;start_type=ATG;rbs_motif=GGA/GAG/AGG;rbs_spacer=5-10bp;gc_cont=0.612,98.6,558,278,2.23e-203,279,1,278,1,278,mobileOG_000755095,NA:Keyword,WP_033651754.1,transfer,NA,Plasmid RefSeq,Keyword Search,NODE_10_length_220286_cov_66.715102_109, 131368 # 132204 # -1 , 131368,132204,-1 ,10_109,10,109,00,ATG,GGA/GAG/AGG,5-10bp,0.612,NODE_10_length_220286_cov_66.715102,mobileOG_000755095_NODE_10_length_220286_cov_66.715102
296,mobileOG_000756355|NA:Keyword|WP_039569119.1|transfer|NA|Plasmid RefSeq|Keyword Search,NODE_10_length_220286_cov_66.715102_109 # 131368 # 132204 # -1 # ID=10_109;partial=00;start_type=ATG;rbs_motif=GGA/GAG/AGG;rbs_spacer=5-10bp;gc_cont=0.612,97.1,551,278,1.24e-200,279,1,278,1,278,mobileOG_000756355,NA:Keyword,WP_039569119.1,transfer,NA,Plasmid RefSeq,Keyword Search,NODE_10_length_220286_cov_66.715102_109, 131368 # 132204 # -1 , 131368,132204,-1 ,10_109,10,109,00,ATG,GGA/GAG/AGG,5-10bp,0.612,NODE_10_length_220286_cov_66.715102,mobileOG_000756355_NODE_10_length_220286_cov_66.715102
297,mobileOG_000340872|vapC|WP_016930378.1|stability/transfer/defense|NA|Plasmid RefSeq|Homology,NODE_10_length_220286_cov_66.715102_127 # 153678 # 154157 # -1 # ID=10_127;partial=00;start_type=ATG;rbs_motif=None;rbs_spacer=None;gc_cont=0.558,100,325,159,8.61e-115,160,1,159,1,159,mobileOG_000340872,vapC,WP_016930378.1,stability/transfer/defense,NA,Plasmid RefSeq,Homology,NODE_10_length_220286_cov_66.715102_127, 153678 # 154157 # -1 , 153678,154157,-1 ,10_127,10,127,00,ATG,None,None,0.558,NODE_10_length_220286_cov_66.715102,mobileOG_000340872_NODE_10_length_220286_cov_66.715102
298,mobileOG_000342074|vapC|WP_074026079.1|stability/transfer/defense|NA|Plasmid RefSeq|Homology,NODE_10_length_220286_cov_66.715102_127 # 153678 # 154157 # -1 # ID=10_127;partial=00;start_type=ATG;rbs_motif=None;rbs_spacer=None;gc_cont=0.558,98.1,321,159,2.03e-113,160,1,159,1,159,mobileOG_000342074,vapC,WP_074026079.1,stability/transfer/defense,NA,Plasmid RefSeq,Homology,NODE_10_length_220286_cov_66.715102_127, 153678 # 154157 # -1 , 153678,154157,-1 ,10_127,10,127,00,ATG,None,None,0.558,NODE_10_length_220286_cov_66.715102,mobileOG_000342074_NODE_10_length_220286_cov_66.715102
299,mobileOG_000342300|vapC|WP_033636311.1|stability/transfer/defense|NA|Plasmid RefSeq|Homology,NODE_10_length_220286_cov_66.715102_127 # 153678 # 154157 # -1 # ID=10_127;partial=00;start_type=ATG;rbs_motif=None;rbs_spacer=None;gc_cont=0.558,97.5,320,159,5.82e-113,160,1,159,1,159,mobileOG_000342300,vapC,WP_033636311.1,stability/transfer/defense,NA,Plasmid RefSeq,Homology,NODE_10_length_220286_cov_66.715102_127, 153678 # 154157 # -1 , 153678,154157,-1 ,10_127,10,127,00,ATG,None,None,0.558,NODE_10_length_220286_cov_66.715102,mobileOG_000342300_NODE_10_length_220286_cov_66.715102
300,mobileOG_000365493|dam_1|WP_004930319.1|stability/transfer/defense|NA|Plasmid RefSeq|Homology,NODE_10_length_220286_cov_66.715102_144 # 171200 # 171907 # 1 # ID=10_144;partial=00;start_type=GTG;rbs_motif=GGA/GAG/AGG;rbs_spacer=5-10bp;gc_cont=0.561,99.6,474,270,7.04e-171,236,36,270,1,235,mobileOG_000365493,dam_1,WP_004930319.1,stability/transfer/defense,NA,Plasmid RefSeq,Homology,NODE_10_length_220286_cov_66.715102_144, 171200 # 171907 # 1 , 171200,171907,1 ,10_144,10,144,00,GTG,GGA/GAG/AGG,5-10bp,0.561,NODE_10_length_220286_cov_66.715102,mobileOG_000365493_NODE_10_length_220286_cov_66.715102
301,mobileOG_000365501|dam_1|WP_033636297.1|stability/transfer/defense|NA|Plasmid RefSeq|Homology,NODE_10_length_220286_cov_66.715102_144 # 171200 # 171907 # 1 # ID=10_144;partial=00;start_type=GTG;rbs_motif=GGA/GAG/AGG;rbs_spacer=5-10bp;gc_cont=0.561,99.1,472,270,5.78e-170,236,36,270,1,235,mobileOG_000365501,dam_1,WP_033636297.1,stability/transfer/defense,NA,Plasmid RefSeq,Homology,NODE_10_length_220286_cov_66.715102_144, 171200 # 171907 # 1 , 171200,171907,1 ,10_144,10,144,00,GTG,GGA/GAG/AGG,5-10bp,0.561,NODE_10_length_220286_cov_66.715102,mobileOG_000365501_NODE_10_length_220286_cov_66.715102
302,mobileOG_000365508|dam_1|WP_047573438.1|stability/transfer/defense|NA|Plasmid RefSeq|Homology,NODE_10_length_220286_cov_66.715102_144 # 171200 # 171907 # 1 # ID=10_144;partial=00;start_type=GTG;rbs_motif=GGA/GAG/AGG;rbs_spacer=5-10bp;gc_cont=0.561,98.3,469,270,9.58e-169,236,36,270,1,235,mobileOG_000365508,dam_1,WP_047573438.1,stability/transfer/defense,NA,Plasmid RefSeq,Homology,NODE_10_length_220286_cov_66.715102_144, 171200 # 171907 # 1 , 171200,171907,1 ,10_144,10,144,00,GTG,GGA/GAG/AGG,5-10bp,0.561,NODE_10_length_220286_cov_66.715102,mobileOG_000365508_NODE_10_length_220286_cov_66.715102
303,mobileOG_000329165|recD|WP_101427295.1|replication/recombination/repair|NA|Plasmid RefSeq|Homology,NODE_11_length_148233_cov_60.154830_3 # 3162 # 5012 # -1 # ID=11_3;partial=00;start_type=ATG;rbs_motif=GGAGG;rbs_spacer=5-10bp;gc_cont=0.665,96.9,1129,616,0.0,617,1,616,1,616,mobileOG_000329165,recD,WP_101427295.1,replication/recombination/repair,NA,Plasmid RefSeq,Homology,NODE_11_length_148233_cov_60.154830_3, 3162 # 5012 # -1 , 3162,5012,-1 ,11_3,11,3,00,ATG,GGAGG,5-10bp,0.665,NODE_11_length_148233_cov_60.154830,mobileOG_000329165_NODE_11_length_148233_cov_60.154830
304,mobileOG_000336351|recB|WP_101427296.1|replication/recombination/repair|NA|Plasmid RefSeq|Homology,NODE_11_length_148233_cov_60.154830_4 # 5009 # 8560 # -1 # ID=11_4;partial=00;start_type=ATG;rbs_motif=None;rbs_spacer=None;gc_cont=0.627,96.9,2274,1183,0.0,1184,1,1183,1,1183,mobileOG_000336351,recB,WP_101427296.1,replication/recombination/repair,NA,Plasmid RefSeq,Homology,NODE_11_length_148233_cov_60.154830_4, 5009 # 8560 # -1 , 5009,8560,-1 ,11_4,11,4,00,ATG,None,None,0.627,NODE_11_length_148233_cov_60.154830,mobileOG_000336351_NODE_11_length_148233_cov_60.154830
305,mobileOG_000327740|recC|WP_101427297.1|replication/recombination/repair|NA|Plasmid RefSeq|Homology,NODE_11_length_148233_cov_60.154830_6 # 11678 # 15049 # -1 # ID=11_6;partial=00;start_type=ATG;rbs_motif=AGGAG;rbs_spacer=5-10bp;gc_cont=0.618,97.6,2216,1123,0.0,1124,1,1123,1,1123,mobileOG_000327740,recC,WP_101427297.1,replication/recombination/repair,NA,Plasmid RefSeq,Homology,NODE_11_length_148233_cov_60.154830_6, 11678 # 15049 # -1 , 11678,15049,-1 ,11_6,11,6,00,ATG,AGGAG,5-10bp,0.618,NODE_11_length_148233_cov_60.154830,mobileOG_000327740_NODE_11_length_148233_cov_60.154830
306,"mobileOG_000368528|thyA|WP_016929918.1|phage|replication,infection,regulation|Plasmid RefSeq|Homology",NODE_11_length_148233_cov_60.154830_11 # 17120 # 17914 # -1 # ID=11_11;partial=00;start_type=ATG;rbs_motif=GGAG/GAGG;rbs_spacer=5-10bp;gc_cont=0.576,100,556,264,8.77e-203,265,1,264,1,264,mobileOG_000368528,thyA,WP_016929918.1,phage,"replication,infection,regulation",Plasmid RefSeq,Homology,NODE_11_length_148233_cov_60.154830_11, 17120 # 17914 # -1 , 17120,17914,-1 ,11_11,11,11,00,ATG,GGAG/GAGG,5-10bp,0.576,NODE_11_length_148233_cov_60.154830,mobileOG_000368528_NODE_11_length_148233_cov_60.154830
307,"mobileOG_000326744|thyA|WP_008806329.1|phage|replication,infection,regulation|Plasmid RefSeq|Homology",NODE_11_length_148233_cov_60.154830_11 # 17120 # 17914 # -1 # ID=11_11;partial=00;start_type=ATG;rbs_motif=GGAG/GAGG;rbs_spacer=5-10bp;gc_cont=0.576,90.2,513,264,5.19e-186,265,1,264,1,264,mobileOG_000326744,thyA,WP_008806329.1,phage,"replication,infection,regulation",Plasmid RefSeq,Homology,NODE_11_length_148233_cov_60.154830_11, 17120 # 17914 # -1 , 17120,17914,-1 ,11_11,11,11,00,ATG,GGAG/GAGG,5-10bp,0.576,NODE_11_length_148233_cov_60.154830,mobileOG_000326744_NODE_11_length_148233_cov_60.154830
308,mobileOG_000330963|mutH|WP_033635764.1|replication/recombination/repair|NA|Plasmid RefSeq|Homology,NODE_11_length_148233_cov_60.154830_15 # 22500 # 23186 # 1 # ID=11_15;partial=00;start_type=ATG;rbs_motif=GGA/GAG/AGG;rbs_spacer=5-10bp;gc_cont=0.614,96.1,444,228,1.27e-159,229,1,228,1,228,mobileOG_000330963,mutH,WP_033635764.1,replication/recombination/repair,NA,Plasmid RefSeq,Homology,NODE_11_length_148233_cov_60.154830_15, 22500 # 23186 # 1 , 22500,23186,1 ,11_15,11,15,00,ATG,GGA/GAG/AGG,5-10bp,0.614,NODE_11_length_148233_cov_60.154830,mobileOG_000330963_NODE_11_length_148233_cov_60.154830
309,mobileOG_000328805|recJ|WP_101427312.1|replication/recombination/repair|NA|Plasmid RefSeq|Homology,NODE_11_length_148233_cov_60.154830_72 # 82248 # 83981 # -1 # ID=11_72;partial=00;start_type=GTG;rbs_motif=GGxGG;rbs_spacer=5-10bp;gc_cont=0.675,99.1,1126,577,0.0,578,1,577,1,577,mobileOG_000328805,recJ,WP_101427312.1,replication/recombination/repair,NA,Plasmid RefSeq,Homology,NODE_11_length_148233_cov_60.154830_72, 82248 # 83981 # -1 , 82248,83981,-1 ,11_72,11,72,00,GTG,GGxGG,5-10bp,0.675,NODE_11_length_148233_cov_60.154830,mobileOG_000328805_NODE_11_length_148233_cov_60.154830
310,mobileOG_000327810|xerD|WP_033638574.1|integration/excision|replication/recombination/repair|Plasmid RefSeq|Homology,NODE_11_length_148233_cov_60.154830_74 # 84731 # 85666 # -1 # ID=11_74;partial=00;start_type=ATG;rbs_motif=GGA/GAG/AGG;rbs_spacer=3-4bp;gc_cont=0.612,98.3,575,299,3.61e-209,312,1,299,13,311,mobileOG_000327810,xerD,WP_033638574.1,integration/excision,replication/recombination/repair,Plasmid RefSeq,Homology,NODE_11_length_148233_cov_60.154830_74, 84731 # 85666 # -1 , 84731,85666,-1 ,11_74,11,74,00,ATG,GGA/GAG/AGG,3-4bp,0.612,NODE_11_length_148233_cov_60.154830,mobileOG_000327810_NODE_11_length_148233_cov_60.154830
311,mobileOG_000728847|NA:Keyword|WP_101427320.1|stability/transfer/defense|NA|Plasmid RefSeq|Keyword Search,NODE_11_length_148233_cov_60.154830_98 # 107395 # 107712 # -1 # ID=11_98;partial=00;start_type=ATG;rbs_motif=GGAG/GAGG;rbs_spacer=5-10bp;gc_cont=0.544,95.2,195,105,2.74e-65,106,1,105,1,105,mobileOG_000728847,NA:Keyword,WP_101427320.1,stability/transfer/defense,NA,Plasmid RefSeq,Keyword Search,NODE_11_length_148233_cov_60.154830_98, 107395 # 107712 # -1 , 107395,107712,-1 ,11_98,11,98,00,ATG,GGAG/GAGG,5-10bp,0.544,NODE_11_length_148233_cov_60.154830,mobileOG_000728847_NODE_11_length_148233_cov_60.154830
312,mobileOG_000313841|tag|WP_033636547.1|replication/recombination/repair|NA|Plasmid RefSeq|Homology,NODE_12_length_145033_cov_68.308542_60 # 68777 # 69343 # 1 # ID=12_60;partial=00;start_type=ATG;rbs_motif=GGA/GAG/AGG;rbs_spacer=5-10bp;gc_cont=0.600,97.9,389,188,2.66e-139,189,1,188,1,188,mobileOG_000313841,tag,WP_033636547.1,replication/recombination/repair,NA,Plasmid RefSeq,Homology,NODE_12_length_145033_cov_68.308542_60, 68777 # 69343 # 1 , 68777,69343,1 ,12_60,12,60,00,ATG,GGA/GAG/AGG,5-10bp,0.600,NODE_12_length_145033_cov_68.308542,mobileOG_000313841_NODE_12_length_145033_cov_68.308542
313,mobileOG_000351490|tag|WP_033652312.1|replication/recombination/repair|NA|Plasmid RefSeq|Homology,NODE_12_length_145033_cov_68.308542_60 # 68777 # 69343 # 1 # ID=12_60;partial=00;start_type=ATG;rbs_motif=GGA/GAG/AGG;rbs_spacer=5-10bp;gc_cont=0.600,97.9,388,188,5.36e-139,189,1,188,1,188,mobileOG_000351490,tag,WP_033652312.1,replication/recombination/repair,NA,Plasmid RefSeq,Homology,NODE_12_length_145033_cov_68.308542_60, 68777 # 69343 # 1 , 68777,69343,1 ,12_60,12,60,00,ATG,GGA/GAG/AGG,5-10bp,0.600,NODE_12_length_145033_cov_68.308542,mobileOG_000351490_NODE_12_length_145033_cov_68.308542
314,mobileOG_000353686|gyrB|WP_004933898.1|replication/recombination/repair|transfer|Plasmid RefSeq|Homology,NODE_12_length_145033_cov_68.308542_79 # 88158 # 90572 # -1 # ID=12_79;partial=00;start_type=ATG;rbs_motif=GGA/GAG/AGG;rbs_spacer=5-10bp;gc_cont=0.601,99.8,1586,804,0.0,805,1,804,1,804,mobileOG_000353686,gyrB,WP_004933898.1,replication/recombination/repair,transfer,Plasmid RefSeq,Homology,NODE_12_length_145033_cov_68.308542_79, 88158 # 90572 # -1 , 88158,90572,-1 ,12_79,12,79,00,ATG,GGA/GAG/AGG,5-10bp,0.601,NODE_12_length_145033_cov_68.308542,mobileOG_000353686_NODE_12_length_145033_cov_68.308542
315,mobileOG_000353692|gyrB|WP_033636532.1|replication/recombination/repair|transfer|Plasmid RefSeq|Homology,NODE_12_length_145033_cov_68.308542_79 # 88158 # 90572 # -1 # ID=12_79;partial=00;start_type=ATG;rbs_motif=GGA/GAG/AGG;rbs_spacer=5-10bp;gc_cont=0.601,99.6,1585,804,0.0,805,1,804,1,804,mobileOG_000353692,gyrB,WP_033636532.1,replication/recombination/repair,transfer,Plasmid RefSeq,Homology,NODE_12_length_145033_cov_68.308542_79, 88158 # 90572 # -1 , 88158,90572,-1 ,12_79,12,79,00,ATG,GGA/GAG/AGG,5-10bp,0.601,NODE_12_length_145033_cov_68.308542,mobileOG_000353692_NODE_12_length_145033_cov_68.308542
316,mobileOG_000353683|gyrB|WP_002209642.1|replication/recombination/repair|transfer|Plasmid RefSeq|Homology,NODE_12_length_145033_cov_68.308542_79 # 88158 # 90572 # -1 # ID=12_79;partial=00;start_type=ATG;rbs_motif=GGA/GAG/AGG;rbs_spacer=5-10bp;gc_cont=0.601,90.3,1447,804,0.0,805,1,804,1,804,mobileOG_000353683,gyrB,WP_002209642.1,replication/recombination/repair,transfer,Plasmid RefSeq,Homology,NODE_12_length_145033_cov_68.308542_79, 88158 # 90572 # -1 , 88158,90572,-1 ,12_79,12,79,00,ATG,GGA/GAG/AGG,5-10bp,0.601,NODE_12_length_145033_cov_68.308542,mobileOG_000353683_NODE_12_length_145033_cov_68.308542
317,mobileOG_000351474|recF|WP_004933895.1|replication/recombination/repair|NA|Plasmid RefSeq|Homology,NODE_12_length_145033_cov_68.308542_80 # 90591 # 91676 # -1 # ID=12_80;partial=00;start_type=ATG;rbs_motif=None;rbs_spacer=None;gc_cont=0.617,100,712,361,3.03e-261,362,1,361,1,361,mobileOG_000351474,recF,WP_004933895.1,replication/recombination/repair,NA,Plasmid RefSeq,Homology,NODE_12_length_145033_cov_68.308542_80, 90591 # 91676 # -1 , 90591,91676,-1 ,12_80,12,80,00,ATG,None,None,0.617,NODE_12_length_145033_cov_68.308542,mobileOG_000351474_NODE_12_length_145033_cov_68.308542
318,mobileOG_000335523|recF|WP_033653950.1|replication/recombination/repair|NA|Plasmid RefSeq|Homology,NODE_12_length_145033_cov_68.308542_80 # 90591 # 91676 # -1 # ID=12_80;partial=00;start_type=ATG;rbs_motif=None;rbs_spacer=None;gc_cont=0.617,99.7,711,361,8.68e-261,362,1,361,1,361,mobileOG_000335523,recF,WP_033653950.1,replication/recombination/repair,NA,Plasmid RefSeq,Homology,NODE_12_length_145033_cov_68.308542_80, 90591 # 91676 # -1 , 90591,91676,-1 ,12_80,12,80,00,ATG,None,None,0.617,NODE_12_length_145033_cov_68.308542,mobileOG_000335523_NODE_12_length_145033_cov_68.308542
319,mobileOG_000026075|recF|Q8Z9U9|replication/recombination/repair|NA|Plasmid RefSeq|Manual,NODE_12_length_145033_cov_68.308542_80 # 90591 # 91676 # -1 # ID=12_80;partial=00;start_type=ATG;rbs_motif=None;rbs_spacer=None;gc_cont=0.617,93.1,668,361,7.18e-244,362,1,361,1,361,mobileOG_000026075,recF,Q8Z9U9,replication/recombination/repair,NA,Plasmid RefSeq,Manual,NODE_12_length_145033_cov_68.308542_80, 90591 # 91676 # -1 , 90591,91676,-1 ,12_80,12,80,00,ATG,None,None,0.617,NODE_12_length_145033_cov_68.308542,mobileOG_000026075_NODE_12_length_145033_cov_68.308542
320,mobileOG_000368509|dnaN|WP_004933892.1|replication/recombination/repair|NA|Plasmid RefSeq|Homology,NODE_12_length_145033_cov_68.308542_81 # 91838 # 92938 # -1 # ID=12_81;partial=00;start_type=ATG;rbs_motif=None;rbs_spacer=None;gc_cont=0.636,100,711,366,1.28e-260,367,1,366,1,366,mobileOG_000368509,dnaN,WP_004933892.1,replication/recombination/repair,NA,Plasmid RefSeq,Homology,NODE_12_length_145033_cov_68.308542_81, 91838 # 92938 # -1 , 91838,92938,-1 ,12_81,12,81,00,ATG,None,None,0.636,NODE_12_length_145033_cov_68.308542,mobileOG_000368509_NODE_12_length_145033_cov_68.308542
321,mobileOG_000025545|dnaN|WP_000673464.1|replication/recombination/repair|NA|Multiple|Manual,NODE_12_length_145033_cov_68.308542_81 # 91838 # 92938 # -1 # ID=12_81;partial=00;start_type=ATG;rbs_motif=None;rbs_spacer=None;gc_cont=0.636,92.6,667,366,1.50e-243,367,1,366,1,366,mobileOG_000025545,dnaN,WP_000673464.1,replication/recombination/repair,NA,Multiple,Manual,NODE_12_length_145033_cov_68.308542_81, 91838 # 92938 # -1 , 91838,92938,-1 ,12_81,12,81,00,ATG,None,None,0.636,NODE_12_length_145033_cov_68.308542,mobileOG_000025545_NODE_12_length_145033_cov_68.308542
322,mobileOG_000351838|dnaN|WP_002209645.1|replication/recombination/repair|NA|Plasmid RefSeq|Homology,NODE_12_length_145033_cov_68.308542_81 # 91838 # 92938 # -1 # ID=12_81;partial=00;start_type=ATG;rbs_motif=None;rbs_spacer=None;gc_cont=0.636,93.7,667,366,1.50e-243,367,1,366,1,366,mobileOG_000351838,dnaN,WP_002209645.1,replication/recombination/repair,NA,Plasmid RefSeq,Homology,NODE_12_length_145033_cov_68.308542_81, 91838 # 92938 # -1 , 91838,92938,-1 ,12_81,12,81,00,ATG,None,None,0.636,NODE_12_length_145033_cov_68.308542,mobileOG_000351838_NODE_12_length_145033_cov_68.308542
323,mobileOG_000288418|dnaN|A0A422XA93|replication/recombination/repair|NA|Plasmid RefSeq|Homology,NODE_12_length_145033_cov_68.308542_81 # 91838 # 92938 # -1 # ID=12_81;partial=00;start_type=ATG;rbs_motif=None;rbs_spacer=None;gc_cont=0.636,90.4,659,366,3.38e-240,367,1,366,1,366,mobileOG_000288418,dnaN,A0A422XA93,replication/recombination/repair,NA,Plasmid RefSeq,Homology,NODE_12_length_145033_cov_68.308542_81, 91838 # 92938 # -1 , 91838,92938,-1 ,12_81,12,81,00,ATG,None,None,0.636,NODE_12_length_145033_cov_68.308542,mobileOG_000288418_NODE_12_length_145033_cov_68.308542
324,mobileOG_000288440|dnaN|WP_015570134.1|replication/recombination/repair|NA|Plasmid RefSeq|Homology,NODE_12_length_145033_cov_68.308542_81 # 91838 # 92938 # -1 # ID=12_81;partial=00;start_type=ATG;rbs_motif=None;rbs_spacer=None;gc_cont=0.636,90.2,657,366,1.38e-239,367,1,366,1,366,mobileOG_000288440,dnaN,WP_015570134.1,replication/recombination/repair,NA,Plasmid RefSeq,Homology,NODE_12_length_145033_cov_68.308542_81, 91838 # 92938 # -1 , 91838,92938,-1 ,12_81,12,81,00,ATG,None,None,0.636,NODE_12_length_145033_cov_68.308542,mobileOG_000288440_NODE_12_length_145033_cov_68.308542
325,mobileOG_000289030|dnaN|WP_008806743.1|replication/recombination/repair|NA|Plasmid RefSeq|Homology,NODE_12_length_145033_cov_68.308542_81 # 91838 # 92938 # -1 # ID=12_81;partial=00;start_type=ATG;rbs_motif=None;rbs_spacer=None;gc_cont=0.636,90.2,650,366,7.60e-237,367,1,366,1,366,mobileOG_000289030,dnaN,WP_008806743.1,replication/recombination/repair,NA,Plasmid RefSeq,Homology,NODE_12_length_145033_cov_68.308542_81, 91838 # 92938 # -1 , 91838,92938,-1 ,12_81,12,81,00,ATG,None,None,0.636,NODE_12_length_145033_cov_68.308542,mobileOG_000289030_NODE_12_length_145033_cov_68.308542
326,mobileOG_000334819|dnaN|WP_023279353.1|replication/recombination/repair|NA|Plasmid RefSeq|Homology,NODE_12_length_145033_cov_68.308542_81 # 91838 # 92938 # -1 # ID=12_81;partial=00;start_type=ATG;rbs_motif=None;rbs_spacer=None;gc_cont=0.636,90.4,650,366,7.60e-237,367,1,366,1,366,mobileOG_000334819,dnaN,WP_023279353.1,replication/recombination/repair,NA,Plasmid RefSeq,Homology,NODE_12_length_145033_cov_68.308542_81, 91838 # 92938 # -1 , 91838,92938,-1 ,12_81,12,81,00,ATG,None,None,0.636,NODE_12_length_145033_cov_68.308542,mobileOG_000334819_NODE_12_length_145033_cov_68.308542
327,mobileOG_000368508|dnaA|WP_004933889.1|replication/recombination/repair|NA|Plasmid RefSeq|Homology,NODE_12_length_145033_cov_68.308542_82 # 92943 # 94337 # -1 # ID=12_82;partial=00;start_type=GTG;rbs_motif=GGAG/GAGG;rbs_spacer=5-10bp;gc_cont=0.584,100,901,464,0.0,465,1,464,1,464,mobileOG_000368508,dnaA,WP_004933889.1,replication/recombination/repair,NA,Plasmid RefSeq,Homology,NODE_12_length_145033_cov_68.308542_82, 92943 # 94337 # -1 , 92943,94337,-1 ,12_82,12,82,00,GTG,GGAG/GAGG,5-10bp,0.584,NODE_12_length_145033_cov_68.308542,mobileOG_000368508_NODE_12_length_145033_cov_68.308542
328,mobileOG_000325760|dnaA|WP_049235245.1|replication/recombination/repair|NA|Plasmid RefSeq|Homology,NODE_12_length_145033_cov_68.308542_82 # 92943 # 94337 # -1 # ID=12_82;partial=00;start_type=GTG;rbs_motif=GGAG/GAGG;rbs_spacer=5-10bp;gc_cont=0.584,99.6,897,464,0.0,465,1,464,1,464,mobileOG_000325760,dnaA,WP_049235245.1,replication/recombination/repair,NA,Plasmid RefSeq,Homology,NODE_12_length_145033_cov_68.308542_82, 92943 # 94337 # -1 , 92943,94337,-1 ,12_82,12,82,00,GTG,GGAG/GAGG,5-10bp,0.584,NODE_12_length_145033_cov_68.308542,mobileOG_000325760_NODE_12_length_145033_cov_68.308542
329,mobileOG_000351845|dnaA|WP_002220732.1|replication/recombination/repair|NA|Plasmid RefSeq|Homology,NODE_12_length_145033_cov_68.308542_82 # 92943 # 94337 # -1 # ID=12_82;partial=00;start_type=GTG;rbs_motif=GGAG/GAGG;rbs_spacer=5-10bp;gc_cont=0.584,95.9,860,462,1.28e-316,465,1,462,1,464,mobileOG_000351845,dnaA,WP_002220732.1,replication/recombination/repair,NA,Plasmid RefSeq,Homology,NODE_12_length_145033_cov_68.308542_82, 92943 # 94337 # -1 , 92943,94337,-1 ,12_82,12,82,00,GTG,GGAG/GAGG,5-10bp,0.584,NODE_12_length_145033_cov_68.308542,mobileOG_000351845_NODE_12_length_145033_cov_68.308542
330,mobileOG_000288419|dnaA|WP_003861124.1|replication/recombination/repair|NA|Plasmid RefSeq|Homology,NODE_12_length_145033_cov_68.308542_82 # 92943 # 94337 # -1 # ID=12_82;partial=00;start_type=GTG;rbs_motif=GGAG/GAGG;rbs_spacer=5-10bp;gc_cont=0.584,93.3,838,464,1.36e-307,465,1,464,1,464,mobileOG_000288419,dnaA,WP_003861124.1,replication/recombination/repair,NA,Plasmid RefSeq,Homology,NODE_12_length_145033_cov_68.308542_82, 92943 # 94337 # -1 , 92943,94337,-1 ,12_82,12,82,00,GTG,GGAG/GAGG,5-10bp,0.584,NODE_12_length_145033_cov_68.308542,mobileOG_000288419_NODE_12_length_145033_cov_68.308542
331,mobileOG_000290312|dnaA|A0A156L3P6|replication/recombination/repair|NA|Plasmid RefSeq|Homology,NODE_12_length_145033_cov_68.308542_82 # 92943 # 94337 # -1 # ID=12_82;partial=00;start_type=GTG;rbs_motif=GGAG/GAGG;rbs_spacer=5-10bp;gc_cont=0.584,93.3,837,464,3.89e-307,465,1,464,1,464,mobileOG_000290312,dnaA,A0A156L3P6,replication/recombination/repair,NA,Plasmid RefSeq,Homology,NODE_12_length_145033_cov_68.308542_82, 92943 # 94337 # -1 , 92943,94337,-1 ,12_82,12,82,00,GTG,GGAG/GAGG,5-10bp,0.584,NODE_12_length_145033_cov_68.308542,mobileOG_000290312_NODE_12_length_145033_cov_68.308542
332,mobileOG_000327698|dnaA|ETJ17985.1|replication/recombination/repair|NA|Plasmid RefSeq|Homology,NODE_12_length_145033_cov_68.308542_82 # 92943 # 94337 # -1 # ID=12_82;partial=00;start_type=GTG;rbs_motif=GGAG/GAGG;rbs_spacer=5-10bp;gc_cont=0.584,92.7,828,467,1.39e-303,465,1,467,1,464,mobileOG_000327698,dnaA,ETJ17985.1,replication/recombination/repair,NA,Plasmid RefSeq,Homology,NODE_12_length_145033_cov_68.308542_82, 92943 # 94337 # -1 , 92943,94337,-1 ,12_82,12,82,00,GTG,GGAG/GAGG,5-10bp,0.584,NODE_12_length_145033_cov_68.308542,mobileOG_000327698_NODE_12_length_145033_cov_68.308542
333,mobileOG_000332967|dnaA|WP_004151534.1|replication/recombination/repair|NA|Plasmid RefSeq|Homology,NODE_12_length_145033_cov_68.308542_82 # 92943 # 94337 # -1 # ID=12_82;partial=00;start_type=GTG;rbs_motif=GGAG/GAGG;rbs_spacer=5-10bp;gc_cont=0.584,92.1,827,467,1.97e-303,465,1,467,1,464,mobileOG_000332967,dnaA,WP_004151534.1,replication/recombination/repair,NA,Plasmid RefSeq,Homology,NODE_12_length_145033_cov_68.308542_82, 92943 # 94337 # -1 , 92943,94337,-1 ,12_82,12,82,00,GTG,GGAG/GAGG,5-10bp,0.584,NODE_12_length_145033_cov_68.308542,mobileOG_000332967_NODE_12_length_145033_cov_68.308542
334,mobileOG_000327451|dnaA|WP_101416330.1|replication/recombination/repair|NA|Plasmid RefSeq|Homology,NODE_12_length_145033_cov_68.308542_82 # 92943 # 94337 # -1 # ID=12_82;partial=00;start_type=GTG;rbs_motif=GGAG/GAGG;rbs_spacer=5-10bp;gc_cont=0.584,91.9,825,467,2.30e-302,465,1,467,1,464,mobileOG_000327451,dnaA,WP_101416330.1,replication/recombination/repair,NA,Plasmid RefSeq,Homology,NODE_12_length_145033_cov_68.308542_82, 92943 # 94337 # -1 , 92943,94337,-1 ,12_82,12,82,00,GTG,GGAG/GAGG,5-10bp,0.584,NODE_12_length_145033_cov_68.308542,mobileOG_000327451_NODE_12_length_145033_cov_68.308542
335,mobileOG_000368507|rnpA|ECX89229.1|replication/recombination/repair|NA|Plasmid RefSeq|Homology,NODE_12_length_145033_cov_68.308542_83 # 95211 # 95537 # 1 # ID=12_83;partial=00;start_type=TTG;rbs_motif=GGAG/GAGG;rbs_spacer=5-10bp;gc_cont=0.578,99.1,215,119,5.68e-73,109,12,119,1,108,mobileOG_000368507,rnpA,ECX89229.1,replication/recombination/repair,NA,Plasmid RefSeq,Homology,NODE_12_length_145033_cov_68.308542_83, 95211 # 95537 # 1 , 95211,95537,1 ,12_83,12,83,00,TTG,GGAG/GAGG,5-10bp,0.578,NODE_12_length_145033_cov_68.308542,mobileOG_000368507_NODE_12_length_145033_cov_68.308542
336,mobileOG_000353841|rnpA|WP_002228153.1|replication/recombination/repair|NA|Plasmid RefSeq|Homology,NODE_12_length_145033_cov_68.308542_83 # 95211 # 95537 # 1 # ID=12_83;partial=00;start_type=TTG;rbs_motif=GGAG/GAGG;rbs_spacer=5-10bp;gc_cont=0.578,90.7,202,119,6.13e-68,109,12,119,1,108,mobileOG_000353841,rnpA,WP_002228153.1,replication/recombination/repair,NA,Plasmid RefSeq,Homology,NODE_12_length_145033_cov_68.308542_83, 95211 # 95537 # 1 , 95211,95537,1 ,12_83,12,83,00,TTG,GGAG/GAGG,5-10bp,0.578,NODE_12_length_145033_cov_68.308542,mobileOG_000353841_NODE_12_length_145033_cov_68.308542
337,mobileOG_000361587|rmuC|WP_033636701.1|replication/recombination/repair|NA|Plasmid RefSeq|Homology,NODE_13_length_142962_cov_67.013080_20 # 19654 # 21201 # -1 # ID=13_20;partial=00;start_type=GTG;rbs_motif=AGGAG;rbs_spacer=5-10bp;gc_cont=0.612,98.3,832,515,1.91e-303,516,1,515,1,515,mobileOG_000361587,rmuC,WP_033636701.1,replication/recombination/repair,NA,Plasmid RefSeq,Homology,NODE_13_length_142962_cov_67.013080_20, 19654 # 21201 # -1 , 19654,21201,-1 ,13_20,13,20,00,GTG,AGGAG,5-10bp,0.612,NODE_13_length_142962_cov_67.013080,mobileOG_000361587_NODE_13_length_142962_cov_67.013080
338,mobileOG_000328016|recQ|WP_033649642.1|replication/recombination/repair|NA|Plasmid RefSeq|Homology,NODE_13_length_142962_cov_67.013080_68 # 70877 # 72721 # -1 # ID=13_68;partial=00;start_type=ATG;rbs_motif=None;rbs_spacer=None;gc_cont=0.631,99.0,1220,610,0.0,615,1,610,5,614,mobileOG_000328016,recQ,WP_033649642.1,replication/recombination/repair,NA,Plasmid RefSeq,Homology,NODE_13_length_142962_cov_67.013080_68, 70877 # 72721 # -1 , 70877,72721,-1 ,13_68,13,68,00,ATG,None,None,0.631,NODE_13_length_142962_cov_67.013080,mobileOG_000328016_NODE_13_length_142962_cov_67.013080
339,mobileOG_000329602|uvrD|WP_101456625.1|replication/recombination/repair|plasmid|Plasmid RefSeq|Homology,NODE_13_length_142962_cov_67.013080_74 # 77192 # 79354 # -1 # ID=13_74;partial=00;start_type=ATG;rbs_motif=None;rbs_spacer=None;gc_cont=0.631,99.6,1431,720,0.0,721,1,720,1,720,mobileOG_000329602,uvrD,WP_101456625.1,replication/recombination/repair,plasmid,Plasmid RefSeq,Homology,NODE_13_length_142962_cov_67.013080_74, 77192 # 79354 # -1 , 77192,79354,-1 ,13_74,13,74,00,ATG,None,None,0.631,NODE_13_length_142962_cov_67.013080,mobileOG_000329602_NODE_13_length_142962_cov_67.013080
340,mobileOG_000351840|uvrD|WP_002211475.1|replication/recombination/repair|plasmid|Plasmid RefSeq|Homology,NODE_13_length_142962_cov_67.013080_74 # 77192 # 79354 # -1 # ID=13_74;partial=00;start_type=ATG;rbs_motif=None;rbs_spacer=None;gc_cont=0.631,92.5,1348,720,0.0,721,1,720,1,720,mobileOG_000351840,uvrD,WP_002211475.1,replication/recombination/repair,plasmid,Plasmid RefSeq,Homology,NODE_13_length_142962_cov_67.013080_74, 77192 # 79354 # -1 , 77192,79354,-1 ,13_74,13,74,00,ATG,None,None,0.631,NODE_13_length_142962_cov_67.013080,mobileOG_000351840_NODE_13_length_142962_cov_67.013080
341,mobileOG_000349233|xerD|WP_016929495.1|integration/excision|replication/recombination/repair|Plasmid RefSeq|Homology,NODE_13_length_142962_cov_67.013080_76 # 80149 # 81060 # -1 # ID=13_76;partial=00;start_type=ATG;rbs_motif=GGA/GAG/AGG;rbs_spacer=5-10bp;gc_cont=0.643,100,598,303,3.08e-218,304,1,303,1,303,mobileOG_000349233,xerD,WP_016929495.1,integration/excision,replication/recombination/repair,Plasmid RefSeq,Homology,NODE_13_length_142962_cov_67.013080_76, 80149 # 81060 # -1 , 80149,81060,-1 ,13_76,13,76,00,ATG,GGA/GAG/AGG,5-10bp,0.643,NODE_13_length_142962_cov_67.013080,mobileOG_000349233_NODE_13_length_142962_cov_67.013080
342,"mobileOG_000332113|rep|WP_060446051.1|replication/recombination/repair|initiation,copy number control,plasmid|Plasmid RefSeq|Homology",NODE_13_length_142962_cov_67.013080_103 # 111465 # 113489 # -1 # ID=13_103;partial=00;start_type=ATG;rbs_motif=GGA/GAG/AGG;rbs_spacer=11-12bp;gc_cont=0.604,99.7,1326,674,0.0,675,1,674,1,674,mobileOG_000332113,rep,WP_060446051.1,replication/recombination/repair,"initiation,copy number control,plasmid",Plasmid RefSeq,Homology,NODE_13_length_142962_cov_67.013080_103, 111465 # 113489 # -1 , 111465,113489,-1 ,13_103,13,103,00,ATG,GGA/GAG/AGG,11-12bp,0.604,NODE_13_length_142962_cov_67.013080,mobileOG_000332113_NODE_13_length_142962_cov_67.013080
343,mobileOG_000313842|oppF|WP_033636613.1|transfer|competence|Plasmid RefSeq|Homology,NODE_13_length_142962_cov_67.013080_117 # 133841 # 134830 # -1 # ID=13_117;partial=00;start_type=ATG;rbs_motif=GGAGG;rbs_spacer=5-10bp;gc_cont=0.621,99.1,649,329,1.24e-237,330,1,329,1,329,mobileOG_000313842,oppF,WP_033636613.1,transfer,competence,Plasmid RefSeq,Homology,NODE_13_length_142962_cov_67.013080_117, 133841 # 134830 # -1 , 133841,134830,-1 ,13_117,13,117,00,ATG,GGAGG,5-10bp,0.621,NODE_13_length_142962_cov_67.013080,mobileOG_000313842_NODE_13_length_142962_cov_67.013080
344,mobileOG_000367015|oppF|WP_161597821.1|transfer|competence|Plasmid RefSeq|Homology,NODE_13_length_142962_cov_67.013080_117 # 133841 # 134830 # -1 # ID=13_117;partial=00;start_type=ATG;rbs_motif=GGAGG;rbs_spacer=5-10bp;gc_cont=0.621,94.7,608,346,4.73e-221,330,19,339,5,325,mobileOG_000367015,oppF,WP_161597821.1,transfer,competence,Plasmid RefSeq,Homology,NODE_13_length_142962_cov_67.013080_117, 133841 # 134830 # -1 , 133841,134830,-1 ,13_117,13,117,00,ATG,GGAGG,5-10bp,0.621,NODE_13_length_142962_cov_67.013080,mobileOG_000367015_NODE_13_length_142962_cov_67.013080
345,mobileOG_000289032|oppF|WP_008806903.1|transfer|competence|Plasmid RefSeq|Homology,NODE_13_length_142962_cov_67.013080_117 # 133841 # 134830 # -1 # ID=13_117;partial=00;start_type=ATG;rbs_motif=GGAGG;rbs_spacer=5-10bp;gc_cont=0.621,92.0,597,337,1.26e-216,330,10,332,5,327,mobileOG_000289032,oppF,WP_008806903.1,transfer,competence,Plasmid RefSeq,Homology,NODE_13_length_142962_cov_67.013080_117, 133841 # 134830 # -1 , 133841,134830,-1 ,13_117,13,117,00,ATG,GGAGG,5-10bp,0.621,NODE_13_length_142962_cov_67.013080,mobileOG_000289032_NODE_13_length_142962_cov_67.013080
346,mobileOG_000288462|oppF|WP_017383568.1|transfer|competence|Plasmid RefSeq|Homology,NODE_13_length_142962_cov_67.013080_117 # 133841 # 134830 # -1 # ID=13_117;partial=00;start_type=ATG;rbs_motif=GGAGG;rbs_spacer=5-10bp;gc_cont=0.621,91.0,588,337,4.04e-213,330,10,331,5,326,mobileOG_000288462,oppF,WP_017383568.1,transfer,competence,Plasmid RefSeq,Homology,NODE_13_length_142962_cov_67.013080_117, 133841 # 134830 # -1 , 133841,134830,-1 ,13_117,13,117,00,ATG,GGAGG,5-10bp,0.621,NODE_13_length_142962_cov_67.013080,mobileOG_000288462_NODE_13_length_142962_cov_67.013080
347,mobileOG_000333736|oppD|WP_004934132.1|transfer|competence|Plasmid RefSeq|Homology,NODE_13_length_142962_cov_67.013080_118 # 134827 # 135807 # -1 # ID=13_118;partial=00;start_type=ATG;rbs_motif=GGAG/GAGG;rbs_spacer=5-10bp;gc_cont=0.639,100,635,326,4.28e-232,327,1,326,1,326,mobileOG_000333736,oppD,WP_004934132.1,transfer,competence,Plasmid RefSeq,Homology,NODE_13_length_142962_cov_67.013080_118, 134827 # 135807 # -1 , 134827,135807,-1 ,13_118,13,118,00,ATG,GGAG/GAGG,5-10bp,0.639,NODE_13_length_142962_cov_67.013080,mobileOG_000333736_NODE_13_length_142962_cov_67.013080
348,"mobileOG_000354199|cpxA|WP_015379421.1|transfer|conjugation,relaxosome|Plasmid RefSeq|Homology",NODE_14_length_118334_cov_68.227885_44 # 47711 # 49105 # 1 # ID=14_44;partial=00;start_type=ATG;rbs_motif=None;rbs_spacer=None;gc_cont=0.642,100,906,464,0.0,465,1,464,1,464,mobileOG_000354199,cpxA,WP_015379421.1,transfer,"conjugation,relaxosome",Plasmid RefSeq,Homology,NODE_14_length_118334_cov_68.227885_44, 47711 # 49105 # 1 , 47711,49105,1 ,14_44,14,44,00,ATG,None,None,0.642,NODE_14_length_118334_cov_68.227885,mobileOG_000354199_NODE_14_length_118334_cov_68.227885
349,"mobileOG_000354202|cpxA|WP_033636450.1|transfer|conjugation,relaxosome|Plasmid RefSeq|Homology",NODE_14_length_118334_cov_68.227885_44 # 47711 # 49105 # 1 # ID=14_44;partial=00;start_type=ATG;rbs_motif=None;rbs_spacer=None;gc_cont=0.642,98.9,899,464,0.0,465,1,464,1,464,mobileOG_000354202,cpxA,WP_033636450.1,transfer,"conjugation,relaxosome",Plasmid RefSeq,Homology,NODE_14_length_118334_cov_68.227885_44, 47711 # 49105 # 1 , 47711,49105,1 ,14_44,14,44,00,ATG,None,None,0.642,NODE_14_length_118334_cov_68.227885,mobileOG_000354202_NODE_14_length_118334_cov_68.227885
350,mobileOG_000332472|mutM|WP_033649742.1|replication/recombination/repair|NA|Plasmid RefSeq|Homology,NODE_14_length_118334_cov_68.227885_72 # 75503 # 76318 # -1 # ID=14_72;partial=00;start_type=ATG;rbs_motif=GGAGG;rbs_spacer=5-10bp;gc_cont=0.614,99.3,546,271,1.39e-198,272,1,271,1,271,mobileOG_000332472,mutM,WP_033649742.1,replication/recombination/repair,NA,Plasmid RefSeq,Homology,NODE_14_length_118334_cov_68.227885_72, 75503 # 76318 # -1 , 75503,76318,-1 ,14_72,14,72,00,ATG,GGAGG,5-10bp,0.614,NODE_14_length_118334_cov_68.227885,mobileOG_000332472_NODE_14_length_118334_cov_68.227885
351,mobileOG_000327567|mutM|WP_101452716.1|replication/recombination/repair|NA|Plasmid RefSeq|Homology,NODE_14_length_118334_cov_68.227885_72 # 75503 # 76318 # -1 # ID=14_72;partial=00;start_type=ATG;rbs_motif=GGAGG;rbs_spacer=5-10bp;gc_cont=0.614,97.0,536,271,1.28e-194,272,1,271,1,271,mobileOG_000327567,mutM,WP_101452716.1,replication/recombination/repair,NA,Plasmid RefSeq,Homology,NODE_14_length_118334_cov_68.227885_72, 75503 # 76318 # -1 , 75503,76318,-1 ,14_72,14,72,00,ATG,GGAGG,5-10bp,0.614,NODE_14_length_118334_cov_68.227885,mobileOG_000327567_NODE_14_length_118334_cov_68.227885
352,mobileOG_000365573|dut|WP_033652257.1|transfer|regulation|Plasmid RefSeq|Homology,NODE_14_length_118334_cov_68.227885_78 # 79140 # 79598 # 1 # ID=14_78;partial=00;start_type=ATG;rbs_motif=3Base/5BMM;rbs_spacer=13-15bp;gc_cont=0.645,99.3,302,152,3.56e-106,153,1,152,1,152,mobileOG_000365573,dut,WP_033652257.1,transfer,regulation,Plasmid RefSeq,Homology,NODE_14_length_118334_cov_68.227885_78, 79140 # 79598 # 1 , 79140,79598,1 ,14_78,14,78,00,ATG,3Base/5BMM,13-15bp,0.645,NODE_14_length_118334_cov_68.227885,mobileOG_000365573_NODE_14_length_118334_cov_68.227885
353,mobileOG_000026435|dut|A0A2S4X4S0|transfer|regulation|Plasmid RefSeq|Manual,NODE_14_length_118334_cov_68.227885_78 # 79140 # 79598 # 1 # ID=14_78;partial=00;start_type=ATG;rbs_motif=3Base/5BMM;rbs_spacer=13-15bp;gc_cont=0.645,98.7,302,152,5.05e-106,153,1,152,1,152,mobileOG_000026435,dut,A0A2S4X4S0,transfer,regulation,Plasmid RefSeq,Manual,NODE_14_length_118334_cov_68.227885_78, 79140 # 79598 # 1 , 79140,79598,1 ,14_78,14,78,00,ATG,3Base/5BMM,13-15bp,0.645,NODE_14_length_118334_cov_68.227885,mobileOG_000026435_NODE_14_length_118334_cov_68.227885
354,mobileOG_000289045|dut|A0A0J4XIE0|transfer|regulation|Plasmid RefSeq|Homology,NODE_14_length_118334_cov_68.227885_78 # 79140 # 79598 # 1 # ID=14_78;partial=00;start_type=ATG;rbs_motif=3Base/5BMM;rbs_spacer=13-15bp;gc_cont=0.645,91.4,278,152,1.44e-96,153,1,151,1,151,mobileOG_000289045,dut,A0A0J4XIE0,transfer,regulation,Plasmid RefSeq,Homology,NODE_14_length_118334_cov_68.227885_78, 79140 # 79598 # 1 , 79140,79598,1 ,14_78,14,78,00,ATG,3Base/5BMM,13-15bp,0.645,NODE_14_length_118334_cov_68.227885,mobileOG_000289045_NODE_14_length_118334_cov_68.227885
355,mobileOG_000368541|rph|WP_025160305.1|replication/recombination/repair|NA|Plasmid RefSeq|Homology,NODE_14_length_118334_cov_68.227885_81 # 81215 # 81931 # -1 # ID=14_81;partial=00;start_type=ATG;rbs_motif=GGAG/GAGG;rbs_spacer=5-10bp;gc_cont=0.628,100,459,238,3.11e-165,239,1,238,1,238,mobileOG_000368541,rph,WP_025160305.1,replication/recombination/repair,NA,Plasmid RefSeq,Homology,NODE_14_length_118334_cov_68.227885_81, 81215 # 81931 # -1 , 81215,81931,-1 ,14_81,14,81,00,ATG,GGAG/GAGG,5-10bp,0.628,NODE_14_length_118334_cov_68.227885,mobileOG_000368541_NODE_14_length_118334_cov_68.227885
356,mobileOG_000282638|recG|WP_042785598.1|replication/recombination/repair|NA|Plasmid RefSeq|Homology,NODE_14_length_118334_cov_68.227885_91 # 90253 # 92334 # 1 # ID=14_91;partial=00;start_type=ATG;rbs_motif=3Base/5BMM;rbs_spacer=13-15bp;gc_cont=0.655,99.6,1336,693,0.0,694,1,693,1,693,mobileOG_000282638,recG,WP_042785598.1,replication/recombination/repair,NA,Plasmid RefSeq,Homology,NODE_14_length_118334_cov_68.227885_91, 90253 # 92334 # 1 , 90253,92334,1 ,14_91,14,91,00,ATG,3Base/5BMM,13-15bp,0.655,NODE_14_length_118334_cov_68.227885,mobileOG_000282638_NODE_14_length_118334_cov_68.227885
357,mobileOG_000282640|recG|WP_043148432.1|replication/recombination/repair|NA|Plasmid RefSeq|Homology,NODE_14_length_118334_cov_68.227885_91 # 90253 # 92334 # 1 # ID=14_91;partial=00;start_type=ATG;rbs_motif=3Base/5BMM;rbs_spacer=13-15bp;gc_cont=0.655,99.3,1333,693,0.0,694,1,693,1,693,mobileOG_000282640,recG,WP_043148432.1,replication/recombination/repair,NA,Plasmid RefSeq,Homology,NODE_14_length_118334_cov_68.227885_91, 90253 # 92334 # 1 , 90253,92334,1 ,14_91,14,91,00,ATG,3Base/5BMM,13-15bp,0.655,NODE_14_length_118334_cov_68.227885,mobileOG_000282640_NODE_14_length_118334_cov_68.227885
358,mobileOG_000324978|polA|WP_033652267.1|replication/recombination/repair|NA|Plasmid RefSeq|Homology,NODE_14_length_118334_cov_68.227885_108 # 110696 # 113494 # -1 # ID=14_108;partial=00;start_type=ATG;rbs_motif=None;rbs_spacer=None;gc_cont=0.621,99.4,1794,932,0.0,933,1,932,1,932,mobileOG_000324978,polA,WP_033652267.1,replication/recombination/repair,NA,Plasmid RefSeq,Homology,NODE_14_length_118334_cov_68.227885_108, 110696 # 113494 # -1 , 110696,113494,-1 ,14_108,14,108,00,ATG,None,None,0.621,NODE_14_length_118334_cov_68.227885,mobileOG_000324978_NODE_14_length_118334_cov_68.227885
359,mobileOG_000330441|polA|WP_033649753.1|replication/recombination/repair|NA|Plasmid RefSeq|Homology,NODE_14_length_118334_cov_68.227885_108 # 110696 # 113494 # -1 # ID=14_108;partial=00;start_type=ATG;rbs_motif=None;rbs_spacer=None;gc_cont=0.621,98.7,1781,933,0.0,933,1,933,1,932,mobileOG_000330441,polA,WP_033649753.1,replication/recombination/repair,NA,Plasmid RefSeq,Homology,NODE_14_length_118334_cov_68.227885_108, 110696 # 113494 # -1 , 110696,113494,-1 ,14_108,14,108,00,ATG,None,None,0.621,NODE_14_length_118334_cov_68.227885,mobileOG_000330441_NODE_14_length_118334_cov_68.227885
360,mobileOG_000354201|xni|WP_033635747.1|replication/recombination/repair|NA|Plasmid RefSeq|Homology,NODE_15_length_68988_cov_60.197225_9 # 7276 # 8034 # -1 # ID=15_9;partial=00;start_type=ATG;rbs_motif=None;rbs_spacer=None;gc_cont=0.643,97.2,492,252,7.08e-178,253,1,251,1,251,mobileOG_000354201,xni,WP_033635747.1,replication/recombination/repair,NA,Plasmid RefSeq,Homology,NODE_15_length_68988_cov_60.197225_9, 7276 # 8034 # -1 , 7276,8034,-1 ,15_9,15,9,00,ATG,None,None,0.643,NODE_15_length_68988_cov_60.197225,mobileOG_000354201_NODE_15_length_68988_cov_60.197225
361,mobileOG_000330119|bamA|WP_033635736.1|transfer|phage receptor|Plasmid RefSeq|Homology,NODE_15_length_68988_cov_60.197225_31 # 36526 # 38952 # 1 # ID=15_31;partial=00;start_type=ATG;rbs_motif=None;rbs_spacer=None;gc_cont=0.576,99.5,1610,808,0.0,809,1,808,1,808,mobileOG_000330119,bamA,WP_033635736.1,transfer,phage receptor,Plasmid RefSeq,Homology,NODE_15_length_68988_cov_60.197225_31, 36526 # 38952 # 1 , 36526,38952,1 ,15_31,15,31,00,ATG,None,None,0.576,NODE_15_length_68988_cov_60.197225,mobileOG_000330119_NODE_15_length_68988_cov_60.197225
362,mobileOG_000319969|rnhB|WP_049195379.1|replication/recombination/repair|NA|Plasmid RefSeq|Homology,NODE_15_length_68988_cov_60.197225_37 # 43189 # 43782 # 1 # ID=15_37;partial=00;start_type=ATG;rbs_motif=AGGA/GGAG/GAGG;rbs_spacer=11-12bp;gc_cont=0.645,99.5,380,197,2.42e-135,198,1,197,1,197,mobileOG_000319969,rnhB,WP_049195379.1,replication/recombination/repair,NA,Plasmid RefSeq,Homology,NODE_15_length_68988_cov_60.197225_37, 43189 # 43782 # 1 , 43189,43782,1 ,15_37,15,37,00,ATG,AGGA/GGAG/GAGG,11-12bp,0.645,NODE_15_length_68988_cov_60.197225,mobileOG_000319969_NODE_15_length_68988_cov_60.197225
363,mobileOG_000328298|dnaE|WP_048321892.1|replication/recombination/repair|NA|Plasmid RefSeq|Homology,NODE_15_length_68988_cov_60.197225_38 # 43861 # 47349 # 1 # ID=15_38;partial=00;start_type=ATG;rbs_motif=GGA/GAG/AGG;rbs_spacer=5-10bp;gc_cont=0.600,99.7,2307,1162,0.0,1163,1,1162,1,1162,mobileOG_000328298,dnaE,WP_048321892.1,replication/recombination/repair,NA,Plasmid RefSeq,Homology,NODE_15_length_68988_cov_60.197225_38, 43861 # 47349 # 1 , 43861,47349,1 ,15_38,15,38,00,ATG,GGA/GAG/AGG,5-10bp,0.600,NODE_15_length_68988_cov_60.197225,mobileOG_000328298_NODE_15_length_68988_cov_60.197225
364,mobileOG_000334577|dnaE|WP_004177353.1|replication/recombination/repair|NA|Plasmid RefSeq|Homology,NODE_15_length_68988_cov_60.197225_38 # 43861 # 47349 # 1 # ID=15_38;partial=00;start_type=ATG;rbs_motif=GGA/GAG/AGG;rbs_spacer=5-10bp;gc_cont=0.600,90.2,2114,1160,0.0,1163,1,1160,1,1162,mobileOG_000334577,dnaE,WP_004177353.1,replication/recombination/repair,NA,Plasmid RefSeq,Homology,NODE_15_length_68988_cov_60.197225_38, 43861 # 47349 # 1 , 43861,47349,1 ,15_38,15,38,00,ATG,GGA/GAG/AGG,5-10bp,0.600,NODE_15_length_68988_cov_60.197225,mobileOG_000334577_NODE_15_length_68988_cov_60.197225
365,mobileOG_000365516|nei|WP_101453420.1|replication/recombination/repair|NA|Plasmid RefSeq|Homology,NODE_16_length_66491_cov_57.553046_22 # 23622 # 24413 # -1 # ID=16_22;partial=00;start_type=ATG;rbs_motif=AGGAG;rbs_spacer=5-10bp;gc_cont=0.650,96.2,515,263,8.30e-187,264,1,263,1,263,mobileOG_000365516,nei,WP_101453420.1,replication/recombination/repair,NA,Plasmid RefSeq,Homology,NODE_16_length_66491_cov_57.553046_22, 23622 # 24413 # -1 , 23622,24413,-1 ,16_22,16,22,00,ATG,AGGAG,5-10bp,0.650,NODE_16_length_66491_cov_57.553046,mobileOG_000365516_NODE_16_length_66491_cov_57.553046
366,mobileOG_000365502|nei|WP_033647160.1|replication/recombination/repair|NA|Plasmid RefSeq|Homology,NODE_16_length_66491_cov_57.553046_22 # 23622 # 24413 # -1 # ID=16_22;partial=00;start_type=ATG;rbs_motif=AGGAG;rbs_spacer=5-10bp;gc_cont=0.650,95.4,513,263,4.80e-186,264,1,263,1,263,mobileOG_000365502,nei,WP_033647160.1,replication/recombination/repair,NA,Plasmid RefSeq,Homology,NODE_16_length_66491_cov_57.553046_22, 23622 # 24413 # -1 , 23622,24413,-1 ,16_22,16,22,00,ATG,AGGAG,5-10bp,0.650,NODE_16_length_66491_cov_57.553046,mobileOG_000365502_NODE_16_length_66491_cov_57.553046
367,mobileOG_000328592|seqA|WP_033651164.1|replication/recombination/repair|NA|Plasmid RefSeq|Homology,NODE_16_length_66491_cov_57.553046_43 # 45174 # 45716 # -1 # ID=16_43;partial=00;start_type=ATG;rbs_motif=GGA/GAG/AGG;rbs_spacer=5-10bp;gc_cont=0.599,98.3,342,180,8.25e-121,181,1,180,1,180,mobileOG_000328592,seqA,WP_033651164.1,replication/recombination/repair,NA,Plasmid RefSeq,Homology,NODE_16_length_66491_cov_57.553046_43, 45174 # 45716 # -1 , 45174,45716,-1 ,16_43,16,43,00,ATG,GGA/GAG/AGG,5-10bp,0.599,NODE_16_length_66491_cov_57.553046,mobileOG_000328592_NODE_16_length_66491_cov_57.553046
368,mobileOG_000328591|seqA|WP_033637454.1|replication/recombination/repair|NA|Plasmid RefSeq|Homology,NODE_16_length_66491_cov_57.553046_43 # 45174 # 45716 # -1 # ID=16_43;partial=00;start_type=ATG;rbs_motif=GGA/GAG/AGG;rbs_spacer=5-10bp;gc_cont=0.599,97.2,339,180,6.78e-120,181,1,180,1,180,mobileOG_000328591,seqA,WP_033637454.1,replication/recombination/repair,NA,Plasmid RefSeq,Homology,NODE_16_length_66491_cov_57.553046_43, 45174 # 45716 # -1 , 45174,45716,-1 ,16_43,16,43,00,ATG,GGA/GAG/AGG,5-10bp,0.599,NODE_16_length_66491_cov_57.553046,mobileOG_000328591_NODE_16_length_66491_cov_57.553046
369,mobileOG_000026494|hupA|P52680|replication/recombination/repair|integration/excision|Plasmid RefSeq|Manual,NODE_17_length_30495_cov_66.210632_4 # 4136 # 4408 # -1 # ID=17_4;partial=00;start_type=ATG;rbs_motif=AGGA;rbs_spacer=5-10bp;gc_cont=0.480,100,170,90,1.08e-55,91,1,90,1,90,mobileOG_000026494,hupA,P52680,replication/recombination/repair,integration/excision,Plasmid RefSeq,Manual,NODE_17_length_30495_cov_66.210632_4, 4136 # 4408 # -1 , 4136,4408,-1 ,17_4,17,4,00,ATG,AGGA,5-10bp,0.480,NODE_17_length_30495_cov_66.210632,mobileOG_000026494_NODE_17_length_30495_cov_66.210632
370,mobileOG_000336646|hup|WP_012004757.1|replication/recombination/repair|integration/excision|Multiple|Homology,NODE_17_length_30495_cov_66.210632_4 # 4136 # 4408 # -1 # ID=17_4;partial=00;start_type=ATG;rbs_motif=AGGA;rbs_spacer=5-10bp;gc_cont=0.480,98.9,169,90,3.10e-55,91,1,90,1,90,mobileOG_000336646,hup,WP_012004757.1,replication/recombination/repair,integration/excision,Multiple,Homology,NODE_17_length_30495_cov_66.210632_4, 4136 # 4408 # -1 , 4136,4408,-1 ,17_4,17,4,00,ATG,AGGA,5-10bp,0.480,NODE_17_length_30495_cov_66.210632,mobileOG_000336646_NODE_17_length_30495_cov_66.210632
371,mobileOG_000353252|hup|WP_002884342.1|replication/recombination/repair|integration/excision|Plasmid RefSeq|Homology,NODE_17_length_30495_cov_66.210632_4 # 4136 # 4408 # -1 # ID=17_4;partial=00;start_type=ATG;rbs_motif=AGGA;rbs_spacer=5-10bp;gc_cont=0.480,97.8,167,90,1.80e-54,91,1,90,1,90,mobileOG_000353252,hup,WP_002884342.1,replication/recombination/repair,integration/excision,Plasmid RefSeq,Homology,NODE_17_length_30495_cov_66.210632_4, 4136 # 4408 # -1 , 4136,4408,-1 ,17_4,17,4,00,ATG,AGGA,5-10bp,0.480,NODE_17_length_30495_cov_66.210632,mobileOG_000353252_NODE_17_length_30495_cov_66.210632
372,mobileOG_000296220|hup|WP_002445246.1|replication/recombination/repair|integration/excision|Plasmid RefSeq|Homology,NODE_17_length_30495_cov_66.210632_4 # 4136 # 4408 # -1 # ID=17_4;partial=00;start_type=ATG;rbs_motif=AGGA;rbs_spacer=5-10bp;gc_cont=0.480,96.7,165,90,7.33e-54,91,1,90,1,90,mobileOG_000296220,hup,WP_002445246.1,replication/recombination/repair,integration/excision,Plasmid RefSeq,Homology,NODE_17_length_30495_cov_66.210632_4, 4136 # 4408 # -1 , 4136,4408,-1 ,17_4,17,4,00,ATG,AGGA,5-10bp,0.480,NODE_17_length_30495_cov_66.210632,mobileOG_000296220_NODE_17_length_30495_cov_66.210632
373,mobileOG_000024621|hupA|EBB54032.1|replication/recombination/repair|integration/excision|Plasmid RefSeq|Manual,NODE_17_length_30495_cov_66.210632_4 # 4136 # 4408 # -1 # ID=17_4;partial=00;start_type=ATG;rbs_motif=AGGA;rbs_spacer=5-10bp;gc_cont=0.480,95.6,164,90,2.99e-53,91,1,90,1,90,mobileOG_000024621,hupA,EBB54032.1,replication/recombination/repair,integration/excision,Plasmid RefSeq,Manual,NODE_17_length_30495_cov_66.210632_4, 4136 # 4408 # -1 , 4136,4408,-1 ,17_4,17,4,00,ATG,AGGA,5-10bp,0.480,NODE_17_length_30495_cov_66.210632,mobileOG_000024621_NODE_17_length_30495_cov_66.210632
374,mobileOG_000351839|hup|WP_002210689.1|replication/recombination/repair|integration/excision|Plasmid RefSeq|Homology,NODE_17_length_30495_cov_66.210632_4 # 4136 # 4408 # -1 # ID=17_4;partial=00;start_type=ATG;rbs_motif=AGGA;rbs_spacer=5-10bp;gc_cont=0.480,95.6,163,91,4.38e-53,91,1,90,1,90,mobileOG_000351839,hup,WP_002210689.1,replication/recombination/repair,integration/excision,Plasmid RefSeq,Homology,NODE_17_length_30495_cov_66.210632_4, 4136 # 4408 # -1 , 4136,4408,-1 ,17_4,17,4,00,ATG,AGGA,5-10bp,0.480,NODE_17_length_30495_cov_66.210632,mobileOG_000351839_NODE_17_length_30495_cov_66.210632
375,mobileOG_000025522|hupA|WP_001044513.1|replication/recombination/repair|integration/excision|Plasmid RefSeq|Manual,NODE_17_length_30495_cov_66.210632_4 # 4136 # 4408 # -1 # ID=17_4;partial=00;start_type=ATG;rbs_motif=AGGA;rbs_spacer=5-10bp;gc_cont=0.480,94.4,162,90,1.22e-52,91,1,90,1,90,mobileOG_000025522,hupA,WP_001044513.1,replication/recombination/repair,integration/excision,Plasmid RefSeq,Manual,NODE_17_length_30495_cov_66.210632_4, 4136 # 4408 # -1 , 4136,4408,-1 ,17_4,17,4,00,ATG,AGGA,5-10bp,0.480,NODE_17_length_30495_cov_66.210632,mobileOG_000025522_NODE_17_length_30495_cov_66.210632
376,mobileOG_000332654|hup|WP_004242271.1|replication/recombination/repair|integration/excision|Plasmid RefSeq|Homology,NODE_17_length_30495_cov_66.210632_4 # 4136 # 4408 # -1 # ID=17_4;partial=00;start_type=ATG;rbs_motif=AGGA;rbs_spacer=5-10bp;gc_cont=0.480,90.0,157,90,1.17e-50,91,1,90,1,90,mobileOG_000332654,hup,WP_004242271.1,replication/recombination/repair,integration/excision,Plasmid RefSeq,Homology,NODE_17_length_30495_cov_66.210632_4, 4136 # 4408 # -1 , 4136,4408,-1 ,17_4,17,4,00,ATG,AGGA,5-10bp,0.480,NODE_17_length_30495_cov_66.210632,mobileOG_000332654_NODE_17_length_30495_cov_66.210632
377,mobileOG_000368557|nfi|WP_033655325.1|replication/recombination/repair|NA|Plasmid RefSeq|Homology,NODE_17_length_30495_cov_66.210632_6 # 5237 # 5923 # -1 # ID=17_6;partial=00;start_type=GTG;rbs_motif=AGGA;rbs_spacer=5-10bp;gc_cont=0.672,97.8,459,228,1.44e-165,229,1,228,1,228,mobileOG_000368557,nfi,WP_033655325.1,replication/recombination/repair,NA,Plasmid RefSeq,Homology,NODE_17_length_30495_cov_66.210632_6, 5237 # 5923 # -1 , 5237,5923,-1 ,17_6,17,6,00,GTG,AGGA,5-10bp,0.672,NODE_17_length_30495_cov_66.210632,mobileOG_000368557_NODE_17_length_30495_cov_66.210632
378,mobileOG_000365459|nfi|WP_020828728.1|replication/recombination/repair|NA|Multiple|Homology,NODE_17_length_30495_cov_66.210632_6 # 5237 # 5923 # -1 # ID=17_6;partial=00;start_type=GTG;rbs_motif=AGGA;rbs_spacer=5-10bp;gc_cont=0.672,91.2,430,228,2.76e-154,229,1,227,1,227,mobileOG_000365459,nfi,WP_020828728.1,replication/recombination/repair,NA,Multiple,Homology,NODE_17_length_30495_cov_66.210632_6, 5237 # 5923 # -1 , 5237,5923,-1 ,17_6,17,6,00,GTG,AGGA,5-10bp,0.672,NODE_17_length_30495_cov_66.210632,mobileOG_000365459_NODE_17_length_30495_cov_66.210632
379,"mobileOG_000329613|nusG|WP_004929914.1|phage|regulation,infection|Plasmid RefSeq|Homology",NODE_17_length_30495_cov_66.210632_27 # 29233 # 29778 # -1 # ID=17_27;partial=00;start_type=ATG;rbs_motif=GGAG/GAGG;rbs_spacer=5-10bp;gc_cont=0.562,100,364,181,8.97e-130,182,1,181,1,181,mobileOG_000329613,nusG,WP_004929914.1,phage,"regulation,infection",Plasmid RefSeq,Homology,NODE_17_length_30495_cov_66.210632_27, 29233 # 29778 # -1 , 29233,29778,-1 ,17_27,17,27,00,ATG,GGAG/GAGG,5-10bp,0.562,NODE_17_length_30495_cov_66.210632,mobileOG_000329613_NODE_17_length_30495_cov_66.210632
380,"mobileOG_000331286|nusG|WP_004953928.1|phage|regulation,infection|Multiple|Homology",NODE_17_length_30495_cov_66.210632_27 # 29233 # 29778 # -1 # ID=17_27;partial=00;start_type=ATG;rbs_motif=GGAG/GAGG;rbs_spacer=5-10bp;gc_cont=0.562,99.4,363,181,2.57e-129,182,1,181,1,181,mobileOG_000331286,nusG,WP_004953928.1,phage,"regulation,infection",Multiple,Homology,NODE_17_length_30495_cov_66.210632_27, 29233 # 29778 # -1 , 29233,29778,-1 ,17_27,17,27,00,ATG,GGAG/GAGG,5-10bp,0.562,NODE_17_length_30495_cov_66.210632,mobileOG_000331286_NODE_17_length_30495_cov_66.210632
381,"mobileOG_000327581|nusG|WP_002210671.1|phage|regulation,infection|Plasmid RefSeq|Homology",NODE_17_length_30495_cov_66.210632_27 # 29233 # 29778 # -1 # ID=17_27;partial=00;start_type=ATG;rbs_motif=GGAG/GAGG;rbs_spacer=5-10bp;gc_cont=0.562,99.4,362,181,5.19e-129,182,1,181,1,181,mobileOG_000327581,nusG,WP_002210671.1,phage,"regulation,infection",Plasmid RefSeq,Homology,NODE_17_length_30495_cov_66.210632_27, 29233 # 29778 # -1 , 29233,29778,-1 ,17_27,17,27,00,ATG,GGAG/GAGG,5-10bp,0.562,NODE_17_length_30495_cov_66.210632,mobileOG_000327581_NODE_17_length_30495_cov_66.210632
382,"mobileOG_000324948|nusG|WP_001287521.1|phage|regulation,infection|Plasmid RefSeq|Homology",NODE_17_length_30495_cov_66.210632_27 # 29233 # 29778 # -1 # ID=17_27;partial=00;start_type=ATG;rbs_motif=GGAG/GAGG;rbs_spacer=5-10bp;gc_cont=0.562,98.3,357,181,7.08e-127,182,1,180,1,180,mobileOG_000324948,nusG,WP_001287521.1,phage,"regulation,infection",Plasmid RefSeq,Homology,NODE_17_length_30495_cov_66.210632_27, 29233 # 29778 # -1 , 29233,29778,-1 ,17_27,17,27,00,ATG,GGAG/GAGG,5-10bp,0.562,NODE_17_length_30495_cov_66.210632,mobileOG_000324948_NODE_17_length_30495_cov_66.210632
383,"mobileOG_000289012|nusG|WP_003862341.1|phage|regulation,infection|Plasmid RefSeq|Homology",NODE_17_length_30495_cov_66.210632_27 # 29233 # 29778 # -1 # ID=17_27;partial=00;start_type=ATG;rbs_motif=GGAG/GAGG;rbs_spacer=5-10bp;gc_cont=0.562,97.8,356,181,2.03e-126,182,1,180,1,180,mobileOG_000289012,nusG,WP_003862341.1,phage,"regulation,infection",Plasmid RefSeq,Homology,NODE_17_length_30495_cov_66.210632_27, 29233 # 29778 # -1 , 29233,29778,-1 ,17_27,17,27,00,ATG,GGAG/GAGG,5-10bp,0.562,NODE_17_length_30495_cov_66.210632,mobileOG_000289012_NODE_17_length_30495_cov_66.210632
384,"mobileOG_000331278|nusG|WP_001287516.1|phage|regulation,infection|Plasmid RefSeq|Homology",NODE_17_length_30495_cov_66.210632_27 # 29233 # 29778 # -1 # ID=17_27;partial=00;start_type=ATG;rbs_motif=GGAG/GAGG;rbs_spacer=5-10bp;gc_cont=0.562,97.8,356,181,2.03e-126,182,1,180,1,180,mobileOG_000331278,nusG,WP_001287516.1,phage,"regulation,infection",Plasmid RefSeq,Homology,NODE_17_length_30495_cov_66.210632_27, 29233 # 29778 # -1 , 29233,29778,-1 ,17_27,17,27,00,ATG,GGAG/GAGG,5-10bp,0.562,NODE_17_length_30495_cov_66.210632,mobileOG_000331278_NODE_17_length_30495_cov_66.210632
385,"mobileOG_000324956|nusG|WP_007665882.1|phage|regulation,infection|Plasmid RefSeq|Homology",NODE_17_length_30495_cov_66.210632_27 # 29233 # 29778 # -1 # ID=17_27;partial=00;start_type=ATG;rbs_motif=GGAG/GAGG;rbs_spacer=5-10bp;gc_cont=0.562,97.8,355,181,2.89e-126,182,1,180,1,180,mobileOG_000324956,nusG,WP_007665882.1,phage,"regulation,infection",Plasmid RefSeq,Homology,NODE_17_length_30495_cov_66.210632_27, 29233 # 29778 # -1 , 29233,29778,-1 ,17_27,17,27,00,ATG,GGAG/GAGG,5-10bp,0.562,NODE_17_length_30495_cov_66.210632,mobileOG_000324956_NODE_17_length_30495_cov_66.210632
386,"mobileOG_000329873|nusG|WP_127378540.1|phage|regulation,infection|Plasmid RefSeq|Homology",NODE_17_length_30495_cov_66.210632_27 # 29233 # 29778 # -1 # ID=17_27;partial=00;start_type=ATG;rbs_motif=GGAG/GAGG;rbs_spacer=5-10bp;gc_cont=0.562,91.7,338,181,1.48e-119,182,1,180,1,180,mobileOG_000329873,nusG,WP_127378540.1,phage,"regulation,infection",Plasmid RefSeq,Homology,NODE_17_length_30495_cov_66.210632_27, 29233 # 29778 # -1 , 29233,29778,-1 ,17_27,17,27,00,ATG,GGAG/GAGG,5-10bp,0.562,NODE_17_length_30495_cov_66.210632,mobileOG_000329873_NODE_17_length_30495_cov_66.210632
387,mobileOG_000368542|clpB|WP_025301647.1|phage|chaperone|Plasmid RefSeq|Homology,NODE_19_length_22216_cov_61.240164_1 # 239 # 2812 # -1 # ID=19_1;partial=00;start_type=ATG;rbs_motif=GGAGG;rbs_spacer=3-4bp;gc_cont=0.587,100,1626,857,0.0,858,1,857,1,857,mobileOG_000368542,clpB,WP_025301647.1,phage,chaperone,Plasmid RefSeq,Homology,NODE_19_length_22216_cov_61.240164_1, 239 # 2812 # -1 , 239,2812,-1 ,19_1,19,1,00,ATG,GGAGG,3-4bp,0.587,NODE_19_length_22216_cov_61.240164,mobileOG_000368542_NODE_19_length_22216_cov_61.240164
388,mobileOG_000341888|rrrD|WP_033650023.1|phage|lysis|Plasmid RefSeq|Homology,NODE_19_length_22216_cov_61.240164_12 # 11582 # 12094 # 1 # ID=19_12;partial=00;start_type=ATG;rbs_motif=GGAGG;rbs_spacer=5-10bp;gc_cont=0.614,91.2,306,171,6.06e-107,171,1,170,1,170,mobileOG_000341888,rrrD,WP_033650023.1,phage,lysis,Plasmid RefSeq,Homology,NODE_19_length_22216_cov_61.240164_12, 11582 # 12094 # 1 , 11582,12094,1 ,19_12,19,12,00,ATG,GGAGG,5-10bp,0.614,NODE_19_length_22216_cov_61.240164,mobileOG_000341888_NODE_19_length_22216_cov_61.240164
389,"mobileOG_000377485|ogr|WP_033637183.1|phage|regulation,lysis/lysogeny|Plasmid RefSeq|Homology",NODE_19_length_22216_cov_61.240164_13 # 12161 # 12388 # 1 # ID=19_13;partial=00;start_type=ATG;rbs_motif=AGxAGG/AGGxGG;rbs_spacer=5-10bp;gc_cont=0.570,98.7,160,75,2.41e-52,76,1,75,1,75,mobileOG_000377485,ogr,WP_033637183.1,phage,"regulation,lysis/lysogeny",Plasmid RefSeq,Homology,NODE_19_length_22216_cov_61.240164_13, 12161 # 12388 # 1 , 12161,12388,1 ,19_13,19,13,00,ATG,AGxAGG/AGGxGG,5-10bp,0.570,NODE_19_length_22216_cov_61.240164,mobileOG_000377485_NODE_19_length_22216_cov_61.240164
