,Sequence Title,Query Title,Pident,Bitscore,Subject Sequence Length,e-value,Query Sequence Length,Start of Alignment in Subject,End of Alignment in Query,Start of Alignment in Query,End of Alignment in Query,mobileOG ID,Gene Name,Best Hit Accession ID,Major mobileOG Category,Minor mobileOG Category,Source Database,Evidence Type,Contig/ORF Name,ORF_Start_Stop_Strands,ORF_Start,ORF_End,Sense or Antisense Strand,Prodigal ID,Prodigal Designated Contigs,Unique_ORF,Partial Tag,Start Codon,RBS Motif,RBS Spacer,GC Content,Specific Contig,Final Sample Name
0,mobileOG_000263274|bbp21|A0A3E2BDU7|phage|structural|GPD|Homology,NODE_1_length_465894_cov_73.263490_54 # 50169 # 51821 # -1 # ID=1_54;partial=00;start_type=ATG;rbs_motif=GGxGG;rbs_spacer=3-4bp;gc_cont=0.457,98.2,1029,550,0.0,551,1,550,1,550,mobileOG_000263274,bbp21,A0A3E2BDU7,phage,structural,GPD,Homology,NODE_1_length_465894_cov_73.263490_54, 50169 # 51821 # -1 , 50169,51821,-1 ,1_54,1,54,00,ATG,GGxGG,3-4bp,0.457,NODE_1_length_465894_cov_73.263490,mobileOG_000263274_NODE_1_length_465894_cov_73.263490
1,mobileOG_000263165|bbp21|A0A3E2BDU7|phage|structural|GPD|Homology,NODE_1_length_465894_cov_73.263490_54 # 50169 # 51821 # -1 # ID=1_54;partial=00;start_type=ATG;rbs_motif=GGxGG;rbs_spacer=3-4bp;gc_cont=0.457,97.8,1028,550,0.0,551,1,550,1,550,mobileOG_000263165,bbp21,A0A3E2BDU7,phage,structural,GPD,Homology,NODE_1_length_465894_cov_73.263490_54, 50169 # 51821 # -1 , 50169,51821,-1 ,1_54,1,54,00,ATG,GGxGG,3-4bp,0.457,NODE_1_length_465894_cov_73.263490,mobileOG_000263165_NODE_1_length_465894_cov_73.263490
2,mobileOG_000261857|bbp21|D4BT87|phage|structural|GPD|Homology,NODE_1_length_465894_cov_73.263490_54 # 50169 # 51821 # -1 # ID=1_54;partial=00;start_type=ATG;rbs_motif=GGxGG;rbs_spacer=3-4bp;gc_cont=0.457,97.5,1028,550,0.0,551,1,550,1,550,mobileOG_000261857,bbp21,D4BT87,phage,structural,GPD,Homology,NODE_1_length_465894_cov_73.263490_54, 50169 # 51821 # -1 , 50169,51821,-1 ,1_54,1,54,00,ATG,GGxGG,3-4bp,0.457,NODE_1_length_465894_cov_73.263490,mobileOG_000261857_NODE_1_length_465894_cov_73.263490
3,mobileOG_000172515|bbp21|D4BT87|phage|structural|GPD|Homology,NODE_1_length_465894_cov_73.263490_54 # 50169 # 51821 # -1 # ID=1_54;partial=00;start_type=ATG;rbs_motif=GGxGG;rbs_spacer=3-4bp;gc_cont=0.457,97.6,1023,550,0.0,551,1,550,1,550,mobileOG_000172515,bbp21,D4BT87,phage,structural,GPD,Homology,NODE_1_length_465894_cov_73.263490_54, 50169 # 51821 # -1 , 50169,51821,-1 ,1_54,1,54,00,ATG,GGxGG,3-4bp,0.457,NODE_1_length_465894_cov_73.263490,mobileOG_000172515_NODE_1_length_465894_cov_73.263490
4,mobileOG_000262402|bbp21|A0A291EDU4|phage|structural|GPD|Homology,NODE_1_length_465894_cov_73.263490_54 # 50169 # 51821 # -1 # ID=1_54;partial=00;start_type=ATG;rbs_motif=GGxGG;rbs_spacer=3-4bp;gc_cont=0.457,96.7,1022,550,0.0,551,1,550,1,550,mobileOG_000262402,bbp21,A0A291EDU4,phage,structural,GPD,Homology,NODE_1_length_465894_cov_73.263490_54, 50169 # 51821 # -1 , 50169,51821,-1 ,1_54,1,54,00,ATG,GGxGG,3-4bp,0.457,NODE_1_length_465894_cov_73.263490,mobileOG_000262402_NODE_1_length_465894_cov_73.263490
5,mobileOG_000712992|NA:Keyword|A0A291EDD5|phage|NA|GPD|Keyword Search,NODE_1_length_465894_cov_73.263490_56 # 52249 # 53730 # -1 # ID=1_56;partial=00;start_type=ATG;rbs_motif=GGxGG;rbs_spacer=5-10bp;gc_cont=0.451,98.8,1004,493,0.0,494,1,493,1,493,mobileOG_000712992,NA:Keyword,A0A291EDD5,phage,NA,GPD,Keyword Search,NODE_1_length_465894_cov_73.263490_56, 52249 # 53730 # -1 , 52249,53730,-1 ,1_56,1,56,00,ATG,GGxGG,5-10bp,0.451,NODE_1_length_465894_cov_73.263490,mobileOG_000712992_NODE_1_length_465894_cov_73.263490
6,mobileOG_000712993|NA:Keyword|A0A291EDP1|phage|NA|GPD|Keyword Search,NODE_1_length_465894_cov_73.263490_57 # 53727 # 54287 # -1 # ID=1_57;partial=00;start_type=ATG;rbs_motif=GGAG/GAGG;rbs_spacer=5-10bp;gc_cont=0.471,97.3,342,186,9.15e-121,187,1,186,1,186,mobileOG_000712993,NA:Keyword,A0A291EDP1,phage,NA,GPD,Keyword Search,NODE_1_length_465894_cov_73.263490_57, 53727 # 54287 # -1 , 53727,54287,-1 ,1_57,1,57,00,ATG,GGAG/GAGG,5-10bp,0.471,NODE_1_length_465894_cov_73.263490,mobileOG_000712993_NODE_1_length_465894_cov_73.263490
7,mobileOG_000712512|NA:Keyword|D4BT84|phage|NA|GPD|Keyword Search,NODE_1_length_465894_cov_73.263490_57 # 53727 # 54287 # -1 # ID=1_57;partial=00;start_type=ATG;rbs_motif=GGAG/GAGG;rbs_spacer=5-10bp;gc_cont=0.471,96.8,341,186,1.85e-120,187,1,185,1,185,mobileOG_000712512,NA:Keyword,D4BT84,phage,NA,GPD,Keyword Search,NODE_1_length_465894_cov_73.263490_57, 53727 # 54287 # -1 , 53727,54287,-1 ,1_57,1,57,00,ATG,GGAG/GAGG,5-10bp,0.471,NODE_1_length_465894_cov_73.263490,mobileOG_000712512_NODE_1_length_465894_cov_73.263490
8,mobileOG_000713833|NA:Keyword|A0A291EDP1|phage|NA|GPD|Keyword Search,NODE_1_length_465894_cov_73.263490_57 # 53727 # 54287 # -1 # ID=1_57;partial=00;start_type=ATG;rbs_motif=GGAG/GAGG;rbs_spacer=5-10bp;gc_cont=0.471,96.8,337,185,5.97e-119,187,1,185,1,185,mobileOG_000713833,NA:Keyword,A0A291EDP1,phage,NA,GPD,Keyword Search,NODE_1_length_465894_cov_73.263490_57, 53727 # 54287 # -1 , 53727,54287,-1 ,1_57,1,57,00,ATG,GGAG/GAGG,5-10bp,0.471,NODE_1_length_465894_cov_73.263490,mobileOG_000713833_NODE_1_length_465894_cov_73.263490
9,mobileOG_000713889|NA:Keyword|A0A291EDP1|phage|NA|GPD|Keyword Search,NODE_1_length_465894_cov_73.263490_57 # 53727 # 54287 # -1 # ID=1_57;partial=00;start_type=ATG;rbs_motif=GGAG/GAGG;rbs_spacer=5-10bp;gc_cont=0.471,97.8,337,187,1.29e-118,187,6,187,4,185,mobileOG_000713889,NA:Keyword,A0A291EDP1,phage,NA,GPD,Keyword Search,NODE_1_length_465894_cov_73.263490_57, 53727 # 54287 # -1 , 53727,54287,-1 ,1_57,1,57,00,ATG,GGAG/GAGG,5-10bp,0.471,NODE_1_length_465894_cov_73.263490,mobileOG_000713889_NODE_1_length_465894_cov_73.263490
10,mobileOG_000021822|rusA|D4BT77|replication/recombination/repair|NA|GPD|Manual,NODE_1_length_465894_cov_73.263490_65 # 57171 # 57566 # -1 # ID=1_65;partial=00;start_type=ATG;rbs_motif=GGAG/GAGG;rbs_spacer=5-10bp;gc_cont=0.460,95.8,237,120,4.34e-81,132,1,120,1,120,mobileOG_000021822,rusA,D4BT77,replication/recombination/repair,NA,GPD,Manual,NODE_1_length_465894_cov_73.263490_65, 57171 # 57566 # -1 , 57171,57566,-1 ,1_65,1,65,00,ATG,GGAG/GAGG,5-10bp,0.460,NODE_1_length_465894_cov_73.263490,mobileOG_000021822_NODE_1_length_465894_cov_73.263490
11,mobileOG_000021946|rusA|D4BT77|replication/recombination/repair|NA|GPD|Manual,NODE_1_length_465894_cov_73.263490_65 # 57171 # 57566 # -1 # ID=1_65;partial=00;start_type=ATG;rbs_motif=GGAG/GAGG;rbs_spacer=5-10bp;gc_cont=0.460,95.8,236,120,6.16e-81,132,1,120,1,120,mobileOG_000021946,rusA,D4BT77,replication/recombination/repair,NA,GPD,Manual,NODE_1_length_465894_cov_73.263490_65, 57171 # 57566 # -1 , 57171,57566,-1 ,1_65,1,65,00,ATG,GGAG/GAGG,5-10bp,0.460,NODE_1_length_465894_cov_73.263490,mobileOG_000021946_NODE_1_length_465894_cov_73.263490
12,mobileOG_000021942|rusA|D4BT77|replication/recombination/repair|NA|GPD|Manual,NODE_1_length_465894_cov_73.263490_65 # 57171 # 57566 # -1 # ID=1_65;partial=00;start_type=ATG;rbs_motif=GGAG/GAGG;rbs_spacer=5-10bp;gc_cont=0.460,95.0,236,120,8.76e-81,132,1,120,1,120,mobileOG_000021942,rusA,D4BT77,replication/recombination/repair,NA,GPD,Manual,NODE_1_length_465894_cov_73.263490_65, 57171 # 57566 # -1 , 57171,57566,-1 ,1_65,1,65,00,ATG,GGAG/GAGG,5-10bp,0.460,NODE_1_length_465894_cov_73.263490,mobileOG_000021942_NODE_1_length_465894_cov_73.263490
13,mobileOG_000013489|rusA|D4BT77|replication/recombination/repair|NA|GPD|Manual,NODE_1_length_465894_cov_73.263490_65 # 57171 # 57566 # -1 # ID=1_65;partial=00;start_type=ATG;rbs_motif=GGAG/GAGG;rbs_spacer=5-10bp;gc_cont=0.460,95.8,235,120,2.51e-80,132,1,120,1,120,mobileOG_000013489,rusA,D4BT77,replication/recombination/repair,NA,GPD,Manual,NODE_1_length_465894_cov_73.263490_65, 57171 # 57566 # -1 , 57171,57566,-1 ,1_65,1,65,00,ATG,GGAG/GAGG,5-10bp,0.460,NODE_1_length_465894_cov_73.263490,mobileOG_000013489_NODE_1_length_465894_cov_73.263490
14,mobileOG_000262403|rusA|A0A291EDC5|replication/recombination/repair|NA|GPD|Homology,NODE_1_length_465894_cov_73.263490_65 # 57171 # 57566 # -1 # ID=1_65;partial=00;start_type=ATG;rbs_motif=GGAG/GAGG;rbs_spacer=5-10bp;gc_cont=0.460,92.5,232,120,4.17e-79,132,1,120,1,120,mobileOG_000262403,rusA,A0A291EDC5,replication/recombination/repair,NA,GPD,Homology,NODE_1_length_465894_cov_73.263490_65, 57171 # 57566 # -1 , 57171,57566,-1 ,1_65,1,65,00,ATG,GGAG/GAGG,5-10bp,0.460,NODE_1_length_465894_cov_73.263490,mobileOG_000262403_NODE_1_length_465894_cov_73.263490
15,mobileOG_000263164|dam|A0A3E2BE80|stability/transfer/defense|NA|GPD|Homology,NODE_1_length_465894_cov_73.263490_79 # 65690 # 66343 # 1 # ID=1_79;partial=00;start_type=TTG;rbs_motif=AGGAG;rbs_spacer=5-10bp;gc_cont=0.434,95.4,446,217,4.67e-161,218,1,217,1,217,mobileOG_000263164,dam,A0A3E2BE80,stability/transfer/defense,NA,GPD,Homology,NODE_1_length_465894_cov_73.263490_79, 65690 # 66343 # 1 , 65690,66343,1 ,1_79,1,79,00,TTG,AGGAG,5-10bp,0.434,NODE_1_length_465894_cov_73.263490,mobileOG_000263164_NODE_1_length_465894_cov_73.263490
16,mobileOG_000262404|dam|A0A291EDW5|stability/transfer/defense|NA|GPD|Homology,NODE_1_length_465894_cov_73.263490_79 # 65690 # 66343 # 1 # ID=1_79;partial=00;start_type=TTG;rbs_motif=AGGAG;rbs_spacer=5-10bp;gc_cont=0.434,95.9,442,217,1.56e-159,218,1,217,1,217,mobileOG_000262404,dam,A0A291EDW5,stability/transfer/defense,NA,GPD,Homology,NODE_1_length_465894_cov_73.263490_79, 65690 # 66343 # 1 , 65690,66343,1 ,1_79,1,79,00,TTG,AGGAG,5-10bp,0.434,NODE_1_length_465894_cov_73.263490,mobileOG_000262404_NODE_1_length_465894_cov_73.263490
17,mobileOG_000172651|dam|A0A379GXF9|stability/transfer/defense|NA|GPD|Homology,NODE_1_length_465894_cov_73.263490_79 # 65690 # 66343 # 1 # ID=1_79;partial=00;start_type=TTG;rbs_motif=AGGAG;rbs_spacer=5-10bp;gc_cont=0.434,94.5,442,217,3.16e-159,218,1,217,1,217,mobileOG_000172651,dam,A0A379GXF9,stability/transfer/defense,NA,GPD,Homology,NODE_1_length_465894_cov_73.263490_79, 65690 # 66343 # 1 , 65690,66343,1 ,1_79,1,79,00,TTG,AGGAG,5-10bp,0.434,NODE_1_length_465894_cov_73.263490,mobileOG_000172651_NODE_1_length_465894_cov_73.263490
18,mobileOG_000261856|dam|D4BT57|stability/transfer/defense|NA|GPD|Homology,NODE_1_length_465894_cov_73.263490_79 # 65690 # 66343 # 1 # ID=1_79;partial=00;start_type=TTG;rbs_motif=AGGAG;rbs_spacer=5-10bp;gc_cont=0.434,94.0,441,217,9.06e-159,218,1,217,1,217,mobileOG_000261856,dam,D4BT57,stability/transfer/defense,NA,GPD,Homology,NODE_1_length_465894_cov_73.263490_79, 65690 # 66343 # 1 , 65690,66343,1 ,1_79,1,79,00,TTG,AGGAG,5-10bp,0.434,NODE_1_length_465894_cov_73.263490,mobileOG_000261856_NODE_1_length_465894_cov_73.263490
19,mobileOG_000571840|NA:Keyword|D4BT55|integration/excision|NA|GPD|Keyword Search,NODE_1_length_465894_cov_73.263490_80 # 66524 # 67732 # -1 # ID=1_80;partial=00;start_type=GTG;rbs_motif=AGGA;rbs_spacer=5-10bp;gc_cont=0.414,95.0,752,401,7.07e-276,403,1,401,1,401,mobileOG_000571840,NA:Keyword,D4BT55,integration/excision,NA,GPD,Keyword Search,NODE_1_length_465894_cov_73.263490_80, 66524 # 67732 # -1 , 66524,67732,-1 ,1_80,1,80,00,GTG,AGGA,5-10bp,0.414,NODE_1_length_465894_cov_73.263490,mobileOG_000571840_NODE_1_length_465894_cov_73.263490
20,mobileOG_000712511|NA:Keyword|D4BT55|integration/excision|NA|GPD|Keyword Search,NODE_1_length_465894_cov_73.263490_80 # 66524 # 67732 # -1 # ID=1_80;partial=00;start_type=GTG;rbs_motif=AGGA;rbs_spacer=5-10bp;gc_cont=0.414,94.5,750,417,7.46e-275,403,17,417,1,401,mobileOG_000712511,NA:Keyword,D4BT55,integration/excision,NA,GPD,Keyword Search,NODE_1_length_465894_cov_73.263490_80, 66524 # 67732 # -1 , 66524,67732,-1 ,1_80,1,80,00,GTG,AGGA,5-10bp,0.414,NODE_1_length_465894_cov_73.263490,mobileOG_000712511_NODE_1_length_465894_cov_73.263490
21,mobileOG_000161184|5|A0A1Z1SW12|phage|NA|GPD|Homology,NODE_1_length_465894_cov_73.263490_269 # 271015 # 272229 # -1 # ID=1_269;partial=00;start_type=ATG;rbs_motif=GGAG/GAGG;rbs_spacer=5-10bp;gc_cont=0.477,90.6,710,404,3.48e-259,405,1,404,1,404,mobileOG_000161184,5,A0A1Z1SW12,phage,NA,GPD,Homology,NODE_1_length_465894_cov_73.263490_269, 271015 # 272229 # -1 , 271015,272229,-1 ,1_269,1,269,00,ATG,GGAG/GAGG,5-10bp,0.477,NODE_1_length_465894_cov_73.263490,mobileOG_000161184_NODE_1_length_465894_cov_73.263490
22,mobileOG_000265468|5|A0A1Z1SW12|phage|NA|GPD|Homology,NODE_1_length_465894_cov_73.263490_269 # 271015 # 272229 # -1 # ID=1_269;partial=00;start_type=ATG;rbs_motif=GGAG/GAGG;rbs_spacer=5-10bp;gc_cont=0.477,90.6,710,404,4.94e-259,405,1,404,1,404,mobileOG_000265468,5,A0A1Z1SW12,phage,NA,GPD,Homology,NODE_1_length_465894_cov_73.263490_269, 271015 # 272229 # -1 , 271015,272229,-1 ,1_269,1,269,00,ATG,GGAG/GAGG,5-10bp,0.477,NODE_1_length_465894_cov_73.263490,mobileOG_000265468_NODE_1_length_465894_cov_73.263490
23,mobileOG_000161183|clpP|A0A1Z1SW84|phage|replication/recombination/repair|GPD|Homology,NODE_1_length_465894_cov_73.263490_270 # 272241 # 273095 # -1 # ID=1_270;partial=00;start_type=ATG;rbs_motif=AGGAG;rbs_spacer=5-10bp;gc_cont=0.473,90.0,493,283,2.78e-177,285,1,280,1,280,mobileOG_000161183,clpP,A0A1Z1SW84,phage,replication/recombination/repair,GPD,Homology,NODE_1_length_465894_cov_73.263490_270, 272241 # 273095 # -1 , 272241,273095,-1 ,1_270,1,270,00,ATG,AGGAG,5-10bp,0.473,NODE_1_length_465894_cov_73.263490,mobileOG_000161183_NODE_1_length_465894_cov_73.263490
24,mobileOG_000556870|NA:Keyword|A0A5F0S755|phage|NA|GPD|Keyword Search,NODE_1_length_465894_cov_73.263490_273 # 276134 # 276601 # -1 # ID=1_273;partial=00;start_type=ATG;rbs_motif=GGAGG;rbs_spacer=5-10bp;gc_cont=0.472,94.2,299,155,1.05e-104,156,1,155,1,155,mobileOG_000556870,NA:Keyword,A0A5F0S755,phage,NA,GPD,Keyword Search,NODE_1_length_465894_cov_73.263490_273, 276134 # 276601 # -1 , 276134,276601,-1 ,1_273,1,273,00,ATG,GGAGG,5-10bp,0.472,NODE_1_length_465894_cov_73.263490,mobileOG_000556870_NODE_1_length_465894_cov_73.263490
25,mobileOG_000521438|NA:Keyword|A0A5F0S755|phage|NA|GPD|Keyword Search,NODE_1_length_465894_cov_73.263490_273 # 276134 # 276601 # -1 # ID=1_273;partial=00;start_type=ATG;rbs_motif=GGAGG;rbs_spacer=5-10bp;gc_cont=0.472,93.5,298,155,1.49e-104,156,1,155,1,155,mobileOG_000521438,NA:Keyword,A0A5F0S755,phage,NA,GPD,Keyword Search,NODE_1_length_465894_cov_73.263490_273, 276134 # 276601 # -1 , 276134,276601,-1 ,1_273,1,273,00,ATG,GGAGG,5-10bp,0.472,NODE_1_length_465894_cov_73.263490,mobileOG_000521438_NODE_1_length_465894_cov_73.263490
26,mobileOG_000556483|NA:Keyword|A0A1Z1SX76|phage|NA|GPD|Keyword Search,NODE_1_length_465894_cov_73.263490_273 # 276134 # 276601 # -1 # ID=1_273;partial=00;start_type=ATG;rbs_motif=GGAGG;rbs_spacer=5-10bp;gc_cont=0.472,92.9,295,155,5.01e-103,156,1,155,1,155,mobileOG_000556483,NA:Keyword,A0A1Z1SX76,phage,NA,GPD,Keyword Search,NODE_1_length_465894_cov_73.263490_273, 276134 # 276601 # -1 , 276134,276601,-1 ,1_273,1,273,00,ATG,GGAGG,5-10bp,0.472,NODE_1_length_465894_cov_73.263490,mobileOG_000556483_NODE_1_length_465894_cov_73.263490
27,mobileOG_000261820|essD|X6QD55|phage|lysis/lysogeny|GPD|Homology,NODE_1_length_465894_cov_73.263490_279 # 280001 # 280225 # -1 # ID=1_279;partial=00;start_type=ATG;rbs_motif=AGxAGG/AGGxGG;rbs_spacer=5-10bp;gc_cont=0.418,94.6,144,74,8.23e-46,75,1,74,1,74,mobileOG_000261820,essD,X6QD55,phage,lysis/lysogeny,GPD,Homology,NODE_1_length_465894_cov_73.263490_279, 280001 # 280225 # -1 , 280001,280225,-1 ,1_279,1,279,00,ATG,AGxAGG/AGGxGG,5-10bp,0.418,NODE_1_length_465894_cov_73.263490,mobileOG_000261820_NODE_1_length_465894_cov_73.263490
28,mobileOG_000301582|radA|WP_025159617.1|replication/recombination/repair|competence|Plasmid RefSeq|Homology,NODE_2_length_382722_cov_81.267713_51 # 59016 # 60401 # 1 # ID=2_51;partial=00;start_type=GTG;rbs_motif=AGGAG;rbs_spacer=5-10bp;gc_cont=0.506,91.3,828,461,6.93e-304,462,1,459,1,460,mobileOG_000301582,radA,WP_025159617.1,replication/recombination/repair,competence,Plasmid RefSeq,Homology,NODE_2_length_382722_cov_81.267713_51, 59016 # 60401 # 1 , 59016,60401,1 ,2_51,2,51,00,GTG,AGGAG,5-10bp,0.506,NODE_2_length_382722_cov_81.267713,mobileOG_000301582_NODE_2_length_382722_cov_81.267713
29,"mobileOG_000368516|clpX|WP_004940354.1|phage|replication,chaperone|Plasmid RefSeq|Homology",NODE_2_length_382722_cov_81.267713_169 # 194535 # 195812 # 1 # ID=2_169;partial=00;start_type=ATG;rbs_motif=GGAG/GAGG;rbs_spacer=5-10bp;gc_cont=0.430,90.6,753,423,2.01e-275,426,1,423,1,424,mobileOG_000368516,clpX,WP_004940354.1,phage,"replication,chaperone",Plasmid RefSeq,Homology,NODE_2_length_382722_cov_81.267713_169, 194535 # 195812 # 1 , 194535,195812,1 ,2_169,2,169,00,ATG,GGAG/GAGG,5-10bp,0.430,NODE_2_length_382722_cov_81.267713,mobileOG_000368516_NODE_2_length_382722_cov_81.267713
30,mobileOG_000025998|clpX|A0A1R0G070|phage|replication/recombination/repair|Plasmid RefSeq|Manual,NODE_2_length_382722_cov_81.267713_169 # 194535 # 195812 # 1 # ID=2_169;partial=00;start_type=ATG;rbs_motif=GGAG/GAGG;rbs_spacer=5-10bp;gc_cont=0.430,90.4,743,424,1.34e-271,426,1,424,1,424,mobileOG_000025998,clpX,A0A1R0G070,phage,replication/recombination/repair,Plasmid RefSeq,Manual,NODE_2_length_382722_cov_81.267713_169, 194535 # 195812 # 1 , 194535,195812,1 ,2_169,2,169,00,ATG,GGAG/GAGG,5-10bp,0.430,NODE_2_length_382722_cov_81.267713,mobileOG_000025998_NODE_2_length_382722_cov_81.267713
31,"mobileOG_000344359|clpX|WP_002891807.1|phage|replication,chaperone|Plasmid RefSeq|Homology",NODE_2_length_382722_cov_81.267713_169 # 194535 # 195812 # 1 # ID=2_169;partial=00;start_type=ATG;rbs_motif=GGAG/GAGG;rbs_spacer=5-10bp;gc_cont=0.430,90.6,743,424,2.71e-271,426,1,424,1,424,mobileOG_000344359,clpX,WP_002891807.1,phage,"replication,chaperone",Plasmid RefSeq,Homology,NODE_2_length_382722_cov_81.267713_169, 194535 # 195812 # 1 , 194535,195812,1 ,2_169,2,169,00,ATG,GGAG/GAGG,5-10bp,0.430,NODE_2_length_382722_cov_81.267713,mobileOG_000344359_NODE_2_length_382722_cov_81.267713
32,mobileOG_000025945|clpX|F0JMC0|phage|replication/recombination/repair|Plasmid RefSeq|Manual,NODE_2_length_382722_cov_81.267713_169 # 194535 # 195812 # 1 # ID=2_169;partial=00;start_type=ATG;rbs_motif=GGAG/GAGG;rbs_spacer=5-10bp;gc_cont=0.430,90.1,741,424,1.10e-270,426,1,424,1,424,mobileOG_000025945,clpX,F0JMC0,phage,replication/recombination/repair,Plasmid RefSeq,Manual,NODE_2_length_382722_cov_81.267713_169, 194535 # 195812 # 1 , 194535,195812,1 ,2_169,2,169,00,ATG,GGAG/GAGG,5-10bp,0.430,NODE_2_length_382722_cov_81.267713,mobileOG_000025945_NODE_2_length_382722_cov_81.267713
33,mobileOG_000282617|recA|WP_004155913.1|replication/recombination/repair|NA|Plasmid RefSeq|Homology,NODE_2_length_382722_cov_81.267713_338 # 377670 # 378737 # 1 # ID=2_338;partial=00;start_type=ATG;rbs_motif=GGAG/GAGG;rbs_spacer=5-10bp;gc_cont=0.425,91.8,598,355,1.20e-216,356,1,331,1,331,mobileOG_000282617,recA,WP_004155913.1,replication/recombination/repair,NA,Plasmid RefSeq,Homology,NODE_2_length_382722_cov_81.267713_338, 377670 # 378737 # 1 , 377670,378737,1 ,2_338,2,338,00,ATG,GGAG/GAGG,5-10bp,0.425,NODE_2_length_382722_cov_81.267713,mobileOG_000282617_NODE_2_length_382722_cov_81.267713
34,mobileOG_000261817|NA|D1P3X2|phage|structural|GPD|Homology,NODE_3_length_263113_cov_76.646368_129 # 137471 # 138538 # -1 # ID=3_129;partial=00;start_type=ATG;rbs_motif=AGGA;rbs_spacer=5-10bp;gc_cont=0.493,94.9,678,355,4.91e-248,356,1,355,1,355,mobileOG_000261817,NA,D1P3X2,phage,structural,GPD,Homology,NODE_3_length_263113_cov_76.646368_129, 137471 # 138538 # -1 , 137471,138538,-1 ,3_129,3,129,00,ATG,AGGA,5-10bp,0.493,NODE_3_length_263113_cov_76.646368,mobileOG_000261817_NODE_3_length_263113_cov_76.646368
35,mobileOG_000263192|NA|X6QEL4|phage|structural|GPD|Homology,NODE_3_length_263113_cov_76.646368_129 # 137471 # 138538 # -1 # ID=3_129;partial=00;start_type=ATG;rbs_motif=AGGA;rbs_spacer=5-10bp;gc_cont=0.493,94.9,678,355,4.91e-248,356,1,355,1,355,mobileOG_000263192,NA,X6QEL4,phage,structural,GPD,Homology,NODE_3_length_263113_cov_76.646368_129, 137471 # 138538 # -1 , 137471,138538,-1 ,3_129,3,129,00,ATG,AGGA,5-10bp,0.493,NODE_3_length_263113_cov_76.646368,mobileOG_000263192_NODE_3_length_263113_cov_76.646368
36,mobileOG_000262415|NA|A0A291ECH3|phage|structural|GPD|Homology,NODE_3_length_263113_cov_76.646368_129 # 137471 # 138538 # -1 # ID=3_129;partial=00;start_type=ATG;rbs_motif=AGGA;rbs_spacer=5-10bp;gc_cont=0.493,94.9,677,355,1.41e-247,356,1,355,1,355,mobileOG_000262415,NA,A0A291ECH3,phage,structural,GPD,Homology,NODE_3_length_263113_cov_76.646368_129, 137471 # 138538 # -1 , 137471,138538,-1 ,3_129,3,129,00,ATG,AGGA,5-10bp,0.493,NODE_3_length_263113_cov_76.646368,mobileOG_000262415_NODE_3_length_263113_cov_76.646368
37,mobileOG_000263306|NA|X6QEL4|phage|structural|GPD|Homology,NODE_3_length_263113_cov_76.646368_129 # 137471 # 138538 # -1 # ID=3_129;partial=00;start_type=ATG;rbs_motif=AGGA;rbs_spacer=5-10bp;gc_cont=0.493,94.6,674,355,2.33e-246,356,1,355,1,355,mobileOG_000263306,NA,X6QEL4,phage,structural,GPD,Homology,NODE_3_length_263113_cov_76.646368_129, 137471 # 138538 # -1 , 137471,138538,-1 ,3_129,3,129,00,ATG,AGGA,5-10bp,0.493,NODE_3_length_263113_cov_76.646368,mobileOG_000263306_NODE_3_length_263113_cov_76.646368
38,mobileOG_000713879|NA:Keyword|A0A3G8FEB6|phage|NA|GPD|Keyword Search,NODE_3_length_263113_cov_76.646368_134 # 142546 # 144150 # -1 # ID=3_134;partial=00;start_type=ATG;rbs_motif=None;rbs_spacer=None;gc_cont=0.431,97.9,1081,534,0.0,535,1,534,1,534,mobileOG_000713879,NA:Keyword,A0A3G8FEB6,phage,NA,GPD,Keyword Search,NODE_3_length_263113_cov_76.646368_134, 142546 # 144150 # -1 , 142546,144150,-1 ,3_134,3,134,00,ATG,None,None,0.431,NODE_3_length_263113_cov_76.646368,mobileOG_000713879_NODE_3_length_263113_cov_76.646368
39,mobileOG_000587126|NA:Keyword|A0A3G8FEB6|phage|NA|GPD|Keyword Search,NODE_3_length_263113_cov_76.646368_134 # 142546 # 144150 # -1 # ID=3_134;partial=00;start_type=ATG;rbs_motif=None;rbs_spacer=None;gc_cont=0.431,93.4,1041,534,0.0,535,1,534,1,534,mobileOG_000587126,NA:Keyword,A0A3G8FEB6,phage,NA,GPD,Keyword Search,NODE_3_length_263113_cov_76.646368_134, 142546 # 144150 # -1 , 142546,144150,-1 ,3_134,3,134,00,ATG,None,None,0.431,NODE_3_length_263113_cov_76.646368,mobileOG_000587126_NODE_3_length_263113_cov_76.646368
40,"mobileOG_000263258|g02|A0A140SSZ4|phage|infection,regulation|GPD|Homology",NODE_3_length_263113_cov_76.646368_136 # 144924 # 145934 # -1 # ID=3_136;partial=00;start_type=ATG;rbs_motif=AGGAG;rbs_spacer=5-10bp;gc_cont=0.466,93.8,641,336,3.39e-234,337,1,336,1,336,mobileOG_000263258,g02,A0A140SSZ4,phage,"infection,regulation",GPD,Homology,NODE_3_length_263113_cov_76.646368_136, 144924 # 145934 # -1 , 144924,145934,-1 ,3_136,3,136,00,ATG,AGGAG,5-10bp,0.466,NODE_3_length_263113_cov_76.646368,mobileOG_000263258_NODE_3_length_263113_cov_76.646368
41,mobileOG_000263190|rrrD|X6QET3|phage|lysis/lysogeny|GPD|Homology,NODE_3_length_263113_cov_76.646368_141 # 148513 # 148983 # -1 # ID=3_141;partial=00;start_type=ATG;rbs_motif=AGGA;rbs_spacer=5-10bp;gc_cont=0.423,91.7,295,156,3.80e-103,157,1,156,1,156,mobileOG_000263190,rrrD,X6QET3,phage,lysis/lysogeny,GPD,Homology,NODE_3_length_263113_cov_76.646368_141, 148513 # 148983 # -1 , 148513,148983,-1 ,3_141,3,141,00,ATG,AGGA,5-10bp,0.423,NODE_3_length_263113_cov_76.646368,mobileOG_000263190_NODE_3_length_263113_cov_76.646368
42,mobileOG_000263163|rrrD|A0A4R3NNT3|phage|lysis/lysogeny|GPD|Homology,NODE_3_length_263113_cov_76.646368_141 # 148513 # 148983 # -1 # ID=3_141;partial=00;start_type=ATG;rbs_motif=AGGA;rbs_spacer=5-10bp;gc_cont=0.423,91.0,293,156,3.12e-102,157,1,156,1,156,mobileOG_000263163,rrrD,A0A4R3NNT3,phage,lysis/lysogeny,GPD,Homology,NODE_3_length_263113_cov_76.646368_141, 148513 # 148983 # -1 , 148513,148983,-1 ,3_141,3,141,00,ATG,AGGA,5-10bp,0.423,NODE_3_length_263113_cov_76.646368,mobileOG_000263163_NODE_3_length_263113_cov_76.646368
43,mobileOG_000261821|rsrIM|D1P372|stability/transfer/defense|NA|GPD|Homology,NODE_3_length_263113_cov_76.646368_144 # 150591 # 151649 # -1 # ID=3_144;partial=00;start_type=ATG;rbs_motif=GGA/GAG/AGG;rbs_spacer=11-12bp;gc_cont=0.414,92.4,646,350,1.13e-235,353,1,343,1,343,mobileOG_000261821,rsrIM,D1P372,stability/transfer/defense,NA,GPD,Homology,NODE_3_length_263113_cov_76.646368_144, 150591 # 151649 # -1 , 150591,151649,-1 ,3_144,3,144,00,ATG,GGA/GAG/AGG,11-12bp,0.414,NODE_3_length_263113_cov_76.646368,mobileOG_000261821_NODE_3_length_263113_cov_76.646368
44,mobileOG_000138357|intA_3|K8WV76|integration/excision|NA|GPD|Homology,NODE_3_length_263113_cov_76.646368_187 # 180781 # 181026 # 1 # ID=3_187;partial=00;start_type=ATG;rbs_motif=GGA/GAG/AGG;rbs_spacer=5-10bp;gc_cont=0.463,91.4,153,413,1.50e-45,82,333,413,1,81,mobileOG_000138357,intA_3,K8WV76,integration/excision,NA,GPD,Homology,NODE_3_length_263113_cov_76.646368_187, 180781 # 181026 # 1 , 180781,181026,1 ,3_187,3,187,00,ATG,GGA/GAG/AGG,5-10bp,0.463,NODE_3_length_263113_cov_76.646368,mobileOG_000138357_NODE_3_length_263113_cov_76.646368
45,mobileOG_000261869|10|D4BUK7|phage|structural|GPD|Homology,NODE_5_length_247950_cov_79.983931_21 # 23941 # 25734 # -1 # ID=5_21;partial=00;start_type=ATG;rbs_motif=AGGAG;rbs_spacer=5-10bp;gc_cont=0.444,95.8,1155,603,0.0,598,7,603,1,597,mobileOG_000261869,10,D4BUK7,phage,structural,GPD,Homology,NODE_5_length_247950_cov_79.983931_21, 23941 # 25734 # -1 , 23941,25734,-1 ,5_21,5,21,00,ATG,AGGAG,5-10bp,0.444,NODE_5_length_247950_cov_79.983931,mobileOG_000261869_NODE_5_length_247950_cov_79.983931
46,mobileOG_000243785|GP_2|A0A3G8FE13|phage|structural|GPD|Homology,NODE_5_length_247950_cov_79.983931_22 # 25706 # 26203 # -1 # ID=5_22;partial=00;start_type=ATG;rbs_motif=AGxAGG/AGGxGG;rbs_spacer=5-10bp;gc_cont=0.446,92.1,312,165,1.46e-109,166,1,165,1,165,mobileOG_000243785,GP_2,A0A3G8FE13,phage,structural,GPD,Homology,NODE_5_length_247950_cov_79.983931_22, 25706 # 26203 # -1 , 25706,26203,-1 ,5_22,5,22,00,ATG,AGxAGG/AGGxGG,5-10bp,0.446,NODE_5_length_247950_cov_79.983931,mobileOG_000243785_NODE_5_length_247950_cov_79.983931
47,mobileOG_000163329|GP_2|A0A3G8FE13|phage|structural|GPD|Homology,NODE_5_length_247950_cov_79.983931_22 # 25706 # 26203 # -1 # ID=5_22;partial=00;start_type=ATG;rbs_motif=AGxAGG/AGGxGG;rbs_spacer=5-10bp;gc_cont=0.446,90.3,305,165,5.71e-107,166,1,165,1,165,mobileOG_000163329,GP_2,A0A3G8FE13,phage,structural,GPD,Homology,NODE_5_length_247950_cov_79.983931_22, 25706 # 26203 # -1 , 25706,26203,-1 ,5_22,5,22,00,ATG,AGxAGG/AGGxGG,5-10bp,0.446,NODE_5_length_247950_cov_79.983931,mobileOG_000163329_NODE_5_length_247950_cov_79.983931
48,mobileOG_000162238|GP_2|A0A3G8FE13|phage|structural|GPD|Homology,NODE_5_length_247950_cov_79.983931_22 # 25706 # 26203 # -1 # ID=5_22;partial=00;start_type=ATG;rbs_motif=AGxAGG/AGGxGG;rbs_spacer=5-10bp;gc_cont=0.446,90.3,305,165,8.11e-107,166,1,165,1,165,mobileOG_000162238,GP_2,A0A3G8FE13,phage,structural,GPD,Homology,NODE_5_length_247950_cov_79.983931_22, 25706 # 26203 # -1 , 25706,26203,-1 ,5_22,5,22,00,ATG,AGxAGG/AGGxGG,5-10bp,0.446,NODE_5_length_247950_cov_79.983931,mobileOG_000162238_NODE_5_length_247950_cov_79.983931
49,mobileOG_000243782|1|A0A3G8FDY1|phage|structural|GPD|Homology,NODE_5_length_247950_cov_79.983931_26 # 28666 # 30756 # -1 # ID=5_26;partial=00;start_type=ATG;rbs_motif=AGGAG;rbs_spacer=5-10bp;gc_cont=0.444,96.3,1238,696,0.0,697,1,696,1,696,mobileOG_000243782,1,A0A3G8FDY1,phage,structural,GPD,Homology,NODE_5_length_247950_cov_79.983931_26, 28666 # 30756 # -1 , 28666,30756,-1 ,5_26,5,26,00,ATG,AGGAG,5-10bp,0.444,NODE_5_length_247950_cov_79.983931,mobileOG_000243782_NODE_5_length_247950_cov_79.983931
50,mobileOG_000240475|1|A0A3G8FDY1|phage|structural|GPD|Homology,NODE_5_length_247950_cov_79.983931_26 # 28666 # 30756 # -1 # ID=5_26;partial=00;start_type=ATG;rbs_motif=AGGAG;rbs_spacer=5-10bp;gc_cont=0.444,95.5,1231,696,0.0,697,1,696,1,696,mobileOG_000240475,1,A0A3G8FDY1,phage,structural,GPD,Homology,NODE_5_length_247950_cov_79.983931_26, 28666 # 30756 # -1 , 28666,30756,-1 ,5_26,5,26,00,ATG,AGGAG,5-10bp,0.444,NODE_5_length_247950_cov_79.983931,mobileOG_000240475_NODE_5_length_247950_cov_79.983931
51,mobileOG_000176618|1|A0A3G8FDY1|phage|structural|GPD|Homology,NODE_5_length_247950_cov_79.983931_26 # 28666 # 30756 # -1 # ID=5_26;partial=00;start_type=ATG;rbs_motif=AGGAG;rbs_spacer=5-10bp;gc_cont=0.444,93.0,1201,696,0.0,697,1,696,1,696,mobileOG_000176618,1,A0A3G8FDY1,phage,structural,GPD,Homology,NODE_5_length_247950_cov_79.983931_26, 28666 # 30756 # -1 , 28666,30756,-1 ,5_26,5,26,00,ATG,AGGAG,5-10bp,0.444,NODE_5_length_247950_cov_79.983931,mobileOG_000176618_NODE_5_length_247950_cov_79.983931
52,"mobileOG_000176617|2|A0A0G4Q5R5|phage|replication,packaging|GPD|Homology",NODE_5_length_247950_cov_79.983931_27 # 30759 # 32255 # -1 # ID=5_27;partial=00;start_type=GTG;rbs_motif=AGGAG;rbs_spacer=5-10bp;gc_cont=0.442,97.4,1025,498,0.0,499,1,498,1,498,mobileOG_000176617,2,A0A0G4Q5R5,phage,"replication,packaging",GPD,Homology,NODE_5_length_247950_cov_79.983931_27, 30759 # 32255 # -1 , 30759,32255,-1 ,5_27,5,27,00,GTG,AGGAG,5-10bp,0.442,NODE_5_length_247950_cov_79.983931,mobileOG_000176617_NODE_5_length_247950_cov_79.983931
53,"mobileOG_000163333|2|A0A0G4Q5R5|phage|replication,packaging|GPD|Homology",NODE_5_length_247950_cov_79.983931_27 # 30759 # 32255 # -1 # ID=5_27;partial=00;start_type=GTG;rbs_motif=AGGAG;rbs_spacer=5-10bp;gc_cont=0.442,96.2,1011,498,0.0,499,1,498,1,498,mobileOG_000163333,2,A0A0G4Q5R5,phage,"replication,packaging",GPD,Homology,NODE_5_length_247950_cov_79.983931_27, 30759 # 32255 # -1 , 30759,32255,-1 ,5_27,5,27,00,GTG,AGGAG,5-10bp,0.442,NODE_5_length_247950_cov_79.983931,mobileOG_000163333_NODE_5_length_247950_cov_79.983931
54,"mobileOG_000199987|2|A0A2S1BEC2|phage|replication,packaging|GPD|Homology",NODE_5_length_247950_cov_79.983931_27 # 30759 # 32255 # -1 # ID=5_27;partial=00;start_type=GTG;rbs_motif=AGGAG;rbs_spacer=5-10bp;gc_cont=0.442,93.8,990,499,0.0,499,1,498,1,498,mobileOG_000199987,2,A0A2S1BEC2,phage,"replication,packaging",GPD,Homology,NODE_5_length_247950_cov_79.983931_27, 30759 # 32255 # -1 , 30759,32255,-1 ,5_27,5,27,00,GTG,AGGAG,5-10bp,0.442,NODE_5_length_247950_cov_79.983931,mobileOG_000199987_NODE_5_length_247950_cov_79.983931
55,"mobileOG_000162242|2|A0A0G4Q5R5|phage|replication,packaging|GPD|Homology",NODE_5_length_247950_cov_79.983931_27 # 30759 # 32255 # -1 # ID=5_27;partial=00;start_type=GTG;rbs_motif=AGGAG;rbs_spacer=5-10bp;gc_cont=0.442,90.4,956,498,0.0,499,1,498,1,498,mobileOG_000162242,2,A0A0G4Q5R5,phage,"replication,packaging",GPD,Homology,NODE_5_length_247950_cov_79.983931_27, 30759 # 32255 # -1 , 30759,32255,-1 ,5_27,5,27,00,GTG,AGGAG,5-10bp,0.442,NODE_5_length_247950_cov_79.983931,mobileOG_000162242_NODE_5_length_247950_cov_79.983931
56,mobileOG_000172716|dnaB_2|X6QA64|replication/recombination/repair|NA|GPD|Homology,NODE_5_length_247950_cov_79.983931_47 # 39652 # 41022 # -1 # ID=5_47;partial=00;start_type=ATG;rbs_motif=GGA/GAG/AGG;rbs_spacer=5-10bp;gc_cont=0.471,93.4,828,456,6.67e-304,457,1,456,1,456,mobileOG_000172716,dnaB_2,X6QA64,replication/recombination/repair,NA,GPD,Homology,NODE_5_length_247950_cov_79.983931_47, 39652 # 41022 # -1 , 39652,41022,-1 ,5_47,5,47,00,ATG,GGA/GAG/AGG,5-10bp,0.471,NODE_5_length_247950_cov_79.983931,mobileOG_000172716_NODE_5_length_247950_cov_79.983931
57,mobileOG_000263233|dnaB_2|X6QA64|replication/recombination/repair|NA|GPD|Homology,NODE_5_length_247950_cov_79.983931_47 # 39652 # 41022 # -1 # ID=5_47;partial=00;start_type=ATG;rbs_motif=GGA/GAG/AGG;rbs_spacer=5-10bp;gc_cont=0.471,92.3,823,456,6.38e-302,457,1,456,1,456,mobileOG_000263233,dnaB_2,X6QA64,replication/recombination/repair,NA,GPD,Homology,NODE_5_length_247950_cov_79.983931_47, 39652 # 41022 # -1 , 39652,41022,-1 ,5_47,5,47,00,ATG,GGA/GAG/AGG,5-10bp,0.471,NODE_5_length_247950_cov_79.983931,mobileOG_000263233_NODE_5_length_247950_cov_79.983931
58,"mobileOG_000021898|clpA|X6Q7Q9|phage|infection,regulation|GPD|Manual",NODE_5_length_247950_cov_79.983931_109 # 95770 # 98055 # -1 # ID=5_109;partial=00;start_type=ATG;rbs_motif=GGAGG;rbs_spacer=5-10bp;gc_cont=0.459,94.7,1398,761,0.0,762,1,760,1,760,mobileOG_000021898,clpA,X6Q7Q9,phage,"infection,regulation",GPD,Manual,NODE_5_length_247950_cov_79.983931_109, 95770 # 98055 # -1 , 95770,98055,-1 ,5_109,5,109,00,ATG,GGAGG,5-10bp,0.459,NODE_5_length_247950_cov_79.983931,mobileOG_000021898_NODE_5_length_247950_cov_79.983931
59,mobileOG_000262401|clpS|A0A291EFR0|phage|replication/recombination/repair|GPD|Homology,NODE_5_length_247950_cov_79.983931_110 # 98087 # 98407 # -1 # ID=5_110;partial=00;start_type=ATG;rbs_motif=GGA/GAG/AGG;rbs_spacer=5-10bp;gc_cont=0.383,92.5,205,106,4.52e-69,107,1,106,1,106,mobileOG_000262401,clpS,A0A291EFR0,phage,replication/recombination/repair,GPD,Homology,NODE_5_length_247950_cov_79.983931_110, 98087 # 98407 # -1 , 98087,98407,-1 ,5_110,5,110,00,ATG,GGA/GAG/AGG,5-10bp,0.383,NODE_5_length_247950_cov_79.983931,mobileOG_000262401_NODE_5_length_247950_cov_79.983931
60,mobileOG_000003237|fis|WP_000462905.1|integration/excision|replication/recombination/repair|Multiple|Manual,NODE_6_length_199008_cov_81.868985_184 # 184957 # 185253 # 1 # ID=6_184;partial=00;start_type=ATG;rbs_motif=GGA/GAG/AGG;rbs_spacer=11-12bp;gc_cont=0.404,98.0,184,98,3.07e-61,99,1,98,1,98,mobileOG_000003237,fis,WP_000462905.1,integration/excision,replication/recombination/repair,Multiple,Manual,NODE_6_length_199008_cov_81.868985_184, 184957 # 185253 # 1 , 184957,185253,1 ,6_184,6,184,00,ATG,GGA/GAG/AGG,11-12bp,0.404,NODE_6_length_199008_cov_81.868985,mobileOG_000003237_NODE_6_length_199008_cov_81.868985
61,mobileOG_000353627|fis|WP_004240545.1|integration/excision|replication/recombination/repair|Plasmid RefSeq|Homology,NODE_6_length_199008_cov_81.868985_184 # 184957 # 185253 # 1 # ID=6_184;partial=00;start_type=ATG;rbs_motif=GGA/GAG/AGG;rbs_spacer=11-12bp;gc_cont=0.404,98.0,184,98,4.37e-61,99,1,98,1,98,mobileOG_000353627,fis,WP_004240545.1,integration/excision,replication/recombination/repair,Plasmid RefSeq,Homology,NODE_6_length_199008_cov_81.868985_184, 184957 # 185253 # 1 , 184957,185253,1 ,6_184,6,184,00,ATG,GGA/GAG/AGG,11-12bp,0.404,NODE_6_length_199008_cov_81.868985,mobileOG_000353627_NODE_6_length_199008_cov_81.868985
62,mobileOG_000026099|fis|Q8ZAX8|integration/excision|replication/recombination/repair|Plasmid RefSeq|Manual,NODE_6_length_199008_cov_81.868985_184 # 184957 # 185253 # 1 # ID=6_184;partial=00;start_type=ATG;rbs_motif=GGA/GAG/AGG;rbs_spacer=11-12bp;gc_cont=0.404,98.0,184,98,6.20e-61,99,1,98,1,98,mobileOG_000026099,fis,Q8ZAX8,integration/excision,replication/recombination/repair,Plasmid RefSeq,Manual,NODE_6_length_199008_cov_81.868985_184, 184957 # 185253 # 1 , 184957,185253,1 ,6_184,6,184,00,ATG,GGA/GAG/AGG,11-12bp,0.404,NODE_6_length_199008_cov_81.868985,mobileOG_000026099_NODE_6_length_199008_cov_81.868985
63,mobileOG_000012594|fis|WP_000462905.1|integration/excision|replication/recombination/repair|GPD|Manual,NODE_6_length_199008_cov_81.868985_184 # 184957 # 185253 # 1 # ID=6_184;partial=00;start_type=ATG;rbs_motif=GGA/GAG/AGG;rbs_spacer=11-12bp;gc_cont=0.404,97.8,174,93,2.44e-57,99,1,93,6,98,mobileOG_000012594,fis,WP_000462905.1,integration/excision,replication/recombination/repair,GPD,Manual,NODE_6_length_199008_cov_81.868985_184, 184957 # 185253 # 1 , 184957,185253,1 ,6_184,6,184,00,ATG,GGA/GAG/AGG,11-12bp,0.404,NODE_6_length_199008_cov_81.868985,mobileOG_000012594_NODE_6_length_199008_cov_81.868985
64,mobileOG_000267288|tnpA|Q6EVQ5|integration/excision|NA|ICE|Homology,NODE_6_length_199008_cov_81.868985_192 # 189846 # 190493 # 1 # ID=6_192;partial=00;start_type=ATG;rbs_motif=3Base/5BMM;rbs_spacer=13-15bp;gc_cont=0.460,95.3,398,344,6.21e-140,216,130,344,1,215,mobileOG_000267288,tnpA,Q6EVQ5,integration/excision,NA,ICE,Homology,NODE_6_length_199008_cov_81.868985_192, 189846 # 190493 # 1 , 189846,190493,1 ,6_192,6,192,00,ATG,3Base/5BMM,13-15bp,0.460,NODE_6_length_199008_cov_81.868985,mobileOG_000267288_NODE_6_length_199008_cov_81.868985
65,mobileOG_000033887|insN1|WP_011039644.1|integration/excision|NA|ACLAME|Homology,NODE_6_length_199008_cov_81.868985_194 # 190799 # 191110 # 1 # ID=6_194;partial=00;start_type=ATG;rbs_motif=GGA/GAG/AGG;rbs_spacer=5-10bp;gc_cont=0.474,100,191,103,1.60e-63,104,1,103,1,103,mobileOG_000033887,insN1,WP_011039644.1,integration/excision,NA,ACLAME,Homology,NODE_6_length_199008_cov_81.868985_194, 190799 # 191110 # 1 , 190799,191110,1 ,6_194,6,194,00,ATG,GGA/GAG/AGG,5-10bp,0.474,NODE_6_length_199008_cov_81.868985,mobileOG_000033887_NODE_6_length_199008_cov_81.868985
66,mobileOG_000033886|insO1|WP_011039643.1|integration/excision|NA|ACLAME|Homology,NODE_6_length_199008_cov_81.868985_195 # 191155 # 191979 # 1 # ID=6_195;partial=00;start_type=GTG;rbs_motif=None;rbs_spacer=None;gc_cont=0.427,99.6,562,274,6.93e-205,275,1,274,1,274,mobileOG_000033886,insO1,WP_011039643.1,integration/excision,NA,ACLAME,Homology,NODE_6_length_199008_cov_81.868985_195, 191155 # 191979 # 1 , 191155,191979,1 ,6_195,6,195,00,GTG,None,None,0.427,NODE_6_length_199008_cov_81.868985,mobileOG_000033886_NODE_6_length_199008_cov_81.868985
67,mobileOG_000287455|insO1|A0A2R3M5G9|integration/excision|NA|Plasmid RefSeq|Homology,NODE_6_length_199008_cov_81.868985_195 # 191155 # 191979 # 1 # ID=6_195;partial=00;start_type=GTG;rbs_motif=None;rbs_spacer=None;gc_cont=0.427,99.3,560,393,2.23e-202,275,120,393,1,274,mobileOG_000287455,insO1,A0A2R3M5G9,integration/excision,NA,Plasmid RefSeq,Homology,NODE_6_length_199008_cov_81.868985_195, 191155 # 191979 # 1 , 191155,191979,1 ,6_195,6,195,00,GTG,None,None,0.427,NODE_6_length_199008_cov_81.868985,mobileOG_000287455_NODE_6_length_199008_cov_81.868985
68,mobileOG_000282119|insO1|A0A2R3M5G9|integration/excision|NA|Plasmid RefSeq|Homology,NODE_6_length_199008_cov_81.868985_195 # 191155 # 191979 # 1 # ID=6_195;partial=00;start_type=GTG;rbs_motif=None;rbs_spacer=None;gc_cont=0.427,92.3,531,393,1.18e-190,275,120,393,1,274,mobileOG_000282119,insO1,A0A2R3M5G9,integration/excision,NA,Plasmid RefSeq,Homology,NODE_6_length_199008_cov_81.868985_195, 191155 # 191979 # 1 , 191155,191979,1 ,6_195,6,195,00,GTG,None,None,0.427,NODE_6_length_199008_cov_81.868985,mobileOG_000282119_NODE_6_length_199008_cov_81.868985
69,mobileOG_000368504|ftsZ|WP_004932757.1|replication/recombination/repair|NA|Plasmid RefSeq|Homology,NODE_7_length_191523_cov_78.445081_55 # 58532 # 59692 # -1 # ID=7_55;partial=00;start_type=ATG;rbs_motif=GGAG/GAGG;rbs_spacer=5-10bp;gc_cont=0.483,92.0,659,384,1.47e-239,387,1,384,1,386,mobileOG_000368504,ftsZ,WP_004932757.1,replication/recombination/repair,NA,Plasmid RefSeq,Homology,NODE_7_length_191523_cov_78.445081_55, 58532 # 59692 # -1 , 58532,59692,-1 ,7_55,7,55,00,ATG,GGAG/GAGG,5-10bp,0.483,NODE_7_length_191523_cov_78.445081,mobileOG_000368504_NODE_7_length_191523_cov_78.445081
70,mobileOG_000326016|ftsZ|WP_002888628.1|replication/recombination/repair|NA|Plasmid RefSeq|Homology,NODE_7_length_191523_cov_78.445081_55 # 58532 # 59692 # -1 # ID=7_55;partial=00;start_type=ATG;rbs_motif=GGAG/GAGG;rbs_spacer=5-10bp;gc_cont=0.483,92.2,658,383,2.85e-239,387,1,383,1,386,mobileOG_000326016,ftsZ,WP_002888628.1,replication/recombination/repair,NA,Plasmid RefSeq,Homology,NODE_7_length_191523_cov_78.445081_55, 58532 # 59692 # -1 , 58532,59692,-1 ,7_55,7,55,00,ATG,GGAG/GAGG,5-10bp,0.483,NODE_7_length_191523_cov_78.445081,mobileOG_000326016_NODE_7_length_191523_cov_78.445081
71,mobileOG_000331629|ftsZ|WP_000462776.1|replication/recombination/repair|NA|Plasmid RefSeq|Homology,NODE_7_length_191523_cov_78.445081_55 # 58532 # 59692 # -1 # ID=7_55;partial=00;start_type=ATG;rbs_motif=GGAG/GAGG;rbs_spacer=5-10bp;gc_cont=0.483,91.2,652,383,7.80e-237,387,1,383,1,386,mobileOG_000331629,ftsZ,WP_000462776.1,replication/recombination/repair,NA,Plasmid RefSeq,Homology,NODE_7_length_191523_cov_78.445081_55, 58532 # 59692 # -1 , 58532,59692,-1 ,7_55,7,55,00,ATG,GGAG/GAGG,5-10bp,0.483,NODE_7_length_191523_cov_78.445081,mobileOG_000331629_NODE_7_length_191523_cov_78.445081
72,"mobileOG_000172712|cohE|A0A3N1ZN32|phage|regulation,lysis/lysogeny|GPD|Homology",NODE_11_length_148119_cov_73.637711_34 # 21998 # 22642 # -1 # ID=11_34;partial=00;start_type=ATG;rbs_motif=None;rbs_spacer=None;gc_cont=0.436,95.3,416,214,5.86e-149,215,1,214,1,214,mobileOG_000172712,cohE,A0A3N1ZN32,phage,"regulation,lysis/lysogeny",GPD,Homology,NODE_11_length_148119_cov_73.637711_34, 21998 # 22642 # -1 , 21998,22642,-1 ,11_34,11,34,00,ATG,None,None,0.436,NODE_11_length_148119_cov_73.637711,mobileOG_000172712_NODE_11_length_148119_cov_73.637711
73,"mobileOG_000262381|cohE|A0A2A5Q5D9|phage|regulation,lysis/lysogeny|GPD|Homology",NODE_11_length_148119_cov_73.637711_34 # 21998 # 22642 # -1 # ID=11_34;partial=00;start_type=ATG;rbs_motif=None;rbs_spacer=None;gc_cont=0.436,93.9,409,214,2.29e-146,215,1,214,1,214,mobileOG_000262381,cohE,A0A2A5Q5D9,phage,"regulation,lysis/lysogeny",GPD,Homology,NODE_11_length_148119_cov_73.637711_34, 21998 # 22642 # -1 , 21998,22642,-1 ,11_34,11,34,00,ATG,None,None,0.436,NODE_11_length_148119_cov_73.637711,mobileOG_000262381_NODE_11_length_148119_cov_73.637711
74,mobileOG_000263266|dnaC_2|A0A356D4C2|replication/recombination/repair|NA|GPD|Homology,NODE_11_length_148119_cov_73.637711_39 # 24933 # 25661 # 1 # ID=11_39;partial=00;start_type=ATG;rbs_motif=GGAG/GAGG;rbs_spacer=5-10bp;gc_cont=0.462,97.1,466,242,3.78e-168,243,1,242,1,242,mobileOG_000263266,dnaC_2,A0A356D4C2,replication/recombination/repair,NA,GPD,Homology,NODE_11_length_148119_cov_73.637711_39, 24933 # 25661 # 1 , 24933,25661,1 ,11_39,11,39,00,ATG,GGAG/GAGG,5-10bp,0.462,NODE_11_length_148119_cov_73.637711,mobileOG_000263266_NODE_11_length_148119_cov_73.637711
75,mobileOG_000172639|orf82|A0A5C0VDC5|phage|replication/recombination/repair|GPD|Homology,NODE_11_length_148119_cov_73.637711_45 # 27194 # 27811 # 1 # ID=11_45;partial=00;start_type=ATG;rbs_motif=GGAG/GAGG;rbs_spacer=5-10bp;gc_cont=0.440,96.1,387,205,3.97e-138,206,1,205,1,205,mobileOG_000172639,orf82,A0A5C0VDC5,phage,replication/recombination/repair,GPD,Homology,NODE_11_length_148119_cov_73.637711_45, 27194 # 27811 # 1 , 27194,27811,1 ,11_45,11,45,00,ATG,GGAG/GAGG,5-10bp,0.440,NODE_11_length_148119_cov_73.637711,mobileOG_000172639_NODE_11_length_148119_cov_73.637711
76,mobileOG_000192284|orf82|A0A5F0SD09|phage|replication/recombination/repair|GPD|Homology,NODE_11_length_148119_cov_73.637711_45 # 27194 # 27811 # 1 # ID=11_45;partial=00;start_type=ATG;rbs_motif=GGAG/GAGG;rbs_spacer=5-10bp;gc_cont=0.440,91.5,365,206,2.86e-129,206,1,199,1,199,mobileOG_000192284,orf82,A0A5F0SD09,phage,replication/recombination/repair,GPD,Homology,NODE_11_length_148119_cov_73.637711_45, 27194 # 27811 # 1 , 27194,27811,1 ,11_45,11,45,00,ATG,GGAG/GAGG,5-10bp,0.440,NODE_11_length_148119_cov_73.637711,mobileOG_000192284_NODE_11_length_148119_cov_73.637711
77,mobileOG_000199985|orf82|A0A5C0VDC5|phage|replication/recombination/repair|GPD|Homology,NODE_11_length_148119_cov_73.637711_45 # 27194 # 27811 # 1 # ID=11_45;partial=00;start_type=ATG;rbs_motif=GGAG/GAGG;rbs_spacer=5-10bp;gc_cont=0.440,91.0,362,206,3.33e-128,206,1,199,1,199,mobileOG_000199985,orf82,A0A5C0VDC5,phage,replication/recombination/repair,GPD,Homology,NODE_11_length_148119_cov_73.637711_45, 27194 # 27811 # 1 , 27194,27811,1 ,11_45,11,45,00,ATG,GGAG/GAGG,5-10bp,0.440,NODE_11_length_148119_cov_73.637711,mobileOG_000199985_NODE_11_length_148119_cov_73.637711
78,mobileOG_000161755|orf82|A0A5C0VDC5|phage|replication/recombination/repair|GPD|Homology,NODE_11_length_148119_cov_73.637711_45 # 27194 # 27811 # 1 # ID=11_45;partial=00;start_type=ATG;rbs_motif=GGAG/GAGG;rbs_spacer=5-10bp;gc_cont=0.440,90.5,362,206,4.73e-128,206,1,199,1,199,mobileOG_000161755,orf82,A0A5C0VDC5,phage,replication/recombination/repair,GPD,Homology,NODE_11_length_148119_cov_73.637711_45, 27194 # 27811 # 1 , 27194,27811,1 ,11_45,11,45,00,ATG,GGAG/GAGG,5-10bp,0.440,NODE_11_length_148119_cov_73.637711,mobileOG_000161755_NODE_11_length_148119_cov_73.637711
79,mobileOG_000266084|orf82|A0A5C0VDC5|phage|replication/recombination/repair|GPD|Homology,NODE_11_length_148119_cov_73.637711_45 # 27194 # 27811 # 1 # ID=11_45;partial=00;start_type=ATG;rbs_motif=GGAG/GAGG;rbs_spacer=5-10bp;gc_cont=0.440,90.5,362,206,6.72e-128,206,1,199,1,199,mobileOG_000266084,orf82,A0A5C0VDC5,phage,replication/recombination/repair,GPD,Homology,NODE_11_length_148119_cov_73.637711_45, 27194 # 27811 # 1 , 27194,27811,1 ,11_45,11,45,00,ATG,GGAG/GAGG,5-10bp,0.440,NODE_11_length_148119_cov_73.637711,mobileOG_000266084_NODE_11_length_148119_cov_73.637711
80,mobileOG_000162244|orf82|A0A5C0VDC5|phage|replication/recombination/repair|GPD|Homology,NODE_11_length_148119_cov_73.637711_45 # 27194 # 27811 # 1 # ID=11_45;partial=00;start_type=ATG;rbs_motif=GGAG/GAGG;rbs_spacer=5-10bp;gc_cont=0.440,90.5,361,206,1.36e-127,206,1,199,1,199,mobileOG_000162244,orf82,A0A5C0VDC5,phage,replication/recombination/repair,GPD,Homology,NODE_11_length_148119_cov_73.637711_45, 27194 # 27811 # 1 , 27194,27811,1 ,11_45,11,45,00,ATG,GGAG/GAGG,5-10bp,0.440,NODE_11_length_148119_cov_73.637711,mobileOG_000162244_NODE_11_length_148119_cov_73.637711
81,mobileOG_000555597|NA:Keyword|A0A0N0Z9W4|phage|NA|GPD|Keyword Search,NODE_11_length_148119_cov_73.637711_66 # 39150 # 40721 # 1 # ID=11_66;partial=00;start_type=ATG;rbs_motif=GGAG/GAGG;rbs_spacer=5-10bp;gc_cont=0.438,94.2,1053,524,0.0,524,1,518,1,518,mobileOG_000555597,NA:Keyword,A0A0N0Z9W4,phage,NA,GPD,Keyword Search,NODE_11_length_148119_cov_73.637711_66, 39150 # 40721 # 1 , 39150,40721,1 ,11_66,11,66,00,ATG,GGAG/GAGG,5-10bp,0.438,NODE_11_length_148119_cov_73.637711,mobileOG_000555597_NODE_11_length_148119_cov_73.637711
82,mobileOG_000682021|NA:Keyword|A0A0N0Z9W4|phage|NA|GPD|Keyword Search,NODE_11_length_148119_cov_73.637711_66 # 39150 # 40721 # 1 # ID=11_66;partial=00;start_type=ATG;rbs_motif=GGAG/GAGG;rbs_spacer=5-10bp;gc_cont=0.438,93.6,1046,524,0.0,524,1,518,1,518,mobileOG_000682021,NA:Keyword,A0A0N0Z9W4,phage,NA,GPD,Keyword Search,NODE_11_length_148119_cov_73.637711_66, 39150 # 40721 # 1 , 39150,40721,1 ,11_66,11,66,00,ATG,GGAG/GAGG,5-10bp,0.438,NODE_11_length_148119_cov_73.637711,mobileOG_000682021_NODE_11_length_148119_cov_73.637711
83,mobileOG_000557095|NA:Keyword|A0A0N0Z9W4|phage|NA|GPD|Keyword Search,NODE_11_length_148119_cov_73.637711_66 # 39150 # 40721 # 1 # ID=11_66;partial=00;start_type=ATG;rbs_motif=GGAG/GAGG;rbs_spacer=5-10bp;gc_cont=0.438,93.4,1044,524,0.0,524,1,518,1,518,mobileOG_000557095,NA:Keyword,A0A0N0Z9W4,phage,NA,GPD,Keyword Search,NODE_11_length_148119_cov_73.637711_66, 39150 # 40721 # 1 , 39150,40721,1 ,11_66,11,66,00,ATG,GGAG/GAGG,5-10bp,0.438,NODE_11_length_148119_cov_73.637711,mobileOG_000557095_NODE_11_length_148119_cov_73.637711
84,mobileOG_000556022|NA:Keyword|A0A0N0Z9W4|phage|NA|GPD|Keyword Search,NODE_11_length_148119_cov_73.637711_66 # 39150 # 40721 # 1 # ID=11_66;partial=00;start_type=ATG;rbs_motif=GGAG/GAGG;rbs_spacer=5-10bp;gc_cont=0.438,93.2,1043,524,0.0,524,1,518,1,518,mobileOG_000556022,NA:Keyword,A0A0N0Z9W4,phage,NA,GPD,Keyword Search,NODE_11_length_148119_cov_73.637711_66, 39150 # 40721 # 1 , 39150,40721,1 ,11_66,11,66,00,ATG,GGAG/GAGG,5-10bp,0.438,NODE_11_length_148119_cov_73.637711,mobileOG_000556022_NODE_11_length_148119_cov_73.637711
85,mobileOG_000243791|intS_7|A0A1Z1SU35|integration/excision|NA|GPD|Homology,NODE_13_length_108617_cov_80.952451_45 # 51203 # 52129 # -1 # ID=13_45;partial=00;start_type=ATG;rbs_motif=None;rbs_spacer=None;gc_cont=0.400,97.0,576,403,7.23e-208,309,1,300,1,300,mobileOG_000243791,intS_7,A0A1Z1SU35,integration/excision,NA,GPD,Homology,NODE_13_length_108617_cov_80.952451_45, 51203 # 52129 # -1 , 51203,52129,-1 ,13_45,13,45,00,ATG,None,None,0.400,NODE_13_length_108617_cov_80.952451,mobileOG_000243791_NODE_13_length_108617_cov_80.952451
86,mobileOG_000368508|dnaA|WP_004933889.1|replication/recombination/repair|NA|Plasmid RefSeq|Homology,NODE_15_length_98556_cov_86.506748_26 # 30248 # 31639 # 1 # ID=15_26;partial=00;start_type=GTG;rbs_motif=GGAG/GAGG;rbs_spacer=5-10bp;gc_cont=0.440,90.3,828,464,5.92e-304,464,1,464,1,463,mobileOG_000368508,dnaA,WP_004933889.1,replication/recombination/repair,NA,Plasmid RefSeq,Homology,NODE_15_length_98556_cov_86.506748_26, 30248 # 31639 # 1 , 30248,31639,1 ,15_26,15,26,00,GTG,GGAG/GAGG,5-10bp,0.440,NODE_15_length_98556_cov_86.506748,mobileOG_000368508_NODE_15_length_98556_cov_86.506748
87,mobileOG_000325760|dnaA|WP_049235245.1|replication/recombination/repair|NA|Plasmid RefSeq|Homology,NODE_15_length_98556_cov_86.506748_26 # 30248 # 31639 # 1 # ID=15_26;partial=00;start_type=GTG;rbs_motif=GGAG/GAGG;rbs_spacer=5-10bp;gc_cont=0.440,90.1,828,464,8.40e-304,464,1,464,1,463,mobileOG_000325760,dnaA,WP_049235245.1,replication/recombination/repair,NA,Plasmid RefSeq,Homology,NODE_15_length_98556_cov_86.506748_26, 30248 # 31639 # 1 , 30248,31639,1 ,15_26,15,26,00,GTG,GGAG/GAGG,5-10bp,0.440,NODE_15_length_98556_cov_86.506748,mobileOG_000325760_NODE_15_length_98556_cov_86.506748
88,mobileOG_000351845|dnaA|WP_002220732.1|replication/recombination/repair|NA|Plasmid RefSeq|Homology,NODE_15_length_98556_cov_86.506748_26 # 30248 # 31639 # 1 # ID=15_26;partial=00;start_type=GTG;rbs_motif=GGAG/GAGG;rbs_spacer=5-10bp;gc_cont=0.440,90.9,822,462,3.03e-301,464,1,462,1,463,mobileOG_000351845,dnaA,WP_002220732.1,replication/recombination/repair,NA,Plasmid RefSeq,Homology,NODE_15_length_98556_cov_86.506748_26, 30248 # 31639 # 1 , 30248,31639,1 ,15_26,15,26,00,GTG,GGAG/GAGG,5-10bp,0.440,NODE_15_length_98556_cov_86.506748,mobileOG_000351845_NODE_15_length_98556_cov_86.506748
89,mobileOG_000033886|insO1|WP_011039643.1|integration/excision|NA|ACLAME|Homology,NODE_16_length_96502_cov_78.968566_67 # 67632 # 67982 # 1 # ID=16_67;partial=00;start_type=ATG;rbs_motif=GGA/GAG/AGG;rbs_spacer=5-10bp;gc_cont=0.430,99.1,240,274,2.27e-80,117,77,192,1,116,mobileOG_000033886,insO1,WP_011039643.1,integration/excision,NA,ACLAME,Homology,NODE_16_length_96502_cov_78.968566_67, 67632 # 67982 # 1 , 67632,67982,1 ,16_67,16,67,00,ATG,GGA/GAG/AGG,5-10bp,0.430,NODE_16_length_96502_cov_78.968566,mobileOG_000033886_NODE_16_length_96502_cov_78.968566
90,mobileOG_000287455|insO1|A0A2R3M5G9|integration/excision|NA|Plasmid RefSeq|Homology,NODE_16_length_96502_cov_78.968566_67 # 67632 # 67982 # 1 # ID=16_67;partial=00;start_type=ATG;rbs_motif=GGA/GAG/AGG;rbs_spacer=5-10bp;gc_cont=0.430,99.1,240,393,8.10e-79,117,196,311,1,116,mobileOG_000287455,insO1,A0A2R3M5G9,integration/excision,NA,Plasmid RefSeq,Homology,NODE_16_length_96502_cov_78.968566_67, 67632 # 67982 # 1 , 67632,67982,1 ,16_67,16,67,00,ATG,GGA/GAG/AGG,5-10bp,0.430,NODE_16_length_96502_cov_78.968566,mobileOG_000287455_NODE_16_length_96502_cov_78.968566
91,mobileOG_000282119|insO1|A0A2R3M5G9|integration/excision|NA|Plasmid RefSeq|Homology,NODE_16_length_96502_cov_78.968566_67 # 67632 # 67982 # 1 # ID=16_67;partial=00;start_type=ATG;rbs_motif=GGA/GAG/AGG;rbs_spacer=5-10bp;gc_cont=0.430,95.6,231,393,3.38e-75,117,198,311,3,116,mobileOG_000282119,insO1,A0A2R3M5G9,integration/excision,NA,Plasmid RefSeq,Homology,NODE_16_length_96502_cov_78.968566_67, 67632 # 67982 # 1 , 67632,67982,1 ,16_67,16,67,00,ATG,GGA/GAG/AGG,5-10bp,0.430,NODE_16_length_96502_cov_78.968566,mobileOG_000282119_NODE_16_length_96502_cov_78.968566
92,"mobileOG_000332353|nusA|WP_127378435.1|phage|regulation,infection|Plasmid RefSeq|Homology",NODE_17_length_96144_cov_84.866489_60 # 59917 # 61425 # 1 # ID=17_60;partial=00;start_type=ATG;rbs_motif=GGAG/GAGG;rbs_spacer=5-10bp;gc_cont=0.457,91.0,871,503,0.0,503,1,502,1,502,mobileOG_000332353,nusA,WP_127378435.1,phage,"regulation,infection",Plasmid RefSeq,Homology,NODE_17_length_96144_cov_84.866489_60, 59917 # 61425 # 1 , 59917,61425,1 ,17_60,17,60,00,ATG,GGAG/GAGG,5-10bp,0.457,NODE_17_length_96144_cov_84.866489,mobileOG_000332353_NODE_17_length_96144_cov_84.866489
93,"mobileOG_000026495|ihfA|A8GDR1|integration/excision|regulation,lysis/lysogeny|Plasmid RefSeq|Manual",NODE_21_length_66523_cov_74.764561_24 # 27964 # 28260 # 1 # ID=21_24;partial=00;start_type=ATG;rbs_motif=GGAG/GAGG;rbs_spacer=5-10bp;gc_cont=0.401,90.7,172,98,2.34e-56,99,1,97,1,97,mobileOG_000026495,ihfA,A8GDR1,integration/excision,"regulation,lysis/lysogeny",Plasmid RefSeq,Manual,NODE_21_length_66523_cov_74.764561_24, 27964 # 28260 # 1 , 27964,28260,1 ,21_24,21,24,00,ATG,GGAG/GAGG,5-10bp,0.401,NODE_21_length_66523_cov_74.764561,mobileOG_000026495_NODE_21_length_66523_cov_74.764561
94,"mobileOG_000025015|ihfA|WP_003857805.1|integration/excision|regulation,lysis/lysogeny|Multiple|Manual",NODE_21_length_66523_cov_74.764561_24 # 27964 # 28260 # 1 # ID=21_24;partial=00;start_type=ATG;rbs_motif=GGAG/GAGG;rbs_spacer=5-10bp;gc_cont=0.401,90.7,172,99,2.41e-56,99,1,97,1,97,mobileOG_000025015,ihfA,WP_003857805.1,integration/excision,"regulation,lysis/lysogeny",Multiple,Manual,NODE_21_length_66523_cov_74.764561_24, 27964 # 28260 # 1 , 27964,28260,1 ,21_24,21,24,00,ATG,GGAG/GAGG,5-10bp,0.401,NODE_21_length_66523_cov_74.764561,mobileOG_000025015_NODE_21_length_66523_cov_74.764561
95,mobileOG_000330918|groS|WP_004240601.1|phage|structural|Plasmid RefSeq|Homology,NODE_23_length_62742_cov_84.105370_31 # 29111 # 29404 # 1 # ID=23_31;partial=00;start_type=ATG;rbs_motif=AGGAG;rbs_spacer=5-10bp;gc_cont=0.449,95.9,175,97,1.31e-57,98,1,97,1,97,mobileOG_000330918,groS,WP_004240601.1,phage,structural,Plasmid RefSeq,Homology,NODE_23_length_62742_cov_84.105370_31, 29111 # 29404 # 1 , 29111,29404,1 ,23_31,23,31,00,ATG,AGGAG,5-10bp,0.449,NODE_23_length_62742_cov_84.105370,mobileOG_000330918_NODE_23_length_62742_cov_84.105370
96,mobileOG_000351473|groS|EBJ67183.1|phage|structural|Plasmid RefSeq|Homology,NODE_23_length_62742_cov_84.105370_31 # 29111 # 29404 # 1 # ID=23_31;partial=00;start_type=ATG;rbs_motif=AGGAG;rbs_spacer=5-10bp;gc_cont=0.449,91.8,169,97,2.54e-55,98,1,97,1,97,mobileOG_000351473,groS,EBJ67183.1,phage,structural,Plasmid RefSeq,Homology,NODE_23_length_62742_cov_84.105370_31, 29111 # 29404 # 1 , 29111,29404,1 ,23_31,23,31,00,ATG,AGGAG,5-10bp,0.449,NODE_23_length_62742_cov_84.105370,mobileOG_000351473_NODE_23_length_62742_cov_84.105370
97,mobileOG_000290241|groS|WP_001026276.1|phage|structural|Plasmid RefSeq|Homology,NODE_23_length_62742_cov_84.105370_31 # 29111 # 29404 # 1 # ID=23_31;partial=00;start_type=ATG;rbs_motif=AGGAG;rbs_spacer=5-10bp;gc_cont=0.449,91.8,169,97,3.62e-55,98,1,97,1,97,mobileOG_000290241,groS,WP_001026276.1,phage,structural,Plasmid RefSeq,Homology,NODE_23_length_62742_cov_84.105370_31, 29111 # 29404 # 1 , 29111,29404,1 ,23_31,23,31,00,ATG,AGGAG,5-10bp,0.449,NODE_23_length_62742_cov_84.105370,mobileOG_000290241_NODE_23_length_62742_cov_84.105370
98,"mobileOG_000355563|groL|WP_127378385.1|phage|replication,chaperone|Plasmid RefSeq|Homology",NODE_23_length_62742_cov_84.105370_32 # 29456 # 31099 # 1 # ID=23_32;partial=00;start_type=ATG;rbs_motif=AGGA;rbs_spacer=5-10bp;gc_cont=0.464,92.2,915,548,0.0,548,1,536,1,536,mobileOG_000355563,groL,WP_127378385.1,phage,"replication,chaperone",Plasmid RefSeq,Homology,NODE_23_length_62742_cov_84.105370_32, 29456 # 31099 # 1 , 29456,31099,1 ,23_32,23,32,00,ATG,AGGA,5-10bp,0.464,NODE_23_length_62742_cov_84.105370,mobileOG_000355563_NODE_23_length_62742_cov_84.105370
99,"mobileOG_000289036|groL|WP_008807218.1|phage|replication,chaperone|Plasmid RefSeq|Homology",NODE_23_length_62742_cov_84.105370_32 # 29456 # 31099 # 1 # ID=23_32;partial=00;start_type=ATG;rbs_motif=AGGA;rbs_spacer=5-10bp;gc_cont=0.464,90.5,911,548,0.0,548,1,536,1,536,mobileOG_000289036,groL,WP_008807218.1,phage,"replication,chaperone",Plasmid RefSeq,Homology,NODE_23_length_62742_cov_84.105370_32, 29456 # 31099 # 1 , 29456,31099,1 ,23_32,23,32,00,ATG,AGGA,5-10bp,0.464,NODE_23_length_62742_cov_84.105370,mobileOG_000289036_NODE_23_length_62742_cov_84.105370
100,"mobileOG_000026160|groL|A0A0W8A593|phage|replication,chaperone|Plasmid RefSeq|Manual",NODE_23_length_62742_cov_84.105370_32 # 29456 # 31099 # 1 # ID=23_32;partial=00;start_type=ATG;rbs_motif=AGGA;rbs_spacer=5-10bp;gc_cont=0.464,90.5,910,548,0.0,548,1,536,1,536,mobileOG_000026160,groL,A0A0W8A593,phage,"replication,chaperone",Plasmid RefSeq,Manual,NODE_23_length_62742_cov_84.105370_32, 29456 # 31099 # 1 , 29456,31099,1 ,23_32,23,32,00,ATG,AGGA,5-10bp,0.464,NODE_23_length_62742_cov_84.105370,mobileOG_000026160_NODE_23_length_62742_cov_84.105370
101,"mobileOG_000355550|groL|WP_101473286.1|phage|replication,chaperone|Plasmid RefSeq|Homology",NODE_23_length_62742_cov_84.105370_32 # 29456 # 31099 # 1 # ID=23_32;partial=00;start_type=ATG;rbs_motif=AGGA;rbs_spacer=5-10bp;gc_cont=0.464,90.3,910,548,0.0,548,1,536,1,536,mobileOG_000355550,groL,WP_101473286.1,phage,"replication,chaperone",Plasmid RefSeq,Homology,NODE_23_length_62742_cov_84.105370_32, 29456 # 31099 # 1 , 29456,31099,1 ,23_32,23,32,00,ATG,AGGA,5-10bp,0.464,NODE_23_length_62742_cov_84.105370,mobileOG_000355550_NODE_23_length_62742_cov_84.105370
102,"mobileOG_000324956|nusG|WP_007665882.1|phage|regulation,infection|Plasmid RefSeq|Homology",NODE_33_length_40707_cov_89.377775_3 # 1043 # 1588 # 1 # ID=33_3;partial=00;start_type=ATG;rbs_motif=GGAG/GAGG;rbs_spacer=5-10bp;gc_cont=0.425,92.8,344,181,7.62e-122,182,1,181,1,181,mobileOG_000324956,nusG,WP_007665882.1,phage,"regulation,infection",Plasmid RefSeq,Homology,NODE_33_length_40707_cov_89.377775_3, 1043 # 1588 # 1 , 1043,1588,1 ,33_3,33,3,00,ATG,GGAG/GAGG,5-10bp,0.425,NODE_33_length_40707_cov_89.377775,mobileOG_000324956_NODE_33_length_40707_cov_89.377775
103,"mobileOG_000329873|nusG|WP_127378540.1|phage|regulation,infection|Plasmid RefSeq|Homology",NODE_33_length_40707_cov_89.377775_3 # 1043 # 1588 # 1 # ID=33_3;partial=00;start_type=ATG;rbs_motif=GGAG/GAGG;rbs_spacer=5-10bp;gc_cont=0.425,93.3,343,181,1.54e-121,182,1,180,1,180,mobileOG_000329873,nusG,WP_127378540.1,phage,"regulation,infection",Plasmid RefSeq,Homology,NODE_33_length_40707_cov_89.377775_3, 1043 # 1588 # 1 , 1043,1588,1 ,33_3,33,3,00,ATG,GGAG/GAGG,5-10bp,0.425,NODE_33_length_40707_cov_89.377775,mobileOG_000329873_NODE_33_length_40707_cov_89.377775
104,"mobileOG_000331278|nusG|WP_001287516.1|phage|regulation,infection|Plasmid RefSeq|Homology",NODE_33_length_40707_cov_89.377775_3 # 1043 # 1588 # 1 # ID=33_3;partial=00;start_type=ATG;rbs_motif=GGAG/GAGG;rbs_spacer=5-10bp;gc_cont=0.425,92.8,343,181,1.54e-121,182,1,181,1,181,mobileOG_000331278,nusG,WP_001287516.1,phage,"regulation,infection",Plasmid RefSeq,Homology,NODE_33_length_40707_cov_89.377775_3, 1043 # 1588 # 1 , 1043,1588,1 ,33_3,33,3,00,ATG,GGAG/GAGG,5-10bp,0.425,NODE_33_length_40707_cov_89.377775,mobileOG_000331278_NODE_33_length_40707_cov_89.377775
105,"mobileOG_000327581|nusG|WP_002210671.1|phage|regulation,infection|Plasmid RefSeq|Homology",NODE_33_length_40707_cov_89.377775_3 # 1043 # 1588 # 1 # ID=33_3;partial=00;start_type=ATG;rbs_motif=GGAG/GAGG;rbs_spacer=5-10bp;gc_cont=0.425,92.8,343,181,3.11e-121,182,1,180,1,180,mobileOG_000327581,nusG,WP_002210671.1,phage,"regulation,infection",Plasmid RefSeq,Homology,NODE_33_length_40707_cov_89.377775_3, 1043 # 1588 # 1 , 1043,1588,1 ,33_3,33,3,00,ATG,GGAG/GAGG,5-10bp,0.425,NODE_33_length_40707_cov_89.377775,mobileOG_000327581_NODE_33_length_40707_cov_89.377775
106,"mobileOG_000289012|nusG|WP_003862341.1|phage|regulation,infection|Plasmid RefSeq|Homology",NODE_33_length_40707_cov_89.377775_3 # 1043 # 1588 # 1 # ID=33_3;partial=00;start_type=ATG;rbs_motif=GGAG/GAGG;rbs_spacer=5-10bp;gc_cont=0.425,92.3,342,181,6.27e-121,182,1,181,1,181,mobileOG_000289012,nusG,WP_003862341.1,phage,"regulation,infection",Plasmid RefSeq,Homology,NODE_33_length_40707_cov_89.377775_3, 1043 # 1588 # 1 , 1043,1588,1 ,33_3,33,3,00,ATG,GGAG/GAGG,5-10bp,0.425,NODE_33_length_40707_cov_89.377775,mobileOG_000289012_NODE_33_length_40707_cov_89.377775
107,"mobileOG_000324948|nusG|WP_001287521.1|phage|regulation,infection|Plasmid RefSeq|Homology",NODE_33_length_40707_cov_89.377775_3 # 1043 # 1588 # 1 # ID=33_3;partial=00;start_type=ATG;rbs_motif=GGAG/GAGG;rbs_spacer=5-10bp;gc_cont=0.425,92.3,342,181,6.27e-121,182,1,181,1,181,mobileOG_000324948,nusG,WP_001287521.1,phage,"regulation,infection",Plasmid RefSeq,Homology,NODE_33_length_40707_cov_89.377775_3, 1043 # 1588 # 1 , 1043,1588,1 ,33_3,33,3,00,ATG,GGAG/GAGG,5-10bp,0.425,NODE_33_length_40707_cov_89.377775,mobileOG_000324948_NODE_33_length_40707_cov_89.377775
108,"mobileOG_000331286|nusG|WP_004953928.1|phage|regulation,infection|Multiple|Homology",NODE_33_length_40707_cov_89.377775_3 # 1043 # 1588 # 1 # ID=33_3;partial=00;start_type=ATG;rbs_motif=GGAG/GAGG;rbs_spacer=5-10bp;gc_cont=0.425,92.2,342,181,8.90e-121,182,1,180,1,180,mobileOG_000331286,nusG,WP_004953928.1,phage,"regulation,infection",Multiple,Homology,NODE_33_length_40707_cov_89.377775_3, 1043 # 1588 # 1 , 1043,1588,1 ,33_3,33,3,00,ATG,GGAG/GAGG,5-10bp,0.425,NODE_33_length_40707_cov_89.377775,mobileOG_000331286_NODE_33_length_40707_cov_89.377775
109,"mobileOG_000329613|nusG|WP_004929914.1|phage|regulation,infection|Plasmid RefSeq|Homology",NODE_33_length_40707_cov_89.377775_3 # 1043 # 1588 # 1 # ID=33_3;partial=00;start_type=ATG;rbs_motif=GGAG/GAGG;rbs_spacer=5-10bp;gc_cont=0.425,92.2,342,181,8.90e-121,182,1,180,1,180,mobileOG_000329613,nusG,WP_004929914.1,phage,"regulation,infection",Plasmid RefSeq,Homology,NODE_33_length_40707_cov_89.377775_3, 1043 # 1588 # 1 , 1043,1588,1 ,33_3,33,3,00,ATG,GGAG/GAGG,5-10bp,0.425,NODE_33_length_40707_cov_89.377775,mobileOG_000329613_NODE_33_length_40707_cov_89.377775
110,"mobileOG_000038279|pilT|A4WYU3|transfer|conjugation,competence|ACLAME|Homology",NODE_36_length_24466_cov_69.510025_2 # 813 # 1010 # 1 # ID=36_2;partial=00;start_type=ATG;rbs_motif=GGAGG;rbs_spacer=3-4bp;gc_cont=0.364,92.2,118,65,5.21e-36,66,1,64,1,64,mobileOG_000038279,pilT,A4WYU3,transfer,"conjugation,competence",ACLAME,Homology,NODE_36_length_24466_cov_69.510025_2, 813 # 1010 # 1 , 813,1010,1 ,36_2,36,2,00,ATG,GGAGG,3-4bp,0.364,NODE_36_length_24466_cov_69.510025,mobileOG_000038279_NODE_36_length_24466_cov_69.510025
111,mobileOG_000299388|parA|A0A0M0TCV8|replication/recombination/repair|transfer|Plasmid RefSeq|Homology,NODE_41_length_20581_cov_89.460934_5 # 4671 # 5915 # -1 # ID=41_5;partial=00;start_type=ATG;rbs_motif=AATAA;rbs_spacer=14bp;gc_cont=0.382,91.3,754,415,3.35e-276,415,1,414,1,414,mobileOG_000299388,parA,A0A0M0TCV8,replication/recombination/repair,transfer,Plasmid RefSeq,Homology,NODE_41_length_20581_cov_89.460934_5, 4671 # 5915 # -1 , 4671,5915,-1 ,41_5,41,5,00,ATG,AATAA,14bp,0.382,NODE_41_length_20581_cov_89.460934,mobileOG_000299388_NODE_41_length_20581_cov_89.460934
112,mobileOG_000056883|parD|WP_071548927.1|stability/transfer/defense|NA|Multiple|Homology,NODE_41_length_20581_cov_89.460934_13 # 14144 # 14386 # 1 # ID=41_13;partial=00;start_type=ATG;rbs_motif=TAA;rbs_spacer=4bp;gc_cont=0.420,100,149,80,9.19e-48,81,1,80,1,80,mobileOG_000056883,parD,WP_071548927.1,stability/transfer/defense,NA,Multiple,Homology,NODE_41_length_20581_cov_89.460934_13, 14144 # 14386 # 1 , 14144,14386,1 ,41_13,41,13,00,ATG,TAA,4bp,0.420,NODE_41_length_20581_cov_89.460934,mobileOG_000056883_NODE_41_length_20581_cov_89.460934
113,mobileOG_000056884|parE1|WP_071548928.1|stability/transfer/defense|NA|Multiple|Homology,NODE_41_length_20581_cov_89.460934_14 # 14379 # 14684 # 1 # ID=41_14;partial=00;start_type=ATG;rbs_motif=None;rbs_spacer=None;gc_cont=0.363,97.9,198,97,1.54e-66,102,1,97,1,97,mobileOG_000056884,parE1,WP_071548928.1,stability/transfer/defense,NA,Multiple,Homology,NODE_41_length_20581_cov_89.460934_14, 14379 # 14684 # 1 , 14379,14684,1 ,41_14,41,14,00,ATG,None,None,0.363,NODE_41_length_20581_cov_89.460934,mobileOG_000056884_NODE_41_length_20581_cov_89.460934
114,mobileOG_000290826|stbD|A0A0N9ND53|stability/transfer/defense|NA|Plasmid RefSeq|Homology,NODE_41_length_20581_cov_89.460934_19 # 19631 # 20017 # 1 # ID=41_19;partial=00;start_type=ATG;rbs_motif=TAA;rbs_spacer=4bp;gc_cont=0.437,92.2,229,128,5.61e-78,129,1,128,1,128,mobileOG_000290826,stbD,A0A0N9ND53,stability/transfer/defense,NA,Plasmid RefSeq,Homology,NODE_41_length_20581_cov_89.460934_19, 19631 # 20017 # 1 , 19631,20017,1 ,41_19,41,19,00,ATG,TAA,4bp,0.437,NODE_41_length_20581_cov_89.460934,mobileOG_000290826_NODE_41_length_20581_cov_89.460934
115,mobileOG_000290825|umuD_5|A0A0N7FVZ3|replication/recombination/repair|NA|Plasmid RefSeq|Homology,NODE_41_length_20581_cov_89.460934_20 # 20099 # 20482 # 1 # ID=41_20;partial=00;start_type=ATG;rbs_motif=None;rbs_spacer=None;gc_cont=0.474,95.3,253,127,1.28e-87,128,1,127,1,127,mobileOG_000290825,umuD_5,A0A0N7FVZ3,replication/recombination/repair,NA,Plasmid RefSeq,Homology,NODE_41_length_20581_cov_89.460934_20, 20099 # 20482 # 1 , 20099,20482,1 ,41_20,41,20,00,ATG,None,None,0.474,NODE_41_length_20581_cov_89.460934,mobileOG_000290825_NODE_41_length_20581_cov_89.460934
116,mobileOG_000372123|umuD_5|WP_071548936.1|replication/recombination/repair|NA|Multiple|Homology,NODE_41_length_20581_cov_89.460934_20 # 20099 # 20482 # 1 # ID=41_20;partial=00;start_type=ATG;rbs_motif=None;rbs_spacer=None;gc_cont=0.474,93.7,249,127,4.30e-86,128,1,127,1,127,mobileOG_000372123,umuD_5,WP_071548936.1,replication/recombination/repair,NA,Multiple,Homology,NODE_41_length_20581_cov_89.460934_20, 20099 # 20482 # 1 , 20099,20482,1 ,41_20,41,20,00,ATG,None,None,0.474,NODE_41_length_20581_cov_89.460934,mobileOG_000372123_NODE_41_length_20581_cov_89.460934
117,mobileOG_000280115|parA|WP_071548917.1|replication/recombination/repair|partitioning|Multiple|Homology,NODE_42_length_19965_cov_87.155370_2 # 1306 # 2523 # -1 # ID=42_2;partial=00;start_type=ATG;rbs_motif=TAA;rbs_spacer=14bp;gc_cont=0.387,91.1,736,405,3.31e-269,406,1,405,1,405,mobileOG_000280115,parA,WP_071548917.1,replication/recombination/repair,partitioning,Multiple,Homology,NODE_42_length_19965_cov_87.155370_2, 1306 # 2523 # -1 , 1306,2523,-1 ,42_2,42,2,00,ATG,TAA,14bp,0.387,NODE_42_length_19965_cov_87.155370,mobileOG_000280115_NODE_42_length_19965_cov_87.155370
118,mobileOG_000024138|parA|A0A5K7Y7N2|replication/recombination/repair|transfer|Plasmid RefSeq|Manual,NODE_42_length_19965_cov_87.155370_2 # 1306 # 2523 # -1 # ID=42_2;partial=00;start_type=ATG;rbs_motif=TAA;rbs_spacer=14bp;gc_cont=0.387,90.4,730,405,4.49e-267,406,1,405,1,405,mobileOG_000024138,parA,A0A5K7Y7N2,replication/recombination/repair,transfer,Plasmid RefSeq,Manual,NODE_42_length_19965_cov_87.155370_2, 1306 # 2523 # -1 , 1306,2523,-1 ,42_2,42,2,00,ATG,TAA,14bp,0.387,NODE_42_length_19965_cov_87.155370,mobileOG_000024138_NODE_42_length_19965_cov_87.155370
119,mobileOG_000066515|tnpA|A0A140JYH1|integration/excision|NA|COMPASS|Homology,NODE_46_length_15642_cov_128.014456_5 # 4871 # 6133 # -1 # ID=46_5;partial=00;start_type=GTG;rbs_motif=None;rbs_spacer=None;gc_cont=0.511,93.8,791,493,2.67e-289,421,74,493,1,420,mobileOG_000066515,tnpA,A0A140JYH1,integration/excision,NA,COMPASS,Homology,NODE_46_length_15642_cov_128.014456_5, 4871 # 6133 # -1 , 4871,6133,-1 ,46_5,46,5,00,GTG,None,None,0.511,NODE_46_length_15642_cov_128.014456,mobileOG_000066515_NODE_46_length_15642_cov_128.014456
120,mobileOG_000050596|tnpA|WP_021512645.1|integration/excision|NA|COMPASS|Homology,NODE_46_length_15642_cov_128.014456_5 # 4871 # 6133 # -1 # ID=46_5;partial=00;start_type=GTG;rbs_motif=None;rbs_spacer=None;gc_cont=0.511,93.3,788,428,3.85e-289,421,9,428,1,420,mobileOG_000050596,tnpA,WP_021512645.1,integration/excision,NA,COMPASS,Homology,NODE_46_length_15642_cov_128.014456_5, 4871 # 6133 # -1 , 4871,6133,-1 ,46_5,46,5,00,GTG,None,None,0.511,NODE_46_length_15642_cov_128.014456,mobileOG_000050596_NODE_46_length_15642_cov_128.014456
121,mobileOG_000278218|tnpA|WP_168444947.1|integration/excision|NA|Plasmid RefSeq|Homology,NODE_46_length_15642_cov_128.014456_5 # 4871 # 6133 # -1 # ID=46_5;partial=00;start_type=GTG;rbs_motif=None;rbs_spacer=None;gc_cont=0.511,93.8,791,516,6.27e-289,421,97,516,1,420,mobileOG_000278218,tnpA,WP_168444947.1,integration/excision,NA,Plasmid RefSeq,Homology,NODE_46_length_15642_cov_128.014456_5, 4871 # 6133 # -1 , 4871,6133,-1 ,46_5,46,5,00,GTG,None,None,0.511,NODE_46_length_15642_cov_128.014456,mobileOG_000278218_NODE_46_length_15642_cov_128.014456
122,mobileOG_000054655|tnpA|WP_023908397.1|integration/excision|NA|COMPASS|Homology,NODE_46_length_15642_cov_128.014456_5 # 4871 # 6133 # -1 # ID=46_5;partial=00;start_type=GTG;rbs_motif=None;rbs_spacer=None;gc_cont=0.511,93.6,789,493,1.08e-288,421,74,493,1,420,mobileOG_000054655,tnpA,WP_023908397.1,integration/excision,NA,COMPASS,Homology,NODE_46_length_15642_cov_128.014456_5, 4871 # 6133 # -1 , 4871,6133,-1 ,46_5,46,5,00,GTG,None,None,0.511,NODE_46_length_15642_cov_128.014456,mobileOG_000054655_NODE_46_length_15642_cov_128.014456
123,mobileOG_000075874|tnpA|WP_021512645.1|integration/excision|NA|COMPASS|Homology,NODE_46_length_15642_cov_128.014456_5 # 4871 # 6133 # -1 # ID=46_5;partial=00;start_type=GTG;rbs_motif=None;rbs_spacer=None;gc_cont=0.511,93.1,786,428,1.57e-288,421,9,428,1,420,mobileOG_000075874,tnpA,WP_021512645.1,integration/excision,NA,COMPASS,Homology,NODE_46_length_15642_cov_128.014456_5, 4871 # 6133 # -1 , 4871,6133,-1 ,46_5,46,5,00,GTG,None,None,0.511,NODE_46_length_15642_cov_128.014456,mobileOG_000075874_NODE_46_length_15642_cov_128.014456
124,mobileOG_000293083|tnpA|WP_021512645.1|integration/excision|NA|Plasmid RefSeq|Homology,NODE_46_length_15642_cov_128.014456_5 # 4871 # 6133 # -1 # ID=46_5;partial=00;start_type=GTG;rbs_motif=None;rbs_spacer=None;gc_cont=0.511,93.1,786,430,1.69e-288,421,11,430,1,420,mobileOG_000293083,tnpA,WP_021512645.1,integration/excision,NA,Plasmid RefSeq,Homology,NODE_46_length_15642_cov_128.014456_5, 4871 # 6133 # -1 , 4871,6133,-1 ,46_5,46,5,00,GTG,None,None,0.511,NODE_46_length_15642_cov_128.014456,mobileOG_000293083_NODE_46_length_15642_cov_128.014456
125,mobileOG_000070281|tnpA|WP_021512645.1|integration/excision|NA|COMPASS|Homology,NODE_46_length_15642_cov_128.014456_5 # 4871 # 6133 # -1 # ID=46_5;partial=00;start_type=GTG;rbs_motif=None;rbs_spacer=None;gc_cont=0.511,93.1,786,450,3.59e-288,421,31,450,1,420,mobileOG_000070281,tnpA,WP_021512645.1,integration/excision,NA,COMPASS,Homology,NODE_46_length_15642_cov_128.014456_5, 4871 # 6133 # -1 , 4871,6133,-1 ,46_5,46,5,00,GTG,None,None,0.511,NODE_46_length_15642_cov_128.014456,mobileOG_000070281_NODE_46_length_15642_cov_128.014456
126,mobileOG_000052316|tnpA|WP_032309856.1|integration/excision|NA|COMPASS|Homology,NODE_46_length_15642_cov_128.014456_5 # 4871 # 6133 # -1 # ID=46_5;partial=00;start_type=GTG;rbs_motif=None;rbs_spacer=None;gc_cont=0.511,93.1,785,448,6.71e-288,421,29,448,1,420,mobileOG_000052316,tnpA,WP_032309856.1,integration/excision,NA,COMPASS,Homology,NODE_46_length_15642_cov_128.014456_5, 4871 # 6133 # -1 , 4871,6133,-1 ,46_5,46,5,00,GTG,None,None,0.511,NODE_46_length_15642_cov_128.014456,mobileOG_000052316_NODE_46_length_15642_cov_128.014456
127,mobileOG_000039492|tnpA|WP_021512645.1|integration/excision|NA|COMPASS|Homology,NODE_46_length_15642_cov_128.014456_5 # 4871 # 6133 # -1 # ID=46_5;partial=00;start_type=GTG;rbs_motif=None;rbs_spacer=None;gc_cont=0.511,92.9,784,428,1.29e-287,421,9,428,1,420,mobileOG_000039492,tnpA,WP_021512645.1,integration/excision,NA,COMPASS,Homology,NODE_46_length_15642_cov_128.014456_5, 4871 # 6133 # -1 , 4871,6133,-1 ,46_5,46,5,00,GTG,None,None,0.511,NODE_46_length_15642_cov_128.014456,mobileOG_000039492_NODE_46_length_15642_cov_128.014456
128,mobileOG_000050255|tnpA|A0A2S1Q6I7|integration/excision|NA|Multiple|Homology,NODE_46_length_15642_cov_128.014456_5 # 4871 # 6133 # -1 # ID=46_5;partial=00;start_type=GTG;rbs_motif=None;rbs_spacer=None;gc_cont=0.511,93.1,786,493,1.79e-287,421,74,493,1,420,mobileOG_000050255,tnpA,A0A2S1Q6I7,integration/excision,NA,Multiple,Homology,NODE_46_length_15642_cov_128.014456_5, 4871 # 6133 # -1 , 4871,6133,-1 ,46_5,46,5,00,GTG,None,None,0.511,NODE_46_length_15642_cov_128.014456,mobileOG_000050255_NODE_46_length_15642_cov_128.014456
129,mobileOG_000064448|tnpA|WP_021512645.1|integration/excision|NA|COMPASS|Homology,NODE_46_length_15642_cov_128.014456_5 # 4871 # 6133 # -1 # ID=46_5;partial=00;start_type=GTG;rbs_motif=None;rbs_spacer=None;gc_cont=0.511,93.1,786,516,4.22e-287,421,97,516,1,420,mobileOG_000064448,tnpA,WP_021512645.1,integration/excision,NA,COMPASS,Homology,NODE_46_length_15642_cov_128.014456_5, 4871 # 6133 # -1 , 4871,6133,-1 ,46_5,46,5,00,GTG,None,None,0.511,NODE_46_length_15642_cov_128.014456,mobileOG_000064448_NODE_46_length_15642_cov_128.014456
130,mobileOG_000052781|tnpA|A0A5R1XF98|integration/excision|NA|COMPASS|Homology,NODE_46_length_15642_cov_128.014456_5 # 4871 # 6133 # -1 # ID=46_5;partial=00;start_type=GTG;rbs_motif=None;rbs_spacer=None;gc_cont=0.511,93.1,785,506,5.87e-287,421,87,506,1,420,mobileOG_000052781,tnpA,A0A5R1XF98,integration/excision,NA,COMPASS,Homology,NODE_46_length_15642_cov_128.014456_5, 4871 # 6133 # -1 , 4871,6133,-1 ,46_5,46,5,00,GTG,None,None,0.511,NODE_46_length_15642_cov_128.014456,mobileOG_000052781_NODE_46_length_15642_cov_128.014456
131,mobileOG_000052356|tnpA|A0A0A7DRS4|integration/excision|NA|COMPASS|Homology,NODE_46_length_15642_cov_128.014456_5 # 4871 # 6133 # -1 # ID=46_5;partial=00;start_type=GTG;rbs_motif=None;rbs_spacer=None;gc_cont=0.511,93.1,786,530,7.08e-287,421,111,530,1,420,mobileOG_000052356,tnpA,A0A0A7DRS4,integration/excision,NA,COMPASS,Homology,NODE_46_length_15642_cov_128.014456_5, 4871 # 6133 # -1 , 4871,6133,-1 ,46_5,46,5,00,GTG,None,None,0.511,NODE_46_length_15642_cov_128.014456,mobileOG_000052356_NODE_46_length_15642_cov_128.014456
132,mobileOG_000044748|tnpA|W1EFJ7|integration/excision|NA|COMPASS|Homology,NODE_46_length_15642_cov_128.014456_5 # 4871 # 6133 # -1 # ID=46_5;partial=00;start_type=GTG;rbs_motif=None;rbs_spacer=None;gc_cont=0.511,93.1,786,554,1.72e-286,421,135,554,1,420,mobileOG_000044748,tnpA,W1EFJ7,integration/excision,NA,COMPASS,Homology,NODE_46_length_15642_cov_128.014456_5, 4871 # 6133 # -1 , 4871,6133,-1 ,46_5,46,5,00,GTG,None,None,0.511,NODE_46_length_15642_cov_128.014456,mobileOG_000044748_NODE_46_length_15642_cov_128.014456
133,mobileOG_000412614|NA:Keyword|WP_080031202.1|integration/excision|NA|COMPASS|Keyword Search,NODE_46_length_15642_cov_128.014456_5 # 4871 # 6133 # -1 # ID=46_5;partial=00;start_type=GTG;rbs_motif=None;rbs_spacer=None;gc_cont=0.511,93.8,791,693,3.92e-286,421,274,693,1,420,mobileOG_000412614,NA:Keyword,WP_080031202.1,integration/excision,NA,COMPASS,Keyword Search,NODE_46_length_15642_cov_128.014456_5, 4871 # 6133 # -1 , 4871,6133,-1 ,46_5,46,5,00,GTG,None,None,0.511,NODE_46_length_15642_cov_128.014456,mobileOG_000412614_NODE_46_length_15642_cov_128.014456
134,mobileOG_000356625|insN1|WP_135678291.1|integration/excision|NA|Plasmid RefSeq|Homology,NODE_46_length_15642_cov_128.014456_6 # 6204 # 6518 # 1 # ID=46_6;partial=00;start_type=ATG;rbs_motif=None;rbs_spacer=None;gc_cont=0.397,98.1,190,104,3.48e-63,105,1,103,1,103,mobileOG_000356625,insN1,WP_135678291.1,integration/excision,NA,Plasmid RefSeq,Homology,NODE_46_length_15642_cov_128.014456_6, 6204 # 6518 # 1 , 6204,6518,1 ,46_6,46,6,00,ATG,None,None,0.397,NODE_46_length_15642_cov_128.014456,mobileOG_000356625_NODE_46_length_15642_cov_128.014456
135,mobileOG_000321348|yuaL|WP_135679031.1|integration/excision|NA|Plasmid RefSeq|Homology,NODE_46_length_15642_cov_128.014456_6 # 6204 # 6518 # 1 # ID=46_6;partial=00;start_type=ATG;rbs_motif=None;rbs_spacer=None;gc_cont=0.397,91.3,169,386,1.78e-51,105,1,101,1,103,mobileOG_000321348,yuaL,WP_135679031.1,integration/excision,NA,Plasmid RefSeq,Homology,NODE_46_length_15642_cov_128.014456_6, 6204 # 6518 # 1 , 6204,6518,1 ,46_6,46,6,00,ATG,None,None,0.397,NODE_46_length_15642_cov_128.014456,mobileOG_000321348_NODE_46_length_15642_cov_128.014456
136,mobileOG_000321349|yuaL|WP_135677716.1|integration/excision|NA|Plasmid RefSeq|Homology,NODE_46_length_15642_cov_128.014456_6 # 6204 # 6518 # 1 # ID=46_6;partial=00;start_type=ATG;rbs_motif=None;rbs_spacer=None;gc_cont=0.397,91.3,169,386,1.78e-51,105,1,101,1,103,mobileOG_000321349,yuaL,WP_135677716.1,integration/excision,NA,Plasmid RefSeq,Homology,NODE_46_length_15642_cov_128.014456_6, 6204 # 6518 # 1 , 6204,6518,1 ,46_6,46,6,00,ATG,None,None,0.397,NODE_46_length_15642_cov_128.014456,mobileOG_000321349_NODE_46_length_15642_cov_128.014456
137,mobileOG_000321358|yuaL|WP_135678769.1|integration/excision|NA|Plasmid RefSeq|Homology,NODE_46_length_15642_cov_128.014456_6 # 6204 # 6518 # 1 # ID=46_6;partial=00;start_type=ATG;rbs_motif=None;rbs_spacer=None;gc_cont=0.397,91.3,169,386,1.78e-51,105,1,101,1,103,mobileOG_000321358,yuaL,WP_135678769.1,integration/excision,NA,Plasmid RefSeq,Homology,NODE_46_length_15642_cov_128.014456_6, 6204 # 6518 # 1 , 6204,6518,1 ,46_6,46,6,00,ATG,None,None,0.397,NODE_46_length_15642_cov_128.014456,mobileOG_000321358_NODE_46_length_15642_cov_128.014456
138,mobileOG_000321359|yuaL|WP_135678034.1|integration/excision|NA|Plasmid RefSeq|Homology,NODE_46_length_15642_cov_128.014456_6 # 6204 # 6518 # 1 # ID=46_6;partial=00;start_type=ATG;rbs_motif=None;rbs_spacer=None;gc_cont=0.397,91.3,169,386,1.78e-51,105,1,101,1,103,mobileOG_000321359,yuaL,WP_135678034.1,integration/excision,NA,Plasmid RefSeq,Homology,NODE_46_length_15642_cov_128.014456_6, 6204 # 6518 # 1 , 6204,6518,1 ,46_6,46,6,00,ATG,None,None,0.397,NODE_46_length_15642_cov_128.014456,mobileOG_000321359_NODE_46_length_15642_cov_128.014456
139,mobileOG_000321377|yuaL|WP_135678367.1|integration/excision|NA|Plasmid RefSeq|Homology,NODE_46_length_15642_cov_128.014456_6 # 6204 # 6518 # 1 # ID=46_6;partial=00;start_type=ATG;rbs_motif=None;rbs_spacer=None;gc_cont=0.397,91.3,169,386,1.78e-51,105,1,101,1,103,mobileOG_000321377,yuaL,WP_135678367.1,integration/excision,NA,Plasmid RefSeq,Homology,NODE_46_length_15642_cov_128.014456_6, 6204 # 6518 # 1 , 6204,6518,1 ,46_6,46,6,00,ATG,None,None,0.397,NODE_46_length_15642_cov_128.014456,mobileOG_000321377_NODE_46_length_15642_cov_128.014456
140,mobileOG_000321381|yuaL|WP_135678876.1|integration/excision|NA|Plasmid RefSeq|Homology,NODE_46_length_15642_cov_128.014456_6 # 6204 # 6518 # 1 # ID=46_6;partial=00;start_type=ATG;rbs_motif=None;rbs_spacer=None;gc_cont=0.397,91.3,169,386,1.78e-51,105,1,101,1,103,mobileOG_000321381,yuaL,WP_135678876.1,integration/excision,NA,Plasmid RefSeq,Homology,NODE_46_length_15642_cov_128.014456_6, 6204 # 6518 # 1 , 6204,6518,1 ,46_6,46,6,00,ATG,None,None,0.397,NODE_46_length_15642_cov_128.014456,mobileOG_000321381_NODE_46_length_15642_cov_128.014456
141,mobileOG_000321390|yuaL|WP_135677411.1|integration/excision|NA|Plasmid RefSeq|Homology,NODE_46_length_15642_cov_128.014456_6 # 6204 # 6518 # 1 # ID=46_6;partial=00;start_type=ATG;rbs_motif=None;rbs_spacer=None;gc_cont=0.397,91.3,169,386,1.78e-51,105,1,101,1,103,mobileOG_000321390,yuaL,WP_135677411.1,integration/excision,NA,Plasmid RefSeq,Homology,NODE_46_length_15642_cov_128.014456_6, 6204 # 6518 # 1 , 6204,6518,1 ,46_6,46,6,00,ATG,None,None,0.397,NODE_46_length_15642_cov_128.014456,mobileOG_000321390_NODE_46_length_15642_cov_128.014456
142,mobileOG_000321409|yuaL|WP_135678343.1|integration/excision|NA|Plasmid RefSeq|Homology,NODE_46_length_15642_cov_128.014456_6 # 6204 # 6518 # 1 # ID=46_6;partial=00;start_type=ATG;rbs_motif=None;rbs_spacer=None;gc_cont=0.397,91.3,169,386,1.78e-51,105,1,101,1,103,mobileOG_000321409,yuaL,WP_135678343.1,integration/excision,NA,Plasmid RefSeq,Homology,NODE_46_length_15642_cov_128.014456_6, 6204 # 6518 # 1 , 6204,6518,1 ,46_6,46,6,00,ATG,None,None,0.397,NODE_46_length_15642_cov_128.014456,mobileOG_000321409_NODE_46_length_15642_cov_128.014456
143,mobileOG_000290825|umuD_5|A0A0N7FVZ3|replication/recombination/repair|NA|Plasmid RefSeq|Homology,NODE_46_length_15642_cov_128.014456_17 # 15356 # 15640 # 1 # ID=46_17;partial=01;start_type=ATG;rbs_motif=AATAA;rbs_spacer=3bp;gc_cont=0.474,97.9,194,127,1.43e-64,95,1,95,1,95,mobileOG_000290825,umuD_5,A0A0N7FVZ3,replication/recombination/repair,NA,Plasmid RefSeq,Homology,NODE_46_length_15642_cov_128.014456_17, 15356 # 15640 # 1 , 15356,15640,1 ,46_17,46,17,01,ATG,AATAA,3bp,0.474,NODE_46_length_15642_cov_128.014456,mobileOG_000290825_NODE_46_length_15642_cov_128.014456
144,mobileOG_000372123|umuD_5|WP_071548936.1|replication/recombination/repair|NA|Multiple|Homology,NODE_46_length_15642_cov_128.014456_17 # 15356 # 15640 # 1 # ID=46_17;partial=01;start_type=ATG;rbs_motif=AATAA;rbs_spacer=3bp;gc_cont=0.474,94.7,189,127,1.37e-62,95,1,95,1,95,mobileOG_000372123,umuD_5,WP_071548936.1,replication/recombination/repair,NA,Multiple,Homology,NODE_46_length_15642_cov_128.014456_17, 15356 # 15640 # 1 , 15356,15640,1 ,46_17,46,17,01,ATG,AATAA,3bp,0.474,NODE_46_length_15642_cov_128.014456,mobileOG_000372123_NODE_46_length_15642_cov_128.014456
145,mobileOG_000328168|trbI|WP_081364003.1|transfer|conjugation|Multiple|Homology,NODE_47_length_15327_cov_125.028066_1 # 3 # 218 # -1 # ID=47_1;partial=10;start_type=ATG;rbs_motif=AGGA/GGAG/GAGG;rbs_spacer=11-12bp;gc_cont=0.495,93.1,130,141,1.17e-39,72,1,72,1,72,mobileOG_000328168,trbI,WP_081364003.1,transfer,conjugation,Multiple,Homology,NODE_47_length_15327_cov_125.028066_1, 3 # 218 # -1 , 3,218,-1 ,47_1,47,1,10,ATG,AGGA/GGAG/GAGG,11-12bp,0.495,NODE_47_length_15327_cov_125.028066,mobileOG_000328168_NODE_47_length_15327_cov_125.028066
146,mobileOG_000352151|trbI|WP_080728235.1|transfer|conjugation|Multiple|Homology,NODE_47_length_15327_cov_125.028066_1 # 3 # 218 # -1 # ID=47_1;partial=10;start_type=ATG;rbs_motif=AGGA/GGAG/GAGG;rbs_spacer=11-12bp;gc_cont=0.495,91.7,128,141,6.73e-39,72,1,72,1,72,mobileOG_000352151,trbI,WP_080728235.1,transfer,conjugation,Multiple,Homology,NODE_47_length_15327_cov_125.028066_1, 3 # 218 # -1 , 3,218,-1 ,47_1,47,1,10,ATG,AGGA/GGAG/GAGG,11-12bp,0.495,NODE_47_length_15327_cov_125.028066,mobileOG_000352151_NODE_47_length_15327_cov_125.028066
147,mobileOG_000003850|traC|A0A3R8XZG4|transfer|conjugation|COMPASS|Manual,NODE_47_length_15327_cov_125.028066_2 # 194 # 2905 # -1 # ID=47_2;partial=00;start_type=ATG;rbs_motif=GGA/GAG/AGG;rbs_spacer=5-10bp;gc_cont=0.468,96.5,1741,903,0.0,904,1,903,1,903,mobileOG_000003850,traC,A0A3R8XZG4,transfer,conjugation,COMPASS,Manual,NODE_47_length_15327_cov_125.028066_2, 194 # 2905 # -1 , 194,2905,-1 ,47_2,47,2,00,ATG,GGA/GAG/AGG,5-10bp,0.468,NODE_47_length_15327_cov_125.028066,mobileOG_000003850_NODE_47_length_15327_cov_125.028066
148,mobileOG_000326355|traC|WP_081364002.1|transfer|conjugation|Multiple|Homology,NODE_47_length_15327_cov_125.028066_2 # 194 # 2905 # -1 # ID=47_2;partial=00;start_type=ATG;rbs_motif=GGA/GAG/AGG;rbs_spacer=5-10bp;gc_cont=0.468,95.6,1726,903,0.0,904,1,903,1,903,mobileOG_000326355,traC,WP_081364002.1,transfer,conjugation,Multiple,Homology,NODE_47_length_15327_cov_125.028066_2, 194 # 2905 # -1 , 194,2905,-1 ,47_2,47,2,00,ATG,GGA/GAG/AGG,5-10bp,0.468,NODE_47_length_15327_cov_125.028066,mobileOG_000326355_NODE_47_length_15327_cov_125.028066
149,mobileOG_000291163|traC|A0A0N9NML5|transfer|conjugation|Plasmid RefSeq|Homology,NODE_47_length_15327_cov_125.028066_2 # 194 # 2905 # -1 # ID=47_2;partial=00;start_type=ATG;rbs_motif=GGA/GAG/AGG;rbs_spacer=5-10bp;gc_cont=0.468,95.5,1722,903,0.0,904,1,903,1,903,mobileOG_000291163,traC,A0A0N9NML5,transfer,conjugation,Plasmid RefSeq,Homology,NODE_47_length_15327_cov_125.028066_2, 194 # 2905 # -1 , 194,2905,-1 ,47_2,47,2,00,ATG,GGA/GAG/AGG,5-10bp,0.468,NODE_47_length_15327_cov_125.028066,mobileOG_000291163_NODE_47_length_15327_cov_125.028066
150,mobileOG_000326324|traC|WP_038601469.1|transfer|conjugation|Plasmid RefSeq|Homology,NODE_47_length_15327_cov_125.028066_2 # 194 # 2905 # -1 # ID=47_2;partial=00;start_type=ATG;rbs_motif=GGA/GAG/AGG;rbs_spacer=5-10bp;gc_cont=0.468,96.3,1685,873,0.0,904,1,873,31,903,mobileOG_000326324,traC,WP_038601469.1,transfer,conjugation,Plasmid RefSeq,Homology,NODE_47_length_15327_cov_125.028066_2, 194 # 2905 # -1 , 194,2905,-1 ,47_2,47,2,00,ATG,GGA/GAG/AGG,5-10bp,0.468,NODE_47_length_15327_cov_125.028066,mobileOG_000326324_NODE_47_length_15327_cov_125.028066
151,mobileOG_000290827|traK|A0A0N7FVZ0|transfer|conjugation|Plasmid RefSeq|Homology,NODE_47_length_15327_cov_125.028066_18 # 10163 # 10936 # -1 # ID=47_18;partial=00;start_type=ATG;rbs_motif=GGAG/GAGG;rbs_spacer=5-10bp;gc_cont=0.468,92.2,469,257,1.02e-168,258,1,257,1,257,mobileOG_000290827,traK,A0A0N7FVZ0,transfer,conjugation,Plasmid RefSeq,Homology,NODE_47_length_15327_cov_125.028066_18, 10163 # 10936 # -1 , 10163,10936,-1 ,47_18,47,18,00,ATG,GGAG/GAGG,5-10bp,0.468,NODE_47_length_15327_cov_125.028066,mobileOG_000290827_NODE_47_length_15327_cov_125.028066
152,mobileOG_000377524|traK|WP_038601412.1|transfer|conjugation|Multiple|Homology,NODE_47_length_15327_cov_125.028066_18 # 10163 # 10936 # -1 # ID=47_18;partial=00;start_type=ATG;rbs_motif=GGAG/GAGG;rbs_spacer=5-10bp;gc_cont=0.468,91.8,464,257,6.91e-167,258,1,257,1,257,mobileOG_000377524,traK,WP_038601412.1,transfer,conjugation,Multiple,Homology,NODE_47_length_15327_cov_125.028066_18, 10163 # 10936 # -1 , 10163,10936,-1 ,47_18,47,18,00,ATG,GGAG/GAGG,5-10bp,0.468,NODE_47_length_15327_cov_125.028066,mobileOG_000377524_NODE_47_length_15327_cov_125.028066
153,mobileOG_000377924|traK|WP_071548955.1|transfer|conjugation|Multiple|Homology,NODE_47_length_15327_cov_125.028066_18 # 10163 # 10936 # -1 # ID=47_18;partial=00;start_type=ATG;rbs_motif=GGAG/GAGG;rbs_spacer=5-10bp;gc_cont=0.468,91.8,464,257,6.91e-167,258,1,257,1,257,mobileOG_000377924,traK,WP_071548955.1,transfer,conjugation,Multiple,Homology,NODE_47_length_15327_cov_125.028066_18, 10163 # 10936 # -1 , 10163,10936,-1 ,47_18,47,18,00,ATG,GGAG/GAGG,5-10bp,0.468,NODE_47_length_15327_cov_125.028066,mobileOG_000377924_NODE_47_length_15327_cov_125.028066
154,mobileOG_000291161|traE|A0A0N9NR10|transfer|conjugation|Plasmid RefSeq|Homology,NODE_47_length_15327_cov_125.028066_19 # 10920 # 11489 # -1 # ID=47_19;partial=00;start_type=ATG;rbs_motif=AGGAG;rbs_spacer=5-10bp;gc_cont=0.421,97.9,360,189,7.85e-128,190,1,189,1,189,mobileOG_000291161,traE,A0A0N9NR10,transfer,conjugation,Plasmid RefSeq,Homology,NODE_47_length_15327_cov_125.028066_19, 10920 # 11489 # -1 , 10920,11489,-1 ,47_19,47,19,00,ATG,AGGAG,5-10bp,0.421,NODE_47_length_15327_cov_125.028066,mobileOG_000291161_NODE_47_length_15327_cov_125.028066
155,mobileOG_000061288|traE|WP_038601410.1|transfer|conjugation|Multiple|Homology,NODE_47_length_15327_cov_125.028066_19 # 10920 # 11489 # -1 # ID=47_19;partial=00;start_type=ATG;rbs_motif=AGGAG;rbs_spacer=5-10bp;gc_cont=0.421,96.8,359,189,2.25e-127,190,1,189,1,189,mobileOG_000061288,traE,WP_038601410.1,transfer,conjugation,Multiple,Homology,NODE_47_length_15327_cov_125.028066_19, 10920 # 11489 # -1 , 10920,11489,-1 ,47_19,47,19,00,ATG,AGGAG,5-10bp,0.421,NODE_47_length_15327_cov_125.028066,mobileOG_000061288_NODE_47_length_15327_cov_125.028066
156,mobileOG_000335416|traL|WP_038601408.1|transfer|conjugation|Multiple|Homology,NODE_47_length_15327_cov_125.028066_20 # 11504 # 11809 # -1 # ID=47_20;partial=00;start_type=ATG;rbs_motif=AGGA;rbs_spacer=5-10bp;gc_cont=0.454,99.0,219,101,1.01e-74,102,1,101,1,101,mobileOG_000335416,traL,WP_038601408.1,transfer,conjugation,Multiple,Homology,NODE_47_length_15327_cov_125.028066_20, 11504 # 11809 # -1 , 11504,11809,-1 ,47_20,47,20,00,ATG,AGGA,5-10bp,0.454,NODE_47_length_15327_cov_125.028066,mobileOG_000335416_NODE_47_length_15327_cov_125.028066
157,mobileOG_000290685|traL|WP_071548954.1|transfer|conjugation|Multiple|Homology,NODE_47_length_15327_cov_125.028066_20 # 11504 # 11809 # -1 # ID=47_20;partial=00;start_type=ATG;rbs_motif=AGGA;rbs_spacer=5-10bp;gc_cont=0.454,97.0,216,101,8.28e-74,102,1,101,1,101,mobileOG_000290685,traL,WP_071548954.1,transfer,conjugation,Multiple,Homology,NODE_47_length_15327_cov_125.028066_20, 11504 # 11809 # -1 , 11504,11809,-1 ,47_20,47,20,00,ATG,AGGA,5-10bp,0.454,NODE_47_length_15327_cov_125.028066,mobileOG_000290685_NODE_47_length_15327_cov_125.028066
158,mobileOG_000290675|traY|WP_036965549.1|transfer|conjugation|Multiple|Homology,NODE_47_length_15327_cov_125.028066_22 # 12469 # 12660 # -1 # ID=47_22;partial=00;start_type=ATG;rbs_motif=GGA/GAG/AGG;rbs_spacer=5-10bp;gc_cont=0.349,100,117,63,9.17e-36,64,1,63,1,63,mobileOG_000290675,traY,WP_036965549.1,transfer,conjugation,Multiple,Homology,NODE_47_length_15327_cov_125.028066_22, 12469 # 12660 # -1 , 12469,12660,-1 ,47_22,47,22,00,ATG,GGA/GAG/AGG,5-10bp,0.349,NODE_47_length_15327_cov_125.028066,mobileOG_000290675_NODE_47_length_15327_cov_125.028066
159,mobileOG_000359047|traY|WP_102781170.1|transfer|conjugation|Plasmid RefSeq|Homology,NODE_47_length_15327_cov_125.028066_22 # 12469 # 12660 # -1 # ID=47_22;partial=00;start_type=ATG;rbs_motif=GGA/GAG/AGG;rbs_spacer=5-10bp;gc_cont=0.349,98.4,116,63,2.63e-35,64,1,63,1,63,mobileOG_000359047,traY,WP_102781170.1,transfer,conjugation,Plasmid RefSeq,Homology,NODE_47_length_15327_cov_125.028066_22, 12469 # 12660 # -1 , 12469,12660,-1 ,47_22,47,22,00,ATG,GGA/GAG/AGG,5-10bp,0.349,NODE_47_length_15327_cov_125.028066,mobileOG_000359047_NODE_47_length_15327_cov_125.028066
160,mobileOG_000063760|traY|WP_102781170.1|transfer|conjugation|COMPASS|Homology,NODE_47_length_15327_cov_125.028066_22 # 12469 # 12660 # -1 # ID=47_22;partial=00;start_type=ATG;rbs_motif=GGA/GAG/AGG;rbs_spacer=5-10bp;gc_cont=0.349,98.4,116,71,3.27e-35,64,9,71,1,63,mobileOG_000063760,traY,WP_102781170.1,transfer,conjugation,COMPASS,Homology,NODE_47_length_15327_cov_125.028066_22, 12469 # 12660 # -1 , 12469,12660,-1 ,47_22,47,22,00,ATG,GGA/GAG/AGG,5-10bp,0.349,NODE_47_length_15327_cov_125.028066,mobileOG_000063760_NODE_47_length_15327_cov_125.028066
161,"mobileOG_000295932|traM|WP_038601467.1|transfer|conjugation,relaxosome|Plasmid RefSeq|Homology",NODE_47_length_15327_cov_125.028066_25 # 13874 # 14248 # -1 # ID=47_25;partial=00;start_type=ATG;rbs_motif=AGGA;rbs_spacer=5-10bp;gc_cont=0.344,97.6,236,124,1.07e-80,125,1,124,1,124,mobileOG_000295932,traM,WP_038601467.1,transfer,"conjugation,relaxosome",Plasmid RefSeq,Homology,NODE_47_length_15327_cov_125.028066_25, 13874 # 14248 # -1 , 13874,14248,-1 ,47_25,47,25,00,ATG,AGGA,5-10bp,0.344,NODE_47_length_15327_cov_125.028066,mobileOG_000295932_NODE_47_length_15327_cov_125.028066
162,"mobileOG_000063759|traM|WP_038601467.1|transfer|conjugation,relaxosome|COMPASS|Homology",NODE_47_length_15327_cov_125.028066_25 # 13874 # 14248 # -1 # ID=47_25;partial=00;start_type=ATG;rbs_motif=AGGA;rbs_spacer=5-10bp;gc_cont=0.344,97.6,236,169,4.78e-80,125,46,169,1,124,mobileOG_000063759,traM,WP_038601467.1,transfer,"conjugation,relaxosome",COMPASS,Homology,NODE_47_length_15327_cov_125.028066_25, 13874 # 14248 # -1 , 13874,14248,-1 ,47_25,47,25,00,ATG,AGGA,5-10bp,0.344,NODE_47_length_15327_cov_125.028066,mobileOG_000063759_NODE_47_length_15327_cov_125.028066
163,mobileOG_000756574|NA:Keyword|WP_038601366.1|transfer|NA|Plasmid RefSeq|Keyword Search,NODE_49_length_13870_cov_95.733416_1 # 3 # 275 # -1 # ID=49_1;partial=10;start_type=ATG;rbs_motif=GGA/GAG/AGG;rbs_spacer=5-10bp;gc_cont=0.487,100,189,1708,2.92e-56,91,1,91,1,91,mobileOG_000756574,NA:Keyword,WP_038601366.1,transfer,NA,Plasmid RefSeq,Keyword Search,NODE_49_length_13870_cov_95.733416_1, 3 # 275 # -1 , 3,275,-1 ,49_1,49,1,10,ATG,GGA/GAG/AGG,5-10bp,0.487,NODE_49_length_13870_cov_95.733416,mobileOG_000756574_NODE_49_length_13870_cov_95.733416
164,mobileOG_000734579|NA:Keyword|A0A0N9NKZ9|transfer|NA|Plasmid RefSeq|Keyword Search,NODE_49_length_13870_cov_95.733416_1 # 3 # 275 # -1 # ID=49_1;partial=10;start_type=ATG;rbs_motif=GGA/GAG/AGG;rbs_spacer=5-10bp;gc_cont=0.487,98.9,186,897,2.19e-55,91,3,93,1,91,mobileOG_000734579,NA:Keyword,A0A0N9NKZ9,transfer,NA,Plasmid RefSeq,Keyword Search,NODE_49_length_13870_cov_95.733416_1, 3 # 275 # -1 , 3,275,-1 ,49_1,49,1,10,ATG,GGA/GAG/AGG,5-10bp,0.487,NODE_49_length_13870_cov_95.733416,mobileOG_000734579_NODE_49_length_13870_cov_95.733416
165,mobileOG_000377571|higB|WP_041387894.1|stability/transfer/defense|NA|Plasmid RefSeq|Homology,NODE_49_length_13870_cov_95.733416_13 # 11511 # 11789 # -1 # ID=49_13;partial=00;start_type=ATG;rbs_motif=None;rbs_spacer=None;gc_cont=0.380,92.4,180,92,9.48e-60,93,1,92,1,92,mobileOG_000377571,higB,WP_041387894.1,stability/transfer/defense,NA,Plasmid RefSeq,Homology,NODE_49_length_13870_cov_95.733416_13, 11511 # 11789 # -1 , 11511,11789,-1 ,49_13,49,13,00,ATG,None,None,0.380,NODE_49_length_13870_cov_95.733416,mobileOG_000377571_NODE_49_length_13870_cov_95.733416
166,mobileOG_000378049|higB|WP_079895085.1|stability/transfer/defense|NA|Plasmid RefSeq|Homology,NODE_49_length_13870_cov_95.733416_13 # 11511 # 11789 # -1 # ID=49_13;partial=00;start_type=ATG;rbs_motif=None;rbs_spacer=None;gc_cont=0.380,91.3,180,92,1.35e-59,93,1,92,1,92,mobileOG_000378049,higB,WP_079895085.1,stability/transfer/defense,NA,Plasmid RefSeq,Homology,NODE_49_length_13870_cov_95.733416_13, 11511 # 11789 # -1 , 11511,11789,-1 ,49_13,49,13,00,ATG,None,None,0.380,NODE_49_length_13870_cov_95.733416,mobileOG_000378049_NODE_49_length_13870_cov_95.733416
167,mobileOG_000001242|higB|Q7A225|stability/transfer/defense|NA|Multiple|Manual,NODE_49_length_13870_cov_95.733416_13 # 11511 # 11789 # -1 # ID=49_13;partial=00;start_type=ATG;rbs_motif=None;rbs_spacer=None;gc_cont=0.380,90.2,176,92,3.18e-58,93,1,92,1,92,mobileOG_000001242,higB,Q7A225,stability/transfer/defense,NA,Multiple,Manual,NODE_49_length_13870_cov_95.733416_13, 11511 # 11789 # -1 , 11511,11789,-1 ,49_13,49,13,00,ATG,None,None,0.380,NODE_49_length_13870_cov_95.733416,mobileOG_000001242_NODE_49_length_13870_cov_95.733416
168,mobileOG_000049856|insA|WP_023159964.1|integration/excision|NA|Multiple|Homology,NODE_50_length_13101_cov_91.551136_5 # 1868 # 2143 # 1 # ID=50_5;partial=00;start_type=ATG;rbs_motif=GGAG/GAGG;rbs_spacer=5-10bp;gc_cont=0.435,92.3,176,91,4.21e-58,92,1,91,1,91,mobileOG_000049856,insA,WP_023159964.1,integration/excision,NA,Multiple,Homology,NODE_50_length_13101_cov_91.551136_5, 1868 # 2143 # 1 , 1868,2143,1 ,50_5,50,5,00,ATG,GGAG/GAGG,5-10bp,0.435,NODE_50_length_13101_cov_91.551136,mobileOG_000049856_NODE_50_length_13101_cov_91.551136
169,mobileOG_000276295|NA|WP_121813101.1|integration/excision|NA|ISFinder|Homology,NODE_50_length_13101_cov_91.551136_5 # 1868 # 2143 # 1 # ID=50_5;partial=00;start_type=ATG;rbs_motif=GGAG/GAGG;rbs_spacer=5-10bp;gc_cont=0.435,91.8,165,232,6.05e-52,92,1,85,1,85,mobileOG_000276295,NA,WP_121813101.1,integration/excision,NA,ISFinder,Homology,NODE_50_length_13101_cov_91.551136_5, 1868 # 2143 # 1 , 1868,2143,1 ,50_5,50,5,00,ATG,GGAG/GAGG,5-10bp,0.435,NODE_50_length_13101_cov_91.551136,mobileOG_000276295_NODE_50_length_13101_cov_91.551136
170,mobileOG_000283369|NA|WP_110412028.1|integration/excision|NA|Plasmid RefSeq|Homology,NODE_50_length_13101_cov_91.551136_5 # 1868 # 2143 # 1 # ID=50_5;partial=00;start_type=ATG;rbs_motif=GGAG/GAGG;rbs_spacer=5-10bp;gc_cont=0.435,90.6,164,232,2.44e-51,92,1,85,1,85,mobileOG_000283369,NA,WP_110412028.1,integration/excision,NA,Plasmid RefSeq,Homology,NODE_50_length_13101_cov_91.551136_5, 1868 # 2143 # 1 , 1868,2143,1 ,50_5,50,5,00,ATG,GGAG/GAGG,5-10bp,0.435,NODE_50_length_13101_cov_91.551136,mobileOG_000283369_NODE_50_length_13101_cov_91.551136
171,mobileOG_000290647|NA|A0A2J9SJG6|integration/excision|NA|Plasmid RefSeq|Homology,NODE_50_length_13101_cov_91.551136_5 # 1868 # 2143 # 1 # ID=50_5;partial=00;start_type=ATG;rbs_motif=GGAG/GAGG;rbs_spacer=5-10bp;gc_cont=0.435,90.6,164,232,2.44e-51,92,1,85,1,85,mobileOG_000290647,NA,A0A2J9SJG6,integration/excision,NA,Plasmid RefSeq,Homology,NODE_50_length_13101_cov_91.551136_5, 1868 # 2143 # 1 , 1868,2143,1 ,50_5,50,5,00,ATG,GGAG/GAGG,5-10bp,0.435,NODE_50_length_13101_cov_91.551136,mobileOG_000290647_NODE_50_length_13101_cov_91.551136
172,"mobileOG_000295938|traM|A0A0N9NL51|transfer|conjugation,relaxosome|Plasmid RefSeq|Homology",NODE_51_length_13022_cov_92.255234_17 # 11571 # 11960 # -1 # ID=51_17;partial=00;start_type=ATG;rbs_motif=GGA/GAG/AGG;rbs_spacer=5-10bp;gc_cont=0.354,91.5,230,131,2.25e-78,130,1,129,1,129,mobileOG_000295938,traM,A0A0N9NL51,transfer,"conjugation,relaxosome",Plasmid RefSeq,Homology,NODE_51_length_13022_cov_92.255234_17, 11571 # 11960 # -1 , 11571,11960,-1 ,51_17,51,17,00,ATG,GGA/GAG/AGG,5-10bp,0.354,NODE_51_length_13022_cov_92.255234,mobileOG_000295938_NODE_51_length_13022_cov_92.255234
173,"mobileOG_000295934|traM|WP_071548950.1|transfer|conjugation,relaxosome|Multiple|Homology",NODE_51_length_13022_cov_92.255234_17 # 11571 # 11960 # -1 # ID=51_17;partial=00;start_type=ATG;rbs_motif=GGA/GAG/AGG;rbs_spacer=5-10bp;gc_cont=0.354,90.7,229,131,4.54e-78,130,1,129,1,129,mobileOG_000295934,traM,WP_071548950.1,transfer,"conjugation,relaxosome",Multiple,Homology,NODE_51_length_13022_cov_92.255234_17, 11571 # 11960 # -1 , 11571,11960,-1 ,51_17,51,17,00,ATG,GGA/GAG/AGG,5-10bp,0.354,NODE_51_length_13022_cov_92.255234,mobileOG_000295934_NODE_51_length_13022_cov_92.255234
174,mobileOG_000756574|NA:Keyword|WP_038601366.1|transfer|NA|Plasmid RefSeq|Keyword Search,NODE_53_length_12210_cov_131.597956_1 # 3 # 275 # -1 # ID=53_1;partial=10;start_type=ATG;rbs_motif=GGAG/GAGG;rbs_spacer=5-10bp;gc_cont=0.473,98.9,187,1708,2.57e-55,91,1,91,1,91,mobileOG_000756574,NA:Keyword,WP_038601366.1,transfer,NA,Plasmid RefSeq,Keyword Search,NODE_53_length_12210_cov_131.597956_1, 3 # 275 # -1 , 3,275,-1 ,53_1,53,1,10,ATG,GGAG/GAGG,5-10bp,0.473,NODE_53_length_12210_cov_131.597956,mobileOG_000756574_NODE_53_length_12210_cov_131.597956
175,mobileOG_000734579|NA:Keyword|A0A0N9NKZ9|transfer|NA|Plasmid RefSeq|Keyword Search,NODE_53_length_12210_cov_131.597956_1 # 3 # 275 # -1 # ID=53_1;partial=10;start_type=ATG;rbs_motif=GGAG/GAGG;rbs_spacer=5-10bp;gc_cont=0.473,97.8,184,897,2.03e-54,91,3,93,1,91,mobileOG_000734579,NA:Keyword,A0A0N9NKZ9,transfer,NA,Plasmid RefSeq,Keyword Search,NODE_53_length_12210_cov_131.597956_1, 3 # 275 # -1 , 3,275,-1 ,53_1,53,1,10,ATG,GGAG/GAGG,5-10bp,0.473,NODE_53_length_12210_cov_131.597956,mobileOG_000734579_NODE_53_length_12210_cov_131.597956
176,mobileOG_000290917|traD|A0A0N9NRH7|transfer|conjugation|Plasmid RefSeq|Homology,NODE_53_length_12210_cov_131.597956_2 # 275 # 2497 # -1 # ID=53_2;partial=00;start_type=ATG;rbs_motif=GGA/GAG/AGG;rbs_spacer=5-10bp;gc_cont=0.440,92.9,1320,742,0.0,741,1,720,1,720,mobileOG_000290917,traD,A0A0N9NRH7,transfer,conjugation,Plasmid RefSeq,Homology,NODE_53_length_12210_cov_131.597956_2, 275 # 2497 # -1 , 275,2497,-1 ,53_2,53,2,00,ATG,GGA/GAG/AGG,5-10bp,0.440,NODE_53_length_12210_cov_131.597956,mobileOG_000290917_NODE_53_length_12210_cov_131.597956
177,"mobileOG_000377923|orf77|WP_071548975.1|transfer|conjugation,regulation|Multiple|Homology",NODE_53_length_12210_cov_131.597956_4 # 3160 # 3366 # -1 # ID=53_4;partial=00;start_type=ATG;rbs_motif=GGAG/GAGG;rbs_spacer=5-10bp;gc_cont=0.469,94.1,130,68,1.19e-40,69,1,68,1,68,mobileOG_000377923,orf77,WP_071548975.1,transfer,"conjugation,regulation",Multiple,Homology,NODE_53_length_12210_cov_131.597956_4, 3160 # 3366 # -1 , 3160,3366,-1 ,53_4,53,4,00,ATG,GGAG/GAGG,5-10bp,0.469,NODE_53_length_12210_cov_131.597956,mobileOG_000377923_NODE_53_length_12210_cov_131.597956
178,mobileOG_000372598|traH|WP_038601440.1|transfer|conjugation|Multiple|Homology,NODE_53_length_12210_cov_131.597956_7 # 6857 # 8233 # -1 # ID=53_7;partial=00;start_type=ATG;rbs_motif=AGGAG;rbs_spacer=5-10bp;gc_cont=0.445,94.5,842,458,1.80e-309,459,1,458,1,458,mobileOG_000372598,traH,WP_038601440.1,transfer,conjugation,Multiple,Homology,NODE_53_length_12210_cov_131.597956_7, 6857 # 8233 # -1 , 6857,8233,-1 ,53_7,53,7,00,ATG,AGGAG,5-10bp,0.445,NODE_53_length_12210_cov_131.597956,mobileOG_000372598_NODE_53_length_12210_cov_131.597956
179,mobileOG_000290822|traH|A0A0N7FVY6|transfer|conjugation|Plasmid RefSeq|Homology,NODE_53_length_12210_cov_131.597956_7 # 6857 # 8233 # -1 # ID=53_7;partial=00;start_type=ATG;rbs_motif=AGGAG;rbs_spacer=5-10bp;gc_cont=0.445,94.5,842,458,2.55e-309,459,1,458,1,458,mobileOG_000290822,traH,A0A0N7FVY6,transfer,conjugation,Plasmid RefSeq,Homology,NODE_53_length_12210_cov_131.597956_7, 6857 # 8233 # -1 , 6857,8233,-1 ,53_7,53,7,00,ATG,AGGAG,5-10bp,0.445,NODE_53_length_12210_cov_131.597956,mobileOG_000290822_NODE_53_length_12210_cov_131.597956
180,mobileOG_000372697|traH|WP_071548973.1|transfer|conjugation|Multiple|Homology,NODE_53_length_12210_cov_131.597956_7 # 6857 # 8233 # -1 # ID=53_7;partial=00;start_type=ATG;rbs_motif=AGGAG;rbs_spacer=5-10bp;gc_cont=0.445,93.9,836,458,3.47e-307,459,1,458,1,458,mobileOG_000372697,traH,WP_071548973.1,transfer,conjugation,Multiple,Homology,NODE_53_length_12210_cov_131.597956_7, 6857 # 8233 # -1 , 6857,8233,-1 ,53_7,53,7,00,ATG,AGGAG,5-10bp,0.445,NODE_53_length_12210_cov_131.597956,mobileOG_000372697_NODE_53_length_12210_cov_131.597956
181,mobileOG_000408810|NA:Keyword|WP_071548970.1|transfer|NA|COMPASS|Keyword Search,NODE_53_length_12210_cov_131.597956_12 # 10194 # 10727 # -1 # ID=53_12;partial=00;start_type=GTG;rbs_motif=AGGAG;rbs_spacer=5-10bp;gc_cont=0.476,91.5,315,177,2.18e-110,178,1,177,1,177,mobileOG_000408810,NA:Keyword,WP_071548970.1,transfer,NA,COMPASS,Keyword Search,NODE_53_length_12210_cov_131.597956_12, 10194 # 10727 # -1 , 10194,10727,-1 ,53_12,53,12,00,GTG,AGGAG,5-10bp,0.476,NODE_53_length_12210_cov_131.597956,mobileOG_000408810_NODE_53_length_12210_cov_131.597956
182,mobileOG_000754314|NA:Keyword|WP_071548970.1|transfer|NA|Plasmid RefSeq|Keyword Search,NODE_53_length_12210_cov_131.597956_12 # 10194 # 10727 # -1 # ID=53_12;partial=00;start_type=GTG;rbs_motif=AGGAG;rbs_spacer=5-10bp;gc_cont=0.476,91.4,310,174,1.32e-108,178,1,174,4,177,mobileOG_000754314,NA:Keyword,WP_071548970.1,transfer,NA,Plasmid RefSeq,Keyword Search,NODE_53_length_12210_cov_131.597956_12, 10194 # 10727 # -1 , 10194,10727,-1 ,53_12,53,12,00,GTG,AGGAG,5-10bp,0.476,NODE_53_length_12210_cov_131.597956,mobileOG_000754314_NODE_53_length_12210_cov_131.597956
183,mobileOG_000756258|NA:Keyword|WP_102781171.1|transfer|NA|Plasmid RefSeq|Keyword Search,NODE_53_length_12210_cov_131.597956_12 # 10194 # 10727 # -1 # ID=53_12;partial=00;start_type=GTG;rbs_motif=AGGAG;rbs_spacer=5-10bp;gc_cont=0.476,90.0,303,170,9.07e-106,178,1,170,8,177,mobileOG_000756258,NA:Keyword,WP_102781171.1,transfer,NA,Plasmid RefSeq,Keyword Search,NODE_53_length_12210_cov_131.597956_12, 10194 # 10727 # -1 , 10194,10727,-1 ,53_12,53,12,00,GTG,AGGAG,5-10bp,0.476,NODE_53_length_12210_cov_131.597956,mobileOG_000756258_NODE_53_length_12210_cov_131.597956
184,mobileOG_000290919|traF|A0A0N7FVY7|transfer|conjugation|Plasmid RefSeq|Homology,NODE_53_length_12210_cov_131.597956_15 # 11479 # 12210 # -1 # ID=53_15;partial=01;start_type=Edge;rbs_motif=None;rbs_spacer=None;gc_cont=0.477,93.8,461,262,7.80e-166,244,20,262,1,243,mobileOG_000290919,traF,A0A0N7FVY7,transfer,conjugation,Plasmid RefSeq,Homology,NODE_53_length_12210_cov_131.597956_15, 11479 # 12210 # -1 , 11479,12210,-1 ,53_15,53,15,01,Edge,None,None,0.477,NODE_53_length_12210_cov_131.597956,mobileOG_000290919_NODE_53_length_12210_cov_131.597956
185,mobileOG_000328671|traF|WP_071548968.1|transfer|conjugation|Multiple|Homology,NODE_53_length_12210_cov_131.597956_15 # 11479 # 12210 # -1 # ID=53_15;partial=01;start_type=Edge;rbs_motif=None;rbs_spacer=None;gc_cont=0.477,93.4,456,262,7.47e-164,244,20,262,1,243,mobileOG_000328671,traF,WP_071548968.1,transfer,conjugation,Multiple,Homology,NODE_53_length_12210_cov_131.597956_15, 11479 # 12210 # -1 , 11479,12210,-1 ,53_15,53,15,01,Edge,None,None,0.477,NODE_53_length_12210_cov_131.597956,mobileOG_000328671_NODE_53_length_12210_cov_131.597956
186,mobileOG_000334001|traF|WP_038601430.1|transfer|conjugation|Multiple|Homology,NODE_53_length_12210_cov_131.597956_15 # 11479 # 12210 # -1 # ID=53_15;partial=01;start_type=Edge;rbs_motif=None;rbs_spacer=None;gc_cont=0.477,92.6,449,262,4.14e-161,244,20,262,1,243,mobileOG_000334001,traF,WP_038601430.1,transfer,conjugation,Multiple,Homology,NODE_53_length_12210_cov_131.597956_15, 11479 # 12210 # -1 , 11479,12210,-1 ,53_15,53,15,01,Edge,None,None,0.477,NODE_53_length_12210_cov_131.597956,mobileOG_000334001_NODE_53_length_12210_cov_131.597956
187,mobileOG_000049856|insA|WP_023159964.1|integration/excision|NA|Multiple|Homology,NODE_58_length_8791_cov_139.975098_8 # 8417 # 8692 # 1 # ID=58_8;partial=00;start_type=ATG;rbs_motif=GGAG/GAGG;rbs_spacer=5-10bp;gc_cont=0.428,94.5,179,91,1.78e-59,92,1,91,1,91,mobileOG_000049856,insA,WP_023159964.1,integration/excision,NA,Multiple,Homology,NODE_58_length_8791_cov_139.975098_8, 8417 # 8692 # 1 , 8417,8692,1 ,58_8,58,8,00,ATG,GGAG/GAGG,5-10bp,0.428,NODE_58_length_8791_cov_139.975098,mobileOG_000049856_NODE_58_length_8791_cov_139.975098
188,mobileOG_000276295|NA|WP_121813101.1|integration/excision|NA|ISFinder|Homology,NODE_58_length_8791_cov_139.975098_8 # 8417 # 8692 # 1 # ID=58_8;partial=00;start_type=ATG;rbs_motif=GGAG/GAGG;rbs_spacer=5-10bp;gc_cont=0.428,95.3,171,232,3.23e-54,92,1,85,1,85,mobileOG_000276295,NA,WP_121813101.1,integration/excision,NA,ISFinder,Homology,NODE_58_length_8791_cov_139.975098_8, 8417 # 8692 # 1 , 8417,8692,1 ,58_8,58,8,00,ATG,GGAG/GAGG,5-10bp,0.428,NODE_58_length_8791_cov_139.975098,mobileOG_000276295_NODE_58_length_8791_cov_139.975098
189,mobileOG_000283369|NA|WP_110412028.1|integration/excision|NA|Plasmid RefSeq|Homology,NODE_58_length_8791_cov_139.975098_8 # 8417 # 8692 # 1 # ID=58_8;partial=00;start_type=ATG;rbs_motif=GGAG/GAGG;rbs_spacer=5-10bp;gc_cont=0.428,94.1,169,232,1.30e-53,92,1,85,1,85,mobileOG_000283369,NA,WP_110412028.1,integration/excision,NA,Plasmid RefSeq,Homology,NODE_58_length_8791_cov_139.975098_8, 8417 # 8692 # 1 , 8417,8692,1 ,58_8,58,8,00,ATG,GGAG/GAGG,5-10bp,0.428,NODE_58_length_8791_cov_139.975098,mobileOG_000283369_NODE_58_length_8791_cov_139.975098
190,mobileOG_000290647|NA|A0A2J9SJG6|integration/excision|NA|Plasmid RefSeq|Homology,NODE_58_length_8791_cov_139.975098_8 # 8417 # 8692 # 1 # ID=58_8;partial=00;start_type=ATG;rbs_motif=GGAG/GAGG;rbs_spacer=5-10bp;gc_cont=0.428,94.1,169,232,1.30e-53,92,1,85,1,85,mobileOG_000290647,NA,A0A2J9SJG6,integration/excision,NA,Plasmid RefSeq,Homology,NODE_58_length_8791_cov_139.975098_8, 8417 # 8692 # 1 , 8417,8692,1 ,58_8,58,8,00,ATG,GGAG/GAGG,5-10bp,0.428,NODE_58_length_8791_cov_139.975098,mobileOG_000290647_NODE_58_length_8791_cov_139.975098
191,"mobileOG_000023885|repA|A0A220DIE2|replication/recombination/repair|initiation,copy number control,plasmid|Multiple|Manual",NODE_60_length_8184_cov_132.707413_3 # 3006 # 3944 # 1 # ID=60_3;partial=00;start_type=ATG;rbs_motif=GGA/GAG/AGG;rbs_spacer=5-10bp;gc_cont=0.483,95.5,593,312,8.43e-216,313,1,312,1,312,mobileOG_000023885,repA,A0A220DIE2,replication/recombination/repair,"initiation,copy number control,plasmid",Multiple,Manual,NODE_60_length_8184_cov_132.707413_3, 3006 # 3944 # 1 , 3006,3944,1 ,60_3,60,3,00,ATG,GGA/GAG/AGG,5-10bp,0.483,NODE_60_length_8184_cov_132.707413,mobileOG_000023885_NODE_60_length_8184_cov_132.707413
192,"mobileOG_000353539|repA|WP_071548890.1|replication/recombination/repair|initiation,copy number control,plasmid|Multiple|Homology",NODE_60_length_8184_cov_132.707413_3 # 3006 # 3944 # 1 # ID=60_3;partial=00;start_type=ATG;rbs_motif=GGA/GAG/AGG;rbs_spacer=5-10bp;gc_cont=0.483,95.5,593,312,8.43e-216,313,1,312,1,312,mobileOG_000353539,repA,WP_071548890.1,replication/recombination/repair,"initiation,copy number control,plasmid",Multiple,Homology,NODE_60_length_8184_cov_132.707413_3, 3006 # 3944 # 1 , 3006,3944,1 ,60_3,60,3,00,ATG,GGA/GAG/AGG,5-10bp,0.483,NODE_60_length_8184_cov_132.707413,mobileOG_000353539_NODE_60_length_8184_cov_132.707413
193,"mobileOG_000352149|repA|WP_052038310.1|replication/recombination/repair|initiation,copy number control,plasmid|Multiple|Homology",NODE_60_length_8184_cov_132.707413_3 # 3006 # 3944 # 1 # ID=60_3;partial=00;start_type=ATG;rbs_motif=GGA/GAG/AGG;rbs_spacer=5-10bp;gc_cont=0.483,93.9,582,312,1.10e-211,313,1,312,1,312,mobileOG_000352149,repA,WP_052038310.1,replication/recombination/repair,"initiation,copy number control,plasmid",Multiple,Homology,NODE_60_length_8184_cov_132.707413_3, 3006 # 3944 # 1 , 3006,3944,1 ,60_3,60,3,00,ATG,GGA/GAG/AGG,5-10bp,0.483,NODE_60_length_8184_cov_132.707413,mobileOG_000352149_NODE_60_length_8184_cov_132.707413
194,"mobileOG_000283095|repA|WP_052038310.1|replication/recombination/repair|initiation,copy number control,plasmid|Plasmid RefSeq|Homology",NODE_60_length_8184_cov_132.707413_3 # 3006 # 3944 # 1 # ID=60_3;partial=00;start_type=ATG;rbs_motif=GGA/GAG/AGG;rbs_spacer=5-10bp;gc_cont=0.483,92.9,576,312,4.29e-209,313,1,312,1,312,mobileOG_000283095,repA,WP_052038310.1,replication/recombination/repair,"initiation,copy number control,plasmid",Plasmid RefSeq,Homology,NODE_60_length_8184_cov_132.707413_3, 3006 # 3944 # 1 , 3006,3944,1 ,60_3,60,3,00,ATG,GGA/GAG/AGG,5-10bp,0.483,NODE_60_length_8184_cov_132.707413,mobileOG_000283095_NODE_60_length_8184_cov_132.707413
195,"mobileOG_000061273|repA|WP_081363997.1|replication/recombination/repair|initiation,copy number control,plasmid|COMPASS|Homology",NODE_60_length_8184_cov_132.707413_3 # 3006 # 3944 # 1 # ID=60_3;partial=00;start_type=ATG;rbs_motif=GGA/GAG/AGG;rbs_spacer=5-10bp;gc_cont=0.483,91.0,550,303,3.51e-199,313,4,303,13,312,mobileOG_000061273,repA,WP_081363997.1,replication/recombination/repair,"initiation,copy number control,plasmid",COMPASS,Homology,NODE_60_length_8184_cov_132.707413_3, 3006 # 3944 # 1 , 3006,3944,1 ,60_3,60,3,00,ATG,GGA/GAG/AGG,5-10bp,0.483,NODE_60_length_8184_cov_132.707413,mobileOG_000061273_NODE_60_length_8184_cov_132.707413
196,"mobileOG_000369771|repA|WP_081363997.1|replication/recombination/repair|initiation,copy number control,plasmid|Plasmid RefSeq|Homology",NODE_60_length_8184_cov_132.707413_3 # 3006 # 3944 # 1 # ID=60_3;partial=00;start_type=ATG;rbs_motif=GGA/GAG/AGG;rbs_spacer=5-10bp;gc_cont=0.483,91.0,550,311,4.71e-199,313,12,311,13,312,mobileOG_000369771,repA,WP_081363997.1,replication/recombination/repair,"initiation,copy number control,plasmid",Plasmid RefSeq,Homology,NODE_60_length_8184_cov_132.707413_3, 3006 # 3944 # 1 , 3006,3944,1 ,60_3,60,3,00,ATG,GGA/GAG/AGG,5-10bp,0.483,NODE_60_length_8184_cov_132.707413,mobileOG_000369771_NODE_60_length_8184_cov_132.707413
197,mobileOG_000325396|PSLT051|WP_038601373.1|replication/recombination/repair|NA|Multiple|Homology,NODE_60_length_8184_cov_132.707413_7 # 6847 # 7782 # 1 # ID=60_7;partial=00;start_type=ATG;rbs_motif=GGA/GAG/AGG;rbs_spacer=5-10bp;gc_cont=0.468,91.8,575,319,7.58e-209,312,1,319,1,311,mobileOG_000325396,PSLT051,WP_038601373.1,replication/recombination/repair,NA,Multiple,Homology,NODE_60_length_8184_cov_132.707413_7, 6847 # 7782 # 1 , 6847,7782,1 ,60_7,60,7,00,ATG,GGA/GAG/AGG,5-10bp,0.468,NODE_60_length_8184_cov_132.707413,mobileOG_000325396_NODE_60_length_8184_cov_132.707413
198,mobileOG_000327636|PSLT051|WP_071548892.1|replication/recombination/repair|NA|Multiple|Homology,NODE_60_length_8184_cov_132.707413_7 # 6847 # 7782 # 1 # ID=60_7;partial=00;start_type=ATG;rbs_motif=GGA/GAG/AGG;rbs_spacer=5-10bp;gc_cont=0.468,90.4,561,312,3.61e-203,312,1,312,1,311,mobileOG_000327636,PSLT051,WP_071548892.1,replication/recombination/repair,NA,Multiple,Homology,NODE_60_length_8184_cov_132.707413_7, 6847 # 7782 # 1 , 6847,7782,1 ,60_7,60,7,00,ATG,GGA/GAG/AGG,5-10bp,0.468,NODE_60_length_8184_cov_132.707413,mobileOG_000327636_NODE_60_length_8184_cov_132.707413
199,mobileOG_000734581|NA:Keyword|A0A0N9NL68|transfer|partitioning|Plasmid RefSeq|Keyword Search,NODE_74_length_1579_cov_163.529960_1 # 3 # 440 # -1 # ID=74_1;partial=10;start_type=ATG;rbs_motif=GGAG/GAGG;rbs_spacer=5-10bp;gc_cont=0.461,95.2,266,666,1.09e-85,146,1,146,1,146,mobileOG_000734581,NA:Keyword,A0A0N9NL68,transfer,partitioning,Plasmid RefSeq,Keyword Search,NODE_74_length_1579_cov_163.529960_1, 3 # 440 # -1 , 3,440,-1 ,74_1,74,1,10,ATG,GGAG/GAGG,5-10bp,0.461,NODE_74_length_1579_cov_163.529960,mobileOG_000734581_NODE_74_length_1579_cov_163.529960
200,mobileOG_000745748|NA:Keyword|WP_071548940.1|transfer|partitioning|Multiple|Keyword Search,NODE_74_length_1579_cov_163.529960_1 # 3 # 440 # -1 # ID=74_1;partial=10;start_type=ATG;rbs_motif=GGAG/GAGG;rbs_spacer=5-10bp;gc_cont=0.461,94.5,264,666,8.47e-85,146,1,146,1,146,mobileOG_000745748,NA:Keyword,WP_071548940.1,transfer,partitioning,Multiple,Keyword Search,NODE_74_length_1579_cov_163.529960_1, 3 # 440 # -1 , 3,440,-1 ,74_1,74,1,10,ATG,GGAG/GAGG,5-10bp,0.461,NODE_74_length_1579_cov_163.529960,mobileOG_000745748_NODE_74_length_1579_cov_163.529960
201,mobileOG_000410569|NA:Keyword|A0A0N9MYS2|stability/transfer/defense|NA|COMPASS|Keyword Search,NODE_77_length_1301_cov_227.916667_1 # 3 # 473 # 1 # ID=77_1;partial=10;start_type=Edge;rbs_motif=None;rbs_spacer=None;gc_cont=0.437,91.7,295,269,1.82e-101,157,114,269,1,156,mobileOG_000410569,NA:Keyword,A0A0N9MYS2,stability/transfer/defense,NA,COMPASS,Keyword Search,NODE_77_length_1301_cov_227.916667_1, 3 # 473 # 1 , 3,473,1 ,77_1,77,1,10,Edge,None,None,0.437,NODE_77_length_1301_cov_227.916667,mobileOG_000410569_NODE_77_length_1301_cov_227.916667
202,mobileOG_000734585|NA:Keyword|A0A0N9MYS2|stability/transfer/defense|NA|Plasmid RefSeq|Keyword Search,NODE_77_length_1301_cov_227.916667_1 # 3 # 473 # 1 # ID=77_1;partial=10;start_type=Edge;rbs_motif=None;rbs_spacer=None;gc_cont=0.437,91.0,292,212,4.33e-101,157,57,212,1,156,mobileOG_000734585,NA:Keyword,A0A0N9MYS2,stability/transfer/defense,NA,Plasmid RefSeq,Keyword Search,NODE_77_length_1301_cov_227.916667_1, 3 # 473 # 1 , 3,473,1 ,77_1,77,1,10,Edge,None,None,0.437,NODE_77_length_1301_cov_227.916667,mobileOG_000734585_NODE_77_length_1301_cov_227.916667
203,mobileOG_000408809|NA:Keyword|A0A3N1ZA19|stability/transfer/defense|NA|COMPASS|Keyword Search,NODE_77_length_1301_cov_227.916667_1 # 3 # 473 # 1 # ID=77_1;partial=10;start_type=Edge;rbs_motif=None;rbs_spacer=None;gc_cont=0.437,90.4,291,269,8.57e-100,157,114,269,1,156,mobileOG_000408809,NA:Keyword,A0A3N1ZA19,stability/transfer/defense,NA,COMPASS,Keyword Search,NODE_77_length_1301_cov_227.916667_1, 3 # 473 # 1 , 3,473,1 ,77_1,77,1,10,Edge,None,None,0.437,NODE_77_length_1301_cov_227.916667,mobileOG_000408809_NODE_77_length_1301_cov_227.916667
204,mobileOG_000372124|traU|WP_071548965.1|transfer|conjugation|Multiple|Homology,NODE_81_length_1212_cov_235.440529_2 # 203 # 1198 # -1 # ID=81_2;partial=00;start_type=ATG;rbs_motif=AGGAGG;rbs_spacer=3-4bp;gc_cont=0.495,96.1,679,331,2.64e-249,332,1,331,1,331,mobileOG_000372124,traU,WP_071548965.1,transfer,conjugation,Multiple,Homology,NODE_81_length_1212_cov_235.440529_2, 203 # 1198 # -1 , 203,1198,-1 ,81_2,81,2,00,ATG,AGGAGG,3-4bp,0.495,NODE_81_length_1212_cov_235.440529,mobileOG_000372124_NODE_81_length_1212_cov_235.440529
205,mobileOG_000290824|traU|A0A0N9ND03|transfer|conjugation|Plasmid RefSeq|Homology,NODE_81_length_1212_cov_235.440529_2 # 203 # 1198 # -1 # ID=81_2;partial=00;start_type=ATG;rbs_motif=AGGAGG;rbs_spacer=3-4bp;gc_cont=0.495,96.4,679,331,3.75e-249,332,1,331,1,331,mobileOG_000290824,traU,A0A0N9ND03,transfer,conjugation,Plasmid RefSeq,Homology,NODE_81_length_1212_cov_235.440529_2, 203 # 1198 # -1 , 203,1198,-1 ,81_2,81,2,00,ATG,AGGAGG,3-4bp,0.495,NODE_81_length_1212_cov_235.440529,mobileOG_000290824_NODE_81_length_1212_cov_235.440529
206,mobileOG_000371969|traU|WP_038601424.1|transfer|conjugation|Multiple|Homology,NODE_81_length_1212_cov_235.440529_2 # 203 # 1198 # -1 # ID=81_2;partial=00;start_type=ATG;rbs_motif=AGGAGG;rbs_spacer=3-4bp;gc_cont=0.495,94.6,669,331,2.43e-245,332,1,331,1,331,mobileOG_000371969,traU,WP_038601424.1,transfer,conjugation,Multiple,Homology,NODE_81_length_1212_cov_235.440529_2, 203 # 1198 # -1 , 203,1198,-1 ,81_2,81,2,00,ATG,AGGAGG,3-4bp,0.495,NODE_81_length_1212_cov_235.440529,mobileOG_000371969_NODE_81_length_1212_cov_235.440529
207,mobileOG_000372699|impB|WP_071548937.1|replication/recombination/repair|NA|Plasmid RefSeq|Homology,NODE_82_length_1205_cov_202.896277_1 # 1 # 1203 # 1 # ID=82_1;partial=11;start_type=Edge;rbs_motif=None;rbs_spacer=None;gc_cont=0.447,95.5,780,422,1.53e-286,401,11,411,1,401,mobileOG_000372699,impB,WP_071548937.1,replication/recombination/repair,NA,Plasmid RefSeq,Homology,NODE_82_length_1205_cov_202.896277_1, 1 # 1203 # 1 , 1,1203,1 ,82_1,82,1,11,Edge,None,None,0.447,NODE_82_length_1205_cov_202.896277,mobileOG_000372699_NODE_82_length_1205_cov_202.896277
208,mobileOG_000061286|impB|WP_071548937.1|replication/recombination/repair|NA|COMPASS|Homology,NODE_82_length_1205_cov_202.896277_1 # 1 # 1203 # 1 # ID=82_1;partial=11;start_type=Edge;rbs_motif=None;rbs_spacer=None;gc_cont=0.447,95.5,780,425,1.72e-286,401,14,414,1,401,mobileOG_000061286,impB,WP_071548937.1,replication/recombination/repair,NA,COMPASS,Homology,NODE_82_length_1205_cov_202.896277_1, 1 # 1203 # 1 , 1,1203,1 ,82_1,82,1,11,Edge,None,None,0.447,NODE_82_length_1205_cov_202.896277,mobileOG_000061286_NODE_82_length_1205_cov_202.896277
209,mobileOG_000290831|impB|A0A0N9NR35|replication/recombination/repair|NA|Plasmid RefSeq|Homology,NODE_82_length_1205_cov_202.896277_1 # 1 # 1203 # 1 # ID=82_1;partial=11;start_type=Edge;rbs_motif=None;rbs_spacer=None;gc_cont=0.447,94.8,770,422,9.90e-283,401,11,411,1,401,mobileOG_000290831,impB,A0A0N9NR35,replication/recombination/repair,NA,Plasmid RefSeq,Homology,NODE_82_length_1205_cov_202.896277_1, 1 # 1203 # 1 , 1,1203,1 ,82_1,82,1,11,Edge,None,None,0.447,NODE_82_length_1205_cov_202.896277,mobileOG_000290831_NODE_82_length_1205_cov_202.896277
210,mobileOG_000410567|NA:Keyword|WP_038601366.1|transfer|NA|COMPASS|Keyword Search,NODE_84_length_1186_cov_228.112714_1 # 1 # 1185 # 1 # ID=84_1;partial=11;start_type=Edge;rbs_motif=None;rbs_spacer=None;gc_cont=0.520,90.9,679,1404,4.18e-233,395,377,771,1,395,mobileOG_000410567,NA:Keyword,WP_038601366.1,transfer,NA,COMPASS,Keyword Search,NODE_84_length_1186_cov_228.112714_1, 1 # 1185 # 1 , 1,1185,1 ,84_1,84,1,11,Edge,None,None,0.520,NODE_84_length_1186_cov_228.112714,mobileOG_000410567_NODE_84_length_1186_cov_228.112714
211,mobileOG_000756574|NA:Keyword|WP_038601366.1|transfer|NA|Plasmid RefSeq|Keyword Search,NODE_84_length_1186_cov_228.112714_1 # 1 # 1185 # 1 # ID=84_1;partial=11;start_type=Edge;rbs_motif=None;rbs_spacer=None;gc_cont=0.520,90.9,679,1708,5.42e-230,395,681,1075,1,395,mobileOG_000756574,NA:Keyword,WP_038601366.1,transfer,NA,Plasmid RefSeq,Keyword Search,NODE_84_length_1186_cov_228.112714_1, 1 # 1185 # 1 , 1,1185,1 ,84_1,84,1,11,Edge,None,None,0.520,NODE_84_length_1186_cov_228.112714,mobileOG_000756574_NODE_84_length_1186_cov_228.112714
212,"mobileOG_000023885|repA|A0A220DIE2|replication/recombination/repair|initiation,copy number control,plasmid|Multiple|Manual",NODE_87_length_862_cov_184.338854_1 # 3 # 860 # 1 # ID=87_1;partial=11;start_type=Edge;rbs_motif=None;rbs_spacer=None;gc_cont=0.473,92.7,531,312,4.84e-192,286,12,297,1,286,mobileOG_000023885,repA,A0A220DIE2,replication/recombination/repair,"initiation,copy number control,plasmid",Multiple,Manual,NODE_87_length_862_cov_184.338854_1, 3 # 860 # 1 , 3,860,1 ,87_1,87,1,11,Edge,None,None,0.473,NODE_87_length_862_cov_184.338854,mobileOG_000023885_NODE_87_length_862_cov_184.338854
213,"mobileOG_000353539|repA|WP_071548890.1|replication/recombination/repair|initiation,copy number control,plasmid|Multiple|Homology",NODE_87_length_862_cov_184.338854_1 # 3 # 860 # 1 # ID=87_1;partial=11;start_type=Edge;rbs_motif=None;rbs_spacer=None;gc_cont=0.473,92.7,530,312,1.97e-191,286,12,297,1,286,mobileOG_000353539,repA,WP_071548890.1,replication/recombination/repair,"initiation,copy number control,plasmid",Multiple,Homology,NODE_87_length_862_cov_184.338854_1, 3 # 860 # 1 , 3,860,1 ,87_1,87,1,11,Edge,None,None,0.473,NODE_87_length_862_cov_184.338854,mobileOG_000353539_NODE_87_length_862_cov_184.338854
214,"mobileOG_000352149|repA|WP_052038310.1|replication/recombination/repair|initiation,copy number control,plasmid|Multiple|Homology",NODE_87_length_862_cov_184.338854_1 # 3 # 860 # 1 # ID=87_1;partial=11;start_type=Edge;rbs_motif=None;rbs_spacer=None;gc_cont=0.473,92.0,528,312,1.62e-190,286,12,297,1,286,mobileOG_000352149,repA,WP_052038310.1,replication/recombination/repair,"initiation,copy number control,plasmid",Multiple,Homology,NODE_87_length_862_cov_184.338854_1, 3 # 860 # 1 , 3,860,1 ,87_1,87,1,11,Edge,None,None,0.473,NODE_87_length_862_cov_184.338854,mobileOG_000352149_NODE_87_length_862_cov_184.338854
215,"mobileOG_000283095|repA|WP_052038310.1|replication/recombination/repair|initiation,copy number control,plasmid|Plasmid RefSeq|Homology",NODE_87_length_862_cov_184.338854_1 # 3 # 860 # 1 # ID=87_1;partial=11;start_type=Edge;rbs_motif=None;rbs_spacer=None;gc_cont=0.473,90.9,522,312,2.20e-188,286,12,297,1,286,mobileOG_000283095,repA,WP_052038310.1,replication/recombination/repair,"initiation,copy number control,plasmid",Plasmid RefSeq,Homology,NODE_87_length_862_cov_184.338854_1, 3 # 860 # 1 , 3,860,1 ,87_1,87,1,11,Edge,None,None,0.473,NODE_87_length_862_cov_184.338854,mobileOG_000283095_NODE_87_length_862_cov_184.338854
216,"mobileOG_000061273|repA|WP_081363997.1|replication/recombination/repair|initiation,copy number control,plasmid|COMPASS|Homology",NODE_87_length_862_cov_184.338854_1 # 3 # 860 # 1 # ID=87_1;partial=11;start_type=Edge;rbs_motif=None;rbs_spacer=None;gc_cont=0.473,91.1,517,303,1.51e-186,286,7,288,5,286,mobileOG_000061273,repA,WP_081363997.1,replication/recombination/repair,"initiation,copy number control,plasmid",COMPASS,Homology,NODE_87_length_862_cov_184.338854_1, 3 # 860 # 1 , 3,860,1 ,87_1,87,1,11,Edge,None,None,0.473,NODE_87_length_862_cov_184.338854,mobileOG_000061273_NODE_87_length_862_cov_184.338854
217,"mobileOG_000369771|repA|WP_081363997.1|replication/recombination/repair|initiation,copy number control,plasmid|Plasmid RefSeq|Homology",NODE_87_length_862_cov_184.338854_1 # 3 # 860 # 1 # ID=87_1;partial=11;start_type=Edge;rbs_motif=None;rbs_spacer=None;gc_cont=0.473,91.1,517,311,2.03e-186,286,15,296,5,286,mobileOG_000369771,repA,WP_081363997.1,replication/recombination/repair,"initiation,copy number control,plasmid",Plasmid RefSeq,Homology,NODE_87_length_862_cov_184.338854_1, 3 # 860 # 1 , 3,860,1 ,87_1,87,1,11,Edge,None,None,0.473,NODE_87_length_862_cov_184.338854,mobileOG_000369771_NODE_87_length_862_cov_184.338854
218,mobileOG_000734579|NA:Keyword|A0A0N9NKZ9|transfer|NA|Plasmid RefSeq|Keyword Search,NODE_88_length_833_cov_146.006614_1 # 3 # 833 # -1 # ID=88_1;partial=11;start_type=Edge;rbs_motif=None;rbs_spacer=None;gc_cont=0.534,95.3,503,897,7.86e-173,277,431,707,1,277,mobileOG_000734579,NA:Keyword,A0A0N9NKZ9,transfer,NA,Plasmid RefSeq,Keyword Search,NODE_88_length_833_cov_146.006614_1, 3 # 833 # -1 , 3,833,-1 ,88_1,88,1,11,Edge,None,None,0.534,NODE_88_length_833_cov_146.006614,mobileOG_000734579_NODE_88_length_833_cov_146.006614
219,mobileOG_000410567|NA:Keyword|WP_038601366.1|transfer|NA|COMPASS|Keyword Search,NODE_88_length_833_cov_146.006614_1 # 3 # 833 # -1 # ID=88_1;partial=11;start_type=Edge;rbs_motif=None;rbs_spacer=None;gc_cont=0.534,94.6,501,1404,6.49e-167,277,125,401,1,277,mobileOG_000410567,NA:Keyword,WP_038601366.1,transfer,NA,COMPASS,Keyword Search,NODE_88_length_833_cov_146.006614_1, 3 # 833 # -1 , 3,833,-1 ,88_1,88,1,11,Edge,None,None,0.534,NODE_88_length_833_cov_146.006614,mobileOG_000410567_NODE_88_length_833_cov_146.006614
220,mobileOG_000756574|NA:Keyword|WP_038601366.1|transfer|NA|Plasmid RefSeq|Keyword Search,NODE_88_length_833_cov_146.006614_1 # 3 # 833 # -1 # ID=88_1;partial=11;start_type=Edge;rbs_motif=None;rbs_spacer=None;gc_cont=0.534,94.6,501,1708,9.78e-165,277,429,705,1,277,mobileOG_000756574,NA:Keyword,WP_038601366.1,transfer,NA,Plasmid RefSeq,Keyword Search,NODE_88_length_833_cov_146.006614_1, 3 # 833 # -1 , 3,833,-1 ,88_1,88,1,11,Edge,None,None,0.534,NODE_88_length_833_cov_146.006614,mobileOG_000756574_NODE_88_length_833_cov_146.006614
221,mobileOG_000754745|NA:Keyword|WP_071548966.1|transfer|NA|Multiple|Keyword Search,NODE_89_length_800_cov_147.395574_1 # 1 # 510 # 1 # ID=89_1;partial=10;start_type=Edge;rbs_motif=None;rbs_spacer=None;gc_cont=0.524,94.7,323,206,2.72e-113,170,38,206,1,169,mobileOG_000754745,NA:Keyword,WP_071548966.1,transfer,NA,Multiple,Keyword Search,NODE_89_length_800_cov_147.395574_1, 1 # 510 # 1 , 1,510,1 ,89_1,89,1,10,Edge,None,None,0.524,NODE_89_length_800_cov_147.395574,mobileOG_000754745_NODE_89_length_800_cov_147.395574
222,mobileOG_000734678|NA:Keyword|A0A0N9NQY2|transfer|NA|Plasmid RefSeq|Keyword Search,NODE_89_length_800_cov_147.395574_1 # 1 # 510 # 1 # ID=89_1;partial=10;start_type=Edge;rbs_motif=None;rbs_spacer=None;gc_cont=0.524,94.0,313,194,1.64e-109,170,27,192,1,166,mobileOG_000734678,NA:Keyword,A0A0N9NQY2,transfer,NA,Plasmid RefSeq,Keyword Search,NODE_89_length_800_cov_147.395574_1, 1 # 510 # 1 , 1,510,1 ,89_1,89,1,10,Edge,None,None,0.524,NODE_89_length_800_cov_147.395574,mobileOG_000734678_NODE_89_length_800_cov_147.395574
223,mobileOG_000754745|NA:Keyword|WP_071548966.1|transfer|NA|Multiple|Keyword Search,NODE_90_length_800_cov_97.879668_1 # 1 # 510 # 1 # ID=90_1;partial=10;start_type=Edge;rbs_motif=None;rbs_spacer=None;gc_cont=0.537,92.9,315,206,3.04e-110,170,38,206,1,169,mobileOG_000754745,NA:Keyword,WP_071548966.1,transfer,NA,Multiple,Keyword Search,NODE_90_length_800_cov_97.879668_1, 1 # 510 # 1 , 1,510,1 ,90_1,90,1,10,Edge,None,None,0.537,NODE_90_length_800_cov_97.879668,mobileOG_000754745_NODE_90_length_800_cov_97.879668
224,mobileOG_000734678|NA:Keyword|A0A0N9NQY2|transfer|NA|Plasmid RefSeq|Keyword Search,NODE_90_length_800_cov_97.879668_1 # 1 # 510 # 1 # ID=90_1;partial=10;start_type=Edge;rbs_motif=None;rbs_spacer=None;gc_cont=0.537,91.1,306,194,9.10e-107,170,27,194,1,168,mobileOG_000734678,NA:Keyword,A0A0N9NQY2,transfer,NA,Plasmid RefSeq,Keyword Search,NODE_90_length_800_cov_97.879668_1, 1 # 510 # 1 , 1,510,1 ,90_1,90,1,10,Edge,None,None,0.537,NODE_90_length_800_cov_97.879668,mobileOG_000734678_NODE_90_length_800_cov_97.879668
225,mobileOG_000754235|NA:Keyword|WP_038601426.1|transfer|NA|Multiple|Keyword Search,NODE_90_length_800_cov_97.879668_1 # 1 # 510 # 1 # ID=90_1;partial=10;start_type=Edge;rbs_motif=None;rbs_spacer=None;gc_cont=0.537,91.7,306,206,9.71e-107,170,39,206,2,169,mobileOG_000754235,NA:Keyword,WP_038601426.1,transfer,NA,Multiple,Keyword Search,NODE_90_length_800_cov_97.879668_1, 1 # 510 # 1 , 1,510,1 ,90_1,90,1,10,Edge,None,None,0.537,NODE_90_length_800_cov_97.879668,mobileOG_000754235_NODE_90_length_800_cov_97.879668
226,mobileOG_000734581|NA:Keyword|A0A0N9NL68|transfer|partitioning|Plasmid RefSeq|Keyword Search,NODE_92_length_752_cov_83.848889_1 # 3 # 440 # -1 # ID=92_1;partial=10;start_type=ATG;rbs_motif=GGAG/GAGG;rbs_spacer=5-10bp;gc_cont=0.452,93.8,260,666,2.56e-83,146,1,146,1,146,mobileOG_000734581,NA:Keyword,A0A0N9NL68,transfer,partitioning,Plasmid RefSeq,Keyword Search,NODE_92_length_752_cov_83.848889_1, 3 # 440 # -1 , 3,440,-1 ,92_1,92,1,10,ATG,GGAG/GAGG,5-10bp,0.452,NODE_92_length_752_cov_83.848889,mobileOG_000734581_NODE_92_length_752_cov_83.848889
227,mobileOG_000745748|NA:Keyword|WP_071548940.1|transfer|partitioning|Multiple|Keyword Search,NODE_92_length_752_cov_83.848889_1 # 3 # 440 # -1 # ID=92_1;partial=10;start_type=ATG;rbs_motif=GGAG/GAGG;rbs_spacer=5-10bp;gc_cont=0.452,93.2,259,666,5.07e-83,146,1,146,1,146,mobileOG_000745748,NA:Keyword,WP_071548940.1,transfer,partitioning,Multiple,Keyword Search,NODE_92_length_752_cov_83.848889_1, 3 # 440 # -1 , 3,440,-1 ,92_1,92,1,10,ATG,GGAG/GAGG,5-10bp,0.452,NODE_92_length_752_cov_83.848889,mobileOG_000745748_NODE_92_length_752_cov_83.848889
228,mobileOG_000734581|NA:Keyword|A0A0N9NL68|transfer|partitioning|Plasmid RefSeq|Keyword Search,NODE_93_length_722_cov_206.882171_1 # 3 # 722 # -1 # ID=93_1;partial=11;start_type=Edge;rbs_motif=None;rbs_spacer=None;gc_cont=0.472,95.8,459,666,4.52e-159,240,122,361,1,240,mobileOG_000734581,NA:Keyword,A0A0N9NL68,transfer,partitioning,Plasmid RefSeq,Keyword Search,NODE_93_length_722_cov_206.882171_1, 3 # 722 # -1 , 3,722,-1 ,93_1,93,1,11,Edge,None,None,0.472,NODE_93_length_722_cov_206.882171,mobileOG_000734581_NODE_93_length_722_cov_206.882171
229,mobileOG_000745748|NA:Keyword|WP_071548940.1|transfer|partitioning|Multiple|Keyword Search,NODE_93_length_722_cov_206.882171_1 # 3 # 722 # -1 # ID=93_1;partial=11;start_type=Edge;rbs_motif=None;rbs_spacer=None;gc_cont=0.472,95.4,454,666,4.17e-157,240,122,361,1,240,mobileOG_000745748,NA:Keyword,WP_071548940.1,transfer,partitioning,Multiple,Keyword Search,NODE_93_length_722_cov_206.882171_1, 3 # 722 # -1 , 3,722,-1 ,93_1,93,1,11,Edge,None,None,0.472,NODE_93_length_722_cov_206.882171,mobileOG_000745748_NODE_93_length_722_cov_206.882171
230,mobileOG_000745748|NA:Keyword|WP_071548940.1|transfer|partitioning|Multiple|Keyword Search,NODE_94_length_707_cov_137.838095_1 # 3 # 707 # -1 # ID=94_1;partial=11;start_type=Edge;rbs_motif=None;rbs_spacer=None;gc_cont=0.487,91.5,413,666,4.82e-141,235,337,571,1,235,mobileOG_000745748,NA:Keyword,WP_071548940.1,transfer,partitioning,Multiple,Keyword Search,NODE_94_length_707_cov_137.838095_1, 3 # 707 # -1 , 3,707,-1 ,94_1,94,1,11,Edge,None,None,0.487,NODE_94_length_707_cov_137.838095,mobileOG_000745748_NODE_94_length_707_cov_137.838095
231,mobileOG_000745748|NA:Keyword|WP_071548940.1|transfer|partitioning|Multiple|Keyword Search,NODE_95_length_707_cov_96.873016_1 # 3 # 707 # -1 # ID=95_1;partial=11;start_type=Edge;rbs_motif=None;rbs_spacer=None;gc_cont=0.485,91.1,405,666,4.99e-138,235,337,571,1,235,mobileOG_000745748,NA:Keyword,WP_071548940.1,transfer,partitioning,Multiple,Keyword Search,NODE_95_length_707_cov_96.873016_1, 3 # 707 # -1 , 3,707,-1 ,95_1,95,1,11,Edge,None,None,0.485,NODE_95_length_707_cov_96.873016,mobileOG_000745748_NODE_95_length_707_cov_96.873016
232,mobileOG_000756574|NA:Keyword|WP_038601366.1|transfer|NA|Plasmid RefSeq|Keyword Search,NODE_103_length_572_cov_230.721212_1 # 3 # 572 # -1 # ID=103_1;partial=11;start_type=Edge;rbs_motif=None;rbs_spacer=None;gc_cont=0.475,95.3,367,1708,5.01e-117,190,67,256,1,190,mobileOG_000756574,NA:Keyword,WP_038601366.1,transfer,NA,Plasmid RefSeq,Keyword Search,NODE_103_length_572_cov_230.721212_1, 3 # 572 # -1 , 3,572,-1 ,103_1,103,1,11,Edge,None,None,0.475,NODE_103_length_572_cov_230.721212,mobileOG_000756574_NODE_103_length_572_cov_230.721212
233,mobileOG_000336679|traW|WP_052038319.1|transfer|conjugation|Multiple|Homology,NODE_104_length_542_cov_247.359140_1 # 3 # 248 # -1 # ID=104_1;partial=10;start_type=ATG;rbs_motif=AGGAGG;rbs_spacer=3-4bp;gc_cont=0.500,98.8,169,210,4.46e-54,82,1,82,1,82,mobileOG_000336679,traW,WP_052038319.1,transfer,conjugation,Multiple,Homology,NODE_104_length_542_cov_247.359140_1, 3 # 248 # -1 , 3,248,-1 ,104_1,104,1,10,ATG,AGGAGG,3-4bp,0.500,NODE_104_length_542_cov_247.359140,mobileOG_000336679_NODE_104_length_542_cov_247.359140
234,mobileOG_000291162|traW|A0A0N9NJN0|transfer|conjugation|Plasmid RefSeq|Homology,NODE_104_length_542_cov_247.359140_1 # 3 # 248 # -1 # ID=104_1;partial=10;start_type=ATG;rbs_motif=AGGAGG;rbs_spacer=3-4bp;gc_cont=0.500,93.7,158,207,1.03e-49,82,1,79,4,82,mobileOG_000291162,traW,A0A0N9NJN0,transfer,conjugation,Plasmid RefSeq,Homology,NODE_104_length_542_cov_247.359140_1, 3 # 248 # -1 , 3,248,-1 ,104_1,104,1,10,ATG,AGGAGG,3-4bp,0.500,NODE_104_length_542_cov_247.359140,mobileOG_000291162_NODE_104_length_542_cov_247.359140
235,mobileOG_000352151|trbI|WP_080728235.1|transfer|conjugation|Multiple|Homology,NODE_104_length_542_cov_247.359140_2 # 258 # 542 # -1 # ID=104_2;partial=01;start_type=Edge;rbs_motif=None;rbs_spacer=None;gc_cont=0.509,94.7,175,141,4.66e-57,95,48,141,1,94,mobileOG_000352151,trbI,WP_080728235.1,transfer,conjugation,Multiple,Homology,NODE_104_length_542_cov_247.359140_2, 258 # 542 # -1 , 258,542,-1 ,104_2,104,2,01,Edge,None,None,0.509,NODE_104_length_542_cov_247.359140,mobileOG_000352151_NODE_104_length_542_cov_247.359140
236,mobileOG_000328168|trbI|WP_081364003.1|transfer|conjugation|Multiple|Homology,NODE_104_length_542_cov_247.359140_2 # 258 # 542 # -1 # ID=104_2;partial=01;start_type=Edge;rbs_motif=None;rbs_spacer=None;gc_cont=0.509,94.7,174,141,1.89e-56,95,48,141,1,94,mobileOG_000328168,trbI,WP_081364003.1,transfer,conjugation,Multiple,Homology,NODE_104_length_542_cov_247.359140_2, 258 # 542 # -1 , 258,542,-1 ,104_2,104,2,01,Edge,None,None,0.509,NODE_104_length_542_cov_247.359140,mobileOG_000328168_NODE_104_length_542_cov_247.359140
237,mobileOG_000291053|trbI|A0A0N9MZP4|transfer|conjugation|Plasmid RefSeq|Homology,NODE_104_length_542_cov_247.359140_2 # 258 # 542 # -1 # ID=104_2;partial=01;start_type=Edge;rbs_motif=None;rbs_spacer=None;gc_cont=0.509,90.4,167,141,5.19e-54,95,48,141,1,94,mobileOG_000291053,trbI,A0A0N9MZP4,transfer,conjugation,Plasmid RefSeq,Homology,NODE_104_length_542_cov_247.359140_2, 258 # 542 # -1 , 258,542,-1 ,104_2,104,2,01,Edge,None,None,0.509,NODE_104_length_542_cov_247.359140,mobileOG_000291053_NODE_104_length_542_cov_247.359140
238,mobileOG_000334353|traW|WP_071548964.1|transfer|conjugation|Multiple|Homology,NODE_105_length_521_cov_142.815315_2 # 60 # 521 # -1 # ID=105_2;partial=01;start_type=Edge;rbs_motif=None;rbs_spacer=None;gc_cont=0.513,94.7,298,209,1.26e-103,154,58,209,1,152,mobileOG_000334353,traW,WP_071548964.1,transfer,conjugation,Multiple,Homology,NODE_105_length_521_cov_142.815315_2, 60 # 521 # -1 , 60,521,-1 ,105_2,105,2,01,Edge,None,None,0.513,NODE_105_length_521_cov_142.815315,mobileOG_000334353_NODE_105_length_521_cov_142.815315
239,mobileOG_000291162|traW|A0A0N9NJN0|transfer|conjugation|Plasmid RefSeq|Homology,NODE_105_length_521_cov_142.815315_2 # 60 # 521 # -1 # ID=105_2;partial=01;start_type=Edge;rbs_motif=None;rbs_spacer=None;gc_cont=0.513,93.5,297,207,2.38e-103,154,55,207,1,153,mobileOG_000291162,traW,A0A0N9NJN0,transfer,conjugation,Plasmid RefSeq,Homology,NODE_105_length_521_cov_142.815315_2, 60 # 521 # -1 , 60,521,-1 ,105_2,105,2,01,Edge,None,None,0.513,NODE_105_length_521_cov_142.815315,mobileOG_000291162_NODE_105_length_521_cov_142.815315
240,mobileOG_000336679|traW|WP_052038319.1|transfer|conjugation|Multiple|Homology,NODE_105_length_521_cov_142.815315_2 # 60 # 521 # -1 # ID=105_2;partial=01;start_type=Edge;rbs_motif=None;rbs_spacer=None;gc_cont=0.513,93.5,296,210,1.07e-102,154,58,210,1,153,mobileOG_000336679,traW,WP_052038319.1,transfer,conjugation,Multiple,Homology,NODE_105_length_521_cov_142.815315_2, 60 # 521 # -1 , 60,521,-1 ,105_2,105,2,01,Edge,None,None,0.513,NODE_105_length_521_cov_142.815315,mobileOG_000336679_NODE_105_length_521_cov_142.815315
241,mobileOG_000291162|traW|A0A0N9NJN0|transfer|conjugation|Plasmid RefSeq|Homology,NODE_106_length_521_cov_97.617117_2 # 60 # 521 # -1 # ID=106_2;partial=01;start_type=Edge;rbs_motif=None;rbs_spacer=None;gc_cont=0.522,95.4,302,207,2.48e-105,154,55,207,1,153,mobileOG_000291162,traW,A0A0N9NJN0,transfer,conjugation,Plasmid RefSeq,Homology,NODE_106_length_521_cov_97.617117_2, 60 # 521 # -1 , 60,521,-1 ,106_2,106,2,01,Edge,None,None,0.522,NODE_106_length_521_cov_97.617117,mobileOG_000291162_NODE_106_length_521_cov_97.617117
242,mobileOG_000334353|traW|WP_071548964.1|transfer|conjugation|Multiple|Homology,NODE_106_length_521_cov_97.617117_2 # 60 # 521 # -1 # ID=106_2;partial=01;start_type=Edge;rbs_motif=None;rbs_spacer=None;gc_cont=0.522,95.4,301,209,1.08e-104,154,58,209,1,152,mobileOG_000334353,traW,WP_071548964.1,transfer,conjugation,Multiple,Homology,NODE_106_length_521_cov_97.617117_2, 60 # 521 # -1 , 60,521,-1 ,106_2,106,2,01,Edge,None,None,0.522,NODE_106_length_521_cov_97.617117,mobileOG_000334353_NODE_106_length_521_cov_97.617117
243,mobileOG_000336679|traW|WP_052038319.1|transfer|conjugation|Multiple|Homology,NODE_106_length_521_cov_97.617117_2 # 60 # 521 # -1 # ID=106_2;partial=01;start_type=Edge;rbs_motif=None;rbs_spacer=None;gc_cont=0.522,94.8,299,210,4.56e-104,154,58,210,1,153,mobileOG_000336679,traW,WP_052038319.1,transfer,conjugation,Multiple,Homology,NODE_106_length_521_cov_97.617117_2, 60 # 521 # -1 , 60,521,-1 ,106_2,106,2,01,Edge,None,None,0.522,NODE_106_length_521_cov_97.617117,mobileOG_000336679_NODE_106_length_521_cov_97.617117
244,mobileOG_000734579|NA:Keyword|A0A0N9NKZ9|transfer|NA|Plasmid RefSeq|Keyword Search,NODE_111_length_476_cov_119.095238_1 # 1 # 474 # 1 # ID=111_1;partial=11;start_type=Edge;rbs_motif=None;rbs_spacer=None;gc_cont=0.538,93.0,274,897,1.92e-86,158,431,587,1,157,mobileOG_000734579,NA:Keyword,A0A0N9NKZ9,transfer,NA,Plasmid RefSeq,Keyword Search,NODE_111_length_476_cov_119.095238_1, 1 # 474 # 1 , 1,474,1 ,111_1,111,1,11,Edge,None,None,0.538,NODE_111_length_476_cov_119.095238,mobileOG_000734579_NODE_111_length_476_cov_119.095238
245,mobileOG_000410567|NA:Keyword|WP_038601366.1|transfer|NA|COMPASS|Keyword Search,NODE_111_length_476_cov_119.095238_1 # 1 # 474 # 1 # ID=111_1;partial=11;start_type=Edge;rbs_motif=None;rbs_spacer=None;gc_cont=0.538,92.4,275,1404,4.49e-85,158,125,282,1,158,mobileOG_000410567,NA:Keyword,WP_038601366.1,transfer,NA,COMPASS,Keyword Search,NODE_111_length_476_cov_119.095238_1, 1 # 474 # 1 , 1,474,1 ,111_1,111,1,11,Edge,None,None,0.538,NODE_111_length_476_cov_119.095238,mobileOG_000410567_NODE_111_length_476_cov_119.095238
246,mobileOG_000756574|NA:Keyword|WP_038601366.1|transfer|NA|Plasmid RefSeq|Keyword Search,NODE_111_length_476_cov_119.095238_1 # 1 # 474 # 1 # ID=111_1;partial=11;start_type=Edge;rbs_motif=None;rbs_spacer=None;gc_cont=0.538,92.4,275,1708,5.97e-85,158,429,586,1,158,mobileOG_000756574,NA:Keyword,WP_038601366.1,transfer,NA,Plasmid RefSeq,Keyword Search,NODE_111_length_476_cov_119.095238_1, 1 # 474 # 1 , 1,474,1 ,111_1,111,1,11,Edge,None,None,0.538,NODE_111_length_476_cov_119.095238,mobileOG_000756574_NODE_111_length_476_cov_119.095238
247,mobileOG_000745748|NA:Keyword|WP_071548940.1|transfer|partitioning|Multiple|Keyword Search,NODE_115_length_426_cov_197.670487_1 # 1 # 363 # 1 # ID=115_1;partial=10;start_type=Edge;rbs_motif=None;rbs_spacer=None;gc_cont=0.482,93.3,233,666,1.96e-73,121,547,666,1,120,mobileOG_000745748,NA:Keyword,WP_071548940.1,transfer,partitioning,Multiple,Keyword Search,NODE_115_length_426_cov_197.670487_1, 1 # 363 # 1 , 1,363,1 ,115_1,115,1,10,Edge,None,None,0.482,NODE_115_length_426_cov_197.670487,mobileOG_000745748_NODE_115_length_426_cov_197.670487
248,mobileOG_000734581|NA:Keyword|A0A0N9NL68|transfer|partitioning|Plasmid RefSeq|Keyword Search,NODE_115_length_426_cov_197.670487_1 # 1 # 363 # 1 # ID=115_1;partial=10;start_type=Edge;rbs_motif=None;rbs_spacer=None;gc_cont=0.482,91.7,230,666,2.94e-72,121,547,666,1,120,mobileOG_000734581,NA:Keyword,A0A0N9NL68,transfer,partitioning,Plasmid RefSeq,Keyword Search,NODE_115_length_426_cov_197.670487_1, 1 # 363 # 1 , 1,363,1 ,115_1,115,1,10,Edge,None,None,0.482,NODE_115_length_426_cov_197.670487,mobileOG_000734581_NODE_115_length_426_cov_197.670487
249,mobileOG_000734579|NA:Keyword|A0A0N9NKZ9|transfer|NA|Plasmid RefSeq|Keyword Search,NODE_116_length_425_cov_101.017241_1 # 1 # 423 # 1 # ID=116_1;partial=11;start_type=Edge;rbs_motif=None;rbs_spacer=None;gc_cont=0.522,97.2,270,897,1.94e-85,141,567,707,1,141,mobileOG_000734579,NA:Keyword,A0A0N9NKZ9,transfer,NA,Plasmid RefSeq,Keyword Search,NODE_116_length_425_cov_101.017241_1, 1 # 423 # 1 , 1,423,1 ,116_1,116,1,11,Edge,None,None,0.522,NODE_116_length_425_cov_101.017241,mobileOG_000734579_NODE_116_length_425_cov_101.017241
250,mobileOG_000410567|NA:Keyword|WP_038601366.1|transfer|NA|COMPASS|Keyword Search,NODE_116_length_425_cov_101.017241_1 # 1 # 423 # 1 # ID=116_1;partial=11;start_type=Edge;rbs_motif=None;rbs_spacer=None;gc_cont=0.522,96.5,270,1404,1.83e-83,141,261,401,1,141,mobileOG_000410567,NA:Keyword,WP_038601366.1,transfer,NA,COMPASS,Keyword Search,NODE_116_length_425_cov_101.017241_1, 1 # 423 # 1 , 1,423,1 ,116_1,116,1,11,Edge,None,None,0.522,NODE_116_length_425_cov_101.017241,mobileOG_000410567_NODE_116_length_425_cov_101.017241
251,mobileOG_000756574|NA:Keyword|WP_038601366.1|transfer|NA|Plasmid RefSeq|Keyword Search,NODE_116_length_425_cov_101.017241_1 # 1 # 423 # 1 # ID=116_1;partial=11;start_type=Edge;rbs_motif=None;rbs_spacer=None;gc_cont=0.522,96.5,270,1708,2.28e-83,141,565,705,1,141,mobileOG_000756574,NA:Keyword,WP_038601366.1,transfer,NA,Plasmid RefSeq,Keyword Search,NODE_116_length_425_cov_101.017241_1, 1 # 423 # 1 , 1,423,1 ,116_1,116,1,11,Edge,None,None,0.522,NODE_116_length_425_cov_101.017241,mobileOG_000756574_NODE_116_length_425_cov_101.017241
252,mobileOG_000734579|NA:Keyword|A0A0N9NKZ9|transfer|NA|Plasmid RefSeq|Keyword Search,NODE_117_length_420_cov_266.545190_1 # 3 # 419 # -1 # ID=117_1;partial=11;start_type=Edge;rbs_motif=None;rbs_spacer=None;gc_cont=0.511,95.7,249,897,1.54e-77,139,317,455,1,139,mobileOG_000734579,NA:Keyword,A0A0N9NKZ9,transfer,NA,Plasmid RefSeq,Keyword Search,NODE_117_length_420_cov_266.545190_1, 3 # 419 # -1 , 3,419,-1 ,117_1,117,1,11,Edge,None,None,0.511,NODE_117_length_420_cov_266.545190,mobileOG_000734579_NODE_117_length_420_cov_266.545190
253,mobileOG_000410567|NA:Keyword|WP_038601366.1|transfer|NA|COMPASS|Keyword Search,NODE_117_length_420_cov_266.545190_1 # 3 # 419 # -1 # ID=117_1;partial=11;start_type=Edge;rbs_motif=None;rbs_spacer=None;gc_cont=0.511,95.0,248,1404,9.25e-76,139,11,149,1,139,mobileOG_000410567,NA:Keyword,WP_038601366.1,transfer,NA,COMPASS,Keyword Search,NODE_117_length_420_cov_266.545190_1, 3 # 419 # -1 , 3,419,-1 ,117_1,117,1,11,Edge,None,None,0.511,NODE_117_length_420_cov_266.545190,mobileOG_000410567_NODE_117_length_420_cov_266.545190
254,mobileOG_000756574|NA:Keyword|WP_038601366.1|transfer|NA|Plasmid RefSeq|Keyword Search,NODE_117_length_420_cov_266.545190_1 # 3 # 419 # -1 # ID=117_1;partial=11;start_type=Edge;rbs_motif=None;rbs_spacer=None;gc_cont=0.511,95.0,248,1708,9.92e-76,139,315,453,1,139,mobileOG_000756574,NA:Keyword,WP_038601366.1,transfer,NA,Plasmid RefSeq,Keyword Search,NODE_117_length_420_cov_266.545190_1, 3 # 419 # -1 , 3,419,-1 ,117_1,117,1,11,Edge,None,None,0.511,NODE_117_length_420_cov_266.545190,mobileOG_000756574_NODE_117_length_420_cov_266.545190
255,mobileOG_000756574|NA:Keyword|WP_038601366.1|transfer|NA|Plasmid RefSeq|Keyword Search,NODE_131_length_325_cov_150.528226_1 # 2 # 325 # -1 # ID=131_1;partial=11;start_type=Edge;rbs_motif=None;rbs_spacer=None;gc_cont=0.540,91.7,190,1708,3.21e-56,108,232,339,1,108,mobileOG_000756574,NA:Keyword,WP_038601366.1,transfer,NA,Plasmid RefSeq,Keyword Search,NODE_131_length_325_cov_150.528226_1, 2 # 325 # -1 , 2,325,-1 ,131_1,131,1,11,Edge,None,None,0.540,NODE_131_length_325_cov_150.528226,mobileOG_000756574_NODE_131_length_325_cov_150.528226
256,mobileOG_000756574|NA:Keyword|WP_038601366.1|transfer|NA|Plasmid RefSeq|Keyword Search,NODE_132_length_325_cov_103.270161_1 # 1 # 324 # 1 # ID=132_1;partial=11;start_type=Edge;rbs_motif=None;rbs_spacer=None;gc_cont=0.543,90.7,186,1708,9.74e-55,108,232,339,1,108,mobileOG_000756574,NA:Keyword,WP_038601366.1,transfer,NA,Plasmid RefSeq,Keyword Search,NODE_132_length_325_cov_103.270161_1, 1 # 324 # 1 , 1,324,1 ,132_1,132,1,11,Edge,None,None,0.543,NODE_132_length_325_cov_103.270161,mobileOG_000756574_NODE_132_length_325_cov_103.270161
