,Sequence Title,Query Title,Pident,Bitscore,Subject Sequence Length,e-value,Query Sequence Length,Start of Alignment in Subject,End of Alignment in Query,Start of Alignment in Query,End of Alignment in Query,mobileOG ID,Gene Name,Best Hit Accession ID,Major mobileOG Category,Minor mobileOG Category,Source Database,Evidence Type,Contig/ORF Name,ORF_Start_Stop_Strands,ORF_Start,ORF_End,Sense or Antisense Strand,Prodigal ID,Prodigal Designated Contigs,Unique_ORF,Partial Tag,Start Codon,RBS Motif,RBS Spacer,GC Content,Specific Contig,Final Sample Name
0,mobileOG_000740027|NA:Keyword|A0A316C947|transfer|NA|Plasmid RefSeq|Keyword Search,NODE_1_length_739445_cov_63.653692_516 # 547557 # 548810 # 1 # ID=1_516;partial=00;start_type=ATG;rbs_motif=GGxGG;rbs_spacer=5-10bp;gc_cont=0.582,90.9,788,417,1.12e-289,418,1,417,1,417,mobileOG_000740027,NA:Keyword,A0A316C947,transfer,NA,Plasmid RefSeq,Keyword Search,NODE_1_length_739445_cov_63.653692_516, 547557 # 548810 # 1 , 547557,548810,1 ,1_516,1,516,00,ATG,GGxGG,5-10bp,0.582,NODE_1_length_739445_cov_63.653692,mobileOG_000740027_NODE_1_length_739445_cov_63.653692
1,mobileOG_000326214|NGR_a01930|WP_035201313.1|integration/excision|NA|Plasmid RefSeq|Homology,NODE_2_length_367113_cov_57.467614_52 # 54413 # 55534 # 1 # ID=2_52;partial=00;start_type=ATG;rbs_motif=AGGAG/GGAGG;rbs_spacer=11-12bp;gc_cont=0.553,96.0,708,373,2.58e-259,374,1,373,1,373,mobileOG_000326214,NGR_a01930,WP_035201313.1,integration/excision,NA,Plasmid RefSeq,Homology,NODE_2_length_367113_cov_57.467614_52, 54413 # 55534 # 1 , 54413,55534,1 ,2_52,2,52,00,ATG,AGGAG/GGAGG,11-12bp,0.553,NODE_2_length_367113_cov_57.467614,mobileOG_000326214_NODE_2_length_367113_cov_57.467614
2,mobileOG_000328762|tnpB|WP_037069001.1|integration/excision|NA|Multiple|Homology,NODE_2_length_367113_cov_57.467614_54 # 57254 # 57601 # -1 # ID=2_54;partial=00;start_type=ATG;rbs_motif=GGA/GAG/AGG;rbs_spacer=5-10bp;gc_cont=0.575,93.9,233,115,9.09e-80,116,1,115,1,115,mobileOG_000328762,tnpB,WP_037069001.1,integration/excision,NA,Multiple,Homology,NODE_2_length_367113_cov_57.467614_54, 57254 # 57601 # -1 , 57254,57601,-1 ,2_54,2,54,00,ATG,GGA/GAG/AGG,5-10bp,0.575,NODE_2_length_367113_cov_57.467614,mobileOG_000328762_NODE_2_length_367113_cov_57.467614
3,mobileOG_000074626|tnpB|WP_012478058.1|integration/excision|NA|Multiple|Homology,NODE_2_length_367113_cov_57.467614_54 # 57254 # 57601 # -1 # ID=2_54;partial=00;start_type=ATG;rbs_motif=GGA/GAG/AGG;rbs_spacer=5-10bp;gc_cont=0.575,93.0,232,115,1.29e-79,116,1,115,1,115,mobileOG_000074626,tnpB,WP_012478058.1,integration/excision,NA,Multiple,Homology,NODE_2_length_367113_cov_57.467614_54, 57254 # 57601 # -1 , 57254,57601,-1 ,2_54,2,54,00,ATG,GGA/GAG/AGG,5-10bp,0.575,NODE_2_length_367113_cov_57.467614,mobileOG_000074626_NODE_2_length_367113_cov_57.467614
4,mobileOG_000332120|tnpB|WP_069710366.1|integration/excision|NA|Multiple|Homology,NODE_2_length_367113_cov_57.467614_54 # 57254 # 57601 # -1 # ID=2_54;partial=00;start_type=ATG;rbs_motif=GGA/GAG/AGG;rbs_spacer=5-10bp;gc_cont=0.575,93.0,232,115,1.29e-79,116,1,115,1,115,mobileOG_000332120,tnpB,WP_069710366.1,integration/excision,NA,Multiple,Homology,NODE_2_length_367113_cov_57.467614_54, 57254 # 57601 # -1 , 57254,57601,-1 ,2_54,2,54,00,ATG,GGA/GAG/AGG,5-10bp,0.575,NODE_2_length_367113_cov_57.467614,mobileOG_000332120_NODE_2_length_367113_cov_57.467614
5,mobileOG_000325122|tnpB|WP_006314921.1|integration/excision|NA|Plasmid RefSeq|Homology,NODE_2_length_367113_cov_57.467614_54 # 57254 # 57601 # -1 # ID=2_54;partial=00;start_type=ATG;rbs_motif=GGA/GAG/AGG;rbs_spacer=5-10bp;gc_cont=0.575,92.2,232,115,1.83e-79,116,1,115,1,115,mobileOG_000325122,tnpB,WP_006314921.1,integration/excision,NA,Plasmid RefSeq,Homology,NODE_2_length_367113_cov_57.467614_54, 57254 # 57601 # -1 , 57254,57601,-1 ,2_54,2,54,00,ATG,GGA/GAG/AGG,5-10bp,0.575,NODE_2_length_367113_cov_57.467614,mobileOG_000325122_NODE_2_length_367113_cov_57.467614
6,mobileOG_000330098|tnpB|WP_007636277.1|integration/excision|NA|Plasmid RefSeq|Homology,NODE_2_length_367113_cov_57.467614_54 # 57254 # 57601 # -1 # ID=2_54;partial=00;start_type=ATG;rbs_motif=GGA/GAG/AGG;rbs_spacer=5-10bp;gc_cont=0.575,93.0,232,115,1.83e-79,116,1,115,1,115,mobileOG_000330098,tnpB,WP_007636277.1,integration/excision,NA,Plasmid RefSeq,Homology,NODE_2_length_367113_cov_57.467614_54, 57254 # 57601 # -1 , 57254,57601,-1 ,2_54,2,54,00,ATG,GGA/GAG/AGG,5-10bp,0.575,NODE_2_length_367113_cov_57.467614,mobileOG_000330098_NODE_2_length_367113_cov_57.467614
7,mobileOG_000037914|tnpB|WP_011971016.1|integration/excision|NA|Multiple|Homology,NODE_2_length_367113_cov_57.467614_54 # 57254 # 57601 # -1 # ID=2_54;partial=00;start_type=ATG;rbs_motif=GGA/GAG/AGG;rbs_spacer=5-10bp;gc_cont=0.575,93.0,231,115,2.61e-79,116,1,115,1,115,mobileOG_000037914,tnpB,WP_011971016.1,integration/excision,NA,Multiple,Homology,NODE_2_length_367113_cov_57.467614_54, 57254 # 57601 # -1 , 57254,57601,-1 ,2_54,2,54,00,ATG,GGA/GAG/AGG,5-10bp,0.575,NODE_2_length_367113_cov_57.467614,mobileOG_000037914_NODE_2_length_367113_cov_57.467614
8,mobileOG_000035188|tnpB|WP_009996986.1|integration/excision|NA|Multiple|Homology,NODE_2_length_367113_cov_57.467614_54 # 57254 # 57601 # -1 # ID=2_54;partial=00;start_type=ATG;rbs_motif=GGA/GAG/AGG;rbs_spacer=5-10bp;gc_cont=0.575,92.2,231,115,3.70e-79,116,1,115,1,115,mobileOG_000035188,tnpB,WP_009996986.1,integration/excision,NA,Multiple,Homology,NODE_2_length_367113_cov_57.467614_54, 57254 # 57601 # -1 , 57254,57601,-1 ,2_54,2,54,00,ATG,GGA/GAG/AGG,5-10bp,0.575,NODE_2_length_367113_cov_57.467614,mobileOG_000035188_NODE_2_length_367113_cov_57.467614
9,mobileOG_000331878|tnpB|WP_006204819.1|integration/excision|NA|Multiple|Homology,NODE_2_length_367113_cov_57.467614_54 # 57254 # 57601 # -1 # ID=2_54;partial=00;start_type=ATG;rbs_motif=GGA/GAG/AGG;rbs_spacer=5-10bp;gc_cont=0.575,93.0,231,115,3.70e-79,116,1,115,1,115,mobileOG_000331878,tnpB,WP_006204819.1,integration/excision,NA,Multiple,Homology,NODE_2_length_367113_cov_57.467614_54, 57254 # 57601 # -1 , 57254,57601,-1 ,2_54,2,54,00,ATG,GGA/GAG/AGG,5-10bp,0.575,NODE_2_length_367113_cov_57.467614,mobileOG_000331878_NODE_2_length_367113_cov_57.467614
10,mobileOG_000332521|tnpB|WP_104825761.1|integration/excision|NA|Multiple|Homology,NODE_2_length_367113_cov_57.467614_54 # 57254 # 57601 # -1 # ID=2_54;partial=00;start_type=ATG;rbs_motif=GGA/GAG/AGG;rbs_spacer=5-10bp;gc_cont=0.575,93.0,231,115,3.70e-79,116,1,115,1,115,mobileOG_000332521,tnpB,WP_104825761.1,integration/excision,NA,Multiple,Homology,NODE_2_length_367113_cov_57.467614_54, 57254 # 57601 # -1 , 57254,57601,-1 ,2_54,2,54,00,ATG,GGA/GAG/AGG,5-10bp,0.575,NODE_2_length_367113_cov_57.467614,mobileOG_000332521_NODE_2_length_367113_cov_57.467614
11,mobileOG_000046208|tnpB|WP_105009804.1|integration/excision|NA|Multiple|Homology,NODE_2_length_367113_cov_57.467614_54 # 57254 # 57601 # -1 # ID=2_54;partial=00;start_type=ATG;rbs_motif=GGA/GAG/AGG;rbs_spacer=5-10bp;gc_cont=0.575,92.2,231,115,5.26e-79,116,1,115,1,115,mobileOG_000046208,tnpB,WP_105009804.1,integration/excision,NA,Multiple,Homology,NODE_2_length_367113_cov_57.467614_54, 57254 # 57601 # -1 , 57254,57601,-1 ,2_54,2,54,00,ATG,GGA/GAG/AGG,5-10bp,0.575,NODE_2_length_367113_cov_57.467614,mobileOG_000046208_NODE_2_length_367113_cov_57.467614
12,mobileOG_000328729|tnpB|WP_003577159.1|integration/excision|NA|Multiple|Homology,NODE_2_length_367113_cov_57.467614_54 # 57254 # 57601 # -1 # ID=2_54;partial=00;start_type=ATG;rbs_motif=GGA/GAG/AGG;rbs_spacer=5-10bp;gc_cont=0.575,92.2,230,115,1.06e-78,116,1,115,1,115,mobileOG_000328729,tnpB,WP_003577159.1,integration/excision,NA,Multiple,Homology,NODE_2_length_367113_cov_57.467614_54, 57254 # 57601 # -1 , 57254,57601,-1 ,2_54,2,54,00,ATG,GGA/GAG/AGG,5-10bp,0.575,NODE_2_length_367113_cov_57.467614,mobileOG_000328729_NODE_2_length_367113_cov_57.467614
13,mobileOG_000350792|tnpB|WP_137409396.1|integration/excision|NA|Plasmid RefSeq|Homology,NODE_2_length_367113_cov_57.467614_54 # 57254 # 57601 # -1 # ID=2_54;partial=00;start_type=ATG;rbs_motif=GGA/GAG/AGG;rbs_spacer=5-10bp;gc_cont=0.575,92.2,229,115,1.51e-78,116,1,115,1,115,mobileOG_000350792,tnpB,WP_137409396.1,integration/excision,NA,Plasmid RefSeq,Homology,NODE_2_length_367113_cov_57.467614_54, 57254 # 57601 # -1 , 57254,57601,-1 ,2_54,2,54,00,ATG,GGA/GAG/AGG,5-10bp,0.575,NODE_2_length_367113_cov_57.467614,mobileOG_000350792_NODE_2_length_367113_cov_57.467614
14,mobileOG_000365216|tnpB|WP_060530558.1|integration/excision|NA|Plasmid RefSeq|Homology,NODE_2_length_367113_cov_57.467614_54 # 57254 # 57601 # -1 # ID=2_54;partial=00;start_type=ATG;rbs_motif=GGA/GAG/AGG;rbs_spacer=5-10bp;gc_cont=0.575,91.3,229,115,2.15e-78,116,1,115,1,115,mobileOG_000365216,tnpB,WP_060530558.1,integration/excision,NA,Plasmid RefSeq,Homology,NODE_2_length_367113_cov_57.467614_54, 57254 # 57601 # -1 , 57254,57601,-1 ,2_54,2,54,00,ATG,GGA/GAG/AGG,5-10bp,0.575,NODE_2_length_367113_cov_57.467614,mobileOG_000365216_NODE_2_length_367113_cov_57.467614
15,mobileOG_000331167|tnpB|WP_014528045.1|integration/excision|NA|Multiple|Homology,NODE_2_length_367113_cov_57.467614_54 # 57254 # 57601 # -1 # ID=2_54;partial=00;start_type=ATG;rbs_motif=GGA/GAG/AGG;rbs_spacer=5-10bp;gc_cont=0.575,92.2,229,115,3.05e-78,116,1,115,1,115,mobileOG_000331167,tnpB,WP_014528045.1,integration/excision,NA,Multiple,Homology,NODE_2_length_367113_cov_57.467614_54, 57254 # 57601 # -1 , 57254,57601,-1 ,2_54,2,54,00,ATG,GGA/GAG/AGG,5-10bp,0.575,NODE_2_length_367113_cov_57.467614,mobileOG_000331167_NODE_2_length_367113_cov_57.467614
16,mobileOG_000332064|tnpB|WP_010069755.1|integration/excision|NA|Multiple|Homology,NODE_2_length_367113_cov_57.467614_54 # 57254 # 57601 # -1 # ID=2_54;partial=00;start_type=ATG;rbs_motif=GGA/GAG/AGG;rbs_spacer=5-10bp;gc_cont=0.575,92.2,228,115,4.33e-78,116,1,115,1,115,mobileOG_000332064,tnpB,WP_010069755.1,integration/excision,NA,Multiple,Homology,NODE_2_length_367113_cov_57.467614_54, 57254 # 57601 # -1 , 57254,57601,-1 ,2_54,2,54,00,ATG,GGA/GAG/AGG,5-10bp,0.575,NODE_2_length_367113_cov_57.467614,mobileOG_000332064_NODE_2_length_367113_cov_57.467614
17,mobileOG_000402216|NA:Keyword|A0A0D5A0N6|integration/excision|NA|COMPASS|Keyword Search,NODE_5_length_252645_cov_54.994089_33 # 30159 # 30716 # -1 # ID=5_33;partial=00;start_type=ATG;rbs_motif=GGA/GAG/AGG;rbs_spacer=5-10bp;gc_cont=0.545,98.9,379,185,2.77e-135,186,1,185,1,185,mobileOG_000402216,NA:Keyword,A0A0D5A0N6,integration/excision,NA,COMPASS,Keyword Search,NODE_5_length_252645_cov_54.994089_33, 30159 # 30716 # -1 , 30159,30716,-1 ,5_33,5,33,00,ATG,GGA/GAG/AGG,5-10bp,0.545,NODE_5_length_252645_cov_54.994089,mobileOG_000402216_NODE_5_length_252645_cov_54.994089
18,mobileOG_000734646|NA:Keyword|A0A5Q0T1K5|integration/excision|NA|Plasmid RefSeq|Keyword Search,NODE_5_length_252645_cov_54.994089_33 # 30159 # 30716 # -1 # ID=5_33;partial=00;start_type=ATG;rbs_motif=GGA/GAG/AGG;rbs_spacer=5-10bp;gc_cont=0.545,98.9,379,315,2.73e-133,186,131,315,1,185,mobileOG_000734646,NA:Keyword,A0A5Q0T1K5,integration/excision,NA,Plasmid RefSeq,Keyword Search,NODE_5_length_252645_cov_54.994089_33, 30159 # 30716 # -1 , 30159,30716,-1 ,5_33,5,33,00,ATG,GGA/GAG/AGG,5-10bp,0.545,NODE_5_length_252645_cov_54.994089,mobileOG_000734646_NODE_5_length_252645_cov_54.994089
19,mobileOG_000402215|NA:Keyword|A0A0D5A191|integration/excision|NA|COMPASS|Keyword Search,NODE_5_length_252645_cov_54.994089_34 # 30743 # 31105 # -1 # ID=5_34;partial=00;start_type=ATG;rbs_motif=GGAGG;rbs_spacer=5-10bp;gc_cont=0.570,96.7,225,120,1.04e-76,121,1,120,1,120,mobileOG_000402215,NA:Keyword,A0A0D5A191,integration/excision,NA,COMPASS,Keyword Search,NODE_5_length_252645_cov_54.994089_34, 30743 # 31105 # -1 , 30743,31105,-1 ,5_34,5,34,00,ATG,GGAGG,5-10bp,0.570,NODE_5_length_252645_cov_54.994089,mobileOG_000402215_NODE_5_length_252645_cov_54.994089
20,mobileOG_000734646|NA:Keyword|A0A5Q0T1K5|integration/excision|NA|Plasmid RefSeq|Keyword Search,NODE_5_length_252645_cov_54.994089_34 # 30743 # 31105 # -1 # ID=5_34;partial=00;start_type=ATG;rbs_motif=GGAGG;rbs_spacer=5-10bp;gc_cont=0.570,95.7,218,315,5.84e-71,121,1,116,1,116,mobileOG_000734646,NA:Keyword,A0A5Q0T1K5,integration/excision,NA,Plasmid RefSeq,Keyword Search,NODE_5_length_252645_cov_54.994089_34, 30743 # 31105 # -1 , 30743,31105,-1 ,5_34,5,34,00,ATG,GGAGG,5-10bp,0.570,NODE_5_length_252645_cov_54.994089,mobileOG_000734646_NODE_5_length_252645_cov_54.994089
21,mobileOG_000297284|oppF|D0RE81|transfer|competence|Plasmid RefSeq|Homology,NODE_5_length_252645_cov_54.994089_97 # 93479 # 94465 # -1 # ID=5_97;partial=00;start_type=ATG;rbs_motif=GGAG/GAGG;rbs_spacer=5-10bp;gc_cont=0.548,92.7,577,320,5.42e-209,329,1,313,1,313,mobileOG_000297284,oppF,D0RE81,transfer,competence,Plasmid RefSeq,Homology,NODE_5_length_252645_cov_54.994089_97, 93479 # 94465 # -1 , 93479,94465,-1 ,5_97,5,97,00,ATG,GGAG/GAGG,5-10bp,0.548,NODE_5_length_252645_cov_54.994089,mobileOG_000297284_NODE_5_length_252645_cov_54.994089
22,mobileOG_000731391|NA:Keyword|WP_012477959.1|integration/excision|NA|Multiple|Keyword Search,NODE_9_length_154051_cov_56.939334_1 # 1 # 159 # 1 # ID=9_1;partial=10;start_type=Edge;rbs_motif=None;rbs_spacer=None;gc_cont=0.572,96.2,108,528,1.68e-28,53,477,528,1,52,mobileOG_000731391,NA:Keyword,WP_012477959.1,integration/excision,NA,Multiple,Keyword Search,NODE_9_length_154051_cov_56.939334_1, 1 # 159 # 1 , 1,159,1 ,9_1,9,1,10,Edge,None,None,0.572,NODE_9_length_154051_cov_56.939334,mobileOG_000731391_NODE_9_length_154051_cov_56.939334
23,mobileOG_000401795|NA:Keyword|A0A5Q5F7P2|stability/transfer/defense|NA|COMPASS|Keyword Search,NODE_9_length_154051_cov_56.939334_1 # 1 # 159 # 1 # ID=9_1;partial=10;start_type=Edge;rbs_motif=None;rbs_spacer=None;gc_cont=0.572,90.2,100,132,4.13e-28,53,80,130,1,51,mobileOG_000401795,NA:Keyword,A0A5Q5F7P2,stability/transfer/defense,NA,COMPASS,Keyword Search,NODE_9_length_154051_cov_56.939334_1, 1 # 159 # 1 , 1,159,1 ,9_1,9,1,10,Edge,None,None,0.572,NODE_9_length_154051_cov_56.939334,mobileOG_000401795_NODE_9_length_154051_cov_56.939334
24,mobileOG_000404713|NA:Keyword|Q1M826|integration/excision|NA|COMPASS|Keyword Search,NODE_9_length_154051_cov_56.939334_1 # 1 # 159 # 1 # ID=9_1;partial=10;start_type=Edge;rbs_motif=None;rbs_spacer=None;gc_cont=0.572,94.1,103,397,4.53e-27,53,346,396,1,51,mobileOG_000404713,NA:Keyword,Q1M826,integration/excision,NA,COMPASS,Keyword Search,NODE_9_length_154051_cov_56.939334_1, 1 # 159 # 1 , 1,159,1 ,9_1,9,1,10,Edge,None,None,0.572,NODE_9_length_154051_cov_56.939334,mobileOG_000404713_NODE_9_length_154051_cov_56.939334
25,mobileOG_000754118|NA:Keyword|WP_130666570.1|integration/excision|NA|Plasmid RefSeq|Keyword Search,NODE_9_length_154051_cov_56.939334_1 # 1 # 159 # 1 # ID=9_1;partial=10;start_type=Edge;rbs_motif=None;rbs_spacer=None;gc_cont=0.572,94.1,103,528,5.61e-27,53,477,527,1,51,mobileOG_000754118,NA:Keyword,WP_130666570.1,integration/excision,NA,Plasmid RefSeq,Keyword Search,NODE_9_length_154051_cov_56.939334_1, 1 # 159 # 1 , 1,159,1 ,9_1,9,1,10,Edge,None,None,0.572,NODE_9_length_154051_cov_56.939334,mobileOG_000754118_NODE_9_length_154051_cov_56.939334
26,mobileOG_000731175|NA:Keyword|A0A256GXU0|integration/excision|NA|Plasmid RefSeq|Keyword Search,NODE_9_length_154051_cov_56.939334_1 # 1 # 159 # 1 # ID=9_1;partial=10;start_type=Edge;rbs_motif=None;rbs_spacer=None;gc_cont=0.572,92.3,103,528,7.71e-27,53,477,528,1,52,mobileOG_000731175,NA:Keyword,A0A256GXU0,integration/excision,NA,Plasmid RefSeq,Keyword Search,NODE_9_length_154051_cov_56.939334_1, 1 # 159 # 1 , 1,159,1 ,9_1,9,1,10,Edge,None,None,0.572,NODE_9_length_154051_cov_56.939334,mobileOG_000731175_NODE_9_length_154051_cov_56.939334
27,mobileOG_000755842|NA:Keyword|WP_012755317.1|integration/excision|NA|Multiple|Keyword Search,NODE_9_length_154051_cov_56.939334_1 # 1 # 159 # 1 # ID=9_1;partial=10;start_type=Edge;rbs_motif=None;rbs_spacer=None;gc_cont=0.572,94.1,103,529,1.06e-26,53,478,528,1,51,mobileOG_000755842,NA:Keyword,WP_012755317.1,integration/excision,NA,Multiple,Keyword Search,NODE_9_length_154051_cov_56.939334_1, 1 # 159 # 1 , 1,159,1 ,9_1,9,1,10,Edge,None,None,0.572,NODE_9_length_154051_cov_56.939334,mobileOG_000755842_NODE_9_length_154051_cov_56.939334
28,mobileOG_000760678|NA:Keyword|Q1M826|integration/excision|NA|ACLAME|Keyword Search,NODE_9_length_154051_cov_56.939334_1 # 1 # 159 # 1 # ID=9_1;partial=10;start_type=Edge;rbs_motif=None;rbs_spacer=None;gc_cont=0.572,94.1,103,536,1.09e-26,53,485,535,1,51,mobileOG_000760678,NA:Keyword,Q1M826,integration/excision,NA,ACLAME,Keyword Search,NODE_9_length_154051_cov_56.939334_1, 1 # 159 # 1 , 1,159,1 ,9_1,9,1,10,Edge,None,None,0.572,NODE_9_length_154051_cov_56.939334,mobileOG_000760678_NODE_9_length_154051_cov_56.939334
29,mobileOG_000398606|NA:Keyword|WP_018517785.1|integration/excision|NA|COMPASS|Keyword Search,NODE_9_length_154051_cov_56.939334_1 # 1 # 159 # 1 # ID=9_1;partial=10;start_type=Edge;rbs_motif=None;rbs_spacer=None;gc_cont=0.572,92.2,102,529,2.01e-26,53,478,528,1,51,mobileOG_000398606,NA:Keyword,WP_018517785.1,integration/excision,NA,COMPASS,Keyword Search,NODE_9_length_154051_cov_56.939334_1, 1 # 159 # 1 , 1,159,1 ,9_1,9,1,10,Edge,None,None,0.572,NODE_9_length_154051_cov_56.939334,mobileOG_000398606_NODE_9_length_154051_cov_56.939334
30,mobileOG_000753625|NA:Keyword|WP_130671799.1|integration/excision|NA|Plasmid RefSeq|Keyword Search,NODE_9_length_154051_cov_56.939334_1 # 1 # 159 # 1 # ID=9_1;partial=10;start_type=Edge;rbs_motif=None;rbs_spacer=None;gc_cont=0.572,92.2,101,529,5.20e-26,53,478,528,1,51,mobileOG_000753625,NA:Keyword,WP_130671799.1,integration/excision,NA,Plasmid RefSeq,Keyword Search,NODE_9_length_154051_cov_56.939334_1, 1 # 159 # 1 , 1,159,1 ,9_1,9,1,10,Edge,None,None,0.572,NODE_9_length_154051_cov_56.939334,mobileOG_000753625_NODE_9_length_154051_cov_56.939334
31,mobileOG_000398718|NA:Keyword|A0A0D8KBD4|integration/excision|NA|COMPASS|Keyword Search,NODE_9_length_154051_cov_56.939334_1 # 1 # 159 # 1 # ID=9_1;partial=10;start_type=Edge;rbs_motif=None;rbs_spacer=None;gc_cont=0.572,92.2,100,442,6.58e-26,53,391,441,1,51,mobileOG_000398718,NA:Keyword,A0A0D8KBD4,integration/excision,NA,COMPASS,Keyword Search,NODE_9_length_154051_cov_56.939334_1, 1 # 159 # 1 , 1,159,1 ,9_1,9,1,10,Edge,None,None,0.572,NODE_9_length_154051_cov_56.939334,mobileOG_000398718_NODE_9_length_154051_cov_56.939334
32,mobileOG_000755668|NA:Keyword|WP_072642614.1|integration/excision|NA|Plasmid RefSeq|Keyword Search,NODE_9_length_154051_cov_56.939334_1 # 1 # 159 # 1 # ID=9_1;partial=10;start_type=Edge;rbs_motif=None;rbs_spacer=None;gc_cont=0.572,91.7,97.8,269,8.10e-26,53,218,265,1,48,mobileOG_000755668,NA:Keyword,WP_072642614.1,integration/excision,NA,Plasmid RefSeq,Keyword Search,NODE_9_length_154051_cov_56.939334_1, 1 # 159 # 1 , 1,159,1 ,9_1,9,1,10,Edge,None,None,0.572,NODE_9_length_154051_cov_56.939334,mobileOG_000755668_NODE_9_length_154051_cov_56.939334
33,mobileOG_000755857|NA:Keyword|WP_072642614.1|integration/excision|NA|Plasmid RefSeq|Keyword Search,NODE_9_length_154051_cov_56.939334_1 # 1 # 159 # 1 # ID=9_1;partial=10;start_type=Edge;rbs_motif=None;rbs_spacer=None;gc_cont=0.572,91.7,97.8,280,9.86e-26,53,229,276,1,48,mobileOG_000755857,NA:Keyword,WP_072642614.1,integration/excision,NA,Plasmid RefSeq,Keyword Search,NODE_9_length_154051_cov_56.939334_1, 1 # 159 # 1 , 1,159,1 ,9_1,9,1,10,Edge,None,None,0.572,NODE_9_length_154051_cov_56.939334,mobileOG_000755857_NODE_9_length_154051_cov_56.939334
34,mobileOG_000401721|NA:Keyword|WP_037069545.1|integration/excision|NA|Multiple|Keyword Search,NODE_9_length_154051_cov_56.939334_1 # 1 # 159 # 1 # ID=9_1;partial=10;start_type=Edge;rbs_motif=None;rbs_spacer=None;gc_cont=0.572,92.0,99.8,529,1.85e-25,53,477,526,1,50,mobileOG_000401721,NA:Keyword,WP_037069545.1,integration/excision,NA,Multiple,Keyword Search,NODE_9_length_154051_cov_56.939334_1, 1 # 159 # 1 , 1,159,1 ,9_1,9,1,10,Edge,None,None,0.572,NODE_9_length_154051_cov_56.939334,mobileOG_000401721_NODE_9_length_154051_cov_56.939334
35,mobileOG_000756038|NA:Keyword|WP_040680932.1|integration/excision|NA|Multiple|Keyword Search,NODE_9_length_154051_cov_56.939334_1 # 1 # 159 # 1 # ID=9_1;partial=10;start_type=Edge;rbs_motif=None;rbs_spacer=None;gc_cont=0.572,92.0,99.8,529,1.85e-25,53,477,526,1,50,mobileOG_000756038,NA:Keyword,WP_040680932.1,integration/excision,NA,Multiple,Keyword Search,NODE_9_length_154051_cov_56.939334_1, 1 # 159 # 1 , 1,159,1 ,9_1,9,1,10,Edge,None,None,0.572,NODE_9_length_154051_cov_56.939334,mobileOG_000756038_NODE_9_length_154051_cov_56.939334
36,mobileOG_000756039|NA:Keyword|WP_040680996.1|integration/excision|NA|Multiple|Keyword Search,NODE_9_length_154051_cov_56.939334_1 # 1 # 159 # 1 # ID=9_1;partial=10;start_type=Edge;rbs_motif=None;rbs_spacer=None;gc_cont=0.572,92.0,99.8,529,1.85e-25,53,477,526,1,50,mobileOG_000756039,NA:Keyword,WP_040680996.1,integration/excision,NA,Multiple,Keyword Search,NODE_9_length_154051_cov_56.939334_1, 1 # 159 # 1 , 1,159,1 ,9_1,9,1,10,Edge,None,None,0.572,NODE_9_length_154051_cov_56.939334,mobileOG_000756039_NODE_9_length_154051_cov_56.939334
37,mobileOG_000037989|oppF|WP_011970600.1|transfer|competence|Multiple|Homology,NODE_11_length_146730_cov_60.646792_90 # 83288 # 84268 # -1 # ID=11_90;partial=00;start_type=ATG;rbs_motif=AGGAGG;rbs_spacer=5-10bp;gc_cont=0.567,91.6,596,328,1.14e-216,327,1,323,1,323,mobileOG_000037989,oppF,WP_011970600.1,transfer,competence,Multiple,Homology,NODE_11_length_146730_cov_60.646792_90, 83288 # 84268 # -1 , 83288,84268,-1 ,11_90,11,90,00,ATG,AGGAGG,5-10bp,0.567,NODE_11_length_146730_cov_60.646792,mobileOG_000037989_NODE_11_length_146730_cov_60.646792
38,mobileOG_000289756|oppF|A0A2N8K4X7|transfer|competence|Plasmid RefSeq|Homology,NODE_11_length_146730_cov_60.646792_90 # 83288 # 84268 # -1 # ID=11_90;partial=00;start_type=ATG;rbs_motif=AGGAGG;rbs_spacer=5-10bp;gc_cont=0.567,91.3,589,329,9.29e-214,327,1,323,1,323,mobileOG_000289756,oppF,A0A2N8K4X7,transfer,competence,Plasmid RefSeq,Homology,NODE_11_length_146730_cov_60.646792_90, 83288 # 84268 # -1 , 83288,84268,-1 ,11_90,11,90,00,ATG,AGGAGG,5-10bp,0.567,NODE_11_length_146730_cov_60.646792,mobileOG_000289756_NODE_11_length_146730_cov_60.646792
39,mobileOG_000290086|oppD|A0A437GEB6|transfer|competence|Plasmid RefSeq|Homology,NODE_11_length_146730_cov_60.646792_91 # 84265 # 85248 # -1 # ID=11_91;partial=00;start_type=ATG;rbs_motif=GGAG/GAGG;rbs_spacer=5-10bp;gc_cont=0.589,93.6,605,327,2.52e-220,328,1,327,1,327,mobileOG_000290086,oppD,A0A437GEB6,transfer,competence,Plasmid RefSeq,Homology,NODE_11_length_146730_cov_60.646792_91, 84265 # 85248 # -1 , 84265,85248,-1 ,11_91,11,91,00,ATG,GGAG/GAGG,5-10bp,0.589,NODE_11_length_146730_cov_60.646792,mobileOG_000290086_NODE_11_length_146730_cov_60.646792
40,mobileOG_000037990|oppD|WP_011970601.1|transfer|competence|Multiple|Homology,NODE_11_length_146730_cov_60.646792_91 # 84265 # 85248 # -1 # ID=11_91;partial=00;start_type=ATG;rbs_motif=GGAG/GAGG;rbs_spacer=5-10bp;gc_cont=0.589,92.0,600,327,4.86e-218,328,1,327,1,327,mobileOG_000037990,oppD,WP_011970601.1,transfer,competence,Multiple,Homology,NODE_11_length_146730_cov_60.646792_91, 84265 # 85248 # -1 , 84265,85248,-1 ,11_91,11,91,00,ATG,GGAG/GAGG,5-10bp,0.589,NODE_11_length_146730_cov_60.646792,mobileOG_000037990_NODE_11_length_146730_cov_60.646792
41,mobileOG_000348399|recQ|WP_095448408.1|replication/recombination/repair|NA|Multiple|Homology,NODE_11_length_146730_cov_60.646792_134 # 136648 # 138450 # -1 # ID=11_134;partial=00;start_type=ATG;rbs_motif=None;rbs_spacer=None;gc_cont=0.572,94.3,1123,600,0.0,601,1,599,1,599,mobileOG_000348399,recQ,WP_095448408.1,replication/recombination/repair,NA,Multiple,Homology,NODE_11_length_146730_cov_60.646792_134, 136648 # 138450 # -1 , 136648,138450,-1 ,11_134,11,134,00,ATG,None,None,0.572,NODE_11_length_146730_cov_60.646792,mobileOG_000348399_NODE_11_length_146730_cov_60.646792
42,mobileOG_000418781|NA:Keyword|A0A1A9FSN4|integration/excision|NA|COMPASS|Keyword Search,NODE_12_length_143873_cov_58.254249_99 # 100022 # 100450 # 1 # ID=12_99;partial=00;start_type=ATG;rbs_motif=GGAGG;rbs_spacer=5-10bp;gc_cont=0.548,93.7,275,142,1.13e-95,143,1,142,1,142,mobileOG_000418781,NA:Keyword,A0A1A9FSN4,integration/excision,NA,COMPASS,Keyword Search,NODE_12_length_143873_cov_58.254249_99, 100022 # 100450 # 1 , 100022,100450,1 ,12_99,12,99,00,ATG,GGAGG,5-10bp,0.548,NODE_12_length_143873_cov_58.254249,mobileOG_000418781_NODE_12_length_143873_cov_58.254249
43,mobileOG_000418786|NA:Keyword|A0A1A9FSN4|integration/excision|NA|COMPASS|Keyword Search,NODE_12_length_143873_cov_58.254249_99 # 100022 # 100450 # 1 # ID=12_99;partial=00;start_type=ATG;rbs_motif=GGAGG;rbs_spacer=5-10bp;gc_cont=0.548,93.0,273,142,9.30e-95,143,1,142,1,142,mobileOG_000418786,NA:Keyword,A0A1A9FSN4,integration/excision,NA,COMPASS,Keyword Search,NODE_12_length_143873_cov_58.254249_99, 100022 # 100450 # 1 , 100022,100450,1 ,12_99,12,99,00,ATG,GGAGG,5-10bp,0.548,NODE_12_length_143873_cov_58.254249,mobileOG_000418786_NODE_12_length_143873_cov_58.254249
44,mobileOG_000046194|tnp|A0A2K9ZCC9|integration/excision|NA|COMPASS|Homology,NODE_14_length_133861_cov_59.170977_1 # 2 # 928 # -1 # ID=14_1;partial=10;start_type=ATG;rbs_motif=GGA/GAG/AGG;rbs_spacer=5-10bp;gc_cont=0.577,91.6,571,392,6.57e-206,309,8,316,1,309,mobileOG_000046194,tnp,A0A2K9ZCC9,integration/excision,NA,COMPASS,Homology,NODE_14_length_133861_cov_59.170977_1, 2 # 928 # -1 , 2,928,-1 ,14_1,14,1,10,ATG,GGA/GAG/AGG,5-10bp,0.577,NODE_14_length_133861_cov_59.170977,mobileOG_000046194_NODE_14_length_133861_cov_59.170977
45,mobileOG_000046225|tnp|A0A2K9ZHI2|integration/excision|NA|COMPASS|Homology,NODE_14_length_133861_cov_59.170977_1 # 2 # 928 # -1 # ID=14_1;partial=10;start_type=ATG;rbs_motif=GGA/GAG/AGG;rbs_spacer=5-10bp;gc_cont=0.577,91.6,570,392,9.33e-206,309,8,316,1,309,mobileOG_000046225,tnp,A0A2K9ZHI2,integration/excision,NA,COMPASS,Homology,NODE_14_length_133861_cov_59.170977_1, 2 # 928 # -1 , 2,928,-1 ,14_1,14,1,10,ATG,GGA/GAG/AGG,5-10bp,0.577,NODE_14_length_133861_cov_59.170977,mobileOG_000046225_NODE_14_length_133861_cov_59.170977
46,mobileOG_000056636|tnp|A0A2K9ZHI2|integration/excision|NA|COMPASS|Homology,NODE_14_length_133861_cov_59.170977_1 # 2 # 928 # -1 # ID=14_1;partial=10;start_type=ATG;rbs_motif=GGA/GAG/AGG;rbs_spacer=5-10bp;gc_cont=0.577,91.6,570,392,9.33e-206,309,8,316,1,309,mobileOG_000056636,tnp,A0A2K9ZHI2,integration/excision,NA,COMPASS,Homology,NODE_14_length_133861_cov_59.170977_1, 2 # 928 # -1 , 2,928,-1 ,14_1,14,1,10,ATG,GGA/GAG/AGG,5-10bp,0.577,NODE_14_length_133861_cov_59.170977,mobileOG_000056636_NODE_14_length_133861_cov_59.170977
47,mobileOG_000043710|tnp|A0A2Z4YQ13|integration/excision|NA|COMPASS|Homology,NODE_14_length_133861_cov_59.170977_1 # 2 # 928 # -1 # ID=14_1;partial=10;start_type=ATG;rbs_motif=GGA/GAG/AGG;rbs_spacer=5-10bp;gc_cont=0.577,91.6,570,392,1.88e-205,309,8,316,1,309,mobileOG_000043710,tnp,A0A2Z4YQ13,integration/excision,NA,COMPASS,Homology,NODE_14_length_133861_cov_59.170977_1, 2 # 928 # -1 , 2,928,-1 ,14_1,14,1,10,ATG,GGA/GAG/AGG,5-10bp,0.577,NODE_14_length_133861_cov_59.170977,mobileOG_000043710_NODE_14_length_133861_cov_59.170977
48,mobileOG_000003475|tnp|B9K3Q2|integration/excision|NA|COMPASS|Manual,NODE_14_length_133861_cov_59.170977_1 # 2 # 928 # -1 # ID=14_1;partial=10;start_type=ATG;rbs_motif=GGA/GAG/AGG;rbs_spacer=5-10bp;gc_cont=0.577,91.3,569,385,2.94e-205,309,1,309,1,309,mobileOG_000003475,tnp,B9K3Q2,integration/excision,NA,COMPASS,Manual,NODE_14_length_133861_cov_59.170977_1, 2 # 928 # -1 , 2,928,-1 ,14_1,14,1,10,ATG,GGA/GAG/AGG,5-10bp,0.577,NODE_14_length_133861_cov_59.170977,mobileOG_000003475_NODE_14_length_133861_cov_59.170977
49,mobileOG_000033467|tnp|Q1M636|integration/excision|NA|ACLAME|Homology,NODE_14_length_133861_cov_59.170977_1 # 2 # 928 # -1 # ID=14_1;partial=10;start_type=ATG;rbs_motif=GGA/GAG/AGG;rbs_spacer=5-10bp;gc_cont=0.577,91.8,566,382,4.36e-204,309,1,306,4,309,mobileOG_000033467,tnp,Q1M636,integration/excision,NA,ACLAME,Homology,NODE_14_length_133861_cov_59.170977_1, 2 # 928 # -1 , 2,928,-1 ,14_1,14,1,10,ATG,GGA/GAG/AGG,5-10bp,0.577,NODE_14_length_133861_cov_59.170977,mobileOG_000033467_NODE_14_length_133861_cov_59.170977
50,mobileOG_000073941|tnp|A0A1L5NMW5|integration/excision|NA|COMPASS|Homology,NODE_14_length_133861_cov_59.170977_1 # 2 # 928 # -1 # ID=14_1;partial=10;start_type=ATG;rbs_motif=GGA/GAG/AGG;rbs_spacer=5-10bp;gc_cont=0.577,90.3,562,389,1.87e-202,309,1,309,1,309,mobileOG_000073941,tnp,A0A1L5NMW5,integration/excision,NA,COMPASS,Homology,NODE_14_length_133861_cov_59.170977_1, 2 # 928 # -1 , 2,928,-1 ,14_1,14,1,10,ATG,GGA/GAG/AGG,5-10bp,0.577,NODE_14_length_133861_cov_59.170977,mobileOG_000073941_NODE_14_length_133861_cov_59.170977
51,mobileOG_000325602|tnp|WP_128405665.1|integration/excision|NA|Plasmid RefSeq|Homology,NODE_14_length_133861_cov_59.170977_1 # 2 # 928 # -1 # ID=14_1;partial=10;start_type=ATG;rbs_motif=GGA/GAG/AGG;rbs_spacer=5-10bp;gc_cont=0.577,92.5,518,355,1.77e-185,309,1,279,31,309,mobileOG_000325602,tnp,WP_128405665.1,integration/excision,NA,Plasmid RefSeq,Homology,NODE_14_length_133861_cov_59.170977_1, 2 # 928 # -1 , 2,928,-1 ,14_1,14,1,10,ATG,GGA/GAG/AGG,5-10bp,0.577,NODE_14_length_133861_cov_59.170977,mobileOG_000325602_NODE_14_length_133861_cov_59.170977
52,mobileOG_000329676|tnp|WP_130806842.1|integration/excision|NA|Plasmid RefSeq|Homology,NODE_14_length_133861_cov_59.170977_1 # 2 # 928 # -1 # ID=14_1;partial=10;start_type=ATG;rbs_motif=GGA/GAG/AGG;rbs_spacer=5-10bp;gc_cont=0.577,92.5,518,355,1.77e-185,309,1,279,31,309,mobileOG_000329676,tnp,WP_130806842.1,integration/excision,NA,Plasmid RefSeq,Homology,NODE_14_length_133861_cov_59.170977_1, 2 # 928 # -1 , 2,928,-1 ,14_1,14,1,10,ATG,GGA/GAG/AGG,5-10bp,0.577,NODE_14_length_133861_cov_59.170977,mobileOG_000329676_NODE_14_length_133861_cov_59.170977
53,mobileOG_000326152|tnp|WP_112906738.1|integration/excision|NA|Plasmid RefSeq|Homology,NODE_14_length_133861_cov_59.170977_1 # 2 # 928 # -1 # ID=14_1;partial=10;start_type=ATG;rbs_motif=GGA/GAG/AGG;rbs_spacer=5-10bp;gc_cont=0.577,92.5,516,355,5.06e-185,309,1,279,31,309,mobileOG_000326152,tnp,WP_112906738.1,integration/excision,NA,Plasmid RefSeq,Homology,NODE_14_length_133861_cov_59.170977_1, 2 # 928 # -1 , 2,928,-1 ,14_1,14,1,10,ATG,GGA/GAG/AGG,5-10bp,0.577,NODE_14_length_133861_cov_59.170977,mobileOG_000326152_NODE_14_length_133861_cov_59.170977
54,mobileOG_000328101|tnp|WP_112906551.1|integration/excision|NA|Plasmid RefSeq|Homology,NODE_14_length_133861_cov_59.170977_1 # 2 # 928 # -1 # ID=14_1;partial=10;start_type=ATG;rbs_motif=GGA/GAG/AGG;rbs_spacer=5-10bp;gc_cont=0.577,92.5,516,355,5.06e-185,309,1,279,31,309,mobileOG_000328101,tnp,WP_112906551.1,integration/excision,NA,Plasmid RefSeq,Homology,NODE_14_length_133861_cov_59.170977_1, 2 # 928 # -1 , 2,928,-1 ,14_1,14,1,10,ATG,GGA/GAG/AGG,5-10bp,0.577,NODE_14_length_133861_cov_59.170977,mobileOG_000328101_NODE_14_length_133861_cov_59.170977
55,mobileOG_000335897|tnp|WP_112907790.1|integration/excision|NA|Plasmid RefSeq|Homology,NODE_14_length_133861_cov_59.170977_1 # 2 # 928 # -1 # ID=14_1;partial=10;start_type=ATG;rbs_motif=GGA/GAG/AGG;rbs_spacer=5-10bp;gc_cont=0.577,92.5,516,355,5.06e-185,309,1,279,31,309,mobileOG_000335897,tnp,WP_112907790.1,integration/excision,NA,Plasmid RefSeq,Homology,NODE_14_length_133861_cov_59.170977_1, 2 # 928 # -1 , 2,928,-1 ,14_1,14,1,10,ATG,GGA/GAG/AGG,5-10bp,0.577,NODE_14_length_133861_cov_59.170977,mobileOG_000335897_NODE_14_length_133861_cov_59.170977
56,mobileOG_000335045|tnp|WP_105009176.1|integration/excision|NA|Plasmid RefSeq|Homology,NODE_14_length_133861_cov_59.170977_1 # 2 # 928 # -1 # ID=14_1;partial=10;start_type=ATG;rbs_motif=GGA/GAG/AGG;rbs_spacer=5-10bp;gc_cont=0.577,92.1,516,355,7.19e-185,309,1,279,31,309,mobileOG_000335045,tnp,WP_105009176.1,integration/excision,NA,Plasmid RefSeq,Homology,NODE_14_length_133861_cov_59.170977_1, 2 # 928 # -1 , 2,928,-1 ,14_1,14,1,10,ATG,GGA/GAG/AGG,5-10bp,0.577,NODE_14_length_133861_cov_59.170977,mobileOG_000335045_NODE_14_length_133861_cov_59.170977
57,mobileOG_000333630|tnp|WP_011649142.1|integration/excision|NA|Multiple|Homology,NODE_14_length_133861_cov_59.170977_1 # 2 # 928 # -1 # ID=14_1;partial=10;start_type=ATG;rbs_motif=GGA/GAG/AGG;rbs_spacer=5-10bp;gc_cont=0.577,92.1,516,355,1.02e-184,309,1,279,31,309,mobileOG_000333630,tnp,WP_011649142.1,integration/excision,NA,Multiple,Homology,NODE_14_length_133861_cov_59.170977_1, 2 # 928 # -1 , 2,928,-1 ,14_1,14,1,10,ATG,GGA/GAG/AGG,5-10bp,0.577,NODE_14_length_133861_cov_59.170977,mobileOG_000333630_NODE_14_length_133861_cov_59.170977
58,mobileOG_000332784|tnp|WP_105010036.1|integration/excision|NA|Plasmid RefSeq|Homology,NODE_14_length_133861_cov_59.170977_1 # 2 # 928 # -1 # ID=14_1;partial=10;start_type=ATG;rbs_motif=GGA/GAG/AGG;rbs_spacer=5-10bp;gc_cont=0.577,92.1,516,355,1.02e-184,309,1,279,31,309,mobileOG_000332784,tnp,WP_105010036.1,integration/excision,NA,Plasmid RefSeq,Homology,NODE_14_length_133861_cov_59.170977_1, 2 # 928 # -1 , 2,928,-1 ,14_1,14,1,10,ATG,GGA/GAG/AGG,5-10bp,0.577,NODE_14_length_133861_cov_59.170977,mobileOG_000332784_NODE_14_length_133861_cov_59.170977
59,mobileOG_000416322|NA:Keyword|A0A1A9GC78|integration/excision|NA|COMPASS|Keyword Search,NODE_17_length_129610_cov_57.867872_39 # 39643 # 40017 # 1 # ID=17_39;partial=00;start_type=ATG;rbs_motif=AGGA;rbs_spacer=5-10bp;gc_cont=0.603,95.2,223,124,8.10e-76,125,1,124,1,124,mobileOG_000416322,NA:Keyword,A0A1A9GC78,integration/excision,NA,COMPASS,Keyword Search,NODE_17_length_129610_cov_57.867872_39, 39643 # 40017 # 1 , 39643,40017,1 ,17_39,17,39,00,ATG,AGGA,5-10bp,0.603,NODE_17_length_129610_cov_57.867872,mobileOG_000416322_NODE_17_length_129610_cov_57.867872
60,mobileOG_000405076|NA:Keyword|A6X7V3|integration/excision|NA|Multiple|Keyword Search,NODE_17_length_129610_cov_57.867872_39 # 39643 # 40017 # 1 # ID=17_39;partial=00;start_type=ATG;rbs_motif=AGGA;rbs_spacer=5-10bp;gc_cont=0.603,95.2,219,124,3.85e-74,125,1,124,1,124,mobileOG_000405076,NA:Keyword,A6X7V3,integration/excision,NA,Multiple,Keyword Search,NODE_17_length_129610_cov_57.867872_39, 39643 # 40017 # 1 , 39643,40017,1 ,17_39,17,39,00,ATG,AGGA,5-10bp,0.603,NODE_17_length_129610_cov_57.867872,mobileOG_000405076_NODE_17_length_129610_cov_57.867872
61,mobileOG_000406013|NA:Keyword|B9K3C7|integration/excision|NA|COMPASS|Keyword Search,NODE_17_length_129610_cov_57.867872_39 # 39643 # 40017 # 1 # ID=17_39;partial=00;start_type=ATG;rbs_motif=AGGA;rbs_spacer=5-10bp;gc_cont=0.603,92.7,217,124,2.23e-73,125,1,124,1,124,mobileOG_000406013,NA:Keyword,B9K3C7,integration/excision,NA,COMPASS,Keyword Search,NODE_17_length_129610_cov_57.867872_39, 39643 # 40017 # 1 , 39643,40017,1 ,17_39,17,39,00,ATG,AGGA,5-10bp,0.603,NODE_17_length_129610_cov_57.867872,mobileOG_000406013_NODE_17_length_129610_cov_57.867872
62,mobileOG_000405996|NA:Keyword|B9K4C2|integration/excision|NA|COMPASS|Keyword Search,NODE_17_length_129610_cov_57.867872_39 # 39643 # 40017 # 1 # ID=17_39;partial=00;start_type=ATG;rbs_motif=AGGA;rbs_spacer=5-10bp;gc_cont=0.603,91.9,214,124,2.60e-72,125,1,124,1,124,mobileOG_000405996,NA:Keyword,B9K4C2,integration/excision,NA,COMPASS,Keyword Search,NODE_17_length_129610_cov_57.867872_39, 39643 # 40017 # 1 , 39643,40017,1 ,17_39,17,39,00,ATG,AGGA,5-10bp,0.603,NODE_17_length_129610_cov_57.867872,mobileOG_000405996_NODE_17_length_129610_cov_57.867872
63,mobileOG_000744630|NA:Keyword|WP_099056213.1|integration/excision|NA|Plasmid RefSeq|Keyword Search,NODE_17_length_129610_cov_57.867872_39 # 39643 # 40017 # 1 # ID=17_39;partial=00;start_type=ATG;rbs_motif=AGGA;rbs_spacer=5-10bp;gc_cont=0.603,95.6,204,450,4.62e-64,125,1,114,1,114,mobileOG_000744630,NA:Keyword,WP_099056213.1,integration/excision,NA,Plasmid RefSeq,Keyword Search,NODE_17_length_129610_cov_57.867872_39, 39643 # 40017 # 1 , 39643,40017,1 ,17_39,17,39,00,ATG,AGGA,5-10bp,0.603,NODE_17_length_129610_cov_57.867872,mobileOG_000744630_NODE_17_length_129610_cov_57.867872
64,mobileOG_000734139|NA:Keyword|A0A2W5RWR2|integration/excision|NA|Plasmid RefSeq|Keyword Search,NODE_17_length_129610_cov_57.867872_39 # 39643 # 40017 # 1 # ID=17_39;partial=00;start_type=ATG;rbs_motif=AGGA;rbs_spacer=5-10bp;gc_cont=0.603,94.7,202,450,1.83e-63,125,1,114,1,114,mobileOG_000734139,NA:Keyword,A0A2W5RWR2,integration/excision,NA,Plasmid RefSeq,Keyword Search,NODE_17_length_129610_cov_57.867872_39, 39643 # 40017 # 1 , 39643,40017,1 ,17_39,17,39,00,ATG,AGGA,5-10bp,0.603,NODE_17_length_129610_cov_57.867872,mobileOG_000734139_NODE_17_length_129610_cov_57.867872
65,mobileOG_000738195|NA:Keyword|A0A2W5RWR2|integration/excision|NA|Plasmid RefSeq|Keyword Search,NODE_17_length_129610_cov_57.867872_39 # 39643 # 40017 # 1 # ID=17_39;partial=00;start_type=ATG;rbs_motif=AGGA;rbs_spacer=5-10bp;gc_cont=0.603,96.5,201,450,5.13e-63,125,1,114,1,114,mobileOG_000738195,NA:Keyword,A0A2W5RWR2,integration/excision,NA,Plasmid RefSeq,Keyword Search,NODE_17_length_129610_cov_57.867872_39, 39643 # 40017 # 1 , 39643,40017,1 ,17_39,17,39,00,ATG,AGGA,5-10bp,0.603,NODE_17_length_129610_cov_57.867872,mobileOG_000738195_NODE_17_length_129610_cov_57.867872
66,mobileOG_000411152|NA:Keyword|WP_099056213.1|integration/excision|NA|COMPASS|Keyword Search,NODE_17_length_129610_cov_57.867872_40 # 40014 # 40994 # 1 # ID=17_40;partial=00;start_type=ATG;rbs_motif=GGxGG;rbs_spacer=5-10bp;gc_cont=0.582,95.7,647,326,5.66e-237,327,1,326,1,326,mobileOG_000411152,NA:Keyword,WP_099056213.1,integration/excision,NA,COMPASS,Keyword Search,NODE_17_length_129610_cov_57.867872_40, 40014 # 40994 # 1 , 40014,40994,1 ,17_40,17,40,00,ATG,GGxGG,5-10bp,0.582,NODE_17_length_129610_cov_57.867872,mobileOG_000411152_NODE_17_length_129610_cov_57.867872
67,mobileOG_000744630|NA:Keyword|WP_099056213.1|integration/excision|NA|Plasmid RefSeq|Keyword Search,NODE_17_length_129610_cov_57.867872_40 # 40014 # 40994 # 1 # ID=17_40;partial=00;start_type=ATG;rbs_motif=GGxGG;rbs_spacer=5-10bp;gc_cont=0.582,95.7,647,450,5.58e-235,327,125,450,1,326,mobileOG_000744630,NA:Keyword,WP_099056213.1,integration/excision,NA,Plasmid RefSeq,Keyword Search,NODE_17_length_129610_cov_57.867872_40, 40014 # 40994 # 1 , 40014,40994,1 ,17_40,17,40,00,ATG,GGxGG,5-10bp,0.582,NODE_17_length_129610_cov_57.867872,mobileOG_000744630_NODE_17_length_129610_cov_57.867872
68,mobileOG_000416323|NA:Keyword|WP_145926135.1|integration/excision|NA|COMPASS|Keyword Search,NODE_17_length_129610_cov_57.867872_40 # 40014 # 40994 # 1 # ID=17_40;partial=00;start_type=ATG;rbs_motif=GGxGG;rbs_spacer=5-10bp;gc_cont=0.582,94.8,637,326,7.39e-233,327,1,326,1,326,mobileOG_000416323,NA:Keyword,WP_145926135.1,integration/excision,NA,COMPASS,Keyword Search,NODE_17_length_129610_cov_57.867872_40, 40014 # 40994 # 1 , 40014,40994,1 ,17_40,17,40,00,ATG,GGxGG,5-10bp,0.582,NODE_17_length_129610_cov_57.867872,mobileOG_000416323_NODE_17_length_129610_cov_57.867872
69,mobileOG_000734139|NA:Keyword|A0A2W5RWR2|integration/excision|NA|Plasmid RefSeq|Keyword Search,NODE_17_length_129610_cov_57.867872_40 # 40014 # 40994 # 1 # ID=17_40;partial=00;start_type=ATG;rbs_motif=GGxGG;rbs_spacer=5-10bp;gc_cont=0.582,93.6,630,450,3.97e-228,327,125,450,1,326,mobileOG_000734139,NA:Keyword,A0A2W5RWR2,integration/excision,NA,Plasmid RefSeq,Keyword Search,NODE_17_length_129610_cov_57.867872_40, 40014 # 40994 # 1 , 40014,40994,1 ,17_40,17,40,00,ATG,GGxGG,5-10bp,0.582,NODE_17_length_129610_cov_57.867872,mobileOG_000734139_NODE_17_length_129610_cov_57.867872
70,mobileOG_000738195|NA:Keyword|A0A2W5RWR2|integration/excision|NA|Plasmid RefSeq|Keyword Search,NODE_17_length_129610_cov_57.867872_40 # 40014 # 40994 # 1 # ID=17_40;partial=00;start_type=ATG;rbs_motif=GGxGG;rbs_spacer=5-10bp;gc_cont=0.582,93.6,628,450,3.26e-227,327,125,450,1,326,mobileOG_000738195,NA:Keyword,A0A2W5RWR2,integration/excision,NA,Plasmid RefSeq,Keyword Search,NODE_17_length_129610_cov_57.867872_40, 40014 # 40994 # 1 , 40014,40994,1 ,17_40,17,40,00,ATG,GGxGG,5-10bp,0.582,NODE_17_length_129610_cov_57.867872,mobileOG_000738195_NODE_17_length_129610_cov_57.867872
71,mobileOG_000402206|NA:Keyword|A0A0D5A0T2|integration/excision|NA|COMPASS|Keyword Search,NODE_17_length_129610_cov_57.867872_45 # 47874 # 48071 # 1 # ID=17_45;partial=00;start_type=ATG;rbs_motif=AGGA;rbs_spacer=5-10bp;gc_cont=0.535,100,127,92,4.93e-39,66,28,92,1,65,mobileOG_000402206,NA:Keyword,A0A0D5A0T2,integration/excision,NA,COMPASS,Keyword Search,NODE_17_length_129610_cov_57.867872_45, 47874 # 48071 # 1 , 47874,48071,1 ,17_45,17,45,00,ATG,AGGA,5-10bp,0.535,NODE_17_length_129610_cov_57.867872,mobileOG_000402206_NODE_17_length_129610_cov_57.867872
72,mobileOG_000412171|NA:Keyword|A0A0F7PV20|integration/excision|NA|COMPASS|Keyword Search,NODE_17_length_129610_cov_57.867872_45 # 47874 # 48071 # 1 # ID=17_45;partial=00;start_type=ATG;rbs_motif=AGGA;rbs_spacer=5-10bp;gc_cont=0.535,96.9,124,65,2.67e-38,66,1,65,1,65,mobileOG_000412171,NA:Keyword,A0A0F7PV20,integration/excision,NA,COMPASS,Keyword Search,NODE_17_length_129610_cov_57.867872_45, 47874 # 48071 # 1 , 47874,48071,1 ,17_45,17,45,00,ATG,AGGA,5-10bp,0.535,NODE_17_length_129610_cov_57.867872,mobileOG_000412171_NODE_17_length_129610_cov_57.867872
73,mobileOG_000398495|NA:Keyword|A0A248UMT8|integration/excision|NA|COMPASS|Keyword Search,NODE_17_length_129610_cov_57.867872_45 # 47874 # 48071 # 1 # ID=17_45;partial=00;start_type=ATG;rbs_motif=AGGA;rbs_spacer=5-10bp;gc_cont=0.535,92.3,120,95,1.48e-36,66,31,95,1,65,mobileOG_000398495,NA:Keyword,A0A248UMT8,integration/excision,NA,COMPASS,Keyword Search,NODE_17_length_129610_cov_57.867872_45, 47874 # 48071 # 1 , 47874,48071,1 ,17_45,17,45,00,ATG,AGGA,5-10bp,0.535,NODE_17_length_129610_cov_57.867872,mobileOG_000398495_NODE_17_length_129610_cov_57.867872
74,mobileOG_000297521|NA|A0A349XSS4|integration/excision|NA|Plasmid RefSeq|Homology,NODE_17_length_129610_cov_57.867872_45 # 47874 # 48071 # 1 # ID=17_45;partial=00;start_type=ATG;rbs_motif=AGGA;rbs_spacer=5-10bp;gc_cont=0.535,95.4,121,386,1.08e-33,66,28,92,1,65,mobileOG_000297521,NA,A0A349XSS4,integration/excision,NA,Plasmid RefSeq,Homology,NODE_17_length_129610_cov_57.867872_45, 47874 # 48071 # 1 , 47874,48071,1 ,17_45,17,45,00,ATG,AGGA,5-10bp,0.535,NODE_17_length_129610_cov_57.867872,mobileOG_000297521_NODE_17_length_129610_cov_57.867872
75,mobileOG_000738713|NA:Keyword|WP_035201040.1|stability/transfer/defense|NA|Plasmid RefSeq|Keyword Search,NODE_17_length_129610_cov_57.867872_46 # 48513 # 49133 # 1 # ID=17_46;partial=00;start_type=ATG;rbs_motif=GGAG/GAGG;rbs_spacer=5-10bp;gc_cont=0.605,91.3,350,203,1.65e-123,207,1,203,1,206,mobileOG_000738713,NA:Keyword,WP_035201040.1,stability/transfer/defense,NA,Plasmid RefSeq,Keyword Search,NODE_17_length_129610_cov_57.867872_46, 48513 # 49133 # 1 , 48513,49133,1 ,17_46,17,46,00,ATG,GGAG/GAGG,5-10bp,0.605,NODE_17_length_129610_cov_57.867872,mobileOG_000738713_NODE_17_length_129610_cov_57.867872
76,mobileOG_000052442|NGR_a00240|A0A2P0QJM2|integration/excision|NA|COMPASS|Homology,NODE_17_length_129610_cov_57.867872_124 # 129177 # 129608 # 1 # ID=17_124;partial=01;start_type=ATG;rbs_motif=GGAG/GAGG;rbs_spacer=5-10bp;gc_cont=0.639,95.1,264,225,5.18e-90,144,1,144,1,144,mobileOG_000052442,NGR_a00240,A0A2P0QJM2,integration/excision,NA,COMPASS,Homology,NODE_17_length_129610_cov_57.867872_124, 129177 # 129608 # 1 , 129177,129608,1 ,17_124,17,124,01,ATG,GGAG/GAGG,5-10bp,0.639,NODE_17_length_129610_cov_57.867872,mobileOG_000052442_NODE_17_length_129610_cov_57.867872
77,mobileOG_000315591|NGR_a00240|WP_118849733.1|integration/excision|NA|Plasmid RefSeq|Homology,NODE_17_length_129610_cov_57.867872_124 # 129177 # 129608 # 1 # ID=17_124;partial=01;start_type=ATG;rbs_motif=GGAG/GAGG;rbs_spacer=5-10bp;gc_cont=0.639,95.8,268,457,1.46e-88,144,1,144,1,144,mobileOG_000315591,NGR_a00240,WP_118849733.1,integration/excision,NA,Plasmid RefSeq,Homology,NODE_17_length_129610_cov_57.867872_124, 129177 # 129608 # 1 , 129177,129608,1 ,17_124,17,124,01,ATG,GGAG/GAGG,5-10bp,0.639,NODE_17_length_129610_cov_57.867872,mobileOG_000315591_NODE_17_length_129610_cov_57.867872
78,mobileOG_000068701|NGR_a00240|WP_040141260.1|integration/excision|NA|COMPASS|Homology,NODE_17_length_129610_cov_57.867872_124 # 129177 # 129608 # 1 # ID=17_124;partial=01;start_type=ATG;rbs_motif=GGAG/GAGG;rbs_spacer=5-10bp;gc_cont=0.639,92.4,259,212,2.25e-88,144,1,144,1,144,mobileOG_000068701,NGR_a00240,WP_040141260.1,integration/excision,NA,COMPASS,Homology,NODE_17_length_129610_cov_57.867872_124, 129177 # 129608 # 1 , 129177,129608,1 ,17_124,17,124,01,ATG,GGAG/GAGG,5-10bp,0.639,NODE_17_length_129610_cov_57.867872,mobileOG_000068701_NODE_17_length_129610_cov_57.867872
79,mobileOG_000303328|NGR_a00240|WP_069041386.1|integration/excision|NA|Multiple|Homology,NODE_17_length_129610_cov_57.867872_124 # 129177 # 129608 # 1 # ID=17_124;partial=01;start_type=ATG;rbs_motif=GGAG/GAGG;rbs_spacer=5-10bp;gc_cont=0.639,95.1,267,457,2.92e-88,144,1,144,1,144,mobileOG_000303328,NGR_a00240,WP_069041386.1,integration/excision,NA,Multiple,Homology,NODE_17_length_129610_cov_57.867872_124, 129177 # 129608 # 1 , 129177,129608,1 ,17_124,17,124,01,ATG,GGAG/GAGG,5-10bp,0.639,NODE_17_length_129610_cov_57.867872,mobileOG_000303328_NODE_17_length_129610_cov_57.867872
80,mobileOG_000352647|NGR_a00240|WP_153762192.1|integration/excision|NA|Plasmid RefSeq|Homology,NODE_17_length_129610_cov_57.867872_124 # 129177 # 129608 # 1 # ID=17_124;partial=01;start_type=ATG;rbs_motif=GGAG/GAGG;rbs_spacer=5-10bp;gc_cont=0.639,95.1,267,457,2.92e-88,144,1,144,1,144,mobileOG_000352647,NGR_a00240,WP_153762192.1,integration/excision,NA,Plasmid RefSeq,Homology,NODE_17_length_129610_cov_57.867872_124, 129177 # 129608 # 1 , 129177,129608,1 ,17_124,17,124,01,ATG,GGAG/GAGG,5-10bp,0.639,NODE_17_length_129610_cov_57.867872,mobileOG_000352647_NODE_17_length_129610_cov_57.867872
81,mobileOG_000318587|NGR_a00240|WP_130683361.1|integration/excision|NA|Plasmid RefSeq|Homology,NODE_17_length_129610_cov_57.867872_124 # 129177 # 129608 # 1 # ID=17_124;partial=01;start_type=ATG;rbs_motif=GGAG/GAGG;rbs_spacer=5-10bp;gc_cont=0.639,92.4,260,271,7.85e-88,144,1,144,1,144,mobileOG_000318587,NGR_a00240,WP_130683361.1,integration/excision,NA,Plasmid RefSeq,Homology,NODE_17_length_129610_cov_57.867872_124, 129177 # 129608 # 1 , 129177,129608,1 ,17_124,17,124,01,ATG,GGAG/GAGG,5-10bp,0.639,NODE_17_length_129610_cov_57.867872,mobileOG_000318587_NODE_17_length_129610_cov_57.867872
82,mobileOG_000324700|NGR_a00240|A0A5R9K858|integration/excision|NA|Plasmid RefSeq|Homology,NODE_17_length_129610_cov_57.867872_124 # 129177 # 129608 # 1 # ID=17_124;partial=01;start_type=ATG;rbs_motif=GGAG/GAGG;rbs_spacer=5-10bp;gc_cont=0.639,95.1,265,457,1.65e-87,144,1,144,1,144,mobileOG_000324700,NGR_a00240,A0A5R9K858,integration/excision,NA,Plasmid RefSeq,Homology,NODE_17_length_129610_cov_57.867872_124, 129177 # 129608 # 1 , 129177,129608,1 ,17_124,17,124,01,ATG,GGAG/GAGG,5-10bp,0.639,NODE_17_length_129610_cov_57.867872,mobileOG_000324700_NODE_17_length_129610_cov_57.867872
83,mobileOG_000322808|NGR_a00240|WP_130674140.1|integration/excision|NA|Plasmid RefSeq|Homology,NODE_17_length_129610_cov_57.867872_124 # 129177 # 129608 # 1 # ID=17_124;partial=01;start_type=ATG;rbs_motif=GGAG/GAGG;rbs_spacer=5-10bp;gc_cont=0.639,91.0,254,171,3.79e-87,144,1,144,1,144,mobileOG_000322808,NGR_a00240,WP_130674140.1,integration/excision,NA,Plasmid RefSeq,Homology,NODE_17_length_129610_cov_57.867872_124, 129177 # 129608 # 1 , 129177,129608,1 ,17_124,17,124,01,ATG,GGAG/GAGG,5-10bp,0.639,NODE_17_length_129610_cov_57.867872,mobileOG_000322808_NODE_17_length_129610_cov_57.867872
84,mobileOG_000318502|NGR_a00240|WP_130683361.1|integration/excision|NA|Plasmid RefSeq|Homology,NODE_17_length_129610_cov_57.867872_124 # 129177 # 129608 # 1 # ID=17_124;partial=01;start_type=ATG;rbs_motif=GGAG/GAGG;rbs_spacer=5-10bp;gc_cont=0.639,92.4,260,348,8.94e-87,144,1,144,1,144,mobileOG_000318502,NGR_a00240,WP_130683361.1,integration/excision,NA,Plasmid RefSeq,Homology,NODE_17_length_129610_cov_57.867872_124, 129177 # 129608 # 1 , 129177,129608,1 ,17_124,17,124,01,ATG,GGAG/GAGG,5-10bp,0.639,NODE_17_length_129610_cov_57.867872,mobileOG_000318502_NODE_17_length_129610_cov_57.867872
85,mobileOG_000318590|NGR_a00240|WP_130691563.1|integration/excision|NA|Plasmid RefSeq|Homology,NODE_17_length_129610_cov_57.867872_124 # 129177 # 129608 # 1 # ID=17_124;partial=01;start_type=ATG;rbs_motif=GGAG/GAGG;rbs_spacer=5-10bp;gc_cont=0.639,91.0,254,217,1.78e-86,144,1,144,1,144,mobileOG_000318590,NGR_a00240,WP_130691563.1,integration/excision,NA,Plasmid RefSeq,Homology,NODE_17_length_129610_cov_57.867872_124, 129177 # 129608 # 1 , 129177,129608,1 ,17_124,17,124,01,ATG,GGAG/GAGG,5-10bp,0.639,NODE_17_length_129610_cov_57.867872,mobileOG_000318590_NODE_17_length_129610_cov_57.867872
86,mobileOG_000318613|NGR_a00240|WP_130784244.1|integration/excision|NA|Plasmid RefSeq|Homology,NODE_17_length_129610_cov_57.867872_124 # 129177 # 129608 # 1 # ID=17_124;partial=01;start_type=ATG;rbs_motif=GGAG/GAGG;rbs_spacer=5-10bp;gc_cont=0.639,92.4,259,352,2.88e-86,144,1,144,1,144,mobileOG_000318613,NGR_a00240,WP_130784244.1,integration/excision,NA,Plasmid RefSeq,Homology,NODE_17_length_129610_cov_57.867872_124, 129177 # 129608 # 1 , 129177,129608,1 ,17_124,17,124,01,ATG,GGAG/GAGG,5-10bp,0.639,NODE_17_length_129610_cov_57.867872,mobileOG_000318613_NODE_17_length_129610_cov_57.867872
87,mobileOG_000318592|NGR_a00240|WP_130683361.1|integration/excision|NA|Plasmid RefSeq|Homology,NODE_17_length_129610_cov_57.867872_124 # 129177 # 129608 # 1 # ID=17_124;partial=01;start_type=ATG;rbs_motif=GGAG/GAGG;rbs_spacer=5-10bp;gc_cont=0.639,92.4,260,395,3.65e-86,144,1,144,1,144,mobileOG_000318592,NGR_a00240,WP_130683361.1,integration/excision,NA,Plasmid RefSeq,Homology,NODE_17_length_129610_cov_57.867872_124, 129177 # 129608 # 1 , 129177,129608,1 ,17_124,17,124,01,ATG,GGAG/GAGG,5-10bp,0.639,NODE_17_length_129610_cov_57.867872,mobileOG_000318592_NODE_17_length_129610_cov_57.867872
88,mobileOG_000318596|NGR_a00240|WP_130773883.1|integration/excision|NA|Plasmid RefSeq|Homology,NODE_17_length_129610_cov_57.867872_124 # 129177 # 129608 # 1 # ID=17_124;partial=01;start_type=ATG;rbs_motif=GGAG/GAGG;rbs_spacer=5-10bp;gc_cont=0.639,92.4,260,395,3.65e-86,144,1,144,1,144,mobileOG_000318596,NGR_a00240,WP_130773883.1,integration/excision,NA,Plasmid RefSeq,Homology,NODE_17_length_129610_cov_57.867872_124, 129177 # 129608 # 1 , 129177,129608,1 ,17_124,17,124,01,ATG,GGAG/GAGG,5-10bp,0.639,NODE_17_length_129610_cov_57.867872,mobileOG_000318596_NODE_17_length_129610_cov_57.867872
89,mobileOG_000324719|NGR_a00240|A0A3S4A4K0|integration/excision|NA|Plasmid RefSeq|Homology,NODE_17_length_129610_cov_57.867872_124 # 129177 # 129608 # 1 # ID=17_124;partial=01;start_type=ATG;rbs_motif=GGAG/GAGG;rbs_spacer=5-10bp;gc_cont=0.639,93.8,261,455,5.02e-86,144,1,144,1,144,mobileOG_000324719,NGR_a00240,A0A3S4A4K0,integration/excision,NA,Plasmid RefSeq,Homology,NODE_17_length_129610_cov_57.867872_124, 129177 # 129608 # 1 , 129177,129608,1 ,17_124,17,124,01,ATG,GGAG/GAGG,5-10bp,0.639,NODE_17_length_129610_cov_57.867872,mobileOG_000324719_NODE_17_length_129610_cov_57.867872
90,mobileOG_000318667|NGR_a00240|WP_130686426.1|integration/excision|NA|Plasmid RefSeq|Homology,NODE_17_length_129610_cov_57.867872_124 # 129177 # 129608 # 1 # ID=17_124;partial=01;start_type=ATG;rbs_motif=GGAG/GAGG;rbs_spacer=5-10bp;gc_cont=0.639,91.7,258,352,8.19e-86,144,1,144,1,144,mobileOG_000318667,NGR_a00240,WP_130686426.1,integration/excision,NA,Plasmid RefSeq,Homology,NODE_17_length_129610_cov_57.867872_124, 129177 # 129608 # 1 , 129177,129608,1 ,17_124,17,124,01,ATG,GGAG/GAGG,5-10bp,0.639,NODE_17_length_129610_cov_57.867872,mobileOG_000318667_NODE_17_length_129610_cov_57.867872
91,mobileOG_000024361|hfq|WP_003539403.1|phage|replication/recombination/repair|Plasmid RefSeq|Manual,NODE_21_length_95193_cov_52.499727_73 # 81602 # 81838 # -1 # ID=21_73;partial=00;start_type=ATG;rbs_motif=AGGA;rbs_spacer=5-10bp;gc_cont=0.460,93.6,148,80,2.43e-47,79,1,78,1,78,mobileOG_000024361,hfq,WP_003539403.1,phage,replication/recombination/repair,Plasmid RefSeq,Manual,NODE_21_length_95193_cov_52.499727_73, 81602 # 81838 # -1 , 81602,81838,-1 ,21_73,21,73,00,ATG,AGGA,5-10bp,0.460,NODE_21_length_95193_cov_52.499727,mobileOG_000024361_NODE_21_length_95193_cov_52.499727
92,mobileOG_000740799|NA:Keyword|WP_024897005.1|stability/transfer/defense|NA|Multiple|Keyword Search,NODE_30_length_61872_cov_68.296933_30 # 34522 # 34815 # 1 # ID=30_30;partial=00;start_type=ATG;rbs_motif=GGAGG;rbs_spacer=5-10bp;gc_cont=0.575,100,199,97,3.20e-67,98,1,97,1,97,mobileOG_000740799,NA:Keyword,WP_024897005.1,stability/transfer/defense,NA,Multiple,Keyword Search,NODE_30_length_61872_cov_68.296933_30, 34522 # 34815 # 1 , 34522,34815,1 ,30_30,30,30,00,ATG,GGAGG,5-10bp,0.575,NODE_30_length_61872_cov_68.296933,mobileOG_000740799_NODE_30_length_61872_cov_68.296933
93,mobileOG_000757205|NA:Keyword|A0A317L6L0|stability/transfer/defense|NA|Plasmid RefSeq|Keyword Search,NODE_30_length_61872_cov_68.296933_30 # 34522 # 34815 # 1 # ID=30_30;partial=00;start_type=ATG;rbs_motif=GGAGG;rbs_spacer=5-10bp;gc_cont=0.575,96.9,192,97,3.60e-64,98,1,97,1,97,mobileOG_000757205,NA:Keyword,A0A317L6L0,stability/transfer/defense,NA,Plasmid RefSeq,Keyword Search,NODE_30_length_61872_cov_68.296933_30, 34522 # 34815 # 1 , 34522,34815,1 ,30_30,30,30,00,ATG,GGAGG,5-10bp,0.575,NODE_30_length_61872_cov_68.296933,mobileOG_000757205_NODE_30_length_61872_cov_68.296933
94,mobileOG_000757206|NA:Keyword|A0A317L5K8|stability/transfer/defense|NA|Plasmid RefSeq|Keyword Search,NODE_30_length_61872_cov_68.296933_31 # 34812 # 35189 # 1 # ID=30_31;partial=00;start_type=ATG;rbs_motif=None;rbs_spacer=None;gc_cont=0.563,99.2,254,125,7.77e-88,126,1,125,1,125,mobileOG_000757206,NA:Keyword,A0A317L5K8,stability/transfer/defense,NA,Plasmid RefSeq,Keyword Search,NODE_30_length_61872_cov_68.296933_31, 34812 # 35189 # 1 , 34812,35189,1 ,30_31,30,31,00,ATG,None,None,0.563,NODE_30_length_61872_cov_68.296933,mobileOG_000757206_NODE_30_length_61872_cov_68.296933
95,mobileOG_000744062|NA:Keyword|WP_095448510.1|stability/transfer/defense|NA|Multiple|Keyword Search,NODE_30_length_61872_cov_68.296933_31 # 34812 # 35189 # 1 # ID=30_31;partial=00;start_type=ATG;rbs_motif=None;rbs_spacer=None;gc_cont=0.563,97.6,252,125,4.50e-87,126,1,125,1,125,mobileOG_000744062,NA:Keyword,WP_095448510.1,stability/transfer/defense,NA,Multiple,Keyword Search,NODE_30_length_61872_cov_68.296933_31, 34812 # 35189 # 1 , 34812,35189,1 ,30_31,30,31,00,ATG,None,None,0.563,NODE_30_length_61872_cov_68.296933,mobileOG_000744062_NODE_30_length_61872_cov_68.296933
96,mobileOG_000743837|NA:Keyword|WP_072642584.1|stability/transfer/defense|NA|Multiple|Keyword Search,NODE_30_length_61872_cov_68.296933_31 # 34812 # 35189 # 1 # ID=30_31;partial=00;start_type=ATG;rbs_motif=None;rbs_spacer=None;gc_cont=0.563,92.8,244,125,5.06e-84,126,1,125,1,125,mobileOG_000743837,NA:Keyword,WP_072642584.1,stability/transfer/defense,NA,Multiple,Keyword Search,NODE_30_length_61872_cov_68.296933_31, 34812 # 35189 # 1 , 34812,35189,1 ,30_31,30,31,00,ATG,None,None,0.563,NODE_30_length_61872_cov_68.296933,mobileOG_000743837_NODE_30_length_61872_cov_68.296933
97,mobileOG_000752807|NA:Keyword|WP_130747853.1|stability/transfer/defense|NA|Plasmid RefSeq|Keyword Search,NODE_30_length_61872_cov_68.296933_31 # 34812 # 35189 # 1 # ID=30_31;partial=00;start_type=ATG;rbs_motif=None;rbs_spacer=None;gc_cont=0.563,92.8,244,125,5.06e-84,126,1,125,1,125,mobileOG_000752807,NA:Keyword,WP_130747853.1,stability/transfer/defense,NA,Plasmid RefSeq,Keyword Search,NODE_30_length_61872_cov_68.296933_31, 34812 # 35189 # 1 , 34812,35189,1 ,30_31,30,31,00,ATG,None,None,0.563,NODE_30_length_61872_cov_68.296933,mobileOG_000752807_NODE_30_length_61872_cov_68.296933
98,mobileOG_000398516|NA:Keyword|A0A397M618|stability/transfer/defense|NA|COMPASS|Keyword Search,NODE_30_length_61872_cov_68.296933_32 # 35201 # 35449 # 1 # ID=30_32;partial=00;start_type=GTG;rbs_motif=GGA/GAG/AGG;rbs_spacer=5-10bp;gc_cont=0.546,98.8,170,82,4.28e-56,83,1,82,1,82,mobileOG_000398516,NA:Keyword,A0A397M618,stability/transfer/defense,NA,COMPASS,Keyword Search,NODE_30_length_61872_cov_68.296933_32, 35201 # 35449 # 1 , 35201,35449,1 ,30_32,30,32,00,GTG,GGA/GAG/AGG,5-10bp,0.546,NODE_30_length_61872_cov_68.296933,mobileOG_000398516_NODE_30_length_61872_cov_68.296933
99,mobileOG_000350788|intX|A0A317L8F0|integration/excision|NA|Plasmid RefSeq|Homology,NODE_30_length_61872_cov_68.296933_33 # 35446 # 36588 # 1 # ID=30_33;partial=00;start_type=ATG;rbs_motif=GGA/GAG/AGG;rbs_spacer=5-10bp;gc_cont=0.599,96.6,713,380,4.64e-261,381,1,380,1,380,mobileOG_000350788,intX,A0A317L8F0,integration/excision,NA,Plasmid RefSeq,Homology,NODE_30_length_61872_cov_68.296933_33, 35446 # 36588 # 1 , 35446,36588,1 ,30_33,30,33,00,ATG,GGA/GAG/AGG,5-10bp,0.599,NODE_30_length_61872_cov_68.296933,mobileOG_000350788_NODE_30_length_61872_cov_68.296933
100,mobileOG_000038138|intX|WP_011982887.1|integration/excision|NA|Multiple|Homology,NODE_30_length_61872_cov_68.296933_33 # 35446 # 36588 # 1 # ID=30_33;partial=00;start_type=ATG;rbs_motif=GGA/GAG/AGG;rbs_spacer=5-10bp;gc_cont=0.599,91.8,687,380,1.07e-250,381,1,380,1,380,mobileOG_000038138,intX,WP_011982887.1,integration/excision,NA,Multiple,Homology,NODE_30_length_61872_cov_68.296933_33, 35446 # 36588 # 1 , 35446,36588,1 ,30_33,30,33,00,ATG,GGA/GAG/AGG,5-10bp,0.599,NODE_30_length_61872_cov_68.296933,mobileOG_000038138_NODE_30_length_61872_cov_68.296933
101,mobileOG_000297283|intX|A0A256F0G3|integration/excision|NA|Plasmid RefSeq|Homology,NODE_30_length_61872_cov_68.296933_33 # 35446 # 36588 # 1 # ID=30_33;partial=00;start_type=ATG;rbs_motif=GGA/GAG/AGG;rbs_spacer=5-10bp;gc_cont=0.599,94.0,683,381,3.70e-249,381,13,381,12,380,mobileOG_000297283,intX,A0A256F0G3,integration/excision,NA,Plasmid RefSeq,Homology,NODE_30_length_61872_cov_68.296933_33, 35446 # 36588 # 1 , 35446,36588,1 ,30_33,30,33,00,ATG,GGA/GAG/AGG,5-10bp,0.599,NODE_30_length_61872_cov_68.296933,mobileOG_000297283_NODE_30_length_61872_cov_68.296933
102,mobileOG_000316891|intX|WP_095448511.1|integration/excision|NA|Multiple|Homology,NODE_30_length_61872_cov_68.296933_33 # 35446 # 36588 # 1 # ID=30_33;partial=00;start_type=ATG;rbs_motif=GGA/GAG/AGG;rbs_spacer=5-10bp;gc_cont=0.599,91.3,680,380,4.16e-248,381,1,380,1,380,mobileOG_000316891,intX,WP_095448511.1,integration/excision,NA,Multiple,Homology,NODE_30_length_61872_cov_68.296933_33, 35446 # 36588 # 1 , 35446,36588,1 ,30_33,30,33,00,ATG,GGA/GAG/AGG,5-10bp,0.599,NODE_30_length_61872_cov_68.296933,mobileOG_000316891_NODE_30_length_61872_cov_68.296933
103,mobileOG_000290638|intX|A0A0D5A103|integration/excision|NA|Multiple|Homology,NODE_30_length_61872_cov_68.296933_33 # 35446 # 36588 # 1 # ID=30_33;partial=00;start_type=ATG;rbs_motif=GGA/GAG/AGG;rbs_spacer=5-10bp;gc_cont=0.599,91.6,669,381,1.61e-243,381,13,381,12,380,mobileOG_000290638,intX,A0A0D5A103,integration/excision,NA,Multiple,Homology,NODE_30_length_61872_cov_68.296933_33, 35446 # 36588 # 1 , 35446,36588,1 ,30_33,30,33,00,ATG,GGA/GAG/AGG,5-10bp,0.599,NODE_30_length_61872_cov_68.296933,mobileOG_000290638_NODE_30_length_61872_cov_68.296933
104,mobileOG_000374779|rinQ|WP_051917455.1|integration/excision|NA|Multiple|Homology,NODE_30_length_61872_cov_68.296933_39 # 43438 # 44355 # 1 # ID=30_39;partial=00;start_type=GTG;rbs_motif=GGA/GAG/AGG;rbs_spacer=5-10bp;gc_cont=0.599,95.1,560,305,4.42e-203,306,1,305,1,305,mobileOG_000374779,rinQ,WP_051917455.1,integration/excision,NA,Multiple,Homology,NODE_30_length_61872_cov_68.296933_39, 43438 # 44355 # 1 , 43438,44355,1 ,30_39,30,39,00,GTG,GGA/GAG/AGG,5-10bp,0.599,NODE_30_length_61872_cov_68.296933,mobileOG_000374779_NODE_30_length_61872_cov_68.296933
105,mobileOG_000359398|rinQ|A0A317L5V6|integration/excision|NA|Plasmid RefSeq|Homology,NODE_30_length_61872_cov_68.296933_39 # 43438 # 44355 # 1 # ID=30_39;partial=00;start_type=GTG;rbs_motif=GGA/GAG/AGG;rbs_spacer=5-10bp;gc_cont=0.599,93.4,549,305,8.18e-199,306,1,305,1,305,mobileOG_000359398,rinQ,A0A317L5V6,integration/excision,NA,Plasmid RefSeq,Homology,NODE_30_length_61872_cov_68.296933_39, 43438 # 44355 # 1 , 43438,44355,1 ,30_39,30,39,00,GTG,GGA/GAG/AGG,5-10bp,0.599,NODE_30_length_61872_cov_68.296933,mobileOG_000359398_NODE_30_length_61872_cov_68.296933
106,mobileOG_000363781|rinQ|WP_016558284.1|integration/excision|NA|Plasmid RefSeq|Homology,NODE_30_length_61872_cov_68.296933_39 # 43438 # 44355 # 1 # ID=30_39;partial=00;start_type=GTG;rbs_motif=GGA/GAG/AGG;rbs_spacer=5-10bp;gc_cont=0.599,91.1,541,305,1.30e-195,306,1,304,1,304,mobileOG_000363781,rinQ,WP_016558284.1,integration/excision,NA,Plasmid RefSeq,Homology,NODE_30_length_61872_cov_68.296933_39, 43438 # 44355 # 1 , 43438,44355,1 ,30_39,30,39,00,GTG,GGA/GAG/AGG,5-10bp,0.599,NODE_30_length_61872_cov_68.296933,mobileOG_000363781_NODE_30_length_61872_cov_68.296933
107,mobileOG_000043741|rinQ|WP_077988777.1|integration/excision|NA|Multiple|Homology,NODE_30_length_61872_cov_68.296933_39 # 43438 # 44355 # 1 # ID=30_39;partial=00;start_type=GTG;rbs_motif=GGA/GAG/AGG;rbs_spacer=5-10bp;gc_cont=0.599,90.8,540,305,5.27e-195,306,1,304,1,304,mobileOG_000043741,rinQ,WP_077988777.1,integration/excision,NA,Multiple,Homology,NODE_30_length_61872_cov_68.296933_39, 43438 # 44355 # 1 , 43438,44355,1 ,30_39,30,39,00,GTG,GGA/GAG/AGG,5-10bp,0.599,NODE_30_length_61872_cov_68.296933,mobileOG_000043741_NODE_30_length_61872_cov_68.296933
108,mobileOG_000359120|rinQ|WP_040140250.1|integration/excision|NA|Multiple|Homology,NODE_30_length_61872_cov_68.296933_39 # 43438 # 44355 # 1 # ID=30_39;partial=00;start_type=GTG;rbs_motif=GGA/GAG/AGG;rbs_spacer=5-10bp;gc_cont=0.599,90.5,538,305,2.15e-194,306,1,304,1,304,mobileOG_000359120,rinQ,WP_040140250.1,integration/excision,NA,Multiple,Homology,NODE_30_length_61872_cov_68.296933_39, 43438 # 44355 # 1 , 43438,44355,1 ,30_39,30,39,00,GTG,GGA/GAG/AGG,5-10bp,0.599,NODE_30_length_61872_cov_68.296933,mobileOG_000359120_NODE_30_length_61872_cov_68.296933
109,mobileOG_000035975|rinQ|WP_011654577.1|integration/excision|NA|Multiple|Homology,NODE_30_length_61872_cov_68.296933_39 # 43438 # 44355 # 1 # ID=30_39;partial=00;start_type=GTG;rbs_motif=GGA/GAG/AGG;rbs_spacer=5-10bp;gc_cont=0.599,90.5,534,305,7.17e-193,306,1,305,1,305,mobileOG_000035975,rinQ,WP_011654577.1,integration/excision,NA,Multiple,Homology,NODE_30_length_61872_cov_68.296933_39, 43438 # 44355 # 1 , 43438,44355,1 ,30_39,30,39,00,GTG,GGA/GAG/AGG,5-10bp,0.599,NODE_30_length_61872_cov_68.296933,mobileOG_000035975_NODE_30_length_61872_cov_68.296933
110,mobileOG_000307175|rinQ|WP_007636253.1|integration/excision|NA|Plasmid RefSeq|Homology,NODE_30_length_61872_cov_68.296933_39 # 43438 # 44355 # 1 # ID=30_39;partial=00;start_type=GTG;rbs_motif=GGA/GAG/AGG;rbs_spacer=5-10bp;gc_cont=0.599,90.5,531,305,8.35e-192,306,1,304,1,304,mobileOG_000307175,rinQ,WP_007636253.1,integration/excision,NA,Plasmid RefSeq,Homology,NODE_30_length_61872_cov_68.296933_39, 43438 # 44355 # 1 , 43438,44355,1 ,30_39,30,39,00,GTG,GGA/GAG/AGG,5-10bp,0.599,NODE_30_length_61872_cov_68.296933,mobileOG_000307175_NODE_30_length_61872_cov_68.296933
111,mobileOG_000307164|rinQ|WP_020923817.1|integration/excision|NA|Multiple|Homology,NODE_30_length_61872_cov_68.296933_39 # 43438 # 44355 # 1 # ID=30_39;partial=00;start_type=GTG;rbs_motif=GGA/GAG/AGG;rbs_spacer=5-10bp;gc_cont=0.599,90.5,530,305,3.40e-191,306,1,305,1,305,mobileOG_000307164,rinQ,WP_020923817.1,integration/excision,NA,Multiple,Homology,NODE_30_length_61872_cov_68.296933_39, 43438 # 44355 # 1 , 43438,44355,1 ,30_39,30,39,00,GTG,GGA/GAG/AGG,5-10bp,0.599,NODE_30_length_61872_cov_68.296933,mobileOG_000307164_NODE_30_length_61872_cov_68.296933
112,mobileOG_000307168|rinQ|WP_069456578.1|integration/excision|NA|Plasmid RefSeq|Homology,NODE_30_length_61872_cov_68.296933_39 # 43438 # 44355 # 1 # ID=30_39;partial=00;start_type=GTG;rbs_motif=GGA/GAG/AGG;rbs_spacer=5-10bp;gc_cont=0.599,91.4,521,305,7.64e-188,306,15,305,15,305,mobileOG_000307168,rinQ,WP_069456578.1,integration/excision,NA,Plasmid RefSeq,Homology,NODE_30_length_61872_cov_68.296933_39, 43438 # 44355 # 1 , 43438,44355,1 ,30_39,30,39,00,GTG,GGA/GAG/AGG,5-10bp,0.599,NODE_30_length_61872_cov_68.296933,mobileOG_000307168_NODE_30_length_61872_cov_68.296933
113,mobileOG_000307261|rinQ|WP_025429974.1|integration/excision|NA|Multiple|Homology,NODE_30_length_61872_cov_68.296933_39 # 43438 # 44355 # 1 # ID=30_39;partial=00;start_type=GTG;rbs_motif=GGA/GAG/AGG;rbs_spacer=5-10bp;gc_cont=0.599,90.7,514,305,8.50e-185,306,15,305,15,305,mobileOG_000307261,rinQ,WP_025429974.1,integration/excision,NA,Multiple,Homology,NODE_30_length_61872_cov_68.296933_39, 43438 # 44355 # 1 , 43438,44355,1 ,30_39,30,39,00,GTG,GGA/GAG/AGG,5-10bp,0.599,NODE_30_length_61872_cov_68.296933,mobileOG_000307261_NODE_30_length_61872_cov_68.296933
114,mobileOG_000307437|rinQ|WP_014330931.1|integration/excision|NA|Multiple|Homology,NODE_30_length_61872_cov_68.296933_39 # 43438 # 44355 # 1 # ID=30_39;partial=00;start_type=GTG;rbs_motif=GGA/GAG/AGG;rbs_spacer=5-10bp;gc_cont=0.599,90.0,509,304,7.83e-183,306,14,303,15,304,mobileOG_000307437,rinQ,WP_014330931.1,integration/excision,NA,Multiple,Homology,NODE_30_length_61872_cov_68.296933_39, 43438 # 44355 # 1 , 43438,44355,1 ,30_39,30,39,00,GTG,GGA/GAG/AGG,5-10bp,0.599,NODE_30_length_61872_cov_68.296933,mobileOG_000307437_NODE_30_length_61872_cov_68.296933
115,mobileOG_000350789|parD|A0A317L6P4|stability/transfer/defense|NA|Plasmid RefSeq|Homology,NODE_30_length_61872_cov_68.296933_41 # 44721 # 44966 # -1 # ID=30_41;partial=00;start_type=ATG;rbs_motif=AGGAG;rbs_spacer=5-10bp;gc_cont=0.533,90.1,143,81,1.92e-45,82,1,81,1,81,mobileOG_000350789,parD,A0A317L6P4,stability/transfer/defense,NA,Plasmid RefSeq,Homology,NODE_30_length_61872_cov_68.296933_41, 44721 # 44966 # -1 , 44721,44966,-1 ,30_41,30,41,00,ATG,AGGAG,5-10bp,0.533,NODE_30_length_61872_cov_68.296933,mobileOG_000350789_NODE_30_length_61872_cov_68.296933
116,"mobileOG_000290725|repA|A0A0D5A101|replication/recombination/repair|initiation,copy number control,plasmid|Multiple|Homology",NODE_30_length_61872_cov_68.296933_48 # 50293 # 51486 # 1 # ID=30_48;partial=00;start_type=ATG;rbs_motif=GGA/GAG/AGG;rbs_spacer=5-10bp;gc_cont=0.497,99.5,773,397,2.06e-284,398,1,397,1,397,mobileOG_000290725,repA,A0A0D5A101,replication/recombination/repair,"initiation,copy number control,plasmid",Multiple,Homology,NODE_30_length_61872_cov_68.296933_48, 50293 # 51486 # 1 , 50293,51486,1 ,30_48,30,48,00,ATG,GGA/GAG/AGG,5-10bp,0.497,NODE_30_length_61872_cov_68.296933,mobileOG_000290725_NODE_30_length_61872_cov_68.296933
117,"mobileOG_000038535|repA|WP_011983048.1|replication/recombination/repair|initiation,copy number control,plasmid|Multiple|Homology",NODE_30_length_61872_cov_68.296933_48 # 50293 # 51486 # 1 # ID=30_48;partial=00;start_type=ATG;rbs_motif=GGA/GAG/AGG;rbs_spacer=5-10bp;gc_cont=0.497,91.4,712,397,2.47e-260,398,1,397,1,397,mobileOG_000038535,repA,WP_011983048.1,replication/recombination/repair,"initiation,copy number control,plasmid",Multiple,Homology,NODE_30_length_61872_cov_68.296933_48, 50293 # 51486 # 1 , 50293,51486,1 ,30_48,30,48,00,ATG,GGA/GAG/AGG,5-10bp,0.497,NODE_30_length_61872_cov_68.296933,mobileOG_000038535_NODE_30_length_61872_cov_68.296933
118,mobileOG_000291215|repB|A0A0D5A014|replication/recombination/repair|NA|Multiple|Homology,NODE_30_length_61872_cov_68.296933_49 # 51490 # 52533 # 1 # ID=30_49;partial=00;start_type=ATG;rbs_motif=GGAGG;rbs_spacer=5-10bp;gc_cont=0.470,98.6,645,347,3.38e-235,348,1,347,1,347,mobileOG_000291215,repB,A0A0D5A014,replication/recombination/repair,NA,Multiple,Homology,NODE_30_length_61872_cov_68.296933_49, 51490 # 52533 # 1 , 51490,52533,1 ,30_49,30,49,00,ATG,GGAGG,5-10bp,0.470,NODE_30_length_61872_cov_68.296933,mobileOG_000291215_NODE_30_length_61872_cov_68.296933
119,"mobileOG_000734485|NA:Keyword|A0A0D5A114|replication/recombination/repair|initiation,copy number control,plasmid|Multiple|Keyword Search",NODE_30_length_61872_cov_68.296933_50 # 52689 # 53918 # 1 # ID=30_50;partial=00;start_type=ATG;rbs_motif=GGA/GAG/AGG;rbs_spacer=5-10bp;gc_cont=0.498,90.4,689,407,1.61e-250,410,1,407,1,407,mobileOG_000734485,NA:Keyword,A0A0D5A114,replication/recombination/repair,"initiation,copy number control,plasmid",Multiple,Keyword Search,NODE_30_length_61872_cov_68.296933_50, 52689 # 53918 # 1 , 52689,53918,1 ,30_50,30,50,00,ATG,GGA/GAG/AGG,5-10bp,0.498,NODE_30_length_61872_cov_68.296933,mobileOG_000734485_NODE_30_length_61872_cov_68.296933
120,mobileOG_000038537|higB-1|WP_011983054.1|stability/transfer/defense|NA|Multiple|Homology,NODE_30_length_61872_cov_68.296933_53 # 55899 # 56180 # 1 # ID=30_53;partial=00;start_type=ATG;rbs_motif=AGGAG;rbs_spacer=5-10bp;gc_cont=0.500,94.6,186,93,3.69e-62,94,1,93,1,93,mobileOG_000038537,higB-1,WP_011983054.1,stability/transfer/defense,NA,Multiple,Homology,NODE_30_length_61872_cov_68.296933_53, 55899 # 56180 # 1 , 55899,56180,1 ,30_53,30,53,00,ATG,AGGAG,5-10bp,0.500,NODE_30_length_61872_cov_68.296933,mobileOG_000038537_NODE_30_length_61872_cov_68.296933
121,mobileOG_000038538|higA|WP_011983055.1|stability/transfer/defense|NA|Multiple|Homology,NODE_30_length_61872_cov_68.296933_54 # 56193 # 56489 # 1 # ID=30_54;partial=00;start_type=ATG;rbs_motif=AGGA;rbs_spacer=5-10bp;gc_cont=0.552,98.0,189,98,4.53e-63,99,1,98,1,98,mobileOG_000038538,higA,WP_011983055.1,stability/transfer/defense,NA,Multiple,Homology,NODE_30_length_61872_cov_68.296933_54, 56193 # 56489 # 1 , 56193,56489,1 ,30_54,30,54,00,ATG,AGGA,5-10bp,0.552,NODE_30_length_61872_cov_68.296933,mobileOG_000038538_NODE_30_length_61872_cov_68.296933
122,mobileOG_000743482|NA:Keyword|WP_035200983.1|stability/transfer/defense|NA|Plasmid RefSeq|Keyword Search,NODE_31_length_57456_cov_62.665731_16 # 15377 # 16699 # -1 # ID=31_16;partial=00;start_type=ATG;rbs_motif=GGA/GAG/AGG;rbs_spacer=5-10bp;gc_cont=0.584,91.1,793,440,1.41e-290,441,1,440,1,440,mobileOG_000743482,NA:Keyword,WP_035200983.1,stability/transfer/defense,NA,Plasmid RefSeq,Keyword Search,NODE_31_length_57456_cov_62.665731_16, 15377 # 16699 # -1 , 15377,16699,-1 ,31_16,31,16,00,ATG,GGA/GAG/AGG,5-10bp,0.584,NODE_31_length_57456_cov_62.665731,mobileOG_000743482_NODE_31_length_57456_cov_62.665731
123,mobileOG_000743441|NA:Keyword|WP_013637345.1|stability/transfer/defense|NA|Multiple|Keyword Search,NODE_31_length_57456_cov_62.665731_16 # 15377 # 16699 # -1 # ID=31_16;partial=00;start_type=ATG;rbs_motif=GGA/GAG/AGG;rbs_spacer=5-10bp;gc_cont=0.584,90.5,785,440,1.57e-287,441,1,440,1,440,mobileOG_000743441,NA:Keyword,WP_013637345.1,stability/transfer/defense,NA,Multiple,Keyword Search,NODE_31_length_57456_cov_62.665731_16, 15377 # 16699 # -1 , 15377,16699,-1 ,31_16,31,16,00,ATG,GGA/GAG/AGG,5-10bp,0.584,NODE_31_length_57456_cov_62.665731,mobileOG_000743441_NODE_31_length_57456_cov_62.665731
124,mobileOG_000749543|NA:Keyword|WP_121557687.1|stability/transfer/defense|NA|Plasmid RefSeq|Keyword Search,NODE_31_length_57456_cov_62.665731_16 # 15377 # 16699 # -1 # ID=31_16;partial=00;start_type=ATG;rbs_motif=GGA/GAG/AGG;rbs_spacer=5-10bp;gc_cont=0.584,90.5,783,440,6.39e-287,441,1,440,1,440,mobileOG_000749543,NA:Keyword,WP_121557687.1,stability/transfer/defense,NA,Plasmid RefSeq,Keyword Search,NODE_31_length_57456_cov_62.665731_16, 15377 # 16699 # -1 , 15377,16699,-1 ,31_16,31,16,00,ATG,GGA/GAG/AGG,5-10bp,0.584,NODE_31_length_57456_cov_62.665731,mobileOG_000749543_NODE_31_length_57456_cov_62.665731
125,mobileOG_000276516|tnp_2|Q1MHR6|integration/excision|NA|ISFinder|Homology,NODE_34_length_51503_cov_52.736865_16 # 18941 # 20311 # -1 # ID=34_16;partial=00;start_type=ATG;rbs_motif=None;rbs_spacer=None;gc_cont=0.608,90.1,832,456,2.00e-305,457,1,456,1,456,mobileOG_000276516,tnp_2,Q1MHR6,integration/excision,NA,ISFinder,Homology,NODE_34_length_51503_cov_52.736865_16, 18941 # 20311 # -1 , 18941,20311,-1 ,34_16,34,16,00,ATG,None,None,0.608,NODE_34_length_51503_cov_52.736865,mobileOG_000276516_NODE_34_length_51503_cov_52.736865
126,mobileOG_000297283|intX|A0A256F0G3|integration/excision|NA|Plasmid RefSeq|Homology,NODE_40_length_37926_cov_70.745224_1 # 1 # 1002 # 1 # ID=40_1;partial=10;start_type=Edge;rbs_motif=None;rbs_spacer=None;gc_cont=0.616,98.2,638,381,2.65e-232,334,49,381,1,333,mobileOG_000297283,intX,A0A256F0G3,integration/excision,NA,Plasmid RefSeq,Homology,NODE_40_length_37926_cov_70.745224_1, 1 # 1002 # 1 , 1,1002,1 ,40_1,40,1,10,Edge,None,None,0.616,NODE_40_length_37926_cov_70.745224,mobileOG_000297283_NODE_40_length_37926_cov_70.745224
127,mobileOG_000350788|intX|A0A317L8F0|integration/excision|NA|Plasmid RefSeq|Homology,NODE_40_length_37926_cov_70.745224_1 # 1 # 1002 # 1 # ID=40_1;partial=10;start_type=Edge;rbs_motif=None;rbs_spacer=None;gc_cont=0.616,94.9,620,380,5.25e-225,334,48,380,1,333,mobileOG_000350788,intX,A0A317L8F0,integration/excision,NA,Plasmid RefSeq,Homology,NODE_40_length_37926_cov_70.745224_1, 1 # 1002 # 1 , 1,1002,1 ,40_1,40,1,10,Edge,None,None,0.616,NODE_40_length_37926_cov_70.745224,mobileOG_000350788_NODE_40_length_37926_cov_70.745224
128,mobileOG_000038138|intX|WP_011982887.1|integration/excision|NA|Multiple|Homology,NODE_40_length_37926_cov_70.745224_1 # 1 # 1002 # 1 # ID=40_1;partial=10;start_type=Edge;rbs_motif=None;rbs_spacer=None;gc_cont=0.616,91.6,604,380,6.50e-219,334,48,380,1,333,mobileOG_000038138,intX,WP_011982887.1,integration/excision,NA,Multiple,Homology,NODE_40_length_37926_cov_70.745224_1, 1 # 1002 # 1 , 1,1002,1 ,40_1,40,1,10,Edge,None,None,0.616,NODE_40_length_37926_cov_70.745224,mobileOG_000038138_NODE_40_length_37926_cov_70.745224
129,mobileOG_000316891|intX|WP_095448511.1|integration/excision|NA|Multiple|Homology,NODE_40_length_37926_cov_70.745224_1 # 1 # 1002 # 1 # ID=40_1;partial=10;start_type=Edge;rbs_motif=None;rbs_spacer=None;gc_cont=0.616,91.3,600,380,2.17e-217,334,48,380,1,333,mobileOG_000316891,intX,WP_095448511.1,integration/excision,NA,Multiple,Homology,NODE_40_length_37926_cov_70.745224_1, 1 # 1002 # 1 , 1,1002,1 ,40_1,40,1,10,Edge,None,None,0.616,NODE_40_length_37926_cov_70.745224,mobileOG_000316891_NODE_40_length_37926_cov_70.745224
130,mobileOG_000290638|intX|A0A0D5A103|integration/excision|NA|Multiple|Homology,NODE_40_length_37926_cov_70.745224_1 # 1 # 1002 # 1 # ID=40_1;partial=10;start_type=Edge;rbs_motif=None;rbs_spacer=None;gc_cont=0.616,90.4,599,381,9.15e-217,334,49,381,1,333,mobileOG_000290638,intX,A0A0D5A103,integration/excision,NA,Multiple,Homology,NODE_40_length_37926_cov_70.745224_1, 1 # 1002 # 1 , 1,1002,1 ,40_1,40,1,10,Edge,None,None,0.616,NODE_40_length_37926_cov_70.745224,mobileOG_000290638_NODE_40_length_37926_cov_70.745224
131,"mobileOG_000023745|repA|A0A317LAX6|replication/recombination/repair|initiation,copy number control,plasmid|Plasmid RefSeq|Manual",NODE_40_length_37926_cov_70.745224_7 # 5068 # 6282 # 1 # ID=40_7;partial=00;start_type=ATG;rbs_motif=GGAG/GAGG;rbs_spacer=5-10bp;gc_cont=0.494,91.8,726,403,1.90e-265,405,1,403,1,403,mobileOG_000023745,repA,A0A317LAX6,replication/recombination/repair,"initiation,copy number control,plasmid",Plasmid RefSeq,Manual,NODE_40_length_37926_cov_70.745224_7, 5068 # 6282 # 1 , 5068,6282,1 ,40_7,40,7,00,ATG,GGAG/GAGG,5-10bp,0.494,NODE_40_length_37926_cov_70.745224,mobileOG_000023745_NODE_40_length_37926_cov_70.745224
132,"mobileOG_000739325|NA:Keyword|A0A5C5CC06|replication/recombination/repair|initiation,copy number control,plasmid|Plasmid RefSeq|Keyword Search",NODE_40_length_37926_cov_70.745224_9 # 7478 # 8707 # 1 # ID=40_9;partial=00;start_type=ATG;rbs_motif=GGA/GAG/AGG;rbs_spacer=5-10bp;gc_cont=0.527,91.0,699,409,9.41e-255,410,1,409,1,409,mobileOG_000739325,NA:Keyword,A0A5C5CC06,replication/recombination/repair,"initiation,copy number control,plasmid",Plasmid RefSeq,Keyword Search,NODE_40_length_37926_cov_70.745224_9, 7478 # 8707 # 1 , 7478,8707,1 ,40_9,40,9,00,ATG,GGA/GAG/AGG,5-10bp,0.527,NODE_40_length_37926_cov_70.745224,mobileOG_000739325_NODE_40_length_37926_cov_70.745224
133,mobileOG_000299580|brxL|A0A371X9D8|stability/transfer/defense|phage defense|Plasmid RefSeq|Homology,NODE_40_length_37926_cov_70.745224_15 # 12564 # 14615 # -1 # ID=40_15;partial=00;start_type=ATG;rbs_motif=GGAG/GAGG;rbs_spacer=5-10bp;gc_cont=0.551,97.4,1344,686,0.0,684,1,686,1,683,mobileOG_000299580,brxL,A0A371X9D8,stability/transfer/defense,phage defense,Plasmid RefSeq,Homology,NODE_40_length_37926_cov_70.745224_15, 12564 # 14615 # -1 , 12564,14615,-1 ,40_15,40,15,00,ATG,GGAG/GAGG,5-10bp,0.551,NODE_40_length_37926_cov_70.745224,mobileOG_000299580_NODE_40_length_37926_cov_70.745224
134,mobileOG_000332802|brxL|WP_010336179.1|stability/transfer/defense|phage defense|Plasmid RefSeq|Homology,NODE_40_length_37926_cov_70.745224_15 # 12564 # 14615 # -1 # ID=40_15;partial=00;start_type=ATG;rbs_motif=GGAG/GAGG;rbs_spacer=5-10bp;gc_cont=0.551,93.1,1304,693,0.0,684,1,692,1,683,mobileOG_000332802,brxL,WP_010336179.1,stability/transfer/defense,phage defense,Plasmid RefSeq,Homology,NODE_40_length_37926_cov_70.745224_15, 12564 # 14615 # -1 , 12564,14615,-1 ,40_15,40,15,00,ATG,GGAG/GAGG,5-10bp,0.551,NODE_40_length_37926_cov_70.745224,mobileOG_000332802_NODE_40_length_37926_cov_70.745224
135,mobileOG_000326244|brxL|WP_069709531.1|stability/transfer/defense|phage defense|Multiple|Homology,NODE_40_length_37926_cov_70.745224_15 # 12564 # 14615 # -1 # ID=40_15;partial=00;start_type=ATG;rbs_motif=GGAG/GAGG;rbs_spacer=5-10bp;gc_cont=0.551,92.8,1296,693,0.0,684,1,692,1,683,mobileOG_000326244,brxL,WP_069709531.1,stability/transfer/defense,phage defense,Multiple,Homology,NODE_40_length_37926_cov_70.745224_15, 12564 # 14615 # -1 , 12564,14615,-1 ,40_15,40,15,00,ATG,GGAG/GAGG,5-10bp,0.551,NODE_40_length_37926_cov_70.745224,mobileOG_000326244_NODE_40_length_37926_cov_70.745224
136,mobileOG_000038532|insD1|WP_144243780.1|integration/excision|NA|Multiple|Homology,NODE_48_length_18127_cov_59.226039_1 # 73 # 402 # -1 # ID=48_1;partial=00;start_type=ATG;rbs_motif=AGGA;rbs_spacer=5-10bp;gc_cont=0.609,97.2,208,275,6.88e-68,110,1,109,1,109,mobileOG_000038532,insD1,WP_144243780.1,integration/excision,NA,Multiple,Homology,NODE_48_length_18127_cov_59.226039_1, 73 # 402 # -1 , 73,402,-1 ,48_1,48,1,00,ATG,AGGA,5-10bp,0.609,NODE_48_length_18127_cov_59.226039,mobileOG_000038532_NODE_48_length_18127_cov_59.226039
137,mobileOG_000061958|insD1|WP_111818031.1|integration/excision|NA|COMPASS|Homology,NODE_48_length_18127_cov_59.226039_1 # 73 # 402 # -1 # ID=48_1;partial=00;start_type=ATG;rbs_motif=AGGA;rbs_spacer=5-10bp;gc_cont=0.609,97.2,208,275,6.88e-68,110,1,109,1,109,mobileOG_000061958,insD1,WP_111818031.1,integration/excision,NA,COMPASS,Homology,NODE_48_length_18127_cov_59.226039_1, 73 # 402 # -1 , 73,402,-1 ,48_1,48,1,00,ATG,AGGA,5-10bp,0.609,NODE_48_length_18127_cov_59.226039,mobileOG_000061958_NODE_48_length_18127_cov_59.226039
138,mobileOG_000061740|insD1|WP_155249444.1|integration/excision|NA|COMPASS|Homology,NODE_48_length_18127_cov_59.226039_1 # 73 # 402 # -1 # ID=48_1;partial=00;start_type=ATG;rbs_motif=AGGA;rbs_spacer=5-10bp;gc_cont=0.609,96.3,206,271,4.95e-67,110,1,109,1,109,mobileOG_000061740,insD1,WP_155249444.1,integration/excision,NA,COMPASS,Homology,NODE_48_length_18127_cov_59.226039_1, 73 # 402 # -1 , 73,402,-1 ,48_1,48,1,00,ATG,AGGA,5-10bp,0.609,NODE_48_length_18127_cov_59.226039,mobileOG_000061740_NODE_48_length_18127_cov_59.226039
139,mobileOG_000075019|insD1|WP_100911651.1|integration/excision|NA|COMPASS|Homology,NODE_48_length_18127_cov_59.226039_1 # 73 # 402 # -1 # ID=48_1;partial=00;start_type=ATG;rbs_motif=AGGA;rbs_spacer=5-10bp;gc_cont=0.609,96.3,206,280,6.49e-67,110,1,109,1,109,mobileOG_000075019,insD1,WP_100911651.1,integration/excision,NA,COMPASS,Homology,NODE_48_length_18127_cov_59.226039_1, 73 # 402 # -1 , 73,402,-1 ,48_1,48,1,00,ATG,AGGA,5-10bp,0.609,NODE_48_length_18127_cov_59.226039,mobileOG_000075019_NODE_48_length_18127_cov_59.226039
140,mobileOG_000286018|insD1|WP_111818031.1|integration/excision|NA|Plasmid RefSeq|Homology,NODE_48_length_18127_cov_59.226039_1 # 73 # 402 # -1 # ID=48_1;partial=00;start_type=ATG;rbs_motif=AGGA;rbs_spacer=5-10bp;gc_cont=0.609,97.2,208,404,2.56e-66,110,130,238,1,109,mobileOG_000286018,insD1,WP_111818031.1,integration/excision,NA,Plasmid RefSeq,Homology,NODE_48_length_18127_cov_59.226039_1, 73 # 402 # -1 , 73,402,-1 ,48_1,48,1,00,ATG,AGGA,5-10bp,0.609,NODE_48_length_18127_cov_59.226039,mobileOG_000286018_NODE_48_length_18127_cov_59.226039
141,mobileOG_000293601|insD1|WP_111818031.1|integration/excision|NA|Plasmid RefSeq|Homology,NODE_48_length_18127_cov_59.226039_1 # 73 # 402 # -1 # ID=48_1;partial=00;start_type=ATG;rbs_motif=AGGA;rbs_spacer=5-10bp;gc_cont=0.609,97.2,208,404,2.56e-66,110,130,238,1,109,mobileOG_000293601,insD1,WP_111818031.1,integration/excision,NA,Plasmid RefSeq,Homology,NODE_48_length_18127_cov_59.226039_1, 73 # 402 # -1 , 73,402,-1 ,48_1,48,1,00,ATG,AGGA,5-10bp,0.609,NODE_48_length_18127_cov_59.226039,mobileOG_000293601_NODE_48_length_18127_cov_59.226039
142,mobileOG_000342805|insD1|WP_144243780.1|integration/excision|NA|Plasmid RefSeq|Homology,NODE_48_length_18127_cov_59.226039_1 # 73 # 402 # -1 # ID=48_1;partial=00;start_type=ATG;rbs_motif=AGGA;rbs_spacer=5-10bp;gc_cont=0.609,97.2,208,404,2.56e-66,110,130,238,1,109,mobileOG_000342805,insD1,WP_144243780.1,integration/excision,NA,Plasmid RefSeq,Homology,NODE_48_length_18127_cov_59.226039_1, 73 # 402 # -1 , 73,402,-1 ,48_1,48,1,00,ATG,AGGA,5-10bp,0.609,NODE_48_length_18127_cov_59.226039,mobileOG_000342805_NODE_48_length_18127_cov_59.226039
143,mobileOG_000345056|insD1|WP_148209300.1|integration/excision|NA|Plasmid RefSeq|Homology,NODE_48_length_18127_cov_59.226039_1 # 73 # 402 # -1 # ID=48_1;partial=00;start_type=ATG;rbs_motif=AGGA;rbs_spacer=5-10bp;gc_cont=0.609,97.2,208,404,2.56e-66,110,130,238,1,109,mobileOG_000345056,insD1,WP_148209300.1,integration/excision,NA,Plasmid RefSeq,Homology,NODE_48_length_18127_cov_59.226039_1, 73 # 402 # -1 , 73,402,-1 ,48_1,48,1,00,ATG,AGGA,5-10bp,0.609,NODE_48_length_18127_cov_59.226039,mobileOG_000345056_NODE_48_length_18127_cov_59.226039
144,mobileOG_000353384|insD1|WP_155249444.1|integration/excision|NA|Plasmid RefSeq|Homology,NODE_48_length_18127_cov_59.226039_1 # 73 # 402 # -1 # ID=48_1;partial=00;start_type=ATG;rbs_motif=AGGA;rbs_spacer=5-10bp;gc_cont=0.609,96.3,206,400,1.84e-65,110,130,238,1,109,mobileOG_000353384,insD1,WP_155249444.1,integration/excision,NA,Plasmid RefSeq,Homology,NODE_48_length_18127_cov_59.226039_1, 73 # 402 # -1 , 73,402,-1 ,48_1,48,1,00,ATG,AGGA,5-10bp,0.609,NODE_48_length_18127_cov_59.226039,mobileOG_000353384_NODE_48_length_18127_cov_59.226039
145,mobileOG_000308727|insD1|WP_100911651.1|integration/excision|NA|Plasmid RefSeq|Homology,NODE_48_length_18127_cov_59.226039_1 # 73 # 402 # -1 # ID=48_1;partial=00;start_type=ATG;rbs_motif=AGGA;rbs_spacer=5-10bp;gc_cont=0.609,96.3,206,409,2.31e-65,110,130,238,1,109,mobileOG_000308727,insD1,WP_100911651.1,integration/excision,NA,Plasmid RefSeq,Homology,NODE_48_length_18127_cov_59.226039_1, 73 # 402 # -1 , 73,402,-1 ,48_1,48,1,00,ATG,AGGA,5-10bp,0.609,NODE_48_length_18127_cov_59.226039,mobileOG_000308727_NODE_48_length_18127_cov_59.226039
146,mobileOG_000072153|insD1|WP_145926060.1|integration/excision|NA|COMPASS|Homology,NODE_48_length_18127_cov_59.226039_1 # 73 # 402 # -1 # ID=48_1;partial=00;start_type=ATG;rbs_motif=AGGA;rbs_spacer=5-10bp;gc_cont=0.609,93.6,201,275,2.59e-65,110,1,109,1,109,mobileOG_000072153,insD1,WP_145926060.1,integration/excision,NA,COMPASS,Homology,NODE_48_length_18127_cov_59.226039_1, 73 # 402 # -1 , 73,402,-1 ,48_1,48,1,00,ATG,AGGA,5-10bp,0.609,NODE_48_length_18127_cov_59.226039,mobileOG_000072153_NODE_48_length_18127_cov_59.226039
147,mobileOG_000037921|insD1|A6UN35|integration/excision|NA|ACLAME|Homology,NODE_48_length_18127_cov_59.226039_1 # 73 # 402 # -1 # ID=48_1;partial=00;start_type=ATG;rbs_motif=AGGA;rbs_spacer=5-10bp;gc_cont=0.609,93.6,201,351,2.27e-64,110,1,109,1,109,mobileOG_000037921,insD1,A6UN35,integration/excision,NA,ACLAME,Homology,NODE_48_length_18127_cov_59.226039_1, 73 # 402 # -1 , 73,402,-1 ,48_1,48,1,00,ATG,AGGA,5-10bp,0.609,NODE_48_length_18127_cov_59.226039,mobileOG_000037921_NODE_48_length_18127_cov_59.226039
148,mobileOG_000368863|insD1|WP_165131640.1|integration/excision|NA|Plasmid RefSeq|Homology,NODE_48_length_18127_cov_59.226039_1 # 73 # 402 # -1 # ID=48_1;partial=00;start_type=ATG;rbs_motif=AGGA;rbs_spacer=5-10bp;gc_cont=0.609,92.7,203,404,2.29e-64,110,130,238,1,109,mobileOG_000368863,insD1,WP_165131640.1,integration/excision,NA,Plasmid RefSeq,Homology,NODE_48_length_18127_cov_59.226039_1, 73 # 402 # -1 , 73,402,-1 ,48_1,48,1,00,ATG,AGGA,5-10bp,0.609,NODE_48_length_18127_cov_59.226039,mobileOG_000368863_NODE_48_length_18127_cov_59.226039
149,mobileOG_000369244|insD1|WP_165222223.1|integration/excision|NA|Plasmid RefSeq|Homology,NODE_48_length_18127_cov_59.226039_1 # 73 # 402 # -1 # ID=48_1;partial=00;start_type=ATG;rbs_motif=AGGA;rbs_spacer=5-10bp;gc_cont=0.609,94.5,203,404,2.29e-64,110,130,238,1,109,mobileOG_000369244,insD1,WP_165222223.1,integration/excision,NA,Plasmid RefSeq,Homology,NODE_48_length_18127_cov_59.226039_1, 73 # 402 # -1 , 73,402,-1 ,48_1,48,1,00,ATG,AGGA,5-10bp,0.609,NODE_48_length_18127_cov_59.226039,mobileOG_000369244_NODE_48_length_18127_cov_59.226039
150,mobileOG_000023520|NA|WP_141194616.1|integration/excision|NA|ISFinder|Manual,NODE_48_length_18127_cov_59.226039_1 # 73 # 402 # -1 # ID=48_1;partial=00;start_type=ATG;rbs_motif=AGGA;rbs_spacer=5-10bp;gc_cont=0.609,93.6,200,333,5.56e-64,110,59,167,1,109,mobileOG_000023520,NA,WP_141194616.1,integration/excision,NA,ISFinder,Manual,NODE_48_length_18127_cov_59.226039_1, 73 # 402 # -1 , 73,402,-1 ,48_1,48,1,00,ATG,AGGA,5-10bp,0.609,NODE_48_length_18127_cov_59.226039,mobileOG_000023520_NODE_48_length_18127_cov_59.226039
151,mobileOG_000760948|NA:Keyword|C4WHJ5|integration/excision|NA|Multiple|Keyword Search,NODE_48_length_18127_cov_59.226039_2 # 399 # 788 # -1 # ID=48_2;partial=00;start_type=ATG;rbs_motif=GGAG/GAGG;rbs_spacer=5-10bp;gc_cont=0.567,99.2,245,129,3.38e-84,130,1,129,1,129,mobileOG_000760948,NA:Keyword,C4WHJ5,integration/excision,NA,Multiple,Keyword Search,NODE_48_length_18127_cov_59.226039_2, 399 # 788 # -1 , 399,788,-1 ,48_2,48,2,00,ATG,GGAG/GAGG,5-10bp,0.567,NODE_48_length_18127_cov_59.226039,mobileOG_000760948_NODE_48_length_18127_cov_59.226039
152,mobileOG_000410503|NA:Keyword|C4WHJ5|integration/excision|NA|COMPASS|Keyword Search,NODE_48_length_18127_cov_59.226039_2 # 399 # 788 # -1 # ID=48_2;partial=00;start_type=ATG;rbs_motif=GGAG/GAGG;rbs_spacer=5-10bp;gc_cont=0.567,98.4,243,129,1.95e-83,130,1,129,1,129,mobileOG_000410503,NA:Keyword,C4WHJ5,integration/excision,NA,COMPASS,Keyword Search,NODE_48_length_18127_cov_59.226039_2, 399 # 788 # -1 , 399,788,-1 ,48_2,48,2,00,ATG,GGAG/GAGG,5-10bp,0.567,NODE_48_length_18127_cov_59.226039,mobileOG_000410503_NODE_48_length_18127_cov_59.226039
153,mobileOG_000409201|NA:Keyword|C4WHJ5|integration/excision|NA|COMPASS|Keyword Search,NODE_48_length_18127_cov_59.226039_2 # 399 # 788 # -1 # ID=48_2;partial=00;start_type=ATG;rbs_motif=GGAG/GAGG;rbs_spacer=5-10bp;gc_cont=0.567,97.7,242,129,5.60e-83,130,1,129,1,129,mobileOG_000409201,NA:Keyword,C4WHJ5,integration/excision,NA,COMPASS,Keyword Search,NODE_48_length_18127_cov_59.226039_2, 399 # 788 # -1 , 399,788,-1 ,48_2,48,2,00,ATG,GGAG/GAGG,5-10bp,0.567,NODE_48_length_18127_cov_59.226039,mobileOG_000409201_NODE_48_length_18127_cov_59.226039
154,mobileOG_000416317|NA:Keyword|A0A1A9G8S9|integration/excision|NA|COMPASS|Keyword Search,NODE_48_length_18127_cov_59.226039_2 # 399 # 788 # -1 # ID=48_2;partial=00;start_type=ATG;rbs_motif=GGAG/GAGG;rbs_spacer=5-10bp;gc_cont=0.567,97.7,242,129,5.60e-83,130,1,129,1,129,mobileOG_000416317,NA:Keyword,A0A1A9G8S9,integration/excision,NA,COMPASS,Keyword Search,NODE_48_length_18127_cov_59.226039_2, 399 # 788 # -1 , 399,788,-1 ,48_2,48,2,00,ATG,GGAG/GAGG,5-10bp,0.567,NODE_48_length_18127_cov_59.226039,mobileOG_000416317_NODE_48_length_18127_cov_59.226039
155,mobileOG_000418785|NA:Keyword|Q7CVD5|integration/excision|NA|COMPASS|Keyword Search,NODE_48_length_18127_cov_59.226039_2 # 399 # 788 # -1 # ID=48_2;partial=00;start_type=ATG;rbs_motif=GGAG/GAGG;rbs_spacer=5-10bp;gc_cont=0.567,96.9,241,129,1.13e-82,130,1,129,1,129,mobileOG_000418785,NA:Keyword,Q7CVD5,integration/excision,NA,COMPASS,Keyword Search,NODE_48_length_18127_cov_59.226039_2, 399 # 788 # -1 , 399,788,-1 ,48_2,48,2,00,ATG,GGAG/GAGG,5-10bp,0.567,NODE_48_length_18127_cov_59.226039,mobileOG_000418785_NODE_48_length_18127_cov_59.226039
156,mobileOG_000418765|NA:Keyword|Q7CVD5|integration/excision|NA|COMPASS|Keyword Search,NODE_48_length_18127_cov_59.226039_2 # 399 # 788 # -1 # ID=48_2;partial=00;start_type=ATG;rbs_motif=GGAG/GAGG;rbs_spacer=5-10bp;gc_cont=0.567,96.9,241,129,1.61e-82,130,1,129,1,129,mobileOG_000418765,NA:Keyword,Q7CVD5,integration/excision,NA,COMPASS,Keyword Search,NODE_48_length_18127_cov_59.226039_2, 399 # 788 # -1 , 399,788,-1 ,48_2,48,2,00,ATG,GGAG/GAGG,5-10bp,0.567,NODE_48_length_18127_cov_59.226039,mobileOG_000418765_NODE_48_length_18127_cov_59.226039
157,mobileOG_000041324|tnpA|A0A3B8EQI7|integration/excision|NA|COMPASS|Homology,NODE_48_length_18127_cov_59.226039_16 # 10045 # 10317 # -1 # ID=48_16;partial=00;start_type=ATG;rbs_motif=None;rbs_spacer=None;gc_cont=0.579,93.3,165,108,1.81e-53,91,19,108,1,90,mobileOG_000041324,tnpA,A0A3B8EQI7,integration/excision,NA,COMPASS,Homology,NODE_48_length_18127_cov_59.226039_16, 10045 # 10317 # -1 , 10045,10317,-1 ,48_16,48,16,00,ATG,None,None,0.579,NODE_48_length_18127_cov_59.226039,mobileOG_000041324_NODE_48_length_18127_cov_59.226039
158,mobileOG_000063271|tnpA|A0A3B8EQI7|integration/excision|NA|COMPASS|Homology,NODE_48_length_18127_cov_59.226039_16 # 10045 # 10317 # -1 # ID=48_16;partial=00;start_type=ATG;rbs_motif=None;rbs_spacer=None;gc_cont=0.579,91.1,165,108,1.81e-53,91,19,108,1,90,mobileOG_000063271,tnpA,A0A3B8EQI7,integration/excision,NA,COMPASS,Homology,NODE_48_length_18127_cov_59.226039_16, 10045 # 10317 # -1 , 10045,10317,-1 ,48_16,48,16,00,ATG,None,None,0.579,NODE_48_length_18127_cov_59.226039,mobileOG_000063271_NODE_48_length_18127_cov_59.226039
159,mobileOG_000396716|NA:Keyword|A0A1W6KU79|integration/excision|NA|COMPASS|Keyword Search,NODE_48_length_18127_cov_59.226039_17 # 10570 # 12033 # 1 # ID=48_17;partial=00;start_type=ATG;rbs_motif=GGA/GAG/AGG;rbs_spacer=5-10bp;gc_cont=0.605,97.3,951,501,0.0,488,15,501,1,487,mobileOG_000396716,NA:Keyword,A0A1W6KU79,integration/excision,NA,COMPASS,Keyword Search,NODE_48_length_18127_cov_59.226039_17, 10570 # 12033 # 1 , 10570,12033,1 ,48_17,48,17,00,ATG,GGA/GAG/AGG,5-10bp,0.605,NODE_48_length_18127_cov_59.226039,mobileOG_000396716_NODE_48_length_18127_cov_59.226039
160,mobileOG_000736169|NA:Keyword|WP_085739508.1|integration/excision|NA|Plasmid RefSeq|Keyword Search,NODE_48_length_18127_cov_59.226039_17 # 10570 # 12033 # 1 # ID=48_17;partial=00;start_type=ATG;rbs_motif=GGA/GAG/AGG;rbs_spacer=5-10bp;gc_cont=0.605,97.3,951,491,0.0,488,5,491,1,487,mobileOG_000736169,NA:Keyword,WP_085739508.1,integration/excision,NA,Plasmid RefSeq,Keyword Search,NODE_48_length_18127_cov_59.226039_17, 10570 # 12033 # 1 , 10570,12033,1 ,48_17,48,17,00,ATG,GGA/GAG/AGG,5-10bp,0.605,NODE_48_length_18127_cov_59.226039,mobileOG_000736169_NODE_48_length_18127_cov_59.226039
161,mobileOG_000414192|NA:Keyword|A0A2P9HC37|integration/excision|NA|COMPASS|Keyword Search,NODE_48_length_18127_cov_59.226039_17 # 10570 # 12033 # 1 # ID=48_17;partial=00;start_type=ATG;rbs_motif=GGA/GAG/AGG;rbs_spacer=5-10bp;gc_cont=0.605,96.9,942,519,0.0,488,33,519,1,487,mobileOG_000414192,NA:Keyword,A0A2P9HC37,integration/excision,NA,COMPASS,Keyword Search,NODE_48_length_18127_cov_59.226039_17, 10570 # 12033 # 1 , 10570,12033,1 ,48_17,48,17,00,ATG,GGA/GAG/AGG,5-10bp,0.605,NODE_48_length_18127_cov_59.226039,mobileOG_000414192_NODE_48_length_18127_cov_59.226039
162,mobileOG_000738315|NA:Keyword|WP_026188833.1|integration/excision|NA|Plasmid RefSeq|Keyword Search,NODE_48_length_18127_cov_59.226039_17 # 10570 # 12033 # 1 # ID=48_17;partial=00;start_type=ATG;rbs_motif=GGA/GAG/AGG;rbs_spacer=5-10bp;gc_cont=0.605,96.9,942,501,0.0,488,15,501,1,487,mobileOG_000738315,NA:Keyword,WP_026188833.1,integration/excision,NA,Plasmid RefSeq,Keyword Search,NODE_48_length_18127_cov_59.226039_17, 10570 # 12033 # 1 , 10570,12033,1 ,48_17,48,17,00,ATG,GGA/GAG/AGG,5-10bp,0.605,NODE_48_length_18127_cov_59.226039,mobileOG_000738315_NODE_48_length_18127_cov_59.226039
163,mobileOG_000396799|NA:Keyword|A0A2P9HC37|integration/excision|NA|COMPASS|Keyword Search,NODE_48_length_18127_cov_59.226039_17 # 10570 # 12033 # 1 # ID=48_17;partial=00;start_type=ATG;rbs_motif=GGA/GAG/AGG;rbs_spacer=5-10bp;gc_cont=0.605,96.7,940,519,0.0,488,33,519,1,487,mobileOG_000396799,NA:Keyword,A0A2P9HC37,integration/excision,NA,COMPASS,Keyword Search,NODE_48_length_18127_cov_59.226039_17, 10570 # 12033 # 1 , 10570,12033,1 ,48_17,48,17,00,ATG,GGA/GAG/AGG,5-10bp,0.605,NODE_48_length_18127_cov_59.226039,mobileOG_000396799_NODE_48_length_18127_cov_59.226039
164,mobileOG_000414347|NA:Keyword|WP_064842446.1|integration/excision|NA|COMPASS|Keyword Search,NODE_48_length_18127_cov_59.226039_17 # 10570 # 12033 # 1 # ID=48_17;partial=00;start_type=ATG;rbs_motif=GGA/GAG/AGG;rbs_spacer=5-10bp;gc_cont=0.605,96.5,940,519,0.0,488,33,519,1,487,mobileOG_000414347,NA:Keyword,WP_064842446.1,integration/excision,NA,COMPASS,Keyword Search,NODE_48_length_18127_cov_59.226039_17, 10570 # 12033 # 1 , 10570,12033,1 ,48_17,48,17,00,ATG,GGA/GAG/AGG,5-10bp,0.605,NODE_48_length_18127_cov_59.226039,mobileOG_000414347_NODE_48_length_18127_cov_59.226039
165,mobileOG_000729722|NA:Keyword|WP_080771780.1|integration/excision|NA|Plasmid RefSeq|Keyword Search,NODE_48_length_18127_cov_59.226039_17 # 10570 # 12033 # 1 # ID=48_17;partial=00;start_type=ATG;rbs_motif=GGA/GAG/AGG;rbs_spacer=5-10bp;gc_cont=0.605,96.7,940,491,0.0,488,5,491,1,487,mobileOG_000729722,NA:Keyword,WP_080771780.1,integration/excision,NA,Plasmid RefSeq,Keyword Search,NODE_48_length_18127_cov_59.226039_17, 10570 # 12033 # 1 , 10570,12033,1 ,48_17,48,17,00,ATG,GGA/GAG/AGG,5-10bp,0.605,NODE_48_length_18127_cov_59.226039,mobileOG_000729722_NODE_48_length_18127_cov_59.226039
166,mobileOG_000738409|NA:Keyword|WP_064842446.1|integration/excision|NA|Plasmid RefSeq|Keyword Search,NODE_48_length_18127_cov_59.226039_17 # 10570 # 12033 # 1 # ID=48_17;partial=00;start_type=ATG;rbs_motif=GGA/GAG/AGG;rbs_spacer=5-10bp;gc_cont=0.605,96.5,940,491,0.0,488,5,491,1,487,mobileOG_000738409,NA:Keyword,WP_064842446.1,integration/excision,NA,Plasmid RefSeq,Keyword Search,NODE_48_length_18127_cov_59.226039_17, 10570 # 12033 # 1 , 10570,12033,1 ,48_17,48,17,00,ATG,GGA/GAG/AGG,5-10bp,0.605,NODE_48_length_18127_cov_59.226039,mobileOG_000738409_NODE_48_length_18127_cov_59.226039
167,mobileOG_000404320|NA:Keyword|A0A2P9HC37|integration/excision|NA|COMPASS|Keyword Search,NODE_48_length_18127_cov_59.226039_17 # 10570 # 12033 # 1 # ID=48_17;partial=00;start_type=ATG;rbs_motif=GGA/GAG/AGG;rbs_spacer=5-10bp;gc_cont=0.605,96.7,939,519,0.0,488,33,519,1,487,mobileOG_000404320,NA:Keyword,A0A2P9HC37,integration/excision,NA,COMPASS,Keyword Search,NODE_48_length_18127_cov_59.226039_17, 10570 # 12033 # 1 , 10570,12033,1 ,48_17,48,17,00,ATG,GGA/GAG/AGG,5-10bp,0.605,NODE_48_length_18127_cov_59.226039,mobileOG_000404320_NODE_48_length_18127_cov_59.226039
168,mobileOG_000414275|NA:Keyword|WP_064826104.1|integration/excision|NA|COMPASS|Keyword Search,NODE_48_length_18127_cov_59.226039_17 # 10570 # 12033 # 1 # ID=48_17;partial=00;start_type=ATG;rbs_motif=GGA/GAG/AGG;rbs_spacer=5-10bp;gc_cont=0.605,96.7,939,519,0.0,488,33,519,1,487,mobileOG_000414275,NA:Keyword,WP_064826104.1,integration/excision,NA,COMPASS,Keyword Search,NODE_48_length_18127_cov_59.226039_17, 10570 # 12033 # 1 , 10570,12033,1 ,48_17,48,17,00,ATG,GGA/GAG/AGG,5-10bp,0.605,NODE_48_length_18127_cov_59.226039,mobileOG_000414275_NODE_48_length_18127_cov_59.226039
169,mobileOG_000396720|NA:Keyword|A0A1W6KUQ0|integration/excision|NA|COMPASS|Keyword Search,NODE_48_length_18127_cov_59.226039_17 # 10570 # 12033 # 1 # ID=48_17;partial=00;start_type=ATG;rbs_motif=GGA/GAG/AGG;rbs_spacer=5-10bp;gc_cont=0.605,96.3,938,519,0.0,488,33,519,1,487,mobileOG_000396720,NA:Keyword,A0A1W6KUQ0,integration/excision,NA,COMPASS,Keyword Search,NODE_48_length_18127_cov_59.226039_17, 10570 # 12033 # 1 , 10570,12033,1 ,48_17,48,17,00,ATG,GGA/GAG/AGG,5-10bp,0.605,NODE_48_length_18127_cov_59.226039,mobileOG_000396720_NODE_48_length_18127_cov_59.226039
170,mobileOG_000035367|NGR_a03160|WP_004672573.1|integration/excision|NA|Multiple|Homology,NODE_48_length_18127_cov_59.226039_18 # 12030 # 12923 # 1 # ID=48_18;partial=00;start_type=ATG;rbs_motif=AGGAG;rbs_spacer=5-10bp;gc_cont=0.579,97.0,561,297,5.86e-204,298,1,297,1,297,mobileOG_000035367,NGR_a03160,WP_004672573.1,integration/excision,NA,Multiple,Homology,NODE_48_length_18127_cov_59.226039_18, 12030 # 12923 # 1 , 12030,12923,1 ,48_18,48,18,00,ATG,AGGAG,5-10bp,0.579,NODE_48_length_18127_cov_59.226039,mobileOG_000035367_NODE_48_length_18127_cov_59.226039
171,mobileOG_000038137|tnp|A6X7K4|integration/excision|NA|ACLAME|Homology,NODE_54_length_14481_cov_81.695710_8 # 5268 # 5954 # 1 # ID=54_8;partial=00;start_type=ATG;rbs_motif=GGAG/GAGG;rbs_spacer=5-10bp;gc_cont=0.489,92.5,420,228,3.60e-150,229,1,228,1,228,mobileOG_000038137,tnp,A6X7K4,integration/excision,NA,ACLAME,Homology,NODE_54_length_14481_cov_81.695710_8, 5268 # 5954 # 1 , 5268,5954,1 ,54_8,54,8,00,ATG,GGAG/GAGG,5-10bp,0.489,NODE_54_length_14481_cov_81.695710,mobileOG_000038137_NODE_54_length_14481_cov_81.695710
172,mobileOG_000350788|intX|A0A317L8F0|integration/excision|NA|Plasmid RefSeq|Homology,NODE_63_length_9651_cov_61.865678_1 # 1 # 1002 # 1 # ID=63_1;partial=10;start_type=Edge;rbs_motif=None;rbs_spacer=None;gc_cont=0.613,93.7,616,380,1.23e-223,334,48,380,1,333,mobileOG_000350788,intX,A0A317L8F0,integration/excision,NA,Plasmid RefSeq,Homology,NODE_63_length_9651_cov_61.865678_1, 1 # 1002 # 1 , 1,1002,1 ,63_1,63,1,10,Edge,None,None,0.613,NODE_63_length_9651_cov_61.865678,mobileOG_000350788_NODE_63_length_9651_cov_61.865678
173,mobileOG_000038138|intX|WP_011982887.1|integration/excision|NA|Multiple|Homology,NODE_63_length_9651_cov_61.865678_1 # 1 # 1002 # 1 # ID=63_1;partial=10;start_type=Edge;rbs_motif=None;rbs_spacer=None;gc_cont=0.613,92.5,613,380,2.04e-222,334,48,380,1,333,mobileOG_000038138,intX,WP_011982887.1,integration/excision,NA,Multiple,Homology,NODE_63_length_9651_cov_61.865678_1, 1 # 1002 # 1 , 1,1002,1 ,63_1,63,1,10,Edge,None,None,0.613,NODE_63_length_9651_cov_61.865678,mobileOG_000038138_NODE_63_length_9651_cov_61.865678
174,mobileOG_000290638|intX|A0A0D5A103|integration/excision|NA|Multiple|Homology,NODE_63_length_9651_cov_61.865678_1 # 1 # 1002 # 1 # ID=63_1;partial=10;start_type=Edge;rbs_motif=None;rbs_spacer=None;gc_cont=0.613,91.6,607,381,4.08e-220,334,49,381,1,333,mobileOG_000290638,intX,A0A0D5A103,integration/excision,NA,Multiple,Homology,NODE_63_length_9651_cov_61.865678_1, 1 # 1002 # 1 , 1,1002,1 ,63_1,63,1,10,Edge,None,None,0.613,NODE_63_length_9651_cov_61.865678,mobileOG_000290638_NODE_63_length_9651_cov_61.865678
175,mobileOG_000297283|intX|A0A256F0G3|integration/excision|NA|Plasmid RefSeq|Homology,NODE_63_length_9651_cov_61.865678_1 # 1 # 1002 # 1 # ID=63_1;partial=10;start_type=Edge;rbs_motif=None;rbs_spacer=None;gc_cont=0.613,92.2,607,381,5.79e-220,334,49,381,1,333,mobileOG_000297283,intX,A0A256F0G3,integration/excision,NA,Plasmid RefSeq,Homology,NODE_63_length_9651_cov_61.865678_1, 1 # 1002 # 1 , 1,1002,1 ,63_1,63,1,10,Edge,None,None,0.613,NODE_63_length_9651_cov_61.865678,mobileOG_000297283_NODE_63_length_9651_cov_61.865678
176,mobileOG_000731175|NA:Keyword|A0A256GXU0|integration/excision|NA|Plasmid RefSeq|Keyword Search,NODE_72_length_5874_cov_82.138002_1 # 1 # 555 # -1 # ID=72_1;partial=10;start_type=ATG;rbs_motif=None;rbs_spacer=None;gc_cont=0.604,99.5,351,528,1.54e-119,185,1,185,1,185,mobileOG_000731175,NA:Keyword,A0A256GXU0,integration/excision,NA,Plasmid RefSeq,Keyword Search,NODE_72_length_5874_cov_82.138002_1, 1 # 555 # -1 , 1,555,-1 ,72_1,72,1,10,ATG,None,None,0.604,NODE_72_length_5874_cov_82.138002,mobileOG_000731175_NODE_72_length_5874_cov_82.138002
177,mobileOG_000731391|NA:Keyword|WP_012477959.1|integration/excision|NA|Multiple|Keyword Search,NODE_72_length_5874_cov_82.138002_1 # 1 # 555 # -1 # ID=72_1;partial=10;start_type=ATG;rbs_motif=None;rbs_spacer=None;gc_cont=0.604,95.1,333,528,2.72e-112,185,1,185,1,185,mobileOG_000731391,NA:Keyword,WP_012477959.1,integration/excision,NA,Multiple,Keyword Search,NODE_72_length_5874_cov_82.138002_1, 1 # 555 # -1 , 1,555,-1 ,72_1,72,1,10,ATG,None,None,0.604,NODE_72_length_5874_cov_82.138002,mobileOG_000731391_NODE_72_length_5874_cov_82.138002
178,mobileOG_000401721|NA:Keyword|WP_037069545.1|integration/excision|NA|Multiple|Keyword Search,NODE_72_length_5874_cov_82.138002_1 # 1 # 555 # -1 # ID=72_1;partial=10;start_type=ATG;rbs_motif=None;rbs_spacer=None;gc_cont=0.604,92.4,327,529,3.62e-110,185,1,185,1,185,mobileOG_000401721,NA:Keyword,WP_037069545.1,integration/excision,NA,Multiple,Keyword Search,NODE_72_length_5874_cov_82.138002_1, 1 # 555 # -1 , 1,555,-1 ,72_1,72,1,10,ATG,None,None,0.604,NODE_72_length_5874_cov_82.138002,mobileOG_000401721_NODE_72_length_5874_cov_82.138002
179,mobileOG_000755965|NA:Keyword|WP_130824448.1|integration/excision|NA|Plasmid RefSeq|Keyword Search,NODE_72_length_5874_cov_82.138002_1 # 1 # 555 # -1 # ID=72_1;partial=10;start_type=ATG;rbs_motif=None;rbs_spacer=None;gc_cont=0.604,91.4,326,529,1.03e-109,185,1,185,1,185,mobileOG_000755965,NA:Keyword,WP_130824448.1,integration/excision,NA,Plasmid RefSeq,Keyword Search,NODE_72_length_5874_cov_82.138002_1, 1 # 555 # -1 , 1,555,-1 ,72_1,72,1,10,ATG,None,None,0.604,NODE_72_length_5874_cov_82.138002,mobileOG_000755965_NODE_72_length_5874_cov_82.138002
180,mobileOG_000756038|NA:Keyword|WP_040680932.1|integration/excision|NA|Multiple|Keyword Search,NODE_72_length_5874_cov_82.138002_1 # 1 # 555 # -1 # ID=72_1;partial=10;start_type=ATG;rbs_motif=None;rbs_spacer=None;gc_cont=0.604,91.9,325,529,2.91e-109,185,1,185,1,185,mobileOG_000756038,NA:Keyword,WP_040680932.1,integration/excision,NA,Multiple,Keyword Search,NODE_72_length_5874_cov_82.138002_1, 1 # 555 # -1 , 1,555,-1 ,72_1,72,1,10,ATG,None,None,0.604,NODE_72_length_5874_cov_82.138002,mobileOG_000756038_NODE_72_length_5874_cov_82.138002
181,mobileOG_000756039|NA:Keyword|WP_040680996.1|integration/excision|NA|Multiple|Keyword Search,NODE_72_length_5874_cov_82.138002_1 # 1 # 555 # -1 # ID=72_1;partial=10;start_type=ATG;rbs_motif=None;rbs_spacer=None;gc_cont=0.604,91.9,325,529,2.91e-109,185,1,185,1,185,mobileOG_000756039,NA:Keyword,WP_040680996.1,integration/excision,NA,Multiple,Keyword Search,NODE_72_length_5874_cov_82.138002_1, 1 # 555 # -1 , 1,555,-1 ,72_1,72,1,10,ATG,None,None,0.604,NODE_72_length_5874_cov_82.138002,mobileOG_000756039_NODE_72_length_5874_cov_82.138002
182,mobileOG_000755801|NA:Keyword|WP_040675753.1|integration/excision|NA|Plasmid RefSeq|Keyword Search,NODE_72_length_5874_cov_82.138002_1 # 1 # 555 # -1 # ID=72_1;partial=10;start_type=ATG;rbs_motif=None;rbs_spacer=None;gc_cont=0.604,90.3,319,526,4.88e-107,185,1,183,1,185,mobileOG_000755801,NA:Keyword,WP_040675753.1,integration/excision,NA,Plasmid RefSeq,Keyword Search,NODE_72_length_5874_cov_82.138002_1, 1 # 555 # -1 , 1,555,-1 ,72_1,72,1,10,ATG,None,None,0.604,NODE_72_length_5874_cov_82.138002,mobileOG_000755801_NODE_72_length_5874_cov_82.138002
183,mobileOG_000359797|NA|WP_050746940.1|integration/excision|NA|Multiple|Homology,NODE_72_length_5874_cov_82.138002_2 # 732 # 1613 # -1 # ID=72_2;partial=00;start_type=ATG;rbs_motif=AGGAG;rbs_spacer=5-10bp;gc_cont=0.548,92.5,537,293,1.72e-194,294,1,293,1,293,mobileOG_000359797,NA,WP_050746940.1,integration/excision,NA,Multiple,Homology,NODE_72_length_5874_cov_82.138002_2, 732 # 1613 # -1 , 732,1613,-1 ,72_2,72,2,00,ATG,AGGAG,5-10bp,0.548,NODE_72_length_5874_cov_82.138002,mobileOG_000359797_NODE_72_length_5874_cov_82.138002
184,mobileOG_000035187|NA|WP_003563080.1|integration/excision|NA|Multiple|Homology,NODE_72_length_5874_cov_82.138002_2 # 732 # 1613 # -1 # ID=72_2;partial=00;start_type=ATG;rbs_motif=AGGAG;rbs_spacer=5-10bp;gc_cont=0.548,92.2,535,293,2.01e-193,294,1,293,1,293,mobileOG_000035187,NA,WP_003563080.1,integration/excision,NA,Multiple,Homology,NODE_72_length_5874_cov_82.138002_2, 732 # 1613 # -1 , 732,1613,-1 ,72_2,72,2,00,ATG,AGGAG,5-10bp,0.548,NODE_72_length_5874_cov_82.138002,mobileOG_000035187_NODE_72_length_5874_cov_82.138002
185,mobileOG_000043932|NA|WP_095436637.1|integration/excision|NA|Multiple|Homology,NODE_72_length_5874_cov_82.138002_2 # 732 # 1613 # -1 # ID=72_2;partial=00;start_type=ATG;rbs_motif=AGGAG;rbs_spacer=5-10bp;gc_cont=0.548,92.2,533,293,1.16e-192,294,1,293,1,293,mobileOG_000043932,NA,WP_095436637.1,integration/excision,NA,Multiple,Homology,NODE_72_length_5874_cov_82.138002_2, 732 # 1613 # -1 , 732,1613,-1 ,72_2,72,2,00,ATG,AGGAG,5-10bp,0.548,NODE_72_length_5874_cov_82.138002,mobileOG_000043932_NODE_72_length_5874_cov_82.138002
186,mobileOG_000361520|NA|WP_130667058.1|integration/excision|NA|Plasmid RefSeq|Homology,NODE_72_length_5874_cov_82.138002_2 # 732 # 1613 # -1 # ID=72_2;partial=00;start_type=ATG;rbs_motif=AGGAG;rbs_spacer=5-10bp;gc_cont=0.548,91.8,530,293,1.35e-191,294,1,293,1,293,mobileOG_000361520,NA,WP_130667058.1,integration/excision,NA,Plasmid RefSeq,Homology,NODE_72_length_5874_cov_82.138002_2, 732 # 1613 # -1 , 732,1613,-1 ,72_2,72,2,00,ATG,AGGAG,5-10bp,0.548,NODE_72_length_5874_cov_82.138002,mobileOG_000361520_NODE_72_length_5874_cov_82.138002
187,mobileOG_000361608|NA|WP_037435879.1|integration/excision|NA|Multiple|Homology,NODE_72_length_5874_cov_82.138002_2 # 732 # 1613 # -1 # ID=72_2;partial=00;start_type=ATG;rbs_motif=AGGAG;rbs_spacer=5-10bp;gc_cont=0.548,93.6,525,293,1.84e-189,294,1,283,1,283,mobileOG_000361608,NA,WP_037435879.1,integration/excision,NA,Multiple,Homology,NODE_72_length_5874_cov_82.138002_2, 732 # 1613 # -1 , 732,1613,-1 ,72_2,72,2,00,ATG,AGGAG,5-10bp,0.548,NODE_72_length_5874_cov_82.138002,mobileOG_000361608_NODE_72_length_5874_cov_82.138002
188,mobileOG_000362712|NA|WP_015241574.1|integration/excision|NA|Multiple|Homology,NODE_72_length_5874_cov_82.138002_2 # 732 # 1613 # -1 # ID=72_2;partial=00;start_type=ATG;rbs_motif=AGGAG;rbs_spacer=5-10bp;gc_cont=0.548,90.8,523,293,1.06e-188,294,1,293,1,293,mobileOG_000362712,NA,WP_015241574.1,integration/excision,NA,Multiple,Homology,NODE_72_length_5874_cov_82.138002_2, 732 # 1613 # -1 , 732,1613,-1 ,72_2,72,2,00,ATG,AGGAG,5-10bp,0.548,NODE_72_length_5874_cov_82.138002,mobileOG_000362712_NODE_72_length_5874_cov_82.138002
189,mobileOG_000357950|NA|WP_088203423.1|integration/excision|NA|Multiple|Homology,NODE_72_length_5874_cov_82.138002_2 # 732 # 1613 # -1 # ID=72_2;partial=00;start_type=ATG;rbs_motif=AGGAG;rbs_spacer=5-10bp;gc_cont=0.548,90.4,521,293,4.33e-188,294,1,293,1,293,mobileOG_000357950,NA,WP_088203423.1,integration/excision,NA,Multiple,Homology,NODE_72_length_5874_cov_82.138002_2, 732 # 1613 # -1 , 732,1613,-1 ,72_2,72,2,00,ATG,AGGAG,5-10bp,0.548,NODE_72_length_5874_cov_82.138002,mobileOG_000357950_NODE_72_length_5874_cov_82.138002
190,mobileOG_000363783|NA|WP_016558585.1|integration/excision|NA|Plasmid RefSeq|Homology,NODE_72_length_5874_cov_82.138002_2 # 732 # 1613 # -1 # ID=72_2;partial=00;start_type=ATG;rbs_motif=AGGAG;rbs_spacer=5-10bp;gc_cont=0.548,90.1,519,293,3.55e-187,294,1,293,1,293,mobileOG_000363783,NA,WP_016558585.1,integration/excision,NA,Plasmid RefSeq,Homology,NODE_72_length_5874_cov_82.138002_2, 732 # 1613 # -1 , 732,1613,-1 ,72_2,72,2,00,ATG,AGGAG,5-10bp,0.548,NODE_72_length_5874_cov_82.138002,mobileOG_000363783_NODE_72_length_5874_cov_82.138002
191,mobileOG_000359797|NA|WP_050746940.1|integration/excision|NA|Multiple|Homology,NODE_72_length_5874_cov_82.138002_5 # 4262 # 5143 # 1 # ID=72_5;partial=00;start_type=ATG;rbs_motif=AGGAG;rbs_spacer=5-10bp;gc_cont=0.546,92.5,537,293,1.72e-194,294,1,293,1,293,mobileOG_000359797,NA,WP_050746940.1,integration/excision,NA,Multiple,Homology,NODE_72_length_5874_cov_82.138002_5, 4262 # 5143 # 1 , 4262,5143,1 ,72_5,72,5,00,ATG,AGGAG,5-10bp,0.546,NODE_72_length_5874_cov_82.138002,mobileOG_000359797_NODE_72_length_5874_cov_82.138002
192,mobileOG_000035187|NA|WP_003563080.1|integration/excision|NA|Multiple|Homology,NODE_72_length_5874_cov_82.138002_5 # 4262 # 5143 # 1 # ID=72_5;partial=00;start_type=ATG;rbs_motif=AGGAG;rbs_spacer=5-10bp;gc_cont=0.546,92.2,535,293,2.01e-193,294,1,293,1,293,mobileOG_000035187,NA,WP_003563080.1,integration/excision,NA,Multiple,Homology,NODE_72_length_5874_cov_82.138002_5, 4262 # 5143 # 1 , 4262,5143,1 ,72_5,72,5,00,ATG,AGGAG,5-10bp,0.546,NODE_72_length_5874_cov_82.138002,mobileOG_000035187_NODE_72_length_5874_cov_82.138002
193,mobileOG_000043932|NA|WP_095436637.1|integration/excision|NA|Multiple|Homology,NODE_72_length_5874_cov_82.138002_5 # 4262 # 5143 # 1 # ID=72_5;partial=00;start_type=ATG;rbs_motif=AGGAG;rbs_spacer=5-10bp;gc_cont=0.546,92.2,533,293,1.16e-192,294,1,293,1,293,mobileOG_000043932,NA,WP_095436637.1,integration/excision,NA,Multiple,Homology,NODE_72_length_5874_cov_82.138002_5, 4262 # 5143 # 1 , 4262,5143,1 ,72_5,72,5,00,ATG,AGGAG,5-10bp,0.546,NODE_72_length_5874_cov_82.138002,mobileOG_000043932_NODE_72_length_5874_cov_82.138002
194,mobileOG_000361520|NA|WP_130667058.1|integration/excision|NA|Plasmid RefSeq|Homology,NODE_72_length_5874_cov_82.138002_5 # 4262 # 5143 # 1 # ID=72_5;partial=00;start_type=ATG;rbs_motif=AGGAG;rbs_spacer=5-10bp;gc_cont=0.546,91.8,530,293,1.35e-191,294,1,293,1,293,mobileOG_000361520,NA,WP_130667058.1,integration/excision,NA,Plasmid RefSeq,Homology,NODE_72_length_5874_cov_82.138002_5, 4262 # 5143 # 1 , 4262,5143,1 ,72_5,72,5,00,ATG,AGGAG,5-10bp,0.546,NODE_72_length_5874_cov_82.138002,mobileOG_000361520_NODE_72_length_5874_cov_82.138002
195,mobileOG_000361608|NA|WP_037435879.1|integration/excision|NA|Multiple|Homology,NODE_72_length_5874_cov_82.138002_5 # 4262 # 5143 # 1 # ID=72_5;partial=00;start_type=ATG;rbs_motif=AGGAG;rbs_spacer=5-10bp;gc_cont=0.546,93.6,525,293,1.84e-189,294,1,283,1,283,mobileOG_000361608,NA,WP_037435879.1,integration/excision,NA,Multiple,Homology,NODE_72_length_5874_cov_82.138002_5, 4262 # 5143 # 1 , 4262,5143,1 ,72_5,72,5,00,ATG,AGGAG,5-10bp,0.546,NODE_72_length_5874_cov_82.138002,mobileOG_000361608_NODE_72_length_5874_cov_82.138002
196,mobileOG_000362712|NA|WP_015241574.1|integration/excision|NA|Multiple|Homology,NODE_72_length_5874_cov_82.138002_5 # 4262 # 5143 # 1 # ID=72_5;partial=00;start_type=ATG;rbs_motif=AGGAG;rbs_spacer=5-10bp;gc_cont=0.546,90.8,523,293,1.06e-188,294,1,293,1,293,mobileOG_000362712,NA,WP_015241574.1,integration/excision,NA,Multiple,Homology,NODE_72_length_5874_cov_82.138002_5, 4262 # 5143 # 1 , 4262,5143,1 ,72_5,72,5,00,ATG,AGGAG,5-10bp,0.546,NODE_72_length_5874_cov_82.138002,mobileOG_000362712_NODE_72_length_5874_cov_82.138002
197,mobileOG_000357950|NA|WP_088203423.1|integration/excision|NA|Multiple|Homology,NODE_72_length_5874_cov_82.138002_5 # 4262 # 5143 # 1 # ID=72_5;partial=00;start_type=ATG;rbs_motif=AGGAG;rbs_spacer=5-10bp;gc_cont=0.546,90.4,521,293,4.33e-188,294,1,293,1,293,mobileOG_000357950,NA,WP_088203423.1,integration/excision,NA,Multiple,Homology,NODE_72_length_5874_cov_82.138002_5, 4262 # 5143 # 1 , 4262,5143,1 ,72_5,72,5,00,ATG,AGGAG,5-10bp,0.546,NODE_72_length_5874_cov_82.138002,mobileOG_000357950_NODE_72_length_5874_cov_82.138002
198,mobileOG_000363783|NA|WP_016558585.1|integration/excision|NA|Plasmid RefSeq|Homology,NODE_72_length_5874_cov_82.138002_5 # 4262 # 5143 # 1 # ID=72_5;partial=00;start_type=ATG;rbs_motif=AGGAG;rbs_spacer=5-10bp;gc_cont=0.546,90.1,519,293,3.55e-187,294,1,293,1,293,mobileOG_000363783,NA,WP_016558585.1,integration/excision,NA,Plasmid RefSeq,Homology,NODE_72_length_5874_cov_82.138002_5, 4262 # 5143 # 1 , 4262,5143,1 ,72_5,72,5,00,ATG,AGGAG,5-10bp,0.546,NODE_72_length_5874_cov_82.138002,mobileOG_000363783_NODE_72_length_5874_cov_82.138002
199,mobileOG_000731175|NA:Keyword|A0A256GXU0|integration/excision|NA|Plasmid RefSeq|Keyword Search,NODE_72_length_5874_cov_82.138002_6 # 5320 # 5874 # 1 # ID=72_6;partial=01;start_type=ATG;rbs_motif=None;rbs_spacer=None;gc_cont=0.605,99.5,351,528,1.54e-119,185,1,185,1,185,mobileOG_000731175,NA:Keyword,A0A256GXU0,integration/excision,NA,Plasmid RefSeq,Keyword Search,NODE_72_length_5874_cov_82.138002_6, 5320 # 5874 # 1 , 5320,5874,1 ,72_6,72,6,01,ATG,None,None,0.605,NODE_72_length_5874_cov_82.138002,mobileOG_000731175_NODE_72_length_5874_cov_82.138002
200,mobileOG_000731391|NA:Keyword|WP_012477959.1|integration/excision|NA|Multiple|Keyword Search,NODE_72_length_5874_cov_82.138002_6 # 5320 # 5874 # 1 # ID=72_6;partial=01;start_type=ATG;rbs_motif=None;rbs_spacer=None;gc_cont=0.605,95.1,333,528,2.72e-112,185,1,185,1,185,mobileOG_000731391,NA:Keyword,WP_012477959.1,integration/excision,NA,Multiple,Keyword Search,NODE_72_length_5874_cov_82.138002_6, 5320 # 5874 # 1 , 5320,5874,1 ,72_6,72,6,01,ATG,None,None,0.605,NODE_72_length_5874_cov_82.138002,mobileOG_000731391_NODE_72_length_5874_cov_82.138002
201,mobileOG_000401721|NA:Keyword|WP_037069545.1|integration/excision|NA|Multiple|Keyword Search,NODE_72_length_5874_cov_82.138002_6 # 5320 # 5874 # 1 # ID=72_6;partial=01;start_type=ATG;rbs_motif=None;rbs_spacer=None;gc_cont=0.605,92.4,327,529,3.62e-110,185,1,185,1,185,mobileOG_000401721,NA:Keyword,WP_037069545.1,integration/excision,NA,Multiple,Keyword Search,NODE_72_length_5874_cov_82.138002_6, 5320 # 5874 # 1 , 5320,5874,1 ,72_6,72,6,01,ATG,None,None,0.605,NODE_72_length_5874_cov_82.138002,mobileOG_000401721_NODE_72_length_5874_cov_82.138002
202,mobileOG_000755965|NA:Keyword|WP_130824448.1|integration/excision|NA|Plasmid RefSeq|Keyword Search,NODE_72_length_5874_cov_82.138002_6 # 5320 # 5874 # 1 # ID=72_6;partial=01;start_type=ATG;rbs_motif=None;rbs_spacer=None;gc_cont=0.605,91.4,326,529,1.03e-109,185,1,185,1,185,mobileOG_000755965,NA:Keyword,WP_130824448.1,integration/excision,NA,Plasmid RefSeq,Keyword Search,NODE_72_length_5874_cov_82.138002_6, 5320 # 5874 # 1 , 5320,5874,1 ,72_6,72,6,01,ATG,None,None,0.605,NODE_72_length_5874_cov_82.138002,mobileOG_000755965_NODE_72_length_5874_cov_82.138002
203,mobileOG_000756038|NA:Keyword|WP_040680932.1|integration/excision|NA|Multiple|Keyword Search,NODE_72_length_5874_cov_82.138002_6 # 5320 # 5874 # 1 # ID=72_6;partial=01;start_type=ATG;rbs_motif=None;rbs_spacer=None;gc_cont=0.605,91.9,325,529,2.91e-109,185,1,185,1,185,mobileOG_000756038,NA:Keyword,WP_040680932.1,integration/excision,NA,Multiple,Keyword Search,NODE_72_length_5874_cov_82.138002_6, 5320 # 5874 # 1 , 5320,5874,1 ,72_6,72,6,01,ATG,None,None,0.605,NODE_72_length_5874_cov_82.138002,mobileOG_000756038_NODE_72_length_5874_cov_82.138002
204,mobileOG_000756039|NA:Keyword|WP_040680996.1|integration/excision|NA|Multiple|Keyword Search,NODE_72_length_5874_cov_82.138002_6 # 5320 # 5874 # 1 # ID=72_6;partial=01;start_type=ATG;rbs_motif=None;rbs_spacer=None;gc_cont=0.605,91.9,325,529,2.91e-109,185,1,185,1,185,mobileOG_000756039,NA:Keyword,WP_040680996.1,integration/excision,NA,Multiple,Keyword Search,NODE_72_length_5874_cov_82.138002_6, 5320 # 5874 # 1 , 5320,5874,1 ,72_6,72,6,01,ATG,None,None,0.605,NODE_72_length_5874_cov_82.138002,mobileOG_000756039_NODE_72_length_5874_cov_82.138002
205,mobileOG_000755801|NA:Keyword|WP_040675753.1|integration/excision|NA|Plasmid RefSeq|Keyword Search,NODE_72_length_5874_cov_82.138002_6 # 5320 # 5874 # 1 # ID=72_6;partial=01;start_type=ATG;rbs_motif=None;rbs_spacer=None;gc_cont=0.605,90.3,319,526,4.88e-107,185,1,183,1,185,mobileOG_000755801,NA:Keyword,WP_040675753.1,integration/excision,NA,Plasmid RefSeq,Keyword Search,NODE_72_length_5874_cov_82.138002_6, 5320 # 5874 # 1 , 5320,5874,1 ,72_6,72,6,01,ATG,None,None,0.605,NODE_72_length_5874_cov_82.138002,mobileOG_000755801_NODE_72_length_5874_cov_82.138002
206,mobileOG_000322970|insD1|WP_137066461.1|integration/excision|NA|Plasmid RefSeq|Homology,NODE_73_length_5722_cov_78.389548_6 # 4315 # 4803 # -1 # ID=73_6;partial=00;start_type=ATG;rbs_motif=None;rbs_spacer=None;gc_cont=0.573,96.6,293,404,7.20e-99,163,236,383,1,148,mobileOG_000322970,insD1,WP_137066461.1,integration/excision,NA,Plasmid RefSeq,Homology,NODE_73_length_5722_cov_78.389548_6, 4315 # 4803 # -1 , 4315,4803,-1 ,73_6,73,6,00,ATG,None,None,0.573,NODE_73_length_5722_cov_78.389548,mobileOG_000322970_NODE_73_length_5722_cov_78.389548
207,mobileOG_000061958|insD1|WP_111818031.1|integration/excision|NA|COMPASS|Homology,NODE_73_length_5722_cov_78.389548_6 # 4315 # 4803 # -1 # ID=73_6;partial=00;start_type=ATG;rbs_motif=None;rbs_spacer=None;gc_cont=0.573,95.3,289,275,7.70e-99,163,107,254,1,148,mobileOG_000061958,insD1,WP_111818031.1,integration/excision,NA,COMPASS,Homology,NODE_73_length_5722_cov_78.389548_6, 4315 # 4803 # -1 , 4315,4803,-1 ,73_6,73,6,00,ATG,None,None,0.573,NODE_73_length_5722_cov_78.389548,mobileOG_000061958_NODE_73_length_5722_cov_78.389548
208,mobileOG_000075774|insD1|WP_152027345.1|integration/excision|NA|COMPASS|Homology,NODE_73_length_5722_cov_78.389548_6 # 4315 # 4803 # -1 # ID=73_6;partial=00;start_type=ATG;rbs_motif=None;rbs_spacer=None;gc_cont=0.573,95.3,287,275,4.43e-98,163,107,254,1,148,mobileOG_000075774,insD1,WP_152027345.1,integration/excision,NA,COMPASS,Homology,NODE_73_length_5722_cov_78.389548_6, 4315 # 4803 # -1 , 4315,4803,-1 ,73_6,73,6,00,ATG,None,None,0.573,NODE_73_length_5722_cov_78.389548,mobileOG_000075774_NODE_73_length_5722_cov_78.389548
209,mobileOG_000075783|insD1|WP_152027361.1|integration/excision|NA|COMPASS|Homology,NODE_73_length_5722_cov_78.389548_6 # 4315 # 4803 # -1 # ID=73_6;partial=00;start_type=ATG;rbs_motif=None;rbs_spacer=None;gc_cont=0.573,95.3,287,275,4.43e-98,163,107,254,1,148,mobileOG_000075783,insD1,WP_152027361.1,integration/excision,NA,COMPASS,Homology,NODE_73_length_5722_cov_78.389548_6, 4315 # 4803 # -1 , 4315,4803,-1 ,73_6,73,6,00,ATG,None,None,0.573,NODE_73_length_5722_cov_78.389548,mobileOG_000075783_NODE_73_length_5722_cov_78.389548
210,mobileOG_000342161|insD1|WP_137409371.1|integration/excision|NA|Plasmid RefSeq|Homology,NODE_73_length_5722_cov_78.389548_6 # 4315 # 4803 # -1 # ID=73_6;partial=00;start_type=ATG;rbs_motif=None;rbs_spacer=None;gc_cont=0.573,95.3,290,404,1.66e-97,163,236,383,1,148,mobileOG_000342161,insD1,WP_137409371.1,integration/excision,NA,Plasmid RefSeq,Homology,NODE_73_length_5722_cov_78.389548_6, 4315 # 4803 # -1 , 4315,4803,-1 ,73_6,73,6,00,ATG,None,None,0.573,NODE_73_length_5722_cov_78.389548,mobileOG_000342161_NODE_73_length_5722_cov_78.389548
211,mobileOG_000072153|insD1|WP_145926060.1|integration/excision|NA|COMPASS|Homology,NODE_73_length_5722_cov_78.389548_6 # 4315 # 4803 # -1 # ID=73_6;partial=00;start_type=ATG;rbs_motif=None;rbs_spacer=None;gc_cont=0.573,94.6,285,275,1.80e-97,163,107,254,1,148,mobileOG_000072153,insD1,WP_145926060.1,integration/excision,NA,COMPASS,Homology,NODE_73_length_5722_cov_78.389548_6, 4315 # 4803 # -1 , 4315,4803,-1 ,73_6,73,6,00,ATG,None,None,0.573,NODE_73_length_5722_cov_78.389548,mobileOG_000072153_NODE_73_length_5722_cov_78.389548
212,mobileOG_000023520|NA|WP_141194616.1|integration/excision|NA|ISFinder|Manual,NODE_73_length_5722_cov_78.389548_6 # 4315 # 4803 # -1 # ID=73_6;partial=00;start_type=ATG;rbs_motif=None;rbs_spacer=None;gc_cont=0.573,94.6,287,333,2.08e-97,163,165,312,1,148,mobileOG_000023520,NA,WP_141194616.1,integration/excision,NA,ISFinder,Manual,NODE_73_length_5722_cov_78.389548_6, 4315 # 4803 # -1 , 4315,4803,-1 ,73_6,73,6,00,ATG,None,None,0.573,NODE_73_length_5722_cov_78.389548,mobileOG_000023520_NODE_73_length_5722_cov_78.389548
213,mobileOG_000038532|insD1|WP_144243780.1|integration/excision|NA|Multiple|Homology,NODE_73_length_5722_cov_78.389548_6 # 4315 # 4803 # -1 # ID=73_6;partial=00;start_type=ATG;rbs_motif=None;rbs_spacer=None;gc_cont=0.573,93.9,285,275,2.55e-97,163,107,254,1,148,mobileOG_000038532,insD1,WP_144243780.1,integration/excision,NA,Multiple,Homology,NODE_73_length_5722_cov_78.389548_6, 4315 # 4803 # -1 , 4315,4803,-1 ,73_6,73,6,00,ATG,None,None,0.573,NODE_73_length_5722_cov_78.389548,mobileOG_000038532_NODE_73_length_5722_cov_78.389548
214,mobileOG_000293601|insD1|WP_111818031.1|integration/excision|NA|Plasmid RefSeq|Homology,NODE_73_length_5722_cov_78.389548_6 # 4315 # 4803 # -1 # ID=73_6;partial=00;start_type=ATG;rbs_motif=None;rbs_spacer=None;gc_cont=0.573,95.3,289,404,4.71e-97,163,236,383,1,148,mobileOG_000293601,insD1,WP_111818031.1,integration/excision,NA,Plasmid RefSeq,Homology,NODE_73_length_5722_cov_78.389548_6, 4315 # 4803 # -1 , 4315,4803,-1 ,73_6,73,6,00,ATG,None,None,0.573,NODE_73_length_5722_cov_78.389548,mobileOG_000293601_NODE_73_length_5722_cov_78.389548
215,mobileOG_000286018|insD1|WP_111818031.1|integration/excision|NA|Plasmid RefSeq|Homology,NODE_73_length_5722_cov_78.389548_6 # 4315 # 4803 # -1 # ID=73_6;partial=00;start_type=ATG;rbs_motif=None;rbs_spacer=None;gc_cont=0.573,95.3,288,404,9.46e-97,163,236,383,1,148,mobileOG_000286018,insD1,WP_111818031.1,integration/excision,NA,Plasmid RefSeq,Homology,NODE_73_length_5722_cov_78.389548_6, 4315 # 4803 # -1 , 4315,4803,-1 ,73_6,73,6,00,ATG,None,None,0.573,NODE_73_length_5722_cov_78.389548,mobileOG_000286018_NODE_73_length_5722_cov_78.389548
216,mobileOG_000075019|insD1|WP_100911651.1|integration/excision|NA|COMPASS|Homology,NODE_73_length_5722_cov_78.389548_6 # 4315 # 4803 # -1 # ID=73_6;partial=00;start_type=ATG;rbs_motif=None;rbs_spacer=None;gc_cont=0.573,91.9,283,280,1.22e-96,163,107,254,1,148,mobileOG_000075019,insD1,WP_100911651.1,integration/excision,NA,COMPASS,Homology,NODE_73_length_5722_cov_78.389548_6, 4315 # 4803 # -1 , 4315,4803,-1 ,73_6,73,6,00,ATG,None,None,0.573,NODE_73_length_5722_cov_78.389548,mobileOG_000075019_NODE_73_length_5722_cov_78.389548
217,mobileOG_000324702|insD1|A0A5R9K775|integration/excision|NA|Plasmid RefSeq|Homology,NODE_73_length_5722_cov_78.389548_6 # 4315 # 4803 # -1 # ID=73_6;partial=00;start_type=ATG;rbs_motif=None;rbs_spacer=None;gc_cont=0.573,95.3,288,404,1.34e-96,163,236,383,1,148,mobileOG_000324702,insD1,A0A5R9K775,integration/excision,NA,Plasmid RefSeq,Homology,NODE_73_length_5722_cov_78.389548_6, 4315 # 4803 # -1 , 4315,4803,-1 ,73_6,73,6,00,ATG,None,None,0.573,NODE_73_length_5722_cov_78.389548,mobileOG_000324702_NODE_73_length_5722_cov_78.389548
218,mobileOG_000322216|insD1|WP_137088040.1|integration/excision|NA|Plasmid RefSeq|Homology,NODE_73_length_5722_cov_78.389548_6 # 4315 # 4803 # -1 # ID=73_6;partial=00;start_type=ATG;rbs_motif=None;rbs_spacer=None;gc_cont=0.573,94.6,287,404,1.90e-96,163,236,383,1,148,mobileOG_000322216,insD1,WP_137088040.1,integration/excision,NA,Plasmid RefSeq,Homology,NODE_73_length_5722_cov_78.389548_6, 4315 # 4803 # -1 , 4315,4803,-1 ,73_6,73,6,00,ATG,None,None,0.573,NODE_73_length_5722_cov_78.389548,mobileOG_000322216_NODE_73_length_5722_cov_78.389548
219,mobileOG_000323922|insD1|WP_137409371.1|integration/excision|NA|Plasmid RefSeq|Homology,NODE_73_length_5722_cov_78.389548_6 # 4315 # 4803 # -1 # ID=73_6;partial=00;start_type=ATG;rbs_motif=None;rbs_spacer=None;gc_cont=0.573,94.6,287,404,1.90e-96,163,236,383,1,148,mobileOG_000323922,insD1,WP_137409371.1,integration/excision,NA,Plasmid RefSeq,Homology,NODE_73_length_5722_cov_78.389548_6, 4315 # 4803 # -1 , 4315,4803,-1 ,73_6,73,6,00,ATG,None,None,0.573,NODE_73_length_5722_cov_78.389548,mobileOG_000323922_NODE_73_length_5722_cov_78.389548
220,mobileOG_000023521|NA|WP_141194616.1|integration/excision|NA|ISFinder|Manual,NODE_73_length_5722_cov_78.389548_6 # 4315 # 4803 # -1 # ID=73_6;partial=00;start_type=ATG;rbs_motif=None;rbs_spacer=None;gc_cont=0.573,94.6,287,404,1.90e-96,163,236,383,1,148,mobileOG_000023521,NA,WP_141194616.1,integration/excision,NA,ISFinder,Manual,NODE_73_length_5722_cov_78.389548_6, 4315 # 4803 # -1 , 4315,4803,-1 ,73_6,73,6,00,ATG,None,None,0.573,NODE_73_length_5722_cov_78.389548,mobileOG_000023521_NODE_73_length_5722_cov_78.389548
221,mobileOG_000399575|NA:Keyword|A0A2L0WM30|integration/excision|NA|COMPASS|Keyword Search,NODE_73_length_5722_cov_78.389548_8 # 5424 # 5720 # -1 # ID=73_8;partial=01;start_type=Edge;rbs_motif=None;rbs_spacer=None;gc_cont=0.579,94.9,181,212,1.89e-58,99,115,212,1,98,mobileOG_000399575,NA:Keyword,A0A2L0WM30,integration/excision,NA,COMPASS,Keyword Search,NODE_73_length_5722_cov_78.389548_8, 5424 # 5720 # -1 , 5424,5720,-1 ,73_8,73,8,01,Edge,None,None,0.579,NODE_73_length_5722_cov_78.389548,mobileOG_000399575_NODE_73_length_5722_cov_78.389548
222,mobileOG_000397679|NA:Keyword|A0A2L0HC55|integration/excision|NA|COMPASS|Keyword Search,NODE_73_length_5722_cov_78.389548_8 # 5424 # 5720 # -1 # ID=73_8;partial=01;start_type=Edge;rbs_motif=None;rbs_spacer=None;gc_cont=0.579,91.8,175,138,4.99e-57,99,41,138,1,98,mobileOG_000397679,NA:Keyword,A0A2L0HC55,integration/excision,NA,COMPASS,Keyword Search,NODE_73_length_5722_cov_78.389548_8, 5424 # 5720 # -1 , 5424,5720,-1 ,73_8,73,8,01,Edge,None,None,0.579,NODE_73_length_5722_cov_78.389548,mobileOG_000397679_NODE_73_length_5722_cov_78.389548
223,mobileOG_000756116|NA:Keyword|WP_120702910.1|integration/excision|NA|Plasmid RefSeq|Keyword Search,NODE_73_length_5722_cov_78.389548_8 # 5424 # 5720 # -1 # ID=73_8;partial=01;start_type=Edge;rbs_motif=None;rbs_spacer=None;gc_cont=0.579,95.9,184,524,5.47e-56,99,427,524,1,98,mobileOG_000756116,NA:Keyword,WP_120702910.1,integration/excision,NA,Plasmid RefSeq,Keyword Search,NODE_73_length_5722_cov_78.389548_8, 5424 # 5720 # -1 , 5424,5720,-1 ,73_8,73,8,01,Edge,None,None,0.579,NODE_73_length_5722_cov_78.389548,mobileOG_000756116_NODE_73_length_5722_cov_78.389548
224,mobileOG_000755229|NA:Keyword|WP_069456393.1|integration/excision|NA|Plasmid RefSeq|Keyword Search,NODE_73_length_5722_cov_78.389548_8 # 5424 # 5720 # -1 # ID=73_8;partial=01;start_type=Edge;rbs_motif=None;rbs_spacer=None;gc_cont=0.579,94.9,182,524,2.12e-55,99,427,524,1,98,mobileOG_000755229,NA:Keyword,WP_069456393.1,integration/excision,NA,Plasmid RefSeq,Keyword Search,NODE_73_length_5722_cov_78.389548_8, 5424 # 5720 # -1 , 5424,5720,-1 ,73_8,73,8,01,Edge,None,None,0.579,NODE_73_length_5722_cov_78.389548,mobileOG_000755229_NODE_73_length_5722_cov_78.389548
225,mobileOG_000754677|NA:Keyword|WP_074061610.1|integration/excision|NA|Plasmid RefSeq|Keyword Search,NODE_73_length_5722_cov_78.389548_8 # 5424 # 5720 # -1 # ID=73_8;partial=01;start_type=Edge;rbs_motif=None;rbs_spacer=None;gc_cont=0.579,92.9,181,524,5.86e-55,99,427,524,1,98,mobileOG_000754677,NA:Keyword,WP_074061610.1,integration/excision,NA,Plasmid RefSeq,Keyword Search,NODE_73_length_5722_cov_78.389548_8, 5424 # 5720 # -1 , 5424,5720,-1 ,73_8,73,8,01,Edge,None,None,0.579,NODE_73_length_5722_cov_78.389548,mobileOG_000754677_NODE_73_length_5722_cov_78.389548
226,mobileOG_000417586|NA:Keyword|WP_074061610.1|integration/excision|NA|COMPASS|Keyword Search,NODE_73_length_5722_cov_78.389548_8 # 5424 # 5720 # -1 # ID=73_8;partial=01;start_type=Edge;rbs_motif=None;rbs_spacer=None;gc_cont=0.579,92.9,181,529,6.40e-55,99,432,529,1,98,mobileOG_000417586,NA:Keyword,WP_074061610.1,integration/excision,NA,COMPASS,Keyword Search,NODE_73_length_5722_cov_78.389548_8, 5424 # 5720 # -1 , 5424,5720,-1 ,73_8,73,8,01,Edge,None,None,0.579,NODE_73_length_5722_cov_78.389548,mobileOG_000417586_NODE_73_length_5722_cov_78.389548
227,mobileOG_000755462|NA:Keyword|WP_120670888.1|integration/excision|NA|Plasmid RefSeq|Keyword Search,NODE_73_length_5722_cov_78.389548_8 # 5424 # 5720 # -1 # ID=73_8;partial=01;start_type=Edge;rbs_motif=None;rbs_spacer=None;gc_cont=0.579,92.9,179,524,4.46e-54,99,427,524,1,98,mobileOG_000755462,NA:Keyword,WP_120670888.1,integration/excision,NA,Plasmid RefSeq,Keyword Search,NODE_73_length_5722_cov_78.389548_8, 5424 # 5720 # -1 , 5424,5720,-1 ,73_8,73,8,01,Edge,None,None,0.579,NODE_73_length_5722_cov_78.389548,mobileOG_000755462_NODE_73_length_5722_cov_78.389548
228,mobileOG_000405084|NA:Keyword|WP_011983062.1|integration/excision|NA|COMPASS|Keyword Search,NODE_73_length_5722_cov_78.389548_8 # 5424 # 5720 # -1 # ID=73_8;partial=01;start_type=Edge;rbs_motif=None;rbs_spacer=None;gc_cont=0.579,92.9,178,529,6.82e-54,99,432,529,1,98,mobileOG_000405084,NA:Keyword,WP_011983062.1,integration/excision,NA,COMPASS,Keyword Search,NODE_73_length_5722_cov_78.389548_8, 5424 # 5720 # -1 , 5424,5720,-1 ,73_8,73,8,01,Edge,None,None,0.579,NODE_73_length_5722_cov_78.389548,mobileOG_000405084_NODE_73_length_5722_cov_78.389548
229,mobileOG_000314019|NA|WP_113154401.1|integration/excision|NA|Plasmid RefSeq|Homology,NODE_75_length_5268_cov_56.633982_2 # 550 # 816 # -1 # ID=75_2;partial=00;start_type=ATG;rbs_motif=GGAG/GAGG;rbs_spacer=5-10bp;gc_cont=0.517,92.0,161,367,5.77e-49,89,1,87,1,87,mobileOG_000314019,NA,WP_113154401.1,integration/excision,NA,Plasmid RefSeq,Homology,NODE_75_length_5268_cov_56.633982_2, 550 # 816 # -1 , 550,816,-1 ,75_2,75,2,00,ATG,GGAG/GAGG,5-10bp,0.517,NODE_75_length_5268_cov_56.633982,mobileOG_000314019_NODE_75_length_5268_cov_56.633982
230,mobileOG_000315950|NA|WP_119945156.1|integration/excision|NA|Plasmid RefSeq|Homology,NODE_75_length_5268_cov_56.633982_2 # 550 # 816 # -1 # ID=75_2;partial=00;start_type=ATG;rbs_motif=GGAG/GAGG;rbs_spacer=5-10bp;gc_cont=0.517,90.8,160,367,1.62e-48,89,1,87,1,87,mobileOG_000315950,NA,WP_119945156.1,integration/excision,NA,Plasmid RefSeq,Homology,NODE_75_length_5268_cov_56.633982_2, 550 # 816 # -1 , 550,816,-1 ,75_2,75,2,00,ATG,GGAG/GAGG,5-10bp,0.517,NODE_75_length_5268_cov_56.633982,mobileOG_000315950_NODE_75_length_5268_cov_56.633982
231,mobileOG_000368295|NA|WP_163898195.1|integration/excision|NA|Plasmid RefSeq|Homology,NODE_75_length_5268_cov_56.633982_2 # 550 # 816 # -1 # ID=75_2;partial=00;start_type=ATG;rbs_motif=GGAG/GAGG;rbs_spacer=5-10bp;gc_cont=0.517,90.8,160,367,1.62e-48,89,1,87,1,87,mobileOG_000368295,NA,WP_163898195.1,integration/excision,NA,Plasmid RefSeq,Homology,NODE_75_length_5268_cov_56.633982_2, 550 # 816 # -1 , 550,816,-1 ,75_2,75,2,00,ATG,GGAG/GAGG,5-10bp,0.517,NODE_75_length_5268_cov_56.633982,mobileOG_000368295_NODE_75_length_5268_cov_56.633982
232,mobileOG_000043592|insD1|WP_095448201.1|integration/excision|NA|COMPASS|Homology,NODE_87_length_2983_cov_55.483138_4 # 2601 # 2981 # -1 # ID=87_4;partial=01;start_type=Edge;rbs_motif=None;rbs_spacer=None;gc_cont=0.507,97.6,253,276,3.55e-85,127,151,276,1,126,mobileOG_000043592,insD1,WP_095448201.1,integration/excision,NA,COMPASS,Homology,NODE_87_length_2983_cov_55.483138_4, 2601 # 2981 # -1 , 2601,2981,-1 ,87_4,87,4,01,Edge,None,None,0.507,NODE_87_length_2983_cov_55.483138,mobileOG_000043592_NODE_87_length_2983_cov_55.483138
233,mobileOG_000306257|insD1|WP_095448201.1|integration/excision|NA|Plasmid RefSeq|Homology,NODE_87_length_2983_cov_55.483138_4 # 2601 # 2981 # -1 # ID=87_4;partial=01;start_type=Edge;rbs_motif=None;rbs_spacer=None;gc_cont=0.507,97.6,253,403,1.70e-83,127,278,403,1,126,mobileOG_000306257,insD1,WP_095448201.1,integration/excision,NA,Plasmid RefSeq,Homology,NODE_87_length_2983_cov_55.483138_4, 2601 # 2981 # -1 , 2601,2981,-1 ,87_4,87,4,01,Edge,None,None,0.507,NODE_87_length_2983_cov_55.483138,mobileOG_000306257_NODE_87_length_2983_cov_55.483138
234,mobileOG_000061293|NA|L0LQ86|integration/excision|NA|COMPASS|Homology,NODE_109_length_1490_cov_72.891012_1 # 106 # 582 # -1 # ID=109_1;partial=00;start_type=GTG;rbs_motif=3Base/5BMM;rbs_spacer=13-15bp;gc_cont=0.551,97.4,311,164,1.51e-109,159,10,164,4,158,mobileOG_000061293,NA,L0LQ86,integration/excision,NA,COMPASS,Homology,NODE_109_length_1490_cov_72.891012_1, 106 # 582 # -1 , 106,582,-1 ,109_1,109,1,00,GTG,3Base/5BMM,13-15bp,0.551,NODE_109_length_1490_cov_72.891012,mobileOG_000061293_NODE_109_length_1490_cov_72.891012
235,mobileOG_000075018|NA|WP_100911650.1|integration/excision|NA|COMPASS|Homology,NODE_109_length_1490_cov_72.891012_1 # 106 # 582 # -1 # ID=109_1;partial=00;start_type=GTG;rbs_motif=3Base/5BMM;rbs_spacer=13-15bp;gc_cont=0.551,97.4,311,286,1.43e-107,159,132,286,4,158,mobileOG_000075018,NA,WP_100911650.1,integration/excision,NA,COMPASS,Homology,NODE_109_length_1490_cov_72.891012_1, 106 # 582 # -1 , 106,582,-1 ,109_1,109,1,00,GTG,3Base/5BMM,13-15bp,0.551,NODE_109_length_1490_cov_72.891012,mobileOG_000075018_NODE_109_length_1490_cov_72.891012
236,mobileOG_000072342|insF1|WP_156553061.1|integration/excision|NA|COMPASS|Homology,NODE_109_length_1490_cov_72.891012_1 # 106 # 582 # -1 # ID=109_1;partial=00;start_type=GTG;rbs_motif=3Base/5BMM;rbs_spacer=13-15bp;gc_cont=0.551,98.1,313,334,1.73e-107,159,180,334,4,158,mobileOG_000072342,insF1,WP_156553061.1,integration/excision,NA,COMPASS,Homology,NODE_109_length_1490_cov_72.891012_1, 106 # 582 # -1 , 106,582,-1 ,109_1,109,1,00,GTG,3Base/5BMM,13-15bp,0.551,NODE_109_length_1490_cov_72.891012,mobileOG_000072342_NODE_109_length_1490_cov_72.891012
237,mobileOG_000072372|insF1|WP_156553149.1|integration/excision|NA|COMPASS|Homology,NODE_109_length_1490_cov_72.891012_1 # 106 # 582 # -1 # ID=109_1;partial=00;start_type=GTG;rbs_motif=3Base/5BMM;rbs_spacer=13-15bp;gc_cont=0.551,98.1,313,334,1.73e-107,159,180,334,4,158,mobileOG_000072372,insF1,WP_156553149.1,integration/excision,NA,COMPASS,Homology,NODE_109_length_1490_cov_72.891012_1, 106 # 582 # -1 , 106,582,-1 ,109_1,109,1,00,GTG,3Base/5BMM,13-15bp,0.551,NODE_109_length_1490_cov_72.891012,mobileOG_000072372_NODE_109_length_1490_cov_72.891012
238,mobileOG_000354759|insF1|WP_156553149.1|integration/excision|NA|Plasmid RefSeq|Homology,NODE_109_length_1490_cov_72.891012_1 # 106 # 582 # -1 # ID=109_1;partial=00;start_type=GTG;rbs_motif=3Base/5BMM;rbs_spacer=13-15bp;gc_cont=0.551,98.1,313,375,6.54e-107,159,221,375,4,158,mobileOG_000354759,insF1,WP_156553149.1,integration/excision,NA,Plasmid RefSeq,Homology,NODE_109_length_1490_cov_72.891012_1, 106 # 582 # -1 , 106,582,-1 ,109_1,109,1,00,GTG,3Base/5BMM,13-15bp,0.551,NODE_109_length_1490_cov_72.891012,mobileOG_000354759_NODE_109_length_1490_cov_72.891012
239,mobileOG_000355253|insF1|WP_156553061.1|integration/excision|NA|Plasmid RefSeq|Homology,NODE_109_length_1490_cov_72.891012_1 # 106 # 582 # -1 # ID=109_1;partial=00;start_type=GTG;rbs_motif=3Base/5BMM;rbs_spacer=13-15bp;gc_cont=0.551,98.1,313,375,6.54e-107,159,221,375,4,158,mobileOG_000355253,insF1,WP_156553061.1,integration/excision,NA,Plasmid RefSeq,Homology,NODE_109_length_1490_cov_72.891012_1, 106 # 582 # -1 , 106,582,-1 ,109_1,109,1,00,GTG,3Base/5BMM,13-15bp,0.551,NODE_109_length_1490_cov_72.891012,mobileOG_000355253_NODE_109_length_1490_cov_72.891012
240,mobileOG_000310512|insF1|WP_100911650.1|integration/excision|NA|Plasmid RefSeq|Homology,NODE_109_length_1490_cov_72.891012_1 # 106 # 582 # -1 # ID=109_1;partial=00;start_type=GTG;rbs_motif=3Base/5BMM;rbs_spacer=13-15bp;gc_cont=0.551,97.4,311,375,2.64e-106,159,221,375,4,158,mobileOG_000310512,insF1,WP_100911650.1,integration/excision,NA,Plasmid RefSeq,Homology,NODE_109_length_1490_cov_72.891012_1, 106 # 582 # -1 , 106,582,-1 ,109_1,109,1,00,GTG,3Base/5BMM,13-15bp,0.551,NODE_109_length_1490_cov_72.891012,mobileOG_000310512_NODE_109_length_1490_cov_72.891012
241,mobileOG_000315943|insF1|WP_119944961.1|integration/excision|NA|Plasmid RefSeq|Homology,NODE_109_length_1490_cov_72.891012_1 # 106 # 582 # -1 # ID=109_1;partial=00;start_type=GTG;rbs_motif=3Base/5BMM;rbs_spacer=13-15bp;gc_cont=0.551,96.8,311,375,2.64e-106,159,221,375,4,158,mobileOG_000315943,insF1,WP_119944961.1,integration/excision,NA,Plasmid RefSeq,Homology,NODE_109_length_1490_cov_72.891012_1, 106 # 582 # -1 , 106,582,-1 ,109_1,109,1,00,GTG,3Base/5BMM,13-15bp,0.551,NODE_109_length_1490_cov_72.891012,mobileOG_000315943_NODE_109_length_1490_cov_72.891012
242,mobileOG_000351824|insF1|WP_152338331.1|integration/excision|NA|Plasmid RefSeq|Homology,NODE_109_length_1490_cov_72.891012_1 # 106 # 582 # -1 # ID=109_1;partial=00;start_type=GTG;rbs_motif=3Base/5BMM;rbs_spacer=13-15bp;gc_cont=0.551,93.5,300,375,6.61e-102,159,221,374,4,157,mobileOG_000351824,insF1,WP_152338331.1,integration/excision,NA,Plasmid RefSeq,Homology,NODE_109_length_1490_cov_72.891012_1, 106 # 582 # -1 , 106,582,-1 ,109_1,109,1,00,GTG,3Base/5BMM,13-15bp,0.551,NODE_109_length_1490_cov_72.891012,mobileOG_000351824_NODE_109_length_1490_cov_72.891012
243,mobileOG_000002715|insF|A0A1S7QQ49|integration/excision|NA|COMPASS|Manual,NODE_109_length_1490_cov_72.891012_1 # 106 # 582 # -1 # ID=109_1;partial=00;start_type=GTG;rbs_motif=3Base/5BMM;rbs_spacer=13-15bp;gc_cont=0.551,92.1,291,165,2.67e-101,159,13,164,6,157,mobileOG_000002715,insF,A0A1S7QQ49,integration/excision,NA,COMPASS,Manual,NODE_109_length_1490_cov_72.891012_1, 106 # 582 # -1 , 106,582,-1 ,109_1,109,1,00,GTG,3Base/5BMM,13-15bp,0.551,NODE_109_length_1490_cov_72.891012,mobileOG_000002715_NODE_109_length_1490_cov_72.891012
244,mobileOG_000061294|tnp1|L0LUJ3|integration/excision|NA|COMPASS|Homology,NODE_109_length_1490_cov_72.891012_3 # 991 # 1260 # -1 # ID=109_3;partial=00;start_type=ATG;rbs_motif=4Base/6BMM;rbs_spacer=13-15bp;gc_cont=0.544,96.6,160,89,9.33e-52,90,1,89,1,89,mobileOG_000061294,tnp1,L0LUJ3,integration/excision,NA,COMPASS,Homology,NODE_109_length_1490_cov_72.891012_3, 991 # 1260 # -1 , 991,1260,-1 ,109_3,109,3,00,ATG,4Base/6BMM,13-15bp,0.544,NODE_109_length_1490_cov_72.891012,mobileOG_000061294_NODE_109_length_1490_cov_72.891012
245,mobileOG_000075017|tnp1|A0A1S7NQK7|integration/excision|NA|COMPASS|Homology,NODE_109_length_1490_cov_72.891012_3 # 991 # 1260 # -1 # ID=109_3;partial=00;start_type=ATG;rbs_motif=4Base/6BMM;rbs_spacer=13-15bp;gc_cont=0.544,93.3,155,89,6.32e-50,90,1,89,1,89,mobileOG_000075017,tnp1,A0A1S7NQK7,integration/excision,NA,COMPASS,Homology,NODE_109_length_1490_cov_72.891012_3, 991 # 1260 # -1 , 991,1260,-1 ,109_3,109,3,00,ATG,4Base/6BMM,13-15bp,0.544,NODE_109_length_1490_cov_72.891012,mobileOG_000075017_NODE_109_length_1490_cov_72.891012
246,mobileOG_000731175|NA:Keyword|A0A256GXU0|integration/excision|NA|Plasmid RefSeq|Keyword Search,NODE_111_length_1457_cov_88.508696_1 # 1 # 555 # -1 # ID=111_1;partial=10;start_type=ATG;rbs_motif=None;rbs_spacer=None;gc_cont=0.596,95.1,337,528,4.21e-114,185,1,185,1,185,mobileOG_000731175,NA:Keyword,A0A256GXU0,integration/excision,NA,Plasmid RefSeq,Keyword Search,NODE_111_length_1457_cov_88.508696_1, 1 # 555 # -1 , 1,555,-1 ,111_1,111,1,10,ATG,None,None,0.596,NODE_111_length_1457_cov_88.508696,mobileOG_000731175_NODE_111_length_1457_cov_88.508696
247,mobileOG_000731391|NA:Keyword|WP_012477959.1|integration/excision|NA|Multiple|Keyword Search,NODE_111_length_1457_cov_88.508696_1 # 1 # 555 # -1 # ID=111_1;partial=10;start_type=ATG;rbs_motif=None;rbs_spacer=None;gc_cont=0.596,93.5,332,528,5.45e-112,185,1,185,1,185,mobileOG_000731391,NA:Keyword,WP_012477959.1,integration/excision,NA,Multiple,Keyword Search,NODE_111_length_1457_cov_88.508696_1, 1 # 555 # -1 , 1,555,-1 ,111_1,111,1,10,ATG,None,None,0.596,NODE_111_length_1457_cov_88.508696,mobileOG_000731391_NODE_111_length_1457_cov_88.508696
248,mobileOG_000401721|NA:Keyword|WP_037069545.1|integration/excision|NA|Multiple|Keyword Search,NODE_111_length_1457_cov_88.508696_1 # 1 # 555 # -1 # ID=111_1;partial=10;start_type=ATG;rbs_motif=None;rbs_spacer=None;gc_cont=0.596,91.9,327,529,3.62e-110,185,1,185,1,185,mobileOG_000401721,NA:Keyword,WP_037069545.1,integration/excision,NA,Multiple,Keyword Search,NODE_111_length_1457_cov_88.508696_1, 1 # 555 # -1 , 1,555,-1 ,111_1,111,1,10,ATG,None,None,0.596,NODE_111_length_1457_cov_88.508696,mobileOG_000401721_NODE_111_length_1457_cov_88.508696
249,mobileOG_000755965|NA:Keyword|WP_130824448.1|integration/excision|NA|Plasmid RefSeq|Keyword Search,NODE_111_length_1457_cov_88.508696_1 # 1 # 555 # -1 # ID=111_1;partial=10;start_type=ATG;rbs_motif=None;rbs_spacer=None;gc_cont=0.596,90.8,326,529,1.03e-109,185,1,185,1,185,mobileOG_000755965,NA:Keyword,WP_130824448.1,integration/excision,NA,Plasmid RefSeq,Keyword Search,NODE_111_length_1457_cov_88.508696_1, 1 # 555 # -1 , 1,555,-1 ,111_1,111,1,10,ATG,None,None,0.596,NODE_111_length_1457_cov_88.508696,mobileOG_000755965_NODE_111_length_1457_cov_88.508696
250,mobileOG_000756038|NA:Keyword|WP_040680932.1|integration/excision|NA|Multiple|Keyword Search,NODE_111_length_1457_cov_88.508696_1 # 1 # 555 # -1 # ID=111_1;partial=10;start_type=ATG;rbs_motif=None;rbs_spacer=None;gc_cont=0.596,91.4,325,529,2.91e-109,185,1,185,1,185,mobileOG_000756038,NA:Keyword,WP_040680932.1,integration/excision,NA,Multiple,Keyword Search,NODE_111_length_1457_cov_88.508696_1, 1 # 555 # -1 , 1,555,-1 ,111_1,111,1,10,ATG,None,None,0.596,NODE_111_length_1457_cov_88.508696,mobileOG_000756038_NODE_111_length_1457_cov_88.508696
251,mobileOG_000756039|NA:Keyword|WP_040680996.1|integration/excision|NA|Multiple|Keyword Search,NODE_111_length_1457_cov_88.508696_1 # 1 # 555 # -1 # ID=111_1;partial=10;start_type=ATG;rbs_motif=None;rbs_spacer=None;gc_cont=0.596,91.4,325,529,2.91e-109,185,1,185,1,185,mobileOG_000756039,NA:Keyword,WP_040680996.1,integration/excision,NA,Multiple,Keyword Search,NODE_111_length_1457_cov_88.508696_1, 1 # 555 # -1 , 1,555,-1 ,111_1,111,1,10,ATG,None,None,0.596,NODE_111_length_1457_cov_88.508696,mobileOG_000756039_NODE_111_length_1457_cov_88.508696
252,mobileOG_000074545|tnpB|WP_012477958.1|integration/excision|NA|Multiple|Homology,NODE_111_length_1457_cov_88.508696_2 # 607 # 960 # -1 # ID=111_2;partial=00;start_type=ATG;rbs_motif=AGGAG;rbs_spacer=5-10bp;gc_cont=0.576,98.3,234,117,2.59e-80,118,1,117,1,117,mobileOG_000074545,tnpB,WP_012477958.1,integration/excision,NA,Multiple,Homology,NODE_111_length_1457_cov_88.508696_2, 607 # 960 # -1 , 607,960,-1 ,111_2,111,2,00,ATG,AGGAG,5-10bp,0.576,NODE_111_length_1457_cov_88.508696,mobileOG_000074545_NODE_111_length_1457_cov_88.508696
253,mobileOG_000376246|tnpB|WP_130666569.1|integration/excision|NA|Plasmid RefSeq|Homology,NODE_111_length_1457_cov_88.508696_2 # 607 # 960 # -1 # ID=111_2;partial=00;start_type=ATG;rbs_motif=AGGAG;rbs_spacer=5-10bp;gc_cont=0.576,96.6,231,117,6.10e-79,118,1,117,1,117,mobileOG_000376246,tnpB,WP_130666569.1,integration/excision,NA,Plasmid RefSeq,Homology,NODE_111_length_1457_cov_88.508696_2, 607 # 960 # -1 , 607,960,-1 ,111_2,111,2,00,ATG,AGGAG,5-10bp,0.576,NODE_111_length_1457_cov_88.508696,mobileOG_000376246_NODE_111_length_1457_cov_88.508696
254,mobileOG_000329692|tnpB|WP_012477958.1|integration/excision|NA|Plasmid RefSeq|Homology,NODE_111_length_1457_cov_88.508696_2 # 607 # 960 # -1 # ID=111_2;partial=00;start_type=ATG;rbs_motif=AGGAG;rbs_spacer=5-10bp;gc_cont=0.576,96.6,230,117,8.67e-79,118,1,117,1,117,mobileOG_000329692,tnpB,WP_012477958.1,integration/excision,NA,Plasmid RefSeq,Homology,NODE_111_length_1457_cov_88.508696_2, 607 # 960 # -1 , 607,960,-1 ,111_2,111,2,00,ATG,AGGAG,5-10bp,0.576,NODE_111_length_1457_cov_88.508696,mobileOG_000329692_NODE_111_length_1457_cov_88.508696
255,mobileOG_000060647|tnpB|WP_013845259.1|integration/excision|NA|Multiple|Homology,NODE_111_length_1457_cov_88.508696_2 # 607 # 960 # -1 # ID=111_2;partial=00;start_type=ATG;rbs_motif=AGGAG;rbs_spacer=5-10bp;gc_cont=0.576,94.0,228,117,1.01e-77,118,1,117,1,117,mobileOG_000060647,tnpB,WP_013845259.1,integration/excision,NA,Multiple,Homology,NODE_111_length_1457_cov_88.508696_2, 607 # 960 # -1 , 607,960,-1 ,111_2,111,2,00,ATG,AGGAG,5-10bp,0.576,NODE_111_length_1457_cov_88.508696,mobileOG_000060647_NODE_111_length_1457_cov_88.508696
256,mobileOG_000325283|tnpB|WP_072642615.1|integration/excision|NA|Multiple|Homology,NODE_111_length_1457_cov_88.508696_2 # 607 # 960 # -1 # ID=111_2;partial=00;start_type=ATG;rbs_motif=AGGAG;rbs_spacer=5-10bp;gc_cont=0.576,94.9,228,117,1.01e-77,118,1,117,1,117,mobileOG_000325283,tnpB,WP_072642615.1,integration/excision,NA,Multiple,Homology,NODE_111_length_1457_cov_88.508696_2, 607 # 960 # -1 , 607,960,-1 ,111_2,111,2,00,ATG,AGGAG,5-10bp,0.576,NODE_111_length_1457_cov_88.508696,mobileOG_000325283_NODE_111_length_1457_cov_88.508696
257,mobileOG_000332080|tnpB|WP_015061473.1|integration/excision|NA|Multiple|Homology,NODE_111_length_1457_cov_88.508696_2 # 607 # 960 # -1 # ID=111_2;partial=00;start_type=ATG;rbs_motif=AGGAG;rbs_spacer=5-10bp;gc_cont=0.576,94.0,228,117,1.01e-77,118,1,117,1,117,mobileOG_000332080,tnpB,WP_015061473.1,integration/excision,NA,Multiple,Homology,NODE_111_length_1457_cov_88.508696_2, 607 # 960 # -1 , 607,960,-1 ,111_2,111,2,00,ATG,AGGAG,5-10bp,0.576,NODE_111_length_1457_cov_88.508696,mobileOG_000332080_NODE_111_length_1457_cov_88.508696
258,mobileOG_000036448|tnpB|WP_011654171.1|integration/excision|NA|Multiple|Homology,NODE_111_length_1457_cov_88.508696_2 # 607 # 960 # -1 # ID=111_2;partial=00;start_type=ATG;rbs_motif=AGGAG;rbs_spacer=5-10bp;gc_cont=0.576,94.9,226,117,2.91e-77,118,1,117,1,117,mobileOG_000036448,tnpB,WP_011654171.1,integration/excision,NA,Multiple,Homology,NODE_111_length_1457_cov_88.508696_2, 607 # 960 # -1 , 607,960,-1 ,111_2,111,2,00,ATG,AGGAG,5-10bp,0.576,NODE_111_length_1457_cov_88.508696,mobileOG_000036448_NODE_111_length_1457_cov_88.508696
259,mobileOG_000332464|tnpB|WP_004118312.1|integration/excision|NA|Multiple|Homology,NODE_111_length_1457_cov_88.508696_2 # 607 # 960 # -1 # ID=111_2;partial=00;start_type=ATG;rbs_motif=AGGAG;rbs_spacer=5-10bp;gc_cont=0.576,92.3,226,117,2.91e-77,118,1,117,1,117,mobileOG_000332464,tnpB,WP_004118312.1,integration/excision,NA,Multiple,Homology,NODE_111_length_1457_cov_88.508696_2, 607 # 960 # -1 , 607,960,-1 ,111_2,111,2,00,ATG,AGGAG,5-10bp,0.576,NODE_111_length_1457_cov_88.508696,mobileOG_000332464_NODE_111_length_1457_cov_88.508696
260,mobileOG_000295417|tnpB|WP_004118312.1|integration/excision|NA|Plasmid RefSeq|Homology,NODE_111_length_1457_cov_88.508696_2 # 607 # 960 # -1 # ID=111_2;partial=00;start_type=ATG;rbs_motif=AGGAG;rbs_spacer=5-10bp;gc_cont=0.576,92.3,226,117,5.87e-77,118,1,117,1,117,mobileOG_000295417,tnpB,WP_004118312.1,integration/excision,NA,Plasmid RefSeq,Homology,NODE_111_length_1457_cov_88.508696_2, 607 # 960 # -1 , 607,960,-1 ,111_2,111,2,00,ATG,AGGAG,5-10bp,0.576,NODE_111_length_1457_cov_88.508696,mobileOG_000295417_NODE_111_length_1457_cov_88.508696
261,mobileOG_000060154|tnpB|WP_014531668.1|integration/excision|NA|Multiple|Homology,NODE_111_length_1457_cov_88.508696_2 # 607 # 960 # -1 # ID=111_2;partial=00;start_type=ATG;rbs_motif=AGGAG;rbs_spacer=5-10bp;gc_cont=0.576,93.2,224,117,1.68e-76,118,1,117,1,117,mobileOG_000060154,tnpB,WP_014531668.1,integration/excision,NA,Multiple,Homology,NODE_111_length_1457_cov_88.508696_2, 607 # 960 # -1 , 607,960,-1 ,111_2,111,2,00,ATG,AGGAG,5-10bp,0.576,NODE_111_length_1457_cov_88.508696,mobileOG_000060154_NODE_111_length_1457_cov_88.508696
262,mobileOG_000332277|tnpB|WP_130824447.1|integration/excision|NA|Plasmid RefSeq|Homology,NODE_111_length_1457_cov_88.508696_2 # 607 # 960 # -1 # ID=111_2;partial=00;start_type=ATG;rbs_motif=AGGAG;rbs_spacer=5-10bp;gc_cont=0.576,94.0,224,117,1.68e-76,118,1,117,1,117,mobileOG_000332277,tnpB,WP_130824447.1,integration/excision,NA,Plasmid RefSeq,Homology,NODE_111_length_1457_cov_88.508696_2, 607 # 960 # -1 , 607,960,-1 ,111_2,111,2,00,ATG,AGGAG,5-10bp,0.576,NODE_111_length_1457_cov_88.508696,mobileOG_000332277_NODE_111_length_1457_cov_88.508696
263,mobileOG_000334475|tnpB|WP_006199997.1|integration/excision|NA|Multiple|Homology,NODE_111_length_1457_cov_88.508696_2 # 607 # 960 # -1 # ID=111_2;partial=00;start_type=ATG;rbs_motif=AGGAG;rbs_spacer=5-10bp;gc_cont=0.576,90.6,224,117,3.40e-76,118,1,117,1,117,mobileOG_000334475,tnpB,WP_006199997.1,integration/excision,NA,Multiple,Homology,NODE_111_length_1457_cov_88.508696_2, 607 # 960 # -1 , 607,960,-1 ,111_2,111,2,00,ATG,AGGAG,5-10bp,0.576,NODE_111_length_1457_cov_88.508696,mobileOG_000334475_NODE_111_length_1457_cov_88.508696
264,mobileOG_000325277|tnpB|WP_054186397.1|integration/excision|NA|Plasmid RefSeq|Homology,NODE_111_length_1457_cov_88.508696_2 # 607 # 960 # -1 # ID=111_2;partial=00;start_type=ATG;rbs_motif=AGGAG;rbs_spacer=5-10bp;gc_cont=0.576,92.3,224,117,3.40e-76,118,1,117,1,117,mobileOG_000325277,tnpB,WP_054186397.1,integration/excision,NA,Plasmid RefSeq,Homology,NODE_111_length_1457_cov_88.508696_2, 607 # 960 # -1 , 607,960,-1 ,111_2,111,2,00,ATG,AGGAG,5-10bp,0.576,NODE_111_length_1457_cov_88.508696,mobileOG_000325277_NODE_111_length_1457_cov_88.508696
265,mobileOG_000345832|tnpB|WP_056537524.1|integration/excision|NA|Plasmid RefSeq|Homology,NODE_111_length_1457_cov_88.508696_2 # 607 # 960 # -1 # ID=111_2;partial=00;start_type=ATG;rbs_motif=AGGAG;rbs_spacer=5-10bp;gc_cont=0.576,92.3,224,117,3.40e-76,118,1,117,1,117,mobileOG_000345832,tnpB,WP_056537524.1,integration/excision,NA,Plasmid RefSeq,Homology,NODE_111_length_1457_cov_88.508696_2, 607 # 960 # -1 , 607,960,-1 ,111_2,111,2,00,ATG,AGGAG,5-10bp,0.576,NODE_111_length_1457_cov_88.508696,mobileOG_000345832_NODE_111_length_1457_cov_88.508696
266,mobileOG_000328743|tnpB|WP_016558562.1|integration/excision|NA|Plasmid RefSeq|Homology,NODE_111_length_1457_cov_88.508696_2 # 607 # 960 # -1 # ID=111_2;partial=00;start_type=ATG;rbs_motif=AGGAG;rbs_spacer=5-10bp;gc_cont=0.576,92.3,223,117,6.86e-76,118,1,117,1,117,mobileOG_000328743,tnpB,WP_016558562.1,integration/excision,NA,Plasmid RefSeq,Homology,NODE_111_length_1457_cov_88.508696_2, 607 # 960 # -1 , 607,960,-1 ,111_2,111,2,00,ATG,AGGAG,5-10bp,0.576,NODE_111_length_1457_cov_88.508696,mobileOG_000328743_NODE_111_length_1457_cov_88.508696
267,mobileOG_000405084|NA:Keyword|WP_011983062.1|integration/excision|NA|COMPASS|Keyword Search,NODE_119_length_1164_cov_267.191352_1 # 3 # 449 # -1 # ID=119_1;partial=10;start_type=ATG;rbs_motif=GGA/GAG/AGG;rbs_spacer=5-10bp;gc_cont=0.568,94.6,277,529,4.37e-91,149,1,149,1,149,mobileOG_000405084,NA:Keyword,WP_011983062.1,integration/excision,NA,COMPASS,Keyword Search,NODE_119_length_1164_cov_267.191352_1, 3 # 449 # -1 , 3,449,-1 ,119_1,119,1,10,ATG,GGA/GAG/AGG,5-10bp,0.568,NODE_119_length_1164_cov_267.191352,mobileOG_000405084_NODE_119_length_1164_cov_267.191352
268,mobileOG_000417586|NA:Keyword|WP_074061610.1|integration/excision|NA|COMPASS|Keyword Search,NODE_119_length_1164_cov_267.191352_1 # 3 # 449 # -1 # ID=119_1;partial=10;start_type=ATG;rbs_motif=GGA/GAG/AGG;rbs_spacer=5-10bp;gc_cont=0.568,91.3,270,529,3.10e-88,149,1,149,1,149,mobileOG_000417586,NA:Keyword,WP_074061610.1,integration/excision,NA,COMPASS,Keyword Search,NODE_119_length_1164_cov_267.191352_1, 3 # 449 # -1 , 3,449,-1 ,119_1,119,1,10,ATG,GGA/GAG/AGG,5-10bp,0.568,NODE_119_length_1164_cov_267.191352,mobileOG_000417586_NODE_119_length_1164_cov_267.191352
269,mobileOG_000754677|NA:Keyword|WP_074061610.1|integration/excision|NA|Plasmid RefSeq|Keyword Search,NODE_119_length_1164_cov_267.191352_1 # 3 # 449 # -1 # ID=119_1;partial=10;start_type=ATG;rbs_motif=GGA/GAG/AGG;rbs_spacer=5-10bp;gc_cont=0.568,91.7,262,524,2.72e-85,149,1,144,6,149,mobileOG_000754677,NA:Keyword,WP_074061610.1,integration/excision,NA,Plasmid RefSeq,Keyword Search,NODE_119_length_1164_cov_267.191352_1, 3 # 449 # -1 , 3,449,-1 ,119_1,119,1,10,ATG,GGA/GAG/AGG,5-10bp,0.568,NODE_119_length_1164_cov_267.191352,mobileOG_000754677_NODE_119_length_1164_cov_267.191352
270,mobileOG_000046634|tnpB|WP_013845337.1|integration/excision|NA|Multiple|Homology,NODE_119_length_1164_cov_267.191352_2 # 483 # 839 # -1 # ID=119_2;partial=00;start_type=GTG;rbs_motif=GGAG/GAGG;rbs_spacer=5-10bp;gc_cont=0.577,94.9,233,118,7.99e-80,119,1,118,1,118,mobileOG_000046634,tnpB,WP_013845337.1,integration/excision,NA,Multiple,Homology,NODE_119_length_1164_cov_267.191352_2, 483 # 839 # -1 , 483,839,-1 ,119_2,119,2,00,GTG,GGAG/GAGG,5-10bp,0.577,NODE_119_length_1164_cov_267.191352,mobileOG_000046634_NODE_119_length_1164_cov_267.191352
271,mobileOG_000325327|tnpB|WP_120702911.1|integration/excision|NA|Plasmid RefSeq|Homology,NODE_119_length_1164_cov_267.191352_2 # 483 # 839 # -1 # ID=119_2;partial=00;start_type=GTG;rbs_motif=GGAG/GAGG;rbs_spacer=5-10bp;gc_cont=0.577,95.8,233,118,1.13e-79,119,1,118,1,118,mobileOG_000325327,tnpB,WP_120702911.1,integration/excision,NA,Plasmid RefSeq,Homology,NODE_119_length_1164_cov_267.191352_2, 483 # 839 # -1 , 483,839,-1 ,119_2,119,2,00,GTG,GGAG/GAGG,5-10bp,0.577,NODE_119_length_1164_cov_267.191352,mobileOG_000325327_NODE_119_length_1164_cov_267.191352
272,mobileOG_000330066|tnpB|WP_104840548.1|integration/excision|NA|Multiple|Homology,NODE_119_length_1164_cov_267.191352_2 # 483 # 839 # -1 # ID=119_2;partial=00;start_type=GTG;rbs_motif=GGAG/GAGG;rbs_spacer=5-10bp;gc_cont=0.577,93.2,231,118,3.26e-79,119,1,118,1,118,mobileOG_000330066,tnpB,WP_104840548.1,integration/excision,NA,Multiple,Homology,NODE_119_length_1164_cov_267.191352_2, 483 # 839 # -1 , 483,839,-1 ,119_2,119,2,00,GTG,GGAG/GAGG,5-10bp,0.577,NODE_119_length_1164_cov_267.191352,mobileOG_000330066_NODE_119_length_1164_cov_267.191352
273,mobileOG_000038539|tnpB|WP_011983063.1|integration/excision|NA|Multiple|Homology,NODE_119_length_1164_cov_267.191352_2 # 483 # 839 # -1 # ID=119_2;partial=00;start_type=GTG;rbs_motif=GGAG/GAGG;rbs_spacer=5-10bp;gc_cont=0.577,94.1,231,118,4.63e-79,119,1,118,1,118,mobileOG_000038539,tnpB,WP_011983063.1,integration/excision,NA,Multiple,Homology,NODE_119_length_1164_cov_267.191352_2, 483 # 839 # -1 , 483,839,-1 ,119_2,119,2,00,GTG,GGAG/GAGG,5-10bp,0.577,NODE_119_length_1164_cov_267.191352,mobileOG_000038539_NODE_119_length_1164_cov_267.191352
274,mobileOG_000328798|tnpB|WP_088201471.1|integration/excision|NA|Multiple|Homology,NODE_119_length_1164_cov_267.191352_2 # 483 # 839 # -1 # ID=119_2;partial=00;start_type=GTG;rbs_motif=GGAG/GAGG;rbs_spacer=5-10bp;gc_cont=0.577,92.4,229,118,1.89e-78,119,1,118,1,118,mobileOG_000328798,tnpB,WP_088201471.1,integration/excision,NA,Multiple,Homology,NODE_119_length_1164_cov_267.191352_2, 483 # 839 # -1 , 483,839,-1 ,119_2,119,2,00,GTG,GGAG/GAGG,5-10bp,0.577,NODE_119_length_1164_cov_267.191352,mobileOG_000328798_NODE_119_length_1164_cov_267.191352
275,mobileOG_000037902|tnpB|WP_011970376.1|integration/excision|NA|Multiple|Homology,NODE_119_length_1164_cov_267.191352_2 # 483 # 839 # -1 # ID=119_2;partial=00;start_type=GTG;rbs_motif=GGAG/GAGG;rbs_spacer=5-10bp;gc_cont=0.577,92.4,229,118,3.81e-78,119,1,118,1,118,mobileOG_000037902,tnpB,WP_011970376.1,integration/excision,NA,Multiple,Homology,NODE_119_length_1164_cov_267.191352_2, 483 # 839 # -1 , 483,839,-1 ,119_2,119,2,00,GTG,GGAG/GAGG,5-10bp,0.577,NODE_119_length_1164_cov_267.191352,mobileOG_000037902_NODE_119_length_1164_cov_267.191352
276,mobileOG_000054776|tnpB|A0A0D4DCM0|integration/excision|NA|Multiple|Homology,NODE_119_length_1164_cov_267.191352_2 # 483 # 839 # -1 # ID=119_2;partial=00;start_type=GTG;rbs_motif=GGAG/GAGG;rbs_spacer=5-10bp;gc_cont=0.577,91.5,228,118,5.41e-78,119,1,118,1,118,mobileOG_000054776,tnpB,A0A0D4DCM0,integration/excision,NA,Multiple,Homology,NODE_119_length_1164_cov_267.191352_2, 483 # 839 # -1 , 483,839,-1 ,119_2,119,2,00,GTG,GGAG/GAGG,5-10bp,0.577,NODE_119_length_1164_cov_267.191352,mobileOG_000054776_NODE_119_length_1164_cov_267.191352
277,mobileOG_000074069|tnpB|WP_064697832.1|integration/excision|NA|Multiple|Homology,NODE_119_length_1164_cov_267.191352_2 # 483 # 839 # -1 # ID=119_2;partial=00;start_type=GTG;rbs_motif=GGAG/GAGG;rbs_spacer=5-10bp;gc_cont=0.577,91.5,228,118,7.68e-78,119,1,118,1,118,mobileOG_000074069,tnpB,WP_064697832.1,integration/excision,NA,Multiple,Homology,NODE_119_length_1164_cov_267.191352_2, 483 # 839 # -1 , 483,839,-1 ,119_2,119,2,00,GTG,GGAG/GAGG,5-10bp,0.577,NODE_119_length_1164_cov_267.191352,mobileOG_000074069_NODE_119_length_1164_cov_267.191352
278,mobileOG_000334550|tnpB|WP_088198982.1|integration/excision|NA|Multiple|Homology,NODE_119_length_1164_cov_267.191352_2 # 483 # 839 # -1 # ID=119_2;partial=00;start_type=GTG;rbs_motif=GGAG/GAGG;rbs_spacer=5-10bp;gc_cont=0.577,91.5,228,118,7.68e-78,119,1,118,1,118,mobileOG_000334550,tnpB,WP_088198982.1,integration/excision,NA,Multiple,Homology,NODE_119_length_1164_cov_267.191352_2, 483 # 839 # -1 , 483,839,-1 ,119_2,119,2,00,GTG,GGAG/GAGG,5-10bp,0.577,NODE_119_length_1164_cov_267.191352,mobileOG_000334550_NODE_119_length_1164_cov_267.191352
279,mobileOG_000042464|tnpB|WP_088197993.1|integration/excision|NA|Multiple|Homology,NODE_119_length_1164_cov_267.191352_2 # 483 # 839 # -1 # ID=119_2;partial=00;start_type=GTG;rbs_motif=GGAG/GAGG;rbs_spacer=5-10bp;gc_cont=0.577,92.4,227,118,2.20e-77,119,1,118,1,118,mobileOG_000042464,tnpB,WP_088197993.1,integration/excision,NA,Multiple,Homology,NODE_119_length_1164_cov_267.191352_2, 483 # 839 # -1 , 483,839,-1 ,119_2,119,2,00,GTG,GGAG/GAGG,5-10bp,0.577,NODE_119_length_1164_cov_267.191352,mobileOG_000042464_NODE_119_length_1164_cov_267.191352
280,mobileOG_000369342|tnpB|WP_165225767.1|integration/excision|NA|Plasmid RefSeq|Homology,NODE_119_length_1164_cov_267.191352_2 # 483 # 839 # -1 # ID=119_2;partial=00;start_type=GTG;rbs_motif=GGAG/GAGG;rbs_spacer=5-10bp;gc_cont=0.577,90.7,226,118,4.45e-77,119,1,118,1,118,mobileOG_000369342,tnpB,WP_165225767.1,integration/excision,NA,Plasmid RefSeq,Homology,NODE_119_length_1164_cov_267.191352_2, 483 # 839 # -1 , 483,839,-1 ,119_2,119,2,00,GTG,GGAG/GAGG,5-10bp,0.577,NODE_119_length_1164_cov_267.191352,mobileOG_000369342_NODE_119_length_1164_cov_267.191352
281,mobileOG_000329699|tnpB|WP_120764092.1|integration/excision|NA|Plasmid RefSeq|Homology,NODE_119_length_1164_cov_267.191352_2 # 483 # 839 # -1 # ID=119_2;partial=00;start_type=GTG;rbs_motif=GGAG/GAGG;rbs_spacer=5-10bp;gc_cont=0.577,90.7,224,118,1.81e-76,119,1,118,1,118,mobileOG_000329699,tnpB,WP_120764092.1,integration/excision,NA,Plasmid RefSeq,Homology,NODE_119_length_1164_cov_267.191352_2, 483 # 839 # -1 , 483,839,-1 ,119_2,119,2,00,GTG,GGAG/GAGG,5-10bp,0.577,NODE_119_length_1164_cov_267.191352,mobileOG_000329699_NODE_119_length_1164_cov_267.191352
282,mobileOG_000350788|intX|A0A317L8F0|integration/excision|NA|Plasmid RefSeq|Homology,NODE_122_length_1076_cov_134.923924_3 # 865 # 1074 # 1 # ID=122_3;partial=01;start_type=ATG;rbs_motif=None;rbs_spacer=None;gc_cont=0.610,91.3,125,380,2.03e-35,70,4,72,2,70,mobileOG_000350788,intX,A0A317L8F0,integration/excision,NA,Plasmid RefSeq,Homology,NODE_122_length_1076_cov_134.923924_3, 865 # 1074 # 1 , 865,1074,1 ,122_3,122,3,01,ATG,None,None,0.610,NODE_122_length_1076_cov_134.923924,mobileOG_000350788_NODE_122_length_1076_cov_134.923924
283,mobileOG_000038138|intX|WP_011982887.1|integration/excision|NA|Multiple|Homology,NODE_122_length_1076_cov_134.923924_3 # 865 # 1074 # 1 # ID=122_3;partial=01;start_type=ATG;rbs_motif=None;rbs_spacer=None;gc_cont=0.610,91.3,125,380,3.98e-35,70,4,72,2,70,mobileOG_000038138,intX,WP_011982887.1,integration/excision,NA,Multiple,Homology,NODE_122_length_1076_cov_134.923924_3, 865 # 1074 # 1 , 865,1074,1 ,122_3,122,3,01,ATG,None,None,0.610,NODE_122_length_1076_cov_134.923924,mobileOG_000038138_NODE_122_length_1076_cov_134.923924
284,mobileOG_000324719|NGR_a00240|A0A3S4A4K0|integration/excision|NA|Plasmid RefSeq|Homology,NODE_125_length_1044_cov_214.574974_1 # 1 # 1017 # 1 # ID=125_1;partial=10;start_type=Edge;rbs_motif=None;rbs_spacer=None;gc_cont=0.582,90.2,610,455,6.36e-220,339,120,455,1,338,mobileOG_000324719,NGR_a00240,A0A3S4A4K0,integration/excision,NA,Plasmid RefSeq,Homology,NODE_125_length_1044_cov_214.574974_1, 1 # 1017 # 1 , 1,1017,1 ,125_1,125,1,10,Edge,None,None,0.582,NODE_125_length_1044_cov_214.574974,mobileOG_000324719_NODE_125_length_1044_cov_214.574974
285,mobileOG_000731391|NA:Keyword|WP_012477959.1|integration/excision|NA|Multiple|Keyword Search,NODE_126_length_1027_cov_263.975789_1 # 3 # 1025 # 1 # ID=126_1;partial=11;start_type=Edge;rbs_motif=None;rbs_spacer=None;gc_cont=0.597,97.7,683,528,1.16e-247,341,161,501,1,341,mobileOG_000731391,NA:Keyword,WP_012477959.1,integration/excision,NA,Multiple,Keyword Search,NODE_126_length_1027_cov_263.975789_1, 3 # 1025 # 1 , 3,1025,1 ,126_1,126,1,11,Edge,None,None,0.597,NODE_126_length_1027_cov_263.975789,mobileOG_000731391_NODE_126_length_1027_cov_263.975789
286,mobileOG_000731175|NA:Keyword|A0A256GXU0|integration/excision|NA|Plasmid RefSeq|Keyword Search,NODE_126_length_1027_cov_263.975789_1 # 3 # 1025 # 1 # ID=126_1;partial=11;start_type=Edge;rbs_motif=None;rbs_spacer=None;gc_cont=0.597,97.1,677,528,4.49e-245,341,161,501,1,341,mobileOG_000731175,NA:Keyword,A0A256GXU0,integration/excision,NA,Plasmid RefSeq,Keyword Search,NODE_126_length_1027_cov_263.975789_1, 3 # 1025 # 1 , 3,1025,1 ,126_1,126,1,11,Edge,None,None,0.597,NODE_126_length_1027_cov_263.975789,mobileOG_000731175_NODE_126_length_1027_cov_263.975789
287,mobileOG_000396824|NA:Keyword|A0A1W6PYN7|integration/excision|NA|COMPASS|Keyword Search,NODE_126_length_1027_cov_263.975789_1 # 3 # 1025 # 1 # ID=126_1;partial=11;start_type=Edge;rbs_motif=None;rbs_spacer=None;gc_cont=0.597,94.4,662,430,1.09e-240,341,63,403,1,341,mobileOG_000396824,NA:Keyword,A0A1W6PYN7,integration/excision,NA,COMPASS,Keyword Search,NODE_126_length_1027_cov_263.975789_1, 3 # 1025 # 1 , 3,1025,1 ,126_1,126,1,11,Edge,None,None,0.597,NODE_126_length_1027_cov_263.975789,mobileOG_000396824_NODE_126_length_1027_cov_263.975789
288,mobileOG_000753625|NA:Keyword|WP_130671799.1|integration/excision|NA|Plasmid RefSeq|Keyword Search,NODE_126_length_1027_cov_263.975789_1 # 3 # 1025 # 1 # ID=126_1;partial=11;start_type=Edge;rbs_motif=None;rbs_spacer=None;gc_cont=0.597,94.1,664,529,4.90e-240,341,162,502,1,341,mobileOG_000753625,NA:Keyword,WP_130671799.1,integration/excision,NA,Plasmid RefSeq,Keyword Search,NODE_126_length_1027_cov_263.975789_1, 3 # 1025 # 1 , 3,1025,1 ,126_1,126,1,11,Edge,None,None,0.597,NODE_126_length_1027_cov_263.975789,mobileOG_000753625_NODE_126_length_1027_cov_263.975789
289,mobileOG_000754118|NA:Keyword|WP_130666570.1|integration/excision|NA|Plasmid RefSeq|Keyword Search,NODE_126_length_1027_cov_263.975789_1 # 3 # 1025 # 1 # ID=126_1;partial=11;start_type=Edge;rbs_motif=None;rbs_spacer=None;gc_cont=0.597,94.1,663,528,9.53e-240,341,161,501,1,341,mobileOG_000754118,NA:Keyword,WP_130666570.1,integration/excision,NA,Plasmid RefSeq,Keyword Search,NODE_126_length_1027_cov_263.975789_1, 3 # 1025 # 1 , 3,1025,1 ,126_1,126,1,11,Edge,None,None,0.597,NODE_126_length_1027_cov_263.975789,mobileOG_000754118_NODE_126_length_1027_cov_263.975789
290,mobileOG_000754403|NA:Keyword|WP_130814511.1|integration/excision|NA|Plasmid RefSeq|Keyword Search,NODE_126_length_1027_cov_263.975789_1 # 3 # 1025 # 1 # ID=126_1;partial=11;start_type=Edge;rbs_motif=None;rbs_spacer=None;gc_cont=0.597,94.4,663,528,1.35e-239,341,161,501,1,341,mobileOG_000754403,NA:Keyword,WP_130814511.1,integration/excision,NA,Plasmid RefSeq,Keyword Search,NODE_126_length_1027_cov_263.975789_1, 3 # 1025 # 1 , 3,1025,1 ,126_1,126,1,11,Edge,None,None,0.597,NODE_126_length_1027_cov_263.975789,mobileOG_000754403_NODE_126_length_1027_cov_263.975789
291,mobileOG_000755965|NA:Keyword|WP_130824448.1|integration/excision|NA|Plasmid RefSeq|Keyword Search,NODE_126_length_1027_cov_263.975789_1 # 3 # 1025 # 1 # ID=126_1;partial=11;start_type=Edge;rbs_motif=None;rbs_spacer=None;gc_cont=0.597,94.1,662,529,1.99e-239,341,161,501,1,341,mobileOG_000755965,NA:Keyword,WP_130824448.1,integration/excision,NA,Plasmid RefSeq,Keyword Search,NODE_126_length_1027_cov_263.975789_1, 3 # 1025 # 1 , 3,1025,1 ,126_1,126,1,11,Edge,None,None,0.597,NODE_126_length_1027_cov_263.975789,mobileOG_000755965_NODE_126_length_1027_cov_263.975789
292,mobileOG_000753855|NA:Keyword|WP_072642614.1|integration/excision|NA|Multiple|Keyword Search,NODE_126_length_1027_cov_263.975789_1 # 3 # 1025 # 1 # ID=126_1;partial=11;start_type=Edge;rbs_motif=None;rbs_spacer=None;gc_cont=0.597,94.1,660,528,2.23e-238,341,161,501,1,341,mobileOG_000753855,NA:Keyword,WP_072642614.1,integration/excision,NA,Multiple,Keyword Search,NODE_126_length_1027_cov_263.975789_1, 3 # 1025 # 1 , 3,1025,1 ,126_1,126,1,11,Edge,None,None,0.597,NODE_126_length_1027_cov_263.975789,mobileOG_000753855_NODE_126_length_1027_cov_263.975789
293,mobileOG_000755270|NA:Keyword|WP_130755063.1|integration/excision|NA|Plasmid RefSeq|Keyword Search,NODE_126_length_1027_cov_263.975789_1 # 3 # 1025 # 1 # ID=126_1;partial=11;start_type=Edge;rbs_motif=None;rbs_spacer=None;gc_cont=0.597,94.1,660,528,2.23e-238,341,161,501,1,341,mobileOG_000755270,NA:Keyword,WP_130755063.1,integration/excision,NA,Plasmid RefSeq,Keyword Search,NODE_126_length_1027_cov_263.975789_1, 3 # 1025 # 1 , 3,1025,1 ,126_1,126,1,11,Edge,None,None,0.597,NODE_126_length_1027_cov_263.975789,mobileOG_000755270_NODE_126_length_1027_cov_263.975789
294,mobileOG_000755957|NA:Keyword|WP_130657969.1|integration/excision|NA|Plasmid RefSeq|Keyword Search,NODE_126_length_1027_cov_263.975789_1 # 3 # 1025 # 1 # ID=126_1;partial=11;start_type=Edge;rbs_motif=None;rbs_spacer=None;gc_cont=0.597,94.1,660,528,2.23e-238,341,161,501,1,341,mobileOG_000755957,NA:Keyword,WP_130657969.1,integration/excision,NA,Plasmid RefSeq,Keyword Search,NODE_126_length_1027_cov_263.975789_1, 3 # 1025 # 1 , 3,1025,1 ,126_1,126,1,11,Edge,None,None,0.597,NODE_126_length_1027_cov_263.975789,mobileOG_000755957_NODE_126_length_1027_cov_263.975789
295,mobileOG_000401721|NA:Keyword|WP_037069545.1|integration/excision|NA|Multiple|Keyword Search,NODE_126_length_1027_cov_263.975789_1 # 3 # 1025 # 1 # ID=126_1;partial=11;start_type=Edge;rbs_motif=None;rbs_spacer=None;gc_cont=0.597,93.8,657,529,2.69e-237,341,161,501,1,341,mobileOG_000401721,NA:Keyword,WP_037069545.1,integration/excision,NA,Multiple,Keyword Search,NODE_126_length_1027_cov_263.975789_1, 3 # 1025 # 1 , 3,1025,1 ,126_1,126,1,11,Edge,None,None,0.597,NODE_126_length_1027_cov_263.975789,mobileOG_000401721_NODE_126_length_1027_cov_263.975789
296,mobileOG_000756039|NA:Keyword|WP_040680996.1|integration/excision|NA|Multiple|Keyword Search,NODE_126_length_1027_cov_263.975789_1 # 3 # 1025 # 1 # ID=126_1;partial=11;start_type=Edge;rbs_motif=None;rbs_spacer=None;gc_cont=0.597,93.8,657,529,2.69e-237,341,161,501,1,341,mobileOG_000756039,NA:Keyword,WP_040680996.1,integration/excision,NA,Multiple,Keyword Search,NODE_126_length_1027_cov_263.975789_1, 3 # 1025 # 1 , 3,1025,1 ,126_1,126,1,11,Edge,None,None,0.597,NODE_126_length_1027_cov_263.975789,mobileOG_000756039_NODE_126_length_1027_cov_263.975789
297,mobileOG_000755801|NA:Keyword|WP_040675753.1|integration/excision|NA|Plasmid RefSeq|Keyword Search,NODE_126_length_1027_cov_263.975789_1 # 3 # 1025 # 1 # ID=126_1;partial=11;start_type=Edge;rbs_motif=None;rbs_spacer=None;gc_cont=0.597,93.5,655,526,1.39e-236,341,159,499,1,341,mobileOG_000755801,NA:Keyword,WP_040675753.1,integration/excision,NA,Plasmid RefSeq,Keyword Search,NODE_126_length_1027_cov_263.975789_1, 3 # 1025 # 1 , 3,1025,1 ,126_1,126,1,11,Edge,None,None,0.597,NODE_126_length_1027_cov_263.975789,mobileOG_000755801_NODE_126_length_1027_cov_263.975789
298,mobileOG_000756038|NA:Keyword|WP_040680932.1|integration/excision|NA|Multiple|Keyword Search,NODE_126_length_1027_cov_263.975789_1 # 3 # 1025 # 1 # ID=126_1;partial=11;start_type=Edge;rbs_motif=None;rbs_spacer=None;gc_cont=0.597,93.5,655,529,2.20e-236,341,161,501,1,341,mobileOG_000756038,NA:Keyword,WP_040680932.1,integration/excision,NA,Multiple,Keyword Search,NODE_126_length_1027_cov_263.975789_1, 3 # 1025 # 1 , 3,1025,1 ,126_1,126,1,11,Edge,None,None,0.597,NODE_126_length_1027_cov_263.975789,mobileOG_000756038_NODE_126_length_1027_cov_263.975789
299,mobileOG_000404713|NA:Keyword|Q1M826|integration/excision|NA|COMPASS|Keyword Search,NODE_126_length_1027_cov_263.975789_1 # 3 # 1025 # 1 # ID=126_1;partial=11;start_type=Edge;rbs_motif=None;rbs_spacer=None;gc_cont=0.597,92.1,649,397,3.44e-236,341,30,370,1,341,mobileOG_000404713,NA:Keyword,Q1M826,integration/excision,NA,COMPASS,Keyword Search,NODE_126_length_1027_cov_263.975789_1, 3 # 1025 # 1 , 3,1025,1 ,126_1,126,1,11,Edge,None,None,0.597,NODE_126_length_1027_cov_263.975789,mobileOG_000404713_NODE_126_length_1027_cov_263.975789
300,mobileOG_000405083|NA:Keyword|A0A4V2THZ2|integration/excision|NA|COMPASS|Keyword Search,NODE_138_length_852_cov_196.576774_1 # 72 # 506 # 1 # ID=138_1;partial=00;start_type=ATG;rbs_motif=GGAG/GAGG;rbs_spacer=5-10bp;gc_cont=0.572,97.9,294,144,3.11e-103,145,1,144,1,144,mobileOG_000405083,NA:Keyword,A0A4V2THZ2,integration/excision,NA,COMPASS,Keyword Search,NODE_138_length_852_cov_196.576774_1, 72 # 506 # 1 , 72,506,1 ,138_1,138,1,00,ATG,GGAG/GAGG,5-10bp,0.572,NODE_138_length_852_cov_196.576774,mobileOG_000405083_NODE_138_length_852_cov_196.576774
301,mobileOG_000410499|NA:Keyword|WP_080514346.1|integration/excision|NA|COMPASS|Keyword Search,NODE_143_length_733_cov_133.298780_2 # 337 # 732 # -1 # ID=143_2;partial=01;start_type=Edge;rbs_motif=None;rbs_spacer=None;gc_cont=0.563,96.2,248,372,7.83e-82,132,242,372,1,131,mobileOG_000410499,NA:Keyword,WP_080514346.1,integration/excision,NA,COMPASS,Keyword Search,NODE_143_length_733_cov_133.298780_2, 337 # 732 # -1 , 337,732,-1 ,143_2,143,2,01,Edge,None,None,0.563,NODE_143_length_733_cov_133.298780,mobileOG_000410499_NODE_143_length_733_cov_133.298780
302,mobileOG_000731293|NA:Keyword|A0A142BPF3|integration/excision|NA|Multiple|Keyword Search,NODE_144_length_721_cov_61.343168_1 # 1 # 207 # -1 # ID=144_1;partial=10;start_type=ATG;rbs_motif=AGGAG;rbs_spacer=5-10bp;gc_cont=0.599,90.5,114,148,2.16e-33,69,3,65,7,69,mobileOG_000731293,NA:Keyword,A0A142BPF3,integration/excision,NA,Multiple,Keyword Search,NODE_144_length_721_cov_61.343168_1, 1 # 207 # -1 , 1,207,-1 ,144_1,144,1,10,ATG,AGGAG,5-10bp,0.599,NODE_144_length_721_cov_61.343168,mobileOG_000731293_NODE_144_length_721_cov_61.343168
303,mobileOG_000397680|NA:Keyword|WP_012477210.1|integration/excision|NA|COMPASS|Keyword Search,NODE_148_length_567_cov_171.669388_1 # 1 # 567 # -1 # ID=148_1;partial=11;start_type=Edge;rbs_motif=None;rbs_spacer=None;gc_cont=0.628,92.6,368,344,1.07e-128,189,120,308,1,189,mobileOG_000397680,NA:Keyword,WP_012477210.1,integration/excision,NA,COMPASS,Keyword Search,NODE_148_length_567_cov_171.669388_1, 1 # 567 # -1 , 1,567,-1 ,148_1,148,1,11,Edge,None,None,0.628,NODE_148_length_567_cov_171.669388,mobileOG_000397680_NODE_148_length_567_cov_171.669388
304,mobileOG_000754677|NA:Keyword|WP_074061610.1|integration/excision|NA|Plasmid RefSeq|Keyword Search,NODE_148_length_567_cov_171.669388_1 # 1 # 567 # -1 # ID=148_1;partial=11;start_type=Edge;rbs_motif=None;rbs_spacer=None;gc_cont=0.628,94.7,373,524,3.87e-128,189,120,308,1,189,mobileOG_000754677,NA:Keyword,WP_074061610.1,integration/excision,NA,Plasmid RefSeq,Keyword Search,NODE_148_length_567_cov_171.669388_1, 1 # 567 # -1 , 1,567,-1 ,148_1,148,1,11,Edge,None,None,0.628,NODE_148_length_567_cov_171.669388,mobileOG_000754677_NODE_148_length_567_cov_171.669388
305,mobileOG_000417586|NA:Keyword|WP_074061610.1|integration/excision|NA|COMPASS|Keyword Search,NODE_148_length_567_cov_171.669388_1 # 1 # 567 # -1 # ID=148_1;partial=11;start_type=Edge;rbs_motif=None;rbs_spacer=None;gc_cont=0.628,94.7,373,529,4.51e-128,189,125,313,1,189,mobileOG_000417586,NA:Keyword,WP_074061610.1,integration/excision,NA,COMPASS,Keyword Search,NODE_148_length_567_cov_171.669388_1, 1 # 567 # -1 , 1,567,-1 ,148_1,148,1,11,Edge,None,None,0.628,NODE_148_length_567_cov_171.669388,mobileOG_000417586_NODE_148_length_567_cov_171.669388
306,mobileOG_000755462|NA:Keyword|WP_120670888.1|integration/excision|NA|Plasmid RefSeq|Keyword Search,NODE_148_length_567_cov_171.669388_1 # 1 # 567 # -1 # ID=148_1;partial=11;start_type=Edge;rbs_motif=None;rbs_spacer=None;gc_cont=0.628,96.3,373,524,5.49e-128,189,120,308,1,189,mobileOG_000755462,NA:Keyword,WP_120670888.1,integration/excision,NA,Plasmid RefSeq,Keyword Search,NODE_148_length_567_cov_171.669388_1, 1 # 567 # -1 , 1,567,-1 ,148_1,148,1,11,Edge,None,None,0.628,NODE_148_length_567_cov_171.669388,mobileOG_000755462_NODE_148_length_567_cov_171.669388
307,mobileOG_000405084|NA:Keyword|WP_011983062.1|integration/excision|NA|COMPASS|Keyword Search,NODE_148_length_567_cov_171.669388_1 # 1 # 567 # -1 # ID=148_1;partial=11;start_type=Edge;rbs_motif=None;rbs_spacer=None;gc_cont=0.628,94.7,370,529,5.17e-127,189,125,313,1,189,mobileOG_000405084,NA:Keyword,WP_011983062.1,integration/excision,NA,COMPASS,Keyword Search,NODE_148_length_567_cov_171.669388_1, 1 # 567 # -1 , 1,567,-1 ,148_1,148,1,11,Edge,None,None,0.628,NODE_148_length_567_cov_171.669388,mobileOG_000405084_NODE_148_length_567_cov_171.669388
308,mobileOG_000755229|NA:Keyword|WP_069456393.1|integration/excision|NA|Plasmid RefSeq|Keyword Search,NODE_148_length_567_cov_171.669388_1 # 1 # 567 # -1 # ID=148_1;partial=11;start_type=Edge;rbs_motif=None;rbs_spacer=None;gc_cont=0.628,93.1,370,524,6.28e-127,189,120,308,1,189,mobileOG_000755229,NA:Keyword,WP_069456393.1,integration/excision,NA,Plasmid RefSeq,Keyword Search,NODE_148_length_567_cov_171.669388_1, 1 # 567 # -1 , 1,567,-1 ,148_1,148,1,11,Edge,None,None,0.628,NODE_148_length_567_cov_171.669388,mobileOG_000755229_NODE_148_length_567_cov_171.669388
309,mobileOG_000726431|NA:Keyword|WP_011971117.1|integration/excision|NA|ISFinder|Keyword Search,NODE_148_length_567_cov_171.669388_1 # 1 # 567 # -1 # ID=148_1;partial=11;start_type=Edge;rbs_motif=None;rbs_spacer=None;gc_cont=0.628,93.1,369,524,1.26e-126,189,120,308,1,189,mobileOG_000726431,NA:Keyword,WP_011971117.1,integration/excision,NA,ISFinder,Keyword Search,NODE_148_length_567_cov_171.669388_1, 1 # 567 # -1 , 1,567,-1 ,148_1,148,1,11,Edge,None,None,0.628,NODE_148_length_567_cov_171.669388,mobileOG_000726431_NODE_148_length_567_cov_171.669388
310,mobileOG_000756116|NA:Keyword|WP_120702910.1|integration/excision|NA|Plasmid RefSeq|Keyword Search,NODE_148_length_567_cov_171.669388_1 # 1 # 567 # -1 # ID=148_1;partial=11;start_type=Edge;rbs_motif=None;rbs_spacer=None;gc_cont=0.628,94.2,369,524,1.26e-126,189,120,308,1,189,mobileOG_000756116,NA:Keyword,WP_120702910.1,integration/excision,NA,Plasmid RefSeq,Keyword Search,NODE_148_length_567_cov_171.669388_1, 1 # 567 # -1 , 1,567,-1 ,148_1,148,1,11,Edge,None,None,0.628,NODE_148_length_567_cov_171.669388,mobileOG_000756116_NODE_148_length_567_cov_171.669388
311,mobileOG_000756415|NA:Keyword|WP_012477210.1|integration/excision|NA|Multiple|Keyword Search,NODE_148_length_567_cov_171.669388_1 # 1 # 567 # -1 # ID=148_1;partial=11;start_type=Edge;rbs_motif=None;rbs_spacer=None;gc_cont=0.628,93.1,369,524,1.26e-126,189,120,308,1,189,mobileOG_000756415,NA:Keyword,WP_012477210.1,integration/excision,NA,Multiple,Keyword Search,NODE_148_length_567_cov_171.669388_1, 1 # 567 # -1 , 1,567,-1 ,148_1,148,1,11,Edge,None,None,0.628,NODE_148_length_567_cov_171.669388,mobileOG_000756415_NODE_148_length_567_cov_171.669388
312,mobileOG_000400359|NA:Keyword|WP_013845336.1|integration/excision|NA|Multiple|Keyword Search,NODE_148_length_567_cov_171.669388_1 # 1 # 567 # -1 # ID=148_1;partial=11;start_type=Edge;rbs_motif=None;rbs_spacer=None;gc_cont=0.628,92.1,364,524,1.65e-124,189,120,308,1,189,mobileOG_000400359,NA:Keyword,WP_013845336.1,integration/excision,NA,Multiple,Keyword Search,NODE_148_length_567_cov_171.669388_1, 1 # 567 # -1 , 1,567,-1 ,148_1,148,1,11,Edge,None,None,0.628,NODE_148_length_567_cov_171.669388,mobileOG_000400359_NODE_148_length_567_cov_171.669388
313,mobileOG_000756538|NA:Keyword|WP_127664647.1|integration/excision|NA|Plasmid RefSeq|Keyword Search,NODE_148_length_567_cov_171.669388_1 # 1 # 567 # -1 # ID=148_1;partial=11;start_type=Edge;rbs_motif=None;rbs_spacer=None;gc_cont=0.628,92.1,364,524,1.65e-124,189,120,308,1,189,mobileOG_000756538,NA:Keyword,WP_127664647.1,integration/excision,NA,Plasmid RefSeq,Keyword Search,NODE_148_length_567_cov_171.669388_1, 1 # 567 # -1 , 1,567,-1 ,148_1,148,1,11,Edge,None,None,0.628,NODE_148_length_567_cov_171.669388,mobileOG_000756538_NODE_148_length_567_cov_171.669388
314,mobileOG_000407762|NA:Keyword|WP_014531665.1|integration/excision|NA|Multiple|Keyword Search,NODE_148_length_567_cov_171.669388_1 # 1 # 567 # -1 # ID=148_1;partial=11;start_type=Edge;rbs_motif=None;rbs_spacer=None;gc_cont=0.628,91.5,361,524,1.89e-123,189,120,308,1,189,mobileOG_000407762,NA:Keyword,WP_014531665.1,integration/excision,NA,Multiple,Keyword Search,NODE_148_length_567_cov_171.669388_1, 1 # 567 # -1 , 1,567,-1 ,148_1,148,1,11,Edge,None,None,0.628,NODE_148_length_567_cov_171.669388,mobileOG_000407762_NODE_148_length_567_cov_171.669388
315,mobileOG_000397485|NA:Keyword|A0A560FQB6|integration/excision|NA|COMPASS|Keyword Search,NODE_148_length_567_cov_171.669388_1 # 1 # 567 # -1 # ID=148_1;partial=11;start_type=Edge;rbs_motif=None;rbs_spacer=None;gc_cont=0.628,91.0,359,495,4.45e-123,189,120,308,1,189,mobileOG_000397485,NA:Keyword,A0A560FQB6,integration/excision,NA,COMPASS,Keyword Search,NODE_148_length_567_cov_171.669388_1, 1 # 567 # -1 , 1,567,-1 ,148_1,148,1,11,Edge,None,None,0.628,NODE_148_length_567_cov_171.669388,mobileOG_000397485_NODE_148_length_567_cov_171.669388
316,mobileOG_000416329|NA:Keyword|A0A2A5KL88|integration/excision|NA|COMPASS|Keyword Search,NODE_148_length_567_cov_171.669388_1 # 1 # 567 # -1 # ID=148_1;partial=11;start_type=Edge;rbs_motif=None;rbs_spacer=None;gc_cont=0.628,94.8,343,347,1.27e-118,189,120,292,1,173,mobileOG_000416329,NA:Keyword,A0A2A5KL88,integration/excision,NA,COMPASS,Keyword Search,NODE_148_length_567_cov_171.669388_1, 1 # 567 # -1 , 1,567,-1 ,148_1,148,1,11,Edge,None,None,0.628,NODE_148_length_567_cov_171.669388,mobileOG_000416329_NODE_148_length_567_cov_171.669388
317,mobileOG_000325750|tnp|WP_041699425.1|integration/excision|NA|Plasmid RefSeq|Homology,NODE_149_length_567_cov_109.040816_1 # 261 # 566 # -1 # ID=149_1;partial=01;start_type=Edge;rbs_motif=None;rbs_spacer=None;gc_cont=0.598,91.1,186,355,1.35e-58,102,255,355,1,101,mobileOG_000325750,tnp,WP_041699425.1,integration/excision,NA,Plasmid RefSeq,Homology,NODE_149_length_567_cov_109.040816_1, 261 # 566 # -1 , 261,566,-1 ,149_1,149,1,01,Edge,None,None,0.598,NODE_149_length_567_cov_109.040816,mobileOG_000325750_NODE_149_length_567_cov_109.040816
318,mobileOG_000003475|tnp|B9K3Q2|integration/excision|NA|COMPASS|Manual,NODE_149_length_567_cov_109.040816_1 # 261 # 566 # -1 # ID=149_1;partial=01;start_type=Edge;rbs_motif=None;rbs_spacer=None;gc_cont=0.598,91.1,186,385,2.87e-58,102,285,385,1,101,mobileOG_000003475,tnp,B9K3Q2,integration/excision,NA,COMPASS,Manual,NODE_149_length_567_cov_109.040816_1, 261 # 566 # -1 , 261,566,-1 ,149_1,149,1,01,Edge,None,None,0.598,NODE_149_length_567_cov_109.040816,mobileOG_000003475_NODE_149_length_567_cov_109.040816
319,mobileOG_000335897|tnp|WP_112907790.1|integration/excision|NA|Plasmid RefSeq|Homology,NODE_149_length_567_cov_109.040816_1 # 261 # 566 # -1 # ID=149_1;partial=01;start_type=Edge;rbs_motif=None;rbs_spacer=None;gc_cont=0.598,91.1,184,355,7.60e-58,102,255,355,1,101,mobileOG_000335897,tnp,WP_112907790.1,integration/excision,NA,Plasmid RefSeq,Homology,NODE_149_length_567_cov_109.040816_1, 261 # 566 # -1 , 261,566,-1 ,149_1,149,1,01,Edge,None,None,0.598,NODE_149_length_567_cov_109.040816,mobileOG_000335897_NODE_149_length_567_cov_109.040816
320,mobileOG_000062788|tnp|A0A4R8A3I4|integration/excision|NA|COMPASS|Homology,NODE_149_length_567_cov_109.040816_1 # 261 # 566 # -1 # ID=149_1;partial=01;start_type=Edge;rbs_motif=None;rbs_spacer=None;gc_cont=0.598,92.1,184,385,1.61e-57,102,285,385,1,101,mobileOG_000062788,tnp,A0A4R8A3I4,integration/excision,NA,COMPASS,Homology,NODE_149_length_567_cov_109.040816_1, 261 # 566 # -1 , 261,566,-1 ,149_1,149,1,01,Edge,None,None,0.598,NODE_149_length_567_cov_109.040816,mobileOG_000062788_NODE_149_length_567_cov_109.040816
321,mobileOG_000325602|tnp|WP_128405665.1|integration/excision|NA|Plasmid RefSeq|Homology,NODE_149_length_567_cov_109.040816_1 # 261 # 566 # -1 # ID=149_1;partial=01;start_type=Edge;rbs_motif=None;rbs_spacer=None;gc_cont=0.598,90.1,183,355,2.14e-57,102,255,355,1,101,mobileOG_000325602,tnp,WP_128405665.1,integration/excision,NA,Plasmid RefSeq,Homology,NODE_149_length_567_cov_109.040816_1, 261 # 566 # -1 , 261,566,-1 ,149_1,149,1,01,Edge,None,None,0.598,NODE_149_length_567_cov_109.040816,mobileOG_000325602_NODE_149_length_567_cov_109.040816
322,mobileOG_000336055|tnp|WP_120707148.1|integration/excision|NA|Plasmid RefSeq|Homology,NODE_149_length_567_cov_109.040816_1 # 261 # 566 # -1 # ID=149_1;partial=01;start_type=Edge;rbs_motif=None;rbs_spacer=None;gc_cont=0.598,92.1,183,353,2.88e-57,102,255,353,1,101,mobileOG_000336055,tnp,WP_120707148.1,integration/excision,NA,Plasmid RefSeq,Homology,NODE_149_length_567_cov_109.040816_1, 261 # 566 # -1 , 261,566,-1 ,149_1,149,1,01,Edge,None,None,0.598,NODE_149_length_567_cov_109.040816,mobileOG_000336055_NODE_149_length_567_cov_109.040816
323,mobileOG_000328859|tnp|WP_130817711.1|integration/excision|NA|Plasmid RefSeq|Homology,NODE_149_length_567_cov_109.040816_1 # 261 # 566 # -1 # ID=149_1;partial=01;start_type=Edge;rbs_motif=None;rbs_spacer=None;gc_cont=0.598,91.0,183,354,2.95e-57,102,255,354,1,100,mobileOG_000328859,tnp,WP_130817711.1,integration/excision,NA,Plasmid RefSeq,Homology,NODE_149_length_567_cov_109.040816_1, 261 # 566 # -1 , 261,566,-1 ,149_1,149,1,01,Edge,None,None,0.598,NODE_149_length_567_cov_109.040816,mobileOG_000328859_NODE_149_length_567_cov_109.040816
324,mobileOG_000326152|tnp|WP_112906738.1|integration/excision|NA|Plasmid RefSeq|Homology,NODE_149_length_567_cov_109.040816_1 # 261 # 566 # -1 # ID=149_1;partial=01;start_type=Edge;rbs_motif=None;rbs_spacer=None;gc_cont=0.598,90.1,183,355,3.03e-57,102,255,355,1,101,mobileOG_000326152,tnp,WP_112906738.1,integration/excision,NA,Plasmid RefSeq,Homology,NODE_149_length_567_cov_109.040816_1, 261 # 566 # -1 , 261,566,-1 ,149_1,149,1,01,Edge,None,None,0.598,NODE_149_length_567_cov_109.040816,mobileOG_000326152_NODE_149_length_567_cov_109.040816
325,mobileOG_000326212|tnp|WP_026188612.1|integration/excision|NA|Plasmid RefSeq|Homology,NODE_149_length_567_cov_109.040816_1 # 261 # 566 # -1 # ID=149_1;partial=01;start_type=Edge;rbs_motif=None;rbs_spacer=None;gc_cont=0.598,90.1,183,355,3.03e-57,102,255,355,1,101,mobileOG_000326212,tnp,WP_026188612.1,integration/excision,NA,Plasmid RefSeq,Homology,NODE_149_length_567_cov_109.040816_1, 261 # 566 # -1 , 261,566,-1 ,149_1,149,1,01,Edge,None,None,0.598,NODE_149_length_567_cov_109.040816,mobileOG_000326212_NODE_149_length_567_cov_109.040816
326,mobileOG_000335045|tnp|WP_105009176.1|integration/excision|NA|Plasmid RefSeq|Homology,NODE_149_length_567_cov_109.040816_1 # 261 # 566 # -1 # ID=149_1;partial=01;start_type=Edge;rbs_motif=None;rbs_spacer=None;gc_cont=0.598,90.1,183,355,3.03e-57,102,255,355,1,101,mobileOG_000335045,tnp,WP_105009176.1,integration/excision,NA,Plasmid RefSeq,Homology,NODE_149_length_567_cov_109.040816_1, 261 # 566 # -1 , 261,566,-1 ,149_1,149,1,01,Edge,None,None,0.598,NODE_149_length_567_cov_109.040816,mobileOG_000335045_NODE_149_length_567_cov_109.040816
327,mobileOG_000328101|tnp|WP_112906551.1|integration/excision|NA|Plasmid RefSeq|Homology,NODE_149_length_567_cov_109.040816_1 # 261 # 566 # -1 # ID=149_1;partial=01;start_type=Edge;rbs_motif=None;rbs_spacer=None;gc_cont=0.598,90.1,182,355,4.28e-57,102,255,355,1,101,mobileOG_000328101,tnp,WP_112906551.1,integration/excision,NA,Plasmid RefSeq,Homology,NODE_149_length_567_cov_109.040816_1, 261 # 566 # -1 , 261,566,-1 ,149_1,149,1,01,Edge,None,None,0.598,NODE_149_length_567_cov_109.040816,mobileOG_000328101_NODE_149_length_567_cov_109.040816
328,mobileOG_000043710|tnp|A0A2Z4YQ13|integration/excision|NA|COMPASS|Homology,NODE_149_length_567_cov_109.040816_1 # 261 # 566 # -1 # ID=149_1;partial=01;start_type=Edge;rbs_motif=None;rbs_spacer=None;gc_cont=0.598,90.1,183,392,7.57e-57,102,292,392,1,101,mobileOG_000043710,tnp,A0A2Z4YQ13,integration/excision,NA,COMPASS,Homology,NODE_149_length_567_cov_109.040816_1, 261 # 566 # -1 , 261,566,-1 ,149_1,149,1,01,Edge,None,None,0.598,NODE_149_length_567_cov_109.040816,mobileOG_000043710_NODE_149_length_567_cov_109.040816
329,mobileOG_000046194|tnp|A0A2K9ZCC9|integration/excision|NA|COMPASS|Homology,NODE_149_length_567_cov_109.040816_1 # 261 # 566 # -1 # ID=149_1;partial=01;start_type=Edge;rbs_motif=None;rbs_spacer=None;gc_cont=0.598,90.1,183,392,7.57e-57,102,292,392,1,101,mobileOG_000046194,tnp,A0A2K9ZCC9,integration/excision,NA,COMPASS,Homology,NODE_149_length_567_cov_109.040816_1, 261 # 566 # -1 , 261,566,-1 ,149_1,149,1,01,Edge,None,None,0.598,NODE_149_length_567_cov_109.040816,mobileOG_000046194_NODE_149_length_567_cov_109.040816
330,mobileOG_000306257|insD1|WP_095448201.1|integration/excision|NA|Plasmid RefSeq|Homology,NODE_153_length_536_cov_115.581699_1 # 1 # 534 # -1 # ID=153_1;partial=11;start_type=Edge;rbs_motif=None;rbs_spacer=None;gc_cont=0.577,91.6,323,403,2.78e-110,178,125,302,1,178,mobileOG_000306257,insD1,WP_095448201.1,integration/excision,NA,Plasmid RefSeq,Homology,NODE_153_length_536_cov_115.581699_1, 1 # 534 # -1 , 1,534,-1 ,153_1,153,1,11,Edge,None,None,0.577,NODE_153_length_536_cov_115.581699,mobileOG_000306257_NODE_153_length_536_cov_115.581699
331,mobileOG_000043592|insD1|WP_095448201.1|integration/excision|NA|COMPASS|Homology,NODE_153_length_536_cov_115.581699_1 # 1 # 534 # -1 # ID=153_1;partial=11;start_type=Edge;rbs_motif=None;rbs_spacer=None;gc_cont=0.577,91.4,317,276,8.11e-110,178,1,175,4,178,mobileOG_000043592,insD1,WP_095448201.1,integration/excision,NA,COMPASS,Homology,NODE_153_length_536_cov_115.581699_1, 1 # 534 # -1 , 1,534,-1 ,153_1,153,1,11,Edge,None,None,0.577,NODE_153_length_536_cov_115.581699,mobileOG_000043592_NODE_153_length_536_cov_115.581699
332,mobileOG_000399575|NA:Keyword|A0A2L0WM30|integration/excision|NA|COMPASS|Keyword Search,NODE_155_length_519_cov_64.108597_2 # 221 # 517 # -1 # ID=155_2;partial=01;start_type=Edge;rbs_motif=None;rbs_spacer=None;gc_cont=0.589,94.9,181,212,2.67e-58,99,115,212,1,98,mobileOG_000399575,NA:Keyword,A0A2L0WM30,integration/excision,NA,COMPASS,Keyword Search,NODE_155_length_519_cov_64.108597_2, 221 # 517 # -1 , 221,517,-1 ,155_2,155,2,01,Edge,None,None,0.589,NODE_155_length_519_cov_64.108597,mobileOG_000399575_NODE_155_length_519_cov_64.108597
333,mobileOG_000756116|NA:Keyword|WP_120702910.1|integration/excision|NA|Plasmid RefSeq|Keyword Search,NODE_155_length_519_cov_64.108597_2 # 221 # 517 # -1 # ID=155_2;partial=01;start_type=Edge;rbs_motif=None;rbs_spacer=None;gc_cont=0.589,93.9,179,524,2.27e-54,99,427,524,1,98,mobileOG_000756116,NA:Keyword,WP_120702910.1,integration/excision,NA,Plasmid RefSeq,Keyword Search,NODE_155_length_519_cov_64.108597_2, 221 # 517 # -1 , 221,517,-1 ,155_2,155,2,01,Edge,None,None,0.589,NODE_155_length_519_cov_64.108597,mobileOG_000756116_NODE_155_length_519_cov_64.108597
334,mobileOG_000755229|NA:Keyword|WP_069456393.1|integration/excision|NA|Plasmid RefSeq|Keyword Search,NODE_155_length_519_cov_64.108597_2 # 221 # 517 # -1 # ID=155_2;partial=01;start_type=Edge;rbs_motif=None;rbs_spacer=None;gc_cont=0.589,93.9,178,524,6.25e-54,99,427,524,1,98,mobileOG_000755229,NA:Keyword,WP_069456393.1,integration/excision,NA,Plasmid RefSeq,Keyword Search,NODE_155_length_519_cov_64.108597_2, 221 # 517 # -1 , 221,517,-1 ,155_2,155,2,01,Edge,None,None,0.589,NODE_155_length_519_cov_64.108597,mobileOG_000755229_NODE_155_length_519_cov_64.108597
335,mobileOG_000754677|NA:Keyword|WP_074061610.1|integration/excision|NA|Plasmid RefSeq|Keyword Search,NODE_155_length_519_cov_64.108597_2 # 221 # 517 # -1 # ID=155_2;partial=01;start_type=Edge;rbs_motif=None;rbs_spacer=None;gc_cont=0.589,91.8,177,524,1.72e-53,99,427,524,1,98,mobileOG_000754677,NA:Keyword,WP_074061610.1,integration/excision,NA,Plasmid RefSeq,Keyword Search,NODE_155_length_519_cov_64.108597_2, 221 # 517 # -1 , 221,517,-1 ,155_2,155,2,01,Edge,None,None,0.589,NODE_155_length_519_cov_64.108597,mobileOG_000754677_NODE_155_length_519_cov_64.108597
336,mobileOG_000417586|NA:Keyword|WP_074061610.1|integration/excision|NA|COMPASS|Keyword Search,NODE_155_length_519_cov_64.108597_2 # 221 # 517 # -1 # ID=155_2;partial=01;start_type=Edge;rbs_motif=None;rbs_spacer=None;gc_cont=0.589,91.8,177,529,1.88e-53,99,432,529,1,98,mobileOG_000417586,NA:Keyword,WP_074061610.1,integration/excision,NA,COMPASS,Keyword Search,NODE_155_length_519_cov_64.108597_2, 221 # 517 # -1 , 221,517,-1 ,155_2,155,2,01,Edge,None,None,0.589,NODE_155_length_519_cov_64.108597,mobileOG_000417586_NODE_155_length_519_cov_64.108597
337,mobileOG_000405084|NA:Keyword|WP_011983062.1|integration/excision|NA|COMPASS|Keyword Search,NODE_155_length_519_cov_64.108597_2 # 221 # 517 # -1 # ID=155_2;partial=01;start_type=Edge;rbs_motif=None;rbs_spacer=None;gc_cont=0.589,91.8,175,529,1.42e-52,99,432,529,1,98,mobileOG_000405084,NA:Keyword,WP_011983062.1,integration/excision,NA,COMPASS,Keyword Search,NODE_155_length_519_cov_64.108597_2, 221 # 517 # -1 , 221,517,-1 ,155_2,155,2,01,Edge,None,None,0.589,NODE_155_length_519_cov_64.108597,mobileOG_000405084_NODE_155_length_519_cov_64.108597
338,mobileOG_000755462|NA:Keyword|WP_120670888.1|integration/excision|NA|Plasmid RefSeq|Keyword Search,NODE_155_length_519_cov_64.108597_2 # 221 # 517 # -1 # ID=155_2;partial=01;start_type=Edge;rbs_motif=None;rbs_spacer=None;gc_cont=0.589,90.8,174,524,1.83e-52,99,427,524,1,98,mobileOG_000755462,NA:Keyword,WP_120670888.1,integration/excision,NA,Plasmid RefSeq,Keyword Search,NODE_155_length_519_cov_64.108597_2, 221 # 517 # -1 , 221,517,-1 ,155_2,155,2,01,Edge,None,None,0.589,NODE_155_length_519_cov_64.108597,mobileOG_000755462_NODE_155_length_519_cov_64.108597
339,mobileOG_000405084|NA:Keyword|WP_011983062.1|integration/excision|NA|COMPASS|Keyword Search,NODE_156_length_505_cov_238.623832_1 # 1 # 381 # -1 # ID=156_1;partial=10;start_type=ATG;rbs_motif=GGA/GAG/AGG;rbs_spacer=11-12bp;gc_cont=0.601,95.3,231,529,8.08e-74,127,330,456,1,127,mobileOG_000405084,NA:Keyword,WP_011983062.1,integration/excision,NA,COMPASS,Keyword Search,NODE_156_length_505_cov_238.623832_1, 1 # 381 # -1 , 1,381,-1 ,156_1,156,1,10,ATG,GGA/GAG/AGG,11-12bp,0.601,NODE_156_length_505_cov_238.623832,mobileOG_000405084_NODE_156_length_505_cov_238.623832
340,mobileOG_000405023|NA:Keyword|A6U8U4|integration/excision|NA|Multiple|Keyword Search,NODE_156_length_505_cov_238.623832_1 # 1 # 381 # -1 # ID=156_1;partial=10;start_type=ATG;rbs_motif=GGA/GAG/AGG;rbs_spacer=11-12bp;gc_cont=0.601,90.6,218,290,2.49e-71,127,91,217,1,127,mobileOG_000405023,NA:Keyword,A6U8U4,integration/excision,NA,Multiple,Keyword Search,NODE_156_length_505_cov_238.623832_1, 1 # 381 # -1 , 1,381,-1 ,156_1,156,1,10,ATG,GGA/GAG/AGG,11-12bp,0.601,NODE_156_length_505_cov_238.623832,mobileOG_000405023_NODE_156_length_505_cov_238.623832
341,mobileOG_000405039|NA:Keyword|A6UM54|integration/excision|NA|Multiple|Keyword Search,NODE_156_length_505_cov_238.623832_1 # 1 # 381 # -1 # ID=156_1;partial=10;start_type=ATG;rbs_motif=GGA/GAG/AGG;rbs_spacer=11-12bp;gc_cont=0.601,90.6,218,290,2.49e-71,127,91,217,1,127,mobileOG_000405039,NA:Keyword,A6UM54,integration/excision,NA,Multiple,Keyword Search,NODE_156_length_505_cov_238.623832_1, 1 # 381 # -1 , 1,381,-1 ,156_1,156,1,10,ATG,GGA/GAG/AGG,11-12bp,0.601,NODE_156_length_505_cov_238.623832,mobileOG_000405039_NODE_156_length_505_cov_238.623832
342,mobileOG_000754677|NA:Keyword|WP_074061610.1|integration/excision|NA|Plasmid RefSeq|Keyword Search,NODE_156_length_505_cov_238.623832_1 # 1 # 381 # -1 # ID=156_1;partial=10;start_type=ATG;rbs_motif=GGA/GAG/AGG;rbs_spacer=11-12bp;gc_cont=0.601,92.1,222,524,2.71e-70,127,325,451,1,127,mobileOG_000754677,NA:Keyword,WP_074061610.1,integration/excision,NA,Plasmid RefSeq,Keyword Search,NODE_156_length_505_cov_238.623832_1, 1 # 381 # -1 , 1,381,-1 ,156_1,156,1,10,ATG,GGA/GAG/AGG,11-12bp,0.601,NODE_156_length_505_cov_238.623832,mobileOG_000754677_NODE_156_length_505_cov_238.623832
343,mobileOG_000417586|NA:Keyword|WP_074061610.1|integration/excision|NA|COMPASS|Keyword Search,NODE_156_length_505_cov_238.623832_1 # 1 # 381 # -1 # ID=156_1;partial=10;start_type=ATG;rbs_motif=GGA/GAG/AGG;rbs_spacer=11-12bp;gc_cont=0.601,92.1,222,529,3.03e-70,127,330,456,1,127,mobileOG_000417586,NA:Keyword,WP_074061610.1,integration/excision,NA,COMPASS,Keyword Search,NODE_156_length_505_cov_238.623832_1, 1 # 381 # -1 , 1,381,-1 ,156_1,156,1,10,ATG,GGA/GAG/AGG,11-12bp,0.601,NODE_156_length_505_cov_238.623832,mobileOG_000417586_NODE_156_length_505_cov_238.623832
344,mobileOG_000400359|NA:Keyword|WP_013845336.1|integration/excision|NA|Multiple|Keyword Search,NODE_156_length_505_cov_238.623832_1 # 1 # 381 # -1 # ID=156_1;partial=10;start_type=ATG;rbs_motif=GGA/GAG/AGG;rbs_spacer=11-12bp;gc_cont=0.601,90.6,218,524,1.17e-68,127,325,451,1,127,mobileOG_000400359,NA:Keyword,WP_013845336.1,integration/excision,NA,Multiple,Keyword Search,NODE_156_length_505_cov_238.623832_1, 1 # 381 # -1 , 1,381,-1 ,156_1,156,1,10,ATG,GGA/GAG/AGG,11-12bp,0.601,NODE_156_length_505_cov_238.623832,mobileOG_000400359_NODE_156_length_505_cov_238.623832
345,mobileOG_000407762|NA:Keyword|WP_014531665.1|integration/excision|NA|Multiple|Keyword Search,NODE_156_length_505_cov_238.623832_1 # 1 # 381 # -1 # ID=156_1;partial=10;start_type=ATG;rbs_motif=GGA/GAG/AGG;rbs_spacer=11-12bp;gc_cont=0.601,90.6,218,524,1.17e-68,127,325,451,1,127,mobileOG_000407762,NA:Keyword,WP_014531665.1,integration/excision,NA,Multiple,Keyword Search,NODE_156_length_505_cov_238.623832_1, 1 # 381 # -1 , 1,381,-1 ,156_1,156,1,10,ATG,GGA/GAG/AGG,11-12bp,0.601,NODE_156_length_505_cov_238.623832,mobileOG_000407762_NODE_156_length_505_cov_238.623832
346,mobileOG_000726431|NA:Keyword|WP_011971117.1|integration/excision|NA|ISFinder|Keyword Search,NODE_156_length_505_cov_238.623832_1 # 1 # 381 # -1 # ID=156_1;partial=10;start_type=ATG;rbs_motif=GGA/GAG/AGG;rbs_spacer=11-12bp;gc_cont=0.601,90.6,218,524,1.17e-68,127,325,451,1,127,mobileOG_000726431,NA:Keyword,WP_011971117.1,integration/excision,NA,ISFinder,Keyword Search,NODE_156_length_505_cov_238.623832_1, 1 # 381 # -1 , 1,381,-1 ,156_1,156,1,10,ATG,GGA/GAG/AGG,11-12bp,0.601,NODE_156_length_505_cov_238.623832,mobileOG_000726431_NODE_156_length_505_cov_238.623832
347,mobileOG_000756538|NA:Keyword|WP_127664647.1|integration/excision|NA|Plasmid RefSeq|Keyword Search,NODE_156_length_505_cov_238.623832_1 # 1 # 381 # -1 # ID=156_1;partial=10;start_type=ATG;rbs_motif=GGA/GAG/AGG;rbs_spacer=11-12bp;gc_cont=0.601,90.6,218,524,1.17e-68,127,325,451,1,127,mobileOG_000756538,NA:Keyword,WP_127664647.1,integration/excision,NA,Plasmid RefSeq,Keyword Search,NODE_156_length_505_cov_238.623832_1, 1 # 381 # -1 , 1,381,-1 ,156_1,156,1,10,ATG,GGA/GAG/AGG,11-12bp,0.601,NODE_156_length_505_cov_238.623832,mobileOG_000756538_NODE_156_length_505_cov_238.623832
348,mobileOG_000755229|NA:Keyword|WP_069456393.1|integration/excision|NA|Plasmid RefSeq|Keyword Search,NODE_156_length_505_cov_238.623832_1 # 1 # 381 # -1 # ID=156_1;partial=10;start_type=ATG;rbs_motif=GGA/GAG/AGG;rbs_spacer=11-12bp;gc_cont=0.601,90.6,217,524,2.32e-68,127,325,451,1,127,mobileOG_000755229,NA:Keyword,WP_069456393.1,integration/excision,NA,Plasmid RefSeq,Keyword Search,NODE_156_length_505_cov_238.623832_1, 1 # 381 # -1 , 1,381,-1 ,156_1,156,1,10,ATG,GGA/GAG/AGG,11-12bp,0.601,NODE_156_length_505_cov_238.623832,mobileOG_000755229_NODE_156_length_505_cov_238.623832
349,mobileOG_000397485|NA:Keyword|A0A560FQB6|integration/excision|NA|COMPASS|Keyword Search,NODE_156_length_505_cov_238.623832_1 # 1 # 381 # -1 # ID=156_1;partial=10;start_type=ATG;rbs_motif=GGA/GAG/AGG;rbs_spacer=11-12bp;gc_cont=0.601,90.3,213,495,5.27e-67,127,325,448,1,124,mobileOG_000397485,NA:Keyword,A0A560FQB6,integration/excision,NA,COMPASS,Keyword Search,NODE_156_length_505_cov_238.623832_1, 1 # 381 # -1 , 1,381,-1 ,156_1,156,1,10,ATG,GGA/GAG/AGG,11-12bp,0.601,NODE_156_length_505_cov_238.623832,mobileOG_000397485_NODE_156_length_505_cov_238.623832
350,mobileOG_000038137|tnp|A6X7K4|integration/excision|NA|ACLAME|Homology,NODE_171_length_381_cov_344.180921_1 # 3 # 380 # -1 # ID=171_1;partial=11;start_type=Edge;rbs_motif=None;rbs_spacer=None;gc_cont=0.484,93.7,234,228,1.42e-78,126,82,207,1,126,mobileOG_000038137,tnp,A6X7K4,integration/excision,NA,ACLAME,Homology,NODE_171_length_381_cov_344.180921_1, 3 # 380 # -1 , 3,380,-1 ,171_1,171,1,11,Edge,None,None,0.484,NODE_171_length_381_cov_344.180921,mobileOG_000038137_NODE_171_length_381_cov_344.180921
351,mobileOG_000275570|tnp|Q2YLL6|integration/excision|NA|ISFinder|Homology,NODE_171_length_381_cov_344.180921_1 # 3 # 380 # -1 # ID=171_1;partial=11;start_type=Edge;rbs_motif=None;rbs_spacer=None;gc_cont=0.484,90.5,226,228,3.16e-75,126,82,207,1,126,mobileOG_000275570,tnp,Q2YLL6,integration/excision,NA,ISFinder,Homology,NODE_171_length_381_cov_344.180921_1, 3 # 380 # -1 , 3,380,-1 ,171_1,171,1,11,Edge,None,None,0.484,NODE_171_length_381_cov_344.180921,mobileOG_000275570_NODE_171_length_381_cov_344.180921
352,mobileOG_000052442|NGR_a00240|A0A2P0QJM2|integration/excision|NA|COMPASS|Homology,NODE_180_length_335_cov_55.337209_1 # 1 # 333 # 1 # ID=180_1;partial=11;start_type=Edge;rbs_motif=None;rbs_spacer=None;gc_cont=0.637,93.7,203,225,1.44e-66,111,34,144,1,111,mobileOG_000052442,NGR_a00240,A0A2P0QJM2,integration/excision,NA,COMPASS,Homology,NODE_180_length_335_cov_55.337209_1, 1 # 333 # 1 , 1,333,1 ,180_1,180,1,11,Edge,None,None,0.637,NODE_180_length_335_cov_55.337209,mobileOG_000052442_NODE_180_length_335_cov_55.337209
353,mobileOG_000068701|NGR_a00240|WP_040141260.1|integration/excision|NA|COMPASS|Homology,NODE_180_length_335_cov_55.337209_1 # 1 # 333 # 1 # ID=180_1;partial=11;start_type=Edge;rbs_motif=None;rbs_spacer=None;gc_cont=0.637,90.1,199,212,3.16e-65,111,34,144,1,111,mobileOG_000068701,NGR_a00240,WP_040141260.1,integration/excision,NA,COMPASS,Homology,NODE_180_length_335_cov_55.337209_1, 1 # 333 # 1 , 1,333,1 ,180_1,180,1,11,Edge,None,None,0.637,NODE_180_length_335_cov_55.337209,mobileOG_000068701_NODE_180_length_335_cov_55.337209
354,mobileOG_000322808|NGR_a00240|WP_130674140.1|integration/excision|NA|Plasmid RefSeq|Homology,NODE_180_length_335_cov_55.337209_1 # 1 # 333 # 1 # ID=180_1;partial=11;start_type=Edge;rbs_motif=None;rbs_spacer=None;gc_cont=0.637,90.1,197,171,3.46e-65,111,34,144,1,111,mobileOG_000322808,NGR_a00240,WP_130674140.1,integration/excision,NA,Plasmid RefSeq,Homology,NODE_180_length_335_cov_55.337209_1, 1 # 333 # 1 , 1,333,1 ,180_1,180,1,11,Edge,None,None,0.637,NODE_180_length_335_cov_55.337209,mobileOG_000322808_NODE_180_length_335_cov_55.337209
355,mobileOG_000303328|NGR_a00240|WP_069041386.1|integration/excision|NA|Multiple|Homology,NODE_180_length_335_cov_55.337209_1 # 1 # 333 # 1 # ID=180_1;partial=11;start_type=Edge;rbs_motif=None;rbs_spacer=None;gc_cont=0.637,93.7,206,457,3.91e-65,111,34,144,1,111,mobileOG_000303328,NGR_a00240,WP_069041386.1,integration/excision,NA,Multiple,Homology,NODE_180_length_335_cov_55.337209_1, 1 # 333 # 1 , 1,333,1 ,180_1,180,1,11,Edge,None,None,0.637,NODE_180_length_335_cov_55.337209,mobileOG_000303328_NODE_180_length_335_cov_55.337209
356,mobileOG_000352647|NGR_a00240|WP_153762192.1|integration/excision|NA|Plasmid RefSeq|Homology,NODE_180_length_335_cov_55.337209_1 # 1 # 333 # 1 # ID=180_1;partial=11;start_type=Edge;rbs_motif=None;rbs_spacer=None;gc_cont=0.637,93.7,206,457,3.91e-65,111,34,144,1,111,mobileOG_000352647,NGR_a00240,WP_153762192.1,integration/excision,NA,Plasmid RefSeq,Homology,NODE_180_length_335_cov_55.337209_1, 1 # 333 # 1 , 1,333,1 ,180_1,180,1,11,Edge,None,None,0.637,NODE_180_length_335_cov_55.337209,mobileOG_000352647_NODE_180_length_335_cov_55.337209
357,mobileOG_000318587|NGR_a00240|WP_130683361.1|integration/excision|NA|Plasmid RefSeq|Homology,NODE_180_length_335_cov_55.337209_1 # 1 # 333 # 1 # ID=180_1;partial=11;start_type=Edge;rbs_motif=None;rbs_spacer=None;gc_cont=0.637,91.0,201,271,4.82e-65,111,34,144,1,111,mobileOG_000318587,NGR_a00240,WP_130683361.1,integration/excision,NA,Plasmid RefSeq,Homology,NODE_180_length_335_cov_55.337209_1, 1 # 333 # 1 , 1,333,1 ,180_1,180,1,11,Edge,None,None,0.637,NODE_180_length_335_cov_55.337209,mobileOG_000318587_NODE_180_length_335_cov_55.337209
358,mobileOG_000324719|NGR_a00240|A0A3S4A4K0|integration/excision|NA|Plasmid RefSeq|Homology,NODE_180_length_335_cov_55.337209_1 # 1 # 333 # 1 # ID=180_1;partial=11;start_type=Edge;rbs_motif=None;rbs_spacer=None;gc_cont=0.637,93.7,206,455,5.26e-65,111,34,144,1,111,mobileOG_000324719,NGR_a00240,A0A3S4A4K0,integration/excision,NA,Plasmid RefSeq,Homology,NODE_180_length_335_cov_55.337209_1, 1 # 333 # 1 , 1,333,1 ,180_1,180,1,11,Edge,None,None,0.637,NODE_180_length_335_cov_55.337209,mobileOG_000324719_NODE_180_length_335_cov_55.337209
359,mobileOG_000315591|NGR_a00240|WP_118849733.1|integration/excision|NA|Plasmid RefSeq|Homology,NODE_180_length_335_cov_55.337209_1 # 1 # 333 # 1 # ID=180_1;partial=11;start_type=Edge;rbs_motif=None;rbs_spacer=None;gc_cont=0.637,93.7,206,457,5.51e-65,111,34,144,1,111,mobileOG_000315591,NGR_a00240,WP_118849733.1,integration/excision,NA,Plasmid RefSeq,Homology,NODE_180_length_335_cov_55.337209_1, 1 # 333 # 1 , 1,333,1 ,180_1,180,1,11,Edge,None,None,0.637,NODE_180_length_335_cov_55.337209,mobileOG_000315591_NODE_180_length_335_cov_55.337209
360,mobileOG_000318590|NGR_a00240|WP_130691563.1|integration/excision|NA|Plasmid RefSeq|Homology,NODE_180_length_335_cov_55.337209_1 # 1 # 333 # 1 # ID=180_1;partial=11;start_type=Edge;rbs_motif=None;rbs_spacer=None;gc_cont=0.637,90.1,197,217,1.50e-64,111,34,144,1,111,mobileOG_000318590,NGR_a00240,WP_130691563.1,integration/excision,NA,Plasmid RefSeq,Homology,NODE_180_length_335_cov_55.337209_1, 1 # 333 # 1 , 1,333,1 ,180_1,180,1,11,Edge,None,None,0.637,NODE_180_length_335_cov_55.337209,mobileOG_000318590_NODE_180_length_335_cov_55.337209
361,mobileOG_000062930|NGR_a00240|W0IPX3|integration/excision|NA|COMPASS|Homology,NODE_180_length_335_cov_55.337209_1 # 1 # 333 # 1 # ID=180_1;partial=11;start_type=Edge;rbs_motif=None;rbs_spacer=None;gc_cont=0.637,91.0,200,323,3.10e-64,111,34,144,1,111,mobileOG_000062930,NGR_a00240,W0IPX3,integration/excision,NA,COMPASS,Homology,NODE_180_length_335_cov_55.337209_1, 1 # 333 # 1 , 1,333,1 ,180_1,180,1,11,Edge,None,None,0.637,NODE_180_length_335_cov_55.337209,mobileOG_000062930_NODE_180_length_335_cov_55.337209
362,mobileOG_000318502|NGR_a00240|WP_130683361.1|integration/excision|NA|Plasmid RefSeq|Homology,NODE_180_length_335_cov_55.337209_1 # 1 # 333 # 1 # ID=180_1;partial=11;start_type=Edge;rbs_motif=None;rbs_spacer=None;gc_cont=0.637,91.0,201,348,4.37e-64,111,34,144,1,111,mobileOG_000318502,NGR_a00240,WP_130683361.1,integration/excision,NA,Plasmid RefSeq,Homology,NODE_180_length_335_cov_55.337209_1, 1 # 333 # 1 , 1,333,1 ,180_1,180,1,11,Edge,None,None,0.637,NODE_180_length_335_cov_55.337209,mobileOG_000318502_NODE_180_length_335_cov_55.337209
363,mobileOG_000318667|NGR_a00240|WP_130686426.1|integration/excision|NA|Plasmid RefSeq|Homology,NODE_180_length_335_cov_55.337209_1 # 1 # 333 # 1 # ID=180_1;partial=11;start_type=Edge;rbs_motif=None;rbs_spacer=None;gc_cont=0.637,91.0,200,352,6.89e-64,111,34,144,1,111,mobileOG_000318667,NGR_a00240,WP_130686426.1,integration/excision,NA,Plasmid RefSeq,Homology,NODE_180_length_335_cov_55.337209_1, 1 # 333 # 1 , 1,333,1 ,180_1,180,1,11,Edge,None,None,0.637,NODE_180_length_335_cov_55.337209,mobileOG_000318667_NODE_180_length_335_cov_55.337209
364,mobileOG_000318563|NGR_a00240|WP_130720107.1|integration/excision|NA|Plasmid RefSeq|Homology,NODE_180_length_335_cov_55.337209_1 # 1 # 333 # 1 # ID=180_1;partial=11;start_type=Edge;rbs_motif=None;rbs_spacer=None;gc_cont=0.637,91.0,200,358,8.10e-64,111,34,144,1,111,mobileOG_000318563,NGR_a00240,WP_130720107.1,integration/excision,NA,Plasmid RefSeq,Homology,NODE_180_length_335_cov_55.337209_1, 1 # 333 # 1 , 1,333,1 ,180_1,180,1,11,Edge,None,None,0.637,NODE_180_length_335_cov_55.337209,mobileOG_000318563_NODE_180_length_335_cov_55.337209
365,mobileOG_000318584|NGR_a00240|WP_130769287.1|integration/excision|NA|Plasmid RefSeq|Homology,NODE_180_length_335_cov_55.337209_1 # 1 # 333 # 1 # ID=180_1;partial=11;start_type=Edge;rbs_motif=None;rbs_spacer=None;gc_cont=0.637,91.0,200,358,8.10e-64,111,34,144,1,111,mobileOG_000318584,NGR_a00240,WP_130769287.1,integration/excision,NA,Plasmid RefSeq,Homology,NODE_180_length_335_cov_55.337209_1, 1 # 333 # 1 , 1,333,1 ,180_1,180,1,11,Edge,None,None,0.637,NODE_180_length_335_cov_55.337209,mobileOG_000318584_NODE_180_length_335_cov_55.337209
366,mobileOG_000318422|NGR_a00240|WP_130692727.1|integration/excision|NA|Plasmid RefSeq|Homology,NODE_180_length_335_cov_55.337209_1 # 1 # 333 # 1 # ID=180_1;partial=11;start_type=Edge;rbs_motif=None;rbs_spacer=None;gc_cont=0.637,91.9,203,457,8.62e-64,111,34,144,1,111,mobileOG_000318422,NGR_a00240,WP_130692727.1,integration/excision,NA,Plasmid RefSeq,Homology,NODE_180_length_335_cov_55.337209_1, 1 # 333 # 1 , 1,333,1 ,180_1,180,1,11,Edge,None,None,0.637,NODE_180_length_335_cov_55.337209,mobileOG_000318422_NODE_180_length_335_cov_55.337209
367,mobileOG_000074545|tnpB|WP_012477958.1|integration/excision|NA|Multiple|Homology,NODE_187_length_295_cov_152.032110_1 # 4 # 294 # -1 # ID=187_1;partial=01;start_type=Edge;rbs_motif=None;rbs_spacer=None;gc_cont=0.567,100,196,117,9.64e-66,97,22,117,1,96,mobileOG_000074545,tnpB,WP_012477958.1,integration/excision,NA,Multiple,Homology,NODE_187_length_295_cov_152.032110_1, 4 # 294 # -1 , 4,294,-1 ,187_1,187,1,01,Edge,None,None,0.567,NODE_187_length_295_cov_152.032110,mobileOG_000074545_NODE_187_length_295_cov_152.032110
368,mobileOG_000329692|tnpB|WP_012477958.1|integration/excision|NA|Plasmid RefSeq|Homology,NODE_187_length_295_cov_152.032110_1 # 4 # 294 # -1 # ID=187_1;partial=01;start_type=Edge;rbs_motif=None;rbs_spacer=None;gc_cont=0.567,97.9,192,117,3.23e-64,97,22,117,1,96,mobileOG_000329692,tnpB,WP_012477958.1,integration/excision,NA,Plasmid RefSeq,Homology,NODE_187_length_295_cov_152.032110_1, 4 # 294 # -1 , 4,294,-1 ,187_1,187,1,01,Edge,None,None,0.567,NODE_187_length_295_cov_152.032110,mobileOG_000329692_NODE_187_length_295_cov_152.032110
369,mobileOG_000376246|tnpB|WP_130666569.1|integration/excision|NA|Plasmid RefSeq|Homology,NODE_187_length_295_cov_152.032110_1 # 4 # 294 # -1 # ID=187_1;partial=01;start_type=Edge;rbs_motif=None;rbs_spacer=None;gc_cont=0.567,95.8,192,117,4.59e-64,97,22,117,1,96,mobileOG_000376246,tnpB,WP_130666569.1,integration/excision,NA,Plasmid RefSeq,Homology,NODE_187_length_295_cov_152.032110_1, 4 # 294 # -1 , 4,294,-1 ,187_1,187,1,01,Edge,None,None,0.567,NODE_187_length_295_cov_152.032110,mobileOG_000376246_NODE_187_length_295_cov_152.032110
370,mobileOG_000332464|tnpB|WP_004118312.1|integration/excision|NA|Multiple|Homology,NODE_187_length_295_cov_152.032110_1 # 4 # 294 # -1 # ID=187_1;partial=01;start_type=Edge;rbs_motif=None;rbs_spacer=None;gc_cont=0.567,93.8,191,117,1.87e-63,97,22,117,1,96,mobileOG_000332464,tnpB,WP_004118312.1,integration/excision,NA,Multiple,Homology,NODE_187_length_295_cov_152.032110_1, 4 # 294 # -1 , 4,294,-1 ,187_1,187,1,01,Edge,None,None,0.567,NODE_187_length_295_cov_152.032110,mobileOG_000332464_NODE_187_length_295_cov_152.032110
371,mobileOG_000325283|tnpB|WP_072642615.1|integration/excision|NA|Multiple|Homology,NODE_187_length_295_cov_152.032110_1 # 4 # 294 # -1 # ID=187_1;partial=01;start_type=Edge;rbs_motif=None;rbs_spacer=None;gc_cont=0.567,94.8,190,117,2.66e-63,97,22,117,1,96,mobileOG_000325283,tnpB,WP_072642615.1,integration/excision,NA,Multiple,Homology,NODE_187_length_295_cov_152.032110_1, 4 # 294 # -1 , 4,294,-1 ,187_1,187,1,01,Edge,None,None,0.567,NODE_187_length_295_cov_152.032110,mobileOG_000325283_NODE_187_length_295_cov_152.032110
372,mobileOG_000295417|tnpB|WP_004118312.1|integration/excision|NA|Plasmid RefSeq|Homology,NODE_187_length_295_cov_152.032110_1 # 4 # 294 # -1 # ID=187_1;partial=01;start_type=Edge;rbs_motif=None;rbs_spacer=None;gc_cont=0.567,93.8,190,117,2.66e-63,97,22,117,1,96,mobileOG_000295417,tnpB,WP_004118312.1,integration/excision,NA,Plasmid RefSeq,Homology,NODE_187_length_295_cov_152.032110_1, 4 # 294 # -1 , 4,294,-1 ,187_1,187,1,01,Edge,None,None,0.567,NODE_187_length_295_cov_152.032110,mobileOG_000295417_NODE_187_length_295_cov_152.032110
373,mobileOG_000060647|tnpB|WP_013845259.1|integration/excision|NA|Multiple|Homology,NODE_187_length_295_cov_152.032110_1 # 4 # 294 # -1 # ID=187_1;partial=01;start_type=Edge;rbs_motif=None;rbs_spacer=None;gc_cont=0.567,94.8,190,117,3.78e-63,97,22,117,1,96,mobileOG_000060647,tnpB,WP_013845259.1,integration/excision,NA,Multiple,Homology,NODE_187_length_295_cov_152.032110_1, 4 # 294 # -1 , 4,294,-1 ,187_1,187,1,01,Edge,None,None,0.567,NODE_187_length_295_cov_152.032110,mobileOG_000060647_NODE_187_length_295_cov_152.032110
374,mobileOG_000332080|tnpB|WP_015061473.1|integration/excision|NA|Multiple|Homology,NODE_187_length_295_cov_152.032110_1 # 4 # 294 # -1 # ID=187_1;partial=01;start_type=Edge;rbs_motif=None;rbs_spacer=None;gc_cont=0.567,94.8,190,117,3.78e-63,97,22,117,1,96,mobileOG_000332080,tnpB,WP_015061473.1,integration/excision,NA,Multiple,Homology,NODE_187_length_295_cov_152.032110_1, 4 # 294 # -1 , 4,294,-1 ,187_1,187,1,01,Edge,None,None,0.567,NODE_187_length_295_cov_152.032110,mobileOG_000332080_NODE_187_length_295_cov_152.032110
375,mobileOG_000036448|tnpB|WP_011654171.1|integration/excision|NA|Multiple|Homology,NODE_187_length_295_cov_152.032110_1 # 4 # 294 # -1 # ID=187_1;partial=01;start_type=Edge;rbs_motif=None;rbs_spacer=None;gc_cont=0.567,93.8,188,117,2.19e-62,97,22,117,1,96,mobileOG_000036448,tnpB,WP_011654171.1,integration/excision,NA,Multiple,Homology,NODE_187_length_295_cov_152.032110_1, 4 # 294 # -1 , 4,294,-1 ,187_1,187,1,01,Edge,None,None,0.567,NODE_187_length_295_cov_152.032110,mobileOG_000036448_NODE_187_length_295_cov_152.032110
376,mobileOG_000332277|tnpB|WP_130824447.1|integration/excision|NA|Plasmid RefSeq|Homology,NODE_187_length_295_cov_152.032110_1 # 4 # 294 # -1 # ID=187_1;partial=01;start_type=Edge;rbs_motif=None;rbs_spacer=None;gc_cont=0.567,93.8,187,117,3.11e-62,97,22,117,1,96,mobileOG_000332277,tnpB,WP_130824447.1,integration/excision,NA,Plasmid RefSeq,Homology,NODE_187_length_295_cov_152.032110_1, 4 # 294 # -1 , 4,294,-1 ,187_1,187,1,01,Edge,None,None,0.567,NODE_187_length_295_cov_152.032110,mobileOG_000332277_NODE_187_length_295_cov_152.032110
377,mobileOG_000060154|tnpB|WP_014531668.1|integration/excision|NA|Multiple|Homology,NODE_187_length_295_cov_152.032110_1 # 4 # 294 # -1 # ID=187_1;partial=01;start_type=Edge;rbs_motif=None;rbs_spacer=None;gc_cont=0.567,93.8,187,117,6.27e-62,97,22,117,1,96,mobileOG_000060154,tnpB,WP_014531668.1,integration/excision,NA,Multiple,Homology,NODE_187_length_295_cov_152.032110_1, 4 # 294 # -1 , 4,294,-1 ,187_1,187,1,01,Edge,None,None,0.567,NODE_187_length_295_cov_152.032110,mobileOG_000060154_NODE_187_length_295_cov_152.032110
378,mobileOG_000334475|tnpB|WP_006199997.1|integration/excision|NA|Multiple|Homology,NODE_187_length_295_cov_152.032110_1 # 4 # 294 # -1 # ID=187_1;partial=01;start_type=Edge;rbs_motif=None;rbs_spacer=None;gc_cont=0.567,90.6,186,117,1.27e-61,97,22,117,1,96,mobileOG_000334475,tnpB,WP_006199997.1,integration/excision,NA,Multiple,Homology,NODE_187_length_295_cov_152.032110_1, 4 # 294 # -1 , 4,294,-1 ,187_1,187,1,01,Edge,None,None,0.567,NODE_187_length_295_cov_152.032110,mobileOG_000334475_NODE_187_length_295_cov_152.032110
379,mobileOG_000335582|tnpB|WP_006200090.1|integration/excision|NA|Multiple|Homology,NODE_187_length_295_cov_152.032110_1 # 4 # 294 # -1 # ID=187_1;partial=01;start_type=Edge;rbs_motif=None;rbs_spacer=None;gc_cont=0.567,91.7,186,117,1.80e-61,97,22,117,1,96,mobileOG_000335582,tnpB,WP_006200090.1,integration/excision,NA,Multiple,Homology,NODE_187_length_295_cov_152.032110_1, 4 # 294 # -1 , 4,294,-1 ,187_1,187,1,01,Edge,None,None,0.567,NODE_187_length_295_cov_152.032110,mobileOG_000335582_NODE_187_length_295_cov_152.032110
380,mobileOG_000325277|tnpB|WP_054186397.1|integration/excision|NA|Plasmid RefSeq|Homology,NODE_187_length_295_cov_152.032110_1 # 4 # 294 # -1 # ID=187_1;partial=01;start_type=Edge;rbs_motif=None;rbs_spacer=None;gc_cont=0.567,90.6,185,117,2.55e-61,97,22,117,1,96,mobileOG_000325277,tnpB,WP_054186397.1,integration/excision,NA,Plasmid RefSeq,Homology,NODE_187_length_295_cov_152.032110_1, 4 # 294 # -1 , 4,294,-1 ,187_1,187,1,01,Edge,None,None,0.567,NODE_187_length_295_cov_152.032110,mobileOG_000325277_NODE_187_length_295_cov_152.032110
381,mobileOG_000345832|tnpB|WP_056537524.1|integration/excision|NA|Plasmid RefSeq|Homology,NODE_187_length_295_cov_152.032110_1 # 4 # 294 # -1 # ID=187_1;partial=01;start_type=Edge;rbs_motif=None;rbs_spacer=None;gc_cont=0.567,90.6,185,117,2.55e-61,97,22,117,1,96,mobileOG_000345832,tnpB,WP_056537524.1,integration/excision,NA,Plasmid RefSeq,Homology,NODE_187_length_295_cov_152.032110_1, 4 # 294 # -1 , 4,294,-1 ,187_1,187,1,01,Edge,None,None,0.567,NODE_187_length_295_cov_152.032110,mobileOG_000345832_NODE_187_length_295_cov_152.032110
