,Sequence Title,Query Title,Pident,Bitscore,Subject Sequence Length,e-value,Query Sequence Length,Start of Alignment in Subject,End of Alignment in Query,Start of Alignment in Query,End of Alignment in Query,mobileOG ID,Gene Name,Best Hit Accession ID,Major mobileOG Category,Minor mobileOG Category,Source Database,Evidence Type,Contig/ORF Name,ORF_Start_Stop_Strands,ORF_Start,ORF_End,Sense or Antisense Strand,Prodigal ID,Prodigal Designated Contigs,Unique_ORF,Partial Tag,Start Codon,RBS Motif,RBS Spacer,GC Content,Specific Contig,Final Sample Name
0,mobileOG_000305944|relE|WP_033633469.1|stability/transfer/defense|NA|Plasmid RefSeq|Homology,NODE_1_length_446078_cov_38.037975_20 # 18892 # 19176 # 1 # ID=1_20;partial=00;start_type=ATG;rbs_motif=GGA/GAG/AGG;rbs_spacer=5-10bp;gc_cont=0.484,100,181,94,5.43e-60,95,1,94,1,94,mobileOG_000305944,relE,WP_033633469.1,stability/transfer/defense,NA,Plasmid RefSeq,Homology,NODE_1_length_446078_cov_38.037975_20, 18892 # 19176 # 1 , 18892,19176,1 ,1_20,1,20,00,ATG,GGA/GAG/AGG,5-10bp,0.484,NODE_1_length_446078_cov_38.037975,mobileOG_000305944_NODE_1_length_446078_cov_38.037975
1,mobileOG_000305923|relE|WP_041034302.1|stability/transfer/defense|NA|Plasmid RefSeq|Homology,NODE_1_length_446078_cov_38.037975_20 # 18892 # 19176 # 1 # ID=1_20;partial=00;start_type=ATG;rbs_motif=GGA/GAG/AGG;rbs_spacer=5-10bp;gc_cont=0.484,97.9,177,94,1.28e-58,95,1,94,1,94,mobileOG_000305923,relE,WP_041034302.1,stability/transfer/defense,NA,Plasmid RefSeq,Homology,NODE_1_length_446078_cov_38.037975_20, 18892 # 19176 # 1 , 18892,19176,1 ,1_20,1,20,00,ATG,GGA/GAG/AGG,5-10bp,0.484,NODE_1_length_446078_cov_38.037975,mobileOG_000305923_NODE_1_length_446078_cov_38.037975
2,"mobileOG_000352228|copR|WP_021504273.1|transfer|conjugation,relaxosome|Plasmid RefSeq|Homology",NODE_1_length_446078_cov_38.037975_197 # 215001 # 215672 # -1 # ID=1_197;partial=00;start_type=ATG;rbs_motif=GGAG/GAGG;rbs_spacer=5-10bp;gc_cont=0.603,99.6,441,223,1.44e-158,224,1,223,1,223,mobileOG_000352228,copR,WP_021504273.1,transfer,"conjugation,relaxosome",Plasmid RefSeq,Homology,NODE_1_length_446078_cov_38.037975_197, 215001 # 215672 # -1 , 215001,215672,-1 ,1_197,1,197,00,ATG,GGAG/GAGG,5-10bp,0.603,NODE_1_length_446078_cov_38.037975,mobileOG_000352228_NODE_1_length_446078_cov_38.037975
3,"mobileOG_000352240|copR|WP_033637675.1|transfer|conjugation,relaxosome|Plasmid RefSeq|Homology",NODE_1_length_446078_cov_38.037975_197 # 215001 # 215672 # -1 # ID=1_197;partial=00;start_type=ATG;rbs_motif=GGAG/GAGG;rbs_spacer=5-10bp;gc_cont=0.603,98.7,437,223,4.81e-157,224,1,223,1,223,mobileOG_000352240,copR,WP_033637675.1,transfer,"conjugation,relaxosome",Plasmid RefSeq,Homology,NODE_1_length_446078_cov_38.037975_197, 215001 # 215672 # -1 , 215001,215672,-1 ,1_197,1,197,00,ATG,GGAG/GAGG,5-10bp,0.603,NODE_1_length_446078_cov_38.037975,mobileOG_000352240_NODE_1_length_446078_cov_38.037975
4,"mobileOG_000243662|copR|A0A369HKY6|transfer|conjugation,relaxosome|GPD|Homology",NODE_1_length_446078_cov_38.037975_197 # 215001 # 215672 # -1 # ID=1_197;partial=00;start_type=ATG;rbs_motif=GGAG/GAGG;rbs_spacer=5-10bp;gc_cont=0.603,90.5,400,222,1.41e-142,224,1,222,1,222,mobileOG_000243662,copR,A0A369HKY6,transfer,"conjugation,relaxosome",GPD,Homology,NODE_1_length_446078_cov_38.037975_197, 215001 # 215672 # -1 , 215001,215672,-1 ,1_197,1,197,00,ATG,GGAG/GAGG,5-10bp,0.603,NODE_1_length_446078_cov_38.037975,mobileOG_000243662_NODE_1_length_446078_cov_38.037975
5,mobileOG_000361588|parA_1|WP_033637564.1|replication/recombination/repair|transfer|Plasmid RefSeq|Homology,NODE_1_length_446078_cov_38.037975_322 # 332629 # 333264 # 1 # ID=1_322;partial=00;start_type=ATG;rbs_motif=GGA/GAG/AGG;rbs_spacer=5-10bp;gc_cont=0.580,99.1,416,211,3.28e-149,212,1,211,1,211,mobileOG_000361588,parA_1,WP_033637564.1,replication/recombination/repair,transfer,Plasmid RefSeq,Homology,NODE_1_length_446078_cov_38.037975_322, 332629 # 333264 # 1 , 332629,333264,1 ,1_322,1,322,00,ATG,GGA/GAG/AGG,5-10bp,0.580,NODE_1_length_446078_cov_38.037975,mobileOG_000361588_NODE_1_length_446078_cov_38.037975
6,mobileOG_000363799|parA_1|WP_016928620.1|replication/recombination/repair|transfer|Plasmid RefSeq|Homology,NODE_1_length_446078_cov_38.037975_322 # 332629 # 333264 # 1 # ID=1_322;partial=00;start_type=ATG;rbs_motif=GGA/GAG/AGG;rbs_spacer=5-10bp;gc_cont=0.580,98.1,412,211,1.10e-147,212,1,211,1,211,mobileOG_000363799,parA_1,WP_016928620.1,replication/recombination/repair,transfer,Plasmid RefSeq,Homology,NODE_1_length_446078_cov_38.037975_322, 332629 # 333264 # 1 , 332629,333264,1 ,1_322,1,322,00,ATG,GGA/GAG/AGG,5-10bp,0.580,NODE_1_length_446078_cov_38.037975,mobileOG_000363799_NODE_1_length_446078_cov_38.037975
7,mobileOG_000331659|uvrB|WP_033647115.1|replication/recombination/repair|NA|Plasmid RefSeq|Homology,NODE_1_length_446078_cov_38.037975_397 # 405326 # 407338 # -1 # ID=1_397;partial=00;start_type=ATG;rbs_motif=GGA/GAG/AGG;rbs_spacer=11-12bp;gc_cont=0.620,99.4,1275,670,0.0,671,1,670,1,670,mobileOG_000331659,uvrB,WP_033647115.1,replication/recombination/repair,NA,Plasmid RefSeq,Homology,NODE_1_length_446078_cov_38.037975_397, 405326 # 407338 # -1 , 405326,407338,-1 ,1_397,1,397,00,ATG,GGA/GAG/AGG,11-12bp,0.620,NODE_1_length_446078_cov_38.037975,mobileOG_000331659_NODE_1_length_446078_cov_38.037975
8,mobileOG_000351489|uvrB|WP_033642236.1|replication/recombination/repair|NA|Plasmid RefSeq|Homology,NODE_1_length_446078_cov_38.037975_397 # 405326 # 407338 # -1 # ID=1_397;partial=00;start_type=ATG;rbs_motif=GGA/GAG/AGG;rbs_spacer=11-12bp;gc_cont=0.620,98.7,1266,670,0.0,671,1,670,1,670,mobileOG_000351489,uvrB,WP_033642236.1,replication/recombination/repair,NA,Plasmid RefSeq,Homology,NODE_1_length_446078_cov_38.037975_397, 405326 # 407338 # -1 , 405326,407338,-1 ,1_397,1,397,00,ATG,GGA/GAG/AGG,11-12bp,0.620,NODE_1_length_446078_cov_38.037975,mobileOG_000351489_NODE_1_length_446078_cov_38.037975
9,mobileOG_000745154|NA:Keyword|WP_101453415.1|transfer|NA|Plasmid RefSeq|Keyword Search,NODE_1_length_446078_cov_38.037975_420 # 429395 # 430216 # 1 # ID=1_420;partial=00;start_type=ATG;rbs_motif=GGA/GAG/AGG;rbs_spacer=5-10bp;gc_cont=0.608,90.5,491,272,6.92e-177,274,1,272,1,273,mobileOG_000745154,NA:Keyword,WP_101453415.1,transfer,NA,Plasmid RefSeq,Keyword Search,NODE_1_length_446078_cov_38.037975_420, 429395 # 430216 # 1 , 429395,430216,1 ,1_420,1,420,00,ATG,GGA/GAG/AGG,5-10bp,0.608,NODE_1_length_446078_cov_38.037975,mobileOG_000745154_NODE_1_length_446078_cov_38.037975
10,mobileOG_000282574|oppA|WP_033653107.1|transfer|competence|Plasmid RefSeq|Homology,NODE_2_length_427602_cov_32.612991_96 # 110572 # 112191 # -1 # ID=2_96;partial=00;start_type=GTG;rbs_motif=GGA/GAG/AGG;rbs_spacer=5-10bp;gc_cont=0.603,97.4,1056,553,0.0,540,15,553,1,539,mobileOG_000282574,oppA,WP_033653107.1,transfer,competence,Plasmid RefSeq,Homology,NODE_2_length_427602_cov_32.612991_96, 110572 # 112191 # -1 , 110572,112191,-1 ,2_96,2,96,00,GTG,GGA/GAG/AGG,5-10bp,0.603,NODE_2_length_427602_cov_32.612991,mobileOG_000282574_NODE_2_length_427602_cov_32.612991
11,mobileOG_000308581|oppA|WP_060446003.1|transfer|competence|Plasmid RefSeq|Homology,NODE_2_length_427602_cov_32.612991_96 # 110572 # 112191 # -1 # ID=2_96;partial=00;start_type=GTG;rbs_motif=GGA/GAG/AGG;rbs_spacer=5-10bp;gc_cont=0.603,97.4,1055,539,0.0,540,1,539,1,539,mobileOG_000308581,oppA,WP_060446003.1,transfer,competence,Plasmid RefSeq,Homology,NODE_2_length_427602_cov_32.612991_96, 110572 # 112191 # -1 , 110572,112191,-1 ,2_96,2,96,00,GTG,GGA/GAG/AGG,5-10bp,0.603,NODE_2_length_427602_cov_32.612991,mobileOG_000308581_NODE_2_length_427602_cov_32.612991
12,mobileOG_000303999|oppA|A0A221DQU9|transfer|competence|Plasmid RefSeq|Homology,NODE_2_length_427602_cov_32.612991_197 # 224412 # 226031 # -1 # ID=2_197;partial=00;start_type=ATG;rbs_motif=GGA/GAG/AGG;rbs_spacer=5-10bp;gc_cont=0.593,99.8,1083,544,0.0,540,6,544,1,539,mobileOG_000303999,oppA,A0A221DQU9,transfer,competence,Plasmid RefSeq,Homology,NODE_2_length_427602_cov_32.612991_197, 224412 # 226031 # -1 , 224412,226031,-1 ,2_197,2,197,00,ATG,GGA/GAG/AGG,5-10bp,0.593,NODE_2_length_427602_cov_32.612991,mobileOG_000303999_NODE_2_length_427602_cov_32.612991
13,mobileOG_000313844|oppA|A0A221DQU9|transfer|competence|Plasmid RefSeq|Homology,NODE_2_length_427602_cov_32.612991_197 # 224412 # 226031 # -1 # ID=2_197;partial=00;start_type=ATG;rbs_motif=GGA/GAG/AGG;rbs_spacer=5-10bp;gc_cont=0.593,99.6,1081,544,0.0,540,6,544,1,539,mobileOG_000313844,oppA,A0A221DQU9,transfer,competence,Plasmid RefSeq,Homology,NODE_2_length_427602_cov_32.612991_197, 224412 # 226031 # -1 , 224412,226031,-1 ,2_197,2,197,00,ATG,GGA/GAG/AGG,5-10bp,0.593,NODE_2_length_427602_cov_32.612991,mobileOG_000313844_NODE_2_length_427602_cov_32.612991
14,mobileOG_000353715|topA|WP_033647571.1|replication/recombination/repair|NA|Plasmid RefSeq|Homology,NODE_2_length_427602_cov_32.612991_245 # 275740 # 278337 # -1 # ID=2_245;partial=00;start_type=ATG;rbs_motif=GGA/GAG/AGG;rbs_spacer=5-10bp;gc_cont=0.586,99.9,1721,865,0.0,866,1,865,1,865,mobileOG_000353715,topA,WP_033647571.1,replication/recombination/repair,NA,Plasmid RefSeq,Homology,NODE_2_length_427602_cov_32.612991_245, 275740 # 278337 # -1 , 275740,278337,-1 ,2_245,2,245,00,ATG,GGA/GAG/AGG,5-10bp,0.586,NODE_2_length_427602_cov_32.612991,mobileOG_000353715_NODE_2_length_427602_cov_32.612991
15,mobileOG_000305021|dnaE2|WP_033653008.1|replication/recombination/repair|NA|Plasmid RefSeq|Homology,NODE_2_length_427602_cov_32.612991_254 # 285036 # 285917 # -1 # ID=2_254;partial=00;start_type=TTG;rbs_motif=AGGA;rbs_spacer=5-10bp;gc_cont=0.639,98.6,577,293,3.44e-210,294,1,293,1,293,mobileOG_000305021,dnaE2,WP_033653008.1,replication/recombination/repair,NA,Plasmid RefSeq,Homology,NODE_2_length_427602_cov_32.612991_254, 285036 # 285917 # -1 , 285036,285917,-1 ,2_254,2,254,00,TTG,AGGA,5-10bp,0.639,NODE_2_length_427602_cov_32.612991,mobileOG_000305021_NODE_2_length_427602_cov_32.612991
16,mobileOG_000305018|dnaE2|WP_033647575.1|replication/recombination/repair|NA|Plasmid RefSeq|Homology,NODE_2_length_427602_cov_32.612991_254 # 285036 # 285917 # -1 # ID=2_254;partial=00;start_type=TTG;rbs_motif=AGGA;rbs_spacer=5-10bp;gc_cont=0.639,98.3,574,293,5.70e-209,294,1,293,1,293,mobileOG_000305018,dnaE2,WP_033647575.1,replication/recombination/repair,NA,Plasmid RefSeq,Homology,NODE_2_length_427602_cov_32.612991_254, 285036 # 285917 # -1 , 285036,285917,-1 ,2_254,2,254,00,TTG,AGGA,5-10bp,0.639,NODE_2_length_427602_cov_32.612991,mobileOG_000305018_NODE_2_length_427602_cov_32.612991
17,"mobileOG_000025575|tonB|WP_016927510.1|transfer|phage,receptor|Plasmid RefSeq|Manual",NODE_2_length_427602_cov_32.612991_268 # 298674 # 299417 # -1 # ID=2_268;partial=00;start_type=ATG;rbs_motif=AGGA/GGAG/GAGG;rbs_spacer=11-12bp;gc_cont=0.614,98.8,345,247,7.54e-120,248,1,247,1,247,mobileOG_000025575,tonB,WP_016927510.1,transfer,"phage,receptor",Plasmid RefSeq,Manual,NODE_2_length_427602_cov_32.612991_268, 298674 # 299417 # -1 , 298674,299417,-1 ,2_268,2,268,00,ATG,AGGA/GGAG/GAGG,11-12bp,0.614,NODE_2_length_427602_cov_32.612991,mobileOG_000025575_NODE_2_length_427602_cov_32.612991
18,mobileOG_000301573|dps|WP_004932132.1|replication/recombination/repair|NA|Plasmid RefSeq|Homology,NODE_2_length_427602_cov_32.612991_282 # 312876 # 313367 # 1 # ID=2_282;partial=00;start_type=ATG;rbs_motif=AGGAG;rbs_spacer=5-10bp;gc_cont=0.543,100,324,163,2.35e-114,164,1,163,1,163,mobileOG_000301573,dps,WP_004932132.1,replication/recombination/repair,NA,Plasmid RefSeq,Homology,NODE_2_length_427602_cov_32.612991_282, 312876 # 313367 # 1 , 312876,313367,1 ,2_282,2,282,00,ATG,AGGAG,5-10bp,0.543,NODE_2_length_427602_cov_32.612991,mobileOG_000301573_NODE_2_length_427602_cov_32.612991
19,mobileOG_000370693|oppF|WP_025303071.1|transfer|competence|Plasmid RefSeq|Homology,NODE_2_length_427602_cov_32.612991_285 # 315746 # 316747 # -1 # ID=2_285;partial=00;start_type=ATG;rbs_motif=GGAGG;rbs_spacer=5-10bp;gc_cont=0.618,100,642,333,1.33e-234,334,1,333,1,333,mobileOG_000370693,oppF,WP_025303071.1,transfer,competence,Plasmid RefSeq,Homology,NODE_2_length_427602_cov_32.612991_285, 315746 # 316747 # -1 , 315746,316747,-1 ,2_285,2,285,00,ATG,GGAGG,5-10bp,0.618,NODE_2_length_427602_cov_32.612991,mobileOG_000370693_NODE_2_length_427602_cov_32.612991
20,mobileOG_000370696|oppF|WP_101455575.1|transfer|competence|Plasmid RefSeq|Homology,NODE_2_length_427602_cov_32.612991_285 # 315746 # 316747 # -1 # ID=2_285;partial=00;start_type=ATG;rbs_motif=GGAGG;rbs_spacer=5-10bp;gc_cont=0.618,99.4,639,333,1.55e-233,334,1,333,1,333,mobileOG_000370696,oppF,WP_101455575.1,transfer,competence,Plasmid RefSeq,Homology,NODE_2_length_427602_cov_32.612991_285, 315746 # 316747 # -1 , 315746,316747,-1 ,2_285,2,285,00,ATG,GGAGG,5-10bp,0.618,NODE_2_length_427602_cov_32.612991,mobileOG_000370696_NODE_2_length_427602_cov_32.612991
21,mobileOG_000368552|oppD|WP_033634782.1|transfer|competence|Plasmid RefSeq|Homology,NODE_2_length_427602_cov_32.612991_286 # 316744 # 317760 # -1 # ID=2_286;partial=00;start_type=ATG;rbs_motif=AGGAG;rbs_spacer=5-10bp;gc_cont=0.612,100,658,338,1.10e-240,339,1,338,1,338,mobileOG_000368552,oppD,WP_033634782.1,transfer,competence,Plasmid RefSeq,Homology,NODE_2_length_427602_cov_32.612991_286, 316744 # 317760 # -1 , 316744,317760,-1 ,2_286,2,286,00,ATG,AGGAG,5-10bp,0.612,NODE_2_length_427602_cov_32.612991,mobileOG_000368552_NODE_2_length_427602_cov_32.612991
22,mobileOG_000339366|oppD|WP_021555282.1|transfer|competence|Plasmid RefSeq|Homology,NODE_2_length_427602_cov_32.612991_286 # 316744 # 317760 # -1 # ID=2_286;partial=00;start_type=ATG;rbs_motif=AGGAG;rbs_spacer=5-10bp;gc_cont=0.612,91.8,576,337,2.15e-208,339,19,337,20,338,mobileOG_000339366,oppD,WP_021555282.1,transfer,competence,Plasmid RefSeq,Homology,NODE_2_length_427602_cov_32.612991_286, 316744 # 317760 # -1 , 316744,317760,-1 ,2_286,2,286,00,ATG,AGGAG,5-10bp,0.612,NODE_2_length_427602_cov_32.612991,mobileOG_000339366_NODE_2_length_427602_cov_32.612991
23,mobileOG_000150103|oppD|A0A1R0FTE2|transfer|competence|GPD|Homology,NODE_2_length_427602_cov_32.612991_286 # 316744 # 317760 # -1 # ID=2_286;partial=00;start_type=ATG;rbs_motif=AGGAG;rbs_spacer=5-10bp;gc_cont=0.612,91.0,576,337,3.05e-208,339,15,337,16,338,mobileOG_000150103,oppD,A0A1R0FTE2,transfer,competence,GPD,Homology,NODE_2_length_427602_cov_32.612991_286, 316744 # 317760 # -1 , 316744,317760,-1 ,2_286,2,286,00,ATG,AGGAG,5-10bp,0.612,NODE_2_length_427602_cov_32.612991,mobileOG_000150103_NODE_2_length_427602_cov_32.612991
24,mobileOG_000335522|oppC|WP_033634783.1|transfer|competence|Plasmid RefSeq|Homology,NODE_2_length_427602_cov_32.612991_287 # 317772 # 318680 # -1 # ID=2_287;partial=00;start_type=ATG;rbs_motif=GGAG/GAGG;rbs_spacer=5-10bp;gc_cont=0.609,99.0,559,302,7.08e-203,303,1,302,1,302,mobileOG_000335522,oppC,WP_033634783.1,transfer,competence,Plasmid RefSeq,Homology,NODE_2_length_427602_cov_32.612991_287, 317772 # 318680 # -1 , 317772,318680,-1 ,2_287,2,287,00,ATG,GGAG/GAGG,5-10bp,0.609,NODE_2_length_427602_cov_32.612991,mobileOG_000335522_NODE_2_length_427602_cov_32.612991
25,mobileOG_000325241|oppC|A0A5A7AN07|transfer|competence|Multiple|Homology,NODE_2_length_427602_cov_32.612991_287 # 317772 # 318680 # -1 # ID=2_287;partial=00;start_type=ATG;rbs_motif=GGAG/GAGG;rbs_spacer=5-10bp;gc_cont=0.609,90.1,501,302,7.19e-180,303,1,302,1,302,mobileOG_000325241,oppC,A0A5A7AN07,transfer,competence,Multiple,Homology,NODE_2_length_427602_cov_32.612991_287, 317772 # 318680 # -1 , 317772,318680,-1 ,2_287,2,287,00,ATG,GGAG/GAGG,5-10bp,0.609,NODE_2_length_427602_cov_32.612991,mobileOG_000325241_NODE_2_length_427602_cov_32.612991
26,mobileOG_000336315|oppB|WP_033654356.1|transfer|competence|Plasmid RefSeq|Homology,NODE_2_length_427602_cov_32.612991_288 # 318695 # 319615 # -1 # ID=2_288;partial=00;start_type=ATG;rbs_motif=GGA/GAG/AGG;rbs_spacer=5-10bp;gc_cont=0.578,99.7,569,306,1.49e-206,307,1,306,1,306,mobileOG_000336315,oppB,WP_033654356.1,transfer,competence,Plasmid RefSeq,Homology,NODE_2_length_427602_cov_32.612991_288, 318695 # 319615 # -1 , 318695,319615,-1 ,2_288,2,288,00,ATG,GGA/GAG/AGG,5-10bp,0.578,NODE_2_length_427602_cov_32.612991,mobileOG_000336315_NODE_2_length_427602_cov_32.612991
27,mobileOG_000335601|oppB|WP_033634784.1|transfer|competence|Plasmid RefSeq|Homology,NODE_2_length_427602_cov_32.612991_288 # 318695 # 319615 # -1 # ID=2_288;partial=00;start_type=ATG;rbs_motif=GGA/GAG/AGG;rbs_spacer=5-10bp;gc_cont=0.578,99.3,568,306,2.12e-206,307,1,306,1,306,mobileOG_000335601,oppB,WP_033634784.1,transfer,competence,Plasmid RefSeq,Homology,NODE_2_length_427602_cov_32.612991_288, 318695 # 319615 # -1 , 318695,319615,-1 ,2_288,2,288,00,ATG,GGA/GAG/AGG,5-10bp,0.578,NODE_2_length_427602_cov_32.612991,mobileOG_000335601_NODE_2_length_427602_cov_32.612991
28,mobileOG_000025703|oppB|WP_000911097.1|transfer|competence|Multiple|Manual,NODE_2_length_427602_cov_32.612991_288 # 318695 # 319615 # -1 # ID=2_288;partial=00;start_type=ATG;rbs_motif=GGA/GAG/AGG;rbs_spacer=5-10bp;gc_cont=0.578,93.5,533,306,2.22e-192,307,1,306,1,306,mobileOG_000025703,oppB,WP_000911097.1,transfer,competence,Multiple,Manual,NODE_2_length_427602_cov_32.612991_288, 318695 # 319615 # -1 , 318695,319615,-1 ,2_288,2,288,00,ATG,GGA/GAG/AGG,5-10bp,0.578,NODE_2_length_427602_cov_32.612991,mobileOG_000025703_NODE_2_length_427602_cov_32.612991
29,mobileOG_000241060|oppB|A0A0F1ER99|transfer|competence|GPD|Homology,NODE_2_length_427602_cov_32.612991_288 # 318695 # 319615 # -1 # ID=2_288;partial=00;start_type=ATG;rbs_motif=GGA/GAG/AGG;rbs_spacer=5-10bp;gc_cont=0.578,93.8,531,306,1.82e-191,307,1,306,1,306,mobileOG_000241060,oppB,A0A0F1ER99,transfer,competence,GPD,Homology,NODE_2_length_427602_cov_32.612991_288, 318695 # 319615 # -1 , 318695,319615,-1 ,2_288,2,288,00,ATG,GGA/GAG/AGG,5-10bp,0.578,NODE_2_length_427602_cov_32.612991,mobileOG_000241060_NODE_2_length_427602_cov_32.612991
30,mobileOG_000241064|oppB|EDA16224.1|transfer|competence|GPD|Homology,NODE_2_length_427602_cov_32.612991_288 # 318695 # 319615 # -1 # ID=2_288;partial=00;start_type=ATG;rbs_motif=GGA/GAG/AGG;rbs_spacer=5-10bp;gc_cont=0.578,91.2,529,306,7.40e-191,307,1,306,1,306,mobileOG_000241064,oppB,EDA16224.1,transfer,competence,GPD,Homology,NODE_2_length_427602_cov_32.612991_288, 318695 # 319615 # -1 , 318695,319615,-1 ,2_288,2,288,00,ATG,GGA/GAG/AGG,5-10bp,0.578,NODE_2_length_427602_cov_32.612991,mobileOG_000241064_NODE_2_length_427602_cov_32.612991
31,mobileOG_000002429|oppB|WP_000911112.1|transfer|competence|Multiple|Manual,NODE_2_length_427602_cov_32.612991_288 # 318695 # 319615 # -1 # ID=2_288;partial=00;start_type=ATG;rbs_motif=GGA/GAG/AGG;rbs_spacer=5-10bp;gc_cont=0.578,93.8,528,306,2.12e-190,307,1,306,1,306,mobileOG_000002429,oppB,WP_000911112.1,transfer,competence,Multiple,Manual,NODE_2_length_427602_cov_32.612991_288, 318695 # 319615 # -1 , 318695,319615,-1 ,2_288,2,288,00,ATG,GGA/GAG/AGG,5-10bp,0.578,NODE_2_length_427602_cov_32.612991,mobileOG_000002429_NODE_2_length_427602_cov_32.612991
32,mobileOG_000047933|oppB|A0A0F3WLQ6|transfer|competence|COMPASS|Homology,NODE_2_length_427602_cov_32.612991_288 # 318695 # 319615 # -1 # ID=2_288;partial=00;start_type=ATG;rbs_motif=GGA/GAG/AGG;rbs_spacer=5-10bp;gc_cont=0.578,93.5,526,306,1.22e-189,307,1,306,1,306,mobileOG_000047933,oppB,A0A0F3WLQ6,transfer,competence,COMPASS,Homology,NODE_2_length_427602_cov_32.612991_288, 318695 # 319615 # -1 , 318695,319615,-1 ,2_288,2,288,00,ATG,GGA/GAG/AGG,5-10bp,0.578,NODE_2_length_427602_cov_32.612991,mobileOG_000047933_NODE_2_length_427602_cov_32.612991
33,mobileOG_000334396|oppA|WP_033647597.1|transfer|competence|Plasmid RefSeq|Homology,NODE_2_length_427602_cov_32.612991_289 # 319699 # 321336 # -1 # ID=2_289;partial=00;start_type=ATG;rbs_motif=GGAG/GAGG;rbs_spacer=5-10bp;gc_cont=0.565,99.1,1101,545,0.0,546,1,545,1,545,mobileOG_000334396,oppA,WP_033647597.1,transfer,competence,Plasmid RefSeq,Homology,NODE_2_length_427602_cov_32.612991_289, 319699 # 321336 # -1 , 319699,321336,-1 ,2_289,2,289,00,ATG,GGAG/GAGG,5-10bp,0.565,NODE_2_length_427602_cov_32.612991,mobileOG_000334396_NODE_2_length_427602_cov_32.612991
34,mobileOG_000308667|oppA|WP_033654358.1|transfer|competence|Plasmid RefSeq|Homology,NODE_2_length_427602_cov_32.612991_290 # 321485 # 323122 # -1 # ID=2_290;partial=00;start_type=ATG;rbs_motif=AGGAG;rbs_spacer=5-10bp;gc_cont=0.591,98.0,1065,545,0.0,546,1,545,1,545,mobileOG_000308667,oppA,WP_033654358.1,transfer,competence,Plasmid RefSeq,Homology,NODE_2_length_427602_cov_32.612991_290, 321485 # 323122 # -1 , 321485,323122,-1 ,2_290,2,290,00,ATG,AGGAG,5-10bp,0.591,NODE_2_length_427602_cov_32.612991,mobileOG_000308667_NODE_2_length_427602_cov_32.612991
35,mobileOG_000308869|oppA|WP_101456511.1|transfer|competence|Plasmid RefSeq|Homology,NODE_2_length_427602_cov_32.612991_290 # 321485 # 323122 # -1 # ID=2_290;partial=00;start_type=ATG;rbs_motif=AGGAG;rbs_spacer=5-10bp;gc_cont=0.591,97.8,1064,545,0.0,546,1,545,1,545,mobileOG_000308869,oppA,WP_101456511.1,transfer,competence,Plasmid RefSeq,Homology,NODE_2_length_427602_cov_32.612991_290, 321485 # 323122 # -1 , 321485,323122,-1 ,2_290,2,290,00,ATG,AGGAG,5-10bp,0.591,NODE_2_length_427602_cov_32.612991,mobileOG_000308869_NODE_2_length_427602_cov_32.612991
36,mobileOG_000369427|hns|WP_004932170.1|replication/recombination/repair|regulation|Plasmid RefSeq|Homology,NODE_2_length_427602_cov_32.612991_294 # 329075 # 329482 # 1 # ID=2_294;partial=00;start_type=ATG;rbs_motif=GGA/GAG/AGG;rbs_spacer=5-10bp;gc_cont=0.500,100,251,135,1.35e-86,136,1,135,1,135,mobileOG_000369427,hns,WP_004932170.1,replication/recombination/repair,regulation,Plasmid RefSeq,Homology,NODE_2_length_427602_cov_32.612991_294, 329075 # 329482 # 1 , 329075,329482,1 ,2_294,2,294,00,ATG,GGA/GAG/AGG,5-10bp,0.500,NODE_2_length_427602_cov_32.612991,mobileOG_000369427_NODE_2_length_427602_cov_32.612991
37,mobileOG_000330120|xthA|WP_033647602.1|replication/recombination/repair|NA|Plasmid RefSeq|Homology,NODE_2_length_427602_cov_32.612991_304 # 338678 # 339484 # 1 # ID=2_304;partial=00;start_type=ATG;rbs_motif=None;rbs_spacer=None;gc_cont=0.584,99.3,557,268,2.94e-203,269,1,268,1,268,mobileOG_000330120,xthA,WP_033647602.1,replication/recombination/repair,NA,Plasmid RefSeq,Homology,NODE_2_length_427602_cov_32.612991_304, 338678 # 339484 # 1 , 338678,339484,1 ,2_304,2,304,00,ATG,None,None,0.584,NODE_2_length_427602_cov_32.612991,mobileOG_000330120_NODE_2_length_427602_cov_32.612991
38,mobileOG_000308655|topB|WP_033647606.1|replication/recombination/repair|NA|Plasmid RefSeq|Homology,NODE_2_length_427602_cov_32.612991_307 # 340245 # 342170 # -1 # ID=2_307;partial=00;start_type=ATG;rbs_motif=None;rbs_spacer=None;gc_cont=0.606,99.2,1250,641,0.0,642,1,641,1,641,mobileOG_000308655,topB,WP_033647606.1,replication/recombination/repair,NA,Plasmid RefSeq,Homology,NODE_2_length_427602_cov_32.612991_307, 340245 # 342170 # -1 , 340245,342170,-1 ,2_307,2,307,00,ATG,None,None,0.606,NODE_2_length_427602_cov_32.612991,mobileOG_000308655_NODE_2_length_427602_cov_32.612991
39,mobileOG_000308859|topB|WP_101427007.1|replication/recombination/repair|NA|Plasmid RefSeq|Homology,NODE_2_length_427602_cov_32.612991_307 # 340245 # 342170 # -1 # ID=2_307;partial=00;start_type=ATG;rbs_motif=None;rbs_spacer=None;gc_cont=0.606,98.9,1250,641,0.0,642,1,641,1,641,mobileOG_000308859,topB,WP_101427007.1,replication/recombination/repair,NA,Plasmid RefSeq,Homology,NODE_2_length_427602_cov_32.612991_307, 340245 # 342170 # -1 , 340245,342170,-1 ,2_307,2,307,00,ATG,None,None,0.606,NODE_2_length_427602_cov_32.612991,mobileOG_000308859_NODE_2_length_427602_cov_32.612991
40,mobileOG_000298941|slp|WP_033638506.1|integration/excision|NA|Plasmid RefSeq|Homology,NODE_2_length_427602_cov_32.612991_350 # 382421 # 383011 # -1 # ID=2_350;partial=00;start_type=ATG;rbs_motif=AGGAG;rbs_spacer=5-10bp;gc_cont=0.650,99.0,393,196,1.46e-140,197,1,196,1,196,mobileOG_000298941,slp,WP_033638506.1,integration/excision,NA,Plasmid RefSeq,Homology,NODE_2_length_427602_cov_32.612991_350, 382421 # 383011 # -1 , 382421,383011,-1 ,2_350,2,350,00,ATG,AGGAG,5-10bp,0.650,NODE_2_length_427602_cov_32.612991,mobileOG_000298941_NODE_2_length_427602_cov_32.612991
41,mobileOG_000354070|ruvB|WP_043147578.1|replication/recombination/repair|NA|Plasmid RefSeq|Homology,NODE_2_length_427602_cov_32.612991_366 # 399077 # 400081 # -1 # ID=2_366;partial=00;start_type=ATG;rbs_motif=GGA/GAG/AGG;rbs_spacer=5-10bp;gc_cont=0.629,99.7,647,334,1.50e-236,335,1,334,1,334,mobileOG_000354070,ruvB,WP_043147578.1,replication/recombination/repair,NA,Plasmid RefSeq,Homology,NODE_2_length_427602_cov_32.612991_366, 399077 # 400081 # -1 , 399077,400081,-1 ,2_366,2,366,00,ATG,GGA/GAG/AGG,5-10bp,0.629,NODE_2_length_427602_cov_32.612991,mobileOG_000354070_NODE_2_length_427602_cov_32.612991
42,mobileOG_000354069|ruvB|WP_025303125.1|replication/recombination/repair|NA|Plasmid RefSeq|Homology,NODE_2_length_427602_cov_32.612991_366 # 399077 # 400081 # -1 # ID=2_366;partial=00;start_type=ATG;rbs_motif=GGA/GAG/AGG;rbs_spacer=5-10bp;gc_cont=0.629,99.4,646,334,4.30e-236,335,1,334,1,334,mobileOG_000354069,ruvB,WP_025303125.1,replication/recombination/repair,NA,Plasmid RefSeq,Homology,NODE_2_length_427602_cov_32.612991_366, 399077 # 400081 # -1 , 399077,400081,-1 ,2_366,2,366,00,ATG,GGA/GAG/AGG,5-10bp,0.629,NODE_2_length_427602_cov_32.612991,mobileOG_000354069_NODE_2_length_427602_cov_32.612991
43,mobileOG_000336561|ruvA|WP_033634852.1|replication/recombination/repair|NA|Plasmid RefSeq|Homology,NODE_2_length_427602_cov_32.612991_367 # 400101 # 400715 # -1 # ID=2_367;partial=00;start_type=ATG;rbs_motif=AGGAG;rbs_spacer=5-10bp;gc_cont=0.615,96.6,378,204,1.68e-134,205,1,204,1,204,mobileOG_000336561,ruvA,WP_033634852.1,replication/recombination/repair,NA,Plasmid RefSeq,Homology,NODE_2_length_427602_cov_32.612991_367, 400101 # 400715 # -1 , 400101,400715,-1 ,2_367,2,367,00,ATG,AGGAG,5-10bp,0.615,NODE_2_length_427602_cov_32.612991,mobileOG_000336561_NODE_2_length_427602_cov_32.612991
44,mobileOG_000368503|ruvC|WP_004932367.1|replication/recombination/repair|NA|Plasmid RefSeq|Homology,NODE_2_length_427602_cov_32.612991_368 # 400828 # 401349 # -1 # ID=2_368;partial=00;start_type=ATG;rbs_motif=AGxAGG/AGGxGG;rbs_spacer=5-10bp;gc_cont=0.630,100,330,173,2.59e-116,174,1,173,1,173,mobileOG_000368503,ruvC,WP_004932367.1,replication/recombination/repair,NA,Plasmid RefSeq,Homology,NODE_2_length_427602_cov_32.612991_368, 400828 # 401349 # -1 , 400828,401349,-1 ,2_368,2,368,00,ATG,AGxAGG/AGGxGG,5-10bp,0.630,NODE_2_length_427602_cov_32.612991,mobileOG_000368503_NODE_2_length_427602_cov_32.612991
45,mobileOG_000332823|ruvC|WP_033634853.1|replication/recombination/repair|NA|Plasmid RefSeq|Homology,NODE_2_length_427602_cov_32.612991_368 # 400828 # 401349 # -1 # ID=2_368;partial=00;start_type=ATG;rbs_motif=AGxAGG/AGGxGG;rbs_spacer=5-10bp;gc_cont=0.630,99.4,329,173,3.68e-116,174,1,173,1,173,mobileOG_000332823,ruvC,WP_033634853.1,replication/recombination/repair,NA,Plasmid RefSeq,Homology,NODE_2_length_427602_cov_32.612991_368, 400828 # 401349 # -1 , 400828,401349,-1 ,2_368,2,368,00,ATG,AGxAGG/AGGxGG,5-10bp,0.630,NODE_2_length_427602_cov_32.612991,mobileOG_000332823_NODE_2_length_427602_cov_32.612991
46,mobileOG_000299371|higA|WP_019453270.1|stability/transfer/defense|NA|Plasmid RefSeq|Homology,NODE_3_length_401002_cov_44.712525_57 # 73595 # 73894 # 1 # ID=3_57;partial=00;start_type=ATG;rbs_motif=AGGAG;rbs_spacer=5-10bp;gc_cont=0.607,100,187,99,4.01e-62,100,1,99,1,99,mobileOG_000299371,higA,WP_019453270.1,stability/transfer/defense,NA,Plasmid RefSeq,Homology,NODE_3_length_401002_cov_44.712525_57, 73595 # 73894 # 1 , 73595,73894,1 ,3_57,3,57,00,ATG,AGGAG,5-10bp,0.607,NODE_3_length_401002_cov_44.712525,mobileOG_000299371_NODE_3_length_401002_cov_44.712525
47,mobileOG_000301582|radA|WP_025159617.1|replication/recombination/repair|competence|Plasmid RefSeq|Homology,NODE_3_length_401002_cov_44.712525_145 # 160098 # 161483 # 1 # ID=3_145;partial=00;start_type=GTG;rbs_motif=GGAG/GAGG;rbs_spacer=5-10bp;gc_cont=0.653,100,897,461,0.0,462,1,461,1,461,mobileOG_000301582,radA,WP_025159617.1,replication/recombination/repair,competence,Plasmid RefSeq,Homology,NODE_3_length_401002_cov_44.712525_145, 160098 # 161483 # 1 , 160098,161483,1 ,3_145,3,145,00,GTG,GGAG/GAGG,5-10bp,0.653,NODE_3_length_401002_cov_44.712525,mobileOG_000301582_NODE_3_length_401002_cov_44.712525
48,mobileOG_000025504|radA|A0A0H3JJ52|replication/recombination/repair|NA|Plasmid RefSeq|Manual,NODE_3_length_401002_cov_44.712525_145 # 160098 # 161483 # 1 # ID=3_145;partial=00;start_type=GTG;rbs_motif=GGAG/GAGG;rbs_spacer=5-10bp;gc_cont=0.653,91.9,832,460,1.41e-305,462,1,459,1,459,mobileOG_000025504,radA,A0A0H3JJ52,replication/recombination/repair,NA,Plasmid RefSeq,Manual,NODE_3_length_401002_cov_44.712525_145, 160098 # 161483 # 1 , 160098,161483,1 ,3_145,3,145,00,GTG,GGAG/GAGG,5-10bp,0.653,NODE_3_length_401002_cov_44.712525,mobileOG_000025504_NODE_3_length_401002_cov_44.712525
49,mobileOG_000334077|radA|WP_001029696.1|replication/recombination/repair|competence|Plasmid RefSeq|Homology,NODE_3_length_401002_cov_44.712525_145 # 160098 # 161483 # 1 # ID=3_145;partial=00;start_type=GTG;rbs_motif=GGAG/GAGG;rbs_spacer=5-10bp;gc_cont=0.653,91.7,831,460,5.72e-305,462,1,459,1,459,mobileOG_000334077,radA,WP_001029696.1,replication/recombination/repair,competence,Plasmid RefSeq,Homology,NODE_3_length_401002_cov_44.712525_145, 160098 # 161483 # 1 , 160098,161483,1 ,3_145,3,145,00,GTG,GGAG/GAGG,5-10bp,0.653,NODE_3_length_401002_cov_44.712525,mobileOG_000334077_NODE_3_length_401002_cov_44.712525
50,mobileOG_000336472|radA|WP_101416475.1|replication/recombination/repair|competence|Plasmid RefSeq|Homology,NODE_3_length_401002_cov_44.712525_145 # 160098 # 161483 # 1 # ID=3_145;partial=00;start_type=GTG;rbs_motif=GGAG/GAGG;rbs_spacer=5-10bp;gc_cont=0.653,90.8,821,460,5.23e-301,462,1,459,1,459,mobileOG_000336472,radA,WP_101416475.1,replication/recombination/repair,competence,Plasmid RefSeq,Homology,NODE_3_length_401002_cov_44.712525_145, 160098 # 161483 # 1 , 160098,161483,1 ,3_145,3,145,00,GTG,GGAG/GAGG,5-10bp,0.653,NODE_3_length_401002_cov_44.712525,mobileOG_000336472_NODE_3_length_401002_cov_44.712525
51,"mobileOG_000281499|dnaK|WP_004932972.1|phage|infection,regulation|Plasmid RefSeq|Homology",NODE_3_length_401002_cov_44.712525_171 # 190542 # 192455 # 1 # ID=3_171;partial=00;start_type=ATG;rbs_motif=GGAG/GAGG;rbs_spacer=5-10bp;gc_cont=0.572,100,1199,637,0.0,638,1,637,1,637,mobileOG_000281499,dnaK,WP_004932972.1,phage,"infection,regulation",Plasmid RefSeq,Homology,NODE_3_length_401002_cov_44.712525_171, 190542 # 192455 # 1 , 190542,192455,1 ,3_171,3,171,00,ATG,GGAG/GAGG,5-10bp,0.572,NODE_3_length_401002_cov_44.712525,mobileOG_000281499_NODE_3_length_401002_cov_44.712525
52,"mobileOG_000281490|dnaK|WP_000516135.1|phage|infection,regulation|Multiple|Homology",NODE_3_length_401002_cov_44.712525_171 # 190542 # 192455 # 1 # ID=3_171;partial=00;start_type=ATG;rbs_motif=GGAG/GAGG;rbs_spacer=5-10bp;gc_cont=0.572,91.3,1097,638,0.0,638,1,638,1,637,mobileOG_000281490,dnaK,WP_000516135.1,phage,"infection,regulation",Multiple,Homology,NODE_3_length_401002_cov_44.712525_171, 190542 # 192455 # 1 , 190542,192455,1 ,3_171,3,171,00,ATG,GGAG/GAGG,5-10bp,0.572,NODE_3_length_401002_cov_44.712525,mobileOG_000281490_NODE_3_length_401002_cov_44.712525
53,"mobileOG_000281497|dnaK|WP_004146997.1|phage|infection,regulation|Plasmid RefSeq|Homology",NODE_3_length_401002_cov_44.712525_171 # 190542 # 192455 # 1 # ID=3_171;partial=00;start_type=ATG;rbs_motif=GGAG/GAGG;rbs_spacer=5-10bp;gc_cont=0.572,90.8,1093,638,0.0,638,1,638,1,637,mobileOG_000281497,dnaK,WP_004146997.1,phage,"infection,regulation",Plasmid RefSeq,Homology,NODE_3_length_401002_cov_44.712525_171, 190542 # 192455 # 1 , 190542,192455,1 ,3_171,3,171,00,ATG,GGAG/GAGG,5-10bp,0.572,NODE_3_length_401002_cov_44.712525,mobileOG_000281497_NODE_3_length_401002_cov_44.712525
54,mobileOG_000332824|dnaJ|WP_033637051.1|replication/recombination/repair|NA|Plasmid RefSeq|Homology,NODE_3_length_401002_cov_44.712525_172 # 192562 # 193686 # 1 # ID=3_172;partial=00;start_type=ATG;rbs_motif=GGA/GAG/AGG;rbs_spacer=11-12bp;gc_cont=0.613,98.9,653,374,1.72e-237,375,1,374,1,374,mobileOG_000332824,dnaJ,WP_033637051.1,replication/recombination/repair,NA,Plasmid RefSeq,Homology,NODE_3_length_401002_cov_44.712525_172, 192562 # 193686 # 1 , 192562,193686,1 ,3_172,3,172,00,ATG,GGA/GAG/AGG,11-12bp,0.613,NODE_3_length_401002_cov_44.712525,mobileOG_000332824_NODE_3_length_401002_cov_44.712525
55,mobileOG_000347821|polB|WP_060438125.1|replication/recombination/repair|NA|Plasmid RefSeq|Homology,NODE_3_length_401002_cov_44.712525_205 # 232345 # 234711 # -1 # ID=3_205;partial=00;start_type=ATG;rbs_motif=3Base/5BMM;rbs_spacer=13-15bp;gc_cont=0.644,98.7,1593,788,0.0,789,1,788,1,788,mobileOG_000347821,polB,WP_060438125.1,replication/recombination/repair,NA,Plasmid RefSeq,Homology,NODE_3_length_401002_cov_44.712525_205, 232345 # 234711 # -1 , 232345,234711,-1 ,3_205,3,205,00,ATG,3Base/5BMM,13-15bp,0.644,NODE_3_length_401002_cov_44.712525,mobileOG_000347821_NODE_3_length_401002_cov_44.712525
56,mobileOG_000368504|ftsZ|WP_004932757.1|replication/recombination/repair|NA|Plasmid RefSeq|Homology,NODE_3_length_401002_cov_44.712525_240 # 275991 # 277145 # 1 # ID=3_240;partial=00;start_type=ATG;rbs_motif=GGAG/GAGG;rbs_spacer=5-10bp;gc_cont=0.596,100,729,384,1.77e-267,385,1,384,1,384,mobileOG_000368504,ftsZ,WP_004932757.1,replication/recombination/repair,NA,Plasmid RefSeq,Homology,NODE_3_length_401002_cov_44.712525_240, 275991 # 277145 # 1 , 275991,277145,1 ,3_240,3,240,00,ATG,GGAG/GAGG,5-10bp,0.596,NODE_3_length_401002_cov_44.712525,mobileOG_000368504_NODE_3_length_401002_cov_44.712525
57,mobileOG_000326016|ftsZ|WP_002888628.1|replication/recombination/repair|NA|Plasmid RefSeq|Homology,NODE_3_length_401002_cov_44.712525_240 # 275991 # 277145 # 1 # ID=3_240;partial=00;start_type=ATG;rbs_motif=GGAG/GAGG;rbs_spacer=5-10bp;gc_cont=0.596,96.1,693,383,5.12e-253,385,1,383,1,384,mobileOG_000326016,ftsZ,WP_002888628.1,replication/recombination/repair,NA,Plasmid RefSeq,Homology,NODE_3_length_401002_cov_44.712525_240, 275991 # 277145 # 1 , 275991,277145,1 ,3_240,3,240,00,ATG,GGAG/GAGG,5-10bp,0.596,NODE_3_length_401002_cov_44.712525,mobileOG_000326016_NODE_3_length_401002_cov_44.712525
58,mobileOG_000331629|ftsZ|WP_000462776.1|replication/recombination/repair|NA|Plasmid RefSeq|Homology,NODE_3_length_401002_cov_44.712525_240 # 275991 # 277145 # 1 # ID=3_240;partial=00;start_type=ATG;rbs_motif=GGAG/GAGG;rbs_spacer=5-10bp;gc_cont=0.596,95.3,689,383,1.71e-251,385,1,383,1,384,mobileOG_000331629,ftsZ,WP_000462776.1,replication/recombination/repair,NA,Plasmid RefSeq,Homology,NODE_3_length_401002_cov_44.712525_240, 275991 # 277145 # 1 , 275991,277145,1 ,3_240,3,240,00,ATG,GGAG/GAGG,5-10bp,0.596,NODE_3_length_401002_cov_44.712525,mobileOG_000331629_NODE_3_length_401002_cov_44.712525
59,mobileOG_000368556|mazG|WP_033649234.1|stability/transfer/defense|regulation|Plasmid RefSeq|Homology,NODE_3_length_401002_cov_44.712525_268 # 307274 # 308068 # 1 # ID=3_268;partial=00;start_type=ATG;rbs_motif=GGA/GAG/AGG;rbs_spacer=5-10bp;gc_cont=0.620,100,516,264,6.31e-187,265,1,264,1,264,mobileOG_000368556,mazG,WP_033649234.1,stability/transfer/defense,regulation,Plasmid RefSeq,Homology,NODE_3_length_401002_cov_44.712525_268, 307274 # 308068 # 1 , 307274,308068,1 ,3_268,3,268,00,ATG,GGA/GAG/AGG,5-10bp,0.620,NODE_3_length_401002_cov_44.712525,mobileOG_000368556_NODE_3_length_401002_cov_44.712525
60,mobileOG_000282667|mutS|WP_101456629.1|replication/recombination/repair|NA|Plasmid RefSeq|Homology,NODE_3_length_401002_cov_44.712525_298 # 339502 # 342057 # -1 # ID=3_298;partial=00;start_type=ATG;rbs_motif=GGA/GAG/AGG;rbs_spacer=11-12bp;gc_cont=0.639,99.8,1624,853,0.0,852,11,853,9,851,mobileOG_000282667,mutS,WP_101456629.1,replication/recombination/repair,NA,Plasmid RefSeq,Homology,NODE_3_length_401002_cov_44.712525_298, 339502 # 342057 # -1 , 339502,342057,-1 ,3_298,3,298,00,ATG,GGA/GAG/AGG,11-12bp,0.639,NODE_3_length_401002_cov_44.712525,mobileOG_000282667_NODE_3_length_401002_cov_44.712525
61,mobileOG_000333655|ygaD|WP_033649270.1|transfer|competence|Plasmid RefSeq|Homology,NODE_3_length_401002_cov_44.712525_327 # 372893 # 373381 # 1 # ID=3_327;partial=00;start_type=ATG;rbs_motif=GGAG/GAGG;rbs_spacer=5-10bp;gc_cont=0.654,97.5,299,162,1.78e-104,163,1,162,1,162,mobileOG_000333655,ygaD,WP_033649270.1,transfer,competence,Plasmid RefSeq,Homology,NODE_3_length_401002_cov_44.712525_327, 372893 # 373381 # 1 , 372893,373381,1 ,3_327,3,327,00,ATG,GGAG/GAGG,5-10bp,0.654,NODE_3_length_401002_cov_44.712525,mobileOG_000333655_NODE_3_length_401002_cov_44.712525
62,mobileOG_000023828|recA|WP_004932541.1|replication/recombination/repair|NA|Plasmid RefSeq|Manual,NODE_3_length_401002_cov_44.712525_328 # 373493 # 374557 # 1 # ID=3_328;partial=00;start_type=ATG;rbs_motif=AGGAG;rbs_spacer=5-10bp;gc_cont=0.585,99.7,684,354,1.17e-250,355,1,354,1,354,mobileOG_000023828,recA,WP_004932541.1,replication/recombination/repair,NA,Plasmid RefSeq,Manual,NODE_3_length_401002_cov_44.712525_328, 373493 # 374557 # 1 , 373493,374557,1 ,3_328,3,328,00,ATG,AGGAG,5-10bp,0.585,NODE_3_length_401002_cov_44.712525,mobileOG_000023828_NODE_3_length_401002_cov_44.712525
63,mobileOG_000191114|recA|A0A447LSS3|replication/recombination/repair|NA|GPD|Homology,NODE_3_length_401002_cov_44.712525_328 # 373493 # 374557 # 1 # ID=3_328;partial=00;start_type=ATG;rbs_motif=AGGAG;rbs_spacer=5-10bp;gc_cont=0.585,90.7,625,354,2.41e-227,355,1,354,1,354,mobileOG_000191114,recA,A0A447LSS3,replication/recombination/repair,NA,GPD,Homology,NODE_3_length_401002_cov_44.712525_328, 373493 # 374557 # 1 , 373493,374557,1 ,3_328,3,328,00,ATG,AGGAG,5-10bp,0.585,NODE_3_length_401002_cov_44.712525,mobileOG_000191114_NODE_3_length_401002_cov_44.712525
64,mobileOG_000282617|recA|WP_004155913.1|replication/recombination/repair|NA|Plasmid RefSeq|Homology,NODE_3_length_401002_cov_44.712525_328 # 373493 # 374557 # 1 # ID=3_328;partial=00;start_type=ATG;rbs_motif=AGGAG;rbs_spacer=5-10bp;gc_cont=0.585,94.5,605,355,4.21e-219,355,1,329,1,329,mobileOG_000282617,recA,WP_004155913.1,replication/recombination/repair,NA,Plasmid RefSeq,Homology,NODE_3_length_401002_cov_44.712525_328, 373493 # 374557 # 1 , 373493,374557,1 ,3_328,3,328,00,ATG,AGGAG,5-10bp,0.585,NODE_3_length_401002_cov_44.712525,mobileOG_000282617_NODE_3_length_401002_cov_44.712525
65,mobileOG_000288450|recA|A0A422XBN5|replication/recombination/repair|NA|Plasmid RefSeq|Homology,NODE_3_length_401002_cov_44.712525_328 # 373493 # 374557 # 1 # ID=3_328;partial=00;start_type=ATG;rbs_motif=AGGAG;rbs_spacer=5-10bp;gc_cont=0.585,92.7,600,352,1.79e-217,355,1,331,1,331,mobileOG_000288450,recA,A0A422XBN5,replication/recombination/repair,NA,Plasmid RefSeq,Homology,NODE_3_length_401002_cov_44.712525_328, 373493 # 374557 # 1 , 373493,374557,1 ,3_328,3,328,00,ATG,AGGAG,5-10bp,0.585,NODE_3_length_401002_cov_44.712525,mobileOG_000288450_NODE_3_length_401002_cov_44.712525
66,mobileOG_000023825|recA|WP_002914769.1|replication/recombination/repair|NA|Plasmid RefSeq|Manual,NODE_3_length_401002_cov_44.712525_328 # 373493 # 374557 # 1 # ID=3_328;partial=00;start_type=ATG;rbs_motif=AGGAG;rbs_spacer=5-10bp;gc_cont=0.585,92.4,599,352,7.27e-217,355,1,331,1,331,mobileOG_000023825,recA,WP_002914769.1,replication/recombination/repair,NA,Plasmid RefSeq,Manual,NODE_3_length_401002_cov_44.712525_328, 373493 # 374557 # 1 , 373493,374557,1 ,3_328,3,328,00,ATG,AGGAG,5-10bp,0.585,NODE_3_length_401002_cov_44.712525,mobileOG_000023825_NODE_3_length_401002_cov_44.712525
67,mobileOG_000319971|recX|WP_033649272.1|replication/recombination/repair|NA|Plasmid RefSeq|Homology,NODE_3_length_401002_cov_44.712525_329 # 374618 # 375130 # 1 # ID=3_329;partial=00;start_type=ATG;rbs_motif=GGA/GAG/AGG;rbs_spacer=5-10bp;gc_cont=0.569,97.6,334,170,3.05e-118,171,1,170,1,170,mobileOG_000319971,recX,WP_033649272.1,replication/recombination/repair,NA,Plasmid RefSeq,Homology,NODE_3_length_401002_cov_44.712525_329, 374618 # 375130 # 1 , 374618,375130,1 ,3_329,3,329,00,ATG,GGA/GAG/AGG,5-10bp,0.569,NODE_3_length_401002_cov_44.712525,mobileOG_000319971_NODE_3_length_401002_cov_44.712525
68,"mobileOG_000377485|ogr|WP_033637183.1|phage|regulation,lysis/lysogeny|Plasmid RefSeq|Homology",NODE_3_length_401002_cov_44.712525_343 # 388425 # 388652 # -1 # ID=3_343;partial=00;start_type=ATG;rbs_motif=AGxAGG/AGGxGG;rbs_spacer=5-10bp;gc_cont=0.579,98.7,160,75,2.41e-52,76,1,75,1,75,mobileOG_000377485,ogr,WP_033637183.1,phage,"regulation,lysis/lysogeny",Plasmid RefSeq,Homology,NODE_3_length_401002_cov_44.712525_343, 388425 # 388652 # -1 , 388425,388652,-1 ,3_343,3,343,00,ATG,AGxAGG/AGGxGG,5-10bp,0.579,NODE_3_length_401002_cov_44.712525,mobileOG_000377485_NODE_3_length_401002_cov_44.712525
69,mobileOG_000341888|rrrD|WP_033650023.1|phage|lysis|Plasmid RefSeq|Homology,NODE_3_length_401002_cov_44.712525_344 # 388718 # 389233 # -1 # ID=3_344;partial=00;start_type=ATG;rbs_motif=GGAGG;rbs_spacer=5-10bp;gc_cont=0.618,95.3,323,171,6.12e-114,172,1,171,1,171,mobileOG_000341888,rrrD,WP_033650023.1,phage,lysis,Plasmid RefSeq,Homology,NODE_3_length_401002_cov_44.712525_344, 388718 # 389233 # -1 , 388718,389233,-1 ,3_344,3,344,00,ATG,GGAGG,5-10bp,0.618,NODE_3_length_401002_cov_44.712525,mobileOG_000341888_NODE_3_length_401002_cov_44.712525
70,mobileOG_000368542|clpB|WP_025301647.1|phage|chaperone|Plasmid RefSeq|Homology,NODE_3_length_401002_cov_44.712525_354 # 398028 # 400601 # 1 # ID=3_354;partial=00;start_type=ATG;rbs_motif=GGAGG;rbs_spacer=3-4bp;gc_cont=0.583,100,1626,857,0.0,858,1,857,1,857,mobileOG_000368542,clpB,WP_025301647.1,phage,chaperone,Plasmid RefSeq,Homology,NODE_3_length_401002_cov_44.712525_354, 398028 # 400601 # 1 , 398028,400601,1 ,3_354,3,354,00,ATG,GGAGG,3-4bp,0.583,NODE_3_length_401002_cov_44.712525,mobileOG_000368542_NODE_3_length_401002_cov_44.712525
71,mobileOG_000368502|srnB|WP_004930217.1|stability/transfer/defense|NA|Plasmid RefSeq|Homology,NODE_4_length_351610_cov_41.090834_10 # 8145 # 8297 # -1 # ID=4_10;partial=00;start_type=ATG;rbs_motif=GGAGG;rbs_spacer=5-10bp;gc_cont=0.542,98.0,93.2,50,2.25e-26,51,1,50,1,50,mobileOG_000368502,srnB,WP_004930217.1,stability/transfer/defense,NA,Plasmid RefSeq,Homology,NODE_4_length_351610_cov_41.090834_10, 8145 # 8297 # -1 , 8145,8297,-1 ,4_10,4,10,00,ATG,GGAGG,5-10bp,0.542,NODE_4_length_351610_cov_41.090834,mobileOG_000368502_NODE_4_length_351610_cov_41.090834
72,mobileOG_000354118|dinB|WP_033649934.1|replication/recombination/repair|NA|Plasmid RefSeq|Homology,NODE_4_length_351610_cov_41.090834_26 # 23660 # 24721 # 1 # ID=4_26;partial=00;start_type=ATG;rbs_motif=GGAGG;rbs_spacer=5-10bp;gc_cont=0.639,99.4,690,353,7.92e-253,354,1,353,1,353,mobileOG_000354118,dinB,WP_033649934.1,replication/recombination/repair,NA,Plasmid RefSeq,Homology,NODE_4_length_351610_cov_41.090834_26, 23660 # 24721 # 1 , 23660,24721,1 ,4_26,4,26,00,ATG,GGAGG,5-10bp,0.639,NODE_4_length_351610_cov_41.090834,mobileOG_000354118_NODE_4_length_351610_cov_41.090834
73,mobileOG_000354119|dinB|WP_033653334.1|replication/recombination/repair|NA|Plasmid RefSeq|Homology,NODE_4_length_351610_cov_41.090834_26 # 23660 # 24721 # 1 # ID=4_26;partial=00;start_type=ATG;rbs_motif=GGAGG;rbs_spacer=5-10bp;gc_cont=0.639,99.2,688,353,3.22e-252,354,1,353,1,353,mobileOG_000354119,dinB,WP_033653334.1,replication/recombination/repair,NA,Plasmid RefSeq,Homology,NODE_4_length_351610_cov_41.090834_26, 23660 # 24721 # 1 , 23660,24721,1 ,4_26,4,26,00,ATG,GGAGG,5-10bp,0.639,NODE_4_length_351610_cov_41.090834,mobileOG_000354119_NODE_4_length_351610_cov_41.090834
74,mobileOG_000306384|alpA|WP_060427858.1|integration/excision|regulation|Plasmid RefSeq|Homology,NODE_4_length_351610_cov_41.090834_35 # 33740 # 34003 # 1 # ID=4_35;partial=00;start_type=ATG;rbs_motif=GGAG/GAGG;rbs_spacer=5-10bp;gc_cont=0.640,95.3,164,87,1.70e-53,88,1,86,1,86,mobileOG_000306384,alpA,WP_060427858.1,integration/excision,regulation,Plasmid RefSeq,Homology,NODE_4_length_351610_cov_41.090834_35, 33740 # 34003 # 1 , 33740,34003,1 ,4_35,4,35,00,ATG,GGAG/GAGG,5-10bp,0.640,NODE_4_length_351610_cov_41.090834,mobileOG_000306384_NODE_4_length_351610_cov_41.090834
75,"mobileOG_000344736|cI|WP_101456594.1|phage|replication,transfer|Plasmid RefSeq|Homology",NODE_4_length_351610_cov_41.090834_37 # 34605 # 34796 # 1 # ID=4_37;partial=00;start_type=ATG;rbs_motif=AGGAG;rbs_spacer=5-10bp;gc_cont=0.646,95.2,116,170,5.65e-34,64,108,170,1,63,mobileOG_000344736,cI,WP_101456594.1,phage,"replication,transfer",Plasmid RefSeq,Homology,NODE_4_length_351610_cov_41.090834_37, 34605 # 34796 # 1 , 34605,34796,1 ,4_37,4,37,00,ATG,AGGAG,5-10bp,0.646,NODE_4_length_351610_cov_41.090834,mobileOG_000344736_NODE_4_length_351610_cov_41.090834
76,"mobileOG_000344734|cI|WP_101452798.1|phage|replication,transfer|Plasmid RefSeq|Homology",NODE_4_length_351610_cov_41.090834_37 # 34605 # 34796 # 1 # ID=4_37;partial=00;start_type=ATG;rbs_motif=AGGAG;rbs_spacer=5-10bp;gc_cont=0.646,95.2,115,181,2.17e-33,64,119,181,1,63,mobileOG_000344734,cI,WP_101452798.1,phage,"replication,transfer",Plasmid RefSeq,Homology,NODE_4_length_351610_cov_41.090834_37, 34605 # 34796 # 1 , 34605,34796,1 ,4_37,4,37,00,ATG,AGGAG,5-10bp,0.646,NODE_4_length_351610_cov_41.090834,mobileOG_000344734_NODE_4_length_351610_cov_41.090834
77,mobileOG_000277277|Alpha|WP_101452801.1|phage|replication/recombination/repair|Plasmid RefSeq|Homology,NODE_4_length_351610_cov_41.090834_40 # 35399 # 37732 # 1 # ID=4_40;partial=00;start_type=ATG;rbs_motif=AGGAG;rbs_spacer=5-10bp;gc_cont=0.654,94.3,1453,777,0.0,778,1,777,1,777,mobileOG_000277277,Alpha,WP_101452801.1,phage,replication/recombination/repair,Plasmid RefSeq,Homology,NODE_4_length_351610_cov_41.090834_40, 35399 # 37732 # 1 , 35399,37732,1 ,4_40,4,40,00,ATG,AGGAG,5-10bp,0.654,NODE_4_length_351610_cov_41.090834,mobileOG_000277277_NODE_4_length_351610_cov_41.090834
78,mobileOG_000377761|Alpha|WP_060437025.1|phage|replication/recombination/repair|Plasmid RefSeq|Homology,NODE_4_length_351610_cov_41.090834_40 # 35399 # 37732 # 1 # ID=4_40;partial=00;start_type=ATG;rbs_motif=AGGAG;rbs_spacer=5-10bp;gc_cont=0.654,93.1,1427,777,0.0,778,1,777,1,777,mobileOG_000377761,Alpha,WP_060437025.1,phage,replication/recombination/repair,Plasmid RefSeq,Homology,NODE_4_length_351610_cov_41.090834_40, 35399 # 37732 # 1 , 35399,37732,1 ,4_40,4,40,00,ATG,AGGAG,5-10bp,0.654,NODE_4_length_351610_cov_41.090834,mobileOG_000377761_NODE_4_length_351610_cov_41.090834
79,mobileOG_000368519|rdgC|WP_004940461.1|integration/excision|NA|Plasmid RefSeq|Homology,NODE_4_length_351610_cov_41.090834_128 # 115816 # 116727 # -1 # ID=4_128;partial=00;start_type=ATG;rbs_motif=GGA/GAG/AGG;rbs_spacer=5-10bp;gc_cont=0.593,100,583,303,1.91e-212,304,1,303,1,303,mobileOG_000368519,rdgC,WP_004940461.1,integration/excision,NA,Plasmid RefSeq,Homology,NODE_4_length_351610_cov_41.090834_128, 115816 # 116727 # -1 , 115816,116727,-1 ,4_128,4,128,00,ATG,GGA/GAG/AGG,5-10bp,0.593,NODE_4_length_351610_cov_41.090834,mobileOG_000368519_NODE_4_length_351610_cov_41.090834
80,mobileOG_000748213|NA:Keyword|WP_033637280.1|stability/transfer/defense|NA|Plasmid RefSeq|Keyword Search,NODE_4_length_351610_cov_41.090834_130 # 117961 # 118194 # 1 # ID=4_130;partial=00;start_type=ATG;rbs_motif=AGGAG;rbs_spacer=5-10bp;gc_cont=0.607,98.7,141,77,1.19e-44,78,1,76,1,76,mobileOG_000748213,NA:Keyword,WP_033637280.1,stability/transfer/defense,NA,Plasmid RefSeq,Keyword Search,NODE_4_length_351610_cov_41.090834_130, 117961 # 118194 # 1 , 117961,118194,1 ,4_130,4,130,00,ATG,AGGAG,5-10bp,0.607,NODE_4_length_351610_cov_41.090834,mobileOG_000748213_NODE_4_length_351610_cov_41.090834
81,mobileOG_000748103|NA:Keyword|WP_019454226.1|stability/transfer/defense|NA|Plasmid RefSeq|Keyword Search,NODE_4_length_351610_cov_41.090834_131 # 118191 # 118577 # 1 # ID=4_131;partial=00;start_type=ATG;rbs_motif=GGAG/GAGG;rbs_spacer=5-10bp;gc_cont=0.618,98.4,258,128,2.04e-89,129,1,128,1,128,mobileOG_000748103,NA:Keyword,WP_019454226.1,stability/transfer/defense,NA,Plasmid RefSeq,Keyword Search,NODE_4_length_351610_cov_41.090834_131, 118191 # 118577 # 1 , 118191,118577,1 ,4_131,4,131,00,ATG,GGAG/GAGG,5-10bp,0.618,NODE_4_length_351610_cov_41.090834,mobileOG_000748103_NODE_4_length_351610_cov_41.090834
82,mobileOG_000749725|NA:Keyword|WP_033642043.1|stability/transfer/defense|NA|Plasmid RefSeq|Keyword Search,NODE_4_length_351610_cov_41.090834_131 # 118191 # 118577 # 1 # ID=4_131;partial=00;start_type=ATG;rbs_motif=GGAG/GAGG;rbs_spacer=5-10bp;gc_cont=0.618,97.7,256,128,8.32e-89,129,1,128,1,128,mobileOG_000749725,NA:Keyword,WP_033642043.1,stability/transfer/defense,NA,Plasmid RefSeq,Keyword Search,NODE_4_length_351610_cov_41.090834_131, 118191 # 118577 # 1 , 118191,118577,1 ,4_131,4,131,00,ATG,GGAG/GAGG,5-10bp,0.618,NODE_4_length_351610_cov_41.090834,mobileOG_000749725_NODE_4_length_351610_cov_41.090834
83,mobileOG_000335298|sbcC|WP_060437992.1|replication/recombination/repair|stability/transfer/defense|Plasmid RefSeq|Homology,NODE_4_length_351610_cov_41.090834_133 # 119654 # 122905 # -1 # ID=4_133;partial=00;start_type=ATG;rbs_motif=AGGAG;rbs_spacer=5-10bp;gc_cont=0.656,90.8,1594,1083,0.0,1084,1,1083,1,1083,mobileOG_000335298,sbcC,WP_060437992.1,replication/recombination/repair,stability/transfer/defense,Plasmid RefSeq,Homology,NODE_4_length_351610_cov_41.090834_133, 119654 # 122905 # -1 , 119654,122905,-1 ,4_133,4,133,00,ATG,AGGAG,5-10bp,0.656,NODE_4_length_351610_cov_41.090834,mobileOG_000335298_NODE_4_length_351610_cov_41.090834
84,mobileOG_000334028|sbcD|WP_060437993.1|replication/recombination/repair|NA|Plasmid RefSeq|Homology,NODE_4_length_351610_cov_41.090834_134 # 122902 # 124134 # -1 # ID=4_134;partial=00;start_type=ATG;rbs_motif=GGA/GAG/AGG;rbs_spacer=5-10bp;gc_cont=0.633,97.1,774,410,4.00e-284,411,1,410,1,410,mobileOG_000334028,sbcD,WP_060437993.1,replication/recombination/repair,NA,Plasmid RefSeq,Homology,NODE_4_length_351610_cov_41.090834_134, 122902 # 124134 # -1 , 122902,124134,-1 ,4_134,4,134,00,ATG,GGA/GAG/AGG,5-10bp,0.633,NODE_4_length_351610_cov_41.090834,mobileOG_000334028_NODE_4_length_351610_cov_41.090834
85,mobileOG_000326381|sbcD|WP_096241949.1|replication/recombination/repair|NA|Plasmid RefSeq|Homology,NODE_4_length_351610_cov_41.090834_134 # 122902 # 124134 # -1 # ID=4_134;partial=00;start_type=ATG;rbs_motif=GGA/GAG/AGG;rbs_spacer=5-10bp;gc_cont=0.633,96.1,764,410,1.82e-280,411,1,408,1,408,mobileOG_000326381,sbcD,WP_096241949.1,replication/recombination/repair,NA,Plasmid RefSeq,Homology,NODE_4_length_351610_cov_41.090834_134, 122902 # 124134 # -1 , 122902,124134,-1 ,4_134,4,134,00,ATG,GGA/GAG/AGG,5-10bp,0.633,NODE_4_length_351610_cov_41.090834,mobileOG_000326381_NODE_4_length_351610_cov_41.090834
86,"mobileOG_000368518|nusB|WP_004940384.1|phage|regulation,infection|Plasmid RefSeq|Homology",NODE_4_length_351610_cov_41.090834_157 # 147104 # 147520 # 1 # ID=4_157;partial=00;start_type=GTG;rbs_motif=GGA/GAG/AGG;rbs_spacer=5-10bp;gc_cont=0.561,100,265,138,5.45e-92,139,1,138,1,138,mobileOG_000368518,nusB,WP_004940384.1,phage,"regulation,infection",Plasmid RefSeq,Homology,NODE_4_length_351610_cov_41.090834_157, 147104 # 147520 # 1 , 147104,147520,1 ,4_157,4,157,00,GTG,GGA/GAG/AGG,5-10bp,0.561,NODE_4_length_351610_cov_41.090834,mobileOG_000368518_NODE_4_length_351610_cov_41.090834
87,mobileOG_000368527|xseB|WP_015376838.1|replication/recombination/repair|NA|Plasmid RefSeq|Homology,NODE_4_length_351610_cov_41.090834_163 # 152999 # 153262 # -1 # ID=4_163;partial=00;start_type=ATG;rbs_motif=None;rbs_spacer=None;gc_cont=0.583,100,146,87,1.77e-46,88,1,87,1,87,mobileOG_000368527,xseB,WP_015376838.1,replication/recombination/repair,NA,Plasmid RefSeq,Homology,NODE_4_length_351610_cov_41.090834_163, 152999 # 153262 # -1 , 152999,153262,-1 ,4_163,4,163,00,ATG,None,None,0.583,NODE_4_length_351610_cov_41.090834,mobileOG_000368527_NODE_4_length_351610_cov_41.090834
88,mobileOG_000351487|xseB|WP_033642062.1|replication/recombination/repair|NA|Plasmid RefSeq|Homology,NODE_4_length_351610_cov_41.090834_163 # 152999 # 153262 # -1 # ID=4_163;partial=00;start_type=ATG;rbs_motif=None;rbs_spacer=None;gc_cont=0.583,98.9,145,87,7.21e-46,88,1,87,1,87,mobileOG_000351487,xseB,WP_033642062.1,replication/recombination/repair,NA,Plasmid RefSeq,Homology,NODE_4_length_351610_cov_41.090834_163, 152999 # 153262 # -1 , 152999,153262,-1 ,4_163,4,163,00,ATG,None,None,0.583,NODE_4_length_351610_cov_41.090834,mobileOG_000351487_NODE_4_length_351610_cov_41.090834
89,mobileOG_000368517|clpP|WP_004940356.1|phage|replication/recombination/repair|Plasmid RefSeq|Homology,NODE_4_length_351610_cov_41.090834_178 # 168758 # 169381 # 1 # ID=4_178;partial=00;start_type=ATG;rbs_motif=AGGAG;rbs_spacer=5-10bp;gc_cont=0.574,100,412,207,8.08e-148,208,1,207,1,207,mobileOG_000368517,clpP,WP_004940356.1,phage,replication/recombination/repair,Plasmid RefSeq,Homology,NODE_4_length_351610_cov_41.090834_178, 168758 # 169381 # 1 , 168758,169381,1 ,4_178,4,178,00,ATG,AGGAG,5-10bp,0.574,NODE_4_length_351610_cov_41.090834,mobileOG_000368517_NODE_4_length_351610_cov_41.090834
90,mobileOG_000351483|clpP|WP_016928858.1|phage|replication/recombination/repair|Plasmid RefSeq|Homology,NODE_4_length_351610_cov_41.090834_178 # 168758 # 169381 # 1 # ID=4_178;partial=00;start_type=ATG;rbs_motif=AGGAG;rbs_spacer=5-10bp;gc_cont=0.574,99.5,410,207,3.29e-147,208,1,207,1,207,mobileOG_000351483,clpP,WP_016928858.1,phage,replication/recombination/repair,Plasmid RefSeq,Homology,NODE_4_length_351610_cov_41.090834_178, 168758 # 169381 # 1 , 168758,169381,1 ,4_178,4,178,00,ATG,AGGAG,5-10bp,0.574,NODE_4_length_351610_cov_41.090834,mobileOG_000351483_NODE_4_length_351610_cov_41.090834
91,mobileOG_000301843|clpP|WP_006809880.1|phage|replication/recombination/repair|Plasmid RefSeq|Homology,NODE_4_length_351610_cov_41.090834_178 # 168758 # 169381 # 1 # ID=4_178;partial=00;start_type=ATG;rbs_motif=AGGAG;rbs_spacer=5-10bp;gc_cont=0.574,92.8,389,207,1.14e-138,208,1,207,1,207,mobileOG_000301843,clpP,WP_006809880.1,phage,replication/recombination/repair,Plasmid RefSeq,Homology,NODE_4_length_351610_cov_41.090834_178, 168758 # 169381 # 1 , 168758,169381,1 ,4_178,4,178,00,ATG,AGGAG,5-10bp,0.574,NODE_4_length_351610_cov_41.090834,mobileOG_000301843_NODE_4_length_351610_cov_41.090834
92,mobileOG_000351734|clpP|A0A078LKE9|phage|replication/recombination/repair|Plasmid RefSeq|Homology,NODE_4_length_351610_cov_41.090834_178 # 168758 # 169381 # 1 # ID=4_178;partial=00;start_type=ATG;rbs_motif=AGGAG;rbs_spacer=5-10bp;gc_cont=0.574,91.8,384,207,1.09e-136,208,1,207,1,207,mobileOG_000351734,clpP,A0A078LKE9,phage,replication/recombination/repair,Plasmid RefSeq,Homology,NODE_4_length_351610_cov_41.090834_178, 168758 # 169381 # 1 , 168758,169381,1 ,4_178,4,178,00,ATG,AGGAG,5-10bp,0.574,NODE_4_length_351610_cov_41.090834,mobileOG_000351734_NODE_4_length_351610_cov_41.090834
93,mobileOG_000289010|clpP|WP_002891804.1|phage|replication/recombination/repair|Plasmid RefSeq|Homology,NODE_4_length_351610_cov_41.090834_178 # 168758 # 169381 # 1 # ID=4_178;partial=00;start_type=ATG;rbs_motif=AGGAG;rbs_spacer=5-10bp;gc_cont=0.574,91.8,384,207,1.55e-136,208,1,207,1,207,mobileOG_000289010,clpP,WP_002891804.1,phage,replication/recombination/repair,Plasmid RefSeq,Homology,NODE_4_length_351610_cov_41.090834_178, 168758 # 169381 # 1 , 168758,169381,1 ,4_178,4,178,00,ATG,AGGAG,5-10bp,0.574,NODE_4_length_351610_cov_41.090834,mobileOG_000289010_NODE_4_length_351610_cov_41.090834
94,mobileOG_000025855|clpP|A0A192CHZ0|phage|replication/recombination/repair|Plasmid RefSeq|Manual,NODE_4_length_351610_cov_41.090834_178 # 168758 # 169381 # 1 # ID=4_178;partial=00;start_type=ATG;rbs_motif=AGGAG;rbs_spacer=5-10bp;gc_cont=0.574,91.8,382,207,4.44e-136,208,1,207,1,207,mobileOG_000025855,clpP,A0A192CHZ0,phage,replication/recombination/repair,Plasmid RefSeq,Manual,NODE_4_length_351610_cov_41.090834_178, 168758 # 169381 # 1 , 168758,169381,1 ,4_178,4,178,00,ATG,AGGAG,5-10bp,0.574,NODE_4_length_351610_cov_41.090834,mobileOG_000025855_NODE_4_length_351610_cov_41.090834
95,"mobileOG_000368516|clpX|WP_004940354.1|phage|replication,chaperone|Plasmid RefSeq|Homology",NODE_4_length_351610_cov_41.090834_179 # 169525 # 170796 # 1 # ID=4_179;partial=00;start_type=ATG;rbs_motif=GGAG/GAGG;rbs_spacer=5-10bp;gc_cont=0.587,100,831,423,3.07e-306,424,1,423,1,423,mobileOG_000368516,clpX,WP_004940354.1,phage,"replication,chaperone",Plasmid RefSeq,Homology,NODE_4_length_351610_cov_41.090834_179, 169525 # 170796 # 1 , 169525,170796,1 ,4_179,4,179,00,ATG,GGAG/GAGG,5-10bp,0.587,NODE_4_length_351610_cov_41.090834,mobileOG_000368516_NODE_4_length_351610_cov_41.090834
96,mobileOG_000025945|clpX|F0JMC0|phage|replication/recombination/repair|Plasmid RefSeq|Manual,NODE_4_length_351610_cov_41.090834_179 # 169525 # 170796 # 1 # ID=4_179;partial=00;start_type=ATG;rbs_motif=GGAG/GAGG;rbs_spacer=5-10bp;gc_cont=0.587,94.8,792,424,7.87e-291,424,1,424,1,423,mobileOG_000025945,clpX,F0JMC0,phage,replication/recombination/repair,Plasmid RefSeq,Manual,NODE_4_length_351610_cov_41.090834_179, 169525 # 170796 # 1 , 169525,170796,1 ,4_179,4,179,00,ATG,GGAG/GAGG,5-10bp,0.587,NODE_4_length_351610_cov_41.090834,mobileOG_000025945_NODE_4_length_351610_cov_41.090834
97,"mobileOG_000288446|clpX|WP_015571275.1|phage|replication,chaperone|Plasmid RefSeq|Homology",NODE_4_length_351610_cov_41.090834_179 # 169525 # 170796 # 1 # ID=4_179;partial=00;start_type=ATG;rbs_motif=GGAG/GAGG;rbs_spacer=5-10bp;gc_cont=0.587,95.0,792,424,7.87e-291,424,1,424,1,423,mobileOG_000288446,clpX,WP_015571275.1,phage,"replication,chaperone",Plasmid RefSeq,Homology,NODE_4_length_351610_cov_41.090834_179, 169525 # 170796 # 1 , 169525,170796,1 ,4_179,4,179,00,ATG,GGAG/GAGG,5-10bp,0.587,NODE_4_length_351610_cov_41.090834,mobileOG_000288446_NODE_4_length_351610_cov_41.090834
98,"mobileOG_000344359|clpX|WP_002891807.1|phage|replication,chaperone|Plasmid RefSeq|Homology",NODE_4_length_351610_cov_41.090834_179 # 169525 # 170796 # 1 # ID=4_179;partial=00;start_type=ATG;rbs_motif=GGAG/GAGG;rbs_spacer=5-10bp;gc_cont=0.587,94.8,791,424,1.12e-290,424,1,424,1,423,mobileOG_000344359,clpX,WP_002891807.1,phage,"replication,chaperone",Plasmid RefSeq,Homology,NODE_4_length_351610_cov_41.090834_179, 169525 # 170796 # 1 , 169525,170796,1 ,4_179,4,179,00,ATG,GGAG/GAGG,5-10bp,0.587,NODE_4_length_351610_cov_41.090834,mobileOG_000344359_NODE_4_length_351610_cov_41.090834
99,mobileOG_000025183|clpX|A0A0A0ZT71|phage|replication/recombination/repair|Plasmid RefSeq|Manual,NODE_4_length_351610_cov_41.090834_179 # 169525 # 170796 # 1 # ID=4_179;partial=00;start_type=ATG;rbs_motif=GGAG/GAGG;rbs_spacer=5-10bp;gc_cont=0.587,94.8,791,424,2.26e-290,424,1,424,1,423,mobileOG_000025183,clpX,A0A0A0ZT71,phage,replication/recombination/repair,Plasmid RefSeq,Manual,NODE_4_length_351610_cov_41.090834_179, 169525 # 170796 # 1 , 169525,170796,1 ,4_179,4,179,00,ATG,GGAG/GAGG,5-10bp,0.587,NODE_4_length_351610_cov_41.090834,mobileOG_000025183_NODE_4_length_351610_cov_41.090834
100,mobileOG_000025998|clpX|A0A1R0G070|phage|replication/recombination/repair|Plasmid RefSeq|Manual,NODE_4_length_351610_cov_41.090834_179 # 169525 # 170796 # 1 # ID=4_179;partial=00;start_type=ATG;rbs_motif=GGAG/GAGG;rbs_spacer=5-10bp;gc_cont=0.587,94.6,789,424,9.18e-290,424,1,424,1,423,mobileOG_000025998,clpX,A0A1R0G070,phage,replication/recombination/repair,Plasmid RefSeq,Manual,NODE_4_length_351610_cov_41.090834_179, 169525 # 170796 # 1 , 169525,170796,1 ,4_179,4,179,00,ATG,GGAG/GAGG,5-10bp,0.587,NODE_4_length_351610_cov_41.090834,mobileOG_000025998_NODE_4_length_351610_cov_41.090834
101,mobileOG_000368515|hup|WP_004940351.1|replication/recombination/repair|integration/excision|Plasmid RefSeq|Homology,NODE_4_length_351610_cov_41.090834_181 # 173562 # 173834 # 1 # ID=4_181;partial=00;start_type=GTG;rbs_motif=GGAG/GAGG;rbs_spacer=5-10bp;gc_cont=0.546,100,165,90,7.33e-54,91,1,90,1,90,mobileOG_000368515,hup,WP_004940351.1,replication/recombination/repair,integration/excision,Plasmid RefSeq,Homology,NODE_4_length_351610_cov_41.090834_181, 173562 # 173834 # 1 , 173562,173834,1 ,4_181,4,181,00,GTG,GGAG/GAGG,5-10bp,0.546,NODE_4_length_351610_cov_41.090834,mobileOG_000368515_NODE_4_length_351610_cov_41.090834
102,mobileOG_000025521|hupB|A0A192CJA5|replication/recombination/repair|integration/excision|Plasmid RefSeq|Manual,NODE_4_length_351610_cov_41.090834_181 # 173562 # 173834 # 1 # ID=4_181;partial=00;start_type=GTG;rbs_motif=GGAG/GAGG;rbs_spacer=5-10bp;gc_cont=0.546,90.0,152,90,7.93e-49,91,1,90,1,90,mobileOG_000025521,hupB,A0A192CJA5,replication/recombination/repair,integration/excision,Plasmid RefSeq,Manual,NODE_4_length_351610_cov_41.090834_181, 173562 # 173834 # 1 , 173562,173834,1 ,4_181,4,181,00,GTG,GGAG/GAGG,5-10bp,0.546,NODE_4_length_351610_cov_41.090834,mobileOG_000025521_NODE_4_length_351610_cov_41.090834
103,mobileOG_000025753|hupB|A0A078LCB7|phage|replication/recombination/repair|Plasmid RefSeq|Manual,NODE_4_length_351610_cov_41.090834_181 # 173562 # 173834 # 1 # ID=4_181;partial=00;start_type=GTG;rbs_motif=GGAG/GAGG;rbs_spacer=5-10bp;gc_cont=0.546,90.0,152,90,1.13e-48,91,1,90,1,90,mobileOG_000025753,hupB,A0A078LCB7,phage,replication/recombination/repair,Plasmid RefSeq,Manual,NODE_4_length_351610_cov_41.090834_181, 173562 # 173834 # 1 , 173562,173834,1 ,4_181,4,181,00,GTG,GGAG/GAGG,5-10bp,0.546,NODE_4_length_351610_cov_41.090834,mobileOG_000025753_NODE_4_length_351610_cov_41.090834
104,mobileOG_000299341|hup|WP_002444653.1|replication/recombination/repair|integration/excision|Plasmid RefSeq|Homology,NODE_4_length_351610_cov_41.090834_181 # 173562 # 173834 # 1 # ID=4_181;partial=00;start_type=GTG;rbs_motif=GGAG/GAGG;rbs_spacer=5-10bp;gc_cont=0.546,90.0,152,90,1.60e-48,91,1,90,1,90,mobileOG_000299341,hup,WP_002444653.1,replication/recombination/repair,integration/excision,Plasmid RefSeq,Homology,NODE_4_length_351610_cov_41.090834_181, 173562 # 173834 # 1 , 173562,173834,1 ,4_181,4,181,00,GTG,GGAG/GAGG,5-10bp,0.546,NODE_4_length_351610_cov_41.090834,mobileOG_000299341_NODE_4_length_351610_cov_41.090834
105,mobileOG_000351488|ybaV|WP_033642074.1|transfer|competence|Plasmid RefSeq|Homology,NODE_4_length_351610_cov_41.090834_183 # 176035 # 176415 # 1 # ID=4_183;partial=00;start_type=ATG;rbs_motif=AGGAG;rbs_spacer=5-10bp;gc_cont=0.630,91.3,215,126,1.49e-72,127,1,126,1,126,mobileOG_000351488,ybaV,WP_033642074.1,transfer,competence,Plasmid RefSeq,Homology,NODE_4_length_351610_cov_41.090834_183, 176035 # 176415 # 1 , 176035,176415,1 ,4_183,4,183,00,ATG,AGGAG,5-10bp,0.630,NODE_4_length_351610_cov_41.090834,mobileOG_000351488_NODE_4_length_351610_cov_41.090834
106,mobileOG_000368554|ogt|WP_033642088.1|replication/recombination/repair|NA|Plasmid RefSeq|Homology,NODE_4_length_351610_cov_41.090834_196 # 189482 # 189796 # -1 # ID=4_196;partial=00;start_type=ATG;rbs_motif=AGGA;rbs_spacer=5-10bp;gc_cont=0.638,100,219,104,1.25e-74,105,1,104,1,104,mobileOG_000368554,ogt,WP_033642088.1,replication/recombination/repair,NA,Plasmid RefSeq,Homology,NODE_4_length_351610_cov_41.090834_196, 189482 # 189796 # -1 , 189482,189796,-1 ,4_196,4,196,00,ATG,AGGA,5-10bp,0.638,NODE_4_length_351610_cov_41.090834,mobileOG_000368554_NODE_4_length_351610_cov_41.090834
107,mobileOG_000314374|ogt|WP_033647296.1|replication/recombination/repair|NA|Plasmid RefSeq|Homology,NODE_4_length_351610_cov_41.090834_196 # 189482 # 189796 # -1 # ID=4_196;partial=00;start_type=ATG;rbs_motif=AGGA;rbs_spacer=5-10bp;gc_cont=0.638,99.0,217,104,5.11e-74,105,1,104,1,104,mobileOG_000314374,ogt,WP_033647296.1,replication/recombination/repair,NA,Plasmid RefSeq,Homology,NODE_4_length_351610_cov_41.090834_196, 189482 # 189796 # -1 , 189482,189796,-1 ,4_196,4,196,00,ATG,AGGA,5-10bp,0.638,NODE_4_length_351610_cov_41.090834,mobileOG_000314374_NODE_4_length_351610_cov_41.090834
108,mobileOG_000374240|priC|WP_033637350.1|replication/recombination/repair|NA|Plasmid RefSeq|Homology,NODE_4_length_351610_cov_41.090834_228 # 220022 # 220558 # -1 # ID=4_228;partial=00;start_type=GTG;rbs_motif=GGAG/GAGG;rbs_spacer=5-10bp;gc_cont=0.648,98.9,322,178,4.23e-113,179,1,178,1,178,mobileOG_000374240,priC,WP_033637350.1,replication/recombination/repair,NA,Plasmid RefSeq,Homology,NODE_4_length_351610_cov_41.090834_228, 220022 # 220558 # -1 , 220022,220558,-1 ,4_228,4,228,00,GTG,GGAG/GAGG,5-10bp,0.648,NODE_4_length_351610_cov_41.090834,mobileOG_000374240_NODE_4_length_351610_cov_41.090834
109,mobileOG_000374241|priC|WP_033642112.1|replication/recombination/repair|NA|Plasmid RefSeq|Homology,NODE_4_length_351610_cov_41.090834_228 # 220022 # 220558 # -1 # ID=4_228;partial=00;start_type=GTG;rbs_motif=GGAG/GAGG;rbs_spacer=5-10bp;gc_cont=0.648,96.6,316,178,1.16e-110,179,1,178,1,178,mobileOG_000374241,priC,WP_033642112.1,replication/recombination/repair,NA,Plasmid RefSeq,Homology,NODE_4_length_351610_cov_41.090834_228, 220022 # 220558 # -1 , 220022,220558,-1 ,4_228,4,228,00,GTG,GGAG/GAGG,5-10bp,0.648,NODE_4_length_351610_cov_41.090834,mobileOG_000374241_NODE_4_length_351610_cov_41.090834
110,mobileOG_000365572|dnaX|WP_033647268.1|replication/recombination/repair|NA|Plasmid RefSeq|Homology,NODE_4_length_351610_cov_41.090834_231 # 221996 # 223951 # 1 # ID=4_231;partial=00;start_type=ATG;rbs_motif=None;rbs_spacer=None;gc_cont=0.657,97.7,1164,652,0.0,652,1,652,1,651,mobileOG_000365572,dnaX,WP_033647268.1,replication/recombination/repair,NA,Plasmid RefSeq,Homology,NODE_4_length_351610_cov_41.090834_231, 221996 # 223951 # 1 , 221996,223951,1 ,4_231,4,231,00,ATG,None,None,0.657,NODE_4_length_351610_cov_41.090834,mobileOG_000365572_NODE_4_length_351610_cov_41.090834
111,mobileOG_000365592|dnaX|WP_101453443.1|replication/recombination/repair|NA|Plasmid RefSeq|Homology,NODE_4_length_351610_cov_41.090834_231 # 221996 # 223951 # 1 # ID=4_231;partial=00;start_type=ATG;rbs_motif=None;rbs_spacer=None;gc_cont=0.657,94.2,1135,652,0.0,652,1,652,1,651,mobileOG_000365592,dnaX,WP_101453443.1,replication/recombination/repair,NA,Plasmid RefSeq,Homology,NODE_4_length_351610_cov_41.090834_231, 221996 # 223951 # 1 , 221996,223951,1 ,4_231,4,231,00,ATG,None,None,0.657,NODE_4_length_351610_cov_41.090834,mobileOG_000365592_NODE_4_length_351610_cov_41.090834
112,mobileOG_000368514|recR|WP_004940263.1|replication/recombination/repair|NA|Plasmid RefSeq|Homology,NODE_4_length_351610_cov_41.090834_233 # 224322 # 224927 # 1 # ID=4_233;partial=00;start_type=ATG;rbs_motif=None;rbs_spacer=None;gc_cont=0.658,100,402,201,3.31e-144,202,1,201,1,201,mobileOG_000368514,recR,WP_004940263.1,replication/recombination/repair,NA,Plasmid RefSeq,Homology,NODE_4_length_351610_cov_41.090834_233, 224322 # 224927 # 1 , 224322,224927,1 ,4_233,4,233,00,ATG,None,None,0.658,NODE_4_length_351610_cov_41.090834,mobileOG_000368514_NODE_4_length_351610_cov_41.090834
113,mobileOG_000025696|recR|WP_002892177.1|replication/recombination/repair|NA|Plasmid RefSeq|Manual,NODE_4_length_351610_cov_41.090834_233 # 224322 # 224927 # 1 # ID=4_233;partial=00;start_type=ATG;rbs_motif=None;rbs_spacer=None;gc_cont=0.658,91.5,370,201,2.12e-131,202,1,201,1,201,mobileOG_000025696,recR,WP_002892177.1,replication/recombination/repair,NA,Plasmid RefSeq,Manual,NODE_4_length_351610_cov_41.090834_233, 224322 # 224927 # 1 , 224322,224927,1 ,4_233,4,233,00,ATG,None,None,0.658,NODE_4_length_351610_cov_41.090834,mobileOG_000025696_NODE_4_length_351610_cov_41.090834
114,mobileOG_000295145|recR|WP_006809843.1|replication/recombination/repair|NA|Plasmid RefSeq|Homology,NODE_4_length_351610_cov_41.090834_233 # 224322 # 224927 # 1 # ID=4_233;partial=00;start_type=ATG;rbs_motif=None;rbs_spacer=None;gc_cont=0.658,91.5,369,201,8.64e-131,202,1,201,1,201,mobileOG_000295145,recR,WP_006809843.1,replication/recombination/repair,NA,Plasmid RefSeq,Homology,NODE_4_length_351610_cov_41.090834_233, 224322 # 224927 # 1 , 224322,224927,1 ,4_233,4,233,00,ATG,None,None,0.658,NODE_4_length_351610_cov_41.090834,mobileOG_000295145_NODE_4_length_351610_cov_41.090834
115,mobileOG_000025590|recR|A0A192CI29|replication/recombination/repair|NA|Plasmid RefSeq|Manual,NODE_4_length_351610_cov_41.090834_233 # 224322 # 224927 # 1 # ID=4_233;partial=00;start_type=ATG;rbs_motif=None;rbs_spacer=None;gc_cont=0.658,90.5,367,201,3.52e-130,202,1,201,1,201,mobileOG_000025590,recR,A0A192CI29,replication/recombination/repair,NA,Plasmid RefSeq,Manual,NODE_4_length_351610_cov_41.090834_233, 224322 # 224927 # 1 , 224322,224927,1 ,4_233,4,233,00,ATG,None,None,0.658,NODE_4_length_351610_cov_41.090834,mobileOG_000025590_NODE_4_length_351610_cov_41.090834
116,mobileOG_000025506|recR|A0A0A5T261|replication/recombination/repair|NA|Plasmid RefSeq|Manual,NODE_4_length_351610_cov_41.090834_233 # 224322 # 224927 # 1 # ID=4_233;partial=00;start_type=ATG;rbs_motif=None;rbs_spacer=None;gc_cont=0.658,90.5,367,201,5.00e-130,202,1,201,1,201,mobileOG_000025506,recR,A0A0A5T261,replication/recombination/repair,NA,Plasmid RefSeq,Manual,NODE_4_length_351610_cov_41.090834_233, 224322 # 224927 # 1 , 224322,224927,1 ,4_233,4,233,00,ATG,None,None,0.658,NODE_4_length_351610_cov_41.090834,mobileOG_000025506_NODE_4_length_351610_cov_41.090834
117,mobileOG_000556803|NA:Keyword|A0A2S4XFV4|transfer|NA|GPD|Keyword Search,NODE_4_length_351610_cov_41.090834_246 # 241501 # 242307 # -1 # ID=4_246;partial=00;start_type=ATG;rbs_motif=AGGAG;rbs_spacer=5-10bp;gc_cont=0.668,98.1,522,268,3.13e-189,269,1,268,1,268,mobileOG_000556803,NA:Keyword,A0A2S4XFV4,transfer,NA,GPD,Keyword Search,NODE_4_length_351610_cov_41.090834_246, 241501 # 242307 # -1 , 241501,242307,-1 ,4_246,4,246,00,ATG,AGGAG,5-10bp,0.668,NODE_4_length_351610_cov_41.090834,mobileOG_000556803_NODE_4_length_351610_cov_41.090834
118,"mobileOG_000368513|qmcA|WP_004940203.1|phage|lysis/lysogeny,regulation|Multiple|Homology",NODE_4_length_351610_cov_41.090834_250 # 246123 # 247028 # -1 # ID=4_250;partial=00;start_type=ATG;rbs_motif=AGGAG;rbs_spacer=5-10bp;gc_cont=0.609,100,459,301,1.86e-163,302,1,301,1,301,mobileOG_000368513,qmcA,WP_004940203.1,phage,"lysis/lysogeny,regulation",Multiple,Homology,NODE_4_length_351610_cov_41.090834_250, 246123 # 247028 # -1 , 246123,247028,-1 ,4_250,4,250,00,ATG,AGGAG,5-10bp,0.609,NODE_4_length_351610_cov_41.090834,mobileOG_000368513_NODE_4_length_351610_cov_41.090834
119,mobileOG_000327716|holA|WP_033647201.1|replication/recombination/repair|NA|Plasmid RefSeq|Homology,NODE_4_length_351610_cov_41.090834_325 # 332554 # 333588 # -1 # ID=4_325;partial=00;start_type=ATG;rbs_motif=None;rbs_spacer=None;gc_cont=0.643,99.7,670,344,3.32e-245,345,1,344,1,344,mobileOG_000327716,holA,WP_033647201.1,replication/recombination/repair,NA,Plasmid RefSeq,Homology,NODE_4_length_351610_cov_41.090834_325, 332554 # 333588 # -1 , 332554,333588,-1 ,4_325,4,325,00,ATG,None,None,0.643,NODE_4_length_351610_cov_41.090834,mobileOG_000327716_NODE_4_length_351610_cov_41.090834
120,mobileOG_000351495|holA|WP_047572366.1|replication/recombination/repair|NA|Plasmid RefSeq|Homology,NODE_4_length_351610_cov_41.090834_325 # 332554 # 333588 # -1 # ID=4_325;partial=00;start_type=ATG;rbs_motif=None;rbs_spacer=None;gc_cont=0.643,99.1,664,344,4.51e-243,345,1,344,1,344,mobileOG_000351495,holA,WP_047572366.1,replication/recombination/repair,NA,Plasmid RefSeq,Homology,NODE_4_length_351610_cov_41.090834_325, 332554 # 333588 # -1 , 332554,333588,-1 ,4_325,4,325,00,ATG,None,None,0.643,NODE_4_length_351610_cov_41.090834,mobileOG_000351495_NODE_4_length_351610_cov_41.090834
121,"mobileOG_000301583|dpiA|WP_033635694.1|replication/recombination/repair|partitioning,regulation|Plasmid RefSeq|Homology",NODE_5_length_299079_cov_43.271383_18 # 23276 # 23962 # -1 # ID=5_18;partial=00;start_type=ATG;rbs_motif=GGA/GAG/AGG;rbs_spacer=5-10bp;gc_cont=0.604,99.6,446,228,2.20e-160,229,1,228,1,228,mobileOG_000301583,dpiA,WP_033635694.1,replication/recombination/repair,"partitioning,regulation",Plasmid RefSeq,Homology,NODE_5_length_299079_cov_43.271383_18, 23276 # 23962 # -1 , 23276,23962,-1 ,5_18,5,18,00,ATG,GGA/GAG/AGG,5-10bp,0.604,NODE_5_length_299079_cov_43.271383,mobileOG_000301583_NODE_5_length_299079_cov_43.271383
122,mobileOG_000192090|s071|A0A155EWW2|replication/recombination/repair|NA|GPD|Homology,NODE_5_length_299079_cov_43.271383_68 # 64435 # 64977 # -1 # ID=5_68;partial=00;start_type=ATG;rbs_motif=GGAG/GAGG;rbs_spacer=5-10bp;gc_cont=0.530,94.4,345,180,3.50e-122,181,1,180,1,180,mobileOG_000192090,s071,A0A155EWW2,replication/recombination/repair,NA,GPD,Homology,NODE_5_length_299079_cov_43.271383_68, 64435 # 64977 # -1 , 64435,64977,-1 ,5_68,5,68,00,ATG,GGAG/GAGG,5-10bp,0.530,NODE_5_length_299079_cov_43.271383,mobileOG_000192090_NODE_5_length_299079_cov_43.271383
123,mobileOG_000332737|s071|WP_032434298.1|replication/recombination/repair|NA|Plasmid RefSeq|Homology,NODE_5_length_299079_cov_43.271383_68 # 64435 # 64977 # -1 # ID=5_68;partial=00;start_type=ATG;rbs_motif=GGAG/GAGG;rbs_spacer=5-10bp;gc_cont=0.530,93.9,343,180,1.43e-121,181,1,180,1,180,mobileOG_000332737,s071,WP_032434298.1,replication/recombination/repair,NA,Plasmid RefSeq,Homology,NODE_5_length_299079_cov_43.271383_68, 64435 # 64977 # -1 , 64435,64977,-1 ,5_68,5,68,00,ATG,GGAG/GAGG,5-10bp,0.530,NODE_5_length_299079_cov_43.271383,mobileOG_000332737_NODE_5_length_299079_cov_43.271383
124,mobileOG_000331095|s071|A0A3Y6SGG8|replication/recombination/repair|NA|Plasmid RefSeq|Homology,NODE_5_length_299079_cov_43.271383_68 # 64435 # 64977 # -1 # ID=5_68;partial=00;start_type=ATG;rbs_motif=GGAG/GAGG;rbs_spacer=5-10bp;gc_cont=0.530,93.3,343,180,2.03e-121,181,1,180,1,180,mobileOG_000331095,s071,A0A3Y6SGG8,replication/recombination/repair,NA,Plasmid RefSeq,Homology,NODE_5_length_299079_cov_43.271383_68, 64435 # 64977 # -1 , 64435,64977,-1 ,5_68,5,68,00,ATG,GGAG/GAGG,5-10bp,0.530,NODE_5_length_299079_cov_43.271383,mobileOG_000331095_NODE_5_length_299079_cov_43.271383
125,mobileOG_000162474|s071|A0A3Z9QXH1|replication/recombination/repair|NA|GPD|Homology,NODE_5_length_299079_cov_43.271383_68 # 64435 # 64977 # -1 # ID=5_68;partial=00;start_type=ATG;rbs_motif=GGAG/GAGG;rbs_spacer=5-10bp;gc_cont=0.530,92.8,337,180,5.57e-119,181,1,180,1,180,mobileOG_000162474,s071,A0A3Z9QXH1,replication/recombination/repair,NA,GPD,Homology,NODE_5_length_299079_cov_43.271383_68, 64435 # 64977 # -1 , 64435,64977,-1 ,5_68,5,68,00,ATG,GGAG/GAGG,5-10bp,0.530,NODE_5_length_299079_cov_43.271383,mobileOG_000162474_NODE_5_length_299079_cov_43.271383
126,mobileOG_000557041|NA:Keyword|A0A0L0H3V7|transfer|NA|GPD|Keyword Search,NODE_5_length_299079_cov_43.271383_70 # 65464 # 66285 # -1 # ID=5_70;partial=00;start_type=ATG;rbs_motif=AGGAG;rbs_spacer=5-10bp;gc_cont=0.561,94.5,516,273,1.26e-186,274,1,272,1,272,mobileOG_000557041,NA:Keyword,A0A0L0H3V7,transfer,NA,GPD,Keyword Search,NODE_5_length_299079_cov_43.271383_70, 65464 # 66285 # -1 , 65464,66285,-1 ,5_70,5,70,00,ATG,AGGAG,5-10bp,0.561,NODE_5_length_299079_cov_43.271383,mobileOG_000557041_NODE_5_length_299079_cov_43.271383
127,mobileOG_000190731|insE1|A0A243TDK5|integration/excision|NA|Multiple|Homology,NODE_5_length_299079_cov_43.271383_79 # 73045 # 73323 # 1 # ID=5_79;partial=00;start_type=ATG;rbs_motif=GGAG/GAGG;rbs_spacer=5-10bp;gc_cont=0.484,98.9,174,92,2.62e-57,93,1,92,1,92,mobileOG_000190731,insE1,A0A243TDK5,integration/excision,NA,Multiple,Homology,NODE_5_length_299079_cov_43.271383_79, 73045 # 73323 # 1 , 73045,73323,1 ,5_79,5,79,00,ATG,GGAG/GAGG,5-10bp,0.484,NODE_5_length_299079_cov_43.271383,mobileOG_000190731_NODE_5_length_299079_cov_43.271383
128,mobileOG_000120600|insE1|A0A1W6BAB6|integration/excision|NA|Multiple|Homology,NODE_5_length_299079_cov_43.271383_79 # 73045 # 73323 # 1 # ID=5_79;partial=00;start_type=ATG;rbs_motif=GGAG/GAGG;rbs_spacer=5-10bp;gc_cont=0.484,97.8,174,92,3.72e-57,93,1,92,1,92,mobileOG_000120600,insE1,A0A1W6BAB6,integration/excision,NA,Multiple,Homology,NODE_5_length_299079_cov_43.271383_79, 73045 # 73323 # 1 , 73045,73323,1 ,5_79,5,79,00,ATG,GGAG/GAGG,5-10bp,0.484,NODE_5_length_299079_cov_43.271383,mobileOG_000120600_NODE_5_length_299079_cov_43.271383
129,mobileOG_000066007|insE1|A0A243TDK5|integration/excision|NA|COMPASS|Homology,NODE_5_length_299079_cov_43.271383_79 # 73045 # 73323 # 1 # ID=5_79;partial=00;start_type=ATG;rbs_motif=GGAG/GAGG;rbs_spacer=5-10bp;gc_cont=0.484,97.8,172,92,1.07e-56,93,1,92,1,92,mobileOG_000066007,insE1,A0A243TDK5,integration/excision,NA,COMPASS,Homology,NODE_5_length_299079_cov_43.271383_79, 73045 # 73323 # 1 , 73045,73323,1 ,5_79,5,79,00,ATG,GGAG/GAGG,5-10bp,0.484,NODE_5_length_299079_cov_43.271383,mobileOG_000066007_NODE_5_length_299079_cov_43.271383
130,mobileOG_000152731|insE1|A0A243TDK5|integration/excision|NA|GPD|Homology,NODE_5_length_299079_cov_43.271383_79 # 73045 # 73323 # 1 # ID=5_79;partial=00;start_type=ATG;rbs_motif=GGAG/GAGG;rbs_spacer=5-10bp;gc_cont=0.484,97.8,172,92,1.07e-56,93,1,92,1,92,mobileOG_000152731,insE1,A0A243TDK5,integration/excision,NA,GPD,Homology,NODE_5_length_299079_cov_43.271383_79, 73045 # 73323 # 1 , 73045,73323,1 ,5_79,5,79,00,ATG,GGAG/GAGG,5-10bp,0.484,NODE_5_length_299079_cov_43.271383,mobileOG_000152731_NODE_5_length_299079_cov_43.271383
131,mobileOG_000052907|tnpI|A0A1S6XXT9|integration/excision|replication/recombination/repair|COMPASS|Homology,NODE_5_length_299079_cov_43.271383_79 # 73045 # 73323 # 1 # ID=5_79;partial=00;start_type=ATG;rbs_motif=GGAG/GAGG;rbs_spacer=5-10bp;gc_cont=0.484,96.7,172,92,2.16e-56,93,1,92,1,92,mobileOG_000052907,tnpI,A0A1S6XXT9,integration/excision,replication/recombination/repair,COMPASS,Homology,NODE_5_length_299079_cov_43.271383_79, 73045 # 73323 # 1 , 73045,73323,1 ,5_79,5,79,00,ATG,GGAG/GAGG,5-10bp,0.484,NODE_5_length_299079_cov_43.271383,mobileOG_000052907_NODE_5_length_299079_cov_43.271383
132,mobileOG_000043679|insE1|A0A370S0D8|integration/excision|NA|COMPASS|Homology,NODE_5_length_299079_cov_43.271383_79 # 73045 # 73323 # 1 # ID=5_79;partial=00;start_type=ATG;rbs_motif=GGAG/GAGG;rbs_spacer=5-10bp;gc_cont=0.484,96.7,171,92,3.06e-56,93,1,92,1,92,mobileOG_000043679,insE1,A0A370S0D8,integration/excision,NA,COMPASS,Homology,NODE_5_length_299079_cov_43.271383_79, 73045 # 73323 # 1 , 73045,73323,1 ,5_79,5,79,00,ATG,GGAG/GAGG,5-10bp,0.484,NODE_5_length_299079_cov_43.271383,mobileOG_000043679_NODE_5_length_299079_cov_43.271383
133,mobileOG_000054887|insE1|A0A2R4PI43|integration/excision|NA|COMPASS|Homology,NODE_5_length_299079_cov_43.271383_79 # 73045 # 73323 # 1 # ID=5_79;partial=00;start_type=ATG;rbs_motif=GGAG/GAGG;rbs_spacer=5-10bp;gc_cont=0.484,96.7,171,92,3.06e-56,93,1,92,1,92,mobileOG_000054887,insE1,A0A2R4PI43,integration/excision,NA,COMPASS,Homology,NODE_5_length_299079_cov_43.271383_79, 73045 # 73323 # 1 , 73045,73323,1 ,5_79,5,79,00,ATG,GGAG/GAGG,5-10bp,0.484,NODE_5_length_299079_cov_43.271383,mobileOG_000054887_NODE_5_length_299079_cov_43.271383
134,mobileOG_000068263|insE1|A0A2K9P867|integration/excision|NA|Multiple|Homology,NODE_5_length_299079_cov_43.271383_79 # 73045 # 73323 # 1 # ID=5_79;partial=00;start_type=ATG;rbs_motif=GGAG/GAGG;rbs_spacer=5-10bp;gc_cont=0.484,95.7,170,92,8.79e-56,93,1,92,1,92,mobileOG_000068263,insE1,A0A2K9P867,integration/excision,NA,Multiple,Homology,NODE_5_length_299079_cov_43.271383_79, 73045 # 73323 # 1 , 73045,73323,1 ,5_79,5,79,00,ATG,GGAG/GAGG,5-10bp,0.484,NODE_5_length_299079_cov_43.271383,mobileOG_000068263_NODE_5_length_299079_cov_43.271383
135,mobileOG_000162413|insE1|A0A0H3CR87|integration/excision|NA|Multiple|Homology,NODE_5_length_299079_cov_43.271383_79 # 73045 # 73323 # 1 # ID=5_79;partial=00;start_type=ATG;rbs_motif=GGAG/GAGG;rbs_spacer=5-10bp;gc_cont=0.484,95.7,169,92,1.77e-55,93,1,92,1,92,mobileOG_000162413,insE1,A0A0H3CR87,integration/excision,NA,Multiple,Homology,NODE_5_length_299079_cov_43.271383_79, 73045 # 73323 # 1 , 73045,73323,1 ,5_79,5,79,00,ATG,GGAG/GAGG,5-10bp,0.484,NODE_5_length_299079_cov_43.271383,mobileOG_000162413_NODE_5_length_299079_cov_43.271383
136,mobileOG_000043641|insE1|A0A2L1KJM5|integration/excision|NA|COMPASS|Homology,NODE_5_length_299079_cov_43.271383_79 # 73045 # 73323 # 1 # ID=5_79;partial=00;start_type=ATG;rbs_motif=GGAG/GAGG;rbs_spacer=5-10bp;gc_cont=0.484,95.7,169,92,1.77e-55,93,1,92,1,92,mobileOG_000043641,insE1,A0A2L1KJM5,integration/excision,NA,COMPASS,Homology,NODE_5_length_299079_cov_43.271383_79, 73045 # 73323 # 1 , 73045,73323,1 ,5_79,5,79,00,ATG,GGAG/GAGG,5-10bp,0.484,NODE_5_length_299079_cov_43.271383,mobileOG_000043641_NODE_5_length_299079_cov_43.271383
137,mobileOG_000046821|insE1|A0A085A813|integration/excision|NA|COMPASS|Homology,NODE_5_length_299079_cov_43.271383_79 # 73045 # 73323 # 1 # ID=5_79;partial=00;start_type=ATG;rbs_motif=GGAG/GAGG;rbs_spacer=5-10bp;gc_cont=0.484,95.7,169,92,1.77e-55,93,1,92,1,92,mobileOG_000046821,insE1,A0A085A813,integration/excision,NA,COMPASS,Homology,NODE_5_length_299079_cov_43.271383_79, 73045 # 73323 # 1 , 73045,73323,1 ,5_79,5,79,00,ATG,GGAG/GAGG,5-10bp,0.484,NODE_5_length_299079_cov_43.271383,mobileOG_000046821_NODE_5_length_299079_cov_43.271383
138,mobileOG_000047616|insE1|WP_016338378.1|integration/excision|NA|COMPASS|Homology,NODE_5_length_299079_cov_43.271383_79 # 73045 # 73323 # 1 # ID=5_79;partial=00;start_type=ATG;rbs_motif=GGAG/GAGG;rbs_spacer=5-10bp;gc_cont=0.484,94.6,169,92,2.52e-55,93,1,92,1,92,mobileOG_000047616,insE1,WP_016338378.1,integration/excision,NA,COMPASS,Homology,NODE_5_length_299079_cov_43.271383_79, 73045 # 73323 # 1 , 73045,73323,1 ,5_79,5,79,00,ATG,GGAG/GAGG,5-10bp,0.484,NODE_5_length_299079_cov_43.271383,mobileOG_000047616_NODE_5_length_299079_cov_43.271383
139,mobileOG_000003164|orfA|A8Y8E1|integration/excision|NA|COMPASS|Manual,NODE_5_length_299079_cov_43.271383_79 # 73045 # 73323 # 1 # ID=5_79;partial=00;start_type=ATG;rbs_motif=GGAG/GAGG;rbs_spacer=5-10bp;gc_cont=0.484,94.6,168,92,5.09e-55,93,1,92,1,92,mobileOG_000003164,orfA,A8Y8E1,integration/excision,NA,COMPASS,Manual,NODE_5_length_299079_cov_43.271383_79, 73045 # 73323 # 1 , 73045,73323,1 ,5_79,5,79,00,ATG,GGAG/GAGG,5-10bp,0.484,NODE_5_length_299079_cov_43.271383,mobileOG_000003164_NODE_5_length_299079_cov_43.271383
140,mobileOG_000039156|insE1|WP_000015547.1|integration/excision|NA|Multiple|Homology,NODE_5_length_299079_cov_43.271383_79 # 73045 # 73323 # 1 # ID=5_79;partial=00;start_type=ATG;rbs_motif=GGAG/GAGG;rbs_spacer=5-10bp;gc_cont=0.484,94.6,168,92,5.09e-55,93,1,92,1,92,mobileOG_000039156,insE1,WP_000015547.1,integration/excision,NA,Multiple,Homology,NODE_5_length_299079_cov_43.271383_79, 73045 # 73323 # 1 , 73045,73323,1 ,5_79,5,79,00,ATG,GGAG/GAGG,5-10bp,0.484,NODE_5_length_299079_cov_43.271383,mobileOG_000039156_NODE_5_length_299079_cov_43.271383
141,mobileOG_000055223|insE1|A0A0N8LWT5|integration/excision|NA|COMPASS|Homology,NODE_5_length_299079_cov_43.271383_79 # 73045 # 73323 # 1 # ID=5_79;partial=00;start_type=ATG;rbs_motif=GGAG/GAGG;rbs_spacer=5-10bp;gc_cont=0.484,94.6,168,92,5.09e-55,93,1,92,1,92,mobileOG_000055223,insE1,A0A0N8LWT5,integration/excision,NA,COMPASS,Homology,NODE_5_length_299079_cov_43.271383_79, 73045 # 73323 # 1 , 73045,73323,1 ,5_79,5,79,00,ATG,GGAG/GAGG,5-10bp,0.484,NODE_5_length_299079_cov_43.271383,mobileOG_000055223_NODE_5_length_299079_cov_43.271383
142,mobileOG_000066006|insF1|WP_113772117.1|integration/excision|NA|COMPASS|Homology,NODE_5_length_299079_cov_43.271383_80 # 73380 # 74192 # 1 # ID=5_80;partial=00;start_type=GTG;rbs_motif=None;rbs_spacer=None;gc_cont=0.515,98.9,556,270,1.40e-202,271,1,270,1,270,mobileOG_000066006,insF1,WP_113772117.1,integration/excision,NA,COMPASS,Homology,NODE_5_length_299079_cov_43.271383_80, 73380 # 74192 # 1 , 73380,74192,1 ,5_80,5,80,00,GTG,None,None,0.515,NODE_5_length_299079_cov_43.271383,mobileOG_000066006_NODE_5_length_299079_cov_43.271383
143,mobileOG_000054888|insF1|A0A1U9SSG5|integration/excision|NA|COMPASS|Homology,NODE_5_length_299079_cov_43.271383_80 # 73380 # 74192 # 1 # ID=5_80;partial=00;start_type=GTG;rbs_motif=None;rbs_spacer=None;gc_cont=0.515,97.8,552,270,3.30e-201,271,1,270,1,270,mobileOG_000054888,insF1,A0A1U9SSG5,integration/excision,NA,COMPASS,Homology,NODE_5_length_299079_cov_43.271383_80, 73380 # 74192 # 1 , 73380,74192,1 ,5_80,5,80,00,GTG,None,None,0.515,NODE_5_length_299079_cov_43.271383,mobileOG_000054888_NODE_5_length_299079_cov_43.271383
144,mobileOG_000138242|insF1|A0A1U9SSG5|integration/excision|NA|GPD|Homology,NODE_5_length_299079_cov_43.271383_80 # 73380 # 74192 # 1 # ID=5_80;partial=00;start_type=GTG;rbs_motif=None;rbs_spacer=None;gc_cont=0.515,97.4,550,270,1.91e-200,271,1,270,1,270,mobileOG_000138242,insF1,A0A1U9SSG5,integration/excision,NA,GPD,Homology,NODE_5_length_299079_cov_43.271383_80, 73380 # 74192 # 1 , 73380,74192,1 ,5_80,5,80,00,GTG,None,None,0.515,NODE_5_length_299079_cov_43.271383,mobileOG_000138242_NODE_5_length_299079_cov_43.271383
145,mobileOG_000314276|insF1|WP_113772117.1|integration/excision|NA|Plasmid RefSeq|Homology,NODE_5_length_299079_cov_43.271383_80 # 73380 # 74192 # 1 # ID=5_80;partial=00;start_type=GTG;rbs_motif=None;rbs_spacer=None;gc_cont=0.515,98.5,554,382,3.48e-200,271,113,382,1,270,mobileOG_000314276,insF1,WP_113772117.1,integration/excision,NA,Plasmid RefSeq,Homology,NODE_5_length_299079_cov_43.271383_80, 73380 # 74192 # 1 , 73380,74192,1 ,5_80,5,80,00,GTG,None,None,0.515,NODE_5_length_299079_cov_43.271383,mobileOG_000314276_NODE_5_length_299079_cov_43.271383
146,mobileOG_000343461|insF1|WP_145891850.1|integration/excision|NA|Plasmid RefSeq|Homology,NODE_5_length_299079_cov_43.271383_80 # 73380 # 74192 # 1 # ID=5_80;partial=00;start_type=GTG;rbs_motif=None;rbs_spacer=None;gc_cont=0.515,98.5,554,382,3.48e-200,271,113,382,1,270,mobileOG_000343461,insF1,WP_145891850.1,integration/excision,NA,Plasmid RefSeq,Homology,NODE_5_length_299079_cov_43.271383_80, 73380 # 74192 # 1 , 73380,74192,1 ,5_80,5,80,00,GTG,None,None,0.515,NODE_5_length_299079_cov_43.271383,mobileOG_000343461_NODE_5_length_299079_cov_43.271383
147,mobileOG_000318316|insF1|A0A5P2KRI4|integration/excision|NA|Plasmid RefSeq|Homology,NODE_5_length_299079_cov_43.271383_80 # 73380 # 74192 # 1 # ID=5_80;partial=00;start_type=GTG;rbs_motif=None;rbs_spacer=None;gc_cont=0.515,98.1,553,382,1.41e-199,271,113,382,1,270,mobileOG_000318316,insF1,A0A5P2KRI4,integration/excision,NA,Plasmid RefSeq,Homology,NODE_5_length_299079_cov_43.271383_80, 73380 # 74192 # 1 , 73380,74192,1 ,5_80,5,80,00,GTG,None,None,0.515,NODE_5_length_299079_cov_43.271383,mobileOG_000318316_NODE_5_length_299079_cov_43.271383
148,mobileOG_000311210|insF1|WP_094686393.1|integration/excision|NA|Plasmid RefSeq|Homology,NODE_5_length_299079_cov_43.271383_80 # 73380 # 74192 # 1 # ID=5_80;partial=00;start_type=GTG;rbs_motif=None;rbs_spacer=None;gc_cont=0.515,97.4,551,382,8.16e-199,271,113,382,1,270,mobileOG_000311210,insF1,WP_094686393.1,integration/excision,NA,Plasmid RefSeq,Homology,NODE_5_length_299079_cov_43.271383_80, 73380 # 74192 # 1 , 73380,74192,1 ,5_80,5,80,00,GTG,None,None,0.515,NODE_5_length_299079_cov_43.271383,mobileOG_000311210_NODE_5_length_299079_cov_43.271383
149,mobileOG_000287196|insF1|A0A5P2KRI4|integration/excision|NA|Plasmid RefSeq|Homology,NODE_5_length_299079_cov_43.271383_80 # 73380 # 74192 # 1 # ID=5_80;partial=00;start_type=GTG;rbs_motif=None;rbs_spacer=None;gc_cont=0.515,97.4,550,382,1.16e-198,271,113,382,1,270,mobileOG_000287196,insF1,A0A5P2KRI4,integration/excision,NA,Plasmid RefSeq,Homology,NODE_5_length_299079_cov_43.271383_80, 73380 # 74192 # 1 , 73380,74192,1 ,5_80,5,80,00,GTG,None,None,0.515,NODE_5_length_299079_cov_43.271383,mobileOG_000287196_NODE_5_length_299079_cov_43.271383
150,mobileOG_000075527|insF1|WP_000887804.1|integration/excision|NA|COMPASS|Homology,NODE_5_length_299079_cov_43.271383_80 # 73380 # 74192 # 1 # ID=5_80;partial=00;start_type=GTG;rbs_motif=None;rbs_spacer=None;gc_cont=0.515,95.2,539,270,5.03e-196,271,1,270,1,270,mobileOG_000075527,insF1,WP_000887804.1,integration/excision,NA,COMPASS,Homology,NODE_5_length_299079_cov_43.271383_80, 73380 # 74192 # 1 , 73380,74192,1 ,5_80,5,80,00,GTG,None,None,0.515,NODE_5_length_299079_cov_43.271383,mobileOG_000075527_NODE_5_length_299079_cov_43.271383
151,mobileOG_000049998|insF1|WP_000887799.1|integration/excision|NA|Multiple|Homology,NODE_5_length_299079_cov_43.271383_80 # 73380 # 74192 # 1 # ID=5_80;partial=00;start_type=GTG;rbs_motif=None;rbs_spacer=None;gc_cont=0.515,94.8,538,270,2.05e-195,271,1,270,1,270,mobileOG_000049998,insF1,WP_000887799.1,integration/excision,NA,Multiple,Homology,NODE_5_length_299079_cov_43.271383_80, 73380 # 74192 # 1 , 73380,74192,1 ,5_80,5,80,00,GTG,None,None,0.515,NODE_5_length_299079_cov_43.271383,mobileOG_000049998_NODE_5_length_299079_cov_43.271383
152,mobileOG_000317612|insF1|A0A4V2LT71|integration/excision|NA|Plasmid RefSeq|Homology,NODE_5_length_299079_cov_43.271383_80 # 73380 # 74192 # 1 # ID=5_80;partial=00;start_type=GTG;rbs_motif=None;rbs_spacer=None;gc_cont=0.515,95.2,541,382,3.69e-195,271,113,382,1,270,mobileOG_000317612,insF1,A0A4V2LT71,integration/excision,NA,Plasmid RefSeq,Homology,NODE_5_length_299079_cov_43.271383_80, 73380 # 74192 # 1 , 73380,74192,1 ,5_80,5,80,00,GTG,None,None,0.515,NODE_5_length_299079_cov_43.271383,mobileOG_000317612_NODE_5_length_299079_cov_43.271383
153,mobileOG_000001879|insF|A0A0B7G8D9|integration/excision|NA|COMPASS|Manual,NODE_5_length_299079_cov_43.271383_80 # 73380 # 74192 # 1 # ID=5_80;partial=00;start_type=GTG;rbs_motif=None;rbs_spacer=None;gc_cont=0.515,94.4,537,270,4.14e-195,271,1,270,1,270,mobileOG_000001879,insF,A0A0B7G8D9,integration/excision,NA,COMPASS,Manual,NODE_5_length_299079_cov_43.271383_80, 73380 # 74192 # 1 , 73380,74192,1 ,5_80,5,80,00,GTG,None,None,0.515,NODE_5_length_299079_cov_43.271383,mobileOG_000001879_NODE_5_length_299079_cov_43.271383
154,mobileOG_000004000|insF|A0A285B8E2|integration/excision|NA|COMPASS|Manual,NODE_5_length_299079_cov_43.271383_80 # 73380 # 74192 # 1 # ID=5_80;partial=00;start_type=GTG;rbs_motif=None;rbs_spacer=None;gc_cont=0.515,94.4,537,270,4.14e-195,271,1,270,1,270,mobileOG_000004000,insF,A0A285B8E2,integration/excision,NA,COMPASS,Manual,NODE_5_length_299079_cov_43.271383_80, 73380 # 74192 # 1 , 73380,74192,1 ,5_80,5,80,00,GTG,None,None,0.515,NODE_5_length_299079_cov_43.271383,mobileOG_000004000_NODE_5_length_299079_cov_43.271383
155,mobileOG_000073293|insF1|A0A0H3CMB7|integration/excision|NA|Multiple|Homology,NODE_5_length_299079_cov_43.271383_80 # 73380 # 74192 # 1 # ID=5_80;partial=00;start_type=GTG;rbs_motif=None;rbs_spacer=None;gc_cont=0.515,94.8,537,270,4.14e-195,271,1,270,1,270,mobileOG_000073293,insF1,A0A0H3CMB7,integration/excision,NA,Multiple,Homology,NODE_5_length_299079_cov_43.271383_80, 73380 # 74192 # 1 , 73380,74192,1 ,5_80,5,80,00,GTG,None,None,0.515,NODE_5_length_299079_cov_43.271383,mobileOG_000073293_NODE_5_length_299079_cov_43.271383
156,mobileOG_000068260|NA|A0A2P9DYI8|integration/excision|NA|Multiple|Homology,NODE_5_length_299079_cov_43.271383_80 # 73380 # 74192 # 1 # ID=5_80;partial=00;start_type=GTG;rbs_motif=None;rbs_spacer=None;gc_cont=0.515,94.1,536,270,5.88e-195,271,1,270,1,270,mobileOG_000068260,NA,A0A2P9DYI8,integration/excision,NA,Multiple,Homology,NODE_5_length_299079_cov_43.271383_80, 73380 # 74192 # 1 , 73380,74192,1 ,5_80,5,80,00,GTG,None,None,0.515,NODE_5_length_299079_cov_43.271383,mobileOG_000068260_NODE_5_length_299079_cov_43.271383
157,mobileOG_000073006|tISRso16a|A0A0K2P3Y2|integration/excision|NA|Multiple|Homology,NODE_5_length_299079_cov_43.271383_81 # 74208 # 74384 # -1 # ID=5_81;partial=00;start_type=ATG;rbs_motif=GGA/GAG/AGG;rbs_spacer=5-10bp;gc_cont=0.537,93.1,108,87,4.68e-32,59,1,58,1,58,mobileOG_000073006,tISRso16a,A0A0K2P3Y2,integration/excision,NA,Multiple,Homology,NODE_5_length_299079_cov_43.271383_81, 74208 # 74384 # -1 , 74208,74384,-1 ,5_81,5,81,00,ATG,GGA/GAG/AGG,5-10bp,0.537,NODE_5_length_299079_cov_43.271383,mobileOG_000073006_NODE_5_length_299079_cov_43.271383
158,mobileOG_000048972|tISRso16a|A0A5R1A7P7|integration/excision|NA|COMPASS|Homology,NODE_5_length_299079_cov_43.271383_81 # 74208 # 74384 # -1 # ID=5_81;partial=00;start_type=ATG;rbs_motif=GGA/GAG/AGG;rbs_spacer=5-10bp;gc_cont=0.537,91.4,108,87,6.64e-32,59,1,58,1,58,mobileOG_000048972,tISRso16a,A0A5R1A7P7,integration/excision,NA,COMPASS,Homology,NODE_5_length_299079_cov_43.271383_81, 74208 # 74384 # -1 , 74208,74384,-1 ,5_81,5,81,00,ATG,GGA/GAG/AGG,5-10bp,0.537,NODE_5_length_299079_cov_43.271383,mobileOG_000048972_NODE_5_length_299079_cov_43.271383
159,mobileOG_000242998|orfA|WP_088251124.1|integration/excision|NA|GPD|Homology,NODE_5_length_299079_cov_43.271383_81 # 74208 # 74384 # -1 # ID=5_81;partial=00;start_type=ATG;rbs_motif=GGA/GAG/AGG;rbs_spacer=5-10bp;gc_cont=0.537,91.4,107,60,1.29e-31,59,1,58,1,58,mobileOG_000242998,orfA,WP_088251124.1,integration/excision,NA,GPD,Homology,NODE_5_length_299079_cov_43.271383_81, 74208 # 74384 # -1 , 74208,74384,-1 ,5_81,5,81,00,ATG,GGA/GAG/AGG,5-10bp,0.537,NODE_5_length_299079_cov_43.271383,mobileOG_000242998_NODE_5_length_299079_cov_43.271383
160,mobileOG_000277189|tISRso16a|A0A4R2YI14|integration/excision|NA|ISFinder|Homology,NODE_5_length_299079_cov_43.271383_81 # 74208 # 74384 # -1 # ID=5_81;partial=00;start_type=ATG;rbs_motif=GGA/GAG/AGG;rbs_spacer=5-10bp;gc_cont=0.537,91.4,107,87,1.34e-31,59,1,58,1,58,mobileOG_000277189,tISRso16a,A0A4R2YI14,integration/excision,NA,ISFinder,Homology,NODE_5_length_299079_cov_43.271383_81, 74208 # 74384 # -1 , 74208,74384,-1 ,5_81,5,81,00,ATG,GGA/GAG/AGG,5-10bp,0.537,NODE_5_length_299079_cov_43.271383,mobileOG_000277189_NODE_5_length_299079_cov_43.271383
161,mobileOG_000362289|tISRso16a|EBT70338.1|integration/excision|NA|Plasmid RefSeq|Homology,NODE_5_length_299079_cov_43.271383_81 # 74208 # 74384 # -1 # ID=5_81;partial=00;start_type=ATG;rbs_motif=GGA/GAG/AGG;rbs_spacer=5-10bp;gc_cont=0.537,91.4,107,73,1.83e-31,59,1,58,1,58,mobileOG_000362289,tISRso16a,EBT70338.1,integration/excision,NA,Plasmid RefSeq,Homology,NODE_5_length_299079_cov_43.271383_81, 74208 # 74384 # -1 , 74208,74384,-1 ,5_81,5,81,00,ATG,GGA/GAG/AGG,5-10bp,0.537,NODE_5_length_299079_cov_43.271383,mobileOG_000362289_NODE_5_length_299079_cov_43.271383
162,mobileOG_000054630|tISRso16a|WP_123809116.1|integration/excision|NA|COMPASS|Homology,NODE_5_length_299079_cov_43.271383_81 # 74208 # 74384 # -1 # ID=5_81;partial=00;start_type=ATG;rbs_motif=GGA/GAG/AGG;rbs_spacer=5-10bp;gc_cont=0.537,91.4,107,87,1.90e-31,59,1,58,1,58,mobileOG_000054630,tISRso16a,WP_123809116.1,integration/excision,NA,COMPASS,Homology,NODE_5_length_299079_cov_43.271383_81, 74208 # 74384 # -1 , 74208,74384,-1 ,5_81,5,81,00,ATG,GGA/GAG/AGG,5-10bp,0.537,NODE_5_length_299079_cov_43.271383,mobileOG_000054630_NODE_5_length_299079_cov_43.271383
163,mobileOG_000054875|tISRso16a|A0A2L1KMJ1|integration/excision|NA|COMPASS|Homology,NODE_5_length_299079_cov_43.271383_81 # 74208 # 74384 # -1 # ID=5_81;partial=00;start_type=ATG;rbs_motif=GGA/GAG/AGG;rbs_spacer=5-10bp;gc_cont=0.537,91.4,107,87,1.90e-31,59,1,58,1,58,mobileOG_000054875,tISRso16a,A0A2L1KMJ1,integration/excision,NA,COMPASS,Homology,NODE_5_length_299079_cov_43.271383_81, 74208 # 74384 # -1 , 74208,74384,-1 ,5_81,5,81,00,ATG,GGA/GAG/AGG,5-10bp,0.537,NODE_5_length_299079_cov_43.271383,mobileOG_000054875_NODE_5_length_299079_cov_43.271383
164,mobileOG_000067053|tISRso16a|WP_110412022.1|integration/excision|NA|COMPASS|Homology,NODE_5_length_299079_cov_43.271383_81 # 74208 # 74384 # -1 # ID=5_81;partial=00;start_type=ATG;rbs_motif=GGA/GAG/AGG;rbs_spacer=5-10bp;gc_cont=0.537,93.0,107,87,1.90e-31,59,1,57,1,57,mobileOG_000067053,tISRso16a,WP_110412022.1,integration/excision,NA,COMPASS,Homology,NODE_5_length_299079_cov_43.271383_81, 74208 # 74384 # -1 , 74208,74384,-1 ,5_81,5,81,00,ATG,GGA/GAG/AGG,5-10bp,0.537,NODE_5_length_299079_cov_43.271383,mobileOG_000067053_NODE_5_length_299079_cov_43.271383
165,mobileOG_000159252|tISRso16a|A0A0K2P3Y2|integration/excision|NA|GPD|Homology,NODE_5_length_299079_cov_43.271383_81 # 74208 # 74384 # -1 # ID=5_81;partial=00;start_type=ATG;rbs_motif=GGA/GAG/AGG;rbs_spacer=5-10bp;gc_cont=0.537,91.4,107,87,1.90e-31,59,1,58,1,58,mobileOG_000159252,tISRso16a,A0A0K2P3Y2,integration/excision,NA,GPD,Homology,NODE_5_length_299079_cov_43.271383_81, 74208 # 74384 # -1 , 74208,74384,-1 ,5_81,5,81,00,ATG,GGA/GAG/AGG,5-10bp,0.537,NODE_5_length_299079_cov_43.271383,mobileOG_000159252_NODE_5_length_299079_cov_43.271383
166,mobileOG_000182117|tISRso16a|EBT70338.1|integration/excision|NA|GPD|Homology,NODE_5_length_299079_cov_43.271383_81 # 74208 # 74384 # -1 # ID=5_81;partial=00;start_type=ATG;rbs_motif=GGA/GAG/AGG;rbs_spacer=5-10bp;gc_cont=0.537,91.4,107,75,1.93e-31,59,1,58,1,58,mobileOG_000182117,tISRso16a,EBT70338.1,integration/excision,NA,GPD,Homology,NODE_5_length_299079_cov_43.271383_81, 74208 # 74384 # -1 , 74208,74384,-1 ,5_81,5,81,00,ATG,GGA/GAG/AGG,5-10bp,0.537,NODE_5_length_299079_cov_43.271383,mobileOG_000182117_NODE_5_length_299079_cov_43.271383
167,mobileOG_000059035|orfA|A0A243THJ0|integration/excision|NA|Multiple|Homology,NODE_5_length_299079_cov_43.271383_81 # 74208 # 74384 # -1 # ID=5_81;partial=00;start_type=ATG;rbs_motif=GGA/GAG/AGG;rbs_spacer=5-10bp;gc_cont=0.537,91.4,107,87,2.71e-31,59,1,58,1,58,mobileOG_000059035,orfA,A0A243THJ0,integration/excision,NA,Multiple,Homology,NODE_5_length_299079_cov_43.271383_81, 74208 # 74384 # -1 , 74208,74384,-1 ,5_81,5,81,00,ATG,GGA/GAG/AGG,5-10bp,0.537,NODE_5_length_299079_cov_43.271383,mobileOG_000059035_NODE_5_length_299079_cov_43.271383
168,mobileOG_000035668|tISRso16a|ECK03545.1|integration/excision|NA|Multiple|Homology,NODE_5_length_299079_cov_43.271383_81 # 74208 # 74384 # -1 # ID=5_81;partial=00;start_type=ATG;rbs_motif=GGA/GAG/AGG;rbs_spacer=5-10bp;gc_cont=0.537,91.4,107,87,2.71e-31,59,1,58,1,58,mobileOG_000035668,tISRso16a,ECK03545.1,integration/excision,NA,Multiple,Homology,NODE_5_length_299079_cov_43.271383_81, 74208 # 74384 # -1 , 74208,74384,-1 ,5_81,5,81,00,ATG,GGA/GAG/AGG,5-10bp,0.537,NODE_5_length_299079_cov_43.271383,mobileOG_000035668_NODE_5_length_299079_cov_43.271383
169,mobileOG_000061092|tISRso16a|ECK05510.1|integration/excision|NA|Multiple|Homology,NODE_5_length_299079_cov_43.271383_81 # 74208 # 74384 # -1 # ID=5_81;partial=00;start_type=ATG;rbs_motif=GGA/GAG/AGG;rbs_spacer=5-10bp;gc_cont=0.537,91.4,107,87,2.71e-31,59,1,58,1,58,mobileOG_000061092,tISRso16a,ECK05510.1,integration/excision,NA,Multiple,Homology,NODE_5_length_299079_cov_43.271383_81, 74208 # 74384 # -1 , 74208,74384,-1 ,5_81,5,81,00,ATG,GGA/GAG/AGG,5-10bp,0.537,NODE_5_length_299079_cov_43.271383,mobileOG_000061092_NODE_5_length_299079_cov_43.271383
170,mobileOG_000075426|tISRso16a|A0A0G3Q635|integration/excision|NA|COMPASS|Homology,NODE_5_length_299079_cov_43.271383_81 # 74208 # 74384 # -1 # ID=5_81;partial=00;start_type=ATG;rbs_motif=GGA/GAG/AGG;rbs_spacer=5-10bp;gc_cont=0.537,91.4,107,87,2.71e-31,59,1,58,1,58,mobileOG_000075426,tISRso16a,A0A0G3Q635,integration/excision,NA,COMPASS,Homology,NODE_5_length_299079_cov_43.271383_81, 74208 # 74384 # -1 , 74208,74384,-1 ,5_81,5,81,00,ATG,GGA/GAG/AGG,5-10bp,0.537,NODE_5_length_299079_cov_43.271383,mobileOG_000075426_NODE_5_length_299079_cov_43.271383
171,mobileOG_000068058|tISRso16a|A0A210UQN5|integration/excision|NA|COMPASS|Homology,NODE_5_length_299079_cov_43.271383_81 # 74208 # 74384 # -1 # ID=5_81;partial=00;start_type=ATG;rbs_motif=GGA/GAG/AGG;rbs_spacer=5-10bp;gc_cont=0.537,91.4,106,87,3.85e-31,59,1,58,1,58,mobileOG_000068058,tISRso16a,A0A210UQN5,integration/excision,NA,COMPASS,Homology,NODE_5_length_299079_cov_43.271383_81, 74208 # 74384 # -1 , 74208,74384,-1 ,5_81,5,81,00,ATG,GGA/GAG/AGG,5-10bp,0.537,NODE_5_length_299079_cov_43.271383,mobileOG_000068058_NODE_5_length_299079_cov_43.271383
172,mobileOG_000753910|NA:Keyword|WP_064352194.1|integration/excision|NA|Plasmid RefSeq|Keyword Search,NODE_5_length_299079_cov_43.271383_90 # 81445 # 82272 # -1 # ID=5_90;partial=00;start_type=GTG;rbs_motif=GGAGG;rbs_spacer=5-10bp;gc_cont=0.557,94.5,516,331,5.66e-186,276,57,331,1,275,mobileOG_000753910,NA:Keyword,WP_064352194.1,integration/excision,NA,Plasmid RefSeq,Keyword Search,NODE_5_length_299079_cov_43.271383_90, 81445 # 82272 # -1 , 81445,82272,-1 ,5_90,5,90,00,GTG,GGAGG,5-10bp,0.557,NODE_5_length_299079_cov_43.271383,mobileOG_000753910_NODE_5_length_299079_cov_43.271383
173,mobileOG_000753910|NA:Keyword|WP_064352194.1|integration/excision|NA|Plasmid RefSeq|Keyword Search,NODE_5_length_299079_cov_43.271383_91 # 82291 # 82440 # -1 # ID=5_91;partial=00;start_type=ATG;rbs_motif=AGGAG;rbs_spacer=5-10bp;gc_cont=0.513,100,104,331,6.33e-28,50,1,49,1,49,mobileOG_000753910,NA:Keyword,WP_064352194.1,integration/excision,NA,Plasmid RefSeq,Keyword Search,NODE_5_length_299079_cov_43.271383_91, 82291 # 82440 # -1 , 82291,82440,-1 ,5_91,5,91,00,ATG,AGGAG,5-10bp,0.513,NODE_5_length_299079_cov_43.271383,mobileOG_000753910_NODE_5_length_299079_cov_43.271383
174,mobileOG_000407867|NA:Keyword|WP_044042701.1|integration/excision|NA|COMPASS|Keyword Search,NODE_5_length_299079_cov_43.271383_91 # 82291 # 82440 # -1 # ID=5_91;partial=00;start_type=ATG;rbs_motif=AGGAG;rbs_spacer=5-10bp;gc_cont=0.513,93.9,99.8,285,1.73e-26,50,1,49,1,49,mobileOG_000407867,NA:Keyword,WP_044042701.1,integration/excision,NA,COMPASS,Keyword Search,NODE_5_length_299079_cov_43.271383_91, 82291 # 82440 # -1 , 82291,82440,-1 ,5_91,5,91,00,ATG,AGGAG,5-10bp,0.513,NODE_5_length_299079_cov_43.271383,mobileOG_000407867_NODE_5_length_299079_cov_43.271383
175,mobileOG_000296241|NA|WP_089517152.1|integration/excision|NA|Plasmid RefSeq|Homology,NODE_5_length_299079_cov_43.271383_98 # 87028 # 87513 # -1 # ID=5_98;partial=00;start_type=ATG;rbs_motif=GGA/GAG/AGG;rbs_spacer=5-10bp;gc_cont=0.514,100,347,373,2.14e-120,162,213,373,1,161,mobileOG_000296241,NA,WP_089517152.1,integration/excision,NA,Plasmid RefSeq,Homology,NODE_5_length_299079_cov_43.271383_98, 87028 # 87513 # -1 , 87028,87513,-1 ,5_98,5,98,00,ATG,GGA/GAG/AGG,5-10bp,0.514,NODE_5_length_299079_cov_43.271383,mobileOG_000296241_NODE_5_length_299079_cov_43.271383
176,mobileOG_000067055|NA|WP_110412022.1|integration/excision|NA|COMPASS|Homology,NODE_5_length_299079_cov_43.271383_98 # 87028 # 87513 # -1 # ID=5_98;partial=00;start_type=ATG;rbs_motif=GGA/GAG/AGG;rbs_spacer=5-10bp;gc_cont=0.514,93.8,322,274,4.15e-112,162,114,274,1,161,mobileOG_000067055,NA,WP_110412022.1,integration/excision,NA,COMPASS,Homology,NODE_5_length_299079_cov_43.271383_98, 87028 # 87513 # -1 , 87028,87513,-1 ,5_98,5,98,00,ATG,GGA/GAG/AGG,5-10bp,0.514,NODE_5_length_299079_cov_43.271383,mobileOG_000067055_NODE_5_length_299079_cov_43.271383
177,mobileOG_000059170|NA|F4VIR2|integration/excision|NA|COMPASS|Homology,NODE_5_length_299079_cov_43.271383_98 # 87028 # 87513 # -1 # ID=5_98;partial=00;start_type=ATG;rbs_motif=GGA/GAG/AGG;rbs_spacer=5-10bp;gc_cont=0.514,93.8,320,219,5.11e-112,162,59,219,1,161,mobileOG_000059170,NA,F4VIR2,integration/excision,NA,COMPASS,Homology,NODE_5_length_299079_cov_43.271383_98, 87028 # 87513 # -1 , 87028,87513,-1 ,5_98,5,98,00,ATG,GGA/GAG/AGG,5-10bp,0.514,NODE_5_length_299079_cov_43.271383,mobileOG_000059170_NODE_5_length_299079_cov_43.271383
178,mobileOG_000305620|NA|WP_089517042.1|integration/excision|NA|Plasmid RefSeq|Homology,NODE_5_length_299079_cov_43.271383_98 # 87028 # 87513 # -1 # ID=5_98;partial=00;start_type=ATG;rbs_motif=GGA/GAG/AGG;rbs_spacer=5-10bp;gc_cont=0.514,93.8,324,373,2.76e-111,162,213,373,1,161,mobileOG_000305620,NA,WP_089517042.1,integration/excision,NA,Plasmid RefSeq,Homology,NODE_5_length_299079_cov_43.271383_98, 87028 # 87513 # -1 , 87028,87513,-1 ,5_98,5,98,00,ATG,GGA/GAG/AGG,5-10bp,0.514,NODE_5_length_299079_cov_43.271383,mobileOG_000305620_NODE_5_length_299079_cov_43.271383
179,mobileOG_000053064|NA|A0A5F0JM72|integration/excision|NA|COMPASS|Homology,NODE_5_length_299079_cov_43.271383_98 # 87028 # 87513 # -1 # ID=5_98;partial=00;start_type=ATG;rbs_motif=GGA/GAG/AGG;rbs_spacer=5-10bp;gc_cont=0.514,91.9,320,274,4.83e-111,162,114,274,1,161,mobileOG_000053064,NA,A0A5F0JM72,integration/excision,NA,COMPASS,Homology,NODE_5_length_299079_cov_43.271383_98, 87028 # 87513 # -1 , 87028,87513,-1 ,5_98,5,98,00,ATG,GGA/GAG/AGG,5-10bp,0.514,NODE_5_length_299079_cov_43.271383,mobileOG_000053064_NODE_5_length_299079_cov_43.271383
180,mobileOG_000254298|NA|A0A4Q9ENS4|integration/excision|NA|GPD|Homology,NODE_5_length_299079_cov_43.271383_98 # 87028 # 87513 # -1 # ID=5_98;partial=00;start_type=ATG;rbs_motif=GGA/GAG/AGG;rbs_spacer=5-10bp;gc_cont=0.514,91.9,319,274,9.73e-111,162,114,274,1,161,mobileOG_000254298,NA,A0A4Q9ENS4,integration/excision,NA,GPD,Homology,NODE_5_length_299079_cov_43.271383_98, 87028 # 87513 # -1 , 87028,87513,-1 ,5_98,5,98,00,ATG,GGA/GAG/AGG,5-10bp,0.514,NODE_5_length_299079_cov_43.271383,mobileOG_000254298_NODE_5_length_299079_cov_43.271383
181,mobileOG_000313434|NA|WP_110412022.1|integration/excision|NA|Plasmid RefSeq|Homology,NODE_5_length_299079_cov_43.271383_98 # 87028 # 87513 # -1 # ID=5_98;partial=00;start_type=ATG;rbs_motif=GGA/GAG/AGG;rbs_spacer=5-10bp;gc_cont=0.514,93.8,322,373,1.12e-110,162,213,373,1,161,mobileOG_000313434,NA,WP_110412022.1,integration/excision,NA,Plasmid RefSeq,Homology,NODE_5_length_299079_cov_43.271383_98, 87028 # 87513 # -1 , 87028,87513,-1 ,5_98,5,98,00,ATG,GGA/GAG/AGG,5-10bp,0.514,NODE_5_length_299079_cov_43.271383,mobileOG_000313434_NODE_5_length_299079_cov_43.271383
182,mobileOG_000343453|NA|WP_145886803.1|integration/excision|NA|Plasmid RefSeq|Homology,NODE_5_length_299079_cov_43.271383_98 # 87028 # 87513 # -1 # ID=5_98;partial=00;start_type=ATG;rbs_motif=GGA/GAG/AGG;rbs_spacer=5-10bp;gc_cont=0.514,93.2,322,373,1.12e-110,162,213,373,1,161,mobileOG_000343453,NA,WP_145886803.1,integration/excision,NA,Plasmid RefSeq,Homology,NODE_5_length_299079_cov_43.271383_98, 87028 # 87513 # -1 , 87028,87513,-1 ,5_98,5,98,00,ATG,GGA/GAG/AGG,5-10bp,0.514,NODE_5_length_299079_cov_43.271383,mobileOG_000343453_NODE_5_length_299079_cov_43.271383
183,mobileOG_000320542|NA|WP_134822399.1|integration/excision|NA|Plasmid RefSeq|Homology,NODE_5_length_299079_cov_43.271383_98 # 87028 # 87513 # -1 # ID=5_98;partial=00;start_type=ATG;rbs_motif=GGA/GAG/AGG;rbs_spacer=5-10bp;gc_cont=0.514,93.8,322,373,1.58e-110,162,213,373,1,161,mobileOG_000320542,NA,WP_134822399.1,integration/excision,NA,Plasmid RefSeq,Homology,NODE_5_length_299079_cov_43.271383_98, 87028 # 87513 # -1 , 87028,87513,-1 ,5_98,5,98,00,ATG,GGA/GAG/AGG,5-10bp,0.514,NODE_5_length_299079_cov_43.271383,mobileOG_000320542_NODE_5_length_299079_cov_43.271383
184,mobileOG_000066004|NA|WP_113772116.1|integration/excision|NA|COMPASS|Homology,NODE_5_length_299079_cov_43.271383_98 # 87028 # 87513 # -1 # ID=5_98;partial=00;start_type=ATG;rbs_motif=GGA/GAG/AGG;rbs_spacer=5-10bp;gc_cont=0.514,93.2,318,274,1.96e-110,162,114,274,1,161,mobileOG_000066004,NA,WP_113772116.1,integration/excision,NA,COMPASS,Homology,NODE_5_length_299079_cov_43.271383_98, 87028 # 87513 # -1 , 87028,87513,-1 ,5_98,5,98,00,ATG,GGA/GAG/AGG,5-10bp,0.514,NODE_5_length_299079_cov_43.271383,mobileOG_000066004_NODE_5_length_299079_cov_43.271383
185,mobileOG_000054874|NA|A0A2L1KMJ4|integration/excision|NA|COMPASS|Homology,NODE_5_length_299079_cov_43.271383_98 # 87028 # 87513 # -1 # ID=5_98;partial=00;start_type=ATG;rbs_motif=GGA/GAG/AGG;rbs_spacer=5-10bp;gc_cont=0.514,93.2,318,274,2.78e-110,162,114,274,1,161,mobileOG_000054874,NA,A0A2L1KMJ4,integration/excision,NA,COMPASS,Homology,NODE_5_length_299079_cov_43.271383_98, 87028 # 87513 # -1 , 87028,87513,-1 ,5_98,5,98,00,ATG,GGA/GAG/AGG,5-10bp,0.514,NODE_5_length_299079_cov_43.271383,mobileOG_000054874_NODE_5_length_299079_cov_43.271383
186,mobileOG_000162710|NA|A0A1J7Z0S6|integration/excision|NA|GPD|Homology,NODE_5_length_299079_cov_43.271383_98 # 87028 # 87513 # -1 # ID=5_98;partial=00;start_type=ATG;rbs_motif=GGA/GAG/AGG;rbs_spacer=5-10bp;gc_cont=0.514,91.9,318,274,2.78e-110,162,114,274,1,161,mobileOG_000162710,NA,A0A1J7Z0S6,integration/excision,NA,GPD,Homology,NODE_5_length_299079_cov_43.271383_98, 87028 # 87513 # -1 , 87028,87513,-1 ,5_98,5,98,00,ATG,GGA/GAG/AGG,5-10bp,0.514,NODE_5_length_299079_cov_43.271383,mobileOG_000162710_NODE_5_length_299079_cov_43.271383
187,mobileOG_000047348|NA|WP_015062968.1|integration/excision|NA|COMPASS|Homology,NODE_5_length_299079_cov_43.271383_98 # 87028 # 87513 # -1 # ID=5_98;partial=00;start_type=ATG;rbs_motif=GGA/GAG/AGG;rbs_spacer=5-10bp;gc_cont=0.514,91.3,317,274,7.96e-110,162,114,274,1,161,mobileOG_000047348,NA,WP_015062968.1,integration/excision,NA,COMPASS,Homology,NODE_5_length_299079_cov_43.271383_98, 87028 # 87513 # -1 , 87028,87513,-1 ,5_98,5,98,00,ATG,GGA/GAG/AGG,5-10bp,0.514,NODE_5_length_299079_cov_43.271383,mobileOG_000047348_NODE_5_length_299079_cov_43.271383
188,mobileOG_000068451|NA|WP_117093564.1|integration/excision|NA|COMPASS|Homology,NODE_5_length_299079_cov_43.271383_98 # 87028 # 87513 # -1 # ID=5_98;partial=00;start_type=ATG;rbs_motif=GGA/GAG/AGG;rbs_spacer=5-10bp;gc_cont=0.514,91.3,317,274,7.96e-110,162,114,274,1,161,mobileOG_000068451,NA,WP_117093564.1,integration/excision,NA,COMPASS,Homology,NODE_5_length_299079_cov_43.271383_98, 87028 # 87513 # -1 , 87028,87513,-1 ,5_98,5,98,00,ATG,GGA/GAG/AGG,5-10bp,0.514,NODE_5_length_299079_cov_43.271383,mobileOG_000068451_NODE_5_length_299079_cov_43.271383
189,mobileOG_000127948|NA|WP_085956072.1|integration/excision|NA|GPD|Homology,NODE_5_length_299079_cov_43.271383_98 # 87028 # 87513 # -1 # ID=5_98;partial=00;start_type=ATG;rbs_motif=GGA/GAG/AGG;rbs_spacer=5-10bp;gc_cont=0.514,91.3,317,274,7.96e-110,162,114,274,1,161,mobileOG_000127948,NA,WP_085956072.1,integration/excision,NA,GPD,Homology,NODE_5_length_299079_cov_43.271383_98, 87028 # 87513 # -1 , 87028,87513,-1 ,5_98,5,98,00,ATG,GGA/GAG/AGG,5-10bp,0.514,NODE_5_length_299079_cov_43.271383,mobileOG_000127948_NODE_5_length_299079_cov_43.271383
190,mobileOG_000054630|tISRso16a|WP_123809116.1|integration/excision|NA|COMPASS|Homology,NODE_5_length_299079_cov_43.271383_100 # 89159 # 89422 # -1 # ID=5_100;partial=00;start_type=ATG;rbs_motif=GGAG/GAGG;rbs_spacer=5-10bp;gc_cont=0.553,100,166,87,4.16e-54,88,1,87,1,87,mobileOG_000054630,tISRso16a,WP_123809116.1,integration/excision,NA,COMPASS,Homology,NODE_5_length_299079_cov_43.271383_100, 89159 # 89422 # -1 , 89159,89422,-1 ,5_100,5,100,00,ATG,GGAG/GAGG,5-10bp,0.553,NODE_5_length_299079_cov_43.271383,mobileOG_000054630_NODE_5_length_299079_cov_43.271383
191,mobileOG_000066005|tISRso16a|WP_113772116.1|integration/excision|NA|COMPASS|Homology,NODE_5_length_299079_cov_43.271383_100 # 89159 # 89422 # -1 # ID=5_100;partial=00;start_type=ATG;rbs_motif=GGAG/GAGG;rbs_spacer=5-10bp;gc_cont=0.553,98.9,164,87,1.19e-53,88,1,87,1,87,mobileOG_000066005,tISRso16a,WP_113772116.1,integration/excision,NA,COMPASS,Homology,NODE_5_length_299079_cov_43.271383_100, 89159 # 89422 # -1 , 89159,89422,-1 ,5_100,5,100,00,ATG,GGAG/GAGG,5-10bp,0.553,NODE_5_length_299079_cov_43.271383,mobileOG_000066005_NODE_5_length_299079_cov_43.271383
192,mobileOG_000073006|tISRso16a|A0A0K2P3Y2|integration/excision|NA|Multiple|Homology,NODE_5_length_299079_cov_43.271383_100 # 89159 # 89422 # -1 # ID=5_100;partial=00;start_type=ATG;rbs_motif=GGAG/GAGG;rbs_spacer=5-10bp;gc_cont=0.553,97.7,163,87,3.42e-53,88,1,87,1,87,mobileOG_000073006,tISRso16a,A0A0K2P3Y2,integration/excision,NA,Multiple,Homology,NODE_5_length_299079_cov_43.271383_100, 89159 # 89422 # -1 , 89159,89422,-1 ,5_100,5,100,00,ATG,GGAG/GAGG,5-10bp,0.553,NODE_5_length_299079_cov_43.271383,mobileOG_000073006_NODE_5_length_299079_cov_43.271383
193,mobileOG_000048972|tISRso16a|A0A5R1A7P7|integration/excision|NA|COMPASS|Homology,NODE_5_length_299079_cov_43.271383_100 # 89159 # 89422 # -1 # ID=5_100;partial=00;start_type=ATG;rbs_motif=GGAG/GAGG;rbs_spacer=5-10bp;gc_cont=0.553,96.6,163,87,4.86e-53,88,1,87,1,87,mobileOG_000048972,tISRso16a,A0A5R1A7P7,integration/excision,NA,COMPASS,Homology,NODE_5_length_299079_cov_43.271383_100, 89159 # 89422 # -1 , 89159,89422,-1 ,5_100,5,100,00,ATG,GGAG/GAGG,5-10bp,0.553,NODE_5_length_299079_cov_43.271383,mobileOG_000048972_NODE_5_length_299079_cov_43.271383
194,mobileOG_000275328|tISRso16a|Q9AMM2|integration/excision|NA|ISFinder|Homology,NODE_5_length_299079_cov_43.271383_100 # 89159 # 89422 # -1 # ID=5_100;partial=00;start_type=ATG;rbs_motif=GGAG/GAGG;rbs_spacer=5-10bp;gc_cont=0.553,98.9,163,87,4.86e-53,88,1,87,1,87,mobileOG_000275328,tISRso16a,Q9AMM2,integration/excision,NA,ISFinder,Homology,NODE_5_length_299079_cov_43.271383_100, 89159 # 89422 # -1 , 89159,89422,-1 ,5_100,5,100,00,ATG,GGAG/GAGG,5-10bp,0.553,NODE_5_length_299079_cov_43.271383,mobileOG_000275328_NODE_5_length_299079_cov_43.271383
195,mobileOG_000277189|tISRso16a|A0A4R2YI14|integration/excision|NA|ISFinder|Homology,NODE_5_length_299079_cov_43.271383_100 # 89159 # 89422 # -1 # ID=5_100;partial=00;start_type=ATG;rbs_motif=GGAG/GAGG;rbs_spacer=5-10bp;gc_cont=0.553,96.6,162,87,9.82e-53,88,1,87,1,87,mobileOG_000277189,tISRso16a,A0A4R2YI14,integration/excision,NA,ISFinder,Homology,NODE_5_length_299079_cov_43.271383_100, 89159 # 89422 # -1 , 89159,89422,-1 ,5_100,5,100,00,ATG,GGAG/GAGG,5-10bp,0.553,NODE_5_length_299079_cov_43.271383,mobileOG_000277189_NODE_5_length_299079_cov_43.271383
196,mobileOG_000159252|tISRso16a|A0A0K2P3Y2|integration/excision|NA|GPD|Homology,NODE_5_length_299079_cov_43.271383_100 # 89159 # 89422 # -1 # ID=5_100;partial=00;start_type=ATG;rbs_motif=GGAG/GAGG;rbs_spacer=5-10bp;gc_cont=0.553,96.6,162,87,1.40e-52,88,1,87,1,87,mobileOG_000159252,tISRso16a,A0A0K2P3Y2,integration/excision,NA,GPD,Homology,NODE_5_length_299079_cov_43.271383_100, 89159 # 89422 # -1 , 89159,89422,-1 ,5_100,5,100,00,ATG,GGAG/GAGG,5-10bp,0.553,NODE_5_length_299079_cov_43.271383,mobileOG_000159252_NODE_5_length_299079_cov_43.271383
197,mobileOG_000059035|orfA|A0A243THJ0|integration/excision|NA|Multiple|Homology,NODE_5_length_299079_cov_43.271383_100 # 89159 # 89422 # -1 # ID=5_100;partial=00;start_type=ATG;rbs_motif=GGAG/GAGG;rbs_spacer=5-10bp;gc_cont=0.553,96.6,161,87,1.98e-52,88,1,87,1,87,mobileOG_000059035,orfA,A0A243THJ0,integration/excision,NA,Multiple,Homology,NODE_5_length_299079_cov_43.271383_100, 89159 # 89422 # -1 , 89159,89422,-1 ,5_100,5,100,00,ATG,GGAG/GAGG,5-10bp,0.553,NODE_5_length_299079_cov_43.271383,mobileOG_000059035_NODE_5_length_299079_cov_43.271383
198,mobileOG_000061092|tISRso16a|ECK05510.1|integration/excision|NA|Multiple|Homology,NODE_5_length_299079_cov_43.271383_100 # 89159 # 89422 # -1 # ID=5_100;partial=00;start_type=ATG;rbs_motif=GGAG/GAGG;rbs_spacer=5-10bp;gc_cont=0.553,96.6,161,87,1.98e-52,88,1,87,1,87,mobileOG_000061092,tISRso16a,ECK05510.1,integration/excision,NA,Multiple,Homology,NODE_5_length_299079_cov_43.271383_100, 89159 # 89422 # -1 , 89159,89422,-1 ,5_100,5,100,00,ATG,GGAG/GAGG,5-10bp,0.553,NODE_5_length_299079_cov_43.271383,mobileOG_000061092_NODE_5_length_299079_cov_43.271383
199,mobileOG_000053065|tISRso16a|A0A1S6XY52|integration/excision|NA|COMPASS|Homology,NODE_5_length_299079_cov_43.271383_100 # 89159 # 89422 # -1 # ID=5_100;partial=00;start_type=ATG;rbs_motif=GGAG/GAGG;rbs_spacer=5-10bp;gc_cont=0.553,96.6,161,87,2.82e-52,88,1,87,1,87,mobileOG_000053065,tISRso16a,A0A1S6XY52,integration/excision,NA,COMPASS,Homology,NODE_5_length_299079_cov_43.271383_100, 89159 # 89422 # -1 , 89159,89422,-1 ,5_100,5,100,00,ATG,GGAG/GAGG,5-10bp,0.553,NODE_5_length_299079_cov_43.271383,mobileOG_000053065_NODE_5_length_299079_cov_43.271383
200,mobileOG_000068058|tISRso16a|A0A210UQN5|integration/excision|NA|COMPASS|Homology,NODE_5_length_299079_cov_43.271383_100 # 89159 # 89422 # -1 # ID=5_100;partial=00;start_type=ATG;rbs_motif=GGAG/GAGG;rbs_spacer=5-10bp;gc_cont=0.553,96.6,161,87,2.82e-52,88,1,87,1,87,mobileOG_000068058,tISRso16a,A0A210UQN5,integration/excision,NA,COMPASS,Homology,NODE_5_length_299079_cov_43.271383_100, 89159 # 89422 # -1 , 89159,89422,-1 ,5_100,5,100,00,ATG,GGAG/GAGG,5-10bp,0.553,NODE_5_length_299079_cov_43.271383,mobileOG_000068058_NODE_5_length_299079_cov_43.271383
201,mobileOG_000050002|tISRso16a|A0A0W2DLC8|integration/excision|NA|COMPASS|Homology,NODE_5_length_299079_cov_43.271383_100 # 89159 # 89422 # -1 # ID=5_100;partial=00;start_type=ATG;rbs_motif=GGAG/GAGG;rbs_spacer=5-10bp;gc_cont=0.553,96.6,160,87,4.00e-52,88,1,87,1,87,mobileOG_000050002,tISRso16a,A0A0W2DLC8,integration/excision,NA,COMPASS,Homology,NODE_5_length_299079_cov_43.271383_100, 89159 # 89422 # -1 , 89159,89422,-1 ,5_100,5,100,00,ATG,GGAG/GAGG,5-10bp,0.553,NODE_5_length_299079_cov_43.271383,mobileOG_000050002_NODE_5_length_299079_cov_43.271383
202,mobileOG_000042149|tISRso16a|WP_013263786.1|integration/excision|NA|COMPASS|Homology,NODE_5_length_299079_cov_43.271383_100 # 89159 # 89422 # -1 # ID=5_100;partial=00;start_type=ATG;rbs_motif=GGAG/GAGG;rbs_spacer=5-10bp;gc_cont=0.553,95.4,160,87,5.69e-52,88,1,87,1,87,mobileOG_000042149,tISRso16a,WP_013263786.1,integration/excision,NA,COMPASS,Homology,NODE_5_length_299079_cov_43.271383_100, 89159 # 89422 # -1 , 89159,89422,-1 ,5_100,5,100,00,ATG,GGAG/GAGG,5-10bp,0.553,NODE_5_length_299079_cov_43.271383,mobileOG_000042149_NODE_5_length_299079_cov_43.271383
203,mobileOG_000054875|tISRso16a|A0A2L1KMJ1|integration/excision|NA|COMPASS|Homology,NODE_5_length_299079_cov_43.271383_100 # 89159 # 89422 # -1 # ID=5_100;partial=00;start_type=ATG;rbs_motif=GGAG/GAGG;rbs_spacer=5-10bp;gc_cont=0.553,95.4,160,87,5.69e-52,88,1,87,1,87,mobileOG_000054875,tISRso16a,A0A2L1KMJ1,integration/excision,NA,COMPASS,Homology,NODE_5_length_299079_cov_43.271383_100, 89159 # 89422 # -1 , 89159,89422,-1 ,5_100,5,100,00,ATG,GGAG/GAGG,5-10bp,0.553,NODE_5_length_299079_cov_43.271383,mobileOG_000054875_NODE_5_length_299079_cov_43.271383
204,mobileOG_000035668|tISRso16a|ECK03545.1|integration/excision|NA|Multiple|Homology,NODE_5_length_299079_cov_43.271383_100 # 89159 # 89422 # -1 # ID=5_100;partial=00;start_type=ATG;rbs_motif=GGAG/GAGG;rbs_spacer=5-10bp;gc_cont=0.553,95.4,160,87,8.08e-52,88,1,87,1,87,mobileOG_000035668,tISRso16a,ECK03545.1,integration/excision,NA,Multiple,Homology,NODE_5_length_299079_cov_43.271383_100, 89159 # 89422 # -1 , 89159,89422,-1 ,5_100,5,100,00,ATG,GGAG/GAGG,5-10bp,0.553,NODE_5_length_299079_cov_43.271383,mobileOG_000035668_NODE_5_length_299079_cov_43.271383
205,mobileOG_000200853|intA_3|L2UTQ3|integration/excision|NA|GPD|Homology,NODE_5_length_299079_cov_43.271383_109 # 96674 # 97915 # -1 # ID=5_109;partial=00;start_type=ATG;rbs_motif=GGAG/GAGG;rbs_spacer=5-10bp;gc_cont=0.482,96.4,786,413,9.54e-289,414,1,413,1,413,mobileOG_000200853,intA_3,L2UTQ3,integration/excision,NA,GPD,Homology,NODE_5_length_299079_cov_43.271383_109, 96674 # 97915 # -1 , 96674,97915,-1 ,5_109,5,109,00,ATG,GGAG/GAGG,5-10bp,0.482,NODE_5_length_299079_cov_43.271383,mobileOG_000200853_NODE_5_length_299079_cov_43.271383
206,mobileOG_000229506|intA_3|L2UTQ3|integration/excision|NA|GPD|Homology,NODE_5_length_299079_cov_43.271383_109 # 96674 # 97915 # -1 # ID=5_109;partial=00;start_type=ATG;rbs_motif=GGAG/GAGG;rbs_spacer=5-10bp;gc_cont=0.482,96.1,784,413,3.88e-288,414,1,413,1,413,mobileOG_000229506,intA_3,L2UTQ3,integration/excision,NA,GPD,Homology,NODE_5_length_299079_cov_43.271383_109, 96674 # 97915 # -1 , 96674,97915,-1 ,5_109,5,109,00,ATG,GGAG/GAGG,5-10bp,0.482,NODE_5_length_299079_cov_43.271383,mobileOG_000229506_NODE_5_length_299079_cov_43.271383
207,mobileOG_000242728|intA_3|A0A421IAM3|integration/excision|NA|GPD|Homology,NODE_5_length_299079_cov_43.271383_109 # 96674 # 97915 # -1 # ID=5_109;partial=00;start_type=ATG;rbs_motif=GGAG/GAGG;rbs_spacer=5-10bp;gc_cont=0.482,95.2,778,413,1.06e-285,414,1,413,1,413,mobileOG_000242728,intA_3,A0A421IAM3,integration/excision,NA,GPD,Homology,NODE_5_length_299079_cov_43.271383_109, 96674 # 97915 # -1 , 96674,97915,-1 ,5_109,5,109,00,ATG,GGAG/GAGG,5-10bp,0.482,NODE_5_length_299079_cov_43.271383,mobileOG_000242728_NODE_5_length_299079_cov_43.271383
208,mobileOG_000295851|intA_3|A0A330EQ68|integration/excision|NA|Plasmid RefSeq|Homology,NODE_5_length_299079_cov_43.271383_109 # 96674 # 97915 # -1 # ID=5_109;partial=00;start_type=ATG;rbs_motif=GGAG/GAGG;rbs_spacer=5-10bp;gc_cont=0.482,94.7,776,420,1.14e-284,414,1,413,1,413,mobileOG_000295851,intA_3,A0A330EQ68,integration/excision,NA,Plasmid RefSeq,Homology,NODE_5_length_299079_cov_43.271383_109, 96674 # 97915 # -1 , 96674,97915,-1 ,5_109,5,109,00,ATG,GGAG/GAGG,5-10bp,0.482,NODE_5_length_299079_cov_43.271383,mobileOG_000295851_NODE_5_length_299079_cov_43.271383
209,mobileOG_000203282|intA_3|A0A1Q4NXD7|integration/excision|NA|GPD|Homology,NODE_5_length_299079_cov_43.271383_109 # 96674 # 97915 # -1 # ID=5_109;partial=00;start_type=ATG;rbs_motif=GGAG/GAGG;rbs_spacer=5-10bp;gc_cont=0.482,94.4,775,413,2.51e-284,414,1,413,1,413,mobileOG_000203282,intA_3,A0A1Q4NXD7,integration/excision,NA,GPD,Homology,NODE_5_length_299079_cov_43.271383_109, 96674 # 97915 # -1 , 96674,97915,-1 ,5_109,5,109,00,ATG,GGAG/GAGG,5-10bp,0.482,NODE_5_length_299079_cov_43.271383,mobileOG_000203282_NODE_5_length_299079_cov_43.271383
210,mobileOG_000262105|intA_3|D7Y3Q2|integration/excision|NA|GPD|Homology,NODE_5_length_299079_cov_43.271383_109 # 96674 # 97915 # -1 # ID=5_109;partial=00;start_type=ATG;rbs_motif=GGAG/GAGG;rbs_spacer=5-10bp;gc_cont=0.482,94.9,773,413,7.18e-284,414,1,413,1,413,mobileOG_000262105,intA_3,D7Y3Q2,integration/excision,NA,GPD,Homology,NODE_5_length_299079_cov_43.271383_109, 96674 # 97915 # -1 , 96674,97915,-1 ,5_109,5,109,00,ATG,GGAG/GAGG,5-10bp,0.482,NODE_5_length_299079_cov_43.271383,mobileOG_000262105_NODE_5_length_299079_cov_43.271383
211,mobileOG_000011533|intA|A0A080HJX7|integration/excision|NA|GPD|Manual,NODE_5_length_299079_cov_43.271383_109 # 96674 # 97915 # -1 # ID=5_109;partial=00;start_type=ATG;rbs_motif=GGAG/GAGG;rbs_spacer=5-10bp;gc_cont=0.482,94.7,772,413,2.92e-283,414,1,413,1,413,mobileOG_000011533,intA,A0A080HJX7,integration/excision,NA,GPD,Manual,NODE_5_length_299079_cov_43.271383_109, 96674 # 97915 # -1 , 96674,97915,-1 ,5_109,5,109,00,ATG,GGAG/GAGG,5-10bp,0.482,NODE_5_length_299079_cov_43.271383,mobileOG_000011533_NODE_5_length_299079_cov_43.271383
212,mobileOG_000148791|intA_3|A0A0W6TUZ9|integration/excision|NA|GPD|Homology,NODE_5_length_299079_cov_43.271383_109 # 96674 # 97915 # -1 # ID=5_109;partial=00;start_type=ATG;rbs_motif=GGAG/GAGG;rbs_spacer=5-10bp;gc_cont=0.482,93.9,768,413,6.87e-282,414,1,411,1,411,mobileOG_000148791,intA_3,A0A0W6TUZ9,integration/excision,NA,GPD,Homology,NODE_5_length_299079_cov_43.271383_109, 96674 # 97915 # -1 , 96674,97915,-1 ,5_109,5,109,00,ATG,GGAG/GAGG,5-10bp,0.482,NODE_5_length_299079_cov_43.271383,mobileOG_000148791_NODE_5_length_299079_cov_43.271383
213,mobileOG_000337297|ratA|WP_086580341.1|stability/transfer/defense|NA|Plasmid RefSeq|Homology,NODE_5_length_299079_cov_43.271383_111 # 99176 # 99610 # 1 # ID=5_111;partial=00;start_type=ATG;rbs_motif=AGGA;rbs_spacer=5-10bp;gc_cont=0.568,99.3,285,162,1.85e-99,145,19,162,1,144,mobileOG_000337297,ratA,WP_086580341.1,stability/transfer/defense,NA,Plasmid RefSeq,Homology,NODE_5_length_299079_cov_43.271383_111, 99176 # 99610 # 1 , 99176,99610,1 ,5_111,5,111,00,ATG,AGGA,5-10bp,0.568,NODE_5_length_299079_cov_43.271383,mobileOG_000337297_NODE_5_length_299079_cov_43.271383
214,mobileOG_000328446|recN|WP_033654310.1|replication/recombination/repair|NA|Plasmid RefSeq|Homology,NODE_5_length_299079_cov_43.271383_114 # 100583 # 102244 # -1 # ID=5_114;partial=00;start_type=ATG;rbs_motif=AGGA;rbs_spacer=5-10bp;gc_cont=0.650,99.6,1043,553,0.0,554,1,553,1,553,mobileOG_000328446,recN,WP_033654310.1,replication/recombination/repair,NA,Plasmid RefSeq,Homology,NODE_5_length_299079_cov_43.271383_114, 100583 # 102244 # -1 , 100583,102244,-1 ,5_114,5,114,00,ATG,AGGA,5-10bp,0.650,NODE_5_length_299079_cov_43.271383,mobileOG_000328446_NODE_5_length_299079_cov_43.271383
215,mobileOG_000368553|ung|WP_033635636.1|replication/recombination/repair|NA|Plasmid RefSeq|Homology,NODE_5_length_299079_cov_43.271383_117 # 103975 # 104658 # -1 # ID=5_117;partial=00;start_type=ATG;rbs_motif=AGGAG;rbs_spacer=5-10bp;gc_cont=0.629,100,478,227,4.49e-173,228,1,227,1,227,mobileOG_000368553,ung,WP_033635636.1,replication/recombination/repair,NA,Plasmid RefSeq,Homology,NODE_5_length_299079_cov_43.271383_117, 103975 # 104658 # -1 , 103975,104658,-1 ,5_117,5,117,00,ATG,AGGAG,5-10bp,0.629,NODE_5_length_299079_cov_43.271383,mobileOG_000368553_NODE_5_length_299079_cov_43.271383
216,mobileOG_000368501|recO|WP_004929165.1|replication/recombination/repair|NA|Multiple|Homology,NODE_5_length_299079_cov_43.271383_133 # 120071 # 120802 # 1 # ID=5_133;partial=00;start_type=GTG;rbs_motif=None;rbs_spacer=None;gc_cont=0.637,100,486,243,6.84e-176,244,1,243,1,243,mobileOG_000368501,recO,WP_004929165.1,replication/recombination/repair,NA,Multiple,Homology,NODE_5_length_299079_cov_43.271383_133, 120071 # 120802 # 1 , 120071,120802,1 ,5_133,5,133,00,GTG,None,None,0.637,NODE_5_length_299079_cov_43.271383,mobileOG_000368501_NODE_5_length_299079_cov_43.271383
217,"mobileOG_000329166|dnaK|WP_101455550.1|phage|infection,regulation|Plasmid RefSeq|Homology",NODE_5_length_299079_cov_43.271383_174 # 164129 # 165979 # 1 # ID=5_174;partial=00;start_type=ATG;rbs_motif=GGA/GAG/AGG;rbs_spacer=5-10bp;gc_cont=0.672,99.4,1140,616,0.0,617,1,616,1,616,mobileOG_000329166,dnaK,WP_101455550.1,phage,"infection,regulation",Plasmid RefSeq,Homology,NODE_5_length_299079_cov_43.271383_174, 164129 # 165979 # 1 , 164129,165979,1 ,5_174,5,174,00,ATG,GGA/GAG/AGG,5-10bp,0.672,NODE_5_length_299079_cov_43.271383,mobileOG_000329166_NODE_5_length_299079_cov_43.271383
218,mobileOG_000328285|xseA|WP_031299944.1|replication/recombination/repair|NA|Plasmid RefSeq|Homology,NODE_5_length_299079_cov_43.271383_195 # 186575 # 187981 # -1 # ID=5_195;partial=00;start_type=GTG;rbs_motif=None;rbs_spacer=None;gc_cont=0.649,99.8,700,458,4.16e-253,469,1,458,11,468,mobileOG_000328285,xseA,WP_031299944.1,replication/recombination/repair,NA,Plasmid RefSeq,Homology,NODE_5_length_299079_cov_43.271383_195, 186575 # 187981 # -1 , 186575,187981,-1 ,5_195,5,195,00,GTG,None,None,0.649,NODE_5_length_299079_cov_43.271383,mobileOG_000328285_NODE_5_length_299079_cov_43.271383
219,mobileOG_000340880|vapC|WP_033654558.1|stability/transfer/defense|NA|Plasmid RefSeq|Homology,NODE_5_length_299079_cov_43.271383_233 # 225067 # 225456 # 1 # ID=5_233;partial=00;start_type=ATG;rbs_motif=AGGA;rbs_spacer=5-10bp;gc_cont=0.587,97.7,249,129,7.09e-86,130,1,129,1,129,mobileOG_000340880,vapC,WP_033654558.1,stability/transfer/defense,NA,Plasmid RefSeq,Homology,NODE_5_length_299079_cov_43.271383_233, 225067 # 225456 # 1 , 225067,225456,1 ,5_233,5,233,00,ATG,AGGA,5-10bp,0.587,NODE_5_length_299079_cov_43.271383,mobileOG_000340880_NODE_5_length_299079_cov_43.271383
220,mobileOG_000327800|hda|WP_025159568.1|replication/recombination/repair|NA|Plasmid RefSeq|Homology,NODE_5_length_299079_cov_43.271383_264 # 264772 # 265254 # 1 # ID=5_264;partial=00;start_type=GTG;rbs_motif=AGxAGG/AGGxGG;rbs_spacer=5-10bp;gc_cont=0.598,99.4,321,233,3.95e-112,161,74,233,1,160,mobileOG_000327800,hda,WP_025159568.1,replication/recombination/repair,NA,Plasmid RefSeq,Homology,NODE_5_length_299079_cov_43.271383_264, 264772 # 265254 # 1 , 264772,265254,1 ,5_264,5,264,00,GTG,AGxAGG/AGGxGG,5-10bp,0.598,NODE_5_length_299079_cov_43.271383,mobileOG_000327800_NODE_5_length_299079_cov_43.271383
221,mobileOG_000330176|hda|WP_101453253.1|replication/recombination/repair|NA|Plasmid RefSeq|Homology,NODE_5_length_299079_cov_43.271383_264 # 264772 # 265254 # 1 # ID=5_264;partial=00;start_type=GTG;rbs_motif=AGxAGG/AGGxGG;rbs_spacer=5-10bp;gc_cont=0.598,98.8,320,233,1.13e-111,161,74,233,1,160,mobileOG_000330176,hda,WP_101453253.1,replication/recombination/repair,NA,Plasmid RefSeq,Homology,NODE_5_length_299079_cov_43.271383_264, 264772 # 265254 # 1 , 264772,265254,1 ,5_264,5,264,00,GTG,AGxAGG/AGGxGG,5-10bp,0.598,NODE_5_length_299079_cov_43.271383,mobileOG_000330176_NODE_5_length_299079_cov_43.271383
222,mobileOG_000040283|hda|A0A094VSK4|replication/recombination/repair|NA|COMPASS|Homology,NODE_5_length_299079_cov_43.271383_264 # 264772 # 265254 # 1 # ID=5_264;partial=00;start_type=GTG;rbs_motif=AGxAGG/AGGxGG;rbs_spacer=5-10bp;gc_cont=0.598,90.0,291,225,1.13e-100,161,66,225,1,160,mobileOG_000040283,hda,A0A094VSK4,replication/recombination/repair,NA,COMPASS,Homology,NODE_5_length_299079_cov_43.271383_264, 264772 # 265254 # 1 , 264772,265254,1 ,5_264,5,264,00,GTG,AGxAGG/AGGxGG,5-10bp,0.598,NODE_5_length_299079_cov_43.271383,mobileOG_000040283_NODE_5_length_299079_cov_43.271383
223,mobileOG_000327250|hda|WP_000247065.1|replication/recombination/repair|NA|Plasmid RefSeq|Homology,NODE_5_length_299079_cov_43.271383_264 # 264772 # 265254 # 1 # ID=5_264;partial=00;start_type=GTG;rbs_motif=AGxAGG/AGGxGG;rbs_spacer=5-10bp;gc_cont=0.598,90.0,291,248,2.47e-100,161,89,248,1,160,mobileOG_000327250,hda,WP_000247065.1,replication/recombination/repair,NA,Plasmid RefSeq,Homology,NODE_5_length_299079_cov_43.271383_264, 264772 # 265254 # 1 , 264772,265254,1 ,5_264,5,264,00,GTG,AGxAGG/AGGxGG,5-10bp,0.598,NODE_5_length_299079_cov_43.271383,mobileOG_000327250_NODE_5_length_299079_cov_43.271383
224,mobileOG_000371957|impA|WP_033635060.1|replication/recombination/repair|NA|Plasmid RefSeq|Homology,NODE_6_length_285007_cov_34.534114_57 # 54100 # 54534 # 1 # ID=6_57;partial=00;start_type=ATG;rbs_motif=None;rbs_spacer=None;gc_cont=0.611,99.3,286,144,4.96e-100,145,1,144,1,144,mobileOG_000371957,impA,WP_033635060.1,replication/recombination/repair,NA,Plasmid RefSeq,Homology,NODE_6_length_285007_cov_34.534114_57, 54100 # 54534 # 1 , 54100,54534,1 ,6_57,6,57,00,ATG,None,None,0.611,NODE_6_length_285007_cov_34.534114,mobileOG_000371957_NODE_6_length_285007_cov_34.534114
225,mobileOG_000372074|impA|WP_060437779.1|replication/recombination/repair|NA|Plasmid RefSeq|Homology,NODE_6_length_285007_cov_34.534114_57 # 54100 # 54534 # 1 # ID=6_57;partial=00;start_type=ATG;rbs_motif=None;rbs_spacer=None;gc_cont=0.611,98.6,284,144,4.08e-99,145,1,144,1,144,mobileOG_000372074,impA,WP_060437779.1,replication/recombination/repair,NA,Plasmid RefSeq,Homology,NODE_6_length_285007_cov_34.534114_57, 54100 # 54534 # 1 , 54100,54534,1 ,6_57,6,57,00,ATG,None,None,0.611,NODE_6_length_285007_cov_34.534114,mobileOG_000372074_NODE_6_length_285007_cov_34.534114
226,mobileOG_000372635|umuC|WP_049196296.1|replication/recombination/repair|NA|Plasmid RefSeq|Homology,NODE_6_length_285007_cov_34.534114_62 # 59944 # 61230 # 1 # ID=6_62;partial=00;start_type=ATG;rbs_motif=GGA/GAG/AGG;rbs_spacer=5-10bp;gc_cont=0.651,98.8,833,428,5.52e-307,429,1,422,1,422,mobileOG_000372635,umuC,WP_049196296.1,replication/recombination/repair,NA,Plasmid RefSeq,Homology,NODE_6_length_285007_cov_34.534114_62, 59944 # 61230 # 1 , 59944,61230,1 ,6_62,6,62,00,ATG,GGA/GAG/AGG,5-10bp,0.651,NODE_6_length_285007_cov_34.534114,mobileOG_000372635_NODE_6_length_285007_cov_34.534114
227,mobileOG_000372601|umuC|WP_039565423.1|replication/recombination/repair|NA|Plasmid RefSeq|Homology,NODE_6_length_285007_cov_34.534114_62 # 59944 # 61230 # 1 # ID=6_62;partial=00;start_type=ATG;rbs_motif=GGA/GAG/AGG;rbs_spacer=5-10bp;gc_cont=0.651,98.3,828,428,5.29e-305,429,1,422,1,422,mobileOG_000372601,umuC,WP_039565423.1,replication/recombination/repair,NA,Plasmid RefSeq,Homology,NODE_6_length_285007_cov_34.534114_62, 59944 # 61230 # 1 , 59944,61230,1 ,6_62,6,62,00,ATG,GGA/GAG/AGG,5-10bp,0.651,NODE_6_length_285007_cov_34.534114,mobileOG_000372601_NODE_6_length_285007_cov_34.534114
228,mobileOG_000331425|clpB|WP_033653610.1|phage|chaperone|Plasmid RefSeq|Homology,NODE_6_length_285007_cov_34.534114_77 # 75231 # 77885 # -1 # ID=6_77;partial=00;start_type=ATG;rbs_motif=GGAG/GAGG;rbs_spacer=5-10bp;gc_cont=0.657,98.5,1658,884,0.0,885,1,884,1,884,mobileOG_000331425,clpB,WP_033653610.1,phage,chaperone,Plasmid RefSeq,Homology,NODE_6_length_285007_cov_34.534114_77, 75231 # 77885 # -1 , 75231,77885,-1 ,6_77,6,77,00,ATG,GGAG/GAGG,5-10bp,0.657,NODE_6_length_285007_cov_34.534114,mobileOG_000331425_NODE_6_length_285007_cov_34.534114
229,mobileOG_000335880|clpB|WP_101456439.1|phage|chaperone|Plasmid RefSeq|Homology,NODE_6_length_285007_cov_34.534114_77 # 75231 # 77885 # -1 # ID=6_77;partial=00;start_type=ATG;rbs_motif=GGAG/GAGG;rbs_spacer=5-10bp;gc_cont=0.657,98.2,1654,884,0.0,885,1,884,1,884,mobileOG_000335880,clpB,WP_101456439.1,phage,chaperone,Plasmid RefSeq,Homology,NODE_6_length_285007_cov_34.534114_77, 75231 # 77885 # -1 , 75231,77885,-1 ,6_77,6,77,00,ATG,GGAG/GAGG,5-10bp,0.657,NODE_6_length_285007_cov_34.534114,mobileOG_000335880_NODE_6_length_285007_cov_34.534114
230,mobileOG_000333755|tssB|WP_033635026.1|replication/recombination/repair|NA|Plasmid RefSeq|Homology,NODE_6_length_285007_cov_34.534114_90 # 91550 # 92086 # -1 # ID=6_90;partial=00;start_type=ATG;rbs_motif=GGAG/GAGG;rbs_spacer=5-10bp;gc_cont=0.579,98.3,336,178,9.67e-119,179,1,178,1,178,mobileOG_000333755,tssB,WP_033635026.1,replication/recombination/repair,NA,Plasmid RefSeq,Homology,NODE_6_length_285007_cov_34.534114_90, 91550 # 92086 # -1 , 91550,92086,-1 ,6_90,6,90,00,ATG,GGAG/GAGG,5-10bp,0.579,NODE_6_length_285007_cov_34.534114,mobileOG_000333755_NODE_6_length_285007_cov_34.534114
231,mobileOG_000353863|cnu|WP_033635010.1|stability/transfer/defense|regulation|Plasmid RefSeq|Homology,NODE_6_length_285007_cov_34.534114_110 # 113522 # 113737 # -1 # ID=6_110;partial=00;start_type=ATG;rbs_motif=3Base/5BMM;rbs_spacer=13-15bp;gc_cont=0.509,98.6,143,71,1.35e-45,72,1,71,1,71,mobileOG_000353863,cnu,WP_033635010.1,stability/transfer/defense,regulation,Plasmid RefSeq,Homology,NODE_6_length_285007_cov_34.534114_110, 113522 # 113737 # -1 , 113522,113737,-1 ,6_110,6,110,00,ATG,3Base/5BMM,13-15bp,0.509,NODE_6_length_285007_cov_34.534114,mobileOG_000353863_NODE_6_length_285007_cov_34.534114
232,mobileOG_000338525|oppD|WP_033653661.1|transfer|competence|Plasmid RefSeq|Homology,NODE_6_length_285007_cov_34.534114_191 # 190685 # 191527 # 1 # ID=6_191;partial=00;start_type=ATG;rbs_motif=GGA/GAG/AGG;rbs_spacer=5-10bp;gc_cont=0.645,97.9,535,280,3.65e-194,281,1,280,1,280,mobileOG_000338525,oppD,WP_033653661.1,transfer,competence,Plasmid RefSeq,Homology,NODE_6_length_285007_cov_34.534114_191, 190685 # 191527 # 1 , 190685,191527,1 ,6_191,6,191,00,ATG,GGA/GAG/AGG,5-10bp,0.645,NODE_6_length_285007_cov_34.534114,mobileOG_000338525_NODE_6_length_285007_cov_34.534114
233,mobileOG_000338678|oppD|WP_039565565.1|transfer|competence|Plasmid RefSeq|Homology,NODE_6_length_285007_cov_34.534114_191 # 190685 # 191527 # 1 # ID=6_191;partial=00;start_type=ATG;rbs_motif=GGA/GAG/AGG;rbs_spacer=5-10bp;gc_cont=0.645,97.5,534,280,1.49e-193,281,1,280,1,280,mobileOG_000338678,oppD,WP_039565565.1,transfer,competence,Plasmid RefSeq,Homology,NODE_6_length_285007_cov_34.534114_191, 190685 # 191527 # 1 , 190685,191527,1 ,6_191,6,191,00,ATG,GGA/GAG/AGG,5-10bp,0.645,NODE_6_length_285007_cov_34.534114,mobileOG_000338678_NODE_6_length_285007_cov_34.534114
234,mobileOG_000341065|Fi_ORF45|WP_033635283.1|replication/recombination/repair|NA|Plasmid RefSeq|Homology,NODE_7_length_259559_cov_36.255713_2 # 555 # 2312 # -1 # ID=7_2;partial=00;start_type=ATG;rbs_motif=None;rbs_spacer=None;gc_cont=0.652,99.3,1184,585,0.0,586,1,585,1,585,mobileOG_000341065,Fi_ORF45,WP_033635283.1,replication/recombination/repair,NA,Plasmid RefSeq,Homology,NODE_7_length_259559_cov_36.255713_2, 555 # 2312 # -1 , 555,2312,-1 ,7_2,7,2,00,ATG,None,None,0.652,NODE_7_length_259559_cov_36.255713,mobileOG_000341065_NODE_7_length_259559_cov_36.255713
235,mobileOG_000314070|Fi_ORF45|WP_039565051.1|replication/recombination/repair|NA|Plasmid RefSeq|Homology,NODE_7_length_259559_cov_36.255713_2 # 555 # 2312 # -1 # ID=7_2;partial=00;start_type=ATG;rbs_motif=None;rbs_spacer=None;gc_cont=0.652,99.3,1183,585,0.0,586,1,585,1,585,mobileOG_000314070,Fi_ORF45,WP_039565051.1,replication/recombination/repair,NA,Plasmid RefSeq,Homology,NODE_7_length_259559_cov_36.255713_2, 555 # 2312 # -1 , 555,2312,-1 ,7_2,7,2,00,ATG,None,None,0.652,NODE_7_length_259559_cov_36.255713,mobileOG_000314070_NODE_7_length_259559_cov_36.255713
236,mobileOG_000351496|Fi_ORF45|WP_047574306.1|replication/recombination/repair|NA|Plasmid RefSeq|Homology,NODE_7_length_259559_cov_36.255713_2 # 555 # 2312 # -1 # ID=7_2;partial=00;start_type=ATG;rbs_motif=None;rbs_spacer=None;gc_cont=0.652,98.8,1178,585,0.0,586,1,585,1,585,mobileOG_000351496,Fi_ORF45,WP_047574306.1,replication/recombination/repair,NA,Plasmid RefSeq,Homology,NODE_7_length_259559_cov_36.255713_2, 555 # 2312 # -1 , 555,2312,-1 ,7_2,7,2,00,ATG,None,None,0.652,NODE_7_length_259559_cov_36.255713,mobileOG_000351496_NODE_7_length_259559_cov_36.255713
237,mobileOG_000365481|nfo|WP_033643802.1|replication/recombination/repair|NA|Plasmid RefSeq|Homology,NODE_7_length_259559_cov_36.255713_28 # 32650 # 33489 # -1 # ID=7_28;partial=00;start_type=ATG;rbs_motif=AGGAG;rbs_spacer=5-10bp;gc_cont=0.607,99.3,563,279,3.57e-205,280,1,279,1,279,mobileOG_000365481,nfo,WP_033643802.1,replication/recombination/repair,NA,Plasmid RefSeq,Homology,NODE_7_length_259559_cov_36.255713_28, 32650 # 33489 # -1 , 32650,33489,-1 ,7_28,7,28,00,ATG,AGGAG,5-10bp,0.607,NODE_7_length_259559_cov_36.255713,mobileOG_000365481_NODE_7_length_259559_cov_36.255713
238,mobileOG_000365480|nfo|WP_033635262.1|replication/recombination/repair|NA|Plasmid RefSeq|Homology,NODE_7_length_259559_cov_36.255713_28 # 32650 # 33489 # -1 # ID=7_28;partial=00;start_type=ATG;rbs_motif=AGGAG;rbs_spacer=5-10bp;gc_cont=0.607,98.9,561,279,2.06e-204,280,1,279,1,279,mobileOG_000365480,nfo,WP_033635262.1,replication/recombination/repair,NA,Plasmid RefSeq,Homology,NODE_7_length_259559_cov_36.255713_28, 32650 # 33489 # -1 , 32650,33489,-1 ,7_28,7,28,00,ATG,AGGAG,5-10bp,0.607,NODE_7_length_259559_cov_36.255713,mobileOG_000365480_NODE_7_length_259559_cov_36.255713
239,mobileOG_000326136|sbcB|WP_101455532.1|replication/recombination/repair|stability/transfer/defense|Plasmid RefSeq|Homology,NODE_7_length_259559_cov_36.255713_43 # 51540 # 52967 # -1 # ID=7_43;partial=00;start_type=TTG;rbs_motif=GGA/GAG/AGG;rbs_spacer=5-10bp;gc_cont=0.618,99.6,953,475,0.0,476,1,475,1,475,mobileOG_000326136,sbcB,WP_101455532.1,replication/recombination/repair,stability/transfer/defense,Plasmid RefSeq,Homology,NODE_7_length_259559_cov_36.255713_43, 51540 # 52967 # -1 , 51540,52967,-1 ,7_43,7,43,00,TTG,GGA/GAG/AGG,5-10bp,0.618,NODE_7_length_259559_cov_36.255713,mobileOG_000326136_NODE_7_length_259559_cov_36.255713
240,mobileOG_000336681|sbcB|WP_060435614.1|replication/recombination/repair|stability/transfer/defense|Plasmid RefSeq|Homology,NODE_7_length_259559_cov_36.255713_43 # 51540 # 52967 # -1 # ID=7_43;partial=00;start_type=TTG;rbs_motif=GGA/GAG/AGG;rbs_spacer=5-10bp;gc_cont=0.618,100,946,476,0.0,476,9,476,8,475,mobileOG_000336681,sbcB,WP_060435614.1,replication/recombination/repair,stability/transfer/defense,Plasmid RefSeq,Homology,NODE_7_length_259559_cov_36.255713_43, 51540 # 52967 # -1 , 51540,52967,-1 ,7_43,7,43,00,TTG,GGA/GAG/AGG,5-10bp,0.618,NODE_7_length_259559_cov_36.255713,mobileOG_000336681_NODE_7_length_259559_cov_36.255713
241,mobileOG_000331689|sbcB|WP_101453939.1|replication/recombination/repair|stability/transfer/defense|Plasmid RefSeq|Homology,NODE_7_length_259559_cov_36.255713_43 # 51540 # 52967 # -1 # ID=7_43;partial=00;start_type=TTG;rbs_motif=GGA/GAG/AGG;rbs_spacer=5-10bp;gc_cont=0.618,99.6,944,476,0.0,476,9,476,8,475,mobileOG_000331689,sbcB,WP_101453939.1,replication/recombination/repair,stability/transfer/defense,Plasmid RefSeq,Homology,NODE_7_length_259559_cov_36.255713_43, 51540 # 52967 # -1 , 51540,52967,-1 ,7_43,7,43,00,TTG,GGA/GAG/AGG,5-10bp,0.618,NODE_7_length_259559_cov_36.255713,mobileOG_000331689_NODE_7_length_259559_cov_36.255713
242,mobileOG_000361586|higA|WP_033635213.1|stability/transfer/defense|NA|Plasmid RefSeq|Homology,NODE_7_length_259559_cov_36.255713_83 # 92803 # 93105 # 1 # ID=7_83;partial=00;start_type=ATG;rbs_motif=AGGAG;rbs_spacer=5-10bp;gc_cont=0.597,98.0,186,100,6.13e-62,101,1,100,1,100,mobileOG_000361586,higA,WP_033635213.1,stability/transfer/defense,NA,Plasmid RefSeq,Homology,NODE_7_length_259559_cov_36.255713_83, 92803 # 93105 # 1 , 92803,93105,1 ,7_83,7,83,00,ATG,AGGAG,5-10bp,0.597,NODE_7_length_259559_cov_36.255713,mobileOG_000361586_NODE_7_length_259559_cov_36.255713
243,mobileOG_000288460|higA|WP_017383313.1|stability/transfer/defense|NA|Plasmid RefSeq|Homology,NODE_7_length_259559_cov_36.255713_83 # 92803 # 93105 # 1 # ID=7_83;partial=00;start_type=ATG;rbs_motif=AGGAG;rbs_spacer=5-10bp;gc_cont=0.597,90.0,176,100,1.15e-57,101,1,100,1,100,mobileOG_000288460,higA,WP_017383313.1,stability/transfer/defense,NA,Plasmid RefSeq,Homology,NODE_7_length_259559_cov_36.255713_83, 92803 # 93105 # 1 , 92803,93105,1 ,7_83,7,83,00,ATG,AGGAG,5-10bp,0.597,NODE_7_length_259559_cov_36.255713,mobileOG_000288460_NODE_7_length_259559_cov_36.255713
244,mobileOG_000291413|higA|A0A426WK01|stability/transfer/defense|NA|Plasmid RefSeq|Homology,NODE_7_length_259559_cov_36.255713_83 # 92803 # 93105 # 1 # ID=7_83;partial=00;start_type=ATG;rbs_motif=AGGAG;rbs_spacer=5-10bp;gc_cont=0.597,90.0,172,100,1.90e-56,101,1,100,1,100,mobileOG_000291413,higA,A0A426WK01,stability/transfer/defense,NA,Plasmid RefSeq,Homology,NODE_7_length_259559_cov_36.255713_83, 92803 # 93105 # 1 , 92803,93105,1 ,7_83,7,83,00,ATG,AGGAG,5-10bp,0.597,NODE_7_length_259559_cov_36.255713,mobileOG_000291413_NODE_7_length_259559_cov_36.255713
245,mobileOG_000243663|higA|A0A369HMC3|stability/transfer/defense|NA|GPD|Homology,NODE_7_length_259559_cov_36.255713_83 # 92803 # 93105 # 1 # ID=7_83;partial=00;start_type=ATG;rbs_motif=AGGAG;rbs_spacer=5-10bp;gc_cont=0.597,91.7,172,100,2.70e-56,101,1,96,1,96,mobileOG_000243663,higA,A0A369HMC3,stability/transfer/defense,NA,GPD,Homology,NODE_7_length_259559_cov_36.255713_83, 92803 # 93105 # 1 , 92803,93105,1 ,7_83,7,83,00,ATG,AGGAG,5-10bp,0.597,NODE_7_length_259559_cov_36.255713,mobileOG_000243663_NODE_7_length_259559_cov_36.255713
246,"mobileOG_000368534|dpiA|WP_021505854.1|replication/recombination/repair|partitioning,regulation|Plasmid RefSeq|Homology",NODE_7_length_259559_cov_36.255713_119 # 139919 # 140605 # -1 # ID=7_119;partial=00;start_type=ATG;rbs_motif=AGxAGG/AGGxGG;rbs_spacer=5-10bp;gc_cont=0.658,100,446,228,2.20e-160,229,1,228,1,228,mobileOG_000368534,dpiA,WP_021505854.1,replication/recombination/repair,"partitioning,regulation",Plasmid RefSeq,Homology,NODE_7_length_259559_cov_36.255713_119, 139919 # 140605 # -1 , 139919,140605,-1 ,7_119,7,119,00,ATG,AGxAGG/AGGxGG,5-10bp,0.658,NODE_7_length_259559_cov_36.255713,mobileOG_000368534_NODE_7_length_259559_cov_36.255713
247,"mobileOG_000330121|dpiA|WP_033654924.1|replication/recombination/repair|partitioning,regulation|Plasmid RefSeq|Homology",NODE_7_length_259559_cov_36.255713_119 # 139919 # 140605 # -1 # ID=7_119;partial=00;start_type=ATG;rbs_motif=AGxAGG/AGGxGG;rbs_spacer=5-10bp;gc_cont=0.658,99.6,443,228,2.57e-159,229,1,228,1,228,mobileOG_000330121,dpiA,WP_033654924.1,replication/recombination/repair,"partitioning,regulation",Plasmid RefSeq,Homology,NODE_7_length_259559_cov_36.255713_119, 139919 # 140605 # -1 , 139919,140605,-1 ,7_119,7,119,00,ATG,AGxAGG/AGGxGG,5-10bp,0.658,NODE_7_length_259559_cov_36.255713,mobileOG_000330121_NODE_7_length_259559_cov_36.255713
248,mobileOG_000368530|alkB|WP_019452474.1|replication/recombination/repair|NA|Plasmid RefSeq|Homology,NODE_7_length_259559_cov_36.255713_133 # 153100 # 153747 # 1 # ID=7_133;partial=00;start_type=ATG;rbs_motif=GGA/GAG/AGG;rbs_spacer=5-10bp;gc_cont=0.679,100,455,215,1.24e-164,216,1,215,1,215,mobileOG_000368530,alkB,WP_019452474.1,replication/recombination/repair,NA,Plasmid RefSeq,Homology,NODE_7_length_259559_cov_36.255713_133, 153100 # 153747 # 1 , 153100,153747,1 ,7_133,7,133,00,ATG,GGA/GAG/AGG,5-10bp,0.679,NODE_7_length_259559_cov_36.255713,mobileOG_000368530_NODE_7_length_259559_cov_36.255713
249,mobileOG_000333875|alkB|WP_033654914.1|replication/recombination/repair|NA|Plasmid RefSeq|Homology,NODE_7_length_259559_cov_36.255713_133 # 153100 # 153747 # 1 # ID=7_133;partial=00;start_type=ATG;rbs_motif=GGA/GAG/AGG;rbs_spacer=5-10bp;gc_cont=0.679,98.6,448,215,6.92e-162,216,1,215,1,215,mobileOG_000333875,alkB,WP_033654914.1,replication/recombination/repair,NA,Plasmid RefSeq,Homology,NODE_7_length_259559_cov_36.255713_133, 153100 # 153747 # 1 , 153100,153747,1 ,7_133,7,133,00,ATG,GGA/GAG/AGG,5-10bp,0.679,NODE_7_length_259559_cov_36.255713,mobileOG_000333875_NODE_7_length_259559_cov_36.255713
250,mobileOG_000368580|relE|WP_060420873.1|stability/transfer/defense|NA|Plasmid RefSeq|Homology,NODE_7_length_259559_cov_36.255713_136 # 155445 # 155768 # 1 # ID=7_136;partial=00;start_type=ATG;rbs_motif=AGGAG;rbs_spacer=5-10bp;gc_cont=0.460,100,220,107,3.84e-75,108,1,107,1,107,mobileOG_000368580,relE,WP_060420873.1,stability/transfer/defense,NA,Plasmid RefSeq,Homology,NODE_7_length_259559_cov_36.255713_136, 155445 # 155768 # 1 , 155445,155768,1 ,7_136,7,136,00,ATG,AGGAG,5-10bp,0.460,NODE_7_length_259559_cov_36.255713,mobileOG_000368580_NODE_7_length_259559_cov_36.255713
251,mobileOG_000756572|NA:Keyword|WP_033635147.1|phage|regulation|Plasmid RefSeq|Keyword Search,NODE_7_length_259559_cov_36.255713_161 # 178297 # 179097 # -1 # ID=7_161;partial=00;start_type=ATG;rbs_motif=GGA/GAG/AGG;rbs_spacer=5-10bp;gc_cont=0.637,98.1,516,266,7.37e-187,267,1,266,1,266,mobileOG_000756572,NA:Keyword,WP_033635147.1,phage,regulation,Plasmid RefSeq,Keyword Search,NODE_7_length_259559_cov_36.255713_161, 178297 # 179097 # -1 , 178297,179097,-1 ,7_161,7,161,00,ATG,GGA/GAG/AGG,5-10bp,0.637,NODE_7_length_259559_cov_36.255713,mobileOG_000756572_NODE_7_length_259559_cov_36.255713
252,mobileOG_000353791|parC|WP_039569308.1|replication/recombination/repair|partitioning|Plasmid RefSeq|Homology,NODE_8_length_226149_cov_45.429076_21 # 21979 # 24252 # -1 # ID=8_21;partial=00;start_type=ATG;rbs_motif=AGGA;rbs_spacer=5-10bp;gc_cont=0.637,99.7,1473,757,0.0,758,1,757,1,757,mobileOG_000353791,parC,WP_039569308.1,replication/recombination/repair,partitioning,Plasmid RefSeq,Homology,NODE_8_length_226149_cov_45.429076_21, 21979 # 24252 # -1 , 21979,24252,-1 ,8_21,8,21,00,ATG,AGGA,5-10bp,0.637,NODE_8_length_226149_cov_45.429076,mobileOG_000353791_NODE_8_length_226149_cov_45.429076
253,mobileOG_000368543|parE|WP_025304305.1|replication/recombination/repair|partitioning|Plasmid RefSeq|Homology,NODE_8_length_226149_cov_45.429076_25 # 26495 # 28390 # -1 # ID=8_25;partial=00;start_type=ATG;rbs_motif=None;rbs_spacer=None;gc_cont=0.621,100,1256,631,0.0,632,1,631,1,631,mobileOG_000368543,parE,WP_025304305.1,replication/recombination/repair,partitioning,Plasmid RefSeq,Homology,NODE_8_length_226149_cov_45.429076_25, 26495 # 28390 # -1 , 26495,28390,-1 ,8_25,8,25,00,ATG,None,None,0.621,NODE_8_length_226149_cov_45.429076,mobileOG_000368543_NODE_8_length_226149_cov_45.429076
254,mobileOG_000026107|parE|P20083|replication/recombination/repair|partitioning|Multiple|Manual,NODE_8_length_226149_cov_45.429076_25 # 26495 # 28390 # -1 # ID=8_25;partial=00;start_type=ATG;rbs_motif=None;rbs_spacer=None;gc_cont=0.621,92.2,1167,630,0.0,632,1,630,1,631,mobileOG_000026107,parE,P20083,replication/recombination/repair,partitioning,Multiple,Manual,NODE_8_length_226149_cov_45.429076_25, 26495 # 28390 # -1 , 26495,28390,-1 ,8_25,8,25,00,ATG,None,None,0.621,NODE_8_length_226149_cov_45.429076,mobileOG_000026107_NODE_8_length_226149_cov_45.429076
255,mobileOG_000289024|parE|WP_008806513.1|replication/recombination/repair|partitioning|Plasmid RefSeq|Homology,NODE_8_length_226149_cov_45.429076_25 # 26495 # 28390 # -1 # ID=8_25;partial=00;start_type=ATG;rbs_motif=None;rbs_spacer=None;gc_cont=0.621,92.1,1167,631,0.0,632,1,631,1,631,mobileOG_000289024,parE,WP_008806513.1,replication/recombination/repair,partitioning,Plasmid RefSeq,Homology,NODE_8_length_226149_cov_45.429076_25, 26495 # 28390 # -1 , 26495,28390,-1 ,8_25,8,25,00,ATG,None,None,0.621,NODE_8_length_226149_cov_45.429076,mobileOG_000289024_NODE_8_length_226149_cov_45.429076
256,mobileOG_000353777|parE|A0A0C2EHG6|replication/recombination/repair|partitioning|Multiple|Homology,NODE_8_length_226149_cov_45.429076_25 # 26495 # 28390 # -1 # ID=8_25;partial=00;start_type=ATG;rbs_motif=None;rbs_spacer=None;gc_cont=0.621,92.1,1166,630,0.0,632,1,630,1,631,mobileOG_000353777,parE,A0A0C2EHG6,replication/recombination/repair,partitioning,Multiple,Homology,NODE_8_length_226149_cov_45.429076_25, 26495 # 28390 # -1 , 26495,28390,-1 ,8_25,8,25,00,ATG,None,None,0.621,NODE_8_length_226149_cov_45.429076,mobileOG_000353777_NODE_8_length_226149_cov_45.429076
257,mobileOG_000026108|parE|P0A2I6|replication/recombination/repair|partitioning|Plasmid RefSeq|Manual,NODE_8_length_226149_cov_45.429076_25 # 26495 # 28390 # -1 # ID=8_25;partial=00;start_type=ATG;rbs_motif=None;rbs_spacer=None;gc_cont=0.621,92.1,1165,630,0.0,632,1,630,1,631,mobileOG_000026108,parE,P0A2I6,replication/recombination/repair,partitioning,Plasmid RefSeq,Manual,NODE_8_length_226149_cov_45.429076_25, 26495 # 28390 # -1 , 26495,28390,-1 ,8_25,8,25,00,ATG,None,None,0.621,NODE_8_length_226149_cov_45.429076,mobileOG_000026108_NODE_8_length_226149_cov_45.429076
258,"mobileOG_000353237|cca|WP_033649056.1|phage|regulation,infection|Plasmid RefSeq|Homology",NODE_8_length_226149_cov_45.429076_46 # 52242 # 53486 # 1 # ID=8_46;partial=00;start_type=GTG;rbs_motif=AGGAG;rbs_spacer=5-10bp;gc_cont=0.644,98.8,825,414,2.06e-304,415,1,414,1,414,mobileOG_000353237,cca,WP_033649056.1,phage,"regulation,infection",Plasmid RefSeq,Homology,NODE_8_length_226149_cov_45.429076_46, 52242 # 53486 # 1 , 52242,53486,1 ,8_46,8,46,00,GTG,AGGAG,5-10bp,0.644,NODE_8_length_226149_cov_45.429076,mobileOG_000353237_NODE_8_length_226149_cov_45.429076
259,mobileOG_000368544|dnaG|WP_025304325.1|replication/recombination/repair|NA|Plasmid RefSeq|Homology,NODE_8_length_226149_cov_45.429076_51 # 57316 # 59064 # 1 # ID=8_51;partial=00;start_type=ATG;rbs_motif=GGA/GAG/AGG;rbs_spacer=3-4bp;gc_cont=0.595,100,1147,582,0.0,583,1,582,1,582,mobileOG_000368544,dnaG,WP_025304325.1,replication/recombination/repair,NA,Plasmid RefSeq,Homology,NODE_8_length_226149_cov_45.429076_51, 57316 # 59064 # 1 , 57316,59064,1 ,8_51,8,51,00,ATG,GGA/GAG/AGG,3-4bp,0.595,NODE_8_length_226149_cov_45.429076,mobileOG_000368544_NODE_8_length_226149_cov_45.429076
260,mobileOG_000015138|dnaG|A0A0P0QJ09|replication/recombination/repair|NA|GPD|Manual,NODE_8_length_226149_cov_45.429076_51 # 57316 # 59064 # 1 # ID=8_51;partial=00;start_type=ATG;rbs_motif=GGA/GAG/AGG;rbs_spacer=3-4bp;gc_cont=0.595,99.7,1143,582,0.0,583,1,582,1,582,mobileOG_000015138,dnaG,A0A0P0QJ09,replication/recombination/repair,NA,GPD,Manual,NODE_8_length_226149_cov_45.429076_51, 57316 # 59064 # 1 , 57316,59064,1 ,8_51,8,51,00,ATG,GGA/GAG/AGG,3-4bp,0.595,NODE_8_length_226149_cov_45.429076,mobileOG_000015138_NODE_8_length_226149_cov_45.429076
261,mobileOG_000015137|mug|A0A221DV72|replication/recombination/repair|NA|GPD|Manual,NODE_8_length_226149_cov_45.429076_53 # 61138 # 61626 # -1 # ID=8_53;partial=00;start_type=ATG;rbs_motif=GGA/GAG/AGG;rbs_spacer=11-12bp;gc_cont=0.644,100,330,162,5.57e-117,163,1,162,1,162,mobileOG_000015137,mug,A0A221DV72,replication/recombination/repair,NA,GPD,Manual,NODE_8_length_226149_cov_45.429076_53, 61138 # 61626 # -1 , 61138,61626,-1 ,8_53,8,53,00,ATG,GGA/GAG/AGG,11-12bp,0.644,NODE_8_length_226149_cov_45.429076,mobileOG_000015137_NODE_8_length_226149_cov_45.429076
262,mobileOG_000026430|mug|P43343|replication/recombination/repair|NA|Plasmid RefSeq|Manual,NODE_8_length_226149_cov_45.429076_53 # 61138 # 61626 # -1 # ID=8_53;partial=00;start_type=ATG;rbs_motif=GGA/GAG/AGG;rbs_spacer=11-12bp;gc_cont=0.644,97.5,323,162,6.25e-114,163,1,162,1,162,mobileOG_000026430,mug,P43343,replication/recombination/repair,NA,Plasmid RefSeq,Manual,NODE_8_length_226149_cov_45.429076_53, 61138 # 61626 # -1 , 61138,61626,-1 ,8_53,8,53,00,ATG,GGA/GAG/AGG,11-12bp,0.644,NODE_8_length_226149_cov_45.429076,mobileOG_000026430_NODE_8_length_226149_cov_45.429076
263,"mobileOG_000190700|ogr|A0A221DV99|phage|regulation,lysis/lysogeny|GPD|Homology",NODE_8_length_226149_cov_45.429076_54 # 62007 # 62237 # -1 # ID=8_54;partial=00;start_type=ATG;rbs_motif=GGAG/GAGG;rbs_spacer=5-10bp;gc_cont=0.519,93.4,154,76,1.02e-49,77,1,76,1,76,mobileOG_000190700,ogr,A0A221DV99,phage,"regulation,lysis/lysogeny",GPD,Homology,NODE_8_length_226149_cov_45.429076_54, 62007 # 62237 # -1 , 62007,62237,-1 ,8_54,8,54,00,ATG,GGAG/GAGG,5-10bp,0.519,NODE_8_length_226149_cov_45.429076,mobileOG_000190700_NODE_8_length_226149_cov_45.429076
264,mobileOG_000190699|D|A0A542C9J9|phage|structural|GPD|Homology,NODE_8_length_226149_cov_45.429076_55 # 62328 # 63476 # -1 # ID=8_55;partial=00;start_type=ATG;rbs_motif=GGAGG;rbs_spacer=5-10bp;gc_cont=0.598,97.9,720,382,9.80e-264,383,1,382,1,382,mobileOG_000190699,D,A0A542C9J9,phage,structural,GPD,Homology,NODE_8_length_226149_cov_45.429076_55, 62328 # 63476 # -1 , 62328,63476,-1 ,8_55,8,55,00,ATG,GGAGG,5-10bp,0.598,NODE_8_length_226149_cov_45.429076,mobileOG_000190699_NODE_8_length_226149_cov_45.429076
265,mobileOG_000190698|gpU|A0A379YHB3|phage|structural|GPD|Homology,NODE_8_length_226149_cov_45.429076_56 # 63473 # 63958 # -1 # ID=8_56;partial=00;start_type=ATG;rbs_motif=GGAG/GAGG;rbs_spacer=5-10bp;gc_cont=0.603,100,296,161,1.36e-103,162,1,161,1,161,mobileOG_000190698,gpU,A0A379YHB3,phage,structural,GPD,Homology,NODE_8_length_226149_cov_45.429076_56, 63473 # 63958 # -1 , 63473,63958,-1 ,8_56,8,56,00,ATG,GGAG/GAGG,5-10bp,0.603,NODE_8_length_226149_cov_45.429076,mobileOG_000190698_NODE_8_length_226149_cov_45.429076
266,mobileOG_000190697|gpT|A0A542C9E1|phage|structural|GPD|Homology,NODE_8_length_226149_cov_45.429076_57 # 63958 # 66807 # -1 # ID=8_57;partial=00;start_type=ATG;rbs_motif=GGAG/GAGG;rbs_spacer=5-10bp;gc_cont=0.627,95.3,1439,949,0.0,950,1,949,1,949,mobileOG_000190697,gpT,A0A542C9E1,phage,structural,GPD,Homology,NODE_8_length_226149_cov_45.429076_57, 63958 # 66807 # -1 , 63958,66807,-1 ,8_57,8,57,00,ATG,GGAG/GAGG,5-10bp,0.627,NODE_8_length_226149_cov_45.429076,mobileOG_000190697_NODE_8_length_226149_cov_45.429076
267,mobileOG_000597627|NA:Keyword|A0A514I9I0|phage|NA|GPD|Keyword Search,NODE_8_length_226149_cov_45.429076_58 # 66955 # 67236 # -1 # ID=8_58;partial=00;start_type=ATG;rbs_motif=GGA/GAG/AGG;rbs_spacer=5-10bp;gc_cont=0.613,95.7,169,93,3.85e-55,94,1,93,1,93,mobileOG_000597627,NA:Keyword,A0A514I9I0,phage,NA,GPD,Keyword Search,NODE_8_length_226149_cov_45.429076_58, 66955 # 67236 # -1 , 66955,67236,-1 ,8_58,8,58,00,ATG,GGA/GAG/AGG,5-10bp,0.613,NODE_8_length_226149_cov_45.429076,mobileOG_000597627_NODE_8_length_226149_cov_45.429076
268,mobileOG_000190696|FII|A0A177ISZ1|phage|structural|GPD|Homology,NODE_8_length_226149_cov_45.429076_59 # 67291 # 67800 # -1 # ID=8_59;partial=00;start_type=ATG;rbs_motif=AGGAG;rbs_spacer=5-10bp;gc_cont=0.592,100,337,169,1.70e-119,170,1,169,1,169,mobileOG_000190696,FII,A0A177ISZ1,phage,structural,GPD,Homology,NODE_8_length_226149_cov_45.429076_59, 67291 # 67800 # -1 , 67291,67800,-1 ,8_59,8,59,00,ATG,AGGAG,5-10bp,0.592,NODE_8_length_226149_cov_45.429076,mobileOG_000190696_NODE_8_length_226149_cov_45.429076
269,"mobileOG_000190695|fI|A0A542C9I9|phage|structural,infection,initiation|GPD|Homology",NODE_8_length_226149_cov_45.429076_60 # 67816 # 68985 # -1 # ID=8_60;partial=00;start_type=ATG;rbs_motif=GGAG/GAGG;rbs_spacer=5-10bp;gc_cont=0.609,98.7,757,389,3.95e-278,390,1,389,1,389,mobileOG_000190695,fI,A0A542C9I9,phage,"structural,infection,initiation",GPD,Homology,NODE_8_length_226149_cov_45.429076_60, 67816 # 68985 # -1 , 67816,68985,-1 ,8_60,8,60,00,ATG,GGAG/GAGG,5-10bp,0.609,NODE_8_length_226149_cov_45.429076,mobileOG_000190695_NODE_8_length_226149_cov_45.429076
270,mobileOG_000190693|I|A0A221DVA9|phage|structural|GPD|Homology,NODE_8_length_226149_cov_45.429076_63 # 72621 # 73154 # -1 # ID=8_63;partial=00;start_type=ATG;rbs_motif=GGA/GAG/AGG;rbs_spacer=5-10bp;gc_cont=0.618,99.4,366,177,1.62e-130,178,1,177,1,177,mobileOG_000190693,I,A0A221DVA9,phage,structural,GPD,Homology,NODE_8_length_226149_cov_45.429076_63, 72621 # 73154 # -1 , 72621,73154,-1 ,8_63,8,63,00,ATG,GGA/GAG/AGG,5-10bp,0.618,NODE_8_length_226149_cov_45.429076,mobileOG_000190693_NODE_8_length_226149_cov_45.429076
271,mobileOG_000190691|W|A0A5C7CYX4|phage|structural|GPD|Homology,NODE_8_length_226149_cov_45.429076_65 # 74060 # 74410 # -1 # ID=8_65;partial=00;start_type=ATG;rbs_motif=GGA/GAG/AGG;rbs_spacer=5-10bp;gc_cont=0.610,96.6,222,116,1.29e-75,117,1,116,1,116,mobileOG_000190691,W,A0A5C7CYX4,phage,structural,GPD,Homology,NODE_8_length_226149_cov_45.429076_65, 74060 # 74410 # -1 , 74060,74410,-1 ,8_65,8,65,00,ATG,GGA/GAG/AGG,5-10bp,0.610,NODE_8_length_226149_cov_45.429076,mobileOG_000190691_NODE_8_length_226149_cov_45.429076
272,"mobileOG_000190690|V|A0A542C9C9|phage|infection,structural|GPD|Homology",NODE_8_length_226149_cov_45.429076_66 # 74407 # 75036 # -1 # ID=8_66;partial=00;start_type=ATG;rbs_motif=None;rbs_spacer=None;gc_cont=0.610,96.2,396,209,1.68e-141,210,1,209,1,209,mobileOG_000190690,V,A0A542C9C9,phage,"infection,structural",GPD,Homology,NODE_8_length_226149_cov_45.429076_66, 74407 # 75036 # -1 , 74407,75036,-1 ,8_66,8,66,00,ATG,None,None,0.610,NODE_8_length_226149_cov_45.429076,mobileOG_000190690_NODE_8_length_226149_cov_45.429076
273,mobileOG_000190689|R|A0A5Q8C385|phage|structural|GPD|Homology,NODE_8_length_226149_cov_45.429076_68 # 75542 # 76018 # -1 # ID=8_68;partial=00;start_type=ATG;rbs_motif=AGGA;rbs_spacer=5-10bp;gc_cont=0.564,94.9,303,157,1.88e-106,159,1,157,1,158,mobileOG_000190689,R,A0A5Q8C385,phage,structural,GPD,Homology,NODE_8_length_226149_cov_45.429076_68, 75542 # 76018 # -1 , 75542,76018,-1 ,8_68,8,68,00,ATG,AGGA,5-10bp,0.564,NODE_8_length_226149_cov_45.429076,mobileOG_000190689_NODE_8_length_226149_cov_45.429076
274,mobileOG_000190688|rrrD|A0A221DV70|phage|lysis|GPD|Homology,NODE_8_length_226149_cov_45.429076_70 # 76539 # 77051 # -1 # ID=8_70;partial=00;start_type=ATG;rbs_motif=GGAGG;rbs_spacer=5-10bp;gc_cont=0.669,98.2,333,170,8.75e-118,171,1,169,1,169,mobileOG_000190688,rrrD,A0A221DV70,phage,lysis,GPD,Homology,NODE_8_length_226149_cov_45.429076_70, 76539 # 77051 # -1 , 76539,77051,-1 ,8_70,8,70,00,ATG,GGAGG,5-10bp,0.669,NODE_8_length_226149_cov_45.429076,mobileOG_000190688_NODE_8_length_226149_cov_45.429076
275,"mobileOG_000190687|X|A0A177ITV0|phage|infection,initiation|GPD|Homology",NODE_8_length_226149_cov_45.429076_72 # 77249 # 77452 # -1 # ID=8_72;partial=00;start_type=ATG;rbs_motif=None;rbs_spacer=None;gc_cont=0.618,98.5,141,67,5.89e-45,68,1,67,1,67,mobileOG_000190687,X,A0A177ITV0,phage,"infection,initiation",GPD,Homology,NODE_8_length_226149_cov_45.429076_72, 77249 # 77452 # -1 , 77249,77452,-1 ,8_72,8,72,00,ATG,None,None,0.618,NODE_8_length_226149_cov_45.429076,mobileOG_000190687_NODE_8_length_226149_cov_45.429076
276,mobileOG_000190686|L|A0A2K2IYY4|phage|structural|GPD|Homology,NODE_8_length_226149_cov_45.429076_73 # 77452 # 77940 # -1 # ID=8_73;partial=00;start_type=ATG;rbs_motif=GGA/GAG/AGG;rbs_spacer=5-10bp;gc_cont=0.632,98.8,314,162,2.01e-110,163,1,162,1,162,mobileOG_000190686,L,A0A2K2IYY4,phage,structural,GPD,Homology,NODE_8_length_226149_cov_45.429076_73, 77452 # 77940 # -1 , 77452,77940,-1 ,8_73,8,73,00,ATG,GGA/GAG/AGG,5-10bp,0.632,NODE_8_length_226149_cov_45.429076,mobileOG_000190686_NODE_8_length_226149_cov_45.429076
277,"mobileOG_000190680|A|A0A514I9D1|phage|infection,regulation|GPD|Homology",NODE_8_length_226149_cov_45.429076_83 # 87772 # 89988 # -1 # ID=8_83;partial=00;start_type=ATG;rbs_motif=AGxAGG/AGGxGG;rbs_spacer=5-10bp;gc_cont=0.577,96.9,1427,738,0.0,739,1,738,1,738,mobileOG_000190680,A,A0A514I9D1,phage,"infection,regulation",GPD,Homology,NODE_8_length_226149_cov_45.429076_83, 87772 # 89988 # -1 , 87772,89988,-1 ,8_83,8,83,00,ATG,AGxAGG/AGGxGG,5-10bp,0.577,NODE_8_length_226149_cov_45.429076,mobileOG_000190680_NODE_8_length_226149_cov_45.429076
278,mobileOG_000190679|exoX_1|A0A3W1BT86|replication/recombination/repair|NA|GPD|Homology,NODE_8_length_226149_cov_45.429076_86 # 90389 # 90973 # -1 # ID=8_86;partial=00;start_type=ATG;rbs_motif=GGA/GAG/AGG;rbs_spacer=5-10bp;gc_cont=0.455,93.3,379,194,5.51e-135,195,1,194,1,194,mobileOG_000190679,exoX_1,A0A3W1BT86,replication/recombination/repair,NA,GPD,Homology,NODE_8_length_226149_cov_45.429076_86, 90389 # 90973 # -1 , 90389,90973,-1 ,8_86,8,86,00,ATG,GGA/GAG/AGG,5-10bp,0.455,NODE_8_length_226149_cov_45.429076,mobileOG_000190679_NODE_8_length_226149_cov_45.429076
279,"mobileOG_000190678|ybiI_1|A0A5Q8C362|phage|infection,regulation|GPD|Homology",NODE_8_length_226149_cov_45.429076_87 # 90979 # 91197 # -1 # ID=8_87;partial=00;start_type=ATG;rbs_motif=GGAG/GAGG;rbs_spacer=5-10bp;gc_cont=0.534,93.1,131,72,5.48e-41,73,1,72,1,72,mobileOG_000190678,ybiI_1,A0A5Q8C362,phage,"infection,regulation",GPD,Homology,NODE_8_length_226149_cov_45.429076_87, 90979 # 91197 # -1 , 90979,91197,-1 ,8_87,8,87,00,ATG,GGAG/GAGG,5-10bp,0.534,NODE_8_length_226149_cov_45.429076,mobileOG_000190678_NODE_8_length_226149_cov_45.429076
280,mobileOG_000368512|diaA|WP_004937103.1|replication/recombination/repair|NA|Plasmid RefSeq|Homology,NODE_8_length_226149_cov_45.429076_126 # 129459 # 130049 # 1 # ID=8_126;partial=00;start_type=GTG;rbs_motif=GGA/GAG/AGG;rbs_spacer=5-10bp;gc_cont=0.613,100,383,196,1.35e-136,197,1,196,1,196,mobileOG_000368512,diaA,WP_004937103.1,replication/recombination/repair,NA,Plasmid RefSeq,Homology,NODE_8_length_226149_cov_45.429076_126, 129459 # 130049 # 1 , 129459,130049,1 ,8_126,8,126,00,GTG,GGA/GAG/AGG,5-10bp,0.613,NODE_8_length_226149_cov_45.429076,mobileOG_000368512_NODE_8_length_226149_cov_45.429076
281,mobileOG_000026069|diaA|A6TEG8|replication/recombination/repair|NA|Plasmid RefSeq|Manual,NODE_8_length_226149_cov_45.429076_126 # 129459 # 130049 # 1 # ID=8_126;partial=00;start_type=GTG;rbs_motif=GGA/GAG/AGG;rbs_spacer=5-10bp;gc_cont=0.613,96.4,374,196,6.16e-133,197,1,196,1,196,mobileOG_000026069,diaA,A6TEG8,replication/recombination/repair,NA,Plasmid RefSeq,Manual,NODE_8_length_226149_cov_45.429076_126, 129459 # 130049 # 1 , 129459,130049,1 ,8_126,8,126,00,GTG,GGA/GAG/AGG,5-10bp,0.613,NODE_8_length_226149_cov_45.429076,mobileOG_000026069_NODE_8_length_226149_cov_45.429076
282,mobileOG_000297506|diaA|A0A422XC86|replication/recombination/repair|NA|Plasmid RefSeq|Homology,NODE_8_length_226149_cov_45.429076_126 # 129459 # 130049 # 1 # ID=8_126;partial=00;start_type=GTG;rbs_motif=GGA/GAG/AGG;rbs_spacer=5-10bp;gc_cont=0.613,96.4,373,196,1.24e-132,197,1,196,1,196,mobileOG_000297506,diaA,A0A422XC86,replication/recombination/repair,NA,Plasmid RefSeq,Homology,NODE_8_length_226149_cov_45.429076_126, 129459 # 130049 # 1 , 129459,130049,1 ,8_126,8,126,00,GTG,GGA/GAG/AGG,5-10bp,0.613,NODE_8_length_226149_cov_45.429076,mobileOG_000297506_NODE_8_length_226149_cov_45.429076
283,mobileOG_000025623|diaA|WP_000893481.1|replication/recombination/repair|NA|Plasmid RefSeq|Manual,NODE_8_length_226149_cov_45.429076_126 # 129459 # 130049 # 1 # ID=8_126;partial=00;start_type=GTG;rbs_motif=GGA/GAG/AGG;rbs_spacer=5-10bp;gc_cont=0.613,95.9,369,196,2.93e-131,197,1,196,1,196,mobileOG_000025623,diaA,WP_000893481.1,replication/recombination/repair,NA,Plasmid RefSeq,Manual,NODE_8_length_226149_cov_45.429076_126, 129459 # 130049 # 1 , 129459,130049,1 ,8_126,8,126,00,GTG,GGA/GAG/AGG,5-10bp,0.613,NODE_8_length_226149_cov_45.429076,mobileOG_000025623_NODE_8_length_226149_cov_45.429076
284,mobileOG_000025677|diaA|WP_002210146.1|replication/recombination/repair|NA|Plasmid RefSeq|Manual,NODE_8_length_226149_cov_45.429076_126 # 129459 # 130049 # 1 # ID=8_126;partial=00;start_type=GTG;rbs_motif=GGA/GAG/AGG;rbs_spacer=5-10bp;gc_cont=0.613,93.4,358,196,5.44e-127,197,1,196,1,196,mobileOG_000025677,diaA,WP_002210146.1,replication/recombination/repair,NA,Plasmid RefSeq,Manual,NODE_8_length_226149_cov_45.429076_126, 129459 # 130049 # 1 , 129459,130049,1 ,8_126,8,126,00,GTG,GGA/GAG/AGG,5-10bp,0.613,NODE_8_length_226149_cov_45.429076,mobileOG_000025677_NODE_8_length_226149_cov_45.429076
285,"mobileOG_000368511|sspA|WP_004937082.1|phage|infection,regulation|Plasmid RefSeq|Homology",NODE_8_length_226149_cov_45.429076_136 # 143467 # 144108 # -1 # ID=8_136;partial=00;start_type=ATG;rbs_motif=GGAGG;rbs_spacer=5-10bp;gc_cont=0.581,100,419,213,2.30e-150,214,1,213,1,213,mobileOG_000368511,sspA,WP_004937082.1,phage,"infection,regulation",Plasmid RefSeq,Homology,NODE_8_length_226149_cov_45.429076_136, 143467 # 144108 # -1 , 143467,144108,-1 ,8_136,8,136,00,ATG,GGAGG,5-10bp,0.581,NODE_8_length_226149_cov_45.429076,mobileOG_000368511_NODE_8_length_226149_cov_45.429076
286,"mobileOG_000354050|sspA|WP_025304366.1|phage|infection,regulation|Plasmid RefSeq|Homology",NODE_8_length_226149_cov_45.429076_136 # 143467 # 144108 # -1 # ID=8_136;partial=00;start_type=ATG;rbs_motif=GGAGG;rbs_spacer=5-10bp;gc_cont=0.581,99.5,417,213,9.38e-150,214,1,213,1,213,mobileOG_000354050,sspA,WP_025304366.1,phage,"infection,regulation",Plasmid RefSeq,Homology,NODE_8_length_226149_cov_45.429076_136, 143467 # 144108 # -1 , 143467,144108,-1 ,8_136,8,136,00,ATG,GGAGG,5-10bp,0.581,NODE_8_length_226149_cov_45.429076,mobileOG_000354050_NODE_8_length_226149_cov_45.429076
287,mobileOG_000377484|ygjN|WP_033636137.1|stability/transfer/defense|NA|Plasmid RefSeq|Homology,NODE_8_length_226149_cov_45.429076_161 # 163514 # 163825 # 1 # ID=8_161;partial=00;start_type=ATG;rbs_motif=GGAG/GAGG;rbs_spacer=5-10bp;gc_cont=0.478,99.0,211,103,9.24e-72,104,1,103,1,103,mobileOG_000377484,ygjN,WP_033636137.1,stability/transfer/defense,NA,Plasmid RefSeq,Homology,NODE_8_length_226149_cov_45.429076_161, 163514 # 163825 # 1 , 163514,163825,1 ,8_161,8,161,00,ATG,GGAG/GAGG,5-10bp,0.478,NODE_8_length_226149_cov_45.429076,mobileOG_000377484_NODE_8_length_226149_cov_45.429076
288,mobileOG_000376615|ygjN|WP_004937033.1|stability/transfer/defense|NA|Plasmid RefSeq|Homology,NODE_8_length_226149_cov_45.429076_161 # 163514 # 163825 # 1 # ID=8_161;partial=00;start_type=ATG;rbs_motif=GGAG/GAGG;rbs_spacer=5-10bp;gc_cont=0.478,98.1,210,103,3.77e-71,104,1,103,1,103,mobileOG_000376615,ygjN,WP_004937033.1,stability/transfer/defense,NA,Plasmid RefSeq,Homology,NODE_8_length_226149_cov_45.429076_161, 163514 # 163825 # 1 , 163514,163825,1 ,8_161,8,161,00,ATG,GGAG/GAGG,5-10bp,0.478,NODE_8_length_226149_cov_45.429076,mobileOG_000376615_NODE_8_length_226149_cov_45.429076
289,mobileOG_000364378|higA_3|WP_033636138.1|stability/transfer/defense|NA|Plasmid RefSeq|Homology,NODE_8_length_226149_cov_45.429076_162 # 163822 # 164244 # 1 # ID=8_162;partial=00;start_type=ATG;rbs_motif=AGGAG;rbs_spacer=5-10bp;gc_cont=0.537,97.9,264,140,2.58e-91,141,1,140,1,140,mobileOG_000364378,higA_3,WP_033636138.1,stability/transfer/defense,NA,Plasmid RefSeq,Homology,NODE_8_length_226149_cov_45.429076_162, 163822 # 164244 # 1 , 163822,164244,1 ,8_162,8,162,00,ATG,AGGAG,5-10bp,0.537,NODE_8_length_226149_cov_45.429076,mobileOG_000364378_NODE_8_length_226149_cov_45.429076
290,mobileOG_000362964|higA_3|WP_033644489.1|stability/transfer/defense|NA|Plasmid RefSeq|Homology,NODE_8_length_226149_cov_45.429076_162 # 163822 # 164244 # 1 # ID=8_162;partial=00;start_type=ATG;rbs_motif=AGGAG;rbs_spacer=5-10bp;gc_cont=0.537,96.4,259,140,1.23e-89,141,1,140,1,140,mobileOG_000362964,higA_3,WP_033644489.1,stability/transfer/defense,NA,Plasmid RefSeq,Homology,NODE_8_length_226149_cov_45.429076_162, 163822 # 164244 # 1 , 163822,164244,1 ,8_162,8,162,00,ATG,AGGAG,5-10bp,0.537,NODE_8_length_226149_cov_45.429076,mobileOG_000362964_NODE_8_length_226149_cov_45.429076
291,mobileOG_000003237|fis|WP_000462905.1|integration/excision|replication/recombination/repair|Multiple|Manual,NODE_8_length_226149_cov_45.429076_211 # 214256 # 214552 # 1 # ID=8_211;partial=00;start_type=ATG;rbs_motif=GGA/GAG/AGG;rbs_spacer=11-12bp;gc_cont=0.488,100,189,98,4.53e-63,99,1,98,1,98,mobileOG_000003237,fis,WP_000462905.1,integration/excision,replication/recombination/repair,Multiple,Manual,NODE_8_length_226149_cov_45.429076_211, 214256 # 214552 # 1 , 214256,214552,1 ,8_211,8,211,00,ATG,GGA/GAG/AGG,11-12bp,0.488,NODE_8_length_226149_cov_45.429076,mobileOG_000003237_NODE_8_length_226149_cov_45.429076
292,mobileOG_000353627|fis|WP_004240545.1|integration/excision|replication/recombination/repair|Plasmid RefSeq|Homology,NODE_8_length_226149_cov_45.429076_211 # 214256 # 214552 # 1 # ID=8_211;partial=00;start_type=ATG;rbs_motif=GGA/GAG/AGG;rbs_spacer=11-12bp;gc_cont=0.488,98.0,186,98,5.30e-62,99,1,98,1,98,mobileOG_000353627,fis,WP_004240545.1,integration/excision,replication/recombination/repair,Plasmid RefSeq,Homology,NODE_8_length_226149_cov_45.429076_211, 214256 # 214552 # 1 , 214256,214552,1 ,8_211,8,211,00,ATG,GGA/GAG/AGG,11-12bp,0.488,NODE_8_length_226149_cov_45.429076,mobileOG_000353627_NODE_8_length_226149_cov_45.429076
293,mobileOG_000026099|fis|Q8ZAX8|integration/excision|replication/recombination/repair|Plasmid RefSeq|Manual,NODE_8_length_226149_cov_45.429076_211 # 214256 # 214552 # 1 # ID=8_211;partial=00;start_type=ATG;rbs_motif=GGA/GAG/AGG;rbs_spacer=11-12bp;gc_cont=0.488,98.0,186,98,7.54e-62,99,1,98,1,98,mobileOG_000026099,fis,Q8ZAX8,integration/excision,replication/recombination/repair,Plasmid RefSeq,Manual,NODE_8_length_226149_cov_45.429076_211, 214256 # 214552 # 1 , 214256,214552,1 ,8_211,8,211,00,ATG,GGA/GAG/AGG,11-12bp,0.488,NODE_8_length_226149_cov_45.429076,mobileOG_000026099_NODE_8_length_226149_cov_45.429076
294,mobileOG_000012594|fis|WP_000462905.1|integration/excision|replication/recombination/repair|GPD|Manual,NODE_8_length_226149_cov_45.429076_211 # 214256 # 214552 # 1 # ID=8_211;partial=00;start_type=ATG;rbs_motif=GGA/GAG/AGG;rbs_spacer=11-12bp;gc_cont=0.488,100,179,93,3.60e-59,99,1,93,6,98,mobileOG_000012594,fis,WP_000462905.1,integration/excision,replication/recombination/repair,GPD,Manual,NODE_8_length_226149_cov_45.429076_211, 214256 # 214552 # 1 , 214256,214552,1 ,8_211,8,211,00,ATG,GGA/GAG/AGG,11-12bp,0.488,NODE_8_length_226149_cov_45.429076,mobileOG_000012594_NODE_8_length_226149_cov_45.429076
295,mobileOG_000299146|K|WP_101453919.1|phage|structural|Plasmid RefSeq|Homology,NODE_9_length_220466_cov_38.290886_17 # 23102 # 23806 # -1 # ID=9_17;partial=00;start_type=ATG;rbs_motif=AGxAGG/AGGxGG;rbs_spacer=5-10bp;gc_cont=0.609,91.9,475,234,6.35e-172,235,1,234,1,234,mobileOG_000299146,K,WP_101453919.1,phage,structural,Plasmid RefSeq,Homology,NODE_9_length_220466_cov_38.290886_17, 23102 # 23806 # -1 , 23102,23806,-1 ,9_17,9,17,00,ATG,AGxAGG/AGGxGG,5-10bp,0.609,NODE_9_length_220466_cov_38.290886,mobileOG_000299146_NODE_9_length_220466_cov_38.290886
296,mobileOG_000189151|K|A0A2V4G1Y2|phage|structural|GPD|Homology,NODE_9_length_220466_cov_38.290886_17 # 23102 # 23806 # -1 # ID=9_17;partial=00;start_type=ATG;rbs_motif=AGxAGG/AGGxGG;rbs_spacer=5-10bp;gc_cont=0.609,91.0,474,234,1.82e-171,235,1,234,1,234,mobileOG_000189151,K,A0A2V4G1Y2,phage,structural,GPD,Homology,NODE_9_length_220466_cov_38.290886_17, 23102 # 23806 # -1 , 23102,23806,-1 ,9_17,9,17,00,ATG,AGxAGG/AGGxGG,5-10bp,0.609,NODE_9_length_220466_cov_38.290886,mobileOG_000189151_NODE_9_length_220466_cov_38.290886
297,mobileOG_000189152|thmL|WP_047574429.1|phage|structural|GPD|Homology,NODE_9_length_220466_cov_38.290886_18 # 23816 # 24565 # -1 # ID=9_18;partial=00;start_type=ATG;rbs_motif=GGxGG;rbs_spacer=5-10bp;gc_cont=0.636,90.4,481,249,7.34e-174,250,1,249,1,249,mobileOG_000189152,thmL,WP_047574429.1,phage,structural,GPD,Homology,NODE_9_length_220466_cov_38.290886_18, 23816 # 24565 # -1 , 23816,24565,-1 ,9_18,9,18,00,ATG,GGxGG,5-10bp,0.636,NODE_9_length_220466_cov_38.290886,mobileOG_000189152_NODE_9_length_220466_cov_38.290886
298,mobileOG_000281328|thmL|WP_047574429.1|phage|structural|Plasmid RefSeq|Homology,NODE_9_length_220466_cov_38.290886_18 # 23816 # 24565 # -1 # ID=9_18;partial=00;start_type=ATG;rbs_motif=GGxGG;rbs_spacer=5-10bp;gc_cont=0.636,90.4,481,250,7.61e-174,250,2,250,1,249,mobileOG_000281328,thmL,WP_047574429.1,phage,structural,Plasmid RefSeq,Homology,NODE_9_length_220466_cov_38.290886_18, 23816 # 24565 # -1 , 23816,24565,-1 ,9_18,9,18,00,ATG,GGxGG,5-10bp,0.636,NODE_9_length_220466_cov_38.290886,mobileOG_000281328_NODE_9_length_220466_cov_38.290886
299,mobileOG_000596591|NA:Keyword|A0A0P0QH13|phage|NA|GPD|Keyword Search,NODE_9_length_220466_cov_38.290886_22 # 28168 # 28623 # -1 # ID=9_22;partial=00;start_type=ATG;rbs_motif=GGA/GAG/AGG;rbs_spacer=5-10bp;gc_cont=0.581,92.1,282,151,3.99e-98,152,1,151,1,151,mobileOG_000596591,NA:Keyword,A0A0P0QH13,phage,NA,GPD,Keyword Search,NODE_9_length_220466_cov_38.290886_22, 28168 # 28623 # -1 , 28168,28623,-1 ,9_22,9,22,00,ATG,GGA/GAG/AGG,5-10bp,0.581,NODE_9_length_220466_cov_38.290886,mobileOG_000596591_NODE_9_length_220466_cov_38.290886
300,mobileOG_000368510|gyrA|WP_004935906.1|replication/recombination/repair|NA|Plasmid RefSeq|Homology,NODE_9_length_220466_cov_38.290886_39 # 44692 # 47334 # -1 # ID=9_39;partial=00;start_type=ATG;rbs_motif=GGA/GAG/AGG;rbs_spacer=5-10bp;gc_cont=0.605,99.9,1558,880,0.0,881,1,880,1,880,mobileOG_000368510,gyrA,WP_004935906.1,replication/recombination/repair,NA,Plasmid RefSeq,Homology,NODE_9_length_220466_cov_38.290886_39, 44692 # 47334 # -1 , 44692,47334,-1 ,9_39,9,39,00,ATG,GGA/GAG/AGG,5-10bp,0.605,NODE_9_length_220466_cov_38.290886,mobileOG_000368510_NODE_9_length_220466_cov_38.290886
301,mobileOG_000353677|gyrA|WP_101453951.1|replication/recombination/repair|NA|Plasmid RefSeq|Homology,NODE_9_length_220466_cov_38.290886_39 # 44692 # 47334 # -1 # ID=9_39;partial=00;start_type=ATG;rbs_motif=GGA/GAG/AGG;rbs_spacer=5-10bp;gc_cont=0.605,99.7,1555,880,0.0,881,1,880,1,880,mobileOG_000353677,gyrA,WP_101453951.1,replication/recombination/repair,NA,Plasmid RefSeq,Homology,NODE_9_length_220466_cov_38.290886_39, 44692 # 47334 # -1 , 44692,47334,-1 ,9_39,9,39,00,ATG,GGA/GAG/AGG,5-10bp,0.605,NODE_9_length_220466_cov_38.290886,mobileOG_000353677_NODE_9_length_220466_cov_38.290886
302,mobileOG_000356476|srnB|WP_004935921.1|stability/transfer/defense|NA|Plasmid RefSeq|Homology,NODE_9_length_220466_cov_38.290886_44 # 52521 # 52673 # -1 # ID=9_44;partial=00;start_type=ATG;rbs_motif=AGGAG;rbs_spacer=5-10bp;gc_cont=0.425,100,100,50,4.02e-29,51,1,50,1,50,mobileOG_000356476,srnB,WP_004935921.1,stability/transfer/defense,NA,Plasmid RefSeq,Homology,NODE_9_length_220466_cov_38.290886_44, 52521 # 52673 # -1 , 52521,52673,-1 ,9_44,9,44,00,ATG,AGGAG,5-10bp,0.425,NODE_9_length_220466_cov_38.290886,mobileOG_000356476_NODE_9_length_220466_cov_38.290886
303,mobileOG_000555868|NA:Keyword|WP_033648105.1|stability/transfer/defense|NA|GPD|Keyword Search,NODE_9_length_220466_cov_38.290886_179 # 191547 # 191984 # 1 # ID=9_179;partial=00;start_type=ATG;rbs_motif=GGA/GAG/AGG;rbs_spacer=5-10bp;gc_cont=0.600,94.5,276,145,4.94e-96,146,1,145,1,145,mobileOG_000555868,NA:Keyword,WP_033648105.1,stability/transfer/defense,NA,GPD,Keyword Search,NODE_9_length_220466_cov_38.290886_179, 191547 # 191984 # 1 , 191547,191984,1 ,9_179,9,179,00,ATG,GGA/GAG/AGG,5-10bp,0.600,NODE_9_length_220466_cov_38.290886,mobileOG_000555868_NODE_9_length_220466_cov_38.290886
304,mobileOG_000748214|NA:Keyword|WP_033648105.1|stability/transfer/defense|NA|Plasmid RefSeq|Keyword Search,NODE_9_length_220466_cov_38.290886_179 # 191547 # 191984 # 1 # ID=9_179;partial=00;start_type=ATG;rbs_motif=GGA/GAG/AGG;rbs_spacer=5-10bp;gc_cont=0.600,94.5,275,145,9.96e-96,146,1,145,1,145,mobileOG_000748214,NA:Keyword,WP_033648105.1,stability/transfer/defense,NA,Plasmid RefSeq,Keyword Search,NODE_9_length_220466_cov_38.290886_179, 191547 # 191984 # 1 , 191547,191984,1 ,9_179,9,179,00,ATG,GGA/GAG/AGG,5-10bp,0.600,NODE_9_length_220466_cov_38.290886,mobileOG_000748214_NODE_9_length_220466_cov_38.290886
305,mobileOG_000323577|comM|WP_101427545.1|transfer|competence|Plasmid RefSeq|Homology,NODE_10_length_217349_cov_49.079223_3 # 1778 # 3301 # -1 # ID=10_3;partial=00;start_type=ATG;rbs_motif=AGGAG;rbs_spacer=5-10bp;gc_cont=0.640,97.2,942,507,0.0,508,1,507,1,507,mobileOG_000323577,comM,WP_101427545.1,transfer,competence,Plasmid RefSeq,Homology,NODE_10_length_217349_cov_49.079223_3, 1778 # 3301 # -1 , 1778,3301,-1 ,10_3,10,3,00,ATG,AGGAG,5-10bp,0.640,NODE_10_length_217349_cov_49.079223,mobileOG_000323577_NODE_10_length_217349_cov_49.079223
306,mobileOG_000323580|comM|WP_033649962.1|transfer|competence|Plasmid RefSeq|Homology,NODE_10_length_217349_cov_49.079223_3 # 1778 # 3301 # -1 # ID=10_3;partial=00;start_type=ATG;rbs_motif=AGGAG;rbs_spacer=5-10bp;gc_cont=0.640,97.0,937,507,0.0,508,1,507,1,507,mobileOG_000323580,comM,WP_033649962.1,transfer,competence,Plasmid RefSeq,Homology,NODE_10_length_217349_cov_49.079223_3, 1778 # 3301 # -1 , 1778,3301,-1 ,10_3,10,3,00,ATG,AGGAG,5-10bp,0.640,NODE_10_length_217349_cov_49.079223,mobileOG_000323580_NODE_10_length_217349_cov_49.079223
307,mobileOG_000351512|comM|WP_101452725.1|transfer|competence|Plasmid RefSeq|Homology,NODE_10_length_217349_cov_49.079223_3 # 1778 # 3301 # -1 # ID=10_3;partial=00;start_type=ATG;rbs_motif=AGGAG;rbs_spacer=5-10bp;gc_cont=0.640,93.9,908,507,0.0,508,1,507,1,507,mobileOG_000351512,comM,WP_101452725.1,transfer,competence,Plasmid RefSeq,Homology,NODE_10_length_217349_cov_49.079223_3, 1778 # 3301 # -1 , 1778,3301,-1 ,10_3,10,3,00,ATG,AGGAG,5-10bp,0.640,NODE_10_length_217349_cov_49.079223,mobileOG_000351512_NODE_10_length_217349_cov_49.079223
308,mobileOG_000754507|NA:Keyword|WP_016930391.1|transfer|NA|Plasmid RefSeq|Keyword Search,NODE_10_length_217349_cov_49.079223_99 # 121954 # 122790 # -1 # ID=10_99;partial=00;start_type=ATG;rbs_motif=GGA/GAG/AGG;rbs_spacer=5-10bp;gc_cont=0.618,98.2,558,278,2.23e-203,279,1,278,1,278,mobileOG_000754507,NA:Keyword,WP_016930391.1,transfer,NA,Plasmid RefSeq,Keyword Search,NODE_10_length_217349_cov_49.079223_99, 121954 # 122790 # -1 , 121954,122790,-1 ,10_99,10,99,00,ATG,GGA/GAG/AGG,5-10bp,0.618,NODE_10_length_217349_cov_49.079223,mobileOG_000754507_NODE_10_length_217349_cov_49.079223
309,mobileOG_000755095|NA:Keyword|WP_033651754.1|transfer|NA|Plasmid RefSeq|Keyword Search,NODE_10_length_217349_cov_49.079223_99 # 121954 # 122790 # -1 # ID=10_99;partial=00;start_type=ATG;rbs_motif=GGA/GAG/AGG;rbs_spacer=5-10bp;gc_cont=0.618,97.8,558,278,3.17e-203,279,1,278,1,278,mobileOG_000755095,NA:Keyword,WP_033651754.1,transfer,NA,Plasmid RefSeq,Keyword Search,NODE_10_length_217349_cov_49.079223_99, 121954 # 122790 # -1 , 121954,122790,-1 ,10_99,10,99,00,ATG,GGA/GAG/AGG,5-10bp,0.618,NODE_10_length_217349_cov_49.079223,mobileOG_000755095_NODE_10_length_217349_cov_49.079223
310,mobileOG_000756355|NA:Keyword|WP_039569119.1|transfer|NA|Plasmid RefSeq|Keyword Search,NODE_10_length_217349_cov_49.079223_99 # 121954 # 122790 # -1 # ID=10_99;partial=00;start_type=ATG;rbs_motif=GGA/GAG/AGG;rbs_spacer=5-10bp;gc_cont=0.618,97.5,553,278,3.04e-201,279,1,278,1,278,mobileOG_000756355,NA:Keyword,WP_039569119.1,transfer,NA,Plasmid RefSeq,Keyword Search,NODE_10_length_217349_cov_49.079223_99, 121954 # 122790 # -1 , 121954,122790,-1 ,10_99,10,99,00,ATG,GGA/GAG/AGG,5-10bp,0.618,NODE_10_length_217349_cov_49.079223,mobileOG_000756355_NODE_10_length_217349_cov_49.079223
311,mobileOG_000365493|dam_1|WP_004930319.1|stability/transfer/defense|NA|Plasmid RefSeq|Homology,NODE_10_length_217349_cov_49.079223_142 # 168286 # 169098 # 1 # ID=10_142;partial=00;start_type=ATG;rbs_motif=None;rbs_spacer=None;gc_cont=0.555,98.9,542,270,3.04e-197,271,1,270,1,270,mobileOG_000365493,dam_1,WP_004930319.1,stability/transfer/defense,NA,Plasmid RefSeq,Homology,NODE_10_length_217349_cov_49.079223_142, 168286 # 169098 # 1 , 168286,169098,1 ,10_142,10,142,00,ATG,None,None,0.555,NODE_10_length_217349_cov_49.079223,mobileOG_000365493_NODE_10_length_217349_cov_49.079223
312,mobileOG_000365501|dam_1|WP_033636297.1|stability/transfer/defense|NA|Plasmid RefSeq|Homology,NODE_10_length_217349_cov_49.079223_142 # 168286 # 169098 # 1 # ID=10_142;partial=00;start_type=ATG;rbs_motif=None;rbs_spacer=None;gc_cont=0.555,98.5,540,270,2.49e-196,271,1,270,1,270,mobileOG_000365501,dam_1,WP_033636297.1,stability/transfer/defense,NA,Plasmid RefSeq,Homology,NODE_10_length_217349_cov_49.079223_142, 168286 # 169098 # 1 , 168286,169098,1 ,10_142,10,142,00,ATG,None,None,0.555,NODE_10_length_217349_cov_49.079223,mobileOG_000365501_NODE_10_length_217349_cov_49.079223
313,mobileOG_000365508|dam_1|WP_047573438.1|stability/transfer/defense|NA|Plasmid RefSeq|Homology,NODE_10_length_217349_cov_49.079223_142 # 168286 # 169098 # 1 # ID=10_142;partial=00;start_type=ATG;rbs_motif=None;rbs_spacer=None;gc_cont=0.555,98.5,540,270,2.49e-196,271,1,270,1,270,mobileOG_000365508,dam_1,WP_047573438.1,stability/transfer/defense,NA,Plasmid RefSeq,Homology,NODE_10_length_217349_cov_49.079223_142, 168286 # 169098 # 1 , 168286,169098,1 ,10_142,10,142,00,ATG,None,None,0.555,NODE_10_length_217349_cov_49.079223,mobileOG_000365508_NODE_10_length_217349_cov_49.079223
314,"mobileOG_000329633|hflD|WP_033638217.1|phage|infection,regulation|Plasmid RefSeq|Homology",NODE_11_length_202870_cov_33.662621_2 # 1504 # 2130 # -1 # ID=11_2;partial=00;start_type=GTG;rbs_motif=AGGAG;rbs_spacer=5-10bp;gc_cont=0.606,98.6,399,208,1.89e-142,209,1,208,1,208,mobileOG_000329633,hflD,WP_033638217.1,phage,"infection,regulation",Plasmid RefSeq,Homology,NODE_11_length_202870_cov_33.662621_2, 1504 # 2130 # -1 , 1504,2130,-1 ,11_2,11,2,00,GTG,AGGAG,5-10bp,0.606,NODE_11_length_202870_cov_33.662621,mobileOG_000329633_NODE_11_length_202870_cov_33.662621
315,"mobileOG_000026495|ihfA|A8GDR1|integration/excision|regulation,lysis/lysogeny|Plasmid RefSeq|Manual",NODE_11_length_202870_cov_33.662621_120 # 116526 # 116822 # 1 # ID=11_120;partial=00;start_type=ATG;rbs_motif=GGAG/GAGG;rbs_spacer=5-10bp;gc_cont=0.549,100,194,98,4.71e-65,99,1,98,1,98,mobileOG_000026495,ihfA,A8GDR1,integration/excision,"regulation,lysis/lysogeny",Plasmid RefSeq,Manual,NODE_11_length_202870_cov_33.662621_120, 116526 # 116822 # 1 , 116526,116822,1 ,11_120,11,120,00,ATG,GGAG/GAGG,5-10bp,0.549,NODE_11_length_202870_cov_33.662621,mobileOG_000026495_NODE_11_length_202870_cov_33.662621
316,"mobileOG_000022000|ihfA|WP_001229265.1|integration/excision|regulation,lysis/lysogeny|Multiple|Manual",NODE_11_length_202870_cov_33.662621_120 # 116526 # 116822 # 1 # ID=11_120;partial=00;start_type=ATG;rbs_motif=GGAG/GAGG;rbs_spacer=5-10bp;gc_cont=0.549,95.9,186,99,5.47e-62,99,1,97,1,97,mobileOG_000022000,ihfA,WP_001229265.1,integration/excision,"regulation,lysis/lysogeny",Multiple,Manual,NODE_11_length_202870_cov_33.662621_120, 116526 # 116822 # 1 , 116526,116822,1 ,11_120,11,120,00,ATG,GGAG/GAGG,5-10bp,0.549,NODE_11_length_202870_cov_33.662621,mobileOG_000022000_NODE_11_length_202870_cov_33.662621
317,"mobileOG_000025015|ihfA|WP_003857805.1|integration/excision|regulation,lysis/lysogeny|Multiple|Manual",NODE_11_length_202870_cov_33.662621_120 # 116526 # 116822 # 1 # ID=11_120;partial=00;start_type=ATG;rbs_motif=GGAG/GAGG;rbs_spacer=5-10bp;gc_cont=0.549,94.8,185,99,1.57e-61,99,1,97,1,97,mobileOG_000025015,ihfA,WP_003857805.1,integration/excision,"regulation,lysis/lysogeny",Multiple,Manual,NODE_11_length_202870_cov_33.662621_120, 116526 # 116822 # 1 , 116526,116822,1 ,11_120,11,120,00,ATG,GGAG/GAGG,5-10bp,0.549,NODE_11_length_202870_cov_33.662621,mobileOG_000025015_NODE_11_length_202870_cov_33.662621
318,"mobileOG_000015162|ihfA|WP_001229265.1|integration/excision|regulation,lysis/lysogeny|GPD|Manual",NODE_11_length_202870_cov_33.662621_120 # 116526 # 116822 # 1 # ID=11_120;partial=00;start_type=ATG;rbs_motif=GGAG/GAGG;rbs_spacer=5-10bp;gc_cont=0.549,95.8,183,97,1.21e-60,99,1,95,3,97,mobileOG_000015162,ihfA,WP_001229265.1,integration/excision,"regulation,lysis/lysogeny",GPD,Manual,NODE_11_length_202870_cov_33.662621_120, 116526 # 116822 # 1 , 116526,116822,1 ,11_120,11,120,00,ATG,GGAG/GAGG,5-10bp,0.549,NODE_11_length_202870_cov_33.662621,mobileOG_000015162_NODE_11_length_202870_cov_33.662621
319,mobileOG_000377761|Alpha|WP_060437025.1|phage|replication/recombination/repair|Plasmid RefSeq|Homology,NODE_12_length_179566_cov_50.191689_50 # 60461 # 62806 # -1 # ID=12_50;partial=00;start_type=ATG;rbs_motif=AGGAG;rbs_spacer=5-10bp;gc_cont=0.652,93.0,1446,777,0.0,782,1,776,1,781,mobileOG_000377761,Alpha,WP_060437025.1,phage,replication/recombination/repair,Plasmid RefSeq,Homology,NODE_12_length_179566_cov_50.191689_50, 60461 # 62806 # -1 , 60461,62806,-1 ,12_50,12,50,00,ATG,AGGAG,5-10bp,0.652,NODE_12_length_179566_cov_50.191689,mobileOG_000377761_NODE_12_length_179566_cov_50.191689
320,mobileOG_000277277|Alpha|WP_101452801.1|phage|replication/recombination/repair|Plasmid RefSeq|Homology,NODE_12_length_179566_cov_50.191689_50 # 60461 # 62806 # -1 # ID=12_50;partial=00;start_type=ATG;rbs_motif=AGGAG;rbs_spacer=5-10bp;gc_cont=0.652,91.8,1429,777,0.0,782,1,774,1,779,mobileOG_000277277,Alpha,WP_101452801.1,phage,replication/recombination/repair,Plasmid RefSeq,Homology,NODE_12_length_179566_cov_50.191689_50, 60461 # 62806 # -1 , 60461,62806,-1 ,12_50,12,50,00,ATG,AGGAG,5-10bp,0.652,NODE_12_length_179566_cov_50.191689,mobileOG_000277277_NODE_12_length_179566_cov_50.191689
321,"mobileOG_000344736|cI|WP_101456594.1|phage|replication,transfer|Plasmid RefSeq|Homology",NODE_12_length_179566_cov_50.191689_53 # 63410 # 63601 # -1 # ID=12_53;partial=00;start_type=ATG;rbs_motif=AGGAG;rbs_spacer=5-10bp;gc_cont=0.620,95.2,115,170,2.28e-33,64,108,170,1,63,mobileOG_000344736,cI,WP_101456594.1,phage,"replication,transfer",Plasmid RefSeq,Homology,NODE_12_length_179566_cov_50.191689_53, 63410 # 63601 # -1 , 63410,63601,-1 ,12_53,12,53,00,ATG,AGGAG,5-10bp,0.620,NODE_12_length_179566_cov_50.191689,mobileOG_000344736_NODE_12_length_179566_cov_50.191689
322,"mobileOG_000344734|cI|WP_101452798.1|phage|replication,transfer|Plasmid RefSeq|Homology",NODE_12_length_179566_cov_50.191689_53 # 63410 # 63601 # -1 # ID=12_53;partial=00;start_type=ATG;rbs_motif=AGGAG;rbs_spacer=5-10bp;gc_cont=0.620,92.1,111,181,1.00e-31,64,119,181,1,63,mobileOG_000344734,cI,WP_101452798.1,phage,"replication,transfer",Plasmid RefSeq,Homology,NODE_12_length_179566_cov_50.191689_53, 63410 # 63601 # -1 , 63410,63601,-1 ,12_53,12,53,00,ATG,AGGAG,5-10bp,0.620,NODE_12_length_179566_cov_50.191689,mobileOG_000344734_NODE_12_length_179566_cov_50.191689
323,mobileOG_000306384|alpA|WP_060427858.1|integration/excision|regulation|Plasmid RefSeq|Homology,NODE_12_length_179566_cov_50.191689_55 # 64203 # 64466 # -1 # ID=12_55;partial=00;start_type=ATG;rbs_motif=GGAG/GAGG;rbs_spacer=5-10bp;gc_cont=0.629,95.3,164,87,1.70e-53,88,1,86,1,86,mobileOG_000306384,alpA,WP_060427858.1,integration/excision,regulation,Plasmid RefSeq,Homology,NODE_12_length_179566_cov_50.191689_55, 64203 # 64466 # -1 , 64203,64466,-1 ,12_55,12,55,00,ATG,GGAG/GAGG,5-10bp,0.629,NODE_12_length_179566_cov_50.191689,mobileOG_000306384_NODE_12_length_179566_cov_50.191689
324,mobileOG_000308861|alpA|WP_101452796.1|integration/excision|regulation|Plasmid RefSeq|Homology,NODE_12_length_179566_cov_50.191689_55 # 64203 # 64466 # -1 # ID=12_55;partial=00;start_type=ATG;rbs_motif=GGAG/GAGG;rbs_spacer=5-10bp;gc_cont=0.629,94.2,163,87,4.86e-53,88,1,86,1,86,mobileOG_000308861,alpA,WP_101452796.1,integration/excision,regulation,Plasmid RefSeq,Homology,NODE_12_length_179566_cov_50.191689_55, 64203 # 64466 # -1 , 64203,64466,-1 ,12_55,12,55,00,ATG,GGAG/GAGG,5-10bp,0.629,NODE_12_length_179566_cov_50.191689,mobileOG_000308861_NODE_12_length_179566_cov_50.191689
325,mobileOG_000313841|tag|WP_033636547.1|replication/recombination/repair|NA|Plasmid RefSeq|Homology,NODE_12_length_179566_cov_50.191689_87 # 102662 # 103228 # 1 # ID=12_87;partial=00;start_type=ATG;rbs_motif=GGA/GAG/AGG;rbs_spacer=5-10bp;gc_cont=0.593,96.3,385,188,6.27e-138,189,1,188,1,188,mobileOG_000313841,tag,WP_033636547.1,replication/recombination/repair,NA,Plasmid RefSeq,Homology,NODE_12_length_179566_cov_50.191689_87, 102662 # 103228 # 1 , 102662,103228,1 ,12_87,12,87,00,ATG,GGA/GAG/AGG,5-10bp,0.593,NODE_12_length_179566_cov_50.191689,mobileOG_000313841_NODE_12_length_179566_cov_50.191689
326,mobileOG_000351490|tag|WP_033652312.1|replication/recombination/repair|NA|Plasmid RefSeq|Homology,NODE_12_length_179566_cov_50.191689_87 # 102662 # 103228 # 1 # ID=12_87;partial=00;start_type=ATG;rbs_motif=GGA/GAG/AGG;rbs_spacer=5-10bp;gc_cont=0.593,95.2,379,188,1.73e-135,189,1,188,1,188,mobileOG_000351490,tag,WP_033652312.1,replication/recombination/repair,NA,Plasmid RefSeq,Homology,NODE_12_length_179566_cov_50.191689_87, 102662 # 103228 # 1 , 102662,103228,1 ,12_87,12,87,00,ATG,GGA/GAG/AGG,5-10bp,0.593,NODE_12_length_179566_cov_50.191689,mobileOG_000351490_NODE_12_length_179566_cov_50.191689
327,mobileOG_000353692|gyrB|WP_033636532.1|replication/recombination/repair|transfer|Plasmid RefSeq|Homology,NODE_12_length_179566_cov_50.191689_109 # 122676 # 125090 # -1 # ID=12_109;partial=00;start_type=ATG;rbs_motif=GGA/GAG/AGG;rbs_spacer=5-10bp;gc_cont=0.597,99.6,1586,804,0.0,805,1,804,1,804,mobileOG_000353692,gyrB,WP_033636532.1,replication/recombination/repair,transfer,Plasmid RefSeq,Homology,NODE_12_length_179566_cov_50.191689_109, 122676 # 125090 # -1 , 122676,125090,-1 ,12_109,12,109,00,ATG,GGA/GAG/AGG,5-10bp,0.597,NODE_12_length_179566_cov_50.191689,mobileOG_000353692_NODE_12_length_179566_cov_50.191689
328,mobileOG_000353686|gyrB|WP_004933898.1|replication/recombination/repair|transfer|Plasmid RefSeq|Homology,NODE_12_length_179566_cov_50.191689_109 # 122676 # 125090 # -1 # ID=12_109;partial=00;start_type=ATG;rbs_motif=GGA/GAG/AGG;rbs_spacer=5-10bp;gc_cont=0.597,99.5,1584,804,0.0,805,1,804,1,804,mobileOG_000353686,gyrB,WP_004933898.1,replication/recombination/repair,transfer,Plasmid RefSeq,Homology,NODE_12_length_179566_cov_50.191689_109, 122676 # 125090 # -1 , 122676,125090,-1 ,12_109,12,109,00,ATG,GGA/GAG/AGG,5-10bp,0.597,NODE_12_length_179566_cov_50.191689,mobileOG_000353686_NODE_12_length_179566_cov_50.191689
329,mobileOG_000353683|gyrB|WP_002209642.1|replication/recombination/repair|transfer|Plasmid RefSeq|Homology,NODE_12_length_179566_cov_50.191689_109 # 122676 # 125090 # -1 # ID=12_109;partial=00;start_type=ATG;rbs_motif=GGA/GAG/AGG;rbs_spacer=5-10bp;gc_cont=0.597,90.5,1451,804,0.0,805,1,804,1,804,mobileOG_000353683,gyrB,WP_002209642.1,replication/recombination/repair,transfer,Plasmid RefSeq,Homology,NODE_12_length_179566_cov_50.191689_109, 122676 # 125090 # -1 , 122676,125090,-1 ,12_109,12,109,00,ATG,GGA/GAG/AGG,5-10bp,0.597,NODE_12_length_179566_cov_50.191689,mobileOG_000353683_NODE_12_length_179566_cov_50.191689
330,mobileOG_000351474|recF|WP_004933895.1|replication/recombination/repair|NA|Plasmid RefSeq|Homology,NODE_12_length_179566_cov_50.191689_110 # 125109 # 126194 # -1 # ID=12_110;partial=00;start_type=ATG;rbs_motif=GGA/GAG/AGG;rbs_spacer=5-10bp;gc_cont=0.616,99.7,710,361,1.23e-260,362,1,361,1,361,mobileOG_000351474,recF,WP_004933895.1,replication/recombination/repair,NA,Plasmid RefSeq,Homology,NODE_12_length_179566_cov_50.191689_110, 125109 # 126194 # -1 , 125109,126194,-1 ,12_110,12,110,00,ATG,GGA/GAG/AGG,5-10bp,0.616,NODE_12_length_179566_cov_50.191689,mobileOG_000351474_NODE_12_length_179566_cov_50.191689
331,mobileOG_000335523|recF|WP_033653950.1|replication/recombination/repair|NA|Plasmid RefSeq|Homology,NODE_12_length_179566_cov_50.191689_110 # 125109 # 126194 # -1 # ID=12_110;partial=00;start_type=ATG;rbs_motif=GGA/GAG/AGG;rbs_spacer=5-10bp;gc_cont=0.616,99.4,709,361,3.53e-260,362,1,361,1,361,mobileOG_000335523,recF,WP_033653950.1,replication/recombination/repair,NA,Plasmid RefSeq,Homology,NODE_12_length_179566_cov_50.191689_110, 125109 # 126194 # -1 , 125109,126194,-1 ,12_110,12,110,00,ATG,GGA/GAG/AGG,5-10bp,0.616,NODE_12_length_179566_cov_50.191689,mobileOG_000335523_NODE_12_length_179566_cov_50.191689
332,mobileOG_000026075|recF|Q8Z9U9|replication/recombination/repair|NA|Plasmid RefSeq|Manual,NODE_12_length_179566_cov_50.191689_110 # 125109 # 126194 # -1 # ID=12_110;partial=00;start_type=ATG;rbs_motif=GGA/GAG/AGG;rbs_spacer=5-10bp;gc_cont=0.616,93.1,669,361,3.56e-244,362,1,361,1,361,mobileOG_000026075,recF,Q8Z9U9,replication/recombination/repair,NA,Plasmid RefSeq,Manual,NODE_12_length_179566_cov_50.191689_110, 125109 # 126194 # -1 , 125109,126194,-1 ,12_110,12,110,00,ATG,GGA/GAG/AGG,5-10bp,0.616,NODE_12_length_179566_cov_50.191689,mobileOG_000026075_NODE_12_length_179566_cov_50.191689
333,mobileOG_000368509|dnaN|WP_004933892.1|replication/recombination/repair|NA|Plasmid RefSeq|Homology,NODE_12_length_179566_cov_50.191689_111 # 126240 # 127340 # -1 # ID=12_111;partial=00;start_type=ATG;rbs_motif=None;rbs_spacer=None;gc_cont=0.632,100,711,366,1.28e-260,367,1,366,1,366,mobileOG_000368509,dnaN,WP_004933892.1,replication/recombination/repair,NA,Plasmid RefSeq,Homology,NODE_12_length_179566_cov_50.191689_111, 126240 # 127340 # -1 , 126240,127340,-1 ,12_111,12,111,00,ATG,None,None,0.632,NODE_12_length_179566_cov_50.191689,mobileOG_000368509_NODE_12_length_179566_cov_50.191689
334,mobileOG_000025545|dnaN|WP_000673464.1|replication/recombination/repair|NA|Multiple|Manual,NODE_12_length_179566_cov_50.191689_111 # 126240 # 127340 # -1 # ID=12_111;partial=00;start_type=ATG;rbs_motif=None;rbs_spacer=None;gc_cont=0.632,92.6,667,366,1.50e-243,367,1,366,1,366,mobileOG_000025545,dnaN,WP_000673464.1,replication/recombination/repair,NA,Multiple,Manual,NODE_12_length_179566_cov_50.191689_111, 126240 # 127340 # -1 , 126240,127340,-1 ,12_111,12,111,00,ATG,None,None,0.632,NODE_12_length_179566_cov_50.191689,mobileOG_000025545_NODE_12_length_179566_cov_50.191689
335,mobileOG_000351838|dnaN|WP_002209645.1|replication/recombination/repair|NA|Plasmid RefSeq|Homology,NODE_12_length_179566_cov_50.191689_111 # 126240 # 127340 # -1 # ID=12_111;partial=00;start_type=ATG;rbs_motif=None;rbs_spacer=None;gc_cont=0.632,93.7,667,366,1.50e-243,367,1,366,1,366,mobileOG_000351838,dnaN,WP_002209645.1,replication/recombination/repair,NA,Plasmid RefSeq,Homology,NODE_12_length_179566_cov_50.191689_111, 126240 # 127340 # -1 , 126240,127340,-1 ,12_111,12,111,00,ATG,None,None,0.632,NODE_12_length_179566_cov_50.191689,mobileOG_000351838_NODE_12_length_179566_cov_50.191689
336,mobileOG_000288418|dnaN|A0A422XA93|replication/recombination/repair|NA|Plasmid RefSeq|Homology,NODE_12_length_179566_cov_50.191689_111 # 126240 # 127340 # -1 # ID=12_111;partial=00;start_type=ATG;rbs_motif=None;rbs_spacer=None;gc_cont=0.632,90.4,659,366,3.38e-240,367,1,366,1,366,mobileOG_000288418,dnaN,A0A422XA93,replication/recombination/repair,NA,Plasmid RefSeq,Homology,NODE_12_length_179566_cov_50.191689_111, 126240 # 127340 # -1 , 126240,127340,-1 ,12_111,12,111,00,ATG,None,None,0.632,NODE_12_length_179566_cov_50.191689,mobileOG_000288418_NODE_12_length_179566_cov_50.191689
337,mobileOG_000288440|dnaN|WP_015570134.1|replication/recombination/repair|NA|Plasmid RefSeq|Homology,NODE_12_length_179566_cov_50.191689_111 # 126240 # 127340 # -1 # ID=12_111;partial=00;start_type=ATG;rbs_motif=None;rbs_spacer=None;gc_cont=0.632,90.2,657,366,1.38e-239,367,1,366,1,366,mobileOG_000288440,dnaN,WP_015570134.1,replication/recombination/repair,NA,Plasmid RefSeq,Homology,NODE_12_length_179566_cov_50.191689_111, 126240 # 127340 # -1 , 126240,127340,-1 ,12_111,12,111,00,ATG,None,None,0.632,NODE_12_length_179566_cov_50.191689,mobileOG_000288440_NODE_12_length_179566_cov_50.191689
338,mobileOG_000289030|dnaN|WP_008806743.1|replication/recombination/repair|NA|Plasmid RefSeq|Homology,NODE_12_length_179566_cov_50.191689_111 # 126240 # 127340 # -1 # ID=12_111;partial=00;start_type=ATG;rbs_motif=None;rbs_spacer=None;gc_cont=0.632,90.2,650,366,7.60e-237,367,1,366,1,366,mobileOG_000289030,dnaN,WP_008806743.1,replication/recombination/repair,NA,Plasmid RefSeq,Homology,NODE_12_length_179566_cov_50.191689_111, 126240 # 127340 # -1 , 126240,127340,-1 ,12_111,12,111,00,ATG,None,None,0.632,NODE_12_length_179566_cov_50.191689,mobileOG_000289030_NODE_12_length_179566_cov_50.191689
339,mobileOG_000334819|dnaN|WP_023279353.1|replication/recombination/repair|NA|Plasmid RefSeq|Homology,NODE_12_length_179566_cov_50.191689_111 # 126240 # 127340 # -1 # ID=12_111;partial=00;start_type=ATG;rbs_motif=None;rbs_spacer=None;gc_cont=0.632,90.4,650,366,7.60e-237,367,1,366,1,366,mobileOG_000334819,dnaN,WP_023279353.1,replication/recombination/repair,NA,Plasmid RefSeq,Homology,NODE_12_length_179566_cov_50.191689_111, 126240 # 127340 # -1 , 126240,127340,-1 ,12_111,12,111,00,ATG,None,None,0.632,NODE_12_length_179566_cov_50.191689,mobileOG_000334819_NODE_12_length_179566_cov_50.191689
340,mobileOG_000368508|dnaA|WP_004933889.1|replication/recombination/repair|NA|Plasmid RefSeq|Homology,NODE_12_length_179566_cov_50.191689_112 # 127345 # 128739 # -1 # ID=12_112;partial=00;start_type=GTG;rbs_motif=GGAG/GAGG;rbs_spacer=5-10bp;gc_cont=0.586,100,901,464,0.0,465,1,464,1,464,mobileOG_000368508,dnaA,WP_004933889.1,replication/recombination/repair,NA,Plasmid RefSeq,Homology,NODE_12_length_179566_cov_50.191689_112, 127345 # 128739 # -1 , 127345,128739,-1 ,12_112,12,112,00,GTG,GGAG/GAGG,5-10bp,0.586,NODE_12_length_179566_cov_50.191689,mobileOG_000368508_NODE_12_length_179566_cov_50.191689
341,mobileOG_000325760|dnaA|WP_049235245.1|replication/recombination/repair|NA|Plasmid RefSeq|Homology,NODE_12_length_179566_cov_50.191689_112 # 127345 # 128739 # -1 # ID=12_112;partial=00;start_type=GTG;rbs_motif=GGAG/GAGG;rbs_spacer=5-10bp;gc_cont=0.586,99.6,897,464,0.0,465,1,464,1,464,mobileOG_000325760,dnaA,WP_049235245.1,replication/recombination/repair,NA,Plasmid RefSeq,Homology,NODE_12_length_179566_cov_50.191689_112, 127345 # 128739 # -1 , 127345,128739,-1 ,12_112,12,112,00,GTG,GGAG/GAGG,5-10bp,0.586,NODE_12_length_179566_cov_50.191689,mobileOG_000325760_NODE_12_length_179566_cov_50.191689
342,mobileOG_000351845|dnaA|WP_002220732.1|replication/recombination/repair|NA|Plasmid RefSeq|Homology,NODE_12_length_179566_cov_50.191689_112 # 127345 # 128739 # -1 # ID=12_112;partial=00;start_type=GTG;rbs_motif=GGAG/GAGG;rbs_spacer=5-10bp;gc_cont=0.586,95.9,860,462,1.28e-316,465,1,462,1,464,mobileOG_000351845,dnaA,WP_002220732.1,replication/recombination/repair,NA,Plasmid RefSeq,Homology,NODE_12_length_179566_cov_50.191689_112, 127345 # 128739 # -1 , 127345,128739,-1 ,12_112,12,112,00,GTG,GGAG/GAGG,5-10bp,0.586,NODE_12_length_179566_cov_50.191689,mobileOG_000351845_NODE_12_length_179566_cov_50.191689
343,mobileOG_000288419|dnaA|WP_003861124.1|replication/recombination/repair|NA|Plasmid RefSeq|Homology,NODE_12_length_179566_cov_50.191689_112 # 127345 # 128739 # -1 # ID=12_112;partial=00;start_type=GTG;rbs_motif=GGAG/GAGG;rbs_spacer=5-10bp;gc_cont=0.586,93.3,838,464,1.36e-307,465,1,464,1,464,mobileOG_000288419,dnaA,WP_003861124.1,replication/recombination/repair,NA,Plasmid RefSeq,Homology,NODE_12_length_179566_cov_50.191689_112, 127345 # 128739 # -1 , 127345,128739,-1 ,12_112,12,112,00,GTG,GGAG/GAGG,5-10bp,0.586,NODE_12_length_179566_cov_50.191689,mobileOG_000288419_NODE_12_length_179566_cov_50.191689
344,mobileOG_000290312|dnaA|A0A156L3P6|replication/recombination/repair|NA|Plasmid RefSeq|Homology,NODE_12_length_179566_cov_50.191689_112 # 127345 # 128739 # -1 # ID=12_112;partial=00;start_type=GTG;rbs_motif=GGAG/GAGG;rbs_spacer=5-10bp;gc_cont=0.586,93.3,837,464,3.89e-307,465,1,464,1,464,mobileOG_000290312,dnaA,A0A156L3P6,replication/recombination/repair,NA,Plasmid RefSeq,Homology,NODE_12_length_179566_cov_50.191689_112, 127345 # 128739 # -1 , 127345,128739,-1 ,12_112,12,112,00,GTG,GGAG/GAGG,5-10bp,0.586,NODE_12_length_179566_cov_50.191689,mobileOG_000290312_NODE_12_length_179566_cov_50.191689
345,mobileOG_000327698|dnaA|ETJ17985.1|replication/recombination/repair|NA|Plasmid RefSeq|Homology,NODE_12_length_179566_cov_50.191689_112 # 127345 # 128739 # -1 # ID=12_112;partial=00;start_type=GTG;rbs_motif=GGAG/GAGG;rbs_spacer=5-10bp;gc_cont=0.586,92.7,828,467,1.39e-303,465,1,467,1,464,mobileOG_000327698,dnaA,ETJ17985.1,replication/recombination/repair,NA,Plasmid RefSeq,Homology,NODE_12_length_179566_cov_50.191689_112, 127345 # 128739 # -1 , 127345,128739,-1 ,12_112,12,112,00,GTG,GGAG/GAGG,5-10bp,0.586,NODE_12_length_179566_cov_50.191689,mobileOG_000327698_NODE_12_length_179566_cov_50.191689
346,mobileOG_000332967|dnaA|WP_004151534.1|replication/recombination/repair|NA|Plasmid RefSeq|Homology,NODE_12_length_179566_cov_50.191689_112 # 127345 # 128739 # -1 # ID=12_112;partial=00;start_type=GTG;rbs_motif=GGAG/GAGG;rbs_spacer=5-10bp;gc_cont=0.586,92.1,827,467,1.97e-303,465,1,467,1,464,mobileOG_000332967,dnaA,WP_004151534.1,replication/recombination/repair,NA,Plasmid RefSeq,Homology,NODE_12_length_179566_cov_50.191689_112, 127345 # 128739 # -1 , 127345,128739,-1 ,12_112,12,112,00,GTG,GGAG/GAGG,5-10bp,0.586,NODE_12_length_179566_cov_50.191689,mobileOG_000332967_NODE_12_length_179566_cov_50.191689
347,mobileOG_000327451|dnaA|WP_101416330.1|replication/recombination/repair|NA|Plasmid RefSeq|Homology,NODE_12_length_179566_cov_50.191689_112 # 127345 # 128739 # -1 # ID=12_112;partial=00;start_type=GTG;rbs_motif=GGAG/GAGG;rbs_spacer=5-10bp;gc_cont=0.586,91.9,825,467,2.30e-302,465,1,467,1,464,mobileOG_000327451,dnaA,WP_101416330.1,replication/recombination/repair,NA,Plasmid RefSeq,Homology,NODE_12_length_179566_cov_50.191689_112, 127345 # 128739 # -1 , 127345,128739,-1 ,12_112,12,112,00,GTG,GGAG/GAGG,5-10bp,0.586,NODE_12_length_179566_cov_50.191689,mobileOG_000327451_NODE_12_length_179566_cov_50.191689
348,mobileOG_000368507|rnpA|ECX89229.1|replication/recombination/repair|NA|Plasmid RefSeq|Homology,NODE_12_length_179566_cov_50.191689_113 # 129613 # 129939 # 1 # ID=12_113;partial=00;start_type=TTG;rbs_motif=GGAG/GAGG;rbs_spacer=5-10bp;gc_cont=0.572,99.1,215,119,5.68e-73,109,12,119,1,108,mobileOG_000368507,rnpA,ECX89229.1,replication/recombination/repair,NA,Plasmid RefSeq,Homology,NODE_12_length_179566_cov_50.191689_113, 129613 # 129939 # 1 , 129613,129939,1 ,12_113,12,113,00,TTG,GGAG/GAGG,5-10bp,0.572,NODE_12_length_179566_cov_50.191689,mobileOG_000368507_NODE_12_length_179566_cov_50.191689
349,mobileOG_000353841|rnpA|WP_002228153.1|replication/recombination/repair|NA|Plasmid RefSeq|Homology,NODE_12_length_179566_cov_50.191689_113 # 129613 # 129939 # 1 # ID=12_113;partial=00;start_type=TTG;rbs_motif=GGAG/GAGG;rbs_spacer=5-10bp;gc_cont=0.572,90.7,202,119,6.13e-68,109,12,119,1,108,mobileOG_000353841,rnpA,WP_002228153.1,replication/recombination/repair,NA,Plasmid RefSeq,Homology,NODE_12_length_179566_cov_50.191689_113, 129613 # 129939 # 1 , 129613,129939,1 ,12_113,12,113,00,TTG,GGAG/GAGG,5-10bp,0.572,NODE_12_length_179566_cov_50.191689,mobileOG_000353841_NODE_12_length_179566_cov_50.191689
350,mobileOG_000327810|xerD|WP_033638574.1|integration/excision|replication/recombination/repair|Plasmid RefSeq|Homology,NODE_13_length_173892_cov_42.617081_11 # 8339 # 9274 # 1 # ID=13_11;partial=00;start_type=ATG;rbs_motif=GGA/GAG/AGG;rbs_spacer=3-4bp;gc_cont=0.614,99.0,580,299,3.77e-211,312,1,299,13,311,mobileOG_000327810,xerD,WP_033638574.1,integration/excision,replication/recombination/repair,Plasmid RefSeq,Homology,NODE_13_length_173892_cov_42.617081_11, 8339 # 9274 # 1 , 8339,9274,1 ,13_11,13,11,00,ATG,GGA/GAG/AGG,3-4bp,0.614,NODE_13_length_173892_cov_42.617081,mobileOG_000327810_NODE_13_length_173892_cov_42.617081
351,mobileOG_000328805|recJ|WP_101427312.1|replication/recombination/repair|NA|Plasmid RefSeq|Homology,NODE_13_length_173892_cov_42.617081_13 # 10024 # 11757 # 1 # ID=13_13;partial=00;start_type=GTG;rbs_motif=GGxGG;rbs_spacer=5-10bp;gc_cont=0.678,99.3,1128,577,0.0,578,1,577,1,577,mobileOG_000328805,recJ,WP_101427312.1,replication/recombination/repair,NA,Plasmid RefSeq,Homology,NODE_13_length_173892_cov_42.617081_13, 10024 # 11757 # 1 , 10024,11757,1 ,13_13,13,13,00,GTG,GGxGG,5-10bp,0.678,NODE_13_length_173892_cov_42.617081,mobileOG_000328805_NODE_13_length_173892_cov_42.617081
352,mobileOG_000330963|mutH|WP_033635764.1|replication/recombination/repair|NA|Plasmid RefSeq|Homology,NODE_13_length_173892_cov_42.617081_77 # 81786 # 82472 # -1 # ID=13_77;partial=00;start_type=ATG;rbs_motif=GGA/GAG/AGG;rbs_spacer=5-10bp;gc_cont=0.632,97.8,447,228,5.40e-161,229,1,228,1,228,mobileOG_000330963,mutH,WP_033635764.1,replication/recombination/repair,NA,Plasmid RefSeq,Homology,NODE_13_length_173892_cov_42.617081_77, 81786 # 82472 # -1 , 81786,82472,-1 ,13_77,13,77,00,ATG,GGA/GAG/AGG,5-10bp,0.632,NODE_13_length_173892_cov_42.617081,mobileOG_000330963_NODE_13_length_173892_cov_42.617081
353,"mobileOG_000368528|thyA|WP_016929918.1|phage|replication,infection,regulation|Plasmid RefSeq|Homology",NODE_13_length_173892_cov_42.617081_81 # 87058 # 87852 # 1 # ID=13_81;partial=00;start_type=ATG;rbs_motif=GGAG/GAGG;rbs_spacer=5-10bp;gc_cont=0.579,99.2,550,264,2.41e-200,265,1,264,1,264,mobileOG_000368528,thyA,WP_016929918.1,phage,"replication,infection,regulation",Plasmid RefSeq,Homology,NODE_13_length_173892_cov_42.617081_81, 87058 # 87852 # 1 , 87058,87852,1 ,13_81,13,81,00,ATG,GGAG/GAGG,5-10bp,0.579,NODE_13_length_173892_cov_42.617081,mobileOG_000368528_NODE_13_length_173892_cov_42.617081
354,"mobileOG_000327877|thyA|WP_000816247.1|phage|replication,infection,regulation|Plasmid RefSeq|Homology",NODE_13_length_173892_cov_42.617081_81 # 87058 # 87852 # 1 # ID=13_81;partial=00;start_type=ATG;rbs_motif=GGAG/GAGG;rbs_spacer=5-10bp;gc_cont=0.579,90.2,506,264,5.80e-183,265,1,264,1,264,mobileOG_000327877,thyA,WP_000816247.1,phage,"replication,infection,regulation",Plasmid RefSeq,Homology,NODE_13_length_173892_cov_42.617081_81, 87058 # 87852 # 1 , 87058,87852,1 ,13_81,13,81,00,ATG,GGAG/GAGG,5-10bp,0.579,NODE_13_length_173892_cov_42.617081,mobileOG_000327877_NODE_13_length_173892_cov_42.617081
355,mobileOG_000327740|recC|WP_101427297.1|replication/recombination/repair|NA|Plasmid RefSeq|Homology,NODE_13_length_173892_cov_42.617081_86 # 89923 # 93294 # 1 # ID=13_86;partial=00;start_type=ATG;rbs_motif=AGGAG;rbs_spacer=5-10bp;gc_cont=0.619,98.8,2243,1123,0.0,1124,1,1123,1,1123,mobileOG_000327740,recC,WP_101427297.1,replication/recombination/repair,NA,Plasmid RefSeq,Homology,NODE_13_length_173892_cov_42.617081_86, 89923 # 93294 # 1 , 89923,93294,1 ,13_86,13,86,00,ATG,AGGAG,5-10bp,0.619,NODE_13_length_173892_cov_42.617081,mobileOG_000327740_NODE_13_length_173892_cov_42.617081
356,mobileOG_000336351|recB|WP_101427296.1|replication/recombination/repair|NA|Plasmid RefSeq|Homology,NODE_13_length_173892_cov_42.617081_88 # 96412 # 99963 # 1 # ID=13_88;partial=00;start_type=ATG;rbs_motif=None;rbs_spacer=None;gc_cont=0.632,97.9,2298,1183,0.0,1184,1,1183,1,1183,mobileOG_000336351,recB,WP_101427296.1,replication/recombination/repair,NA,Plasmid RefSeq,Homology,NODE_13_length_173892_cov_42.617081_88, 96412 # 99963 # 1 , 96412,99963,1 ,13_88,13,88,00,ATG,None,None,0.632,NODE_13_length_173892_cov_42.617081,mobileOG_000336351_NODE_13_length_173892_cov_42.617081
357,mobileOG_000329165|recD|WP_101427295.1|replication/recombination/repair|NA|Plasmid RefSeq|Homology,NODE_13_length_173892_cov_42.617081_89 # 99960 # 101810 # 1 # ID=13_89;partial=00;start_type=ATG;rbs_motif=GGAGG;rbs_spacer=5-10bp;gc_cont=0.667,97.7,1137,616,0.0,617,1,616,1,616,mobileOG_000329165,recD,WP_101427295.1,replication/recombination/repair,NA,Plasmid RefSeq,Homology,NODE_13_length_173892_cov_42.617081_89, 99960 # 101810 # 1 , 99960,101810,1 ,13_89,13,89,00,ATG,GGAGG,5-10bp,0.667,NODE_13_length_173892_cov_42.617081,mobileOG_000329165_NODE_13_length_173892_cov_42.617081
358,mobileOG_000354201|xni|WP_033635747.1|replication/recombination/repair|NA|Plasmid RefSeq|Homology,NODE_13_length_173892_cov_42.617081_100 # 112178 # 112936 # -1 # ID=13_100;partial=00;start_type=ATG;rbs_motif=None;rbs_spacer=None;gc_cont=0.657,98.8,498,252,3.66e-180,253,1,251,1,251,mobileOG_000354201,xni,WP_033635747.1,replication/recombination/repair,NA,Plasmid RefSeq,Homology,NODE_13_length_173892_cov_42.617081_100, 112178 # 112936 # -1 , 112178,112936,-1 ,13_100,13,100,00,ATG,None,None,0.657,NODE_13_length_173892_cov_42.617081,mobileOG_000354201_NODE_13_length_173892_cov_42.617081
359,mobileOG_000330119|bamA|WP_033635736.1|transfer|phage receptor|Plasmid RefSeq|Homology,NODE_13_length_173892_cov_42.617081_122 # 141431 # 143857 # 1 # ID=13_122;partial=00;start_type=ATG;rbs_motif=None;rbs_spacer=None;gc_cont=0.576,99.1,1608,808,0.0,809,1,808,1,808,mobileOG_000330119,bamA,WP_033635736.1,transfer,phage receptor,Plasmid RefSeq,Homology,NODE_13_length_173892_cov_42.617081_122, 141431 # 143857 # 1 , 141431,143857,1 ,13_122,13,122,00,ATG,None,None,0.576,NODE_13_length_173892_cov_42.617081,mobileOG_000330119_NODE_13_length_173892_cov_42.617081
360,mobileOG_000319969|rnhB|WP_049195379.1|replication/recombination/repair|NA|Plasmid RefSeq|Homology,NODE_13_length_173892_cov_42.617081_128 # 148094 # 148687 # 1 # ID=13_128;partial=00;start_type=ATG;rbs_motif=AGGA/GGAG/GAGG;rbs_spacer=11-12bp;gc_cont=0.655,99.0,378,197,1.40e-134,198,1,197,1,197,mobileOG_000319969,rnhB,WP_049195379.1,replication/recombination/repair,NA,Plasmid RefSeq,Homology,NODE_13_length_173892_cov_42.617081_128, 148094 # 148687 # 1 , 148094,148687,1 ,13_128,13,128,00,ATG,AGGA/GGAG/GAGG,11-12bp,0.655,NODE_13_length_173892_cov_42.617081,mobileOG_000319969_NODE_13_length_173892_cov_42.617081
361,mobileOG_000328298|dnaE|WP_048321892.1|replication/recombination/repair|NA|Plasmid RefSeq|Homology,NODE_13_length_173892_cov_42.617081_129 # 148770 # 152258 # 1 # ID=13_129;partial=00;start_type=ATG;rbs_motif=GGA/GAG/AGG;rbs_spacer=5-10bp;gc_cont=0.604,99.7,2311,1162,0.0,1163,1,1162,1,1162,mobileOG_000328298,dnaE,WP_048321892.1,replication/recombination/repair,NA,Plasmid RefSeq,Homology,NODE_13_length_173892_cov_42.617081_129, 148770 # 152258 # 1 , 148770,152258,1 ,13_129,13,129,00,ATG,GGA/GAG/AGG,5-10bp,0.604,NODE_13_length_173892_cov_42.617081,mobileOG_000328298_NODE_13_length_173892_cov_42.617081
362,mobileOG_000334577|dnaE|WP_004177353.1|replication/recombination/repair|NA|Plasmid RefSeq|Homology,NODE_13_length_173892_cov_42.617081_129 # 148770 # 152258 # 1 # ID=13_129;partial=00;start_type=ATG;rbs_motif=GGA/GAG/AGG;rbs_spacer=5-10bp;gc_cont=0.604,90.1,2113,1160,0.0,1163,1,1160,1,1162,mobileOG_000334577,dnaE,WP_004177353.1,replication/recombination/repair,NA,Plasmid RefSeq,Homology,NODE_13_length_173892_cov_42.617081_129, 148770 # 152258 # 1 , 148770,152258,1 ,13_129,13,129,00,ATG,GGA/GAG/AGG,5-10bp,0.604,NODE_13_length_173892_cov_42.617081,mobileOG_000334577_NODE_13_length_173892_cov_42.617081
363,mobileOG_000353886|ompA|WP_089197682.1|transfer|conjugation|Plasmid RefSeq|Homology,NODE_14_length_169470_cov_35.595208_23 # 29788 # 30867 # -1 # ID=14_23;partial=00;start_type=ATG;rbs_motif=GGAG/GAGG;rbs_spacer=5-10bp;gc_cont=0.540,95.8,688,360,7.59e-252,360,1,360,1,359,mobileOG_000353886,ompA,WP_089197682.1,transfer,conjugation,Plasmid RefSeq,Homology,NODE_14_length_169470_cov_35.595208_23, 29788 # 30867 # -1 , 29788,30867,-1 ,14_23,14,23,00,ATG,GGAG/GAGG,5-10bp,0.540,NODE_14_length_169470_cov_35.595208,mobileOG_000353886_NODE_14_length_169470_cov_35.595208
364,mobileOG_000353891|ompA|WP_101456423.1|transfer|conjugation|Plasmid RefSeq|Homology,NODE_14_length_169470_cov_35.595208_23 # 29788 # 30867 # -1 # ID=14_23;partial=00;start_type=ATG;rbs_motif=GGAG/GAGG;rbs_spacer=5-10bp;gc_cont=0.540,93.1,654,356,1.19e-238,360,1,356,1,359,mobileOG_000353891,ompA,WP_101456423.1,transfer,conjugation,Plasmid RefSeq,Homology,NODE_14_length_169470_cov_35.595208_23, 29788 # 30867 # -1 , 29788,30867,-1 ,14_23,14,23,00,ATG,GGAG/GAGG,5-10bp,0.540,NODE_14_length_169470_cov_35.595208,mobileOG_000353891_NODE_14_length_169470_cov_35.595208
365,mobileOG_000301576|nuc|WP_015377376.1|transfer|conjugation|Plasmid RefSeq|Homology,NODE_14_length_169470_cov_35.595208_47 # 55203 # 56003 # -1 # ID=14_47;partial=00;start_type=ATG;rbs_motif=GGAG/GAGG;rbs_spacer=5-10bp;gc_cont=0.615,99.6,538,266,1.50e-195,267,1,266,1,266,mobileOG_000301576,nuc,WP_015377376.1,transfer,conjugation,Plasmid RefSeq,Homology,NODE_14_length_169470_cov_35.595208_47, 55203 # 56003 # -1 , 55203,56003,-1 ,14_47,14,47,00,ATG,GGAG/GAGG,5-10bp,0.615,NODE_14_length_169470_cov_35.595208,mobileOG_000301576_NODE_14_length_169470_cov_35.595208
366,mobileOG_000308880|nuc|WP_101453305.1|transfer|conjugation|Plasmid RefSeq|Homology,NODE_14_length_169470_cov_35.595208_47 # 55203 # 56003 # -1 # ID=14_47;partial=00;start_type=ATG;rbs_motif=GGAG/GAGG;rbs_spacer=5-10bp;gc_cont=0.615,98.5,533,266,1.44e-193,267,1,266,1,266,mobileOG_000308880,nuc,WP_101453305.1,transfer,conjugation,Plasmid RefSeq,Homology,NODE_14_length_169470_cov_35.595208_47, 55203 # 56003 # -1 , 55203,56003,-1 ,14_47,14,47,00,ATG,GGAG/GAGG,5-10bp,0.615,NODE_14_length_169470_cov_35.595208,mobileOG_000308880_NODE_14_length_169470_cov_35.595208
367,mobileOG_000332738|uvrC|WP_033637959.1|replication/recombination/repair|NA|Plasmid RefSeq|Homology,NODE_14_length_169470_cov_35.595208_79 # 85043 # 86875 # 1 # ID=14_79;partial=00;start_type=GTG;rbs_motif=4Base/6BMM;rbs_spacer=13-15bp;gc_cont=0.573,99.7,1193,610,0.0,611,1,610,1,610,mobileOG_000332738,uvrC,WP_033637959.1,replication/recombination/repair,NA,Plasmid RefSeq,Homology,NODE_14_length_169470_cov_35.595208_79, 85043 # 86875 # 1 , 85043,86875,1 ,14_79,14,79,00,GTG,4Base/6BMM,13-15bp,0.573,NODE_14_length_169470_cov_35.595208,mobileOG_000332738_NODE_14_length_169470_cov_35.595208
368,mobileOG_000335625|uvrC|WP_089194526.1|replication/recombination/repair|NA|Plasmid RefSeq|Homology,NODE_14_length_169470_cov_35.595208_79 # 85043 # 86875 # 1 # ID=14_79;partial=00;start_type=GTG;rbs_motif=4Base/6BMM;rbs_spacer=13-15bp;gc_cont=0.573,99.2,1187,610,0.0,611,1,610,1,610,mobileOG_000335625,uvrC,WP_089194526.1,replication/recombination/repair,NA,Plasmid RefSeq,Homology,NODE_14_length_169470_cov_35.595208_79, 85043 # 86875 # 1 , 85043,86875,1 ,14_79,14,79,00,GTG,4Base/6BMM,13-15bp,0.573,NODE_14_length_169470_cov_35.595208,mobileOG_000335625_NODE_14_length_169470_cov_35.595208
369,"mobileOG_000368555|tmk|WP_033646442.1|phage|stability/transfer/defense,metabolism|Plasmid RefSeq|Homology",NODE_14_length_169470_cov_35.595208_143 # 147170 # 147808 # 1 # ID=14_143;partial=00;start_type=ATG;rbs_motif=AGGA;rbs_spacer=5-10bp;gc_cont=0.653,100,417,212,1.75e-149,213,1,212,1,212,mobileOG_000368555,tmk,WP_033646442.1,phage,"stability/transfer/defense,metabolism",Plasmid RefSeq,Homology,NODE_14_length_169470_cov_35.595208_143, 147170 # 147808 # 1 , 147170,147808,1 ,14_143,14,143,00,ATG,AGGA,5-10bp,0.653,NODE_14_length_169470_cov_35.595208,mobileOG_000368555_NODE_14_length_169470_cov_35.595208
370,"mobileOG_000328140|tmk|WP_038875525.1|phage|stability/transfer/defense,metabolism|Plasmid RefSeq|Homology",NODE_14_length_169470_cov_35.595208_143 # 147170 # 147808 # 1 # ID=14_143;partial=00;start_type=ATG;rbs_motif=AGGA;rbs_spacer=5-10bp;gc_cont=0.653,98.6,409,212,1.38e-146,213,1,212,1,212,mobileOG_000328140,tmk,WP_038875525.1,phage,"stability/transfer/defense,metabolism",Plasmid RefSeq,Homology,NODE_14_length_169470_cov_35.595208_143, 147170 # 147808 # 1 , 147170,147808,1 ,14_143,14,143,00,ATG,AGGA,5-10bp,0.653,NODE_14_length_169470_cov_35.595208,mobileOG_000328140_NODE_14_length_169470_cov_35.595208
371,mobileOG_000329018|holB|WP_038875527.1|replication/recombination/repair|NA|Plasmid RefSeq|Homology,NODE_14_length_169470_cov_35.595208_144 # 147808 # 148815 # 1 # ID=14_144;partial=00;start_type=ATG;rbs_motif=AGGA;rbs_spacer=5-10bp;gc_cont=0.657,99.1,677,335,2.96e-248,336,1,335,1,335,mobileOG_000329018,holB,WP_038875527.1,replication/recombination/repair,NA,Plasmid RefSeq,Homology,NODE_14_length_169470_cov_35.595208_144, 147808 # 148815 # 1 , 147808,148815,1 ,14_144,14,144,00,ATG,AGGA,5-10bp,0.657,NODE_14_length_169470_cov_35.595208,mobileOG_000329018_NODE_14_length_169470_cov_35.595208
372,mobileOG_000326024|holB|WP_033646441.1|replication/recombination/repair|NA|Plasmid RefSeq|Homology,NODE_14_length_169470_cov_35.595208_144 # 147808 # 148815 # 1 # ID=14_144;partial=00;start_type=ATG;rbs_motif=AGGA;rbs_spacer=5-10bp;gc_cont=0.657,98.8,676,335,5.98e-248,336,1,335,1,335,mobileOG_000326024,holB,WP_033646441.1,replication/recombination/repair,NA,Plasmid RefSeq,Homology,NODE_14_length_169470_cov_35.595208_144, 147808 # 148815 # 1 , 147808,148815,1 ,14_144,14,144,00,ATG,AGGA,5-10bp,0.657,NODE_14_length_169470_cov_35.595208,mobileOG_000326024_NODE_14_length_169470_cov_35.595208
373,"mobileOG_000327600|fxsA|WP_033636764.1|phage|replication,transfer|Plasmid RefSeq|Homology",NODE_15_length_154942_cov_46.251090_6 # 6978 # 7466 # 1 # ID=15_6;partial=00;start_type=GTG;rbs_motif=AGGAG;rbs_spacer=5-10bp;gc_cont=0.601,98.8,295,162,8.47e-103,163,1,162,1,162,mobileOG_000327600,fxsA,WP_033636764.1,phage,"replication,transfer",Plasmid RefSeq,Homology,NODE_15_length_154942_cov_46.251090_6, 6978 # 7466 # 1 , 6978,7466,1 ,15_6,15,6,00,GTG,AGGAG,5-10bp,0.601,NODE_15_length_154942_cov_46.251090,mobileOG_000327600_NODE_15_length_154942_cov_46.251090
374,mobileOG_000351473|groS|EBJ67183.1|phage|structural|Plasmid RefSeq|Homology,NODE_15_length_154942_cov_46.251090_7 # 7656 # 7949 # 1 # ID=15_7;partial=00;start_type=ATG;rbs_motif=AGGAG;rbs_spacer=5-10bp;gc_cont=0.503,99.0,181,97,4.75e-60,98,1,97,1,97,mobileOG_000351473,groS,EBJ67183.1,phage,structural,Plasmid RefSeq,Homology,NODE_15_length_154942_cov_46.251090_7, 7656 # 7949 # 1 , 7656,7949,1 ,15_7,15,7,00,ATG,AGGAG,5-10bp,0.503,NODE_15_length_154942_cov_46.251090,mobileOG_000351473_NODE_15_length_154942_cov_46.251090
375,mobileOG_000340853|groS|WP_003855929.1|phage|structural|Plasmid RefSeq|Homology,NODE_15_length_154942_cov_46.251090_7 # 7656 # 7949 # 1 # ID=15_7;partial=00;start_type=ATG;rbs_motif=AGGAG;rbs_spacer=5-10bp;gc_cont=0.503,90.7,173,97,1.08e-56,98,1,97,1,97,mobileOG_000340853,groS,WP_003855929.1,phage,structural,Plasmid RefSeq,Homology,NODE_15_length_154942_cov_46.251090_7, 7656 # 7949 # 1 , 7656,7949,1 ,15_7,15,7,00,ATG,AGGAG,5-10bp,0.503,NODE_15_length_154942_cov_46.251090,mobileOG_000340853_NODE_15_length_154942_cov_46.251090
376,mobileOG_000317451|groS|A0A422X382|phage|structural|Plasmid RefSeq|Homology,NODE_15_length_154942_cov_46.251090_7 # 7656 # 7949 # 1 # ID=15_7;partial=00;start_type=ATG;rbs_motif=AGGAG;rbs_spacer=5-10bp;gc_cont=0.503,90.7,172,97,1.53e-56,98,1,97,1,97,mobileOG_000317451,groS,A0A422X382,phage,structural,Plasmid RefSeq,Homology,NODE_15_length_154942_cov_46.251090_7, 7656 # 7949 # 1 , 7656,7949,1 ,15_7,15,7,00,ATG,AGGAG,5-10bp,0.503,NODE_15_length_154942_cov_46.251090,mobileOG_000317451_NODE_15_length_154942_cov_46.251090
377,"mobileOG_000355278|groL|WP_004929662.1|phage|replication,chaperone|Plasmid RefSeq|Homology",NODE_15_length_154942_cov_46.251090_8 # 7994 # 9640 # 1 # ID=15_8;partial=00;start_type=ATG;rbs_motif=GGA/GAG/AGG;rbs_spacer=5-10bp;gc_cont=0.576,99.8,987,548,0.0,549,1,548,1,548,mobileOG_000355278,groL,WP_004929662.1,phage,"replication,chaperone",Plasmid RefSeq,Homology,NODE_15_length_154942_cov_46.251090_8, 7994 # 9640 # 1 , 7994,9640,1 ,15_8,15,8,00,ATG,GGA/GAG/AGG,5-10bp,0.576,NODE_15_length_154942_cov_46.251090,mobileOG_000355278_NODE_15_length_154942_cov_46.251090
378,"mobileOG_000290240|groL|WP_000729117.1|phage|replication,chaperone|Plasmid RefSeq|Homology",NODE_15_length_154942_cov_46.251090_8 # 7994 # 9640 # 1 # ID=15_8;partial=00;start_type=ATG;rbs_motif=GGA/GAG/AGG;rbs_spacer=5-10bp;gc_cont=0.576,94.3,934,548,0.0,549,1,548,1,548,mobileOG_000290240,groL,WP_000729117.1,phage,"replication,chaperone",Plasmid RefSeq,Homology,NODE_15_length_154942_cov_46.251090_8, 7994 # 9640 # 1 , 7994,9640,1 ,15_8,15,8,00,ATG,GGA/GAG/AGG,5-10bp,0.576,NODE_15_length_154942_cov_46.251090,mobileOG_000290240_NODE_15_length_154942_cov_46.251090
379,"mobileOG_000289036|groL|WP_008807218.1|phage|replication,chaperone|Plasmid RefSeq|Homology",NODE_15_length_154942_cov_46.251090_8 # 7994 # 9640 # 1 # ID=15_8;partial=00;start_type=ATG;rbs_motif=GGA/GAG/AGG;rbs_spacer=5-10bp;gc_cont=0.576,93.4,932,548,0.0,549,1,548,1,548,mobileOG_000289036,groL,WP_008807218.1,phage,"replication,chaperone",Plasmid RefSeq,Homology,NODE_15_length_154942_cov_46.251090_8, 7994 # 9640 # 1 , 7994,9640,1 ,15_8,15,8,00,ATG,GGA/GAG/AGG,5-10bp,0.576,NODE_15_length_154942_cov_46.251090,mobileOG_000289036_NODE_15_length_154942_cov_46.251090
380,"mobileOG_000026160|groL|A0A0W8A593|phage|replication,chaperone|Plasmid RefSeq|Manual",NODE_15_length_154942_cov_46.251090_8 # 7994 # 9640 # 1 # ID=15_8;partial=00;start_type=ATG;rbs_motif=GGA/GAG/AGG;rbs_spacer=5-10bp;gc_cont=0.576,93.2,931,548,0.0,549,1,548,1,548,mobileOG_000026160,groL,A0A0W8A593,phage,"replication,chaperone",Plasmid RefSeq,Manual,NODE_15_length_154942_cov_46.251090_8, 7994 # 9640 # 1 , 7994,9640,1 ,15_8,15,8,00,ATG,GGA/GAG/AGG,5-10bp,0.576,NODE_15_length_154942_cov_46.251090,mobileOG_000026160_NODE_15_length_154942_cov_46.251090
381,"mobileOG_000355550|groL|WP_101473286.1|phage|replication,chaperone|Plasmid RefSeq|Homology",NODE_15_length_154942_cov_46.251090_8 # 7994 # 9640 # 1 # ID=15_8;partial=00;start_type=ATG;rbs_motif=GGA/GAG/AGG;rbs_spacer=5-10bp;gc_cont=0.576,93.2,931,548,0.0,549,1,548,1,548,mobileOG_000355550,groL,WP_101473286.1,phage,"replication,chaperone",Plasmid RefSeq,Homology,NODE_15_length_154942_cov_46.251090_8, 7994 # 9640 # 1 , 7994,9640,1 ,15_8,15,8,00,ATG,GGA/GAG/AGG,5-10bp,0.576,NODE_15_length_154942_cov_46.251090,mobileOG_000355550_NODE_15_length_154942_cov_46.251090
382,"mobileOG_000355563|groL|WP_127378385.1|phage|replication,chaperone|Plasmid RefSeq|Homology",NODE_15_length_154942_cov_46.251090_8 # 7994 # 9640 # 1 # ID=15_8;partial=00;start_type=ATG;rbs_motif=GGA/GAG/AGG;rbs_spacer=5-10bp;gc_cont=0.576,90.1,901,548,0.0,549,1,548,1,548,mobileOG_000355563,groL,WP_127378385.1,phage,"replication,chaperone",Plasmid RefSeq,Homology,NODE_15_length_154942_cov_46.251090_8, 7994 # 9640 # 1 , 7994,9640,1 ,15_8,15,8,00,ATG,GGA/GAG/AGG,5-10bp,0.576,NODE_15_length_154942_cov_46.251090,mobileOG_000355563_NODE_15_length_154942_cov_46.251090
383,mobileOG_000325588|mutL|WP_101456617.1|replication/recombination/repair|NA|Plasmid RefSeq|Homology,NODE_15_length_154942_cov_46.251090_29 # 32028 # 33911 # 1 # ID=15_29;partial=00;start_type=ATG;rbs_motif=AGGAG;rbs_spacer=5-10bp;gc_cont=0.640,97.0,1190,627,0.0,628,1,627,1,627,mobileOG_000325588,mutL,WP_101456617.1,replication/recombination/repair,NA,Plasmid RefSeq,Homology,NODE_15_length_154942_cov_46.251090_29, 32028 # 33911 # 1 , 32028,33911,1 ,15_29,15,29,00,ATG,AGGAG,5-10bp,0.640,NODE_15_length_154942_cov_46.251090,mobileOG_000325588_NODE_15_length_154942_cov_46.251090
384,"mobileOG_000335694|hflK|WP_033636782.1|phage|lysis/lysogeny,regulation|Plasmid RefSeq|Homology",NODE_15_length_154942_cov_46.251090_33 # 36716 # 37966 # 1 # ID=15_33;partial=00;start_type=ATG;rbs_motif=GGAG/GAGG;rbs_spacer=5-10bp;gc_cont=0.612,99.5,757,416,3.23e-277,417,1,416,1,416,mobileOG_000335694,hflK,WP_033636782.1,phage,"lysis/lysogeny,regulation",Plasmid RefSeq,Homology,NODE_15_length_154942_cov_46.251090_33, 36716 # 37966 # 1 , 36716,37966,1 ,15_33,15,33,00,ATG,GGAG/GAGG,5-10bp,0.612,NODE_15_length_154942_cov_46.251090,mobileOG_000335694_NODE_15_length_154942_cov_46.251090
385,"mobileOG_000368506|hflC|WP_004933669.1|phage|lysis/lysogeny,regulation|Plasmid RefSeq|Homology",NODE_15_length_154942_cov_46.251090_34 # 37970 # 38974 # 1 # ID=15_34;partial=00;start_type=ATG;rbs_motif=GGAG/GAGG;rbs_spacer=5-10bp;gc_cont=0.619,100,561,334,1.43e-202,335,1,334,1,334,mobileOG_000368506,hflC,WP_004933669.1,phage,"lysis/lysogeny,regulation",Plasmid RefSeq,Homology,NODE_15_length_154942_cov_46.251090_34, 37970 # 38974 # 1 , 37970,38974,1 ,15_34,15,34,00,ATG,GGAG/GAGG,5-10bp,0.619,NODE_15_length_154942_cov_46.251090,mobileOG_000368506_NODE_15_length_154942_cov_46.251090
386,mobileOG_000365461|rnr|WP_039567854.1|replication/recombination/repair|NA|Plasmid RefSeq|Homology,NODE_15_length_154942_cov_46.251090_38 # 41354 # 43828 # 1 # ID=15_38;partial=00;start_type=ATG;rbs_motif=GGAGG;rbs_spacer=5-10bp;gc_cont=0.634,99.6,1592,824,0.0,825,1,824,1,824,mobileOG_000365461,rnr,WP_039567854.1,replication/recombination/repair,NA,Plasmid RefSeq,Homology,NODE_15_length_154942_cov_46.251090_38, 41354 # 43828 # 1 , 41354,43828,1 ,15_38,15,38,00,ATG,GGAGG,5-10bp,0.634,NODE_15_length_154942_cov_46.251090,mobileOG_000365461_NODE_15_length_154942_cov_46.251090
387,"mobileOG_000374409|ner|WP_033636812.1|phage|infection,regulation|Plasmid RefSeq|Homology",NODE_15_length_154942_cov_46.251090_71 # 74670 # 74930 # -1 # ID=15_71;partial=00;start_type=ATG;rbs_motif=AGGA;rbs_spacer=5-10bp;gc_cont=0.609,97.7,180,86,6.14e-60,87,1,86,1,86,mobileOG_000374409,ner,WP_033636812.1,phage,"infection,regulation",Plasmid RefSeq,Homology,NODE_15_length_154942_cov_46.251090_71, 74670 # 74930 # -1 , 74670,74930,-1 ,15_71,15,71,00,ATG,AGGA,5-10bp,0.609,NODE_15_length_154942_cov_46.251090,mobileOG_000374409_NODE_15_length_154942_cov_46.251090
388,"mobileOG_000368505|ftsH|WP_004933529.1|phage|infection,regulation|Plasmid RefSeq|Homology",NODE_15_length_154942_cov_46.251090_84 # 84778 # 86709 # 1 # ID=15_84;partial=00;start_type=ATG;rbs_motif=GGA/GAG/AGG;rbs_spacer=3-4bp;gc_cont=0.591,100,1248,643,0.0,644,1,643,1,643,mobileOG_000368505,ftsH,WP_004933529.1,phage,"infection,regulation",Plasmid RefSeq,Homology,NODE_15_length_154942_cov_46.251090_84, 84778 # 86709 # 1 , 84778,86709,1 ,15_84,15,84,00,ATG,GGA/GAG/AGG,3-4bp,0.591,NODE_15_length_154942_cov_46.251090,mobileOG_000368505_NODE_15_length_154942_cov_46.251090
389,"mobileOG_000289028|ftsH|WP_008806637.1|phage|infection,regulation|Plasmid RefSeq|Homology",NODE_15_length_154942_cov_46.251090_84 # 84778 # 86709 # 1 # ID=15_84;partial=00;start_type=ATG;rbs_motif=GGA/GAG/AGG;rbs_spacer=3-4bp;gc_cont=0.591,94.7,1189,644,0.0,644,1,641,1,641,mobileOG_000289028,ftsH,WP_008806637.1,phage,"infection,regulation",Plasmid RefSeq,Homology,NODE_15_length_154942_cov_46.251090_84, 84778 # 86709 # 1 , 84778,86709,1 ,15_84,15,84,00,ATG,GGA/GAG/AGG,3-4bp,0.591,NODE_15_length_154942_cov_46.251090,mobileOG_000289028_NODE_15_length_154942_cov_46.251090
390,"mobileOG_000288420|ftsH|A0A422XC88|phage|infection,regulation|Plasmid RefSeq|Homology",NODE_15_length_154942_cov_46.251090_84 # 84778 # 86709 # 1 # ID=15_84;partial=00;start_type=ATG;rbs_motif=GGA/GAG/AGG;rbs_spacer=3-4bp;gc_cont=0.591,94.5,1186,644,0.0,644,1,641,1,641,mobileOG_000288420,ftsH,A0A422XC88,phage,"infection,regulation",Plasmid RefSeq,Homology,NODE_15_length_154942_cov_46.251090_84, 84778 # 86709 # 1 , 84778,86709,1 ,15_84,15,84,00,ATG,GGA/GAG/AGG,3-4bp,0.591,NODE_15_length_154942_cov_46.251090,mobileOG_000288420_NODE_15_length_154942_cov_46.251090
391,"mobileOG_000354058|ftsH|WP_001107481.1|phage|infection,regulation|Plasmid RefSeq|Homology",NODE_15_length_154942_cov_46.251090_84 # 84778 # 86709 # 1 # ID=15_84;partial=00;start_type=ATG;rbs_motif=GGA/GAG/AGG;rbs_spacer=3-4bp;gc_cont=0.591,94.4,1185,644,0.0,644,1,641,1,641,mobileOG_000354058,ftsH,WP_001107481.1,phage,"infection,regulation",Plasmid RefSeq,Homology,NODE_15_length_154942_cov_46.251090_84, 84778 # 86709 # 1 , 84778,86709,1 ,15_84,15,84,00,ATG,GGA/GAG/AGG,3-4bp,0.591,NODE_15_length_154942_cov_46.251090,mobileOG_000354058_NODE_15_length_154942_cov_46.251090
392,"mobileOG_000003236|hflB|A0A383JRI2|phage|infection,regulation|COMPASS|Manual",NODE_15_length_154942_cov_46.251090_84 # 84778 # 86709 # 1 # ID=15_84;partial=00;start_type=ATG;rbs_motif=GGA/GAG/AGG;rbs_spacer=3-4bp;gc_cont=0.591,94.2,1181,647,0.0,644,4,644,1,641,mobileOG_000003236,hflB,A0A383JRI2,phage,"infection,regulation",COMPASS,Manual,NODE_15_length_154942_cov_46.251090_84, 84778 # 86709 # 1 , 84778,86709,1 ,15_84,15,84,00,ATG,GGA/GAG/AGG,3-4bp,0.591,NODE_15_length_154942_cov_46.251090,mobileOG_000003236_NODE_15_length_154942_cov_46.251090
393,"mobileOG_000354057|ftsH|WP_001107467.1|phage|infection,regulation|Plasmid RefSeq|Homology",NODE_15_length_154942_cov_46.251090_84 # 84778 # 86709 # 1 # ID=15_84;partial=00;start_type=ATG;rbs_motif=GGA/GAG/AGG;rbs_spacer=3-4bp;gc_cont=0.591,94.2,1181,644,0.0,644,1,641,1,641,mobileOG_000354057,ftsH,WP_001107467.1,phage,"infection,regulation",Plasmid RefSeq,Homology,NODE_15_length_154942_cov_46.251090_84, 84778 # 86709 # 1 , 84778,86709,1 ,15_84,15,84,00,ATG,GGA/GAG/AGG,3-4bp,0.591,NODE_15_length_154942_cov_46.251090,mobileOG_000354057_NODE_15_length_154942_cov_46.251090
394,"mobileOG_000368531|nusA|WP_019453340.1|phage|regulation,infection|Plasmid RefSeq|Homology",NODE_15_length_154942_cov_46.251090_89 # 90522 # 92030 # 1 # ID=15_89;partial=00;start_type=ATG;rbs_motif=GGAG/GAGG;rbs_spacer=5-10bp;gc_cont=0.574,100,954,502,0.0,503,1,502,1,502,mobileOG_000368531,nusA,WP_019453340.1,phage,"regulation,infection",Plasmid RefSeq,Homology,NODE_15_length_154942_cov_46.251090_89, 90522 # 92030 # 1 , 90522,92030,1 ,15_89,15,89,00,ATG,GGAG/GAGG,5-10bp,0.574,NODE_15_length_154942_cov_46.251090,mobileOG_000368531_NODE_15_length_154942_cov_46.251090
395,mobileOG_000361587|rmuC|WP_033636701.1|replication/recombination/repair|NA|Plasmid RefSeq|Homology,NODE_16_length_142291_cov_48.755439_20 # 19677 # 21224 # -1 # ID=16_20;partial=00;start_type=GTG;rbs_motif=AGGAG;rbs_spacer=5-10bp;gc_cont=0.611,99.8,850,515,1.33e-310,516,1,515,1,515,mobileOG_000361587,rmuC,WP_033636701.1,replication/recombination/repair,NA,Plasmid RefSeq,Homology,NODE_16_length_142291_cov_48.755439_20, 19677 # 21224 # -1 , 19677,21224,-1 ,16_20,16,20,00,GTG,AGGAG,5-10bp,0.611,NODE_16_length_142291_cov_48.755439,mobileOG_000361587_NODE_16_length_142291_cov_48.755439
396,mobileOG_000328016|recQ|WP_033649642.1|replication/recombination/repair|NA|Plasmid RefSeq|Homology,NODE_16_length_142291_cov_48.755439_68 # 70609 # 72453 # -1 # ID=16_68;partial=00;start_type=ATG;rbs_motif=None;rbs_spacer=None;gc_cont=0.627,99.5,1224,610,0.0,615,1,610,5,614,mobileOG_000328016,recQ,WP_033649642.1,replication/recombination/repair,NA,Plasmid RefSeq,Homology,NODE_16_length_142291_cov_48.755439_68, 70609 # 72453 # -1 , 70609,72453,-1 ,16_68,16,68,00,ATG,None,None,0.627,NODE_16_length_142291_cov_48.755439,mobileOG_000328016_NODE_16_length_142291_cov_48.755439
397,mobileOG_000329602|uvrD|WP_101456625.1|replication/recombination/repair|plasmid|Plasmid RefSeq|Homology,NODE_16_length_142291_cov_48.755439_74 # 76923 # 79085 # -1 # ID=16_74;partial=00;start_type=ATG;rbs_motif=None;rbs_spacer=None;gc_cont=0.630,99.7,1431,720,0.0,721,1,720,1,720,mobileOG_000329602,uvrD,WP_101456625.1,replication/recombination/repair,plasmid,Plasmid RefSeq,Homology,NODE_16_length_142291_cov_48.755439_74, 76923 # 79085 # -1 , 76923,79085,-1 ,16_74,16,74,00,ATG,None,None,0.630,NODE_16_length_142291_cov_48.755439,mobileOG_000329602_NODE_16_length_142291_cov_48.755439
398,mobileOG_000351840|uvrD|WP_002211475.1|replication/recombination/repair|plasmid|Plasmid RefSeq|Homology,NODE_16_length_142291_cov_48.755439_74 # 76923 # 79085 # -1 # ID=16_74;partial=00;start_type=ATG;rbs_motif=None;rbs_spacer=None;gc_cont=0.630,92.4,1348,720,0.0,721,1,720,1,720,mobileOG_000351840,uvrD,WP_002211475.1,replication/recombination/repair,plasmid,Plasmid RefSeq,Homology,NODE_16_length_142291_cov_48.755439_74, 76923 # 79085 # -1 , 76923,79085,-1 ,16_74,16,74,00,ATG,None,None,0.630,NODE_16_length_142291_cov_48.755439,mobileOG_000351840_NODE_16_length_142291_cov_48.755439
399,mobileOG_000349233|xerD|WP_016929495.1|integration/excision|replication/recombination/repair|Plasmid RefSeq|Homology,NODE_16_length_142291_cov_48.755439_76 # 79880 # 80791 # -1 # ID=16_76;partial=00;start_type=ATG;rbs_motif=None;rbs_spacer=None;gc_cont=0.647,99.7,597,303,6.22e-218,304,1,303,1,303,mobileOG_000349233,xerD,WP_016929495.1,integration/excision,replication/recombination/repair,Plasmid RefSeq,Homology,NODE_16_length_142291_cov_48.755439_76, 79880 # 80791 # -1 , 79880,80791,-1 ,16_76,16,76,00,ATG,None,None,0.647,NODE_16_length_142291_cov_48.755439,mobileOG_000349233_NODE_16_length_142291_cov_48.755439
400,"mobileOG_000332113|rep|WP_060446051.1|replication/recombination/repair|initiation,copy number control,plasmid|Plasmid RefSeq|Homology",NODE_16_length_142291_cov_48.755439_103 # 111498 # 113522 # -1 # ID=16_103;partial=00;start_type=ATG;rbs_motif=GGA/GAG/AGG;rbs_spacer=11-12bp;gc_cont=0.606,99.7,1326,674,0.0,675,1,674,1,674,mobileOG_000332113,rep,WP_060446051.1,replication/recombination/repair,"initiation,copy number control,plasmid",Plasmid RefSeq,Homology,NODE_16_length_142291_cov_48.755439_103, 111498 # 113522 # -1 , 111498,113522,-1 ,16_103,16,103,00,ATG,GGA/GAG/AGG,11-12bp,0.606,NODE_16_length_142291_cov_48.755439,mobileOG_000332113_NODE_16_length_142291_cov_48.755439
401,mobileOG_000313842|oppF|WP_033636613.1|transfer|competence|Plasmid RefSeq|Homology,NODE_16_length_142291_cov_48.755439_117 # 133871 # 134860 # -1 # ID=16_117;partial=00;start_type=ATG;rbs_motif=GGAGG;rbs_spacer=5-10bp;gc_cont=0.632,99.1,649,329,1.76e-237,330,1,329,1,329,mobileOG_000313842,oppF,WP_033636613.1,transfer,competence,Plasmid RefSeq,Homology,NODE_16_length_142291_cov_48.755439_117, 133871 # 134860 # -1 , 133871,134860,-1 ,16_117,16,117,00,ATG,GGAGG,5-10bp,0.632,NODE_16_length_142291_cov_48.755439,mobileOG_000313842_NODE_16_length_142291_cov_48.755439
402,mobileOG_000367015|oppF|WP_161597821.1|transfer|competence|Plasmid RefSeq|Homology,NODE_16_length_142291_cov_48.755439_117 # 133871 # 134860 # -1 # ID=16_117;partial=00;start_type=ATG;rbs_motif=GGAGG;rbs_spacer=5-10bp;gc_cont=0.632,95.0,609,346,1.65e-221,330,19,339,5,325,mobileOG_000367015,oppF,WP_161597821.1,transfer,competence,Plasmid RefSeq,Homology,NODE_16_length_142291_cov_48.755439_117, 133871 # 134860 # -1 , 133871,134860,-1 ,16_117,16,117,00,ATG,GGAGG,5-10bp,0.632,NODE_16_length_142291_cov_48.755439,mobileOG_000367015_NODE_16_length_142291_cov_48.755439
403,mobileOG_000289032|oppF|WP_008806903.1|transfer|competence|Plasmid RefSeq|Homology,NODE_16_length_142291_cov_48.755439_117 # 133871 # 134860 # -1 # ID=16_117;partial=00;start_type=ATG;rbs_motif=GGAGG;rbs_spacer=5-10bp;gc_cont=0.632,92.0,596,337,1.79e-216,330,10,332,5,327,mobileOG_000289032,oppF,WP_008806903.1,transfer,competence,Plasmid RefSeq,Homology,NODE_16_length_142291_cov_48.755439_117, 133871 # 134860 # -1 , 133871,134860,-1 ,16_117,16,117,00,ATG,GGAGG,5-10bp,0.632,NODE_16_length_142291_cov_48.755439,mobileOG_000289032_NODE_16_length_142291_cov_48.755439
404,mobileOG_000288462|oppF|WP_017383568.1|transfer|competence|Plasmid RefSeq|Homology,NODE_16_length_142291_cov_48.755439_117 # 133871 # 134860 # -1 # ID=16_117;partial=00;start_type=ATG;rbs_motif=GGAGG;rbs_spacer=5-10bp;gc_cont=0.632,91.3,588,337,2.84e-213,330,10,331,5,326,mobileOG_000288462,oppF,WP_017383568.1,transfer,competence,Plasmid RefSeq,Homology,NODE_16_length_142291_cov_48.755439_117, 133871 # 134860 # -1 , 133871,134860,-1 ,16_117,16,117,00,ATG,GGAGG,5-10bp,0.632,NODE_16_length_142291_cov_48.755439,mobileOG_000288462_NODE_16_length_142291_cov_48.755439
405,mobileOG_000333736|oppD|WP_004934132.1|transfer|competence|Plasmid RefSeq|Homology,NODE_16_length_142291_cov_48.755439_118 # 134857 # 135837 # -1 # ID=16_118;partial=00;start_type=ATG;rbs_motif=GGAG/GAGG;rbs_spacer=5-10bp;gc_cont=0.640,99.7,634,326,1.23e-231,327,1,326,1,326,mobileOG_000333736,oppD,WP_004934132.1,transfer,competence,Plasmid RefSeq,Homology,NODE_16_length_142291_cov_48.755439_118, 134857 # 135837 # -1 , 134857,135837,-1 ,16_118,16,118,00,ATG,GGAG/GAGG,5-10bp,0.640,NODE_16_length_142291_cov_48.755439,mobileOG_000333736_NODE_16_length_142291_cov_48.755439
406,mobileOG_000301584|srnB|WP_015379015.1|stability/transfer/defense|NA|Plasmid RefSeq|Homology,NODE_17_length_128229_cov_43.673427_18 # 15829 # 15984 # -1 # ID=17_18;partial=00;start_type=ATG;rbs_motif=AGGAG;rbs_spacer=5-10bp;gc_cont=0.513,98.0,93.2,50,2.35e-26,52,1,50,2,51,mobileOG_000301584,srnB,WP_015379015.1,stability/transfer/defense,NA,Plasmid RefSeq,Homology,NODE_17_length_128229_cov_43.673427_18, 15829 # 15984 # -1 , 15829,15984,-1 ,17_18,17,18,00,ATG,AGGAG,5-10bp,0.513,NODE_17_length_128229_cov_43.673427,mobileOG_000301584_NODE_17_length_128229_cov_43.673427
407,mobileOG_000361163|srnB|WP_080298853.1|stability/transfer/defense|NA|Plasmid RefSeq|Homology,NODE_17_length_128229_cov_43.673427_18 # 15829 # 15984 # -1 # ID=17_18;partial=00;start_type=ATG;rbs_motif=AGGAG;rbs_spacer=5-10bp;gc_cont=0.513,92.0,89.4,50,7.91e-25,52,1,50,2,51,mobileOG_000361163,srnB,WP_080298853.1,stability/transfer/defense,NA,Plasmid RefSeq,Homology,NODE_17_length_128229_cov_43.673427_18, 15829 # 15984 # -1 , 15829,15984,-1 ,17_18,17,18,00,ATG,AGGAG,5-10bp,0.513,NODE_17_length_128229_cov_43.673427,mobileOG_000361163_NODE_17_length_128229_cov_43.673427
408,mobileOG_000301584|srnB|WP_015379015.1|stability/transfer/defense|NA|Plasmid RefSeq|Homology,NODE_17_length_128229_cov_43.673427_23 # 21720 # 21875 # -1 # ID=17_23;partial=00;start_type=ATG;rbs_motif=AGGAG;rbs_spacer=5-10bp;gc_cont=0.513,98.0,93.2,50,2.35e-26,52,1,50,2,51,mobileOG_000301584,srnB,WP_015379015.1,stability/transfer/defense,NA,Plasmid RefSeq,Homology,NODE_17_length_128229_cov_43.673427_23, 21720 # 21875 # -1 , 21720,21875,-1 ,17_23,17,23,00,ATG,AGGAG,5-10bp,0.513,NODE_17_length_128229_cov_43.673427,mobileOG_000301584_NODE_17_length_128229_cov_43.673427
409,mobileOG_000361163|srnB|WP_080298853.1|stability/transfer/defense|NA|Plasmid RefSeq|Homology,NODE_17_length_128229_cov_43.673427_23 # 21720 # 21875 # -1 # ID=17_23;partial=00;start_type=ATG;rbs_motif=AGGAG;rbs_spacer=5-10bp;gc_cont=0.513,92.0,89.4,50,7.91e-25,52,1,50,2,51,mobileOG_000361163,srnB,WP_080298853.1,stability/transfer/defense,NA,Plasmid RefSeq,Homology,NODE_17_length_128229_cov_43.673427_23, 21720 # 21875 # -1 , 21720,21875,-1 ,17_23,17,23,00,ATG,AGGAG,5-10bp,0.513,NODE_17_length_128229_cov_43.673427,mobileOG_000361163_NODE_17_length_128229_cov_43.673427
410,"mobileOG_000312454|pilT|WP_101427354.1|transfer|conjugation,competence|Plasmid RefSeq|Homology",NODE_17_length_128229_cov_43.673427_73 # 79497 # 80519 # -1 # ID=17_73;partial=00;start_type=ATG;rbs_motif=GGAG/GAGG;rbs_spacer=5-10bp;gc_cont=0.666,96.7,620,340,7.83e-226,341,1,337,1,337,mobileOG_000312454,pilT,WP_101427354.1,transfer,"conjugation,competence",Plasmid RefSeq,Homology,NODE_17_length_128229_cov_43.673427_73, 79497 # 80519 # -1 , 79497,80519,-1 ,17_73,17,73,00,ATG,GGAG/GAGG,5-10bp,0.666,NODE_17_length_128229_cov_43.673427,mobileOG_000312454_NODE_17_length_128229_cov_43.673427
411,mobileOG_000328139|rdgB|WP_033635946.1|replication/recombination/repair|NA|Plasmid RefSeq|Homology,NODE_17_length_128229_cov_43.673427_78 # 82979 # 83572 # 1 # ID=17_78;partial=00;start_type=ATG;rbs_motif=GGA/GAG/AGG;rbs_spacer=5-10bp;gc_cont=0.657,99.0,382,197,2.07e-136,198,1,197,1,197,mobileOG_000328139,rdgB,WP_033635946.1,replication/recombination/repair,NA,Plasmid RefSeq,Homology,NODE_17_length_128229_cov_43.673427_78, 82979 # 83572 # 1 , 82979,83572,1 ,17_78,17,78,00,ATG,GGA/GAG/AGG,5-10bp,0.657,NODE_17_length_128229_cov_43.673427,mobileOG_000328139_NODE_17_length_128229_cov_43.673427
412,mobileOG_000331353|mutY|WP_101427358.1|replication/recombination/repair|NA|Plasmid RefSeq|Homology,NODE_17_length_128229_cov_43.673427_85 # 88275 # 89375 # 1 # ID=17_85;partial=00;start_type=ATG;rbs_motif=3Base/5BMM;rbs_spacer=13-15bp;gc_cont=0.621,99.5,754,381,9.46e-278,367,16,381,1,366,mobileOG_000331353,mutY,WP_101427358.1,replication/recombination/repair,NA,Plasmid RefSeq,Homology,NODE_17_length_128229_cov_43.673427_85, 88275 # 89375 # 1 , 88275,89375,1 ,17_85,17,85,00,ATG,3Base/5BMM,13-15bp,0.621,NODE_17_length_128229_cov_43.673427,mobileOG_000331353_NODE_17_length_128229_cov_43.673427
413,mobileOG_000362634|tus|WP_043147415.1|replication/recombination/repair|NA|Plasmid RefSeq|Homology,NODE_18_length_116622_cov_33.111785_75 # 82538 # 83476 # 1 # ID=18_75;partial=00;start_type=ATG;rbs_motif=AGGAG;rbs_spacer=5-10bp;gc_cont=0.632,99.0,609,312,3.34e-222,313,1,312,1,312,mobileOG_000362634,tus,WP_043147415.1,replication/recombination/repair,NA,Plasmid RefSeq,Homology,NODE_18_length_116622_cov_33.111785_75, 82538 # 83476 # 1 , 82538,83476,1 ,18_75,18,75,00,ATG,AGGAG,5-10bp,0.632,NODE_18_length_116622_cov_33.111785,mobileOG_000362634_NODE_18_length_116622_cov_33.111785
414,mobileOG_000368532|nth|WP_019455952.1|replication/recombination/repair|NA|Plasmid RefSeq|Homology,NODE_18_length_116622_cov_33.111785_107 # 113741 # 114382 # 1 # ID=18_107;partial=00;start_type=ATG;rbs_motif=AGxAGG/AGGxGG;rbs_spacer=3-4bp;gc_cont=0.607,100,432,213,1.06e-155,214,1,213,1,213,mobileOG_000368532,nth,WP_019455952.1,replication/recombination/repair,NA,Plasmid RefSeq,Homology,NODE_18_length_116622_cov_33.111785_107, 113741 # 114382 # 1 , 113741,114382,1 ,18_107,18,107,00,ATG,AGxAGG/AGGxGG,3-4bp,0.607,NODE_18_length_116622_cov_33.111785,mobileOG_000368532_NODE_18_length_116622_cov_33.111785
415,mobileOG_000340056|nth|WP_002907734.1|replication/recombination/repair|NA|Plasmid RefSeq|Homology,NODE_18_length_116622_cov_33.111785_107 # 113741 # 114382 # 1 # ID=18_107;partial=00;start_type=ATG;rbs_motif=AGxAGG/AGGxGG;rbs_spacer=3-4bp;gc_cont=0.607,91.9,394,211,1.23e-140,214,1,210,1,210,mobileOG_000340056,nth,WP_002907734.1,replication/recombination/repair,NA,Plasmid RefSeq,Homology,NODE_18_length_116622_cov_33.111785_107, 113741 # 114382 # 1 , 113741,114382,1 ,18_107,18,107,00,ATG,AGxAGG/AGGxGG,3-4bp,0.607,NODE_18_length_116622_cov_33.111785,mobileOG_000340056_NODE_18_length_116622_cov_33.111785
416,mobileOG_000240879|nth|A0A2S4WTY0|replication/recombination/repair|NA|GPD|Homology,NODE_18_length_116622_cov_33.111785_107 # 113741 # 114382 # 1 # ID=18_107;partial=00;start_type=ATG;rbs_motif=AGxAGG/AGGxGG;rbs_spacer=3-4bp;gc_cont=0.607,92.8,394,211,1.74e-140,214,1,209,1,209,mobileOG_000240879,nth,A0A2S4WTY0,replication/recombination/repair,NA,GPD,Homology,NODE_18_length_116622_cov_33.111785_107, 113741 # 114382 # 1 , 113741,114382,1 ,18_107,18,107,00,ATG,AGxAGG/AGGxGG,3-4bp,0.607,NODE_18_length_116622_cov_33.111785,mobileOG_000240879_NODE_18_length_116622_cov_33.111785
417,mobileOG_000242763|nth|A0A156XKS9|replication/recombination/repair|NA|GPD|Homology,NODE_18_length_116622_cov_33.111785_107 # 113741 # 114382 # 1 # ID=18_107;partial=00;start_type=ATG;rbs_motif=AGxAGG/AGGxGG;rbs_spacer=3-4bp;gc_cont=0.607,90.5,390,211,8.28e-139,214,1,211,1,211,mobileOG_000242763,nth,A0A156XKS9,replication/recombination/repair,NA,GPD,Homology,NODE_18_length_116622_cov_33.111785_107, 113741 # 114382 # 1 , 113741,114382,1 ,18_107,18,107,00,ATG,AGxAGG/AGGxGG,3-4bp,0.607,NODE_18_length_116622_cov_33.111785,mobileOG_000242763_NODE_18_length_116622_cov_33.111785
418,mobileOG_000189905|nth|WP_015570668.1|replication/recombination/repair|NA|Multiple|Homology,NODE_18_length_116622_cov_33.111785_107 # 113741 # 114382 # 1 # ID=18_107;partial=00;start_type=ATG;rbs_motif=AGxAGG/AGGxGG;rbs_spacer=3-4bp;gc_cont=0.607,90.5,389,211,1.18e-138,214,1,211,1,211,mobileOG_000189905,nth,WP_015570668.1,replication/recombination/repair,NA,Multiple,Homology,NODE_18_length_116622_cov_33.111785_107, 113741 # 114382 # 1 , 113741,114382,1 ,18_107,18,107,00,ATG,AGxAGG/AGGxGG,3-4bp,0.607,NODE_18_length_116622_cov_33.111785,mobileOG_000189905_NODE_18_length_116622_cov_33.111785
419,mobileOG_000340055|nth|WP_001030346.1|replication/recombination/repair|NA|Multiple|Homology,NODE_18_length_116622_cov_33.111785_107 # 113741 # 114382 # 1 # ID=18_107;partial=00;start_type=ATG;rbs_motif=AGxAGG/AGGxGG;rbs_spacer=3-4bp;gc_cont=0.607,91.4,389,211,1.67e-138,214,1,209,1,209,mobileOG_000340055,nth,WP_001030346.1,replication/recombination/repair,NA,Multiple,Homology,NODE_18_length_116622_cov_33.111785_107, 113741 # 114382 # 1 , 113741,114382,1 ,18_107,18,107,00,ATG,AGxAGG/AGGxGG,3-4bp,0.607,NODE_18_length_116622_cov_33.111785,mobileOG_000340055_NODE_18_length_116622_cov_33.111785
420,mobileOG_000313843|clpP|WP_033638144.1|phage|replication/recombination/repair|Plasmid RefSeq|Homology,NODE_19_length_85686_cov_34.156561_26 # 27879 # 28472 # 1 # ID=19_26;partial=00;start_type=ATG;rbs_motif=AGGAG;rbs_spacer=5-10bp;gc_cont=0.623,94.9,379,197,6.93e-135,198,1,197,1,197,mobileOG_000313843,clpP,WP_033638144.1,phage,replication/recombination/repair,Plasmid RefSeq,Homology,NODE_19_length_85686_cov_34.156561_26, 27879 # 28472 # 1 , 27879,28472,1 ,19_26,19,26,00,ATG,AGGAG,5-10bp,0.623,NODE_19_length_85686_cov_34.156561,mobileOG_000313843_NODE_19_length_85686_cov_34.156561
421,"mobileOG_000354199|cpxA|WP_015379421.1|transfer|conjugation,relaxosome|Plasmid RefSeq|Homology",NODE_20_length_83909_cov_50.502099_17 # 15311 # 16705 # 1 # ID=20_17;partial=00;start_type=ATG;rbs_motif=None;rbs_spacer=None;gc_cont=0.634,99.4,902,464,0.0,465,1,464,1,464,mobileOG_000354199,cpxA,WP_015379421.1,transfer,"conjugation,relaxosome",Plasmid RefSeq,Homology,NODE_20_length_83909_cov_50.502099_17, 15311 # 16705 # 1 , 15311,16705,1 ,20_17,20,17,00,ATG,None,None,0.634,NODE_20_length_83909_cov_50.502099,mobileOG_000354199_NODE_20_length_83909_cov_50.502099
422,"mobileOG_000354202|cpxA|WP_033636450.1|transfer|conjugation,relaxosome|Plasmid RefSeq|Homology",NODE_20_length_83909_cov_50.502099_17 # 15311 # 16705 # 1 # ID=20_17;partial=00;start_type=ATG;rbs_motif=None;rbs_spacer=None;gc_cont=0.634,99.1,902,464,0.0,465,1,464,1,464,mobileOG_000354202,cpxA,WP_033636450.1,transfer,"conjugation,relaxosome",Plasmid RefSeq,Homology,NODE_20_length_83909_cov_50.502099_17, 15311 # 16705 # 1 , 15311,16705,1 ,20_17,20,17,00,ATG,None,None,0.634,NODE_20_length_83909_cov_50.502099,mobileOG_000354202_NODE_20_length_83909_cov_50.502099
423,mobileOG_000332472|mutM|WP_033649742.1|replication/recombination/repair|NA|Plasmid RefSeq|Homology,NODE_20_length_83909_cov_50.502099_46 # 44442 # 45257 # -1 # ID=20_46;partial=00;start_type=ATG;rbs_motif=GGAGG;rbs_spacer=5-10bp;gc_cont=0.604,98.9,545,271,1.98e-198,272,1,271,1,271,mobileOG_000332472,mutM,WP_033649742.1,replication/recombination/repair,NA,Plasmid RefSeq,Homology,NODE_20_length_83909_cov_50.502099_46, 44442 # 45257 # -1 , 44442,45257,-1 ,20_46,20,46,00,ATG,GGAGG,5-10bp,0.604,NODE_20_length_83909_cov_50.502099,mobileOG_000332472_NODE_20_length_83909_cov_50.502099
424,mobileOG_000327567|mutM|WP_101452716.1|replication/recombination/repair|NA|Plasmid RefSeq|Homology,NODE_20_length_83909_cov_50.502099_46 # 44442 # 45257 # -1 # ID=20_46;partial=00;start_type=ATG;rbs_motif=GGAGG;rbs_spacer=5-10bp;gc_cont=0.604,96.7,535,271,1.82e-194,272,1,271,1,271,mobileOG_000327567,mutM,WP_101452716.1,replication/recombination/repair,NA,Plasmid RefSeq,Homology,NODE_20_length_83909_cov_50.502099_46, 44442 # 45257 # -1 , 44442,45257,-1 ,20_46,20,46,00,ATG,GGAGG,5-10bp,0.604,NODE_20_length_83909_cov_50.502099,mobileOG_000327567_NODE_20_length_83909_cov_50.502099
425,mobileOG_000370422|s071|WP_025304698.1|replication/recombination/repair|NA|Plasmid RefSeq|Homology,NODE_20_length_83909_cov_50.502099_49 # 46017 # 46700 # -1 # ID=20_49;partial=00;start_type=ATG;rbs_motif=GGAGG;rbs_spacer=5-10bp;gc_cont=0.579,99.6,442,227,6.82e-159,228,1,227,1,227,mobileOG_000370422,s071,WP_025304698.1,replication/recombination/repair,NA,Plasmid RefSeq,Homology,NODE_20_length_83909_cov_50.502099_49, 46017 # 46700 # -1 , 46017,46700,-1 ,20_49,20,49,00,ATG,GGAGG,5-10bp,0.579,NODE_20_length_83909_cov_50.502099,mobileOG_000370422_NODE_20_length_83909_cov_50.502099
426,mobileOG_000370402|s071|WP_016929682.1|replication/recombination/repair|NA|Plasmid RefSeq|Homology,NODE_20_length_83909_cov_50.502099_49 # 46017 # 46700 # -1 # ID=20_49;partial=00;start_type=ATG;rbs_motif=GGAGG;rbs_spacer=5-10bp;gc_cont=0.579,99.1,440,227,3.94e-158,228,1,227,1,227,mobileOG_000370402,s071,WP_016929682.1,replication/recombination/repair,NA,Plasmid RefSeq,Homology,NODE_20_length_83909_cov_50.502099_49, 46017 # 46700 # -1 , 46017,46700,-1 ,20_49,20,49,00,ATG,GGAGG,5-10bp,0.579,NODE_20_length_83909_cov_50.502099,mobileOG_000370402_NODE_20_length_83909_cov_50.502099
427,mobileOG_000365573|dut|WP_033652257.1|transfer|regulation|Plasmid RefSeq|Homology,NODE_20_length_83909_cov_50.502099_51 # 48079 # 48537 # 1 # ID=20_51;partial=00;start_type=ATG;rbs_motif=3Base/5BMM;rbs_spacer=13-15bp;gc_cont=0.656,99.3,302,152,3.56e-106,153,1,152,1,152,mobileOG_000365573,dut,WP_033652257.1,transfer,regulation,Plasmid RefSeq,Homology,NODE_20_length_83909_cov_50.502099_51, 48079 # 48537 # 1 , 48079,48537,1 ,20_51,20,51,00,ATG,3Base/5BMM,13-15bp,0.656,NODE_20_length_83909_cov_50.502099,mobileOG_000365573_NODE_20_length_83909_cov_50.502099
428,mobileOG_000026435|dut|A0A2S4X4S0|transfer|regulation|Plasmid RefSeq|Manual,NODE_20_length_83909_cov_50.502099_51 # 48079 # 48537 # 1 # ID=20_51;partial=00;start_type=ATG;rbs_motif=3Base/5BMM;rbs_spacer=13-15bp;gc_cont=0.656,98.7,302,152,5.05e-106,153,1,152,1,152,mobileOG_000026435,dut,A0A2S4X4S0,transfer,regulation,Plasmid RefSeq,Manual,NODE_20_length_83909_cov_50.502099_51, 48079 # 48537 # 1 , 48079,48537,1 ,20_51,20,51,00,ATG,3Base/5BMM,13-15bp,0.656,NODE_20_length_83909_cov_50.502099,mobileOG_000026435_NODE_20_length_83909_cov_50.502099
429,mobileOG_000289045|dut|A0A0J4XIE0|transfer|regulation|Plasmid RefSeq|Homology,NODE_20_length_83909_cov_50.502099_51 # 48079 # 48537 # 1 # ID=20_51;partial=00;start_type=ATG;rbs_motif=3Base/5BMM;rbs_spacer=13-15bp;gc_cont=0.656,91.4,278,152,1.44e-96,153,1,151,1,151,mobileOG_000289045,dut,A0A0J4XIE0,transfer,regulation,Plasmid RefSeq,Homology,NODE_20_length_83909_cov_50.502099_51, 48079 # 48537 # 1 , 48079,48537,1 ,20_51,20,51,00,ATG,3Base/5BMM,13-15bp,0.656,NODE_20_length_83909_cov_50.502099,mobileOG_000289045_NODE_20_length_83909_cov_50.502099
430,mobileOG_000368541|rph|WP_025160305.1|replication/recombination/repair|NA|Plasmid RefSeq|Homology,NODE_20_length_83909_cov_50.502099_54 # 50155 # 50871 # -1 # ID=20_54;partial=00;start_type=ATG;rbs_motif=GGAG/GAGG;rbs_spacer=5-10bp;gc_cont=0.628,100,459,238,3.11e-165,239,1,238,1,238,mobileOG_000368541,rph,WP_025160305.1,replication/recombination/repair,NA,Plasmid RefSeq,Homology,NODE_20_length_83909_cov_50.502099_54, 50155 # 50871 # -1 , 50155,50871,-1 ,20_54,20,54,00,ATG,GGAG/GAGG,5-10bp,0.628,NODE_20_length_83909_cov_50.502099,mobileOG_000368541_NODE_20_length_83909_cov_50.502099
431,mobileOG_000282640|recG|WP_043148432.1|replication/recombination/repair|NA|Plasmid RefSeq|Homology,NODE_20_length_83909_cov_50.502099_65 # 59184 # 61265 # 1 # ID=20_65;partial=00;start_type=ATG;rbs_motif=3Base/5BMM;rbs_spacer=13-15bp;gc_cont=0.658,99.4,1332,693,0.0,694,1,693,1,693,mobileOG_000282640,recG,WP_043148432.1,replication/recombination/repair,NA,Plasmid RefSeq,Homology,NODE_20_length_83909_cov_50.502099_65, 59184 # 61265 # 1 , 59184,61265,1 ,20_65,20,65,00,ATG,3Base/5BMM,13-15bp,0.658,NODE_20_length_83909_cov_50.502099,mobileOG_000282640_NODE_20_length_83909_cov_50.502099
432,mobileOG_000282638|recG|WP_042785598.1|replication/recombination/repair|NA|Plasmid RefSeq|Homology,NODE_20_length_83909_cov_50.502099_65 # 59184 # 61265 # 1 # ID=20_65;partial=00;start_type=ATG;rbs_motif=3Base/5BMM;rbs_spacer=13-15bp;gc_cont=0.658,99.1,1329,693,0.0,694,1,693,1,693,mobileOG_000282638,recG,WP_042785598.1,replication/recombination/repair,NA,Plasmid RefSeq,Homology,NODE_20_length_83909_cov_50.502099_65, 59184 # 61265 # 1 , 59184,61265,1 ,20_65,20,65,00,ATG,3Base/5BMM,13-15bp,0.658,NODE_20_length_83909_cov_50.502099,mobileOG_000282638_NODE_20_length_83909_cov_50.502099
433,mobileOG_000324978|polA|WP_033652267.1|replication/recombination/repair|NA|Plasmid RefSeq|Homology,NODE_20_length_83909_cov_50.502099_81 # 79622 # 82420 # -1 # ID=20_81;partial=00;start_type=ATG;rbs_motif=None;rbs_spacer=None;gc_cont=0.620,97.3,1759,932,0.0,933,1,932,1,932,mobileOG_000324978,polA,WP_033652267.1,replication/recombination/repair,NA,Plasmid RefSeq,Homology,NODE_20_length_83909_cov_50.502099_81, 79622 # 82420 # -1 , 79622,82420,-1 ,20_81,20,81,00,ATG,None,None,0.620,NODE_20_length_83909_cov_50.502099,mobileOG_000324978_NODE_20_length_83909_cov_50.502099
434,mobileOG_000330441|polA|WP_033649753.1|replication/recombination/repair|NA|Plasmid RefSeq|Homology,NODE_20_length_83909_cov_50.502099_81 # 79622 # 82420 # -1 # ID=20_81;partial=00;start_type=ATG;rbs_motif=None;rbs_spacer=None;gc_cont=0.620,97.2,1753,933,0.0,933,1,933,1,932,mobileOG_000330441,polA,WP_033649753.1,replication/recombination/repair,NA,Plasmid RefSeq,Homology,NODE_20_length_83909_cov_50.502099_81, 79622 # 82420 # -1 , 79622,82420,-1 ,20_81,20,81,00,ATG,None,None,0.620,NODE_20_length_83909_cov_50.502099,mobileOG_000330441_NODE_20_length_83909_cov_50.502099
435,mobileOG_000328591|seqA|WP_033637454.1|replication/recombination/repair|NA|Plasmid RefSeq|Homology,NODE_22_length_66519_cov_40.656633_16 # 20775 # 21317 # 1 # ID=22_16;partial=00;start_type=ATG;rbs_motif=GGA/GAG/AGG;rbs_spacer=5-10bp;gc_cont=0.593,99.4,345,180,2.47e-122,181,1,180,1,180,mobileOG_000328591,seqA,WP_033637454.1,replication/recombination/repair,NA,Plasmid RefSeq,Homology,NODE_22_length_66519_cov_40.656633_16, 20775 # 21317 # 1 , 20775,21317,1 ,22_16,22,16,00,ATG,GGA/GAG/AGG,5-10bp,0.593,NODE_22_length_66519_cov_40.656633,mobileOG_000328591_NODE_22_length_66519_cov_40.656633
436,mobileOG_000328592|seqA|WP_033651164.1|replication/recombination/repair|NA|Plasmid RefSeq|Homology,NODE_22_length_66519_cov_40.656633_16 # 20775 # 21317 # 1 # ID=22_16;partial=00;start_type=ATG;rbs_motif=GGA/GAG/AGG;rbs_spacer=5-10bp;gc_cont=0.593,96.7,335,180,3.23e-118,181,1,180,1,180,mobileOG_000328592,seqA,WP_033651164.1,replication/recombination/repair,NA,Plasmid RefSeq,Homology,NODE_22_length_66519_cov_40.656633_16, 20775 # 21317 # 1 , 20775,21317,1 ,22_16,22,16,00,ATG,GGA/GAG/AGG,5-10bp,0.593,NODE_22_length_66519_cov_40.656633,mobileOG_000328592_NODE_22_length_66519_cov_40.656633
437,mobileOG_000365516|nei|WP_101453420.1|replication/recombination/repair|NA|Plasmid RefSeq|Homology,NODE_22_length_66519_cov_40.656633_37 # 42069 # 42860 # 1 # ID=22_37;partial=00;start_type=ATG;rbs_motif=AGGAG;rbs_spacer=5-10bp;gc_cont=0.639,99.2,530,263,1.33e-192,264,1,263,1,263,mobileOG_000365516,nei,WP_101453420.1,replication/recombination/repair,NA,Plasmid RefSeq,Homology,NODE_22_length_66519_cov_40.656633_37, 42069 # 42860 # 1 , 42069,42860,1 ,22_37,22,37,00,ATG,AGGAG,5-10bp,0.639,NODE_22_length_66519_cov_40.656633,mobileOG_000365516_NODE_22_length_66519_cov_40.656633
438,mobileOG_000365502|nei|WP_033647160.1|replication/recombination/repair|NA|Plasmid RefSeq|Homology,NODE_22_length_66519_cov_40.656633_37 # 42069 # 42860 # 1 # ID=22_37;partial=00;start_type=ATG;rbs_motif=AGGAG;rbs_spacer=5-10bp;gc_cont=0.639,97.3,521,263,4.29e-189,264,1,263,1,263,mobileOG_000365502,nei,WP_033647160.1,replication/recombination/repair,NA,Plasmid RefSeq,Homology,NODE_22_length_66519_cov_40.656633_37, 42069 # 42860 # 1 , 42069,42860,1 ,22_37,22,37,00,ATG,AGGAG,5-10bp,0.639,NODE_22_length_66519_cov_40.656633,mobileOG_000365502_NODE_22_length_66519_cov_40.656633
439,"mobileOG_000353630|mukB|WP_089196851.1|replication/recombination/repair|transfer,partitioning|Plasmid RefSeq|Homology",NODE_23_length_63258_cov_36.506196_4 # 3590 # 8038 # -1 # ID=23_4;partial=00;start_type=ATG;rbs_motif=GGAG/GAGG;rbs_spacer=5-10bp;gc_cont=0.627,98.9,2602,1482,0.0,1483,1,1482,1,1482,mobileOG_000353630,mukB,WP_089196851.1,replication/recombination/repair,"transfer,partitioning",Plasmid RefSeq,Homology,NODE_23_length_63258_cov_36.506196_4, 3590 # 8038 # -1 , 3590,8038,-1 ,23_4,23,4,00,ATG,GGAG/GAGG,5-10bp,0.627,NODE_23_length_63258_cov_36.506196,mobileOG_000353630_NODE_23_length_63258_cov_36.506196
440,"mobileOG_000353987|mukB|WP_060428382.1|replication/recombination/repair|transfer,partitioning|Plasmid RefSeq|Homology",NODE_23_length_63258_cov_36.506196_4 # 3590 # 8038 # -1 # ID=23_4;partial=00;start_type=ATG;rbs_motif=GGAG/GAGG;rbs_spacer=5-10bp;gc_cont=0.627,99.3,2601,1482,0.0,1483,1,1482,1,1482,mobileOG_000353987,mukB,WP_060428382.1,replication/recombination/repair,"transfer,partitioning",Plasmid RefSeq,Homology,NODE_23_length_63258_cov_36.506196_4, 3590 # 8038 # -1 , 3590,8038,-1 ,23_4,23,4,00,ATG,GGAG/GAGG,5-10bp,0.627,NODE_23_length_63258_cov_36.506196,mobileOG_000353987_NODE_23_length_63258_cov_36.506196
441,mobileOG_000336293|mukF|WP_004928228.1|replication/recombination/repair|partitioning|Plasmid RefSeq|Homology,NODE_23_length_63258_cov_36.506196_6 # 8744 # 10066 # -1 # ID=23_6;partial=00;start_type=ATG;rbs_motif=AGGA;rbs_spacer=5-10bp;gc_cont=0.586,100,861,440,9.80e-318,441,1,440,1,440,mobileOG_000336293,mukF,WP_004928228.1,replication/recombination/repair,partitioning,Plasmid RefSeq,Homology,NODE_23_length_63258_cov_36.506196_6, 8744 # 10066 # -1 , 8744,10066,-1 ,23_6,23,6,00,ATG,AGGA,5-10bp,0.586,NODE_23_length_63258_cov_36.506196,mobileOG_000336293_NODE_23_length_63258_cov_36.506196
442,"mobileOG_000026493|ihfB|P23303|integration/excision|regulation,lysis/lysogeny|Plasmid RefSeq|Manual",NODE_23_length_63258_cov_36.506196_19 # 23292 # 23576 # -1 # ID=23_19;partial=00;start_type=ATG;rbs_motif=GGAGG;rbs_spacer=3-4bp;gc_cont=0.540,100,193,94,7.10e-65,95,1,94,1,94,mobileOG_000026493,ihfB,P23303,integration/excision,"regulation,lysis/lysogeny",Plasmid RefSeq,Manual,NODE_23_length_63258_cov_36.506196_19, 23292 # 23576 # -1 , 23292,23576,-1 ,23_19,23,19,00,ATG,GGAGG,3-4bp,0.540,NODE_23_length_63258_cov_36.506196,mobileOG_000026493_NODE_23_length_63258_cov_36.506196
443,"mobileOG_000025715|ihfB|WP_002898165.1|integration/excision|regulation,lysis/lysogeny|Plasmid RefSeq|Manual",NODE_23_length_63258_cov_36.506196_19 # 23292 # 23576 # -1 # ID=23_19;partial=00;start_type=ATG;rbs_motif=GGAGG;rbs_spacer=3-4bp;gc_cont=0.540,94.6,183,95,6.80e-61,95,1,93,1,93,mobileOG_000025715,ihfB,WP_002898165.1,integration/excision,"regulation,lysis/lysogeny",Plasmid RefSeq,Manual,NODE_23_length_63258_cov_36.506196_19, 23292 # 23576 # -1 , 23292,23576,-1 ,23_19,23,19,00,ATG,GGAGG,3-4bp,0.540,NODE_23_length_63258_cov_36.506196,mobileOG_000025715_NODE_23_length_63258_cov_36.506196
444,"mobileOG_000026072|ihfB|A6T704|integration/excision|regulation,lysis/lysogeny|Plasmid RefSeq|Manual",NODE_23_length_63258_cov_36.506196_19 # 23292 # 23576 # -1 # ID=23_19;partial=00;start_type=ATG;rbs_motif=GGAGG;rbs_spacer=3-4bp;gc_cont=0.540,94.6,183,95,6.80e-61,95,1,93,1,93,mobileOG_000026072,ihfB,A6T704,integration/excision,"regulation,lysis/lysogeny",Plasmid RefSeq,Manual,NODE_23_length_63258_cov_36.506196_19, 23292 # 23576 # -1 , 23292,23576,-1 ,23_19,23,19,00,ATG,GGAGG,3-4bp,0.540,NODE_23_length_63258_cov_36.506196,mobileOG_000026072_NODE_23_length_63258_cov_36.506196
445,mobileOG_000331284|ihfB|WP_003858233.1|integration/excision|NA|Plasmid RefSeq|Homology,NODE_23_length_63258_cov_36.506196_19 # 23292 # 23576 # -1 # ID=23_19;partial=00;start_type=ATG;rbs_motif=GGAGG;rbs_spacer=3-4bp;gc_cont=0.540,93.6,183,95,6.80e-61,95,1,94,1,94,mobileOG_000331284,ihfB,WP_003858233.1,integration/excision,NA,Plasmid RefSeq,Homology,NODE_23_length_63258_cov_36.506196_19, 23292 # 23576 # -1 , 23292,23576,-1 ,23_19,23,19,00,ATG,GGAGG,3-4bp,0.540,NODE_23_length_63258_cov_36.506196,mobileOG_000331284_NODE_23_length_63258_cov_36.506196
446,mobileOG_000282809|rarA|WP_072055887.1|replication/recombination/repair|NA|Plasmid RefSeq|Homology,NODE_23_length_63258_cov_36.506196_32 # 40063 # 41409 # -1 # ID=23_32;partial=00;start_type=GTG;rbs_motif=GGAG/GAGG;rbs_spacer=5-10bp;gc_cont=0.642,99.3,839,428,4.50e-309,449,1,428,21,448,mobileOG_000282809,rarA,WP_072055887.1,replication/recombination/repair,NA,Plasmid RefSeq,Homology,NODE_23_length_63258_cov_36.506196_32, 40063 # 41409 # -1 , 40063,41409,-1 ,23_32,23,32,00,GTG,GGAG/GAGG,5-10bp,0.642,NODE_23_length_63258_cov_36.506196,mobileOG_000282809_NODE_23_length_63258_cov_36.506196
447,mobileOG_000288172|rarA|WP_101456548.1|replication/recombination/repair|NA|Plasmid RefSeq|Homology,NODE_23_length_63258_cov_36.506196_32 # 40063 # 41409 # -1 # ID=23_32;partial=00;start_type=GTG;rbs_motif=GGAG/GAGG;rbs_spacer=5-10bp;gc_cont=0.642,99.1,837,428,2.60e-308,449,1,428,21,448,mobileOG_000288172,rarA,WP_101456548.1,replication/recombination/repair,NA,Plasmid RefSeq,Homology,NODE_23_length_63258_cov_36.506196_32, 40063 # 41409 # -1 , 40063,41409,-1 ,23_32,23,32,00,GTG,GGAG/GAGG,5-10bp,0.642,NODE_23_length_63258_cov_36.506196,mobileOG_000288172_NODE_23_length_63258_cov_36.506196
448,"mobileOG_000368499|clpA|WP_004928343.1|phage|infection,regulation|Plasmid RefSeq|Homology",NODE_23_length_63258_cov_36.506196_43 # 54761 # 57040 # -1 # ID=23_43;partial=00;start_type=ATG;rbs_motif=GGAGG;rbs_spacer=5-10bp;gc_cont=0.613,100,1462,759,0.0,760,1,759,1,759,mobileOG_000368499,clpA,WP_004928343.1,phage,"infection,regulation",Plasmid RefSeq,Homology,NODE_23_length_63258_cov_36.506196_43, 54761 # 57040 # -1 , 54761,57040,-1 ,23_43,23,43,00,ATG,GGAGG,5-10bp,0.613,NODE_23_length_63258_cov_36.506196,mobileOG_000368499_NODE_23_length_63258_cov_36.506196
449,"mobileOG_000351484|clpA|WP_025302261.1|phage|infection,regulation|Plasmid RefSeq|Homology",NODE_23_length_63258_cov_36.506196_43 # 54761 # 57040 # -1 # ID=23_43;partial=00;start_type=ATG;rbs_motif=GGAGG;rbs_spacer=5-10bp;gc_cont=0.613,99.9,1461,759,0.0,760,1,759,1,759,mobileOG_000351484,clpA,WP_025302261.1,phage,"infection,regulation",Plasmid RefSeq,Homology,NODE_23_length_63258_cov_36.506196_43, 54761 # 57040 # -1 , 54761,57040,-1 ,23_43,23,43,00,ATG,GGAGG,5-10bp,0.613,NODE_23_length_63258_cov_36.506196,mobileOG_000351484_NODE_23_length_63258_cov_36.506196
450,"mobileOG_000288401|clpA|WP_002896522.1|phage|infection,regulation|Plasmid RefSeq|Homology",NODE_23_length_63258_cov_36.506196_43 # 54761 # 57040 # -1 # ID=23_43;partial=00;start_type=ATG;rbs_motif=GGAGG;rbs_spacer=5-10bp;gc_cont=0.613,90.9,1334,759,0.0,760,1,756,1,754,mobileOG_000288401,clpA,WP_002896522.1,phage,"infection,regulation",Plasmid RefSeq,Homology,NODE_23_length_63258_cov_36.506196_43, 54761 # 57040 # -1 , 54761,57040,-1 ,23_43,23,43,00,ATG,GGAGG,5-10bp,0.613,NODE_23_length_63258_cov_36.506196,mobileOG_000288401_NODE_23_length_63258_cov_36.506196
451,"mobileOG_000021815|clpA|A0A5R8T0B6|phage|infection,regulation|GPD|Manual",NODE_23_length_63258_cov_36.506196_43 # 54761 # 57040 # -1 # ID=23_43;partial=00;start_type=ATG;rbs_motif=GGAGG;rbs_spacer=5-10bp;gc_cont=0.613,90.7,1333,758,0.0,760,1,755,1,754,mobileOG_000021815,clpA,A0A5R8T0B6,phage,"infection,regulation",GPD,Manual,NODE_23_length_63258_cov_36.506196_43, 54761 # 57040 # -1 , 54761,57040,-1 ,23_43,23,43,00,ATG,GGAGG,5-10bp,0.613,NODE_23_length_63258_cov_36.506196,mobileOG_000021815_NODE_23_length_63258_cov_36.506196
452,"mobileOG_000288430|clpA|WP_006809407.1|phage|infection,regulation|Plasmid RefSeq|Homology",NODE_23_length_63258_cov_36.506196_43 # 54761 # 57040 # -1 # ID=23_43;partial=00;start_type=ATG;rbs_motif=GGAGG;rbs_spacer=5-10bp;gc_cont=0.613,90.6,1332,759,0.0,760,1,756,1,754,mobileOG_000288430,clpA,WP_006809407.1,phage,"infection,regulation",Plasmid RefSeq,Homology,NODE_23_length_63258_cov_36.506196_43, 54761 # 57040 # -1 , 54761,57040,-1 ,23_43,23,43,00,ATG,GGAGG,5-10bp,0.613,NODE_23_length_63258_cov_36.506196,mobileOG_000288430_NODE_23_length_63258_cov_36.506196
453,mobileOG_000368500|clpS|WP_004928347.1|phage|replication/recombination/repair|Plasmid RefSeq|Homology,NODE_23_length_63258_cov_36.506196_44 # 57068 # 57388 # -1 # ID=23_44;partial=00;start_type=ATG;rbs_motif=GGA/GAG/AGG;rbs_spacer=5-10bp;gc_cont=0.458,100,221,106,1.24e-75,107,1,106,1,106,mobileOG_000368500,clpS,WP_004928347.1,phage,replication/recombination/repair,Plasmid RefSeq,Homology,NODE_23_length_63258_cov_36.506196_44, 57068 # 57388 # -1 , 57068,57388,-1 ,23_44,23,44,00,ATG,GGA/GAG/AGG,5-10bp,0.458,NODE_23_length_63258_cov_36.506196,mobileOG_000368500_NODE_23_length_63258_cov_36.506196
454,mobileOG_000351518|lamB|WP_129993804.1|transfer|phage receptor|Plasmid RefSeq|Homology,NODE_24_length_50516_cov_47.096770_30 # 42837 # 44126 # 1 # ID=24_30;partial=00;start_type=ATG;rbs_motif=AGGAG;rbs_spacer=5-10bp;gc_cont=0.608,99.1,894,430,0.0,430,2,430,1,429,mobileOG_000351518,lamB,WP_129993804.1,transfer,phage receptor,Plasmid RefSeq,Homology,NODE_24_length_50516_cov_47.096770_30, 42837 # 44126 # 1 , 42837,44126,1 ,24_30,24,30,00,ATG,AGGAG,5-10bp,0.608,NODE_24_length_50516_cov_47.096770,mobileOG_000351518_NODE_24_length_50516_cov_47.096770
455,mobileOG_000318999|lamB|WP_133160409.1|transfer|phage receptor|Plasmid RefSeq|Homology,NODE_24_length_50516_cov_47.096770_30 # 42837 # 44126 # 1 # ID=24_30;partial=00;start_type=ATG;rbs_motif=AGGAG;rbs_spacer=5-10bp;gc_cont=0.608,98.6,890,430,0.0,430,2,430,1,429,mobileOG_000318999,lamB,WP_133160409.1,transfer,phage receptor,Plasmid RefSeq,Homology,NODE_24_length_50516_cov_47.096770_30, 42837 # 44126 # 1 , 42837,44126,1 ,24_30,24,30,00,ATG,AGGAG,5-10bp,0.608,NODE_24_length_50516_cov_47.096770,mobileOG_000318999_NODE_24_length_50516_cov_47.096770
456,mobileOG_000330260|ligA|WP_033654989.1|replication/recombination/repair|NA|Plasmid RefSeq|Homology,NODE_25_length_50488_cov_38.674873_37 # 37152 # 39173 # 1 # ID=25_37;partial=00;start_type=ATG;rbs_motif=None;rbs_spacer=None;gc_cont=0.646,99.3,1288,673,0.0,674,1,673,1,673,mobileOG_000330260,ligA,WP_033654989.1,replication/recombination/repair,NA,Plasmid RefSeq,Homology,NODE_25_length_50488_cov_38.674873_37, 37152 # 39173 # 1 , 37152,39173,1 ,25_37,25,37,00,ATG,None,None,0.646,NODE_25_length_50488_cov_38.674873,mobileOG_000330260_NODE_25_length_50488_cov_38.674873
457,mobileOG_000327452|ligA|WP_101453266.1|replication/recombination/repair|NA|Plasmid RefSeq|Homology,NODE_25_length_50488_cov_38.674873_37 # 37152 # 39173 # 1 # ID=25_37;partial=00;start_type=ATG;rbs_motif=None;rbs_spacer=None;gc_cont=0.646,98.8,1283,673,0.0,674,1,673,1,673,mobileOG_000327452,ligA,WP_101453266.1,replication/recombination/repair,NA,Plasmid RefSeq,Homology,NODE_25_length_50488_cov_38.674873_37, 37152 # 39173 # 1 , 37152,39173,1 ,25_37,25,37,00,ATG,None,None,0.646,NODE_25_length_50488_cov_38.674873,mobileOG_000327452_NODE_25_length_50488_cov_38.674873
458,mobileOG_000026496|ssb|P25762|replication/recombination/repair|NA|Plasmid RefSeq|Manual,NODE_28_length_38945_cov_46.077030_13 # 16058 # 16588 # -1 # ID=28_13;partial=00;start_type=ATG;rbs_motif=GGAG/GAGG;rbs_spacer=5-10bp;gc_cont=0.633,100,336,176,1.18e-118,177,1,176,1,176,mobileOG_000026496,ssb,P25762,replication/recombination/repair,NA,Plasmid RefSeq,Manual,NODE_28_length_38945_cov_46.077030_13, 16058 # 16588 # -1 , 16058,16588,-1 ,28_13,28,13,00,ATG,GGAG/GAGG,5-10bp,0.633,NODE_28_length_38945_cov_46.077030,mobileOG_000026496_NODE_28_length_38945_cov_46.077030
459,mobileOG_000364805|ssb|WP_033654707.1|replication/recombination/repair|NA|Plasmid RefSeq|Homology,NODE_28_length_38945_cov_46.077030_13 # 16058 # 16588 # -1 # ID=28_13;partial=00;start_type=ATG;rbs_motif=GGAG/GAGG;rbs_spacer=5-10bp;gc_cont=0.633,94.4,307,177,3.32e-107,177,1,177,1,176,mobileOG_000364805,ssb,WP_033654707.1,replication/recombination/repair,NA,Plasmid RefSeq,Homology,NODE_28_length_38945_cov_46.077030_13, 16058 # 16588 # -1 , 16058,16588,-1 ,28_13,28,13,00,ATG,GGAG/GAGG,5-10bp,0.633,NODE_28_length_38945_cov_46.077030,mobileOG_000364805_NODE_28_length_38945_cov_46.077030
460,mobileOG_000355081|uvrA|WP_033644422.1|replication/recombination/repair|NA|Plasmid RefSeq|Homology,NODE_28_length_38945_cov_46.077030_14 # 16866 # 19694 # 1 # ID=28_14;partial=00;start_type=ATG;rbs_motif=GGA/GAG/AGG;rbs_spacer=5-10bp;gc_cont=0.629,99.8,1864,942,0.0,943,1,942,1,942,mobileOG_000355081,uvrA,WP_033644422.1,replication/recombination/repair,NA,Plasmid RefSeq,Homology,NODE_28_length_38945_cov_46.077030_14, 16866 # 19694 # 1 , 16866,19694,1 ,28_14,28,14,00,ATG,GGA/GAG/AGG,5-10bp,0.629,NODE_28_length_38945_cov_46.077030,mobileOG_000355081_NODE_28_length_38945_cov_46.077030
461,mobileOG_000355080|uvrA|WP_033636192.1|replication/recombination/repair|NA|Plasmid RefSeq|Homology,NODE_28_length_38945_cov_46.077030_14 # 16866 # 19694 # 1 # ID=28_14;partial=00;start_type=ATG;rbs_motif=GGA/GAG/AGG;rbs_spacer=5-10bp;gc_cont=0.629,99.7,1860,942,0.0,943,1,941,1,941,mobileOG_000355080,uvrA,WP_033636192.1,replication/recombination/repair,NA,Plasmid RefSeq,Homology,NODE_28_length_38945_cov_46.077030_14, 16866 # 19694 # 1 , 16866,19694,1 ,28_14,28,14,00,ATG,GGA/GAG/AGG,5-10bp,0.629,NODE_28_length_38945_cov_46.077030,mobileOG_000355080_NODE_28_length_38945_cov_46.077030
462,mobileOG_000355073|uvrA|WP_004146620.1|replication/recombination/repair|NA|Plasmid RefSeq|Homology,NODE_28_length_38945_cov_46.077030_14 # 16866 # 19694 # 1 # ID=28_14;partial=00;start_type=ATG;rbs_motif=GGA/GAG/AGG;rbs_spacer=5-10bp;gc_cont=0.629,93.0,1761,941,0.0,943,1,941,1,941,mobileOG_000355073,uvrA,WP_004146620.1,replication/recombination/repair,NA,Plasmid RefSeq,Homology,NODE_28_length_38945_cov_46.077030_14, 16866 # 19694 # 1 , 16866,19694,1 ,28_14,28,14,00,ATG,GGA/GAG/AGG,5-10bp,0.629,NODE_28_length_38945_cov_46.077030,mobileOG_000355073_NODE_28_length_38945_cov_46.077030
463,mobileOG_000289038|uvrA|WP_008807293.1|replication/recombination/repair|NA|Plasmid RefSeq|Homology,NODE_28_length_38945_cov_46.077030_14 # 16866 # 19694 # 1 # ID=28_14;partial=00;start_type=ATG;rbs_motif=GGA/GAG/AGG;rbs_spacer=5-10bp;gc_cont=0.629,92.8,1758,941,0.0,943,1,941,1,941,mobileOG_000289038,uvrA,WP_008807293.1,replication/recombination/repair,NA,Plasmid RefSeq,Homology,NODE_28_length_38945_cov_46.077030_14, 16866 # 19694 # 1 , 16866,19694,1 ,28_14,28,14,00,ATG,GGA/GAG/AGG,5-10bp,0.629,NODE_28_length_38945_cov_46.077030,mobileOG_000289038_NODE_28_length_38945_cov_46.077030
464,mobileOG_000026154|uvrA|P0A699|replication/recombination/repair|NA|Plasmid RefSeq|Manual,NODE_28_length_38945_cov_46.077030_14 # 16866 # 19694 # 1 # ID=28_14;partial=00;start_type=ATG;rbs_motif=GGA/GAG/AGG;rbs_spacer=5-10bp;gc_cont=0.629,91.9,1747,940,0.0,943,1,940,1,940,mobileOG_000026154,uvrA,P0A699,replication/recombination/repair,NA,Plasmid RefSeq,Manual,NODE_28_length_38945_cov_46.077030_14, 16866 # 19694 # 1 , 16866,19694,1 ,28_14,28,14,00,ATG,GGA/GAG/AGG,5-10bp,0.629,NODE_28_length_38945_cov_46.077030,mobileOG_000026154_NODE_28_length_38945_cov_46.077030
465,mobileOG_000288441|uvrA|WP_015570187.1|replication/recombination/repair|NA|Plasmid RefSeq|Homology,NODE_28_length_38945_cov_46.077030_14 # 16866 # 19694 # 1 # ID=28_14;partial=00;start_type=ATG;rbs_motif=GGA/GAG/AGG;rbs_spacer=5-10bp;gc_cont=0.629,92.0,1746,940,0.0,943,1,940,1,940,mobileOG_000288441,uvrA,WP_015570187.1,replication/recombination/repair,NA,Plasmid RefSeq,Homology,NODE_28_length_38945_cov_46.077030_14, 16866 # 19694 # 1 , 16866,19694,1 ,28_14,28,14,00,ATG,GGA/GAG/AGG,5-10bp,0.629,NODE_28_length_38945_cov_46.077030,mobileOG_000288441_NODE_28_length_38945_cov_46.077030
466,"mobileOG_000376616|rep|WP_004936779.1|replication/recombination/repair|initiation,copy number control,plasmid|Plasmid RefSeq|Homology",NODE_28_length_38945_cov_46.077030_19 # 22947 # 23363 # -1 # ID=28_19;partial=00;start_type=ATG;rbs_motif=AGGA/GGAG/GAGG;rbs_spacer=11-12bp;gc_cont=0.602,100,288,138,5.45e-101,139,1,138,1,138,mobileOG_000376616,rep,WP_004936779.1,replication/recombination/repair,"initiation,copy number control,plasmid",Plasmid RefSeq,Homology,NODE_28_length_38945_cov_46.077030_19, 22947 # 23363 # -1 , 22947,23363,-1 ,28_19,28,19,00,ATG,AGGA/GGAG/GAGG,11-12bp,0.602,NODE_28_length_38945_cov_46.077030,mobileOG_000376616_NODE_28_length_38945_cov_46.077030
467,"mobileOG_000376888|rep|WP_016930264.1|replication/recombination/repair|initiation,copy number control,plasmid|Plasmid RefSeq|Homology",NODE_28_length_38945_cov_46.077030_19 # 22947 # 23363 # -1 # ID=28_19;partial=00;start_type=ATG;rbs_motif=AGGA/GGAG/GAGG;rbs_spacer=11-12bp;gc_cont=0.602,99.3,286,138,2.22e-100,139,1,138,1,138,mobileOG_000376888,rep,WP_016930264.1,replication/recombination/repair,"initiation,copy number control,plasmid",Plasmid RefSeq,Homology,NODE_28_length_38945_cov_46.077030_19, 22947 # 23363 # -1 , 22947,23363,-1 ,28_19,28,19,00,ATG,AGGA/GGAG/GAGG,11-12bp,0.602,NODE_28_length_38945_cov_46.077030,mobileOG_000376888_NODE_28_length_38945_cov_46.077030
468,mobileOG_000368539|dnaB|WP_025160134.1|replication/recombination/repair|NA|Plasmid RefSeq|Homology,NODE_28_length_38945_cov_46.077030_24 # 27362 # 28717 # -1 # ID=28_24;partial=00;start_type=ATG;rbs_motif=GGA/GAG/AGG;rbs_spacer=5-10bp;gc_cont=0.614,100,871,474,0.0,452,24,474,1,451,mobileOG_000368539,dnaB,WP_025160134.1,replication/recombination/repair,NA,Plasmid RefSeq,Homology,NODE_28_length_38945_cov_46.077030_24, 27362 # 28717 # -1 , 27362,28717,-1 ,28_24,28,24,00,ATG,GGA/GAG/AGG,5-10bp,0.614,NODE_28_length_38945_cov_46.077030,mobileOG_000368539_NODE_28_length_38945_cov_46.077030
469,"mobileOG_000368540|lexA|WP_025160136.1|phage|infection,regulation|Plasmid RefSeq|Homology",NODE_28_length_38945_cov_46.077030_32 # 35134 # 35742 # -1 # ID=28_32;partial=00;start_type=ATG;rbs_motif=AGxAGG/AGGxGG;rbs_spacer=3-4bp;gc_cont=0.603,100,396,202,1.40e-141,203,1,202,1,202,mobileOG_000368540,lexA,WP_025160136.1,phage,"infection,regulation",Plasmid RefSeq,Homology,NODE_28_length_38945_cov_46.077030_32, 35134 # 35742 # -1 , 35134,35742,-1 ,28_32,28,32,00,ATG,AGxAGG/AGGxGG,3-4bp,0.603,NODE_28_length_38945_cov_46.077030,mobileOG_000368540_NODE_28_length_38945_cov_46.077030
470,"mobileOG_000336507|lexA|WP_000646078.1|phage|infection,regulation|Multiple|Homology",NODE_28_length_38945_cov_46.077030_32 # 35134 # 35742 # -1 # ID=28_32;partial=00;start_type=ATG;rbs_motif=AGxAGG/AGGxGG;rbs_spacer=3-4bp;gc_cont=0.603,92.1,370,202,1.61e-131,203,1,202,1,202,mobileOG_000336507,lexA,WP_000646078.1,phage,"infection,regulation",Multiple,Homology,NODE_28_length_38945_cov_46.077030_32, 35134 # 35742 # -1 , 35134,35742,-1 ,28_32,28,32,00,ATG,AGxAGG/AGGxGG,3-4bp,0.603,NODE_28_length_38945_cov_46.077030,mobileOG_000336507_NODE_28_length_38945_cov_46.077030
471,"mobileOG_000289013|lexA|WP_004206291.1|phage|infection,regulation|Plasmid RefSeq|Homology",NODE_28_length_38945_cov_46.077030_32 # 35134 # 35742 # -1 # ID=28_32;partial=00;start_type=ATG;rbs_motif=AGxAGG/AGGxGG;rbs_spacer=3-4bp;gc_cont=0.603,92.1,369,202,6.57e-131,203,1,202,1,202,mobileOG_000289013,lexA,WP_004206291.1,phage,"infection,regulation",Plasmid RefSeq,Homology,NODE_28_length_38945_cov_46.077030_32, 35134 # 35742 # -1 , 35134,35742,-1 ,28_32,28,32,00,ATG,AGxAGG/AGGxGG,3-4bp,0.603,NODE_28_length_38945_cov_46.077030,mobileOG_000289013_NODE_28_length_38945_cov_46.077030
472,"mobileOG_000334793|lexA|WP_002884822.1|phage|infection,regulation|Plasmid RefSeq|Homology",NODE_28_length_38945_cov_46.077030_32 # 35134 # 35742 # -1 # ID=28_32;partial=00;start_type=ATG;rbs_motif=AGxAGG/AGGxGG;rbs_spacer=3-4bp;gc_cont=0.603,91.6,369,202,9.33e-131,203,1,202,1,202,mobileOG_000334793,lexA,WP_002884822.1,phage,"infection,regulation",Plasmid RefSeq,Homology,NODE_28_length_38945_cov_46.077030_32, 35134 # 35742 # -1 , 35134,35742,-1 ,28_32,28,32,00,ATG,AGxAGG/AGGxGG,3-4bp,0.603,NODE_28_length_38945_cov_46.077030,mobileOG_000334793_NODE_28_length_38945_cov_46.077030
473,"mobileOG_000014656|lexA|A0A0D7LJ22|phage|infection,regulation|GPD|Manual",NODE_28_length_38945_cov_46.077030_32 # 35134 # 35742 # -1 # ID=28_32;partial=00;start_type=ATG;rbs_motif=AGxAGG/AGGxGG;rbs_spacer=3-4bp;gc_cont=0.603,90.6,367,202,3.80e-130,203,1,202,1,202,mobileOG_000014656,lexA,A0A0D7LJ22,phage,"infection,regulation",GPD,Manual,NODE_28_length_38945_cov_46.077030_32, 35134 # 35742 # -1 , 35134,35742,-1 ,28_32,28,32,00,ATG,AGxAGG/AGGxGG,3-4bp,0.603,NODE_28_length_38945_cov_46.077030,mobileOG_000014656_NODE_28_length_38945_cov_46.077030
474,"mobileOG_000329613|nusG|WP_004929914.1|phage|regulation,infection|Plasmid RefSeq|Homology",NODE_30_length_30579_cov_48.910170_3 # 760 # 1305 # 1 # ID=30_3;partial=00;start_type=ATG;rbs_motif=GGAG/GAGG;rbs_spacer=5-10bp;gc_cont=0.564,100,364,181,8.97e-130,182,1,181,1,181,mobileOG_000329613,nusG,WP_004929914.1,phage,"regulation,infection",Plasmid RefSeq,Homology,NODE_30_length_30579_cov_48.910170_3, 760 # 1305 # 1 , 760,1305,1 ,30_3,30,3,00,ATG,GGAG/GAGG,5-10bp,0.564,NODE_30_length_30579_cov_48.910170,mobileOG_000329613_NODE_30_length_30579_cov_48.910170
475,"mobileOG_000331286|nusG|WP_004953928.1|phage|regulation,infection|Multiple|Homology",NODE_30_length_30579_cov_48.910170_3 # 760 # 1305 # 1 # ID=30_3;partial=00;start_type=ATG;rbs_motif=GGAG/GAGG;rbs_spacer=5-10bp;gc_cont=0.564,99.4,363,181,2.57e-129,182,1,181,1,181,mobileOG_000331286,nusG,WP_004953928.1,phage,"regulation,infection",Multiple,Homology,NODE_30_length_30579_cov_48.910170_3, 760 # 1305 # 1 , 760,1305,1 ,30_3,30,3,00,ATG,GGAG/GAGG,5-10bp,0.564,NODE_30_length_30579_cov_48.910170,mobileOG_000331286_NODE_30_length_30579_cov_48.910170
476,"mobileOG_000327581|nusG|WP_002210671.1|phage|regulation,infection|Plasmid RefSeq|Homology",NODE_30_length_30579_cov_48.910170_3 # 760 # 1305 # 1 # ID=30_3;partial=00;start_type=ATG;rbs_motif=GGAG/GAGG;rbs_spacer=5-10bp;gc_cont=0.564,99.4,362,181,5.19e-129,182,1,181,1,181,mobileOG_000327581,nusG,WP_002210671.1,phage,"regulation,infection",Plasmid RefSeq,Homology,NODE_30_length_30579_cov_48.910170_3, 760 # 1305 # 1 , 760,1305,1 ,30_3,30,3,00,ATG,GGAG/GAGG,5-10bp,0.564,NODE_30_length_30579_cov_48.910170,mobileOG_000327581_NODE_30_length_30579_cov_48.910170
477,"mobileOG_000324948|nusG|WP_001287521.1|phage|regulation,infection|Plasmid RefSeq|Homology",NODE_30_length_30579_cov_48.910170_3 # 760 # 1305 # 1 # ID=30_3;partial=00;start_type=ATG;rbs_motif=GGAG/GAGG;rbs_spacer=5-10bp;gc_cont=0.564,98.3,357,181,7.08e-127,182,1,180,1,180,mobileOG_000324948,nusG,WP_001287521.1,phage,"regulation,infection",Plasmid RefSeq,Homology,NODE_30_length_30579_cov_48.910170_3, 760 # 1305 # 1 , 760,1305,1 ,30_3,30,3,00,ATG,GGAG/GAGG,5-10bp,0.564,NODE_30_length_30579_cov_48.910170,mobileOG_000324948_NODE_30_length_30579_cov_48.910170
478,"mobileOG_000289012|nusG|WP_003862341.1|phage|regulation,infection|Plasmid RefSeq|Homology",NODE_30_length_30579_cov_48.910170_3 # 760 # 1305 # 1 # ID=30_3;partial=00;start_type=ATG;rbs_motif=GGAG/GAGG;rbs_spacer=5-10bp;gc_cont=0.564,97.8,356,181,2.03e-126,182,1,180,1,180,mobileOG_000289012,nusG,WP_003862341.1,phage,"regulation,infection",Plasmid RefSeq,Homology,NODE_30_length_30579_cov_48.910170_3, 760 # 1305 # 1 , 760,1305,1 ,30_3,30,3,00,ATG,GGAG/GAGG,5-10bp,0.564,NODE_30_length_30579_cov_48.910170,mobileOG_000289012_NODE_30_length_30579_cov_48.910170
479,"mobileOG_000331278|nusG|WP_001287516.1|phage|regulation,infection|Plasmid RefSeq|Homology",NODE_30_length_30579_cov_48.910170_3 # 760 # 1305 # 1 # ID=30_3;partial=00;start_type=ATG;rbs_motif=GGAG/GAGG;rbs_spacer=5-10bp;gc_cont=0.564,97.8,356,181,2.03e-126,182,1,180,1,180,mobileOG_000331278,nusG,WP_001287516.1,phage,"regulation,infection",Plasmid RefSeq,Homology,NODE_30_length_30579_cov_48.910170_3, 760 # 1305 # 1 , 760,1305,1 ,30_3,30,3,00,ATG,GGAG/GAGG,5-10bp,0.564,NODE_30_length_30579_cov_48.910170,mobileOG_000331278_NODE_30_length_30579_cov_48.910170
480,"mobileOG_000324956|nusG|WP_007665882.1|phage|regulation,infection|Plasmid RefSeq|Homology",NODE_30_length_30579_cov_48.910170_3 # 760 # 1305 # 1 # ID=30_3;partial=00;start_type=ATG;rbs_motif=GGAG/GAGG;rbs_spacer=5-10bp;gc_cont=0.564,97.8,355,181,2.89e-126,182,1,180,1,180,mobileOG_000324956,nusG,WP_007665882.1,phage,"regulation,infection",Plasmid RefSeq,Homology,NODE_30_length_30579_cov_48.910170_3, 760 # 1305 # 1 , 760,1305,1 ,30_3,30,3,00,ATG,GGAG/GAGG,5-10bp,0.564,NODE_30_length_30579_cov_48.910170,mobileOG_000324956_NODE_30_length_30579_cov_48.910170
481,"mobileOG_000329873|nusG|WP_127378540.1|phage|regulation,infection|Plasmid RefSeq|Homology",NODE_30_length_30579_cov_48.910170_3 # 760 # 1305 # 1 # ID=30_3;partial=00;start_type=ATG;rbs_motif=GGAG/GAGG;rbs_spacer=5-10bp;gc_cont=0.564,91.7,338,181,1.48e-119,182,1,180,1,180,mobileOG_000329873,nusG,WP_127378540.1,phage,"regulation,infection",Plasmid RefSeq,Homology,NODE_30_length_30579_cov_48.910170_3, 760 # 1305 # 1 , 760,1305,1 ,30_3,30,3,00,ATG,GGAG/GAGG,5-10bp,0.564,NODE_30_length_30579_cov_48.910170,mobileOG_000329873_NODE_30_length_30579_cov_48.910170
482,mobileOG_000368557|nfi|WP_033655325.1|replication/recombination/repair|NA|Plasmid RefSeq|Homology,NODE_30_length_30579_cov_48.910170_25 # 24634 # 25320 # 1 # ID=30_25;partial=00;start_type=GTG;rbs_motif=AGGA;rbs_spacer=5-10bp;gc_cont=0.675,99.6,464,228,1.50e-167,229,1,228,1,228,mobileOG_000368557,nfi,WP_033655325.1,replication/recombination/repair,NA,Plasmid RefSeq,Homology,NODE_30_length_30579_cov_48.910170_25, 24634 # 25320 # 1 , 24634,25320,1 ,30_25,30,25,00,GTG,AGGA,5-10bp,0.675,NODE_30_length_30579_cov_48.910170,mobileOG_000368557_NODE_30_length_30579_cov_48.910170
483,mobileOG_000365459|nfi|WP_020828728.1|replication/recombination/repair|NA|Multiple|Homology,NODE_30_length_30579_cov_48.910170_25 # 24634 # 25320 # 1 # ID=30_25;partial=00;start_type=GTG;rbs_motif=AGGA;rbs_spacer=5-10bp;gc_cont=0.675,92.5,432,228,3.36e-155,229,1,227,1,227,mobileOG_000365459,nfi,WP_020828728.1,replication/recombination/repair,NA,Multiple,Homology,NODE_30_length_30579_cov_48.910170_25, 24634 # 25320 # 1 , 24634,25320,1 ,30_25,30,25,00,GTG,AGGA,5-10bp,0.675,NODE_30_length_30579_cov_48.910170,mobileOG_000365459_NODE_30_length_30579_cov_48.910170
484,mobileOG_000026494|hupA|P52680|replication/recombination/repair|integration/excision|Plasmid RefSeq|Manual,NODE_30_length_30579_cov_48.910170_27 # 26149 # 26421 # 1 # ID=30_27;partial=00;start_type=ATG;rbs_motif=AGGA;rbs_spacer=5-10bp;gc_cont=0.480,100,170,90,1.08e-55,91,1,90,1,90,mobileOG_000026494,hupA,P52680,replication/recombination/repair,integration/excision,Plasmid RefSeq,Manual,NODE_30_length_30579_cov_48.910170_27, 26149 # 26421 # 1 , 26149,26421,1 ,30_27,30,27,00,ATG,AGGA,5-10bp,0.480,NODE_30_length_30579_cov_48.910170,mobileOG_000026494_NODE_30_length_30579_cov_48.910170
485,mobileOG_000336646|hup|WP_012004757.1|replication/recombination/repair|integration/excision|Multiple|Homology,NODE_30_length_30579_cov_48.910170_27 # 26149 # 26421 # 1 # ID=30_27;partial=00;start_type=ATG;rbs_motif=AGGA;rbs_spacer=5-10bp;gc_cont=0.480,98.9,169,90,3.10e-55,91,1,90,1,90,mobileOG_000336646,hup,WP_012004757.1,replication/recombination/repair,integration/excision,Multiple,Homology,NODE_30_length_30579_cov_48.910170_27, 26149 # 26421 # 1 , 26149,26421,1 ,30_27,30,27,00,ATG,AGGA,5-10bp,0.480,NODE_30_length_30579_cov_48.910170,mobileOG_000336646_NODE_30_length_30579_cov_48.910170
486,mobileOG_000353252|hup|WP_002884342.1|replication/recombination/repair|integration/excision|Plasmid RefSeq|Homology,NODE_30_length_30579_cov_48.910170_27 # 26149 # 26421 # 1 # ID=30_27;partial=00;start_type=ATG;rbs_motif=AGGA;rbs_spacer=5-10bp;gc_cont=0.480,97.8,167,90,1.80e-54,91,1,90,1,90,mobileOG_000353252,hup,WP_002884342.1,replication/recombination/repair,integration/excision,Plasmid RefSeq,Homology,NODE_30_length_30579_cov_48.910170_27, 26149 # 26421 # 1 , 26149,26421,1 ,30_27,30,27,00,ATG,AGGA,5-10bp,0.480,NODE_30_length_30579_cov_48.910170,mobileOG_000353252_NODE_30_length_30579_cov_48.910170
487,mobileOG_000296220|hup|WP_002445246.1|replication/recombination/repair|integration/excision|Plasmid RefSeq|Homology,NODE_30_length_30579_cov_48.910170_27 # 26149 # 26421 # 1 # ID=30_27;partial=00;start_type=ATG;rbs_motif=AGGA;rbs_spacer=5-10bp;gc_cont=0.480,96.7,165,90,7.33e-54,91,1,90,1,90,mobileOG_000296220,hup,WP_002445246.1,replication/recombination/repair,integration/excision,Plasmid RefSeq,Homology,NODE_30_length_30579_cov_48.910170_27, 26149 # 26421 # 1 , 26149,26421,1 ,30_27,30,27,00,ATG,AGGA,5-10bp,0.480,NODE_30_length_30579_cov_48.910170,mobileOG_000296220_NODE_30_length_30579_cov_48.910170
488,mobileOG_000024621|hupA|EBB54032.1|replication/recombination/repair|integration/excision|Plasmid RefSeq|Manual,NODE_30_length_30579_cov_48.910170_27 # 26149 # 26421 # 1 # ID=30_27;partial=00;start_type=ATG;rbs_motif=AGGA;rbs_spacer=5-10bp;gc_cont=0.480,95.6,164,90,2.99e-53,91,1,90,1,90,mobileOG_000024621,hupA,EBB54032.1,replication/recombination/repair,integration/excision,Plasmid RefSeq,Manual,NODE_30_length_30579_cov_48.910170_27, 26149 # 26421 # 1 , 26149,26421,1 ,30_27,30,27,00,ATG,AGGA,5-10bp,0.480,NODE_30_length_30579_cov_48.910170,mobileOG_000024621_NODE_30_length_30579_cov_48.910170
489,mobileOG_000351839|hup|WP_002210689.1|replication/recombination/repair|integration/excision|Plasmid RefSeq|Homology,NODE_30_length_30579_cov_48.910170_27 # 26149 # 26421 # 1 # ID=30_27;partial=00;start_type=ATG;rbs_motif=AGGA;rbs_spacer=5-10bp;gc_cont=0.480,95.6,163,91,4.38e-53,91,1,90,1,90,mobileOG_000351839,hup,WP_002210689.1,replication/recombination/repair,integration/excision,Plasmid RefSeq,Homology,NODE_30_length_30579_cov_48.910170_27, 26149 # 26421 # 1 , 26149,26421,1 ,30_27,30,27,00,ATG,AGGA,5-10bp,0.480,NODE_30_length_30579_cov_48.910170,mobileOG_000351839_NODE_30_length_30579_cov_48.910170
490,mobileOG_000025522|hupA|WP_001044513.1|replication/recombination/repair|integration/excision|Plasmid RefSeq|Manual,NODE_30_length_30579_cov_48.910170_27 # 26149 # 26421 # 1 # ID=30_27;partial=00;start_type=ATG;rbs_motif=AGGA;rbs_spacer=5-10bp;gc_cont=0.480,94.4,162,90,1.22e-52,91,1,90,1,90,mobileOG_000025522,hupA,WP_001044513.1,replication/recombination/repair,integration/excision,Plasmid RefSeq,Manual,NODE_30_length_30579_cov_48.910170_27, 26149 # 26421 # 1 , 26149,26421,1 ,30_27,30,27,00,ATG,AGGA,5-10bp,0.480,NODE_30_length_30579_cov_48.910170,mobileOG_000025522_NODE_30_length_30579_cov_48.910170
491,mobileOG_000332654|hup|WP_004242271.1|replication/recombination/repair|integration/excision|Plasmid RefSeq|Homology,NODE_30_length_30579_cov_48.910170_27 # 26149 # 26421 # 1 # ID=30_27;partial=00;start_type=ATG;rbs_motif=AGGA;rbs_spacer=5-10bp;gc_cont=0.480,90.0,157,90,1.17e-50,91,1,90,1,90,mobileOG_000332654,hup,WP_004242271.1,replication/recombination/repair,integration/excision,Plasmid RefSeq,Homology,NODE_30_length_30579_cov_48.910170_27, 26149 # 26421 # 1 , 26149,26421,1 ,30_27,30,27,00,ATG,AGGA,5-10bp,0.480,NODE_30_length_30579_cov_48.910170,mobileOG_000332654_NODE_30_length_30579_cov_48.910170
492,mobileOG_000334471|dnaQ|WP_004930195.1|replication/recombination/repair|NA|Plasmid RefSeq|Homology,NODE_33_length_21218_cov_42.742444_13 # 13780 # 14523 # -1 # ID=33_13;partial=00;start_type=ATG;rbs_motif=GGA/GAG/AGG;rbs_spacer=5-10bp;gc_cont=0.586,99.6,492,247,4.81e-178,248,1,247,1,247,mobileOG_000334471,dnaQ,WP_004930195.1,replication/recombination/repair,NA,Plasmid RefSeq,Homology,NODE_33_length_21218_cov_42.742444_13, 13780 # 14523 # -1 , 13780,14523,-1 ,33_13,33,13,00,ATG,GGA/GAG/AGG,5-10bp,0.586,NODE_33_length_21218_cov_42.742444,mobileOG_000334471_NODE_33_length_21218_cov_42.742444
493,mobileOG_000281593|rnhA|WP_033649910.1|replication/recombination/repair|NA|Plasmid RefSeq|Homology,NODE_33_length_21218_cov_42.742444_14 # 14595 # 15062 # 1 # ID=33_14;partial=00;start_type=ATG;rbs_motif=GGA/GAG/AGG;rbs_spacer=5-10bp;gc_cont=0.585,100,329,155,9.38e-117,156,1,155,1,155,mobileOG_000281593,rnhA,WP_033649910.1,replication/recombination/repair,NA,Plasmid RefSeq,Homology,NODE_33_length_21218_cov_42.742444_14, 14595 # 15062 # 1 , 14595,15062,1 ,33_14,33,14,00,ATG,GGA/GAG/AGG,5-10bp,0.585,NODE_33_length_21218_cov_42.742444,mobileOG_000281593_NODE_33_length_21218_cov_42.742444
494,mobileOG_000054875|tISRso16a|A0A2L1KMJ1|integration/excision|NA|COMPASS|Homology,NODE_36_length_4954_cov_33.542957_1 # 518 # 781 # 1 # ID=36_1;partial=00;start_type=ATG;rbs_motif=GGAG/GAGG;rbs_spacer=5-10bp;gc_cont=0.534,93.1,153,87,3.17e-49,88,1,87,1,87,mobileOG_000054875,tISRso16a,A0A2L1KMJ1,integration/excision,NA,COMPASS,Homology,NODE_36_length_4954_cov_33.542957_1, 518 # 781 # 1 , 518,781,1 ,36_1,36,1,00,ATG,GGAG/GAGG,5-10bp,0.534,NODE_36_length_4954_cov_33.542957,mobileOG_000054875_NODE_36_length_4954_cov_33.542957
495,mobileOG_000073006|tISRso16a|A0A0K2P3Y2|integration/excision|NA|Multiple|Homology,NODE_36_length_4954_cov_33.542957_1 # 518 # 781 # 1 # ID=36_1;partial=00;start_type=ATG;rbs_motif=GGAG/GAGG;rbs_spacer=5-10bp;gc_cont=0.534,92.0,152,87,6.41e-49,88,1,87,1,87,mobileOG_000073006,tISRso16a,A0A0K2P3Y2,integration/excision,NA,Multiple,Homology,NODE_36_length_4954_cov_33.542957_1, 518 # 781 # 1 , 518,781,1 ,36_1,36,1,00,ATG,GGAG/GAGG,5-10bp,0.534,NODE_36_length_4954_cov_33.542957,mobileOG_000073006_NODE_36_length_4954_cov_33.542957
496,mobileOG_000048972|tISRso16a|A0A5R1A7P7|integration/excision|NA|COMPASS|Homology,NODE_36_length_4954_cov_33.542957_1 # 518 # 781 # 1 # ID=36_1;partial=00;start_type=ATG;rbs_motif=GGAG/GAGG;rbs_spacer=5-10bp;gc_cont=0.534,90.8,152,87,9.10e-49,88,1,87,1,87,mobileOG_000048972,tISRso16a,A0A5R1A7P7,integration/excision,NA,COMPASS,Homology,NODE_36_length_4954_cov_33.542957_1, 518 # 781 # 1 , 518,781,1 ,36_1,36,1,00,ATG,GGAG/GAGG,5-10bp,0.534,NODE_36_length_4954_cov_33.542957,mobileOG_000048972_NODE_36_length_4954_cov_33.542957
497,mobileOG_000277189|tISRso16a|A0A4R2YI14|integration/excision|NA|ISFinder|Homology,NODE_36_length_4954_cov_33.542957_1 # 518 # 781 # 1 # ID=36_1;partial=00;start_type=ATG;rbs_motif=GGAG/GAGG;rbs_spacer=5-10bp;gc_cont=0.534,90.8,151,87,1.84e-48,88,1,87,1,87,mobileOG_000277189,tISRso16a,A0A4R2YI14,integration/excision,NA,ISFinder,Homology,NODE_36_length_4954_cov_33.542957_1, 518 # 781 # 1 , 518,781,1 ,36_1,36,1,00,ATG,GGAG/GAGG,5-10bp,0.534,NODE_36_length_4954_cov_33.542957,mobileOG_000277189_NODE_36_length_4954_cov_33.542957
498,mobileOG_000159252|tISRso16a|A0A0K2P3Y2|integration/excision|NA|GPD|Homology,NODE_36_length_4954_cov_33.542957_1 # 518 # 781 # 1 # ID=36_1;partial=00;start_type=ATG;rbs_motif=GGAG/GAGG;rbs_spacer=5-10bp;gc_cont=0.534,90.8,151,87,2.61e-48,88,1,87,1,87,mobileOG_000159252,tISRso16a,A0A0K2P3Y2,integration/excision,NA,GPD,Homology,NODE_36_length_4954_cov_33.542957_1, 518 # 781 # 1 , 518,781,1 ,36_1,36,1,00,ATG,GGAG/GAGG,5-10bp,0.534,NODE_36_length_4954_cov_33.542957,mobileOG_000159252_NODE_36_length_4954_cov_33.542957
499,mobileOG_000059035|orfA|A0A243THJ0|integration/excision|NA|Multiple|Homology,NODE_36_length_4954_cov_33.542957_1 # 518 # 781 # 1 # ID=36_1;partial=00;start_type=ATG;rbs_motif=GGAG/GAGG;rbs_spacer=5-10bp;gc_cont=0.534,90.8,150,87,3.71e-48,88,1,87,1,87,mobileOG_000059035,orfA,A0A243THJ0,integration/excision,NA,Multiple,Homology,NODE_36_length_4954_cov_33.542957_1, 518 # 781 # 1 , 518,781,1 ,36_1,36,1,00,ATG,GGAG/GAGG,5-10bp,0.534,NODE_36_length_4954_cov_33.542957,mobileOG_000059035_NODE_36_length_4954_cov_33.542957
500,mobileOG_000035668|tISRso16a|ECK03545.1|integration/excision|NA|Multiple|Homology,NODE_36_length_4954_cov_33.542957_1 # 518 # 781 # 1 # ID=36_1;partial=00;start_type=ATG;rbs_motif=GGAG/GAGG;rbs_spacer=5-10bp;gc_cont=0.534,90.8,150,87,3.71e-48,88,1,87,1,87,mobileOG_000035668,tISRso16a,ECK03545.1,integration/excision,NA,Multiple,Homology,NODE_36_length_4954_cov_33.542957_1, 518 # 781 # 1 , 518,781,1 ,36_1,36,1,00,ATG,GGAG/GAGG,5-10bp,0.534,NODE_36_length_4954_cov_33.542957,mobileOG_000035668_NODE_36_length_4954_cov_33.542957
501,mobileOG_000061092|tISRso16a|ECK05510.1|integration/excision|NA|Multiple|Homology,NODE_36_length_4954_cov_33.542957_1 # 518 # 781 # 1 # ID=36_1;partial=00;start_type=ATG;rbs_motif=GGAG/GAGG;rbs_spacer=5-10bp;gc_cont=0.534,90.8,150,87,3.71e-48,88,1,87,1,87,mobileOG_000061092,tISRso16a,ECK05510.1,integration/excision,NA,Multiple,Homology,NODE_36_length_4954_cov_33.542957_1, 518 # 781 # 1 , 518,781,1 ,36_1,36,1,00,ATG,GGAG/GAGG,5-10bp,0.534,NODE_36_length_4954_cov_33.542957,mobileOG_000061092_NODE_36_length_4954_cov_33.542957
502,mobileOG_000068058|tISRso16a|A0A210UQN5|integration/excision|NA|COMPASS|Homology,NODE_36_length_4954_cov_33.542957_1 # 518 # 781 # 1 # ID=36_1;partial=00;start_type=ATG;rbs_motif=GGAG/GAGG;rbs_spacer=5-10bp;gc_cont=0.534,90.8,150,87,5.27e-48,88,1,87,1,87,mobileOG_000068058,tISRso16a,A0A210UQN5,integration/excision,NA,COMPASS,Homology,NODE_36_length_4954_cov_33.542957_1, 518 # 781 # 1 , 518,781,1 ,36_1,36,1,00,ATG,GGAG/GAGG,5-10bp,0.534,NODE_36_length_4954_cov_33.542957,mobileOG_000068058_NODE_36_length_4954_cov_33.542957
503,mobileOG_000050002|tISRso16a|A0A0W2DLC8|integration/excision|NA|COMPASS|Homology,NODE_36_length_4954_cov_33.542957_1 # 518 # 781 # 1 # ID=36_1;partial=00;start_type=ATG;rbs_motif=GGAG/GAGG;rbs_spacer=5-10bp;gc_cont=0.534,90.8,150,87,7.49e-48,88,1,87,1,87,mobileOG_000050002,tISRso16a,A0A0W2DLC8,integration/excision,NA,COMPASS,Homology,NODE_36_length_4954_cov_33.542957_1, 518 # 781 # 1 , 518,781,1 ,36_1,36,1,00,ATG,GGAG/GAGG,5-10bp,0.534,NODE_36_length_4954_cov_33.542957,mobileOG_000050002_NODE_36_length_4954_cov_33.542957
504,mobileOG_000284267|NA|A0A2K9QD08|integration/excision|NA|Plasmid RefSeq|Homology,NODE_36_length_4954_cov_33.542957_1 # 518 # 781 # 1 # ID=36_1;partial=00;start_type=ATG;rbs_motif=GGAG/GAGG;rbs_spacer=5-10bp;gc_cont=0.534,93.0,150,373,1.32e-44,88,1,86,1,86,mobileOG_000284267,NA,A0A2K9QD08,integration/excision,NA,Plasmid RefSeq,Homology,NODE_36_length_4954_cov_33.542957_1, 518 # 781 # 1 , 518,781,1 ,36_1,36,1,00,ATG,GGAG/GAGG,5-10bp,0.534,NODE_36_length_4954_cov_33.542957,mobileOG_000284267_NODE_36_length_4954_cov_33.542957
505,mobileOG_000276471|NA|WP_119261136.1|integration/excision|NA|ISFinder|Homology,NODE_36_length_4954_cov_33.542957_1 # 518 # 781 # 1 # ID=36_1;partial=00;start_type=ATG;rbs_motif=GGAG/GAGG;rbs_spacer=5-10bp;gc_cont=0.534,91.9,149,373,2.61e-44,88,1,86,1,86,mobileOG_000276471,NA,WP_119261136.1,integration/excision,NA,ISFinder,Homology,NODE_36_length_4954_cov_33.542957_1, 518 # 781 # 1 , 518,781,1 ,36_1,36,1,00,ATG,GGAG/GAGG,5-10bp,0.534,NODE_36_length_4954_cov_33.542957,mobileOG_000276471_NODE_36_length_4954_cov_33.542957
506,mobileOG_000290349|NA|WP_119261136.1|integration/excision|NA|Plasmid RefSeq|Homology,NODE_36_length_4954_cov_33.542957_1 # 518 # 781 # 1 # ID=36_1;partial=00;start_type=ATG;rbs_motif=GGAG/GAGG;rbs_spacer=5-10bp;gc_cont=0.534,91.9,149,373,2.61e-44,88,1,86,1,86,mobileOG_000290349,NA,WP_119261136.1,integration/excision,NA,Plasmid RefSeq,Homology,NODE_36_length_4954_cov_33.542957_1, 518 # 781 # 1 , 518,781,1 ,36_1,36,1,00,ATG,GGAG/GAGG,5-10bp,0.534,NODE_36_length_4954_cov_33.542957,mobileOG_000290349_NODE_36_length_4954_cov_33.542957
507,mobileOG_000292127|NA|A0A5C1P8B2|integration/excision|NA|Plasmid RefSeq|Homology,NODE_36_length_4954_cov_33.542957_1 # 518 # 781 # 1 # ID=36_1;partial=00;start_type=ATG;rbs_motif=GGAG/GAGG;rbs_spacer=5-10bp;gc_cont=0.534,91.9,149,373,2.61e-44,88,1,86,1,86,mobileOG_000292127,NA,A0A5C1P8B2,integration/excision,NA,Plasmid RefSeq,Homology,NODE_36_length_4954_cov_33.542957_1, 518 # 781 # 1 , 518,781,1 ,36_1,36,1,00,ATG,GGAG/GAGG,5-10bp,0.534,NODE_36_length_4954_cov_33.542957,mobileOG_000292127_NODE_36_length_4954_cov_33.542957
508,mobileOG_000309489|NA|WP_097432954.1|integration/excision|NA|Plasmid RefSeq|Homology,NODE_36_length_4954_cov_33.542957_1 # 518 # 781 # 1 # ID=36_1;partial=00;start_type=ATG;rbs_motif=GGAG/GAGG;rbs_spacer=5-10bp;gc_cont=0.534,91.9,149,373,2.61e-44,88,1,86,1,86,mobileOG_000309489,NA,WP_097432954.1,integration/excision,NA,Plasmid RefSeq,Homology,NODE_36_length_4954_cov_33.542957_1, 518 # 781 # 1 , 518,781,1 ,36_1,36,1,00,ATG,GGAG/GAGG,5-10bp,0.534,NODE_36_length_4954_cov_33.542957,mobileOG_000309489_NODE_36_length_4954_cov_33.542957
