,Sequence Title,Query Title,Pident,Bitscore,Subject Sequence Length,e-value,Query Sequence Length,Start of Alignment in Subject,End of Alignment in Query,Start of Alignment in Query,End of Alignment in Query,mobileOG ID,Gene Name,Best Hit Accession ID,Major mobileOG Category,Minor mobileOG Category,Source Database,Evidence Type,Contig/ORF Name,ORF_Start_Stop_Strands,ORF_Start,ORF_End,Sense or Antisense Strand,Prodigal ID,Prodigal Designated Contigs,Unique_ORF,Partial Tag,Start Codon,RBS Motif,RBS Spacer,GC Content,Specific Contig,Final Sample Name
0,mobileOG_000363799|parA_1|WP_016928620.1|replication/recombination/repair|transfer|Plasmid RefSeq|Homology,NODE_1_length_886075_cov_41.218303_29 # 29778 # 30413 # -1 # ID=1_29;partial=00;start_type=ATG;rbs_motif=GGA/GAG/AGG;rbs_spacer=5-10bp;gc_cont=0.577,99.5,415,211,9.40e-149,212,1,211,1,211,mobileOG_000363799,parA_1,WP_016928620.1,replication/recombination/repair,transfer,Plasmid RefSeq,Homology,NODE_1_length_886075_cov_41.218303_29, 29778 # 30413 # -1 , 29778,30413,-1 ,1_29,1,29,00,ATG,GGA/GAG/AGG,5-10bp,0.577,NODE_1_length_886075_cov_41.218303,mobileOG_000363799_NODE_1_length_886075_cov_41.218303
1,mobileOG_000361588|parA_1|WP_033637564.1|replication/recombination/repair|transfer|Plasmid RefSeq|Homology,NODE_1_length_886075_cov_41.218303_29 # 29778 # 30413 # -1 # ID=1_29;partial=00;start_type=ATG;rbs_motif=GGA/GAG/AGG;rbs_spacer=5-10bp;gc_cont=0.577,99.5,414,211,1.90e-148,212,1,211,1,211,mobileOG_000361588,parA_1,WP_033637564.1,replication/recombination/repair,transfer,Plasmid RefSeq,Homology,NODE_1_length_886075_cov_41.218303_29, 29778 # 30413 # -1 , 29778,30413,-1 ,1_29,1,29,00,ATG,GGA/GAG/AGG,5-10bp,0.577,NODE_1_length_886075_cov_41.218303,mobileOG_000361588_NODE_1_length_886075_cov_41.218303
2,mobileOG_000743825|NA:Keyword|WP_033642335.1|stability/transfer/defense|NA|Plasmid RefSeq|Keyword Search,NODE_1_length_886075_cov_41.218303_73 # 73539 # 73838 # -1 # ID=1_73;partial=00;start_type=ATG;rbs_motif=AGGA/GGAG/GAGG;rbs_spacer=11-12bp;gc_cont=0.530,98.0,202,99,3.16e-68,100,1,99,1,99,mobileOG_000743825,NA:Keyword,WP_033642335.1,stability/transfer/defense,NA,Plasmid RefSeq,Keyword Search,NODE_1_length_886075_cov_41.218303_73, 73539 # 73838 # -1 , 73539,73838,-1 ,1_73,1,73,00,ATG,AGGA/GGAG/GAGG,11-12bp,0.530,NODE_1_length_886075_cov_41.218303,mobileOG_000743825_NODE_1_length_886075_cov_41.218303
3,mobileOG_000756825|NA:Keyword|WP_033646967.1|stability/transfer/defense|NA|Plasmid RefSeq|Keyword Search,NODE_1_length_886075_cov_41.218303_74 # 73823 # 74086 # -1 # ID=1_74;partial=00;start_type=ATG;rbs_motif=AGGAGG;rbs_spacer=3-4bp;gc_cont=0.561,97.7,165,87,5.91e-54,88,1,87,1,87,mobileOG_000756825,NA:Keyword,WP_033646967.1,stability/transfer/defense,NA,Plasmid RefSeq,Keyword Search,NODE_1_length_886075_cov_41.218303_74, 73823 # 74086 # -1 , 73823,74086,-1 ,1_74,1,74,00,ATG,AGGAGG,3-4bp,0.561,NODE_1_length_886075_cov_41.218303,mobileOG_000756825_NODE_1_length_886075_cov_41.218303
4,"mobileOG_000352228|copR|WP_021504273.1|transfer|conjugation,relaxosome|Plasmid RefSeq|Homology",NODE_1_length_886075_cov_41.218303_166 # 154986 # 155657 # 1 # ID=1_166;partial=00;start_type=ATG;rbs_motif=GGAG/GAGG;rbs_spacer=5-10bp;gc_cont=0.613,100,443,223,1.75e-159,224,1,223,1,223,mobileOG_000352228,copR,WP_021504273.1,transfer,"conjugation,relaxosome",Plasmid RefSeq,Homology,NODE_1_length_886075_cov_41.218303_166, 154986 # 155657 # 1 , 154986,155657,1 ,1_166,1,166,00,ATG,GGAG/GAGG,5-10bp,0.613,NODE_1_length_886075_cov_41.218303,mobileOG_000352228_NODE_1_length_886075_cov_41.218303
5,"mobileOG_000352240|copR|WP_033637675.1|transfer|conjugation,relaxosome|Plasmid RefSeq|Homology",NODE_1_length_886075_cov_41.218303_166 # 154986 # 155657 # 1 # ID=1_166;partial=00;start_type=ATG;rbs_motif=GGAG/GAGG;rbs_spacer=5-10bp;gc_cont=0.613,99.1,439,223,5.85e-158,224,1,223,1,223,mobileOG_000352240,copR,WP_033637675.1,transfer,"conjugation,relaxosome",Plasmid RefSeq,Homology,NODE_1_length_886075_cov_41.218303_166, 154986 # 155657 # 1 , 154986,155657,1 ,1_166,1,166,00,ATG,GGAG/GAGG,5-10bp,0.613,NODE_1_length_886075_cov_41.218303,mobileOG_000352240_NODE_1_length_886075_cov_41.218303
6,"mobileOG_000243662|copR|A0A369HKY6|transfer|conjugation,relaxosome|GPD|Homology",NODE_1_length_886075_cov_41.218303_166 # 154986 # 155657 # 1 # ID=1_166;partial=00;start_type=ATG;rbs_motif=GGAG/GAGG;rbs_spacer=5-10bp;gc_cont=0.613,90.5,400,222,2.00e-142,224,1,222,1,222,mobileOG_000243662,copR,A0A369HKY6,transfer,"conjugation,relaxosome",GPD,Homology,NODE_1_length_886075_cov_41.218303_166, 154986 # 155657 # 1 , 154986,155657,1 ,1_166,1,166,00,ATG,GGAG/GAGG,5-10bp,0.613,NODE_1_length_886075_cov_41.218303,mobileOG_000243662_NODE_1_length_886075_cov_41.218303
7,mobileOG_000757524|NA:Keyword|A0A0G3SED7|transfer|NA|Plasmid RefSeq|Keyword Search,NODE_1_length_886075_cov_41.218303_182 # 172441 # 173169 # 1 # ID=1_182;partial=00;start_type=ATG;rbs_motif=None;rbs_spacer=None;gc_cont=0.503,94.6,457,242,2.44e-164,243,1,242,1,242,mobileOG_000757524,NA:Keyword,A0A0G3SED7,transfer,NA,Plasmid RefSeq,Keyword Search,NODE_1_length_886075_cov_41.218303_182, 172441 # 173169 # 1 , 172441,173169,1 ,1_182,1,182,00,ATG,None,None,0.503,NODE_1_length_886075_cov_41.218303,mobileOG_000757524_NODE_1_length_886075_cov_41.218303
8,mobileOG_000072419|NA|A0A0J1JN81|integration/excision|NA|COMPASS|Homology,NODE_1_length_886075_cov_41.218303_263 # 267675 # 268049 # -1 # ID=1_263;partial=00;start_type=ATG;rbs_motif=None;rbs_spacer=None;gc_cont=0.573,92.7,230,137,3.18e-78,125,1,123,1,123,mobileOG_000072419,NA,A0A0J1JN81,integration/excision,NA,COMPASS,Homology,NODE_1_length_886075_cov_41.218303_263, 267675 # 268049 # -1 , 267675,268049,-1 ,1_263,1,263,00,ATG,None,None,0.573,NODE_1_length_886075_cov_41.218303,mobileOG_000072419_NODE_1_length_886075_cov_41.218303
9,mobileOG_000041805|insF1|WP_077946840.1|integration/excision|NA|COMPASS|Homology,NODE_1_length_886075_cov_41.218303_263 # 267675 # 268049 # -1 # ID=1_263;partial=00;start_type=ATG;rbs_motif=None;rbs_spacer=None;gc_cont=0.573,93.5,234,267,6.80e-78,125,144,267,1,124,mobileOG_000041805,insF1,WP_077946840.1,integration/excision,NA,COMPASS,Homology,NODE_1_length_886075_cov_41.218303_263, 267675 # 268049 # -1 , 267675,268049,-1 ,1_263,1,263,00,ATG,None,None,0.573,NODE_1_length_886075_cov_41.218303,mobileOG_000041805_NODE_1_length_886075_cov_41.218303
10,mobileOG_000071107|insF1|WP_077905131.1|integration/excision|NA|COMPASS|Homology,NODE_1_length_886075_cov_41.218303_263 # 267675 # 268049 # -1 # ID=1_263;partial=00;start_type=ATG;rbs_motif=None;rbs_spacer=None;gc_cont=0.573,92.7,234,267,6.80e-78,125,144,267,1,124,mobileOG_000071107,insF1,WP_077905131.1,integration/excision,NA,COMPASS,Homology,NODE_1_length_886075_cov_41.218303_263, 267675 # 268049 # -1 , 267675,268049,-1 ,1_263,1,263,00,ATG,None,None,0.573,NODE_1_length_886075_cov_41.218303,mobileOG_000071107_NODE_1_length_886075_cov_41.218303
11,mobileOG_000310425|insF1|WP_077946840.1|integration/excision|NA|Plasmid RefSeq|Homology,NODE_1_length_886075_cov_41.218303_263 # 267675 # 268049 # -1 # ID=1_263;partial=00;start_type=ATG;rbs_motif=None;rbs_spacer=None;gc_cont=0.573,93.5,234,284,1.16e-77,125,161,284,1,124,mobileOG_000310425,insF1,WP_077946840.1,integration/excision,NA,Plasmid RefSeq,Homology,NODE_1_length_886075_cov_41.218303_263, 267675 # 268049 # -1 , 267675,268049,-1 ,1_263,1,263,00,ATG,None,None,0.573,NODE_1_length_886075_cov_41.218303,mobileOG_000310425_NODE_1_length_886075_cov_41.218303
12,mobileOG_000310463|insF1|WP_077905131.1|integration/excision|NA|Plasmid RefSeq|Homology,NODE_1_length_886075_cov_41.218303_263 # 267675 # 268049 # -1 # ID=1_263;partial=00;start_type=ATG;rbs_motif=None;rbs_spacer=None;gc_cont=0.573,92.7,234,284,1.16e-77,125,161,284,1,124,mobileOG_000310463,insF1,WP_077905131.1,integration/excision,NA,Plasmid RefSeq,Homology,NODE_1_length_886075_cov_41.218303_263, 267675 # 268049 # -1 , 267675,268049,-1 ,1_263,1,263,00,ATG,None,None,0.573,NODE_1_length_886075_cov_41.218303,mobileOG_000310463_NODE_1_length_886075_cov_41.218303
13,mobileOG_000061489|insF1|WP_082262347.1|integration/excision|NA|COMPASS|Homology,NODE_1_length_886075_cov_41.218303_263 # 267675 # 268049 # -1 # ID=1_263;partial=00;start_type=ATG;rbs_motif=None;rbs_spacer=None;gc_cont=0.573,92.7,233,269,1.46e-77,125,146,269,1,124,mobileOG_000061489,insF1,WP_082262347.1,integration/excision,NA,COMPASS,Homology,NODE_1_length_886075_cov_41.218303_263, 267675 # 268049 # -1 , 267675,268049,-1 ,1_263,1,263,00,ATG,None,None,0.573,NODE_1_length_886075_cov_41.218303,mobileOG_000061489_NODE_1_length_886075_cov_41.218303
14,mobileOG_000275231|insF1|A0A3U2S087|integration/excision|NA|ISFinder|Homology,NODE_1_length_886075_cov_41.218303_263 # 267675 # 268049 # -1 # ID=1_263;partial=00;start_type=ATG;rbs_motif=None;rbs_spacer=None;gc_cont=0.573,93.5,234,316,2.19e-77,125,193,316,1,124,mobileOG_000275231,insF1,A0A3U2S087,integration/excision,NA,ISFinder,Homology,NODE_1_length_886075_cov_41.218303_263, 267675 # 268049 # -1 , 267675,268049,-1 ,1_263,1,263,00,ATG,None,None,0.573,NODE_1_length_886075_cov_41.218303,mobileOG_000275231_NODE_1_length_886075_cov_41.218303
15,mobileOG_000310319|insF1|WP_082262347.1|integration/excision|NA|Plasmid RefSeq|Homology,NODE_1_length_886075_cov_41.218303_263 # 267675 # 268049 # -1 # ID=1_263;partial=00;start_type=ATG;rbs_motif=None;rbs_spacer=None;gc_cont=0.573,92.7,233,284,2.33e-77,125,161,284,1,124,mobileOG_000310319,insF1,WP_082262347.1,integration/excision,NA,Plasmid RefSeq,Homology,NODE_1_length_886075_cov_41.218303_263, 267675 # 268049 # -1 , 267675,268049,-1 ,1_263,1,263,00,ATG,None,None,0.573,NODE_1_length_886075_cov_41.218303,mobileOG_000310319_NODE_1_length_886075_cov_41.218303
16,mobileOG_000284262|insF1|A0A4U6HN75|integration/excision|NA|Plasmid RefSeq|Homology,NODE_1_length_886075_cov_41.218303_263 # 267675 # 268049 # -1 # ID=1_263;partial=00;start_type=ATG;rbs_motif=None;rbs_spacer=None;gc_cont=0.573,92.7,233,284,3.31e-77,125,161,284,1,124,mobileOG_000284262,insF1,A0A4U6HN75,integration/excision,NA,Plasmid RefSeq,Homology,NODE_1_length_886075_cov_41.218303_263, 267675 # 268049 # -1 , 267675,268049,-1 ,1_263,1,263,00,ATG,None,None,0.573,NODE_1_length_886075_cov_41.218303,mobileOG_000284262_NODE_1_length_886075_cov_41.218303
17,mobileOG_000291584|insF1|A0A549V4I3|integration/excision|NA|Plasmid RefSeq|Homology,NODE_1_length_886075_cov_41.218303_263 # 267675 # 268049 # -1 # ID=1_263;partial=00;start_type=ATG;rbs_motif=None;rbs_spacer=None;gc_cont=0.573,92.7,233,284,3.31e-77,125,161,284,1,124,mobileOG_000291584,insF1,A0A549V4I3,integration/excision,NA,Plasmid RefSeq,Homology,NODE_1_length_886075_cov_41.218303_263, 267675 # 268049 # -1 , 267675,268049,-1 ,1_263,1,263,00,ATG,None,None,0.573,NODE_1_length_886075_cov_41.218303,mobileOG_000291584_NODE_1_length_886075_cov_41.218303
18,mobileOG_000047182|insF1|WP_077253370.1|integration/excision|NA|COMPASS|Homology,NODE_1_length_886075_cov_41.218303_263 # 267675 # 268049 # -1 # ID=1_263;partial=00;start_type=ATG;rbs_motif=None;rbs_spacer=None;gc_cont=0.573,92.7,232,267,3.90e-77,125,144,267,1,124,mobileOG_000047182,insF1,WP_077253370.1,integration/excision,NA,COMPASS,Homology,NODE_1_length_886075_cov_41.218303_263, 267675 # 268049 # -1 , 267675,268049,-1 ,1_263,1,263,00,ATG,None,None,0.573,NODE_1_length_886075_cov_41.218303,mobileOG_000047182_NODE_1_length_886075_cov_41.218303
19,mobileOG_000002984|tnpA|A0A1Z1E042|integration/excision|NA|COMPASS|Manual,NODE_1_length_886075_cov_41.218303_263 # 267675 # 268049 # -1 # ID=1_263;partial=00;start_type=ATG;rbs_motif=None;rbs_spacer=None;gc_cont=0.573,91.9,226,124,4.88e-77,125,1,124,1,124,mobileOG_000002984,tnpA,A0A1Z1E042,integration/excision,NA,COMPASS,Manual,NODE_1_length_886075_cov_41.218303_263, 267675 # 268049 # -1 , 267675,268049,-1 ,1_263,1,263,00,ATG,None,None,0.573,NODE_1_length_886075_cov_41.218303,mobileOG_000002984_NODE_1_length_886075_cov_41.218303
20,mobileOG_000310532|insF1|WP_077253370.1|integration/excision|NA|Plasmid RefSeq|Homology,NODE_1_length_886075_cov_41.218303_263 # 267675 # 268049 # -1 # ID=1_263;partial=00;start_type=ATG;rbs_motif=None;rbs_spacer=None;gc_cont=0.573,92.7,232,284,6.65e-77,125,161,284,1,124,mobileOG_000310532,insF1,WP_077253370.1,integration/excision,NA,Plasmid RefSeq,Homology,NODE_1_length_886075_cov_41.218303_263, 267675 # 268049 # -1 , 267675,268049,-1 ,1_263,1,263,00,ATG,None,None,0.573,NODE_1_length_886075_cov_41.218303,mobileOG_000310532_NODE_1_length_886075_cov_41.218303
21,mobileOG_000275224|insF1|A0A3U2S087|integration/excision|NA|ISFinder|Homology,NODE_1_length_886075_cov_41.218303_263 # 267675 # 268049 # -1 # ID=1_263;partial=00;start_type=ATG;rbs_motif=None;rbs_spacer=None;gc_cont=0.573,92.7,233,327,8.68e-77,125,204,327,1,124,mobileOG_000275224,insF1,A0A3U2S087,integration/excision,NA,ISFinder,Homology,NODE_1_length_886075_cov_41.218303_263, 267675 # 268049 # -1 , 267675,268049,-1 ,1_263,1,263,00,ATG,None,None,0.573,NODE_1_length_886075_cov_41.218303,mobileOG_000275224_NODE_1_length_886075_cov_41.218303
22,mobileOG_000317428|insF1|A0A427BW89|integration/excision|NA|Plasmid RefSeq|Homology,NODE_1_length_886075_cov_41.218303_263 # 267675 # 268049 # -1 # ID=1_263;partial=00;start_type=ATG;rbs_motif=None;rbs_spacer=None;gc_cont=0.573,91.9,231,284,9.43e-77,125,161,284,1,124,mobileOG_000317428,insF1,A0A427BW89,integration/excision,NA,Plasmid RefSeq,Homology,NODE_1_length_886075_cov_41.218303_263, 267675 # 268049 # -1 , 267675,268049,-1 ,1_263,1,263,00,ATG,None,None,0.573,NODE_1_length_886075_cov_41.218303,mobileOG_000317428_NODE_1_length_886075_cov_41.218303
23,mobileOG_000368500|clpS|WP_004928347.1|phage|replication/recombination/repair|Plasmid RefSeq|Homology,NODE_1_length_886075_cov_41.218303_364 # 370069 # 370389 # 1 # ID=1_364;partial=00;start_type=ATG;rbs_motif=GGA/GAG/AGG;rbs_spacer=5-10bp;gc_cont=0.455,100,221,106,1.24e-75,107,1,106,1,106,mobileOG_000368500,clpS,WP_004928347.1,phage,replication/recombination/repair,Plasmid RefSeq,Homology,NODE_1_length_886075_cov_41.218303_364, 370069 # 370389 # 1 , 370069,370389,1 ,1_364,1,364,00,ATG,GGA/GAG/AGG,5-10bp,0.455,NODE_1_length_886075_cov_41.218303,mobileOG_000368500_NODE_1_length_886075_cov_41.218303
24,"mobileOG_000351484|clpA|WP_025302261.1|phage|infection,regulation|Plasmid RefSeq|Homology",NODE_1_length_886075_cov_41.218303_365 # 370417 # 372696 # 1 # ID=1_365;partial=00;start_type=ATG;rbs_motif=GGAGG;rbs_spacer=5-10bp;gc_cont=0.606,100,1463,759,0.0,760,1,759,1,759,mobileOG_000351484,clpA,WP_025302261.1,phage,"infection,regulation",Plasmid RefSeq,Homology,NODE_1_length_886075_cov_41.218303_365, 370417 # 372696 # 1 , 370417,372696,1 ,1_365,1,365,00,ATG,GGAGG,5-10bp,0.606,NODE_1_length_886075_cov_41.218303,mobileOG_000351484_NODE_1_length_886075_cov_41.218303
25,"mobileOG_000368499|clpA|WP_004928343.1|phage|infection,regulation|Plasmid RefSeq|Homology",NODE_1_length_886075_cov_41.218303_365 # 370417 # 372696 # 1 # ID=1_365;partial=00;start_type=ATG;rbs_motif=GGAGG;rbs_spacer=5-10bp;gc_cont=0.606,99.9,1461,759,0.0,760,1,759,1,759,mobileOG_000368499,clpA,WP_004928343.1,phage,"infection,regulation",Plasmid RefSeq,Homology,NODE_1_length_886075_cov_41.218303_365, 370417 # 372696 # 1 , 370417,372696,1 ,1_365,1,365,00,ATG,GGAGG,5-10bp,0.606,NODE_1_length_886075_cov_41.218303,mobileOG_000368499_NODE_1_length_886075_cov_41.218303
26,"mobileOG_000288430|clpA|WP_006809407.1|phage|infection,regulation|Plasmid RefSeq|Homology",NODE_1_length_886075_cov_41.218303_365 # 370417 # 372696 # 1 # ID=1_365;partial=00;start_type=ATG;rbs_motif=GGAGG;rbs_spacer=5-10bp;gc_cont=0.606,90.7,1335,759,0.0,760,1,756,1,754,mobileOG_000288430,clpA,WP_006809407.1,phage,"infection,regulation",Plasmid RefSeq,Homology,NODE_1_length_886075_cov_41.218303_365, 370417 # 372696 # 1 , 370417,372696,1 ,1_365,1,365,00,ATG,GGAGG,5-10bp,0.606,NODE_1_length_886075_cov_41.218303,mobileOG_000288430_NODE_1_length_886075_cov_41.218303
27,"mobileOG_000288401|clpA|WP_002896522.1|phage|infection,regulation|Plasmid RefSeq|Homology",NODE_1_length_886075_cov_41.218303_365 # 370417 # 372696 # 1 # ID=1_365;partial=00;start_type=ATG;rbs_motif=GGAGG;rbs_spacer=5-10bp;gc_cont=0.606,90.9,1334,759,0.0,760,1,756,1,754,mobileOG_000288401,clpA,WP_002896522.1,phage,"infection,regulation",Plasmid RefSeq,Homology,NODE_1_length_886075_cov_41.218303_365, 370417 # 372696 # 1 , 370417,372696,1 ,1_365,1,365,00,ATG,GGAGG,5-10bp,0.606,NODE_1_length_886075_cov_41.218303,mobileOG_000288401_NODE_1_length_886075_cov_41.218303
28,"mobileOG_000021815|clpA|A0A5R8T0B6|phage|infection,regulation|GPD|Manual",NODE_1_length_886075_cov_41.218303_365 # 370417 # 372696 # 1 # ID=1_365;partial=00;start_type=ATG;rbs_motif=GGAGG;rbs_spacer=5-10bp;gc_cont=0.606,90.7,1333,758,0.0,760,1,755,1,754,mobileOG_000021815,clpA,A0A5R8T0B6,phage,"infection,regulation",GPD,Manual,NODE_1_length_886075_cov_41.218303_365, 370417 # 372696 # 1 , 370417,372696,1 ,1_365,1,365,00,ATG,GGAGG,5-10bp,0.606,NODE_1_length_886075_cov_41.218303,mobileOG_000021815_NODE_1_length_886075_cov_41.218303
29,mobileOG_000288172|rarA|WP_101456548.1|replication/recombination/repair|NA|Plasmid RefSeq|Homology,NODE_1_length_886075_cov_41.218303_376 # 386063 # 387409 # 1 # ID=1_376;partial=00;start_type=GTG;rbs_motif=GGAG/GAGG;rbs_spacer=5-10bp;gc_cont=0.638,99.3,838,428,1.29e-308,449,1,428,21,448,mobileOG_000288172,rarA,WP_101456548.1,replication/recombination/repair,NA,Plasmid RefSeq,Homology,NODE_1_length_886075_cov_41.218303_376, 386063 # 387409 # 1 , 386063,387409,1 ,1_376,1,376,00,GTG,GGAG/GAGG,5-10bp,0.638,NODE_1_length_886075_cov_41.218303,mobileOG_000288172_NODE_1_length_886075_cov_41.218303
30,mobileOG_000282809|rarA|WP_072055887.1|replication/recombination/repair|NA|Plasmid RefSeq|Homology,NODE_1_length_886075_cov_41.218303_376 # 386063 # 387409 # 1 # ID=1_376;partial=00;start_type=GTG;rbs_motif=GGAG/GAGG;rbs_spacer=5-10bp;gc_cont=0.638,99.1,836,428,7.45e-308,449,1,428,21,448,mobileOG_000282809,rarA,WP_072055887.1,replication/recombination/repair,NA,Plasmid RefSeq,Homology,NODE_1_length_886075_cov_41.218303_376, 386063 # 387409 # 1 , 386063,387409,1 ,1_376,1,376,00,GTG,GGAG/GAGG,5-10bp,0.638,NODE_1_length_886075_cov_41.218303,mobileOG_000282809_NODE_1_length_886075_cov_41.218303
31,"mobileOG_000026493|ihfB|P23303|integration/excision|regulation,lysis/lysogeny|Plasmid RefSeq|Manual",NODE_1_length_886075_cov_41.218303_389 # 403893 # 404177 # 1 # ID=1_389;partial=00;start_type=ATG;rbs_motif=GGAGG;rbs_spacer=3-4bp;gc_cont=0.533,100,193,94,7.10e-65,95,1,94,1,94,mobileOG_000026493,ihfB,P23303,integration/excision,"regulation,lysis/lysogeny",Plasmid RefSeq,Manual,NODE_1_length_886075_cov_41.218303_389, 403893 # 404177 # 1 , 403893,404177,1 ,1_389,1,389,00,ATG,GGAGG,3-4bp,0.533,NODE_1_length_886075_cov_41.218303,mobileOG_000026493_NODE_1_length_886075_cov_41.218303
32,"mobileOG_000025715|ihfB|WP_002898165.1|integration/excision|regulation,lysis/lysogeny|Plasmid RefSeq|Manual",NODE_1_length_886075_cov_41.218303_389 # 403893 # 404177 # 1 # ID=1_389;partial=00;start_type=ATG;rbs_motif=GGAGG;rbs_spacer=3-4bp;gc_cont=0.533,94.6,183,95,6.80e-61,95,1,93,1,93,mobileOG_000025715,ihfB,WP_002898165.1,integration/excision,"regulation,lysis/lysogeny",Plasmid RefSeq,Manual,NODE_1_length_886075_cov_41.218303_389, 403893 # 404177 # 1 , 403893,404177,1 ,1_389,1,389,00,ATG,GGAGG,3-4bp,0.533,NODE_1_length_886075_cov_41.218303,mobileOG_000025715_NODE_1_length_886075_cov_41.218303
33,"mobileOG_000026072|ihfB|A6T704|integration/excision|regulation,lysis/lysogeny|Plasmid RefSeq|Manual",NODE_1_length_886075_cov_41.218303_389 # 403893 # 404177 # 1 # ID=1_389;partial=00;start_type=ATG;rbs_motif=GGAGG;rbs_spacer=3-4bp;gc_cont=0.533,94.6,183,95,6.80e-61,95,1,93,1,93,mobileOG_000026072,ihfB,A6T704,integration/excision,"regulation,lysis/lysogeny",Plasmid RefSeq,Manual,NODE_1_length_886075_cov_41.218303_389, 403893 # 404177 # 1 , 403893,404177,1 ,1_389,1,389,00,ATG,GGAGG,3-4bp,0.533,NODE_1_length_886075_cov_41.218303,mobileOG_000026072_NODE_1_length_886075_cov_41.218303
34,mobileOG_000331284|ihfB|WP_003858233.1|integration/excision|NA|Plasmid RefSeq|Homology,NODE_1_length_886075_cov_41.218303_389 # 403893 # 404177 # 1 # ID=1_389;partial=00;start_type=ATG;rbs_motif=GGAGG;rbs_spacer=3-4bp;gc_cont=0.533,93.6,183,95,6.80e-61,95,1,94,1,94,mobileOG_000331284,ihfB,WP_003858233.1,integration/excision,NA,Plasmid RefSeq,Homology,NODE_1_length_886075_cov_41.218303_389, 403893 # 404177 # 1 , 403893,404177,1 ,1_389,1,389,00,ATG,GGAGG,3-4bp,0.533,NODE_1_length_886075_cov_41.218303,mobileOG_000331284_NODE_1_length_886075_cov_41.218303
35,mobileOG_000336293|mukF|WP_004928228.1|replication/recombination/repair|partitioning|Plasmid RefSeq|Homology,NODE_1_length_886075_cov_41.218303_402 # 417403 # 418725 # 1 # ID=1_402;partial=00;start_type=ATG;rbs_motif=AGGA;rbs_spacer=5-10bp;gc_cont=0.578,100,861,440,9.80e-318,441,1,440,1,440,mobileOG_000336293,mukF,WP_004928228.1,replication/recombination/repair,partitioning,Plasmid RefSeq,Homology,NODE_1_length_886075_cov_41.218303_402, 417403 # 418725 # 1 , 417403,418725,1 ,1_402,1,402,00,ATG,AGGA,5-10bp,0.578,NODE_1_length_886075_cov_41.218303,mobileOG_000336293_NODE_1_length_886075_cov_41.218303
36,"mobileOG_000353630|mukB|WP_089196851.1|replication/recombination/repair|transfer,partitioning|Plasmid RefSeq|Homology",NODE_1_length_886075_cov_41.218303_404 # 419431 # 423879 # 1 # ID=1_404;partial=00;start_type=ATG;rbs_motif=GGAG/GAGG;rbs_spacer=5-10bp;gc_cont=0.622,98.9,2608,1482,0.0,1483,1,1481,1,1481,mobileOG_000353630,mukB,WP_089196851.1,replication/recombination/repair,"transfer,partitioning",Plasmid RefSeq,Homology,NODE_1_length_886075_cov_41.218303_404, 419431 # 423879 # 1 , 419431,423879,1 ,1_404,1,404,00,ATG,GGAG/GAGG,5-10bp,0.622,NODE_1_length_886075_cov_41.218303,mobileOG_000353630_NODE_1_length_886075_cov_41.218303
37,"mobileOG_000353987|mukB|WP_060428382.1|replication/recombination/repair|transfer,partitioning|Plasmid RefSeq|Homology",NODE_1_length_886075_cov_41.218303_404 # 419431 # 423879 # 1 # ID=1_404;partial=00;start_type=ATG;rbs_motif=GGAG/GAGG;rbs_spacer=5-10bp;gc_cont=0.622,98.5,2597,1482,0.0,1483,1,1481,1,1481,mobileOG_000353987,mukB,WP_060428382.1,replication/recombination/repair,"transfer,partitioning",Plasmid RefSeq,Homology,NODE_1_length_886075_cov_41.218303_404, 419431 # 423879 # 1 , 419431,423879,1 ,1_404,1,404,00,ATG,GGAG/GAGG,5-10bp,0.622,NODE_1_length_886075_cov_41.218303,mobileOG_000353987_NODE_1_length_886075_cov_41.218303
38,mobileOG_000353891|ompA|WP_101456423.1|transfer|conjugation|Plasmid RefSeq|Homology,NODE_1_length_886075_cov_41.218303_432 # 459025 # 460104 # -1 # ID=1_432;partial=00;start_type=ATG;rbs_motif=GGAG/GAGG;rbs_spacer=5-10bp;gc_cont=0.544,98.3,684,356,3.10e-250,360,1,356,1,359,mobileOG_000353891,ompA,WP_101456423.1,transfer,conjugation,Plasmid RefSeq,Homology,NODE_1_length_886075_cov_41.218303_432, 459025 # 460104 # -1 , 459025,460104,-1 ,1_432,1,432,00,ATG,GGAG/GAGG,5-10bp,0.544,NODE_1_length_886075_cov_41.218303,mobileOG_000353891_NODE_1_length_886075_cov_41.218303
39,mobileOG_000353886|ompA|WP_089197682.1|transfer|conjugation|Plasmid RefSeq|Homology,NODE_1_length_886075_cov_41.218303_432 # 459025 # 460104 # -1 # ID=1_432;partial=00;start_type=ATG;rbs_motif=GGAG/GAGG;rbs_spacer=5-10bp;gc_cont=0.544,95.3,675,360,1.15e-246,360,1,360,1,359,mobileOG_000353886,ompA,WP_089197682.1,transfer,conjugation,Plasmid RefSeq,Homology,NODE_1_length_886075_cov_41.218303_432, 459025 # 460104 # -1 , 459025,460104,-1 ,1_432,1,432,00,ATG,GGAG/GAGG,5-10bp,0.544,NODE_1_length_886075_cov_41.218303,mobileOG_000353886_NODE_1_length_886075_cov_41.218303
40,mobileOG_000301576|nuc|WP_015377376.1|transfer|conjugation|Plasmid RefSeq|Homology,NODE_1_length_886075_cov_41.218303_456 # 484452 # 485252 # -1 # ID=1_456;partial=00;start_type=ATG;rbs_motif=GGAG/GAGG;rbs_spacer=5-10bp;gc_cont=0.607,99.6,535,266,2.49e-194,267,1,266,1,266,mobileOG_000301576,nuc,WP_015377376.1,transfer,conjugation,Plasmid RefSeq,Homology,NODE_1_length_886075_cov_41.218303_456, 484452 # 485252 # -1 , 484452,485252,-1 ,1_456,1,456,00,ATG,GGAG/GAGG,5-10bp,0.607,NODE_1_length_886075_cov_41.218303,mobileOG_000301576_NODE_1_length_886075_cov_41.218303
41,mobileOG_000308880|nuc|WP_101453305.1|transfer|conjugation|Plasmid RefSeq|Homology,NODE_1_length_886075_cov_41.218303_456 # 484452 # 485252 # -1 # ID=1_456;partial=00;start_type=ATG;rbs_motif=GGAG/GAGG;rbs_spacer=5-10bp;gc_cont=0.607,98.5,530,266,2.39e-192,267,1,266,1,266,mobileOG_000308880,nuc,WP_101453305.1,transfer,conjugation,Plasmid RefSeq,Homology,NODE_1_length_886075_cov_41.218303_456, 484452 # 485252 # -1 , 484452,485252,-1 ,1_456,1,456,00,ATG,GGAG/GAGG,5-10bp,0.607,NODE_1_length_886075_cov_41.218303,mobileOG_000308880_NODE_1_length_886075_cov_41.218303
42,mobileOG_000332738|uvrC|WP_033637959.1|replication/recombination/repair|NA|Plasmid RefSeq|Homology,NODE_1_length_886075_cov_41.218303_492 # 519056 # 520888 # 1 # ID=1_492;partial=00;start_type=GTG;rbs_motif=4Base/6BMM;rbs_spacer=13-15bp;gc_cont=0.564,99.5,1191,610,0.0,611,1,610,1,610,mobileOG_000332738,uvrC,WP_033637959.1,replication/recombination/repair,NA,Plasmid RefSeq,Homology,NODE_1_length_886075_cov_41.218303_492, 519056 # 520888 # 1 , 519056,520888,1 ,1_492,1,492,00,GTG,4Base/6BMM,13-15bp,0.564,NODE_1_length_886075_cov_41.218303,mobileOG_000332738_NODE_1_length_886075_cov_41.218303
43,mobileOG_000335625|uvrC|WP_089194526.1|replication/recombination/repair|NA|Plasmid RefSeq|Homology,NODE_1_length_886075_cov_41.218303_492 # 519056 # 520888 # 1 # ID=1_492;partial=00;start_type=GTG;rbs_motif=4Base/6BMM;rbs_spacer=13-15bp;gc_cont=0.564,99.0,1185,610,0.0,611,1,610,1,610,mobileOG_000335625,uvrC,WP_089194526.1,replication/recombination/repair,NA,Plasmid RefSeq,Homology,NODE_1_length_886075_cov_41.218303_492, 519056 # 520888 # 1 , 519056,520888,1 ,1_492,1,492,00,GTG,4Base/6BMM,13-15bp,0.564,NODE_1_length_886075_cov_41.218303,mobileOG_000335625_NODE_1_length_886075_cov_41.218303
44,"mobileOG_000368555|tmk|WP_033646442.1|phage|stability/transfer/defense,metabolism|Plasmid RefSeq|Homology",NODE_1_length_886075_cov_41.218303_559 # 587152 # 587790 # 1 # ID=1_559;partial=00;start_type=ATG;rbs_motif=AGGA;rbs_spacer=5-10bp;gc_cont=0.632,98.1,412,212,1.68e-147,213,1,212,1,212,mobileOG_000368555,tmk,WP_033646442.1,phage,"stability/transfer/defense,metabolism",Plasmid RefSeq,Homology,NODE_1_length_886075_cov_41.218303_559, 587152 # 587790 # 1 , 587152,587790,1 ,1_559,1,559,00,ATG,AGGA,5-10bp,0.632,NODE_1_length_886075_cov_41.218303,mobileOG_000368555_NODE_1_length_886075_cov_41.218303
45,"mobileOG_000328140|tmk|WP_038875525.1|phage|stability/transfer/defense,metabolism|Plasmid RefSeq|Homology",NODE_1_length_886075_cov_41.218303_559 # 587152 # 587790 # 1 # ID=1_559;partial=00;start_type=ATG;rbs_motif=AGGA;rbs_spacer=5-10bp;gc_cont=0.632,96.7,404,212,1.33e-144,213,1,212,1,212,mobileOG_000328140,tmk,WP_038875525.1,phage,"stability/transfer/defense,metabolism",Plasmid RefSeq,Homology,NODE_1_length_886075_cov_41.218303_559, 587152 # 587790 # 1 , 587152,587790,1 ,1_559,1,559,00,ATG,AGGA,5-10bp,0.632,NODE_1_length_886075_cov_41.218303,mobileOG_000328140_NODE_1_length_886075_cov_41.218303
46,mobileOG_000326024|holB|WP_033646441.1|replication/recombination/repair|NA|Plasmid RefSeq|Homology,NODE_1_length_886075_cov_41.218303_560 # 587790 # 588797 # 1 # ID=1_560;partial=00;start_type=ATG;rbs_motif=AGGA;rbs_spacer=5-10bp;gc_cont=0.641,98.2,676,335,4.21e-248,336,1,335,1,335,mobileOG_000326024,holB,WP_033646441.1,replication/recombination/repair,NA,Plasmid RefSeq,Homology,NODE_1_length_886075_cov_41.218303_560, 587790 # 588797 # 1 , 587790,588797,1 ,1_560,1,560,00,ATG,AGGA,5-10bp,0.641,NODE_1_length_886075_cov_41.218303,mobileOG_000326024_NODE_1_length_886075_cov_41.218303
47,mobileOG_000329018|holB|WP_038875527.1|replication/recombination/repair|NA|Plasmid RefSeq|Homology,NODE_1_length_886075_cov_41.218303_560 # 587790 # 588797 # 1 # ID=1_560;partial=00;start_type=ATG;rbs_motif=AGGA;rbs_spacer=5-10bp;gc_cont=0.641,97.0,670,335,1.64e-245,336,1,335,1,335,mobileOG_000329018,holB,WP_038875527.1,replication/recombination/repair,NA,Plasmid RefSeq,Homology,NODE_1_length_886075_cov_41.218303_560, 587790 # 588797 # 1 , 587790,588797,1 ,1_560,1,560,00,ATG,AGGA,5-10bp,0.641,NODE_1_length_886075_cov_41.218303,mobileOG_000329018_NODE_1_length_886075_cov_41.218303
48,mobileOG_000313843|clpP|WP_033638144.1|phage|replication/recombination/repair|Plasmid RefSeq|Homology,NODE_1_length_886075_cov_41.218303_632 # 657496 # 658089 # 1 # ID=1_632;partial=00;start_type=ATG;rbs_motif=AGGAG;rbs_spacer=5-10bp;gc_cont=0.614,96.4,380,197,1.20e-135,198,1,197,1,197,mobileOG_000313843,clpP,WP_033638144.1,phage,replication/recombination/repair,Plasmid RefSeq,Homology,NODE_1_length_886075_cov_41.218303_632, 657496 # 658089 # 1 , 657496,658089,1 ,1_632,1,632,00,ATG,AGGAG,5-10bp,0.614,NODE_1_length_886075_cov_41.218303,mobileOG_000313843_NODE_1_length_886075_cov_41.218303
49,"mobileOG_000329633|hflD|WP_033638217.1|phage|infection,regulation|Plasmid RefSeq|Homology",NODE_1_length_886075_cov_41.218303_692 # 725733 # 726359 # -1 # ID=1_692;partial=00;start_type=GTG;rbs_motif=AGGAG;rbs_spacer=5-10bp;gc_cont=0.609,98.6,399,208,1.89e-142,209,1,208,1,208,mobileOG_000329633,hflD,WP_033638217.1,phage,"infection,regulation",Plasmid RefSeq,Homology,NODE_1_length_886075_cov_41.218303_692, 725733 # 726359 # -1 , 725733,726359,-1 ,1_692,1,692,00,GTG,AGGAG,5-10bp,0.609,NODE_1_length_886075_cov_41.218303,mobileOG_000329633_NODE_1_length_886075_cov_41.218303
50,"mobileOG_000026495|ihfA|A8GDR1|integration/excision|regulation,lysis/lysogeny|Plasmid RefSeq|Manual",NODE_1_length_886075_cov_41.218303_813 # 841753 # 842049 # 1 # ID=1_813;partial=00;start_type=ATG;rbs_motif=GGAG/GAGG;rbs_spacer=5-10bp;gc_cont=0.552,100,194,98,4.71e-65,99,1,98,1,98,mobileOG_000026495,ihfA,A8GDR1,integration/excision,"regulation,lysis/lysogeny",Plasmid RefSeq,Manual,NODE_1_length_886075_cov_41.218303_813, 841753 # 842049 # 1 , 841753,842049,1 ,1_813,1,813,00,ATG,GGAG/GAGG,5-10bp,0.552,NODE_1_length_886075_cov_41.218303,mobileOG_000026495_NODE_1_length_886075_cov_41.218303
51,"mobileOG_000022000|ihfA|WP_001229265.1|integration/excision|regulation,lysis/lysogeny|Multiple|Manual",NODE_1_length_886075_cov_41.218303_813 # 841753 # 842049 # 1 # ID=1_813;partial=00;start_type=ATG;rbs_motif=GGAG/GAGG;rbs_spacer=5-10bp;gc_cont=0.552,95.9,186,99,5.47e-62,99,1,97,1,97,mobileOG_000022000,ihfA,WP_001229265.1,integration/excision,"regulation,lysis/lysogeny",Multiple,Manual,NODE_1_length_886075_cov_41.218303_813, 841753 # 842049 # 1 , 841753,842049,1 ,1_813,1,813,00,ATG,GGAG/GAGG,5-10bp,0.552,NODE_1_length_886075_cov_41.218303,mobileOG_000022000_NODE_1_length_886075_cov_41.218303
52,"mobileOG_000025015|ihfA|WP_003857805.1|integration/excision|regulation,lysis/lysogeny|Multiple|Manual",NODE_1_length_886075_cov_41.218303_813 # 841753 # 842049 # 1 # ID=1_813;partial=00;start_type=ATG;rbs_motif=GGAG/GAGG;rbs_spacer=5-10bp;gc_cont=0.552,94.8,185,99,1.57e-61,99,1,97,1,97,mobileOG_000025015,ihfA,WP_003857805.1,integration/excision,"regulation,lysis/lysogeny",Multiple,Manual,NODE_1_length_886075_cov_41.218303_813, 841753 # 842049 # 1 , 841753,842049,1 ,1_813,1,813,00,ATG,GGAG/GAGG,5-10bp,0.552,NODE_1_length_886075_cov_41.218303,mobileOG_000025015_NODE_1_length_886075_cov_41.218303
53,"mobileOG_000015162|ihfA|WP_001229265.1|integration/excision|regulation,lysis/lysogeny|GPD|Manual",NODE_1_length_886075_cov_41.218303_813 # 841753 # 842049 # 1 # ID=1_813;partial=00;start_type=ATG;rbs_motif=GGAG/GAGG;rbs_spacer=5-10bp;gc_cont=0.552,95.8,183,97,1.21e-60,99,1,95,3,97,mobileOG_000015162,ihfA,WP_001229265.1,integration/excision,"regulation,lysis/lysogeny",GPD,Manual,NODE_1_length_886075_cov_41.218303_813, 841753 # 842049 # 1 , 841753,842049,1 ,1_813,1,813,00,ATG,GGAG/GAGG,5-10bp,0.552,NODE_1_length_886075_cov_41.218303,mobileOG_000015162_NODE_1_length_886075_cov_41.218303
54,mobileOG_000319971|recX|WP_033649272.1|replication/recombination/repair|NA|Plasmid RefSeq|Homology,NODE_2_length_563886_cov_52.434454_3 # 3812 # 4324 # -1 # ID=2_3;partial=00;start_type=ATG;rbs_motif=GGA/GAG/AGG;rbs_spacer=5-10bp;gc_cont=0.561,98.2,335,170,1.51e-118,171,1,170,1,170,mobileOG_000319971,recX,WP_033649272.1,replication/recombination/repair,NA,Plasmid RefSeq,Homology,NODE_2_length_563886_cov_52.434454_3, 3812 # 4324 # -1 , 3812,4324,-1 ,2_3,2,3,00,ATG,GGA/GAG/AGG,5-10bp,0.561,NODE_2_length_563886_cov_52.434454,mobileOG_000319971_NODE_2_length_563886_cov_52.434454
55,mobileOG_000023828|recA|WP_004932541.1|replication/recombination/repair|NA|Plasmid RefSeq|Manual,NODE_2_length_563886_cov_52.434454_4 # 4385 # 5449 # -1 # ID=2_4;partial=00;start_type=ATG;rbs_motif=AGGAG;rbs_spacer=5-10bp;gc_cont=0.581,100,685,354,8.21e-251,355,1,354,1,354,mobileOG_000023828,recA,WP_004932541.1,replication/recombination/repair,NA,Plasmid RefSeq,Manual,NODE_2_length_563886_cov_52.434454_4, 4385 # 5449 # -1 , 4385,5449,-1 ,2_4,2,4,00,ATG,AGGAG,5-10bp,0.581,NODE_2_length_563886_cov_52.434454,mobileOG_000023828_NODE_2_length_563886_cov_52.434454
56,mobileOG_000191114|recA|A0A447LSS3|replication/recombination/repair|NA|GPD|Homology,NODE_2_length_563886_cov_52.434454_4 # 4385 # 5449 # -1 # ID=2_4;partial=00;start_type=ATG;rbs_motif=AGGAG;rbs_spacer=5-10bp;gc_cont=0.581,90.4,625,354,3.42e-227,355,1,354,1,354,mobileOG_000191114,recA,A0A447LSS3,replication/recombination/repair,NA,GPD,Homology,NODE_2_length_563886_cov_52.434454_4, 4385 # 5449 # -1 , 4385,5449,-1 ,2_4,2,4,00,ATG,AGGAG,5-10bp,0.581,NODE_2_length_563886_cov_52.434454,mobileOG_000191114_NODE_2_length_563886_cov_52.434454
57,mobileOG_000282617|recA|WP_004155913.1|replication/recombination/repair|NA|Plasmid RefSeq|Homology,NODE_2_length_563886_cov_52.434454_4 # 4385 # 5449 # -1 # ID=2_4;partial=00;start_type=ATG;rbs_motif=AGGAG;rbs_spacer=5-10bp;gc_cont=0.581,94.2,604,355,5.99e-219,355,1,329,1,329,mobileOG_000282617,recA,WP_004155913.1,replication/recombination/repair,NA,Plasmid RefSeq,Homology,NODE_2_length_563886_cov_52.434454_4, 4385 # 5449 # -1 , 4385,5449,-1 ,2_4,2,4,00,ATG,AGGAG,5-10bp,0.581,NODE_2_length_563886_cov_52.434454,mobileOG_000282617_NODE_2_length_563886_cov_52.434454
58,mobileOG_000288450|recA|A0A422XBN5|replication/recombination/repair|NA|Plasmid RefSeq|Homology,NODE_2_length_563886_cov_52.434454_4 # 4385 # 5449 # -1 # ID=2_4;partial=00;start_type=ATG;rbs_motif=AGGAG;rbs_spacer=5-10bp;gc_cont=0.581,92.4,600,352,2.54e-217,355,1,331,1,331,mobileOG_000288450,recA,A0A422XBN5,replication/recombination/repair,NA,Plasmid RefSeq,Homology,NODE_2_length_563886_cov_52.434454_4, 4385 # 5449 # -1 , 4385,5449,-1 ,2_4,2,4,00,ATG,AGGAG,5-10bp,0.581,NODE_2_length_563886_cov_52.434454,mobileOG_000288450_NODE_2_length_563886_cov_52.434454
59,mobileOG_000023825|recA|WP_002914769.1|replication/recombination/repair|NA|Plasmid RefSeq|Manual,NODE_2_length_563886_cov_52.434454_4 # 4385 # 5449 # -1 # ID=2_4;partial=00;start_type=ATG;rbs_motif=AGGAG;rbs_spacer=5-10bp;gc_cont=0.581,92.1,598,352,1.03e-216,355,1,331,1,331,mobileOG_000023825,recA,WP_002914769.1,replication/recombination/repair,NA,Plasmid RefSeq,Manual,NODE_2_length_563886_cov_52.434454_4, 4385 # 5449 # -1 , 4385,5449,-1 ,2_4,2,4,00,ATG,AGGAG,5-10bp,0.581,NODE_2_length_563886_cov_52.434454,mobileOG_000023825_NODE_2_length_563886_cov_52.434454
60,mobileOG_000333655|ygaD|WP_033649270.1|transfer|competence|Plasmid RefSeq|Homology,NODE_2_length_563886_cov_52.434454_5 # 5561 # 6049 # -1 # ID=2_5;partial=00;start_type=ATG;rbs_motif=GGAGG;rbs_spacer=3-4bp;gc_cont=0.650,98.1,301,162,1.53e-105,163,1,162,1,162,mobileOG_000333655,ygaD,WP_033649270.1,transfer,competence,Plasmid RefSeq,Homology,NODE_2_length_563886_cov_52.434454_5, 5561 # 6049 # -1 , 5561,6049,-1 ,2_5,2,5,00,ATG,GGAGG,3-4bp,0.650,NODE_2_length_563886_cov_52.434454,mobileOG_000333655_NODE_2_length_563886_cov_52.434454
61,mobileOG_000282667|mutS|WP_101456629.1|replication/recombination/repair|NA|Plasmid RefSeq|Homology,NODE_2_length_563886_cov_52.434454_16 # 17113 # 19668 # 1 # ID=2_16;partial=00;start_type=ATG;rbs_motif=GGA/GAG/AGG;rbs_spacer=11-12bp;gc_cont=0.641,99.2,1619,853,0.0,852,11,853,9,851,mobileOG_000282667,mutS,WP_101456629.1,replication/recombination/repair,NA,Plasmid RefSeq,Homology,NODE_2_length_563886_cov_52.434454_16, 17113 # 19668 # 1 , 17113,19668,1 ,2_16,2,16,00,ATG,GGA/GAG/AGG,11-12bp,0.641,NODE_2_length_563886_cov_52.434454,mobileOG_000282667_NODE_2_length_563886_cov_52.434454
62,mobileOG_000368556|mazG|WP_033649234.1|stability/transfer/defense|regulation|Plasmid RefSeq|Homology,NODE_2_length_563886_cov_52.434454_49 # 54679 # 55473 # -1 # ID=2_49;partial=00;start_type=ATG;rbs_motif=GGA/GAG/AGG;rbs_spacer=5-10bp;gc_cont=0.621,97.0,504,264,3.36e-182,265,1,264,1,264,mobileOG_000368556,mazG,WP_033649234.1,stability/transfer/defense,regulation,Plasmid RefSeq,Homology,NODE_2_length_563886_cov_52.434454_49, 54679 # 55473 # -1 , 54679,55473,-1 ,2_49,2,49,00,ATG,GGA/GAG/AGG,5-10bp,0.621,NODE_2_length_563886_cov_52.434454,mobileOG_000368556_NODE_2_length_563886_cov_52.434454
63,mobileOG_000368504|ftsZ|WP_004932757.1|replication/recombination/repair|NA|Plasmid RefSeq|Homology,NODE_2_length_563886_cov_52.434454_77 # 85623 # 86777 # -1 # ID=2_77;partial=00;start_type=ATG;rbs_motif=GGAG/GAGG;rbs_spacer=5-10bp;gc_cont=0.596,100,729,384,1.77e-267,385,1,384,1,384,mobileOG_000368504,ftsZ,WP_004932757.1,replication/recombination/repair,NA,Plasmid RefSeq,Homology,NODE_2_length_563886_cov_52.434454_77, 85623 # 86777 # -1 , 85623,86777,-1 ,2_77,2,77,00,ATG,GGAG/GAGG,5-10bp,0.596,NODE_2_length_563886_cov_52.434454,mobileOG_000368504_NODE_2_length_563886_cov_52.434454
64,mobileOG_000326016|ftsZ|WP_002888628.1|replication/recombination/repair|NA|Plasmid RefSeq|Homology,NODE_2_length_563886_cov_52.434454_77 # 85623 # 86777 # -1 # ID=2_77;partial=00;start_type=ATG;rbs_motif=GGAG/GAGG;rbs_spacer=5-10bp;gc_cont=0.596,96.1,693,383,5.12e-253,385,1,383,1,384,mobileOG_000326016,ftsZ,WP_002888628.1,replication/recombination/repair,NA,Plasmid RefSeq,Homology,NODE_2_length_563886_cov_52.434454_77, 85623 # 86777 # -1 , 85623,86777,-1 ,2_77,2,77,00,ATG,GGAG/GAGG,5-10bp,0.596,NODE_2_length_563886_cov_52.434454,mobileOG_000326016_NODE_2_length_563886_cov_52.434454
65,mobileOG_000331629|ftsZ|WP_000462776.1|replication/recombination/repair|NA|Plasmid RefSeq|Homology,NODE_2_length_563886_cov_52.434454_77 # 85623 # 86777 # -1 # ID=2_77;partial=00;start_type=ATG;rbs_motif=GGAG/GAGG;rbs_spacer=5-10bp;gc_cont=0.596,95.3,689,383,1.71e-251,385,1,383,1,384,mobileOG_000331629,ftsZ,WP_000462776.1,replication/recombination/repair,NA,Plasmid RefSeq,Homology,NODE_2_length_563886_cov_52.434454_77, 85623 # 86777 # -1 , 85623,86777,-1 ,2_77,2,77,00,ATG,GGAG/GAGG,5-10bp,0.596,NODE_2_length_563886_cov_52.434454,mobileOG_000331629_NODE_2_length_563886_cov_52.434454
66,mobileOG_000347821|polB|WP_060438125.1|replication/recombination/repair|NA|Plasmid RefSeq|Homology,NODE_2_length_563886_cov_52.434454_112 # 128049 # 130415 # 1 # ID=2_112;partial=00;start_type=ATG;rbs_motif=3Base/5BMM;rbs_spacer=13-15bp;gc_cont=0.638,97.8,1582,788,0.0,789,1,788,1,788,mobileOG_000347821,polB,WP_060438125.1,replication/recombination/repair,NA,Plasmid RefSeq,Homology,NODE_2_length_563886_cov_52.434454_112, 128049 # 130415 # 1 , 128049,130415,1 ,2_112,2,112,00,ATG,3Base/5BMM,13-15bp,0.638,NODE_2_length_563886_cov_52.434454,mobileOG_000347821_NODE_2_length_563886_cov_52.434454
67,mobileOG_000332824|dnaJ|WP_033637051.1|replication/recombination/repair|NA|Plasmid RefSeq|Homology,NODE_2_length_563886_cov_52.434454_144 # 168975 # 170099 # -1 # ID=2_144;partial=00;start_type=ATG;rbs_motif=GGA/GAG/AGG;rbs_spacer=11-12bp;gc_cont=0.605,99.7,654,374,4.22e-238,375,1,374,1,374,mobileOG_000332824,dnaJ,WP_033637051.1,replication/recombination/repair,NA,Plasmid RefSeq,Homology,NODE_2_length_563886_cov_52.434454_144, 168975 # 170099 # -1 , 168975,170099,-1 ,2_144,2,144,00,ATG,GGA/GAG/AGG,11-12bp,0.605,NODE_2_length_563886_cov_52.434454,mobileOG_000332824_NODE_2_length_563886_cov_52.434454
68,"mobileOG_000281499|dnaK|WP_004932972.1|phage|infection,regulation|Plasmid RefSeq|Homology",NODE_2_length_563886_cov_52.434454_145 # 170206 # 172119 # -1 # ID=2_145;partial=00;start_type=ATG;rbs_motif=GGAG/GAGG;rbs_spacer=5-10bp;gc_cont=0.568,100,1199,637,0.0,638,1,637,1,637,mobileOG_000281499,dnaK,WP_004932972.1,phage,"infection,regulation",Plasmid RefSeq,Homology,NODE_2_length_563886_cov_52.434454_145, 170206 # 172119 # -1 , 170206,172119,-1 ,2_145,2,145,00,ATG,GGAG/GAGG,5-10bp,0.568,NODE_2_length_563886_cov_52.434454,mobileOG_000281499_NODE_2_length_563886_cov_52.434454
69,"mobileOG_000281490|dnaK|WP_000516135.1|phage|infection,regulation|Multiple|Homology",NODE_2_length_563886_cov_52.434454_145 # 170206 # 172119 # -1 # ID=2_145;partial=00;start_type=ATG;rbs_motif=GGAG/GAGG;rbs_spacer=5-10bp;gc_cont=0.568,91.3,1097,638,0.0,638,1,638,1,637,mobileOG_000281490,dnaK,WP_000516135.1,phage,"infection,regulation",Multiple,Homology,NODE_2_length_563886_cov_52.434454_145, 170206 # 172119 # -1 , 170206,172119,-1 ,2_145,2,145,00,ATG,GGAG/GAGG,5-10bp,0.568,NODE_2_length_563886_cov_52.434454,mobileOG_000281490_NODE_2_length_563886_cov_52.434454
70,"mobileOG_000281497|dnaK|WP_004146997.1|phage|infection,regulation|Plasmid RefSeq|Homology",NODE_2_length_563886_cov_52.434454_145 # 170206 # 172119 # -1 # ID=2_145;partial=00;start_type=ATG;rbs_motif=GGAG/GAGG;rbs_spacer=5-10bp;gc_cont=0.568,90.8,1093,638,0.0,638,1,638,1,637,mobileOG_000281497,dnaK,WP_004146997.1,phage,"infection,regulation",Plasmid RefSeq,Homology,NODE_2_length_563886_cov_52.434454_145, 170206 # 172119 # -1 , 170206,172119,-1 ,2_145,2,145,00,ATG,GGAG/GAGG,5-10bp,0.568,NODE_2_length_563886_cov_52.434454,mobileOG_000281497_NODE_2_length_563886_cov_52.434454
71,mobileOG_000301582|radA|WP_025159617.1|replication/recombination/repair|competence|Plasmid RefSeq|Homology,NODE_2_length_563886_cov_52.434454_171 # 201179 # 202564 # -1 # ID=2_171;partial=00;start_type=GTG;rbs_motif=GGAG/GAGG;rbs_spacer=5-10bp;gc_cont=0.654,100,897,461,0.0,462,1,461,1,461,mobileOG_000301582,radA,WP_025159617.1,replication/recombination/repair,competence,Plasmid RefSeq,Homology,NODE_2_length_563886_cov_52.434454_171, 201179 # 202564 # -1 , 201179,202564,-1 ,2_171,2,171,00,GTG,GGAG/GAGG,5-10bp,0.654,NODE_2_length_563886_cov_52.434454,mobileOG_000301582_NODE_2_length_563886_cov_52.434454
72,mobileOG_000025504|radA|A0A0H3JJ52|replication/recombination/repair|NA|Plasmid RefSeq|Manual,NODE_2_length_563886_cov_52.434454_171 # 201179 # 202564 # -1 # ID=2_171;partial=00;start_type=GTG;rbs_motif=GGAG/GAGG;rbs_spacer=5-10bp;gc_cont=0.654,91.9,832,460,1.41e-305,462,1,459,1,459,mobileOG_000025504,radA,A0A0H3JJ52,replication/recombination/repair,NA,Plasmid RefSeq,Manual,NODE_2_length_563886_cov_52.434454_171, 201179 # 202564 # -1 , 201179,202564,-1 ,2_171,2,171,00,GTG,GGAG/GAGG,5-10bp,0.654,NODE_2_length_563886_cov_52.434454,mobileOG_000025504_NODE_2_length_563886_cov_52.434454
73,mobileOG_000334077|radA|WP_001029696.1|replication/recombination/repair|competence|Plasmid RefSeq|Homology,NODE_2_length_563886_cov_52.434454_171 # 201179 # 202564 # -1 # ID=2_171;partial=00;start_type=GTG;rbs_motif=GGAG/GAGG;rbs_spacer=5-10bp;gc_cont=0.654,91.7,831,460,5.72e-305,462,1,459,1,459,mobileOG_000334077,radA,WP_001029696.1,replication/recombination/repair,competence,Plasmid RefSeq,Homology,NODE_2_length_563886_cov_52.434454_171, 201179 # 202564 # -1 , 201179,202564,-1 ,2_171,2,171,00,GTG,GGAG/GAGG,5-10bp,0.654,NODE_2_length_563886_cov_52.434454,mobileOG_000334077_NODE_2_length_563886_cov_52.434454
74,mobileOG_000336472|radA|WP_101416475.1|replication/recombination/repair|competence|Plasmid RefSeq|Homology,NODE_2_length_563886_cov_52.434454_171 # 201179 # 202564 # -1 # ID=2_171;partial=00;start_type=GTG;rbs_motif=GGAG/GAGG;rbs_spacer=5-10bp;gc_cont=0.654,90.8,821,460,5.23e-301,462,1,459,1,459,mobileOG_000336472,radA,WP_101416475.1,replication/recombination/repair,competence,Plasmid RefSeq,Homology,NODE_2_length_563886_cov_52.434454_171, 201179 # 202564 # -1 , 201179,202564,-1 ,2_171,2,171,00,GTG,GGAG/GAGG,5-10bp,0.654,NODE_2_length_563886_cov_52.434454,mobileOG_000336472_NODE_2_length_563886_cov_52.434454
75,mobileOG_000299371|higA|WP_019453270.1|stability/transfer/defense|NA|Plasmid RefSeq|Homology,NODE_2_length_563886_cov_52.434454_260 # 289286 # 289585 # -1 # ID=2_260;partial=00;start_type=ATG;rbs_motif=AGGAG;rbs_spacer=5-10bp;gc_cont=0.600,98.0,181,99,7.80e-60,100,1,99,1,99,mobileOG_000299371,higA,WP_019453270.1,stability/transfer/defense,NA,Plasmid RefSeq,Homology,NODE_2_length_563886_cov_52.434454_260, 289286 # 289585 # -1 , 289286,289585,-1 ,2_260,2,260,00,ATG,AGGAG,5-10bp,0.600,NODE_2_length_563886_cov_52.434454,mobileOG_000299371_NODE_2_length_563886_cov_52.434454
76,mobileOG_000202002|int|A0A2H9CTS2|integration/excision|NA|GPD|Homology,NODE_2_length_563886_cov_52.434454_311 # 344143 # 345390 # -1 # ID=2_311;partial=00;start_type=ATG;rbs_motif=GGAGG;rbs_spacer=5-10bp;gc_cont=0.455,92.5,766,416,6.84e-281,416,1,413,1,413,mobileOG_000202002,int,A0A2H9CTS2,integration/excision,NA,GPD,Homology,NODE_2_length_563886_cov_52.434454_311, 344143 # 345390 # -1 , 344143,345390,-1 ,2_311,2,311,00,ATG,GGAGG,5-10bp,0.455,NODE_2_length_563886_cov_52.434454,mobileOG_000202002_NODE_2_length_563886_cov_52.434454
77,"mobileOG_000368531|nusA|WP_019453340.1|phage|regulation,infection|Plasmid RefSeq|Homology",NODE_2_length_563886_cov_52.434454_380 # 425089 # 426597 # -1 # ID=2_380;partial=00;start_type=ATG;rbs_motif=GGAG/GAGG;rbs_spacer=5-10bp;gc_cont=0.569,99.8,954,502,0.0,503,1,502,1,502,mobileOG_000368531,nusA,WP_019453340.1,phage,"regulation,infection",Plasmid RefSeq,Homology,NODE_2_length_563886_cov_52.434454_380, 425089 # 426597 # -1 , 425089,426597,-1 ,2_380,2,380,00,ATG,GGAG/GAGG,5-10bp,0.569,NODE_2_length_563886_cov_52.434454,mobileOG_000368531_NODE_2_length_563886_cov_52.434454
78,"mobileOG_000368505|ftsH|WP_004933529.1|phage|infection,regulation|Plasmid RefSeq|Homology",NODE_2_length_563886_cov_52.434454_385 # 430409 # 432349 # -1 # ID=2_385;partial=00;start_type=TTG;rbs_motif=GGAG/GAGG;rbs_spacer=5-10bp;gc_cont=0.587,100,1248,643,0.0,647,1,643,4,646,mobileOG_000368505,ftsH,WP_004933529.1,phage,"infection,regulation",Plasmid RefSeq,Homology,NODE_2_length_563886_cov_52.434454_385, 430409 # 432349 # -1 , 430409,432349,-1 ,2_385,2,385,00,TTG,GGAG/GAGG,5-10bp,0.587,NODE_2_length_563886_cov_52.434454,mobileOG_000368505_NODE_2_length_563886_cov_52.434454
79,"mobileOG_000289028|ftsH|WP_008806637.1|phage|infection,regulation|Plasmid RefSeq|Homology",NODE_2_length_563886_cov_52.434454_385 # 430409 # 432349 # -1 # ID=2_385;partial=00;start_type=TTG;rbs_motif=GGAG/GAGG;rbs_spacer=5-10bp;gc_cont=0.587,94.7,1189,644,0.0,647,1,641,4,644,mobileOG_000289028,ftsH,WP_008806637.1,phage,"infection,regulation",Plasmid RefSeq,Homology,NODE_2_length_563886_cov_52.434454_385, 430409 # 432349 # -1 , 430409,432349,-1 ,2_385,2,385,00,TTG,GGAG/GAGG,5-10bp,0.587,NODE_2_length_563886_cov_52.434454,mobileOG_000289028_NODE_2_length_563886_cov_52.434454
80,"mobileOG_000003236|hflB|A0A383JRI2|phage|infection,regulation|COMPASS|Manual",NODE_2_length_563886_cov_52.434454_385 # 430409 # 432349 # -1 # ID=2_385;partial=00;start_type=TTG;rbs_motif=GGAG/GAGG;rbs_spacer=5-10bp;gc_cont=0.587,94.3,1188,647,0.0,647,1,644,1,644,mobileOG_000003236,hflB,A0A383JRI2,phage,"infection,regulation",COMPASS,Manual,NODE_2_length_563886_cov_52.434454_385, 430409 # 432349 # -1 , 430409,432349,-1 ,2_385,2,385,00,TTG,GGAG/GAGG,5-10bp,0.587,NODE_2_length_563886_cov_52.434454,mobileOG_000003236_NODE_2_length_563886_cov_52.434454
81,"mobileOG_000288420|ftsH|A0A422XC88|phage|infection,regulation|Plasmid RefSeq|Homology",NODE_2_length_563886_cov_52.434454_385 # 430409 # 432349 # -1 # ID=2_385;partial=00;start_type=TTG;rbs_motif=GGAG/GAGG;rbs_spacer=5-10bp;gc_cont=0.587,94.5,1186,644,0.0,647,1,641,4,644,mobileOG_000288420,ftsH,A0A422XC88,phage,"infection,regulation",Plasmid RefSeq,Homology,NODE_2_length_563886_cov_52.434454_385, 430409 # 432349 # -1 , 430409,432349,-1 ,2_385,2,385,00,TTG,GGAG/GAGG,5-10bp,0.587,NODE_2_length_563886_cov_52.434454,mobileOG_000288420_NODE_2_length_563886_cov_52.434454
82,"mobileOG_000354058|ftsH|WP_001107481.1|phage|infection,regulation|Plasmid RefSeq|Homology",NODE_2_length_563886_cov_52.434454_385 # 430409 # 432349 # -1 # ID=2_385;partial=00;start_type=TTG;rbs_motif=GGAG/GAGG;rbs_spacer=5-10bp;gc_cont=0.587,94.4,1186,644,0.0,647,1,641,4,644,mobileOG_000354058,ftsH,WP_001107481.1,phage,"infection,regulation",Plasmid RefSeq,Homology,NODE_2_length_563886_cov_52.434454_385, 430409 # 432349 # -1 , 430409,432349,-1 ,2_385,2,385,00,TTG,GGAG/GAGG,5-10bp,0.587,NODE_2_length_563886_cov_52.434454,mobileOG_000354058_NODE_2_length_563886_cov_52.434454
83,"mobileOG_000354057|ftsH|WP_001107467.1|phage|infection,regulation|Plasmid RefSeq|Homology",NODE_2_length_563886_cov_52.434454_385 # 430409 # 432349 # -1 # ID=2_385;partial=00;start_type=TTG;rbs_motif=GGAG/GAGG;rbs_spacer=5-10bp;gc_cont=0.587,94.2,1182,644,0.0,647,1,641,4,644,mobileOG_000354057,ftsH,WP_001107467.1,phage,"infection,regulation",Plasmid RefSeq,Homology,NODE_2_length_563886_cov_52.434454_385, 430409 # 432349 # -1 , 430409,432349,-1 ,2_385,2,385,00,TTG,GGAG/GAGG,5-10bp,0.587,NODE_2_length_563886_cov_52.434454,mobileOG_000354057_NODE_2_length_563886_cov_52.434454
84,"mobileOG_000374409|ner|WP_033636812.1|phage|infection,regulation|Plasmid RefSeq|Homology",NODE_2_length_563886_cov_52.434454_398 # 442190 # 442450 # 1 # ID=2_398;partial=00;start_type=ATG;rbs_motif=AGGA;rbs_spacer=5-10bp;gc_cont=0.605,98.8,183,86,3.69e-61,87,1,86,1,86,mobileOG_000374409,ner,WP_033636812.1,phage,"infection,regulation",Plasmid RefSeq,Homology,NODE_2_length_563886_cov_52.434454_398, 442190 # 442450 # 1 , 442190,442450,1 ,2_398,2,398,00,ATG,AGGA,5-10bp,0.605,NODE_2_length_563886_cov_52.434454,mobileOG_000374409_NODE_2_length_563886_cov_52.434454
85,mobileOG_000365461|rnr|WP_039567854.1|replication/recombination/repair|NA|Plasmid RefSeq|Homology,NODE_2_length_563886_cov_52.434454_431 # 473301 # 475775 # -1 # ID=2_431;partial=00;start_type=ATG;rbs_motif=GGAGG;rbs_spacer=5-10bp;gc_cont=0.621,99.3,1590,824,0.0,825,1,824,1,824,mobileOG_000365461,rnr,WP_039567854.1,replication/recombination/repair,NA,Plasmid RefSeq,Homology,NODE_2_length_563886_cov_52.434454_431, 473301 # 475775 # -1 , 473301,475775,-1 ,2_431,2,431,00,ATG,GGAGG,5-10bp,0.621,NODE_2_length_563886_cov_52.434454,mobileOG_000365461_NODE_2_length_563886_cov_52.434454
86,"mobileOG_000368506|hflC|WP_004933669.1|phage|lysis/lysogeny,regulation|Plasmid RefSeq|Homology",NODE_2_length_563886_cov_52.434454_435 # 478155 # 479159 # -1 # ID=2_435;partial=00;start_type=ATG;rbs_motif=GGAG/GAGG;rbs_spacer=5-10bp;gc_cont=0.607,100,561,334,1.43e-202,335,1,334,1,334,mobileOG_000368506,hflC,WP_004933669.1,phage,"lysis/lysogeny,regulation",Plasmid RefSeq,Homology,NODE_2_length_563886_cov_52.434454_435, 478155 # 479159 # -1 , 478155,479159,-1 ,2_435,2,435,00,ATG,GGAG/GAGG,5-10bp,0.607,NODE_2_length_563886_cov_52.434454,mobileOG_000368506_NODE_2_length_563886_cov_52.434454
87,"mobileOG_000335694|hflK|WP_033636782.1|phage|lysis/lysogeny,regulation|Plasmid RefSeq|Homology",NODE_2_length_563886_cov_52.434454_436 # 479163 # 480413 # -1 # ID=2_436;partial=00;start_type=ATG;rbs_motif=GGAG/GAGG;rbs_spacer=5-10bp;gc_cont=0.603,99.5,755,416,1.87e-276,417,1,416,1,416,mobileOG_000335694,hflK,WP_033636782.1,phage,"lysis/lysogeny,regulation",Plasmid RefSeq,Homology,NODE_2_length_563886_cov_52.434454_436, 479163 # 480413 # -1 , 479163,480413,-1 ,2_436,2,436,00,ATG,GGAG/GAGG,5-10bp,0.603,NODE_2_length_563886_cov_52.434454,mobileOG_000335694_NODE_2_length_563886_cov_52.434454
88,mobileOG_000325588|mutL|WP_101456617.1|replication/recombination/repair|NA|Plasmid RefSeq|Homology,NODE_2_length_563886_cov_52.434454_441 # 483218 # 485101 # -1 # ID=2_441;partial=00;start_type=ATG;rbs_motif=AGGAG;rbs_spacer=5-10bp;gc_cont=0.626,96.2,1174,627,0.0,628,1,627,1,627,mobileOG_000325588,mutL,WP_101456617.1,replication/recombination/repair,NA,Plasmid RefSeq,Homology,NODE_2_length_563886_cov_52.434454_441, 483218 # 485101 # -1 , 483218,485101,-1 ,2_441,2,441,00,ATG,AGGAG,5-10bp,0.626,NODE_2_length_563886_cov_52.434454,mobileOG_000325588_NODE_2_length_563886_cov_52.434454
89,"mobileOG_000355278|groL|WP_004929662.1|phage|replication,chaperone|Plasmid RefSeq|Homology",NODE_2_length_563886_cov_52.434454_462 # 507629 # 509275 # -1 # ID=2_462;partial=00;start_type=ATG;rbs_motif=GGA/GAG/AGG;rbs_spacer=5-10bp;gc_cont=0.573,100,987,548,0.0,549,1,548,1,548,mobileOG_000355278,groL,WP_004929662.1,phage,"replication,chaperone",Plasmid RefSeq,Homology,NODE_2_length_563886_cov_52.434454_462, 507629 # 509275 # -1 , 507629,509275,-1 ,2_462,2,462,00,ATG,GGA/GAG/AGG,5-10bp,0.573,NODE_2_length_563886_cov_52.434454,mobileOG_000355278_NODE_2_length_563886_cov_52.434454
90,"mobileOG_000290240|groL|WP_000729117.1|phage|replication,chaperone|Plasmid RefSeq|Homology",NODE_2_length_563886_cov_52.434454_462 # 507629 # 509275 # -1 # ID=2_462;partial=00;start_type=ATG;rbs_motif=GGA/GAG/AGG;rbs_spacer=5-10bp;gc_cont=0.573,94.3,934,548,0.0,549,1,548,1,548,mobileOG_000290240,groL,WP_000729117.1,phage,"replication,chaperone",Plasmid RefSeq,Homology,NODE_2_length_563886_cov_52.434454_462, 507629 # 509275 # -1 , 507629,509275,-1 ,2_462,2,462,00,ATG,GGA/GAG/AGG,5-10bp,0.573,NODE_2_length_563886_cov_52.434454,mobileOG_000290240_NODE_2_length_563886_cov_52.434454
91,"mobileOG_000289036|groL|WP_008807218.1|phage|replication,chaperone|Plasmid RefSeq|Homology",NODE_2_length_563886_cov_52.434454_462 # 507629 # 509275 # -1 # ID=2_462;partial=00;start_type=ATG;rbs_motif=GGA/GAG/AGG;rbs_spacer=5-10bp;gc_cont=0.573,93.2,932,548,0.0,549,1,548,1,548,mobileOG_000289036,groL,WP_008807218.1,phage,"replication,chaperone",Plasmid RefSeq,Homology,NODE_2_length_563886_cov_52.434454_462, 507629 # 509275 # -1 , 507629,509275,-1 ,2_462,2,462,00,ATG,GGA/GAG/AGG,5-10bp,0.573,NODE_2_length_563886_cov_52.434454,mobileOG_000289036_NODE_2_length_563886_cov_52.434454
92,"mobileOG_000026160|groL|A0A0W8A593|phage|replication,chaperone|Plasmid RefSeq|Manual",NODE_2_length_563886_cov_52.434454_462 # 507629 # 509275 # -1 # ID=2_462;partial=00;start_type=ATG;rbs_motif=GGA/GAG/AGG;rbs_spacer=5-10bp;gc_cont=0.573,93.2,931,548,0.0,549,1,548,1,548,mobileOG_000026160,groL,A0A0W8A593,phage,"replication,chaperone",Plasmid RefSeq,Manual,NODE_2_length_563886_cov_52.434454_462, 507629 # 509275 # -1 , 507629,509275,-1 ,2_462,2,462,00,ATG,GGA/GAG/AGG,5-10bp,0.573,NODE_2_length_563886_cov_52.434454,mobileOG_000026160_NODE_2_length_563886_cov_52.434454
93,"mobileOG_000355550|groL|WP_101473286.1|phage|replication,chaperone|Plasmid RefSeq|Homology",NODE_2_length_563886_cov_52.434454_462 # 507629 # 509275 # -1 # ID=2_462;partial=00;start_type=ATG;rbs_motif=GGA/GAG/AGG;rbs_spacer=5-10bp;gc_cont=0.573,93.1,931,548,0.0,549,1,548,1,548,mobileOG_000355550,groL,WP_101473286.1,phage,"replication,chaperone",Plasmid RefSeq,Homology,NODE_2_length_563886_cov_52.434454_462, 507629 # 509275 # -1 , 507629,509275,-1 ,2_462,2,462,00,ATG,GGA/GAG/AGG,5-10bp,0.573,NODE_2_length_563886_cov_52.434454,mobileOG_000355550_NODE_2_length_563886_cov_52.434454
94,mobileOG_000351473|groS|EBJ67183.1|phage|structural|Plasmid RefSeq|Homology,NODE_2_length_563886_cov_52.434454_463 # 509320 # 509613 # -1 # ID=2_463;partial=00;start_type=ATG;rbs_motif=AGGAG;rbs_spacer=5-10bp;gc_cont=0.493,100,184,97,4.06e-61,98,1,97,1,97,mobileOG_000351473,groS,EBJ67183.1,phage,structural,Plasmid RefSeq,Homology,NODE_2_length_563886_cov_52.434454_463, 509320 # 509613 # -1 , 509320,509613,-1 ,2_463,2,463,00,ATG,AGGAG,5-10bp,0.493,NODE_2_length_563886_cov_52.434454,mobileOG_000351473_NODE_2_length_563886_cov_52.434454
95,mobileOG_000340853|groS|WP_003855929.1|phage|structural|Plasmid RefSeq|Homology,NODE_2_length_563886_cov_52.434454_463 # 509320 # 509613 # -1 # ID=2_463;partial=00;start_type=ATG;rbs_motif=AGGAG;rbs_spacer=5-10bp;gc_cont=0.493,91.8,176,97,9.22e-58,98,1,97,1,97,mobileOG_000340853,groS,WP_003855929.1,phage,structural,Plasmid RefSeq,Homology,NODE_2_length_563886_cov_52.434454_463, 509320 # 509613 # -1 , 509320,509613,-1 ,2_463,2,463,00,ATG,AGGAG,5-10bp,0.493,NODE_2_length_563886_cov_52.434454,mobileOG_000340853_NODE_2_length_563886_cov_52.434454
96,mobileOG_000317451|groS|A0A422X382|phage|structural|Plasmid RefSeq|Homology,NODE_2_length_563886_cov_52.434454_463 # 509320 # 509613 # -1 # ID=2_463;partial=00;start_type=ATG;rbs_motif=AGGAG;rbs_spacer=5-10bp;gc_cont=0.493,91.8,175,97,1.31e-57,98,1,97,1,97,mobileOG_000317451,groS,A0A422X382,phage,structural,Plasmid RefSeq,Homology,NODE_2_length_563886_cov_52.434454_463, 509320 # 509613 # -1 , 509320,509613,-1 ,2_463,2,463,00,ATG,AGGAG,5-10bp,0.493,NODE_2_length_563886_cov_52.434454,mobileOG_000317451_NODE_2_length_563886_cov_52.434454
97,mobileOG_000330918|groS|WP_004240601.1|phage|structural|Plasmid RefSeq|Homology,NODE_2_length_563886_cov_52.434454_463 # 509320 # 509613 # -1 # ID=2_463;partial=00;start_type=ATG;rbs_motif=AGGAG;rbs_spacer=5-10bp;gc_cont=0.493,90.7,172,97,3.09e-56,98,1,97,1,97,mobileOG_000330918,groS,WP_004240601.1,phage,structural,Plasmid RefSeq,Homology,NODE_2_length_563886_cov_52.434454_463, 509320 # 509613 # -1 , 509320,509613,-1 ,2_463,2,463,00,ATG,AGGAG,5-10bp,0.493,NODE_2_length_563886_cov_52.434454,mobileOG_000330918_NODE_2_length_563886_cov_52.434454
98,"mobileOG_000327600|fxsA|WP_033636764.1|phage|replication,transfer|Plasmid RefSeq|Homology",NODE_2_length_563886_cov_52.434454_464 # 509803 # 510291 # -1 # ID=2_464;partial=00;start_type=GTG;rbs_motif=AGGAG;rbs_spacer=5-10bp;gc_cont=0.601,98.1,293,162,3.45e-102,163,1,162,1,162,mobileOG_000327600,fxsA,WP_033636764.1,phage,"replication,transfer",Plasmid RefSeq,Homology,NODE_2_length_563886_cov_52.434454_464, 509803 # 510291 # -1 , 509803,510291,-1 ,2_464,2,464,00,GTG,AGGAG,5-10bp,0.601,NODE_2_length_563886_cov_52.434454,mobileOG_000327600_NODE_2_length_563886_cov_52.434454
99,mobileOG_000356476|srnB|WP_004935921.1|stability/transfer/defense|NA|Plasmid RefSeq|Homology,NODE_3_length_447786_cov_42.355016_18 # 19119 # 19271 # 1 # ID=3_18;partial=00;start_type=ATG;rbs_motif=AGGAG;rbs_spacer=5-10bp;gc_cont=0.425,100,100,50,4.02e-29,51,1,50,1,50,mobileOG_000356476,srnB,WP_004935921.1,stability/transfer/defense,NA,Plasmid RefSeq,Homology,NODE_3_length_447786_cov_42.355016_18, 19119 # 19271 # 1 , 19119,19271,1 ,3_18,3,18,00,ATG,AGGAG,5-10bp,0.425,NODE_3_length_447786_cov_42.355016,mobileOG_000356476_NODE_3_length_447786_cov_42.355016
100,mobileOG_000368510|gyrA|WP_004935906.1|replication/recombination/repair|NA|Plasmid RefSeq|Homology,NODE_3_length_447786_cov_42.355016_23 # 24458 # 27100 # 1 # ID=3_23;partial=00;start_type=ATG;rbs_motif=GGA/GAG/AGG;rbs_spacer=5-10bp;gc_cont=0.600,99.3,1551,880,0.0,881,1,880,1,880,mobileOG_000368510,gyrA,WP_004935906.1,replication/recombination/repair,NA,Plasmid RefSeq,Homology,NODE_3_length_447786_cov_42.355016_23, 24458 # 27100 # 1 , 24458,27100,1 ,3_23,3,23,00,ATG,GGA/GAG/AGG,5-10bp,0.600,NODE_3_length_447786_cov_42.355016,mobileOG_000368510_NODE_3_length_447786_cov_42.355016
101,mobileOG_000353677|gyrA|WP_101453951.1|replication/recombination/repair|NA|Plasmid RefSeq|Homology,NODE_3_length_447786_cov_42.355016_23 # 24458 # 27100 # 1 # ID=3_23;partial=00;start_type=ATG;rbs_motif=GGA/GAG/AGG;rbs_spacer=5-10bp;gc_cont=0.600,99.1,1548,880,0.0,881,1,880,1,880,mobileOG_000353677,gyrA,WP_101453951.1,replication/recombination/repair,NA,Plasmid RefSeq,Homology,NODE_3_length_447786_cov_42.355016_23, 24458 # 27100 # 1 , 24458,27100,1 ,3_23,3,23,00,ATG,GGA/GAG/AGG,5-10bp,0.600,NODE_3_length_447786_cov_42.355016,mobileOG_000353677_NODE_3_length_447786_cov_42.355016
102,mobileOG_000351496|Fi_ORF45|WP_047574306.1|replication/recombination/repair|NA|Plasmid RefSeq|Homology,NODE_3_length_447786_cov_42.355016_55 # 62636 # 64393 # -1 # ID=3_55;partial=00;start_type=ATG;rbs_motif=None;rbs_spacer=None;gc_cont=0.644,99.3,1186,585,0.0,586,1,585,1,585,mobileOG_000351496,Fi_ORF45,WP_047574306.1,replication/recombination/repair,NA,Plasmid RefSeq,Homology,NODE_3_length_447786_cov_42.355016_55, 62636 # 64393 # -1 , 62636,64393,-1 ,3_55,3,55,00,ATG,None,None,0.644,NODE_3_length_447786_cov_42.355016,mobileOG_000351496_NODE_3_length_447786_cov_42.355016
103,mobileOG_000341065|Fi_ORF45|WP_033635283.1|replication/recombination/repair|NA|Plasmid RefSeq|Homology,NODE_3_length_447786_cov_42.355016_55 # 62636 # 64393 # -1 # ID=3_55;partial=00;start_type=ATG;rbs_motif=None;rbs_spacer=None;gc_cont=0.644,99.1,1183,585,0.0,586,1,585,1,585,mobileOG_000341065,Fi_ORF45,WP_033635283.1,replication/recombination/repair,NA,Plasmid RefSeq,Homology,NODE_3_length_447786_cov_42.355016_55, 62636 # 64393 # -1 , 62636,64393,-1 ,3_55,3,55,00,ATG,None,None,0.644,NODE_3_length_447786_cov_42.355016,mobileOG_000341065_NODE_3_length_447786_cov_42.355016
104,mobileOG_000314070|Fi_ORF45|WP_039565051.1|replication/recombination/repair|NA|Plasmid RefSeq|Homology,NODE_3_length_447786_cov_42.355016_55 # 62636 # 64393 # -1 # ID=3_55;partial=00;start_type=ATG;rbs_motif=None;rbs_spacer=None;gc_cont=0.644,99.1,1182,585,0.0,586,1,585,1,585,mobileOG_000314070,Fi_ORF45,WP_039565051.1,replication/recombination/repair,NA,Plasmid RefSeq,Homology,NODE_3_length_447786_cov_42.355016_55, 62636 # 64393 # -1 , 62636,64393,-1 ,3_55,3,55,00,ATG,None,None,0.644,NODE_3_length_447786_cov_42.355016,mobileOG_000314070_NODE_3_length_447786_cov_42.355016
105,mobileOG_000365480|nfo|WP_033635262.1|replication/recombination/repair|NA|Plasmid RefSeq|Homology,NODE_3_length_447786_cov_42.355016_81 # 94551 # 95390 # -1 # ID=3_81;partial=00;start_type=ATG;rbs_motif=AGGAG;rbs_spacer=5-10bp;gc_cont=0.600,99.3,563,279,2.51e-205,280,1,279,1,279,mobileOG_000365480,nfo,WP_033635262.1,replication/recombination/repair,NA,Plasmid RefSeq,Homology,NODE_3_length_447786_cov_42.355016_81, 94551 # 95390 # -1 , 94551,95390,-1 ,3_81,3,81,00,ATG,AGGAG,5-10bp,0.600,NODE_3_length_447786_cov_42.355016,mobileOG_000365480_NODE_3_length_447786_cov_42.355016
106,mobileOG_000365481|nfo|WP_033643802.1|replication/recombination/repair|NA|Plasmid RefSeq|Homology,NODE_3_length_447786_cov_42.355016_81 # 94551 # 95390 # -1 # ID=3_81;partial=00;start_type=ATG;rbs_motif=AGGAG;rbs_spacer=5-10bp;gc_cont=0.600,98.2,558,279,4.86e-203,280,1,279,1,279,mobileOG_000365481,nfo,WP_033643802.1,replication/recombination/repair,NA,Plasmid RefSeq,Homology,NODE_3_length_447786_cov_42.355016_81, 94551 # 95390 # -1 , 94551,95390,-1 ,3_81,3,81,00,ATG,AGGAG,5-10bp,0.600,NODE_3_length_447786_cov_42.355016,mobileOG_000365481_NODE_3_length_447786_cov_42.355016
107,mobileOG_000163899|ubiE_1|A0A5P6GUD0|stability/transfer/defense|NA|GPD|Homology,NODE_3_length_447786_cov_42.355016_92 # 102209 # 102709 # -1 # ID=3_92;partial=00;start_type=ATG;rbs_motif=GGAG/GAGG;rbs_spacer=5-10bp;gc_cont=0.559,90.7,319,173,3.62e-112,167,5,166,3,164,mobileOG_000163899,ubiE_1,A0A5P6GUD0,stability/transfer/defense,NA,GPD,Homology,NODE_3_length_447786_cov_42.355016_92, 102209 # 102709 # -1 , 102209,102709,-1 ,3_92,3,92,00,ATG,GGAG/GAGG,5-10bp,0.559,NODE_3_length_447786_cov_42.355016,mobileOG_000163899_NODE_3_length_447786_cov_42.355016
108,mobileOG_000160478|ubiE_1|A0A5P6GUD0|stability/transfer/defense|NA|GPD|Homology,NODE_3_length_447786_cov_42.355016_92 # 102209 # 102709 # -1 # ID=3_92;partial=00;start_type=ATG;rbs_motif=GGAG/GAGG;rbs_spacer=5-10bp;gc_cont=0.559,90.7,318,172,4.97e-112,167,4,165,3,164,mobileOG_000160478,ubiE_1,A0A5P6GUD0,stability/transfer/defense,NA,GPD,Homology,NODE_3_length_447786_cov_42.355016_92, 102209 # 102709 # -1 , 102209,102709,-1 ,3_92,3,92,00,ATG,GGAG/GAGG,5-10bp,0.559,NODE_3_length_447786_cov_42.355016,mobileOG_000160478_NODE_3_length_447786_cov_42.355016
109,mobileOG_000289402|ubiE_1|WP_012004119.1|stability/transfer/defense|NA|Multiple|Homology,NODE_3_length_447786_cov_42.355016_92 # 102209 # 102709 # -1 # ID=3_92;partial=00;start_type=ATG;rbs_motif=GGAG/GAGG;rbs_spacer=5-10bp;gc_cont=0.559,90.7,318,168,6.14e-112,167,4,165,3,164,mobileOG_000289402,ubiE_1,WP_012004119.1,stability/transfer/defense,NA,Multiple,Homology,NODE_3_length_447786_cov_42.355016_92, 102209 # 102709 # -1 , 102209,102709,-1 ,3_92,3,92,00,ATG,GGAG/GAGG,5-10bp,0.559,NODE_3_length_447786_cov_42.355016,mobileOG_000289402_NODE_3_length_447786_cov_42.355016
110,mobileOG_000191198|ubiE_1|A0A170MZY6|stability/transfer/defense|NA|GPD|Homology,NODE_3_length_447786_cov_42.355016_92 # 102209 # 102709 # -1 # ID=3_92;partial=00;start_type=ATG;rbs_motif=GGAG/GAGG;rbs_spacer=5-10bp;gc_cont=0.559,92.3,316,177,6.90e-111,167,10,165,7,162,mobileOG_000191198,ubiE_1,A0A170MZY6,stability/transfer/defense,NA,GPD,Homology,NODE_3_length_447786_cov_42.355016_92, 102209 # 102709 # -1 , 102209,102709,-1 ,3_92,3,92,00,ATG,GGAG/GAGG,5-10bp,0.559,NODE_3_length_447786_cov_42.355016,mobileOG_000191198_NODE_3_length_447786_cov_42.355016
111,mobileOG_000189142|ubiE_1|A0A170MZY6|stability/transfer/defense|NA|GPD|Homology,NODE_3_length_447786_cov_42.355016_92 # 102209 # 102709 # -1 # ID=3_92;partial=00;start_type=ATG;rbs_motif=GGAG/GAGG;rbs_spacer=5-10bp;gc_cont=0.559,90.6,315,183,2.44e-110,167,10,169,3,162,mobileOG_000189142,ubiE_1,A0A170MZY6,stability/transfer/defense,NA,GPD,Homology,NODE_3_length_447786_cov_42.355016_92, 102209 # 102709 # -1 , 102209,102709,-1 ,3_92,3,92,00,ATG,GGAG/GAGG,5-10bp,0.559,NODE_3_length_447786_cov_42.355016,mobileOG_000189142_NODE_3_length_447786_cov_42.355016
112,mobileOG_000336681|sbcB|WP_060435614.1|replication/recombination/repair|stability/transfer/defense|Plasmid RefSeq|Homology,NODE_3_length_447786_cov_42.355016_160 # 158726 # 160156 # -1 # ID=3_160;partial=00;start_type=GTG;rbs_motif=GGA/GAG/AGG;rbs_spacer=11-12bp;gc_cont=0.614,99.2,959,476,0.0,477,1,476,1,476,mobileOG_000336681,sbcB,WP_060435614.1,replication/recombination/repair,stability/transfer/defense,Plasmid RefSeq,Homology,NODE_3_length_447786_cov_42.355016_160, 158726 # 160156 # -1 , 158726,160156,-1 ,3_160,3,160,00,GTG,GGA/GAG/AGG,11-12bp,0.614,NODE_3_length_447786_cov_42.355016,mobileOG_000336681_NODE_3_length_447786_cov_42.355016
113,mobileOG_000331689|sbcB|WP_101453939.1|replication/recombination/repair|stability/transfer/defense|Plasmid RefSeq|Homology,NODE_3_length_447786_cov_42.355016_160 # 158726 # 160156 # -1 # ID=3_160;partial=00;start_type=GTG;rbs_motif=GGA/GAG/AGG;rbs_spacer=11-12bp;gc_cont=0.614,98.9,956,476,0.0,477,1,476,1,476,mobileOG_000331689,sbcB,WP_101453939.1,replication/recombination/repair,stability/transfer/defense,Plasmid RefSeq,Homology,NODE_3_length_447786_cov_42.355016_160, 158726 # 160156 # -1 , 158726,160156,-1 ,3_160,3,160,00,GTG,GGA/GAG/AGG,11-12bp,0.614,NODE_3_length_447786_cov_42.355016,mobileOG_000331689_NODE_3_length_447786_cov_42.355016
114,mobileOG_000326136|sbcB|WP_101455532.1|replication/recombination/repair|stability/transfer/defense|Plasmid RefSeq|Homology,NODE_3_length_447786_cov_42.355016_160 # 158726 # 160156 # -1 # ID=3_160;partial=00;start_type=GTG;rbs_motif=GGA/GAG/AGG;rbs_spacer=11-12bp;gc_cont=0.614,98.7,938,475,0.0,477,8,475,9,476,mobileOG_000326136,sbcB,WP_101455532.1,replication/recombination/repair,stability/transfer/defense,Plasmid RefSeq,Homology,NODE_3_length_447786_cov_42.355016_160, 158726 # 160156 # -1 , 158726,160156,-1 ,3_160,3,160,00,GTG,GGA/GAG/AGG,11-12bp,0.614,NODE_3_length_447786_cov_42.355016,mobileOG_000326136_NODE_3_length_447786_cov_42.355016
115,mobileOG_000319709|intA_3|WP_101453938.1|integration/excision|NA|Plasmid RefSeq|Homology,NODE_3_length_447786_cov_42.355016_161 # 160400 # 161521 # 1 # ID=3_161;partial=00;start_type=GTG;rbs_motif=GGA/GAG/AGG;rbs_spacer=5-10bp;gc_cont=0.496,98.1,741,395,4.61e-272,374,22,391,1,370,mobileOG_000319709,intA_3,WP_101453938.1,integration/excision,NA,Plasmid RefSeq,Homology,NODE_3_length_447786_cov_42.355016_161, 160400 # 161521 # 1 , 160400,161521,1 ,3_161,3,161,00,GTG,GGA/GAG/AGG,5-10bp,0.496,NODE_3_length_447786_cov_42.355016,mobileOG_000319709_NODE_3_length_447786_cov_42.355016
116,mobileOG_000319263|intA_3|WP_101456491.1|integration/excision|NA|Plasmid RefSeq|Homology,NODE_3_length_447786_cov_42.355016_161 # 160400 # 161521 # 1 # ID=3_161;partial=00;start_type=GTG;rbs_motif=GGA/GAG/AGG;rbs_spacer=5-10bp;gc_cont=0.496,97.3,736,395,3.11e-270,374,22,391,1,370,mobileOG_000319263,intA_3,WP_101456491.1,integration/excision,NA,Plasmid RefSeq,Homology,NODE_3_length_447786_cov_42.355016_161, 160400 # 161521 # 1 , 160400,161521,1 ,3_161,3,161,00,GTG,GGA/GAG/AGG,5-10bp,0.496,NODE_3_length_447786_cov_42.355016,mobileOG_000319263_NODE_3_length_447786_cov_42.355016
117,"mobileOG_000189158|cohE|WP_101456483.1|phage|regulation,lysis/lysogeny|GPD|Homology",NODE_3_length_447786_cov_42.355016_172 # 167157 # 167915 # -1 # ID=3_172;partial=00;start_type=ATG;rbs_motif=None;rbs_spacer=None;gc_cont=0.478,100,501,252,1.55e-181,253,1,252,1,252,mobileOG_000189158,cohE,WP_101456483.1,phage,"regulation,lysis/lysogeny",GPD,Homology,NODE_3_length_447786_cov_42.355016_172, 167157 # 167915 # -1 , 167157,167915,-1 ,3_172,3,172,00,ATG,None,None,0.478,NODE_3_length_447786_cov_42.355016,mobileOG_000189158_NODE_3_length_447786_cov_42.355016
118,"mobileOG_000313266|cohE|WP_101456483.1|phage|regulation,lysis/lysogeny|Plasmid RefSeq|Homology",NODE_3_length_447786_cov_42.355016_172 # 167157 # 167915 # -1 # ID=3_172;partial=00;start_type=ATG;rbs_motif=None;rbs_spacer=None;gc_cont=0.478,93.2,437,236,1.75e-156,253,1,236,17,252,mobileOG_000313266,cohE,WP_101456483.1,phage,"regulation,lysis/lysogeny",Plasmid RefSeq,Homology,NODE_3_length_447786_cov_42.355016_172, 167157 # 167915 # -1 , 167157,167915,-1 ,3_172,3,172,00,ATG,None,None,0.478,NODE_3_length_447786_cov_42.355016,mobileOG_000313266_NODE_3_length_447786_cov_42.355016
119,"mobileOG_000189157|cro|A0A318NXY8|phage|infection,regulation|GPD|Homology",NODE_3_length_447786_cov_42.355016_173 # 167976 # 168170 # 1 # ID=3_173;partial=00;start_type=ATG;rbs_motif=GGAG/GAGG;rbs_spacer=5-10bp;gc_cont=0.456,100,132,64,1.09e-41,65,1,64,1,64,mobileOG_000189157,cro,A0A318NXY8,phage,"infection,regulation",GPD,Homology,NODE_3_length_447786_cov_42.355016_173, 167976 # 168170 # 1 , 167976,168170,1 ,3_173,3,173,00,ATG,GGAG/GAGG,5-10bp,0.456,NODE_3_length_447786_cov_42.355016,mobileOG_000189157_NODE_3_length_447786_cov_42.355016
120,mobileOG_000377225|ninG|WP_063990587.1|phage|replication/recombination/repair|Multiple|Homology,NODE_3_length_447786_cov_42.355016_178 # 171795 # 172373 # 1 # ID=3_178;partial=00;start_type=ATG;rbs_motif=GGAG/GAGG;rbs_spacer=5-10bp;gc_cont=0.549,99.5,382,192,2.85e-136,193,1,192,1,192,mobileOG_000377225,ninG,WP_063990587.1,phage,replication/recombination/repair,Multiple,Homology,NODE_3_length_447786_cov_42.355016_178, 171795 # 172373 # 1 , 171795,172373,1 ,3_178,3,178,00,ATG,GGAG/GAGG,5-10bp,0.549,NODE_3_length_447786_cov_42.355016,mobileOG_000377225_NODE_3_length_447786_cov_42.355016
121,mobileOG_000378441|ninG|WP_101453929.1|phage|replication/recombination/repair|Plasmid RefSeq|Homology,NODE_3_length_447786_cov_42.355016_178 # 171795 # 172373 # 1 # ID=3_178;partial=00;start_type=ATG;rbs_motif=GGAG/GAGG;rbs_spacer=5-10bp;gc_cont=0.549,99.5,381,192,4.05e-136,193,1,192,1,192,mobileOG_000378441,ninG,WP_101453929.1,phage,replication/recombination/repair,Plasmid RefSeq,Homology,NODE_3_length_447786_cov_42.355016_178, 171795 # 172373 # 1 , 171795,172373,1 ,3_178,3,178,00,ATG,GGAG/GAGG,5-10bp,0.549,NODE_3_length_447786_cov_42.355016,mobileOG_000378441_NODE_3_length_447786_cov_42.355016
122,mobileOG_000162521|ninG|WP_063990587.1|phage|replication/recombination/repair|GPD|Homology,NODE_3_length_447786_cov_42.355016_178 # 171795 # 172373 # 1 # ID=3_178;partial=00;start_type=ATG;rbs_motif=GGAG/GAGG;rbs_spacer=5-10bp;gc_cont=0.549,99.0,380,192,1.16e-135,193,1,192,1,192,mobileOG_000162521,ninG,WP_063990587.1,phage,replication/recombination/repair,GPD,Homology,NODE_3_length_447786_cov_42.355016_178, 171795 # 172373 # 1 , 171795,172373,1 ,3_178,3,178,00,ATG,GGAG/GAGG,5-10bp,0.549,NODE_3_length_447786_cov_42.355016,mobileOG_000162521_NODE_3_length_447786_cov_42.355016
123,mobileOG_000308883|rsrIM|WP_101456478.1|stability/transfer/defense|NA|Plasmid RefSeq|Homology,NODE_3_length_447786_cov_42.355016_181 # 174647 # 175669 # 1 # ID=3_181;partial=00;start_type=ATG;rbs_motif=GGA/GAG/AGG;rbs_spacer=5-10bp;gc_cont=0.548,99.1,654,342,4.65e-239,341,1,340,1,340,mobileOG_000308883,rsrIM,WP_101456478.1,stability/transfer/defense,NA,Plasmid RefSeq,Homology,NODE_3_length_447786_cov_42.355016_181, 174647 # 175669 # 1 , 174647,175669,1 ,3_181,3,181,00,ATG,GGA/GAG/AGG,5-10bp,0.548,NODE_3_length_447786_cov_42.355016,mobileOG_000308883_NODE_3_length_447786_cov_42.355016
124,mobileOG_000189156|rsrIM|WP_101456478.1|stability/transfer/defense|NA|GPD|Homology,NODE_3_length_447786_cov_42.355016_181 # 174647 # 175669 # 1 # ID=3_181;partial=00;start_type=ATG;rbs_motif=GGA/GAG/AGG;rbs_spacer=5-10bp;gc_cont=0.548,98.2,649,342,4.45e-237,341,1,340,1,340,mobileOG_000189156,rsrIM,WP_101456478.1,stability/transfer/defense,NA,GPD,Homology,NODE_3_length_447786_cov_42.355016_181, 174647 # 175669 # 1 , 174647,175669,1 ,3_181,3,181,00,ATG,GGA/GAG/AGG,5-10bp,0.548,NODE_3_length_447786_cov_42.355016,mobileOG_000189156_NODE_3_length_447786_cov_42.355016
125,mobileOG_000162522|rsrIM|WP_101456478.1|stability/transfer/defense|NA|GPD|Homology,NODE_3_length_447786_cov_42.355016_181 # 174647 # 175669 # 1 # ID=3_181;partial=00;start_type=ATG;rbs_motif=GGA/GAG/AGG;rbs_spacer=5-10bp;gc_cont=0.548,97.4,645,342,2.11e-235,341,1,340,1,340,mobileOG_000162522,rsrIM,WP_101456478.1,stability/transfer/defense,NA,GPD,Homology,NODE_3_length_447786_cov_42.355016_181, 174647 # 175669 # 1 , 174647,175669,1 ,3_181,3,181,00,ATG,GGA/GAG/AGG,5-10bp,0.548,NODE_3_length_447786_cov_42.355016,mobileOG_000162522_NODE_3_length_447786_cov_42.355016
126,mobileOG_000243307|12|A0A2V4G934|phage|lysis|GPD|Homology,NODE_3_length_447786_cov_42.355016_183 # 176074 # 176556 # 1 # ID=3_183;partial=00;start_type=ATG;rbs_motif=GGAGG;rbs_spacer=5-10bp;gc_cont=0.536,91.3,288,160,4.05e-100,161,1,160,1,160,mobileOG_000243307,12,A0A2V4G934,phage,lysis,GPD,Homology,NODE_3_length_447786_cov_42.355016_183, 176074 # 176556 # 1 , 176074,176556,1 ,3_183,3,183,00,ATG,GGAGG,5-10bp,0.536,NODE_3_length_447786_cov_42.355016,mobileOG_000243307_NODE_3_length_447786_cov_42.355016
127,mobileOG_000596594|NA:Keyword|A0A0P0QGL6|phage|NA|GPD|Keyword Search,NODE_3_length_447786_cov_42.355016_189 # 178635 # 179102 # 1 # ID=3_189;partial=00;start_type=ATG;rbs_motif=GGAGG;rbs_spacer=5-10bp;gc_cont=0.551,100,315,155,4.13e-111,156,1,155,1,155,mobileOG_000596594,NA:Keyword,A0A0P0QGL6,phage,NA,GPD,Keyword Search,NODE_3_length_447786_cov_42.355016_189, 178635 # 179102 # 1 , 178635,179102,1 ,3_189,3,189,00,ATG,GGAGG,5-10bp,0.551,NODE_3_length_447786_cov_42.355016,mobileOG_000596594_NODE_3_length_447786_cov_42.355016
128,mobileOG_000756342|NA:Keyword|WP_101453928.1|phage|NA|Plasmid RefSeq|Keyword Search,NODE_3_length_447786_cov_42.355016_189 # 178635 # 179102 # 1 # ID=3_189;partial=00;start_type=ATG;rbs_motif=GGAGG;rbs_spacer=5-10bp;gc_cont=0.551,99.4,312,155,6.86e-110,156,1,155,1,155,mobileOG_000756342,NA:Keyword,WP_101453928.1,phage,NA,Plasmid RefSeq,Keyword Search,NODE_3_length_447786_cov_42.355016_189, 178635 # 179102 # 1 , 178635,179102,1 ,3_189,3,189,00,ATG,GGAGG,5-10bp,0.551,NODE_3_length_447786_cov_42.355016,mobileOG_000756342_NODE_3_length_447786_cov_42.355016
129,mobileOG_000713331|NA:Keyword|A0A377P5U9|phage|NA|GPD|Keyword Search,NODE_3_length_447786_cov_42.355016_189 # 178635 # 179102 # 1 # ID=3_189;partial=00;start_type=ATG;rbs_motif=GGAGG;rbs_spacer=5-10bp;gc_cont=0.551,93.5,302,155,6.34e-106,156,1,155,1,155,mobileOG_000713331,NA:Keyword,A0A377P5U9,phage,NA,GPD,Keyword Search,NODE_3_length_447786_cov_42.355016_189, 178635 # 179102 # 1 , 178635,179102,1 ,3_189,3,189,00,ATG,GGAGG,5-10bp,0.551,NODE_3_length_447786_cov_42.355016,mobileOG_000713331_NODE_3_length_447786_cov_42.355016
130,mobileOG_000420340|NA:Keyword|A0A099PT59|phage|NA|GPD|Keyword Search,NODE_3_length_447786_cov_42.355016_189 # 178635 # 179102 # 1 # ID=3_189;partial=00;start_type=ATG;rbs_motif=GGAGG;rbs_spacer=5-10bp;gc_cont=0.551,91.6,292,154,5.65e-102,156,1,154,1,154,mobileOG_000420340,NA:Keyword,A0A099PT59,phage,NA,GPD,Keyword Search,NODE_3_length_447786_cov_42.355016_189, 178635 # 179102 # 1 , 178635,179102,1 ,3_189,3,189,00,ATG,GGAGG,5-10bp,0.551,NODE_3_length_447786_cov_42.355016,mobileOG_000420340_NODE_3_length_447786_cov_42.355016
131,mobileOG_000682652|NA:Keyword|A0A1M5YDZ2|phage|NA|GPD|Keyword Search,NODE_3_length_447786_cov_42.355016_189 # 178635 # 179102 # 1 # ID=3_189;partial=00;start_type=ATG;rbs_motif=GGAGG;rbs_spacer=5-10bp;gc_cont=0.551,91.6,291,154,8.03e-102,156,1,154,1,154,mobileOG_000682652,NA:Keyword,A0A1M5YDZ2,phage,NA,GPD,Keyword Search,NODE_3_length_447786_cov_42.355016_189, 178635 # 179102 # 1 , 178635,179102,1 ,3_189,3,189,00,ATG,GGAGG,5-10bp,0.551,NODE_3_length_447786_cov_42.355016,mobileOG_000682652_NODE_3_length_447786_cov_42.355016
132,mobileOG_000587691|NA:Keyword|A0A2X4Z985|phage|NA|GPD|Keyword Search,NODE_3_length_447786_cov_42.355016_189 # 178635 # 179102 # 1 # ID=3_189;partial=00;start_type=ATG;rbs_motif=GGAGG;rbs_spacer=5-10bp;gc_cont=0.551,91.6,291,154,1.14e-101,156,1,154,1,154,mobileOG_000587691,NA:Keyword,A0A2X4Z985,phage,NA,GPD,Keyword Search,NODE_3_length_447786_cov_42.355016_189, 178635 # 179102 # 1 , 178635,179102,1 ,3_189,3,189,00,ATG,GGAGG,5-10bp,0.551,NODE_3_length_447786_cov_42.355016,mobileOG_000587691_NODE_3_length_447786_cov_42.355016
133,mobileOG_000682202|NA:Keyword|A0A2P5ING3|phage|NA|GPD|Keyword Search,NODE_3_length_447786_cov_42.355016_189 # 178635 # 179102 # 1 # ID=3_189;partial=00;start_type=ATG;rbs_motif=GGAGG;rbs_spacer=5-10bp;gc_cont=0.551,92.2,291,154,1.14e-101,156,1,154,1,154,mobileOG_000682202,NA:Keyword,A0A2P5ING3,phage,NA,GPD,Keyword Search,NODE_3_length_447786_cov_42.355016_189, 178635 # 179102 # 1 , 178635,179102,1 ,3_189,3,189,00,ATG,GGAGG,5-10bp,0.551,NODE_3_length_447786_cov_42.355016,mobileOG_000682202_NODE_3_length_447786_cov_42.355016
134,mobileOG_000683405|NA:Keyword|A0A437IEF2|phage|NA|GPD|Keyword Search,NODE_3_length_447786_cov_42.355016_189 # 178635 # 179102 # 1 # ID=3_189;partial=00;start_type=ATG;rbs_motif=GGAGG;rbs_spacer=5-10bp;gc_cont=0.551,90.9,291,154,1.14e-101,156,1,154,1,154,mobileOG_000683405,NA:Keyword,A0A437IEF2,phage,NA,GPD,Keyword Search,NODE_3_length_447786_cov_42.355016_189, 178635 # 179102 # 1 , 178635,179102,1 ,3_189,3,189,00,ATG,GGAGG,5-10bp,0.551,NODE_3_length_447786_cov_42.355016,mobileOG_000683405_NODE_3_length_447786_cov_42.355016
135,mobileOG_000680884|NA:Keyword|A0A437IEF2|phage|NA|GPD|Keyword Search,NODE_3_length_447786_cov_42.355016_189 # 178635 # 179102 # 1 # ID=3_189;partial=00;start_type=ATG;rbs_motif=GGAGG;rbs_spacer=5-10bp;gc_cont=0.551,92.2,291,154,1.62e-101,156,1,154,1,154,mobileOG_000680884,NA:Keyword,A0A437IEF2,phage,NA,GPD,Keyword Search,NODE_3_length_447786_cov_42.355016_189, 178635 # 179102 # 1 , 178635,179102,1 ,3_189,3,189,00,ATG,GGAGG,5-10bp,0.551,NODE_3_length_447786_cov_42.355016,mobileOG_000680884_NODE_3_length_447786_cov_42.355016
136,mobileOG_000421554|NA:Keyword|A0A2X4Z985|phage|NA|GPD|Keyword Search,NODE_3_length_447786_cov_42.355016_189 # 178635 # 179102 # 1 # ID=3_189;partial=00;start_type=ATG;rbs_motif=GGAGG;rbs_spacer=5-10bp;gc_cont=0.551,90.9,290,154,3.27e-101,156,1,154,1,154,mobileOG_000421554,NA:Keyword,A0A2X4Z985,phage,NA,GPD,Keyword Search,NODE_3_length_447786_cov_42.355016_189, 178635 # 179102 # 1 , 178635,179102,1 ,3_189,3,189,00,ATG,GGAGG,5-10bp,0.551,NODE_3_length_447786_cov_42.355016,mobileOG_000421554_NODE_3_length_447786_cov_42.355016
137,mobileOG_000596854|NA:Keyword|A0A1M5YDZ2|phage|NA|GPD|Keyword Search,NODE_3_length_447786_cov_42.355016_189 # 178635 # 179102 # 1 # ID=3_189;partial=00;start_type=ATG;rbs_motif=GGAGG;rbs_spacer=5-10bp;gc_cont=0.551,90.9,290,154,3.27e-101,156,1,154,1,154,mobileOG_000596854,NA:Keyword,A0A1M5YDZ2,phage,NA,GPD,Keyword Search,NODE_3_length_447786_cov_42.355016_189, 178635 # 179102 # 1 , 178635,179102,1 ,3_189,3,189,00,ATG,GGAGG,5-10bp,0.551,NODE_3_length_447786_cov_42.355016,mobileOG_000596854_NODE_3_length_447786_cov_42.355016
138,mobileOG_000567224|NA:Keyword|A0A099PT59|phage|NA|GPD|Keyword Search,NODE_3_length_447786_cov_42.355016_189 # 178635 # 179102 # 1 # ID=3_189;partial=00;start_type=ATG;rbs_motif=GGAGG;rbs_spacer=5-10bp;gc_cont=0.551,90.9,290,154,4.64e-101,156,1,154,1,154,mobileOG_000567224,NA:Keyword,A0A099PT59,phage,NA,GPD,Keyword Search,NODE_3_length_447786_cov_42.355016_189, 178635 # 179102 # 1 , 178635,179102,1 ,3_189,3,189,00,ATG,GGAGG,5-10bp,0.551,NODE_3_length_447786_cov_42.355016,mobileOG_000567224_NODE_3_length_447786_cov_42.355016
139,mobileOG_000596646|NA:Keyword|A0A2P5ING3|phage|NA|GPD|Keyword Search,NODE_3_length_447786_cov_42.355016_189 # 178635 # 179102 # 1 # ID=3_189;partial=00;start_type=ATG;rbs_motif=GGAGG;rbs_spacer=5-10bp;gc_cont=0.551,91.6,290,154,4.64e-101,156,1,154,1,154,mobileOG_000596646,NA:Keyword,A0A2P5ING3,phage,NA,GPD,Keyword Search,NODE_3_length_447786_cov_42.355016_189, 178635 # 179102 # 1 , 178635,179102,1 ,3_189,3,189,00,ATG,GGAGG,5-10bp,0.551,NODE_3_length_447786_cov_42.355016,mobileOG_000596646_NODE_3_length_447786_cov_42.355016
140,mobileOG_000530613|NA:Keyword|A0A099PT59|phage|NA|GPD|Keyword Search,NODE_3_length_447786_cov_42.355016_189 # 178635 # 179102 # 1 # ID=3_189;partial=00;start_type=ATG;rbs_motif=GGAGG;rbs_spacer=5-10bp;gc_cont=0.551,90.9,289,154,6.60e-101,156,1,154,1,154,mobileOG_000530613,NA:Keyword,A0A099PT59,phage,NA,GPD,Keyword Search,NODE_3_length_447786_cov_42.355016_189, 178635 # 179102 # 1 , 178635,179102,1 ,3_189,3,189,00,ATG,GGAGG,5-10bp,0.551,NODE_3_length_447786_cov_42.355016,mobileOG_000530613_NODE_3_length_447786_cov_42.355016
141,mobileOG_000555518|NA:Keyword|A0A4S2A3C3|phage|NA|GPD|Keyword Search,NODE_3_length_447786_cov_42.355016_189 # 178635 # 179102 # 1 # ID=3_189;partial=00;start_type=ATG;rbs_motif=GGAGG;rbs_spacer=5-10bp;gc_cont=0.551,91.6,289,154,9.37e-101,156,1,154,1,154,mobileOG_000555518,NA:Keyword,A0A4S2A3C3,phage,NA,GPD,Keyword Search,NODE_3_length_447786_cov_42.355016_189, 178635 # 179102 # 1 , 178635,179102,1 ,3_189,3,189,00,ATG,GGAGG,5-10bp,0.551,NODE_3_length_447786_cov_42.355016,mobileOG_000555518_NODE_3_length_447786_cov_42.355016
142,mobileOG_000596593|NA:Keyword|A0A0P0QH01|phage|NA|GPD|Keyword Search,NODE_3_length_447786_cov_42.355016_190 # 179053 # 180798 # 1 # ID=3_190;partial=00;start_type=ATG;rbs_motif=GGA/GAG/AGG;rbs_spacer=5-10bp;gc_cont=0.537,99.7,1195,581,0.0,582,1,581,1,581,mobileOG_000596593,NA:Keyword,A0A0P0QH01,phage,NA,GPD,Keyword Search,NODE_3_length_447786_cov_42.355016_190, 179053 # 180798 # 1 , 179053,180798,1 ,3_190,3,190,00,ATG,GGA/GAG/AGG,5-10bp,0.537,NODE_3_length_447786_cov_42.355016,mobileOG_000596593_NODE_3_length_447786_cov_42.355016
143,mobileOG_000745174|NA:Keyword|WP_101453927.1|phage|NA|Plasmid RefSeq|Keyword Search,NODE_3_length_447786_cov_42.355016_190 # 179053 # 180798 # 1 # ID=3_190;partial=00;start_type=ATG;rbs_motif=GGA/GAG/AGG;rbs_spacer=5-10bp;gc_cont=0.537,99.5,1194,581,0.0,582,1,581,1,581,mobileOG_000745174,NA:Keyword,WP_101453927.1,phage,NA,Plasmid RefSeq,Keyword Search,NODE_3_length_447786_cov_42.355016_190, 179053 # 180798 # 1 , 179053,180798,1 ,3_190,3,190,00,ATG,GGA/GAG/AGG,5-10bp,0.537,NODE_3_length_447786_cov_42.355016,mobileOG_000745174_NODE_3_length_447786_cov_42.355016
144,mobileOG_000189155|B|A0A0P0QGN4|phage|structural|GPD|Homology,NODE_3_length_447786_cov_42.355016_191 # 180798 # 182102 # 1 # ID=3_191;partial=00;start_type=ATG;rbs_motif=GGA/GAG/AGG;rbs_spacer=5-10bp;gc_cont=0.535,99.5,865,434,0.0,435,1,434,1,434,mobileOG_000189155,B,A0A0P0QGN4,phage,structural,GPD,Homology,NODE_3_length_447786_cov_42.355016_191, 180798 # 182102 # 1 , 180798,182102,1 ,3_191,3,191,00,ATG,GGA/GAG/AGG,5-10bp,0.535,NODE_3_length_447786_cov_42.355016,mobileOG_000189155_NODE_3_length_447786_cov_42.355016
145,mobileOG_000332515|B|WP_101453926.1|phage|structural|Plasmid RefSeq|Homology,NODE_3_length_447786_cov_42.355016_191 # 180798 # 182102 # 1 # ID=3_191;partial=00;start_type=ATG;rbs_motif=GGA/GAG/AGG;rbs_spacer=5-10bp;gc_cont=0.535,99.1,860,434,1.32e-317,435,1,434,1,434,mobileOG_000332515,B,WP_101453926.1,phage,structural,Plasmid RefSeq,Homology,NODE_3_length_447786_cov_42.355016_191, 180798 # 182102 # 1 , 180798,182102,1 ,3_191,3,191,00,ATG,GGA/GAG/AGG,5-10bp,0.535,NODE_3_length_447786_cov_42.355016,mobileOG_000332515_NODE_3_length_447786_cov_42.355016
146,mobileOG_000189154|clpP|A0A2V4G2D3|phage|replication/recombination/repair|GPD|Homology,NODE_3_length_447786_cov_42.355016_192 # 182115 # 182966 # 1 # ID=3_192;partial=00;start_type=ATG;rbs_motif=AGGAG;rbs_spacer=5-10bp;gc_cont=0.570,98.9,530,283,6.27e-192,284,1,283,1,283,mobileOG_000189154,clpP,A0A2V4G2D3,phage,replication/recombination/repair,GPD,Homology,NODE_3_length_447786_cov_42.355016_192, 182115 # 182966 # 1 , 182115,182966,1 ,3_192,3,192,00,ATG,AGGAG,5-10bp,0.570,NODE_3_length_447786_cov_42.355016,mobileOG_000189154_NODE_3_length_447786_cov_42.355016
147,mobileOG_000341943|5|WP_101453925.1|phage|NA|Plasmid RefSeq|Homology,NODE_3_length_447786_cov_42.355016_193 # 182982 # 184202 # 1 # ID=3_193;partial=00;start_type=ATG;rbs_motif=GGAG/GAGG;rbs_spacer=5-10bp;gc_cont=0.559,96.6,746,406,3.90e-273,407,1,406,1,406,mobileOG_000341943,5,WP_101453925.1,phage,NA,Plasmid RefSeq,Homology,NODE_3_length_447786_cov_42.355016_193, 182982 # 184202 # 1 , 182982,184202,1 ,3_193,3,193,00,ATG,GGAG/GAGG,5-10bp,0.559,NODE_3_length_447786_cov_42.355016,mobileOG_000341943_NODE_3_length_447786_cov_42.355016
148,mobileOG_000189153|5|WP_101453925.1|phage|NA|GPD|Homology,NODE_3_length_447786_cov_42.355016_193 # 182982 # 184202 # 1 # ID=3_193;partial=00;start_type=ATG;rbs_motif=GGAG/GAGG;rbs_spacer=5-10bp;gc_cont=0.559,96.3,744,406,2.25e-272,407,1,406,1,406,mobileOG_000189153,5,WP_101453925.1,phage,NA,GPD,Homology,NODE_3_length_447786_cov_42.355016_193, 182982 # 184202 # 1 , 182982,184202,1 ,3_193,3,193,00,ATG,GGAG/GAGG,5-10bp,0.559,NODE_3_length_447786_cov_42.355016,mobileOG_000189153_NODE_3_length_447786_cov_42.355016
149,mobileOG_000739978|NA:Keyword|WP_049272269.1|phage|NA|Multiple|Keyword Search,NODE_3_length_447786_cov_42.355016_195 # 184508 # 184834 # 1 # ID=3_195;partial=00;start_type=ATG;rbs_motif=GGA/GAG/AGG;rbs_spacer=5-10bp;gc_cont=0.529,97.2,214,108,8.03e-73,109,1,108,1,108,mobileOG_000739978,NA:Keyword,WP_049272269.1,phage,NA,Multiple,Keyword Search,NODE_3_length_447786_cov_42.355016_195, 184508 # 184834 # 1 , 184508,184834,1 ,3_195,3,195,00,ATG,GGA/GAG/AGG,5-10bp,0.529,NODE_3_length_447786_cov_42.355016,mobileOG_000739978_NODE_3_length_447786_cov_42.355016
150,mobileOG_000596592|NA:Keyword|A0A0P0QGP0|phage|NA|GPD|Keyword Search,NODE_3_length_447786_cov_42.355016_196 # 184831 # 185169 # 1 # ID=3_196;partial=00;start_type=ATG;rbs_motif=GGA/GAG/AGG;rbs_spacer=5-10bp;gc_cont=0.534,100,221,112,3.90e-75,113,1,112,1,112,mobileOG_000596592,NA:Keyword,A0A0P0QGP0,phage,NA,GPD,Keyword Search,NODE_3_length_447786_cov_42.355016_196, 184831 # 185169 # 1 , 184831,185169,1 ,3_196,3,196,00,ATG,GGA/GAG/AGG,5-10bp,0.534,NODE_3_length_447786_cov_42.355016,mobileOG_000596592_NODE_3_length_447786_cov_42.355016
151,mobileOG_000596591|NA:Keyword|A0A0P0QH13|phage|NA|GPD|Keyword Search,NODE_3_length_447786_cov_42.355016_199 # 185969 # 186424 # 1 # ID=3_199;partial=00;start_type=ATG;rbs_motif=GGAG/GAGG;rbs_spacer=5-10bp;gc_cont=0.561,100,299,151,7.78e-105,152,1,151,1,151,mobileOG_000596591,NA:Keyword,A0A0P0QH13,phage,NA,GPD,Keyword Search,NODE_3_length_447786_cov_42.355016_199, 185969 # 186424 # 1 , 185969,186424,1 ,3_199,3,199,00,ATG,GGAG/GAGG,5-10bp,0.561,NODE_3_length_447786_cov_42.355016,mobileOG_000596591_NODE_3_length_447786_cov_42.355016
152,mobileOG_000745157|NA:Keyword|WP_101453923.1|phage|NA|Plasmid RefSeq|Keyword Search,NODE_3_length_447786_cov_42.355016_199 # 185969 # 186424 # 1 # ID=3_199;partial=00;start_type=ATG;rbs_motif=GGAG/GAGG;rbs_spacer=5-10bp;gc_cont=0.561,96.0,287,151,4.16e-100,152,1,151,1,151,mobileOG_000745157,NA:Keyword,WP_101453923.1,phage,NA,Plasmid RefSeq,Keyword Search,NODE_3_length_447786_cov_42.355016_199, 185969 # 186424 # 1 , 185969,186424,1 ,3_199,3,199,00,ATG,GGAG/GAGG,5-10bp,0.561,NODE_3_length_447786_cov_42.355016,mobileOG_000745157_NODE_3_length_447786_cov_42.355016
153,mobileOG_000596588|NA:Keyword|A0A0P0QH90|phage|NA|GPD|Keyword Search,NODE_3_length_447786_cov_42.355016_211 # 199352 # 200512 # 1 # ID=3_211;partial=00;start_type=ATG;rbs_motif=GGAG/GAGG;rbs_spacer=5-10bp;gc_cont=0.516,100,732,386,1.78e-268,387,1,386,1,386,mobileOG_000596588,NA:Keyword,A0A0P0QH90,phage,NA,GPD,Keyword Search,NODE_3_length_447786_cov_42.355016_211, 199352 # 200512 # 1 , 199352,200512,1 ,3_211,3,211,00,ATG,GGAG/GAGG,5-10bp,0.516,NODE_3_length_447786_cov_42.355016,mobileOG_000596588_NODE_3_length_447786_cov_42.355016
154,mobileOG_000361586|higA|WP_033635213.1|stability/transfer/defense|NA|Plasmid RefSeq|Homology,NODE_3_length_447786_cov_42.355016_254 # 242545 # 242847 # 1 # ID=3_254;partial=00;start_type=ATG;rbs_motif=AGGAG;rbs_spacer=5-10bp;gc_cont=0.568,98.0,189,100,5.25e-63,101,1,100,1,100,mobileOG_000361586,higA,WP_033635213.1,stability/transfer/defense,NA,Plasmid RefSeq,Homology,NODE_3_length_447786_cov_42.355016_254, 242545 # 242847 # 1 , 242545,242847,1 ,3_254,3,254,00,ATG,AGGAG,5-10bp,0.568,NODE_3_length_447786_cov_42.355016,mobileOG_000361586_NODE_3_length_447786_cov_42.355016
155,mobileOG_000275283|tISRso16a|A0A0L6XXT8|integration/excision|NA|Multiple|Homology,NODE_3_length_447786_cov_42.355016_296 # 290382 # 290648 # -1 # ID=3_296;partial=00;start_type=ATG;rbs_motif=GGAG/GAGG;rbs_spacer=5-10bp;gc_cont=0.483,93.2,157,88,7.15e-51,89,1,88,1,88,mobileOG_000275283,tISRso16a,A0A0L6XXT8,integration/excision,NA,Multiple,Homology,NODE_3_length_447786_cov_42.355016_296, 290382 # 290648 # -1 , 290382,290648,-1 ,3_296,3,296,00,ATG,GGAG/GAGG,5-10bp,0.483,NODE_3_length_447786_cov_42.355016,mobileOG_000275283_NODE_3_length_447786_cov_42.355016
156,mobileOG_000061664|tISRso16a|A9MF56|integration/excision|NA|COMPASS|Homology,NODE_3_length_447786_cov_42.355016_296 # 290382 # 290648 # -1 # ID=3_296;partial=00;start_type=ATG;rbs_motif=GGAG/GAGG;rbs_spacer=5-10bp;gc_cont=0.483,92.0,156,88,2.91e-50,89,1,88,1,88,mobileOG_000061664,tISRso16a,A9MF56,integration/excision,NA,COMPASS,Homology,NODE_3_length_447786_cov_42.355016_296, 290382 # 290648 # -1 , 290382,290648,-1 ,3_296,3,296,00,ATG,GGAG/GAGG,5-10bp,0.483,NODE_3_length_447786_cov_42.355016,mobileOG_000061664_NODE_3_length_447786_cov_42.355016
157,mobileOG_000039608|tISRso16a|WP_097377577.1|integration/excision|NA|COMPASS|Homology,NODE_3_length_447786_cov_42.355016_296 # 290382 # 290648 # -1 # ID=3_296;partial=00;start_type=ATG;rbs_motif=GGAG/GAGG;rbs_spacer=5-10bp;gc_cont=0.483,92.0,155,88,5.88e-50,89,1,88,1,88,mobileOG_000039608,tISRso16a,WP_097377577.1,integration/excision,NA,COMPASS,Homology,NODE_3_length_447786_cov_42.355016_296, 290382 # 290648 # -1 , 290382,290648,-1 ,3_296,3,296,00,ATG,GGAG/GAGG,5-10bp,0.483,NODE_3_length_447786_cov_42.355016,mobileOG_000039608_NODE_3_length_447786_cov_42.355016
158,mobileOG_000043004|tISRso16a|WP_088731628.1|integration/excision|NA|COMPASS|Homology,NODE_3_length_447786_cov_42.355016_296 # 290382 # 290648 # -1 # ID=3_296;partial=00;start_type=ATG;rbs_motif=GGAG/GAGG;rbs_spacer=5-10bp;gc_cont=0.483,90.8,151,88,1.97e-48,89,1,87,1,87,mobileOG_000043004,tISRso16a,WP_088731628.1,integration/excision,NA,COMPASS,Homology,NODE_3_length_447786_cov_42.355016_296, 290382 # 290648 # -1 , 290382,290648,-1 ,3_296,3,296,00,ATG,GGAG/GAGG,5-10bp,0.483,NODE_3_length_447786_cov_42.355016,mobileOG_000043004_NODE_3_length_447786_cov_42.355016
159,mobileOG_000275285|NA|A0A2K9QFA5|integration/excision|NA|ISFinder|Homology,NODE_3_length_447786_cov_42.355016_296 # 290382 # 290648 # -1 # ID=3_296;partial=00;start_type=ATG;rbs_motif=GGAG/GAGG;rbs_spacer=5-10bp;gc_cont=0.483,93.1,155,366,1.37e-46,89,1,87,1,87,mobileOG_000275285,NA,A0A2K9QFA5,integration/excision,NA,ISFinder,Homology,NODE_3_length_447786_cov_42.355016_296, 290382 # 290648 # -1 , 290382,290648,-1 ,3_296,3,296,00,ATG,GGAG/GAGG,5-10bp,0.483,NODE_3_length_447786_cov_42.355016,mobileOG_000275285_NODE_3_length_447786_cov_42.355016
160,mobileOG_000310469|NA|WP_097377577.1|integration/excision|NA|Plasmid RefSeq|Homology,NODE_3_length_447786_cov_42.355016_296 # 290382 # 290648 # -1 # ID=3_296;partial=00;start_type=ATG;rbs_motif=GGAG/GAGG;rbs_spacer=5-10bp;gc_cont=0.483,92.0,155,366,1.37e-46,89,1,88,1,88,mobileOG_000310469,NA,WP_097377577.1,integration/excision,NA,Plasmid RefSeq,Homology,NODE_3_length_447786_cov_42.355016_296, 290382 # 290648 # -1 , 290382,290648,-1 ,3_296,3,296,00,ATG,GGAG/GAGG,5-10bp,0.483,NODE_3_length_447786_cov_42.355016,mobileOG_000310469_NODE_3_length_447786_cov_42.355016
161,mobileOG_000288576|NA|WP_108703685.1|integration/excision|NA|Plasmid RefSeq|Homology,NODE_3_length_447786_cov_42.355016_296 # 290382 # 290648 # -1 # ID=3_296;partial=00;start_type=ATG;rbs_motif=GGAG/GAGG;rbs_spacer=5-10bp;gc_cont=0.483,92.0,153,366,1.08e-45,89,1,87,1,87,mobileOG_000288576,NA,WP_108703685.1,integration/excision,NA,Plasmid RefSeq,Homology,NODE_3_length_447786_cov_42.355016_296, 290382 # 290648 # -1 , 290382,290648,-1 ,3_296,3,296,00,ATG,GGAG/GAGG,5-10bp,0.483,NODE_3_length_447786_cov_42.355016,mobileOG_000288576_NODE_3_length_447786_cov_42.355016
162,mobileOG_000354255|NA|A0A5P2RS84|integration/excision|NA|Plasmid RefSeq|Homology,NODE_3_length_447786_cov_42.355016_296 # 290382 # 290648 # -1 # ID=3_296;partial=00;start_type=ATG;rbs_motif=GGAG/GAGG;rbs_spacer=5-10bp;gc_cont=0.483,92.0,153,366,1.08e-45,89,1,87,1,87,mobileOG_000354255,NA,A0A5P2RS84,integration/excision,NA,Plasmid RefSeq,Homology,NODE_3_length_447786_cov_42.355016_296, 290382 # 290648 # -1 , 290382,290648,-1 ,3_296,3,296,00,ATG,GGAG/GAGG,5-10bp,0.483,NODE_3_length_447786_cov_42.355016,mobileOG_000354255_NODE_3_length_447786_cov_42.355016
163,mobileOG_000310498|NA|WP_096813058.1|integration/excision|NA|Plasmid RefSeq|Homology,NODE_3_length_447786_cov_42.355016_296 # 290382 # 290648 # -1 # ID=3_296;partial=00;start_type=ATG;rbs_motif=GGAG/GAGG;rbs_spacer=5-10bp;gc_cont=0.483,90.8,151,346,2.73e-45,89,1,87,1,87,mobileOG_000310498,NA,WP_096813058.1,integration/excision,NA,Plasmid RefSeq,Homology,NODE_3_length_447786_cov_42.355016_296, 290382 # 290648 # -1 , 290382,290648,-1 ,3_296,3,296,00,ATG,GGAG/GAGG,5-10bp,0.483,NODE_3_length_447786_cov_42.355016,mobileOG_000310498_NODE_3_length_447786_cov_42.355016
164,mobileOG_000310432|NA|A0A2K0JJN3|integration/excision|NA|Plasmid RefSeq|Homology,NODE_3_length_447786_cov_42.355016_296 # 290382 # 290648 # -1 # ID=3_296;partial=00;start_type=ATG;rbs_motif=GGAG/GAGG;rbs_spacer=5-10bp;gc_cont=0.483,90.8,151,366,4.24e-45,89,1,87,1,87,mobileOG_000310432,NA,A0A2K0JJN3,integration/excision,NA,Plasmid RefSeq,Homology,NODE_3_length_447786_cov_42.355016_296, 290382 # 290648 # -1 , 290382,290648,-1 ,3_296,3,296,00,ATG,GGAG/GAGG,5-10bp,0.483,NODE_3_length_447786_cov_42.355016,mobileOG_000310432_NODE_3_length_447786_cov_42.355016
165,mobileOG_000318315|NA|WP_088348988.1|integration/excision|NA|Plasmid RefSeq|Homology,NODE_3_length_447786_cov_42.355016_296 # 290382 # 290648 # -1 # ID=3_296;partial=00;start_type=ATG;rbs_motif=GGAG/GAGG;rbs_spacer=5-10bp;gc_cont=0.483,90.8,151,366,4.24e-45,89,1,87,1,87,mobileOG_000318315,NA,WP_088348988.1,integration/excision,NA,Plasmid RefSeq,Homology,NODE_3_length_447786_cov_42.355016_296, 290382 # 290648 # -1 , 290382,290648,-1 ,3_296,3,296,00,ATG,GGAG/GAGG,5-10bp,0.483,NODE_3_length_447786_cov_42.355016,mobileOG_000318315_NODE_3_length_447786_cov_42.355016
166,mobileOG_000368457|NA|WP_164172463.1|integration/excision|NA|Plasmid RefSeq|Homology,NODE_3_length_447786_cov_42.355016_296 # 290382 # 290648 # -1 # ID=3_296;partial=00;start_type=ATG;rbs_motif=GGAG/GAGG;rbs_spacer=5-10bp;gc_cont=0.483,90.8,151,366,4.24e-45,89,1,87,1,87,mobileOG_000368457,NA,WP_164172463.1,integration/excision,NA,Plasmid RefSeq,Homology,NODE_3_length_447786_cov_42.355016_296, 290382 # 290648 # -1 , 290382,290648,-1 ,3_296,3,296,00,ATG,GGAG/GAGG,5-10bp,0.483,NODE_3_length_447786_cov_42.355016,mobileOG_000368457_NODE_3_length_447786_cov_42.355016
167,"mobileOG_000368534|dpiA|WP_021505854.1|replication/recombination/repair|partitioning,regulation|Plasmid RefSeq|Homology",NODE_3_length_447786_cov_42.355016_298 # 294445 # 295131 # -1 # ID=3_298;partial=00;start_type=ATG;rbs_motif=AGxAGG/AGGxGG;rbs_spacer=5-10bp;gc_cont=0.656,100,446,228,2.20e-160,229,1,228,1,228,mobileOG_000368534,dpiA,WP_021505854.1,replication/recombination/repair,"partitioning,regulation",Plasmid RefSeq,Homology,NODE_3_length_447786_cov_42.355016_298, 294445 # 295131 # -1 , 294445,295131,-1 ,3_298,3,298,00,ATG,AGxAGG/AGGxGG,5-10bp,0.656,NODE_3_length_447786_cov_42.355016,mobileOG_000368534_NODE_3_length_447786_cov_42.355016
168,"mobileOG_000330121|dpiA|WP_033654924.1|replication/recombination/repair|partitioning,regulation|Plasmid RefSeq|Homology",NODE_3_length_447786_cov_42.355016_298 # 294445 # 295131 # -1 # ID=3_298;partial=00;start_type=ATG;rbs_motif=AGxAGG/AGGxGG;rbs_spacer=5-10bp;gc_cont=0.656,99.6,443,228,2.57e-159,229,1,228,1,228,mobileOG_000330121,dpiA,WP_033654924.1,replication/recombination/repair,"partitioning,regulation",Plasmid RefSeq,Homology,NODE_3_length_447786_cov_42.355016_298, 294445 # 295131 # -1 , 294445,295131,-1 ,3_298,3,298,00,ATG,AGxAGG/AGGxGG,5-10bp,0.656,NODE_3_length_447786_cov_42.355016,mobileOG_000330121_NODE_3_length_447786_cov_42.355016
169,mobileOG_000368530|alkB|WP_019452474.1|replication/recombination/repair|NA|Plasmid RefSeq|Homology,NODE_3_length_447786_cov_42.355016_311 # 307629 # 308276 # 1 # ID=3_311;partial=00;start_type=ATG;rbs_motif=AGGA;rbs_spacer=5-10bp;gc_cont=0.662,99.1,451,215,8.41e-163,216,1,215,1,215,mobileOG_000368530,alkB,WP_019452474.1,replication/recombination/repair,NA,Plasmid RefSeq,Homology,NODE_3_length_447786_cov_42.355016_311, 307629 # 308276 # 1 , 307629,308276,1 ,3_311,3,311,00,ATG,AGGA,5-10bp,0.662,NODE_3_length_447786_cov_42.355016,mobileOG_000368530_NODE_3_length_447786_cov_42.355016
170,mobileOG_000333875|alkB|WP_033654914.1|replication/recombination/repair|NA|Plasmid RefSeq|Homology,NODE_3_length_447786_cov_42.355016_311 # 307629 # 308276 # 1 # ID=3_311;partial=00;start_type=ATG;rbs_motif=AGGA;rbs_spacer=5-10bp;gc_cont=0.662,98.6,446,215,5.69e-161,216,1,215,1,215,mobileOG_000333875,alkB,WP_033654914.1,replication/recombination/repair,NA,Plasmid RefSeq,Homology,NODE_3_length_447786_cov_42.355016_311, 307629 # 308276 # 1 , 307629,308276,1 ,3_311,3,311,00,ATG,AGGA,5-10bp,0.662,NODE_3_length_447786_cov_42.355016,mobileOG_000333875_NODE_3_length_447786_cov_42.355016
171,mobileOG_000756572|NA:Keyword|WP_033635147.1|phage|regulation|Plasmid RefSeq|Keyword Search,NODE_3_length_447786_cov_42.355016_350 # 347745 # 348545 # -1 # ID=3_350;partial=00;start_type=ATG;rbs_motif=GGA/GAG/AGG;rbs_spacer=5-10bp;gc_cont=0.637,98.1,518,266,1.27e-187,267,1,266,1,266,mobileOG_000756572,NA:Keyword,WP_033635147.1,phage,regulation,Plasmid RefSeq,Keyword Search,NODE_3_length_447786_cov_42.355016_350, 347745 # 348545 # -1 , 347745,348545,-1 ,3_350,3,350,00,ATG,GGA/GAG/AGG,5-10bp,0.637,NODE_3_length_447786_cov_42.355016,mobileOG_000756572_NODE_3_length_447786_cov_42.355016
172,"mobileOG_000300386|bin3_2|WP_024221658.1|integration/excision|replication,inversion|Plasmid RefSeq|Homology",NODE_3_length_447786_cov_42.355016_429 # 420352 # 420801 # 1 # ID=3_429;partial=00;start_type=TTG;rbs_motif=None;rbs_spacer=None;gc_cont=0.511,91.9,271,213,5.65e-93,150,65,213,1,149,mobileOG_000300386,bin3_2,WP_024221658.1,integration/excision,"replication,inversion",Plasmid RefSeq,Homology,NODE_3_length_447786_cov_42.355016_429, 420352 # 420801 # 1 , 420352,420801,1 ,3_429,3,429,00,TTG,None,None,0.511,NODE_3_length_447786_cov_42.355016,mobileOG_000300386_NODE_3_length_447786_cov_42.355016
173,"mobileOG_000048015|bin3_2|WP_024221658.1|integration/excision|replication,inversion|COMPASS|Homology",NODE_3_length_447786_cov_42.355016_429 # 420352 # 420801 # 1 # ID=3_429;partial=00;start_type=TTG;rbs_motif=None;rbs_spacer=None;gc_cont=0.511,91.9,271,220,7.16e-93,150,72,220,1,149,mobileOG_000048015,bin3_2,WP_024221658.1,integration/excision,"replication,inversion",COMPASS,Homology,NODE_3_length_447786_cov_42.355016_429, 420352 # 420801 # 1 , 420352,420801,1 ,3_429,3,429,00,TTG,None,None,0.511,NODE_3_length_447786_cov_42.355016,mobileOG_000048015_NODE_3_length_447786_cov_42.355016
174,"mobileOG_000300308|bin3_2|A0A0A8VCI9|integration/excision|replication,inversion|Plasmid RefSeq|Homology",NODE_3_length_447786_cov_42.355016_429 # 420352 # 420801 # 1 # ID=3_429;partial=00;start_type=TTG;rbs_motif=None;rbs_spacer=None;gc_cont=0.511,93.3,270,213,1.14e-92,150,65,213,1,149,mobileOG_000300308,bin3_2,A0A0A8VCI9,integration/excision,"replication,inversion",Plasmid RefSeq,Homology,NODE_3_length_447786_cov_42.355016_429, 420352 # 420801 # 1 , 420352,420801,1 ,3_429,3,429,00,TTG,None,None,0.511,NODE_3_length_447786_cov_42.355016,mobileOG_000300308_NODE_3_length_447786_cov_42.355016
175,"mobileOG_000045242|bin3_2|WP_000470628.1|integration/excision|replication,inversion|Multiple|Homology",NODE_3_length_447786_cov_42.355016_429 # 420352 # 420801 # 1 # ID=3_429;partial=00;start_type=TTG;rbs_motif=None;rbs_spacer=None;gc_cont=0.511,91.3,269,213,3.26e-92,150,65,213,1,149,mobileOG_000045242,bin3_2,WP_000470628.1,integration/excision,"replication,inversion",Multiple,Homology,NODE_3_length_447786_cov_42.355016_429, 420352 # 420801 # 1 , 420352,420801,1 ,3_429,3,429,00,TTG,None,None,0.511,NODE_3_length_447786_cov_42.355016,mobileOG_000045242_NODE_3_length_447786_cov_42.355016
176,"mobileOG_000300277|bin3_2|WP_001297617.1|integration/excision|replication,inversion|Multiple|Homology",NODE_3_length_447786_cov_42.355016_429 # 420352 # 420801 # 1 # ID=3_429;partial=00;start_type=TTG;rbs_motif=None;rbs_spacer=None;gc_cont=0.511,91.3,269,213,3.26e-92,150,65,213,1,149,mobileOG_000300277,bin3_2,WP_001297617.1,integration/excision,"replication,inversion",Multiple,Homology,NODE_3_length_447786_cov_42.355016_429, 420352 # 420801 # 1 , 420352,420801,1 ,3_429,3,429,00,TTG,None,None,0.511,NODE_3_length_447786_cov_42.355016,mobileOG_000300277_NODE_3_length_447786_cov_42.355016
177,"mobileOG_000300331|bin3_2|WP_015057124.1|integration/excision|replication,inversion|Multiple|Homology",NODE_3_length_447786_cov_42.355016_429 # 420352 # 420801 # 1 # ID=3_429;partial=00;start_type=TTG;rbs_motif=None;rbs_spacer=None;gc_cont=0.511,91.3,269,213,4.63e-92,150,65,213,1,149,mobileOG_000300331,bin3_2,WP_015057124.1,integration/excision,"replication,inversion",Multiple,Homology,NODE_3_length_447786_cov_42.355016_429, 420352 # 420801 # 1 , 420352,420801,1 ,3_429,3,429,00,TTG,None,None,0.511,NODE_3_length_447786_cov_42.355016,mobileOG_000300331_NODE_3_length_447786_cov_42.355016
178,"mobileOG_000300396|bin3_2|A0A2D0W3J7|integration/excision|replication,inversion|Multiple|Homology",NODE_3_length_447786_cov_42.355016_429 # 420352 # 420801 # 1 # ID=3_429;partial=00;start_type=TTG;rbs_motif=None;rbs_spacer=None;gc_cont=0.511,90.6,268,213,9.34e-92,150,65,213,1,149,mobileOG_000300396,bin3_2,A0A2D0W3J7,integration/excision,"replication,inversion",Multiple,Homology,NODE_3_length_447786_cov_42.355016_429, 420352 # 420801 # 1 , 420352,420801,1 ,3_429,3,429,00,TTG,None,None,0.511,NODE_3_length_447786_cov_42.355016,mobileOG_000300396_NODE_3_length_447786_cov_42.355016
179,"mobileOG_000300675|bin3_2|WP_108703728.1|integration/excision|replication,inversion|Multiple|Homology",NODE_3_length_447786_cov_42.355016_429 # 420352 # 420801 # 1 # ID=3_429;partial=00;start_type=TTG;rbs_motif=None;rbs_spacer=None;gc_cont=0.511,91.3,268,213,9.34e-92,150,65,213,1,149,mobileOG_000300675,bin3_2,WP_108703728.1,integration/excision,"replication,inversion",Multiple,Homology,NODE_3_length_447786_cov_42.355016_429, 420352 # 420801 # 1 , 420352,420801,1 ,3_429,3,429,00,TTG,None,None,0.511,NODE_3_length_447786_cov_42.355016,mobileOG_000300675_NODE_3_length_447786_cov_42.355016
180,"mobileOG_000041403|bin3_2|WP_086368626.1|integration/excision|replication,inversion|Multiple|Homology",NODE_3_length_447786_cov_42.355016_429 # 420352 # 420801 # 1 # ID=3_429;partial=00;start_type=TTG;rbs_motif=None;rbs_spacer=None;gc_cont=0.511,90.6,268,213,1.33e-91,150,65,213,1,149,mobileOG_000041403,bin3_2,WP_086368626.1,integration/excision,"replication,inversion",Multiple,Homology,NODE_3_length_447786_cov_42.355016_429, 420352 # 420801 # 1 , 420352,420801,1 ,3_429,3,429,00,TTG,None,None,0.511,NODE_3_length_447786_cov_42.355016,mobileOG_000041403_NODE_3_length_447786_cov_42.355016
181,"mobileOG_000288139|bin3_2|WP_001297617.1|integration/excision|replication,inversion|Plasmid RefSeq|Homology",NODE_3_length_447786_cov_42.355016_429 # 420352 # 420801 # 1 # ID=3_429;partial=00;start_type=TTG;rbs_motif=None;rbs_spacer=None;gc_cont=0.511,90.6,267,213,1.88e-91,150,65,213,1,149,mobileOG_000288139,bin3_2,WP_001297617.1,integration/excision,"replication,inversion",Plasmid RefSeq,Homology,NODE_3_length_447786_cov_42.355016_429, 420352 # 420801 # 1 , 420352,420801,1 ,3_429,3,429,00,TTG,None,None,0.511,NODE_3_length_447786_cov_42.355016,mobileOG_000288139_NODE_3_length_447786_cov_42.355016
182,"mobileOG_000300324|bin3_2|WP_012540139.1|integration/excision|replication,inversion|Multiple|Homology",NODE_3_length_447786_cov_42.355016_429 # 420352 # 420801 # 1 # ID=3_429;partial=00;start_type=TTG;rbs_motif=None;rbs_spacer=None;gc_cont=0.511,91.9,267,213,2.67e-91,150,65,212,1,148,mobileOG_000300324,bin3_2,WP_012540139.1,integration/excision,"replication,inversion",Multiple,Homology,NODE_3_length_447786_cov_42.355016_429, 420352 # 420801 # 1 , 420352,420801,1 ,3_429,3,429,00,TTG,None,None,0.511,NODE_3_length_447786_cov_42.355016,mobileOG_000300324_NODE_3_length_447786_cov_42.355016
183,"mobileOG_000057298|bin3_2|WP_001567361.1|integration/excision|replication,inversion|Multiple|Homology",NODE_3_length_447786_cov_42.355016_429 # 420352 # 420801 # 1 # ID=3_429;partial=00;start_type=TTG;rbs_motif=None;rbs_spacer=None;gc_cont=0.511,91.2,266,213,5.39e-91,150,65,212,1,148,mobileOG_000057298,bin3_2,WP_001567361.1,integration/excision,"replication,inversion",Multiple,Homology,NODE_3_length_447786_cov_42.355016_429, 420352 # 420801 # 1 , 420352,420801,1 ,3_429,3,429,00,TTG,None,None,0.511,NODE_3_length_447786_cov_42.355016,mobileOG_000057298_NODE_3_length_447786_cov_42.355016
184,"mobileOG_000066848|bin3_2|WP_000470626.1|integration/excision|replication,inversion|Multiple|Homology",NODE_3_length_447786_cov_42.355016_429 # 420352 # 420801 # 1 # ID=3_429;partial=00;start_type=TTG;rbs_motif=None;rbs_spacer=None;gc_cont=0.511,90.6,266,213,5.39e-91,150,65,213,1,149,mobileOG_000066848,bin3_2,WP_000470626.1,integration/excision,"replication,inversion",Multiple,Homology,NODE_3_length_447786_cov_42.355016_429, 420352 # 420801 # 1 , 420352,420801,1 ,3_429,3,429,00,TTG,None,None,0.511,NODE_3_length_447786_cov_42.355016,mobileOG_000066848_NODE_3_length_447786_cov_42.355016
185,"mobileOG_000300632|bin3_2|WP_095715668.1|integration/excision|replication,inversion|Plasmid RefSeq|Homology",NODE_3_length_447786_cov_42.355016_429 # 420352 # 420801 # 1 # ID=3_429;partial=00;start_type=TTG;rbs_motif=None;rbs_spacer=None;gc_cont=0.511,90.5,265,216,2.42e-90,150,65,211,1,147,mobileOG_000300632,bin3_2,WP_095715668.1,integration/excision,"replication,inversion",Plasmid RefSeq,Homology,NODE_3_length_447786_cov_42.355016_429, 420352 # 420801 # 1 , 420352,420801,1 ,3_429,3,429,00,TTG,None,None,0.511,NODE_3_length_447786_cov_42.355016,mobileOG_000300632_NODE_3_length_447786_cov_42.355016
186,"mobileOG_000300622|bin3_2|WP_089197840.1|integration/excision|replication,inversion|Multiple|Homology",NODE_3_length_447786_cov_42.355016_429 # 420352 # 420801 # 1 # ID=3_429;partial=00;start_type=TTG;rbs_motif=None;rbs_spacer=None;gc_cont=0.511,91.2,264,213,4.42e-90,150,65,211,1,147,mobileOG_000300622,bin3_2,WP_089197840.1,integration/excision,"replication,inversion",Multiple,Homology,NODE_3_length_447786_cov_42.355016_429, 420352 # 420801 # 1 , 420352,420801,1 ,3_429,3,429,00,TTG,None,None,0.511,NODE_3_length_447786_cov_42.355016,mobileOG_000300622_NODE_3_length_447786_cov_42.355016
187,mobileOG_000371957|impA|WP_033635060.1|replication/recombination/repair|NA|Plasmid RefSeq|Homology,NODE_3_length_447786_cov_42.355016_431 # 421935 # 422363 # 1 # ID=3_431;partial=00;start_type=ATG;rbs_motif=None;rbs_spacer=None;gc_cont=0.597,98.6,281,144,3.09e-98,143,3,144,1,142,mobileOG_000371957,impA,WP_033635060.1,replication/recombination/repair,NA,Plasmid RefSeq,Homology,NODE_3_length_447786_cov_42.355016_431, 421935 # 422363 # 1 , 421935,422363,1 ,3_431,3,431,00,ATG,None,None,0.597,NODE_3_length_447786_cov_42.355016,mobileOG_000371957_NODE_3_length_447786_cov_42.355016
188,mobileOG_000372074|impA|WP_060437779.1|replication/recombination/repair|NA|Plasmid RefSeq|Homology,NODE_3_length_447786_cov_42.355016_431 # 421935 # 422363 # 1 # ID=3_431;partial=00;start_type=ATG;rbs_motif=None;rbs_spacer=None;gc_cont=0.597,96.5,276,144,2.97e-96,143,3,144,1,142,mobileOG_000372074,impA,WP_060437779.1,replication/recombination/repair,NA,Plasmid RefSeq,Homology,NODE_3_length_447786_cov_42.355016_431, 421935 # 422363 # 1 , 421935,422363,1 ,3_431,3,431,00,ATG,None,None,0.597,NODE_3_length_447786_cov_42.355016,mobileOG_000372074_NODE_3_length_447786_cov_42.355016
189,mobileOG_000301452|tnpB|A0A4U3EGQ1|integration/excision|NA|Plasmid RefSeq|Homology,NODE_3_length_447786_cov_42.355016_447 # 439525 # 439872 # 1 # ID=3_447;partial=00;start_type=GTG;rbs_motif=GGAG/GAGG;rbs_spacer=5-10bp;gc_cont=0.609,99.1,245,115,8.38e-85,116,1,115,1,115,mobileOG_000301452,tnpB,A0A4U3EGQ1,integration/excision,NA,Plasmid RefSeq,Homology,NODE_3_length_447786_cov_42.355016_447, 439525 # 439872 # 1 , 439525,439872,1 ,3_447,3,447,00,GTG,GGAG/GAGG,5-10bp,0.609,NODE_3_length_447786_cov_42.355016,mobileOG_000301452_NODE_3_length_447786_cov_42.355016
190,mobileOG_000342466|tnpB|WP_143345776.1|integration/excision|NA|Plasmid RefSeq|Homology,NODE_3_length_447786_cov_42.355016_447 # 439525 # 439872 # 1 # ID=3_447;partial=00;start_type=GTG;rbs_motif=GGAG/GAGG;rbs_spacer=5-10bp;gc_cont=0.609,98.3,244,115,1.69e-84,116,1,115,1,115,mobileOG_000342466,tnpB,WP_143345776.1,integration/excision,NA,Plasmid RefSeq,Homology,NODE_3_length_447786_cov_42.355016_447, 439525 # 439872 # 1 , 439525,439872,1 ,3_447,3,447,00,GTG,GGAG/GAGG,5-10bp,0.609,NODE_3_length_447786_cov_42.355016,mobileOG_000342466_NODE_3_length_447786_cov_42.355016
191,mobileOG_000074500|tnpB|WP_006117592.1|integration/excision|NA|Multiple|Homology,NODE_3_length_447786_cov_42.355016_447 # 439525 # 439872 # 1 # ID=3_447;partial=00;start_type=GTG;rbs_motif=GGAG/GAGG;rbs_spacer=5-10bp;gc_cont=0.609,97.4,244,115,2.40e-84,116,1,115,1,115,mobileOG_000074500,tnpB,WP_006117592.1,integration/excision,NA,Multiple,Homology,NODE_3_length_447786_cov_42.355016_447, 439525 # 439872 # 1 , 439525,439872,1 ,3_447,3,447,00,GTG,GGAG/GAGG,5-10bp,0.609,NODE_3_length_447786_cov_42.355016,mobileOG_000074500_NODE_3_length_447786_cov_42.355016
192,mobileOG_000366961|tnpB|WP_162122948.1|integration/excision|NA|Plasmid RefSeq|Homology,NODE_3_length_447786_cov_42.355016_447 # 439525 # 439872 # 1 # ID=3_447;partial=00;start_type=GTG;rbs_motif=GGAG/GAGG;rbs_spacer=5-10bp;gc_cont=0.609,99.1,244,115,2.40e-84,116,1,115,1,115,mobileOG_000366961,tnpB,WP_162122948.1,integration/excision,NA,Plasmid RefSeq,Homology,NODE_3_length_447786_cov_42.355016_447, 439525 # 439872 # 1 , 439525,439872,1 ,3_447,3,447,00,GTG,GGAG/GAGG,5-10bp,0.609,NODE_3_length_447786_cov_42.355016,mobileOG_000366961_NODE_3_length_447786_cov_42.355016
193,mobileOG_000332103|tnpB|WP_044241407.1|integration/excision|NA|Multiple|Homology,NODE_3_length_447786_cov_42.355016_447 # 439525 # 439872 # 1 # ID=3_447;partial=00;start_type=GTG;rbs_motif=GGAG/GAGG;rbs_spacer=5-10bp;gc_cont=0.609,97.4,243,115,4.86e-84,116,1,115,1,115,mobileOG_000332103,tnpB,WP_044241407.1,integration/excision,NA,Multiple,Homology,NODE_3_length_447786_cov_42.355016_447, 439525 # 439872 # 1 , 439525,439872,1 ,3_447,3,447,00,GTG,GGAG/GAGG,5-10bp,0.609,NODE_3_length_447786_cov_42.355016,mobileOG_000332103_NODE_3_length_447786_cov_42.355016
194,mobileOG_000074511|tnpB|WP_006118527.1|integration/excision|NA|Multiple|Homology,NODE_3_length_447786_cov_42.355016_447 # 439525 # 439872 # 1 # ID=3_447;partial=00;start_type=GTG;rbs_motif=GGAG/GAGG;rbs_spacer=5-10bp;gc_cont=0.609,96.5,243,115,6.90e-84,116,1,115,1,115,mobileOG_000074511,tnpB,WP_006118527.1,integration/excision,NA,Multiple,Homology,NODE_3_length_447786_cov_42.355016_447, 439525 # 439872 # 1 , 439525,439872,1 ,3_447,3,447,00,GTG,GGAG/GAGG,5-10bp,0.609,NODE_3_length_447786_cov_42.355016,mobileOG_000074511_NODE_3_length_447786_cov_42.355016
195,mobileOG_000325171|tnpB|WP_064352139.1|integration/excision|NA|Plasmid RefSeq|Homology,NODE_3_length_447786_cov_42.355016_447 # 439525 # 439872 # 1 # ID=3_447;partial=00;start_type=GTG;rbs_motif=GGAG/GAGG;rbs_spacer=5-10bp;gc_cont=0.609,99.1,243,115,9.80e-84,116,1,115,1,115,mobileOG_000325171,tnpB,WP_064352139.1,integration/excision,NA,Plasmid RefSeq,Homology,NODE_3_length_447786_cov_42.355016_447, 439525 # 439872 # 1 , 439525,439872,1 ,3_447,3,447,00,GTG,GGAG/GAGG,5-10bp,0.609,NODE_3_length_447786_cov_42.355016,mobileOG_000325171_NODE_3_length_447786_cov_42.355016
196,mobileOG_000328733|tnpB|WP_006117600.1|integration/excision|NA|Multiple|Homology,NODE_3_length_447786_cov_42.355016_447 # 439525 # 439872 # 1 # ID=3_447;partial=00;start_type=GTG;rbs_motif=GGAG/GAGG;rbs_spacer=5-10bp;gc_cont=0.609,96.5,242,115,1.98e-83,116,1,115,1,115,mobileOG_000328733,tnpB,WP_006117600.1,integration/excision,NA,Multiple,Homology,NODE_3_length_447786_cov_42.355016_447, 439525 # 439872 # 1 , 439525,439872,1 ,3_447,3,447,00,GTG,GGAG/GAGG,5-10bp,0.609,NODE_3_length_447786_cov_42.355016,mobileOG_000328733_NODE_3_length_447786_cov_42.355016
197,mobileOG_000051286|tnpB|A0A1S6XXV2|integration/excision|NA|Multiple|Homology,NODE_3_length_447786_cov_42.355016_447 # 439525 # 439872 # 1 # ID=3_447;partial=00;start_type=GTG;rbs_motif=GGAG/GAGG;rbs_spacer=5-10bp;gc_cont=0.609,97.4,241,115,2.81e-83,116,1,115,1,115,mobileOG_000051286,tnpB,A0A1S6XXV2,integration/excision,NA,Multiple,Homology,NODE_3_length_447786_cov_42.355016_447, 439525 # 439872 # 1 , 439525,439872,1 ,3_447,3,447,00,GTG,GGAG/GAGG,5-10bp,0.609,NODE_3_length_447786_cov_42.355016,mobileOG_000051286_NODE_3_length_447786_cov_42.355016
198,mobileOG_000330170|tnpB|WP_089197745.1|integration/excision|NA|Multiple|Homology,NODE_3_length_447786_cov_42.355016_447 # 439525 # 439872 # 1 # ID=3_447;partial=00;start_type=GTG;rbs_motif=GGAG/GAGG;rbs_spacer=5-10bp;gc_cont=0.609,98.3,241,115,2.81e-83,116,1,115,1,115,mobileOG_000330170,tnpB,WP_089197745.1,integration/excision,NA,Multiple,Homology,NODE_3_length_447786_cov_42.355016_447, 439525 # 439872 # 1 , 439525,439872,1 ,3_447,3,447,00,GTG,GGAG/GAGG,5-10bp,0.609,NODE_3_length_447786_cov_42.355016,mobileOG_000330170_NODE_3_length_447786_cov_42.355016
199,mobileOG_000331641|tnpB|WP_006122358.1|integration/excision|NA|Multiple|Homology,NODE_3_length_447786_cov_42.355016_447 # 439525 # 439872 # 1 # ID=3_447;partial=00;start_type=GTG;rbs_motif=GGAG/GAGG;rbs_spacer=5-10bp;gc_cont=0.609,96.5,241,115,4.00e-83,116,1,115,1,115,mobileOG_000331641,tnpB,WP_006122358.1,integration/excision,NA,Multiple,Homology,NODE_3_length_447786_cov_42.355016_447, 439525 # 439872 # 1 , 439525,439872,1 ,3_447,3,447,00,GTG,GGAG/GAGG,5-10bp,0.609,NODE_3_length_447786_cov_42.355016,mobileOG_000331641_NODE_3_length_447786_cov_42.355016
200,mobileOG_000292101|tnpB|A0A0A3ZJV8|integration/excision|NA|Plasmid RefSeq|Homology,NODE_3_length_447786_cov_42.355016_447 # 439525 # 439872 # 1 # ID=3_447;partial=00;start_type=GTG;rbs_motif=GGAG/GAGG;rbs_spacer=5-10bp;gc_cont=0.609,95.7,238,115,6.64e-82,116,1,115,1,115,mobileOG_000292101,tnpB,A0A0A3ZJV8,integration/excision,NA,Plasmid RefSeq,Homology,NODE_3_length_447786_cov_42.355016_447, 439525 # 439872 # 1 , 439525,439872,1 ,3_447,3,447,00,GTG,GGAG/GAGG,5-10bp,0.609,NODE_3_length_447786_cov_42.355016,mobileOG_000292101_NODE_3_length_447786_cov_42.355016
201,mobileOG_000059065|tnpB|WP_013511945.1|integration/excision|NA|Multiple|Homology,NODE_3_length_447786_cov_42.355016_447 # 439525 # 439872 # 1 # ID=3_447;partial=00;start_type=GTG;rbs_motif=GGAG/GAGG;rbs_spacer=5-10bp;gc_cont=0.609,94.8,236,115,3.85e-81,116,1,115,1,115,mobileOG_000059065,tnpB,WP_013511945.1,integration/excision,NA,Multiple,Homology,NODE_3_length_447786_cov_42.355016_447, 439525 # 439872 # 1 , 439525,439872,1 ,3_447,3,447,00,GTG,GGAG/GAGG,5-10bp,0.609,NODE_3_length_447786_cov_42.355016,mobileOG_000059065_NODE_3_length_447786_cov_42.355016
202,mobileOG_000036924|tnpB|WP_000624622.1|integration/excision|NA|Multiple|Homology,NODE_3_length_447786_cov_42.355016_447 # 439525 # 439872 # 1 # ID=3_447;partial=00;start_type=GTG;rbs_motif=GGAG/GAGG;rbs_spacer=5-10bp;gc_cont=0.609,93.0,232,115,1.29e-79,116,1,115,1,115,mobileOG_000036924,tnpB,WP_000624622.1,integration/excision,NA,Multiple,Homology,NODE_3_length_447786_cov_42.355016_447, 439525 # 439872 # 1 , 439525,439872,1 ,3_447,3,447,00,GTG,GGAG/GAGG,5-10bp,0.609,NODE_3_length_447786_cov_42.355016,mobileOG_000036924_NODE_3_length_447786_cov_42.355016
203,mobileOG_000334465|tnpB|WP_001406649.1|integration/excision|NA|Plasmid RefSeq|Homology,NODE_3_length_447786_cov_42.355016_447 # 439525 # 439872 # 1 # ID=3_447;partial=00;start_type=GTG;rbs_motif=GGAG/GAGG;rbs_spacer=5-10bp;gc_cont=0.609,93.0,232,115,1.29e-79,116,1,115,1,115,mobileOG_000334465,tnpB,WP_001406649.1,integration/excision,NA,Plasmid RefSeq,Homology,NODE_3_length_447786_cov_42.355016_447, 439525 # 439872 # 1 , 439525,439872,1 ,3_447,3,447,00,GTG,GGAG/GAGG,5-10bp,0.609,NODE_3_length_447786_cov_42.355016,mobileOG_000334465_NODE_3_length_447786_cov_42.355016
204,mobileOG_000366938|tnpC|WP_162122862.1|integration/excision|NA|Plasmid RefSeq|Homology,NODE_3_length_447786_cov_42.355016_448 # 439892 # 441463 # 1 # ID=3_448;partial=00;start_type=ATG;rbs_motif=None;rbs_spacer=None;gc_cont=0.622,95.4,992,523,0.0,524,1,523,1,523,mobileOG_000366938,tnpC,WP_162122862.1,integration/excision,NA,Plasmid RefSeq,Homology,NODE_3_length_447786_cov_42.355016_448, 439892 # 441463 # 1 , 439892,441463,1 ,3_448,3,448,00,ATG,None,None,0.622,NODE_3_length_447786_cov_42.355016,mobileOG_000366938_NODE_3_length_447786_cov_42.355016
205,mobileOG_000366954|tnpC|WP_162122919.1|integration/excision|NA|Plasmid RefSeq|Homology,NODE_3_length_447786_cov_42.355016_448 # 439892 # 441463 # 1 # ID=3_448;partial=00;start_type=ATG;rbs_motif=None;rbs_spacer=None;gc_cont=0.622,95.2,990,523,0.0,524,1,523,1,523,mobileOG_000366954,tnpC,WP_162122919.1,integration/excision,NA,Plasmid RefSeq,Homology,NODE_3_length_447786_cov_42.355016_448, 439892 # 441463 # 1 , 439892,441463,1 ,3_448,3,448,00,ATG,None,None,0.622,NODE_3_length_447786_cov_42.355016,mobileOG_000366954_NODE_3_length_447786_cov_42.355016
206,mobileOG_000332060|tnpC|WP_006119898.1|integration/excision|NA|Multiple|Homology,NODE_3_length_447786_cov_42.355016_448 # 439892 # 441463 # 1 # ID=3_448;partial=00;start_type=ATG;rbs_motif=None;rbs_spacer=None;gc_cont=0.622,94.3,986,523,0.0,524,1,523,1,523,mobileOG_000332060,tnpC,WP_006119898.1,integration/excision,NA,Multiple,Homology,NODE_3_length_447786_cov_42.355016_448, 439892 # 441463 # 1 , 439892,441463,1 ,3_448,3,448,00,ATG,None,None,0.622,NODE_3_length_447786_cov_42.355016,mobileOG_000332060_NODE_3_length_447786_cov_42.355016
207,mobileOG_000283661|tnpC|A0A1S6XXV8|integration/excision|NA|Multiple|Homology,NODE_3_length_447786_cov_42.355016_448 # 439892 # 441463 # 1 # ID=3_448;partial=00;start_type=ATG;rbs_motif=None;rbs_spacer=None;gc_cont=0.622,94.5,986,523,0.0,524,1,523,1,523,mobileOG_000283661,tnpC,A0A1S6XXV8,integration/excision,NA,Multiple,Homology,NODE_3_length_447786_cov_42.355016_448, 439892 # 441463 # 1 , 439892,441463,1 ,3_448,3,448,00,ATG,None,None,0.622,NODE_3_length_447786_cov_42.355016,mobileOG_000283661_NODE_3_length_447786_cov_42.355016
208,mobileOG_000332061|tnpC|WP_006120105.1|integration/excision|NA|Multiple|Homology,NODE_3_length_447786_cov_42.355016_448 # 439892 # 441463 # 1 # ID=3_448;partial=00;start_type=ATG;rbs_motif=None;rbs_spacer=None;gc_cont=0.622,94.1,983,523,0.0,524,1,523,1,523,mobileOG_000332061,tnpC,WP_006120105.1,integration/excision,NA,Multiple,Homology,NODE_3_length_447786_cov_42.355016_448, 439892 # 441463 # 1 , 439892,441463,1 ,3_448,3,448,00,ATG,None,None,0.622,NODE_3_length_447786_cov_42.355016,mobileOG_000332061_NODE_3_length_447786_cov_42.355016
209,mobileOG_000336191|tnpC|WP_006118561.1|integration/excision|NA|Multiple|Homology,NODE_3_length_447786_cov_42.355016_448 # 439892 # 441463 # 1 # ID=3_448;partial=00;start_type=ATG;rbs_motif=None;rbs_spacer=None;gc_cont=0.622,93.9,983,523,0.0,524,1,523,1,523,mobileOG_000336191,tnpC,WP_006118561.1,integration/excision,NA,Multiple,Homology,NODE_3_length_447786_cov_42.355016_448, 439892 # 441463 # 1 , 439892,441463,1 ,3_448,3,448,00,ATG,None,None,0.622,NODE_3_length_447786_cov_42.355016,mobileOG_000336191_NODE_3_length_447786_cov_42.355016
210,mobileOG_000342465|tnpC|WP_143345775.1|integration/excision|NA|Plasmid RefSeq|Homology,NODE_3_length_447786_cov_42.355016_448 # 439892 # 441463 # 1 # ID=3_448;partial=00;start_type=ATG;rbs_motif=None;rbs_spacer=None;gc_cont=0.622,94.3,982,523,0.0,524,1,523,1,523,mobileOG_000342465,tnpC,WP_143345775.1,integration/excision,NA,Plasmid RefSeq,Homology,NODE_3_length_447786_cov_42.355016_448, 439892 # 441463 # 1 , 439892,441463,1 ,3_448,3,448,00,ATG,None,None,0.622,NODE_3_length_447786_cov_42.355016,mobileOG_000342465_NODE_3_length_447786_cov_42.355016
211,mobileOG_000326974|tnpC|WP_006122257.1|integration/excision|NA|Multiple|Homology,NODE_3_length_447786_cov_42.355016_448 # 439892 # 441463 # 1 # ID=3_448;partial=00;start_type=ATG;rbs_motif=None;rbs_spacer=None;gc_cont=0.622,94.5,981,523,0.0,524,1,523,1,523,mobileOG_000326974,tnpC,WP_006122257.1,integration/excision,NA,Multiple,Homology,NODE_3_length_447786_cov_42.355016_448, 439892 # 441463 # 1 , 439892,441463,1 ,3_448,3,448,00,ATG,None,None,0.622,NODE_3_length_447786_cov_42.355016,mobileOG_000326974_NODE_3_length_447786_cov_42.355016
212,mobileOG_000329614|tnpC|WP_006120894.1|integration/excision|NA|Multiple|Homology,NODE_3_length_447786_cov_42.355016_448 # 439892 # 441463 # 1 # ID=3_448;partial=00;start_type=ATG;rbs_motif=None;rbs_spacer=None;gc_cont=0.622,93.7,979,523,0.0,524,1,523,1,523,mobileOG_000329614,tnpC,WP_006120894.1,integration/excision,NA,Multiple,Homology,NODE_3_length_447786_cov_42.355016_448, 439892 # 441463 # 1 , 439892,441463,1 ,3_448,3,448,00,ATG,None,None,0.622,NODE_3_length_447786_cov_42.355016,mobileOG_000329614_NODE_3_length_447786_cov_42.355016
213,mobileOG_000074539|tnpC|WP_006120745.1|integration/excision|NA|Multiple|Homology,NODE_3_length_447786_cov_42.355016_448 # 439892 # 441463 # 1 # ID=3_448;partial=00;start_type=ATG;rbs_motif=None;rbs_spacer=None;gc_cont=0.622,93.5,976,523,0.0,524,1,523,1,523,mobileOG_000074539,tnpC,WP_006120745.1,integration/excision,NA,Multiple,Homology,NODE_3_length_447786_cov_42.355016_448, 439892 # 441463 # 1 , 439892,441463,1 ,3_448,3,448,00,ATG,None,None,0.622,NODE_3_length_447786_cov_42.355016,mobileOG_000074539_NODE_3_length_447786_cov_42.355016
214,mobileOG_000074536|tnpC|WP_006117714.1|integration/excision|NA|Multiple|Homology,NODE_3_length_447786_cov_42.355016_448 # 439892 # 441463 # 1 # ID=3_448;partial=00;start_type=ATG;rbs_motif=None;rbs_spacer=None;gc_cont=0.622,93.5,976,523,0.0,524,1,523,1,523,mobileOG_000074536,tnpC,WP_006117714.1,integration/excision,NA,Multiple,Homology,NODE_3_length_447786_cov_42.355016_448, 439892 # 441463 # 1 , 439892,441463,1 ,3_448,3,448,00,ATG,None,None,0.622,NODE_3_length_447786_cov_42.355016,mobileOG_000074536_NODE_3_length_447786_cov_42.355016
215,mobileOG_000332844|tnpC|WP_064352140.1|integration/excision|NA|Plasmid RefSeq|Homology,NODE_3_length_447786_cov_42.355016_448 # 439892 # 441463 # 1 # ID=3_448;partial=00;start_type=ATG;rbs_motif=None;rbs_spacer=None;gc_cont=0.622,93.1,975,523,0.0,524,1,523,1,523,mobileOG_000332844,tnpC,WP_064352140.1,integration/excision,NA,Plasmid RefSeq,Homology,NODE_3_length_447786_cov_42.355016_448, 439892 # 441463 # 1 , 439892,441463,1 ,3_448,3,448,00,ATG,None,None,0.622,NODE_3_length_447786_cov_42.355016,mobileOG_000332844_NODE_3_length_447786_cov_42.355016
216,mobileOG_000074518|tnpC|WP_006117591.1|integration/excision|NA|Multiple|Homology,NODE_3_length_447786_cov_42.355016_448 # 439892 # 441463 # 1 # ID=3_448;partial=00;start_type=ATG;rbs_motif=None;rbs_spacer=None;gc_cont=0.622,93.3,974,523,0.0,524,1,523,1,523,mobileOG_000074518,tnpC,WP_006117591.1,integration/excision,NA,Multiple,Homology,NODE_3_length_447786_cov_42.355016_448, 439892 # 441463 # 1 , 439892,441463,1 ,3_448,3,448,00,ATG,None,None,0.622,NODE_3_length_447786_cov_42.355016,mobileOG_000074518_NODE_3_length_447786_cov_42.355016
217,mobileOG_000292102|tnpC|H3RAA3|integration/excision|NA|Plasmid RefSeq|Homology,NODE_3_length_447786_cov_42.355016_448 # 439892 # 441463 # 1 # ID=3_448;partial=00;start_type=ATG;rbs_motif=None;rbs_spacer=None;gc_cont=0.622,93.3,973,523,0.0,524,1,523,1,523,mobileOG_000292102,tnpC,H3RAA3,integration/excision,NA,Plasmid RefSeq,Homology,NODE_3_length_447786_cov_42.355016_448, 439892 # 441463 # 1 , 439892,441463,1 ,3_448,3,448,00,ATG,None,None,0.622,NODE_3_length_447786_cov_42.355016,mobileOG_000292102_NODE_3_length_447786_cov_42.355016
218,mobileOG_000074499|tnpC|WP_006119686.1|integration/excision|NA|Multiple|Homology,NODE_3_length_447786_cov_42.355016_448 # 439892 # 441463 # 1 # ID=3_448;partial=00;start_type=ATG;rbs_motif=None;rbs_spacer=None;gc_cont=0.622,93.3,972,523,0.0,524,1,523,1,523,mobileOG_000074499,tnpC,WP_006119686.1,integration/excision,NA,Multiple,Homology,NODE_3_length_447786_cov_42.355016_448, 439892 # 441463 # 1 , 439892,441463,1 ,3_448,3,448,00,ATG,None,None,0.622,NODE_3_length_447786_cov_42.355016,mobileOG_000074499_NODE_3_length_447786_cov_42.355016
219,mobileOG_000050654|tnp1|WP_000537152.1|integration/excision|NA|Multiple|Homology,NODE_3_length_447786_cov_42.355016_450 # 443353 # 443637 # 1 # ID=3_450;partial=00;start_type=ATG;rbs_motif=AGxAGG/AGGxGG;rbs_spacer=5-10bp;gc_cont=0.533,100,181,94,3.82e-60,95,1,94,1,94,mobileOG_000050654,tnp1,WP_000537152.1,integration/excision,NA,Multiple,Homology,NODE_3_length_447786_cov_42.355016_450, 443353 # 443637 # 1 , 443353,443637,1 ,3_450,3,450,00,ATG,AGxAGG/AGGxGG,5-10bp,0.533,NODE_3_length_447786_cov_42.355016,mobileOG_000050654_NODE_3_length_447786_cov_42.355016
220,mobileOG_000375648|tnp1|WP_063135767.1|integration/excision|NA|Multiple|Homology,NODE_3_length_447786_cov_42.355016_450 # 443353 # 443637 # 1 # ID=3_450;partial=00;start_type=ATG;rbs_motif=AGxAGG/AGGxGG;rbs_spacer=5-10bp;gc_cont=0.533,98.9,180,94,1.10e-59,95,1,94,1,94,mobileOG_000375648,tnp1,WP_063135767.1,integration/excision,NA,Multiple,Homology,NODE_3_length_447786_cov_42.355016_450, 443353 # 443637 # 1 , 443353,443637,1 ,3_450,3,450,00,ATG,AGxAGG/AGGxGG,5-10bp,0.533,NODE_3_length_447786_cov_42.355016,mobileOG_000375648_NODE_3_length_447786_cov_42.355016
221,mobileOG_000049230|tnp1|WP_000537152.1|integration/excision|NA|COMPASS|Homology,NODE_3_length_447786_cov_42.355016_450 # 443353 # 443637 # 1 # ID=3_450;partial=00;start_type=ATG;rbs_motif=AGxAGG/AGGxGG;rbs_spacer=5-10bp;gc_cont=0.533,98.9,180,94,1.56e-59,95,1,94,1,94,mobileOG_000049230,tnp1,WP_000537152.1,integration/excision,NA,COMPASS,Homology,NODE_3_length_447786_cov_42.355016_450, 443353 # 443637 # 1 , 443353,443637,1 ,3_450,3,450,00,ATG,AGxAGG/AGGxGG,5-10bp,0.533,NODE_3_length_447786_cov_42.355016,mobileOG_000049230_NODE_3_length_447786_cov_42.355016
222,mobileOG_000352787|tnp1|WP_064786215.1|integration/excision|NA|Plasmid RefSeq|Homology,NODE_3_length_447786_cov_42.355016_450 # 443353 # 443637 # 1 # ID=3_450;partial=00;start_type=ATG;rbs_motif=AGxAGG/AGGxGG;rbs_spacer=5-10bp;gc_cont=0.533,98.9,179,94,2.21e-59,95,1,94,1,94,mobileOG_000352787,tnp1,WP_064786215.1,integration/excision,NA,Plasmid RefSeq,Homology,NODE_3_length_447786_cov_42.355016_450, 443353 # 443637 # 1 , 443353,443637,1 ,3_450,3,450,00,ATG,AGxAGG/AGGxGG,5-10bp,0.533,NODE_3_length_447786_cov_42.355016,mobileOG_000352787_NODE_3_length_447786_cov_42.355016
223,mobileOG_000046972|tnp1|A0A508U9M3|integration/excision|NA|COMPASS|Homology,NODE_3_length_447786_cov_42.355016_450 # 443353 # 443637 # 1 # ID=3_450;partial=00;start_type=ATG;rbs_motif=AGxAGG/AGGxGG;rbs_spacer=5-10bp;gc_cont=0.533,98.9,179,94,3.14e-59,95,1,94,1,94,mobileOG_000046972,tnp1,A0A508U9M3,integration/excision,NA,COMPASS,Homology,NODE_3_length_447786_cov_42.355016_450, 443353 # 443637 # 1 , 443353,443637,1 ,3_450,3,450,00,ATG,AGxAGG/AGGxGG,5-10bp,0.533,NODE_3_length_447786_cov_42.355016,mobileOG_000046972_NODE_3_length_447786_cov_42.355016
224,mobileOG_000275230|tnp1|A0A0P8H5X1|integration/excision|NA|ISFinder|Homology,NODE_3_length_447786_cov_42.355016_450 # 443353 # 443637 # 1 # ID=3_450;partial=00;start_type=ATG;rbs_motif=AGxAGG/AGGxGG;rbs_spacer=5-10bp;gc_cont=0.533,98.9,179,94,3.14e-59,95,1,94,1,94,mobileOG_000275230,tnp1,A0A0P8H5X1,integration/excision,NA,ISFinder,Homology,NODE_3_length_447786_cov_42.355016_450, 443353 # 443637 # 1 , 443353,443637,1 ,3_450,3,450,00,ATG,AGxAGG/AGGxGG,5-10bp,0.533,NODE_3_length_447786_cov_42.355016,mobileOG_000275230_NODE_3_length_447786_cov_42.355016
225,mobileOG_000302416|tnp1|WP_000537152.1|integration/excision|NA|Plasmid RefSeq|Homology,NODE_3_length_447786_cov_42.355016_450 # 443353 # 443637 # 1 # ID=3_450;partial=00;start_type=ATG;rbs_motif=AGxAGG/AGGxGG;rbs_spacer=5-10bp;gc_cont=0.533,98.9,179,94,3.14e-59,95,1,94,1,94,mobileOG_000302416,tnp1,WP_000537152.1,integration/excision,NA,Plasmid RefSeq,Homology,NODE_3_length_447786_cov_42.355016_450, 443353 # 443637 # 1 , 443353,443637,1 ,3_450,3,450,00,ATG,AGxAGG/AGGxGG,5-10bp,0.533,NODE_3_length_447786_cov_42.355016,mobileOG_000302416_NODE_3_length_447786_cov_42.355016
226,mobileOG_000074426|tnp1|WP_095907061.1|integration/excision|NA|Multiple|Homology,NODE_3_length_447786_cov_42.355016_450 # 443353 # 443637 # 1 # ID=3_450;partial=00;start_type=ATG;rbs_motif=AGxAGG/AGGxGG;rbs_spacer=5-10bp;gc_cont=0.533,98.9,179,94,4.47e-59,95,1,94,1,94,mobileOG_000074426,tnp1,WP_095907061.1,integration/excision,NA,Multiple,Homology,NODE_3_length_447786_cov_42.355016_450, 443353 # 443637 # 1 , 443353,443637,1 ,3_450,3,450,00,ATG,AGxAGG/AGGxGG,5-10bp,0.533,NODE_3_length_447786_cov_42.355016,mobileOG_000074426_NODE_3_length_447786_cov_42.355016
227,mobileOG_000243338|tnp1|A0A0K4KQA2|integration/excision|NA|GPD|Homology,NODE_3_length_447786_cov_42.355016_450 # 443353 # 443637 # 1 # ID=3_450;partial=00;start_type=ATG;rbs_motif=AGxAGG/AGGxGG;rbs_spacer=5-10bp;gc_cont=0.533,97.9,178,94,6.35e-59,95,1,94,1,94,mobileOG_000243338,tnp1,A0A0K4KQA2,integration/excision,NA,GPD,Homology,NODE_3_length_447786_cov_42.355016_450, 443353 # 443637 # 1 , 443353,443637,1 ,3_450,3,450,00,ATG,AGxAGG/AGGxGG,5-10bp,0.533,NODE_3_length_447786_cov_42.355016,mobileOG_000243338_NODE_3_length_447786_cov_42.355016
228,mobileOG_000071106|tnp1|WP_000537154.1|integration/excision|NA|Multiple|Homology,NODE_3_length_447786_cov_42.355016_450 # 443353 # 443637 # 1 # ID=3_450;partial=00;start_type=ATG;rbs_motif=AGxAGG/AGGxGG;rbs_spacer=5-10bp;gc_cont=0.533,97.9,177,94,1.28e-58,95,1,94,1,94,mobileOG_000071106,tnp1,WP_000537154.1,integration/excision,NA,Multiple,Homology,NODE_3_length_447786_cov_42.355016_450, 443353 # 443637 # 1 , 443353,443637,1 ,3_450,3,450,00,ATG,AGxAGG/AGGxGG,5-10bp,0.533,NODE_3_length_447786_cov_42.355016,mobileOG_000071106_NODE_3_length_447786_cov_42.355016
229,mobileOG_000043663|tnp1|WP_000537152.1|integration/excision|NA|COMPASS|Homology,NODE_3_length_447786_cov_42.355016_450 # 443353 # 443637 # 1 # ID=3_450;partial=00;start_type=ATG;rbs_motif=AGxAGG/AGGxGG;rbs_spacer=5-10bp;gc_cont=0.533,95.7,177,94,1.82e-58,95,1,94,1,94,mobileOG_000043663,tnp1,WP_000537152.1,integration/excision,NA,COMPASS,Homology,NODE_3_length_447786_cov_42.355016_450, 443353 # 443637 # 1 , 443353,443637,1 ,3_450,3,450,00,ATG,AGxAGG/AGGxGG,5-10bp,0.533,NODE_3_length_447786_cov_42.355016,mobileOG_000043663_NODE_3_length_447786_cov_42.355016
230,mobileOG_000290785|tnp1|WP_000537152.1|integration/excision|NA|Plasmid RefSeq|Homology,NODE_3_length_447786_cov_42.355016_450 # 443353 # 443637 # 1 # ID=3_450;partial=00;start_type=ATG;rbs_motif=AGxAGG/AGGxGG;rbs_spacer=5-10bp;gc_cont=0.533,97.9,177,94,1.82e-58,95,1,94,1,94,mobileOG_000290785,tnp1,WP_000537152.1,integration/excision,NA,Plasmid RefSeq,Homology,NODE_3_length_447786_cov_42.355016_450, 443353 # 443637 # 1 , 443353,443637,1 ,3_450,3,450,00,ATG,AGxAGG/AGGxGG,5-10bp,0.533,NODE_3_length_447786_cov_42.355016,mobileOG_000290785_NODE_3_length_447786_cov_42.355016
231,mobileOG_000053062|tnp1|A0A3Z3TPC5|integration/excision|NA|COMPASS|Homology,NODE_3_length_447786_cov_42.355016_450 # 443353 # 443637 # 1 # ID=3_450;partial=00;start_type=ATG;rbs_motif=AGxAGG/AGGxGG;rbs_spacer=5-10bp;gc_cont=0.533,95.7,173,94,6.11e-57,95,1,94,1,94,mobileOG_000053062,tnp1,A0A3Z3TPC5,integration/excision,NA,COMPASS,Homology,NODE_3_length_447786_cov_42.355016_450, 443353 # 443637 # 1 , 443353,443637,1 ,3_450,3,450,00,ATG,AGxAGG/AGGxGG,5-10bp,0.533,NODE_3_length_447786_cov_42.355016,mobileOG_000053062_NODE_3_length_447786_cov_42.355016
232,mobileOG_000048936|tnp1|A0A486AHD7|integration/excision|NA|COMPASS|Homology,NODE_3_length_447786_cov_42.355016_450 # 443353 # 443637 # 1 # ID=3_450;partial=00;start_type=ATG;rbs_motif=AGxAGG/AGGxGG;rbs_spacer=5-10bp;gc_cont=0.533,92.6,165,94,9.77e-54,95,1,94,1,94,mobileOG_000048936,tnp1,A0A486AHD7,integration/excision,NA,COMPASS,Homology,NODE_3_length_447786_cov_42.355016_450, 443353 # 443637 # 1 , 443353,443637,1 ,3_450,3,450,00,ATG,AGxAGG/AGGxGG,5-10bp,0.533,NODE_3_length_447786_cov_42.355016,mobileOG_000048936_NODE_3_length_447786_cov_42.355016
233,mobileOG_000066356|tnp1|A0A2U4EEJ9|integration/excision|NA|COMPASS|Homology,NODE_3_length_447786_cov_42.355016_450 # 443353 # 443637 # 1 # ID=3_450;partial=00;start_type=ATG;rbs_motif=AGxAGG/AGGxGG;rbs_spacer=5-10bp;gc_cont=0.533,92.5,164,94,3.98e-53,95,1,93,1,93,mobileOG_000066356,tnp1,A0A2U4EEJ9,integration/excision,NA,COMPASS,Homology,NODE_3_length_447786_cov_42.355016_450, 443353 # 443637 # 1 , 443353,443637,1 ,3_450,3,450,00,ATG,AGxAGG/AGGxGG,5-10bp,0.533,NODE_3_length_447786_cov_42.355016,mobileOG_000066356_NODE_3_length_447786_cov_42.355016
234,mobileOG_000308581|oppA|WP_060446003.1|transfer|competence|Plasmid RefSeq|Homology,NODE_4_length_441202_cov_36.686409_215 # 227601 # 229220 # -1 # ID=4_215;partial=00;start_type=GTG;rbs_motif=GGA/GAG/AGG;rbs_spacer=5-10bp;gc_cont=0.605,95.5,1040,539,0.0,540,1,539,1,539,mobileOG_000308581,oppA,WP_060446003.1,transfer,competence,Plasmid RefSeq,Homology,NODE_4_length_441202_cov_36.686409_215, 227601 # 229220 # -1 , 227601,229220,-1 ,4_215,4,215,00,GTG,GGA/GAG/AGG,5-10bp,0.605,NODE_4_length_441202_cov_36.686409,mobileOG_000308581_NODE_4_length_441202_cov_36.686409
235,mobileOG_000282574|oppA|WP_033653107.1|transfer|competence|Plasmid RefSeq|Homology,NODE_4_length_441202_cov_36.686409_215 # 227601 # 229220 # -1 # ID=4_215;partial=00;start_type=GTG;rbs_motif=GGA/GAG/AGG;rbs_spacer=5-10bp;gc_cont=0.605,95.0,1036,553,0.0,540,15,553,1,539,mobileOG_000282574,oppA,WP_033653107.1,transfer,competence,Plasmid RefSeq,Homology,NODE_4_length_441202_cov_36.686409_215, 227601 # 229220 # -1 , 227601,229220,-1 ,4_215,4,215,00,GTG,GGA/GAG/AGG,5-10bp,0.605,NODE_4_length_441202_cov_36.686409,mobileOG_000282574_NODE_4_length_441202_cov_36.686409
236,mobileOG_000159189|umuD_5|A0A5C6QZY0|replication/recombination/repair|NA|GPD|Homology,NODE_4_length_441202_cov_36.686409_297 # 314231 # 314626 # -1 # ID=4_297;partial=00;start_type=ATG;rbs_motif=GGAG/GAGG;rbs_spacer=5-10bp;gc_cont=0.548,98.4,254,132,1.26e-87,132,4,132,3,131,mobileOG_000159189,umuD_5,A0A5C6QZY0,replication/recombination/repair,NA,GPD,Homology,NODE_4_length_441202_cov_36.686409_297, 314231 # 314626 # -1 , 314231,314626,-1 ,4_297,4,297,00,ATG,GGAG/GAGG,5-10bp,0.548,NODE_4_length_441202_cov_36.686409,mobileOG_000159189_NODE_4_length_441202_cov_36.686409
237,mobileOG_000303999|oppA|A0A221DQU9|transfer|competence|Plasmid RefSeq|Homology,NODE_4_length_441202_cov_36.686409_364 # 364125 # 365744 # -1 # ID=4_364;partial=00;start_type=ATG;rbs_motif=GGA/GAG/AGG;rbs_spacer=5-10bp;gc_cont=0.581,99.6,1080,544,0.0,540,6,544,1,539,mobileOG_000303999,oppA,A0A221DQU9,transfer,competence,Plasmid RefSeq,Homology,NODE_4_length_441202_cov_36.686409_364, 364125 # 365744 # -1 , 364125,365744,-1 ,4_364,4,364,00,ATG,GGA/GAG/AGG,5-10bp,0.581,NODE_4_length_441202_cov_36.686409,mobileOG_000303999_NODE_4_length_441202_cov_36.686409
238,mobileOG_000313844|oppA|A0A221DQU9|transfer|competence|Plasmid RefSeq|Homology,NODE_4_length_441202_cov_36.686409_364 # 364125 # 365744 # -1 # ID=4_364;partial=00;start_type=ATG;rbs_motif=GGA/GAG/AGG;rbs_spacer=5-10bp;gc_cont=0.581,99.4,1078,544,0.0,540,6,544,1,539,mobileOG_000313844,oppA,A0A221DQU9,transfer,competence,Plasmid RefSeq,Homology,NODE_4_length_441202_cov_36.686409_364, 364125 # 365744 # -1 , 364125,365744,-1 ,4_364,4,364,00,ATG,GGA/GAG/AGG,5-10bp,0.581,NODE_4_length_441202_cov_36.686409,mobileOG_000313844_NODE_4_length_441202_cov_36.686409
239,mobileOG_000353715|topA|WP_033647571.1|replication/recombination/repair|NA|Plasmid RefSeq|Homology,NODE_4_length_441202_cov_36.686409_414 # 418162 # 420759 # -1 # ID=4_414;partial=00;start_type=ATG;rbs_motif=GGA/GAG/AGG;rbs_spacer=5-10bp;gc_cont=0.583,99.8,1719,865,0.0,866,1,865,1,865,mobileOG_000353715,topA,WP_033647571.1,replication/recombination/repair,NA,Plasmid RefSeq,Homology,NODE_4_length_441202_cov_36.686409_414, 418162 # 420759 # -1 , 418162,420759,-1 ,4_414,4,414,00,ATG,GGA/GAG/AGG,5-10bp,0.583,NODE_4_length_441202_cov_36.686409,mobileOG_000353715_NODE_4_length_441202_cov_36.686409
240,mobileOG_000305021|dnaE2|WP_033653008.1|replication/recombination/repair|NA|Plasmid RefSeq|Homology,NODE_4_length_441202_cov_36.686409_423 # 427458 # 428339 # -1 # ID=4_423;partial=00;start_type=TTG;rbs_motif=GGA/GAG/AGG;rbs_spacer=5-10bp;gc_cont=0.628,96.2,566,293,6.37e-206,294,1,293,1,293,mobileOG_000305021,dnaE2,WP_033653008.1,replication/recombination/repair,NA,Plasmid RefSeq,Homology,NODE_4_length_441202_cov_36.686409_423, 427458 # 428339 # -1 , 427458,428339,-1 ,4_423,4,423,00,TTG,GGA/GAG/AGG,5-10bp,0.628,NODE_4_length_441202_cov_36.686409,mobileOG_000305021_NODE_4_length_441202_cov_36.686409
241,mobileOG_000305018|dnaE2|WP_033647575.1|replication/recombination/repair|NA|Plasmid RefSeq|Homology,NODE_4_length_441202_cov_36.686409_423 # 427458 # 428339 # -1 # ID=4_423;partial=00;start_type=TTG;rbs_motif=GGA/GAG/AGG;rbs_spacer=5-10bp;gc_cont=0.628,96.2,565,293,1.29e-205,294,1,293,1,293,mobileOG_000305018,dnaE2,WP_033647575.1,replication/recombination/repair,NA,Plasmid RefSeq,Homology,NODE_4_length_441202_cov_36.686409_423, 427458 # 428339 # -1 , 427458,428339,-1 ,4_423,4,423,00,TTG,GGA/GAG/AGG,5-10bp,0.628,NODE_4_length_441202_cov_36.686409,mobileOG_000305018_NODE_4_length_441202_cov_36.686409
242,mobileOG_000307770|tnpR|WP_075858540.1|integration/excision|NA|Plasmid RefSeq|Homology,NODE_5_length_294736_cov_39.512803_11 # 9939 # 10499 # -1 # ID=5_11;partial=00;start_type=ATG;rbs_motif=GGA/GAG/AGG;rbs_spacer=5-10bp;gc_cont=0.467,95.7,340,186,7.52e-120,187,1,186,1,186,mobileOG_000307770,tnpR,WP_075858540.1,integration/excision,NA,Plasmid RefSeq,Homology,NODE_5_length_294736_cov_39.512803_11, 9939 # 10499 # -1 , 9939,10499,-1 ,5_11,5,11,00,ATG,GGA/GAG/AGG,5-10bp,0.467,NODE_5_length_294736_cov_39.512803,mobileOG_000307770_NODE_5_length_294736_cov_39.512803
243,mobileOG_000307984|tnpR|WP_023492554.1|integration/excision|NA|Plasmid RefSeq|Homology,NODE_5_length_294736_cov_39.512803_11 # 9939 # 10499 # -1 # ID=5_11;partial=00;start_type=ATG;rbs_motif=GGA/GAG/AGG;rbs_spacer=5-10bp;gc_cont=0.467,95.2,337,186,8.78e-119,187,1,186,1,186,mobileOG_000307984,tnpR,WP_023492554.1,integration/excision,NA,Plasmid RefSeq,Homology,NODE_5_length_294736_cov_39.512803_11, 9939 # 10499 # -1 , 9939,10499,-1 ,5_11,5,11,00,ATG,GGA/GAG/AGG,5-10bp,0.467,NODE_5_length_294736_cov_39.512803,mobileOG_000307984_NODE_5_length_294736_cov_39.512803
244,mobileOG_000293957|tnpR|A0A5C5CI47|integration/excision|NA|Plasmid RefSeq|Homology,NODE_5_length_294736_cov_39.512803_11 # 9939 # 10499 # -1 # ID=5_11;partial=00;start_type=ATG;rbs_motif=GGA/GAG/AGG;rbs_spacer=5-10bp;gc_cont=0.467,94.1,332,186,5.92e-117,187,1,186,1,186,mobileOG_000293957,tnpR,A0A5C5CI47,integration/excision,NA,Plasmid RefSeq,Homology,NODE_5_length_294736_cov_39.512803_11, 9939 # 10499 # -1 , 9939,10499,-1 ,5_11,5,11,00,ATG,GGA/GAG/AGG,5-10bp,0.467,NODE_5_length_294736_cov_39.512803,mobileOG_000293957_NODE_5_length_294736_cov_39.512803
245,mobileOG_000315399|tnpR|WP_058691239.1|integration/excision|NA|Plasmid RefSeq|Homology,NODE_5_length_294736_cov_39.512803_11 # 9939 # 10499 # -1 # ID=5_11;partial=00;start_type=ATG;rbs_motif=GGA/GAG/AGG;rbs_spacer=5-10bp;gc_cont=0.467,93.5,332,186,1.20e-116,187,1,186,1,186,mobileOG_000315399,tnpR,WP_058691239.1,integration/excision,NA,Plasmid RefSeq,Homology,NODE_5_length_294736_cov_39.512803_11, 9939 # 10499 # -1 , 9939,10499,-1 ,5_11,5,11,00,ATG,GGA/GAG/AGG,5-10bp,0.467,NODE_5_length_294736_cov_39.512803,mobileOG_000315399_NODE_5_length_294736_cov_39.512803
246,mobileOG_000075510|tnpX|WP_032309855.1|integration/excision|NA|Multiple|Homology,NODE_5_length_294736_cov_39.512803_24 # 23386 # 25482 # -1 # ID=5_24;partial=00;start_type=ATG;rbs_motif=GGA/GAG/AGG;rbs_spacer=5-10bp;gc_cont=0.350,99.4,1382,698,0.0,699,1,698,1,698,mobileOG_000075510,tnpX,WP_032309855.1,integration/excision,NA,Multiple,Homology,NODE_5_length_294736_cov_39.512803_24, 23386 # 25482 # -1 , 23386,25482,-1 ,5_24,5,24,00,ATG,GGA/GAG/AGG,5-10bp,0.350,NODE_5_length_294736_cov_39.512803,mobileOG_000075510_NODE_5_length_294736_cov_39.512803
247,mobileOG_000352145|tnpX|A0A5B0K388|integration/excision|NA|Plasmid RefSeq|Homology,NODE_5_length_294736_cov_39.512803_24 # 23386 # 25482 # -1 # ID=5_24;partial=00;start_type=ATG;rbs_motif=GGA/GAG/AGG;rbs_spacer=5-10bp;gc_cont=0.350,99.0,1379,698,0.0,699,1,698,1,698,mobileOG_000352145,tnpX,A0A5B0K388,integration/excision,NA,Plasmid RefSeq,Homology,NODE_5_length_294736_cov_39.512803_24, 23386 # 25482 # -1 , 23386,25482,-1 ,5_24,5,24,00,ATG,GGA/GAG/AGG,5-10bp,0.350,NODE_5_length_294736_cov_39.512803,mobileOG_000352145_NODE_5_length_294736_cov_39.512803
248,mobileOG_000073555|tnpX|WP_019706029.1|integration/excision|NA|Multiple|Homology,NODE_5_length_294736_cov_39.512803_24 # 23386 # 25482 # -1 # ID=5_24;partial=00;start_type=ATG;rbs_motif=GGA/GAG/AGG;rbs_spacer=5-10bp;gc_cont=0.350,99.0,1378,698,0.0,699,1,698,1,698,mobileOG_000073555,tnpX,WP_019706029.1,integration/excision,NA,Multiple,Homology,NODE_5_length_294736_cov_39.512803_24, 23386 # 25482 # -1 , 23386,25482,-1 ,5_24,5,24,00,ATG,GGA/GAG/AGG,5-10bp,0.350,NODE_5_length_294736_cov_39.512803,mobileOG_000073555_NODE_5_length_294736_cov_39.512803
249,mobileOG_000001098|tnpX|Q00042|integration/excision|NA|Multiple|Manual,NODE_5_length_294736_cov_39.512803_24 # 23386 # 25482 # -1 # ID=5_24;partial=00;start_type=ATG;rbs_motif=GGA/GAG/AGG;rbs_spacer=5-10bp;gc_cont=0.350,96.7,1349,698,0.0,699,1,698,1,698,mobileOG_000001098,tnpX,Q00042,integration/excision,NA,Multiple,Manual,NODE_5_length_294736_cov_39.512803_24, 23386 # 25482 # -1 , 23386,25482,-1 ,5_24,5,24,00,ATG,GGA/GAG/AGG,5-10bp,0.350,NODE_5_length_294736_cov_39.512803,mobileOG_000001098_NODE_5_length_294736_cov_39.512803
250,mobileOG_000291752|tnpX|WP_000422420.1|integration/excision|NA|Plasmid RefSeq|Homology,NODE_5_length_294736_cov_39.512803_24 # 23386 # 25482 # -1 # ID=5_24;partial=00;start_type=ATG;rbs_motif=GGA/GAG/AGG;rbs_spacer=5-10bp;gc_cont=0.350,96.6,1348,698,0.0,699,1,698,1,698,mobileOG_000291752,tnpX,WP_000422420.1,integration/excision,NA,Plasmid RefSeq,Homology,NODE_5_length_294736_cov_39.512803_24, 23386 # 25482 # -1 , 23386,25482,-1 ,5_24,5,24,00,ATG,GGA/GAG/AGG,5-10bp,0.350,NODE_5_length_294736_cov_39.512803,mobileOG_000291752_NODE_5_length_294736_cov_39.512803
251,mobileOG_000340010|tnpX|WP_141988961.1|integration/excision|NA|Plasmid RefSeq|Homology,NODE_5_length_294736_cov_39.512803_24 # 23386 # 25482 # -1 # ID=5_24;partial=00;start_type=ATG;rbs_motif=GGA/GAG/AGG;rbs_spacer=5-10bp;gc_cont=0.350,96.6,1348,698,0.0,699,1,698,1,698,mobileOG_000340010,tnpX,WP_141988961.1,integration/excision,NA,Plasmid RefSeq,Homology,NODE_5_length_294736_cov_39.512803_24, 23386 # 25482 # -1 , 23386,25482,-1 ,5_24,5,24,00,ATG,GGA/GAG/AGG,5-10bp,0.350,NODE_5_length_294736_cov_39.512803,mobileOG_000340010_NODE_5_length_294736_cov_39.512803
252,mobileOG_000305660|tnpX|A0A3V4QNM5|integration/excision|NA|Plasmid RefSeq|Homology,NODE_5_length_294736_cov_39.512803_24 # 23386 # 25482 # -1 # ID=5_24;partial=00;start_type=ATG;rbs_motif=GGA/GAG/AGG;rbs_spacer=5-10bp;gc_cont=0.350,96.4,1345,698,0.0,699,1,698,1,698,mobileOG_000305660,tnpX,A0A3V4QNM5,integration/excision,NA,Plasmid RefSeq,Homology,NODE_5_length_294736_cov_39.512803_24, 23386 # 25482 # -1 , 23386,25482,-1 ,5_24,5,24,00,ATG,GGA/GAG/AGG,5-10bp,0.350,NODE_5_length_294736_cov_39.512803,mobileOG_000305660_NODE_5_length_294736_cov_39.512803
253,mobileOG_000372635|umuC|WP_049196296.1|replication/recombination/repair|NA|Plasmid RefSeq|Homology,NODE_5_length_294736_cov_39.512803_27 # 26617 # 27606 # 1 # ID=5_27;partial=00;start_type=GTG;rbs_motif=GGA/GAG/AGG;rbs_spacer=3-4bp;gc_cont=0.659,98.4,629,428,8.18e-228,330,110,424,1,315,mobileOG_000372635,umuC,WP_049196296.1,replication/recombination/repair,NA,Plasmid RefSeq,Homology,NODE_5_length_294736_cov_39.512803_27, 26617 # 27606 # 1 , 26617,27606,1 ,5_27,5,27,00,GTG,GGA/GAG/AGG,3-4bp,0.659,NODE_5_length_294736_cov_39.512803,mobileOG_000372635_NODE_5_length_294736_cov_39.512803
254,mobileOG_000372601|umuC|WP_039565423.1|replication/recombination/repair|NA|Plasmid RefSeq|Homology,NODE_5_length_294736_cov_39.512803_27 # 26617 # 27606 # 1 # ID=5_27;partial=00;start_type=GTG;rbs_motif=GGA/GAG/AGG;rbs_spacer=3-4bp;gc_cont=0.659,97.5,622,428,2.23e-225,330,110,424,1,315,mobileOG_000372601,umuC,WP_039565423.1,replication/recombination/repair,NA,Plasmid RefSeq,Homology,NODE_5_length_294736_cov_39.512803_27, 26617 # 27606 # 1 , 26617,27606,1 ,5_27,5,27,00,GTG,GGA/GAG/AGG,3-4bp,0.659,NODE_5_length_294736_cov_39.512803,mobileOG_000372601_NODE_5_length_294736_cov_39.512803
255,mobileOG_000331425|clpB|WP_033653610.1|phage|chaperone|Plasmid RefSeq|Homology,NODE_5_length_294736_cov_39.512803_50 # 76336 # 78990 # -1 # ID=5_50;partial=00;start_type=ATG;rbs_motif=GGAG/GAGG;rbs_spacer=5-10bp;gc_cont=0.653,98.5,1662,884,0.0,885,1,884,1,884,mobileOG_000331425,clpB,WP_033653610.1,phage,chaperone,Plasmid RefSeq,Homology,NODE_5_length_294736_cov_39.512803_50, 76336 # 78990 # -1 , 76336,78990,-1 ,5_50,5,50,00,ATG,GGAG/GAGG,5-10bp,0.653,NODE_5_length_294736_cov_39.512803,mobileOG_000331425_NODE_5_length_294736_cov_39.512803
256,mobileOG_000335880|clpB|WP_101456439.1|phage|chaperone|Plasmid RefSeq|Homology,NODE_5_length_294736_cov_39.512803_50 # 76336 # 78990 # -1 # ID=5_50;partial=00;start_type=ATG;rbs_motif=GGAG/GAGG;rbs_spacer=5-10bp;gc_cont=0.653,98.4,1661,884,0.0,885,1,884,1,884,mobileOG_000335880,clpB,WP_101456439.1,phage,chaperone,Plasmid RefSeq,Homology,NODE_5_length_294736_cov_39.512803_50, 76336 # 78990 # -1 , 76336,78990,-1 ,5_50,5,50,00,ATG,GGAG/GAGG,5-10bp,0.653,NODE_5_length_294736_cov_39.512803,mobileOG_000335880_NODE_5_length_294736_cov_39.512803
257,mobileOG_000333755|tssB|WP_033635026.1|replication/recombination/repair|NA|Plasmid RefSeq|Homology,NODE_5_length_294736_cov_39.512803_66 # 93106 # 93642 # -1 # ID=5_66;partial=00;start_type=ATG;rbs_motif=GGAG/GAGG;rbs_spacer=5-10bp;gc_cont=0.587,99.4,340,178,4.10e-120,179,1,178,1,178,mobileOG_000333755,tssB,WP_033635026.1,replication/recombination/repair,NA,Plasmid RefSeq,Homology,NODE_5_length_294736_cov_39.512803_66, 93106 # 93642 # -1 , 93106,93642,-1 ,5_66,5,66,00,ATG,GGAG/GAGG,5-10bp,0.587,NODE_5_length_294736_cov_39.512803,mobileOG_000333755_NODE_5_length_294736_cov_39.512803
258,mobileOG_000353863|cnu|WP_033635010.1|stability/transfer/defense|regulation|Plasmid RefSeq|Homology,NODE_5_length_294736_cov_39.512803_85 # 115073 # 115288 # -1 # ID=5_85;partial=00;start_type=ATG;rbs_motif=3Base/5BMM;rbs_spacer=13-15bp;gc_cont=0.514,97.2,141,71,7.80e-45,72,1,71,1,71,mobileOG_000353863,cnu,WP_033635010.1,stability/transfer/defense,regulation,Plasmid RefSeq,Homology,NODE_5_length_294736_cov_39.512803_85, 115073 # 115288 # -1 , 115073,115288,-1 ,5_85,5,85,00,ATG,3Base/5BMM,13-15bp,0.514,NODE_5_length_294736_cov_39.512803,mobileOG_000353863_NODE_5_length_294736_cov_39.512803
259,mobileOG_000338525|oppD|WP_033653661.1|transfer|competence|Plasmid RefSeq|Homology,NODE_5_length_294736_cov_39.512803_165 # 191659 # 192501 # 1 # ID=5_165;partial=00;start_type=ATG;rbs_motif=GGA/GAG/AGG;rbs_spacer=5-10bp;gc_cont=0.636,98.6,542,280,9.36e-197,281,1,280,1,280,mobileOG_000338525,oppD,WP_033653661.1,transfer,competence,Plasmid RefSeq,Homology,NODE_5_length_294736_cov_39.512803_165, 191659 # 192501 # 1 , 191659,192501,1 ,5_165,5,165,00,ATG,GGA/GAG/AGG,5-10bp,0.636,NODE_5_length_294736_cov_39.512803,mobileOG_000338525_NODE_5_length_294736_cov_39.512803
260,mobileOG_000338678|oppD|WP_039565565.1|transfer|competence|Plasmid RefSeq|Homology,NODE_5_length_294736_cov_39.512803_165 # 191659 # 192501 # 1 # ID=5_165;partial=00;start_type=ATG;rbs_motif=GGA/GAG/AGG;rbs_spacer=5-10bp;gc_cont=0.636,98.2,540,280,3.81e-196,281,1,280,1,280,mobileOG_000338678,oppD,WP_039565565.1,transfer,competence,Plasmid RefSeq,Homology,NODE_5_length_294736_cov_39.512803_165, 191659 # 192501 # 1 , 191659,192501,1 ,5_165,5,165,00,ATG,GGA/GAG/AGG,5-10bp,0.636,NODE_5_length_294736_cov_39.512803,mobileOG_000338678_NODE_5_length_294736_cov_39.512803
261,"mobileOG_000368540|lexA|WP_025160136.1|phage|infection,regulation|Plasmid RefSeq|Homology",NODE_6_length_279217_cov_54.513255_3 # 3220 # 3828 # 1 # ID=6_3;partial=00;start_type=ATG;rbs_motif=AGxAGG/AGGxGG;rbs_spacer=3-4bp;gc_cont=0.594,100,396,202,1.40e-141,203,1,202,1,202,mobileOG_000368540,lexA,WP_025160136.1,phage,"infection,regulation",Plasmid RefSeq,Homology,NODE_6_length_279217_cov_54.513255_3, 3220 # 3828 # 1 , 3220,3828,1 ,6_3,6,3,00,ATG,AGxAGG/AGGxGG,3-4bp,0.594,NODE_6_length_279217_cov_54.513255,mobileOG_000368540_NODE_6_length_279217_cov_54.513255
262,"mobileOG_000336507|lexA|WP_000646078.1|phage|infection,regulation|Multiple|Homology",NODE_6_length_279217_cov_54.513255_3 # 3220 # 3828 # 1 # ID=6_3;partial=00;start_type=ATG;rbs_motif=AGxAGG/AGGxGG;rbs_spacer=3-4bp;gc_cont=0.594,92.1,370,202,1.61e-131,203,1,202,1,202,mobileOG_000336507,lexA,WP_000646078.1,phage,"infection,regulation",Multiple,Homology,NODE_6_length_279217_cov_54.513255_3, 3220 # 3828 # 1 , 3220,3828,1 ,6_3,6,3,00,ATG,AGxAGG/AGGxGG,3-4bp,0.594,NODE_6_length_279217_cov_54.513255,mobileOG_000336507_NODE_6_length_279217_cov_54.513255
263,"mobileOG_000289013|lexA|WP_004206291.1|phage|infection,regulation|Plasmid RefSeq|Homology",NODE_6_length_279217_cov_54.513255_3 # 3220 # 3828 # 1 # ID=6_3;partial=00;start_type=ATG;rbs_motif=AGxAGG/AGGxGG;rbs_spacer=3-4bp;gc_cont=0.594,92.1,369,202,6.57e-131,203,1,202,1,202,mobileOG_000289013,lexA,WP_004206291.1,phage,"infection,regulation",Plasmid RefSeq,Homology,NODE_6_length_279217_cov_54.513255_3, 3220 # 3828 # 1 , 3220,3828,1 ,6_3,6,3,00,ATG,AGxAGG/AGGxGG,3-4bp,0.594,NODE_6_length_279217_cov_54.513255,mobileOG_000289013_NODE_6_length_279217_cov_54.513255
264,"mobileOG_000334793|lexA|WP_002884822.1|phage|infection,regulation|Plasmid RefSeq|Homology",NODE_6_length_279217_cov_54.513255_3 # 3220 # 3828 # 1 # ID=6_3;partial=00;start_type=ATG;rbs_motif=AGxAGG/AGGxGG;rbs_spacer=3-4bp;gc_cont=0.594,91.6,369,202,9.33e-131,203,1,202,1,202,mobileOG_000334793,lexA,WP_002884822.1,phage,"infection,regulation",Plasmid RefSeq,Homology,NODE_6_length_279217_cov_54.513255_3, 3220 # 3828 # 1 , 3220,3828,1 ,6_3,6,3,00,ATG,AGxAGG/AGGxGG,3-4bp,0.594,NODE_6_length_279217_cov_54.513255,mobileOG_000334793_NODE_6_length_279217_cov_54.513255
265,"mobileOG_000014656|lexA|A0A0D7LJ22|phage|infection,regulation|GPD|Manual",NODE_6_length_279217_cov_54.513255_3 # 3220 # 3828 # 1 # ID=6_3;partial=00;start_type=ATG;rbs_motif=AGxAGG/AGGxGG;rbs_spacer=3-4bp;gc_cont=0.594,90.6,367,202,3.80e-130,203,1,202,1,202,mobileOG_000014656,lexA,A0A0D7LJ22,phage,"infection,regulation",GPD,Manual,NODE_6_length_279217_cov_54.513255_3, 3220 # 3828 # 1 , 3220,3828,1 ,6_3,6,3,00,ATG,AGxAGG/AGGxGG,3-4bp,0.594,NODE_6_length_279217_cov_54.513255,mobileOG_000014656_NODE_6_length_279217_cov_54.513255
266,mobileOG_000368539|dnaB|WP_025160134.1|replication/recombination/repair|NA|Plasmid RefSeq|Homology,NODE_6_length_279217_cov_54.513255_13 # 11445 # 12800 # 1 # ID=6_13;partial=00;start_type=ATG;rbs_motif=GGA/GAG/AGG;rbs_spacer=5-10bp;gc_cont=0.612,100,871,474,0.0,452,24,474,1,451,mobileOG_000368539,dnaB,WP_025160134.1,replication/recombination/repair,NA,Plasmid RefSeq,Homology,NODE_6_length_279217_cov_54.513255_13, 11445 # 12800 # 1 , 11445,12800,1 ,6_13,6,13,00,ATG,GGA/GAG/AGG,5-10bp,0.612,NODE_6_length_279217_cov_54.513255,mobileOG_000368539_NODE_6_length_279217_cov_54.513255
267,"mobileOG_000376616|rep|WP_004936779.1|replication/recombination/repair|initiation,copy number control,plasmid|Plasmid RefSeq|Homology",NODE_6_length_279217_cov_54.513255_18 # 16799 # 17215 # 1 # ID=6_18;partial=00;start_type=ATG;rbs_motif=AGGA/GGAG/GAGG;rbs_spacer=11-12bp;gc_cont=0.600,100,288,138,5.45e-101,139,1,138,1,138,mobileOG_000376616,rep,WP_004936779.1,replication/recombination/repair,"initiation,copy number control,plasmid",Plasmid RefSeq,Homology,NODE_6_length_279217_cov_54.513255_18, 16799 # 17215 # 1 , 16799,17215,1 ,6_18,6,18,00,ATG,AGGA/GGAG/GAGG,11-12bp,0.600,NODE_6_length_279217_cov_54.513255,mobileOG_000376616_NODE_6_length_279217_cov_54.513255
268,"mobileOG_000376888|rep|WP_016930264.1|replication/recombination/repair|initiation,copy number control,plasmid|Plasmid RefSeq|Homology",NODE_6_length_279217_cov_54.513255_18 # 16799 # 17215 # 1 # ID=6_18;partial=00;start_type=ATG;rbs_motif=AGGA/GGAG/GAGG;rbs_spacer=11-12bp;gc_cont=0.600,99.3,286,138,2.22e-100,139,1,138,1,138,mobileOG_000376888,rep,WP_016930264.1,replication/recombination/repair,"initiation,copy number control,plasmid",Plasmid RefSeq,Homology,NODE_6_length_279217_cov_54.513255_18, 16799 # 17215 # 1 , 16799,17215,1 ,6_18,6,18,00,ATG,AGGA/GGAG/GAGG,11-12bp,0.600,NODE_6_length_279217_cov_54.513255,mobileOG_000376888_NODE_6_length_279217_cov_54.513255
269,mobileOG_000355081|uvrA|WP_033644422.1|replication/recombination/repair|NA|Plasmid RefSeq|Homology,NODE_6_length_279217_cov_54.513255_22 # 19596 # 22424 # -1 # ID=6_22;partial=00;start_type=ATG;rbs_motif=GGA/GAG/AGG;rbs_spacer=5-10bp;gc_cont=0.626,99.3,1854,942,0.0,943,1,942,1,942,mobileOG_000355081,uvrA,WP_033644422.1,replication/recombination/repair,NA,Plasmid RefSeq,Homology,NODE_6_length_279217_cov_54.513255_22, 19596 # 22424 # -1 , 19596,22424,-1 ,6_22,6,22,00,ATG,GGA/GAG/AGG,5-10bp,0.626,NODE_6_length_279217_cov_54.513255,mobileOG_000355081_NODE_6_length_279217_cov_54.513255
270,mobileOG_000355080|uvrA|WP_033636192.1|replication/recombination/repair|NA|Plasmid RefSeq|Homology,NODE_6_length_279217_cov_54.513255_22 # 19596 # 22424 # -1 # ID=6_22;partial=00;start_type=ATG;rbs_motif=GGA/GAG/AGG;rbs_spacer=5-10bp;gc_cont=0.626,99.4,1852,942,0.0,943,1,940,1,940,mobileOG_000355080,uvrA,WP_033636192.1,replication/recombination/repair,NA,Plasmid RefSeq,Homology,NODE_6_length_279217_cov_54.513255_22, 19596 # 22424 # -1 , 19596,22424,-1 ,6_22,6,22,00,ATG,GGA/GAG/AGG,5-10bp,0.626,NODE_6_length_279217_cov_54.513255,mobileOG_000355080_NODE_6_length_279217_cov_54.513255
271,mobileOG_000355073|uvrA|WP_004146620.1|replication/recombination/repair|NA|Plasmid RefSeq|Homology,NODE_6_length_279217_cov_54.513255_22 # 19596 # 22424 # -1 # ID=6_22;partial=00;start_type=ATG;rbs_motif=GGA/GAG/AGG;rbs_spacer=5-10bp;gc_cont=0.626,93.1,1761,941,0.0,943,1,940,1,940,mobileOG_000355073,uvrA,WP_004146620.1,replication/recombination/repair,NA,Plasmid RefSeq,Homology,NODE_6_length_279217_cov_54.513255_22, 19596 # 22424 # -1 , 19596,22424,-1 ,6_22,6,22,00,ATG,GGA/GAG/AGG,5-10bp,0.626,NODE_6_length_279217_cov_54.513255,mobileOG_000355073_NODE_6_length_279217_cov_54.513255
272,mobileOG_000289038|uvrA|WP_008807293.1|replication/recombination/repair|NA|Plasmid RefSeq|Homology,NODE_6_length_279217_cov_54.513255_22 # 19596 # 22424 # -1 # ID=6_22;partial=00;start_type=ATG;rbs_motif=GGA/GAG/AGG;rbs_spacer=5-10bp;gc_cont=0.626,93.0,1760,941,0.0,943,1,940,1,940,mobileOG_000289038,uvrA,WP_008807293.1,replication/recombination/repair,NA,Plasmid RefSeq,Homology,NODE_6_length_279217_cov_54.513255_22, 19596 # 22424 # -1 , 19596,22424,-1 ,6_22,6,22,00,ATG,GGA/GAG/AGG,5-10bp,0.626,NODE_6_length_279217_cov_54.513255,mobileOG_000289038_NODE_6_length_279217_cov_54.513255
273,mobileOG_000026154|uvrA|P0A699|replication/recombination/repair|NA|Plasmid RefSeq|Manual,NODE_6_length_279217_cov_54.513255_22 # 19596 # 22424 # -1 # ID=6_22;partial=00;start_type=ATG;rbs_motif=GGA/GAG/AGG;rbs_spacer=5-10bp;gc_cont=0.626,91.9,1748,940,0.0,943,1,940,1,940,mobileOG_000026154,uvrA,P0A699,replication/recombination/repair,NA,Plasmid RefSeq,Manual,NODE_6_length_279217_cov_54.513255_22, 19596 # 22424 # -1 , 19596,22424,-1 ,6_22,6,22,00,ATG,GGA/GAG/AGG,5-10bp,0.626,NODE_6_length_279217_cov_54.513255,mobileOG_000026154_NODE_6_length_279217_cov_54.513255
274,mobileOG_000288441|uvrA|WP_015570187.1|replication/recombination/repair|NA|Plasmid RefSeq|Homology,NODE_6_length_279217_cov_54.513255_22 # 19596 # 22424 # -1 # ID=6_22;partial=00;start_type=ATG;rbs_motif=GGA/GAG/AGG;rbs_spacer=5-10bp;gc_cont=0.626,91.9,1743,940,0.0,943,1,940,1,940,mobileOG_000288441,uvrA,WP_015570187.1,replication/recombination/repair,NA,Plasmid RefSeq,Homology,NODE_6_length_279217_cov_54.513255_22, 19596 # 22424 # -1 , 19596,22424,-1 ,6_22,6,22,00,ATG,GGA/GAG/AGG,5-10bp,0.626,NODE_6_length_279217_cov_54.513255,mobileOG_000288441_NODE_6_length_279217_cov_54.513255
275,mobileOG_000026496|ssb|P25762|replication/recombination/repair|NA|Plasmid RefSeq|Manual,NODE_6_length_279217_cov_54.513255_23 # 22702 # 23235 # 1 # ID=6_23;partial=00;start_type=ATG;rbs_motif=GGAG/GAGG;rbs_spacer=5-10bp;gc_cont=0.622,95.5,319,176,6.28e-112,178,1,176,1,177,mobileOG_000026496,ssb,P25762,replication/recombination/repair,NA,Plasmid RefSeq,Manual,NODE_6_length_279217_cov_54.513255_23, 22702 # 23235 # 1 , 22702,23235,1 ,6_23,6,23,00,ATG,GGAG/GAGG,5-10bp,0.622,NODE_6_length_279217_cov_54.513255,mobileOG_000026496_NODE_6_length_279217_cov_54.513255
276,mobileOG_000364805|ssb|WP_033654707.1|replication/recombination/repair|NA|Plasmid RefSeq|Homology,NODE_6_length_279217_cov_54.513255_23 # 22702 # 23235 # 1 # ID=6_23;partial=00;start_type=ATG;rbs_motif=GGAG/GAGG;rbs_spacer=5-10bp;gc_cont=0.622,92.1,303,177,8.14e-106,178,1,177,1,177,mobileOG_000364805,ssb,WP_033654707.1,replication/recombination/repair,NA,Plasmid RefSeq,Homology,NODE_6_length_279217_cov_54.513255_23, 22702 # 23235 # 1 , 22702,23235,1 ,6_23,6,23,00,ATG,GGAG/GAGG,5-10bp,0.622,NODE_6_length_279217_cov_54.513255,mobileOG_000364805_NODE_6_length_279217_cov_54.513255
277,mobileOG_000003237|fis|WP_000462905.1|integration/excision|replication/recombination/repair|Multiple|Manual,NODE_6_length_279217_cov_54.513255_43 # 56046 # 56342 # -1 # ID=6_43;partial=00;start_type=ATG;rbs_motif=GGA/GAG/AGG;rbs_spacer=11-12bp;gc_cont=0.492,100,189,98,4.53e-63,99,1,98,1,98,mobileOG_000003237,fis,WP_000462905.1,integration/excision,replication/recombination/repair,Multiple,Manual,NODE_6_length_279217_cov_54.513255_43, 56046 # 56342 # -1 , 56046,56342,-1 ,6_43,6,43,00,ATG,GGA/GAG/AGG,11-12bp,0.492,NODE_6_length_279217_cov_54.513255,mobileOG_000003237_NODE_6_length_279217_cov_54.513255
278,mobileOG_000353627|fis|WP_004240545.1|integration/excision|replication/recombination/repair|Plasmid RefSeq|Homology,NODE_6_length_279217_cov_54.513255_43 # 56046 # 56342 # -1 # ID=6_43;partial=00;start_type=ATG;rbs_motif=GGA/GAG/AGG;rbs_spacer=11-12bp;gc_cont=0.492,98.0,186,98,5.30e-62,99,1,98,1,98,mobileOG_000353627,fis,WP_004240545.1,integration/excision,replication/recombination/repair,Plasmid RefSeq,Homology,NODE_6_length_279217_cov_54.513255_43, 56046 # 56342 # -1 , 56046,56342,-1 ,6_43,6,43,00,ATG,GGA/GAG/AGG,11-12bp,0.492,NODE_6_length_279217_cov_54.513255,mobileOG_000353627_NODE_6_length_279217_cov_54.513255
279,mobileOG_000026099|fis|Q8ZAX8|integration/excision|replication/recombination/repair|Plasmid RefSeq|Manual,NODE_6_length_279217_cov_54.513255_43 # 56046 # 56342 # -1 # ID=6_43;partial=00;start_type=ATG;rbs_motif=GGA/GAG/AGG;rbs_spacer=11-12bp;gc_cont=0.492,98.0,186,98,7.54e-62,99,1,98,1,98,mobileOG_000026099,fis,Q8ZAX8,integration/excision,replication/recombination/repair,Plasmid RefSeq,Manual,NODE_6_length_279217_cov_54.513255_43, 56046 # 56342 # -1 , 56046,56342,-1 ,6_43,6,43,00,ATG,GGA/GAG/AGG,11-12bp,0.492,NODE_6_length_279217_cov_54.513255,mobileOG_000026099_NODE_6_length_279217_cov_54.513255
280,mobileOG_000012594|fis|WP_000462905.1|integration/excision|replication/recombination/repair|GPD|Manual,NODE_6_length_279217_cov_54.513255_43 # 56046 # 56342 # -1 # ID=6_43;partial=00;start_type=ATG;rbs_motif=GGA/GAG/AGG;rbs_spacer=11-12bp;gc_cont=0.492,100,179,93,3.60e-59,99,1,93,6,98,mobileOG_000012594,fis,WP_000462905.1,integration/excision,replication/recombination/repair,GPD,Manual,NODE_6_length_279217_cov_54.513255_43, 56046 # 56342 # -1 , 56046,56342,-1 ,6_43,6,43,00,ATG,GGA/GAG/AGG,11-12bp,0.492,NODE_6_length_279217_cov_54.513255,mobileOG_000012594_NODE_6_length_279217_cov_54.513255
281,"mobileOG_000354050|sspA|WP_025304366.1|phage|infection,regulation|Plasmid RefSeq|Homology",NODE_6_length_279217_cov_54.513255_116 # 125515 # 126156 # 1 # ID=6_116;partial=00;start_type=ATG;rbs_motif=GGAGG;rbs_spacer=5-10bp;gc_cont=0.576,100,419,213,1.62e-150,214,1,213,1,213,mobileOG_000354050,sspA,WP_025304366.1,phage,"infection,regulation",Plasmid RefSeq,Homology,NODE_6_length_279217_cov_54.513255_116, 125515 # 126156 # 1 , 125515,126156,1 ,6_116,6,116,00,ATG,GGAGG,5-10bp,0.576,NODE_6_length_279217_cov_54.513255,mobileOG_000354050_NODE_6_length_279217_cov_54.513255
282,"mobileOG_000368511|sspA|WP_004937082.1|phage|infection,regulation|Plasmid RefSeq|Homology",NODE_6_length_279217_cov_54.513255_116 # 125515 # 126156 # 1 # ID=6_116;partial=00;start_type=ATG;rbs_motif=GGAGG;rbs_spacer=5-10bp;gc_cont=0.576,99.5,417,213,9.38e-150,214,1,213,1,213,mobileOG_000368511,sspA,WP_004937082.1,phage,"infection,regulation",Plasmid RefSeq,Homology,NODE_6_length_279217_cov_54.513255_116, 125515 # 126156 # 1 , 125515,126156,1 ,6_116,6,116,00,ATG,GGAGG,5-10bp,0.576,NODE_6_length_279217_cov_54.513255,mobileOG_000368511_NODE_6_length_279217_cov_54.513255
283,mobileOG_000368512|diaA|WP_004937103.1|replication/recombination/repair|NA|Plasmid RefSeq|Homology,NODE_6_length_279217_cov_54.513255_126 # 139568 # 140158 # -1 # ID=6_126;partial=00;start_type=GTG;rbs_motif=GGA/GAG/AGG;rbs_spacer=5-10bp;gc_cont=0.604,100,383,196,1.35e-136,197,1,196,1,196,mobileOG_000368512,diaA,WP_004937103.1,replication/recombination/repair,NA,Plasmid RefSeq,Homology,NODE_6_length_279217_cov_54.513255_126, 139568 # 140158 # -1 , 139568,140158,-1 ,6_126,6,126,00,GTG,GGA/GAG/AGG,5-10bp,0.604,NODE_6_length_279217_cov_54.513255,mobileOG_000368512_NODE_6_length_279217_cov_54.513255
284,mobileOG_000026069|diaA|A6TEG8|replication/recombination/repair|NA|Plasmid RefSeq|Manual,NODE_6_length_279217_cov_54.513255_126 # 139568 # 140158 # -1 # ID=6_126;partial=00;start_type=GTG;rbs_motif=GGA/GAG/AGG;rbs_spacer=5-10bp;gc_cont=0.604,96.4,374,196,6.16e-133,197,1,196,1,196,mobileOG_000026069,diaA,A6TEG8,replication/recombination/repair,NA,Plasmid RefSeq,Manual,NODE_6_length_279217_cov_54.513255_126, 139568 # 140158 # -1 , 139568,140158,-1 ,6_126,6,126,00,GTG,GGA/GAG/AGG,5-10bp,0.604,NODE_6_length_279217_cov_54.513255,mobileOG_000026069_NODE_6_length_279217_cov_54.513255
285,mobileOG_000297506|diaA|A0A422XC86|replication/recombination/repair|NA|Plasmid RefSeq|Homology,NODE_6_length_279217_cov_54.513255_126 # 139568 # 140158 # -1 # ID=6_126;partial=00;start_type=GTG;rbs_motif=GGA/GAG/AGG;rbs_spacer=5-10bp;gc_cont=0.604,96.4,373,196,1.24e-132,197,1,196,1,196,mobileOG_000297506,diaA,A0A422XC86,replication/recombination/repair,NA,Plasmid RefSeq,Homology,NODE_6_length_279217_cov_54.513255_126, 139568 # 140158 # -1 , 139568,140158,-1 ,6_126,6,126,00,GTG,GGA/GAG/AGG,5-10bp,0.604,NODE_6_length_279217_cov_54.513255,mobileOG_000297506_NODE_6_length_279217_cov_54.513255
286,mobileOG_000025623|diaA|WP_000893481.1|replication/recombination/repair|NA|Plasmid RefSeq|Manual,NODE_6_length_279217_cov_54.513255_126 # 139568 # 140158 # -1 # ID=6_126;partial=00;start_type=GTG;rbs_motif=GGA/GAG/AGG;rbs_spacer=5-10bp;gc_cont=0.604,95.9,369,196,2.93e-131,197,1,196,1,196,mobileOG_000025623,diaA,WP_000893481.1,replication/recombination/repair,NA,Plasmid RefSeq,Manual,NODE_6_length_279217_cov_54.513255_126, 139568 # 140158 # -1 , 139568,140158,-1 ,6_126,6,126,00,GTG,GGA/GAG/AGG,5-10bp,0.604,NODE_6_length_279217_cov_54.513255,mobileOG_000025623_NODE_6_length_279217_cov_54.513255
287,mobileOG_000025677|diaA|WP_002210146.1|replication/recombination/repair|NA|Plasmid RefSeq|Manual,NODE_6_length_279217_cov_54.513255_126 # 139568 # 140158 # -1 # ID=6_126;partial=00;start_type=GTG;rbs_motif=GGA/GAG/AGG;rbs_spacer=5-10bp;gc_cont=0.604,93.4,358,196,5.44e-127,197,1,196,1,196,mobileOG_000025677,diaA,WP_002210146.1,replication/recombination/repair,NA,Plasmid RefSeq,Manual,NODE_6_length_279217_cov_54.513255_126, 139568 # 140158 # -1 , 139568,140158,-1 ,6_126,6,126,00,GTG,GGA/GAG/AGG,5-10bp,0.604,NODE_6_length_279217_cov_54.513255,mobileOG_000025677_NODE_6_length_279217_cov_54.513255
288,mobileOG_000026430|mug|P43343|replication/recombination/repair|NA|Plasmid RefSeq|Manual,NODE_6_length_279217_cov_54.513255_171 # 186456 # 186944 # 1 # ID=6_171;partial=00;start_type=ATG;rbs_motif=GGA/GAG/AGG;rbs_spacer=11-12bp;gc_cont=0.644,97.5,325,162,1.08e-114,163,1,162,1,162,mobileOG_000026430,mug,P43343,replication/recombination/repair,NA,Plasmid RefSeq,Manual,NODE_6_length_279217_cov_54.513255_171, 186456 # 186944 # 1 , 186456,186944,1 ,6_171,6,171,00,ATG,GGA/GAG/AGG,11-12bp,0.644,NODE_6_length_279217_cov_54.513255,mobileOG_000026430_NODE_6_length_279217_cov_54.513255
289,mobileOG_000015137|mug|A0A221DV72|replication/recombination/repair|NA|GPD|Manual,NODE_6_length_279217_cov_54.513255_171 # 186456 # 186944 # 1 # ID=6_171;partial=00;start_type=ATG;rbs_motif=GGA/GAG/AGG;rbs_spacer=11-12bp;gc_cont=0.644,96.9,324,162,2.18e-114,163,1,162,1,162,mobileOG_000015137,mug,A0A221DV72,replication/recombination/repair,NA,GPD,Manual,NODE_6_length_279217_cov_54.513255_171, 186456 # 186944 # 1 , 186456,186944,1 ,6_171,6,171,00,ATG,GGA/GAG/AGG,11-12bp,0.644,NODE_6_length_279217_cov_54.513255,mobileOG_000015137_NODE_6_length_279217_cov_54.513255
290,mobileOG_000368544|dnaG|WP_025304325.1|replication/recombination/repair|NA|Plasmid RefSeq|Homology,NODE_6_length_279217_cov_54.513255_174 # 189467 # 191215 # -1 # ID=6_174;partial=00;start_type=ATG;rbs_motif=GGA/GAG/AGG;rbs_spacer=3-4bp;gc_cont=0.596,99.7,1142,582,0.0,583,1,582,1,582,mobileOG_000368544,dnaG,WP_025304325.1,replication/recombination/repair,NA,Plasmid RefSeq,Homology,NODE_6_length_279217_cov_54.513255_174, 189467 # 191215 # -1 , 189467,191215,-1 ,6_174,6,174,00,ATG,GGA/GAG/AGG,3-4bp,0.596,NODE_6_length_279217_cov_54.513255,mobileOG_000368544_NODE_6_length_279217_cov_54.513255
291,mobileOG_000015138|dnaG|A0A0P0QJ09|replication/recombination/repair|NA|GPD|Manual,NODE_6_length_279217_cov_54.513255_174 # 189467 # 191215 # -1 # ID=6_174;partial=00;start_type=ATG;rbs_motif=GGA/GAG/AGG;rbs_spacer=3-4bp;gc_cont=0.596,99.3,1138,582,0.0,583,1,582,1,582,mobileOG_000015138,dnaG,A0A0P0QJ09,replication/recombination/repair,NA,GPD,Manual,NODE_6_length_279217_cov_54.513255_174, 189467 # 191215 # -1 , 189467,191215,-1 ,6_174,6,174,00,ATG,GGA/GAG/AGG,3-4bp,0.596,NODE_6_length_279217_cov_54.513255,mobileOG_000015138_NODE_6_length_279217_cov_54.513255
292,"mobileOG_000353237|cca|WP_033649056.1|phage|regulation,infection|Plasmid RefSeq|Homology",NODE_6_length_279217_cov_54.513255_179 # 195046 # 196290 # -1 # ID=6_179;partial=00;start_type=GTG;rbs_motif=AGGAG;rbs_spacer=5-10bp;gc_cont=0.647,98.3,819,414,5.67e-302,415,1,414,1,414,mobileOG_000353237,cca,WP_033649056.1,phage,"regulation,infection",Plasmid RefSeq,Homology,NODE_6_length_279217_cov_54.513255_179, 195046 # 196290 # -1 , 195046,196290,-1 ,6_179,6,179,00,GTG,AGGAG,5-10bp,0.647,NODE_6_length_279217_cov_54.513255,mobileOG_000353237_NODE_6_length_279217_cov_54.513255
293,mobileOG_000368543|parE|WP_025304305.1|replication/recombination/repair|partitioning|Plasmid RefSeq|Homology,NODE_6_length_279217_cov_54.513255_200 # 220157 # 222052 # 1 # ID=6_200;partial=00;start_type=ATG;rbs_motif=None;rbs_spacer=None;gc_cont=0.617,100,1256,631,0.0,632,1,631,1,631,mobileOG_000368543,parE,WP_025304305.1,replication/recombination/repair,partitioning,Plasmid RefSeq,Homology,NODE_6_length_279217_cov_54.513255_200, 220157 # 222052 # 1 , 220157,222052,1 ,6_200,6,200,00,ATG,None,None,0.617,NODE_6_length_279217_cov_54.513255,mobileOG_000368543_NODE_6_length_279217_cov_54.513255
294,mobileOG_000026107|parE|P20083|replication/recombination/repair|partitioning|Multiple|Manual,NODE_6_length_279217_cov_54.513255_200 # 220157 # 222052 # 1 # ID=6_200;partial=00;start_type=ATG;rbs_motif=None;rbs_spacer=None;gc_cont=0.617,92.2,1167,630,0.0,632,1,630,1,631,mobileOG_000026107,parE,P20083,replication/recombination/repair,partitioning,Multiple,Manual,NODE_6_length_279217_cov_54.513255_200, 220157 # 222052 # 1 , 220157,222052,1 ,6_200,6,200,00,ATG,None,None,0.617,NODE_6_length_279217_cov_54.513255,mobileOG_000026107_NODE_6_length_279217_cov_54.513255
295,mobileOG_000289024|parE|WP_008806513.1|replication/recombination/repair|partitioning|Plasmid RefSeq|Homology,NODE_6_length_279217_cov_54.513255_200 # 220157 # 222052 # 1 # ID=6_200;partial=00;start_type=ATG;rbs_motif=None;rbs_spacer=None;gc_cont=0.617,92.1,1167,631,0.0,632,1,631,1,631,mobileOG_000289024,parE,WP_008806513.1,replication/recombination/repair,partitioning,Plasmid RefSeq,Homology,NODE_6_length_279217_cov_54.513255_200, 220157 # 222052 # 1 , 220157,222052,1 ,6_200,6,200,00,ATG,None,None,0.617,NODE_6_length_279217_cov_54.513255,mobileOG_000289024_NODE_6_length_279217_cov_54.513255
296,mobileOG_000353777|parE|A0A0C2EHG6|replication/recombination/repair|partitioning|Multiple|Homology,NODE_6_length_279217_cov_54.513255_200 # 220157 # 222052 # 1 # ID=6_200;partial=00;start_type=ATG;rbs_motif=None;rbs_spacer=None;gc_cont=0.617,92.1,1166,630,0.0,632,1,630,1,631,mobileOG_000353777,parE,A0A0C2EHG6,replication/recombination/repair,partitioning,Multiple,Homology,NODE_6_length_279217_cov_54.513255_200, 220157 # 222052 # 1 , 220157,222052,1 ,6_200,6,200,00,ATG,None,None,0.617,NODE_6_length_279217_cov_54.513255,mobileOG_000353777_NODE_6_length_279217_cov_54.513255
297,mobileOG_000026108|parE|P0A2I6|replication/recombination/repair|partitioning|Plasmid RefSeq|Manual,NODE_6_length_279217_cov_54.513255_200 # 220157 # 222052 # 1 # ID=6_200;partial=00;start_type=ATG;rbs_motif=None;rbs_spacer=None;gc_cont=0.617,92.1,1165,630,0.0,632,1,630,1,631,mobileOG_000026108,parE,P0A2I6,replication/recombination/repair,partitioning,Plasmid RefSeq,Manual,NODE_6_length_279217_cov_54.513255_200, 220157 # 222052 # 1 , 220157,222052,1 ,6_200,6,200,00,ATG,None,None,0.617,NODE_6_length_279217_cov_54.513255,mobileOG_000026108_NODE_6_length_279217_cov_54.513255
298,mobileOG_000353791|parC|WP_039569308.1|replication/recombination/repair|partitioning|Plasmid RefSeq|Homology,NODE_6_length_279217_cov_54.513255_204 # 224288 # 226561 # 1 # ID=6_204;partial=00;start_type=ATG;rbs_motif=AGGA;rbs_spacer=5-10bp;gc_cont=0.626,99.7,1473,757,0.0,758,1,757,1,757,mobileOG_000353791,parC,WP_039569308.1,replication/recombination/repair,partitioning,Plasmid RefSeq,Homology,NODE_6_length_279217_cov_54.513255_204, 224288 # 226561 # 1 , 224288,226561,1 ,6_204,6,204,00,ATG,AGGA,5-10bp,0.626,NODE_6_length_279217_cov_54.513255,mobileOG_000353791_NODE_6_length_279217_cov_54.513255
299,mobileOG_000368519|rdgC|WP_004940461.1|integration/excision|NA|Plasmid RefSeq|Homology,NODE_7_length_270011_cov_47.638767_54 # 49317 # 50228 # -1 # ID=7_54;partial=00;start_type=ATG;rbs_motif=GGA/GAG/AGG;rbs_spacer=5-10bp;gc_cont=0.594,100,583,303,1.91e-212,304,1,303,1,303,mobileOG_000368519,rdgC,WP_004940461.1,integration/excision,NA,Plasmid RefSeq,Homology,NODE_7_length_270011_cov_47.638767_54, 49317 # 50228 # -1 , 49317,50228,-1 ,7_54,7,54,00,ATG,GGA/GAG/AGG,5-10bp,0.594,NODE_7_length_270011_cov_47.638767,mobileOG_000368519_NODE_7_length_270011_cov_47.638767
300,mobileOG_000748213|NA:Keyword|WP_033637280.1|stability/transfer/defense|NA|Plasmid RefSeq|Keyword Search,NODE_7_length_270011_cov_47.638767_56 # 51462 # 51695 # 1 # ID=7_56;partial=00;start_type=ATG;rbs_motif=AGGAG;rbs_spacer=5-10bp;gc_cont=0.603,97.4,143,77,1.45e-45,78,1,77,1,77,mobileOG_000748213,NA:Keyword,WP_033637280.1,stability/transfer/defense,NA,Plasmid RefSeq,Keyword Search,NODE_7_length_270011_cov_47.638767_56, 51462 # 51695 # 1 , 51462,51695,1 ,7_56,7,56,00,ATG,AGGAG,5-10bp,0.603,NODE_7_length_270011_cov_47.638767,mobileOG_000748213_NODE_7_length_270011_cov_47.638767
301,mobileOG_000748103|NA:Keyword|WP_019454226.1|stability/transfer/defense|NA|Plasmid RefSeq|Keyword Search,NODE_7_length_270011_cov_47.638767_57 # 51692 # 52078 # 1 # ID=7_57;partial=00;start_type=ATG;rbs_motif=GGAG/GAGG;rbs_spacer=5-10bp;gc_cont=0.620,99.2,261,128,1.75e-90,129,1,128,1,128,mobileOG_000748103,NA:Keyword,WP_019454226.1,stability/transfer/defense,NA,Plasmid RefSeq,Keyword Search,NODE_7_length_270011_cov_47.638767_57, 51692 # 52078 # 1 , 51692,52078,1 ,7_57,7,57,00,ATG,GGAG/GAGG,5-10bp,0.620,NODE_7_length_270011_cov_47.638767,mobileOG_000748103_NODE_7_length_270011_cov_47.638767
302,mobileOG_000749725|NA:Keyword|WP_033642043.1|stability/transfer/defense|NA|Plasmid RefSeq|Keyword Search,NODE_7_length_270011_cov_47.638767_57 # 51692 # 52078 # 1 # ID=7_57;partial=00;start_type=ATG;rbs_motif=GGAG/GAGG;rbs_spacer=5-10bp;gc_cont=0.620,98.4,259,128,7.11e-90,129,1,128,1,128,mobileOG_000749725,NA:Keyword,WP_033642043.1,stability/transfer/defense,NA,Plasmid RefSeq,Keyword Search,NODE_7_length_270011_cov_47.638767_57, 51692 # 52078 # 1 , 51692,52078,1 ,7_57,7,57,00,ATG,GGAG/GAGG,5-10bp,0.620,NODE_7_length_270011_cov_47.638767,mobileOG_000749725_NODE_7_length_270011_cov_47.638767
303,mobileOG_000334028|sbcD|WP_060437993.1|replication/recombination/repair|NA|Plasmid RefSeq|Homology,NODE_7_length_270011_cov_47.638767_60 # 56404 # 57636 # -1 # ID=7_60;partial=00;start_type=ATG;rbs_motif=GGA/GAG/AGG;rbs_spacer=5-10bp;gc_cont=0.632,97.3,779,410,2.94e-286,411,1,410,1,410,mobileOG_000334028,sbcD,WP_060437993.1,replication/recombination/repair,NA,Plasmid RefSeq,Homology,NODE_7_length_270011_cov_47.638767_60, 56404 # 57636 # -1 , 56404,57636,-1 ,7_60,7,60,00,ATG,GGA/GAG/AGG,5-10bp,0.632,NODE_7_length_270011_cov_47.638767,mobileOG_000334028_NODE_7_length_270011_cov_47.638767
304,mobileOG_000326381|sbcD|WP_096241949.1|replication/recombination/repair|NA|Plasmid RefSeq|Homology,NODE_7_length_270011_cov_47.638767_60 # 56404 # 57636 # -1 # ID=7_60;partial=00;start_type=ATG;rbs_motif=GGA/GAG/AGG;rbs_spacer=5-10bp;gc_cont=0.632,96.6,771,410,6.63e-283,411,1,409,1,409,mobileOG_000326381,sbcD,WP_096241949.1,replication/recombination/repair,NA,Plasmid RefSeq,Homology,NODE_7_length_270011_cov_47.638767_60, 56404 # 57636 # -1 , 56404,57636,-1 ,7_60,7,60,00,ATG,GGA/GAG/AGG,5-10bp,0.632,NODE_7_length_270011_cov_47.638767,mobileOG_000326381_NODE_7_length_270011_cov_47.638767
305,"mobileOG_000368518|nusB|WP_004940384.1|phage|regulation,infection|Plasmid RefSeq|Homology",NODE_7_length_270011_cov_47.638767_81 # 79937 # 80353 # 1 # ID=7_81;partial=00;start_type=GTG;rbs_motif=GGA/GAG/AGG;rbs_spacer=5-10bp;gc_cont=0.564,100,265,138,5.45e-92,139,1,138,1,138,mobileOG_000368518,nusB,WP_004940384.1,phage,"regulation,infection",Plasmid RefSeq,Homology,NODE_7_length_270011_cov_47.638767_81, 79937 # 80353 # 1 , 79937,80353,1 ,7_81,7,81,00,GTG,GGA/GAG/AGG,5-10bp,0.564,NODE_7_length_270011_cov_47.638767,mobileOG_000368518_NODE_7_length_270011_cov_47.638767
306,mobileOG_000351487|xseB|WP_033642062.1|replication/recombination/repair|NA|Plasmid RefSeq|Homology,NODE_7_length_270011_cov_47.638767_87 # 85825 # 86088 # -1 # ID=7_87;partial=00;start_type=ATG;rbs_motif=None;rbs_spacer=None;gc_cont=0.572,98.9,144,87,1.45e-45,88,1,87,1,87,mobileOG_000351487,xseB,WP_033642062.1,replication/recombination/repair,NA,Plasmid RefSeq,Homology,NODE_7_length_270011_cov_47.638767_87, 85825 # 86088 # -1 , 85825,86088,-1 ,7_87,7,87,00,ATG,None,None,0.572,NODE_7_length_270011_cov_47.638767,mobileOG_000351487_NODE_7_length_270011_cov_47.638767
307,mobileOG_000368527|xseB|WP_015376838.1|replication/recombination/repair|NA|Plasmid RefSeq|Homology,NODE_7_length_270011_cov_47.638767_87 # 85825 # 86088 # -1 # ID=7_87;partial=00;start_type=ATG;rbs_motif=None;rbs_spacer=None;gc_cont=0.572,97.7,142,87,8.42e-45,88,1,87,1,87,mobileOG_000368527,xseB,WP_015376838.1,replication/recombination/repair,NA,Plasmid RefSeq,Homology,NODE_7_length_270011_cov_47.638767_87, 85825 # 86088 # -1 , 85825,86088,-1 ,7_87,7,87,00,ATG,None,None,0.572,NODE_7_length_270011_cov_47.638767,mobileOG_000368527_NODE_7_length_270011_cov_47.638767
308,mobileOG_000368517|clpP|WP_004940356.1|phage|replication/recombination/repair|Plasmid RefSeq|Homology,NODE_7_length_270011_cov_47.638767_102 # 101585 # 102208 # 1 # ID=7_102;partial=00;start_type=ATG;rbs_motif=AGGAG;rbs_spacer=5-10bp;gc_cont=0.580,100,412,207,8.08e-148,208,1,207,1,207,mobileOG_000368517,clpP,WP_004940356.1,phage,replication/recombination/repair,Plasmid RefSeq,Homology,NODE_7_length_270011_cov_47.638767_102, 101585 # 102208 # 1 , 101585,102208,1 ,7_102,7,102,00,ATG,AGGAG,5-10bp,0.580,NODE_7_length_270011_cov_47.638767,mobileOG_000368517_NODE_7_length_270011_cov_47.638767
309,mobileOG_000351483|clpP|WP_016928858.1|phage|replication/recombination/repair|Plasmid RefSeq|Homology,NODE_7_length_270011_cov_47.638767_102 # 101585 # 102208 # 1 # ID=7_102;partial=00;start_type=ATG;rbs_motif=AGGAG;rbs_spacer=5-10bp;gc_cont=0.580,99.5,410,207,3.29e-147,208,1,207,1,207,mobileOG_000351483,clpP,WP_016928858.1,phage,replication/recombination/repair,Plasmid RefSeq,Homology,NODE_7_length_270011_cov_47.638767_102, 101585 # 102208 # 1 , 101585,102208,1 ,7_102,7,102,00,ATG,AGGAG,5-10bp,0.580,NODE_7_length_270011_cov_47.638767,mobileOG_000351483_NODE_7_length_270011_cov_47.638767
310,mobileOG_000301843|clpP|WP_006809880.1|phage|replication/recombination/repair|Plasmid RefSeq|Homology,NODE_7_length_270011_cov_47.638767_102 # 101585 # 102208 # 1 # ID=7_102;partial=00;start_type=ATG;rbs_motif=AGGAG;rbs_spacer=5-10bp;gc_cont=0.580,92.8,389,207,1.14e-138,208,1,207,1,207,mobileOG_000301843,clpP,WP_006809880.1,phage,replication/recombination/repair,Plasmid RefSeq,Homology,NODE_7_length_270011_cov_47.638767_102, 101585 # 102208 # 1 , 101585,102208,1 ,7_102,7,102,00,ATG,AGGAG,5-10bp,0.580,NODE_7_length_270011_cov_47.638767,mobileOG_000301843_NODE_7_length_270011_cov_47.638767
311,mobileOG_000351734|clpP|A0A078LKE9|phage|replication/recombination/repair|Plasmid RefSeq|Homology,NODE_7_length_270011_cov_47.638767_102 # 101585 # 102208 # 1 # ID=7_102;partial=00;start_type=ATG;rbs_motif=AGGAG;rbs_spacer=5-10bp;gc_cont=0.580,91.8,384,207,1.09e-136,208,1,207,1,207,mobileOG_000351734,clpP,A0A078LKE9,phage,replication/recombination/repair,Plasmid RefSeq,Homology,NODE_7_length_270011_cov_47.638767_102, 101585 # 102208 # 1 , 101585,102208,1 ,7_102,7,102,00,ATG,AGGAG,5-10bp,0.580,NODE_7_length_270011_cov_47.638767,mobileOG_000351734_NODE_7_length_270011_cov_47.638767
312,mobileOG_000289010|clpP|WP_002891804.1|phage|replication/recombination/repair|Plasmid RefSeq|Homology,NODE_7_length_270011_cov_47.638767_102 # 101585 # 102208 # 1 # ID=7_102;partial=00;start_type=ATG;rbs_motif=AGGAG;rbs_spacer=5-10bp;gc_cont=0.580,91.8,384,207,1.55e-136,208,1,207,1,207,mobileOG_000289010,clpP,WP_002891804.1,phage,replication/recombination/repair,Plasmid RefSeq,Homology,NODE_7_length_270011_cov_47.638767_102, 101585 # 102208 # 1 , 101585,102208,1 ,7_102,7,102,00,ATG,AGGAG,5-10bp,0.580,NODE_7_length_270011_cov_47.638767,mobileOG_000289010_NODE_7_length_270011_cov_47.638767
313,mobileOG_000025855|clpP|A0A192CHZ0|phage|replication/recombination/repair|Plasmid RefSeq|Manual,NODE_7_length_270011_cov_47.638767_102 # 101585 # 102208 # 1 # ID=7_102;partial=00;start_type=ATG;rbs_motif=AGGAG;rbs_spacer=5-10bp;gc_cont=0.580,91.8,382,207,4.44e-136,208,1,207,1,207,mobileOG_000025855,clpP,A0A192CHZ0,phage,replication/recombination/repair,Plasmid RefSeq,Manual,NODE_7_length_270011_cov_47.638767_102, 101585 # 102208 # 1 , 101585,102208,1 ,7_102,7,102,00,ATG,AGGAG,5-10bp,0.580,NODE_7_length_270011_cov_47.638767,mobileOG_000025855_NODE_7_length_270011_cov_47.638767
314,"mobileOG_000368516|clpX|WP_004940354.1|phage|replication,chaperone|Plasmid RefSeq|Homology",NODE_7_length_270011_cov_47.638767_103 # 102352 # 103623 # 1 # ID=7_103;partial=00;start_type=ATG;rbs_motif=GGAG/GAGG;rbs_spacer=5-10bp;gc_cont=0.586,100,831,423,3.07e-306,424,1,423,1,423,mobileOG_000368516,clpX,WP_004940354.1,phage,"replication,chaperone",Plasmid RefSeq,Homology,NODE_7_length_270011_cov_47.638767_103, 102352 # 103623 # 1 , 102352,103623,1 ,7_103,7,103,00,ATG,GGAG/GAGG,5-10bp,0.586,NODE_7_length_270011_cov_47.638767,mobileOG_000368516_NODE_7_length_270011_cov_47.638767
315,mobileOG_000025945|clpX|F0JMC0|phage|replication/recombination/repair|Plasmid RefSeq|Manual,NODE_7_length_270011_cov_47.638767_103 # 102352 # 103623 # 1 # ID=7_103;partial=00;start_type=ATG;rbs_motif=GGAG/GAGG;rbs_spacer=5-10bp;gc_cont=0.586,94.8,792,424,7.87e-291,424,1,424,1,423,mobileOG_000025945,clpX,F0JMC0,phage,replication/recombination/repair,Plasmid RefSeq,Manual,NODE_7_length_270011_cov_47.638767_103, 102352 # 103623 # 1 , 102352,103623,1 ,7_103,7,103,00,ATG,GGAG/GAGG,5-10bp,0.586,NODE_7_length_270011_cov_47.638767,mobileOG_000025945_NODE_7_length_270011_cov_47.638767
316,"mobileOG_000288446|clpX|WP_015571275.1|phage|replication,chaperone|Plasmid RefSeq|Homology",NODE_7_length_270011_cov_47.638767_103 # 102352 # 103623 # 1 # ID=7_103;partial=00;start_type=ATG;rbs_motif=GGAG/GAGG;rbs_spacer=5-10bp;gc_cont=0.586,95.0,792,424,7.87e-291,424,1,424,1,423,mobileOG_000288446,clpX,WP_015571275.1,phage,"replication,chaperone",Plasmid RefSeq,Homology,NODE_7_length_270011_cov_47.638767_103, 102352 # 103623 # 1 , 102352,103623,1 ,7_103,7,103,00,ATG,GGAG/GAGG,5-10bp,0.586,NODE_7_length_270011_cov_47.638767,mobileOG_000288446_NODE_7_length_270011_cov_47.638767
317,"mobileOG_000344359|clpX|WP_002891807.1|phage|replication,chaperone|Plasmid RefSeq|Homology",NODE_7_length_270011_cov_47.638767_103 # 102352 # 103623 # 1 # ID=7_103;partial=00;start_type=ATG;rbs_motif=GGAG/GAGG;rbs_spacer=5-10bp;gc_cont=0.586,94.8,791,424,1.12e-290,424,1,424,1,423,mobileOG_000344359,clpX,WP_002891807.1,phage,"replication,chaperone",Plasmid RefSeq,Homology,NODE_7_length_270011_cov_47.638767_103, 102352 # 103623 # 1 , 102352,103623,1 ,7_103,7,103,00,ATG,GGAG/GAGG,5-10bp,0.586,NODE_7_length_270011_cov_47.638767,mobileOG_000344359_NODE_7_length_270011_cov_47.638767
318,mobileOG_000025183|clpX|A0A0A0ZT71|phage|replication/recombination/repair|Plasmid RefSeq|Manual,NODE_7_length_270011_cov_47.638767_103 # 102352 # 103623 # 1 # ID=7_103;partial=00;start_type=ATG;rbs_motif=GGAG/GAGG;rbs_spacer=5-10bp;gc_cont=0.586,94.8,791,424,2.26e-290,424,1,424,1,423,mobileOG_000025183,clpX,A0A0A0ZT71,phage,replication/recombination/repair,Plasmid RefSeq,Manual,NODE_7_length_270011_cov_47.638767_103, 102352 # 103623 # 1 , 102352,103623,1 ,7_103,7,103,00,ATG,GGAG/GAGG,5-10bp,0.586,NODE_7_length_270011_cov_47.638767,mobileOG_000025183_NODE_7_length_270011_cov_47.638767
319,mobileOG_000025998|clpX|A0A1R0G070|phage|replication/recombination/repair|Plasmid RefSeq|Manual,NODE_7_length_270011_cov_47.638767_103 # 102352 # 103623 # 1 # ID=7_103;partial=00;start_type=ATG;rbs_motif=GGAG/GAGG;rbs_spacer=5-10bp;gc_cont=0.586,94.6,789,424,9.18e-290,424,1,424,1,423,mobileOG_000025998,clpX,A0A1R0G070,phage,replication/recombination/repair,Plasmid RefSeq,Manual,NODE_7_length_270011_cov_47.638767_103, 102352 # 103623 # 1 , 102352,103623,1 ,7_103,7,103,00,ATG,GGAG/GAGG,5-10bp,0.586,NODE_7_length_270011_cov_47.638767,mobileOG_000025998_NODE_7_length_270011_cov_47.638767
320,mobileOG_000368515|hup|WP_004940351.1|replication/recombination/repair|integration/excision|Plasmid RefSeq|Homology,NODE_7_length_270011_cov_47.638767_105 # 106389 # 106661 # 1 # ID=7_105;partial=00;start_type=GTG;rbs_motif=GGAG/GAGG;rbs_spacer=5-10bp;gc_cont=0.549,100,165,90,7.33e-54,91,1,90,1,90,mobileOG_000368515,hup,WP_004940351.1,replication/recombination/repair,integration/excision,Plasmid RefSeq,Homology,NODE_7_length_270011_cov_47.638767_105, 106389 # 106661 # 1 , 106389,106661,1 ,7_105,7,105,00,GTG,GGAG/GAGG,5-10bp,0.549,NODE_7_length_270011_cov_47.638767,mobileOG_000368515_NODE_7_length_270011_cov_47.638767
321,mobileOG_000025521|hupB|A0A192CJA5|replication/recombination/repair|integration/excision|Plasmid RefSeq|Manual,NODE_7_length_270011_cov_47.638767_105 # 106389 # 106661 # 1 # ID=7_105;partial=00;start_type=GTG;rbs_motif=GGAG/GAGG;rbs_spacer=5-10bp;gc_cont=0.549,90.0,152,90,7.93e-49,91,1,90,1,90,mobileOG_000025521,hupB,A0A192CJA5,replication/recombination/repair,integration/excision,Plasmid RefSeq,Manual,NODE_7_length_270011_cov_47.638767_105, 106389 # 106661 # 1 , 106389,106661,1 ,7_105,7,105,00,GTG,GGAG/GAGG,5-10bp,0.549,NODE_7_length_270011_cov_47.638767,mobileOG_000025521_NODE_7_length_270011_cov_47.638767
322,mobileOG_000025753|hupB|A0A078LCB7|phage|replication/recombination/repair|Plasmid RefSeq|Manual,NODE_7_length_270011_cov_47.638767_105 # 106389 # 106661 # 1 # ID=7_105;partial=00;start_type=GTG;rbs_motif=GGAG/GAGG;rbs_spacer=5-10bp;gc_cont=0.549,90.0,152,90,1.13e-48,91,1,90,1,90,mobileOG_000025753,hupB,A0A078LCB7,phage,replication/recombination/repair,Plasmid RefSeq,Manual,NODE_7_length_270011_cov_47.638767_105, 106389 # 106661 # 1 , 106389,106661,1 ,7_105,7,105,00,GTG,GGAG/GAGG,5-10bp,0.549,NODE_7_length_270011_cov_47.638767,mobileOG_000025753_NODE_7_length_270011_cov_47.638767
323,mobileOG_000299341|hup|WP_002444653.1|replication/recombination/repair|integration/excision|Plasmid RefSeq|Homology,NODE_7_length_270011_cov_47.638767_105 # 106389 # 106661 # 1 # ID=7_105;partial=00;start_type=GTG;rbs_motif=GGAG/GAGG;rbs_spacer=5-10bp;gc_cont=0.549,90.0,152,90,1.60e-48,91,1,90,1,90,mobileOG_000299341,hup,WP_002444653.1,replication/recombination/repair,integration/excision,Plasmid RefSeq,Homology,NODE_7_length_270011_cov_47.638767_105, 106389 # 106661 # 1 , 106389,106661,1 ,7_105,7,105,00,GTG,GGAG/GAGG,5-10bp,0.549,NODE_7_length_270011_cov_47.638767,mobileOG_000299341_NODE_7_length_270011_cov_47.638767
324,mobileOG_000351488|ybaV|WP_033642074.1|transfer|competence|Plasmid RefSeq|Homology,NODE_7_length_270011_cov_47.638767_107 # 108862 # 109242 # 1 # ID=7_107;partial=00;start_type=ATG;rbs_motif=AGGAG;rbs_spacer=5-10bp;gc_cont=0.625,92.1,217,126,3.67e-73,127,1,126,1,126,mobileOG_000351488,ybaV,WP_033642074.1,transfer,competence,Plasmid RefSeq,Homology,NODE_7_length_270011_cov_47.638767_107, 108862 # 109242 # 1 , 108862,109242,1 ,7_107,7,107,00,ATG,AGGAG,5-10bp,0.625,NODE_7_length_270011_cov_47.638767,mobileOG_000351488_NODE_7_length_270011_cov_47.638767
325,mobileOG_000368554|ogt|WP_033642088.1|replication/recombination/repair|NA|Plasmid RefSeq|Homology,NODE_7_length_270011_cov_47.638767_120 # 122311 # 122625 # -1 # ID=7_120;partial=00;start_type=ATG;rbs_motif=AGGA;rbs_spacer=5-10bp;gc_cont=0.641,97.1,213,104,1.72e-72,105,1,104,1,104,mobileOG_000368554,ogt,WP_033642088.1,replication/recombination/repair,NA,Plasmid RefSeq,Homology,NODE_7_length_270011_cov_47.638767_120, 122311 # 122625 # -1 , 122311,122625,-1 ,7_120,7,120,00,ATG,AGGA,5-10bp,0.641,NODE_7_length_270011_cov_47.638767,mobileOG_000368554_NODE_7_length_270011_cov_47.638767
326,mobileOG_000314374|ogt|WP_033647296.1|replication/recombination/repair|NA|Plasmid RefSeq|Homology,NODE_7_length_270011_cov_47.638767_120 # 122311 # 122625 # -1 # ID=7_120;partial=00;start_type=ATG;rbs_motif=AGGA;rbs_spacer=5-10bp;gc_cont=0.641,96.2,212,104,7.00e-72,105,1,104,1,104,mobileOG_000314374,ogt,WP_033647296.1,replication/recombination/repair,NA,Plasmid RefSeq,Homology,NODE_7_length_270011_cov_47.638767_120, 122311 # 122625 # -1 , 122311,122625,-1 ,7_120,7,120,00,ATG,AGGA,5-10bp,0.641,NODE_7_length_270011_cov_47.638767,mobileOG_000314374_NODE_7_length_270011_cov_47.638767
327,mobileOG_000374241|priC|WP_033642112.1|replication/recombination/repair|NA|Plasmid RefSeq|Homology,NODE_7_length_270011_cov_47.638767_135 # 137269 # 137805 # -1 # ID=7_135;partial=00;start_type=GTG;rbs_motif=GGAG/GAGG;rbs_spacer=5-10bp;gc_cont=0.650,97.8,317,178,2.86e-111,179,1,178,1,178,mobileOG_000374241,priC,WP_033642112.1,replication/recombination/repair,NA,Plasmid RefSeq,Homology,NODE_7_length_270011_cov_47.638767_135, 137269 # 137805 # -1 , 137269,137805,-1 ,7_135,7,135,00,GTG,GGAG/GAGG,5-10bp,0.650,NODE_7_length_270011_cov_47.638767,mobileOG_000374241_NODE_7_length_270011_cov_47.638767
328,mobileOG_000374240|priC|WP_033637350.1|replication/recombination/repair|NA|Plasmid RefSeq|Homology,NODE_7_length_270011_cov_47.638767_135 # 137269 # 137805 # -1 # ID=7_135;partial=00;start_type=GTG;rbs_motif=GGAG/GAGG;rbs_spacer=5-10bp;gc_cont=0.650,97.8,317,178,4.06e-111,179,1,178,1,178,mobileOG_000374240,priC,WP_033637350.1,replication/recombination/repair,NA,Plasmid RefSeq,Homology,NODE_7_length_270011_cov_47.638767_135, 137269 # 137805 # -1 , 137269,137805,-1 ,7_135,7,135,00,GTG,GGAG/GAGG,5-10bp,0.650,NODE_7_length_270011_cov_47.638767,mobileOG_000374240_NODE_7_length_270011_cov_47.638767
329,mobileOG_000365592|dnaX|WP_101453443.1|replication/recombination/repair|NA|Plasmid RefSeq|Homology,NODE_7_length_270011_cov_47.638767_138 # 139118 # 141076 # 1 # ID=7_138;partial=00;start_type=ATG;rbs_motif=None;rbs_spacer=None;gc_cont=0.647,96.8,1175,652,0.0,653,1,652,1,652,mobileOG_000365592,dnaX,WP_101453443.1,replication/recombination/repair,NA,Plasmid RefSeq,Homology,NODE_7_length_270011_cov_47.638767_138, 139118 # 141076 # 1 , 139118,141076,1 ,7_138,7,138,00,ATG,None,None,0.647,NODE_7_length_270011_cov_47.638767,mobileOG_000365592_NODE_7_length_270011_cov_47.638767
330,mobileOG_000365572|dnaX|WP_033647268.1|replication/recombination/repair|NA|Plasmid RefSeq|Homology,NODE_7_length_270011_cov_47.638767_138 # 139118 # 141076 # 1 # ID=7_138;partial=00;start_type=ATG;rbs_motif=None;rbs_spacer=None;gc_cont=0.647,96.8,1169,652,0.0,653,1,652,1,652,mobileOG_000365572,dnaX,WP_033647268.1,replication/recombination/repair,NA,Plasmid RefSeq,Homology,NODE_7_length_270011_cov_47.638767_138, 139118 # 141076 # 1 , 139118,141076,1 ,7_138,7,138,00,ATG,None,None,0.647,NODE_7_length_270011_cov_47.638767,mobileOG_000365572_NODE_7_length_270011_cov_47.638767
331,mobileOG_000368514|recR|WP_004940263.1|replication/recombination/repair|NA|Plasmid RefSeq|Homology,NODE_7_length_270011_cov_47.638767_140 # 141447 # 142052 # 1 # ID=7_140;partial=00;start_type=ATG;rbs_motif=None;rbs_spacer=None;gc_cont=0.650,99.5,402,201,6.68e-144,202,1,201,1,201,mobileOG_000368514,recR,WP_004940263.1,replication/recombination/repair,NA,Plasmid RefSeq,Homology,NODE_7_length_270011_cov_47.638767_140, 141447 # 142052 # 1 , 141447,142052,1 ,7_140,7,140,00,ATG,None,None,0.650,NODE_7_length_270011_cov_47.638767,mobileOG_000368514_NODE_7_length_270011_cov_47.638767
332,mobileOG_000025696|recR|WP_002892177.1|replication/recombination/repair|NA|Plasmid RefSeq|Manual,NODE_7_length_270011_cov_47.638767_140 # 141447 # 142052 # 1 # ID=7_140;partial=00;start_type=ATG;rbs_motif=None;rbs_spacer=None;gc_cont=0.650,91.0,369,201,4.28e-131,202,1,201,1,201,mobileOG_000025696,recR,WP_002892177.1,replication/recombination/repair,NA,Plasmid RefSeq,Manual,NODE_7_length_270011_cov_47.638767_140, 141447 # 142052 # 1 , 141447,142052,1 ,7_140,7,140,00,ATG,None,None,0.650,NODE_7_length_270011_cov_47.638767,mobileOG_000025696_NODE_7_length_270011_cov_47.638767
333,mobileOG_000295145|recR|WP_006809843.1|replication/recombination/repair|NA|Plasmid RefSeq|Homology,NODE_7_length_270011_cov_47.638767_140 # 141447 # 142052 # 1 # ID=7_140;partial=00;start_type=ATG;rbs_motif=None;rbs_spacer=None;gc_cont=0.650,91.0,368,201,1.74e-130,202,1,201,1,201,mobileOG_000295145,recR,WP_006809843.1,replication/recombination/repair,NA,Plasmid RefSeq,Homology,NODE_7_length_270011_cov_47.638767_140, 141447 # 142052 # 1 , 141447,142052,1 ,7_140,7,140,00,ATG,None,None,0.650,NODE_7_length_270011_cov_47.638767,mobileOG_000295145_NODE_7_length_270011_cov_47.638767
334,mobileOG_000025590|recR|A0A192CI29|replication/recombination/repair|NA|Plasmid RefSeq|Manual,NODE_7_length_270011_cov_47.638767_140 # 141447 # 142052 # 1 # ID=7_140;partial=00;start_type=ATG;rbs_motif=None;rbs_spacer=None;gc_cont=0.650,90.0,366,201,7.10e-130,202,1,201,1,201,mobileOG_000025590,recR,A0A192CI29,replication/recombination/repair,NA,Plasmid RefSeq,Manual,NODE_7_length_270011_cov_47.638767_140, 141447 # 142052 # 1 , 141447,142052,1 ,7_140,7,140,00,ATG,None,None,0.650,NODE_7_length_270011_cov_47.638767,mobileOG_000025590_NODE_7_length_270011_cov_47.638767
335,mobileOG_000025506|recR|A0A0A5T261|replication/recombination/repair|NA|Plasmid RefSeq|Manual,NODE_7_length_270011_cov_47.638767_140 # 141447 # 142052 # 1 # ID=7_140;partial=00;start_type=ATG;rbs_motif=None;rbs_spacer=None;gc_cont=0.650,90.0,366,201,1.01e-129,202,1,201,1,201,mobileOG_000025506,recR,A0A0A5T261,replication/recombination/repair,NA,Plasmid RefSeq,Manual,NODE_7_length_270011_cov_47.638767_140, 141447 # 142052 # 1 , 141447,142052,1 ,7_140,7,140,00,ATG,None,None,0.650,NODE_7_length_270011_cov_47.638767,mobileOG_000025506_NODE_7_length_270011_cov_47.638767
336,mobileOG_000556803|NA:Keyword|A0A2S4XFV4|transfer|NA|GPD|Keyword Search,NODE_7_length_270011_cov_47.638767_155 # 160700 # 161506 # -1 # ID=7_155;partial=00;start_type=ATG;rbs_motif=AGGAG;rbs_spacer=5-10bp;gc_cont=0.663,96.6,513,268,1.00e-185,269,1,268,1,268,mobileOG_000556803,NA:Keyword,A0A2S4XFV4,transfer,NA,GPD,Keyword Search,NODE_7_length_270011_cov_47.638767_155, 160700 # 161506 # -1 , 160700,161506,-1 ,7_155,7,155,00,ATG,AGGAG,5-10bp,0.663,NODE_7_length_270011_cov_47.638767,mobileOG_000556803_NODE_7_length_270011_cov_47.638767
337,"mobileOG_000368513|qmcA|WP_004940203.1|phage|lysis/lysogeny,regulation|Multiple|Homology",NODE_7_length_270011_cov_47.638767_159 # 165321 # 166226 # -1 # ID=7_159;partial=00;start_type=ATG;rbs_motif=AGGAG;rbs_spacer=5-10bp;gc_cont=0.614,100,459,301,1.86e-163,302,1,301,1,301,mobileOG_000368513,qmcA,WP_004940203.1,phage,"lysis/lysogeny,regulation",Multiple,Homology,NODE_7_length_270011_cov_47.638767_159, 165321 # 166226 # -1 , 165321,166226,-1 ,7_159,7,159,00,ATG,AGGAG,5-10bp,0.614,NODE_7_length_270011_cov_47.638767,mobileOG_000368513_NODE_7_length_270011_cov_47.638767
338,"mobileOG_000266807|ymfQ|A0A5C6RBS4|phage|structural,transfer|GPD|Homology",NODE_7_length_270011_cov_47.638767_218 # 216384 # 216971 # 1 # ID=7_218;partial=00;start_type=ATG;rbs_motif=None;rbs_spacer=None;gc_cont=0.563,94.4,392,195,3.89e-140,196,1,195,1,195,mobileOG_000266807,ymfQ,A0A5C6RBS4,phage,"structural,transfer",GPD,Homology,NODE_7_length_270011_cov_47.638767_218, 216384 # 216971 # 1 , 216384,216971,1 ,7_218,7,218,00,ATG,None,None,0.563,NODE_7_length_270011_cov_47.638767,mobileOG_000266807_NODE_7_length_270011_cov_47.638767
339,mobileOG_000327716|holA|WP_033647201.1|replication/recombination/repair|NA|Plasmid RefSeq|Homology,NODE_7_length_270011_cov_47.638767_256 # 251591 # 252625 # -1 # ID=7_256;partial=00;start_type=ATG;rbs_motif=None;rbs_spacer=None;gc_cont=0.642,99.4,667,344,5.49e-244,345,1,344,1,344,mobileOG_000327716,holA,WP_033647201.1,replication/recombination/repair,NA,Plasmid RefSeq,Homology,NODE_7_length_270011_cov_47.638767_256, 251591 # 252625 # -1 , 251591,252625,-1 ,7_256,7,256,00,ATG,None,None,0.642,NODE_7_length_270011_cov_47.638767,mobileOG_000327716_NODE_7_length_270011_cov_47.638767
340,mobileOG_000351495|holA|WP_047572366.1|replication/recombination/repair|NA|Plasmid RefSeq|Homology,NODE_7_length_270011_cov_47.638767_256 # 251591 # 252625 # -1 # ID=7_256;partial=00;start_type=ATG;rbs_motif=None;rbs_spacer=None;gc_cont=0.642,99.4,666,344,7.80e-244,345,1,344,1,344,mobileOG_000351495,holA,WP_047572366.1,replication/recombination/repair,NA,Plasmid RefSeq,Homology,NODE_7_length_270011_cov_47.638767_256, 251591 # 252625 # -1 , 251591,252625,-1 ,7_256,7,256,00,ATG,None,None,0.642,NODE_7_length_270011_cov_47.638767,mobileOG_000351495_NODE_7_length_270011_cov_47.638767
341,mobileOG_000327800|hda|WP_025159568.1|replication/recombination/repair|NA|Plasmid RefSeq|Homology,NODE_8_length_258038_cov_46.292746_35 # 31191 # 31673 # -1 # ID=8_35;partial=00;start_type=GTG;rbs_motif=GGA/GAG/AGG;rbs_spacer=5-10bp;gc_cont=0.617,99.4,321,233,3.95e-112,161,74,233,1,160,mobileOG_000327800,hda,WP_025159568.1,replication/recombination/repair,NA,Plasmid RefSeq,Homology,NODE_8_length_258038_cov_46.292746_35, 31191 # 31673 # -1 , 31191,31673,-1 ,8_35,8,35,00,GTG,GGA/GAG/AGG,5-10bp,0.617,NODE_8_length_258038_cov_46.292746,mobileOG_000327800_NODE_8_length_258038_cov_46.292746
342,mobileOG_000330176|hda|WP_101453253.1|replication/recombination/repair|NA|Plasmid RefSeq|Homology,NODE_8_length_258038_cov_46.292746_35 # 31191 # 31673 # -1 # ID=8_35;partial=00;start_type=GTG;rbs_motif=GGA/GAG/AGG;rbs_spacer=5-10bp;gc_cont=0.617,98.8,320,233,1.13e-111,161,74,233,1,160,mobileOG_000330176,hda,WP_101453253.1,replication/recombination/repair,NA,Plasmid RefSeq,Homology,NODE_8_length_258038_cov_46.292746_35, 31191 # 31673 # -1 , 31191,31673,-1 ,8_35,8,35,00,GTG,GGA/GAG/AGG,5-10bp,0.617,NODE_8_length_258038_cov_46.292746,mobileOG_000330176_NODE_8_length_258038_cov_46.292746
343,mobileOG_000040283|hda|A0A094VSK4|replication/recombination/repair|NA|COMPASS|Homology,NODE_8_length_258038_cov_46.292746_35 # 31191 # 31673 # -1 # ID=8_35;partial=00;start_type=GTG;rbs_motif=GGA/GAG/AGG;rbs_spacer=5-10bp;gc_cont=0.617,90.0,291,225,1.13e-100,161,66,225,1,160,mobileOG_000040283,hda,A0A094VSK4,replication/recombination/repair,NA,COMPASS,Homology,NODE_8_length_258038_cov_46.292746_35, 31191 # 31673 # -1 , 31191,31673,-1 ,8_35,8,35,00,GTG,GGA/GAG/AGG,5-10bp,0.617,NODE_8_length_258038_cov_46.292746,mobileOG_000040283_NODE_8_length_258038_cov_46.292746
344,mobileOG_000327250|hda|WP_000247065.1|replication/recombination/repair|NA|Plasmid RefSeq|Homology,NODE_8_length_258038_cov_46.292746_35 # 31191 # 31673 # -1 # ID=8_35;partial=00;start_type=GTG;rbs_motif=GGA/GAG/AGG;rbs_spacer=5-10bp;gc_cont=0.617,90.0,291,248,2.47e-100,161,89,248,1,160,mobileOG_000327250,hda,WP_000247065.1,replication/recombination/repair,NA,Plasmid RefSeq,Homology,NODE_8_length_258038_cov_46.292746_35, 31191 # 31673 # -1 , 31191,31673,-1 ,8_35,8,35,00,GTG,GGA/GAG/AGG,5-10bp,0.617,NODE_8_length_258038_cov_46.292746,mobileOG_000327250_NODE_8_length_258038_cov_46.292746
345,mobileOG_000340880|vapC|WP_033654558.1|stability/transfer/defense|NA|Plasmid RefSeq|Homology,NODE_8_length_258038_cov_46.292746_66 # 71727 # 72116 # -1 # ID=8_66;partial=00;start_type=ATG;rbs_motif=AGGA;rbs_spacer=5-10bp;gc_cont=0.582,94.6,244,129,9.68e-84,130,1,129,1,129,mobileOG_000340880,vapC,WP_033654558.1,stability/transfer/defense,NA,Plasmid RefSeq,Homology,NODE_8_length_258038_cov_46.292746_66, 71727 # 72116 # -1 , 71727,72116,-1 ,8_66,8,66,00,ATG,AGGA,5-10bp,0.582,NODE_8_length_258038_cov_46.292746,mobileOG_000340880_NODE_8_length_258038_cov_46.292746
346,mobileOG_000328285|xseA|WP_031299944.1|replication/recombination/repair|NA|Plasmid RefSeq|Homology,NODE_8_length_258038_cov_46.292746_105 # 111766 # 113064 # 1 # ID=8_105;partial=00;start_type=ATG;rbs_motif=GGA/GAG/AGG;rbs_spacer=5-10bp;gc_cont=0.665,96.5,652,458,7.54e-235,433,27,458,1,432,mobileOG_000328285,xseA,WP_031299944.1,replication/recombination/repair,NA,Plasmid RefSeq,Homology,NODE_8_length_258038_cov_46.292746_105, 111766 # 113064 # 1 , 111766,113064,1 ,8_105,8,105,00,ATG,GGA/GAG/AGG,5-10bp,0.665,NODE_8_length_258038_cov_46.292746,mobileOG_000328285_NODE_8_length_258038_cov_46.292746
347,"mobileOG_000329166|dnaK|WP_101455550.1|phage|infection,regulation|Plasmid RefSeq|Homology",NODE_8_length_258038_cov_46.292746_126 # 133779 # 135629 # -1 # ID=8_126;partial=00;start_type=ATG;rbs_motif=GGA/GAG/AGG;rbs_spacer=5-10bp;gc_cont=0.663,99.0,1138,616,0.0,617,1,616,1,616,mobileOG_000329166,dnaK,WP_101455550.1,phage,"infection,regulation",Plasmid RefSeq,Homology,NODE_8_length_258038_cov_46.292746_126, 133779 # 135629 # -1 , 133779,135629,-1 ,8_126,8,126,00,ATG,GGA/GAG/AGG,5-10bp,0.663,NODE_8_length_258038_cov_46.292746,mobileOG_000329166_NODE_8_length_258038_cov_46.292746
348,mobileOG_000368501|recO|WP_004929165.1|replication/recombination/repair|NA|Multiple|Homology,NODE_8_length_258038_cov_46.292746_166 # 180555 # 181286 # -1 # ID=8_166;partial=00;start_type=GTG;rbs_motif=None;rbs_spacer=None;gc_cont=0.637,100,486,243,6.84e-176,244,1,243,1,243,mobileOG_000368501,recO,WP_004929165.1,replication/recombination/repair,NA,Multiple,Homology,NODE_8_length_258038_cov_46.292746_166, 180555 # 181286 # -1 , 180555,181286,-1 ,8_166,8,166,00,GTG,None,None,0.637,NODE_8_length_258038_cov_46.292746,mobileOG_000368501_NODE_8_length_258038_cov_46.292746
349,mobileOG_000368553|ung|WP_033635636.1|replication/recombination/repair|NA|Plasmid RefSeq|Homology,NODE_8_length_258038_cov_46.292746_182 # 196700 # 197383 # 1 # ID=8_182;partial=00;start_type=ATG;rbs_motif=AGGAG;rbs_spacer=5-10bp;gc_cont=0.630,100,478,227,4.49e-173,228,1,227,1,227,mobileOG_000368553,ung,WP_033635636.1,replication/recombination/repair,NA,Plasmid RefSeq,Homology,NODE_8_length_258038_cov_46.292746_182, 196700 # 197383 # 1 , 196700,197383,1 ,8_182,8,182,00,ATG,AGGAG,5-10bp,0.630,NODE_8_length_258038_cov_46.292746,mobileOG_000368553_NODE_8_length_258038_cov_46.292746
350,mobileOG_000328446|recN|WP_033654310.1|replication/recombination/repair|NA|Plasmid RefSeq|Homology,NODE_8_length_258038_cov_46.292746_185 # 199115 # 200776 # 1 # ID=8_185;partial=00;start_type=ATG;rbs_motif=AGGA;rbs_spacer=5-10bp;gc_cont=0.649,91.5,945,553,0.0,554,1,553,1,553,mobileOG_000328446,recN,WP_033654310.1,replication/recombination/repair,NA,Plasmid RefSeq,Homology,NODE_8_length_258038_cov_46.292746_185, 199115 # 200776 # 1 , 199115,200776,1 ,8_185,8,185,00,ATG,AGGA,5-10bp,0.649,NODE_8_length_258038_cov_46.292746,mobileOG_000328446_NODE_8_length_258038_cov_46.292746
351,mobileOG_000337297|ratA|WP_086580341.1|stability/transfer/defense|NA|Plasmid RefSeq|Homology,NODE_8_length_258038_cov_46.292746_188 # 201751 # 202185 # -1 # ID=8_188;partial=00;start_type=ATG;rbs_motif=AGGA;rbs_spacer=5-10bp;gc_cont=0.570,100,287,162,3.20e-100,145,19,162,1,144,mobileOG_000337297,ratA,WP_086580341.1,stability/transfer/defense,NA,Plasmid RefSeq,Homology,NODE_8_length_258038_cov_46.292746_188, 201751 # 202185 # -1 , 201751,202185,-1 ,8_188,8,188,00,ATG,AGGA,5-10bp,0.570,NODE_8_length_258038_cov_46.292746,mobileOG_000337297_NODE_8_length_258038_cov_46.292746
352,"mobileOG_000301583|dpiA|WP_033635694.1|replication/recombination/repair|partitioning,regulation|Plasmid RefSeq|Homology",NODE_8_length_258038_cov_46.292746_228 # 236833 # 237519 # 1 # ID=8_228;partial=00;start_type=ATG;rbs_motif=GGA/GAG/AGG;rbs_spacer=5-10bp;gc_cont=0.598,99.1,442,228,7.36e-159,229,1,228,1,228,mobileOG_000301583,dpiA,WP_033635694.1,replication/recombination/repair,"partitioning,regulation",Plasmid RefSeq,Homology,NODE_8_length_258038_cov_46.292746_228, 236833 # 237519 # 1 , 236833,237519,1 ,8_228,8,228,00,ATG,GGA/GAG/AGG,5-10bp,0.598,NODE_8_length_258038_cov_46.292746,mobileOG_000301583_NODE_8_length_258038_cov_46.292746
353,mobileOG_000351512|comM|WP_101452725.1|transfer|competence|Plasmid RefSeq|Homology,NODE_9_length_222358_cov_57.857829_3 # 1782 # 3305 # -1 # ID=9_3;partial=00;start_type=ATG;rbs_motif=AGGAG;rbs_spacer=5-10bp;gc_cont=0.633,96.1,929,507,0.0,508,1,507,1,507,mobileOG_000351512,comM,WP_101452725.1,transfer,competence,Plasmid RefSeq,Homology,NODE_9_length_222358_cov_57.857829_3, 1782 # 3305 # -1 , 1782,3305,-1 ,9_3,9,3,00,ATG,AGGAG,5-10bp,0.633,NODE_9_length_222358_cov_57.857829,mobileOG_000351512_NODE_9_length_222358_cov_57.857829
354,mobileOG_000323580|comM|WP_033649962.1|transfer|competence|Plasmid RefSeq|Homology,NODE_9_length_222358_cov_57.857829_3 # 1782 # 3305 # -1 # ID=9_3;partial=00;start_type=ATG;rbs_motif=AGGAG;rbs_spacer=5-10bp;gc_cont=0.633,95.5,918,507,0.0,508,1,507,1,507,mobileOG_000323580,comM,WP_033649962.1,transfer,competence,Plasmid RefSeq,Homology,NODE_9_length_222358_cov_57.857829_3, 1782 # 3305 # -1 , 1782,3305,-1 ,9_3,9,3,00,ATG,AGGAG,5-10bp,0.633,NODE_9_length_222358_cov_57.857829,mobileOG_000323580_NODE_9_length_222358_cov_57.857829
355,mobileOG_000323577|comM|WP_101427545.1|transfer|competence|Plasmid RefSeq|Homology,NODE_9_length_222358_cov_57.857829_3 # 1782 # 3305 # -1 # ID=9_3;partial=00;start_type=ATG;rbs_motif=AGGAG;rbs_spacer=5-10bp;gc_cont=0.633,95.3,914,507,0.0,508,1,507,1,507,mobileOG_000323577,comM,WP_101427545.1,transfer,competence,Plasmid RefSeq,Homology,NODE_9_length_222358_cov_57.857829_3, 1782 # 3305 # -1 , 1782,3305,-1 ,9_3,9,3,00,ATG,AGGAG,5-10bp,0.633,NODE_9_length_222358_cov_57.857829,mobileOG_000323577_NODE_9_length_222358_cov_57.857829
356,mobileOG_000754507|NA:Keyword|WP_016930391.1|transfer|NA|Plasmid RefSeq|Keyword Search,NODE_9_length_222358_cov_57.857829_104 # 127409 # 128245 # -1 # ID=9_104;partial=00;start_type=ATG;rbs_motif=GGA/GAG/AGG;rbs_spacer=5-10bp;gc_cont=0.613,98.6,557,278,9.08e-203,279,1,278,1,278,mobileOG_000754507,NA:Keyword,WP_016930391.1,transfer,NA,Plasmid RefSeq,Keyword Search,NODE_9_length_222358_cov_57.857829_104, 127409 # 128245 # -1 , 127409,128245,-1 ,9_104,9,104,00,ATG,GGA/GAG/AGG,5-10bp,0.613,NODE_9_length_222358_cov_57.857829,mobileOG_000754507_NODE_9_length_222358_cov_57.857829
357,mobileOG_000755095|NA:Keyword|WP_033651754.1|transfer|NA|Plasmid RefSeq|Keyword Search,NODE_9_length_222358_cov_57.857829_104 # 127409 # 128245 # -1 # ID=9_104;partial=00;start_type=ATG;rbs_motif=GGA/GAG/AGG;rbs_spacer=5-10bp;gc_cont=0.613,98.2,556,278,1.29e-202,279,1,278,1,278,mobileOG_000755095,NA:Keyword,WP_033651754.1,transfer,NA,Plasmid RefSeq,Keyword Search,NODE_9_length_222358_cov_57.857829_104, 127409 # 128245 # -1 , 127409,128245,-1 ,9_104,9,104,00,ATG,GGA/GAG/AGG,5-10bp,0.613,NODE_9_length_222358_cov_57.857829,mobileOG_000755095_NODE_9_length_222358_cov_57.857829
358,mobileOG_000756355|NA:Keyword|WP_039569119.1|transfer|NA|Plasmid RefSeq|Keyword Search,NODE_9_length_222358_cov_57.857829_104 # 127409 # 128245 # -1 # ID=9_104;partial=00;start_type=ATG;rbs_motif=GGA/GAG/AGG;rbs_spacer=5-10bp;gc_cont=0.613,97.5,551,278,1.24e-200,279,1,278,1,278,mobileOG_000756355,NA:Keyword,WP_039569119.1,transfer,NA,Plasmid RefSeq,Keyword Search,NODE_9_length_222358_cov_57.857829_104, 127409 # 128245 # -1 , 127409,128245,-1 ,9_104,9,104,00,ATG,GGA/GAG/AGG,5-10bp,0.613,NODE_9_length_222358_cov_57.857829,mobileOG_000756355_NODE_9_length_222358_cov_57.857829
359,mobileOG_000340872|vapC|WP_016930378.1|stability/transfer/defense|NA|Plasmid RefSeq|Homology,NODE_9_length_222358_cov_57.857829_130 # 156426 # 156905 # -1 # ID=9_130;partial=00;start_type=ATG;rbs_motif=None;rbs_spacer=None;gc_cont=0.558,100,325,159,8.61e-115,160,1,159,1,159,mobileOG_000340872,vapC,WP_016930378.1,stability/transfer/defense,NA,Plasmid RefSeq,Homology,NODE_9_length_222358_cov_57.857829_130, 156426 # 156905 # -1 , 156426,156905,-1 ,9_130,9,130,00,ATG,None,None,0.558,NODE_9_length_222358_cov_57.857829,mobileOG_000340872_NODE_9_length_222358_cov_57.857829
360,mobileOG_000342074|vapC|WP_074026079.1|stability/transfer/defense|NA|Plasmid RefSeq|Homology,NODE_9_length_222358_cov_57.857829_130 # 156426 # 156905 # -1 # ID=9_130;partial=00;start_type=ATG;rbs_motif=None;rbs_spacer=None;gc_cont=0.558,98.1,321,159,2.03e-113,160,1,159,1,159,mobileOG_000342074,vapC,WP_074026079.1,stability/transfer/defense,NA,Plasmid RefSeq,Homology,NODE_9_length_222358_cov_57.857829_130, 156426 # 156905 # -1 , 156426,156905,-1 ,9_130,9,130,00,ATG,None,None,0.558,NODE_9_length_222358_cov_57.857829,mobileOG_000342074_NODE_9_length_222358_cov_57.857829
361,mobileOG_000342300|vapC|WP_033636311.1|stability/transfer/defense|NA|Plasmid RefSeq|Homology,NODE_9_length_222358_cov_57.857829_130 # 156426 # 156905 # -1 # ID=9_130;partial=00;start_type=ATG;rbs_motif=None;rbs_spacer=None;gc_cont=0.558,97.5,320,159,5.82e-113,160,1,159,1,159,mobileOG_000342300,vapC,WP_033636311.1,stability/transfer/defense,NA,Plasmid RefSeq,Homology,NODE_9_length_222358_cov_57.857829_130, 156426 # 156905 # -1 , 156426,156905,-1 ,9_130,9,130,00,ATG,None,None,0.558,NODE_9_length_222358_cov_57.857829,mobileOG_000342300_NODE_9_length_222358_cov_57.857829
362,mobileOG_000365493|dam_1|WP_004930319.1|stability/transfer/defense|NA|Plasmid RefSeq|Homology,NODE_9_length_222358_cov_57.857829_147 # 173954 # 174661 # 1 # ID=9_147;partial=00;start_type=GTG;rbs_motif=GGA/GAG/AGG;rbs_spacer=5-10bp;gc_cont=0.558,98.7,468,270,1.36e-168,236,36,270,1,235,mobileOG_000365493,dam_1,WP_004930319.1,stability/transfer/defense,NA,Plasmid RefSeq,Homology,NODE_9_length_222358_cov_57.857829_147, 173954 # 174661 # 1 , 173954,174661,1 ,9_147,9,147,00,GTG,GGA/GAG/AGG,5-10bp,0.558,NODE_9_length_222358_cov_57.857829,mobileOG_000365493_NODE_9_length_222358_cov_57.857829
363,mobileOG_000365501|dam_1|WP_033636297.1|stability/transfer/defense|NA|Plasmid RefSeq|Homology,NODE_9_length_222358_cov_57.857829_147 # 173954 # 174661 # 1 # ID=9_147;partial=00;start_type=GTG;rbs_motif=GGA/GAG/AGG;rbs_spacer=5-10bp;gc_cont=0.558,98.3,466,270,1.12e-167,236,36,270,1,235,mobileOG_000365501,dam_1,WP_033636297.1,stability/transfer/defense,NA,Plasmid RefSeq,Homology,NODE_9_length_222358_cov_57.857829_147, 173954 # 174661 # 1 , 173954,174661,1 ,9_147,9,147,00,GTG,GGA/GAG/AGG,5-10bp,0.558,NODE_9_length_222358_cov_57.857829,mobileOG_000365501_NODE_9_length_222358_cov_57.857829
364,mobileOG_000365508|dam_1|WP_047573438.1|stability/transfer/defense|NA|Plasmid RefSeq|Homology,NODE_9_length_222358_cov_57.857829_147 # 173954 # 174661 # 1 # ID=9_147;partial=00;start_type=GTG;rbs_motif=GGA/GAG/AGG;rbs_spacer=5-10bp;gc_cont=0.558,97.4,463,270,1.85e-166,236,36,270,1,235,mobileOG_000365508,dam_1,WP_047573438.1,stability/transfer/defense,NA,Plasmid RefSeq,Homology,NODE_9_length_222358_cov_57.857829_147, 173954 # 174661 # 1 , 173954,174661,1 ,9_147,9,147,00,GTG,GGA/GAG/AGG,5-10bp,0.558,NODE_9_length_222358_cov_57.857829,mobileOG_000365508_NODE_9_length_222358_cov_57.857829
365,mobileOG_000361587|rmuC|WP_033636701.1|replication/recombination/repair|NA|Plasmid RefSeq|Homology,NODE_10_length_215236_cov_58.197273_20 # 19655 # 21202 # -1 # ID=10_20;partial=00;start_type=GTG;rbs_motif=AGGAGG;rbs_spacer=3-4bp;gc_cont=0.617,98.6,843,515,3.63e-308,516,1,515,1,515,mobileOG_000361587,rmuC,WP_033636701.1,replication/recombination/repair,NA,Plasmid RefSeq,Homology,NODE_10_length_215236_cov_58.197273_20, 19655 # 21202 # -1 , 19655,21202,-1 ,10_20,10,20,00,GTG,AGGAGG,3-4bp,0.617,NODE_10_length_215236_cov_58.197273,mobileOG_000361587_NODE_10_length_215236_cov_58.197273
366,mobileOG_000328016|recQ|WP_033649642.1|replication/recombination/repair|NA|Plasmid RefSeq|Homology,NODE_10_length_215236_cov_58.197273_68 # 70554 # 72398 # -1 # ID=10_68;partial=00;start_type=ATG;rbs_motif=None;rbs_spacer=None;gc_cont=0.626,99.2,1221,610,0.0,615,1,610,5,614,mobileOG_000328016,recQ,WP_033649642.1,replication/recombination/repair,NA,Plasmid RefSeq,Homology,NODE_10_length_215236_cov_58.197273_68, 70554 # 72398 # -1 , 70554,72398,-1 ,10_68,10,68,00,ATG,None,None,0.626,NODE_10_length_215236_cov_58.197273,mobileOG_000328016_NODE_10_length_215236_cov_58.197273
367,mobileOG_000329602|uvrD|WP_101456625.1|replication/recombination/repair|plasmid|Plasmid RefSeq|Homology,NODE_10_length_215236_cov_58.197273_74 # 76867 # 79029 # -1 # ID=10_74;partial=00;start_type=ATG;rbs_motif=None;rbs_spacer=None;gc_cont=0.632,99.6,1431,720,0.0,721,1,720,1,720,mobileOG_000329602,uvrD,WP_101456625.1,replication/recombination/repair,plasmid,Plasmid RefSeq,Homology,NODE_10_length_215236_cov_58.197273_74, 76867 # 79029 # -1 , 76867,79029,-1 ,10_74,10,74,00,ATG,None,None,0.632,NODE_10_length_215236_cov_58.197273,mobileOG_000329602_NODE_10_length_215236_cov_58.197273
368,mobileOG_000351840|uvrD|WP_002211475.1|replication/recombination/repair|plasmid|Plasmid RefSeq|Homology,NODE_10_length_215236_cov_58.197273_74 # 76867 # 79029 # -1 # ID=10_74;partial=00;start_type=ATG;rbs_motif=None;rbs_spacer=None;gc_cont=0.632,92.5,1348,720,0.0,721,1,720,1,720,mobileOG_000351840,uvrD,WP_002211475.1,replication/recombination/repair,plasmid,Plasmid RefSeq,Homology,NODE_10_length_215236_cov_58.197273_74, 76867 # 79029 # -1 , 76867,79029,-1 ,10_74,10,74,00,ATG,None,None,0.632,NODE_10_length_215236_cov_58.197273,mobileOG_000351840_NODE_10_length_215236_cov_58.197273
369,mobileOG_000349233|xerD|WP_016929495.1|integration/excision|replication/recombination/repair|Plasmid RefSeq|Homology,NODE_10_length_215236_cov_58.197273_76 # 79824 # 80735 # -1 # ID=10_76;partial=00;start_type=ATG;rbs_motif=GGA/GAG/AGG;rbs_spacer=5-10bp;gc_cont=0.643,99.7,597,303,1.25e-217,304,1,303,1,303,mobileOG_000349233,xerD,WP_016929495.1,integration/excision,replication/recombination/repair,Plasmid RefSeq,Homology,NODE_10_length_215236_cov_58.197273_76, 79824 # 80735 # -1 , 79824,80735,-1 ,10_76,10,76,00,ATG,GGA/GAG/AGG,5-10bp,0.643,NODE_10_length_215236_cov_58.197273,mobileOG_000349233_NODE_10_length_215236_cov_58.197273
370,"mobileOG_000332113|rep|WP_060446051.1|replication/recombination/repair|initiation,copy number control,plasmid|Plasmid RefSeq|Homology",NODE_10_length_215236_cov_58.197273_103 # 111308 # 113332 # -1 # ID=10_103;partial=00;start_type=ATG;rbs_motif=GGA/GAG/AGG;rbs_spacer=11-12bp;gc_cont=0.607,99.6,1324,674,0.0,675,1,674,1,674,mobileOG_000332113,rep,WP_060446051.1,replication/recombination/repair,"initiation,copy number control,plasmid",Plasmid RefSeq,Homology,NODE_10_length_215236_cov_58.197273_103, 111308 # 113332 # -1 , 111308,113332,-1 ,10_103,10,103,00,ATG,GGA/GAG/AGG,11-12bp,0.607,NODE_10_length_215236_cov_58.197273,mobileOG_000332113_NODE_10_length_215236_cov_58.197273
371,mobileOG_000313842|oppF|WP_033636613.1|transfer|competence|Plasmid RefSeq|Homology,NODE_10_length_215236_cov_58.197273_117 # 133684 # 134673 # -1 # ID=10_117;partial=00;start_type=ATG;rbs_motif=GGAGG;rbs_spacer=5-10bp;gc_cont=0.617,99.4,650,329,4.31e-238,330,1,329,1,329,mobileOG_000313842,oppF,WP_033636613.1,transfer,competence,Plasmid RefSeq,Homology,NODE_10_length_215236_cov_58.197273_117, 133684 # 134673 # -1 , 133684,134673,-1 ,10_117,10,117,00,ATG,GGAGG,5-10bp,0.617,NODE_10_length_215236_cov_58.197273,mobileOG_000313842_NODE_10_length_215236_cov_58.197273
372,mobileOG_000367015|oppF|WP_161597821.1|transfer|competence|Plasmid RefSeq|Homology,NODE_10_length_215236_cov_58.197273_117 # 133684 # 134673 # -1 # ID=10_117;partial=00;start_type=ATG;rbs_motif=GGAGG;rbs_spacer=5-10bp;gc_cont=0.617,95.0,609,346,1.65e-221,330,19,339,5,325,mobileOG_000367015,oppF,WP_161597821.1,transfer,competence,Plasmid RefSeq,Homology,NODE_10_length_215236_cov_58.197273_117, 133684 # 134673 # -1 , 133684,134673,-1 ,10_117,10,117,00,ATG,GGAGG,5-10bp,0.617,NODE_10_length_215236_cov_58.197273,mobileOG_000367015_NODE_10_length_215236_cov_58.197273
373,mobileOG_000289032|oppF|WP_008806903.1|transfer|competence|Plasmid RefSeq|Homology,NODE_10_length_215236_cov_58.197273_117 # 133684 # 134673 # -1 # ID=10_117;partial=00;start_type=ATG;rbs_motif=GGAGG;rbs_spacer=5-10bp;gc_cont=0.617,92.3,598,337,4.41e-217,330,10,332,5,327,mobileOG_000289032,oppF,WP_008806903.1,transfer,competence,Plasmid RefSeq,Homology,NODE_10_length_215236_cov_58.197273_117, 133684 # 134673 # -1 , 133684,134673,-1 ,10_117,10,117,00,ATG,GGAGG,5-10bp,0.617,NODE_10_length_215236_cov_58.197273,mobileOG_000289032_NODE_10_length_215236_cov_58.197273
374,mobileOG_000288462|oppF|WP_017383568.1|transfer|competence|Plasmid RefSeq|Homology,NODE_10_length_215236_cov_58.197273_117 # 133684 # 134673 # -1 # ID=10_117;partial=00;start_type=ATG;rbs_motif=GGAGG;rbs_spacer=5-10bp;gc_cont=0.617,91.3,589,337,1.41e-213,330,10,331,5,326,mobileOG_000288462,oppF,WP_017383568.1,transfer,competence,Plasmid RefSeq,Homology,NODE_10_length_215236_cov_58.197273_117, 133684 # 134673 # -1 , 133684,134673,-1 ,10_117,10,117,00,ATG,GGAGG,5-10bp,0.617,NODE_10_length_215236_cov_58.197273,mobileOG_000288462_NODE_10_length_215236_cov_58.197273
375,mobileOG_000333736|oppD|WP_004934132.1|transfer|competence|Plasmid RefSeq|Homology,NODE_10_length_215236_cov_58.197273_118 # 134670 # 135650 # -1 # ID=10_118;partial=00;start_type=ATG;rbs_motif=GGAG/GAGG;rbs_spacer=5-10bp;gc_cont=0.634,100,635,326,4.28e-232,327,1,326,1,326,mobileOG_000333736,oppD,WP_004934132.1,transfer,competence,Plasmid RefSeq,Homology,NODE_10_length_215236_cov_58.197273_118, 134670 # 135650 # -1 , 134670,135650,-1 ,10_118,10,118,00,ATG,GGAG/GAGG,5-10bp,0.634,NODE_10_length_215236_cov_58.197273,mobileOG_000333736_NODE_10_length_215236_cov_58.197273
376,mobileOG_000001918|insN|D3QP14|integration/excision|NA|COMPASS|Manual,NODE_10_length_215236_cov_58.197273_180 # 203788 # 204099 # 1 # ID=10_180;partial=00;start_type=ATG;rbs_motif=GGA/GAG/AGG;rbs_spacer=5-10bp;gc_cont=0.529,94.2,184,103,6.28e-61,104,1,103,1,103,mobileOG_000001918,insN,D3QP14,integration/excision,NA,COMPASS,Manual,NODE_10_length_215236_cov_58.197273_180, 203788 # 204099 # 1 , 203788,204099,1 ,10_180,10,180,00,ATG,GGA/GAG/AGG,5-10bp,0.529,NODE_10_length_215236_cov_58.197273,mobileOG_000001918_NODE_10_length_215236_cov_58.197273
377,mobileOG_000011641|insN|D3QP14|integration/excision|NA|GPD|Manual,NODE_10_length_215236_cov_58.197273_180 # 203788 # 204099 # 1 # ID=10_180;partial=00;start_type=ATG;rbs_motif=GGA/GAG/AGG;rbs_spacer=5-10bp;gc_cont=0.529,93.2,181,103,1.48e-59,104,1,103,1,103,mobileOG_000011641,insN,D3QP14,integration/excision,NA,GPD,Manual,NODE_10_length_215236_cov_58.197273_180, 203788 # 204099 # 1 , 203788,204099,1 ,10_180,10,180,00,ATG,GGA/GAG/AGG,5-10bp,0.529,NODE_10_length_215236_cov_58.197273,mobileOG_000011641_NODE_10_length_215236_cov_58.197273
378,mobileOG_000048162|insN1|F4SYC7|integration/excision|NA|COMPASS|Homology,NODE_10_length_215236_cov_58.197273_180 # 203788 # 204099 # 1 # ID=10_180;partial=00;start_type=ATG;rbs_motif=GGA/GAG/AGG;rbs_spacer=5-10bp;gc_cont=0.529,91.3,176,103,1.00e-57,104,1,103,1,103,mobileOG_000048162,insN1,F4SYC7,integration/excision,NA,COMPASS,Homology,NODE_10_length_215236_cov_58.197273_180, 203788 # 204099 # 1 , 203788,204099,1 ,10_180,10,180,00,ATG,GGA/GAG/AGG,5-10bp,0.529,NODE_10_length_215236_cov_58.197273,mobileOG_000048162_NODE_10_length_215236_cov_58.197273
379,mobileOG_000275252|insN1|F4SYC7|integration/excision|NA|ISFinder|Homology,NODE_10_length_215236_cov_58.197273_180 # 203788 # 204099 # 1 # ID=10_180;partial=00;start_type=ATG;rbs_motif=GGA/GAG/AGG;rbs_spacer=5-10bp;gc_cont=0.529,91.3,176,115,1.46e-57,104,13,115,1,103,mobileOG_000275252,insN1,F4SYC7,integration/excision,NA,ISFinder,Homology,NODE_10_length_215236_cov_58.197273_180, 203788 # 204099 # 1 , 203788,204099,1 ,10_180,10,180,00,ATG,GGA/GAG/AGG,5-10bp,0.529,NODE_10_length_215236_cov_58.197273,mobileOG_000275252_NODE_10_length_215236_cov_58.197273
380,mobileOG_000054095|insN1|A0A288XG89|integration/excision|NA|COMPASS|Homology,NODE_10_length_215236_cov_58.197273_180 # 203788 # 204099 # 1 # ID=10_180;partial=00;start_type=ATG;rbs_motif=GGA/GAG/AGG;rbs_spacer=5-10bp;gc_cont=0.529,90.3,174,103,4.08e-57,104,1,103,1,103,mobileOG_000054095,insN1,A0A288XG89,integration/excision,NA,COMPASS,Homology,NODE_10_length_215236_cov_58.197273_180, 203788 # 204099 # 1 , 203788,204099,1 ,10_180,10,180,00,ATG,GGA/GAG/AGG,5-10bp,0.529,NODE_10_length_215236_cov_58.197273,mobileOG_000054095_NODE_10_length_215236_cov_58.197273
381,mobileOG_000294956|insO1|WP_148735742.1|integration/excision|NA|Plasmid RefSeq|Homology,NODE_10_length_215236_cov_58.197273_180 # 203788 # 204099 # 1 # ID=10_180;partial=00;start_type=ATG;rbs_motif=GGA/GAG/AGG;rbs_spacer=5-10bp;gc_cont=0.529,90.4,160,404,4.75e-48,104,13,106,1,94,mobileOG_000294956,insO1,WP_148735742.1,integration/excision,NA,Plasmid RefSeq,Homology,NODE_10_length_215236_cov_58.197273_180, 203788 # 204099 # 1 , 203788,204099,1 ,10_180,10,180,00,ATG,GGA/GAG/AGG,5-10bp,0.529,NODE_10_length_215236_cov_58.197273,mobileOG_000294956_NODE_10_length_215236_cov_58.197273
382,mobileOG_000376059|insO1|WP_168445532.1|integration/excision|NA|Plasmid RefSeq|Homology,NODE_10_length_215236_cov_58.197273_180 # 203788 # 204099 # 1 # ID=10_180;partial=00;start_type=ATG;rbs_motif=GGA/GAG/AGG;rbs_spacer=5-10bp;gc_cont=0.529,90.4,160,404,4.75e-48,104,13,106,1,94,mobileOG_000376059,insO1,WP_168445532.1,integration/excision,NA,Plasmid RefSeq,Homology,NODE_10_length_215236_cov_58.197273_180, 203788 # 204099 # 1 , 203788,204099,1 ,10_180,10,180,00,ATG,GGA/GAG/AGG,5-10bp,0.529,NODE_10_length_215236_cov_58.197273,mobileOG_000376059_NODE_10_length_215236_cov_58.197273
383,mobileOG_000034721|ltrA|WP_002228774.1|integration/excision|introns|Multiple|Homology,NODE_10_length_215236_cov_58.197273_181 # 205143 # 205352 # 1 # ID=10_181;partial=00;start_type=TTG;rbs_motif=GGAG/GAGG;rbs_spacer=5-10bp;gc_cont=0.571,92.8,128,156,9.63e-39,70,1,69,1,69,mobileOG_000034721,ltrA,WP_002228774.1,integration/excision,introns,Multiple,Homology,NODE_10_length_215236_cov_58.197273_181, 205143 # 205352 # 1 , 205143,205352,1 ,10_181,10,181,00,TTG,GGAG/GAGG,5-10bp,0.571,NODE_10_length_215236_cov_58.197273,mobileOG_000034721_NODE_10_length_215236_cov_58.197273
384,mobileOG_000042552|ltrA|WP_032072794.1|integration/excision|introns|COMPASS|Homology,NODE_10_length_215236_cov_58.197273_181 # 205143 # 205352 # 1 # ID=10_181;partial=00;start_type=TTG;rbs_motif=GGAG/GAGG;rbs_spacer=5-10bp;gc_cont=0.571,92.8,126,131,2.65e-38,70,1,69,1,69,mobileOG_000042552,ltrA,WP_032072794.1,integration/excision,introns,COMPASS,Homology,NODE_10_length_215236_cov_58.197273_181, 205143 # 205352 # 1 , 205143,205352,1 ,10_181,10,181,00,TTG,GGAG/GAGG,5-10bp,0.571,NODE_10_length_215236_cov_58.197273,mobileOG_000042552_NODE_10_length_215236_cov_58.197273
385,mobileOG_000052819|ltrA|WP_000587098.1|integration/excision|introns|COMPASS|Homology,NODE_10_length_215236_cov_58.197273_181 # 205143 # 205352 # 1 # ID=10_181;partial=00;start_type=TTG;rbs_motif=GGAG/GAGG;rbs_spacer=5-10bp;gc_cont=0.571,92.8,126,167,7.61e-38,70,1,69,1,69,mobileOG_000052819,ltrA,WP_000587098.1,integration/excision,introns,COMPASS,Homology,NODE_10_length_215236_cov_58.197273_181, 205143 # 205352 # 1 , 205143,205352,1 ,10_181,10,181,00,TTG,GGAG/GAGG,5-10bp,0.571,NODE_10_length_215236_cov_58.197273,mobileOG_000052819_NODE_10_length_215236_cov_58.197273
386,mobileOG_000066282|ltrA|WP_075551602.1|integration/excision|introns|COMPASS|Homology,NODE_10_length_215236_cov_58.197273_181 # 205143 # 205352 # 1 # ID=10_181;partial=00;start_type=TTG;rbs_motif=GGAG/GAGG;rbs_spacer=5-10bp;gc_cont=0.571,92.8,126,211,2.58e-37,70,1,69,1,69,mobileOG_000066282,ltrA,WP_075551602.1,integration/excision,introns,COMPASS,Homology,NODE_10_length_215236_cov_58.197273_181, 205143 # 205352 # 1 , 205143,205352,1 ,10_181,10,181,00,TTG,GGAG/GAGG,5-10bp,0.571,NODE_10_length_215236_cov_58.197273,mobileOG_000066282_NODE_10_length_215236_cov_58.197273
387,mobileOG_000001892|ltrA|A0A5P6KRX2|integration/excision|NA|COMPASS|Manual,NODE_10_length_215236_cov_58.197273_181 # 205143 # 205352 # 1 # ID=10_181;partial=00;start_type=TTG;rbs_motif=GGAG/GAGG;rbs_spacer=5-10bp;gc_cont=0.571,94.2,127,253,5.34e-37,70,1,69,1,69,mobileOG_000001892,ltrA,A0A5P6KRX2,integration/excision,NA,COMPASS,Manual,NODE_10_length_215236_cov_58.197273_181, 205143 # 205352 # 1 , 205143,205352,1 ,10_181,10,181,00,TTG,GGAG/GAGG,5-10bp,0.571,NODE_10_length_215236_cov_58.197273,mobileOG_000001892_NODE_10_length_215236_cov_58.197273
388,mobileOG_000042002|ltrA|A0A377BB45|integration/excision|introns|COMPASS|Homology,NODE_10_length_215236_cov_58.197273_181 # 205143 # 205352 # 1 # ID=10_181;partial=00;start_type=TTG;rbs_motif=GGAG/GAGG;rbs_spacer=5-10bp;gc_cont=0.571,91.3,125,231,1.74e-36,70,1,69,1,69,mobileOG_000042002,ltrA,A0A377BB45,integration/excision,introns,COMPASS,Homology,NODE_10_length_215236_cov_58.197273_181, 205143 # 205352 # 1 , 205143,205352,1 ,10_181,10,181,00,TTG,GGAG/GAGG,5-10bp,0.571,NODE_10_length_215236_cov_58.197273,mobileOG_000042002_NODE_10_length_215236_cov_58.197273
389,mobileOG_000068273|ltrA|WP_077890492.1|integration/excision|introns|COMPASS|Homology,NODE_10_length_215236_cov_58.197273_181 # 205143 # 205352 # 1 # ID=10_181;partial=00;start_type=TTG;rbs_motif=GGAG/GAGG;rbs_spacer=5-10bp;gc_cont=0.571,91.3,125,238,2.08e-36,70,1,69,1,69,mobileOG_000068273,ltrA,WP_077890492.1,integration/excision,introns,COMPASS,Homology,NODE_10_length_215236_cov_58.197273_181, 205143 # 205352 # 1 , 205143,205352,1 ,10_181,10,181,00,TTG,GGAG/GAGG,5-10bp,0.571,NODE_10_length_215236_cov_58.197273,mobileOG_000068273_NODE_10_length_215236_cov_58.197273
390,mobileOG_000045263|ltrA|WP_000587127.1|integration/excision|introns|COMPASS|Homology,NODE_10_length_215236_cov_58.197273_181 # 205143 # 205352 # 1 # ID=10_181;partial=00;start_type=TTG;rbs_motif=GGAG/GAGG;rbs_spacer=5-10bp;gc_cont=0.571,91.3,125,242,2.30e-36,70,1,69,1,69,mobileOG_000045263,ltrA,WP_000587127.1,integration/excision,introns,COMPASS,Homology,NODE_10_length_215236_cov_58.197273_181, 205143 # 205352 # 1 , 205143,205352,1 ,10_181,10,181,00,TTG,GGAG/GAGG,5-10bp,0.571,NODE_10_length_215236_cov_58.197273,mobileOG_000045263_NODE_10_length_215236_cov_58.197273
391,mobileOG_000033510|ltrA|WP_002353217.1|integration/excision|introns|ACLAME|Homology,NODE_10_length_215236_cov_58.197273_181 # 205143 # 205352 # 1 # ID=10_181;partial=00;start_type=TTG;rbs_motif=GGAG/GAGG;rbs_spacer=5-10bp;gc_cont=0.571,92.2,120,151,1.83e-35,70,1,64,6,69,mobileOG_000033510,ltrA,WP_002353217.1,integration/excision,introns,ACLAME,Homology,NODE_10_length_215236_cov_58.197273_181, 205143 # 205352 # 1 , 205143,205352,1 ,10_181,10,181,00,TTG,GGAG/GAGG,5-10bp,0.571,NODE_10_length_215236_cov_58.197273,mobileOG_000033510_NODE_10_length_215236_cov_58.197273
392,mobileOG_000287460|ltrA|WP_075551602.1|integration/excision|introns|Plasmid RefSeq|Homology,NODE_10_length_215236_cov_58.197273_181 # 205143 # 205352 # 1 # ID=10_181;partial=00;start_type=TTG;rbs_motif=GGAG/GAGG;rbs_spacer=5-10bp;gc_cont=0.571,92.2,118,126,5.10e-35,70,1,64,6,69,mobileOG_000287460,ltrA,WP_075551602.1,integration/excision,introns,Plasmid RefSeq,Homology,NODE_10_length_215236_cov_58.197273_181, 205143 # 205352 # 1 , 205143,205352,1 ,10_181,10,181,00,TTG,GGAG/GAGG,5-10bp,0.571,NODE_10_length_215236_cov_58.197273,mobileOG_000287460_NODE_10_length_215236_cov_58.197273
393,mobileOG_000355901|ltrA|WP_001189106.1|integration/excision|introns|Plasmid RefSeq|Homology,NODE_10_length_215236_cov_58.197273_181 # 205143 # 205352 # 1 # ID=10_181;partial=00;start_type=TTG;rbs_motif=GGAG/GAGG;rbs_spacer=5-10bp;gc_cont=0.571,92.2,118,162,1.44e-34,70,1,64,6,69,mobileOG_000355901,ltrA,WP_001189106.1,integration/excision,introns,Plasmid RefSeq,Homology,NODE_10_length_215236_cov_58.197273_181, 205143 # 205352 # 1 , 205143,205352,1 ,10_181,10,181,00,TTG,GGAG/GAGG,5-10bp,0.571,NODE_10_length_215236_cov_58.197273,mobileOG_000355901_NODE_10_length_215236_cov_58.197273
394,mobileOG_000353525|ltrA|WP_155621828.1|integration/excision|introns|Plasmid RefSeq|Homology,NODE_10_length_215236_cov_58.197273_181 # 205143 # 205352 # 1 # ID=10_181;partial=00;start_type=TTG;rbs_motif=GGAG/GAGG;rbs_spacer=5-10bp;gc_cont=0.571,92.2,116,165,6.33e-34,70,1,64,6,69,mobileOG_000353525,ltrA,WP_155621828.1,integration/excision,introns,Plasmid RefSeq,Homology,NODE_10_length_215236_cov_58.197273_181, 205143 # 205352 # 1 , 205143,205352,1 ,10_181,10,181,00,TTG,GGAG/GAGG,5-10bp,0.571,NODE_10_length_215236_cov_58.197273,mobileOG_000353525_NODE_10_length_215236_cov_58.197273
395,mobileOG_000730932|NA:Keyword|A0A1S6XY40|integration/excision|NA|Plasmid RefSeq|Keyword Search,NODE_10_length_215236_cov_58.197273_182 # 205485 # 206666 # 1 # ID=10_182;partial=00;start_type=ATG;rbs_motif=None;rbs_spacer=None;gc_cont=0.527,90.6,729,502,2.06e-265,394,110,502,1,393,mobileOG_000730932,NA:Keyword,A0A1S6XY40,integration/excision,NA,Plasmid RefSeq,Keyword Search,NODE_10_length_215236_cov_58.197273_182, 205485 # 206666 # 1 , 205485,206666,1 ,10_182,10,182,00,ATG,None,None,0.527,NODE_10_length_215236_cov_58.197273,mobileOG_000730932_NODE_10_length_215236_cov_58.197273
396,mobileOG_000403208|NA:Keyword|A0A1S6XY40|integration/excision|NA|COMPASS|Keyword Search,NODE_10_length_215236_cov_58.197273_182 # 205485 # 206666 # 1 # ID=10_182;partial=00;start_type=ATG;rbs_motif=None;rbs_spacer=None;gc_cont=0.527,90.6,729,507,2.48e-265,394,115,507,1,393,mobileOG_000403208,NA:Keyword,A0A1S6XY40,integration/excision,NA,COMPASS,Keyword Search,NODE_10_length_215236_cov_58.197273_182, 205485 # 206666 # 1 , 205485,206666,1 ,10_182,10,182,00,ATG,None,None,0.527,NODE_10_length_215236_cov_58.197273,mobileOG_000403208_NODE_10_length_215236_cov_58.197273
397,mobileOG_000117338|insO1|A0A085FYU5|integration/excision|NA|GPD|Homology,NODE_10_length_215236_cov_58.197273_183 # 207029 # 207235 # 1 # ID=10_183;partial=00;start_type=ATG;rbs_motif=GGA/GAG/AGG;rbs_spacer=5-10bp;gc_cont=0.473,94.1,137,217,2.41e-41,69,150,217,1,68,mobileOG_000117338,insO1,A0A085FYU5,integration/excision,NA,GPD,Homology,NODE_10_length_215236_cov_58.197273_183, 207029 # 207235 # 1 , 207029,207235,1 ,10_183,10,183,00,ATG,GGA/GAG/AGG,5-10bp,0.473,NODE_10_length_215236_cov_58.197273,mobileOG_000117338_NODE_10_length_215236_cov_58.197273
398,mobileOG_000325823|tnpC|WP_089196571.1|integration/excision|NA|Multiple|Homology,NODE_10_length_215236_cov_58.197273_187 # 209289 # 209666 # 1 # ID=10_187;partial=00;start_type=ATG;rbs_motif=GGAGG;rbs_spacer=5-10bp;gc_cont=0.595,95.1,238,523,2.76e-76,126,342,463,1,122,mobileOG_000325823,tnpC,WP_089196571.1,integration/excision,NA,Multiple,Homology,NODE_10_length_215236_cov_58.197273_187, 209289 # 209666 # 1 , 209289,209666,1 ,10_187,10,187,00,ATG,GGAGG,5-10bp,0.595,NODE_10_length_215236_cov_58.197273,mobileOG_000325823_NODE_10_length_215236_cov_58.197273
399,mobileOG_000555868|NA:Keyword|WP_033648105.1|stability/transfer/defense|NA|GPD|Keyword Search,NODE_11_length_198593_cov_44.402985_109 # 110196 # 110633 # 1 # ID=11_109;partial=00;start_type=ATG;rbs_motif=GGA/GAG/AGG;rbs_spacer=5-10bp;gc_cont=0.589,98.6,286,145,7.60e-100,146,1,145,1,145,mobileOG_000555868,NA:Keyword,WP_033648105.1,stability/transfer/defense,NA,GPD,Keyword Search,NODE_11_length_198593_cov_44.402985_109, 110196 # 110633 # 1 , 110196,110633,1 ,11_109,11,109,00,ATG,GGA/GAG/AGG,5-10bp,0.589,NODE_11_length_198593_cov_44.402985,mobileOG_000555868_NODE_11_length_198593_cov_44.402985
400,mobileOG_000748214|NA:Keyword|WP_033648105.1|stability/transfer/defense|NA|Plasmid RefSeq|Keyword Search,NODE_11_length_198593_cov_44.402985_109 # 110196 # 110633 # 1 # ID=11_109;partial=00;start_type=ATG;rbs_motif=GGA/GAG/AGG;rbs_spacer=5-10bp;gc_cont=0.589,97.2,282,145,2.55e-98,146,1,145,1,145,mobileOG_000748214,NA:Keyword,WP_033648105.1,stability/transfer/defense,NA,Plasmid RefSeq,Keyword Search,NODE_11_length_198593_cov_44.402985_109, 110196 # 110633 # 1 , 110196,110633,1 ,11_109,11,109,00,ATG,GGA/GAG/AGG,5-10bp,0.589,NODE_11_length_198593_cov_44.402985,mobileOG_000748214_NODE_11_length_198593_cov_44.402985
401,mobileOG_000327452|ligA|WP_101453266.1|replication/recombination/repair|NA|Plasmid RefSeq|Homology,NODE_11_length_198593_cov_44.402985_145 # 150200 # 152179 # -1 # ID=11_145;partial=00;start_type=TTG;rbs_motif=GGA/GAG/AGG;rbs_spacer=5-10bp;gc_cont=0.646,99.2,1265,673,0.0,660,15,673,1,659,mobileOG_000327452,ligA,WP_101453266.1,replication/recombination/repair,NA,Plasmid RefSeq,Homology,NODE_11_length_198593_cov_44.402985_145, 150200 # 152179 # -1 , 150200,152179,-1 ,11_145,11,145,00,TTG,GGA/GAG/AGG,5-10bp,0.646,NODE_11_length_198593_cov_44.402985,mobileOG_000327452_NODE_11_length_198593_cov_44.402985
402,mobileOG_000330260|ligA|WP_033654989.1|replication/recombination/repair|NA|Plasmid RefSeq|Homology,NODE_11_length_198593_cov_44.402985_145 # 150200 # 152179 # -1 # ID=11_145;partial=00;start_type=TTG;rbs_motif=GGA/GAG/AGG;rbs_spacer=5-10bp;gc_cont=0.646,99.1,1265,673,0.0,660,15,673,1,659,mobileOG_000330260,ligA,WP_033654989.1,replication/recombination/repair,NA,Plasmid RefSeq,Homology,NODE_11_length_198593_cov_44.402985_145, 150200 # 152179 # -1 , 150200,152179,-1 ,11_145,11,145,00,TTG,GGA/GAG/AGG,5-10bp,0.646,NODE_11_length_198593_cov_44.402985,mobileOG_000330260_NODE_11_length_198593_cov_44.402985
403,mobileOG_000739974|NA:Keyword|WP_004936539.1|stability/transfer/defense|NA|Plasmid RefSeq|Keyword Search,NODE_11_length_198593_cov_44.402985_176 # 182624 # 182833 # -1 # ID=11_176;partial=00;start_type=ATG;rbs_motif=GGA/GAG/AGG;rbs_spacer=5-10bp;gc_cont=0.510,100,131,69,4.44e-41,70,1,69,1,69,mobileOG_000739974,NA:Keyword,WP_004936539.1,stability/transfer/defense,NA,Plasmid RefSeq,Keyword Search,NODE_11_length_198593_cov_44.402985_176, 182624 # 182833 # -1 , 182624,182833,-1 ,11_176,11,176,00,ATG,GGA/GAG/AGG,5-10bp,0.510,NODE_11_length_198593_cov_44.402985,mobileOG_000739974_NODE_11_length_198593_cov_44.402985
404,mobileOG_000043037|tnpA|A0A379QD74|integration/excision|NA|COMPASS|Homology,NODE_12_length_159129_cov_50.340373_30 # 35799 # 36263 # 1 # ID=12_30;partial=00;start_type=ATG;rbs_motif=GGA/GAG/AGG;rbs_spacer=5-10bp;gc_cont=0.462,96.0,289,187,2.80e-100,155,25,173,1,149,mobileOG_000043037,tnpA,A0A379QD74,integration/excision,NA,COMPASS,Homology,NODE_12_length_159129_cov_50.340373_30, 35799 # 36263 # 1 , 35799,36263,1 ,12_30,12,30,00,ATG,GGA/GAG/AGG,5-10bp,0.462,NODE_12_length_159129_cov_50.340373,mobileOG_000043037_NODE_12_length_159129_cov_50.340373
405,mobileOG_000333723|tnpA|WP_097361905.1|integration/excision|NA|Plasmid RefSeq|Homology,NODE_12_length_159129_cov_50.340373_30 # 35799 # 36263 # 1 # ID=12_30;partial=00;start_type=ATG;rbs_motif=GGA/GAG/AGG;rbs_spacer=5-10bp;gc_cont=0.462,97.3,292,338,2.66e-99,155,176,324,1,149,mobileOG_000333723,tnpA,WP_097361905.1,integration/excision,NA,Plasmid RefSeq,Homology,NODE_12_length_159129_cov_50.340373_30, 35799 # 36263 # 1 , 35799,36263,1 ,12_30,12,30,00,ATG,GGA/GAG/AGG,5-10bp,0.462,NODE_12_length_159129_cov_50.340373,mobileOG_000333723_NODE_12_length_159129_cov_50.340373
406,mobileOG_000292571|tnpA|A0A3R0C3D5|integration/excision|NA|Plasmid RefSeq|Homology,NODE_12_length_159129_cov_50.340373_30 # 35799 # 36263 # 1 # ID=12_30;partial=00;start_type=ATG;rbs_motif=GGA/GAG/AGG;rbs_spacer=5-10bp;gc_cont=0.462,96.6,291,338,7.58e-99,155,176,324,1,149,mobileOG_000292571,tnpA,A0A3R0C3D5,integration/excision,NA,Plasmid RefSeq,Homology,NODE_12_length_159129_cov_50.340373_30, 35799 # 36263 # 1 , 35799,36263,1 ,12_30,12,30,00,ATG,GGA/GAG/AGG,5-10bp,0.462,NODE_12_length_159129_cov_50.340373,mobileOG_000292571_NODE_12_length_159129_cov_50.340373
407,mobileOG_000043686|tnpA|B5RBG4|integration/excision|NA|COMPASS|Homology,NODE_12_length_159129_cov_50.340373_30 # 35799 # 36263 # 1 # ID=12_30;partial=00;start_type=ATG;rbs_motif=GGA/GAG/AGG;rbs_spacer=5-10bp;gc_cont=0.462,97.3,292,420,3.40e-98,155,258,406,1,149,mobileOG_000043686,tnpA,B5RBG4,integration/excision,NA,COMPASS,Homology,NODE_12_length_159129_cov_50.340373_30, 35799 # 36263 # 1 , 35799,36263,1 ,12_30,12,30,00,ATG,GGA/GAG/AGG,5-10bp,0.462,NODE_12_length_159129_cov_50.340373,mobileOG_000043686_NODE_12_length_159129_cov_50.340373
408,mobileOG_000338189|tnpA|WP_046042002.1|integration/excision|NA|Multiple|Homology,NODE_12_length_159129_cov_50.340373_30 # 35799 # 36263 # 1 # ID=12_30;partial=00;start_type=ATG;rbs_motif=GGA/GAG/AGG;rbs_spacer=5-10bp;gc_cont=0.462,94.6,287,338,2.50e-97,155,176,324,1,149,mobileOG_000338189,tnpA,WP_046042002.1,integration/excision,NA,Multiple,Homology,NODE_12_length_159129_cov_50.340373_30, 35799 # 36263 # 1 , 35799,36263,1 ,12_30,12,30,00,ATG,GGA/GAG/AGG,5-10bp,0.462,NODE_12_length_159129_cov_50.340373,mobileOG_000338189_NODE_12_length_159129_cov_50.340373
409,mobileOG_000338822|tnpA|WP_032444102.1|integration/excision|NA|Multiple|Homology,NODE_12_length_159129_cov_50.340373_30 # 35799 # 36263 # 1 # ID=12_30;partial=00;start_type=ATG;rbs_motif=GGA/GAG/AGG;rbs_spacer=5-10bp;gc_cont=0.462,94.6,287,338,2.50e-97,155,176,324,1,149,mobileOG_000338822,tnpA,WP_032444102.1,integration/excision,NA,Multiple,Homology,NODE_12_length_159129_cov_50.340373_30, 35799 # 36263 # 1 , 35799,36263,1 ,12_30,12,30,00,ATG,GGA/GAG/AGG,5-10bp,0.462,NODE_12_length_159129_cov_50.340373,mobileOG_000338822_NODE_12_length_159129_cov_50.340373
410,mobileOG_000338509|tnpA|WP_115233648.1|integration/excision|NA|Plasmid RefSeq|Homology,NODE_12_length_159129_cov_50.340373_30 # 35799 # 36263 # 1 # ID=12_30;partial=00;start_type=ATG;rbs_motif=GGA/GAG/AGG;rbs_spacer=5-10bp;gc_cont=0.462,94.6,287,338,2.50e-97,155,176,324,1,149,mobileOG_000338509,tnpA,WP_115233648.1,integration/excision,NA,Plasmid RefSeq,Homology,NODE_12_length_159129_cov_50.340373_30, 35799 # 36263 # 1 , 35799,36263,1 ,12_30,12,30,00,ATG,GGA/GAG/AGG,5-10bp,0.462,NODE_12_length_159129_cov_50.340373,mobileOG_000338509_NODE_12_length_159129_cov_50.340373
411,mobileOG_000352609|tnpA|WP_153459062.1|integration/excision|NA|Plasmid RefSeq|Homology,NODE_12_length_159129_cov_50.340373_30 # 35799 # 36263 # 1 # ID=12_30;partial=00;start_type=ATG;rbs_motif=GGA/GAG/AGG;rbs_spacer=5-10bp;gc_cont=0.462,94.6,287,338,2.50e-97,155,176,324,1,149,mobileOG_000352609,tnpA,WP_153459062.1,integration/excision,NA,Plasmid RefSeq,Homology,NODE_12_length_159129_cov_50.340373_30, 35799 # 36263 # 1 , 35799,36263,1 ,12_30,12,30,00,ATG,GGA/GAG/AGG,5-10bp,0.462,NODE_12_length_159129_cov_50.340373,mobileOG_000352609_NODE_12_length_159129_cov_50.340373
412,mobileOG_000326230|tnpA|WP_061278995.1|integration/excision|NA|Multiple|Homology,NODE_12_length_159129_cov_50.340373_30 # 35799 # 36263 # 1 # ID=12_30;partial=00;start_type=ATG;rbs_motif=GGA/GAG/AGG;rbs_spacer=5-10bp;gc_cont=0.462,95.3,287,340,2.66e-97,155,176,324,1,149,mobileOG_000326230,tnpA,WP_061278995.1,integration/excision,NA,Multiple,Homology,NODE_12_length_159129_cov_50.340373_30, 35799 # 36263 # 1 , 35799,36263,1 ,12_30,12,30,00,ATG,GGA/GAG/AGG,5-10bp,0.462,NODE_12_length_159129_cov_50.340373,mobileOG_000326230_NODE_12_length_159129_cov_50.340373
413,mobileOG_000276608|tnpA|A0A2R4HQ58|integration/excision|NA|ISFinder|Homology,NODE_12_length_159129_cov_50.340373_30 # 35799 # 36263 # 1 # ID=12_30;partial=00;start_type=ATG;rbs_motif=GGA/GAG/AGG;rbs_spacer=5-10bp;gc_cont=0.462,96.0,287,340,2.66e-97,155,176,324,1,149,mobileOG_000276608,tnpA,A0A2R4HQ58,integration/excision,NA,ISFinder,Homology,NODE_12_length_159129_cov_50.340373_30, 35799 # 36263 # 1 , 35799,36263,1 ,12_30,12,30,00,ATG,GGA/GAG/AGG,5-10bp,0.462,NODE_12_length_159129_cov_50.340373,mobileOG_000276608_NODE_12_length_159129_cov_50.340373
414,mobileOG_000335800|tnpA|WP_023288366.1|integration/excision|NA|Multiple|Homology,NODE_12_length_159129_cov_50.340373_30 # 35799 # 36263 # 1 # ID=12_30;partial=00;start_type=ATG;rbs_motif=GGA/GAG/AGG;rbs_spacer=5-10bp;gc_cont=0.462,95.3,286,338,3.54e-97,155,176,324,1,149,mobileOG_000335800,tnpA,WP_023288366.1,integration/excision,NA,Multiple,Homology,NODE_12_length_159129_cov_50.340373_30, 35799 # 36263 # 1 , 35799,36263,1 ,12_30,12,30,00,ATG,GGA/GAG/AGG,5-10bp,0.462,NODE_12_length_159129_cov_50.340373,mobileOG_000335800_NODE_12_length_159129_cov_50.340373
415,mobileOG_000333064|tnpA|WP_117362298.1|integration/excision|NA|Plasmid RefSeq|Homology,NODE_12_length_159129_cov_50.340373_30 # 35799 # 36263 # 1 # ID=12_30;partial=00;start_type=ATG;rbs_motif=GGA/GAG/AGG;rbs_spacer=5-10bp;gc_cont=0.462,95.3,286,338,3.54e-97,155,176,324,1,149,mobileOG_000333064,tnpA,WP_117362298.1,integration/excision,NA,Plasmid RefSeq,Homology,NODE_12_length_159129_cov_50.340373_30, 35799 # 36263 # 1 , 35799,36263,1 ,12_30,12,30,00,ATG,GGA/GAG/AGG,5-10bp,0.462,NODE_12_length_159129_cov_50.340373,mobileOG_000333064_NODE_12_length_159129_cov_50.340373
416,mobileOG_000340434|tnpA|WP_048281132.1|integration/excision|NA|Plasmid RefSeq|Homology,NODE_12_length_159129_cov_50.340373_30 # 35799 # 36263 # 1 # ID=12_30;partial=00;start_type=ATG;rbs_motif=GGA/GAG/AGG;rbs_spacer=5-10bp;gc_cont=0.462,95.3,286,338,3.54e-97,155,176,324,1,149,mobileOG_000340434,tnpA,WP_048281132.1,integration/excision,NA,Plasmid RefSeq,Homology,NODE_12_length_159129_cov_50.340373_30, 35799 # 36263 # 1 , 35799,36263,1 ,12_30,12,30,00,ATG,GGA/GAG/AGG,5-10bp,0.462,NODE_12_length_159129_cov_50.340373,mobileOG_000340434_NODE_12_length_159129_cov_50.340373
417,mobileOG_000332753|tnpA|WP_058108526.1|integration/excision|NA|Plasmid RefSeq|Homology,NODE_12_length_159129_cov_50.340373_30 # 35799 # 36263 # 1 # ID=12_30;partial=00;start_type=ATG;rbs_motif=GGA/GAG/AGG;rbs_spacer=5-10bp;gc_cont=0.462,95.3,286,338,5.02e-97,155,176,324,1,149,mobileOG_000332753,tnpA,WP_058108526.1,integration/excision,NA,Plasmid RefSeq,Homology,NODE_12_length_159129_cov_50.340373_30, 35799 # 36263 # 1 , 35799,36263,1 ,12_30,12,30,00,ATG,GGA/GAG/AGG,5-10bp,0.462,NODE_12_length_159129_cov_50.340373,mobileOG_000332753_NODE_12_length_159129_cov_50.340373
418,mobileOG_000047795|tnpA|A0A3R0C3D5|integration/excision|NA|COMPASS|Homology,NODE_12_length_159129_cov_50.340373_30 # 35799 # 36263 # 1 # ID=12_30;partial=00;start_type=ATG;rbs_motif=GGA/GAG/AGG;rbs_spacer=5-10bp;gc_cont=0.462,94.0,282,234,5.42e-97,155,72,220,1,149,mobileOG_000047795,tnpA,A0A3R0C3D5,integration/excision,NA,COMPASS,Homology,NODE_12_length_159129_cov_50.340373_30, 35799 # 36263 # 1 , 35799,36263,1 ,12_30,12,30,00,ATG,GGA/GAG/AGG,5-10bp,0.462,NODE_12_length_159129_cov_50.340373,mobileOG_000047795_NODE_12_length_159129_cov_50.340373
419,mobileOG_000398152|NA:Keyword|A0A379QI80|integration/excision|NA|COMPASS|Keyword Search,NODE_12_length_159129_cov_50.340373_31 # 36485 # 36634 # -1 # ID=12_31;partial=00;start_type=ATG;rbs_motif=AGGAG;rbs_spacer=5-10bp;gc_cont=0.493,91.8,94.7,49,5.17e-27,50,1,49,1,49,mobileOG_000398152,NA:Keyword,A0A379QI80,integration/excision,NA,COMPASS,Keyword Search,NODE_12_length_159129_cov_50.340373_31, 36485 # 36634 # -1 , 36485,36634,-1 ,12_31,12,31,00,ATG,AGGAG,5-10bp,0.493,NODE_12_length_159129_cov_50.340373,mobileOG_000398152_NODE_12_length_159129_cov_50.340373
420,mobileOG_000745992|NA:Keyword|WP_079961746.1|integration/excision|NA|Plasmid RefSeq|Keyword Search,NODE_12_length_159129_cov_50.340373_34 # 38411 # 39412 # -1 # ID=12_34;partial=00;start_type=ATG;rbs_motif=AGGA;rbs_spacer=5-10bp;gc_cont=0.527,95.6,615,1009,3.05e-214,334,691,1009,15,333,mobileOG_000745992,NA:Keyword,WP_079961746.1,integration/excision,NA,Plasmid RefSeq,Keyword Search,NODE_12_length_159129_cov_50.340373_34, 38411 # 39412 # -1 , 38411,39412,-1 ,12_34,12,34,00,ATG,AGGA,5-10bp,0.527,NODE_12_length_159129_cov_50.340373,mobileOG_000745992_NODE_12_length_159129_cov_50.340373
421,mobileOG_000740837|NA:Keyword|A0A068Z4M9|integration/excision|NA|Plasmid RefSeq|Keyword Search,NODE_12_length_159129_cov_50.340373_34 # 38411 # 39412 # -1 # ID=12_34;partial=00;start_type=ATG;rbs_motif=AGGA;rbs_spacer=5-10bp;gc_cont=0.527,95.0,611,1009,1.96e-212,334,691,1009,15,333,mobileOG_000740837,NA:Keyword,A0A068Z4M9,integration/excision,NA,Plasmid RefSeq,Keyword Search,NODE_12_length_159129_cov_50.340373_34, 38411 # 39412 # -1 , 38411,39412,-1 ,12_34,12,34,00,ATG,AGGA,5-10bp,0.527,NODE_12_length_159129_cov_50.340373,mobileOG_000740837_NODE_12_length_159129_cov_50.340373
422,mobileOG_000735030|NA:Keyword|WP_050111159.1|integration/excision|NA|Plasmid RefSeq|Keyword Search,NODE_12_length_159129_cov_50.340373_34 # 38411 # 39412 # -1 # ID=12_34;partial=00;start_type=ATG;rbs_motif=AGGA;rbs_spacer=5-10bp;gc_cont=0.527,91.7,589,1009,7.46e-204,334,695,1008,19,332,mobileOG_000735030,NA:Keyword,WP_050111159.1,integration/excision,NA,Plasmid RefSeq,Keyword Search,NODE_12_length_159129_cov_50.340373_34, 38411 # 39412 # -1 , 38411,39412,-1 ,12_34,12,34,00,ATG,AGGA,5-10bp,0.527,NODE_12_length_159129_cov_50.340373,mobileOG_000735030_NODE_12_length_159129_cov_50.340373
423,mobileOG_000749019|NA:Keyword|WP_117242599.1|integration/excision|NA|Plasmid RefSeq|Keyword Search,NODE_12_length_159129_cov_50.340373_34 # 38411 # 39412 # -1 # ID=12_34;partial=00;start_type=ATG;rbs_motif=AGGA;rbs_spacer=5-10bp;gc_cont=0.527,90.6,587,1015,5.00e-203,334,697,1015,15,333,mobileOG_000749019,NA:Keyword,WP_117242599.1,integration/excision,NA,Plasmid RefSeq,Keyword Search,NODE_12_length_159129_cov_50.340373_34, 38411 # 39412 # -1 , 38411,39412,-1 ,12_34,12,34,00,ATG,AGGA,5-10bp,0.527,NODE_12_length_159129_cov_50.340373,mobileOG_000749019_NODE_12_length_159129_cov_50.340373
424,mobileOG_000740926|NA:Keyword|WP_050111159.1|integration/excision|NA|Plasmid RefSeq|Keyword Search,NODE_12_length_159129_cov_50.340373_34 # 38411 # 39412 # -1 # ID=12_34;partial=00;start_type=ATG;rbs_motif=AGGA;rbs_spacer=5-10bp;gc_cont=0.527,91.7,583,1009,9.53e-202,334,695,1008,19,332,mobileOG_000740926,NA:Keyword,WP_050111159.1,integration/excision,NA,Plasmid RefSeq,Keyword Search,NODE_12_length_159129_cov_50.340373_34, 38411 # 39412 # -1 , 38411,39412,-1 ,12_34,12,34,00,ATG,AGGA,5-10bp,0.527,NODE_12_length_159129_cov_50.340373,mobileOG_000740926_NODE_12_length_159129_cov_50.340373
425,mobileOG_000740985|NA:Keyword|WP_060591440.1|integration/excision|NA|Multiple|Keyword Search,NODE_12_length_159129_cov_50.340373_34 # 38411 # 39412 # -1 # ID=12_34;partial=00;start_type=ATG;rbs_motif=AGGA;rbs_spacer=5-10bp;gc_cont=0.527,90.3,582,1015,3.19e-201,334,697,1014,15,332,mobileOG_000740985,NA:Keyword,WP_060591440.1,integration/excision,NA,Multiple,Keyword Search,NODE_12_length_159129_cov_50.340373_34, 38411 # 39412 # -1 , 38411,39412,-1 ,12_34,12,34,00,ATG,AGGA,5-10bp,0.527,NODE_12_length_159129_cov_50.340373,mobileOG_000740985_NODE_12_length_159129_cov_50.340373
426,mobileOG_000371079|gin|WP_166735231.1|integration/excision|NA|Plasmid RefSeq|Homology,NODE_12_length_159129_cov_50.340373_35 # 39566 # 39784 # 1 # ID=12_35;partial=00;start_type=ATG;rbs_motif=GGA/GAG/AGG;rbs_spacer=5-10bp;gc_cont=0.507,91.5,138,204,4.93e-42,73,1,71,1,71,mobileOG_000371079,gin,WP_166735231.1,integration/excision,NA,Plasmid RefSeq,Homology,NODE_12_length_159129_cov_50.340373_35, 39566 # 39784 # 1 , 39566,39784,1 ,12_35,12,35,00,ATG,GGA/GAG/AGG,5-10bp,0.507,NODE_12_length_159129_cov_50.340373,mobileOG_000371079_NODE_12_length_159129_cov_50.340373
427,mobileOG_000307731|gin|A0A068Z001|integration/excision|NA|Plasmid RefSeq|Homology,NODE_12_length_159129_cov_50.340373_35 # 39566 # 39784 # 1 # ID=12_35;partial=00;start_type=ATG;rbs_motif=GGA/GAG/AGG;rbs_spacer=5-10bp;gc_cont=0.507,90.1,138,204,6.99e-42,73,1,71,1,71,mobileOG_000307731,gin,A0A068Z001,integration/excision,NA,Plasmid RefSeq,Homology,NODE_12_length_159129_cov_50.340373_35, 39566 # 39784 # 1 , 39566,39784,1 ,12_35,12,35,00,ATG,GGA/GAG/AGG,5-10bp,0.507,NODE_12_length_159129_cov_50.340373,mobileOG_000307731_NODE_12_length_159129_cov_50.340373
428,mobileOG_000307872|gin|WP_058344176.1|integration/excision|NA|Plasmid RefSeq|Homology,NODE_12_length_159129_cov_50.340373_35 # 39566 # 39784 # 1 # ID=12_35;partial=00;start_type=ATG;rbs_motif=GGA/GAG/AGG;rbs_spacer=5-10bp;gc_cont=0.507,90.1,135,204,5.67e-41,73,1,71,1,71,mobileOG_000307872,gin,WP_058344176.1,integration/excision,NA,Plasmid RefSeq,Homology,NODE_12_length_159129_cov_50.340373_35, 39566 # 39784 # 1 , 39566,39784,1 ,12_35,12,35,00,ATG,GGA/GAG/AGG,5-10bp,0.507,NODE_12_length_159129_cov_50.340373,mobileOG_000307872_NODE_12_length_159129_cov_50.340373
429,mobileOG_000053083|tnp|WP_123061116.1|integration/excision|NA|COMPASS|Homology,NODE_12_length_159129_cov_50.340373_38 # 42123 # 42455 # 1 # ID=12_38;partial=00;start_type=ATG;rbs_motif=AGGAG;rbs_spacer=5-10bp;gc_cont=0.538,94.5,204,149,3.06e-68,111,1,109,1,109,mobileOG_000053083,tnp,WP_123061116.1,integration/excision,NA,COMPASS,Homology,NODE_12_length_159129_cov_50.340373_38, 42123 # 42455 # 1 , 42123,42455,1 ,12_38,12,38,00,ATG,AGGAG,5-10bp,0.538,NODE_12_length_159129_cov_50.340373,mobileOG_000053083_NODE_12_length_159129_cov_50.340373
430,mobileOG_000051527|tnp|A0A0M4KW04|integration/excision|NA|COMPASS|Homology,NODE_12_length_159129_cov_50.340373_38 # 42123 # 42455 # 1 # ID=12_38;partial=00;start_type=ATG;rbs_motif=AGGAG;rbs_spacer=5-10bp;gc_cont=0.538,94.5,204,200,1.60e-67,111,1,109,1,109,mobileOG_000051527,tnp,A0A0M4KW04,integration/excision,NA,COMPASS,Homology,NODE_12_length_159129_cov_50.340373_38, 42123 # 42455 # 1 , 42123,42455,1 ,12_38,12,38,00,ATG,AGGAG,5-10bp,0.538,NODE_12_length_159129_cov_50.340373,mobileOG_000051527_NODE_12_length_159129_cov_50.340373
431,mobileOG_000054040|BQ2027_MB1076;|WP_076611123.1|integration/excision|NA|Multiple|Homology,NODE_12_length_159129_cov_50.340373_38 # 42123 # 42455 # 1 # ID=12_38;partial=00;start_type=ATG;rbs_motif=AGGAG;rbs_spacer=5-10bp;gc_cont=0.538,94.5,204,401,5.55e-65,111,1,109,1,109,mobileOG_000054040,BQ2027_MB1076;,WP_076611123.1,integration/excision,NA,Multiple,Homology,NODE_12_length_159129_cov_50.340373_38, 42123 # 42455 # 1 , 42123,42455,1 ,12_38,12,38,00,ATG,AGGAG,5-10bp,0.538,NODE_12_length_159129_cov_50.340373,mobileOG_000054040_NODE_12_length_159129_cov_50.340373
432,mobileOG_000338533|BQ2027_MB1076;|WP_123061116.1|integration/excision|NA|Plasmid RefSeq|Homology,NODE_12_length_159129_cov_50.340373_38 # 42123 # 42455 # 1 # ID=12_38;partial=00;start_type=ATG;rbs_motif=AGGAG;rbs_spacer=5-10bp;gc_cont=0.538,94.5,204,401,5.55e-65,111,1,109,1,109,mobileOG_000338533,BQ2027_MB1076;,WP_123061116.1,integration/excision,NA,Plasmid RefSeq,Homology,NODE_12_length_159129_cov_50.340373_38, 42123 # 42455 # 1 , 42123,42455,1 ,12_38,12,38,00,ATG,AGGAG,5-10bp,0.538,NODE_12_length_159129_cov_50.340373,mobileOG_000338533_NODE_12_length_159129_cov_50.340373
433,mobileOG_000366942|BQ2027_MB1076;|WP_162122871.1|integration/excision|NA|Plasmid RefSeq|Homology,NODE_12_length_159129_cov_50.340373_38 # 42123 # 42455 # 1 # ID=12_38;partial=00;start_type=ATG;rbs_motif=AGGAG;rbs_spacer=5-10bp;gc_cont=0.538,93.6,203,366,8.87e-65,111,1,109,1,109,mobileOG_000366942,BQ2027_MB1076;,WP_162122871.1,integration/excision,NA,Plasmid RefSeq,Homology,NODE_12_length_159129_cov_50.340373_38, 42123 # 42455 # 1 , 42123,42455,1 ,12_38,12,38,00,ATG,AGGAG,5-10bp,0.538,NODE_12_length_159129_cov_50.340373,mobileOG_000366942_NODE_12_length_159129_cov_50.340373
434,mobileOG_000366957|BQ2027_MB1076;|WP_162122932.1|integration/excision|NA|Plasmid RefSeq|Homology,NODE_12_length_159129_cov_50.340373_38 # 42123 # 42455 # 1 # ID=12_38;partial=00;start_type=ATG;rbs_motif=AGGAG;rbs_spacer=5-10bp;gc_cont=0.538,93.6,203,366,8.87e-65,111,1,109,1,109,mobileOG_000366957,BQ2027_MB1076;,WP_162122932.1,integration/excision,NA,Plasmid RefSeq,Homology,NODE_12_length_159129_cov_50.340373_38, 42123 # 42455 # 1 , 42123,42455,1 ,12_38,12,38,00,ATG,AGGAG,5-10bp,0.538,NODE_12_length_159129_cov_50.340373,mobileOG_000366957_NODE_12_length_159129_cov_50.340373
435,mobileOG_000366915|BQ2027_MB1076;|WP_162122755.1|integration/excision|NA|Plasmid RefSeq|Homology,NODE_12_length_159129_cov_50.340373_38 # 42123 # 42455 # 1 # ID=12_38;partial=00;start_type=ATG;rbs_motif=AGGAG;rbs_spacer=5-10bp;gc_cont=0.538,92.7,202,366,1.25e-64,111,1,109,1,109,mobileOG_000366915,BQ2027_MB1076;,WP_162122755.1,integration/excision,NA,Plasmid RefSeq,Homology,NODE_12_length_159129_cov_50.340373_38, 42123 # 42455 # 1 , 42123,42455,1 ,12_38,12,38,00,ATG,AGGAG,5-10bp,0.538,NODE_12_length_159129_cov_50.340373,mobileOG_000366915_NODE_12_length_159129_cov_50.340373
436,mobileOG_000366955|BQ2027_MB1076;|WP_162122922.1|integration/excision|NA|Plasmid RefSeq|Homology,NODE_12_length_159129_cov_50.340373_38 # 42123 # 42455 # 1 # ID=12_38;partial=00;start_type=ATG;rbs_motif=AGGAG;rbs_spacer=5-10bp;gc_cont=0.538,92.7,202,366,1.25e-64,111,1,109,1,109,mobileOG_000366955,BQ2027_MB1076;,WP_162122922.1,integration/excision,NA,Plasmid RefSeq,Homology,NODE_12_length_159129_cov_50.340373_38, 42123 # 42455 # 1 , 42123,42455,1 ,12_38,12,38,00,ATG,AGGAG,5-10bp,0.538,NODE_12_length_159129_cov_50.340373,mobileOG_000366955_NODE_12_length_159129_cov_50.340373
437,mobileOG_000366964|BQ2027_MB1076;|WP_162122960.1|integration/excision|NA|Plasmid RefSeq|Homology,NODE_12_length_159129_cov_50.340373_38 # 42123 # 42455 # 1 # ID=12_38;partial=00;start_type=ATG;rbs_motif=AGGAG;rbs_spacer=5-10bp;gc_cont=0.538,92.7,202,366,1.25e-64,111,1,109,1,109,mobileOG_000366964,BQ2027_MB1076;,WP_162122960.1,integration/excision,NA,Plasmid RefSeq,Homology,NODE_12_length_159129_cov_50.340373_38, 42123 # 42455 # 1 , 42123,42455,1 ,12_38,12,38,00,ATG,AGGAG,5-10bp,0.538,NODE_12_length_159129_cov_50.340373,mobileOG_000366964_NODE_12_length_159129_cov_50.340373
438,mobileOG_000366960|BQ2027_MB1076;|WP_162122942.1|integration/excision|NA|Plasmid RefSeq|Homology,NODE_12_length_159129_cov_50.340373_38 # 42123 # 42455 # 1 # ID=12_38;partial=00;start_type=ATG;rbs_motif=AGGAG;rbs_spacer=5-10bp;gc_cont=0.538,93.6,203,401,2.21e-64,111,1,109,1,109,mobileOG_000366960,BQ2027_MB1076;,WP_162122942.1,integration/excision,NA,Plasmid RefSeq,Homology,NODE_12_length_159129_cov_50.340373_38, 42123 # 42455 # 1 , 42123,42455,1 ,12_38,12,38,00,ATG,AGGAG,5-10bp,0.538,NODE_12_length_159129_cov_50.340373,mobileOG_000366960_NODE_12_length_159129_cov_50.340373
439,mobileOG_000366969|BQ2027_MB1076;|WP_162122972.1|integration/excision|NA|Plasmid RefSeq|Homology,NODE_12_length_159129_cov_50.340373_38 # 42123 # 42455 # 1 # ID=12_38;partial=00;start_type=ATG;rbs_motif=AGGAG;rbs_spacer=5-10bp;gc_cont=0.538,91.7,199,366,2.01e-63,111,1,109,1,109,mobileOG_000366969,BQ2027_MB1076;,WP_162122972.1,integration/excision,NA,Plasmid RefSeq,Homology,NODE_12_length_159129_cov_50.340373_38, 42123 # 42455 # 1 , 42123,42455,1 ,12_38,12,38,00,ATG,AGGAG,5-10bp,0.538,NODE_12_length_159129_cov_50.340373,mobileOG_000366969_NODE_12_length_159129_cov_50.340373
440,mobileOG_000331353|mutY|WP_101427358.1|replication/recombination/repair|NA|Plasmid RefSeq|Homology,NODE_12_length_159129_cov_50.340373_59 # 60981 # 62081 # -1 # ID=12_59;partial=00;start_type=ATG;rbs_motif=3Base/5BMM;rbs_spacer=13-15bp;gc_cont=0.616,99.2,754,381,1.91e-277,367,16,381,1,366,mobileOG_000331353,mutY,WP_101427358.1,replication/recombination/repair,NA,Plasmid RefSeq,Homology,NODE_12_length_159129_cov_50.340373_59, 60981 # 62081 # -1 , 60981,62081,-1 ,12_59,12,59,00,ATG,3Base/5BMM,13-15bp,0.616,NODE_12_length_159129_cov_50.340373,mobileOG_000331353_NODE_12_length_159129_cov_50.340373
441,mobileOG_000328139|rdgB|WP_033635946.1|replication/recombination/repair|NA|Plasmid RefSeq|Homology,NODE_12_length_159129_cov_50.340373_67 # 66819 # 67412 # -1 # ID=12_67;partial=00;start_type=ATG;rbs_motif=GGA/GAG/AGG;rbs_spacer=5-10bp;gc_cont=0.650,98.0,377,197,2.82e-134,198,1,197,1,197,mobileOG_000328139,rdgB,WP_033635946.1,replication/recombination/repair,NA,Plasmid RefSeq,Homology,NODE_12_length_159129_cov_50.340373_67, 66819 # 67412 # -1 , 66819,67412,-1 ,12_67,12,67,00,ATG,GGA/GAG/AGG,5-10bp,0.650,NODE_12_length_159129_cov_50.340373,mobileOG_000328139_NODE_12_length_159129_cov_50.340373
442,"mobileOG_000312454|pilT|WP_101427354.1|transfer|conjugation,competence|Plasmid RefSeq|Homology",NODE_12_length_159129_cov_50.340373_72 # 69872 # 70894 # 1 # ID=12_72;partial=00;start_type=ATG;rbs_motif=GGAG/GAGG;rbs_spacer=5-10bp;gc_cont=0.652,95.6,608,340,4.15e-221,341,1,338,1,338,mobileOG_000312454,pilT,WP_101427354.1,transfer,"conjugation,competence",Plasmid RefSeq,Homology,NODE_12_length_159129_cov_50.340373_72, 69872 # 70894 # 1 , 69872,70894,1 ,12_72,12,72,00,ATG,GGAG/GAGG,5-10bp,0.652,NODE_12_length_159129_cov_50.340373,mobileOG_000312454_NODE_12_length_159129_cov_50.340373
443,mobileOG_000301584|srnB|WP_015379015.1|stability/transfer/defense|NA|Plasmid RefSeq|Homology,NODE_12_length_159129_cov_50.340373_119 # 127174 # 127329 # 1 # ID=12_119;partial=00;start_type=ATG;rbs_motif=AGGAG;rbs_spacer=5-10bp;gc_cont=0.513,98.0,93.2,50,2.35e-26,52,1,50,2,51,mobileOG_000301584,srnB,WP_015379015.1,stability/transfer/defense,NA,Plasmid RefSeq,Homology,NODE_12_length_159129_cov_50.340373_119, 127174 # 127329 # 1 , 127174,127329,1 ,12_119,12,119,00,ATG,AGGAG,5-10bp,0.513,NODE_12_length_159129_cov_50.340373,mobileOG_000301584_NODE_12_length_159129_cov_50.340373
444,mobileOG_000361163|srnB|WP_080298853.1|stability/transfer/defense|NA|Plasmid RefSeq|Homology,NODE_12_length_159129_cov_50.340373_119 # 127174 # 127329 # 1 # ID=12_119;partial=00;start_type=ATG;rbs_motif=AGGAG;rbs_spacer=5-10bp;gc_cont=0.513,92.0,89.4,50,7.91e-25,52,1,50,2,51,mobileOG_000361163,srnB,WP_080298853.1,stability/transfer/defense,NA,Plasmid RefSeq,Homology,NODE_12_length_159129_cov_50.340373_119, 127174 # 127329 # 1 , 127174,127329,1 ,12_119,12,119,00,ATG,AGGAG,5-10bp,0.513,NODE_12_length_159129_cov_50.340373,mobileOG_000361163_NODE_12_length_159129_cov_50.340373
445,mobileOG_000301584|srnB|WP_015379015.1|stability/transfer/defense|NA|Plasmid RefSeq|Homology,NODE_12_length_159129_cov_50.340373_133 # 142301 # 142456 # 1 # ID=12_133;partial=00;start_type=ATG;rbs_motif=AGGAG;rbs_spacer=5-10bp;gc_cont=0.526,98.0,93.2,50,2.35e-26,52,1,50,2,51,mobileOG_000301584,srnB,WP_015379015.1,stability/transfer/defense,NA,Plasmid RefSeq,Homology,NODE_12_length_159129_cov_50.340373_133, 142301 # 142456 # 1 , 142301,142456,1 ,12_133,12,133,00,ATG,AGGAG,5-10bp,0.526,NODE_12_length_159129_cov_50.340373,mobileOG_000301584_NODE_12_length_159129_cov_50.340373
446,mobileOG_000361163|srnB|WP_080298853.1|stability/transfer/defense|NA|Plasmid RefSeq|Homology,NODE_12_length_159129_cov_50.340373_133 # 142301 # 142456 # 1 # ID=12_133;partial=00;start_type=ATG;rbs_motif=AGGAG;rbs_spacer=5-10bp;gc_cont=0.526,92.0,89.4,50,7.91e-25,52,1,50,2,51,mobileOG_000361163,srnB,WP_080298853.1,stability/transfer/defense,NA,Plasmid RefSeq,Homology,NODE_12_length_159129_cov_50.340373_133, 142301 # 142456 # 1 , 142301,142456,1 ,12_133,12,133,00,ATG,AGGAG,5-10bp,0.526,NODE_12_length_159129_cov_50.340373,mobileOG_000361163_NODE_12_length_159129_cov_50.340373
447,mobileOG_000728847|NA:Keyword|WP_101427320.1|stability/transfer/defense|NA|Plasmid RefSeq|Keyword Search,NODE_13_length_146762_cov_49.695940_32 # 32306 # 32623 # 1 # ID=13_32;partial=00;start_type=ATG;rbs_motif=GGAG/GAGG;rbs_spacer=5-10bp;gc_cont=0.528,94.3,191,105,1.30e-63,106,1,105,1,105,mobileOG_000728847,NA:Keyword,WP_101427320.1,stability/transfer/defense,NA,Plasmid RefSeq,Keyword Search,NODE_13_length_146762_cov_49.695940_32, 32306 # 32623 # 1 , 32306,32623,1 ,13_32,13,32,00,ATG,GGAG/GAGG,5-10bp,0.528,NODE_13_length_146762_cov_49.695940,mobileOG_000728847_NODE_13_length_146762_cov_49.695940
448,mobileOG_000327810|xerD|WP_033638574.1|integration/excision|replication/recombination/repair|Plasmid RefSeq|Homology,NODE_13_length_146762_cov_49.695940_57 # 54346 # 55281 # 1 # ID=13_57;partial=00;start_type=ATG;rbs_motif=GGA/GAG/AGG;rbs_spacer=3-4bp;gc_cont=0.615,98.7,579,299,1.54e-210,312,1,299,13,311,mobileOG_000327810,xerD,WP_033638574.1,integration/excision,replication/recombination/repair,Plasmid RefSeq,Homology,NODE_13_length_146762_cov_49.695940_57, 54346 # 55281 # 1 , 54346,55281,1 ,13_57,13,57,00,ATG,GGA/GAG/AGG,3-4bp,0.615,NODE_13_length_146762_cov_49.695940,mobileOG_000327810_NODE_13_length_146762_cov_49.695940
449,mobileOG_000328805|recJ|WP_101427312.1|replication/recombination/repair|NA|Plasmid RefSeq|Homology,NODE_13_length_146762_cov_49.695940_59 # 56031 # 57764 # 1 # ID=13_59;partial=00;start_type=GTG;rbs_motif=GGxGG;rbs_spacer=5-10bp;gc_cont=0.671,99.0,1125,577,0.0,578,1,577,1,577,mobileOG_000328805,recJ,WP_101427312.1,replication/recombination/repair,NA,Plasmid RefSeq,Homology,NODE_13_length_146762_cov_49.695940_59, 56031 # 57764 # 1 , 56031,57764,1 ,13_59,13,59,00,GTG,GGxGG,5-10bp,0.671,NODE_13_length_146762_cov_49.695940,mobileOG_000328805_NODE_13_length_146762_cov_49.695940
450,mobileOG_000301572|higA|WP_004931828.1|stability/transfer/defense|NA|Plasmid RefSeq|Homology,NODE_13_length_146762_cov_49.695940_109 # 108020 # 108322 # -1 # ID=13_109;partial=00;start_type=ATG;rbs_motif=GGAGG;rbs_spacer=5-10bp;gc_cont=0.574,98.0,183,100,1.02e-60,101,1,100,1,100,mobileOG_000301572,higA,WP_004931828.1,stability/transfer/defense,NA,Plasmid RefSeq,Homology,NODE_13_length_146762_cov_49.695940_109, 108020 # 108322 # -1 , 108020,108322,-1 ,13_109,13,109,00,ATG,GGAGG,5-10bp,0.574,NODE_13_length_146762_cov_49.695940,mobileOG_000301572_NODE_13_length_146762_cov_49.695940
451,mobileOG_000330963|mutH|WP_033635764.1|replication/recombination/repair|NA|Plasmid RefSeq|Homology,NODE_13_length_146762_cov_49.695940_122 # 123575 # 124261 # -1 # ID=13_122;partial=00;start_type=ATG;rbs_motif=GGA/GAG/AGG;rbs_spacer=5-10bp;gc_cont=0.617,96.5,445,228,4.44e-160,229,1,228,1,228,mobileOG_000330963,mutH,WP_033635764.1,replication/recombination/repair,NA,Plasmid RefSeq,Homology,NODE_13_length_146762_cov_49.695940_122, 123575 # 124261 # -1 , 123575,124261,-1 ,13_122,13,122,00,ATG,GGA/GAG/AGG,5-10bp,0.617,NODE_13_length_146762_cov_49.695940,mobileOG_000330963_NODE_13_length_146762_cov_49.695940
452,"mobileOG_000368528|thyA|WP_016929918.1|phage|replication,infection,regulation|Plasmid RefSeq|Homology",NODE_13_length_146762_cov_49.695940_126 # 128847 # 129641 # 1 # ID=13_126;partial=00;start_type=ATG;rbs_motif=GGAG/GAGG;rbs_spacer=5-10bp;gc_cont=0.585,98.9,551,264,8.42e-201,265,1,264,1,264,mobileOG_000368528,thyA,WP_016929918.1,phage,"replication,infection,regulation",Plasmid RefSeq,Homology,NODE_13_length_146762_cov_49.695940_126, 128847 # 129641 # 1 , 128847,129641,1 ,13_126,13,126,00,ATG,GGAG/GAGG,5-10bp,0.585,NODE_13_length_146762_cov_49.695940,mobileOG_000368528_NODE_13_length_146762_cov_49.695940
453,mobileOG_000327740|recC|WP_101427297.1|replication/recombination/repair|NA|Plasmid RefSeq|Homology,NODE_13_length_146762_cov_49.695940_131 # 131713 # 135084 # 1 # ID=13_131;partial=00;start_type=ATG;rbs_motif=AGGAG;rbs_spacer=5-10bp;gc_cont=0.617,98.1,2230,1123,0.0,1124,1,1123,1,1123,mobileOG_000327740,recC,WP_101427297.1,replication/recombination/repair,NA,Plasmid RefSeq,Homology,NODE_13_length_146762_cov_49.695940_131, 131713 # 135084 # 1 , 131713,135084,1 ,13_131,13,131,00,ATG,AGGAG,5-10bp,0.617,NODE_13_length_146762_cov_49.695940,mobileOG_000327740_NODE_13_length_146762_cov_49.695940
454,mobileOG_000336351|recB|WP_101427296.1|replication/recombination/repair|NA|Plasmid RefSeq|Homology,NODE_13_length_146762_cov_49.695940_133 # 138201 # 141752 # 1 # ID=13_133;partial=00;start_type=ATG;rbs_motif=None;rbs_spacer=None;gc_cont=0.626,97.5,2297,1183,0.0,1184,1,1183,1,1183,mobileOG_000336351,recB,WP_101427296.1,replication/recombination/repair,NA,Plasmid RefSeq,Homology,NODE_13_length_146762_cov_49.695940_133, 138201 # 141752 # 1 , 138201,141752,1 ,13_133,13,133,00,ATG,None,None,0.626,NODE_13_length_146762_cov_49.695940,mobileOG_000336351_NODE_13_length_146762_cov_49.695940
455,mobileOG_000329165|recD|WP_101427295.1|replication/recombination/repair|NA|Plasmid RefSeq|Homology,NODE_13_length_146762_cov_49.695940_134 # 141749 # 143599 # 1 # ID=13_134;partial=00;start_type=ATG;rbs_motif=GGAGG;rbs_spacer=5-10bp;gc_cont=0.665,97.6,1139,616,0.0,617,1,616,1,616,mobileOG_000329165,recD,WP_101427295.1,replication/recombination/repair,NA,Plasmid RefSeq,Homology,NODE_13_length_146762_cov_49.695940_134, 141749 # 143599 # 1 , 141749,143599,1 ,13_134,13,134,00,ATG,GGAGG,5-10bp,0.665,NODE_13_length_146762_cov_49.695940,mobileOG_000329165_NODE_13_length_146762_cov_49.695940
456,"mobileOG_000354199|cpxA|WP_015379421.1|transfer|conjugation,relaxosome|Plasmid RefSeq|Homology",NODE_14_length_120024_cov_59.829766_45 # 48123 # 49517 # 1 # ID=14_45;partial=00;start_type=ATG;rbs_motif=None;rbs_spacer=None;gc_cont=0.640,100,906,464,0.0,465,1,464,1,464,mobileOG_000354199,cpxA,WP_015379421.1,transfer,"conjugation,relaxosome",Plasmid RefSeq,Homology,NODE_14_length_120024_cov_59.829766_45, 48123 # 49517 # 1 , 48123,49517,1 ,14_45,14,45,00,ATG,None,None,0.640,NODE_14_length_120024_cov_59.829766,mobileOG_000354199_NODE_14_length_120024_cov_59.829766
457,"mobileOG_000354202|cpxA|WP_033636450.1|transfer|conjugation,relaxosome|Plasmid RefSeq|Homology",NODE_14_length_120024_cov_59.829766_45 # 48123 # 49517 # 1 # ID=14_45;partial=00;start_type=ATG;rbs_motif=None;rbs_spacer=None;gc_cont=0.640,98.9,899,464,0.0,465,1,464,1,464,mobileOG_000354202,cpxA,WP_033636450.1,transfer,"conjugation,relaxosome",Plasmid RefSeq,Homology,NODE_14_length_120024_cov_59.829766_45, 48123 # 49517 # 1 , 48123,49517,1 ,14_45,14,45,00,ATG,None,None,0.640,NODE_14_length_120024_cov_59.829766,mobileOG_000354202_NODE_14_length_120024_cov_59.829766
458,mobileOG_000332472|mutM|WP_033649742.1|replication/recombination/repair|NA|Plasmid RefSeq|Homology,NODE_14_length_120024_cov_59.829766_74 # 77253 # 78068 # -1 # ID=14_74;partial=00;start_type=ATG;rbs_motif=GGAGG;rbs_spacer=5-10bp;gc_cont=0.607,98.5,543,271,1.63e-197,272,1,271,1,271,mobileOG_000332472,mutM,WP_033649742.1,replication/recombination/repair,NA,Plasmid RefSeq,Homology,NODE_14_length_120024_cov_59.829766_74, 77253 # 78068 # -1 , 77253,78068,-1 ,14_74,14,74,00,ATG,GGAGG,5-10bp,0.607,NODE_14_length_120024_cov_59.829766,mobileOG_000332472_NODE_14_length_120024_cov_59.829766
459,mobileOG_000327567|mutM|WP_101452716.1|replication/recombination/repair|NA|Plasmid RefSeq|Homology,NODE_14_length_120024_cov_59.829766_74 # 77253 # 78068 # -1 # ID=14_74;partial=00;start_type=ATG;rbs_motif=GGAGG;rbs_spacer=5-10bp;gc_cont=0.607,96.3,533,271,1.50e-193,272,1,271,1,271,mobileOG_000327567,mutM,WP_101452716.1,replication/recombination/repair,NA,Plasmid RefSeq,Homology,NODE_14_length_120024_cov_59.829766_74, 77253 # 78068 # -1 , 77253,78068,-1 ,14_74,14,74,00,ATG,GGAGG,5-10bp,0.607,NODE_14_length_120024_cov_59.829766,mobileOG_000327567_NODE_14_length_120024_cov_59.829766
460,mobileOG_000365573|dut|WP_033652257.1|transfer|regulation|Plasmid RefSeq|Homology,NODE_14_length_120024_cov_59.829766_80 # 80890 # 81348 # 1 # ID=14_80;partial=00;start_type=ATG;rbs_motif=3Base/5BMM;rbs_spacer=13-15bp;gc_cont=0.656,99.3,302,152,3.56e-106,153,1,152,1,152,mobileOG_000365573,dut,WP_033652257.1,transfer,regulation,Plasmid RefSeq,Homology,NODE_14_length_120024_cov_59.829766_80, 80890 # 81348 # 1 , 80890,81348,1 ,14_80,14,80,00,ATG,3Base/5BMM,13-15bp,0.656,NODE_14_length_120024_cov_59.829766,mobileOG_000365573_NODE_14_length_120024_cov_59.829766
461,mobileOG_000026435|dut|A0A2S4X4S0|transfer|regulation|Plasmid RefSeq|Manual,NODE_14_length_120024_cov_59.829766_80 # 80890 # 81348 # 1 # ID=14_80;partial=00;start_type=ATG;rbs_motif=3Base/5BMM;rbs_spacer=13-15bp;gc_cont=0.656,98.7,302,152,5.05e-106,153,1,152,1,152,mobileOG_000026435,dut,A0A2S4X4S0,transfer,regulation,Plasmid RefSeq,Manual,NODE_14_length_120024_cov_59.829766_80, 80890 # 81348 # 1 , 80890,81348,1 ,14_80,14,80,00,ATG,3Base/5BMM,13-15bp,0.656,NODE_14_length_120024_cov_59.829766,mobileOG_000026435_NODE_14_length_120024_cov_59.829766
462,mobileOG_000289045|dut|A0A0J4XIE0|transfer|regulation|Plasmid RefSeq|Homology,NODE_14_length_120024_cov_59.829766_80 # 80890 # 81348 # 1 # ID=14_80;partial=00;start_type=ATG;rbs_motif=3Base/5BMM;rbs_spacer=13-15bp;gc_cont=0.656,91.4,278,152,1.44e-96,153,1,151,1,151,mobileOG_000289045,dut,A0A0J4XIE0,transfer,regulation,Plasmid RefSeq,Homology,NODE_14_length_120024_cov_59.829766_80, 80890 # 81348 # 1 , 80890,81348,1 ,14_80,14,80,00,ATG,3Base/5BMM,13-15bp,0.656,NODE_14_length_120024_cov_59.829766,mobileOG_000289045_NODE_14_length_120024_cov_59.829766
463,mobileOG_000368541|rph|WP_025160305.1|replication/recombination/repair|NA|Plasmid RefSeq|Homology,NODE_14_length_120024_cov_59.829766_83 # 82966 # 83682 # -1 # ID=14_83;partial=00;start_type=ATG;rbs_motif=GGAG/GAGG;rbs_spacer=5-10bp;gc_cont=0.632,100,459,238,3.11e-165,239,1,238,1,238,mobileOG_000368541,rph,WP_025160305.1,replication/recombination/repair,NA,Plasmid RefSeq,Homology,NODE_14_length_120024_cov_59.829766_83, 82966 # 83682 # -1 , 82966,83682,-1 ,14_83,14,83,00,ATG,GGAG/GAGG,5-10bp,0.632,NODE_14_length_120024_cov_59.829766,mobileOG_000368541_NODE_14_length_120024_cov_59.829766
464,mobileOG_000282638|recG|WP_042785598.1|replication/recombination/repair|NA|Plasmid RefSeq|Homology,NODE_14_length_120024_cov_59.829766_94 # 91988 # 94069 # 1 # ID=14_94;partial=00;start_type=ATG;rbs_motif=3Base/5BMM;rbs_spacer=13-15bp;gc_cont=0.656,99.4,1333,693,0.0,694,1,693,1,693,mobileOG_000282638,recG,WP_042785598.1,replication/recombination/repair,NA,Plasmid RefSeq,Homology,NODE_14_length_120024_cov_59.829766_94, 91988 # 94069 # 1 , 91988,94069,1 ,14_94,14,94,00,ATG,3Base/5BMM,13-15bp,0.656,NODE_14_length_120024_cov_59.829766,mobileOG_000282638_NODE_14_length_120024_cov_59.829766
465,mobileOG_000282640|recG|WP_043148432.1|replication/recombination/repair|NA|Plasmid RefSeq|Homology,NODE_14_length_120024_cov_59.829766_94 # 91988 # 94069 # 1 # ID=14_94;partial=00;start_type=ATG;rbs_motif=3Base/5BMM;rbs_spacer=13-15bp;gc_cont=0.656,99.4,1333,693,0.0,694,1,693,1,693,mobileOG_000282640,recG,WP_043148432.1,replication/recombination/repair,NA,Plasmid RefSeq,Homology,NODE_14_length_120024_cov_59.829766_94, 91988 # 94069 # 1 , 91988,94069,1 ,14_94,14,94,00,ATG,3Base/5BMM,13-15bp,0.656,NODE_14_length_120024_cov_59.829766,mobileOG_000282640_NODE_14_length_120024_cov_59.829766
466,mobileOG_000324978|polA|WP_033652267.1|replication/recombination/repair|NA|Plasmid RefSeq|Homology,NODE_14_length_120024_cov_59.829766_110 # 112427 # 115225 # -1 # ID=14_110;partial=00;start_type=ATG;rbs_motif=None;rbs_spacer=None;gc_cont=0.610,98.7,1787,932,0.0,933,1,932,1,932,mobileOG_000324978,polA,WP_033652267.1,replication/recombination/repair,NA,Plasmid RefSeq,Homology,NODE_14_length_120024_cov_59.829766_110, 112427 # 115225 # -1 , 112427,115225,-1 ,14_110,14,110,00,ATG,None,None,0.610,NODE_14_length_120024_cov_59.829766,mobileOG_000324978_NODE_14_length_120024_cov_59.829766
467,mobileOG_000330441|polA|WP_033649753.1|replication/recombination/repair|NA|Plasmid RefSeq|Homology,NODE_14_length_120024_cov_59.829766_110 # 112427 # 115225 # -1 # ID=14_110;partial=00;start_type=ATG;rbs_motif=None;rbs_spacer=None;gc_cont=0.610,98.4,1779,933,0.0,933,1,933,1,932,mobileOG_000330441,polA,WP_033649753.1,replication/recombination/repair,NA,Plasmid RefSeq,Homology,NODE_14_length_120024_cov_59.829766_110, 112427 # 115225 # -1 , 112427,115225,-1 ,14_110,14,110,00,ATG,None,None,0.610,NODE_14_length_120024_cov_59.829766,mobileOG_000330441_NODE_14_length_120024_cov_59.829766
468,mobileOG_000368503|ruvC|WP_004932367.1|replication/recombination/repair|NA|Plasmid RefSeq|Homology,NODE_15_length_118811_cov_37.030337_17 # 17471 # 17992 # 1 # ID=15_17;partial=00;start_type=ATG;rbs_motif=AGxAGG/AGGxGG;rbs_spacer=5-10bp;gc_cont=0.625,100,330,173,2.59e-116,174,1,173,1,173,mobileOG_000368503,ruvC,WP_004932367.1,replication/recombination/repair,NA,Plasmid RefSeq,Homology,NODE_15_length_118811_cov_37.030337_17, 17471 # 17992 # 1 , 17471,17992,1 ,15_17,15,17,00,ATG,AGxAGG/AGGxGG,5-10bp,0.625,NODE_15_length_118811_cov_37.030337,mobileOG_000368503_NODE_15_length_118811_cov_37.030337
469,mobileOG_000332823|ruvC|WP_033634853.1|replication/recombination/repair|NA|Plasmid RefSeq|Homology,NODE_15_length_118811_cov_37.030337_17 # 17471 # 17992 # 1 # ID=15_17;partial=00;start_type=ATG;rbs_motif=AGxAGG/AGGxGG;rbs_spacer=5-10bp;gc_cont=0.625,99.4,329,173,3.68e-116,174,1,173,1,173,mobileOG_000332823,ruvC,WP_033634853.1,replication/recombination/repair,NA,Plasmid RefSeq,Homology,NODE_15_length_118811_cov_37.030337_17, 17471 # 17992 # 1 , 17471,17992,1 ,15_17,15,17,00,ATG,AGxAGG/AGGxGG,5-10bp,0.625,NODE_15_length_118811_cov_37.030337,mobileOG_000332823_NODE_15_length_118811_cov_37.030337
470,mobileOG_000336561|ruvA|WP_033634852.1|replication/recombination/repair|NA|Plasmid RefSeq|Homology,NODE_15_length_118811_cov_37.030337_18 # 18105 # 18719 # 1 # ID=15_18;partial=00;start_type=ATG;rbs_motif=AGGAGG;rbs_spacer=3-4bp;gc_cont=0.615,99.0,386,204,1.50e-137,205,1,204,1,204,mobileOG_000336561,ruvA,WP_033634852.1,replication/recombination/repair,NA,Plasmid RefSeq,Homology,NODE_15_length_118811_cov_37.030337_18, 18105 # 18719 # 1 , 18105,18719,1 ,15_18,15,18,00,ATG,AGGAGG,3-4bp,0.615,NODE_15_length_118811_cov_37.030337,mobileOG_000336561_NODE_15_length_118811_cov_37.030337
471,mobileOG_000354069|ruvB|WP_025303125.1|replication/recombination/repair|NA|Plasmid RefSeq|Homology,NODE_15_length_118811_cov_37.030337_19 # 18739 # 19743 # 1 # ID=15_19;partial=00;start_type=ATG;rbs_motif=GGAG/GAGG;rbs_spacer=5-10bp;gc_cont=0.634,100,646,334,4.30e-236,335,1,333,1,333,mobileOG_000354069,ruvB,WP_025303125.1,replication/recombination/repair,NA,Plasmid RefSeq,Homology,NODE_15_length_118811_cov_37.030337_19, 18739 # 19743 # 1 , 18739,19743,1 ,15_19,15,19,00,ATG,GGAG/GAGG,5-10bp,0.634,NODE_15_length_118811_cov_37.030337,mobileOG_000354069_NODE_15_length_118811_cov_37.030337
472,mobileOG_000354070|ruvB|WP_043147578.1|replication/recombination/repair|NA|Plasmid RefSeq|Homology,NODE_15_length_118811_cov_37.030337_19 # 18739 # 19743 # 1 # ID=15_19;partial=00;start_type=ATG;rbs_motif=GGAG/GAGG;rbs_spacer=5-10bp;gc_cont=0.634,99.7,645,334,1.23e-235,335,1,333,1,333,mobileOG_000354070,ruvB,WP_043147578.1,replication/recombination/repair,NA,Plasmid RefSeq,Homology,NODE_15_length_118811_cov_37.030337_19, 18739 # 19743 # 1 , 18739,19743,1 ,15_19,15,19,00,ATG,GGAG/GAGG,5-10bp,0.634,NODE_15_length_118811_cov_37.030337,mobileOG_000354070_NODE_15_length_118811_cov_37.030337
473,mobileOG_000298941|slp|WP_033638506.1|integration/excision|NA|Plasmid RefSeq|Homology,NODE_15_length_118811_cov_37.030337_35 # 35649 # 36239 # 1 # ID=15_35;partial=00;start_type=ATG;rbs_motif=AGGAG;rbs_spacer=5-10bp;gc_cont=0.640,98.0,389,196,4.90e-139,197,1,196,1,196,mobileOG_000298941,slp,WP_033638506.1,integration/excision,NA,Plasmid RefSeq,Homology,NODE_15_length_118811_cov_37.030337_35, 35649 # 36239 # 1 , 35649,36239,1 ,15_35,15,35,00,ATG,AGGAG,5-10bp,0.640,NODE_15_length_118811_cov_37.030337,mobileOG_000298941_NODE_15_length_118811_cov_37.030337
474,mobileOG_000308655|topB|WP_033647606.1|replication/recombination/repair|NA|Plasmid RefSeq|Homology,NODE_15_length_118811_cov_37.030337_77 # 76527 # 78452 # 1 # ID=15_77;partial=00;start_type=ATG;rbs_motif=None;rbs_spacer=None;gc_cont=0.605,99.4,1252,641,0.0,642,1,641,1,641,mobileOG_000308655,topB,WP_033647606.1,replication/recombination/repair,NA,Plasmid RefSeq,Homology,NODE_15_length_118811_cov_37.030337_77, 76527 # 78452 # 1 , 76527,78452,1 ,15_77,15,77,00,ATG,None,None,0.605,NODE_15_length_118811_cov_37.030337,mobileOG_000308655_NODE_15_length_118811_cov_37.030337
475,mobileOG_000308859|topB|WP_101427007.1|replication/recombination/repair|NA|Plasmid RefSeq|Homology,NODE_15_length_118811_cov_37.030337_77 # 76527 # 78452 # 1 # ID=15_77;partial=00;start_type=ATG;rbs_motif=None;rbs_spacer=None;gc_cont=0.605,99.1,1252,641,0.0,642,1,641,1,641,mobileOG_000308859,topB,WP_101427007.1,replication/recombination/repair,NA,Plasmid RefSeq,Homology,NODE_15_length_118811_cov_37.030337_77, 76527 # 78452 # 1 , 76527,78452,1 ,15_77,15,77,00,ATG,None,None,0.605,NODE_15_length_118811_cov_37.030337,mobileOG_000308859_NODE_15_length_118811_cov_37.030337
476,mobileOG_000330120|xthA|WP_033647602.1|replication/recombination/repair|NA|Plasmid RefSeq|Homology,NODE_15_length_118811_cov_37.030337_80 # 79216 # 80022 # -1 # ID=15_80;partial=00;start_type=ATG;rbs_motif=None;rbs_spacer=None;gc_cont=0.579,98.9,559,268,7.21e-204,269,1,268,1,268,mobileOG_000330120,xthA,WP_033647602.1,replication/recombination/repair,NA,Plasmid RefSeq,Homology,NODE_15_length_118811_cov_37.030337_80, 79216 # 80022 # -1 , 79216,80022,-1 ,15_80,15,80,00,ATG,None,None,0.579,NODE_15_length_118811_cov_37.030337,mobileOG_000330120_NODE_15_length_118811_cov_37.030337
477,mobileOG_000369427|hns|WP_004932170.1|replication/recombination/repair|regulation|Plasmid RefSeq|Homology,NODE_15_length_118811_cov_37.030337_89 # 88862 # 89269 # -1 # ID=15_89;partial=00;start_type=ATG;rbs_motif=GGA/GAG/AGG;rbs_spacer=5-10bp;gc_cont=0.493,100,251,135,1.35e-86,136,1,135,1,135,mobileOG_000369427,hns,WP_004932170.1,replication/recombination/repair,regulation,Plasmid RefSeq,Homology,NODE_15_length_118811_cov_37.030337_89, 88862 # 89269 # -1 , 88862,89269,-1 ,15_89,15,89,00,ATG,GGA/GAG/AGG,5-10bp,0.493,NODE_15_length_118811_cov_37.030337,mobileOG_000369427_NODE_15_length_118811_cov_37.030337
478,mobileOG_000308667|oppA|WP_033654358.1|transfer|competence|Plasmid RefSeq|Homology,NODE_15_length_118811_cov_37.030337_93 # 95218 # 96855 # 1 # ID=15_93;partial=00;start_type=ATG;rbs_motif=AGGAG;rbs_spacer=5-10bp;gc_cont=0.589,98.0,1069,545,0.0,546,1,545,1,545,mobileOG_000308667,oppA,WP_033654358.1,transfer,competence,Plasmid RefSeq,Homology,NODE_15_length_118811_cov_37.030337_93, 95218 # 96855 # 1 , 95218,96855,1 ,15_93,15,93,00,ATG,AGGAG,5-10bp,0.589,NODE_15_length_118811_cov_37.030337,mobileOG_000308667_NODE_15_length_118811_cov_37.030337
479,mobileOG_000308869|oppA|WP_101456511.1|transfer|competence|Plasmid RefSeq|Homology,NODE_15_length_118811_cov_37.030337_93 # 95218 # 96855 # 1 # ID=15_93;partial=00;start_type=ATG;rbs_motif=AGGAG;rbs_spacer=5-10bp;gc_cont=0.589,97.8,1068,545,0.0,546,1,545,1,545,mobileOG_000308869,oppA,WP_101456511.1,transfer,competence,Plasmid RefSeq,Homology,NODE_15_length_118811_cov_37.030337_93, 95218 # 96855 # 1 , 95218,96855,1 ,15_93,15,93,00,ATG,AGGAG,5-10bp,0.589,NODE_15_length_118811_cov_37.030337,mobileOG_000308869_NODE_15_length_118811_cov_37.030337
480,mobileOG_000334396|oppA|WP_033647597.1|transfer|competence|Plasmid RefSeq|Homology,NODE_15_length_118811_cov_37.030337_94 # 97003 # 98640 # 1 # ID=15_94;partial=00;start_type=ATG;rbs_motif=GGAG/GAGG;rbs_spacer=5-10bp;gc_cont=0.557,99.3,1102,545,0.0,546,1,545,1,545,mobileOG_000334396,oppA,WP_033647597.1,transfer,competence,Plasmid RefSeq,Homology,NODE_15_length_118811_cov_37.030337_94, 97003 # 98640 # 1 , 97003,98640,1 ,15_94,15,94,00,ATG,GGAG/GAGG,5-10bp,0.557,NODE_15_length_118811_cov_37.030337,mobileOG_000334396_NODE_15_length_118811_cov_37.030337
481,mobileOG_000336315|oppB|WP_033654356.1|transfer|competence|Plasmid RefSeq|Homology,NODE_15_length_118811_cov_37.030337_95 # 98724 # 99644 # 1 # ID=15_95;partial=00;start_type=ATG;rbs_motif=GGA/GAG/AGG;rbs_spacer=5-10bp;gc_cont=0.573,99.7,569,306,1.49e-206,307,1,306,1,306,mobileOG_000336315,oppB,WP_033654356.1,transfer,competence,Plasmid RefSeq,Homology,NODE_15_length_118811_cov_37.030337_95, 98724 # 99644 # 1 , 98724,99644,1 ,15_95,15,95,00,ATG,GGA/GAG/AGG,5-10bp,0.573,NODE_15_length_118811_cov_37.030337,mobileOG_000336315_NODE_15_length_118811_cov_37.030337
482,mobileOG_000335601|oppB|WP_033634784.1|transfer|competence|Plasmid RefSeq|Homology,NODE_15_length_118811_cov_37.030337_95 # 98724 # 99644 # 1 # ID=15_95;partial=00;start_type=ATG;rbs_motif=GGA/GAG/AGG;rbs_spacer=5-10bp;gc_cont=0.573,99.3,568,306,2.12e-206,307,1,306,1,306,mobileOG_000335601,oppB,WP_033634784.1,transfer,competence,Plasmid RefSeq,Homology,NODE_15_length_118811_cov_37.030337_95, 98724 # 99644 # 1 , 98724,99644,1 ,15_95,15,95,00,ATG,GGA/GAG/AGG,5-10bp,0.573,NODE_15_length_118811_cov_37.030337,mobileOG_000335601_NODE_15_length_118811_cov_37.030337
483,mobileOG_000025703|oppB|WP_000911097.1|transfer|competence|Multiple|Manual,NODE_15_length_118811_cov_37.030337_95 # 98724 # 99644 # 1 # ID=15_95;partial=00;start_type=ATG;rbs_motif=GGA/GAG/AGG;rbs_spacer=5-10bp;gc_cont=0.573,93.5,533,306,2.22e-192,307,1,306,1,306,mobileOG_000025703,oppB,WP_000911097.1,transfer,competence,Multiple,Manual,NODE_15_length_118811_cov_37.030337_95, 98724 # 99644 # 1 , 98724,99644,1 ,15_95,15,95,00,ATG,GGA/GAG/AGG,5-10bp,0.573,NODE_15_length_118811_cov_37.030337,mobileOG_000025703_NODE_15_length_118811_cov_37.030337
484,mobileOG_000241060|oppB|A0A0F1ER99|transfer|competence|GPD|Homology,NODE_15_length_118811_cov_37.030337_95 # 98724 # 99644 # 1 # ID=15_95;partial=00;start_type=ATG;rbs_motif=GGA/GAG/AGG;rbs_spacer=5-10bp;gc_cont=0.573,93.8,531,306,1.82e-191,307,1,306,1,306,mobileOG_000241060,oppB,A0A0F1ER99,transfer,competence,GPD,Homology,NODE_15_length_118811_cov_37.030337_95, 98724 # 99644 # 1 , 98724,99644,1 ,15_95,15,95,00,ATG,GGA/GAG/AGG,5-10bp,0.573,NODE_15_length_118811_cov_37.030337,mobileOG_000241060_NODE_15_length_118811_cov_37.030337
485,mobileOG_000241064|oppB|EDA16224.1|transfer|competence|GPD|Homology,NODE_15_length_118811_cov_37.030337_95 # 98724 # 99644 # 1 # ID=15_95;partial=00;start_type=ATG;rbs_motif=GGA/GAG/AGG;rbs_spacer=5-10bp;gc_cont=0.573,91.2,529,306,7.40e-191,307,1,306,1,306,mobileOG_000241064,oppB,EDA16224.1,transfer,competence,GPD,Homology,NODE_15_length_118811_cov_37.030337_95, 98724 # 99644 # 1 , 98724,99644,1 ,15_95,15,95,00,ATG,GGA/GAG/AGG,5-10bp,0.573,NODE_15_length_118811_cov_37.030337,mobileOG_000241064_NODE_15_length_118811_cov_37.030337
486,mobileOG_000002429|oppB|WP_000911112.1|transfer|competence|Multiple|Manual,NODE_15_length_118811_cov_37.030337_95 # 98724 # 99644 # 1 # ID=15_95;partial=00;start_type=ATG;rbs_motif=GGA/GAG/AGG;rbs_spacer=5-10bp;gc_cont=0.573,93.8,528,306,2.12e-190,307,1,306,1,306,mobileOG_000002429,oppB,WP_000911112.1,transfer,competence,Multiple,Manual,NODE_15_length_118811_cov_37.030337_95, 98724 # 99644 # 1 , 98724,99644,1 ,15_95,15,95,00,ATG,GGA/GAG/AGG,5-10bp,0.573,NODE_15_length_118811_cov_37.030337,mobileOG_000002429_NODE_15_length_118811_cov_37.030337
487,mobileOG_000047933|oppB|A0A0F3WLQ6|transfer|competence|COMPASS|Homology,NODE_15_length_118811_cov_37.030337_95 # 98724 # 99644 # 1 # ID=15_95;partial=00;start_type=ATG;rbs_motif=GGA/GAG/AGG;rbs_spacer=5-10bp;gc_cont=0.573,93.5,526,306,1.22e-189,307,1,306,1,306,mobileOG_000047933,oppB,A0A0F3WLQ6,transfer,competence,COMPASS,Homology,NODE_15_length_118811_cov_37.030337_95, 98724 # 99644 # 1 , 98724,99644,1 ,15_95,15,95,00,ATG,GGA/GAG/AGG,5-10bp,0.573,NODE_15_length_118811_cov_37.030337,mobileOG_000047933_NODE_15_length_118811_cov_37.030337
488,mobileOG_000335522|oppC|WP_033634783.1|transfer|competence|Plasmid RefSeq|Homology,NODE_15_length_118811_cov_37.030337_96 # 99659 # 100567 # 1 # ID=15_96;partial=00;start_type=ATG;rbs_motif=GGAG/GAGG;rbs_spacer=5-10bp;gc_cont=0.598,96.4,546,302,1.53e-197,303,1,302,1,302,mobileOG_000335522,oppC,WP_033634783.1,transfer,competence,Plasmid RefSeq,Homology,NODE_15_length_118811_cov_37.030337_96, 99659 # 100567 # 1 , 99659,100567,1 ,15_96,15,96,00,ATG,GGAG/GAGG,5-10bp,0.598,NODE_15_length_118811_cov_37.030337,mobileOG_000335522_NODE_15_length_118811_cov_37.030337
489,mobileOG_000325241|oppC|A0A5A7AN07|transfer|competence|Multiple|Homology,NODE_15_length_118811_cov_37.030337_96 # 99659 # 100567 # 1 # ID=15_96;partial=00;start_type=ATG;rbs_motif=GGAG/GAGG;rbs_spacer=5-10bp;gc_cont=0.598,92.4,505,302,2.16e-181,303,1,302,1,302,mobileOG_000325241,oppC,A0A5A7AN07,transfer,competence,Multiple,Homology,NODE_15_length_118811_cov_37.030337_96, 99659 # 100567 # 1 , 99659,100567,1 ,15_96,15,96,00,ATG,GGAG/GAGG,5-10bp,0.598,NODE_15_length_118811_cov_37.030337,mobileOG_000325241_NODE_15_length_118811_cov_37.030337
490,mobileOG_000002425|oppC|WP_000979661.1|transfer|competence|Multiple|Manual,NODE_15_length_118811_cov_37.030337_96 # 99659 # 100567 # 1 # ID=15_96;partial=00;start_type=ATG;rbs_motif=GGAG/GAGG;rbs_spacer=5-10bp;gc_cont=0.598,92.1,503,302,8.77e-181,303,1,302,1,302,mobileOG_000002425,oppC,WP_000979661.1,transfer,competence,Multiple,Manual,NODE_15_length_118811_cov_37.030337_96, 99659 # 100567 # 1 , 99659,100567,1 ,15_96,15,96,00,ATG,GGAG/GAGG,5-10bp,0.598,NODE_15_length_118811_cov_37.030337,mobileOG_000002425_NODE_15_length_118811_cov_37.030337
491,mobileOG_000327934|oppC|WP_000979659.1|transfer|competence|Plasmid RefSeq|Homology,NODE_15_length_118811_cov_37.030337_96 # 99659 # 100567 # 1 # ID=15_96;partial=00;start_type=ATG;rbs_motif=GGAG/GAGG;rbs_spacer=5-10bp;gc_cont=0.598,92.1,503,302,1.25e-180,303,1,302,1,302,mobileOG_000327934,oppC,WP_000979659.1,transfer,competence,Plasmid RefSeq,Homology,NODE_15_length_118811_cov_37.030337_96, 99659 # 100567 # 1 , 99659,100567,1 ,15_96,15,96,00,ATG,GGAG/GAGG,5-10bp,0.598,NODE_15_length_118811_cov_37.030337,mobileOG_000327934_NODE_15_length_118811_cov_37.030337
492,mobileOG_000349833|oppC|WP_000979648.1|transfer|competence|Plasmid RefSeq|Homology,NODE_15_length_118811_cov_37.030337_96 # 99659 # 100567 # 1 # ID=15_96;partial=00;start_type=ATG;rbs_motif=GGAG/GAGG;rbs_spacer=5-10bp;gc_cont=0.598,91.7,502,302,3.57e-180,303,1,302,1,302,mobileOG_000349833,oppC,WP_000979648.1,transfer,competence,Plasmid RefSeq,Homology,NODE_15_length_118811_cov_37.030337_96, 99659 # 100567 # 1 , 99659,100567,1 ,15_96,15,96,00,ATG,GGAG/GAGG,5-10bp,0.598,NODE_15_length_118811_cov_37.030337,mobileOG_000349833_NODE_15_length_118811_cov_37.030337
493,mobileOG_000241059|oppC|A0A155S1P9|transfer|competence|GPD|Homology,NODE_15_length_118811_cov_37.030337_96 # 99659 # 100567 # 1 # ID=15_96;partial=00;start_type=ATG;rbs_motif=GGAG/GAGG;rbs_spacer=5-10bp;gc_cont=0.598,90.1,491,302,4.62e-176,303,1,302,1,302,mobileOG_000241059,oppC,A0A155S1P9,transfer,competence,GPD,Homology,NODE_15_length_118811_cov_37.030337_96, 99659 # 100567 # 1 , 99659,100567,1 ,15_96,15,96,00,ATG,GGAG/GAGG,5-10bp,0.598,NODE_15_length_118811_cov_37.030337,mobileOG_000241059_NODE_15_length_118811_cov_37.030337
494,mobileOG_000241065|oppC|A0A1R0FTB0|transfer|competence|GPD|Homology,NODE_15_length_118811_cov_37.030337_96 # 99659 # 100567 # 1 # ID=15_96;partial=00;start_type=ATG;rbs_motif=GGAG/GAGG;rbs_spacer=5-10bp;gc_cont=0.598,90.4,489,302,2.67e-175,303,1,302,1,302,mobileOG_000241065,oppC,A0A1R0FTB0,transfer,competence,GPD,Homology,NODE_15_length_118811_cov_37.030337_96, 99659 # 100567 # 1 , 99659,100567,1 ,15_96,15,96,00,ATG,GGAG/GAGG,5-10bp,0.598,NODE_15_length_118811_cov_37.030337,mobileOG_000241065_NODE_15_length_118811_cov_37.030337
495,mobileOG_000368552|oppD|WP_033634782.1|transfer|competence|Plasmid RefSeq|Homology,NODE_15_length_118811_cov_37.030337_97 # 100579 # 101595 # 1 # ID=15_97;partial=00;start_type=ATG;rbs_motif=AGGAG;rbs_spacer=5-10bp;gc_cont=0.619,99.7,658,338,1.10e-240,339,1,338,1,338,mobileOG_000368552,oppD,WP_033634782.1,transfer,competence,Plasmid RefSeq,Homology,NODE_15_length_118811_cov_37.030337_97, 100579 # 101595 # 1 , 100579,101595,1 ,15_97,15,97,00,ATG,AGGAG,5-10bp,0.619,NODE_15_length_118811_cov_37.030337,mobileOG_000368552_NODE_15_length_118811_cov_37.030337
496,mobileOG_000339366|oppD|WP_021555282.1|transfer|competence|Plasmid RefSeq|Homology,NODE_15_length_118811_cov_37.030337_97 # 100579 # 101595 # 1 # ID=15_97;partial=00;start_type=ATG;rbs_motif=AGGAG;rbs_spacer=5-10bp;gc_cont=0.619,91.5,576,337,2.15e-208,339,19,337,20,338,mobileOG_000339366,oppD,WP_021555282.1,transfer,competence,Plasmid RefSeq,Homology,NODE_15_length_118811_cov_37.030337_97, 100579 # 101595 # 1 , 100579,101595,1 ,15_97,15,97,00,ATG,AGGAG,5-10bp,0.619,NODE_15_length_118811_cov_37.030337,mobileOG_000339366_NODE_15_length_118811_cov_37.030337
497,mobileOG_000150103|oppD|A0A1R0FTE2|transfer|competence|GPD|Homology,NODE_15_length_118811_cov_37.030337_97 # 100579 # 101595 # 1 # ID=15_97;partial=00;start_type=ATG;rbs_motif=AGGAG;rbs_spacer=5-10bp;gc_cont=0.619,90.7,576,337,3.05e-208,339,15,337,16,338,mobileOG_000150103,oppD,A0A1R0FTE2,transfer,competence,GPD,Homology,NODE_15_length_118811_cov_37.030337_97, 100579 # 101595 # 1 , 100579,101595,1 ,15_97,15,97,00,ATG,AGGAG,5-10bp,0.619,NODE_15_length_118811_cov_37.030337,mobileOG_000150103_NODE_15_length_118811_cov_37.030337
498,mobileOG_000370693|oppF|WP_025303071.1|transfer|competence|Plasmid RefSeq|Homology,NODE_15_length_118811_cov_37.030337_98 # 101592 # 102593 # 1 # ID=15_98;partial=00;start_type=ATG;rbs_motif=GGAGG;rbs_spacer=5-10bp;gc_cont=0.618,100,642,333,1.33e-234,334,1,333,1,333,mobileOG_000370693,oppF,WP_025303071.1,transfer,competence,Plasmid RefSeq,Homology,NODE_15_length_118811_cov_37.030337_98, 101592 # 102593 # 1 , 101592,102593,1 ,15_98,15,98,00,ATG,GGAGG,5-10bp,0.618,NODE_15_length_118811_cov_37.030337,mobileOG_000370693_NODE_15_length_118811_cov_37.030337
499,mobileOG_000370696|oppF|WP_101455575.1|transfer|competence|Plasmid RefSeq|Homology,NODE_15_length_118811_cov_37.030337_98 # 101592 # 102593 # 1 # ID=15_98;partial=00;start_type=ATG;rbs_motif=GGAGG;rbs_spacer=5-10bp;gc_cont=0.618,99.4,639,333,1.55e-233,334,1,333,1,333,mobileOG_000370696,oppF,WP_101455575.1,transfer,competence,Plasmid RefSeq,Homology,NODE_15_length_118811_cov_37.030337_98, 101592 # 102593 # 1 , 101592,102593,1 ,15_98,15,98,00,ATG,GGAGG,5-10bp,0.618,NODE_15_length_118811_cov_37.030337,mobileOG_000370696_NODE_15_length_118811_cov_37.030337
500,mobileOG_000301573|dps|WP_004932132.1|replication/recombination/repair|NA|Plasmid RefSeq|Homology,NODE_15_length_118811_cov_37.030337_102 # 104971 # 105462 # -1 # ID=15_102;partial=00;start_type=ATG;rbs_motif=AGGAG;rbs_spacer=5-10bp;gc_cont=0.543,100,324,163,2.35e-114,164,1,163,1,163,mobileOG_000301573,dps,WP_004932132.1,replication/recombination/repair,NA,Plasmid RefSeq,Homology,NODE_15_length_118811_cov_37.030337_102, 104971 # 105462 # -1 , 104971,105462,-1 ,15_102,15,102,00,ATG,AGGAG,5-10bp,0.543,NODE_15_length_118811_cov_37.030337,mobileOG_000301573_NODE_15_length_118811_cov_37.030337
501,mobileOG_000368507|rnpA|ECX89229.1|replication/recombination/repair|NA|Plasmid RefSeq|Homology,NODE_16_length_118725_cov_60.374789_45 # 47408 # 47734 # -1 # ID=16_45;partial=00;start_type=TTG;rbs_motif=GGAG/GAGG;rbs_spacer=5-10bp;gc_cont=0.566,99.1,215,119,5.68e-73,109,12,119,1,108,mobileOG_000368507,rnpA,ECX89229.1,replication/recombination/repair,NA,Plasmid RefSeq,Homology,NODE_16_length_118725_cov_60.374789_45, 47408 # 47734 # -1 , 47408,47734,-1 ,16_45,16,45,00,TTG,GGAG/GAGG,5-10bp,0.566,NODE_16_length_118725_cov_60.374789,mobileOG_000368507_NODE_16_length_118725_cov_60.374789
502,mobileOG_000353841|rnpA|WP_002228153.1|replication/recombination/repair|NA|Plasmid RefSeq|Homology,NODE_16_length_118725_cov_60.374789_45 # 47408 # 47734 # -1 # ID=16_45;partial=00;start_type=TTG;rbs_motif=GGAG/GAGG;rbs_spacer=5-10bp;gc_cont=0.566,90.7,202,119,6.13e-68,109,12,119,1,108,mobileOG_000353841,rnpA,WP_002228153.1,replication/recombination/repair,NA,Plasmid RefSeq,Homology,NODE_16_length_118725_cov_60.374789_45, 47408 # 47734 # -1 , 47408,47734,-1 ,16_45,16,45,00,TTG,GGAG/GAGG,5-10bp,0.566,NODE_16_length_118725_cov_60.374789,mobileOG_000353841_NODE_16_length_118725_cov_60.374789
503,mobileOG_000325760|dnaA|WP_049235245.1|replication/recombination/repair|NA|Plasmid RefSeq|Homology,NODE_16_length_118725_cov_60.374789_46 # 48608 # 50002 # 1 # ID=16_46;partial=00;start_type=GTG;rbs_motif=GGAG/GAGG;rbs_spacer=5-10bp;gc_cont=0.575,99.8,901,464,0.0,465,1,464,1,464,mobileOG_000325760,dnaA,WP_049235245.1,replication/recombination/repair,NA,Plasmid RefSeq,Homology,NODE_16_length_118725_cov_60.374789_46, 48608 # 50002 # 1 , 48608,50002,1 ,16_46,16,46,00,GTG,GGAG/GAGG,5-10bp,0.575,NODE_16_length_118725_cov_60.374789,mobileOG_000325760_NODE_16_length_118725_cov_60.374789
504,mobileOG_000368508|dnaA|WP_004933889.1|replication/recombination/repair|NA|Plasmid RefSeq|Homology,NODE_16_length_118725_cov_60.374789_46 # 48608 # 50002 # 1 # ID=16_46;partial=00;start_type=GTG;rbs_motif=GGAG/GAGG;rbs_spacer=5-10bp;gc_cont=0.575,99.8,901,464,0.0,465,1,464,1,464,mobileOG_000368508,dnaA,WP_004933889.1,replication/recombination/repair,NA,Plasmid RefSeq,Homology,NODE_16_length_118725_cov_60.374789_46, 48608 # 50002 # 1 , 48608,50002,1 ,16_46,16,46,00,GTG,GGAG/GAGG,5-10bp,0.575,NODE_16_length_118725_cov_60.374789,mobileOG_000368508_NODE_16_length_118725_cov_60.374789
505,mobileOG_000351845|dnaA|WP_002220732.1|replication/recombination/repair|NA|Plasmid RefSeq|Homology,NODE_16_length_118725_cov_60.374789_46 # 48608 # 50002 # 1 # ID=16_46;partial=00;start_type=GTG;rbs_motif=GGAG/GAGG;rbs_spacer=5-10bp;gc_cont=0.575,95.9,863,462,9.33e-318,465,1,462,1,464,mobileOG_000351845,dnaA,WP_002220732.1,replication/recombination/repair,NA,Plasmid RefSeq,Homology,NODE_16_length_118725_cov_60.374789_46, 48608 # 50002 # 1 , 48608,50002,1 ,16_46,16,46,00,GTG,GGAG/GAGG,5-10bp,0.575,NODE_16_length_118725_cov_60.374789,mobileOG_000351845_NODE_16_length_118725_cov_60.374789
506,mobileOG_000290312|dnaA|A0A156L3P6|replication/recombination/repair|NA|Plasmid RefSeq|Homology,NODE_16_length_118725_cov_60.374789_46 # 48608 # 50002 # 1 # ID=16_46;partial=00;start_type=GTG;rbs_motif=GGAG/GAGG;rbs_spacer=5-10bp;gc_cont=0.575,93.3,840,464,2.35e-308,465,1,464,1,464,mobileOG_000290312,dnaA,A0A156L3P6,replication/recombination/repair,NA,Plasmid RefSeq,Homology,NODE_16_length_118725_cov_60.374789_46, 48608 # 50002 # 1 , 48608,50002,1 ,16_46,16,46,00,GTG,GGAG/GAGG,5-10bp,0.575,NODE_16_length_118725_cov_60.374789,mobileOG_000290312_NODE_16_length_118725_cov_60.374789
507,mobileOG_000288419|dnaA|WP_003861124.1|replication/recombination/repair|NA|Plasmid RefSeq|Homology,NODE_16_length_118725_cov_60.374789_46 # 48608 # 50002 # 1 # ID=16_46;partial=00;start_type=GTG;rbs_motif=GGAG/GAGG;rbs_spacer=5-10bp;gc_cont=0.575,93.3,839,464,4.74e-308,465,1,464,1,464,mobileOG_000288419,dnaA,WP_003861124.1,replication/recombination/repair,NA,Plasmid RefSeq,Homology,NODE_16_length_118725_cov_60.374789_46, 48608 # 50002 # 1 , 48608,50002,1 ,16_46,16,46,00,GTG,GGAG/GAGG,5-10bp,0.575,NODE_16_length_118725_cov_60.374789,mobileOG_000288419_NODE_16_length_118725_cov_60.374789
508,mobileOG_000332967|dnaA|WP_004151534.1|replication/recombination/repair|NA|Plasmid RefSeq|Homology,NODE_16_length_118725_cov_60.374789_46 # 48608 # 50002 # 1 # ID=16_46;partial=00;start_type=GTG;rbs_motif=GGAG/GAGG;rbs_spacer=5-10bp;gc_cont=0.575,92.1,829,467,3.42e-304,465,1,467,1,464,mobileOG_000332967,dnaA,WP_004151534.1,replication/recombination/repair,NA,Plasmid RefSeq,Homology,NODE_16_length_118725_cov_60.374789_46, 48608 # 50002 # 1 , 48608,50002,1 ,16_46,16,46,00,GTG,GGAG/GAGG,5-10bp,0.575,NODE_16_length_118725_cov_60.374789,mobileOG_000332967_NODE_16_length_118725_cov_60.374789
509,mobileOG_000327698|dnaA|ETJ17985.1|replication/recombination/repair|NA|Plasmid RefSeq|Homology,NODE_16_length_118725_cov_60.374789_46 # 48608 # 50002 # 1 # ID=16_46;partial=00;start_type=GTG;rbs_motif=GGAG/GAGG;rbs_spacer=5-10bp;gc_cont=0.575,92.3,829,467,4.85e-304,465,1,467,1,464,mobileOG_000327698,dnaA,ETJ17985.1,replication/recombination/repair,NA,Plasmid RefSeq,Homology,NODE_16_length_118725_cov_60.374789_46, 48608 # 50002 # 1 , 48608,50002,1 ,16_46,16,46,00,GTG,GGAG/GAGG,5-10bp,0.575,NODE_16_length_118725_cov_60.374789,mobileOG_000327698_NODE_16_length_118725_cov_60.374789
510,mobileOG_000327451|dnaA|WP_101416330.1|replication/recombination/repair|NA|Plasmid RefSeq|Homology,NODE_16_length_118725_cov_60.374789_46 # 48608 # 50002 # 1 # ID=16_46;partial=00;start_type=GTG;rbs_motif=GGAG/GAGG;rbs_spacer=5-10bp;gc_cont=0.575,91.9,828,467,1.39e-303,465,1,467,1,464,mobileOG_000327451,dnaA,WP_101416330.1,replication/recombination/repair,NA,Plasmid RefSeq,Homology,NODE_16_length_118725_cov_60.374789_46, 48608 # 50002 # 1 , 48608,50002,1 ,16_46,16,46,00,GTG,GGAG/GAGG,5-10bp,0.575,NODE_16_length_118725_cov_60.374789,mobileOG_000327451_NODE_16_length_118725_cov_60.374789
511,mobileOG_000368509|dnaN|WP_004933892.1|replication/recombination/repair|NA|Plasmid RefSeq|Homology,NODE_16_length_118725_cov_60.374789_47 # 50007 # 51107 # 1 # ID=16_47;partial=00;start_type=ATG;rbs_motif=None;rbs_spacer=None;gc_cont=0.626,100,711,366,1.28e-260,367,1,366,1,366,mobileOG_000368509,dnaN,WP_004933892.1,replication/recombination/repair,NA,Plasmid RefSeq,Homology,NODE_16_length_118725_cov_60.374789_47, 50007 # 51107 # 1 , 50007,51107,1 ,16_47,16,47,00,ATG,None,None,0.626,NODE_16_length_118725_cov_60.374789,mobileOG_000368509_NODE_16_length_118725_cov_60.374789
512,mobileOG_000025545|dnaN|WP_000673464.1|replication/recombination/repair|NA|Multiple|Manual,NODE_16_length_118725_cov_60.374789_47 # 50007 # 51107 # 1 # ID=16_47;partial=00;start_type=ATG;rbs_motif=None;rbs_spacer=None;gc_cont=0.626,92.6,667,366,1.50e-243,367,1,366,1,366,mobileOG_000025545,dnaN,WP_000673464.1,replication/recombination/repair,NA,Multiple,Manual,NODE_16_length_118725_cov_60.374789_47, 50007 # 51107 # 1 , 50007,51107,1 ,16_47,16,47,00,ATG,None,None,0.626,NODE_16_length_118725_cov_60.374789,mobileOG_000025545_NODE_16_length_118725_cov_60.374789
513,mobileOG_000351838|dnaN|WP_002209645.1|replication/recombination/repair|NA|Plasmid RefSeq|Homology,NODE_16_length_118725_cov_60.374789_47 # 50007 # 51107 # 1 # ID=16_47;partial=00;start_type=ATG;rbs_motif=None;rbs_spacer=None;gc_cont=0.626,93.7,667,366,1.50e-243,367,1,366,1,366,mobileOG_000351838,dnaN,WP_002209645.1,replication/recombination/repair,NA,Plasmid RefSeq,Homology,NODE_16_length_118725_cov_60.374789_47, 50007 # 51107 # 1 , 50007,51107,1 ,16_47,16,47,00,ATG,None,None,0.626,NODE_16_length_118725_cov_60.374789,mobileOG_000351838_NODE_16_length_118725_cov_60.374789
514,mobileOG_000288418|dnaN|A0A422XA93|replication/recombination/repair|NA|Plasmid RefSeq|Homology,NODE_16_length_118725_cov_60.374789_47 # 50007 # 51107 # 1 # ID=16_47;partial=00;start_type=ATG;rbs_motif=None;rbs_spacer=None;gc_cont=0.626,90.4,659,366,3.38e-240,367,1,366,1,366,mobileOG_000288418,dnaN,A0A422XA93,replication/recombination/repair,NA,Plasmid RefSeq,Homology,NODE_16_length_118725_cov_60.374789_47, 50007 # 51107 # 1 , 50007,51107,1 ,16_47,16,47,00,ATG,None,None,0.626,NODE_16_length_118725_cov_60.374789,mobileOG_000288418_NODE_16_length_118725_cov_60.374789
515,mobileOG_000288440|dnaN|WP_015570134.1|replication/recombination/repair|NA|Plasmid RefSeq|Homology,NODE_16_length_118725_cov_60.374789_47 # 50007 # 51107 # 1 # ID=16_47;partial=00;start_type=ATG;rbs_motif=None;rbs_spacer=None;gc_cont=0.626,90.2,657,366,1.38e-239,367,1,366,1,366,mobileOG_000288440,dnaN,WP_015570134.1,replication/recombination/repair,NA,Plasmid RefSeq,Homology,NODE_16_length_118725_cov_60.374789_47, 50007 # 51107 # 1 , 50007,51107,1 ,16_47,16,47,00,ATG,None,None,0.626,NODE_16_length_118725_cov_60.374789,mobileOG_000288440_NODE_16_length_118725_cov_60.374789
516,mobileOG_000289030|dnaN|WP_008806743.1|replication/recombination/repair|NA|Plasmid RefSeq|Homology,NODE_16_length_118725_cov_60.374789_47 # 50007 # 51107 # 1 # ID=16_47;partial=00;start_type=ATG;rbs_motif=None;rbs_spacer=None;gc_cont=0.626,90.2,650,366,7.60e-237,367,1,366,1,366,mobileOG_000289030,dnaN,WP_008806743.1,replication/recombination/repair,NA,Plasmid RefSeq,Homology,NODE_16_length_118725_cov_60.374789_47, 50007 # 51107 # 1 , 50007,51107,1 ,16_47,16,47,00,ATG,None,None,0.626,NODE_16_length_118725_cov_60.374789,mobileOG_000289030_NODE_16_length_118725_cov_60.374789
517,mobileOG_000334819|dnaN|WP_023279353.1|replication/recombination/repair|NA|Plasmid RefSeq|Homology,NODE_16_length_118725_cov_60.374789_47 # 50007 # 51107 # 1 # ID=16_47;partial=00;start_type=ATG;rbs_motif=None;rbs_spacer=None;gc_cont=0.626,90.4,650,366,7.60e-237,367,1,366,1,366,mobileOG_000334819,dnaN,WP_023279353.1,replication/recombination/repair,NA,Plasmid RefSeq,Homology,NODE_16_length_118725_cov_60.374789_47, 50007 # 51107 # 1 , 50007,51107,1 ,16_47,16,47,00,ATG,None,None,0.626,NODE_16_length_118725_cov_60.374789,mobileOG_000334819_NODE_16_length_118725_cov_60.374789
518,mobileOG_000351474|recF|WP_004933895.1|replication/recombination/repair|NA|Plasmid RefSeq|Homology,NODE_16_length_118725_cov_60.374789_48 # 51153 # 52238 # 1 # ID=16_48;partial=00;start_type=ATG;rbs_motif=GGA/GAG/AGG;rbs_spacer=5-10bp;gc_cont=0.608,99.7,710,361,1.23e-260,362,1,361,1,361,mobileOG_000351474,recF,WP_004933895.1,replication/recombination/repair,NA,Plasmid RefSeq,Homology,NODE_16_length_118725_cov_60.374789_48, 51153 # 52238 # 1 , 51153,52238,1 ,16_48,16,48,00,ATG,GGA/GAG/AGG,5-10bp,0.608,NODE_16_length_118725_cov_60.374789,mobileOG_000351474_NODE_16_length_118725_cov_60.374789
519,mobileOG_000335523|recF|WP_033653950.1|replication/recombination/repair|NA|Plasmid RefSeq|Homology,NODE_16_length_118725_cov_60.374789_48 # 51153 # 52238 # 1 # ID=16_48;partial=00;start_type=ATG;rbs_motif=GGA/GAG/AGG;rbs_spacer=5-10bp;gc_cont=0.608,99.4,709,361,3.53e-260,362,1,361,1,361,mobileOG_000335523,recF,WP_033653950.1,replication/recombination/repair,NA,Plasmid RefSeq,Homology,NODE_16_length_118725_cov_60.374789_48, 51153 # 52238 # 1 , 51153,52238,1 ,16_48,16,48,00,ATG,GGA/GAG/AGG,5-10bp,0.608,NODE_16_length_118725_cov_60.374789,mobileOG_000335523_NODE_16_length_118725_cov_60.374789
520,mobileOG_000026075|recF|Q8Z9U9|replication/recombination/repair|NA|Plasmid RefSeq|Manual,NODE_16_length_118725_cov_60.374789_48 # 51153 # 52238 # 1 # ID=16_48;partial=00;start_type=ATG;rbs_motif=GGA/GAG/AGG;rbs_spacer=5-10bp;gc_cont=0.608,92.8,666,361,2.92e-243,362,1,361,1,361,mobileOG_000026075,recF,Q8Z9U9,replication/recombination/repair,NA,Plasmid RefSeq,Manual,NODE_16_length_118725_cov_60.374789_48, 51153 # 52238 # 1 , 51153,52238,1 ,16_48,16,48,00,ATG,GGA/GAG/AGG,5-10bp,0.608,NODE_16_length_118725_cov_60.374789,mobileOG_000026075_NODE_16_length_118725_cov_60.374789
521,mobileOG_000353686|gyrB|WP_004933898.1|replication/recombination/repair|transfer|Plasmid RefSeq|Homology,NODE_16_length_118725_cov_60.374789_49 # 52257 # 54671 # 1 # ID=16_49;partial=00;start_type=ATG;rbs_motif=GGA/GAG/AGG;rbs_spacer=5-10bp;gc_cont=0.595,99.8,1588,804,0.0,805,1,804,1,804,mobileOG_000353686,gyrB,WP_004933898.1,replication/recombination/repair,transfer,Plasmid RefSeq,Homology,NODE_16_length_118725_cov_60.374789_49, 52257 # 54671 # 1 , 52257,54671,1 ,16_49,16,49,00,ATG,GGA/GAG/AGG,5-10bp,0.595,NODE_16_length_118725_cov_60.374789,mobileOG_000353686_NODE_16_length_118725_cov_60.374789
522,mobileOG_000353692|gyrB|WP_033636532.1|replication/recombination/repair|transfer|Plasmid RefSeq|Homology,NODE_16_length_118725_cov_60.374789_49 # 52257 # 54671 # 1 # ID=16_49;partial=00;start_type=ATG;rbs_motif=GGA/GAG/AGG;rbs_spacer=5-10bp;gc_cont=0.595,99.1,1580,804,0.0,805,1,804,1,804,mobileOG_000353692,gyrB,WP_033636532.1,replication/recombination/repair,transfer,Plasmid RefSeq,Homology,NODE_16_length_118725_cov_60.374789_49, 52257 # 54671 # 1 , 52257,54671,1 ,16_49,16,49,00,ATG,GGA/GAG/AGG,5-10bp,0.595,NODE_16_length_118725_cov_60.374789,mobileOG_000353692_NODE_16_length_118725_cov_60.374789
523,mobileOG_000353683|gyrB|WP_002209642.1|replication/recombination/repair|transfer|Plasmid RefSeq|Homology,NODE_16_length_118725_cov_60.374789_49 # 52257 # 54671 # 1 # ID=16_49;partial=00;start_type=ATG;rbs_motif=GGA/GAG/AGG;rbs_spacer=5-10bp;gc_cont=0.595,90.4,1451,804,0.0,805,1,804,1,804,mobileOG_000353683,gyrB,WP_002209642.1,replication/recombination/repair,transfer,Plasmid RefSeq,Homology,NODE_16_length_118725_cov_60.374789_49, 52257 # 54671 # 1 , 52257,54671,1 ,16_49,16,49,00,ATG,GGA/GAG/AGG,5-10bp,0.595,NODE_16_length_118725_cov_60.374789,mobileOG_000353683_NODE_16_length_118725_cov_60.374789
524,mobileOG_000313841|tag|WP_033636547.1|replication/recombination/repair|NA|Plasmid RefSeq|Homology,NODE_16_length_118725_cov_60.374789_70 # 74116 # 74682 # -1 # ID=16_70;partial=00;start_type=ATG;rbs_motif=AGGA;rbs_spacer=5-10bp;gc_cont=0.605,97.3,390,188,9.27e-140,189,1,188,1,188,mobileOG_000313841,tag,WP_033636547.1,replication/recombination/repair,NA,Plasmid RefSeq,Homology,NODE_16_length_118725_cov_60.374789_70, 74116 # 74682 # -1 , 74116,74682,-1 ,16_70,16,70,00,ATG,AGGA,5-10bp,0.605,NODE_16_length_118725_cov_60.374789,mobileOG_000313841_NODE_16_length_118725_cov_60.374789
525,mobileOG_000351490|tag|WP_033652312.1|replication/recombination/repair|NA|Plasmid RefSeq|Homology,NODE_16_length_118725_cov_60.374789_70 # 74116 # 74682 # -1 # ID=16_70;partial=00;start_type=ATG;rbs_motif=AGGA;rbs_spacer=5-10bp;gc_cont=0.605,96.8,385,188,6.27e-138,189,1,188,1,188,mobileOG_000351490,tag,WP_033652312.1,replication/recombination/repair,NA,Plasmid RefSeq,Homology,NODE_16_length_118725_cov_60.374789_70, 74116 # 74682 # -1 , 74116,74682,-1 ,16_70,16,70,00,ATG,AGGA,5-10bp,0.605,NODE_16_length_118725_cov_60.374789,mobileOG_000351490_NODE_16_length_118725_cov_60.374789
526,mobileOG_000065186|insD1|WP_144380260.1|integration/excision|NA|COMPASS|Homology,NODE_16_length_118725_cov_60.374789_107 # 117248 # 117757 # -1 # ID=16_107;partial=00;start_type=GTG;rbs_motif=AGGA;rbs_spacer=5-10bp;gc_cont=0.543,92.3,331,292,4.77e-115,170,122,290,1,169,mobileOG_000065186,insD1,WP_144380260.1,integration/excision,NA,COMPASS,Homology,NODE_16_length_118725_cov_60.374789_107, 117248 # 117757 # -1 , 117248,117757,-1 ,16_107,16,107,00,GTG,AGGA,5-10bp,0.543,NODE_16_length_118725_cov_60.374789,mobileOG_000065186_NODE_16_length_118725_cov_60.374789
527,mobileOG_000302468|insD1|WP_144380260.1|integration/excision|NA|Plasmid RefSeq|Homology,NODE_16_length_118725_cov_60.374789_107 # 117248 # 117757 # -1 # ID=16_107;partial=00;start_type=GTG;rbs_motif=AGGA;rbs_spacer=5-10bp;gc_cont=0.543,92.3,331,401,1.75e-113,170,231,399,1,169,mobileOG_000302468,insD1,WP_144380260.1,integration/excision,NA,Plasmid RefSeq,Homology,NODE_16_length_118725_cov_60.374789_107, 117248 # 117757 # -1 , 117248,117757,-1 ,16_107,16,107,00,GTG,AGGA,5-10bp,0.543,NODE_16_length_118725_cov_60.374789,mobileOG_000302468_NODE_16_length_118725_cov_60.374789
528,mobileOG_000071116|insD|WP_086011258.1|integration/excision|NA|COMPASS|Homology,NODE_16_length_118725_cov_60.374789_107 # 117248 # 117757 # -1 # ID=16_107;partial=00;start_type=GTG;rbs_motif=AGGA;rbs_spacer=5-10bp;gc_cont=0.543,90.5,324,270,1.24e-112,170,100,268,1,169,mobileOG_000071116,insD,WP_086011258.1,integration/excision,NA,COMPASS,Homology,NODE_16_length_118725_cov_60.374789_107, 117248 # 117757 # -1 , 117248,117757,-1 ,16_107,16,107,00,GTG,AGGA,5-10bp,0.543,NODE_16_length_118725_cov_60.374789,mobileOG_000071116_NODE_16_length_118725_cov_60.374789
529,mobileOG_000291275|insD1|A0A443VWT0|integration/excision|NA|Plasmid RefSeq|Homology,NODE_16_length_118725_cov_60.374789_107 # 117248 # 117757 # -1 # ID=16_107;partial=00;start_type=GTG;rbs_motif=AGGA;rbs_spacer=5-10bp;gc_cont=0.543,91.1,325,401,4.66e-111,170,231,399,1,169,mobileOG_000291275,insD1,A0A443VWT0,integration/excision,NA,Plasmid RefSeq,Homology,NODE_16_length_118725_cov_60.374789_107, 117248 # 117757 # -1 , 117248,117757,-1 ,16_107,16,107,00,GTG,AGGA,5-10bp,0.543,NODE_16_length_118725_cov_60.374789,mobileOG_000291275_NODE_16_length_118725_cov_60.374789
530,mobileOG_000303472|insD1|WP_086011258.1|integration/excision|NA|Plasmid RefSeq|Homology,NODE_16_length_118725_cov_60.374789_107 # 117248 # 117757 # -1 # ID=16_107;partial=00;start_type=GTG;rbs_motif=AGGA;rbs_spacer=5-10bp;gc_cont=0.543,90.5,324,401,9.37e-111,170,231,399,1,169,mobileOG_000303472,insD1,WP_086011258.1,integration/excision,NA,Plasmid RefSeq,Homology,NODE_16_length_118725_cov_60.374789_107, 117248 # 117757 # -1 , 117248,117757,-1 ,16_107,16,107,00,GTG,AGGA,5-10bp,0.543,NODE_16_length_118725_cov_60.374789,mobileOG_000303472_NODE_16_length_118725_cov_60.374789
531,mobileOG_000043041|insC1|A0A379QD67|integration/excision|NA|COMPASS|Homology,NODE_16_length_118725_cov_60.374789_108 # 118076 # 118354 # -1 # ID=16_108;partial=00;start_type=ATG;rbs_motif=GGA/GAG/AGG;rbs_spacer=5-10bp;gc_cont=0.548,91.1,163,131,1.65e-52,93,40,129,1,90,mobileOG_000043041,insC1,A0A379QD67,integration/excision,NA,COMPASS,Homology,NODE_16_length_118725_cov_60.374789_108, 118076 # 118354 # -1 , 118076,118354,-1 ,16_108,16,108,00,ATG,GGA/GAG/AGG,5-10bp,0.548,NODE_16_length_118725_cov_60.374789,mobileOG_000043041_NODE_16_length_118725_cov_60.374789
532,mobileOG_000071117|insC1|A0A4R3Z905|integration/excision|NA|COMPASS|Homology,NODE_16_length_118725_cov_60.374789_108 # 118076 # 118354 # -1 # ID=16_108;partial=00;start_type=ATG;rbs_motif=GGA/GAG/AGG;rbs_spacer=5-10bp;gc_cont=0.548,91.1,162,131,4.73e-52,93,40,129,1,90,mobileOG_000071117,insC1,A0A4R3Z905,integration/excision,NA,COMPASS,Homology,NODE_16_length_118725_cov_60.374789_108, 118076 # 118354 # -1 , 118076,118354,-1 ,16_108,16,108,00,ATG,GGA/GAG/AGG,5-10bp,0.548,NODE_16_length_118725_cov_60.374789,mobileOG_000071117_NODE_16_length_118725_cov_60.374789
533,mobileOG_000362634|tus|WP_043147415.1|replication/recombination/repair|NA|Plasmid RefSeq|Homology,NODE_17_length_118517_cov_37.680606_70 # 83264 # 84202 # 1 # ID=17_70;partial=00;start_type=ATG;rbs_motif=AGGAG;rbs_spacer=5-10bp;gc_cont=0.622,97.4,598,312,8.80e-218,313,1,312,1,312,mobileOG_000362634,tus,WP_043147415.1,replication/recombination/repair,NA,Plasmid RefSeq,Homology,NODE_17_length_118517_cov_37.680606_70, 83264 # 84202 # 1 , 83264,84202,1 ,17_70,17,70,00,ATG,AGGAG,5-10bp,0.622,NODE_17_length_118517_cov_37.680606,mobileOG_000362634_NODE_17_length_118517_cov_37.680606
534,mobileOG_000368532|nth|WP_019455952.1|replication/recombination/repair|NA|Plasmid RefSeq|Homology,NODE_17_length_118517_cov_37.680606_102 # 115615 # 116256 # 1 # ID=17_102;partial=00;start_type=ATG;rbs_motif=AGxAGG/AGGxGG;rbs_spacer=3-4bp;gc_cont=0.604,100,432,213,1.06e-155,214,1,213,1,213,mobileOG_000368532,nth,WP_019455952.1,replication/recombination/repair,NA,Plasmid RefSeq,Homology,NODE_17_length_118517_cov_37.680606_102, 115615 # 116256 # 1 , 115615,116256,1 ,17_102,17,102,00,ATG,AGxAGG/AGGxGG,3-4bp,0.604,NODE_17_length_118517_cov_37.680606,mobileOG_000368532_NODE_17_length_118517_cov_37.680606
535,mobileOG_000340056|nth|WP_002907734.1|replication/recombination/repair|NA|Plasmid RefSeq|Homology,NODE_17_length_118517_cov_37.680606_102 # 115615 # 116256 # 1 # ID=17_102;partial=00;start_type=ATG;rbs_motif=AGxAGG/AGGxGG;rbs_spacer=3-4bp;gc_cont=0.604,91.9,394,211,1.23e-140,214,1,210,1,210,mobileOG_000340056,nth,WP_002907734.1,replication/recombination/repair,NA,Plasmid RefSeq,Homology,NODE_17_length_118517_cov_37.680606_102, 115615 # 116256 # 1 , 115615,116256,1 ,17_102,17,102,00,ATG,AGxAGG/AGGxGG,3-4bp,0.604,NODE_17_length_118517_cov_37.680606,mobileOG_000340056_NODE_17_length_118517_cov_37.680606
536,mobileOG_000240879|nth|A0A2S4WTY0|replication/recombination/repair|NA|GPD|Homology,NODE_17_length_118517_cov_37.680606_102 # 115615 # 116256 # 1 # ID=17_102;partial=00;start_type=ATG;rbs_motif=AGxAGG/AGGxGG;rbs_spacer=3-4bp;gc_cont=0.604,92.8,394,211,1.74e-140,214,1,209,1,209,mobileOG_000240879,nth,A0A2S4WTY0,replication/recombination/repair,NA,GPD,Homology,NODE_17_length_118517_cov_37.680606_102, 115615 # 116256 # 1 , 115615,116256,1 ,17_102,17,102,00,ATG,AGxAGG/AGGxGG,3-4bp,0.604,NODE_17_length_118517_cov_37.680606,mobileOG_000240879_NODE_17_length_118517_cov_37.680606
537,mobileOG_000242763|nth|A0A156XKS9|replication/recombination/repair|NA|GPD|Homology,NODE_17_length_118517_cov_37.680606_102 # 115615 # 116256 # 1 # ID=17_102;partial=00;start_type=ATG;rbs_motif=AGxAGG/AGGxGG;rbs_spacer=3-4bp;gc_cont=0.604,90.5,390,211,8.28e-139,214,1,211,1,211,mobileOG_000242763,nth,A0A156XKS9,replication/recombination/repair,NA,GPD,Homology,NODE_17_length_118517_cov_37.680606_102, 115615 # 116256 # 1 , 115615,116256,1 ,17_102,17,102,00,ATG,AGxAGG/AGGxGG,3-4bp,0.604,NODE_17_length_118517_cov_37.680606,mobileOG_000242763_NODE_17_length_118517_cov_37.680606
538,mobileOG_000189905|nth|WP_015570668.1|replication/recombination/repair|NA|Multiple|Homology,NODE_17_length_118517_cov_37.680606_102 # 115615 # 116256 # 1 # ID=17_102;partial=00;start_type=ATG;rbs_motif=AGxAGG/AGGxGG;rbs_spacer=3-4bp;gc_cont=0.604,90.5,389,211,1.18e-138,214,1,211,1,211,mobileOG_000189905,nth,WP_015570668.1,replication/recombination/repair,NA,Multiple,Homology,NODE_17_length_118517_cov_37.680606_102, 115615 # 116256 # 1 , 115615,116256,1 ,17_102,17,102,00,ATG,AGxAGG/AGGxGG,3-4bp,0.604,NODE_17_length_118517_cov_37.680606,mobileOG_000189905_NODE_17_length_118517_cov_37.680606
539,mobileOG_000340055|nth|WP_001030346.1|replication/recombination/repair|NA|Multiple|Homology,NODE_17_length_118517_cov_37.680606_102 # 115615 # 116256 # 1 # ID=17_102;partial=00;start_type=ATG;rbs_motif=AGxAGG/AGGxGG;rbs_spacer=3-4bp;gc_cont=0.604,91.4,389,211,1.67e-138,214,1,209,1,209,mobileOG_000340055,nth,WP_001030346.1,replication/recombination/repair,NA,Multiple,Homology,NODE_17_length_118517_cov_37.680606_102, 115615 # 116256 # 1 , 115615,116256,1 ,17_102,17,102,00,ATG,AGxAGG/AGGxGG,3-4bp,0.604,NODE_17_length_118517_cov_37.680606,mobileOG_000340055_NODE_17_length_118517_cov_37.680606
540,mobileOG_000745154|NA:Keyword|WP_101453415.1|transfer|NA|Plasmid RefSeq|Keyword Search,NODE_18_length_95190_cov_45.038827_14 # 16953 # 17771 # -1 # ID=18_14;partial=00;start_type=ATG;rbs_motif=GGA/GAG/AGG;rbs_spacer=5-10bp;gc_cont=0.621,97.0,517,272,4.08e-187,273,1,271,1,271,mobileOG_000745154,NA:Keyword,WP_101453415.1,transfer,NA,Plasmid RefSeq,Keyword Search,NODE_18_length_95190_cov_45.038827_14, 16953 # 17771 # -1 , 16953,17771,-1 ,18_14,18,14,00,ATG,GGA/GAG/AGG,5-10bp,0.621,NODE_18_length_95190_cov_45.038827,mobileOG_000745154_NODE_18_length_95190_cov_45.038827
541,mobileOG_000331659|uvrB|WP_033647115.1|replication/recombination/repair|NA|Plasmid RefSeq|Homology,NODE_18_length_95190_cov_45.038827_39 # 41058 # 43070 # 1 # ID=18_39;partial=00;start_type=ATG;rbs_motif=GGA/GAG/AGG;rbs_spacer=11-12bp;gc_cont=0.615,98.8,1266,670,0.0,671,1,670,1,670,mobileOG_000331659,uvrB,WP_033647115.1,replication/recombination/repair,NA,Plasmid RefSeq,Homology,NODE_18_length_95190_cov_45.038827_39, 41058 # 43070 # 1 , 41058,43070,1 ,18_39,18,39,00,ATG,GGA/GAG/AGG,11-12bp,0.615,NODE_18_length_95190_cov_45.038827,mobileOG_000331659_NODE_18_length_95190_cov_45.038827
542,mobileOG_000351489|uvrB|WP_033642236.1|replication/recombination/repair|NA|Plasmid RefSeq|Homology,NODE_18_length_95190_cov_45.038827_39 # 41058 # 43070 # 1 # ID=18_39;partial=00;start_type=ATG;rbs_motif=GGA/GAG/AGG;rbs_spacer=11-12bp;gc_cont=0.615,98.2,1259,670,0.0,671,1,670,1,670,mobileOG_000351489,uvrB,WP_033642236.1,replication/recombination/repair,NA,Plasmid RefSeq,Homology,NODE_18_length_95190_cov_45.038827_39, 41058 # 43070 # 1 , 41058,43070,1 ,18_39,18,39,00,ATG,GGA/GAG/AGG,11-12bp,0.615,NODE_18_length_95190_cov_45.038827,mobileOG_000351489_NODE_18_length_95190_cov_45.038827
543,mobileOG_000328298|dnaE|WP_048321892.1|replication/recombination/repair|NA|Plasmid RefSeq|Homology,NODE_19_length_69879_cov_47.961964_24 # 22524 # 26012 # -1 # ID=19_24;partial=00;start_type=ATG;rbs_motif=GGA/GAG/AGG;rbs_spacer=5-10bp;gc_cont=0.598,99.6,2306,1162,0.0,1163,1,1162,1,1162,mobileOG_000328298,dnaE,WP_048321892.1,replication/recombination/repair,NA,Plasmid RefSeq,Homology,NODE_19_length_69879_cov_47.961964_24, 22524 # 26012 # -1 , 22524,26012,-1 ,19_24,19,24,00,ATG,GGA/GAG/AGG,5-10bp,0.598,NODE_19_length_69879_cov_47.961964,mobileOG_000328298_NODE_19_length_69879_cov_47.961964
544,mobileOG_000334577|dnaE|WP_004177353.1|replication/recombination/repair|NA|Plasmid RefSeq|Homology,NODE_19_length_69879_cov_47.961964_24 # 22524 # 26012 # -1 # ID=19_24;partial=00;start_type=ATG;rbs_motif=GGA/GAG/AGG;rbs_spacer=5-10bp;gc_cont=0.598,90.1,2111,1160,0.0,1163,1,1160,1,1162,mobileOG_000334577,dnaE,WP_004177353.1,replication/recombination/repair,NA,Plasmid RefSeq,Homology,NODE_19_length_69879_cov_47.961964_24, 22524 # 26012 # -1 , 22524,26012,-1 ,19_24,19,24,00,ATG,GGA/GAG/AGG,5-10bp,0.598,NODE_19_length_69879_cov_47.961964,mobileOG_000334577_NODE_19_length_69879_cov_47.961964
545,mobileOG_000319969|rnhB|WP_049195379.1|replication/recombination/repair|NA|Plasmid RefSeq|Homology,NODE_19_length_69879_cov_47.961964_25 # 26095 # 26688 # -1 # ID=19_25;partial=00;start_type=ATG;rbs_motif=AGGA/GGAG/GAGG;rbs_spacer=11-12bp;gc_cont=0.648,99.5,379,197,3.43e-135,198,1,197,1,197,mobileOG_000319969,rnhB,WP_049195379.1,replication/recombination/repair,NA,Plasmid RefSeq,Homology,NODE_19_length_69879_cov_47.961964_25, 26095 # 26688 # -1 , 26095,26688,-1 ,19_25,19,25,00,ATG,AGGA/GGAG/GAGG,11-12bp,0.648,NODE_19_length_69879_cov_47.961964,mobileOG_000319969_NODE_19_length_69879_cov_47.961964
546,mobileOG_000330119|bamA|WP_033635736.1|transfer|phage receptor|Plasmid RefSeq|Homology,NODE_19_length_69879_cov_47.961964_31 # 30925 # 33351 # -1 # ID=19_31;partial=00;start_type=ATG;rbs_motif=None;rbs_spacer=None;gc_cont=0.573,99.6,1611,808,0.0,809,1,808,1,808,mobileOG_000330119,bamA,WP_033635736.1,transfer,phage receptor,Plasmid RefSeq,Homology,NODE_19_length_69879_cov_47.961964_31, 30925 # 33351 # -1 , 30925,33351,-1 ,19_31,19,31,00,ATG,None,None,0.573,NODE_19_length_69879_cov_47.961964,mobileOG_000330119_NODE_19_length_69879_cov_47.961964
547,mobileOG_000354201|xni|WP_033635747.1|replication/recombination/repair|NA|Plasmid RefSeq|Homology,NODE_19_length_69879_cov_47.961964_53 # 61849 # 62607 # 1 # ID=19_53;partial=00;start_type=ATG;rbs_motif=None;rbs_spacer=None;gc_cont=0.640,97.2,492,252,7.08e-178,253,1,251,1,251,mobileOG_000354201,xni,WP_033635747.1,replication/recombination/repair,NA,Plasmid RefSeq,Homology,NODE_19_length_69879_cov_47.961964_53, 61849 # 62607 # 1 , 61849,62607,1 ,19_53,19,53,00,ATG,None,None,0.640,NODE_19_length_69879_cov_47.961964,mobileOG_000354201_NODE_19_length_69879_cov_47.961964
548,mobileOG_000328591|seqA|WP_033637454.1|replication/recombination/repair|NA|Plasmid RefSeq|Homology,NODE_20_length_66523_cov_46.360323_16 # 20780 # 21322 # 1 # ID=20_16;partial=00;start_type=ATG;rbs_motif=GGA/GAG/AGG;rbs_spacer=5-10bp;gc_cont=0.595,98.3,341,180,1.67e-120,181,1,180,1,180,mobileOG_000328591,seqA,WP_033637454.1,replication/recombination/repair,NA,Plasmid RefSeq,Homology,NODE_20_length_66523_cov_46.360323_16, 20780 # 21322 # 1 , 20780,21322,1 ,20_16,20,16,00,ATG,GGA/GAG/AGG,5-10bp,0.595,NODE_20_length_66523_cov_46.360323,mobileOG_000328591_NODE_20_length_66523_cov_46.360323
549,mobileOG_000328592|seqA|WP_033651164.1|replication/recombination/repair|NA|Plasmid RefSeq|Homology,NODE_20_length_66523_cov_46.360323_16 # 20780 # 21322 # 1 # ID=20_16;partial=00;start_type=ATG;rbs_motif=GGA/GAG/AGG;rbs_spacer=5-10bp;gc_cont=0.595,97.8,338,180,1.94e-119,181,1,180,1,180,mobileOG_000328592,seqA,WP_033651164.1,replication/recombination/repair,NA,Plasmid RefSeq,Homology,NODE_20_length_66523_cov_46.360323_16, 20780 # 21322 # 1 , 20780,21322,1 ,20_16,20,16,00,ATG,GGA/GAG/AGG,5-10bp,0.595,NODE_20_length_66523_cov_46.360323,mobileOG_000328592_NODE_20_length_66523_cov_46.360323
550,mobileOG_000365516|nei|WP_101453420.1|replication/recombination/repair|NA|Plasmid RefSeq|Homology,NODE_20_length_66523_cov_46.360323_37 # 42089 # 42880 # 1 # ID=20_37;partial=00;start_type=ATG;rbs_motif=AGGAG;rbs_spacer=5-10bp;gc_cont=0.624,97.3,518,263,5.00e-188,264,1,263,1,263,mobileOG_000365516,nei,WP_101453420.1,replication/recombination/repair,NA,Plasmid RefSeq,Homology,NODE_20_length_66523_cov_46.360323_37, 42089 # 42880 # 1 , 42089,42880,1 ,20_37,20,37,00,ATG,AGGAG,5-10bp,0.624,NODE_20_length_66523_cov_46.360323,mobileOG_000365516_NODE_20_length_66523_cov_46.360323
551,mobileOG_000365502|nei|WP_033647160.1|replication/recombination/repair|NA|Plasmid RefSeq|Homology,NODE_20_length_66523_cov_46.360323_37 # 42089 # 42880 # 1 # ID=20_37;partial=00;start_type=ATG;rbs_motif=AGGAG;rbs_spacer=5-10bp;gc_cont=0.624,96.6,517,263,1.43e-187,264,1,263,1,263,mobileOG_000365502,nei,WP_033647160.1,replication/recombination/repair,NA,Plasmid RefSeq,Homology,NODE_20_length_66523_cov_46.360323_37, 42089 # 42880 # 1 , 42089,42880,1 ,20_37,20,37,00,ATG,AGGAG,5-10bp,0.624,NODE_20_length_66523_cov_46.360323,mobileOG_000365502_NODE_20_length_66523_cov_46.360323
552,mobileOG_000281593|rnhA|WP_033649910.1|replication/recombination/repair|NA|Plasmid RefSeq|Homology,NODE_21_length_54601_cov_48.777804_8 # 7529 # 7996 # -1 # ID=21_8;partial=00;start_type=ATG;rbs_motif=GGA/GAG/AGG;rbs_spacer=5-10bp;gc_cont=0.585,100,329,155,9.38e-117,156,1,155,1,155,mobileOG_000281593,rnhA,WP_033649910.1,replication/recombination/repair,NA,Plasmid RefSeq,Homology,NODE_21_length_54601_cov_48.777804_8, 7529 # 7996 # -1 , 7529,7996,-1 ,21_8,21,8,00,ATG,GGA/GAG/AGG,5-10bp,0.585,NODE_21_length_54601_cov_48.777804,mobileOG_000281593_NODE_21_length_54601_cov_48.777804
553,mobileOG_000334471|dnaQ|WP_004930195.1|replication/recombination/repair|NA|Plasmid RefSeq|Homology,NODE_21_length_54601_cov_48.777804_9 # 8069 # 8812 # 1 # ID=21_9;partial=00;start_type=ATG;rbs_motif=GGA/GAG/AGG;rbs_spacer=5-10bp;gc_cont=0.590,99.2,491,247,1.38e-177,248,1,247,1,247,mobileOG_000334471,dnaQ,WP_004930195.1,replication/recombination/repair,NA,Plasmid RefSeq,Homology,NODE_21_length_54601_cov_48.777804_9, 8069 # 8812 # 1 , 8069,8812,1 ,21_9,21,9,00,ATG,GGA/GAG/AGG,5-10bp,0.590,NODE_21_length_54601_cov_48.777804,mobileOG_000334471_NODE_21_length_54601_cov_48.777804
554,mobileOG_000368502|srnB|WP_004930217.1|stability/transfer/defense|NA|Plasmid RefSeq|Homology,NODE_21_length_54601_cov_48.777804_19 # 18964 # 19116 # -1 # ID=21_19;partial=00;start_type=ATG;rbs_motif=GGAGG;rbs_spacer=5-10bp;gc_cont=0.529,100,95.5,50,2.73e-27,51,1,50,1,50,mobileOG_000368502,srnB,WP_004930217.1,stability/transfer/defense,NA,Plasmid RefSeq,Homology,NODE_21_length_54601_cov_48.777804_19, 18964 # 19116 # -1 , 18964,19116,-1 ,21_19,21,19,00,ATG,GGAGG,5-10bp,0.529,NODE_21_length_54601_cov_48.777804,mobileOG_000368502_NODE_21_length_54601_cov_48.777804
555,mobileOG_000354118|dinB|WP_033649934.1|replication/recombination/repair|NA|Plasmid RefSeq|Homology,NODE_21_length_54601_cov_48.777804_33 # 33071 # 34132 # 1 # ID=21_33;partial=00;start_type=ATG;rbs_motif=GGAGG;rbs_spacer=5-10bp;gc_cont=0.634,99.2,689,353,2.27e-252,354,1,353,1,353,mobileOG_000354118,dinB,WP_033649934.1,replication/recombination/repair,NA,Plasmid RefSeq,Homology,NODE_21_length_54601_cov_48.777804_33, 33071 # 34132 # 1 , 33071,34132,1 ,21_33,21,33,00,ATG,GGAGG,5-10bp,0.634,NODE_21_length_54601_cov_48.777804,mobileOG_000354118_NODE_21_length_54601_cov_48.777804
556,mobileOG_000354119|dinB|WP_033653334.1|replication/recombination/repair|NA|Plasmid RefSeq|Homology,NODE_21_length_54601_cov_48.777804_33 # 33071 # 34132 # 1 # ID=21_33;partial=00;start_type=ATG;rbs_motif=GGAGG;rbs_spacer=5-10bp;gc_cont=0.634,98.9,687,353,9.24e-252,354,1,353,1,353,mobileOG_000354119,dinB,WP_033653334.1,replication/recombination/repair,NA,Plasmid RefSeq,Homology,NODE_21_length_54601_cov_48.777804_33, 33071 # 34132 # 1 , 33071,34132,1 ,21_33,21,33,00,ATG,GGAGG,5-10bp,0.634,NODE_21_length_54601_cov_48.777804,mobileOG_000354119_NODE_21_length_54601_cov_48.777804
557,mobileOG_000351518|lamB|WP_129993804.1|transfer|phage receptor|Plasmid RefSeq|Homology,NODE_22_length_52954_cov_56.649016_7 # 6363 # 7652 # -1 # ID=22_7;partial=00;start_type=ATG;rbs_motif=AGGAG;rbs_spacer=5-10bp;gc_cont=0.602,100,900,430,0.0,430,2,430,1,429,mobileOG_000351518,lamB,WP_129993804.1,transfer,phage receptor,Plasmid RefSeq,Homology,NODE_22_length_52954_cov_56.649016_7, 6363 # 7652 # -1 , 6363,7652,-1 ,22_7,22,7,00,ATG,AGGAG,5-10bp,0.602,NODE_22_length_52954_cov_56.649016,mobileOG_000351518_NODE_22_length_52954_cov_56.649016
558,mobileOG_000318999|lamB|WP_133160409.1|transfer|phage receptor|Plasmid RefSeq|Homology,NODE_22_length_52954_cov_56.649016_7 # 6363 # 7652 # -1 # ID=22_7;partial=00;start_type=ATG;rbs_motif=AGGAG;rbs_spacer=5-10bp;gc_cont=0.602,99.1,894,430,0.0,430,2,430,1,429,mobileOG_000318999,lamB,WP_133160409.1,transfer,phage receptor,Plasmid RefSeq,Homology,NODE_22_length_52954_cov_56.649016_7, 6363 # 7652 # -1 , 6363,7652,-1 ,22_7,22,7,00,ATG,AGGAG,5-10bp,0.602,NODE_22_length_52954_cov_56.649016,mobileOG_000318999_NODE_22_length_52954_cov_56.649016
559,mobileOG_000026494|hupA|P52680|replication/recombination/repair|integration/excision|Plasmid RefSeq|Manual,NODE_25_length_30494_cov_57.113292_4 # 4070 # 4342 # -1 # ID=25_4;partial=00;start_type=ATG;rbs_motif=AGGA;rbs_spacer=5-10bp;gc_cont=0.476,100,170,90,1.08e-55,91,1,90,1,90,mobileOG_000026494,hupA,P52680,replication/recombination/repair,integration/excision,Plasmid RefSeq,Manual,NODE_25_length_30494_cov_57.113292_4, 4070 # 4342 # -1 , 4070,4342,-1 ,25_4,25,4,00,ATG,AGGA,5-10bp,0.476,NODE_25_length_30494_cov_57.113292,mobileOG_000026494_NODE_25_length_30494_cov_57.113292
560,mobileOG_000336646|hup|WP_012004757.1|replication/recombination/repair|integration/excision|Multiple|Homology,NODE_25_length_30494_cov_57.113292_4 # 4070 # 4342 # -1 # ID=25_4;partial=00;start_type=ATG;rbs_motif=AGGA;rbs_spacer=5-10bp;gc_cont=0.476,98.9,169,90,3.10e-55,91,1,90,1,90,mobileOG_000336646,hup,WP_012004757.1,replication/recombination/repair,integration/excision,Multiple,Homology,NODE_25_length_30494_cov_57.113292_4, 4070 # 4342 # -1 , 4070,4342,-1 ,25_4,25,4,00,ATG,AGGA,5-10bp,0.476,NODE_25_length_30494_cov_57.113292,mobileOG_000336646_NODE_25_length_30494_cov_57.113292
561,mobileOG_000353252|hup|WP_002884342.1|replication/recombination/repair|integration/excision|Plasmid RefSeq|Homology,NODE_25_length_30494_cov_57.113292_4 # 4070 # 4342 # -1 # ID=25_4;partial=00;start_type=ATG;rbs_motif=AGGA;rbs_spacer=5-10bp;gc_cont=0.476,97.8,167,90,1.80e-54,91,1,90,1,90,mobileOG_000353252,hup,WP_002884342.1,replication/recombination/repair,integration/excision,Plasmid RefSeq,Homology,NODE_25_length_30494_cov_57.113292_4, 4070 # 4342 # -1 , 4070,4342,-1 ,25_4,25,4,00,ATG,AGGA,5-10bp,0.476,NODE_25_length_30494_cov_57.113292,mobileOG_000353252_NODE_25_length_30494_cov_57.113292
562,mobileOG_000296220|hup|WP_002445246.1|replication/recombination/repair|integration/excision|Plasmid RefSeq|Homology,NODE_25_length_30494_cov_57.113292_4 # 4070 # 4342 # -1 # ID=25_4;partial=00;start_type=ATG;rbs_motif=AGGA;rbs_spacer=5-10bp;gc_cont=0.476,96.7,165,90,7.33e-54,91,1,90,1,90,mobileOG_000296220,hup,WP_002445246.1,replication/recombination/repair,integration/excision,Plasmid RefSeq,Homology,NODE_25_length_30494_cov_57.113292_4, 4070 # 4342 # -1 , 4070,4342,-1 ,25_4,25,4,00,ATG,AGGA,5-10bp,0.476,NODE_25_length_30494_cov_57.113292,mobileOG_000296220_NODE_25_length_30494_cov_57.113292
563,mobileOG_000024621|hupA|EBB54032.1|replication/recombination/repair|integration/excision|Plasmid RefSeq|Manual,NODE_25_length_30494_cov_57.113292_4 # 4070 # 4342 # -1 # ID=25_4;partial=00;start_type=ATG;rbs_motif=AGGA;rbs_spacer=5-10bp;gc_cont=0.476,95.6,164,90,2.99e-53,91,1,90,1,90,mobileOG_000024621,hupA,EBB54032.1,replication/recombination/repair,integration/excision,Plasmid RefSeq,Manual,NODE_25_length_30494_cov_57.113292_4, 4070 # 4342 # -1 , 4070,4342,-1 ,25_4,25,4,00,ATG,AGGA,5-10bp,0.476,NODE_25_length_30494_cov_57.113292,mobileOG_000024621_NODE_25_length_30494_cov_57.113292
564,mobileOG_000351839|hup|WP_002210689.1|replication/recombination/repair|integration/excision|Plasmid RefSeq|Homology,NODE_25_length_30494_cov_57.113292_4 # 4070 # 4342 # -1 # ID=25_4;partial=00;start_type=ATG;rbs_motif=AGGA;rbs_spacer=5-10bp;gc_cont=0.476,95.6,163,91,4.38e-53,91,1,90,1,90,mobileOG_000351839,hup,WP_002210689.1,replication/recombination/repair,integration/excision,Plasmid RefSeq,Homology,NODE_25_length_30494_cov_57.113292_4, 4070 # 4342 # -1 , 4070,4342,-1 ,25_4,25,4,00,ATG,AGGA,5-10bp,0.476,NODE_25_length_30494_cov_57.113292,mobileOG_000351839_NODE_25_length_30494_cov_57.113292
565,mobileOG_000025522|hupA|WP_001044513.1|replication/recombination/repair|integration/excision|Plasmid RefSeq|Manual,NODE_25_length_30494_cov_57.113292_4 # 4070 # 4342 # -1 # ID=25_4;partial=00;start_type=ATG;rbs_motif=AGGA;rbs_spacer=5-10bp;gc_cont=0.476,94.4,162,90,1.22e-52,91,1,90,1,90,mobileOG_000025522,hupA,WP_001044513.1,replication/recombination/repair,integration/excision,Plasmid RefSeq,Manual,NODE_25_length_30494_cov_57.113292_4, 4070 # 4342 # -1 , 4070,4342,-1 ,25_4,25,4,00,ATG,AGGA,5-10bp,0.476,NODE_25_length_30494_cov_57.113292,mobileOG_000025522_NODE_25_length_30494_cov_57.113292
566,mobileOG_000332654|hup|WP_004242271.1|replication/recombination/repair|integration/excision|Plasmid RefSeq|Homology,NODE_25_length_30494_cov_57.113292_4 # 4070 # 4342 # -1 # ID=25_4;partial=00;start_type=ATG;rbs_motif=AGGA;rbs_spacer=5-10bp;gc_cont=0.476,90.0,157,90,1.17e-50,91,1,90,1,90,mobileOG_000332654,hup,WP_004242271.1,replication/recombination/repair,integration/excision,Plasmid RefSeq,Homology,NODE_25_length_30494_cov_57.113292_4, 4070 # 4342 # -1 , 4070,4342,-1 ,25_4,25,4,00,ATG,AGGA,5-10bp,0.476,NODE_25_length_30494_cov_57.113292,mobileOG_000332654_NODE_25_length_30494_cov_57.113292
567,mobileOG_000368557|nfi|WP_033655325.1|replication/recombination/repair|NA|Plasmid RefSeq|Homology,NODE_25_length_30494_cov_57.113292_6 # 5171 # 5857 # -1 # ID=25_6;partial=00;start_type=GTG;rbs_motif=AGGA;rbs_spacer=5-10bp;gc_cont=0.667,97.4,455,228,3.39e-164,229,1,228,1,228,mobileOG_000368557,nfi,WP_033655325.1,replication/recombination/repair,NA,Plasmid RefSeq,Homology,NODE_25_length_30494_cov_57.113292_6, 5171 # 5857 # -1 , 5171,5857,-1 ,25_6,25,6,00,GTG,AGGA,5-10bp,0.667,NODE_25_length_30494_cov_57.113292,mobileOG_000368557_NODE_25_length_30494_cov_57.113292
568,mobileOG_000365459|nfi|WP_020828728.1|replication/recombination/repair|NA|Multiple|Homology,NODE_25_length_30494_cov_57.113292_6 # 5171 # 5857 # -1 # ID=25_6;partial=00;start_type=GTG;rbs_motif=AGGA;rbs_spacer=5-10bp;gc_cont=0.667,91.6,431,228,1.37e-154,229,1,227,1,227,mobileOG_000365459,nfi,WP_020828728.1,replication/recombination/repair,NA,Multiple,Homology,NODE_25_length_30494_cov_57.113292_6, 5171 # 5857 # -1 , 5171,5857,-1 ,25_6,25,6,00,GTG,AGGA,5-10bp,0.667,NODE_25_length_30494_cov_57.113292,mobileOG_000365459_NODE_25_length_30494_cov_57.113292
569,"mobileOG_000329613|nusG|WP_004929914.1|phage|regulation,infection|Plasmid RefSeq|Homology",NODE_25_length_30494_cov_57.113292_27 # 29191 # 29736 # -1 # ID=25_27;partial=00;start_type=ATG;rbs_motif=GGAG/GAGG;rbs_spacer=5-10bp;gc_cont=0.557,100,364,181,8.97e-130,182,1,181,1,181,mobileOG_000329613,nusG,WP_004929914.1,phage,"regulation,infection",Plasmid RefSeq,Homology,NODE_25_length_30494_cov_57.113292_27, 29191 # 29736 # -1 , 29191,29736,-1 ,25_27,25,27,00,ATG,GGAG/GAGG,5-10bp,0.557,NODE_25_length_30494_cov_57.113292,mobileOG_000329613_NODE_25_length_30494_cov_57.113292
570,"mobileOG_000331286|nusG|WP_004953928.1|phage|regulation,infection|Multiple|Homology",NODE_25_length_30494_cov_57.113292_27 # 29191 # 29736 # -1 # ID=25_27;partial=00;start_type=ATG;rbs_motif=GGAG/GAGG;rbs_spacer=5-10bp;gc_cont=0.557,99.4,363,181,2.57e-129,182,1,181,1,181,mobileOG_000331286,nusG,WP_004953928.1,phage,"regulation,infection",Multiple,Homology,NODE_25_length_30494_cov_57.113292_27, 29191 # 29736 # -1 , 29191,29736,-1 ,25_27,25,27,00,ATG,GGAG/GAGG,5-10bp,0.557,NODE_25_length_30494_cov_57.113292,mobileOG_000331286_NODE_25_length_30494_cov_57.113292
571,"mobileOG_000327581|nusG|WP_002210671.1|phage|regulation,infection|Plasmid RefSeq|Homology",NODE_25_length_30494_cov_57.113292_27 # 29191 # 29736 # -1 # ID=25_27;partial=00;start_type=ATG;rbs_motif=GGAG/GAGG;rbs_spacer=5-10bp;gc_cont=0.557,99.4,362,181,5.19e-129,182,1,181,1,181,mobileOG_000327581,nusG,WP_002210671.1,phage,"regulation,infection",Plasmid RefSeq,Homology,NODE_25_length_30494_cov_57.113292_27, 29191 # 29736 # -1 , 29191,29736,-1 ,25_27,25,27,00,ATG,GGAG/GAGG,5-10bp,0.557,NODE_25_length_30494_cov_57.113292,mobileOG_000327581_NODE_25_length_30494_cov_57.113292
572,"mobileOG_000324948|nusG|WP_001287521.1|phage|regulation,infection|Plasmid RefSeq|Homology",NODE_25_length_30494_cov_57.113292_27 # 29191 # 29736 # -1 # ID=25_27;partial=00;start_type=ATG;rbs_motif=GGAG/GAGG;rbs_spacer=5-10bp;gc_cont=0.557,98.3,357,181,7.08e-127,182,1,180,1,180,mobileOG_000324948,nusG,WP_001287521.1,phage,"regulation,infection",Plasmid RefSeq,Homology,NODE_25_length_30494_cov_57.113292_27, 29191 # 29736 # -1 , 29191,29736,-1 ,25_27,25,27,00,ATG,GGAG/GAGG,5-10bp,0.557,NODE_25_length_30494_cov_57.113292,mobileOG_000324948_NODE_25_length_30494_cov_57.113292
573,"mobileOG_000289012|nusG|WP_003862341.1|phage|regulation,infection|Plasmid RefSeq|Homology",NODE_25_length_30494_cov_57.113292_27 # 29191 # 29736 # -1 # ID=25_27;partial=00;start_type=ATG;rbs_motif=GGAG/GAGG;rbs_spacer=5-10bp;gc_cont=0.557,97.8,356,181,2.03e-126,182,1,180,1,180,mobileOG_000289012,nusG,WP_003862341.1,phage,"regulation,infection",Plasmid RefSeq,Homology,NODE_25_length_30494_cov_57.113292_27, 29191 # 29736 # -1 , 29191,29736,-1 ,25_27,25,27,00,ATG,GGAG/GAGG,5-10bp,0.557,NODE_25_length_30494_cov_57.113292,mobileOG_000289012_NODE_25_length_30494_cov_57.113292
574,"mobileOG_000331278|nusG|WP_001287516.1|phage|regulation,infection|Plasmid RefSeq|Homology",NODE_25_length_30494_cov_57.113292_27 # 29191 # 29736 # -1 # ID=25_27;partial=00;start_type=ATG;rbs_motif=GGAG/GAGG;rbs_spacer=5-10bp;gc_cont=0.557,97.8,356,181,2.03e-126,182,1,180,1,180,mobileOG_000331278,nusG,WP_001287516.1,phage,"regulation,infection",Plasmid RefSeq,Homology,NODE_25_length_30494_cov_57.113292_27, 29191 # 29736 # -1 , 29191,29736,-1 ,25_27,25,27,00,ATG,GGAG/GAGG,5-10bp,0.557,NODE_25_length_30494_cov_57.113292,mobileOG_000331278_NODE_25_length_30494_cov_57.113292
575,"mobileOG_000324956|nusG|WP_007665882.1|phage|regulation,infection|Plasmid RefSeq|Homology",NODE_25_length_30494_cov_57.113292_27 # 29191 # 29736 # -1 # ID=25_27;partial=00;start_type=ATG;rbs_motif=GGAG/GAGG;rbs_spacer=5-10bp;gc_cont=0.557,97.8,355,181,2.89e-126,182,1,180,1,180,mobileOG_000324956,nusG,WP_007665882.1,phage,"regulation,infection",Plasmid RefSeq,Homology,NODE_25_length_30494_cov_57.113292_27, 29191 # 29736 # -1 , 29191,29736,-1 ,25_27,25,27,00,ATG,GGAG/GAGG,5-10bp,0.557,NODE_25_length_30494_cov_57.113292,mobileOG_000324956_NODE_25_length_30494_cov_57.113292
576,"mobileOG_000329873|nusG|WP_127378540.1|phage|regulation,infection|Plasmid RefSeq|Homology",NODE_25_length_30494_cov_57.113292_27 # 29191 # 29736 # -1 # ID=25_27;partial=00;start_type=ATG;rbs_motif=GGAG/GAGG;rbs_spacer=5-10bp;gc_cont=0.557,91.7,338,181,1.48e-119,182,1,180,1,180,mobileOG_000329873,nusG,WP_127378540.1,phage,"regulation,infection",Plasmid RefSeq,Homology,NODE_25_length_30494_cov_57.113292_27, 29191 # 29736 # -1 , 29191,29736,-1 ,25_27,25,27,00,ATG,GGAG/GAGG,5-10bp,0.557,NODE_25_length_30494_cov_57.113292,mobileOG_000329873_NODE_25_length_30494_cov_57.113292
577,mobileOG_000368542|clpB|WP_025301647.1|phage|chaperone|Plasmid RefSeq|Homology,NODE_28_length_22245_cov_49.967746_1 # 393 # 2966 # -1 # ID=28_1;partial=00;start_type=ATG;rbs_motif=GGAGG;rbs_spacer=3-4bp;gc_cont=0.585,100,1626,857,0.0,858,1,857,1,857,mobileOG_000368542,clpB,WP_025301647.1,phage,chaperone,Plasmid RefSeq,Homology,NODE_28_length_22245_cov_49.967746_1, 393 # 2966 # -1 , 393,2966,-1 ,28_1,28,1,00,ATG,GGAGG,3-4bp,0.585,NODE_28_length_22245_cov_49.967746,mobileOG_000368542_NODE_28_length_22245_cov_49.967746
578,mobileOG_000341888|rrrD|WP_033650023.1|phage|lysis|Plasmid RefSeq|Homology,NODE_28_length_22245_cov_49.967746_11 # 11753 # 12268 # 1 # ID=28_11;partial=00;start_type=ATG;rbs_motif=GGAGG;rbs_spacer=5-10bp;gc_cont=0.595,91.8,313,171,5.64e-110,172,1,171,1,171,mobileOG_000341888,rrrD,WP_033650023.1,phage,lysis,Plasmid RefSeq,Homology,NODE_28_length_22245_cov_49.967746_11, 11753 # 12268 # 1 , 11753,12268,1 ,28_11,28,11,00,ATG,GGAGG,5-10bp,0.595,NODE_28_length_22245_cov_49.967746,mobileOG_000341888_NODE_28_length_22245_cov_49.967746
579,"mobileOG_000377485|ogr|WP_033637183.1|phage|regulation,lysis/lysogeny|Plasmid RefSeq|Homology",NODE_28_length_22245_cov_49.967746_12 # 12332 # 12559 # 1 # ID=28_12;partial=00;start_type=ATG;rbs_motif=AGxAGG/AGGxGG;rbs_spacer=5-10bp;gc_cont=0.592,98.7,160,75,2.41e-52,76,1,75,1,75,mobileOG_000377485,ogr,WP_033637183.1,phage,"regulation,lysis/lysogeny",Plasmid RefSeq,Homology,NODE_28_length_22245_cov_49.967746_12, 12332 # 12559 # 1 , 12332,12559,1 ,28_12,28,12,00,ATG,AGxAGG/AGGxGG,5-10bp,0.592,NODE_28_length_22245_cov_49.967746,mobileOG_000377485_NODE_28_length_22245_cov_49.967746
580,mobileOG_000755939|NA:Keyword|A0A377YBG6|integration/excision|NA|Plasmid RefSeq|Keyword Search,NODE_30_length_7680_cov_41.199658_9 # 6225 # 7076 # -1 # ID=30_9;partial=00;start_type=GTG;rbs_motif=GGAG/GAGG;rbs_spacer=5-10bp;gc_cont=0.585,93.3,532,518,4.82e-189,284,97,376,2,283,mobileOG_000755939,NA:Keyword,A0A377YBG6,integration/excision,NA,Plasmid RefSeq,Keyword Search,NODE_30_length_7680_cov_41.199658_9, 6225 # 7076 # -1 , 6225,7076,-1 ,30_9,30,9,00,GTG,GGAG/GAGG,5-10bp,0.585,NODE_30_length_7680_cov_41.199658,mobileOG_000755939_NODE_30_length_7680_cov_41.199658
581,mobileOG_000720163|NA:Keyword|F2Q980|integration/excision|NA|ICE|Keyword Search,NODE_30_length_7680_cov_41.199658_9 # 6225 # 7076 # -1 # ID=30_9;partial=00;start_type=GTG;rbs_motif=GGAG/GAGG;rbs_spacer=5-10bp;gc_cont=0.585,91.9,527,518,4.56e-187,284,96,376,1,283,mobileOG_000720163,NA:Keyword,F2Q980,integration/excision,NA,ICE,Keyword Search,NODE_30_length_7680_cov_41.199658_9, 6225 # 7076 # -1 , 6225,7076,-1 ,30_9,30,9,00,GTG,GGAG/GAGG,5-10bp,0.585,NODE_30_length_7680_cov_41.199658,mobileOG_000720163_NODE_30_length_7680_cov_41.199658
582,mobileOG_000398539|NA:Keyword|A0A3T9SFP6|integration/excision|NA|COMPASS|Keyword Search,NODE_30_length_7680_cov_41.199658_9 # 6225 # 7076 # -1 # ID=30_9;partial=00;start_type=GTG;rbs_motif=GGAG/GAGG;rbs_spacer=5-10bp;gc_cont=0.585,91.9,518,386,1.99e-185,284,97,377,2,283,mobileOG_000398539,NA:Keyword,A0A3T9SFP6,integration/excision,NA,COMPASS,Keyword Search,NODE_30_length_7680_cov_41.199658_9, 6225 # 7076 # -1 , 6225,7076,-1 ,30_9,30,9,00,GTG,GGAG/GAGG,5-10bp,0.585,NODE_30_length_7680_cov_41.199658,mobileOG_000398539_NODE_30_length_7680_cov_41.199658
583,mobileOG_000401300|NA:Keyword|WP_106881567.1|integration/excision|NA|COMPASS|Keyword Search,NODE_30_length_7680_cov_41.199658_9 # 6225 # 7076 # -1 # ID=30_9;partial=00;start_type=GTG;rbs_motif=GGAG/GAGG;rbs_spacer=5-10bp;gc_cont=0.585,91.1,517,449,2.63e-184,284,101,380,2,283,mobileOG_000401300,NA:Keyword,WP_106881567.1,integration/excision,NA,COMPASS,Keyword Search,NODE_30_length_7680_cov_41.199658_9, 6225 # 7076 # -1 , 6225,7076,-1 ,30_9,30,9,00,GTG,GGAG/GAGG,5-10bp,0.585,NODE_30_length_7680_cov_41.199658,mobileOG_000401300_NODE_30_length_7680_cov_41.199658
584,mobileOG_000401290|NA:Keyword|WP_109013710.1|integration/excision|NA|COMPASS|Keyword Search,NODE_30_length_7680_cov_41.199658_9 # 6225 # 7076 # -1 # ID=30_9;partial=00;start_type=GTG;rbs_motif=GGAG/GAGG;rbs_spacer=5-10bp;gc_cont=0.585,91.1,517,452,2.92e-184,284,101,380,2,283,mobileOG_000401290,NA:Keyword,WP_109013710.1,integration/excision,NA,COMPASS,Keyword Search,NODE_30_length_7680_cov_41.199658_9, 6225 # 7076 # -1 , 6225,7076,-1 ,30_9,30,9,00,GTG,GGAG/GAGG,5-10bp,0.585,NODE_30_length_7680_cov_41.199658,mobileOG_000401290_NODE_30_length_7680_cov_41.199658
585,mobileOG_000417960|NA:Keyword|WP_166479924.1|integration/excision|NA|COMPASS|Keyword Search,NODE_30_length_7680_cov_41.199658_9 # 6225 # 7076 # -1 # ID=30_9;partial=00;start_type=GTG;rbs_motif=GGAG/GAGG;rbs_spacer=5-10bp;gc_cont=0.585,90.1,516,470,1.10e-183,284,96,376,1,283,mobileOG_000417960,NA:Keyword,WP_166479924.1,integration/excision,NA,COMPASS,Keyword Search,NODE_30_length_7680_cov_41.199658_9, 6225 # 7076 # -1 , 6225,7076,-1 ,30_9,30,9,00,GTG,GGAG/GAGG,5-10bp,0.585,NODE_30_length_7680_cov_41.199658,mobileOG_000417960_NODE_30_length_7680_cov_41.199658
586,mobileOG_000752620|NA:Keyword|WP_136750290.1|integration/excision|NA|Plasmid RefSeq|Keyword Search,NODE_30_length_7680_cov_41.199658_9 # 6225 # 7076 # -1 # ID=30_9;partial=00;start_type=GTG;rbs_motif=GGAG/GAGG;rbs_spacer=5-10bp;gc_cont=0.585,91.1,518,518,1.42e-183,284,97,376,2,283,mobileOG_000752620,NA:Keyword,WP_136750290.1,integration/excision,NA,Plasmid RefSeq,Keyword Search,NODE_30_length_7680_cov_41.199658_9, 6225 # 7076 # -1 , 6225,7076,-1 ,30_9,30,9,00,GTG,GGAG/GAGG,5-10bp,0.585,NODE_30_length_7680_cov_41.199658,mobileOG_000752620_NODE_30_length_7680_cov_41.199658
587,mobileOG_000755053|NA:Keyword|WP_086624945.1|integration/excision|NA|Plasmid RefSeq|Keyword Search,NODE_30_length_7680_cov_41.199658_9 # 6225 # 7076 # -1 # ID=30_9;partial=00;start_type=GTG;rbs_motif=GGAG/GAGG;rbs_spacer=5-10bp;gc_cont=0.585,92.2,518,518,1.42e-183,284,97,376,2,283,mobileOG_000755053,NA:Keyword,WP_086624945.1,integration/excision,NA,Plasmid RefSeq,Keyword Search,NODE_30_length_7680_cov_41.199658_9, 6225 # 7076 # -1 , 6225,7076,-1 ,30_9,30,9,00,GTG,GGAG/GAGG,5-10bp,0.585,NODE_30_length_7680_cov_41.199658,mobileOG_000755053_NODE_30_length_7680_cov_41.199658
588,mobileOG_000398348|NA:Keyword|WP_001066419.1|integration/excision|NA|Multiple|Keyword Search,NODE_30_length_7680_cov_41.199658_9 # 6225 # 7076 # -1 # ID=30_9;partial=00;start_type=GTG;rbs_motif=GGAG/GAGG;rbs_spacer=5-10bp;gc_cont=0.585,91.1,517,518,2.86e-183,284,97,376,2,283,mobileOG_000398348,NA:Keyword,WP_001066419.1,integration/excision,NA,Multiple,Keyword Search,NODE_30_length_7680_cov_41.199658_9, 6225 # 7076 # -1 , 6225,7076,-1 ,30_9,30,9,00,GTG,GGAG/GAGG,5-10bp,0.585,NODE_30_length_7680_cov_41.199658,mobileOG_000398348_NODE_30_length_7680_cov_41.199658
589,mobileOG_000400946|NA:Keyword|WP_106881567.1|integration/excision|NA|Multiple|Keyword Search,NODE_30_length_7680_cov_41.199658_9 # 6225 # 7076 # -1 # ID=30_9;partial=00;start_type=GTG;rbs_motif=GGAG/GAGG;rbs_spacer=5-10bp;gc_cont=0.585,91.1,517,522,3.28e-183,284,101,380,2,283,mobileOG_000400946,NA:Keyword,WP_106881567.1,integration/excision,NA,Multiple,Keyword Search,NODE_30_length_7680_cov_41.199658_9, 6225 # 7076 # -1 , 6225,7076,-1 ,30_9,30,9,00,GTG,GGAG/GAGG,5-10bp,0.585,NODE_30_length_7680_cov_41.199658,mobileOG_000400946_NODE_30_length_7680_cov_41.199658
590,mobileOG_000401291|NA:Keyword|WP_109013710.1|integration/excision|NA|Multiple|Keyword Search,NODE_30_length_7680_cov_41.199658_9 # 6225 # 7076 # -1 # ID=30_9;partial=00;start_type=GTG;rbs_motif=GGAG/GAGG;rbs_spacer=5-10bp;gc_cont=0.585,91.1,517,522,3.28e-183,284,101,380,2,283,mobileOG_000401291,NA:Keyword,WP_109013710.1,integration/excision,NA,Multiple,Keyword Search,NODE_30_length_7680_cov_41.199658_9, 6225 # 7076 # -1 , 6225,7076,-1 ,30_9,30,9,00,GTG,GGAG/GAGG,5-10bp,0.585,NODE_30_length_7680_cov_41.199658,mobileOG_000401291_NODE_30_length_7680_cov_41.199658
591,mobileOG_000416668|NA:Keyword|WP_012917687.1|integration/excision|NA|Multiple|Keyword Search,NODE_30_length_7680_cov_41.199658_9 # 6225 # 7076 # -1 # ID=30_9;partial=00;start_type=GTG;rbs_motif=GGAG/GAGG;rbs_spacer=5-10bp;gc_cont=0.585,91.1,517,522,3.28e-183,284,101,380,2,283,mobileOG_000416668,NA:Keyword,WP_012917687.1,integration/excision,NA,Multiple,Keyword Search,NODE_30_length_7680_cov_41.199658_9, 6225 # 7076 # -1 , 6225,7076,-1 ,30_9,30,9,00,GTG,GGAG/GAGG,5-10bp,0.585,NODE_30_length_7680_cov_41.199658,mobileOG_000416668_NODE_30_length_7680_cov_41.199658
592,mobileOG_000754924|NA:Keyword|WP_106889345.1|integration/excision|NA|Multiple|Keyword Search,NODE_30_length_7680_cov_41.199658_9 # 6225 # 7076 # -1 # ID=30_9;partial=00;start_type=GTG;rbs_motif=GGAG/GAGG;rbs_spacer=5-10bp;gc_cont=0.585,91.1,517,522,3.28e-183,284,101,380,2,283,mobileOG_000754924,NA:Keyword,WP_106889345.1,integration/excision,NA,Multiple,Keyword Search,NODE_30_length_7680_cov_41.199658_9, 6225 # 7076 # -1 , 6225,7076,-1 ,30_9,30,9,00,GTG,GGAG/GAGG,5-10bp,0.585,NODE_30_length_7680_cov_41.199658,mobileOG_000754924_NODE_30_length_7680_cov_41.199658
593,mobileOG_000737435|NA:Keyword|A0A3X1APG3|integration/excision|NA|Plasmid RefSeq|Keyword Search,NODE_30_length_7680_cov_41.199658_9 # 6225 # 7076 # -1 # ID=30_9;partial=00;start_type=GTG;rbs_motif=GGAG/GAGG;rbs_spacer=5-10bp;gc_cont=0.585,91.8,517,518,4.06e-183,284,98,376,3,283,mobileOG_000737435,NA:Keyword,A0A3X1APG3,integration/excision,NA,Plasmid RefSeq,Keyword Search,NODE_30_length_7680_cov_41.199658_9, 6225 # 7076 # -1 , 6225,7076,-1 ,30_9,30,9,00,GTG,GGAG/GAGG,5-10bp,0.585,NODE_30_length_7680_cov_41.199658,mobileOG_000737435_NODE_30_length_7680_cov_41.199658
594,mobileOG_000753832|NA:Keyword|WP_001066416.1|integration/excision|NA|Multiple|Keyword Search,NODE_30_length_7680_cov_41.199658_9 # 6225 # 7076 # -1 # ID=30_9;partial=00;start_type=GTG;rbs_motif=GGAG/GAGG;rbs_spacer=5-10bp;gc_cont=0.585,91.1,516,518,5.76e-183,284,97,376,2,283,mobileOG_000753832,NA:Keyword,WP_001066416.1,integration/excision,NA,Multiple,Keyword Search,NODE_30_length_7680_cov_41.199658_9, 6225 # 7076 # -1 , 6225,7076,-1 ,30_9,30,9,00,GTG,GGAG/GAGG,5-10bp,0.585,NODE_30_length_7680_cov_41.199658,mobileOG_000753832_NODE_30_length_7680_cov_41.199658
