,Sequence Title,Query Title,Pident,Bitscore,Subject Sequence Length,e-value,Query Sequence Length,Start of Alignment in Subject,End of Alignment in Query,Start of Alignment in Query,End of Alignment in Query,mobileOG ID,Gene Name,Best Hit Accession ID,Major mobileOG Category,Minor mobileOG Category,Source Database,Evidence Type,Contig/ORF Name,ORF_Start_Stop_Strands,ORF_Start,ORF_End,Sense or Antisense Strand,Prodigal ID,Prodigal Designated Contigs,Unique_ORF,Partial Tag,Start Codon,RBS Motif,RBS Spacer,GC Content,Specific Contig,Final Sample Name
0,mobileOG_000745154|NA:Keyword|WP_101453415.1|transfer|NA|Plasmid RefSeq|Keyword Search,NODE_1_length_995615_cov_45.766113_14 # 16056 # 16874 # -1 # ID=1_14;partial=00;start_type=ATG;rbs_motif=GGA/GAG/AGG;rbs_spacer=5-10bp;gc_cont=0.625,98.2,526,272,6.31e-191,273,1,271,1,271,mobileOG_000745154,NA:Keyword,WP_101453415.1,transfer,NA,Plasmid RefSeq,Keyword Search,NODE_1_length_995615_cov_45.766113_14, 16056 # 16874 # -1 , 16056,16874,-1 ,1_14,1,14,00,ATG,GGA/GAG/AGG,5-10bp,0.625,NODE_1_length_995615_cov_45.766113,mobileOG_000745154_NODE_1_length_995615_cov_45.766113
1,mobileOG_000331659|uvrB|WP_033647115.1|replication/recombination/repair|NA|Plasmid RefSeq|Homology,NODE_1_length_995615_cov_45.766113_41 # 44500 # 46512 # 1 # ID=1_41;partial=00;start_type=ATG;rbs_motif=GGA/GAG/AGG;rbs_spacer=11-12bp;gc_cont=0.618,99.1,1269,670,0.0,671,1,670,1,670,mobileOG_000331659,uvrB,WP_033647115.1,replication/recombination/repair,NA,Plasmid RefSeq,Homology,NODE_1_length_995615_cov_45.766113_41, 44500 # 46512 # 1 , 44500,46512,1 ,1_41,1,41,00,ATG,GGA/GAG/AGG,11-12bp,0.618,NODE_1_length_995615_cov_45.766113,mobileOG_000331659_NODE_1_length_995615_cov_45.766113
2,mobileOG_000351489|uvrB|WP_033642236.1|replication/recombination/repair|NA|Plasmid RefSeq|Homology,NODE_1_length_995615_cov_45.766113_41 # 44500 # 46512 # 1 # ID=1_41;partial=00;start_type=ATG;rbs_motif=GGA/GAG/AGG;rbs_spacer=11-12bp;gc_cont=0.618,99.0,1268,670,0.0,671,1,670,1,670,mobileOG_000351489,uvrB,WP_033642236.1,replication/recombination/repair,NA,Plasmid RefSeq,Homology,NODE_1_length_995615_cov_45.766113_41, 44500 # 46512 # 1 , 44500,46512,1 ,1_41,1,41,00,ATG,GGA/GAG/AGG,11-12bp,0.618,NODE_1_length_995615_cov_45.766113,mobileOG_000351489_NODE_1_length_995615_cov_45.766113
3,mobileOG_000361588|parA_1|WP_033637564.1|replication/recombination/repair|transfer|Plasmid RefSeq|Homology,NODE_1_length_995615_cov_45.766113_107 # 109100 # 109735 # -1 # ID=1_107;partial=00;start_type=ATG;rbs_motif=GGA/GAG/AGG;rbs_spacer=5-10bp;gc_cont=0.579,99.5,416,211,2.31e-149,212,1,211,1,211,mobileOG_000361588,parA_1,WP_033637564.1,replication/recombination/repair,transfer,Plasmid RefSeq,Homology,NODE_1_length_995615_cov_45.766113_107, 109100 # 109735 # -1 , 109100,109735,-1 ,1_107,1,107,00,ATG,GGA/GAG/AGG,5-10bp,0.579,NODE_1_length_995615_cov_45.766113,mobileOG_000361588_NODE_1_length_995615_cov_45.766113
4,mobileOG_000363799|parA_1|WP_016928620.1|replication/recombination/repair|transfer|Plasmid RefSeq|Homology,NODE_1_length_995615_cov_45.766113_107 # 109100 # 109735 # -1 # ID=1_107;partial=00;start_type=ATG;rbs_motif=GGA/GAG/AGG;rbs_spacer=5-10bp;gc_cont=0.579,99.1,413,211,3.83e-148,212,1,211,1,211,mobileOG_000363799,parA_1,WP_016928620.1,replication/recombination/repair,transfer,Plasmid RefSeq,Homology,NODE_1_length_995615_cov_45.766113_107, 109100 # 109735 # -1 , 109100,109735,-1 ,1_107,1,107,00,ATG,GGA/GAG/AGG,5-10bp,0.579,NODE_1_length_995615_cov_45.766113,mobileOG_000363799_NODE_1_length_995615_cov_45.766113
5,"mobileOG_000352228|copR|WP_021504273.1|transfer|conjugation,relaxosome|Plasmid RefSeq|Homology",NODE_1_length_995615_cov_45.766113_239 # 236418 # 237089 # 1 # ID=1_239;partial=00;start_type=ATG;rbs_motif=GGAG/GAGG;rbs_spacer=5-10bp;gc_cont=0.609,100,443,223,1.75e-159,224,1,223,1,223,mobileOG_000352228,copR,WP_021504273.1,transfer,"conjugation,relaxosome",Plasmid RefSeq,Homology,NODE_1_length_995615_cov_45.766113_239, 236418 # 237089 # 1 , 236418,237089,1 ,1_239,1,239,00,ATG,GGAG/GAGG,5-10bp,0.609,NODE_1_length_995615_cov_45.766113,mobileOG_000352228_NODE_1_length_995615_cov_45.766113
6,"mobileOG_000352240|copR|WP_033637675.1|transfer|conjugation,relaxosome|Plasmid RefSeq|Homology",NODE_1_length_995615_cov_45.766113_239 # 236418 # 237089 # 1 # ID=1_239;partial=00;start_type=ATG;rbs_motif=GGAG/GAGG;rbs_spacer=5-10bp;gc_cont=0.609,99.1,439,223,5.85e-158,224,1,223,1,223,mobileOG_000352240,copR,WP_033637675.1,transfer,"conjugation,relaxosome",Plasmid RefSeq,Homology,NODE_1_length_995615_cov_45.766113_239, 236418 # 237089 # 1 , 236418,237089,1 ,1_239,1,239,00,ATG,GGAG/GAGG,5-10bp,0.609,NODE_1_length_995615_cov_45.766113,mobileOG_000352240_NODE_1_length_995615_cov_45.766113
7,"mobileOG_000243662|copR|A0A369HKY6|transfer|conjugation,relaxosome|GPD|Homology",NODE_1_length_995615_cov_45.766113_239 # 236418 # 237089 # 1 # ID=1_239;partial=00;start_type=ATG;rbs_motif=GGAG/GAGG;rbs_spacer=5-10bp;gc_cont=0.609,90.5,400,222,2.00e-142,224,1,222,1,222,mobileOG_000243662,copR,A0A369HKY6,transfer,"conjugation,relaxosome",GPD,Homology,NODE_1_length_995615_cov_45.766113_239, 236418 # 237089 # 1 , 236418,237089,1 ,1_239,1,239,00,ATG,GGAG/GAGG,5-10bp,0.609,NODE_1_length_995615_cov_45.766113,mobileOG_000243662_NODE_1_length_995615_cov_45.766113
8,mobileOG_000353024|ccdA|WP_039566839.1|stability/transfer/defense|NA|Plasmid RefSeq|Homology,NODE_1_length_995615_cov_45.766113_285 # 282738 # 282974 # 1 # ID=1_285;partial=00;start_type=ATG;rbs_motif=GGAG/GAGG;rbs_spacer=5-10bp;gc_cont=0.502,97.4,146,78,1.33e-46,79,1,78,1,78,mobileOG_000353024,ccdA,WP_039566839.1,stability/transfer/defense,NA,Plasmid RefSeq,Homology,NODE_1_length_995615_cov_45.766113_285, 282738 # 282974 # 1 , 282738,282974,1 ,1_285,1,285,00,ATG,GGAG/GAGG,5-10bp,0.502,NODE_1_length_995615_cov_45.766113,mobileOG_000353024_NODE_1_length_995615_cov_45.766113
9,mobileOG_000354415|ccdB|WP_019454426.1|stability/transfer/defense|NA|Plasmid RefSeq|Homology,NODE_1_length_995615_cov_45.766113_286 # 282977 # 283291 # 1 # ID=1_286;partial=00;start_type=ATG;rbs_motif=AGGA;rbs_spacer=5-10bp;gc_cont=0.505,98.1,204,104,1.12e-68,105,1,104,1,104,mobileOG_000354415,ccdB,WP_019454426.1,stability/transfer/defense,NA,Plasmid RefSeq,Homology,NODE_1_length_995615_cov_45.766113_286, 282977 # 283291 # 1 , 282977,283291,1 ,1_286,1,286,00,ATG,AGGA,5-10bp,0.505,NODE_1_length_995615_cov_45.766113,mobileOG_000354415_NODE_1_length_995615_cov_45.766113
10,mobileOG_000368500|clpS|WP_004928347.1|phage|replication/recombination/repair|Plasmid RefSeq|Homology,NODE_1_length_995615_cov_45.766113_421 # 437167 # 437487 # 1 # ID=1_421;partial=00;start_type=ATG;rbs_motif=GGA/GAG/AGG;rbs_spacer=5-10bp;gc_cont=0.458,100,221,106,1.24e-75,107,1,106,1,106,mobileOG_000368500,clpS,WP_004928347.1,phage,replication/recombination/repair,Plasmid RefSeq,Homology,NODE_1_length_995615_cov_45.766113_421, 437167 # 437487 # 1 , 437167,437487,1 ,1_421,1,421,00,ATG,GGA/GAG/AGG,5-10bp,0.458,NODE_1_length_995615_cov_45.766113,mobileOG_000368500_NODE_1_length_995615_cov_45.766113
11,"mobileOG_000368499|clpA|WP_004928343.1|phage|infection,regulation|Plasmid RefSeq|Homology",NODE_1_length_995615_cov_45.766113_422 # 437515 # 439794 # 1 # ID=1_422;partial=00;start_type=ATG;rbs_motif=GGAGG;rbs_spacer=5-10bp;gc_cont=0.612,100,1462,759,0.0,760,1,759,1,759,mobileOG_000368499,clpA,WP_004928343.1,phage,"infection,regulation",Plasmid RefSeq,Homology,NODE_1_length_995615_cov_45.766113_422, 437515 # 439794 # 1 , 437515,439794,1 ,1_422,1,422,00,ATG,GGAGG,5-10bp,0.612,NODE_1_length_995615_cov_45.766113,mobileOG_000368499_NODE_1_length_995615_cov_45.766113
12,"mobileOG_000351484|clpA|WP_025302261.1|phage|infection,regulation|Plasmid RefSeq|Homology",NODE_1_length_995615_cov_45.766113_422 # 437515 # 439794 # 1 # ID=1_422;partial=00;start_type=ATG;rbs_motif=GGAGG;rbs_spacer=5-10bp;gc_cont=0.612,99.9,1461,759,0.0,760,1,759,1,759,mobileOG_000351484,clpA,WP_025302261.1,phage,"infection,regulation",Plasmid RefSeq,Homology,NODE_1_length_995615_cov_45.766113_422, 437515 # 439794 # 1 , 437515,439794,1 ,1_422,1,422,00,ATG,GGAGG,5-10bp,0.612,NODE_1_length_995615_cov_45.766113,mobileOG_000351484_NODE_1_length_995615_cov_45.766113
13,"mobileOG_000288401|clpA|WP_002896522.1|phage|infection,regulation|Plasmid RefSeq|Homology",NODE_1_length_995615_cov_45.766113_422 # 437515 # 439794 # 1 # ID=1_422;partial=00;start_type=ATG;rbs_motif=GGAGG;rbs_spacer=5-10bp;gc_cont=0.612,90.9,1334,759,0.0,760,1,756,1,754,mobileOG_000288401,clpA,WP_002896522.1,phage,"infection,regulation",Plasmid RefSeq,Homology,NODE_1_length_995615_cov_45.766113_422, 437515 # 439794 # 1 , 437515,439794,1 ,1_422,1,422,00,ATG,GGAGG,5-10bp,0.612,NODE_1_length_995615_cov_45.766113,mobileOG_000288401_NODE_1_length_995615_cov_45.766113
14,"mobileOG_000021815|clpA|A0A5R8T0B6|phage|infection,regulation|GPD|Manual",NODE_1_length_995615_cov_45.766113_422 # 437515 # 439794 # 1 # ID=1_422;partial=00;start_type=ATG;rbs_motif=GGAGG;rbs_spacer=5-10bp;gc_cont=0.612,90.7,1333,758,0.0,760,1,755,1,754,mobileOG_000021815,clpA,A0A5R8T0B6,phage,"infection,regulation",GPD,Manual,NODE_1_length_995615_cov_45.766113_422, 437515 # 439794 # 1 , 437515,439794,1 ,1_422,1,422,00,ATG,GGAGG,5-10bp,0.612,NODE_1_length_995615_cov_45.766113,mobileOG_000021815_NODE_1_length_995615_cov_45.766113
15,"mobileOG_000288430|clpA|WP_006809407.1|phage|infection,regulation|Plasmid RefSeq|Homology",NODE_1_length_995615_cov_45.766113_422 # 437515 # 439794 # 1 # ID=1_422;partial=00;start_type=ATG;rbs_motif=GGAGG;rbs_spacer=5-10bp;gc_cont=0.612,90.6,1332,759,0.0,760,1,756,1,754,mobileOG_000288430,clpA,WP_006809407.1,phage,"infection,regulation",Plasmid RefSeq,Homology,NODE_1_length_995615_cov_45.766113_422, 437515 # 439794 # 1 , 437515,439794,1 ,1_422,1,422,00,ATG,GGAGG,5-10bp,0.612,NODE_1_length_995615_cov_45.766113,mobileOG_000288430_NODE_1_length_995615_cov_45.766113
16,mobileOG_000282809|rarA|WP_072055887.1|replication/recombination/repair|NA|Plasmid RefSeq|Homology,NODE_1_length_995615_cov_45.766113_431 # 451566 # 452912 # 1 # ID=1_431;partial=00;start_type=GTG;rbs_motif=GGAG/GAGG;rbs_spacer=5-10bp;gc_cont=0.644,98.8,833,428,8.69e-307,449,1,428,21,448,mobileOG_000282809,rarA,WP_072055887.1,replication/recombination/repair,NA,Plasmid RefSeq,Homology,NODE_1_length_995615_cov_45.766113_431, 451566 # 452912 # 1 , 451566,452912,1 ,1_431,1,431,00,GTG,GGAG/GAGG,5-10bp,0.644,NODE_1_length_995615_cov_45.766113,mobileOG_000282809_NODE_1_length_995615_cov_45.766113
17,mobileOG_000288172|rarA|WP_101456548.1|replication/recombination/repair|NA|Plasmid RefSeq|Homology,NODE_1_length_995615_cov_45.766113_431 # 451566 # 452912 # 1 # ID=1_431;partial=00;start_type=GTG;rbs_motif=GGAG/GAGG;rbs_spacer=5-10bp;gc_cont=0.644,98.6,833,428,1.75e-306,449,1,428,21,448,mobileOG_000288172,rarA,WP_101456548.1,replication/recombination/repair,NA,Plasmid RefSeq,Homology,NODE_1_length_995615_cov_45.766113_431, 451566 # 452912 # 1 , 451566,452912,1 ,1_431,1,431,00,GTG,GGAG/GAGG,5-10bp,0.644,NODE_1_length_995615_cov_45.766113,mobileOG_000288172_NODE_1_length_995615_cov_45.766113
18,"mobileOG_000026493|ihfB|P23303|integration/excision|regulation,lysis/lysogeny|Plasmid RefSeq|Manual",NODE_1_length_995615_cov_45.766113_444 # 469395 # 469679 # 1 # ID=1_444;partial=00;start_type=ATG;rbs_motif=GGAGG;rbs_spacer=3-4bp;gc_cont=0.540,100,193,94,7.10e-65,95,1,94,1,94,mobileOG_000026493,ihfB,P23303,integration/excision,"regulation,lysis/lysogeny",Plasmid RefSeq,Manual,NODE_1_length_995615_cov_45.766113_444, 469395 # 469679 # 1 , 469395,469679,1 ,1_444,1,444,00,ATG,GGAGG,3-4bp,0.540,NODE_1_length_995615_cov_45.766113,mobileOG_000026493_NODE_1_length_995615_cov_45.766113
19,"mobileOG_000025715|ihfB|WP_002898165.1|integration/excision|regulation,lysis/lysogeny|Plasmid RefSeq|Manual",NODE_1_length_995615_cov_45.766113_444 # 469395 # 469679 # 1 # ID=1_444;partial=00;start_type=ATG;rbs_motif=GGAGG;rbs_spacer=3-4bp;gc_cont=0.540,94.6,183,95,6.80e-61,95,1,93,1,93,mobileOG_000025715,ihfB,WP_002898165.1,integration/excision,"regulation,lysis/lysogeny",Plasmid RefSeq,Manual,NODE_1_length_995615_cov_45.766113_444, 469395 # 469679 # 1 , 469395,469679,1 ,1_444,1,444,00,ATG,GGAGG,3-4bp,0.540,NODE_1_length_995615_cov_45.766113,mobileOG_000025715_NODE_1_length_995615_cov_45.766113
20,"mobileOG_000026072|ihfB|A6T704|integration/excision|regulation,lysis/lysogeny|Plasmid RefSeq|Manual",NODE_1_length_995615_cov_45.766113_444 # 469395 # 469679 # 1 # ID=1_444;partial=00;start_type=ATG;rbs_motif=GGAGG;rbs_spacer=3-4bp;gc_cont=0.540,94.6,183,95,6.80e-61,95,1,93,1,93,mobileOG_000026072,ihfB,A6T704,integration/excision,"regulation,lysis/lysogeny",Plasmid RefSeq,Manual,NODE_1_length_995615_cov_45.766113_444, 469395 # 469679 # 1 , 469395,469679,1 ,1_444,1,444,00,ATG,GGAGG,3-4bp,0.540,NODE_1_length_995615_cov_45.766113,mobileOG_000026072_NODE_1_length_995615_cov_45.766113
21,mobileOG_000331284|ihfB|WP_003858233.1|integration/excision|NA|Plasmid RefSeq|Homology,NODE_1_length_995615_cov_45.766113_444 # 469395 # 469679 # 1 # ID=1_444;partial=00;start_type=ATG;rbs_motif=GGAGG;rbs_spacer=3-4bp;gc_cont=0.540,93.6,183,95,6.80e-61,95,1,94,1,94,mobileOG_000331284,ihfB,WP_003858233.1,integration/excision,NA,Plasmid RefSeq,Homology,NODE_1_length_995615_cov_45.766113_444, 469395 # 469679 # 1 , 469395,469679,1 ,1_444,1,444,00,ATG,GGAGG,3-4bp,0.540,NODE_1_length_995615_cov_45.766113,mobileOG_000331284_NODE_1_length_995615_cov_45.766113
22,mobileOG_000336293|mukF|WP_004928228.1|replication/recombination/repair|partitioning|Plasmid RefSeq|Homology,NODE_1_length_995615_cov_45.766113_457 # 482909 # 484231 # 1 # ID=1_457;partial=00;start_type=ATG;rbs_motif=AGGA;rbs_spacer=5-10bp;gc_cont=0.586,99.8,860,440,4.25e-317,441,1,440,1,440,mobileOG_000336293,mukF,WP_004928228.1,replication/recombination/repair,partitioning,Plasmid RefSeq,Homology,NODE_1_length_995615_cov_45.766113_457, 482909 # 484231 # 1 , 482909,484231,1 ,1_457,1,457,00,ATG,AGGA,5-10bp,0.586,NODE_1_length_995615_cov_45.766113,mobileOG_000336293_NODE_1_length_995615_cov_45.766113
23,"mobileOG_000353630|mukB|WP_089196851.1|replication/recombination/repair|transfer,partitioning|Plasmid RefSeq|Homology",NODE_1_length_995615_cov_45.766113_459 # 484937 # 489385 # 1 # ID=1_459;partial=00;start_type=ATG;rbs_motif=GGAG/GAGG;rbs_spacer=5-10bp;gc_cont=0.628,99.5,2627,1482,0.0,1483,1,1482,1,1482,mobileOG_000353630,mukB,WP_089196851.1,replication/recombination/repair,"transfer,partitioning",Plasmid RefSeq,Homology,NODE_1_length_995615_cov_45.766113_459, 484937 # 489385 # 1 , 484937,489385,1 ,1_459,1,459,00,ATG,GGAG/GAGG,5-10bp,0.628,NODE_1_length_995615_cov_45.766113,mobileOG_000353630_NODE_1_length_995615_cov_45.766113
24,"mobileOG_000353987|mukB|WP_060428382.1|replication/recombination/repair|transfer,partitioning|Plasmid RefSeq|Homology",NODE_1_length_995615_cov_45.766113_459 # 484937 # 489385 # 1 # ID=1_459;partial=00;start_type=ATG;rbs_motif=GGAG/GAGG;rbs_spacer=5-10bp;gc_cont=0.628,98.9,2612,1482,0.0,1483,1,1482,1,1482,mobileOG_000353987,mukB,WP_060428382.1,replication/recombination/repair,"transfer,partitioning",Plasmid RefSeq,Homology,NODE_1_length_995615_cov_45.766113_459, 484937 # 489385 # 1 , 484937,489385,1 ,1_459,1,459,00,ATG,GGAG/GAGG,5-10bp,0.628,NODE_1_length_995615_cov_45.766113,mobileOG_000353987_NODE_1_length_995615_cov_45.766113
25,mobileOG_000353891|ompA|WP_101456423.1|transfer|conjugation|Plasmid RefSeq|Homology,NODE_1_length_995615_cov_45.766113_487 # 524487 # 525566 # -1 # ID=1_487;partial=00;start_type=ATG;rbs_motif=GGAG/GAGG;rbs_spacer=5-10bp;gc_cont=0.543,98.3,684,356,3.10e-250,360,1,356,1,359,mobileOG_000353891,ompA,WP_101456423.1,transfer,conjugation,Plasmid RefSeq,Homology,NODE_1_length_995615_cov_45.766113_487, 524487 # 525566 # -1 , 524487,525566,-1 ,1_487,1,487,00,ATG,GGAG/GAGG,5-10bp,0.543,NODE_1_length_995615_cov_45.766113,mobileOG_000353891_NODE_1_length_995615_cov_45.766113
26,mobileOG_000353886|ompA|WP_089197682.1|transfer|conjugation|Plasmid RefSeq|Homology,NODE_1_length_995615_cov_45.766113_487 # 524487 # 525566 # -1 # ID=1_487;partial=00;start_type=ATG;rbs_motif=GGAG/GAGG;rbs_spacer=5-10bp;gc_cont=0.543,95.3,675,360,1.15e-246,360,1,360,1,359,mobileOG_000353886,ompA,WP_089197682.1,transfer,conjugation,Plasmid RefSeq,Homology,NODE_1_length_995615_cov_45.766113_487, 524487 # 525566 # -1 , 524487,525566,-1 ,1_487,1,487,00,ATG,GGAG/GAGG,5-10bp,0.543,NODE_1_length_995615_cov_45.766113,mobileOG_000353886_NODE_1_length_995615_cov_45.766113
27,mobileOG_000301576|nuc|WP_015377376.1|transfer|conjugation|Plasmid RefSeq|Homology,NODE_1_length_995615_cov_45.766113_512 # 550386 # 551186 # -1 # ID=1_512;partial=00;start_type=ATG;rbs_motif=GGAG/GAGG;rbs_spacer=5-10bp;gc_cont=0.615,100,538,266,1.06e-195,267,1,266,1,266,mobileOG_000301576,nuc,WP_015377376.1,transfer,conjugation,Plasmid RefSeq,Homology,NODE_1_length_995615_cov_45.766113_512, 550386 # 551186 # -1 , 550386,551186,-1 ,1_512,1,512,00,ATG,GGAG/GAGG,5-10bp,0.615,NODE_1_length_995615_cov_45.766113,mobileOG_000301576_NODE_1_length_995615_cov_45.766113
28,mobileOG_000308880|nuc|WP_101453305.1|transfer|conjugation|Plasmid RefSeq|Homology,NODE_1_length_995615_cov_45.766113_512 # 550386 # 551186 # -1 # ID=1_512;partial=00;start_type=ATG;rbs_motif=GGAG/GAGG;rbs_spacer=5-10bp;gc_cont=0.615,98.9,533,266,1.02e-193,267,1,266,1,266,mobileOG_000308880,nuc,WP_101453305.1,transfer,conjugation,Plasmid RefSeq,Homology,NODE_1_length_995615_cov_45.766113_512, 550386 # 551186 # -1 , 550386,551186,-1 ,1_512,1,512,00,ATG,GGAG/GAGG,5-10bp,0.615,NODE_1_length_995615_cov_45.766113,mobileOG_000308880_NODE_1_length_995615_cov_45.766113
29,mobileOG_000332738|uvrC|WP_033637959.1|replication/recombination/repair|NA|Plasmid RefSeq|Homology,NODE_1_length_995615_cov_45.766113_550 # 586527 # 588359 # 1 # ID=1_550;partial=00;start_type=GTG;rbs_motif=4Base/6BMM;rbs_spacer=13-15bp;gc_cont=0.561,99.8,1193,610,0.0,611,1,610,1,610,mobileOG_000332738,uvrC,WP_033637959.1,replication/recombination/repair,NA,Plasmid RefSeq,Homology,NODE_1_length_995615_cov_45.766113_550, 586527 # 588359 # 1 , 586527,588359,1 ,1_550,1,550,00,GTG,4Base/6BMM,13-15bp,0.561,NODE_1_length_995615_cov_45.766113,mobileOG_000332738_NODE_1_length_995615_cov_45.766113
30,mobileOG_000335625|uvrC|WP_089194526.1|replication/recombination/repair|NA|Plasmid RefSeq|Homology,NODE_1_length_995615_cov_45.766113_550 # 586527 # 588359 # 1 # ID=1_550;partial=00;start_type=GTG;rbs_motif=4Base/6BMM;rbs_spacer=13-15bp;gc_cont=0.561,99.0,1184,610,0.0,611,1,610,1,610,mobileOG_000335625,uvrC,WP_089194526.1,replication/recombination/repair,NA,Plasmid RefSeq,Homology,NODE_1_length_995615_cov_45.766113_550, 586527 # 588359 # 1 , 586527,588359,1 ,1_550,1,550,00,GTG,4Base/6BMM,13-15bp,0.561,NODE_1_length_995615_cov_45.766113,mobileOG_000335625_NODE_1_length_995615_cov_45.766113
31,mobileOG_000599752|NA:Keyword|A0A164D4F7|transfer|partitioning|GPD|Keyword Search,NODE_1_length_995615_cov_45.766113_566 # 596353 # 597138 # -1 # ID=1_566;partial=00;start_type=ATG;rbs_motif=GGAG/GAGG;rbs_spacer=5-10bp;gc_cont=0.565,95.8,479,261,1.52e-172,262,1,261,1,261,mobileOG_000599752,NA:Keyword,A0A164D4F7,transfer,partitioning,GPD,Keyword Search,NODE_1_length_995615_cov_45.766113_566, 596353 # 597138 # -1 , 596353,597138,-1 ,1_566,1,566,00,ATG,GGAG/GAGG,5-10bp,0.565,NODE_1_length_995615_cov_45.766113,mobileOG_000599752_NODE_1_length_995615_cov_45.766113
32,mobileOG_000596585|NA:Keyword|A0A164D4F7|transfer|partitioning|GPD|Keyword Search,NODE_1_length_995615_cov_45.766113_566 # 596353 # 597138 # -1 # ID=1_566;partial=00;start_type=ATG;rbs_motif=GGAG/GAGG;rbs_spacer=5-10bp;gc_cont=0.565,95.8,478,261,6.17e-172,262,1,260,1,260,mobileOG_000596585,NA:Keyword,A0A164D4F7,transfer,partitioning,GPD,Keyword Search,NODE_1_length_995615_cov_45.766113_566, 596353 # 597138 # -1 , 596353,597138,-1 ,1_566,1,566,00,ATG,GGAG/GAGG,5-10bp,0.565,NODE_1_length_995615_cov_45.766113,mobileOG_000596585_NODE_1_length_995615_cov_45.766113
33,mobileOG_000555572|NA:Keyword|A0A164D4F7|transfer|partitioning|GPD|Keyword Search,NODE_1_length_995615_cov_45.766113_566 # 596353 # 597138 # -1 # ID=1_566;partial=00;start_type=ATG;rbs_motif=GGAG/GAGG;rbs_spacer=5-10bp;gc_cont=0.565,92.0,457,261,1.05e-163,262,1,261,1,261,mobileOG_000555572,NA:Keyword,A0A164D4F7,transfer,partitioning,GPD,Keyword Search,NODE_1_length_995615_cov_45.766113_566, 596353 # 597138 # -1 , 596353,597138,-1 ,1_566,1,566,00,ATG,GGAG/GAGG,5-10bp,0.565,NODE_1_length_995615_cov_45.766113,mobileOG_000555572_NODE_1_length_995615_cov_45.766113
34,"mobileOG_000557498|NA:Keyword|WP_101453468.1|replication/recombination/repair|initiation,copy number control,plasmid|GPD|Keyword Search",NODE_1_length_995615_cov_45.766113_576 # 603198 # 603920 # 1 # ID=1_576;partial=00;start_type=ATG;rbs_motif=GGAG/GAGG;rbs_spacer=5-10bp;gc_cont=0.555,98.8,474,240,2.89e-171,241,1,240,1,240,mobileOG_000557498,NA:Keyword,WP_101453468.1,replication/recombination/repair,"initiation,copy number control,plasmid",GPD,Keyword Search,NODE_1_length_995615_cov_45.766113_576, 603198 # 603920 # 1 , 603198,603920,1 ,1_576,1,576,00,ATG,GGAG/GAGG,5-10bp,0.555,NODE_1_length_995615_cov_45.766113,mobileOG_000557498_NODE_1_length_995615_cov_45.766113
35,"mobileOG_000745155|NA:Keyword|WP_101453468.1|replication/recombination/repair|initiation,copy number control,plasmid|Plasmid RefSeq|Keyword Search",NODE_1_length_995615_cov_45.766113_576 # 603198 # 603920 # 1 # ID=1_576;partial=00;start_type=ATG;rbs_motif=GGAG/GAGG;rbs_spacer=5-10bp;gc_cont=0.555,96.7,468,240,1.13e-168,241,1,240,1,240,mobileOG_000745155,NA:Keyword,WP_101453468.1,replication/recombination/repair,"initiation,copy number control,plasmid",Plasmid RefSeq,Keyword Search,NODE_1_length_995615_cov_45.766113_576, 603198 # 603920 # 1 , 603198,603920,1 ,1_576,1,576,00,ATG,GGAG/GAGG,5-10bp,0.555,NODE_1_length_995615_cov_45.766113,mobileOG_000745155_NODE_1_length_995615_cov_45.766113
36,"mobileOG_000745159|NA:Keyword|WP_101456390.1|replication/recombination/repair|initiation,copy number control,plasmid|Plasmid RefSeq|Keyword Search",NODE_1_length_995615_cov_45.766113_576 # 603198 # 603920 # 1 # ID=1_576;partial=00;start_type=ATG;rbs_motif=GGAG/GAGG;rbs_spacer=5-10bp;gc_cont=0.555,91.7,441,239,3.59e-158,241,1,239,1,240,mobileOG_000745159,NA:Keyword,WP_101456390.1,replication/recombination/repair,"initiation,copy number control,plasmid",Plasmid RefSeq,Keyword Search,NODE_1_length_995615_cov_45.766113_576, 603198 # 603920 # 1 , 603198,603920,1 ,1_576,1,576,00,ATG,GGAG/GAGG,5-10bp,0.555,NODE_1_length_995615_cov_45.766113,mobileOG_000745159_NODE_1_length_995615_cov_45.766113
37,mobileOG_000243082|dam|A0A0P0QEL7|stability/transfer/defense|NA|GPD|Homology,NODE_1_length_995615_cov_45.766113_579 # 604485 # 605030 # 1 # ID=1_579;partial=00;start_type=ATG;rbs_motif=GGAG/GAGG;rbs_spacer=5-10bp;gc_cont=0.522,100,377,181,5.85e-135,182,1,181,1,181,mobileOG_000243082,dam,A0A0P0QEL7,stability/transfer/defense,NA,GPD,Homology,NODE_1_length_995615_cov_45.766113_579, 604485 # 605030 # 1 , 604485,605030,1 ,1_579,1,579,00,ATG,GGAG/GAGG,5-10bp,0.522,NODE_1_length_995615_cov_45.766113,mobileOG_000243082_NODE_1_length_995615_cov_45.766113
38,mobileOG_000243083|rusA_1|WP_101453464.1|replication/recombination/repair|NA|GPD|Homology,NODE_1_length_995615_cov_45.766113_580 # 605027 # 605410 # 1 # ID=1_580;partial=00;start_type=ATG;rbs_motif=GGAG/GAGG;rbs_spacer=5-10bp;gc_cont=0.560,96.9,259,127,6.60e-90,128,1,127,1,127,mobileOG_000243083,rusA_1,WP_101453464.1,replication/recombination/repair,NA,GPD,Homology,NODE_1_length_995615_cov_45.766113_580, 605027 # 605410 # 1 , 605027,605410,1 ,1_580,1,580,00,ATG,GGAG/GAGG,5-10bp,0.560,NODE_1_length_995615_cov_45.766113,mobileOG_000243083_NODE_1_length_995615_cov_45.766113
39,mobileOG_000358971|rusA_1|WP_101453464.1|replication/recombination/repair|NA|Plasmid RefSeq|Homology,NODE_1_length_995615_cov_45.766113_580 # 605027 # 605410 # 1 # ID=1_580;partial=00;start_type=ATG;rbs_motif=GGAG/GAGG;rbs_spacer=5-10bp;gc_cont=0.560,96.1,259,127,9.38e-90,128,1,127,1,127,mobileOG_000358971,rusA_1,WP_101453464.1,replication/recombination/repair,NA,Plasmid RefSeq,Homology,NODE_1_length_995615_cov_45.766113_580, 605027 # 605410 # 1 , 605027,605410,1 ,1_580,1,580,00,ATG,GGAG/GAGG,5-10bp,0.560,NODE_1_length_995615_cov_45.766113,mobileOG_000358971_NODE_1_length_995615_cov_45.766113
40,mobileOG_000163080|rusA_1|A0A168KH20|replication/recombination/repair|NA|GPD|Homology,NODE_1_length_995615_cov_45.766113_580 # 605027 # 605410 # 1 # ID=1_580;partial=00;start_type=ATG;rbs_motif=GGAG/GAGG;rbs_spacer=5-10bp;gc_cont=0.560,96.1,256,127,1.10e-88,128,1,127,1,127,mobileOG_000163080,rusA_1,A0A168KH20,replication/recombination/repair,NA,GPD,Homology,NODE_1_length_995615_cov_45.766113_580, 605027 # 605410 # 1 , 605027,605410,1 ,1_580,1,580,00,ATG,GGAG/GAGG,5-10bp,0.560,NODE_1_length_995615_cov_45.766113,mobileOG_000163080_NODE_1_length_995615_cov_45.766113
41,"mobileOG_000243084|quuD|A0A164D4P7|phage|infection,regulation|GPD|Homology",NODE_1_length_995615_cov_45.766113_583 # 607378 # 607806 # 1 # ID=1_583;partial=00;start_type=ATG;rbs_motif=GGAG/GAGG;rbs_spacer=5-10bp;gc_cont=0.492,100,292,142,2.20e-102,143,1,142,1,142,mobileOG_000243084,quuD,A0A164D4P7,phage,"infection,regulation",GPD,Homology,NODE_1_length_995615_cov_45.766113_583, 607378 # 607806 # 1 , 607378,607806,1 ,1_583,1,583,00,ATG,GGAG/GAGG,5-10bp,0.492,NODE_1_length_995615_cov_45.766113,mobileOG_000243084_NODE_1_length_995615_cov_45.766113
42,"mobileOG_000163081|quuD|A0A164D4P7|phage|infection,regulation|GPD|Homology",NODE_1_length_995615_cov_45.766113_583 # 607378 # 607806 # 1 # ID=1_583;partial=00;start_type=ATG;rbs_motif=GGAG/GAGG;rbs_spacer=5-10bp;gc_cont=0.492,96.5,285,142,8.61e-100,143,1,142,1,142,mobileOG_000163081,quuD,A0A164D4P7,phage,"infection,regulation",GPD,Homology,NODE_1_length_995615_cov_45.766113_583, 607378 # 607806 # 1 , 607378,607806,1 ,1_583,1,583,00,ATG,GGAG/GAGG,5-10bp,0.492,NODE_1_length_995615_cov_45.766113,mobileOG_000163081_NODE_1_length_995615_cov_45.766113
43,"mobileOG_000243120|quuD|A0A221FNR9|phage|infection,regulation|GPD|Homology",NODE_1_length_995615_cov_45.766113_583 # 607378 # 607806 # 1 # ID=1_583;partial=00;start_type=ATG;rbs_motif=GGAG/GAGG;rbs_spacer=5-10bp;gc_cont=0.492,92.3,272,142,1.32e-94,143,1,142,1,142,mobileOG_000243120,quuD,A0A221FNR9,phage,"infection,regulation",GPD,Homology,NODE_1_length_995615_cov_45.766113_583, 607378 # 607806 # 1 , 607378,607806,1 ,1_583,1,583,00,ATG,GGAG/GAGG,5-10bp,0.492,NODE_1_length_995615_cov_45.766113,mobileOG_000243120_NODE_1_length_995615_cov_45.766113
44,mobileOG_000745052|NA:Keyword|WP_060420190.1|phage|NA|Plasmid RefSeq|Keyword Search,NODE_1_length_995615_cov_45.766113_592 # 612432 # 614411 # 1 # ID=1_592;partial=00;start_type=ATG;rbs_motif=AGGAG/GGAGG;rbs_spacer=11-12bp;gc_cont=0.560,99.7,1353,659,0.0,660,1,659,1,659,mobileOG_000745052,NA:Keyword,WP_060420190.1,phage,NA,Plasmid RefSeq,Keyword Search,NODE_1_length_995615_cov_45.766113_592, 612432 # 614411 # 1 , 612432,614411,1 ,1_592,1,592,00,ATG,AGGAG/GGAGG,11-12bp,0.560,NODE_1_length_995615_cov_45.766113,mobileOG_000745052_NODE_1_length_995615_cov_45.766113
45,mobileOG_000682953|NA:Keyword|A0A542C4B8|phage|NA|GPD|Keyword Search,NODE_1_length_995615_cov_45.766113_592 # 612432 # 614411 # 1 # ID=1_592;partial=00;start_type=ATG;rbs_motif=AGGAG/GGAGG;rbs_spacer=11-12bp;gc_cont=0.560,99.7,1352,659,0.0,660,1,659,1,659,mobileOG_000682953,NA:Keyword,A0A542C4B8,phage,NA,GPD,Keyword Search,NODE_1_length_995615_cov_45.766113_592, 612432 # 614411 # 1 , 612432,614411,1 ,1_592,1,592,00,ATG,AGGAG/GGAGG,11-12bp,0.560,NODE_1_length_995615_cov_45.766113,mobileOG_000682953_NODE_1_length_995615_cov_45.766113
46,mobileOG_000683126|NA:Keyword|A0A542C4B8|phage|NA|GPD|Keyword Search,NODE_1_length_995615_cov_45.766113_592 # 612432 # 614411 # 1 # ID=1_592;partial=00;start_type=ATG;rbs_motif=AGGAG/GGAGG;rbs_spacer=11-12bp;gc_cont=0.560,99.2,1348,659,0.0,660,1,659,1,659,mobileOG_000683126,NA:Keyword,A0A542C4B8,phage,NA,GPD,Keyword Search,NODE_1_length_995615_cov_45.766113_592, 612432 # 614411 # 1 , 612432,614411,1 ,1_592,1,592,00,ATG,AGGAG/GGAGG,11-12bp,0.560,NODE_1_length_995615_cov_45.766113,mobileOG_000683126_NODE_1_length_995615_cov_45.766113
47,mobileOG_000747274|NA:Keyword|WP_060420187.1|phage|NA|Multiple|Keyword Search,NODE_1_length_995615_cov_45.766113_593 # 614420 # 614683 # 1 # ID=1_593;partial=00;start_type=ATG;rbs_motif=AGGA;rbs_spacer=5-10bp;gc_cont=0.576,100,166,87,4.16e-54,88,1,87,1,87,mobileOG_000747274,NA:Keyword,WP_060420187.1,phage,NA,Multiple,Keyword Search,NODE_1_length_995615_cov_45.766113_593, 614420 # 614683 # 1 , 614420,614683,1 ,1_593,1,593,00,ATG,AGGA,5-10bp,0.576,NODE_1_length_995615_cov_45.766113,mobileOG_000747274_NODE_1_length_995615_cov_45.766113
48,mobileOG_000682954|NA:Keyword|WP_060420187.1|phage|NA|GPD|Keyword Search,NODE_1_length_995615_cov_45.766113_593 # 614420 # 614683 # 1 # ID=1_593;partial=00;start_type=ATG;rbs_motif=AGGA;rbs_spacer=5-10bp;gc_cont=0.576,98.9,164,87,1.19e-53,88,1,87,1,87,mobileOG_000682954,NA:Keyword,WP_060420187.1,phage,NA,GPD,Keyword Search,NODE_1_length_995615_cov_45.766113_593, 614420 # 614683 # 1 , 614420,614683,1 ,1_593,1,593,00,ATG,AGGA,5-10bp,0.576,NODE_1_length_995615_cov_45.766113,mobileOG_000682954_NODE_1_length_995615_cov_45.766113
49,mobileOG_000683127|NA:Keyword|WP_080431123.1|phage|NA|GPD|Keyword Search,NODE_1_length_995615_cov_45.766113_594 # 614683 # 616326 # 1 # ID=1_594;partial=00;start_type=ATG;rbs_motif=AGGA/GGAG/GAGG;rbs_spacer=11-12bp;gc_cont=0.569,99.6,1121,547,0.0,548,1,547,1,547,mobileOG_000683127,NA:Keyword,WP_080431123.1,phage,NA,GPD,Keyword Search,NODE_1_length_995615_cov_45.766113_594, 614683 # 616326 # 1 , 614683,616326,1 ,1_594,1,594,00,ATG,AGGA/GGAG/GAGG,11-12bp,0.569,NODE_1_length_995615_cov_45.766113,mobileOG_000683127_NODE_1_length_995615_cov_45.766113
50,mobileOG_000682955|NA:Keyword|WP_080431123.1|phage|NA|GPD|Keyword Search,NODE_1_length_995615_cov_45.766113_594 # 614683 # 616326 # 1 # ID=1_594;partial=00;start_type=ATG;rbs_motif=AGGA/GGAG/GAGG;rbs_spacer=11-12bp;gc_cont=0.569,99.1,1117,547,0.0,548,1,547,1,547,mobileOG_000682955,NA:Keyword,WP_080431123.1,phage,NA,GPD,Keyword Search,NODE_1_length_995615_cov_45.766113_594, 614683 # 616326 # 1 , 614683,616326,1 ,1_594,1,594,00,ATG,AGGA/GGAG/GAGG,11-12bp,0.569,NODE_1_length_995615_cov_45.766113,mobileOG_000682955_NODE_1_length_995615_cov_45.766113
51,mobileOG_000243308|sohB_1|A0A542C4D0|phage|structural|GPD|Homology,NODE_1_length_995615_cov_45.766113_595 # 616323 # 617183 # 1 # ID=1_595;partial=00;start_type=GTG;rbs_motif=GGAGG;rbs_spacer=3-4bp;gc_cont=0.566,99.7,563,286,6.14e-205,287,1,286,1,286,mobileOG_000243308,sohB_1,A0A542C4D0,phage,structural,GPD,Homology,NODE_1_length_995615_cov_45.766113_595, 616323 # 617183 # 1 , 616323,617183,1 ,1_595,1,595,00,GTG,GGAGG,3-4bp,0.566,NODE_1_length_995615_cov_45.766113,mobileOG_000243308_NODE_1_length_995615_cov_45.766113
52,mobileOG_000308756|sohB_1|WP_060420181.1|phage|structural|Plasmid RefSeq|Homology,NODE_1_length_995615_cov_45.766113_595 # 616323 # 617183 # 1 # ID=1_595;partial=00;start_type=GTG;rbs_motif=GGAGG;rbs_spacer=3-4bp;gc_cont=0.566,99.7,560,286,7.17e-204,287,1,286,1,286,mobileOG_000308756,sohB_1,WP_060420181.1,phage,structural,Plasmid RefSeq,Homology,NODE_1_length_995615_cov_45.766113_595, 616323 # 617183 # 1 , 616323,617183,1 ,1_595,1,595,00,GTG,GGAGG,3-4bp,0.566,NODE_1_length_995615_cov_45.766113,mobileOG_000308756_NODE_1_length_995615_cov_45.766113
53,mobileOG_000243122|sohB_1|A0A542C4D0|phage|structural|GPD|Homology,NODE_1_length_995615_cov_45.766113_595 # 616323 # 617183 # 1 # ID=1_595;partial=00;start_type=GTG;rbs_motif=GGAGG;rbs_spacer=3-4bp;gc_cont=0.566,99.3,560,286,1.45e-203,287,1,286,1,286,mobileOG_000243122,sohB_1,A0A542C4D0,phage,structural,GPD,Homology,NODE_1_length_995615_cov_45.766113_595, 616323 # 617183 # 1 , 616323,617183,1 ,1_595,1,595,00,GTG,GGAGG,3-4bp,0.566,NODE_1_length_995615_cov_45.766113,mobileOG_000243122_NODE_1_length_995615_cov_45.766113
54,mobileOG_000683128|NA:Keyword|A0A542C495|phage|NA|GPD|Keyword Search,NODE_1_length_995615_cov_45.766113_597 # 617786 # 618187 # 1 # ID=1_597;partial=00;start_type=ATG;rbs_motif=GGAG/GAGG;rbs_spacer=5-10bp;gc_cont=0.552,100,261,133,2.54e-90,134,1,133,1,133,mobileOG_000683128,NA:Keyword,A0A542C495,phage,NA,GPD,Keyword Search,NODE_1_length_995615_cov_45.766113_597, 617786 # 618187 # 1 , 617786,618187,1 ,1_597,1,597,00,ATG,GGAG/GAGG,5-10bp,0.552,NODE_1_length_995615_cov_45.766113,mobileOG_000683128_NODE_1_length_995615_cov_45.766113
55,mobileOG_000682956|NA:Keyword|A0A542C495|phage|NA|GPD|Keyword Search,NODE_1_length_995615_cov_45.766113_597 # 617786 # 618187 # 1 # ID=1_597;partial=00;start_type=ATG;rbs_motif=GGAG/GAGG;rbs_spacer=5-10bp;gc_cont=0.552,99.2,258,133,2.09e-89,134,1,133,1,133,mobileOG_000682956,NA:Keyword,A0A542C495,phage,NA,GPD,Keyword Search,NODE_1_length_995615_cov_45.766113_597, 617786 # 618187 # 1 , 617786,618187,1 ,1_597,1,597,00,ATG,GGAG/GAGG,5-10bp,0.552,NODE_1_length_995615_cov_45.766113,mobileOG_000682956_NODE_1_length_995615_cov_45.766113
56,mobileOG_000738461|NA:Keyword|WP_060420172.1|phage|NA|Plasmid RefSeq|Keyword Search,NODE_1_length_995615_cov_45.766113_598 # 618289 # 619338 # 1 # ID=1_598;partial=00;start_type=ATG;rbs_motif=GGA/GAG/AGG;rbs_spacer=5-10bp;gc_cont=0.537,97.7,693,349,3.50e-254,350,1,349,1,349,mobileOG_000738461,NA:Keyword,WP_060420172.1,phage,NA,Plasmid RefSeq,Keyword Search,NODE_1_length_995615_cov_45.766113_598, 618289 # 619338 # 1 , 618289,619338,1 ,1_598,1,598,00,ATG,GGA/GAG/AGG,5-10bp,0.537,NODE_1_length_995615_cov_45.766113,mobileOG_000738461_NODE_1_length_995615_cov_45.766113
57,mobileOG_000683129|NA:Keyword|WP_060420172.1|phage|NA|GPD|Keyword Search,NODE_1_length_995615_cov_45.766113_598 # 618289 # 619338 # 1 # ID=1_598;partial=00;start_type=ATG;rbs_motif=GGA/GAG/AGG;rbs_spacer=5-10bp;gc_cont=0.537,97.4,692,349,4.97e-254,350,1,349,1,349,mobileOG_000683129,NA:Keyword,WP_060420172.1,phage,NA,GPD,Keyword Search,NODE_1_length_995615_cov_45.766113_598, 618289 # 619338 # 1 , 618289,619338,1 ,1_598,1,598,00,ATG,GGA/GAG/AGG,5-10bp,0.537,NODE_1_length_995615_cov_45.766113,mobileOG_000683129_NODE_1_length_995615_cov_45.766113
58,mobileOG_000540776|NA:Keyword|A0A2H4TYW6|phage|NA|GPD|Keyword Search,NODE_1_length_995615_cov_45.766113_598 # 618289 # 619338 # 1 # ID=1_598;partial=00;start_type=ATG;rbs_motif=GGA/GAG/AGG;rbs_spacer=5-10bp;gc_cont=0.537,92.8,663,349,1.91e-242,350,1,349,1,349,mobileOG_000540776,NA:Keyword,A0A2H4TYW6,phage,NA,GPD,Keyword Search,NODE_1_length_995615_cov_45.766113_598, 618289 # 619338 # 1 , 618289,619338,1 ,1_598,1,598,00,ATG,GGA/GAG/AGG,5-10bp,0.537,NODE_1_length_995615_cov_45.766113,mobileOG_000540776_NODE_1_length_995615_cov_45.766113
59,mobileOG_000612893|NA:Keyword|A0A509CE19|phage|NA|GPD|Keyword Search,NODE_1_length_995615_cov_45.766113_598 # 618289 # 619338 # 1 # ID=1_598;partial=00;start_type=ATG;rbs_motif=GGA/GAG/AGG;rbs_spacer=5-10bp;gc_cont=0.537,91.7,662,349,5.47e-242,350,1,349,1,349,mobileOG_000612893,NA:Keyword,A0A509CE19,phage,NA,GPD,Keyword Search,NODE_1_length_995615_cov_45.766113_598, 618289 # 619338 # 1 , 618289,619338,1 ,1_598,1,598,00,ATG,GGA/GAG/AGG,5-10bp,0.537,NODE_1_length_995615_cov_45.766113,mobileOG_000612893_NODE_1_length_995615_cov_45.766113
60,mobileOG_000461837|NA:Keyword|A0A2H4TYW6|phage|NA|GPD|Keyword Search,NODE_1_length_995615_cov_45.766113_598 # 618289 # 619338 # 1 # ID=1_598;partial=00;start_type=ATG;rbs_motif=GGA/GAG/AGG;rbs_spacer=5-10bp;gc_cont=0.537,92.6,662,349,7.77e-242,350,1,349,1,349,mobileOG_000461837,NA:Keyword,A0A2H4TYW6,phage,NA,GPD,Keyword Search,NODE_1_length_995615_cov_45.766113_598, 618289 # 619338 # 1 , 618289,619338,1 ,1_598,1,598,00,ATG,GGA/GAG/AGG,5-10bp,0.537,NODE_1_length_995615_cov_45.766113,mobileOG_000461837_NODE_1_length_995615_cov_45.766113
61,mobileOG_000557283|NA:Keyword|A0A509CE19|phage|NA|GPD|Keyword Search,NODE_1_length_995615_cov_45.766113_598 # 618289 # 619338 # 1 # ID=1_598;partial=00;start_type=ATG;rbs_motif=GGA/GAG/AGG;rbs_spacer=5-10bp;gc_cont=0.537,92.0,662,349,7.77e-242,350,1,349,1,349,mobileOG_000557283,NA:Keyword,A0A509CE19,phage,NA,GPD,Keyword Search,NODE_1_length_995615_cov_45.766113_598, 618289 # 619338 # 1 , 618289,619338,1 ,1_598,1,598,00,ATG,GGA/GAG/AGG,5-10bp,0.537,NODE_1_length_995615_cov_45.766113,mobileOG_000557283_NODE_1_length_995615_cov_45.766113
62,mobileOG_000583872|NA:Keyword|A0A2H4TYW6|phage|NA|GPD|Keyword Search,NODE_1_length_995615_cov_45.766113_598 # 618289 # 619338 # 1 # ID=1_598;partial=00;start_type=ATG;rbs_motif=GGA/GAG/AGG;rbs_spacer=5-10bp;gc_cont=0.537,92.3,662,349,7.77e-242,350,1,349,1,349,mobileOG_000583872,NA:Keyword,A0A2H4TYW6,phage,NA,GPD,Keyword Search,NODE_1_length_995615_cov_45.766113_598, 618289 # 619338 # 1 , 618289,619338,1 ,1_598,1,598,00,ATG,GGA/GAG/AGG,5-10bp,0.537,NODE_1_length_995615_cov_45.766113,mobileOG_000583872_NODE_1_length_995615_cov_45.766113
63,mobileOG_000500957|NA:Keyword|A0A2H4TYW6|phage|NA|GPD|Keyword Search,NODE_1_length_995615_cov_45.766113_598 # 618289 # 619338 # 1 # ID=1_598;partial=00;start_type=ATG;rbs_motif=GGA/GAG/AGG;rbs_spacer=5-10bp;gc_cont=0.537,92.3,661,349,1.57e-241,350,1,349,1,349,mobileOG_000500957,NA:Keyword,A0A2H4TYW6,phage,NA,GPD,Keyword Search,NODE_1_length_995615_cov_45.766113_598, 618289 # 619338 # 1 , 618289,619338,1 ,1_598,1,598,00,ATG,GGA/GAG/AGG,5-10bp,0.537,NODE_1_length_995615_cov_45.766113,mobileOG_000500957_NODE_1_length_995615_cov_45.766113
64,mobileOG_000500590|NA:Keyword|A0A2H4TYW6|phage|NA|GPD|Keyword Search,NODE_1_length_995615_cov_45.766113_598 # 618289 # 619338 # 1 # ID=1_598;partial=00;start_type=ATG;rbs_motif=GGA/GAG/AGG;rbs_spacer=5-10bp;gc_cont=0.537,92.3,660,349,2.23e-241,350,1,349,1,349,mobileOG_000500590,NA:Keyword,A0A2H4TYW6,phage,NA,GPD,Keyword Search,NODE_1_length_995615_cov_45.766113_598, 618289 # 619338 # 1 , 618289,619338,1 ,1_598,1,598,00,ATG,GGA/GAG/AGG,5-10bp,0.537,NODE_1_length_995615_cov_45.766113,mobileOG_000500590_NODE_1_length_995615_cov_45.766113
65,mobileOG_000597166|NA:Keyword|A0A2I8WEM9|phage|NA|GPD|Keyword Search,NODE_1_length_995615_cov_45.766113_598 # 618289 # 619338 # 1 # ID=1_598;partial=00;start_type=ATG;rbs_motif=GGA/GAG/AGG;rbs_spacer=5-10bp;gc_cont=0.537,92.3,660,349,3.16e-241,350,1,349,1,349,mobileOG_000597166,NA:Keyword,A0A2I8WEM9,phage,NA,GPD,Keyword Search,NODE_1_length_995615_cov_45.766113_598, 618289 # 619338 # 1 , 618289,619338,1 ,1_598,1,598,00,ATG,GGA/GAG/AGG,5-10bp,0.537,NODE_1_length_995615_cov_45.766113,mobileOG_000597166_NODE_1_length_995615_cov_45.766113
66,mobileOG_000680264|NA:Keyword|A0A2H4TYW6|phage|NA|GPD|Keyword Search,NODE_1_length_995615_cov_45.766113_598 # 618289 # 619338 # 1 # ID=1_598;partial=00;start_type=ATG;rbs_motif=GGA/GAG/AGG;rbs_spacer=5-10bp;gc_cont=0.537,92.3,660,349,3.16e-241,350,1,349,1,349,mobileOG_000680264,NA:Keyword,A0A2H4TYW6,phage,NA,GPD,Keyword Search,NODE_1_length_995615_cov_45.766113_598, 618289 # 619338 # 1 , 618289,619338,1 ,1_598,1,598,00,ATG,GGA/GAG/AGG,5-10bp,0.537,NODE_1_length_995615_cov_45.766113,mobileOG_000680264_NODE_1_length_995615_cov_45.766113
67,mobileOG_000494349|NA:Keyword|A0A509CE19|phage|NA|GPD|Keyword Search,NODE_1_length_995615_cov_45.766113_598 # 618289 # 619338 # 1 # ID=1_598;partial=00;start_type=ATG;rbs_motif=GGA/GAG/AGG;rbs_spacer=5-10bp;gc_cont=0.537,92.0,660,349,4.49e-241,350,1,349,1,349,mobileOG_000494349,NA:Keyword,A0A509CE19,phage,NA,GPD,Keyword Search,NODE_1_length_995615_cov_45.766113_598, 618289 # 619338 # 1 , 618289,619338,1 ,1_598,1,598,00,ATG,GGA/GAG/AGG,5-10bp,0.537,NODE_1_length_995615_cov_45.766113,mobileOG_000494349_NODE_1_length_995615_cov_45.766113
68,mobileOG_000437228|NA:Keyword|A0A426HIJ5|phage|NA|GPD|Keyword Search,NODE_1_length_995615_cov_45.766113_598 # 618289 # 619338 # 1 # ID=1_598;partial=00;start_type=ATG;rbs_motif=GGA/GAG/AGG;rbs_spacer=5-10bp;gc_cont=0.537,92.3,659,349,9.06e-241,350,1,349,1,349,mobileOG_000437228,NA:Keyword,A0A426HIJ5,phage,NA,GPD,Keyword Search,NODE_1_length_995615_cov_45.766113_598, 618289 # 619338 # 1 , 618289,619338,1 ,1_598,1,598,00,ATG,GGA/GAG/AGG,5-10bp,0.537,NODE_1_length_995615_cov_45.766113,mobileOG_000437228_NODE_1_length_995615_cov_45.766113
69,mobileOG_000597863|NA:Keyword|A0A1D8JRI4|phage|NA|GPD|Keyword Search,NODE_1_length_995615_cov_45.766113_598 # 618289 # 619338 # 1 # ID=1_598;partial=00;start_type=ATG;rbs_motif=GGA/GAG/AGG;rbs_spacer=5-10bp;gc_cont=0.537,92.0,659,349,9.06e-241,350,1,349,1,349,mobileOG_000597863,NA:Keyword,A0A1D8JRI4,phage,NA,GPD,Keyword Search,NODE_1_length_995615_cov_45.766113_598, 618289 # 619338 # 1 , 618289,619338,1 ,1_598,1,598,00,ATG,GGA/GAG/AGG,5-10bp,0.537,NODE_1_length_995615_cov_45.766113,mobileOG_000597863_NODE_1_length_995615_cov_45.766113
70,mobileOG_000600046|NA:Keyword|A0A0D8U0P3|phage|NA|GPD|Keyword Search,NODE_1_length_995615_cov_45.766113_598 # 618289 # 619338 # 1 # ID=1_598;partial=00;start_type=ATG;rbs_motif=GGA/GAG/AGG;rbs_spacer=5-10bp;gc_cont=0.537,92.0,659,349,9.06e-241,350,1,349,1,349,mobileOG_000600046,NA:Keyword,A0A0D8U0P3,phage,NA,GPD,Keyword Search,NODE_1_length_995615_cov_45.766113_598, 618289 # 619338 # 1 , 618289,619338,1 ,1_598,1,598,00,ATG,GGA/GAG/AGG,5-10bp,0.537,NODE_1_length_995615_cov_45.766113,mobileOG_000600046_NODE_1_length_995615_cov_45.766113
71,mobileOG_000243123|yfdO|WP_060420155.1|phage|structural|GPD|Homology,NODE_1_length_995615_cov_45.766113_603 # 620835 # 622340 # 1 # ID=1_603;partial=00;start_type=ATG;rbs_motif=AGGAG;rbs_spacer=5-10bp;gc_cont=0.570,99.0,941,501,0.0,502,1,501,1,501,mobileOG_000243123,yfdO,WP_060420155.1,phage,structural,GPD,Homology,NODE_1_length_995615_cov_45.766113_603, 620835 # 622340 # 1 , 620835,622340,1 ,1_603,1,603,00,ATG,AGGAG,5-10bp,0.570,NODE_1_length_995615_cov_45.766113,mobileOG_000243123_NODE_1_length_995615_cov_45.766113
72,mobileOG_000243309|yfdO|A0A542C486|phage|structural|GPD|Homology,NODE_1_length_995615_cov_45.766113_603 # 620835 # 622340 # 1 # ID=1_603;partial=00;start_type=ATG;rbs_motif=AGGAG;rbs_spacer=5-10bp;gc_cont=0.570,98.6,941,501,0.0,502,1,501,1,501,mobileOG_000243309,yfdO,A0A542C486,phage,structural,GPD,Homology,NODE_1_length_995615_cov_45.766113_603, 620835 # 622340 # 1 , 620835,622340,1 ,1_603,1,603,00,ATG,AGGAG,5-10bp,0.570,NODE_1_length_995615_cov_45.766113,mobileOG_000243309_NODE_1_length_995615_cov_45.766113
73,mobileOG_000377759|yfdO|WP_060420155.1|phage|structural|Plasmid RefSeq|Homology,NODE_1_length_995615_cov_45.766113_603 # 620835 # 622340 # 1 # ID=1_603;partial=00;start_type=ATG;rbs_motif=AGGAG;rbs_spacer=5-10bp;gc_cont=0.570,98.4,939,501,0.0,502,1,501,1,501,mobileOG_000377759,yfdO,WP_060420155.1,phage,structural,Plasmid RefSeq,Homology,NODE_1_length_995615_cov_45.766113_603, 620835 # 622340 # 1 , 620835,622340,1 ,1_603,1,603,00,ATG,AGGAG,5-10bp,0.570,NODE_1_length_995615_cov_45.766113,mobileOG_000377759_NODE_1_length_995615_cov_45.766113
74,mobileOG_000682957|NA:Keyword|A0A542C4I4|phage|NA|GPD|Keyword Search,NODE_1_length_995615_cov_45.766113_604 # 622350 # 622718 # 1 # ID=1_604;partial=00;start_type=ATG;rbs_motif=AGxAGG/AGGxGG;rbs_spacer=3-4bp;gc_cont=0.539,100,247,122,3.46e-85,123,1,122,1,122,mobileOG_000682957,NA:Keyword,A0A542C4I4,phage,NA,GPD,Keyword Search,NODE_1_length_995615_cov_45.766113_604, 622350 # 622718 # 1 , 622350,622718,1 ,1_604,1,604,00,ATG,AGxAGG/AGGxGG,3-4bp,0.539,NODE_1_length_995615_cov_45.766113,mobileOG_000682957_NODE_1_length_995615_cov_45.766113
75,mobileOG_000683131|NA:Keyword|WP_060420153.1|phage|NA|GPD|Keyword Search,NODE_1_length_995615_cov_45.766113_604 # 622350 # 622718 # 1 # ID=1_604;partial=00;start_type=ATG;rbs_motif=AGxAGG/AGGxGG;rbs_spacer=3-4bp;gc_cont=0.539,98.4,241,122,4.73e-83,123,1,122,1,122,mobileOG_000683131,NA:Keyword,WP_060420153.1,phage,NA,GPD,Keyword Search,NODE_1_length_995615_cov_45.766113_604, 622350 # 622718 # 1 , 622350,622718,1 ,1_604,1,604,00,ATG,AGxAGG/AGGxGG,3-4bp,0.539,NODE_1_length_995615_cov_45.766113,mobileOG_000683131_NODE_1_length_995615_cov_45.766113
76,mobileOG_000739543|NA:Keyword|WP_060420153.1|phage|NA|Plasmid RefSeq|Keyword Search,NODE_1_length_995615_cov_45.766113_604 # 622350 # 622718 # 1 # ID=1_604;partial=00;start_type=ATG;rbs_motif=AGxAGG/AGGxGG;rbs_spacer=3-4bp;gc_cont=0.539,96.7,236,122,4.55e-81,123,1,122,1,122,mobileOG_000739543,NA:Keyword,WP_060420153.1,phage,NA,Plasmid RefSeq,Keyword Search,NODE_1_length_995615_cov_45.766113_604, 622350 # 622718 # 1 , 622350,622718,1 ,1_604,1,604,00,ATG,AGxAGG/AGGxGG,3-4bp,0.539,NODE_1_length_995615_cov_45.766113,mobileOG_000739543_NODE_1_length_995615_cov_45.766113
77,mobileOG_000735621|NA:Keyword|WP_060420150.1|phage|NA|Plasmid RefSeq|Keyword Search,NODE_1_length_995615_cov_45.766113_605 # 622720 # 623013 # 1 # ID=1_605;partial=00;start_type=ATG;rbs_motif=GGAG/GAGG;rbs_spacer=5-10bp;gc_cont=0.503,96.8,180,96,1.88e-59,98,2,96,3,97,mobileOG_000735621,NA:Keyword,WP_060420150.1,phage,NA,Plasmid RefSeq,Keyword Search,NODE_1_length_995615_cov_45.766113_605, 622720 # 623013 # 1 , 622720,623013,1 ,1_605,1,605,00,ATG,GGAG/GAGG,5-10bp,0.503,NODE_1_length_995615_cov_45.766113,mobileOG_000735621_NODE_1_length_995615_cov_45.766113
78,mobileOG_000682958|NA:Keyword|A0A542C4B9|phage|NA|GPD|Keyword Search,NODE_1_length_995615_cov_45.766113_605 # 622720 # 623013 # 1 # ID=1_605;partial=00;start_type=ATG;rbs_motif=GGAG/GAGG;rbs_spacer=5-10bp;gc_cont=0.503,96.8,177,96,1.54e-58,98,2,96,3,97,mobileOG_000682958,NA:Keyword,A0A542C4B9,phage,NA,GPD,Keyword Search,NODE_1_length_995615_cov_45.766113_605, 622720 # 623013 # 1 , 622720,623013,1 ,1_605,1,605,00,ATG,GGAG/GAGG,5-10bp,0.503,NODE_1_length_995615_cov_45.766113,mobileOG_000682958_NODE_1_length_995615_cov_45.766113
79,mobileOG_000744928|NA:Keyword|WP_060420142.1|phage|NA|Plasmid RefSeq|Keyword Search,NODE_1_length_995615_cov_45.766113_608 # 626448 # 627518 # 1 # ID=1_608;partial=00;start_type=ATG;rbs_motif=None;rbs_spacer=None;gc_cont=0.550,97.7,701,356,5.40e-257,357,1,355,1,355,mobileOG_000744928,NA:Keyword,WP_060420142.1,phage,NA,Plasmid RefSeq,Keyword Search,NODE_1_length_995615_cov_45.766113_608, 626448 # 627518 # 1 , 626448,627518,1 ,1_608,1,608,00,ATG,None,None,0.550,NODE_1_length_995615_cov_45.766113,mobileOG_000744928_NODE_1_length_995615_cov_45.766113
80,mobileOG_000682959|NA:Keyword|WP_060420142.1|phage|NA|GPD|Keyword Search,NODE_1_length_995615_cov_45.766113_608 # 626448 # 627518 # 1 # ID=1_608;partial=00;start_type=ATG;rbs_motif=None;rbs_spacer=None;gc_cont=0.550,97.5,699,356,1.55e-256,357,1,355,1,355,mobileOG_000682959,NA:Keyword,WP_060420142.1,phage,NA,GPD,Keyword Search,NODE_1_length_995615_cov_45.766113_608, 626448 # 627518 # 1 , 626448,627518,1 ,1_608,1,608,00,ATG,None,None,0.550,NODE_1_length_995615_cov_45.766113,mobileOG_000682959_NODE_1_length_995615_cov_45.766113
81,mobileOG_000683132|NA:Keyword|WP_060420142.1|phage|NA|GPD|Keyword Search,NODE_1_length_995615_cov_45.766113_608 # 626448 # 627518 # 1 # ID=1_608;partial=00;start_type=ATG;rbs_motif=None;rbs_spacer=None;gc_cont=0.550,96.9,696,356,3.64e-255,357,1,355,1,355,mobileOG_000683132,NA:Keyword,WP_060420142.1,phage,NA,GPD,Keyword Search,NODE_1_length_995615_cov_45.766113_608, 626448 # 627518 # 1 , 626448,627518,1 ,1_608,1,608,00,ATG,None,None,0.550,NODE_1_length_995615_cov_45.766113,mobileOG_000683132_NODE_1_length_995615_cov_45.766113
82,mobileOG_000683133|NA:Keyword|WP_060420139.1|phage|NA|GPD|Keyword Search,NODE_1_length_995615_cov_45.766113_609 # 627515 # 628105 # 1 # ID=1_609;partial=00;start_type=ATG;rbs_motif=AGGAG;rbs_spacer=5-10bp;gc_cont=0.548,98.5,373,196,8.75e-133,197,1,196,1,196,mobileOG_000683133,NA:Keyword,WP_060420139.1,phage,NA,GPD,Keyword Search,NODE_1_length_995615_cov_45.766113_609, 627515 # 628105 # 1 , 627515,628105,1 ,1_609,1,609,00,ATG,AGGAG,5-10bp,0.548,NODE_1_length_995615_cov_45.766113,mobileOG_000683133_NODE_1_length_995615_cov_45.766113
83,mobileOG_000728733|NA:Keyword|WP_060420139.1|phage|NA|Plasmid RefSeq|Keyword Search,NODE_1_length_995615_cov_45.766113_609 # 627515 # 628105 # 1 # ID=1_609;partial=00;start_type=ATG;rbs_motif=AGGAG;rbs_spacer=5-10bp;gc_cont=0.548,96.4,366,196,4.86e-130,197,1,196,1,196,mobileOG_000728733,NA:Keyword,WP_060420139.1,phage,NA,Plasmid RefSeq,Keyword Search,NODE_1_length_995615_cov_45.766113_609, 627515 # 628105 # 1 , 627515,628105,1 ,1_609,1,609,00,ATG,AGGAG,5-10bp,0.548,NODE_1_length_995615_cov_45.766113,mobileOG_000728733_NODE_1_length_995615_cov_45.766113
84,mobileOG_000682960|NA:Keyword|WP_060420139.1|phage|NA|GPD|Keyword Search,NODE_1_length_995615_cov_45.766113_609 # 627515 # 628105 # 1 # ID=1_609;partial=00;start_type=ATG;rbs_motif=AGGAG;rbs_spacer=5-10bp;gc_cont=0.548,94.4,358,196,5.44e-127,197,1,196,1,196,mobileOG_000682960,NA:Keyword,WP_060420139.1,phage,NA,GPD,Keyword Search,NODE_1_length_995615_cov_45.766113_609, 627515 # 628105 # 1 , 627515,628105,1 ,1_609,1,609,00,ATG,AGGAG,5-10bp,0.548,NODE_1_length_995615_cov_45.766113,mobileOG_000682960_NODE_1_length_995615_cov_45.766113
85,mobileOG_000243124|Mup46|WP_060420136.1|phage|structural|GPD|Homology,NODE_1_length_995615_cov_45.766113_610 # 628102 # 628539 # 1 # ID=1_610;partial=00;start_type=ATG;rbs_motif=GGAG/GAGG;rbs_spacer=5-10bp;gc_cont=0.525,97.9,298,145,1.42e-104,146,1,145,1,145,mobileOG_000243124,Mup46,WP_060420136.1,phage,structural,GPD,Homology,NODE_1_length_995615_cov_45.766113_610, 628102 # 628539 # 1 , 628102,628539,1 ,1_610,1,610,00,ATG,GGAG/GAGG,5-10bp,0.525,NODE_1_length_995615_cov_45.766113,mobileOG_000243124_NODE_1_length_995615_cov_45.766113
86,mobileOG_000279828|Mup46|WP_060420136.1|phage|structural|Plasmid RefSeq|Homology,NODE_1_length_995615_cov_45.766113_610 # 628102 # 628539 # 1 # ID=1_610;partial=00;start_type=ATG;rbs_motif=GGAG/GAGG;rbs_spacer=5-10bp;gc_cont=0.525,96.6,295,145,1.66e-103,146,1,145,1,145,mobileOG_000279828,Mup46,WP_060420136.1,phage,structural,Plasmid RefSeq,Homology,NODE_1_length_995615_cov_45.766113_610, 628102 # 628539 # 1 , 628102,628539,1 ,1_610,1,610,00,ATG,GGAG/GAGG,5-10bp,0.525,NODE_1_length_995615_cov_45.766113,mobileOG_000279828_NODE_1_length_995615_cov_45.766113
87,mobileOG_000243310|Mup46|WP_060420136.1|phage|structural|GPD|Homology,NODE_1_length_995615_cov_45.766113_610 # 628102 # 628539 # 1 # ID=1_610;partial=00;start_type=ATG;rbs_motif=GGAG/GAGG;rbs_spacer=5-10bp;gc_cont=0.525,96.6,294,145,4.76e-103,146,1,145,1,145,mobileOG_000243310,Mup46,WP_060420136.1,phage,structural,GPD,Homology,NODE_1_length_995615_cov_45.766113_610, 628102 # 628539 # 1 , 628102,628539,1 ,1_610,1,610,00,ATG,GGAG/GAGG,5-10bp,0.525,NODE_1_length_995615_cov_45.766113,mobileOG_000243310_NODE_1_length_995615_cov_45.766113
88,mobileOG_000313642|gp47|WP_060420134.1|phage|structural|Plasmid RefSeq|Homology,NODE_1_length_995615_cov_45.766113_611 # 628543 # 629691 # 1 # ID=1_611;partial=00;start_type=ATG;rbs_motif=GGAG/GAGG;rbs_spacer=5-10bp;gc_cont=0.548,97.1,748,382,7.33e-275,383,1,382,1,382,mobileOG_000313642,gp47,WP_060420134.1,phage,structural,Plasmid RefSeq,Homology,NODE_1_length_995615_cov_45.766113_611, 628543 # 629691 # 1 , 628543,629691,1 ,1_611,1,611,00,ATG,GGAG/GAGG,5-10bp,0.548,NODE_1_length_995615_cov_45.766113,mobileOG_000313642_NODE_1_length_995615_cov_45.766113
89,mobileOG_000243125|gp47|A0A542C459|phage|structural|GPD|Homology,NODE_1_length_995615_cov_45.766113_611 # 628543 # 629691 # 1 # ID=1_611;partial=00;start_type=ATG;rbs_motif=GGAG/GAGG;rbs_spacer=5-10bp;gc_cont=0.548,97.1,746,382,4.24e-274,383,1,382,1,382,mobileOG_000243125,gp47,A0A542C459,phage,structural,GPD,Homology,NODE_1_length_995615_cov_45.766113_611, 628543 # 629691 # 1 , 628543,629691,1 ,1_611,1,611,00,ATG,GGAG/GAGG,5-10bp,0.548,NODE_1_length_995615_cov_45.766113,mobileOG_000243125_NODE_1_length_995615_cov_45.766113
90,mobileOG_000243311|gp47|A0A542C459|phage|structural|GPD|Homology,NODE_1_length_995615_cov_45.766113_611 # 628543 # 629691 # 1 # ID=1_611;partial=00;start_type=ATG;rbs_motif=GGAG/GAGG;rbs_spacer=5-10bp;gc_cont=0.548,96.6,745,382,1.21e-273,383,1,382,1,382,mobileOG_000243311,gp47,A0A542C459,phage,structural,GPD,Homology,NODE_1_length_995615_cov_45.766113_611, 628543 # 629691 # 1 , 628543,629691,1 ,1_611,1,611,00,ATG,GGAG/GAGG,5-10bp,0.548,NODE_1_length_995615_cov_45.766113,mobileOG_000243311_NODE_1_length_995615_cov_45.766113
91,"mobileOG_000368555|tmk|WP_033646442.1|phage|stability/transfer/defense,metabolism|Plasmid RefSeq|Homology",NODE_1_length_995615_cov_45.766113_679 # 692301 # 692939 # 1 # ID=1_679;partial=00;start_type=ATG;rbs_motif=AGGA;rbs_spacer=5-10bp;gc_cont=0.645,97.6,410,212,6.86e-147,213,1,212,1,212,mobileOG_000368555,tmk,WP_033646442.1,phage,"stability/transfer/defense,metabolism",Plasmid RefSeq,Homology,NODE_1_length_995615_cov_45.766113_679, 692301 # 692939 # 1 , 692301,692939,1 ,1_679,1,679,00,ATG,AGGA,5-10bp,0.645,NODE_1_length_995615_cov_45.766113,mobileOG_000368555_NODE_1_length_995615_cov_45.766113
92,"mobileOG_000328140|tmk|WP_038875525.1|phage|stability/transfer/defense,metabolism|Plasmid RefSeq|Homology",NODE_1_length_995615_cov_45.766113_679 # 692301 # 692939 # 1 # ID=1_679;partial=00;start_type=ATG;rbs_motif=AGGA;rbs_spacer=5-10bp;gc_cont=0.645,96.2,403,212,5.41e-144,213,1,212,1,212,mobileOG_000328140,tmk,WP_038875525.1,phage,"stability/transfer/defense,metabolism",Plasmid RefSeq,Homology,NODE_1_length_995615_cov_45.766113_679, 692301 # 692939 # 1 , 692301,692939,1 ,1_679,1,679,00,ATG,AGGA,5-10bp,0.645,NODE_1_length_995615_cov_45.766113,mobileOG_000328140_NODE_1_length_995615_cov_45.766113
93,mobileOG_000326024|holB|WP_033646441.1|replication/recombination/repair|NA|Plasmid RefSeq|Homology,NODE_1_length_995615_cov_45.766113_680 # 692939 # 693946 # 1 # ID=1_680;partial=00;start_type=ATG;rbs_motif=AGGA;rbs_spacer=5-10bp;gc_cont=0.637,98.8,676,335,8.49e-248,336,1,335,1,335,mobileOG_000326024,holB,WP_033646441.1,replication/recombination/repair,NA,Plasmid RefSeq,Homology,NODE_1_length_995615_cov_45.766113_680, 692939 # 693946 # 1 , 692939,693946,1 ,1_680,1,680,00,ATG,AGGA,5-10bp,0.637,NODE_1_length_995615_cov_45.766113,mobileOG_000326024_NODE_1_length_995615_cov_45.766113
94,mobileOG_000329018|holB|WP_038875527.1|replication/recombination/repair|NA|Plasmid RefSeq|Homology,NODE_1_length_995615_cov_45.766113_680 # 692939 # 693946 # 1 # ID=1_680;partial=00;start_type=ATG;rbs_motif=AGGA;rbs_spacer=5-10bp;gc_cont=0.637,97.6,669,335,3.32e-245,336,1,335,1,335,mobileOG_000329018,holB,WP_038875527.1,replication/recombination/repair,NA,Plasmid RefSeq,Homology,NODE_1_length_995615_cov_45.766113_680, 692939 # 693946 # 1 , 692939,693946,1 ,1_680,1,680,00,ATG,AGGA,5-10bp,0.637,NODE_1_length_995615_cov_45.766113,mobileOG_000329018_NODE_1_length_995615_cov_45.766113
95,mobileOG_000313843|clpP|WP_033638144.1|phage|replication/recombination/repair|Plasmid RefSeq|Homology,NODE_1_length_995615_cov_45.766113_750 # 762451 # 763044 # 1 # ID=1_750;partial=00;start_type=ATG;rbs_motif=AGGAG;rbs_spacer=5-10bp;gc_cont=0.599,98.5,390,197,2.62e-139,198,1,197,1,197,mobileOG_000313843,clpP,WP_033638144.1,phage,replication/recombination/repair,Plasmid RefSeq,Homology,NODE_1_length_995615_cov_45.766113_750, 762451 # 763044 # 1 , 762451,763044,1 ,1_750,1,750,00,ATG,AGGAG,5-10bp,0.599,NODE_1_length_995615_cov_45.766113,mobileOG_000313843_NODE_1_length_995615_cov_45.766113
96,"mobileOG_000329633|hflD|WP_033638217.1|phage|infection,regulation|Plasmid RefSeq|Homology",NODE_1_length_995615_cov_45.766113_808 # 825569 # 826195 # -1 # ID=1_808;partial=00;start_type=GTG;rbs_motif=AGGAG;rbs_spacer=5-10bp;gc_cont=0.614,99.5,401,208,2.30e-143,209,1,208,1,208,mobileOG_000329633,hflD,WP_033638217.1,phage,"infection,regulation",Plasmid RefSeq,Homology,NODE_1_length_995615_cov_45.766113_808, 825569 # 826195 # -1 , 825569,826195,-1 ,1_808,1,808,00,GTG,AGGAG,5-10bp,0.614,NODE_1_length_995615_cov_45.766113,mobileOG_000329633_NODE_1_length_995615_cov_45.766113
97,"mobileOG_000026495|ihfA|A8GDR1|integration/excision|regulation,lysis/lysogeny|Plasmid RefSeq|Manual",NODE_1_length_995615_cov_45.766113_937 # 951274 # 951570 # 1 # ID=1_937;partial=00;start_type=ATG;rbs_motif=GGAG/GAGG;rbs_spacer=5-10bp;gc_cont=0.542,100,194,98,4.71e-65,99,1,98,1,98,mobileOG_000026495,ihfA,A8GDR1,integration/excision,"regulation,lysis/lysogeny",Plasmid RefSeq,Manual,NODE_1_length_995615_cov_45.766113_937, 951274 # 951570 # 1 , 951274,951570,1 ,1_937,1,937,00,ATG,GGAG/GAGG,5-10bp,0.542,NODE_1_length_995615_cov_45.766113,mobileOG_000026495_NODE_1_length_995615_cov_45.766113
98,"mobileOG_000022000|ihfA|WP_001229265.1|integration/excision|regulation,lysis/lysogeny|Multiple|Manual",NODE_1_length_995615_cov_45.766113_937 # 951274 # 951570 # 1 # ID=1_937;partial=00;start_type=ATG;rbs_motif=GGAG/GAGG;rbs_spacer=5-10bp;gc_cont=0.542,95.9,186,99,5.47e-62,99,1,97,1,97,mobileOG_000022000,ihfA,WP_001229265.1,integration/excision,"regulation,lysis/lysogeny",Multiple,Manual,NODE_1_length_995615_cov_45.766113_937, 951274 # 951570 # 1 , 951274,951570,1 ,1_937,1,937,00,ATG,GGAG/GAGG,5-10bp,0.542,NODE_1_length_995615_cov_45.766113,mobileOG_000022000_NODE_1_length_995615_cov_45.766113
99,"mobileOG_000025015|ihfA|WP_003857805.1|integration/excision|regulation,lysis/lysogeny|Multiple|Manual",NODE_1_length_995615_cov_45.766113_937 # 951274 # 951570 # 1 # ID=1_937;partial=00;start_type=ATG;rbs_motif=GGAG/GAGG;rbs_spacer=5-10bp;gc_cont=0.542,94.8,185,99,1.57e-61,99,1,97,1,97,mobileOG_000025015,ihfA,WP_003857805.1,integration/excision,"regulation,lysis/lysogeny",Multiple,Manual,NODE_1_length_995615_cov_45.766113_937, 951274 # 951570 # 1 , 951274,951570,1 ,1_937,1,937,00,ATG,GGAG/GAGG,5-10bp,0.542,NODE_1_length_995615_cov_45.766113,mobileOG_000025015_NODE_1_length_995615_cov_45.766113
100,"mobileOG_000015162|ihfA|WP_001229265.1|integration/excision|regulation,lysis/lysogeny|GPD|Manual",NODE_1_length_995615_cov_45.766113_937 # 951274 # 951570 # 1 # ID=1_937;partial=00;start_type=ATG;rbs_motif=GGAG/GAGG;rbs_spacer=5-10bp;gc_cont=0.542,95.8,183,97,1.21e-60,99,1,95,3,97,mobileOG_000015162,ihfA,WP_001229265.1,integration/excision,"regulation,lysis/lysogeny",GPD,Manual,NODE_1_length_995615_cov_45.766113_937, 951274 # 951570 # 1 , 951274,951570,1 ,1_937,1,937,00,ATG,GGAG/GAGG,5-10bp,0.542,NODE_1_length_995615_cov_45.766113,mobileOG_000015162_NODE_1_length_995615_cov_45.766113
101,mobileOG_000308581|oppA|WP_060446003.1|transfer|competence|Plasmid RefSeq|Homology,NODE_2_length_643528_cov_39.615041_60 # 79602 # 81221 # -1 # ID=2_60;partial=00;start_type=GTG;rbs_motif=GGA/GAG/AGG;rbs_spacer=5-10bp;gc_cont=0.602,95.4,1030,539,0.0,540,1,539,1,539,mobileOG_000308581,oppA,WP_060446003.1,transfer,competence,Plasmid RefSeq,Homology,NODE_2_length_643528_cov_39.615041_60, 79602 # 81221 # -1 , 79602,81221,-1 ,2_60,2,60,00,GTG,GGA/GAG/AGG,5-10bp,0.602,NODE_2_length_643528_cov_39.615041,mobileOG_000308581_NODE_2_length_643528_cov_39.615041
102,mobileOG_000282574|oppA|WP_033653107.1|transfer|competence|Plasmid RefSeq|Homology,NODE_2_length_643528_cov_39.615041_60 # 79602 # 81221 # -1 # ID=2_60;partial=00;start_type=GTG;rbs_motif=GGA/GAG/AGG;rbs_spacer=5-10bp;gc_cont=0.602,94.8,1024,553,0.0,540,15,553,1,539,mobileOG_000282574,oppA,WP_033653107.1,transfer,competence,Plasmid RefSeq,Homology,NODE_2_length_643528_cov_39.615041_60, 79602 # 81221 # -1 , 79602,81221,-1 ,2_60,2,60,00,GTG,GGA/GAG/AGG,5-10bp,0.602,NODE_2_length_643528_cov_39.615041,mobileOG_000282574_NODE_2_length_643528_cov_39.615041
103,mobileOG_000303999|oppA|A0A221DQU9|transfer|competence|Plasmid RefSeq|Homology,NODE_2_length_643528_cov_39.615041_148 # 174253 # 175887 # -1 # ID=2_148;partial=00;start_type=ATG;rbs_motif=GGA/GAG/AGG;rbs_spacer=5-10bp;gc_cont=0.582,99.1,1086,544,0.0,545,1,544,1,544,mobileOG_000303999,oppA,A0A221DQU9,transfer,competence,Plasmid RefSeq,Homology,NODE_2_length_643528_cov_39.615041_148, 174253 # 175887 # -1 , 174253,175887,-1 ,2_148,2,148,00,ATG,GGA/GAG/AGG,5-10bp,0.582,NODE_2_length_643528_cov_39.615041,mobileOG_000303999_NODE_2_length_643528_cov_39.615041
104,mobileOG_000313844|oppA|A0A221DQU9|transfer|competence|Plasmid RefSeq|Homology,NODE_2_length_643528_cov_39.615041_148 # 174253 # 175887 # -1 # ID=2_148;partial=00;start_type=ATG;rbs_motif=GGA/GAG/AGG;rbs_spacer=5-10bp;gc_cont=0.582,98.9,1085,544,0.0,545,1,544,1,544,mobileOG_000313844,oppA,A0A221DQU9,transfer,competence,Plasmid RefSeq,Homology,NODE_2_length_643528_cov_39.615041_148, 174253 # 175887 # -1 , 174253,175887,-1 ,2_148,2,148,00,ATG,GGA/GAG/AGG,5-10bp,0.582,NODE_2_length_643528_cov_39.615041,mobileOG_000313844_NODE_2_length_643528_cov_39.615041
105,mobileOG_000353715|topA|WP_033647571.1|replication/recombination/repair|NA|Plasmid RefSeq|Homology,NODE_2_length_643528_cov_39.615041_195 # 225498 # 228095 # -1 # ID=2_195;partial=00;start_type=ATG;rbs_motif=GGA/GAG/AGG;rbs_spacer=5-10bp;gc_cont=0.588,99.8,1719,865,0.0,866,1,865,1,865,mobileOG_000353715,topA,WP_033647571.1,replication/recombination/repair,NA,Plasmid RefSeq,Homology,NODE_2_length_643528_cov_39.615041_195, 225498 # 228095 # -1 , 225498,228095,-1 ,2_195,2,195,00,ATG,GGA/GAG/AGG,5-10bp,0.588,NODE_2_length_643528_cov_39.615041,mobileOG_000353715_NODE_2_length_643528_cov_39.615041
106,mobileOG_000305021|dnaE2|WP_033653008.1|replication/recombination/repair|NA|Plasmid RefSeq|Homology,NODE_2_length_643528_cov_39.615041_204 # 234785 # 235666 # -1 # ID=2_204;partial=00;start_type=TTG;rbs_motif=GGA/GAG/AGG;rbs_spacer=5-10bp;gc_cont=0.634,98.0,574,293,5.70e-209,294,1,293,1,293,mobileOG_000305021,dnaE2,WP_033653008.1,replication/recombination/repair,NA,Plasmid RefSeq,Homology,NODE_2_length_643528_cov_39.615041_204, 234785 # 235666 # -1 , 234785,235666,-1 ,2_204,2,204,00,TTG,GGA/GAG/AGG,5-10bp,0.634,NODE_2_length_643528_cov_39.615041,mobileOG_000305021_NODE_2_length_643528_cov_39.615041
107,mobileOG_000305018|dnaE2|WP_033647575.1|replication/recombination/repair|NA|Plasmid RefSeq|Homology,NODE_2_length_643528_cov_39.615041_204 # 234785 # 235666 # -1 # ID=2_204;partial=00;start_type=TTG;rbs_motif=GGA/GAG/AGG;rbs_spacer=5-10bp;gc_cont=0.634,97.6,571,293,9.44e-208,294,1,293,1,293,mobileOG_000305018,dnaE2,WP_033647575.1,replication/recombination/repair,NA,Plasmid RefSeq,Homology,NODE_2_length_643528_cov_39.615041_204, 234785 # 235666 # -1 , 234785,235666,-1 ,2_204,2,204,00,TTG,GGA/GAG/AGG,5-10bp,0.634,NODE_2_length_643528_cov_39.615041,mobileOG_000305018_NODE_2_length_643528_cov_39.615041
108,"mobileOG_000025575|tonB|WP_016927510.1|transfer|phage,receptor|Plasmid RefSeq|Manual",NODE_2_length_643528_cov_39.615041_218 # 248408 # 249151 # -1 # ID=2_218;partial=00;start_type=ATG;rbs_motif=AGGA/GGAG/GAGG;rbs_spacer=11-12bp;gc_cont=0.609,97.6,345,247,5.31e-120,248,1,247,1,247,mobileOG_000025575,tonB,WP_016927510.1,transfer,"phage,receptor",Plasmid RefSeq,Manual,NODE_2_length_643528_cov_39.615041_218, 248408 # 249151 # -1 , 248408,249151,-1 ,2_218,2,218,00,ATG,AGGA/GGAG/GAGG,11-12bp,0.609,NODE_2_length_643528_cov_39.615041,mobileOG_000025575_NODE_2_length_643528_cov_39.615041
109,mobileOG_000301573|dps|WP_004932132.1|replication/recombination/repair|NA|Plasmid RefSeq|Homology,NODE_2_length_643528_cov_39.615041_232 # 263055 # 263546 # 1 # ID=2_232;partial=00;start_type=ATG;rbs_motif=AGGAG;rbs_spacer=5-10bp;gc_cont=0.530,100,324,163,2.35e-114,164,1,163,1,163,mobileOG_000301573,dps,WP_004932132.1,replication/recombination/repair,NA,Plasmid RefSeq,Homology,NODE_2_length_643528_cov_39.615041_232, 263055 # 263546 # 1 , 263055,263546,1 ,2_232,2,232,00,ATG,AGGAG,5-10bp,0.530,NODE_2_length_643528_cov_39.615041,mobileOG_000301573_NODE_2_length_643528_cov_39.615041
110,mobileOG_000370693|oppF|WP_025303071.1|transfer|competence|Plasmid RefSeq|Homology,NODE_2_length_643528_cov_39.615041_236 # 265926 # 266927 # -1 # ID=2_236;partial=00;start_type=ATG;rbs_motif=GGAGG;rbs_spacer=5-10bp;gc_cont=0.613,99.4,640,333,1.09e-233,334,1,333,1,333,mobileOG_000370693,oppF,WP_025303071.1,transfer,competence,Plasmid RefSeq,Homology,NODE_2_length_643528_cov_39.615041_236, 265926 # 266927 # -1 , 265926,266927,-1 ,2_236,2,236,00,ATG,GGAGG,5-10bp,0.613,NODE_2_length_643528_cov_39.615041,mobileOG_000370693_NODE_2_length_643528_cov_39.615041
111,mobileOG_000370696|oppF|WP_101455575.1|transfer|competence|Plasmid RefSeq|Homology,NODE_2_length_643528_cov_39.615041_236 # 265926 # 266927 # -1 # ID=2_236;partial=00;start_type=ATG;rbs_motif=GGAGG;rbs_spacer=5-10bp;gc_cont=0.613,98.8,637,333,1.27e-232,334,1,333,1,333,mobileOG_000370696,oppF,WP_101455575.1,transfer,competence,Plasmid RefSeq,Homology,NODE_2_length_643528_cov_39.615041_236, 265926 # 266927 # -1 , 265926,266927,-1 ,2_236,2,236,00,ATG,GGAGG,5-10bp,0.613,NODE_2_length_643528_cov_39.615041,mobileOG_000370696_NODE_2_length_643528_cov_39.615041
112,mobileOG_000368552|oppD|WP_033634782.1|transfer|competence|Plasmid RefSeq|Homology,NODE_2_length_643528_cov_39.615041_237 # 266924 # 267940 # -1 # ID=2_237;partial=00;start_type=ATG;rbs_motif=AGGAG;rbs_spacer=5-10bp;gc_cont=0.623,98.8,652,338,3.03e-238,339,1,338,1,338,mobileOG_000368552,oppD,WP_033634782.1,transfer,competence,Plasmid RefSeq,Homology,NODE_2_length_643528_cov_39.615041_237, 266924 # 267940 # -1 , 266924,267940,-1 ,2_237,2,237,00,ATG,AGGAG,5-10bp,0.623,NODE_2_length_643528_cov_39.615041,mobileOG_000368552_NODE_2_length_643528_cov_39.615041
113,mobileOG_000335522|oppC|WP_033634783.1|transfer|competence|Plasmid RefSeq|Homology,NODE_2_length_643528_cov_39.615041_238 # 267952 # 268860 # -1 # ID=2_238;partial=00;start_type=ATG;rbs_motif=GGAG/GAGG;rbs_spacer=5-10bp;gc_cont=0.607,96.4,547,302,3.75e-198,303,1,302,1,302,mobileOG_000335522,oppC,WP_033634783.1,transfer,competence,Plasmid RefSeq,Homology,NODE_2_length_643528_cov_39.615041_238, 267952 # 268860 # -1 , 267952,268860,-1 ,2_238,2,238,00,ATG,GGAG/GAGG,5-10bp,0.607,NODE_2_length_643528_cov_39.615041,mobileOG_000335522_NODE_2_length_643528_cov_39.615041
114,mobileOG_000325241|oppC|A0A5A7AN07|transfer|competence|Multiple|Homology,NODE_2_length_643528_cov_39.615041_238 # 267952 # 268860 # -1 # ID=2_238;partial=00;start_type=ATG;rbs_motif=GGAG/GAGG;rbs_spacer=5-10bp;gc_cont=0.607,92.1,505,302,2.16e-181,303,1,302,1,302,mobileOG_000325241,oppC,A0A5A7AN07,transfer,competence,Multiple,Homology,NODE_2_length_643528_cov_39.615041_238, 267952 # 268860 # -1 , 267952,268860,-1 ,2_238,2,238,00,ATG,GGAG/GAGG,5-10bp,0.607,NODE_2_length_643528_cov_39.615041,mobileOG_000325241_NODE_2_length_643528_cov_39.615041
115,mobileOG_000002425|oppC|WP_000979661.1|transfer|competence|Multiple|Manual,NODE_2_length_643528_cov_39.615041_238 # 267952 # 268860 # -1 # ID=2_238;partial=00;start_type=ATG;rbs_motif=GGAG/GAGG;rbs_spacer=5-10bp;gc_cont=0.607,91.7,503,302,8.77e-181,303,1,302,1,302,mobileOG_000002425,oppC,WP_000979661.1,transfer,competence,Multiple,Manual,NODE_2_length_643528_cov_39.615041_238, 267952 # 268860 # -1 , 267952,268860,-1 ,2_238,2,238,00,ATG,GGAG/GAGG,5-10bp,0.607,NODE_2_length_643528_cov_39.615041,mobileOG_000002425_NODE_2_length_643528_cov_39.615041
116,mobileOG_000327934|oppC|WP_000979659.1|transfer|competence|Plasmid RefSeq|Homology,NODE_2_length_643528_cov_39.615041_238 # 267952 # 268860 # -1 # ID=2_238;partial=00;start_type=ATG;rbs_motif=GGAG/GAGG;rbs_spacer=5-10bp;gc_cont=0.607,91.7,503,302,1.25e-180,303,1,302,1,302,mobileOG_000327934,oppC,WP_000979659.1,transfer,competence,Plasmid RefSeq,Homology,NODE_2_length_643528_cov_39.615041_238, 267952 # 268860 # -1 , 267952,268860,-1 ,2_238,2,238,00,ATG,GGAG/GAGG,5-10bp,0.607,NODE_2_length_643528_cov_39.615041,mobileOG_000327934_NODE_2_length_643528_cov_39.615041
117,mobileOG_000349833|oppC|WP_000979648.1|transfer|competence|Plasmid RefSeq|Homology,NODE_2_length_643528_cov_39.615041_238 # 267952 # 268860 # -1 # ID=2_238;partial=00;start_type=ATG;rbs_motif=GGAG/GAGG;rbs_spacer=5-10bp;gc_cont=0.607,91.4,502,302,3.57e-180,303,1,302,1,302,mobileOG_000349833,oppC,WP_000979648.1,transfer,competence,Plasmid RefSeq,Homology,NODE_2_length_643528_cov_39.615041_238, 267952 # 268860 # -1 , 267952,268860,-1 ,2_238,2,238,00,ATG,GGAG/GAGG,5-10bp,0.607,NODE_2_length_643528_cov_39.615041,mobileOG_000349833_NODE_2_length_643528_cov_39.615041
118,mobileOG_000241065|oppC|A0A1R0FTB0|transfer|competence|GPD|Homology,NODE_2_length_643528_cov_39.615041_238 # 267952 # 268860 # -1 # ID=2_238;partial=00;start_type=ATG;rbs_motif=GGAG/GAGG;rbs_spacer=5-10bp;gc_cont=0.607,90.1,490,302,1.32e-175,303,1,302,1,302,mobileOG_000241065,oppC,A0A1R0FTB0,transfer,competence,GPD,Homology,NODE_2_length_643528_cov_39.615041_238, 267952 # 268860 # -1 , 267952,268860,-1 ,2_238,2,238,00,ATG,GGAG/GAGG,5-10bp,0.607,NODE_2_length_643528_cov_39.615041,mobileOG_000241065_NODE_2_length_643528_cov_39.615041
119,mobileOG_000336315|oppB|WP_033654356.1|transfer|competence|Plasmid RefSeq|Homology,NODE_2_length_643528_cov_39.615041_239 # 268875 # 269795 # -1 # ID=2_239;partial=00;start_type=ATG;rbs_motif=GGA/GAG/AGG;rbs_spacer=5-10bp;gc_cont=0.573,99.7,569,306,1.49e-206,307,1,306,1,306,mobileOG_000336315,oppB,WP_033654356.1,transfer,competence,Plasmid RefSeq,Homology,NODE_2_length_643528_cov_39.615041_239, 268875 # 269795 # -1 , 268875,269795,-1 ,2_239,2,239,00,ATG,GGA/GAG/AGG,5-10bp,0.573,NODE_2_length_643528_cov_39.615041,mobileOG_000336315_NODE_2_length_643528_cov_39.615041
120,mobileOG_000335601|oppB|WP_033634784.1|transfer|competence|Plasmid RefSeq|Homology,NODE_2_length_643528_cov_39.615041_239 # 268875 # 269795 # -1 # ID=2_239;partial=00;start_type=ATG;rbs_motif=GGA/GAG/AGG;rbs_spacer=5-10bp;gc_cont=0.573,99.3,568,306,2.12e-206,307,1,306,1,306,mobileOG_000335601,oppB,WP_033634784.1,transfer,competence,Plasmid RefSeq,Homology,NODE_2_length_643528_cov_39.615041_239, 268875 # 269795 # -1 , 268875,269795,-1 ,2_239,2,239,00,ATG,GGA/GAG/AGG,5-10bp,0.573,NODE_2_length_643528_cov_39.615041,mobileOG_000335601_NODE_2_length_643528_cov_39.615041
121,mobileOG_000025703|oppB|WP_000911097.1|transfer|competence|Multiple|Manual,NODE_2_length_643528_cov_39.615041_239 # 268875 # 269795 # -1 # ID=2_239;partial=00;start_type=ATG;rbs_motif=GGA/GAG/AGG;rbs_spacer=5-10bp;gc_cont=0.573,93.5,533,306,2.22e-192,307,1,306,1,306,mobileOG_000025703,oppB,WP_000911097.1,transfer,competence,Multiple,Manual,NODE_2_length_643528_cov_39.615041_239, 268875 # 269795 # -1 , 268875,269795,-1 ,2_239,2,239,00,ATG,GGA/GAG/AGG,5-10bp,0.573,NODE_2_length_643528_cov_39.615041,mobileOG_000025703_NODE_2_length_643528_cov_39.615041
122,mobileOG_000241060|oppB|A0A0F1ER99|transfer|competence|GPD|Homology,NODE_2_length_643528_cov_39.615041_239 # 268875 # 269795 # -1 # ID=2_239;partial=00;start_type=ATG;rbs_motif=GGA/GAG/AGG;rbs_spacer=5-10bp;gc_cont=0.573,93.8,531,306,1.82e-191,307,1,306,1,306,mobileOG_000241060,oppB,A0A0F1ER99,transfer,competence,GPD,Homology,NODE_2_length_643528_cov_39.615041_239, 268875 # 269795 # -1 , 268875,269795,-1 ,2_239,2,239,00,ATG,GGA/GAG/AGG,5-10bp,0.573,NODE_2_length_643528_cov_39.615041,mobileOG_000241060_NODE_2_length_643528_cov_39.615041
123,mobileOG_000241064|oppB|EDA16224.1|transfer|competence|GPD|Homology,NODE_2_length_643528_cov_39.615041_239 # 268875 # 269795 # -1 # ID=2_239;partial=00;start_type=ATG;rbs_motif=GGA/GAG/AGG;rbs_spacer=5-10bp;gc_cont=0.573,91.2,529,306,7.40e-191,307,1,306,1,306,mobileOG_000241064,oppB,EDA16224.1,transfer,competence,GPD,Homology,NODE_2_length_643528_cov_39.615041_239, 268875 # 269795 # -1 , 268875,269795,-1 ,2_239,2,239,00,ATG,GGA/GAG/AGG,5-10bp,0.573,NODE_2_length_643528_cov_39.615041,mobileOG_000241064_NODE_2_length_643528_cov_39.615041
124,mobileOG_000002429|oppB|WP_000911112.1|transfer|competence|Multiple|Manual,NODE_2_length_643528_cov_39.615041_239 # 268875 # 269795 # -1 # ID=2_239;partial=00;start_type=ATG;rbs_motif=GGA/GAG/AGG;rbs_spacer=5-10bp;gc_cont=0.573,93.8,528,306,2.12e-190,307,1,306,1,306,mobileOG_000002429,oppB,WP_000911112.1,transfer,competence,Multiple,Manual,NODE_2_length_643528_cov_39.615041_239, 268875 # 269795 # -1 , 268875,269795,-1 ,2_239,2,239,00,ATG,GGA/GAG/AGG,5-10bp,0.573,NODE_2_length_643528_cov_39.615041,mobileOG_000002429_NODE_2_length_643528_cov_39.615041
125,mobileOG_000047933|oppB|A0A0F3WLQ6|transfer|competence|COMPASS|Homology,NODE_2_length_643528_cov_39.615041_239 # 268875 # 269795 # -1 # ID=2_239;partial=00;start_type=ATG;rbs_motif=GGA/GAG/AGG;rbs_spacer=5-10bp;gc_cont=0.573,93.5,526,306,1.22e-189,307,1,306,1,306,mobileOG_000047933,oppB,A0A0F3WLQ6,transfer,competence,COMPASS,Homology,NODE_2_length_643528_cov_39.615041_239, 268875 # 269795 # -1 , 268875,269795,-1 ,2_239,2,239,00,ATG,GGA/GAG/AGG,5-10bp,0.573,NODE_2_length_643528_cov_39.615041,mobileOG_000047933_NODE_2_length_643528_cov_39.615041
126,mobileOG_000334396|oppA|WP_033647597.1|transfer|competence|Plasmid RefSeq|Homology,NODE_2_length_643528_cov_39.615041_240 # 269878 # 271515 # -1 # ID=2_240;partial=00;start_type=ATG;rbs_motif=GGAG/GAGG;rbs_spacer=5-10bp;gc_cont=0.558,99.3,1104,545,0.0,546,1,545,1,545,mobileOG_000334396,oppA,WP_033647597.1,transfer,competence,Plasmid RefSeq,Homology,NODE_2_length_643528_cov_39.615041_240, 269878 # 271515 # -1 , 269878,271515,-1 ,2_240,2,240,00,ATG,GGAG/GAGG,5-10bp,0.558,NODE_2_length_643528_cov_39.615041,mobileOG_000334396_NODE_2_length_643528_cov_39.615041
127,mobileOG_000308667|oppA|WP_033654358.1|transfer|competence|Plasmid RefSeq|Homology,NODE_2_length_643528_cov_39.615041_241 # 271665 # 273302 # -1 # ID=2_241;partial=00;start_type=ATG;rbs_motif=AGGAG;rbs_spacer=5-10bp;gc_cont=0.598,96.5,1054,545,0.0,546,1,545,1,545,mobileOG_000308667,oppA,WP_033654358.1,transfer,competence,Plasmid RefSeq,Homology,NODE_2_length_643528_cov_39.615041_241, 271665 # 273302 # -1 , 271665,273302,-1 ,2_241,2,241,00,ATG,AGGAG,5-10bp,0.598,NODE_2_length_643528_cov_39.615041,mobileOG_000308667_NODE_2_length_643528_cov_39.615041
128,mobileOG_000308869|oppA|WP_101456511.1|transfer|competence|Plasmid RefSeq|Homology,NODE_2_length_643528_cov_39.615041_241 # 271665 # 273302 # -1 # ID=2_241;partial=00;start_type=ATG;rbs_motif=AGGAG;rbs_spacer=5-10bp;gc_cont=0.598,96.3,1053,545,0.0,546,1,545,1,545,mobileOG_000308869,oppA,WP_101456511.1,transfer,competence,Plasmid RefSeq,Homology,NODE_2_length_643528_cov_39.615041_241, 271665 # 273302 # -1 , 271665,273302,-1 ,2_241,2,241,00,ATG,AGGAG,5-10bp,0.598,NODE_2_length_643528_cov_39.615041,mobileOG_000308869_NODE_2_length_643528_cov_39.615041
129,mobileOG_000369427|hns|WP_004932170.1|replication/recombination/repair|regulation|Plasmid RefSeq|Homology,NODE_2_length_643528_cov_39.615041_245 # 279252 # 279659 # 1 # ID=2_245;partial=00;start_type=ATG;rbs_motif=GGA/GAG/AGG;rbs_spacer=5-10bp;gc_cont=0.493,100,251,135,1.35e-86,136,1,135,1,135,mobileOG_000369427,hns,WP_004932170.1,replication/recombination/repair,regulation,Plasmid RefSeq,Homology,NODE_2_length_643528_cov_39.615041_245, 279252 # 279659 # 1 , 279252,279659,1 ,2_245,2,245,00,ATG,GGA/GAG/AGG,5-10bp,0.493,NODE_2_length_643528_cov_39.615041,mobileOG_000369427_NODE_2_length_643528_cov_39.615041
130,mobileOG_000330120|xthA|WP_033647602.1|replication/recombination/repair|NA|Plasmid RefSeq|Homology,NODE_2_length_643528_cov_39.615041_254 # 288215 # 289021 # 1 # ID=2_254;partial=00;start_type=ATG;rbs_motif=None;rbs_spacer=None;gc_cont=0.585,98.9,556,268,5.93e-203,269,1,268,1,268,mobileOG_000330120,xthA,WP_033647602.1,replication/recombination/repair,NA,Plasmid RefSeq,Homology,NODE_2_length_643528_cov_39.615041_254, 288215 # 289021 # 1 , 288215,289021,1 ,2_254,2,254,00,ATG,None,None,0.585,NODE_2_length_643528_cov_39.615041,mobileOG_000330120_NODE_2_length_643528_cov_39.615041
131,mobileOG_000308655|topB|WP_033647606.1|replication/recombination/repair|NA|Plasmid RefSeq|Homology,NODE_2_length_643528_cov_39.615041_257 # 289781 # 291706 # -1 # ID=2_257;partial=00;start_type=ATG;rbs_motif=None;rbs_spacer=None;gc_cont=0.608,99.7,1255,641,0.0,642,1,641,1,641,mobileOG_000308655,topB,WP_033647606.1,replication/recombination/repair,NA,Plasmid RefSeq,Homology,NODE_2_length_643528_cov_39.615041_257, 289781 # 291706 # -1 , 289781,291706,-1 ,2_257,2,257,00,ATG,None,None,0.608,NODE_2_length_643528_cov_39.615041,mobileOG_000308655_NODE_2_length_643528_cov_39.615041
132,mobileOG_000308859|topB|WP_101427007.1|replication/recombination/repair|NA|Plasmid RefSeq|Homology,NODE_2_length_643528_cov_39.615041_257 # 289781 # 291706 # -1 # ID=2_257;partial=00;start_type=ATG;rbs_motif=None;rbs_spacer=None;gc_cont=0.608,99.4,1255,641,0.0,642,1,641,1,641,mobileOG_000308859,topB,WP_101427007.1,replication/recombination/repair,NA,Plasmid RefSeq,Homology,NODE_2_length_643528_cov_39.615041_257, 289781 # 291706 # -1 , 289781,291706,-1 ,2_257,2,257,00,ATG,None,None,0.608,NODE_2_length_643528_cov_39.615041,mobileOG_000308859_NODE_2_length_643528_cov_39.615041
133,mobileOG_000298941|slp|WP_033638506.1|integration/excision|NA|Plasmid RefSeq|Homology,NODE_2_length_643528_cov_39.615041_298 # 331925 # 332515 # -1 # ID=2_298;partial=00;start_type=ATG;rbs_motif=AGGAG;rbs_spacer=5-10bp;gc_cont=0.638,98.5,389,196,4.90e-139,197,1,196,1,196,mobileOG_000298941,slp,WP_033638506.1,integration/excision,NA,Plasmid RefSeq,Homology,NODE_2_length_643528_cov_39.615041_298, 331925 # 332515 # -1 , 331925,332515,-1 ,2_298,2,298,00,ATG,AGGAG,5-10bp,0.638,NODE_2_length_643528_cov_39.615041,mobileOG_000298941_NODE_2_length_643528_cov_39.615041
134,mobileOG_000354070|ruvB|WP_043147578.1|replication/recombination/repair|NA|Plasmid RefSeq|Homology,NODE_2_length_643528_cov_39.615041_314 # 348418 # 349422 # -1 # ID=2_314;partial=00;start_type=ATG;rbs_motif=GGA/GAG/AGG;rbs_spacer=5-10bp;gc_cont=0.616,99.7,646,334,4.30e-236,335,1,333,1,333,mobileOG_000354070,ruvB,WP_043147578.1,replication/recombination/repair,NA,Plasmid RefSeq,Homology,NODE_2_length_643528_cov_39.615041_314, 348418 # 349422 # -1 , 348418,349422,-1 ,2_314,2,314,00,ATG,GGA/GAG/AGG,5-10bp,0.616,NODE_2_length_643528_cov_39.615041,mobileOG_000354070_NODE_2_length_643528_cov_39.615041
135,mobileOG_000354069|ruvB|WP_025303125.1|replication/recombination/repair|NA|Plasmid RefSeq|Homology,NODE_2_length_643528_cov_39.615041_314 # 348418 # 349422 # -1 # ID=2_314;partial=00;start_type=ATG;rbs_motif=GGA/GAG/AGG;rbs_spacer=5-10bp;gc_cont=0.616,99.4,645,334,1.23e-235,335,1,333,1,333,mobileOG_000354069,ruvB,WP_025303125.1,replication/recombination/repair,NA,Plasmid RefSeq,Homology,NODE_2_length_643528_cov_39.615041_314, 348418 # 349422 # -1 , 348418,349422,-1 ,2_314,2,314,00,ATG,GGA/GAG/AGG,5-10bp,0.616,NODE_2_length_643528_cov_39.615041,mobileOG_000354069_NODE_2_length_643528_cov_39.615041
136,mobileOG_000336561|ruvA|WP_033634852.1|replication/recombination/repair|NA|Plasmid RefSeq|Homology,NODE_2_length_643528_cov_39.615041_315 # 349442 # 350056 # -1 # ID=2_315;partial=00;start_type=ATG;rbs_motif=AGGAGG;rbs_spacer=3-4bp;gc_cont=0.620,97.1,380,204,2.04e-135,205,1,204,1,204,mobileOG_000336561,ruvA,WP_033634852.1,replication/recombination/repair,NA,Plasmid RefSeq,Homology,NODE_2_length_643528_cov_39.615041_315, 349442 # 350056 # -1 , 349442,350056,-1 ,2_315,2,315,00,ATG,AGGAGG,3-4bp,0.620,NODE_2_length_643528_cov_39.615041,mobileOG_000336561_NODE_2_length_643528_cov_39.615041
137,mobileOG_000368503|ruvC|WP_004932367.1|replication/recombination/repair|NA|Plasmid RefSeq|Homology,NODE_2_length_643528_cov_39.615041_316 # 350169 # 350690 # -1 # ID=2_316;partial=00;start_type=ATG;rbs_motif=AGxAGG/AGGxGG;rbs_spacer=5-10bp;gc_cont=0.628,100,330,173,2.59e-116,174,1,173,1,173,mobileOG_000368503,ruvC,WP_004932367.1,replication/recombination/repair,NA,Plasmid RefSeq,Homology,NODE_2_length_643528_cov_39.615041_316, 350169 # 350690 # -1 , 350169,350690,-1 ,2_316,2,316,00,ATG,AGxAGG/AGGxGG,5-10bp,0.628,NODE_2_length_643528_cov_39.615041,mobileOG_000368503_NODE_2_length_643528_cov_39.615041
138,mobileOG_000332823|ruvC|WP_033634853.1|replication/recombination/repair|NA|Plasmid RefSeq|Homology,NODE_2_length_643528_cov_39.615041_316 # 350169 # 350690 # -1 # ID=2_316;partial=00;start_type=ATG;rbs_motif=AGxAGG/AGGxGG;rbs_spacer=5-10bp;gc_cont=0.628,99.4,329,173,3.68e-116,174,1,173,1,173,mobileOG_000332823,ruvC,WP_033634853.1,replication/recombination/repair,NA,Plasmid RefSeq,Homology,NODE_2_length_643528_cov_39.615041_316, 350169 # 350690 # -1 , 350169,350690,-1 ,2_316,2,316,00,ATG,AGxAGG/AGGxGG,5-10bp,0.628,NODE_2_length_643528_cov_39.615041,mobileOG_000332823_NODE_2_length_643528_cov_39.615041
139,mobileOG_000338525|oppD|WP_033653661.1|transfer|competence|Plasmid RefSeq|Homology,NODE_2_length_643528_cov_39.615041_432 # 468167 # 469009 # -1 # ID=2_432;partial=00;start_type=ATG;rbs_motif=GGA/GAG/AGG;rbs_spacer=5-10bp;gc_cont=0.652,97.9,535,280,3.65e-194,281,1,280,1,280,mobileOG_000338525,oppD,WP_033653661.1,transfer,competence,Plasmid RefSeq,Homology,NODE_2_length_643528_cov_39.615041_432, 468167 # 469009 # -1 , 468167,469009,-1 ,2_432,2,432,00,ATG,GGA/GAG/AGG,5-10bp,0.652,NODE_2_length_643528_cov_39.615041,mobileOG_000338525_NODE_2_length_643528_cov_39.615041
140,mobileOG_000338678|oppD|WP_039565565.1|transfer|competence|Plasmid RefSeq|Homology,NODE_2_length_643528_cov_39.615041_432 # 468167 # 469009 # -1 # ID=2_432;partial=00;start_type=ATG;rbs_motif=GGA/GAG/AGG;rbs_spacer=5-10bp;gc_cont=0.652,97.5,534,280,1.49e-193,281,1,280,1,280,mobileOG_000338678,oppD,WP_039565565.1,transfer,competence,Plasmid RefSeq,Homology,NODE_2_length_643528_cov_39.615041_432, 468167 # 469009 # -1 , 468167,469009,-1 ,2_432,2,432,00,ATG,GGA/GAG/AGG,5-10bp,0.652,NODE_2_length_643528_cov_39.615041,mobileOG_000338678_NODE_2_length_643528_cov_39.615041
141,mobileOG_000353863|cnu|WP_033635010.1|stability/transfer/defense|regulation|Plasmid RefSeq|Homology,NODE_2_length_643528_cov_39.615041_508 # 544240 # 544455 # 1 # ID=2_508;partial=00;start_type=ATG;rbs_motif=3Base/5BMM;rbs_spacer=13-15bp;gc_cont=0.509,98.6,143,71,1.35e-45,72,1,71,1,71,mobileOG_000353863,cnu,WP_033635010.1,stability/transfer/defense,regulation,Plasmid RefSeq,Homology,NODE_2_length_643528_cov_39.615041_508, 544240 # 544455 # 1 , 544240,544455,1 ,2_508,2,508,00,ATG,3Base/5BMM,13-15bp,0.509,NODE_2_length_643528_cov_39.615041,mobileOG_000353863_NODE_2_length_643528_cov_39.615041
142,mobileOG_000333755|tssB|WP_033635026.1|replication/recombination/repair|NA|Plasmid RefSeq|Homology,NODE_2_length_643528_cov_39.615041_527 # 565888 # 566424 # 1 # ID=2_527;partial=00;start_type=ATG;rbs_motif=GGAG/GAGG;rbs_spacer=5-10bp;gc_cont=0.577,98.9,338,178,1.67e-119,179,1,178,1,178,mobileOG_000333755,tssB,WP_033635026.1,replication/recombination/repair,NA,Plasmid RefSeq,Homology,NODE_2_length_643528_cov_39.615041_527, 565888 # 566424 # 1 , 565888,566424,1 ,2_527,2,527,00,ATG,GGAG/GAGG,5-10bp,0.577,NODE_2_length_643528_cov_39.615041,mobileOG_000333755_NODE_2_length_643528_cov_39.615041
143,mobileOG_000331425|clpB|WP_033653610.1|phage|chaperone|Plasmid RefSeq|Homology,NODE_2_length_643528_cov_39.615041_542 # 579173 # 581830 # 1 # ID=2_542;partial=00;start_type=ATG;rbs_motif=GGAG/GAGG;rbs_spacer=5-10bp;gc_cont=0.657,98.5,1659,884,0.0,886,1,884,1,885,mobileOG_000331425,clpB,WP_033653610.1,phage,chaperone,Plasmid RefSeq,Homology,NODE_2_length_643528_cov_39.615041_542, 579173 # 581830 # 1 , 579173,581830,1 ,2_542,2,542,00,ATG,GGAG/GAGG,5-10bp,0.657,NODE_2_length_643528_cov_39.615041,mobileOG_000331425_NODE_2_length_643528_cov_39.615041
144,mobileOG_000335880|clpB|WP_101456439.1|phage|chaperone|Plasmid RefSeq|Homology,NODE_2_length_643528_cov_39.615041_542 # 579173 # 581830 # 1 # ID=2_542;partial=00;start_type=ATG;rbs_motif=GGAG/GAGG;rbs_spacer=5-10bp;gc_cont=0.657,98.3,1655,884,0.0,886,1,884,1,885,mobileOG_000335880,clpB,WP_101456439.1,phage,chaperone,Plasmid RefSeq,Homology,NODE_2_length_643528_cov_39.615041_542, 579173 # 581830 # 1 , 579173,581830,1 ,2_542,2,542,00,ATG,GGAG/GAGG,5-10bp,0.657,NODE_2_length_643528_cov_39.615041,mobileOG_000335880_NODE_2_length_643528_cov_39.615041
145,mobileOG_000372601|umuC|WP_039565423.1|replication/recombination/repair|NA|Plasmid RefSeq|Homology,NODE_2_length_643528_cov_39.615041_555 # 597082 # 598071 # -1 # ID=2_555;partial=00;start_type=GTG;rbs_motif=GGA/GAG/AGG;rbs_spacer=3-4bp;gc_cont=0.661,96.5,614,428,5.00e-222,330,110,427,1,318,mobileOG_000372601,umuC,WP_039565423.1,replication/recombination/repair,NA,Plasmid RefSeq,Homology,NODE_2_length_643528_cov_39.615041_555, 597082 # 598071 # -1 , 597082,598071,-1 ,2_555,2,555,00,GTG,GGA/GAG/AGG,3-4bp,0.661,NODE_2_length_643528_cov_39.615041,mobileOG_000372601_NODE_2_length_643528_cov_39.615041
146,mobileOG_000372635|umuC|WP_049196296.1|replication/recombination/repair|NA|Plasmid RefSeq|Homology,NODE_2_length_643528_cov_39.615041_555 # 597082 # 598071 # -1 # ID=2_555;partial=00;start_type=GTG;rbs_motif=GGA/GAG/AGG;rbs_spacer=3-4bp;gc_cont=0.661,96.2,614,428,5.00e-222,330,110,427,1,318,mobileOG_000372635,umuC,WP_049196296.1,replication/recombination/repair,NA,Plasmid RefSeq,Homology,NODE_2_length_643528_cov_39.615041_555, 597082 # 598071 # -1 , 597082,598071,-1 ,2_555,2,555,00,GTG,GGA/GAG/AGG,3-4bp,0.661,NODE_2_length_643528_cov_39.615041,mobileOG_000372635_NODE_2_length_643528_cov_39.615041
147,mobileOG_000075510|tnpX|WP_032309855.1|integration/excision|NA|Multiple|Homology,NODE_2_length_643528_cov_39.615041_558 # 599206 # 601302 # 1 # ID=2_558;partial=00;start_type=ATG;rbs_motif=GGA/GAG/AGG;rbs_spacer=5-10bp;gc_cont=0.350,99.4,1382,698,0.0,699,1,698,1,698,mobileOG_000075510,tnpX,WP_032309855.1,integration/excision,NA,Multiple,Homology,NODE_2_length_643528_cov_39.615041_558, 599206 # 601302 # 1 , 599206,601302,1 ,2_558,2,558,00,ATG,GGA/GAG/AGG,5-10bp,0.350,NODE_2_length_643528_cov_39.615041,mobileOG_000075510_NODE_2_length_643528_cov_39.615041
148,mobileOG_000352145|tnpX|A0A5B0K388|integration/excision|NA|Plasmid RefSeq|Homology,NODE_2_length_643528_cov_39.615041_558 # 599206 # 601302 # 1 # ID=2_558;partial=00;start_type=ATG;rbs_motif=GGA/GAG/AGG;rbs_spacer=5-10bp;gc_cont=0.350,99.0,1379,698,0.0,699,1,698,1,698,mobileOG_000352145,tnpX,A0A5B0K388,integration/excision,NA,Plasmid RefSeq,Homology,NODE_2_length_643528_cov_39.615041_558, 599206 # 601302 # 1 , 599206,601302,1 ,2_558,2,558,00,ATG,GGA/GAG/AGG,5-10bp,0.350,NODE_2_length_643528_cov_39.615041,mobileOG_000352145_NODE_2_length_643528_cov_39.615041
149,mobileOG_000073555|tnpX|WP_019706029.1|integration/excision|NA|Multiple|Homology,NODE_2_length_643528_cov_39.615041_558 # 599206 # 601302 # 1 # ID=2_558;partial=00;start_type=ATG;rbs_motif=GGA/GAG/AGG;rbs_spacer=5-10bp;gc_cont=0.350,99.0,1378,698,0.0,699,1,698,1,698,mobileOG_000073555,tnpX,WP_019706029.1,integration/excision,NA,Multiple,Homology,NODE_2_length_643528_cov_39.615041_558, 599206 # 601302 # 1 , 599206,601302,1 ,2_558,2,558,00,ATG,GGA/GAG/AGG,5-10bp,0.350,NODE_2_length_643528_cov_39.615041,mobileOG_000073555_NODE_2_length_643528_cov_39.615041
150,mobileOG_000001098|tnpX|Q00042|integration/excision|NA|Multiple|Manual,NODE_2_length_643528_cov_39.615041_558 # 599206 # 601302 # 1 # ID=2_558;partial=00;start_type=ATG;rbs_motif=GGA/GAG/AGG;rbs_spacer=5-10bp;gc_cont=0.350,96.7,1349,698,0.0,699,1,698,1,698,mobileOG_000001098,tnpX,Q00042,integration/excision,NA,Multiple,Manual,NODE_2_length_643528_cov_39.615041_558, 599206 # 601302 # 1 , 599206,601302,1 ,2_558,2,558,00,ATG,GGA/GAG/AGG,5-10bp,0.350,NODE_2_length_643528_cov_39.615041,mobileOG_000001098_NODE_2_length_643528_cov_39.615041
151,mobileOG_000291752|tnpX|WP_000422420.1|integration/excision|NA|Plasmid RefSeq|Homology,NODE_2_length_643528_cov_39.615041_558 # 599206 # 601302 # 1 # ID=2_558;partial=00;start_type=ATG;rbs_motif=GGA/GAG/AGG;rbs_spacer=5-10bp;gc_cont=0.350,96.6,1348,698,0.0,699,1,698,1,698,mobileOG_000291752,tnpX,WP_000422420.1,integration/excision,NA,Plasmid RefSeq,Homology,NODE_2_length_643528_cov_39.615041_558, 599206 # 601302 # 1 , 599206,601302,1 ,2_558,2,558,00,ATG,GGA/GAG/AGG,5-10bp,0.350,NODE_2_length_643528_cov_39.615041,mobileOG_000291752_NODE_2_length_643528_cov_39.615041
152,mobileOG_000340010|tnpX|WP_141988961.1|integration/excision|NA|Plasmid RefSeq|Homology,NODE_2_length_643528_cov_39.615041_558 # 599206 # 601302 # 1 # ID=2_558;partial=00;start_type=ATG;rbs_motif=GGA/GAG/AGG;rbs_spacer=5-10bp;gc_cont=0.350,96.6,1348,698,0.0,699,1,698,1,698,mobileOG_000340010,tnpX,WP_141988961.1,integration/excision,NA,Plasmid RefSeq,Homology,NODE_2_length_643528_cov_39.615041_558, 599206 # 601302 # 1 , 599206,601302,1 ,2_558,2,558,00,ATG,GGA/GAG/AGG,5-10bp,0.350,NODE_2_length_643528_cov_39.615041,mobileOG_000340010_NODE_2_length_643528_cov_39.615041
153,mobileOG_000305660|tnpX|A0A3V4QNM5|integration/excision|NA|Plasmid RefSeq|Homology,NODE_2_length_643528_cov_39.615041_558 # 599206 # 601302 # 1 # ID=2_558;partial=00;start_type=ATG;rbs_motif=GGA/GAG/AGG;rbs_spacer=5-10bp;gc_cont=0.350,96.4,1345,698,0.0,699,1,698,1,698,mobileOG_000305660,tnpX,A0A3V4QNM5,integration/excision,NA,Plasmid RefSeq,Homology,NODE_2_length_643528_cov_39.615041_558, 599206 # 601302 # 1 , 599206,601302,1 ,2_558,2,558,00,ATG,GGA/GAG/AGG,5-10bp,0.350,NODE_2_length_643528_cov_39.615041,mobileOG_000305660_NODE_2_length_643528_cov_39.615041
154,mobileOG_000307770|tnpR|WP_075858540.1|integration/excision|NA|Plasmid RefSeq|Homology,NODE_2_length_643528_cov_39.615041_573 # 614188 # 614748 # 1 # ID=2_573;partial=00;start_type=ATG;rbs_motif=GGA/GAG/AGG;rbs_spacer=5-10bp;gc_cont=0.465,95.7,340,186,7.52e-120,187,1,186,1,186,mobileOG_000307770,tnpR,WP_075858540.1,integration/excision,NA,Plasmid RefSeq,Homology,NODE_2_length_643528_cov_39.615041_573, 614188 # 614748 # 1 , 614188,614748,1 ,2_573,2,573,00,ATG,GGA/GAG/AGG,5-10bp,0.465,NODE_2_length_643528_cov_39.615041,mobileOG_000307770_NODE_2_length_643528_cov_39.615041
155,mobileOG_000307984|tnpR|WP_023492554.1|integration/excision|NA|Plasmid RefSeq|Homology,NODE_2_length_643528_cov_39.615041_573 # 614188 # 614748 # 1 # ID=2_573;partial=00;start_type=ATG;rbs_motif=GGA/GAG/AGG;rbs_spacer=5-10bp;gc_cont=0.465,95.2,337,186,8.78e-119,187,1,186,1,186,mobileOG_000307984,tnpR,WP_023492554.1,integration/excision,NA,Plasmid RefSeq,Homology,NODE_2_length_643528_cov_39.615041_573, 614188 # 614748 # 1 , 614188,614748,1 ,2_573,2,573,00,ATG,GGA/GAG/AGG,5-10bp,0.465,NODE_2_length_643528_cov_39.615041,mobileOG_000307984_NODE_2_length_643528_cov_39.615041
156,mobileOG_000293957|tnpR|A0A5C5CI47|integration/excision|NA|Plasmid RefSeq|Homology,NODE_2_length_643528_cov_39.615041_573 # 614188 # 614748 # 1 # ID=2_573;partial=00;start_type=ATG;rbs_motif=GGA/GAG/AGG;rbs_spacer=5-10bp;gc_cont=0.465,94.1,332,186,5.92e-117,187,1,186,1,186,mobileOG_000293957,tnpR,A0A5C5CI47,integration/excision,NA,Plasmid RefSeq,Homology,NODE_2_length_643528_cov_39.615041_573, 614188 # 614748 # 1 , 614188,614748,1 ,2_573,2,573,00,ATG,GGA/GAG/AGG,5-10bp,0.465,NODE_2_length_643528_cov_39.615041,mobileOG_000293957_NODE_2_length_643528_cov_39.615041
157,mobileOG_000315399|tnpR|WP_058691239.1|integration/excision|NA|Plasmid RefSeq|Homology,NODE_2_length_643528_cov_39.615041_573 # 614188 # 614748 # 1 # ID=2_573;partial=00;start_type=ATG;rbs_motif=GGA/GAG/AGG;rbs_spacer=5-10bp;gc_cont=0.465,93.5,332,186,1.20e-116,187,1,186,1,186,mobileOG_000315399,tnpR,WP_058691239.1,integration/excision,NA,Plasmid RefSeq,Homology,NODE_2_length_643528_cov_39.615041_573, 614188 # 614748 # 1 , 614188,614748,1 ,2_573,2,573,00,ATG,GGA/GAG/AGG,5-10bp,0.465,NODE_2_length_643528_cov_39.615041,mobileOG_000315399_NODE_2_length_643528_cov_39.615041
158,mobileOG_000755939|NA:Keyword|A0A377YBG6|integration/excision|NA|Plasmid RefSeq|Keyword Search,NODE_2_length_643528_cov_39.615041_587 # 628640 # 629491 # 1 # ID=2_587;partial=00;start_type=GTG;rbs_motif=GGAG/GAGG;rbs_spacer=5-10bp;gc_cont=0.583,93.3,532,518,4.82e-189,284,97,376,2,283,mobileOG_000755939,NA:Keyword,A0A377YBG6,integration/excision,NA,Plasmid RefSeq,Keyword Search,NODE_2_length_643528_cov_39.615041_587, 628640 # 629491 # 1 , 628640,629491,1 ,2_587,2,587,00,GTG,GGAG/GAGG,5-10bp,0.583,NODE_2_length_643528_cov_39.615041,mobileOG_000755939_NODE_2_length_643528_cov_39.615041
159,mobileOG_000720163|NA:Keyword|F2Q980|integration/excision|NA|ICE|Keyword Search,NODE_2_length_643528_cov_39.615041_587 # 628640 # 629491 # 1 # ID=2_587;partial=00;start_type=GTG;rbs_motif=GGAG/GAGG;rbs_spacer=5-10bp;gc_cont=0.583,91.9,527,518,4.56e-187,284,96,376,1,283,mobileOG_000720163,NA:Keyword,F2Q980,integration/excision,NA,ICE,Keyword Search,NODE_2_length_643528_cov_39.615041_587, 628640 # 629491 # 1 , 628640,629491,1 ,2_587,2,587,00,GTG,GGAG/GAGG,5-10bp,0.583,NODE_2_length_643528_cov_39.615041,mobileOG_000720163_NODE_2_length_643528_cov_39.615041
160,mobileOG_000398539|NA:Keyword|A0A3T9SFP6|integration/excision|NA|COMPASS|Keyword Search,NODE_2_length_643528_cov_39.615041_587 # 628640 # 629491 # 1 # ID=2_587;partial=00;start_type=GTG;rbs_motif=GGAG/GAGG;rbs_spacer=5-10bp;gc_cont=0.583,91.9,518,386,1.99e-185,284,97,377,2,283,mobileOG_000398539,NA:Keyword,A0A3T9SFP6,integration/excision,NA,COMPASS,Keyword Search,NODE_2_length_643528_cov_39.615041_587, 628640 # 629491 # 1 , 628640,629491,1 ,2_587,2,587,00,GTG,GGAG/GAGG,5-10bp,0.583,NODE_2_length_643528_cov_39.615041,mobileOG_000398539_NODE_2_length_643528_cov_39.615041
161,mobileOG_000401300|NA:Keyword|WP_106881567.1|integration/excision|NA|COMPASS|Keyword Search,NODE_2_length_643528_cov_39.615041_587 # 628640 # 629491 # 1 # ID=2_587;partial=00;start_type=GTG;rbs_motif=GGAG/GAGG;rbs_spacer=5-10bp;gc_cont=0.583,91.1,517,449,2.63e-184,284,101,380,2,283,mobileOG_000401300,NA:Keyword,WP_106881567.1,integration/excision,NA,COMPASS,Keyword Search,NODE_2_length_643528_cov_39.615041_587, 628640 # 629491 # 1 , 628640,629491,1 ,2_587,2,587,00,GTG,GGAG/GAGG,5-10bp,0.583,NODE_2_length_643528_cov_39.615041,mobileOG_000401300_NODE_2_length_643528_cov_39.615041
162,mobileOG_000401290|NA:Keyword|WP_109013710.1|integration/excision|NA|COMPASS|Keyword Search,NODE_2_length_643528_cov_39.615041_587 # 628640 # 629491 # 1 # ID=2_587;partial=00;start_type=GTG;rbs_motif=GGAG/GAGG;rbs_spacer=5-10bp;gc_cont=0.583,91.1,517,452,2.92e-184,284,101,380,2,283,mobileOG_000401290,NA:Keyword,WP_109013710.1,integration/excision,NA,COMPASS,Keyword Search,NODE_2_length_643528_cov_39.615041_587, 628640 # 629491 # 1 , 628640,629491,1 ,2_587,2,587,00,GTG,GGAG/GAGG,5-10bp,0.583,NODE_2_length_643528_cov_39.615041,mobileOG_000401290_NODE_2_length_643528_cov_39.615041
163,mobileOG_000417960|NA:Keyword|WP_166479924.1|integration/excision|NA|COMPASS|Keyword Search,NODE_2_length_643528_cov_39.615041_587 # 628640 # 629491 # 1 # ID=2_587;partial=00;start_type=GTG;rbs_motif=GGAG/GAGG;rbs_spacer=5-10bp;gc_cont=0.583,90.1,516,470,1.10e-183,284,96,376,1,283,mobileOG_000417960,NA:Keyword,WP_166479924.1,integration/excision,NA,COMPASS,Keyword Search,NODE_2_length_643528_cov_39.615041_587, 628640 # 629491 # 1 , 628640,629491,1 ,2_587,2,587,00,GTG,GGAG/GAGG,5-10bp,0.583,NODE_2_length_643528_cov_39.615041,mobileOG_000417960_NODE_2_length_643528_cov_39.615041
164,mobileOG_000752620|NA:Keyword|WP_136750290.1|integration/excision|NA|Plasmid RefSeq|Keyword Search,NODE_2_length_643528_cov_39.615041_587 # 628640 # 629491 # 1 # ID=2_587;partial=00;start_type=GTG;rbs_motif=GGAG/GAGG;rbs_spacer=5-10bp;gc_cont=0.583,91.1,518,518,1.42e-183,284,97,376,2,283,mobileOG_000752620,NA:Keyword,WP_136750290.1,integration/excision,NA,Plasmid RefSeq,Keyword Search,NODE_2_length_643528_cov_39.615041_587, 628640 # 629491 # 1 , 628640,629491,1 ,2_587,2,587,00,GTG,GGAG/GAGG,5-10bp,0.583,NODE_2_length_643528_cov_39.615041,mobileOG_000752620_NODE_2_length_643528_cov_39.615041
165,mobileOG_000755053|NA:Keyword|WP_086624945.1|integration/excision|NA|Plasmid RefSeq|Keyword Search,NODE_2_length_643528_cov_39.615041_587 # 628640 # 629491 # 1 # ID=2_587;partial=00;start_type=GTG;rbs_motif=GGAG/GAGG;rbs_spacer=5-10bp;gc_cont=0.583,92.2,518,518,1.42e-183,284,97,376,2,283,mobileOG_000755053,NA:Keyword,WP_086624945.1,integration/excision,NA,Plasmid RefSeq,Keyword Search,NODE_2_length_643528_cov_39.615041_587, 628640 # 629491 # 1 , 628640,629491,1 ,2_587,2,587,00,GTG,GGAG/GAGG,5-10bp,0.583,NODE_2_length_643528_cov_39.615041,mobileOG_000755053_NODE_2_length_643528_cov_39.615041
166,mobileOG_000398348|NA:Keyword|WP_001066419.1|integration/excision|NA|Multiple|Keyword Search,NODE_2_length_643528_cov_39.615041_587 # 628640 # 629491 # 1 # ID=2_587;partial=00;start_type=GTG;rbs_motif=GGAG/GAGG;rbs_spacer=5-10bp;gc_cont=0.583,91.1,517,518,2.86e-183,284,97,376,2,283,mobileOG_000398348,NA:Keyword,WP_001066419.1,integration/excision,NA,Multiple,Keyword Search,NODE_2_length_643528_cov_39.615041_587, 628640 # 629491 # 1 , 628640,629491,1 ,2_587,2,587,00,GTG,GGAG/GAGG,5-10bp,0.583,NODE_2_length_643528_cov_39.615041,mobileOG_000398348_NODE_2_length_643528_cov_39.615041
167,mobileOG_000400946|NA:Keyword|WP_106881567.1|integration/excision|NA|Multiple|Keyword Search,NODE_2_length_643528_cov_39.615041_587 # 628640 # 629491 # 1 # ID=2_587;partial=00;start_type=GTG;rbs_motif=GGAG/GAGG;rbs_spacer=5-10bp;gc_cont=0.583,91.1,517,522,3.28e-183,284,101,380,2,283,mobileOG_000400946,NA:Keyword,WP_106881567.1,integration/excision,NA,Multiple,Keyword Search,NODE_2_length_643528_cov_39.615041_587, 628640 # 629491 # 1 , 628640,629491,1 ,2_587,2,587,00,GTG,GGAG/GAGG,5-10bp,0.583,NODE_2_length_643528_cov_39.615041,mobileOG_000400946_NODE_2_length_643528_cov_39.615041
168,mobileOG_000401291|NA:Keyword|WP_109013710.1|integration/excision|NA|Multiple|Keyword Search,NODE_2_length_643528_cov_39.615041_587 # 628640 # 629491 # 1 # ID=2_587;partial=00;start_type=GTG;rbs_motif=GGAG/GAGG;rbs_spacer=5-10bp;gc_cont=0.583,91.1,517,522,3.28e-183,284,101,380,2,283,mobileOG_000401291,NA:Keyword,WP_109013710.1,integration/excision,NA,Multiple,Keyword Search,NODE_2_length_643528_cov_39.615041_587, 628640 # 629491 # 1 , 628640,629491,1 ,2_587,2,587,00,GTG,GGAG/GAGG,5-10bp,0.583,NODE_2_length_643528_cov_39.615041,mobileOG_000401291_NODE_2_length_643528_cov_39.615041
169,mobileOG_000416668|NA:Keyword|WP_012917687.1|integration/excision|NA|Multiple|Keyword Search,NODE_2_length_643528_cov_39.615041_587 # 628640 # 629491 # 1 # ID=2_587;partial=00;start_type=GTG;rbs_motif=GGAG/GAGG;rbs_spacer=5-10bp;gc_cont=0.583,91.1,517,522,3.28e-183,284,101,380,2,283,mobileOG_000416668,NA:Keyword,WP_012917687.1,integration/excision,NA,Multiple,Keyword Search,NODE_2_length_643528_cov_39.615041_587, 628640 # 629491 # 1 , 628640,629491,1 ,2_587,2,587,00,GTG,GGAG/GAGG,5-10bp,0.583,NODE_2_length_643528_cov_39.615041,mobileOG_000416668_NODE_2_length_643528_cov_39.615041
170,mobileOG_000754924|NA:Keyword|WP_106889345.1|integration/excision|NA|Multiple|Keyword Search,NODE_2_length_643528_cov_39.615041_587 # 628640 # 629491 # 1 # ID=2_587;partial=00;start_type=GTG;rbs_motif=GGAG/GAGG;rbs_spacer=5-10bp;gc_cont=0.583,91.1,517,522,3.28e-183,284,101,380,2,283,mobileOG_000754924,NA:Keyword,WP_106889345.1,integration/excision,NA,Multiple,Keyword Search,NODE_2_length_643528_cov_39.615041_587, 628640 # 629491 # 1 , 628640,629491,1 ,2_587,2,587,00,GTG,GGAG/GAGG,5-10bp,0.583,NODE_2_length_643528_cov_39.615041,mobileOG_000754924_NODE_2_length_643528_cov_39.615041
171,mobileOG_000737435|NA:Keyword|A0A3X1APG3|integration/excision|NA|Plasmid RefSeq|Keyword Search,NODE_2_length_643528_cov_39.615041_587 # 628640 # 629491 # 1 # ID=2_587;partial=00;start_type=GTG;rbs_motif=GGAG/GAGG;rbs_spacer=5-10bp;gc_cont=0.583,91.8,517,518,4.06e-183,284,98,376,3,283,mobileOG_000737435,NA:Keyword,A0A3X1APG3,integration/excision,NA,Plasmid RefSeq,Keyword Search,NODE_2_length_643528_cov_39.615041_587, 628640 # 629491 # 1 , 628640,629491,1 ,2_587,2,587,00,GTG,GGAG/GAGG,5-10bp,0.583,NODE_2_length_643528_cov_39.615041,mobileOG_000737435_NODE_2_length_643528_cov_39.615041
172,mobileOG_000753832|NA:Keyword|WP_001066416.1|integration/excision|NA|Multiple|Keyword Search,NODE_2_length_643528_cov_39.615041_587 # 628640 # 629491 # 1 # ID=2_587;partial=00;start_type=GTG;rbs_motif=GGAG/GAGG;rbs_spacer=5-10bp;gc_cont=0.583,91.1,516,518,5.76e-183,284,97,376,2,283,mobileOG_000753832,NA:Keyword,WP_001066416.1,integration/excision,NA,Multiple,Keyword Search,NODE_2_length_643528_cov_39.615041_587, 628640 # 629491 # 1 , 628640,629491,1 ,2_587,2,587,00,GTG,GGAG/GAGG,5-10bp,0.583,NODE_2_length_643528_cov_39.615041,mobileOG_000753832_NODE_2_length_643528_cov_39.615041
173,mobileOG_000319971|recX|WP_033649272.1|replication/recombination/repair|NA|Plasmid RefSeq|Homology,NODE_3_length_492591_cov_60.909808_3 # 3682 # 4197 # -1 # ID=3_3;partial=00;start_type=ATG;rbs_motif=GGA/GAG/AGG;rbs_spacer=5-10bp;gc_cont=0.579,95.9,330,170,1.51e-116,172,1,170,2,171,mobileOG_000319971,recX,WP_033649272.1,replication/recombination/repair,NA,Plasmid RefSeq,Homology,NODE_3_length_492591_cov_60.909808_3, 3682 # 4197 # -1 , 3682,4197,-1 ,3_3,3,3,00,ATG,GGA/GAG/AGG,5-10bp,0.579,NODE_3_length_492591_cov_60.909808,mobileOG_000319971_NODE_3_length_492591_cov_60.909808
174,mobileOG_000023828|recA|WP_004932541.1|replication/recombination/repair|NA|Plasmid RefSeq|Manual,NODE_3_length_492591_cov_60.909808_4 # 4254 # 5318 # -1 # ID=3_4;partial=00;start_type=ATG;rbs_motif=AGGAG;rbs_spacer=5-10bp;gc_cont=0.582,100,685,354,8.21e-251,355,1,354,1,354,mobileOG_000023828,recA,WP_004932541.1,replication/recombination/repair,NA,Plasmid RefSeq,Manual,NODE_3_length_492591_cov_60.909808_4, 4254 # 5318 # -1 , 4254,5318,-1 ,3_4,3,4,00,ATG,AGGAG,5-10bp,0.582,NODE_3_length_492591_cov_60.909808,mobileOG_000023828_NODE_3_length_492591_cov_60.909808
175,mobileOG_000191114|recA|A0A447LSS3|replication/recombination/repair|NA|GPD|Homology,NODE_3_length_492591_cov_60.909808_4 # 4254 # 5318 # -1 # ID=3_4;partial=00;start_type=ATG;rbs_motif=AGGAG;rbs_spacer=5-10bp;gc_cont=0.582,90.4,625,354,3.42e-227,355,1,354,1,354,mobileOG_000191114,recA,A0A447LSS3,replication/recombination/repair,NA,GPD,Homology,NODE_3_length_492591_cov_60.909808_4, 4254 # 5318 # -1 , 4254,5318,-1 ,3_4,3,4,00,ATG,AGGAG,5-10bp,0.582,NODE_3_length_492591_cov_60.909808,mobileOG_000191114_NODE_3_length_492591_cov_60.909808
176,mobileOG_000282617|recA|WP_004155913.1|replication/recombination/repair|NA|Plasmid RefSeq|Homology,NODE_3_length_492591_cov_60.909808_4 # 4254 # 5318 # -1 # ID=3_4;partial=00;start_type=ATG;rbs_motif=AGGAG;rbs_spacer=5-10bp;gc_cont=0.582,94.2,604,355,5.99e-219,355,1,329,1,329,mobileOG_000282617,recA,WP_004155913.1,replication/recombination/repair,NA,Plasmid RefSeq,Homology,NODE_3_length_492591_cov_60.909808_4, 4254 # 5318 # -1 , 4254,5318,-1 ,3_4,3,4,00,ATG,AGGAG,5-10bp,0.582,NODE_3_length_492591_cov_60.909808,mobileOG_000282617_NODE_3_length_492591_cov_60.909808
177,mobileOG_000288450|recA|A0A422XBN5|replication/recombination/repair|NA|Plasmid RefSeq|Homology,NODE_3_length_492591_cov_60.909808_4 # 4254 # 5318 # -1 # ID=3_4;partial=00;start_type=ATG;rbs_motif=AGGAG;rbs_spacer=5-10bp;gc_cont=0.582,92.4,600,352,2.54e-217,355,1,331,1,331,mobileOG_000288450,recA,A0A422XBN5,replication/recombination/repair,NA,Plasmid RefSeq,Homology,NODE_3_length_492591_cov_60.909808_4, 4254 # 5318 # -1 , 4254,5318,-1 ,3_4,3,4,00,ATG,AGGAG,5-10bp,0.582,NODE_3_length_492591_cov_60.909808,mobileOG_000288450_NODE_3_length_492591_cov_60.909808
178,mobileOG_000023825|recA|WP_002914769.1|replication/recombination/repair|NA|Plasmid RefSeq|Manual,NODE_3_length_492591_cov_60.909808_4 # 4254 # 5318 # -1 # ID=3_4;partial=00;start_type=ATG;rbs_motif=AGGAG;rbs_spacer=5-10bp;gc_cont=0.582,92.1,598,352,1.03e-216,355,1,331,1,331,mobileOG_000023825,recA,WP_002914769.1,replication/recombination/repair,NA,Plasmid RefSeq,Manual,NODE_3_length_492591_cov_60.909808_4, 4254 # 5318 # -1 , 4254,5318,-1 ,3_4,3,4,00,ATG,AGGAG,5-10bp,0.582,NODE_3_length_492591_cov_60.909808,mobileOG_000023825_NODE_3_length_492591_cov_60.909808
179,mobileOG_000333655|ygaD|WP_033649270.1|transfer|competence|Plasmid RefSeq|Homology,NODE_3_length_492591_cov_60.909808_5 # 5430 # 5918 # -1 # ID=3_5;partial=00;start_type=ATG;rbs_motif=GGAGG;rbs_spacer=3-4bp;gc_cont=0.650,97.5,299,162,1.25e-104,163,1,162,1,162,mobileOG_000333655,ygaD,WP_033649270.1,transfer,competence,Plasmid RefSeq,Homology,NODE_3_length_492591_cov_60.909808_5, 5430 # 5918 # -1 , 5430,5918,-1 ,3_5,3,5,00,ATG,GGAGG,3-4bp,0.650,NODE_3_length_492591_cov_60.909808,mobileOG_000333655_NODE_3_length_492591_cov_60.909808
180,mobileOG_000282667|mutS|WP_101456629.1|replication/recombination/repair|NA|Plasmid RefSeq|Homology,NODE_3_length_492591_cov_60.909808_16 # 16981 # 19536 # 1 # ID=3_16;partial=00;start_type=ATG;rbs_motif=GGA/GAG/AGG;rbs_spacer=11-12bp;gc_cont=0.638,99.5,1620,853,0.0,852,11,853,9,851,mobileOG_000282667,mutS,WP_101456629.1,replication/recombination/repair,NA,Plasmid RefSeq,Homology,NODE_3_length_492591_cov_60.909808_16, 16981 # 19536 # 1 , 16981,19536,1 ,3_16,3,16,00,ATG,GGA/GAG/AGG,11-12bp,0.638,NODE_3_length_492591_cov_60.909808,mobileOG_000282667_NODE_3_length_492591_cov_60.909808
181,mobileOG_000368556|mazG|WP_033649234.1|stability/transfer/defense|regulation|Plasmid RefSeq|Homology,NODE_3_length_492591_cov_60.909808_48 # 53987 # 54781 # -1 # ID=3_48;partial=00;start_type=ATG;rbs_motif=GGA/GAG/AGG;rbs_spacer=5-10bp;gc_cont=0.625,98.1,506,264,4.09e-183,265,1,264,1,264,mobileOG_000368556,mazG,WP_033649234.1,stability/transfer/defense,regulation,Plasmid RefSeq,Homology,NODE_3_length_492591_cov_60.909808_48, 53987 # 54781 # -1 , 53987,54781,-1 ,3_48,3,48,00,ATG,GGA/GAG/AGG,5-10bp,0.625,NODE_3_length_492591_cov_60.909808,mobileOG_000368556_NODE_3_length_492591_cov_60.909808
182,mobileOG_000368504|ftsZ|WP_004932757.1|replication/recombination/repair|NA|Plasmid RefSeq|Homology,NODE_3_length_492591_cov_60.909808_75 # 84534 # 85688 # -1 # ID=3_75;partial=00;start_type=ATG;rbs_motif=GGAG/GAGG;rbs_spacer=5-10bp;gc_cont=0.596,100,729,384,1.77e-267,385,1,384,1,384,mobileOG_000368504,ftsZ,WP_004932757.1,replication/recombination/repair,NA,Plasmid RefSeq,Homology,NODE_3_length_492591_cov_60.909808_75, 84534 # 85688 # -1 , 84534,85688,-1 ,3_75,3,75,00,ATG,GGAG/GAGG,5-10bp,0.596,NODE_3_length_492591_cov_60.909808,mobileOG_000368504_NODE_3_length_492591_cov_60.909808
183,mobileOG_000326016|ftsZ|WP_002888628.1|replication/recombination/repair|NA|Plasmid RefSeq|Homology,NODE_3_length_492591_cov_60.909808_75 # 84534 # 85688 # -1 # ID=3_75;partial=00;start_type=ATG;rbs_motif=GGAG/GAGG;rbs_spacer=5-10bp;gc_cont=0.596,96.1,693,383,5.12e-253,385,1,383,1,384,mobileOG_000326016,ftsZ,WP_002888628.1,replication/recombination/repair,NA,Plasmid RefSeq,Homology,NODE_3_length_492591_cov_60.909808_75, 84534 # 85688 # -1 , 84534,85688,-1 ,3_75,3,75,00,ATG,GGAG/GAGG,5-10bp,0.596,NODE_3_length_492591_cov_60.909808,mobileOG_000326016_NODE_3_length_492591_cov_60.909808
184,mobileOG_000331629|ftsZ|WP_000462776.1|replication/recombination/repair|NA|Plasmid RefSeq|Homology,NODE_3_length_492591_cov_60.909808_75 # 84534 # 85688 # -1 # ID=3_75;partial=00;start_type=ATG;rbs_motif=GGAG/GAGG;rbs_spacer=5-10bp;gc_cont=0.596,95.3,689,383,1.71e-251,385,1,383,1,384,mobileOG_000331629,ftsZ,WP_000462776.1,replication/recombination/repair,NA,Plasmid RefSeq,Homology,NODE_3_length_492591_cov_60.909808_75, 84534 # 85688 # -1 , 84534,85688,-1 ,3_75,3,75,00,ATG,GGAG/GAGG,5-10bp,0.596,NODE_3_length_492591_cov_60.909808,mobileOG_000331629_NODE_3_length_492591_cov_60.909808
185,mobileOG_000347821|polB|WP_060438125.1|replication/recombination/repair|NA|Plasmid RefSeq|Homology,NODE_3_length_492591_cov_60.909808_110 # 126957 # 129323 # 1 # ID=3_110;partial=00;start_type=ATG;rbs_motif=3Base/5BMM;rbs_spacer=13-15bp;gc_cont=0.640,98.1,1585,788,0.0,789,1,788,1,788,mobileOG_000347821,polB,WP_060438125.1,replication/recombination/repair,NA,Plasmid RefSeq,Homology,NODE_3_length_492591_cov_60.909808_110, 126957 # 129323 # 1 , 126957,129323,1 ,3_110,3,110,00,ATG,3Base/5BMM,13-15bp,0.640,NODE_3_length_492591_cov_60.909808,mobileOG_000347821_NODE_3_length_492591_cov_60.909808
186,mobileOG_000332824|dnaJ|WP_033637051.1|replication/recombination/repair|NA|Plasmid RefSeq|Homology,NODE_3_length_492591_cov_60.909808_142 # 167983 # 169107 # -1 # ID=3_142;partial=00;start_type=ATG;rbs_motif=GGA/GAG/AGG;rbs_spacer=11-12bp;gc_cont=0.612,99.7,654,374,4.22e-238,375,1,374,1,374,mobileOG_000332824,dnaJ,WP_033637051.1,replication/recombination/repair,NA,Plasmid RefSeq,Homology,NODE_3_length_492591_cov_60.909808_142, 167983 # 169107 # -1 , 167983,169107,-1 ,3_142,3,142,00,ATG,GGA/GAG/AGG,11-12bp,0.612,NODE_3_length_492591_cov_60.909808,mobileOG_000332824_NODE_3_length_492591_cov_60.909808
187,"mobileOG_000281499|dnaK|WP_004932972.1|phage|infection,regulation|Plasmid RefSeq|Homology",NODE_3_length_492591_cov_60.909808_143 # 169214 # 171127 # -1 # ID=3_143;partial=00;start_type=ATG;rbs_motif=GGAG/GAGG;rbs_spacer=5-10bp;gc_cont=0.578,99.8,1199,637,0.0,638,1,637,1,637,mobileOG_000281499,dnaK,WP_004932972.1,phage,"infection,regulation",Plasmid RefSeq,Homology,NODE_3_length_492591_cov_60.909808_143, 169214 # 171127 # -1 , 169214,171127,-1 ,3_143,3,143,00,ATG,GGAG/GAGG,5-10bp,0.578,NODE_3_length_492591_cov_60.909808,mobileOG_000281499_NODE_3_length_492591_cov_60.909808
188,"mobileOG_000281490|dnaK|WP_000516135.1|phage|infection,regulation|Multiple|Homology",NODE_3_length_492591_cov_60.909808_143 # 169214 # 171127 # -1 # ID=3_143;partial=00;start_type=ATG;rbs_motif=GGAG/GAGG;rbs_spacer=5-10bp;gc_cont=0.578,91.1,1097,638,0.0,638,1,638,1,637,mobileOG_000281490,dnaK,WP_000516135.1,phage,"infection,regulation",Multiple,Homology,NODE_3_length_492591_cov_60.909808_143, 169214 # 171127 # -1 , 169214,171127,-1 ,3_143,3,143,00,ATG,GGAG/GAGG,5-10bp,0.578,NODE_3_length_492591_cov_60.909808,mobileOG_000281490_NODE_3_length_492591_cov_60.909808
189,"mobileOG_000281497|dnaK|WP_004146997.1|phage|infection,regulation|Plasmid RefSeq|Homology",NODE_3_length_492591_cov_60.909808_143 # 169214 # 171127 # -1 # ID=3_143;partial=00;start_type=ATG;rbs_motif=GGAG/GAGG;rbs_spacer=5-10bp;gc_cont=0.578,90.6,1092,638,0.0,638,1,638,1,637,mobileOG_000281497,dnaK,WP_004146997.1,phage,"infection,regulation",Plasmid RefSeq,Homology,NODE_3_length_492591_cov_60.909808_143, 169214 # 171127 # -1 , 169214,171127,-1 ,3_143,3,143,00,ATG,GGAG/GAGG,5-10bp,0.578,NODE_3_length_492591_cov_60.909808,mobileOG_000281497_NODE_3_length_492591_cov_60.909808
190,mobileOG_000301582|radA|WP_025159617.1|replication/recombination/repair|competence|Plasmid RefSeq|Homology,NODE_3_length_492591_cov_60.909808_169 # 200185 # 201570 # -1 # ID=3_169;partial=00;start_type=GTG;rbs_motif=GGAG/GAGG;rbs_spacer=5-10bp;gc_cont=0.654,99.6,895,461,0.0,462,1,461,1,461,mobileOG_000301582,radA,WP_025159617.1,replication/recombination/repair,competence,Plasmid RefSeq,Homology,NODE_3_length_492591_cov_60.909808_169, 200185 # 201570 # -1 , 200185,201570,-1 ,3_169,3,169,00,GTG,GGAG/GAGG,5-10bp,0.654,NODE_3_length_492591_cov_60.909808,mobileOG_000301582_NODE_3_length_492591_cov_60.909808
191,mobileOG_000025504|radA|A0A0H3JJ52|replication/recombination/repair|NA|Plasmid RefSeq|Manual,NODE_3_length_492591_cov_60.909808_169 # 200185 # 201570 # -1 # ID=3_169;partial=00;start_type=GTG;rbs_motif=GGAG/GAGG;rbs_spacer=5-10bp;gc_cont=0.654,91.5,830,460,1.15e-304,462,1,459,1,459,mobileOG_000025504,radA,A0A0H3JJ52,replication/recombination/repair,NA,Plasmid RefSeq,Manual,NODE_3_length_492591_cov_60.909808_169, 200185 # 201570 # -1 , 200185,201570,-1 ,3_169,3,169,00,GTG,GGAG/GAGG,5-10bp,0.654,NODE_3_length_492591_cov_60.909808,mobileOG_000025504_NODE_3_length_492591_cov_60.909808
192,mobileOG_000334077|radA|WP_001029696.1|replication/recombination/repair|competence|Plasmid RefSeq|Homology,NODE_3_length_492591_cov_60.909808_169 # 200185 # 201570 # -1 # ID=3_169;partial=00;start_type=GTG;rbs_motif=GGAG/GAGG;rbs_spacer=5-10bp;gc_cont=0.654,91.3,828,460,4.70e-304,462,1,459,1,459,mobileOG_000334077,radA,WP_001029696.1,replication/recombination/repair,competence,Plasmid RefSeq,Homology,NODE_3_length_492591_cov_60.909808_169, 200185 # 201570 # -1 , 200185,201570,-1 ,3_169,3,169,00,GTG,GGAG/GAGG,5-10bp,0.654,NODE_3_length_492591_cov_60.909808,mobileOG_000334077_NODE_3_length_492591_cov_60.909808
193,mobileOG_000336472|radA|WP_101416475.1|replication/recombination/repair|competence|Plasmid RefSeq|Homology,NODE_3_length_492591_cov_60.909808_169 # 200185 # 201570 # -1 # ID=3_169;partial=00;start_type=GTG;rbs_motif=GGAG/GAGG;rbs_spacer=5-10bp;gc_cont=0.654,90.4,818,460,4.29e-300,462,1,459,1,459,mobileOG_000336472,radA,WP_101416475.1,replication/recombination/repair,competence,Plasmid RefSeq,Homology,NODE_3_length_492591_cov_60.909808_169, 200185 # 201570 # -1 , 200185,201570,-1 ,3_169,3,169,00,GTG,GGAG/GAGG,5-10bp,0.654,NODE_3_length_492591_cov_60.909808,mobileOG_000336472_NODE_3_length_492591_cov_60.909808
194,"mobileOG_000368531|nusA|WP_019453340.1|phage|regulation,infection|Plasmid RefSeq|Homology",NODE_3_length_492591_cov_60.909808_355 # 401647 # 403155 # -1 # ID=3_355;partial=00;start_type=ATG;rbs_motif=GGAG/GAGG;rbs_spacer=5-10bp;gc_cont=0.573,99.8,952,502,0.0,503,1,502,1,502,mobileOG_000368531,nusA,WP_019453340.1,phage,"regulation,infection",Plasmid RefSeq,Homology,NODE_3_length_492591_cov_60.909808_355, 401647 # 403155 # -1 , 401647,403155,-1 ,3_355,3,355,00,ATG,GGAG/GAGG,5-10bp,0.573,NODE_3_length_492591_cov_60.909808,mobileOG_000368531_NODE_3_length_492591_cov_60.909808
195,"mobileOG_000368505|ftsH|WP_004933529.1|phage|infection,regulation|Plasmid RefSeq|Homology",NODE_3_length_492591_cov_60.909808_360 # 406967 # 408898 # -1 # ID=3_360;partial=00;start_type=ATG;rbs_motif=GGA/GAG/AGG;rbs_spacer=3-4bp;gc_cont=0.594,100,1248,643,0.0,644,1,643,1,643,mobileOG_000368505,ftsH,WP_004933529.1,phage,"infection,regulation",Plasmid RefSeq,Homology,NODE_3_length_492591_cov_60.909808_360, 406967 # 408898 # -1 , 406967,408898,-1 ,3_360,3,360,00,ATG,GGA/GAG/AGG,3-4bp,0.594,NODE_3_length_492591_cov_60.909808,mobileOG_000368505_NODE_3_length_492591_cov_60.909808
196,"mobileOG_000289028|ftsH|WP_008806637.1|phage|infection,regulation|Plasmid RefSeq|Homology",NODE_3_length_492591_cov_60.909808_360 # 406967 # 408898 # -1 # ID=3_360;partial=00;start_type=ATG;rbs_motif=GGA/GAG/AGG;rbs_spacer=3-4bp;gc_cont=0.594,94.7,1189,644,0.0,644,1,641,1,641,mobileOG_000289028,ftsH,WP_008806637.1,phage,"infection,regulation",Plasmid RefSeq,Homology,NODE_3_length_492591_cov_60.909808_360, 406967 # 408898 # -1 , 406967,408898,-1 ,3_360,3,360,00,ATG,GGA/GAG/AGG,3-4bp,0.594,NODE_3_length_492591_cov_60.909808,mobileOG_000289028_NODE_3_length_492591_cov_60.909808
197,"mobileOG_000288420|ftsH|A0A422XC88|phage|infection,regulation|Plasmid RefSeq|Homology",NODE_3_length_492591_cov_60.909808_360 # 406967 # 408898 # -1 # ID=3_360;partial=00;start_type=ATG;rbs_motif=GGA/GAG/AGG;rbs_spacer=3-4bp;gc_cont=0.594,94.5,1186,644,0.0,644,1,641,1,641,mobileOG_000288420,ftsH,A0A422XC88,phage,"infection,regulation",Plasmid RefSeq,Homology,NODE_3_length_492591_cov_60.909808_360, 406967 # 408898 # -1 , 406967,408898,-1 ,3_360,3,360,00,ATG,GGA/GAG/AGG,3-4bp,0.594,NODE_3_length_492591_cov_60.909808,mobileOG_000288420_NODE_3_length_492591_cov_60.909808
198,"mobileOG_000354058|ftsH|WP_001107481.1|phage|infection,regulation|Plasmid RefSeq|Homology",NODE_3_length_492591_cov_60.909808_360 # 406967 # 408898 # -1 # ID=3_360;partial=00;start_type=ATG;rbs_motif=GGA/GAG/AGG;rbs_spacer=3-4bp;gc_cont=0.594,94.4,1185,644,0.0,644,1,641,1,641,mobileOG_000354058,ftsH,WP_001107481.1,phage,"infection,regulation",Plasmid RefSeq,Homology,NODE_3_length_492591_cov_60.909808_360, 406967 # 408898 # -1 , 406967,408898,-1 ,3_360,3,360,00,ATG,GGA/GAG/AGG,3-4bp,0.594,NODE_3_length_492591_cov_60.909808,mobileOG_000354058_NODE_3_length_492591_cov_60.909808
199,"mobileOG_000003236|hflB|A0A383JRI2|phage|infection,regulation|COMPASS|Manual",NODE_3_length_492591_cov_60.909808_360 # 406967 # 408898 # -1 # ID=3_360;partial=00;start_type=ATG;rbs_motif=GGA/GAG/AGG;rbs_spacer=3-4bp;gc_cont=0.594,94.2,1181,647,0.0,644,4,644,1,641,mobileOG_000003236,hflB,A0A383JRI2,phage,"infection,regulation",COMPASS,Manual,NODE_3_length_492591_cov_60.909808_360, 406967 # 408898 # -1 , 406967,408898,-1 ,3_360,3,360,00,ATG,GGA/GAG/AGG,3-4bp,0.594,NODE_3_length_492591_cov_60.909808,mobileOG_000003236_NODE_3_length_492591_cov_60.909808
200,"mobileOG_000354057|ftsH|WP_001107467.1|phage|infection,regulation|Plasmid RefSeq|Homology",NODE_3_length_492591_cov_60.909808_360 # 406967 # 408898 # -1 # ID=3_360;partial=00;start_type=ATG;rbs_motif=GGA/GAG/AGG;rbs_spacer=3-4bp;gc_cont=0.594,94.2,1181,644,0.0,644,1,641,1,641,mobileOG_000354057,ftsH,WP_001107467.1,phage,"infection,regulation",Plasmid RefSeq,Homology,NODE_3_length_492591_cov_60.909808_360, 406967 # 408898 # -1 , 406967,408898,-1 ,3_360,3,360,00,ATG,GGA/GAG/AGG,3-4bp,0.594,NODE_3_length_492591_cov_60.909808,mobileOG_000354057_NODE_3_length_492591_cov_60.909808
201,"mobileOG_000374409|ner|WP_033636812.1|phage|infection,regulation|Plasmid RefSeq|Homology",NODE_3_length_492591_cov_60.909808_373 # 418749 # 419009 # 1 # ID=3_373;partial=00;start_type=ATG;rbs_motif=AGGA;rbs_spacer=5-10bp;gc_cont=0.598,98.8,183,86,3.69e-61,87,1,86,1,86,mobileOG_000374409,ner,WP_033636812.1,phage,"infection,regulation",Plasmid RefSeq,Homology,NODE_3_length_492591_cov_60.909808_373, 418749 # 419009 # 1 , 418749,419009,1 ,3_373,3,373,00,ATG,AGGA,5-10bp,0.598,NODE_3_length_492591_cov_60.909808,mobileOG_000374409_NODE_3_length_492591_cov_60.909808
202,mobileOG_000365461|rnr|WP_039567854.1|replication/recombination/repair|NA|Plasmid RefSeq|Homology,NODE_3_length_492591_cov_60.909808_405 # 449115 # 451589 # -1 # ID=3_405;partial=00;start_type=ATG;rbs_motif=GGAGG;rbs_spacer=5-10bp;gc_cont=0.625,99.9,1596,824,0.0,825,1,824,1,824,mobileOG_000365461,rnr,WP_039567854.1,replication/recombination/repair,NA,Plasmid RefSeq,Homology,NODE_3_length_492591_cov_60.909808_405, 449115 # 451589 # -1 , 449115,451589,-1 ,3_405,3,405,00,ATG,GGAGG,5-10bp,0.625,NODE_3_length_492591_cov_60.909808,mobileOG_000365461_NODE_3_length_492591_cov_60.909808
203,"mobileOG_000368506|hflC|WP_004933669.1|phage|lysis/lysogeny,regulation|Plasmid RefSeq|Homology",NODE_3_length_492591_cov_60.909808_409 # 453969 # 454973 # -1 # ID=3_409;partial=00;start_type=ATG;rbs_motif=GGAG/GAGG;rbs_spacer=5-10bp;gc_cont=0.608,100,561,334,1.43e-202,335,1,334,1,334,mobileOG_000368506,hflC,WP_004933669.1,phage,"lysis/lysogeny,regulation",Plasmid RefSeq,Homology,NODE_3_length_492591_cov_60.909808_409, 453969 # 454973 # -1 , 453969,454973,-1 ,3_409,3,409,00,ATG,GGAG/GAGG,5-10bp,0.608,NODE_3_length_492591_cov_60.909808,mobileOG_000368506_NODE_3_length_492591_cov_60.909808
204,"mobileOG_000335694|hflK|WP_033636782.1|phage|lysis/lysogeny,regulation|Plasmid RefSeq|Homology",NODE_3_length_492591_cov_60.909808_410 # 454977 # 456230 # -1 # ID=3_410;partial=00;start_type=ATG;rbs_motif=GGAG/GAGG;rbs_spacer=5-10bp;gc_cont=0.611,99.0,749,416,5.33e-274,418,1,416,1,417,mobileOG_000335694,hflK,WP_033636782.1,phage,"lysis/lysogeny,regulation",Plasmid RefSeq,Homology,NODE_3_length_492591_cov_60.909808_410, 454977 # 456230 # -1 , 454977,456230,-1 ,3_410,3,410,00,ATG,GGAG/GAGG,5-10bp,0.611,NODE_3_length_492591_cov_60.909808,mobileOG_000335694_NODE_3_length_492591_cov_60.909808
205,mobileOG_000325588|mutL|WP_101456617.1|replication/recombination/repair|NA|Plasmid RefSeq|Homology,NODE_3_length_492591_cov_60.909808_414 # 459035 # 460918 # -1 # ID=3_414;partial=00;start_type=ATG;rbs_motif=AGGAG;rbs_spacer=5-10bp;gc_cont=0.627,95.5,1168,627,0.0,628,1,627,1,627,mobileOG_000325588,mutL,WP_101456617.1,replication/recombination/repair,NA,Plasmid RefSeq,Homology,NODE_3_length_492591_cov_60.909808_414, 459035 # 460918 # -1 , 459035,460918,-1 ,3_414,3,414,00,ATG,AGGAG,5-10bp,0.627,NODE_3_length_492591_cov_60.909808,mobileOG_000325588_NODE_3_length_492591_cov_60.909808
206,mobileOG_000363951|ecnB|WP_019453400.1|stability/transfer/defense|NA|Plasmid RefSeq|Homology,NODE_3_length_492591_cov_60.909808_431 # 479009 # 479140 # -1 # ID=3_431;partial=00;start_type=ATG;rbs_motif=None;rbs_spacer=None;gc_cont=0.568,97.7,82.8,43,1.90e-22,44,1,43,1,43,mobileOG_000363951,ecnB,WP_019453400.1,stability/transfer/defense,NA,Plasmid RefSeq,Homology,NODE_3_length_492591_cov_60.909808_431, 479009 # 479140 # -1 , 479009,479140,-1 ,3_431,3,431,00,ATG,None,None,0.568,NODE_3_length_492591_cov_60.909808,mobileOG_000363951_NODE_3_length_492591_cov_60.909808
207,"mobileOG_000355278|groL|WP_004929662.1|phage|replication,chaperone|Plasmid RefSeq|Homology",NODE_3_length_492591_cov_60.909808_436 # 483310 # 484956 # -1 # ID=3_436;partial=00;start_type=ATG;rbs_motif=GGA/GAG/AGG;rbs_spacer=5-10bp;gc_cont=0.576,100,987,548,0.0,549,1,548,1,548,mobileOG_000355278,groL,WP_004929662.1,phage,"replication,chaperone",Plasmid RefSeq,Homology,NODE_3_length_492591_cov_60.909808_436, 483310 # 484956 # -1 , 483310,484956,-1 ,3_436,3,436,00,ATG,GGA/GAG/AGG,5-10bp,0.576,NODE_3_length_492591_cov_60.909808,mobileOG_000355278_NODE_3_length_492591_cov_60.909808
208,"mobileOG_000290240|groL|WP_000729117.1|phage|replication,chaperone|Plasmid RefSeq|Homology",NODE_3_length_492591_cov_60.909808_436 # 483310 # 484956 # -1 # ID=3_436;partial=00;start_type=ATG;rbs_motif=GGA/GAG/AGG;rbs_spacer=5-10bp;gc_cont=0.576,94.3,934,548,0.0,549,1,548,1,548,mobileOG_000290240,groL,WP_000729117.1,phage,"replication,chaperone",Plasmid RefSeq,Homology,NODE_3_length_492591_cov_60.909808_436, 483310 # 484956 # -1 , 483310,484956,-1 ,3_436,3,436,00,ATG,GGA/GAG/AGG,5-10bp,0.576,NODE_3_length_492591_cov_60.909808,mobileOG_000290240_NODE_3_length_492591_cov_60.909808
209,"mobileOG_000289036|groL|WP_008807218.1|phage|replication,chaperone|Plasmid RefSeq|Homology",NODE_3_length_492591_cov_60.909808_436 # 483310 # 484956 # -1 # ID=3_436;partial=00;start_type=ATG;rbs_motif=GGA/GAG/AGG;rbs_spacer=5-10bp;gc_cont=0.576,93.2,932,548,0.0,549,1,548,1,548,mobileOG_000289036,groL,WP_008807218.1,phage,"replication,chaperone",Plasmid RefSeq,Homology,NODE_3_length_492591_cov_60.909808_436, 483310 # 484956 # -1 , 483310,484956,-1 ,3_436,3,436,00,ATG,GGA/GAG/AGG,5-10bp,0.576,NODE_3_length_492591_cov_60.909808,mobileOG_000289036_NODE_3_length_492591_cov_60.909808
210,"mobileOG_000026160|groL|A0A0W8A593|phage|replication,chaperone|Plasmid RefSeq|Manual",NODE_3_length_492591_cov_60.909808_436 # 483310 # 484956 # -1 # ID=3_436;partial=00;start_type=ATG;rbs_motif=GGA/GAG/AGG;rbs_spacer=5-10bp;gc_cont=0.576,93.2,931,548,0.0,549,1,548,1,548,mobileOG_000026160,groL,A0A0W8A593,phage,"replication,chaperone",Plasmid RefSeq,Manual,NODE_3_length_492591_cov_60.909808_436, 483310 # 484956 # -1 , 483310,484956,-1 ,3_436,3,436,00,ATG,GGA/GAG/AGG,5-10bp,0.576,NODE_3_length_492591_cov_60.909808,mobileOG_000026160_NODE_3_length_492591_cov_60.909808
211,"mobileOG_000355550|groL|WP_101473286.1|phage|replication,chaperone|Plasmid RefSeq|Homology",NODE_3_length_492591_cov_60.909808_436 # 483310 # 484956 # -1 # ID=3_436;partial=00;start_type=ATG;rbs_motif=GGA/GAG/AGG;rbs_spacer=5-10bp;gc_cont=0.576,93.1,931,548,0.0,549,1,548,1,548,mobileOG_000355550,groL,WP_101473286.1,phage,"replication,chaperone",Plasmid RefSeq,Homology,NODE_3_length_492591_cov_60.909808_436, 483310 # 484956 # -1 , 483310,484956,-1 ,3_436,3,436,00,ATG,GGA/GAG/AGG,5-10bp,0.576,NODE_3_length_492591_cov_60.909808,mobileOG_000355550_NODE_3_length_492591_cov_60.909808
212,mobileOG_000351473|groS|EBJ67183.1|phage|structural|Plasmid RefSeq|Homology,NODE_3_length_492591_cov_60.909808_437 # 485001 # 485294 # -1 # ID=3_437;partial=00;start_type=ATG;rbs_motif=AGGAG;rbs_spacer=5-10bp;gc_cont=0.493,100,184,97,4.06e-61,98,1,97,1,97,mobileOG_000351473,groS,EBJ67183.1,phage,structural,Plasmid RefSeq,Homology,NODE_3_length_492591_cov_60.909808_437, 485001 # 485294 # -1 , 485001,485294,-1 ,3_437,3,437,00,ATG,AGGAG,5-10bp,0.493,NODE_3_length_492591_cov_60.909808,mobileOG_000351473_NODE_3_length_492591_cov_60.909808
213,mobileOG_000340853|groS|WP_003855929.1|phage|structural|Plasmid RefSeq|Homology,NODE_3_length_492591_cov_60.909808_437 # 485001 # 485294 # -1 # ID=3_437;partial=00;start_type=ATG;rbs_motif=AGGAG;rbs_spacer=5-10bp;gc_cont=0.493,91.8,176,97,9.22e-58,98,1,97,1,97,mobileOG_000340853,groS,WP_003855929.1,phage,structural,Plasmid RefSeq,Homology,NODE_3_length_492591_cov_60.909808_437, 485001 # 485294 # -1 , 485001,485294,-1 ,3_437,3,437,00,ATG,AGGAG,5-10bp,0.493,NODE_3_length_492591_cov_60.909808,mobileOG_000340853_NODE_3_length_492591_cov_60.909808
214,mobileOG_000317451|groS|A0A422X382|phage|structural|Plasmid RefSeq|Homology,NODE_3_length_492591_cov_60.909808_437 # 485001 # 485294 # -1 # ID=3_437;partial=00;start_type=ATG;rbs_motif=AGGAG;rbs_spacer=5-10bp;gc_cont=0.493,91.8,175,97,1.31e-57,98,1,97,1,97,mobileOG_000317451,groS,A0A422X382,phage,structural,Plasmid RefSeq,Homology,NODE_3_length_492591_cov_60.909808_437, 485001 # 485294 # -1 , 485001,485294,-1 ,3_437,3,437,00,ATG,AGGAG,5-10bp,0.493,NODE_3_length_492591_cov_60.909808,mobileOG_000317451_NODE_3_length_492591_cov_60.909808
215,mobileOG_000330918|groS|WP_004240601.1|phage|structural|Plasmid RefSeq|Homology,NODE_3_length_492591_cov_60.909808_437 # 485001 # 485294 # -1 # ID=3_437;partial=00;start_type=ATG;rbs_motif=AGGAG;rbs_spacer=5-10bp;gc_cont=0.493,90.7,172,97,3.09e-56,98,1,97,1,97,mobileOG_000330918,groS,WP_004240601.1,phage,structural,Plasmid RefSeq,Homology,NODE_3_length_492591_cov_60.909808_437, 485001 # 485294 # -1 , 485001,485294,-1 ,3_437,3,437,00,ATG,AGGAG,5-10bp,0.493,NODE_3_length_492591_cov_60.909808,mobileOG_000330918_NODE_3_length_492591_cov_60.909808
216,"mobileOG_000327600|fxsA|WP_033636764.1|phage|replication,transfer|Plasmid RefSeq|Homology",NODE_3_length_492591_cov_60.909808_438 # 485484 # 485972 # -1 # ID=3_438;partial=00;start_type=GTG;rbs_motif=AGGAG;rbs_spacer=5-10bp;gc_cont=0.599,97.5,291,162,1.40e-101,163,1,162,1,162,mobileOG_000327600,fxsA,WP_033636764.1,phage,"replication,transfer",Plasmid RefSeq,Homology,NODE_3_length_492591_cov_60.909808_438, 485484 # 485972 # -1 , 485484,485972,-1 ,3_438,3,438,00,GTG,AGGAG,5-10bp,0.599,NODE_3_length_492591_cov_60.909808,mobileOG_000327600_NODE_3_length_492591_cov_60.909808
217,mobileOG_000365480|nfo|WP_033635262.1|replication/recombination/repair|NA|Plasmid RefSeq|Homology,NODE_4_length_390632_cov_43.935830_31 # 35466 # 36305 # -1 # ID=4_31;partial=00;start_type=ATG;rbs_motif=AGGAG;rbs_spacer=5-10bp;gc_cont=0.604,99.3,563,279,3.57e-205,280,1,279,1,279,mobileOG_000365480,nfo,WP_033635262.1,replication/recombination/repair,NA,Plasmid RefSeq,Homology,NODE_4_length_390632_cov_43.935830_31, 35466 # 36305 # -1 , 35466,36305,-1 ,4_31,4,31,00,ATG,AGGAG,5-10bp,0.604,NODE_4_length_390632_cov_43.935830,mobileOG_000365480_NODE_4_length_390632_cov_43.935830
218,mobileOG_000365481|nfo|WP_033643802.1|replication/recombination/repair|NA|Plasmid RefSeq|Homology,NODE_4_length_390632_cov_43.935830_31 # 35466 # 36305 # -1 # ID=4_31;partial=00;start_type=ATG;rbs_motif=AGGAG;rbs_spacer=5-10bp;gc_cont=0.604,98.6,559,279,1.70e-203,280,1,279,1,279,mobileOG_000365481,nfo,WP_033643802.1,replication/recombination/repair,NA,Plasmid RefSeq,Homology,NODE_4_length_390632_cov_43.935830_31, 35466 # 36305 # -1 , 35466,36305,-1 ,4_31,4,31,00,ATG,AGGAG,5-10bp,0.604,NODE_4_length_390632_cov_43.935830,mobileOG_000365481_NODE_4_length_390632_cov_43.935830
219,mobileOG_000336681|sbcB|WP_060435614.1|replication/recombination/repair|stability/transfer/defense|Plasmid RefSeq|Homology,NODE_4_length_390632_cov_43.935830_47 # 54895 # 56325 # -1 # ID=4_47;partial=00;start_type=GTG;rbs_motif=GGA/GAG/AGG;rbs_spacer=11-12bp;gc_cont=0.616,99.2,954,476,0.0,477,1,476,1,476,mobileOG_000336681,sbcB,WP_060435614.1,replication/recombination/repair,stability/transfer/defense,Plasmid RefSeq,Homology,NODE_4_length_390632_cov_43.935830_47, 54895 # 56325 # -1 , 54895,56325,-1 ,4_47,4,47,00,GTG,GGA/GAG/AGG,11-12bp,0.616,NODE_4_length_390632_cov_43.935830,mobileOG_000336681_NODE_4_length_390632_cov_43.935830
220,mobileOG_000331689|sbcB|WP_101453939.1|replication/recombination/repair|stability/transfer/defense|Plasmid RefSeq|Homology,NODE_4_length_390632_cov_43.935830_47 # 54895 # 56325 # -1 # ID=4_47;partial=00;start_type=GTG;rbs_motif=GGA/GAG/AGG;rbs_spacer=11-12bp;gc_cont=0.616,98.9,952,476,0.0,477,1,476,1,476,mobileOG_000331689,sbcB,WP_101453939.1,replication/recombination/repair,stability/transfer/defense,Plasmid RefSeq,Homology,NODE_4_length_390632_cov_43.935830_47, 54895 # 56325 # -1 , 54895,56325,-1 ,4_47,4,47,00,GTG,GGA/GAG/AGG,11-12bp,0.616,NODE_4_length_390632_cov_43.935830,mobileOG_000331689_NODE_4_length_390632_cov_43.935830
221,mobileOG_000326136|sbcB|WP_101455532.1|replication/recombination/repair|stability/transfer/defense|Plasmid RefSeq|Homology,NODE_4_length_390632_cov_43.935830_47 # 54895 # 56325 # -1 # ID=4_47;partial=00;start_type=GTG;rbs_motif=GGA/GAG/AGG;rbs_spacer=11-12bp;gc_cont=0.616,98.7,934,475,0.0,477,8,475,9,476,mobileOG_000326136,sbcB,WP_101455532.1,replication/recombination/repair,stability/transfer/defense,Plasmid RefSeq,Homology,NODE_4_length_390632_cov_43.935830_47, 54895 # 56325 # -1 , 54895,56325,-1 ,4_47,4,47,00,GTG,GGA/GAG/AGG,11-12bp,0.616,NODE_4_length_390632_cov_43.935830,mobileOG_000326136_NODE_4_length_390632_cov_43.935830
222,mobileOG_000319709|intA_3|WP_101453938.1|integration/excision|NA|Plasmid RefSeq|Homology,NODE_4_length_390632_cov_43.935830_48 # 56506 # 57693 # 1 # ID=4_48;partial=00;start_type=ATG;rbs_motif=None;rbs_spacer=None;gc_cont=0.492,98.5,790,395,6.98e-291,396,1,395,1,395,mobileOG_000319709,intA_3,WP_101453938.1,integration/excision,NA,Plasmid RefSeq,Homology,NODE_4_length_390632_cov_43.935830_48, 56506 # 57693 # 1 , 56506,57693,1 ,4_48,4,48,00,ATG,None,None,0.492,NODE_4_length_390632_cov_43.935830,mobileOG_000319709_NODE_4_length_390632_cov_43.935830
223,mobileOG_000319263|intA_3|WP_101456491.1|integration/excision|NA|Plasmid RefSeq|Homology,NODE_4_length_390632_cov_43.935830_48 # 56506 # 57693 # 1 # ID=4_48;partial=00;start_type=ATG;rbs_motif=None;rbs_spacer=None;gc_cont=0.492,98.0,785,395,4.71e-289,396,1,394,1,394,mobileOG_000319263,intA_3,WP_101456491.1,integration/excision,NA,Plasmid RefSeq,Homology,NODE_4_length_390632_cov_43.935830_48, 56506 # 57693 # 1 , 56506,57693,1 ,4_48,4,48,00,ATG,None,None,0.492,NODE_4_length_390632_cov_43.935830,mobileOG_000319263_NODE_4_length_390632_cov_43.935830
224,mobileOG_000308888|dcm|WP_101453935.1|stability/transfer/defense|NA|Plasmid RefSeq|Homology,NODE_4_length_390632_cov_43.935830_51 # 59158 # 60051 # -1 # ID=4_51;partial=00;start_type=ATG;rbs_motif=AGGA;rbs_spacer=5-10bp;gc_cont=0.551,97.0,598,297,1.93e-218,298,1,297,1,297,mobileOG_000308888,dcm,WP_101453935.1,stability/transfer/defense,NA,Plasmid RefSeq,Homology,NODE_4_length_390632_cov_43.935830_51, 59158 # 60051 # -1 , 59158,60051,-1 ,4_51,4,51,00,ATG,AGGA,5-10bp,0.551,NODE_4_length_390632_cov_43.935830,mobileOG_000308888_NODE_4_length_390632_cov_43.935830
225,"mobileOG_000313266|cohE|WP_101456483.1|phage|regulation,lysis/lysogeny|Plasmid RefSeq|Homology",NODE_4_length_390632_cov_43.935830_58 # 63832 # 64542 # -1 # ID=4_58;partial=00;start_type=ATG;rbs_motif=3Base/5BMM;rbs_spacer=13-15bp;gc_cont=0.467,98.7,463,236,3.95e-167,237,1,236,1,236,mobileOG_000313266,cohE,WP_101456483.1,phage,"regulation,lysis/lysogeny",Plasmid RefSeq,Homology,NODE_4_length_390632_cov_43.935830_58, 63832 # 64542 # -1 , 63832,64542,-1 ,4_58,4,58,00,ATG,3Base/5BMM,13-15bp,0.467,NODE_4_length_390632_cov_43.935830,mobileOG_000313266_NODE_4_length_390632_cov_43.935830
226,"mobileOG_000189158|cohE|WP_101456483.1|phage|regulation,lysis/lysogeny|GPD|Homology",NODE_4_length_390632_cov_43.935830_58 # 63832 # 64542 # -1 # ID=4_58;partial=00;start_type=ATG;rbs_motif=3Base/5BMM;rbs_spacer=13-15bp;gc_cont=0.467,92.8,434,252,3.85e-155,237,17,252,1,236,mobileOG_000189158,cohE,WP_101456483.1,phage,"regulation,lysis/lysogeny",GPD,Homology,NODE_4_length_390632_cov_43.935830_58, 63832 # 64542 # -1 , 63832,64542,-1 ,4_58,4,58,00,ATG,3Base/5BMM,13-15bp,0.467,NODE_4_length_390632_cov_43.935830,mobileOG_000189158_NODE_4_length_390632_cov_43.935830
227,mobileOG_000377225|ninG|WP_063990587.1|phage|replication/recombination/repair|Multiple|Homology,NODE_4_length_390632_cov_43.935830_63 # 68471 # 69049 # 1 # ID=4_63;partial=00;start_type=ATG;rbs_motif=GGAG/GAGG;rbs_spacer=5-10bp;gc_cont=0.554,97.9,376,192,3.89e-134,193,1,192,1,192,mobileOG_000377225,ninG,WP_063990587.1,phage,replication/recombination/repair,Multiple,Homology,NODE_4_length_390632_cov_43.935830_63, 68471 # 69049 # 1 , 68471,69049,1 ,4_63,4,63,00,ATG,GGAG/GAGG,5-10bp,0.554,NODE_4_length_390632_cov_43.935830,mobileOG_000377225_NODE_4_length_390632_cov_43.935830
228,mobileOG_000162521|ninG|WP_063990587.1|phage|replication/recombination/repair|GPD|Homology,NODE_4_length_390632_cov_43.935830_63 # 68471 # 69049 # 1 # ID=4_63;partial=00;start_type=ATG;rbs_motif=GGAG/GAGG;rbs_spacer=5-10bp;gc_cont=0.554,97.4,375,192,1.58e-133,193,1,192,1,192,mobileOG_000162521,ninG,WP_063990587.1,phage,replication/recombination/repair,GPD,Homology,NODE_4_length_390632_cov_43.935830_63, 68471 # 69049 # 1 , 68471,69049,1 ,4_63,4,63,00,ATG,GGAG/GAGG,5-10bp,0.554,NODE_4_length_390632_cov_43.935830,mobileOG_000162521_NODE_4_length_390632_cov_43.935830
229,mobileOG_000378441|ninG|WP_101453929.1|phage|replication/recombination/repair|Plasmid RefSeq|Homology,NODE_4_length_390632_cov_43.935830_63 # 68471 # 69049 # 1 # ID=4_63;partial=00;start_type=ATG;rbs_motif=GGAG/GAGG;rbs_spacer=5-10bp;gc_cont=0.554,96.9,373,192,6.45e-133,193,1,192,1,192,mobileOG_000378441,ninG,WP_101453929.1,phage,replication/recombination/repair,Plasmid RefSeq,Homology,NODE_4_length_390632_cov_43.935830_63, 68471 # 69049 # 1 , 68471,69049,1 ,4_63,4,63,00,ATG,GGAG/GAGG,5-10bp,0.554,NODE_4_length_390632_cov_43.935830,mobileOG_000378441_NODE_4_length_390632_cov_43.935830
230,mobileOG_000189156|rsrIM|WP_101456478.1|stability/transfer/defense|NA|GPD|Homology,NODE_4_length_390632_cov_43.935830_67 # 71319 # 72347 # 1 # ID=4_67;partial=00;start_type=ATG;rbs_motif=GGA/GAG/AGG;rbs_spacer=5-10bp;gc_cont=0.549,99.1,659,342,5.26e-241,343,1,342,1,342,mobileOG_000189156,rsrIM,WP_101456478.1,stability/transfer/defense,NA,GPD,Homology,NODE_4_length_390632_cov_43.935830_67, 71319 # 72347 # 1 , 71319,72347,1 ,4_67,4,67,00,ATG,GGA/GAG/AGG,5-10bp,0.549,NODE_4_length_390632_cov_43.935830,mobileOG_000189156_NODE_4_length_390632_cov_43.935830
231,mobileOG_000162522|rsrIM|WP_101456478.1|stability/transfer/defense|NA|GPD|Homology,NODE_4_length_390632_cov_43.935830_67 # 71319 # 72347 # 1 # ID=4_67;partial=00;start_type=ATG;rbs_motif=GGA/GAG/AGG;rbs_spacer=5-10bp;gc_cont=0.549,98.5,657,342,4.32e-240,343,1,342,1,342,mobileOG_000162522,rsrIM,WP_101456478.1,stability/transfer/defense,NA,GPD,Homology,NODE_4_length_390632_cov_43.935830_67, 71319 # 72347 # 1 , 71319,72347,1 ,4_67,4,67,00,ATG,GGA/GAG/AGG,5-10bp,0.549,NODE_4_length_390632_cov_43.935830,mobileOG_000162522_NODE_4_length_390632_cov_43.935830
232,mobileOG_000308883|rsrIM|WP_101456478.1|stability/transfer/defense|NA|Plasmid RefSeq|Homology,NODE_4_length_390632_cov_43.935830_67 # 71319 # 72347 # 1 # ID=4_67;partial=00;start_type=ATG;rbs_motif=GGA/GAG/AGG;rbs_spacer=5-10bp;gc_cont=0.549,98.2,655,342,1.24e-239,343,1,342,1,342,mobileOG_000308883,rsrIM,WP_101456478.1,stability/transfer/defense,NA,Plasmid RefSeq,Homology,NODE_4_length_390632_cov_43.935830_67, 71319 # 72347 # 1 , 71319,72347,1 ,4_67,4,67,00,ATG,GGA/GAG/AGG,5-10bp,0.549,NODE_4_length_390632_cov_43.935830,mobileOG_000308883_NODE_4_length_390632_cov_43.935830
233,mobileOG_000421598|NA:Keyword|A0A5R8TFB5|phage|NA|GPD|Keyword Search,NODE_4_length_390632_cov_43.935830_74 # 74928 # 75365 # 1 # ID=4_74;partial=00;start_type=ATG;rbs_motif=GGAGG;rbs_spacer=5-10bp;gc_cont=0.491,90.3,264,145,2.63e-91,146,1,145,1,145,mobileOG_000421598,NA:Keyword,A0A5R8TFB5,phage,NA,GPD,Keyword Search,NODE_4_length_390632_cov_43.935830_74, 74928 # 75365 # 1 , 74928,75365,1 ,4_74,4,74,00,ATG,GGAGG,5-10bp,0.491,NODE_4_length_390632_cov_43.935830,mobileOG_000421598_NODE_4_length_390632_cov_43.935830
234,mobileOG_000555077|NA:Keyword|A0A376FAL2|phage|NA|GPD|Keyword Search,NODE_4_length_390632_cov_43.935830_74 # 74928 # 75365 # 1 # ID=4_74;partial=00;start_type=ATG;rbs_motif=GGAGG;rbs_spacer=5-10bp;gc_cont=0.491,91.0,261,145,4.37e-90,146,1,145,1,145,mobileOG_000555077,NA:Keyword,A0A376FAL2,phage,NA,GPD,Keyword Search,NODE_4_length_390632_cov_43.935830_74, 74928 # 75365 # 1 , 74928,75365,1 ,4_74,4,74,00,ATG,GGAGG,5-10bp,0.491,NODE_4_length_390632_cov_43.935830,mobileOG_000555077_NODE_4_length_390632_cov_43.935830
235,"mobileOG_000180498|ymfN|A0A376FCU0|phage|infection,regulation|GPD|Homology",NODE_4_length_390632_cov_43.935830_75 # 75365 # 77095 # 1 # ID=4_75;partial=00;start_type=ATG;rbs_motif=GGA/GAG/AGG;rbs_spacer=5-10bp;gc_cont=0.475,90.3,1086,576,0.0,577,1,576,1,576,mobileOG_000180498,ymfN,A0A376FCU0,phage,"infection,regulation",GPD,Homology,NODE_4_length_390632_cov_43.935830_75, 75365 # 77095 # 1 , 75365,77095,1 ,4_75,4,75,00,ATG,GGA/GAG/AGG,5-10bp,0.475,NODE_4_length_390632_cov_43.935830,mobileOG_000180498_NODE_4_length_390632_cov_43.935830
236,"mobileOG_000180337|ymfN|A0A376FCU0|phage|infection,regulation|GPD|Homology",NODE_4_length_390632_cov_43.935830_75 # 75365 # 77095 # 1 # ID=4_75;partial=00;start_type=ATG;rbs_motif=GGA/GAG/AGG;rbs_spacer=5-10bp;gc_cont=0.475,90.3,1085,576,0.0,577,1,576,1,576,mobileOG_000180337,ymfN,A0A376FCU0,phage,"infection,regulation",GPD,Homology,NODE_4_length_390632_cov_43.935830_75, 75365 # 77095 # 1 , 75365,77095,1 ,4_75,4,75,00,ATG,GGA/GAG/AGG,5-10bp,0.475,NODE_4_length_390632_cov_43.935830,mobileOG_000180337_NODE_4_length_390632_cov_43.935830
237,"mobileOG_000162189|ymfN|A0A376FCU0|phage|infection,regulation|GPD|Homology",NODE_4_length_390632_cov_43.935830_75 # 75365 # 77095 # 1 # ID=4_75;partial=00;start_type=ATG;rbs_motif=GGA/GAG/AGG;rbs_spacer=5-10bp;gc_cont=0.475,90.1,1083,576,0.0,577,1,576,1,576,mobileOG_000162189,ymfN,A0A376FCU0,phage,"infection,regulation",GPD,Homology,NODE_4_length_390632_cov_43.935830_75, 75365 # 77095 # 1 , 75365,77095,1 ,4_75,4,75,00,ATG,GGA/GAG/AGG,5-10bp,0.475,NODE_4_length_390632_cov_43.935830,mobileOG_000162189_NODE_4_length_390632_cov_43.935830
238,mobileOG_000596591|NA:Keyword|A0A0P0QH13|phage|NA|GPD|Keyword Search,NODE_4_length_390632_cov_43.935830_84 # 81838 # 82293 # 1 # ID=4_84;partial=00;start_type=ATG;rbs_motif=GGAG/GAGG;rbs_spacer=5-10bp;gc_cont=0.564,100,299,151,7.78e-105,152,1,151,1,151,mobileOG_000596591,NA:Keyword,A0A0P0QH13,phage,NA,GPD,Keyword Search,NODE_4_length_390632_cov_43.935830_84, 81838 # 82293 # 1 , 81838,82293,1 ,4_84,4,84,00,ATG,GGAG/GAGG,5-10bp,0.564,NODE_4_length_390632_cov_43.935830,mobileOG_000596591_NODE_4_length_390632_cov_43.935830
239,mobileOG_000745157|NA:Keyword|WP_101453923.1|phage|NA|Plasmid RefSeq|Keyword Search,NODE_4_length_390632_cov_43.935830_84 # 81838 # 82293 # 1 # ID=4_84;partial=00;start_type=ATG;rbs_motif=GGAG/GAGG;rbs_spacer=5-10bp;gc_cont=0.564,96.0,287,151,4.16e-100,152,1,151,1,151,mobileOG_000745157,NA:Keyword,WP_101453923.1,phage,NA,Plasmid RefSeq,Keyword Search,NODE_4_length_390632_cov_43.935830_84, 81838 # 82293 # 1 , 81838,82293,1 ,4_84,4,84,00,ATG,GGAG/GAGG,5-10bp,0.564,NODE_4_length_390632_cov_43.935830,mobileOG_000745157_NODE_4_length_390632_cov_43.935830
240,mobileOG_000745156|NA:Keyword|WP_101453922.1|phage|NA|Plasmid RefSeq|Keyword Search,NODE_4_length_390632_cov_43.935830_86 # 82563 # 82922 # 1 # ID=4_86;partial=00;start_type=ATG;rbs_motif=AGGA;rbs_spacer=5-10bp;gc_cont=0.558,95.0,220,119,1.32e-74,120,1,119,1,119,mobileOG_000745156,NA:Keyword,WP_101453922.1,phage,NA,Plasmid RefSeq,Keyword Search,NODE_4_length_390632_cov_43.935830_86, 82563 # 82922 # 1 , 82563,82922,1 ,4_86,4,86,00,ATG,AGGA,5-10bp,0.558,NODE_4_length_390632_cov_43.935830,mobileOG_000745156_NODE_4_length_390632_cov_43.935830
241,mobileOG_000596590|NA:Keyword|A0A0P0QGH9|phage|NA|GPD|Keyword Search,NODE_4_length_390632_cov_43.935830_87 # 83155 # 86103 # 1 # ID=4_87;partial=00;start_type=ATG;rbs_motif=GGA/GAG/AGG;rbs_spacer=5-10bp;gc_cont=0.553,96.5,1670,982,0.0,983,1,982,1,982,mobileOG_000596590,NA:Keyword,A0A0P0QGH9,phage,NA,GPD,Keyword Search,NODE_4_length_390632_cov_43.935830_87, 83155 # 86103 # 1 , 83155,86103,1 ,4_87,4,87,00,ATG,GGA/GAG/AGG,5-10bp,0.553,NODE_4_length_390632_cov_43.935830,mobileOG_000596590_NODE_4_length_390632_cov_43.935830
242,mobileOG_000596589|NA:Keyword|WP_101453920.1|phage|NA|GPD|Keyword Search,NODE_4_length_390632_cov_43.935830_88 # 86103 # 86441 # 1 # ID=4_88;partial=00;start_type=ATG;rbs_motif=GGA/GAG/AGG;rbs_spacer=5-10bp;gc_cont=0.499,96.4,232,112,1.03e-79,113,1,112,1,112,mobileOG_000596589,NA:Keyword,WP_101453920.1,phage,NA,GPD,Keyword Search,NODE_4_length_390632_cov_43.935830_88, 86103 # 86441 # 1 , 86103,86441,1 ,4_88,4,88,00,ATG,GGA/GAG/AGG,5-10bp,0.499,NODE_4_length_390632_cov_43.935830,mobileOG_000596589_NODE_4_length_390632_cov_43.935830
243,mobileOG_000189152|thmL|WP_047574429.1|phage|structural|GPD|Homology,NODE_4_length_390632_cov_43.935830_89 # 86454 # 87203 # 1 # ID=4_89;partial=00;start_type=ATG;rbs_motif=GGA/GAG/AGG;rbs_spacer=5-10bp;gc_cont=0.559,99.6,521,249,1.02e-189,250,1,249,1,249,mobileOG_000189152,thmL,WP_047574429.1,phage,structural,GPD,Homology,NODE_4_length_390632_cov_43.935830_89, 86454 # 87203 # 1 , 86454,87203,1 ,4_89,4,89,00,ATG,GGA/GAG/AGG,5-10bp,0.559,NODE_4_length_390632_cov_43.935830,mobileOG_000189152_NODE_4_length_390632_cov_43.935830
244,mobileOG_000281328|thmL|WP_047574429.1|phage|structural|Plasmid RefSeq|Homology,NODE_4_length_390632_cov_43.935830_89 # 86454 # 87203 # 1 # ID=4_89;partial=00;start_type=ATG;rbs_motif=GGA/GAG/AGG;rbs_spacer=5-10bp;gc_cont=0.559,99.6,521,250,1.06e-189,250,2,250,1,249,mobileOG_000281328,thmL,WP_047574429.1,phage,structural,Plasmid RefSeq,Homology,NODE_4_length_390632_cov_43.935830_89, 86454 # 87203 # 1 , 86454,87203,1 ,4_89,4,89,00,ATG,GGA/GAG/AGG,5-10bp,0.559,NODE_4_length_390632_cov_43.935830,mobileOG_000281328_NODE_4_length_390632_cov_43.935830
245,mobileOG_000299146|K|WP_101453919.1|phage|structural|Plasmid RefSeq|Homology,NODE_4_length_390632_cov_43.935830_90 # 87212 # 87916 # 1 # ID=4_90;partial=00;start_type=ATG;rbs_motif=AGxAGG/AGGxGG;rbs_spacer=5-10bp;gc_cont=0.583,97.4,501,234,5.46e-182,235,1,234,1,234,mobileOG_000299146,K,WP_101453919.1,phage,structural,Plasmid RefSeq,Homology,NODE_4_length_390632_cov_43.935830_90, 87212 # 87916 # 1 , 87212,87916,1 ,4_90,4,90,00,ATG,AGxAGG/AGGxGG,5-10bp,0.583,NODE_4_length_390632_cov_43.935830,mobileOG_000299146_NODE_4_length_390632_cov_43.935830
246,mobileOG_000189151|K|A0A2V4G1Y2|phage|structural|GPD|Homology,NODE_4_length_390632_cov_43.935830_90 # 87212 # 87916 # 1 # ID=4_90;partial=00;start_type=ATG;rbs_motif=AGxAGG/AGGxGG;rbs_spacer=5-10bp;gc_cont=0.583,97.4,500,234,7.76e-182,235,1,234,1,234,mobileOG_000189151,K,A0A2V4G1Y2,phage,structural,GPD,Homology,NODE_4_length_390632_cov_43.935830_90, 87212 # 87916 # 1 , 87212,87916,1 ,4_90,4,90,00,ATG,AGxAGG/AGGxGG,5-10bp,0.583,NODE_4_length_390632_cov_43.935830,mobileOG_000189151_NODE_4_length_390632_cov_43.935830
247,mobileOG_000308886|20|WP_101453918.1|phage|structural|Plasmid RefSeq|Homology,NODE_4_length_390632_cov_43.935830_91 # 88322 # 88927 # 1 # ID=4_91;partial=00;start_type=ATG;rbs_motif=GGA/GAG/AGG;rbs_spacer=5-10bp;gc_cont=0.474,98.0,388,201,2.06e-138,202,1,201,1,201,mobileOG_000308886,20,WP_101453918.1,phage,structural,Plasmid RefSeq,Homology,NODE_4_length_390632_cov_43.935830_91, 88322 # 88927 # 1 , 88322,88927,1 ,4_91,4,91,00,ATG,GGA/GAG/AGG,5-10bp,0.474,NODE_4_length_390632_cov_43.935830,mobileOG_000308886_NODE_4_length_390632_cov_43.935830
248,mobileOG_000361586|higA|WP_033635213.1|stability/transfer/defense|NA|Plasmid RefSeq|Homology,NODE_4_length_390632_cov_43.935830_142 # 139246 # 139548 # 1 # ID=4_142;partial=00;start_type=ATG;rbs_motif=AGGAG;rbs_spacer=5-10bp;gc_cont=0.581,96.0,185,100,2.50e-61,101,1,100,1,100,mobileOG_000361586,higA,WP_033635213.1,stability/transfer/defense,NA,Plasmid RefSeq,Homology,NODE_4_length_390632_cov_43.935830_142, 139246 # 139548 # 1 , 139246,139548,1 ,4_142,4,142,00,ATG,AGGAG,5-10bp,0.581,NODE_4_length_390632_cov_43.935830,mobileOG_000361586_NODE_4_length_390632_cov_43.935830
249,mobileOG_000288460|higA|WP_017383313.1|stability/transfer/defense|NA|Plasmid RefSeq|Homology,NODE_4_length_390632_cov_43.935830_142 # 139246 # 139548 # 1 # ID=4_142;partial=00;start_type=ATG;rbs_motif=AGGAG;rbs_spacer=5-10bp;gc_cont=0.581,92.0,179,100,6.90e-59,101,1,100,1,100,mobileOG_000288460,higA,WP_017383313.1,stability/transfer/defense,NA,Plasmid RefSeq,Homology,NODE_4_length_390632_cov_43.935830_142, 139246 # 139548 # 1 , 139246,139548,1 ,4_142,4,142,00,ATG,AGGAG,5-10bp,0.581,NODE_4_length_390632_cov_43.935830,mobileOG_000288460_NODE_4_length_390632_cov_43.935830
250,mobileOG_000291413|higA|A0A426WK01|stability/transfer/defense|NA|Plasmid RefSeq|Homology,NODE_4_length_390632_cov_43.935830_142 # 139246 # 139548 # 1 # ID=4_142;partial=00;start_type=ATG;rbs_motif=AGGAG;rbs_spacer=5-10bp;gc_cont=0.581,93.0,178,100,1.39e-58,101,1,100,1,100,mobileOG_000291413,higA,A0A426WK01,stability/transfer/defense,NA,Plasmid RefSeq,Homology,NODE_4_length_390632_cov_43.935830_142, 139246 # 139548 # 1 , 139246,139548,1 ,4_142,4,142,00,ATG,AGGAG,5-10bp,0.581,NODE_4_length_390632_cov_43.935830,mobileOG_000291413_NODE_4_length_390632_cov_43.935830
251,"mobileOG_000368534|dpiA|WP_021505854.1|replication/recombination/repair|partitioning,regulation|Plasmid RefSeq|Homology",NODE_4_length_390632_cov_43.935830_172 # 175768 # 176454 # -1 # ID=4_172;partial=00;start_type=ATG;rbs_motif=AGxAGG/AGGxGG;rbs_spacer=5-10bp;gc_cont=0.656,100,446,228,2.20e-160,229,1,228,1,228,mobileOG_000368534,dpiA,WP_021505854.1,replication/recombination/repair,"partitioning,regulation",Plasmid RefSeq,Homology,NODE_4_length_390632_cov_43.935830_172, 175768 # 176454 # -1 , 175768,176454,-1 ,4_172,4,172,00,ATG,AGxAGG/AGGxGG,5-10bp,0.656,NODE_4_length_390632_cov_43.935830,mobileOG_000368534_NODE_4_length_390632_cov_43.935830
252,"mobileOG_000330121|dpiA|WP_033654924.1|replication/recombination/repair|partitioning,regulation|Plasmid RefSeq|Homology",NODE_4_length_390632_cov_43.935830_172 # 175768 # 176454 # -1 # ID=4_172;partial=00;start_type=ATG;rbs_motif=AGxAGG/AGGxGG;rbs_spacer=5-10bp;gc_cont=0.656,99.6,443,228,2.57e-159,229,1,228,1,228,mobileOG_000330121,dpiA,WP_033654924.1,replication/recombination/repair,"partitioning,regulation",Plasmid RefSeq,Homology,NODE_4_length_390632_cov_43.935830_172, 175768 # 176454 # -1 , 175768,176454,-1 ,4_172,4,172,00,ATG,AGxAGG/AGGxGG,5-10bp,0.656,NODE_4_length_390632_cov_43.935830,mobileOG_000330121_NODE_4_length_390632_cov_43.935830
253,mobileOG_000368530|alkB|WP_019452474.1|replication/recombination/repair|NA|Plasmid RefSeq|Homology,NODE_4_length_390632_cov_43.935830_185 # 188950 # 189597 # 1 # ID=4_185;partial=00;start_type=ATG;rbs_motif=GGA/GAG/AGG;rbs_spacer=5-10bp;gc_cont=0.681,98.6,448,215,6.92e-162,216,1,215,1,215,mobileOG_000368530,alkB,WP_019452474.1,replication/recombination/repair,NA,Plasmid RefSeq,Homology,NODE_4_length_390632_cov_43.935830_185, 188950 # 189597 # 1 , 188950,189597,1 ,4_185,4,185,00,ATG,GGA/GAG/AGG,5-10bp,0.681,NODE_4_length_390632_cov_43.935830,mobileOG_000368530_NODE_4_length_390632_cov_43.935830
254,mobileOG_000333875|alkB|WP_033654914.1|replication/recombination/repair|NA|Plasmid RefSeq|Homology,NODE_4_length_390632_cov_43.935830_185 # 188950 # 189597 # 1 # ID=4_185;partial=00;start_type=ATG;rbs_motif=GGA/GAG/AGG;rbs_spacer=5-10bp;gc_cont=0.681,98.1,444,215,4.68e-160,216,1,215,1,215,mobileOG_000333875,alkB,WP_033654914.1,replication/recombination/repair,NA,Plasmid RefSeq,Homology,NODE_4_length_390632_cov_43.935830_185, 188950 # 189597 # 1 , 188950,189597,1 ,4_185,4,185,00,ATG,GGA/GAG/AGG,5-10bp,0.681,NODE_4_length_390632_cov_43.935830,mobileOG_000333875_NODE_4_length_390632_cov_43.935830
255,mobileOG_000756572|NA:Keyword|WP_033635147.1|phage|regulation|Plasmid RefSeq|Keyword Search,NODE_4_length_390632_cov_43.935830_226 # 233585 # 234385 # -1 # ID=4_226;partial=00;start_type=ATG;rbs_motif=GGA/GAG/AGG;rbs_spacer=5-10bp;gc_cont=0.637,99.2,523,266,1.33e-189,267,1,266,1,266,mobileOG_000756572,NA:Keyword,WP_033635147.1,phage,regulation,Plasmid RefSeq,Keyword Search,NODE_4_length_390632_cov_43.935830_226, 233585 # 234385 # -1 , 233585,234385,-1 ,4_226,4,226,00,ATG,GGA/GAG/AGG,5-10bp,0.637,NODE_4_length_390632_cov_43.935830,mobileOG_000756572_NODE_4_length_390632_cov_43.935830
256,mobileOG_000371957|impA|WP_033635060.1|replication/recombination/repair|NA|Plasmid RefSeq|Homology,NODE_4_length_390632_cov_43.935830_347 # 374585 # 375019 # 1 # ID=4_347;partial=00;start_type=ATG;rbs_motif=None;rbs_spacer=None;gc_cont=0.582,97.2,278,144,1.12e-96,145,1,143,1,143,mobileOG_000371957,impA,WP_033635060.1,replication/recombination/repair,NA,Plasmid RefSeq,Homology,NODE_4_length_390632_cov_43.935830_347, 374585 # 375019 # 1 , 374585,375019,1 ,4_347,4,347,00,ATG,None,None,0.582,NODE_4_length_390632_cov_43.935830,mobileOG_000371957_NODE_4_length_390632_cov_43.935830
257,mobileOG_000372074|impA|WP_060437779.1|replication/recombination/repair|NA|Plasmid RefSeq|Homology,NODE_4_length_390632_cov_43.935830_347 # 374585 # 375019 # 1 # ID=4_347;partial=00;start_type=ATG;rbs_motif=None;rbs_spacer=None;gc_cont=0.582,95.1,273,144,1.08e-94,145,1,143,1,143,mobileOG_000372074,impA,WP_060437779.1,replication/recombination/repair,NA,Plasmid RefSeq,Homology,NODE_4_length_390632_cov_43.935830_347, 374585 # 375019 # 1 , 374585,375019,1 ,4_347,4,347,00,ATG,None,None,0.582,NODE_4_length_390632_cov_43.935830,mobileOG_000372074_NODE_4_length_390632_cov_43.935830
258,mobileOG_000739938|NA:Keyword|A0A5C7BSF4|integration/excision|NA|Plasmid RefSeq|Keyword Search,NODE_4_length_390632_cov_43.935830_358 # 386114 # 386773 # 1 # ID=4_358;partial=00;start_type=GTG;rbs_motif=GGA/GAG/AGG;rbs_spacer=5-10bp;gc_cont=0.559,90.4,382,208,7.46e-136,220,1,208,11,219,mobileOG_000739938,NA:Keyword,A0A5C7BSF4,integration/excision,NA,Plasmid RefSeq,Keyword Search,NODE_4_length_390632_cov_43.935830_358, 386114 # 386773 # 1 , 386114,386773,1 ,4_358,4,358,00,GTG,GGA/GAG/AGG,5-10bp,0.559,NODE_4_length_390632_cov_43.935830,mobileOG_000739938_NODE_4_length_390632_cov_43.935830
259,mobileOG_000301452|tnpB|A0A4U3EGQ1|integration/excision|NA|Plasmid RefSeq|Homology,NODE_4_length_390632_cov_43.935830_359 # 386770 # 387117 # 1 # ID=4_359;partial=00;start_type=GTG;rbs_motif=GGAG/GAGG;rbs_spacer=5-10bp;gc_cont=0.609,99.1,245,115,8.38e-85,116,1,115,1,115,mobileOG_000301452,tnpB,A0A4U3EGQ1,integration/excision,NA,Plasmid RefSeq,Homology,NODE_4_length_390632_cov_43.935830_359, 386770 # 387117 # 1 , 386770,387117,1 ,4_359,4,359,00,GTG,GGAG/GAGG,5-10bp,0.609,NODE_4_length_390632_cov_43.935830,mobileOG_000301452_NODE_4_length_390632_cov_43.935830
260,mobileOG_000342466|tnpB|WP_143345776.1|integration/excision|NA|Plasmid RefSeq|Homology,NODE_4_length_390632_cov_43.935830_359 # 386770 # 387117 # 1 # ID=4_359;partial=00;start_type=GTG;rbs_motif=GGAG/GAGG;rbs_spacer=5-10bp;gc_cont=0.609,98.3,244,115,1.69e-84,116,1,115,1,115,mobileOG_000342466,tnpB,WP_143345776.1,integration/excision,NA,Plasmid RefSeq,Homology,NODE_4_length_390632_cov_43.935830_359, 386770 # 387117 # 1 , 386770,387117,1 ,4_359,4,359,00,GTG,GGAG/GAGG,5-10bp,0.609,NODE_4_length_390632_cov_43.935830,mobileOG_000342466_NODE_4_length_390632_cov_43.935830
261,mobileOG_000074500|tnpB|WP_006117592.1|integration/excision|NA|Multiple|Homology,NODE_4_length_390632_cov_43.935830_359 # 386770 # 387117 # 1 # ID=4_359;partial=00;start_type=GTG;rbs_motif=GGAG/GAGG;rbs_spacer=5-10bp;gc_cont=0.609,97.4,244,115,2.40e-84,116,1,115,1,115,mobileOG_000074500,tnpB,WP_006117592.1,integration/excision,NA,Multiple,Homology,NODE_4_length_390632_cov_43.935830_359, 386770 # 387117 # 1 , 386770,387117,1 ,4_359,4,359,00,GTG,GGAG/GAGG,5-10bp,0.609,NODE_4_length_390632_cov_43.935830,mobileOG_000074500_NODE_4_length_390632_cov_43.935830
262,mobileOG_000366961|tnpB|WP_162122948.1|integration/excision|NA|Plasmid RefSeq|Homology,NODE_4_length_390632_cov_43.935830_359 # 386770 # 387117 # 1 # ID=4_359;partial=00;start_type=GTG;rbs_motif=GGAG/GAGG;rbs_spacer=5-10bp;gc_cont=0.609,99.1,244,115,2.40e-84,116,1,115,1,115,mobileOG_000366961,tnpB,WP_162122948.1,integration/excision,NA,Plasmid RefSeq,Homology,NODE_4_length_390632_cov_43.935830_359, 386770 # 387117 # 1 , 386770,387117,1 ,4_359,4,359,00,GTG,GGAG/GAGG,5-10bp,0.609,NODE_4_length_390632_cov_43.935830,mobileOG_000366961_NODE_4_length_390632_cov_43.935830
263,mobileOG_000332103|tnpB|WP_044241407.1|integration/excision|NA|Multiple|Homology,NODE_4_length_390632_cov_43.935830_359 # 386770 # 387117 # 1 # ID=4_359;partial=00;start_type=GTG;rbs_motif=GGAG/GAGG;rbs_spacer=5-10bp;gc_cont=0.609,97.4,243,115,4.86e-84,116,1,115,1,115,mobileOG_000332103,tnpB,WP_044241407.1,integration/excision,NA,Multiple,Homology,NODE_4_length_390632_cov_43.935830_359, 386770 # 387117 # 1 , 386770,387117,1 ,4_359,4,359,00,GTG,GGAG/GAGG,5-10bp,0.609,NODE_4_length_390632_cov_43.935830,mobileOG_000332103_NODE_4_length_390632_cov_43.935830
264,mobileOG_000074511|tnpB|WP_006118527.1|integration/excision|NA|Multiple|Homology,NODE_4_length_390632_cov_43.935830_359 # 386770 # 387117 # 1 # ID=4_359;partial=00;start_type=GTG;rbs_motif=GGAG/GAGG;rbs_spacer=5-10bp;gc_cont=0.609,96.5,243,115,6.90e-84,116,1,115,1,115,mobileOG_000074511,tnpB,WP_006118527.1,integration/excision,NA,Multiple,Homology,NODE_4_length_390632_cov_43.935830_359, 386770 # 387117 # 1 , 386770,387117,1 ,4_359,4,359,00,GTG,GGAG/GAGG,5-10bp,0.609,NODE_4_length_390632_cov_43.935830,mobileOG_000074511_NODE_4_length_390632_cov_43.935830
265,mobileOG_000325171|tnpB|WP_064352139.1|integration/excision|NA|Plasmid RefSeq|Homology,NODE_4_length_390632_cov_43.935830_359 # 386770 # 387117 # 1 # ID=4_359;partial=00;start_type=GTG;rbs_motif=GGAG/GAGG;rbs_spacer=5-10bp;gc_cont=0.609,99.1,243,115,9.80e-84,116,1,115,1,115,mobileOG_000325171,tnpB,WP_064352139.1,integration/excision,NA,Plasmid RefSeq,Homology,NODE_4_length_390632_cov_43.935830_359, 386770 # 387117 # 1 , 386770,387117,1 ,4_359,4,359,00,GTG,GGAG/GAGG,5-10bp,0.609,NODE_4_length_390632_cov_43.935830,mobileOG_000325171_NODE_4_length_390632_cov_43.935830
266,mobileOG_000328733|tnpB|WP_006117600.1|integration/excision|NA|Multiple|Homology,NODE_4_length_390632_cov_43.935830_359 # 386770 # 387117 # 1 # ID=4_359;partial=00;start_type=GTG;rbs_motif=GGAG/GAGG;rbs_spacer=5-10bp;gc_cont=0.609,96.5,242,115,1.98e-83,116,1,115,1,115,mobileOG_000328733,tnpB,WP_006117600.1,integration/excision,NA,Multiple,Homology,NODE_4_length_390632_cov_43.935830_359, 386770 # 387117 # 1 , 386770,387117,1 ,4_359,4,359,00,GTG,GGAG/GAGG,5-10bp,0.609,NODE_4_length_390632_cov_43.935830,mobileOG_000328733_NODE_4_length_390632_cov_43.935830
267,mobileOG_000051286|tnpB|A0A1S6XXV2|integration/excision|NA|Multiple|Homology,NODE_4_length_390632_cov_43.935830_359 # 386770 # 387117 # 1 # ID=4_359;partial=00;start_type=GTG;rbs_motif=GGAG/GAGG;rbs_spacer=5-10bp;gc_cont=0.609,97.4,241,115,2.81e-83,116,1,115,1,115,mobileOG_000051286,tnpB,A0A1S6XXV2,integration/excision,NA,Multiple,Homology,NODE_4_length_390632_cov_43.935830_359, 386770 # 387117 # 1 , 386770,387117,1 ,4_359,4,359,00,GTG,GGAG/GAGG,5-10bp,0.609,NODE_4_length_390632_cov_43.935830,mobileOG_000051286_NODE_4_length_390632_cov_43.935830
268,mobileOG_000330170|tnpB|WP_089197745.1|integration/excision|NA|Multiple|Homology,NODE_4_length_390632_cov_43.935830_359 # 386770 # 387117 # 1 # ID=4_359;partial=00;start_type=GTG;rbs_motif=GGAG/GAGG;rbs_spacer=5-10bp;gc_cont=0.609,98.3,241,115,2.81e-83,116,1,115,1,115,mobileOG_000330170,tnpB,WP_089197745.1,integration/excision,NA,Multiple,Homology,NODE_4_length_390632_cov_43.935830_359, 386770 # 387117 # 1 , 386770,387117,1 ,4_359,4,359,00,GTG,GGAG/GAGG,5-10bp,0.609,NODE_4_length_390632_cov_43.935830,mobileOG_000330170_NODE_4_length_390632_cov_43.935830
269,mobileOG_000331641|tnpB|WP_006122358.1|integration/excision|NA|Multiple|Homology,NODE_4_length_390632_cov_43.935830_359 # 386770 # 387117 # 1 # ID=4_359;partial=00;start_type=GTG;rbs_motif=GGAG/GAGG;rbs_spacer=5-10bp;gc_cont=0.609,96.5,241,115,4.00e-83,116,1,115,1,115,mobileOG_000331641,tnpB,WP_006122358.1,integration/excision,NA,Multiple,Homology,NODE_4_length_390632_cov_43.935830_359, 386770 # 387117 # 1 , 386770,387117,1 ,4_359,4,359,00,GTG,GGAG/GAGG,5-10bp,0.609,NODE_4_length_390632_cov_43.935830,mobileOG_000331641_NODE_4_length_390632_cov_43.935830
270,mobileOG_000292101|tnpB|A0A0A3ZJV8|integration/excision|NA|Plasmid RefSeq|Homology,NODE_4_length_390632_cov_43.935830_359 # 386770 # 387117 # 1 # ID=4_359;partial=00;start_type=GTG;rbs_motif=GGAG/GAGG;rbs_spacer=5-10bp;gc_cont=0.609,95.7,238,115,6.64e-82,116,1,115,1,115,mobileOG_000292101,tnpB,A0A0A3ZJV8,integration/excision,NA,Plasmid RefSeq,Homology,NODE_4_length_390632_cov_43.935830_359, 386770 # 387117 # 1 , 386770,387117,1 ,4_359,4,359,00,GTG,GGAG/GAGG,5-10bp,0.609,NODE_4_length_390632_cov_43.935830,mobileOG_000292101_NODE_4_length_390632_cov_43.935830
271,mobileOG_000059065|tnpB|WP_013511945.1|integration/excision|NA|Multiple|Homology,NODE_4_length_390632_cov_43.935830_359 # 386770 # 387117 # 1 # ID=4_359;partial=00;start_type=GTG;rbs_motif=GGAG/GAGG;rbs_spacer=5-10bp;gc_cont=0.609,94.8,236,115,3.85e-81,116,1,115,1,115,mobileOG_000059065,tnpB,WP_013511945.1,integration/excision,NA,Multiple,Homology,NODE_4_length_390632_cov_43.935830_359, 386770 # 387117 # 1 , 386770,387117,1 ,4_359,4,359,00,GTG,GGAG/GAGG,5-10bp,0.609,NODE_4_length_390632_cov_43.935830,mobileOG_000059065_NODE_4_length_390632_cov_43.935830
272,mobileOG_000036924|tnpB|WP_000624622.1|integration/excision|NA|Multiple|Homology,NODE_4_length_390632_cov_43.935830_359 # 386770 # 387117 # 1 # ID=4_359;partial=00;start_type=GTG;rbs_motif=GGAG/GAGG;rbs_spacer=5-10bp;gc_cont=0.609,93.0,232,115,1.29e-79,116,1,115,1,115,mobileOG_000036924,tnpB,WP_000624622.1,integration/excision,NA,Multiple,Homology,NODE_4_length_390632_cov_43.935830_359, 386770 # 387117 # 1 , 386770,387117,1 ,4_359,4,359,00,GTG,GGAG/GAGG,5-10bp,0.609,NODE_4_length_390632_cov_43.935830,mobileOG_000036924_NODE_4_length_390632_cov_43.935830
273,mobileOG_000334465|tnpB|WP_001406649.1|integration/excision|NA|Plasmid RefSeq|Homology,NODE_4_length_390632_cov_43.935830_359 # 386770 # 387117 # 1 # ID=4_359;partial=00;start_type=GTG;rbs_motif=GGAG/GAGG;rbs_spacer=5-10bp;gc_cont=0.609,93.0,232,115,1.29e-79,116,1,115,1,115,mobileOG_000334465,tnpB,WP_001406649.1,integration/excision,NA,Plasmid RefSeq,Homology,NODE_4_length_390632_cov_43.935830_359, 386770 # 387117 # 1 , 386770,387117,1 ,4_359,4,359,00,GTG,GGAG/GAGG,5-10bp,0.609,NODE_4_length_390632_cov_43.935830,mobileOG_000334465_NODE_4_length_390632_cov_43.935830
274,mobileOG_000366938|tnpC|WP_162122862.1|integration/excision|NA|Plasmid RefSeq|Homology,NODE_4_length_390632_cov_43.935830_360 # 387137 # 388708 # 1 # ID=4_360;partial=00;start_type=ATG;rbs_motif=None;rbs_spacer=None;gc_cont=0.622,95.4,992,523,0.0,524,1,523,1,523,mobileOG_000366938,tnpC,WP_162122862.1,integration/excision,NA,Plasmid RefSeq,Homology,NODE_4_length_390632_cov_43.935830_360, 387137 # 388708 # 1 , 387137,388708,1 ,4_360,4,360,00,ATG,None,None,0.622,NODE_4_length_390632_cov_43.935830,mobileOG_000366938_NODE_4_length_390632_cov_43.935830
275,mobileOG_000366954|tnpC|WP_162122919.1|integration/excision|NA|Plasmid RefSeq|Homology,NODE_4_length_390632_cov_43.935830_360 # 387137 # 388708 # 1 # ID=4_360;partial=00;start_type=ATG;rbs_motif=None;rbs_spacer=None;gc_cont=0.622,95.2,990,523,0.0,524,1,523,1,523,mobileOG_000366954,tnpC,WP_162122919.1,integration/excision,NA,Plasmid RefSeq,Homology,NODE_4_length_390632_cov_43.935830_360, 387137 # 388708 # 1 , 387137,388708,1 ,4_360,4,360,00,ATG,None,None,0.622,NODE_4_length_390632_cov_43.935830,mobileOG_000366954_NODE_4_length_390632_cov_43.935830
276,mobileOG_000332060|tnpC|WP_006119898.1|integration/excision|NA|Multiple|Homology,NODE_4_length_390632_cov_43.935830_360 # 387137 # 388708 # 1 # ID=4_360;partial=00;start_type=ATG;rbs_motif=None;rbs_spacer=None;gc_cont=0.622,94.3,986,523,0.0,524,1,523,1,523,mobileOG_000332060,tnpC,WP_006119898.1,integration/excision,NA,Multiple,Homology,NODE_4_length_390632_cov_43.935830_360, 387137 # 388708 # 1 , 387137,388708,1 ,4_360,4,360,00,ATG,None,None,0.622,NODE_4_length_390632_cov_43.935830,mobileOG_000332060_NODE_4_length_390632_cov_43.935830
277,mobileOG_000283661|tnpC|A0A1S6XXV8|integration/excision|NA|Multiple|Homology,NODE_4_length_390632_cov_43.935830_360 # 387137 # 388708 # 1 # ID=4_360;partial=00;start_type=ATG;rbs_motif=None;rbs_spacer=None;gc_cont=0.622,94.5,986,523,0.0,524,1,523,1,523,mobileOG_000283661,tnpC,A0A1S6XXV8,integration/excision,NA,Multiple,Homology,NODE_4_length_390632_cov_43.935830_360, 387137 # 388708 # 1 , 387137,388708,1 ,4_360,4,360,00,ATG,None,None,0.622,NODE_4_length_390632_cov_43.935830,mobileOG_000283661_NODE_4_length_390632_cov_43.935830
278,mobileOG_000332061|tnpC|WP_006120105.1|integration/excision|NA|Multiple|Homology,NODE_4_length_390632_cov_43.935830_360 # 387137 # 388708 # 1 # ID=4_360;partial=00;start_type=ATG;rbs_motif=None;rbs_spacer=None;gc_cont=0.622,94.1,983,523,0.0,524,1,523,1,523,mobileOG_000332061,tnpC,WP_006120105.1,integration/excision,NA,Multiple,Homology,NODE_4_length_390632_cov_43.935830_360, 387137 # 388708 # 1 , 387137,388708,1 ,4_360,4,360,00,ATG,None,None,0.622,NODE_4_length_390632_cov_43.935830,mobileOG_000332061_NODE_4_length_390632_cov_43.935830
279,mobileOG_000336191|tnpC|WP_006118561.1|integration/excision|NA|Multiple|Homology,NODE_4_length_390632_cov_43.935830_360 # 387137 # 388708 # 1 # ID=4_360;partial=00;start_type=ATG;rbs_motif=None;rbs_spacer=None;gc_cont=0.622,93.9,983,523,0.0,524,1,523,1,523,mobileOG_000336191,tnpC,WP_006118561.1,integration/excision,NA,Multiple,Homology,NODE_4_length_390632_cov_43.935830_360, 387137 # 388708 # 1 , 387137,388708,1 ,4_360,4,360,00,ATG,None,None,0.622,NODE_4_length_390632_cov_43.935830,mobileOG_000336191_NODE_4_length_390632_cov_43.935830
280,mobileOG_000342465|tnpC|WP_143345775.1|integration/excision|NA|Plasmid RefSeq|Homology,NODE_4_length_390632_cov_43.935830_360 # 387137 # 388708 # 1 # ID=4_360;partial=00;start_type=ATG;rbs_motif=None;rbs_spacer=None;gc_cont=0.622,94.3,982,523,0.0,524,1,523,1,523,mobileOG_000342465,tnpC,WP_143345775.1,integration/excision,NA,Plasmid RefSeq,Homology,NODE_4_length_390632_cov_43.935830_360, 387137 # 388708 # 1 , 387137,388708,1 ,4_360,4,360,00,ATG,None,None,0.622,NODE_4_length_390632_cov_43.935830,mobileOG_000342465_NODE_4_length_390632_cov_43.935830
281,mobileOG_000326974|tnpC|WP_006122257.1|integration/excision|NA|Multiple|Homology,NODE_4_length_390632_cov_43.935830_360 # 387137 # 388708 # 1 # ID=4_360;partial=00;start_type=ATG;rbs_motif=None;rbs_spacer=None;gc_cont=0.622,94.5,981,523,0.0,524,1,523,1,523,mobileOG_000326974,tnpC,WP_006122257.1,integration/excision,NA,Multiple,Homology,NODE_4_length_390632_cov_43.935830_360, 387137 # 388708 # 1 , 387137,388708,1 ,4_360,4,360,00,ATG,None,None,0.622,NODE_4_length_390632_cov_43.935830,mobileOG_000326974_NODE_4_length_390632_cov_43.935830
282,mobileOG_000329614|tnpC|WP_006120894.1|integration/excision|NA|Multiple|Homology,NODE_4_length_390632_cov_43.935830_360 # 387137 # 388708 # 1 # ID=4_360;partial=00;start_type=ATG;rbs_motif=None;rbs_spacer=None;gc_cont=0.622,93.7,979,523,0.0,524,1,523,1,523,mobileOG_000329614,tnpC,WP_006120894.1,integration/excision,NA,Multiple,Homology,NODE_4_length_390632_cov_43.935830_360, 387137 # 388708 # 1 , 387137,388708,1 ,4_360,4,360,00,ATG,None,None,0.622,NODE_4_length_390632_cov_43.935830,mobileOG_000329614_NODE_4_length_390632_cov_43.935830
283,mobileOG_000074539|tnpC|WP_006120745.1|integration/excision|NA|Multiple|Homology,NODE_4_length_390632_cov_43.935830_360 # 387137 # 388708 # 1 # ID=4_360;partial=00;start_type=ATG;rbs_motif=None;rbs_spacer=None;gc_cont=0.622,93.5,976,523,0.0,524,1,523,1,523,mobileOG_000074539,tnpC,WP_006120745.1,integration/excision,NA,Multiple,Homology,NODE_4_length_390632_cov_43.935830_360, 387137 # 388708 # 1 , 387137,388708,1 ,4_360,4,360,00,ATG,None,None,0.622,NODE_4_length_390632_cov_43.935830,mobileOG_000074539_NODE_4_length_390632_cov_43.935830
284,mobileOG_000074536|tnpC|WP_006117714.1|integration/excision|NA|Multiple|Homology,NODE_4_length_390632_cov_43.935830_360 # 387137 # 388708 # 1 # ID=4_360;partial=00;start_type=ATG;rbs_motif=None;rbs_spacer=None;gc_cont=0.622,93.5,976,523,0.0,524,1,523,1,523,mobileOG_000074536,tnpC,WP_006117714.1,integration/excision,NA,Multiple,Homology,NODE_4_length_390632_cov_43.935830_360, 387137 # 388708 # 1 , 387137,388708,1 ,4_360,4,360,00,ATG,None,None,0.622,NODE_4_length_390632_cov_43.935830,mobileOG_000074536_NODE_4_length_390632_cov_43.935830
285,mobileOG_000332844|tnpC|WP_064352140.1|integration/excision|NA|Plasmid RefSeq|Homology,NODE_4_length_390632_cov_43.935830_360 # 387137 # 388708 # 1 # ID=4_360;partial=00;start_type=ATG;rbs_motif=None;rbs_spacer=None;gc_cont=0.622,93.1,975,523,0.0,524,1,523,1,523,mobileOG_000332844,tnpC,WP_064352140.1,integration/excision,NA,Plasmid RefSeq,Homology,NODE_4_length_390632_cov_43.935830_360, 387137 # 388708 # 1 , 387137,388708,1 ,4_360,4,360,00,ATG,None,None,0.622,NODE_4_length_390632_cov_43.935830,mobileOG_000332844_NODE_4_length_390632_cov_43.935830
286,mobileOG_000074518|tnpC|WP_006117591.1|integration/excision|NA|Multiple|Homology,NODE_4_length_390632_cov_43.935830_360 # 387137 # 388708 # 1 # ID=4_360;partial=00;start_type=ATG;rbs_motif=None;rbs_spacer=None;gc_cont=0.622,93.3,974,523,0.0,524,1,523,1,523,mobileOG_000074518,tnpC,WP_006117591.1,integration/excision,NA,Multiple,Homology,NODE_4_length_390632_cov_43.935830_360, 387137 # 388708 # 1 , 387137,388708,1 ,4_360,4,360,00,ATG,None,None,0.622,NODE_4_length_390632_cov_43.935830,mobileOG_000074518_NODE_4_length_390632_cov_43.935830
287,mobileOG_000292102|tnpC|H3RAA3|integration/excision|NA|Plasmid RefSeq|Homology,NODE_4_length_390632_cov_43.935830_360 # 387137 # 388708 # 1 # ID=4_360;partial=00;start_type=ATG;rbs_motif=None;rbs_spacer=None;gc_cont=0.622,93.3,973,523,0.0,524,1,523,1,523,mobileOG_000292102,tnpC,H3RAA3,integration/excision,NA,Plasmid RefSeq,Homology,NODE_4_length_390632_cov_43.935830_360, 387137 # 388708 # 1 , 387137,388708,1 ,4_360,4,360,00,ATG,None,None,0.622,NODE_4_length_390632_cov_43.935830,mobileOG_000292102_NODE_4_length_390632_cov_43.935830
288,mobileOG_000074499|tnpC|WP_006119686.1|integration/excision|NA|Multiple|Homology,NODE_4_length_390632_cov_43.935830_360 # 387137 # 388708 # 1 # ID=4_360;partial=00;start_type=ATG;rbs_motif=None;rbs_spacer=None;gc_cont=0.622,93.3,972,523,0.0,524,1,523,1,523,mobileOG_000074499,tnpC,WP_006119686.1,integration/excision,NA,Multiple,Homology,NODE_4_length_390632_cov_43.935830_360, 387137 # 388708 # 1 , 387137,388708,1 ,4_360,4,360,00,ATG,None,None,0.622,NODE_4_length_390632_cov_43.935830,mobileOG_000074499_NODE_4_length_390632_cov_43.935830
289,mobileOG_000327716|holA|WP_033647201.1|replication/recombination/repair|NA|Plasmid RefSeq|Homology,NODE_5_length_362467_cov_54.875074_17 # 17386 # 18420 # 1 # ID=5_17;partial=00;start_type=ATG;rbs_motif=None;rbs_spacer=None;gc_cont=0.643,98.8,665,344,3.18e-243,345,1,344,1,344,mobileOG_000327716,holA,WP_033647201.1,replication/recombination/repair,NA,Plasmid RefSeq,Homology,NODE_5_length_362467_cov_54.875074_17, 17386 # 18420 # 1 , 17386,18420,1 ,5_17,5,17,00,ATG,None,None,0.643,NODE_5_length_362467_cov_54.875074,mobileOG_000327716_NODE_5_length_362467_cov_54.875074
290,mobileOG_000351495|holA|WP_047572366.1|replication/recombination/repair|NA|Plasmid RefSeq|Homology,NODE_5_length_362467_cov_54.875074_17 # 17386 # 18420 # 1 # ID=5_17;partial=00;start_type=ATG;rbs_motif=None;rbs_spacer=None;gc_cont=0.643,98.3,659,344,4.32e-241,345,1,344,1,344,mobileOG_000351495,holA,WP_047572366.1,replication/recombination/repair,NA,Plasmid RefSeq,Homology,NODE_5_length_362467_cov_54.875074_17, 17386 # 18420 # 1 , 17386,18420,1 ,5_17,5,17,00,ATG,None,None,0.643,NODE_5_length_362467_cov_54.875074,mobileOG_000351495_NODE_5_length_362467_cov_54.875074
291,"mobileOG_000368513|qmcA|WP_004940203.1|phage|lysis/lysogeny,regulation|Multiple|Homology",NODE_5_length_362467_cov_54.875074_104 # 107493 # 108398 # 1 # ID=5_104;partial=00;start_type=ATG;rbs_motif=AGGAG;rbs_spacer=5-10bp;gc_cont=0.610,100,459,301,1.86e-163,302,1,301,1,301,mobileOG_000368513,qmcA,WP_004940203.1,phage,"lysis/lysogeny,regulation",Multiple,Homology,NODE_5_length_362467_cov_54.875074_104, 107493 # 108398 # 1 , 107493,108398,1 ,5_104,5,104,00,ATG,AGGAG,5-10bp,0.610,NODE_5_length_362467_cov_54.875074,mobileOG_000368513_NODE_5_length_362467_cov_54.875074
292,mobileOG_000556803|NA:Keyword|A0A2S4XFV4|transfer|NA|GPD|Keyword Search,NODE_5_length_362467_cov_54.875074_122 # 133666 # 134472 # 1 # ID=5_122;partial=00;start_type=ATG;rbs_motif=AGGAG;rbs_spacer=5-10bp;gc_cont=0.663,98.1,523,268,7.68e-190,269,1,268,1,268,mobileOG_000556803,NA:Keyword,A0A2S4XFV4,transfer,NA,GPD,Keyword Search,NODE_5_length_362467_cov_54.875074_122, 133666 # 134472 # 1 , 133666,134472,1 ,5_122,5,122,00,ATG,AGGAG,5-10bp,0.663,NODE_5_length_362467_cov_54.875074,mobileOG_000556803_NODE_5_length_362467_cov_54.875074
293,mobileOG_000368514|recR|WP_004940263.1|replication/recombination/repair|NA|Plasmid RefSeq|Homology,NODE_5_length_362467_cov_54.875074_135 # 151042 # 151647 # -1 # ID=5_135;partial=00;start_type=ATG;rbs_motif=None;rbs_spacer=None;gc_cont=0.662,100,402,201,3.31e-144,202,1,201,1,201,mobileOG_000368514,recR,WP_004940263.1,replication/recombination/repair,NA,Plasmid RefSeq,Homology,NODE_5_length_362467_cov_54.875074_135, 151042 # 151647 # -1 , 151042,151647,-1 ,5_135,5,135,00,ATG,None,None,0.662,NODE_5_length_362467_cov_54.875074,mobileOG_000368514_NODE_5_length_362467_cov_54.875074
294,mobileOG_000025696|recR|WP_002892177.1|replication/recombination/repair|NA|Plasmid RefSeq|Manual,NODE_5_length_362467_cov_54.875074_135 # 151042 # 151647 # -1 # ID=5_135;partial=00;start_type=ATG;rbs_motif=None;rbs_spacer=None;gc_cont=0.662,91.5,370,201,2.12e-131,202,1,201,1,201,mobileOG_000025696,recR,WP_002892177.1,replication/recombination/repair,NA,Plasmid RefSeq,Manual,NODE_5_length_362467_cov_54.875074_135, 151042 # 151647 # -1 , 151042,151647,-1 ,5_135,5,135,00,ATG,None,None,0.662,NODE_5_length_362467_cov_54.875074,mobileOG_000025696_NODE_5_length_362467_cov_54.875074
295,mobileOG_000295145|recR|WP_006809843.1|replication/recombination/repair|NA|Plasmid RefSeq|Homology,NODE_5_length_362467_cov_54.875074_135 # 151042 # 151647 # -1 # ID=5_135;partial=00;start_type=ATG;rbs_motif=None;rbs_spacer=None;gc_cont=0.662,91.5,369,201,8.64e-131,202,1,201,1,201,mobileOG_000295145,recR,WP_006809843.1,replication/recombination/repair,NA,Plasmid RefSeq,Homology,NODE_5_length_362467_cov_54.875074_135, 151042 # 151647 # -1 , 151042,151647,-1 ,5_135,5,135,00,ATG,None,None,0.662,NODE_5_length_362467_cov_54.875074,mobileOG_000295145_NODE_5_length_362467_cov_54.875074
296,mobileOG_000025590|recR|A0A192CI29|replication/recombination/repair|NA|Plasmid RefSeq|Manual,NODE_5_length_362467_cov_54.875074_135 # 151042 # 151647 # -1 # ID=5_135;partial=00;start_type=ATG;rbs_motif=None;rbs_spacer=None;gc_cont=0.662,90.5,367,201,3.52e-130,202,1,201,1,201,mobileOG_000025590,recR,A0A192CI29,replication/recombination/repair,NA,Plasmid RefSeq,Manual,NODE_5_length_362467_cov_54.875074_135, 151042 # 151647 # -1 , 151042,151647,-1 ,5_135,5,135,00,ATG,None,None,0.662,NODE_5_length_362467_cov_54.875074,mobileOG_000025590_NODE_5_length_362467_cov_54.875074
297,mobileOG_000025506|recR|A0A0A5T261|replication/recombination/repair|NA|Plasmid RefSeq|Manual,NODE_5_length_362467_cov_54.875074_135 # 151042 # 151647 # -1 # ID=5_135;partial=00;start_type=ATG;rbs_motif=None;rbs_spacer=None;gc_cont=0.662,90.5,367,201,5.00e-130,202,1,201,1,201,mobileOG_000025506,recR,A0A0A5T261,replication/recombination/repair,NA,Plasmid RefSeq,Manual,NODE_5_length_362467_cov_54.875074_135, 151042 # 151647 # -1 , 151042,151647,-1 ,5_135,5,135,00,ATG,None,None,0.662,NODE_5_length_362467_cov_54.875074,mobileOG_000025506_NODE_5_length_362467_cov_54.875074
298,mobileOG_000365592|dnaX|WP_101453443.1|replication/recombination/repair|NA|Plasmid RefSeq|Homology,NODE_5_length_362467_cov_54.875074_137 # 152018 # 153976 # -1 # ID=5_137;partial=00;start_type=ATG;rbs_motif=None;rbs_spacer=None;gc_cont=0.648,97.1,1179,652,0.0,653,1,652,1,652,mobileOG_000365592,dnaX,WP_101453443.1,replication/recombination/repair,NA,Plasmid RefSeq,Homology,NODE_5_length_362467_cov_54.875074_137, 152018 # 153976 # -1 , 152018,153976,-1 ,5_137,5,137,00,ATG,None,None,0.648,NODE_5_length_362467_cov_54.875074,mobileOG_000365592_NODE_5_length_362467_cov_54.875074
299,mobileOG_000365572|dnaX|WP_033647268.1|replication/recombination/repair|NA|Plasmid RefSeq|Homology,NODE_5_length_362467_cov_54.875074_137 # 152018 # 153976 # -1 # ID=5_137;partial=00;start_type=ATG;rbs_motif=None;rbs_spacer=None;gc_cont=0.648,96.6,1162,652,0.0,653,1,652,1,652,mobileOG_000365572,dnaX,WP_033647268.1,replication/recombination/repair,NA,Plasmid RefSeq,Homology,NODE_5_length_362467_cov_54.875074_137, 152018 # 153976 # -1 , 152018,153976,-1 ,5_137,5,137,00,ATG,None,None,0.648,NODE_5_length_362467_cov_54.875074,mobileOG_000365572_NODE_5_length_362467_cov_54.875074
300,mobileOG_000374240|priC|WP_033637350.1|replication/recombination/repair|NA|Plasmid RefSeq|Homology,NODE_5_length_362467_cov_54.875074_140 # 155289 # 155825 # 1 # ID=5_140;partial=00;start_type=GTG;rbs_motif=GGAG/GAGG;rbs_spacer=5-10bp;gc_cont=0.648,98.3,322,178,6.01e-113,179,1,178,1,178,mobileOG_000374240,priC,WP_033637350.1,replication/recombination/repair,NA,Plasmid RefSeq,Homology,NODE_5_length_362467_cov_54.875074_140, 155289 # 155825 # 1 , 155289,155825,1 ,5_140,5,140,00,GTG,GGAG/GAGG,5-10bp,0.648,NODE_5_length_362467_cov_54.875074,mobileOG_000374240_NODE_5_length_362467_cov_54.875074
301,mobileOG_000374241|priC|WP_033642112.1|replication/recombination/repair|NA|Plasmid RefSeq|Homology,NODE_5_length_362467_cov_54.875074_140 # 155289 # 155825 # 1 # ID=5_140;partial=00;start_type=GTG;rbs_motif=GGAG/GAGG;rbs_spacer=5-10bp;gc_cont=0.648,96.1,315,178,1.65e-110,179,1,178,1,178,mobileOG_000374241,priC,WP_033642112.1,replication/recombination/repair,NA,Plasmid RefSeq,Homology,NODE_5_length_362467_cov_54.875074_140, 155289 # 155825 # 1 , 155289,155825,1 ,5_140,5,140,00,GTG,GGAG/GAGG,5-10bp,0.648,NODE_5_length_362467_cov_54.875074,mobileOG_000374241_NODE_5_length_362467_cov_54.875074
302,mobileOG_000368554|ogt|WP_033642088.1|replication/recombination/repair|NA|Plasmid RefSeq|Homology,NODE_5_length_362467_cov_54.875074_156 # 170471 # 170785 # 1 # ID=5_156;partial=00;start_type=ATG;rbs_motif=AGGA;rbs_spacer=5-10bp;gc_cont=0.635,98.1,213,104,2.44e-72,105,1,104,1,104,mobileOG_000368554,ogt,WP_033642088.1,replication/recombination/repair,NA,Plasmid RefSeq,Homology,NODE_5_length_362467_cov_54.875074_156, 170471 # 170785 # 1 , 170471,170785,1 ,5_156,5,156,00,ATG,AGGA,5-10bp,0.635,NODE_5_length_362467_cov_54.875074,mobileOG_000368554_NODE_5_length_362467_cov_54.875074
303,mobileOG_000314374|ogt|WP_033647296.1|replication/recombination/repair|NA|Plasmid RefSeq|Homology,NODE_5_length_362467_cov_54.875074_156 # 170471 # 170785 # 1 # ID=5_156;partial=00;start_type=ATG;rbs_motif=AGGA;rbs_spacer=5-10bp;gc_cont=0.635,97.1,211,104,9.94e-72,105,1,104,1,104,mobileOG_000314374,ogt,WP_033647296.1,replication/recombination/repair,NA,Plasmid RefSeq,Homology,NODE_5_length_362467_cov_54.875074_156, 170471 # 170785 # 1 , 170471,170785,1 ,5_156,5,156,00,ATG,AGGA,5-10bp,0.635,NODE_5_length_362467_cov_54.875074,mobileOG_000314374_NODE_5_length_362467_cov_54.875074
304,mobileOG_000368515|hup|WP_004940351.1|replication/recombination/repair|integration/excision|Plasmid RefSeq|Homology,NODE_5_length_362467_cov_54.875074_171 # 186429 # 186701 # -1 # ID=5_171;partial=00;start_type=GTG;rbs_motif=GGAG/GAGG;rbs_spacer=5-10bp;gc_cont=0.549,100,165,90,7.33e-54,91,1,90,1,90,mobileOG_000368515,hup,WP_004940351.1,replication/recombination/repair,integration/excision,Plasmid RefSeq,Homology,NODE_5_length_362467_cov_54.875074_171, 186429 # 186701 # -1 , 186429,186701,-1 ,5_171,5,171,00,GTG,GGAG/GAGG,5-10bp,0.549,NODE_5_length_362467_cov_54.875074,mobileOG_000368515_NODE_5_length_362467_cov_54.875074
305,mobileOG_000025521|hupB|A0A192CJA5|replication/recombination/repair|integration/excision|Plasmid RefSeq|Manual,NODE_5_length_362467_cov_54.875074_171 # 186429 # 186701 # -1 # ID=5_171;partial=00;start_type=GTG;rbs_motif=GGAG/GAGG;rbs_spacer=5-10bp;gc_cont=0.549,90.0,152,90,7.93e-49,91,1,90,1,90,mobileOG_000025521,hupB,A0A192CJA5,replication/recombination/repair,integration/excision,Plasmid RefSeq,Manual,NODE_5_length_362467_cov_54.875074_171, 186429 # 186701 # -1 , 186429,186701,-1 ,5_171,5,171,00,GTG,GGAG/GAGG,5-10bp,0.549,NODE_5_length_362467_cov_54.875074,mobileOG_000025521_NODE_5_length_362467_cov_54.875074
306,mobileOG_000025753|hupB|A0A078LCB7|phage|replication/recombination/repair|Plasmid RefSeq|Manual,NODE_5_length_362467_cov_54.875074_171 # 186429 # 186701 # -1 # ID=5_171;partial=00;start_type=GTG;rbs_motif=GGAG/GAGG;rbs_spacer=5-10bp;gc_cont=0.549,90.0,152,90,1.13e-48,91,1,90,1,90,mobileOG_000025753,hupB,A0A078LCB7,phage,replication/recombination/repair,Plasmid RefSeq,Manual,NODE_5_length_362467_cov_54.875074_171, 186429 # 186701 # -1 , 186429,186701,-1 ,5_171,5,171,00,GTG,GGAG/GAGG,5-10bp,0.549,NODE_5_length_362467_cov_54.875074,mobileOG_000025753_NODE_5_length_362467_cov_54.875074
307,mobileOG_000299341|hup|WP_002444653.1|replication/recombination/repair|integration/excision|Plasmid RefSeq|Homology,NODE_5_length_362467_cov_54.875074_171 # 186429 # 186701 # -1 # ID=5_171;partial=00;start_type=GTG;rbs_motif=GGAG/GAGG;rbs_spacer=5-10bp;gc_cont=0.549,90.0,152,90,1.60e-48,91,1,90,1,90,mobileOG_000299341,hup,WP_002444653.1,replication/recombination/repair,integration/excision,Plasmid RefSeq,Homology,NODE_5_length_362467_cov_54.875074_171, 186429 # 186701 # -1 , 186429,186701,-1 ,5_171,5,171,00,GTG,GGAG/GAGG,5-10bp,0.549,NODE_5_length_362467_cov_54.875074,mobileOG_000299341_NODE_5_length_362467_cov_54.875074
308,"mobileOG_000368516|clpX|WP_004940354.1|phage|replication,chaperone|Plasmid RefSeq|Homology",NODE_5_length_362467_cov_54.875074_173 # 189467 # 190738 # -1 # ID=5_173;partial=00;start_type=ATG;rbs_motif=GGAG/GAGG;rbs_spacer=5-10bp;gc_cont=0.584,100,831,423,3.07e-306,424,1,423,1,423,mobileOG_000368516,clpX,WP_004940354.1,phage,"replication,chaperone",Plasmid RefSeq,Homology,NODE_5_length_362467_cov_54.875074_173, 189467 # 190738 # -1 , 189467,190738,-1 ,5_173,5,173,00,ATG,GGAG/GAGG,5-10bp,0.584,NODE_5_length_362467_cov_54.875074,mobileOG_000368516_NODE_5_length_362467_cov_54.875074
309,mobileOG_000025945|clpX|F0JMC0|phage|replication/recombination/repair|Plasmid RefSeq|Manual,NODE_5_length_362467_cov_54.875074_173 # 189467 # 190738 # -1 # ID=5_173;partial=00;start_type=ATG;rbs_motif=GGAG/GAGG;rbs_spacer=5-10bp;gc_cont=0.584,94.8,792,424,7.87e-291,424,1,424,1,423,mobileOG_000025945,clpX,F0JMC0,phage,replication/recombination/repair,Plasmid RefSeq,Manual,NODE_5_length_362467_cov_54.875074_173, 189467 # 190738 # -1 , 189467,190738,-1 ,5_173,5,173,00,ATG,GGAG/GAGG,5-10bp,0.584,NODE_5_length_362467_cov_54.875074,mobileOG_000025945_NODE_5_length_362467_cov_54.875074
310,"mobileOG_000288446|clpX|WP_015571275.1|phage|replication,chaperone|Plasmid RefSeq|Homology",NODE_5_length_362467_cov_54.875074_173 # 189467 # 190738 # -1 # ID=5_173;partial=00;start_type=ATG;rbs_motif=GGAG/GAGG;rbs_spacer=5-10bp;gc_cont=0.584,95.0,792,424,7.87e-291,424,1,424,1,423,mobileOG_000288446,clpX,WP_015571275.1,phage,"replication,chaperone",Plasmid RefSeq,Homology,NODE_5_length_362467_cov_54.875074_173, 189467 # 190738 # -1 , 189467,190738,-1 ,5_173,5,173,00,ATG,GGAG/GAGG,5-10bp,0.584,NODE_5_length_362467_cov_54.875074,mobileOG_000288446_NODE_5_length_362467_cov_54.875074
311,"mobileOG_000344359|clpX|WP_002891807.1|phage|replication,chaperone|Plasmid RefSeq|Homology",NODE_5_length_362467_cov_54.875074_173 # 189467 # 190738 # -1 # ID=5_173;partial=00;start_type=ATG;rbs_motif=GGAG/GAGG;rbs_spacer=5-10bp;gc_cont=0.584,94.8,791,424,1.12e-290,424,1,424,1,423,mobileOG_000344359,clpX,WP_002891807.1,phage,"replication,chaperone",Plasmid RefSeq,Homology,NODE_5_length_362467_cov_54.875074_173, 189467 # 190738 # -1 , 189467,190738,-1 ,5_173,5,173,00,ATG,GGAG/GAGG,5-10bp,0.584,NODE_5_length_362467_cov_54.875074,mobileOG_000344359_NODE_5_length_362467_cov_54.875074
312,mobileOG_000025183|clpX|A0A0A0ZT71|phage|replication/recombination/repair|Plasmid RefSeq|Manual,NODE_5_length_362467_cov_54.875074_173 # 189467 # 190738 # -1 # ID=5_173;partial=00;start_type=ATG;rbs_motif=GGAG/GAGG;rbs_spacer=5-10bp;gc_cont=0.584,94.8,791,424,2.26e-290,424,1,424,1,423,mobileOG_000025183,clpX,A0A0A0ZT71,phage,replication/recombination/repair,Plasmid RefSeq,Manual,NODE_5_length_362467_cov_54.875074_173, 189467 # 190738 # -1 , 189467,190738,-1 ,5_173,5,173,00,ATG,GGAG/GAGG,5-10bp,0.584,NODE_5_length_362467_cov_54.875074,mobileOG_000025183_NODE_5_length_362467_cov_54.875074
313,mobileOG_000025998|clpX|A0A1R0G070|phage|replication/recombination/repair|Plasmid RefSeq|Manual,NODE_5_length_362467_cov_54.875074_173 # 189467 # 190738 # -1 # ID=5_173;partial=00;start_type=ATG;rbs_motif=GGAG/GAGG;rbs_spacer=5-10bp;gc_cont=0.584,94.6,789,424,9.18e-290,424,1,424,1,423,mobileOG_000025998,clpX,A0A1R0G070,phage,replication/recombination/repair,Plasmid RefSeq,Manual,NODE_5_length_362467_cov_54.875074_173, 189467 # 190738 # -1 , 189467,190738,-1 ,5_173,5,173,00,ATG,GGAG/GAGG,5-10bp,0.584,NODE_5_length_362467_cov_54.875074,mobileOG_000025998_NODE_5_length_362467_cov_54.875074
314,mobileOG_000351483|clpP|WP_016928858.1|phage|replication/recombination/repair|Plasmid RefSeq|Homology,NODE_5_length_362467_cov_54.875074_174 # 190882 # 191505 # -1 # ID=5_174;partial=00;start_type=ATG;rbs_motif=AGGAG;rbs_spacer=5-10bp;gc_cont=0.579,100,412,207,1.15e-147,208,1,207,1,207,mobileOG_000351483,clpP,WP_016928858.1,phage,replication/recombination/repair,Plasmid RefSeq,Homology,NODE_5_length_362467_cov_54.875074_174, 190882 # 191505 # -1 , 190882,191505,-1 ,5_174,5,174,00,ATG,AGGAG,5-10bp,0.579,NODE_5_length_362467_cov_54.875074,mobileOG_000351483_NODE_5_length_362467_cov_54.875074
315,mobileOG_000368517|clpP|WP_004940356.1|phage|replication/recombination/repair|Plasmid RefSeq|Homology,NODE_5_length_362467_cov_54.875074_174 # 190882 # 191505 # -1 # ID=5_174;partial=00;start_type=ATG;rbs_motif=AGGAG;rbs_spacer=5-10bp;gc_cont=0.579,99.5,410,207,3.29e-147,208,1,207,1,207,mobileOG_000368517,clpP,WP_004940356.1,phage,replication/recombination/repair,Plasmid RefSeq,Homology,NODE_5_length_362467_cov_54.875074_174, 190882 # 191505 # -1 , 190882,191505,-1 ,5_174,5,174,00,ATG,AGGAG,5-10bp,0.579,NODE_5_length_362467_cov_54.875074,mobileOG_000368517_NODE_5_length_362467_cov_54.875074
316,mobileOG_000301843|clpP|WP_006809880.1|phage|replication/recombination/repair|Plasmid RefSeq|Homology,NODE_5_length_362467_cov_54.875074_174 # 190882 # 191505 # -1 # ID=5_174;partial=00;start_type=ATG;rbs_motif=AGGAG;rbs_spacer=5-10bp;gc_cont=0.579,92.3,387,207,4.63e-138,208,1,207,1,207,mobileOG_000301843,clpP,WP_006809880.1,phage,replication/recombination/repair,Plasmid RefSeq,Homology,NODE_5_length_362467_cov_54.875074_174, 190882 # 191505 # -1 , 190882,191505,-1 ,5_174,5,174,00,ATG,AGGAG,5-10bp,0.579,NODE_5_length_362467_cov_54.875074,mobileOG_000301843_NODE_5_length_362467_cov_54.875074
317,mobileOG_000351734|clpP|A0A078LKE9|phage|replication/recombination/repair|Plasmid RefSeq|Homology,NODE_5_length_362467_cov_54.875074_174 # 190882 # 191505 # -1 # ID=5_174;partial=00;start_type=ATG;rbs_motif=AGGAG;rbs_spacer=5-10bp;gc_cont=0.579,91.3,382,207,4.44e-136,208,1,207,1,207,mobileOG_000351734,clpP,A0A078LKE9,phage,replication/recombination/repair,Plasmid RefSeq,Homology,NODE_5_length_362467_cov_54.875074_174, 190882 # 191505 # -1 , 190882,191505,-1 ,5_174,5,174,00,ATG,AGGAG,5-10bp,0.579,NODE_5_length_362467_cov_54.875074,mobileOG_000351734_NODE_5_length_362467_cov_54.875074
318,mobileOG_000289010|clpP|WP_002891804.1|phage|replication/recombination/repair|Plasmid RefSeq|Homology,NODE_5_length_362467_cov_54.875074_174 # 190882 # 191505 # -1 # ID=5_174;partial=00;start_type=ATG;rbs_motif=AGGAG;rbs_spacer=5-10bp;gc_cont=0.579,91.3,382,207,6.30e-136,208,1,207,1,207,mobileOG_000289010,clpP,WP_002891804.1,phage,replication/recombination/repair,Plasmid RefSeq,Homology,NODE_5_length_362467_cov_54.875074_174, 190882 # 191505 # -1 , 190882,191505,-1 ,5_174,5,174,00,ATG,AGGAG,5-10bp,0.579,NODE_5_length_362467_cov_54.875074,mobileOG_000289010_NODE_5_length_362467_cov_54.875074
319,mobileOG_000025855|clpP|A0A192CHZ0|phage|replication/recombination/repair|Plasmid RefSeq|Manual,NODE_5_length_362467_cov_54.875074_174 # 190882 # 191505 # -1 # ID=5_174;partial=00;start_type=ATG;rbs_motif=AGGAG;rbs_spacer=5-10bp;gc_cont=0.579,91.3,381,207,1.81e-135,208,1,207,1,207,mobileOG_000025855,clpP,A0A192CHZ0,phage,replication/recombination/repair,Plasmid RefSeq,Manual,NODE_5_length_362467_cov_54.875074_174, 190882 # 191505 # -1 , 190882,191505,-1 ,5_174,5,174,00,ATG,AGGAG,5-10bp,0.579,NODE_5_length_362467_cov_54.875074,mobileOG_000025855_NODE_5_length_362467_cov_54.875074
320,mobileOG_000351487|xseB|WP_033642062.1|replication/recombination/repair|NA|Plasmid RefSeq|Homology,NODE_5_length_362467_cov_54.875074_189 # 207002 # 207265 # 1 # ID=5_189;partial=00;start_type=ATG;rbs_motif=None;rbs_spacer=None;gc_cont=0.591,100,146,87,2.51e-46,88,1,87,1,87,mobileOG_000351487,xseB,WP_033642062.1,replication/recombination/repair,NA,Plasmid RefSeq,Homology,NODE_5_length_362467_cov_54.875074_189, 207002 # 207265 # 1 , 207002,207265,1 ,5_189,5,189,00,ATG,None,None,0.591,NODE_5_length_362467_cov_54.875074,mobileOG_000351487_NODE_5_length_362467_cov_54.875074
321,mobileOG_000368527|xseB|WP_015376838.1|replication/recombination/repair|NA|Plasmid RefSeq|Homology,NODE_5_length_362467_cov_54.875074_189 # 207002 # 207265 # 1 # ID=5_189;partial=00;start_type=ATG;rbs_motif=None;rbs_spacer=None;gc_cont=0.591,98.9,144,87,1.45e-45,88,1,87,1,87,mobileOG_000368527,xseB,WP_015376838.1,replication/recombination/repair,NA,Plasmid RefSeq,Homology,NODE_5_length_362467_cov_54.875074_189, 207002 # 207265 # 1 , 207002,207265,1 ,5_189,5,189,00,ATG,None,None,0.591,NODE_5_length_362467_cov_54.875074,mobileOG_000368527_NODE_5_length_362467_cov_54.875074
322,"mobileOG_000368518|nusB|WP_004940384.1|phage|regulation,infection|Plasmid RefSeq|Homology",NODE_5_length_362467_cov_54.875074_195 # 212737 # 213153 # -1 # ID=5_195;partial=00;start_type=GTG;rbs_motif=GGA/GAG/AGG;rbs_spacer=5-10bp;gc_cont=0.561,100,265,138,5.45e-92,139,1,138,1,138,mobileOG_000368518,nusB,WP_004940384.1,phage,"regulation,infection",Plasmid RefSeq,Homology,NODE_5_length_362467_cov_54.875074_195, 212737 # 213153 # -1 , 212737,213153,-1 ,5_195,5,195,00,GTG,GGA/GAG/AGG,5-10bp,0.561,NODE_5_length_362467_cov_54.875074,mobileOG_000368518_NODE_5_length_362467_cov_54.875074
323,mobileOG_000334028|sbcD|WP_060437993.1|replication/recombination/repair|NA|Plasmid RefSeq|Homology,NODE_5_length_362467_cov_54.875074_216 # 235451 # 236683 # 1 # ID=5_216;partial=00;start_type=ATG;rbs_motif=GGA/GAG/AGG;rbs_spacer=5-10bp;gc_cont=0.637,96.8,778,410,5.93e-286,411,1,410,1,410,mobileOG_000334028,sbcD,WP_060437993.1,replication/recombination/repair,NA,Plasmid RefSeq,Homology,NODE_5_length_362467_cov_54.875074_216, 235451 # 236683 # 1 , 235451,236683,1 ,5_216,5,216,00,ATG,GGA/GAG/AGG,5-10bp,0.637,NODE_5_length_362467_cov_54.875074,mobileOG_000334028_NODE_5_length_362467_cov_54.875074
324,mobileOG_000326381|sbcD|WP_096241949.1|replication/recombination/repair|NA|Plasmid RefSeq|Homology,NODE_5_length_362467_cov_54.875074_216 # 235451 # 236683 # 1 # ID=5_216;partial=00;start_type=ATG;rbs_motif=GGA/GAG/AGG;rbs_spacer=5-10bp;gc_cont=0.637,95.4,763,410,5.21e-280,411,1,409,1,409,mobileOG_000326381,sbcD,WP_096241949.1,replication/recombination/repair,NA,Plasmid RefSeq,Homology,NODE_5_length_362467_cov_54.875074_216, 235451 # 236683 # 1 , 235451,236683,1 ,5_216,5,216,00,ATG,GGA/GAG/AGG,5-10bp,0.637,NODE_5_length_362467_cov_54.875074,mobileOG_000326381_NODE_5_length_362467_cov_54.875074
325,mobileOG_000748103|NA:Keyword|WP_019454226.1|stability/transfer/defense|NA|Plasmid RefSeq|Keyword Search,NODE_5_length_362467_cov_54.875074_219 # 241008 # 241394 # -1 # ID=5_219;partial=00;start_type=ATG;rbs_motif=GGAG/GAGG;rbs_spacer=5-10bp;gc_cont=0.628,99.2,259,128,7.11e-90,129,1,128,1,128,mobileOG_000748103,NA:Keyword,WP_019454226.1,stability/transfer/defense,NA,Plasmid RefSeq,Keyword Search,NODE_5_length_362467_cov_54.875074_219, 241008 # 241394 # -1 , 241008,241394,-1 ,5_219,5,219,00,ATG,GGAG/GAGG,5-10bp,0.628,NODE_5_length_362467_cov_54.875074,mobileOG_000748103_NODE_5_length_362467_cov_54.875074
326,mobileOG_000749725|NA:Keyword|WP_033642043.1|stability/transfer/defense|NA|Plasmid RefSeq|Keyword Search,NODE_5_length_362467_cov_54.875074_219 # 241008 # 241394 # -1 # ID=5_219;partial=00;start_type=ATG;rbs_motif=GGAG/GAGG;rbs_spacer=5-10bp;gc_cont=0.628,98.4,258,128,2.90e-89,129,1,128,1,128,mobileOG_000749725,NA:Keyword,WP_033642043.1,stability/transfer/defense,NA,Plasmid RefSeq,Keyword Search,NODE_5_length_362467_cov_54.875074_219, 241008 # 241394 # -1 , 241008,241394,-1 ,5_219,5,219,00,ATG,GGAG/GAGG,5-10bp,0.628,NODE_5_length_362467_cov_54.875074,mobileOG_000749725_NODE_5_length_362467_cov_54.875074
327,mobileOG_000748213|NA:Keyword|WP_033637280.1|stability/transfer/defense|NA|Plasmid RefSeq|Keyword Search,NODE_5_length_362467_cov_54.875074_220 # 241391 # 241624 # -1 # ID=5_220;partial=00;start_type=ATG;rbs_motif=AGGAG;rbs_spacer=5-10bp;gc_cont=0.620,97.4,143,77,2.06e-45,78,1,76,1,76,mobileOG_000748213,NA:Keyword,WP_033637280.1,stability/transfer/defense,NA,Plasmid RefSeq,Keyword Search,NODE_5_length_362467_cov_54.875074_220, 241391 # 241624 # -1 , 241391,241624,-1 ,5_220,5,220,00,ATG,AGGAG,5-10bp,0.620,NODE_5_length_362467_cov_54.875074,mobileOG_000748213_NODE_5_length_362467_cov_54.875074
328,mobileOG_000368519|rdgC|WP_004940461.1|integration/excision|NA|Plasmid RefSeq|Homology,NODE_5_length_362467_cov_54.875074_222 # 242859 # 243770 # 1 # ID=5_222;partial=00;start_type=ATG;rbs_motif=GGA/GAG/AGG;rbs_spacer=5-10bp;gc_cont=0.596,100,583,303,1.91e-212,304,1,303,1,303,mobileOG_000368519,rdgC,WP_004940461.1,integration/excision,NA,Plasmid RefSeq,Homology,NODE_5_length_362467_cov_54.875074_222, 242859 # 243770 # 1 , 242859,243770,1 ,5_222,5,222,00,ATG,GGA/GAG/AGG,5-10bp,0.596,NODE_5_length_362467_cov_54.875074,mobileOG_000368519_NODE_5_length_362467_cov_54.875074
329,mobileOG_000167669|intS_7|A0A2S4RRI3|integration/excision|NA|GPD|Homology,NODE_5_length_362467_cov_54.875074_291 # 315997 # 316353 # -1 # ID=5_291;partial=00;start_type=ATG;rbs_motif=GGA/GAG/AGG;rbs_spacer=11-12bp;gc_cont=0.499,94.1,223,390,4.93e-72,119,1,118,1,118,mobileOG_000167669,intS_7,A0A2S4RRI3,integration/excision,NA,GPD,Homology,NODE_5_length_362467_cov_54.875074_291, 315997 # 316353 # -1 , 315997,316353,-1 ,5_291,5,291,00,ATG,GGA/GAG/AGG,11-12bp,0.499,NODE_5_length_362467_cov_54.875074,mobileOG_000167669_NODE_5_length_362467_cov_54.875074
330,mobileOG_000364693|intS_7|WP_060438105.1|integration/excision|NA|Plasmid RefSeq|Homology,NODE_5_length_362467_cov_54.875074_291 # 315997 # 316353 # -1 # ID=5_291;partial=00;start_type=ATG;rbs_motif=GGA/GAG/AGG;rbs_spacer=11-12bp;gc_cont=0.499,93.2,221,388,2.64e-71,119,1,118,1,118,mobileOG_000364693,intS_7,WP_060438105.1,integration/excision,NA,Plasmid RefSeq,Homology,NODE_5_length_362467_cov_54.875074_291, 315997 # 316353 # -1 , 315997,316353,-1 ,5_291,5,291,00,ATG,GGA/GAG/AGG,11-12bp,0.499,NODE_5_length_362467_cov_54.875074,mobileOG_000364693_NODE_5_length_362467_cov_54.875074
331,mobileOG_000355889|intS_7|WP_001130497.1|integration/excision|NA|Plasmid RefSeq|Homology,NODE_5_length_362467_cov_54.875074_291 # 315997 # 316353 # -1 # ID=5_291;partial=00;start_type=ATG;rbs_motif=GGA/GAG/AGG;rbs_spacer=11-12bp;gc_cont=0.499,93.2,219,394,1.76e-70,119,1,118,1,118,mobileOG_000355889,intS_7,WP_001130497.1,integration/excision,NA,Plasmid RefSeq,Homology,NODE_5_length_362467_cov_54.875074_291, 315997 # 316353 # -1 , 315997,316353,-1 ,5_291,5,291,00,ATG,GGA/GAG/AGG,11-12bp,0.499,NODE_5_length_362467_cov_54.875074,mobileOG_000355889_NODE_5_length_362467_cov_54.875074
332,mobileOG_000355888|intS_7|WP_001130487.1|integration/excision|NA|Plasmid RefSeq|Homology,NODE_5_length_362467_cov_54.875074_291 # 315997 # 316353 # -1 # ID=5_291;partial=00;start_type=ATG;rbs_motif=GGA/GAG/AGG;rbs_spacer=11-12bp;gc_cont=0.499,90.7,216,393,2.74e-69,119,1,118,1,118,mobileOG_000355888,intS_7,WP_001130487.1,integration/excision,NA,Plasmid RefSeq,Homology,NODE_5_length_362467_cov_54.875074_291, 315997 # 316353 # -1 , 315997,316353,-1 ,5_291,5,291,00,ATG,GGA/GAG/AGG,11-12bp,0.499,NODE_5_length_362467_cov_54.875074,mobileOG_000355888_NODE_5_length_362467_cov_54.875074
333,mobileOG_000291567|intS_7|A0A5E9ZYM6|integration/excision|NA|Plasmid RefSeq|Homology,NODE_5_length_362467_cov_54.875074_291 # 315997 # 316353 # -1 # ID=5_291;partial=00;start_type=ATG;rbs_motif=GGA/GAG/AGG;rbs_spacer=11-12bp;gc_cont=0.499,90.7,214,389,6.96e-69,119,1,118,1,118,mobileOG_000291567,intS_7,A0A5E9ZYM6,integration/excision,NA,Plasmid RefSeq,Homology,NODE_5_length_362467_cov_54.875074_291, 315997 # 316353 # -1 , 315997,316353,-1 ,5_291,5,291,00,ATG,GGA/GAG/AGG,11-12bp,0.499,NODE_5_length_362467_cov_54.875074,mobileOG_000291567_NODE_5_length_362467_cov_54.875074
334,mobileOG_000354118|dinB|WP_033649934.1|replication/recombination/repair|NA|Plasmid RefSeq|Homology,NODE_5_length_362467_cov_54.875074_299 # 323535 # 324596 # -1 # ID=5_299;partial=00;start_type=ATG;rbs_motif=GGAGG;rbs_spacer=5-10bp;gc_cont=0.635,99.2,689,353,2.27e-252,354,1,353,1,353,mobileOG_000354118,dinB,WP_033649934.1,replication/recombination/repair,NA,Plasmid RefSeq,Homology,NODE_5_length_362467_cov_54.875074_299, 323535 # 324596 # -1 , 323535,324596,-1 ,5_299,5,299,00,ATG,GGAGG,5-10bp,0.635,NODE_5_length_362467_cov_54.875074,mobileOG_000354118_NODE_5_length_362467_cov_54.875074
335,mobileOG_000354119|dinB|WP_033653334.1|replication/recombination/repair|NA|Plasmid RefSeq|Homology,NODE_5_length_362467_cov_54.875074_299 # 323535 # 324596 # -1 # ID=5_299;partial=00;start_type=ATG;rbs_motif=GGAGG;rbs_spacer=5-10bp;gc_cont=0.635,98.9,687,353,9.24e-252,354,1,353,1,353,mobileOG_000354119,dinB,WP_033653334.1,replication/recombination/repair,NA,Plasmid RefSeq,Homology,NODE_5_length_362467_cov_54.875074_299, 323535 # 324596 # -1 , 323535,324596,-1 ,5_299,5,299,00,ATG,GGAGG,5-10bp,0.635,NODE_5_length_362467_cov_54.875074,mobileOG_000354119_NODE_5_length_362467_cov_54.875074
336,mobileOG_000368502|srnB|WP_004930217.1|stability/transfer/defense|NA|Plasmid RefSeq|Homology,NODE_5_length_362467_cov_54.875074_315 # 339760 # 339912 # 1 # ID=5_315;partial=00;start_type=ATG;rbs_motif=GGAGG;rbs_spacer=5-10bp;gc_cont=0.549,100,95.5,50,2.73e-27,51,1,50,1,50,mobileOG_000368502,srnB,WP_004930217.1,stability/transfer/defense,NA,Plasmid RefSeq,Homology,NODE_5_length_362467_cov_54.875074_315, 339760 # 339912 # 1 , 339760,339912,1 ,5_315,5,315,00,ATG,GGAGG,5-10bp,0.549,NODE_5_length_362467_cov_54.875074,mobileOG_000368502_NODE_5_length_362467_cov_54.875074
337,mobileOG_000334471|dnaQ|WP_004930195.1|replication/recombination/repair|NA|Plasmid RefSeq|Homology,NODE_5_length_362467_cov_54.875074_328 # 353654 # 354397 # -1 # ID=5_328;partial=00;start_type=ATG;rbs_motif=GGA/GAG/AGG;rbs_spacer=5-10bp;gc_cont=0.590,99.6,491,247,9.71e-178,248,1,247,1,247,mobileOG_000334471,dnaQ,WP_004930195.1,replication/recombination/repair,NA,Plasmid RefSeq,Homology,NODE_5_length_362467_cov_54.875074_328, 353654 # 354397 # -1 , 353654,354397,-1 ,5_328,5,328,00,ATG,GGA/GAG/AGG,5-10bp,0.590,NODE_5_length_362467_cov_54.875074,mobileOG_000334471_NODE_5_length_362467_cov_54.875074
338,mobileOG_000281593|rnhA|WP_033649910.1|replication/recombination/repair|NA|Plasmid RefSeq|Homology,NODE_5_length_362467_cov_54.875074_329 # 354470 # 354937 # 1 # ID=5_329;partial=00;start_type=ATG;rbs_motif=GGA/GAG/AGG;rbs_spacer=5-10bp;gc_cont=0.588,99.4,326,155,2.21e-115,156,1,155,1,155,mobileOG_000281593,rnhA,WP_033649910.1,replication/recombination/repair,NA,Plasmid RefSeq,Homology,NODE_5_length_362467_cov_54.875074_329, 354470 # 354937 # 1 , 354470,354937,1 ,5_329,5,329,00,ATG,GGA/GAG/AGG,5-10bp,0.588,NODE_5_length_362467_cov_54.875074,mobileOG_000281593_NODE_5_length_362467_cov_54.875074
339,mobileOG_000327800|hda|WP_025159568.1|replication/recombination/repair|NA|Plasmid RefSeq|Homology,NODE_6_length_316100_cov_51.743025_33 # 30206 # 30688 # -1 # ID=6_33;partial=00;start_type=GTG;rbs_motif=AGxAGG/AGGxGG;rbs_spacer=5-10bp;gc_cont=0.607,99.4,321,233,3.95e-112,161,74,233,1,160,mobileOG_000327800,hda,WP_025159568.1,replication/recombination/repair,NA,Plasmid RefSeq,Homology,NODE_6_length_316100_cov_51.743025_33, 30206 # 30688 # -1 , 30206,30688,-1 ,6_33,6,33,00,GTG,AGxAGG/AGGxGG,5-10bp,0.607,NODE_6_length_316100_cov_51.743025,mobileOG_000327800_NODE_6_length_316100_cov_51.743025
340,mobileOG_000330176|hda|WP_101453253.1|replication/recombination/repair|NA|Plasmid RefSeq|Homology,NODE_6_length_316100_cov_51.743025_33 # 30206 # 30688 # -1 # ID=6_33;partial=00;start_type=GTG;rbs_motif=AGxAGG/AGGxGG;rbs_spacer=5-10bp;gc_cont=0.607,98.8,320,233,1.13e-111,161,74,233,1,160,mobileOG_000330176,hda,WP_101453253.1,replication/recombination/repair,NA,Plasmid RefSeq,Homology,NODE_6_length_316100_cov_51.743025_33, 30206 # 30688 # -1 , 30206,30688,-1 ,6_33,6,33,00,GTG,AGxAGG/AGGxGG,5-10bp,0.607,NODE_6_length_316100_cov_51.743025,mobileOG_000330176_NODE_6_length_316100_cov_51.743025
341,mobileOG_000040283|hda|A0A094VSK4|replication/recombination/repair|NA|COMPASS|Homology,NODE_6_length_316100_cov_51.743025_33 # 30206 # 30688 # -1 # ID=6_33;partial=00;start_type=GTG;rbs_motif=AGxAGG/AGGxGG;rbs_spacer=5-10bp;gc_cont=0.607,90.0,291,225,1.13e-100,161,66,225,1,160,mobileOG_000040283,hda,A0A094VSK4,replication/recombination/repair,NA,COMPASS,Homology,NODE_6_length_316100_cov_51.743025_33, 30206 # 30688 # -1 , 30206,30688,-1 ,6_33,6,33,00,GTG,AGxAGG/AGGxGG,5-10bp,0.607,NODE_6_length_316100_cov_51.743025,mobileOG_000040283_NODE_6_length_316100_cov_51.743025
342,mobileOG_000327250|hda|WP_000247065.1|replication/recombination/repair|NA|Plasmid RefSeq|Homology,NODE_6_length_316100_cov_51.743025_33 # 30206 # 30688 # -1 # ID=6_33;partial=00;start_type=GTG;rbs_motif=AGxAGG/AGGxGG;rbs_spacer=5-10bp;gc_cont=0.607,90.0,291,248,2.47e-100,161,89,248,1,160,mobileOG_000327250,hda,WP_000247065.1,replication/recombination/repair,NA,Plasmid RefSeq,Homology,NODE_6_length_316100_cov_51.743025_33, 30206 # 30688 # -1 , 30206,30688,-1 ,6_33,6,33,00,GTG,AGxAGG/AGGxGG,5-10bp,0.607,NODE_6_length_316100_cov_51.743025,mobileOG_000327250_NODE_6_length_316100_cov_51.743025
343,mobileOG_000340880|vapC|WP_033654558.1|stability/transfer/defense|NA|Plasmid RefSeq|Homology,NODE_6_length_316100_cov_51.743025_80 # 91452 # 91841 # -1 # ID=6_80;partial=00;start_type=ATG;rbs_motif=AGGA;rbs_spacer=5-10bp;gc_cont=0.582,96.1,246,129,8.28e-85,130,1,129,1,129,mobileOG_000340880,vapC,WP_033654558.1,stability/transfer/defense,NA,Plasmid RefSeq,Homology,NODE_6_length_316100_cov_51.743025_80, 91452 # 91841 # -1 , 91452,91841,-1 ,6_80,6,80,00,ATG,AGGA,5-10bp,0.582,NODE_6_length_316100_cov_51.743025,mobileOG_000340880_NODE_6_length_316100_cov_51.743025
344,mobileOG_000328285|xseA|WP_031299944.1|replication/recombination/repair|NA|Plasmid RefSeq|Homology,NODE_6_length_316100_cov_51.743025_117 # 130594 # 131892 # 1 # ID=6_117;partial=00;start_type=ATG;rbs_motif=GGA/GAG/AGG;rbs_spacer=5-10bp;gc_cont=0.664,100,654,458,1.31e-235,433,27,458,1,432,mobileOG_000328285,xseA,WP_031299944.1,replication/recombination/repair,NA,Plasmid RefSeq,Homology,NODE_6_length_316100_cov_51.743025_117, 130594 # 131892 # 1 , 130594,131892,1 ,6_117,6,117,00,ATG,GGA/GAG/AGG,5-10bp,0.664,NODE_6_length_316100_cov_51.743025,mobileOG_000328285_NODE_6_length_316100_cov_51.743025
345,"mobileOG_000329166|dnaK|WP_101455550.1|phage|infection,regulation|Plasmid RefSeq|Homology",NODE_6_length_316100_cov_51.743025_138 # 152606 # 154456 # -1 # ID=6_138;partial=00;start_type=ATG;rbs_motif=GGA/GAG/AGG;rbs_spacer=5-10bp;gc_cont=0.665,98.9,1139,616,0.0,617,1,616,1,616,mobileOG_000329166,dnaK,WP_101455550.1,phage,"infection,regulation",Plasmid RefSeq,Homology,NODE_6_length_316100_cov_51.743025_138, 152606 # 154456 # -1 , 152606,154456,-1 ,6_138,6,138,00,ATG,GGA/GAG/AGG,5-10bp,0.665,NODE_6_length_316100_cov_51.743025,mobileOG_000329166_NODE_6_length_316100_cov_51.743025
346,mobileOG_000368501|recO|WP_004929165.1|replication/recombination/repair|NA|Multiple|Homology,NODE_6_length_316100_cov_51.743025_178 # 197665 # 198396 # -1 # ID=6_178;partial=00;start_type=GTG;rbs_motif=None;rbs_spacer=None;gc_cont=0.633,100,486,243,6.84e-176,244,1,243,1,243,mobileOG_000368501,recO,WP_004929165.1,replication/recombination/repair,NA,Multiple,Homology,NODE_6_length_316100_cov_51.743025_178, 197665 # 198396 # -1 , 197665,198396,-1 ,6_178,6,178,00,GTG,None,None,0.633,NODE_6_length_316100_cov_51.743025,mobileOG_000368501_NODE_6_length_316100_cov_51.743025
347,mobileOG_000368553|ung|WP_033635636.1|replication/recombination/repair|NA|Plasmid RefSeq|Homology,NODE_6_length_316100_cov_51.743025_194 # 213813 # 214496 # 1 # ID=6_194;partial=00;start_type=ATG;rbs_motif=AGGAG;rbs_spacer=5-10bp;gc_cont=0.620,99.6,476,227,1.83e-172,228,1,227,1,227,mobileOG_000368553,ung,WP_033635636.1,replication/recombination/repair,NA,Plasmid RefSeq,Homology,NODE_6_length_316100_cov_51.743025_194, 213813 # 214496 # 1 , 213813,214496,1 ,6_194,6,194,00,ATG,AGGAG,5-10bp,0.620,NODE_6_length_316100_cov_51.743025,mobileOG_000368553_NODE_6_length_316100_cov_51.743025
348,mobileOG_000328446|recN|WP_033654310.1|replication/recombination/repair|NA|Plasmid RefSeq|Homology,NODE_6_length_316100_cov_51.743025_197 # 216228 # 217889 # 1 # ID=6_197;partial=00;start_type=ATG;rbs_motif=AGGA;rbs_spacer=5-10bp;gc_cont=0.647,98.7,1035,553,0.0,554,1,553,1,553,mobileOG_000328446,recN,WP_033654310.1,replication/recombination/repair,NA,Plasmid RefSeq,Homology,NODE_6_length_316100_cov_51.743025_197, 216228 # 217889 # 1 , 216228,217889,1 ,6_197,6,197,00,ATG,AGGA,5-10bp,0.647,NODE_6_length_316100_cov_51.743025,mobileOG_000328446_NODE_6_length_316100_cov_51.743025
349,mobileOG_000337297|ratA|WP_086580341.1|stability/transfer/defense|NA|Plasmid RefSeq|Homology,NODE_6_length_316100_cov_51.743025_246 # 252789 # 253223 # -1 # ID=6_246;partial=00;start_type=ATG;rbs_motif=AGGA;rbs_spacer=5-10bp;gc_cont=0.575,99.3,285,162,1.85e-99,145,19,162,1,144,mobileOG_000337297,ratA,WP_086580341.1,stability/transfer/defense,NA,Plasmid RefSeq,Homology,NODE_6_length_316100_cov_51.743025_246, 252789 # 253223 # -1 , 252789,253223,-1 ,6_246,6,246,00,ATG,AGGA,5-10bp,0.575,NODE_6_length_316100_cov_51.743025,mobileOG_000337297_NODE_6_length_316100_cov_51.743025
350,mobileOG_000306384|alpA|WP_060427858.1|integration/excision|regulation|Plasmid RefSeq|Homology,NODE_6_length_316100_cov_51.743025_254 # 260562 # 260825 # 1 # ID=6_254;partial=00;start_type=ATG;rbs_motif=GGAG/GAGG;rbs_spacer=5-10bp;gc_cont=0.640,94.2,164,87,2.41e-53,88,1,86,1,86,mobileOG_000306384,alpA,WP_060427858.1,integration/excision,regulation,Plasmid RefSeq,Homology,NODE_6_length_316100_cov_51.743025_254, 260562 # 260825 # 1 , 260562,260825,1 ,6_254,6,254,00,ATG,GGAG/GAGG,5-10bp,0.640,NODE_6_length_316100_cov_51.743025,mobileOG_000306384_NODE_6_length_316100_cov_51.743025
351,mobileOG_000377761|Alpha|WP_060437025.1|phage|replication/recombination/repair|Plasmid RefSeq|Homology,NODE_6_length_316100_cov_51.743025_259 # 262221 # 264554 # 1 # ID=6_259;partial=00;start_type=ATG;rbs_motif=AGGAG;rbs_spacer=5-10bp;gc_cont=0.648,95.2,1477,777,0.0,778,1,777,1,777,mobileOG_000377761,Alpha,WP_060437025.1,phage,replication/recombination/repair,Plasmid RefSeq,Homology,NODE_6_length_316100_cov_51.743025_259, 262221 # 264554 # 1 , 262221,264554,1 ,6_259,6,259,00,ATG,AGGAG,5-10bp,0.648,NODE_6_length_316100_cov_51.743025,mobileOG_000377761_NODE_6_length_316100_cov_51.743025
352,mobileOG_000277277|Alpha|WP_101452801.1|phage|replication/recombination/repair|Plasmid RefSeq|Homology,NODE_6_length_316100_cov_51.743025_259 # 262221 # 264554 # 1 # ID=6_259;partial=00;start_type=ATG;rbs_motif=AGGAG;rbs_spacer=5-10bp;gc_cont=0.648,91.2,1417,777,0.0,778,1,777,1,777,mobileOG_000277277,Alpha,WP_101452801.1,phage,replication/recombination/repair,Plasmid RefSeq,Homology,NODE_6_length_316100_cov_51.743025_259, 262221 # 264554 # 1 , 262221,264554,1 ,6_259,6,259,00,ATG,AGGAG,5-10bp,0.648,NODE_6_length_316100_cov_51.743025,mobileOG_000277277_NODE_6_length_316100_cov_51.743025
353,"mobileOG_000301583|dpiA|WP_033635694.1|replication/recombination/repair|partitioning,regulation|Plasmid RefSeq|Homology",NODE_6_length_316100_cov_51.743025_297 # 294844 # 295530 # 1 # ID=6_297;partial=00;start_type=ATG;rbs_motif=GGA/GAG/AGG;rbs_spacer=5-10bp;gc_cont=0.594,99.1,442,228,3.65e-159,229,1,228,1,228,mobileOG_000301583,dpiA,WP_033635694.1,replication/recombination/repair,"partitioning,regulation",Plasmid RefSeq,Homology,NODE_6_length_316100_cov_51.743025_297, 294844 # 295530 # 1 , 294844,295530,1 ,6_297,6,297,00,ATG,GGA/GAG/AGG,5-10bp,0.594,NODE_6_length_316100_cov_51.743025,mobileOG_000301583_NODE_6_length_316100_cov_51.743025
354,"mobileOG_000376616|rep|WP_004936779.1|replication/recombination/repair|initiation,copy number control,plasmid|Plasmid RefSeq|Homology",NODE_7_length_250129_cov_61.337478_4 # 2897 # 3313 # 1 # ID=7_4;partial=00;start_type=ATG;rbs_motif=AGGA/GGAG/GAGG;rbs_spacer=11-12bp;gc_cont=0.597,100,288,138,5.45e-101,139,1,138,1,138,mobileOG_000376616,rep,WP_004936779.1,replication/recombination/repair,"initiation,copy number control,plasmid",Plasmid RefSeq,Homology,NODE_7_length_250129_cov_61.337478_4, 2897 # 3313 # 1 , 2897,3313,1 ,7_4,7,4,00,ATG,AGGA/GGAG/GAGG,11-12bp,0.597,NODE_7_length_250129_cov_61.337478,mobileOG_000376616_NODE_7_length_250129_cov_61.337478
355,"mobileOG_000376888|rep|WP_016930264.1|replication/recombination/repair|initiation,copy number control,plasmid|Plasmid RefSeq|Homology",NODE_7_length_250129_cov_61.337478_4 # 2897 # 3313 # 1 # ID=7_4;partial=00;start_type=ATG;rbs_motif=AGGA/GGAG/GAGG;rbs_spacer=11-12bp;gc_cont=0.597,99.3,286,138,2.22e-100,139,1,138,1,138,mobileOG_000376888,rep,WP_016930264.1,replication/recombination/repair,"initiation,copy number control,plasmid",Plasmid RefSeq,Homology,NODE_7_length_250129_cov_61.337478_4, 2897 # 3313 # 1 , 2897,3313,1 ,7_4,7,4,00,ATG,AGGA/GGAG/GAGG,11-12bp,0.597,NODE_7_length_250129_cov_61.337478,mobileOG_000376888_NODE_7_length_250129_cov_61.337478
356,mobileOG_000355081|uvrA|WP_033644422.1|replication/recombination/repair|NA|Plasmid RefSeq|Homology,NODE_7_length_250129_cov_61.337478_8 # 5691 # 8519 # -1 # ID=7_8;partial=00;start_type=ATG;rbs_motif=GGA/GAG/AGG;rbs_spacer=5-10bp;gc_cont=0.632,99.6,1861,942,0.0,943,1,942,1,942,mobileOG_000355081,uvrA,WP_033644422.1,replication/recombination/repair,NA,Plasmid RefSeq,Homology,NODE_7_length_250129_cov_61.337478_8, 5691 # 8519 # -1 , 5691,8519,-1 ,7_8,7,8,00,ATG,GGA/GAG/AGG,5-10bp,0.632,NODE_7_length_250129_cov_61.337478,mobileOG_000355081_NODE_7_length_250129_cov_61.337478
357,mobileOG_000355080|uvrA|WP_033636192.1|replication/recombination/repair|NA|Plasmid RefSeq|Homology,NODE_7_length_250129_cov_61.337478_8 # 5691 # 8519 # -1 # ID=7_8;partial=00;start_type=ATG;rbs_motif=GGA/GAG/AGG;rbs_spacer=5-10bp;gc_cont=0.632,99.4,1855,942,0.0,943,1,940,1,940,mobileOG_000355080,uvrA,WP_033636192.1,replication/recombination/repair,NA,Plasmid RefSeq,Homology,NODE_7_length_250129_cov_61.337478_8, 5691 # 8519 # -1 , 5691,8519,-1 ,7_8,7,8,00,ATG,GGA/GAG/AGG,5-10bp,0.632,NODE_7_length_250129_cov_61.337478,mobileOG_000355080_NODE_7_length_250129_cov_61.337478
358,mobileOG_000355073|uvrA|WP_004146620.1|replication/recombination/repair|NA|Plasmid RefSeq|Homology,NODE_7_length_250129_cov_61.337478_8 # 5691 # 8519 # -1 # ID=7_8;partial=00;start_type=ATG;rbs_motif=GGA/GAG/AGG;rbs_spacer=5-10bp;gc_cont=0.632,92.9,1759,941,0.0,943,1,940,1,940,mobileOG_000355073,uvrA,WP_004146620.1,replication/recombination/repair,NA,Plasmid RefSeq,Homology,NODE_7_length_250129_cov_61.337478_8, 5691 # 8519 # -1 , 5691,8519,-1 ,7_8,7,8,00,ATG,GGA/GAG/AGG,5-10bp,0.632,NODE_7_length_250129_cov_61.337478,mobileOG_000355073_NODE_7_length_250129_cov_61.337478
359,mobileOG_000289038|uvrA|WP_008807293.1|replication/recombination/repair|NA|Plasmid RefSeq|Homology,NODE_7_length_250129_cov_61.337478_8 # 5691 # 8519 # -1 # ID=7_8;partial=00;start_type=ATG;rbs_motif=GGA/GAG/AGG;rbs_spacer=5-10bp;gc_cont=0.632,92.7,1756,941,0.0,943,1,940,1,940,mobileOG_000289038,uvrA,WP_008807293.1,replication/recombination/repair,NA,Plasmid RefSeq,Homology,NODE_7_length_250129_cov_61.337478_8, 5691 # 8519 # -1 , 5691,8519,-1 ,7_8,7,8,00,ATG,GGA/GAG/AGG,5-10bp,0.632,NODE_7_length_250129_cov_61.337478,mobileOG_000289038_NODE_7_length_250129_cov_61.337478
360,mobileOG_000026154|uvrA|P0A699|replication/recombination/repair|NA|Plasmid RefSeq|Manual,NODE_7_length_250129_cov_61.337478_8 # 5691 # 8519 # -1 # ID=7_8;partial=00;start_type=ATG;rbs_motif=GGA/GAG/AGG;rbs_spacer=5-10bp;gc_cont=0.632,91.7,1745,940,0.0,943,1,940,1,940,mobileOG_000026154,uvrA,P0A699,replication/recombination/repair,NA,Plasmid RefSeq,Manual,NODE_7_length_250129_cov_61.337478_8, 5691 # 8519 # -1 , 5691,8519,-1 ,7_8,7,8,00,ATG,GGA/GAG/AGG,5-10bp,0.632,NODE_7_length_250129_cov_61.337478,mobileOG_000026154_NODE_7_length_250129_cov_61.337478
361,mobileOG_000288441|uvrA|WP_015570187.1|replication/recombination/repair|NA|Plasmid RefSeq|Homology,NODE_7_length_250129_cov_61.337478_8 # 5691 # 8519 # -1 # ID=7_8;partial=00;start_type=ATG;rbs_motif=GGA/GAG/AGG;rbs_spacer=5-10bp;gc_cont=0.632,91.8,1744,940,0.0,943,1,940,1,940,mobileOG_000288441,uvrA,WP_015570187.1,replication/recombination/repair,NA,Plasmid RefSeq,Homology,NODE_7_length_250129_cov_61.337478_8, 5691 # 8519 # -1 , 5691,8519,-1 ,7_8,7,8,00,ATG,GGA/GAG/AGG,5-10bp,0.632,NODE_7_length_250129_cov_61.337478,mobileOG_000288441_NODE_7_length_250129_cov_61.337478
362,mobileOG_000026496|ssb|P25762|replication/recombination/repair|NA|Plasmid RefSeq|Manual,NODE_7_length_250129_cov_61.337478_9 # 8797 # 9327 # 1 # ID=7_9;partial=00;start_type=ATG;rbs_motif=GGAG/GAGG;rbs_spacer=5-10bp;gc_cont=0.625,100,336,176,1.18e-118,177,1,176,1,176,mobileOG_000026496,ssb,P25762,replication/recombination/repair,NA,Plasmid RefSeq,Manual,NODE_7_length_250129_cov_61.337478_9, 8797 # 9327 # 1 , 8797,9327,1 ,7_9,7,9,00,ATG,GGAG/GAGG,5-10bp,0.625,NODE_7_length_250129_cov_61.337478,mobileOG_000026496_NODE_7_length_250129_cov_61.337478
363,mobileOG_000364805|ssb|WP_033654707.1|replication/recombination/repair|NA|Plasmid RefSeq|Homology,NODE_7_length_250129_cov_61.337478_9 # 8797 # 9327 # 1 # ID=7_9;partial=00;start_type=ATG;rbs_motif=GGAG/GAGG;rbs_spacer=5-10bp;gc_cont=0.625,94.4,307,177,3.32e-107,177,1,177,1,176,mobileOG_000364805,ssb,WP_033654707.1,replication/recombination/repair,NA,Plasmid RefSeq,Homology,NODE_7_length_250129_cov_61.337478_9, 8797 # 9327 # 1 , 8797,9327,1 ,7_9,7,9,00,ATG,GGAG/GAGG,5-10bp,0.625,NODE_7_length_250129_cov_61.337478,mobileOG_000364805_NODE_7_length_250129_cov_61.337478
364,mobileOG_000003237|fis|WP_000462905.1|integration/excision|replication/recombination/repair|Multiple|Manual,NODE_7_length_250129_cov_61.337478_28 # 30775 # 31071 # -1 # ID=7_28;partial=00;start_type=ATG;rbs_motif=GGA/GAG/AGG;rbs_spacer=11-12bp;gc_cont=0.492,100,189,98,4.53e-63,99,1,98,1,98,mobileOG_000003237,fis,WP_000462905.1,integration/excision,replication/recombination/repair,Multiple,Manual,NODE_7_length_250129_cov_61.337478_28, 30775 # 31071 # -1 , 30775,31071,-1 ,7_28,7,28,00,ATG,GGA/GAG/AGG,11-12bp,0.492,NODE_7_length_250129_cov_61.337478,mobileOG_000003237_NODE_7_length_250129_cov_61.337478
365,mobileOG_000353627|fis|WP_004240545.1|integration/excision|replication/recombination/repair|Plasmid RefSeq|Homology,NODE_7_length_250129_cov_61.337478_28 # 30775 # 31071 # -1 # ID=7_28;partial=00;start_type=ATG;rbs_motif=GGA/GAG/AGG;rbs_spacer=11-12bp;gc_cont=0.492,98.0,186,98,5.30e-62,99,1,98,1,98,mobileOG_000353627,fis,WP_004240545.1,integration/excision,replication/recombination/repair,Plasmid RefSeq,Homology,NODE_7_length_250129_cov_61.337478_28, 30775 # 31071 # -1 , 30775,31071,-1 ,7_28,7,28,00,ATG,GGA/GAG/AGG,11-12bp,0.492,NODE_7_length_250129_cov_61.337478,mobileOG_000353627_NODE_7_length_250129_cov_61.337478
366,mobileOG_000026099|fis|Q8ZAX8|integration/excision|replication/recombination/repair|Plasmid RefSeq|Manual,NODE_7_length_250129_cov_61.337478_28 # 30775 # 31071 # -1 # ID=7_28;partial=00;start_type=ATG;rbs_motif=GGA/GAG/AGG;rbs_spacer=11-12bp;gc_cont=0.492,98.0,186,98,7.54e-62,99,1,98,1,98,mobileOG_000026099,fis,Q8ZAX8,integration/excision,replication/recombination/repair,Plasmid RefSeq,Manual,NODE_7_length_250129_cov_61.337478_28, 30775 # 31071 # -1 , 30775,31071,-1 ,7_28,7,28,00,ATG,GGA/GAG/AGG,11-12bp,0.492,NODE_7_length_250129_cov_61.337478,mobileOG_000026099_NODE_7_length_250129_cov_61.337478
367,mobileOG_000012594|fis|WP_000462905.1|integration/excision|replication/recombination/repair|GPD|Manual,NODE_7_length_250129_cov_61.337478_28 # 30775 # 31071 # -1 # ID=7_28;partial=00;start_type=ATG;rbs_motif=GGA/GAG/AGG;rbs_spacer=11-12bp;gc_cont=0.492,100,179,93,3.60e-59,99,1,93,6,98,mobileOG_000012594,fis,WP_000462905.1,integration/excision,replication/recombination/repair,GPD,Manual,NODE_7_length_250129_cov_61.337478_28, 30775 # 31071 # -1 , 30775,31071,-1 ,7_28,7,28,00,ATG,GGA/GAG/AGG,11-12bp,0.492,NODE_7_length_250129_cov_61.337478,mobileOG_000012594_NODE_7_length_250129_cov_61.337478
368,"mobileOG_000368511|sspA|WP_004937082.1|phage|infection,regulation|Plasmid RefSeq|Homology",NODE_7_length_250129_cov_61.337478_105 # 106457 # 107098 # 1 # ID=7_105;partial=00;start_type=ATG;rbs_motif=GGAGG;rbs_spacer=5-10bp;gc_cont=0.579,100,419,213,2.30e-150,214,1,213,1,213,mobileOG_000368511,sspA,WP_004937082.1,phage,"infection,regulation",Plasmid RefSeq,Homology,NODE_7_length_250129_cov_61.337478_105, 106457 # 107098 # 1 , 106457,107098,1 ,7_105,7,105,00,ATG,GGAGG,5-10bp,0.579,NODE_7_length_250129_cov_61.337478,mobileOG_000368511_NODE_7_length_250129_cov_61.337478
369,"mobileOG_000354050|sspA|WP_025304366.1|phage|infection,regulation|Plasmid RefSeq|Homology",NODE_7_length_250129_cov_61.337478_105 # 106457 # 107098 # 1 # ID=7_105;partial=00;start_type=ATG;rbs_motif=GGAGG;rbs_spacer=5-10bp;gc_cont=0.579,99.5,417,213,9.38e-150,214,1,213,1,213,mobileOG_000354050,sspA,WP_025304366.1,phage,"infection,regulation",Plasmid RefSeq,Homology,NODE_7_length_250129_cov_61.337478_105, 106457 # 107098 # 1 , 106457,107098,1 ,7_105,7,105,00,ATG,GGAGG,5-10bp,0.579,NODE_7_length_250129_cov_61.337478,mobileOG_000354050_NODE_7_length_250129_cov_61.337478
370,mobileOG_000368512|diaA|WP_004937103.1|replication/recombination/repair|NA|Plasmid RefSeq|Homology,NODE_7_length_250129_cov_61.337478_114 # 120513 # 121103 # -1 # ID=7_114;partial=00;start_type=GTG;rbs_motif=GGA/GAG/AGG;rbs_spacer=5-10bp;gc_cont=0.607,100,383,196,1.35e-136,197,1,196,1,196,mobileOG_000368512,diaA,WP_004937103.1,replication/recombination/repair,NA,Plasmid RefSeq,Homology,NODE_7_length_250129_cov_61.337478_114, 120513 # 121103 # -1 , 120513,121103,-1 ,7_114,7,114,00,GTG,GGA/GAG/AGG,5-10bp,0.607,NODE_7_length_250129_cov_61.337478,mobileOG_000368512_NODE_7_length_250129_cov_61.337478
371,mobileOG_000026069|diaA|A6TEG8|replication/recombination/repair|NA|Plasmid RefSeq|Manual,NODE_7_length_250129_cov_61.337478_114 # 120513 # 121103 # -1 # ID=7_114;partial=00;start_type=GTG;rbs_motif=GGA/GAG/AGG;rbs_spacer=5-10bp;gc_cont=0.607,96.4,374,196,6.16e-133,197,1,196,1,196,mobileOG_000026069,diaA,A6TEG8,replication/recombination/repair,NA,Plasmid RefSeq,Manual,NODE_7_length_250129_cov_61.337478_114, 120513 # 121103 # -1 , 120513,121103,-1 ,7_114,7,114,00,GTG,GGA/GAG/AGG,5-10bp,0.607,NODE_7_length_250129_cov_61.337478,mobileOG_000026069_NODE_7_length_250129_cov_61.337478
372,mobileOG_000297506|diaA|A0A422XC86|replication/recombination/repair|NA|Plasmid RefSeq|Homology,NODE_7_length_250129_cov_61.337478_114 # 120513 # 121103 # -1 # ID=7_114;partial=00;start_type=GTG;rbs_motif=GGA/GAG/AGG;rbs_spacer=5-10bp;gc_cont=0.607,96.4,373,196,1.24e-132,197,1,196,1,196,mobileOG_000297506,diaA,A0A422XC86,replication/recombination/repair,NA,Plasmid RefSeq,Homology,NODE_7_length_250129_cov_61.337478_114, 120513 # 121103 # -1 , 120513,121103,-1 ,7_114,7,114,00,GTG,GGA/GAG/AGG,5-10bp,0.607,NODE_7_length_250129_cov_61.337478,mobileOG_000297506_NODE_7_length_250129_cov_61.337478
373,mobileOG_000025623|diaA|WP_000893481.1|replication/recombination/repair|NA|Plasmid RefSeq|Manual,NODE_7_length_250129_cov_61.337478_114 # 120513 # 121103 # -1 # ID=7_114;partial=00;start_type=GTG;rbs_motif=GGA/GAG/AGG;rbs_spacer=5-10bp;gc_cont=0.607,95.9,369,196,2.93e-131,197,1,196,1,196,mobileOG_000025623,diaA,WP_000893481.1,replication/recombination/repair,NA,Plasmid RefSeq,Manual,NODE_7_length_250129_cov_61.337478_114, 120513 # 121103 # -1 , 120513,121103,-1 ,7_114,7,114,00,GTG,GGA/GAG/AGG,5-10bp,0.607,NODE_7_length_250129_cov_61.337478,mobileOG_000025623_NODE_7_length_250129_cov_61.337478
374,mobileOG_000025677|diaA|WP_002210146.1|replication/recombination/repair|NA|Plasmid RefSeq|Manual,NODE_7_length_250129_cov_61.337478_114 # 120513 # 121103 # -1 # ID=7_114;partial=00;start_type=GTG;rbs_motif=GGA/GAG/AGG;rbs_spacer=5-10bp;gc_cont=0.607,93.4,358,196,5.44e-127,197,1,196,1,196,mobileOG_000025677,diaA,WP_002210146.1,replication/recombination/repair,NA,Plasmid RefSeq,Manual,NODE_7_length_250129_cov_61.337478_114, 120513 # 121103 # -1 , 120513,121103,-1 ,7_114,7,114,00,GTG,GGA/GAG/AGG,5-10bp,0.607,NODE_7_length_250129_cov_61.337478,mobileOG_000025677_NODE_7_length_250129_cov_61.337478
375,mobileOG_000026430|mug|P43343|replication/recombination/repair|NA|Plasmid RefSeq|Manual,NODE_7_length_250129_cov_61.337478_153 # 158957 # 159445 # 1 # ID=7_153;partial=00;start_type=ATG;rbs_motif=GGA/GAG/AGG;rbs_spacer=11-12bp;gc_cont=0.644,97.5,320,162,1.04e-112,163,1,162,1,162,mobileOG_000026430,mug,P43343,replication/recombination/repair,NA,Plasmid RefSeq,Manual,NODE_7_length_250129_cov_61.337478_153, 158957 # 159445 # 1 , 158957,159445,1 ,7_153,7,153,00,ATG,GGA/GAG/AGG,11-12bp,0.644,NODE_7_length_250129_cov_61.337478,mobileOG_000026430_NODE_7_length_250129_cov_61.337478
376,mobileOG_000015137|mug|A0A221DV72|replication/recombination/repair|NA|GPD|Manual,NODE_7_length_250129_cov_61.337478_153 # 158957 # 159445 # 1 # ID=7_153;partial=00;start_type=ATG;rbs_motif=GGA/GAG/AGG;rbs_spacer=11-12bp;gc_cont=0.644,96.3,317,162,1.72e-111,163,1,162,1,162,mobileOG_000015137,mug,A0A221DV72,replication/recombination/repair,NA,GPD,Manual,NODE_7_length_250129_cov_61.337478_153, 158957 # 159445 # 1 , 158957,159445,1 ,7_153,7,153,00,ATG,GGA/GAG/AGG,11-12bp,0.644,NODE_7_length_250129_cov_61.337478,mobileOG_000015137_NODE_7_length_250129_cov_61.337478
377,mobileOG_000015138|dnaG|A0A0P0QJ09|replication/recombination/repair|NA|GPD|Manual,NODE_7_length_250129_cov_61.337478_156 # 161968 # 163716 # -1 # ID=7_156;partial=00;start_type=ATG;rbs_motif=GGA/GAG/AGG;rbs_spacer=3-4bp;gc_cont=0.595,100,1146,582,0.0,583,1,582,1,582,mobileOG_000015138,dnaG,A0A0P0QJ09,replication/recombination/repair,NA,GPD,Manual,NODE_7_length_250129_cov_61.337478_156, 161968 # 163716 # -1 , 161968,163716,-1 ,7_156,7,156,00,ATG,GGA/GAG/AGG,3-4bp,0.595,NODE_7_length_250129_cov_61.337478,mobileOG_000015138_NODE_7_length_250129_cov_61.337478
378,mobileOG_000368544|dnaG|WP_025304325.1|replication/recombination/repair|NA|Plasmid RefSeq|Homology,NODE_7_length_250129_cov_61.337478_156 # 161968 # 163716 # -1 # ID=7_156;partial=00;start_type=ATG;rbs_motif=GGA/GAG/AGG;rbs_spacer=3-4bp;gc_cont=0.595,99.7,1142,582,0.0,583,1,582,1,582,mobileOG_000368544,dnaG,WP_025304325.1,replication/recombination/repair,NA,Plasmid RefSeq,Homology,NODE_7_length_250129_cov_61.337478_156, 161968 # 163716 # -1 , 161968,163716,-1 ,7_156,7,156,00,ATG,GGA/GAG/AGG,3-4bp,0.595,NODE_7_length_250129_cov_61.337478,mobileOG_000368544_NODE_7_length_250129_cov_61.337478
379,"mobileOG_000353237|cca|WP_033649056.1|phage|regulation,infection|Plasmid RefSeq|Homology",NODE_7_length_250129_cov_61.337478_161 # 167541 # 168785 # -1 # ID=7_161;partial=00;start_type=GTG;rbs_motif=AGGAG;rbs_spacer=5-10bp;gc_cont=0.642,98.6,823,414,1.69e-303,415,1,414,1,414,mobileOG_000353237,cca,WP_033649056.1,phage,"regulation,infection",Plasmid RefSeq,Homology,NODE_7_length_250129_cov_61.337478_161, 167541 # 168785 # -1 , 167541,168785,-1 ,7_161,7,161,00,GTG,AGGAG,5-10bp,0.642,NODE_7_length_250129_cov_61.337478,mobileOG_000353237_NODE_7_length_250129_cov_61.337478
380,mobileOG_000368543|parE|WP_025304305.1|replication/recombination/repair|partitioning|Plasmid RefSeq|Homology,NODE_7_length_250129_cov_61.337478_182 # 192702 # 194522 # 1 # ID=7_182;partial=00;start_type=ATG;rbs_motif=None;rbs_spacer=None;gc_cont=0.621,99.8,1204,631,0.0,607,26,631,1,606,mobileOG_000368543,parE,WP_025304305.1,replication/recombination/repair,partitioning,Plasmid RefSeq,Homology,NODE_7_length_250129_cov_61.337478_182, 192702 # 194522 # 1 , 192702,194522,1 ,7_182,7,182,00,ATG,None,None,0.621,NODE_7_length_250129_cov_61.337478,mobileOG_000368543_NODE_7_length_250129_cov_61.337478
381,mobileOG_000026107|parE|P20083|replication/recombination/repair|partitioning|Multiple|Manual,NODE_7_length_250129_cov_61.337478_182 # 192702 # 194522 # 1 # ID=7_182;partial=00;start_type=ATG;rbs_motif=None;rbs_spacer=None;gc_cont=0.621,92.4,1127,630,0.0,607,25,630,1,606,mobileOG_000026107,parE,P20083,replication/recombination/repair,partitioning,Multiple,Manual,NODE_7_length_250129_cov_61.337478_182, 192702 # 194522 # 1 , 192702,194522,1 ,7_182,7,182,00,ATG,None,None,0.621,NODE_7_length_250129_cov_61.337478,mobileOG_000026107_NODE_7_length_250129_cov_61.337478
382,mobileOG_000353777|parE|A0A0C2EHG6|replication/recombination/repair|partitioning|Multiple|Homology,NODE_7_length_250129_cov_61.337478_182 # 192702 # 194522 # 1 # ID=7_182;partial=00;start_type=ATG;rbs_motif=None;rbs_spacer=None;gc_cont=0.621,92.2,1126,630,0.0,607,25,630,1,606,mobileOG_000353777,parE,A0A0C2EHG6,replication/recombination/repair,partitioning,Multiple,Homology,NODE_7_length_250129_cov_61.337478_182, 192702 # 194522 # 1 , 192702,194522,1 ,7_182,7,182,00,ATG,None,None,0.621,NODE_7_length_250129_cov_61.337478,mobileOG_000353777_NODE_7_length_250129_cov_61.337478
383,mobileOG_000026108|parE|P0A2I6|replication/recombination/repair|partitioning|Plasmid RefSeq|Manual,NODE_7_length_250129_cov_61.337478_182 # 192702 # 194522 # 1 # ID=7_182;partial=00;start_type=ATG;rbs_motif=None;rbs_spacer=None;gc_cont=0.621,92.2,1125,630,0.0,607,25,630,1,606,mobileOG_000026108,parE,P0A2I6,replication/recombination/repair,partitioning,Plasmid RefSeq,Manual,NODE_7_length_250129_cov_61.337478_182, 192702 # 194522 # 1 , 192702,194522,1 ,7_182,7,182,00,ATG,None,None,0.621,NODE_7_length_250129_cov_61.337478,mobileOG_000026108_NODE_7_length_250129_cov_61.337478
384,mobileOG_000289024|parE|WP_008806513.1|replication/recombination/repair|partitioning|Plasmid RefSeq|Homology,NODE_7_length_250129_cov_61.337478_182 # 192702 # 194522 # 1 # ID=7_182;partial=00;start_type=ATG;rbs_motif=None;rbs_spacer=None;gc_cont=0.621,92.1,1121,631,0.0,607,26,631,1,606,mobileOG_000289024,parE,WP_008806513.1,replication/recombination/repair,partitioning,Plasmid RefSeq,Homology,NODE_7_length_250129_cov_61.337478_182, 192702 # 194522 # 1 , 192702,194522,1 ,7_182,7,182,00,ATG,None,None,0.621,NODE_7_length_250129_cov_61.337478,mobileOG_000289024_NODE_7_length_250129_cov_61.337478
385,mobileOG_000353791|parC|WP_039569308.1|replication/recombination/repair|partitioning|Plasmid RefSeq|Homology,NODE_7_length_250129_cov_61.337478_186 # 196759 # 199032 # 1 # ID=7_186;partial=00;start_type=ATG;rbs_motif=AGGA;rbs_spacer=5-10bp;gc_cont=0.634,99.5,1470,757,0.0,758,1,757,1,757,mobileOG_000353791,parC,WP_039569308.1,replication/recombination/repair,partitioning,Plasmid RefSeq,Homology,NODE_7_length_250129_cov_61.337478_186, 196759 # 199032 # 1 , 196759,199032,1 ,7_186,7,186,00,ATG,AGGA,5-10bp,0.634,NODE_7_length_250129_cov_61.337478,mobileOG_000353791_NODE_7_length_250129_cov_61.337478
386,mobileOG_000754507|NA:Keyword|WP_016930391.1|transfer|NA|Plasmid RefSeq|Keyword Search,NODE_8_length_180674_cov_65.639745_81 # 91888 # 92724 # -1 # ID=8_81;partial=00;start_type=ATG;rbs_motif=GGA/GAG/AGG;rbs_spacer=5-10bp;gc_cont=0.618,99.3,563,278,2.32e-205,279,1,278,1,278,mobileOG_000754507,NA:Keyword,WP_016930391.1,transfer,NA,Plasmid RefSeq,Keyword Search,NODE_8_length_180674_cov_65.639745_81, 91888 # 92724 # -1 , 91888,92724,-1 ,8_81,8,81,00,ATG,GGA/GAG/AGG,5-10bp,0.618,NODE_8_length_180674_cov_65.639745,mobileOG_000754507_NODE_8_length_180674_cov_65.639745
387,mobileOG_000755095|NA:Keyword|WP_033651754.1|transfer|NA|Plasmid RefSeq|Keyword Search,NODE_8_length_180674_cov_65.639745_81 # 91888 # 92724 # -1 # ID=8_81;partial=00;start_type=ATG;rbs_motif=GGA/GAG/AGG;rbs_spacer=5-10bp;gc_cont=0.618,98.2,560,278,5.48e-204,279,1,278,1,278,mobileOG_000755095,NA:Keyword,WP_033651754.1,transfer,NA,Plasmid RefSeq,Keyword Search,NODE_8_length_180674_cov_65.639745_81, 91888 # 92724 # -1 , 91888,92724,-1 ,8_81,8,81,00,ATG,GGA/GAG/AGG,5-10bp,0.618,NODE_8_length_180674_cov_65.639745,mobileOG_000755095_NODE_8_length_180674_cov_65.639745
388,mobileOG_000756355|NA:Keyword|WP_039569119.1|transfer|NA|Plasmid RefSeq|Keyword Search,NODE_8_length_180674_cov_65.639745_81 # 91888 # 92724 # -1 # ID=8_81;partial=00;start_type=ATG;rbs_motif=GGA/GAG/AGG;rbs_spacer=5-10bp;gc_cont=0.618,97.5,554,278,1.51e-201,279,1,278,1,278,mobileOG_000756355,NA:Keyword,WP_039569119.1,transfer,NA,Plasmid RefSeq,Keyword Search,NODE_8_length_180674_cov_65.639745_81, 91888 # 92724 # -1 , 91888,92724,-1 ,8_81,8,81,00,ATG,GGA/GAG/AGG,5-10bp,0.618,NODE_8_length_180674_cov_65.639745,mobileOG_000756355_NODE_8_length_180674_cov_65.639745
389,mobileOG_000365493|dam_1|WP_004930319.1|stability/transfer/defense|NA|Plasmid RefSeq|Homology,NODE_8_length_180674_cov_65.639745_116 # 131605 # 132312 # 1 # ID=8_116;partial=00;start_type=GTG;rbs_motif=GGA/GAG/AGG;rbs_spacer=5-10bp;gc_cont=0.559,99.6,474,270,7.04e-171,236,36,270,1,235,mobileOG_000365493,dam_1,WP_004930319.1,stability/transfer/defense,NA,Plasmid RefSeq,Homology,NODE_8_length_180674_cov_65.639745_116, 131605 # 132312 # 1 , 131605,132312,1 ,8_116,8,116,00,GTG,GGA/GAG/AGG,5-10bp,0.559,NODE_8_length_180674_cov_65.639745,mobileOG_000365493_NODE_8_length_180674_cov_65.639745
390,mobileOG_000365501|dam_1|WP_033636297.1|stability/transfer/defense|NA|Plasmid RefSeq|Homology,NODE_8_length_180674_cov_65.639745_116 # 131605 # 132312 # 1 # ID=8_116;partial=00;start_type=GTG;rbs_motif=GGA/GAG/AGG;rbs_spacer=5-10bp;gc_cont=0.559,99.1,472,270,5.78e-170,236,36,270,1,235,mobileOG_000365501,dam_1,WP_033636297.1,stability/transfer/defense,NA,Plasmid RefSeq,Homology,NODE_8_length_180674_cov_65.639745_116, 131605 # 132312 # 1 , 131605,132312,1 ,8_116,8,116,00,GTG,GGA/GAG/AGG,5-10bp,0.559,NODE_8_length_180674_cov_65.639745,mobileOG_000365501_NODE_8_length_180674_cov_65.639745
391,mobileOG_000365508|dam_1|WP_047573438.1|stability/transfer/defense|NA|Plasmid RefSeq|Homology,NODE_8_length_180674_cov_65.639745_116 # 131605 # 132312 # 1 # ID=8_116;partial=00;start_type=GTG;rbs_motif=GGA/GAG/AGG;rbs_spacer=5-10bp;gc_cont=0.559,98.3,469,270,9.58e-169,236,36,270,1,235,mobileOG_000365508,dam_1,WP_047573438.1,stability/transfer/defense,NA,Plasmid RefSeq,Homology,NODE_8_length_180674_cov_65.639745_116, 131605 # 132312 # 1 , 131605,132312,1 ,8_116,8,116,00,GTG,GGA/GAG/AGG,5-10bp,0.559,NODE_8_length_180674_cov_65.639745,mobileOG_000365508_NODE_8_length_180674_cov_65.639745
392,mobileOG_000305720|NGR_a02800|WP_038878101.1|stability/transfer/defense|NA|Plasmid RefSeq|Homology,NODE_8_length_180674_cov_65.639745_132 # 149125 # 149403 # -1 # ID=8_132;partial=00;start_type=GTG;rbs_motif=AGGA;rbs_spacer=5-10bp;gc_cont=0.588,94.6,172,92,2.16e-56,93,1,92,1,92,mobileOG_000305720,NGR_a02800,WP_038878101.1,stability/transfer/defense,NA,Plasmid RefSeq,Homology,NODE_8_length_180674_cov_65.639745_132, 149125 # 149403 # -1 , 149125,149403,-1 ,8_132,8,132,00,GTG,AGGA,5-10bp,0.588,NODE_8_length_180674_cov_65.639745,mobileOG_000305720_NODE_8_length_180674_cov_65.639745
393,mobileOG_000304177|yacA|WP_041036986.1|stability/transfer/defense|NA|Plasmid RefSeq|Homology,NODE_8_length_180674_cov_65.639745_133 # 149421 # 149690 # -1 # ID=8_133;partial=00;start_type=ATG;rbs_motif=GGAG/GAGG;rbs_spacer=5-10bp;gc_cont=0.563,97.8,159,89,1.88e-51,90,1,89,1,89,mobileOG_000304177,yacA,WP_041036986.1,stability/transfer/defense,NA,Plasmid RefSeq,Homology,NODE_8_length_180674_cov_65.639745_133, 149421 # 149690 # -1 , 149421,149690,-1 ,8_133,8,133,00,ATG,GGAG/GAGG,5-10bp,0.563,NODE_8_length_180674_cov_65.639745,mobileOG_000304177_NODE_8_length_180674_cov_65.639745
394,mobileOG_000309115|yacA|WP_043148391.1|stability/transfer/defense|NA|Plasmid RefSeq|Homology,NODE_8_length_180674_cov_65.639745_133 # 149421 # 149690 # -1 # ID=8_133;partial=00;start_type=ATG;rbs_motif=GGAG/GAGG;rbs_spacer=5-10bp;gc_cont=0.563,95.5,155,89,4.45e-50,90,1,89,1,89,mobileOG_000309115,yacA,WP_043148391.1,stability/transfer/defense,NA,Plasmid RefSeq,Homology,NODE_8_length_180674_cov_65.639745_133, 149421 # 149690 # -1 , 149421,149690,-1 ,8_133,8,133,00,ATG,GGAG/GAGG,5-10bp,0.563,NODE_8_length_180674_cov_65.639745,mobileOG_000309115_NODE_8_length_180674_cov_65.639745
395,mobileOG_000728847|NA:Keyword|WP_101427320.1|stability/transfer/defense|NA|Plasmid RefSeq|Keyword Search,NODE_9_length_166383_cov_55.958107_45 # 48296 # 48613 # 1 # ID=9_45;partial=00;start_type=ATG;rbs_motif=GGAG/GAGG;rbs_spacer=5-10bp;gc_cont=0.538,96.2,195,105,3.89e-65,106,1,105,1,105,mobileOG_000728847,NA:Keyword,WP_101427320.1,stability/transfer/defense,NA,Plasmid RefSeq,Keyword Search,NODE_9_length_166383_cov_55.958107_45, 48296 # 48613 # 1 , 48296,48613,1 ,9_45,9,45,00,ATG,GGAG/GAGG,5-10bp,0.538,NODE_9_length_166383_cov_55.958107,mobileOG_000728847_NODE_9_length_166383_cov_55.958107
396,mobileOG_000327810|xerD|WP_033638574.1|integration/excision|replication/recombination/repair|Plasmid RefSeq|Homology,NODE_9_length_166383_cov_55.958107_62 # 61764 # 62699 # 1 # ID=9_62;partial=00;start_type=ATG;rbs_motif=GGA/GAG/AGG;rbs_spacer=3-4bp;gc_cont=0.612,98.0,574,299,1.04e-208,312,1,299,13,311,mobileOG_000327810,xerD,WP_033638574.1,integration/excision,replication/recombination/repair,Plasmid RefSeq,Homology,NODE_9_length_166383_cov_55.958107_62, 61764 # 62699 # 1 , 61764,62699,1 ,9_62,9,62,00,ATG,GGA/GAG/AGG,3-4bp,0.612,NODE_9_length_166383_cov_55.958107,mobileOG_000327810_NODE_9_length_166383_cov_55.958107
397,mobileOG_000328805|recJ|WP_101427312.1|replication/recombination/repair|NA|Plasmid RefSeq|Homology,NODE_9_length_166383_cov_55.958107_64 # 63449 # 65182 # 1 # ID=9_64;partial=00;start_type=GTG;rbs_motif=GGxGG;rbs_spacer=5-10bp;gc_cont=0.674,99.1,1125,577,0.0,578,1,577,1,577,mobileOG_000328805,recJ,WP_101427312.1,replication/recombination/repair,NA,Plasmid RefSeq,Homology,NODE_9_length_166383_cov_55.958107_64, 63449 # 65182 # 1 , 63449,65182,1 ,9_64,9,64,00,GTG,GGxGG,5-10bp,0.674,NODE_9_length_166383_cov_55.958107,mobileOG_000328805_NODE_9_length_166383_cov_55.958107
398,mobileOG_000301572|higA|WP_004931828.1|stability/transfer/defense|NA|Plasmid RefSeq|Homology,NODE_9_length_166383_cov_55.958107_130 # 132884 # 133186 # -1 # ID=9_130;partial=00;start_type=ATG;rbs_motif=GGAGG;rbs_spacer=5-10bp;gc_cont=0.581,100,186,100,1.24e-61,101,1,100,1,100,mobileOG_000301572,higA,WP_004931828.1,stability/transfer/defense,NA,Plasmid RefSeq,Homology,NODE_9_length_166383_cov_55.958107_130, 132884 # 133186 # -1 , 132884,133186,-1 ,9_130,9,130,00,ATG,GGAGG,5-10bp,0.581,NODE_9_length_166383_cov_55.958107,mobileOG_000301572_NODE_9_length_166383_cov_55.958107
399,mobileOG_000330963|mutH|WP_033635764.1|replication/recombination/repair|NA|Plasmid RefSeq|Homology,NODE_9_length_166383_cov_55.958107_139 # 143346 # 144032 # -1 # ID=9_139;partial=00;start_type=ATG;rbs_motif=GGA/GAG/AGG;rbs_spacer=5-10bp;gc_cont=0.617,96.5,446,228,1.09e-160,229,1,228,1,228,mobileOG_000330963,mutH,WP_033635764.1,replication/recombination/repair,NA,Plasmid RefSeq,Homology,NODE_9_length_166383_cov_55.958107_139, 143346 # 144032 # -1 , 143346,144032,-1 ,9_139,9,139,00,ATG,GGA/GAG/AGG,5-10bp,0.617,NODE_9_length_166383_cov_55.958107,mobileOG_000330963_NODE_9_length_166383_cov_55.958107
400,"mobileOG_000368528|thyA|WP_016929918.1|phage|replication,infection,regulation|Plasmid RefSeq|Homology",NODE_9_length_166383_cov_55.958107_143 # 148618 # 149412 # 1 # ID=9_143;partial=00;start_type=ATG;rbs_motif=GGAG/GAGG;rbs_spacer=5-10bp;gc_cont=0.571,98.9,550,264,1.20e-200,265,1,264,1,264,mobileOG_000368528,thyA,WP_016929918.1,phage,"replication,infection,regulation",Plasmid RefSeq,Homology,NODE_9_length_166383_cov_55.958107_143, 148618 # 149412 # 1 , 148618,149412,1 ,9_143,9,143,00,ATG,GGAG/GAGG,5-10bp,0.571,NODE_9_length_166383_cov_55.958107,mobileOG_000368528_NODE_9_length_166383_cov_55.958107
401,mobileOG_000327740|recC|WP_101427297.1|replication/recombination/repair|NA|Plasmid RefSeq|Homology,NODE_9_length_166383_cov_55.958107_148 # 151473 # 154844 # 1 # ID=9_148;partial=00;start_type=ATG;rbs_motif=AGGAG;rbs_spacer=5-10bp;gc_cont=0.617,98.0,2220,1123,0.0,1124,1,1123,1,1123,mobileOG_000327740,recC,WP_101427297.1,replication/recombination/repair,NA,Plasmid RefSeq,Homology,NODE_9_length_166383_cov_55.958107_148, 151473 # 154844 # 1 , 151473,154844,1 ,9_148,9,148,00,ATG,AGGAG,5-10bp,0.617,NODE_9_length_166383_cov_55.958107,mobileOG_000327740_NODE_9_length_166383_cov_55.958107
402,mobileOG_000336351|recB|WP_101427296.1|replication/recombination/repair|NA|Plasmid RefSeq|Homology,NODE_9_length_166383_cov_55.958107_150 # 157962 # 161513 # 1 # ID=9_150;partial=00;start_type=ATG;rbs_motif=None;rbs_spacer=None;gc_cont=0.632,97.0,2277,1183,0.0,1184,1,1183,1,1183,mobileOG_000336351,recB,WP_101427296.1,replication/recombination/repair,NA,Plasmid RefSeq,Homology,NODE_9_length_166383_cov_55.958107_150, 157962 # 161513 # 1 , 157962,161513,1 ,9_150,9,150,00,ATG,None,None,0.632,NODE_9_length_166383_cov_55.958107,mobileOG_000336351_NODE_9_length_166383_cov_55.958107
403,mobileOG_000329165|recD|WP_101427295.1|replication/recombination/repair|NA|Plasmid RefSeq|Homology,NODE_9_length_166383_cov_55.958107_151 # 161510 # 163360 # 1 # ID=9_151;partial=00;start_type=ATG;rbs_motif=GGAGG;rbs_spacer=5-10bp;gc_cont=0.667,97.1,1131,616,0.0,617,1,616,1,616,mobileOG_000329165,recD,WP_101427295.1,replication/recombination/repair,NA,Plasmid RefSeq,Homology,NODE_9_length_166383_cov_55.958107_151, 161510 # 163360 # 1 , 161510,163360,1 ,9_151,9,151,00,ATG,GGAGG,5-10bp,0.667,NODE_9_length_166383_cov_55.958107,mobileOG_000329165_NODE_9_length_166383_cov_55.958107
404,mobileOG_000313841|tag|WP_033636547.1|replication/recombination/repair|NA|Plasmid RefSeq|Homology,NODE_10_length_162678_cov_69.607112_81 # 86036 # 86602 # 1 # ID=10_81;partial=00;start_type=ATG;rbs_motif=AGGA;rbs_spacer=5-10bp;gc_cont=0.600,98.9,394,188,2.77e-141,189,1,188,1,188,mobileOG_000313841,tag,WP_033636547.1,replication/recombination/repair,NA,Plasmid RefSeq,Homology,NODE_10_length_162678_cov_69.607112_81, 86036 # 86602 # 1 , 86036,86602,1 ,10_81,10,81,00,ATG,AGGA,5-10bp,0.600,NODE_10_length_162678_cov_69.607112,mobileOG_000313841_NODE_10_length_162678_cov_69.607112
405,mobileOG_000351490|tag|WP_033652312.1|replication/recombination/repair|NA|Plasmid RefSeq|Homology,NODE_10_length_162678_cov_69.607112_81 # 86036 # 86602 # 1 # ID=10_81;partial=00;start_type=ATG;rbs_motif=AGGA;rbs_spacer=5-10bp;gc_cont=0.600,97.9,388,188,7.62e-139,189,1,188,1,188,mobileOG_000351490,tag,WP_033652312.1,replication/recombination/repair,NA,Plasmid RefSeq,Homology,NODE_10_length_162678_cov_69.607112_81, 86036 # 86602 # 1 , 86036,86602,1 ,10_81,10,81,00,ATG,AGGA,5-10bp,0.600,NODE_10_length_162678_cov_69.607112,mobileOG_000351490_NODE_10_length_162678_cov_69.607112
406,mobileOG_000353686|gyrB|WP_004933898.1|replication/recombination/repair|transfer|Plasmid RefSeq|Homology,NODE_10_length_162678_cov_69.607112_101 # 105956 # 108370 # -1 # ID=10_101;partial=00;start_type=ATG;rbs_motif=GGA/GAG/AGG;rbs_spacer=5-10bp;gc_cont=0.603,100,1590,804,0.0,805,1,804,1,804,mobileOG_000353686,gyrB,WP_004933898.1,replication/recombination/repair,transfer,Plasmid RefSeq,Homology,NODE_10_length_162678_cov_69.607112_101, 105956 # 108370 # -1 , 105956,108370,-1 ,10_101,10,101,00,ATG,GGA/GAG/AGG,5-10bp,0.603,NODE_10_length_162678_cov_69.607112,mobileOG_000353686_NODE_10_length_162678_cov_69.607112
407,mobileOG_000353692|gyrB|WP_033636532.1|replication/recombination/repair|transfer|Plasmid RefSeq|Homology,NODE_10_length_162678_cov_69.607112_101 # 105956 # 108370 # -1 # ID=10_101;partial=00;start_type=ATG;rbs_motif=GGA/GAG/AGG;rbs_spacer=5-10bp;gc_cont=0.603,99.4,1582,804,0.0,805,1,804,1,804,mobileOG_000353692,gyrB,WP_033636532.1,replication/recombination/repair,transfer,Plasmid RefSeq,Homology,NODE_10_length_162678_cov_69.607112_101, 105956 # 108370 # -1 , 105956,108370,-1 ,10_101,10,101,00,ATG,GGA/GAG/AGG,5-10bp,0.603,NODE_10_length_162678_cov_69.607112,mobileOG_000353692_NODE_10_length_162678_cov_69.607112
408,mobileOG_000353683|gyrB|WP_002209642.1|replication/recombination/repair|transfer|Plasmid RefSeq|Homology,NODE_10_length_162678_cov_69.607112_101 # 105956 # 108370 # -1 # ID=10_101;partial=00;start_type=ATG;rbs_motif=GGA/GAG/AGG;rbs_spacer=5-10bp;gc_cont=0.603,90.4,1449,804,0.0,805,1,804,1,804,mobileOG_000353683,gyrB,WP_002209642.1,replication/recombination/repair,transfer,Plasmid RefSeq,Homology,NODE_10_length_162678_cov_69.607112_101, 105956 # 108370 # -1 , 105956,108370,-1 ,10_101,10,101,00,ATG,GGA/GAG/AGG,5-10bp,0.603,NODE_10_length_162678_cov_69.607112,mobileOG_000353683_NODE_10_length_162678_cov_69.607112
409,mobileOG_000351474|recF|WP_004933895.1|replication/recombination/repair|NA|Plasmid RefSeq|Homology,NODE_10_length_162678_cov_69.607112_102 # 108389 # 109474 # -1 # ID=10_102;partial=00;start_type=ATG;rbs_motif=GGA/GAG/AGG;rbs_spacer=5-10bp;gc_cont=0.618,100,712,361,3.03e-261,362,1,361,1,361,mobileOG_000351474,recF,WP_004933895.1,replication/recombination/repair,NA,Plasmid RefSeq,Homology,NODE_10_length_162678_cov_69.607112_102, 108389 # 109474 # -1 , 108389,109474,-1 ,10_102,10,102,00,ATG,GGA/GAG/AGG,5-10bp,0.618,NODE_10_length_162678_cov_69.607112,mobileOG_000351474_NODE_10_length_162678_cov_69.607112
410,mobileOG_000335523|recF|WP_033653950.1|replication/recombination/repair|NA|Plasmid RefSeq|Homology,NODE_10_length_162678_cov_69.607112_102 # 108389 # 109474 # -1 # ID=10_102;partial=00;start_type=ATG;rbs_motif=GGA/GAG/AGG;rbs_spacer=5-10bp;gc_cont=0.618,99.7,711,361,8.68e-261,362,1,361,1,361,mobileOG_000335523,recF,WP_033653950.1,replication/recombination/repair,NA,Plasmid RefSeq,Homology,NODE_10_length_162678_cov_69.607112_102, 108389 # 109474 # -1 , 108389,109474,-1 ,10_102,10,102,00,ATG,GGA/GAG/AGG,5-10bp,0.618,NODE_10_length_162678_cov_69.607112,mobileOG_000335523_NODE_10_length_162678_cov_69.607112
411,mobileOG_000026075|recF|Q8Z9U9|replication/recombination/repair|NA|Plasmid RefSeq|Manual,NODE_10_length_162678_cov_69.607112_102 # 108389 # 109474 # -1 # ID=10_102;partial=00;start_type=ATG;rbs_motif=GGA/GAG/AGG;rbs_spacer=5-10bp;gc_cont=0.618,93.1,668,361,7.18e-244,362,1,361,1,361,mobileOG_000026075,recF,Q8Z9U9,replication/recombination/repair,NA,Plasmid RefSeq,Manual,NODE_10_length_162678_cov_69.607112_102, 108389 # 109474 # -1 , 108389,109474,-1 ,10_102,10,102,00,ATG,GGA/GAG/AGG,5-10bp,0.618,NODE_10_length_162678_cov_69.607112,mobileOG_000026075_NODE_10_length_162678_cov_69.607112
412,mobileOG_000368509|dnaN|WP_004933892.1|replication/recombination/repair|NA|Plasmid RefSeq|Homology,NODE_10_length_162678_cov_69.607112_103 # 109520 # 110620 # -1 # ID=10_103;partial=00;start_type=ATG;rbs_motif=None;rbs_spacer=None;gc_cont=0.634,100,711,366,1.28e-260,367,1,366,1,366,mobileOG_000368509,dnaN,WP_004933892.1,replication/recombination/repair,NA,Plasmid RefSeq,Homology,NODE_10_length_162678_cov_69.607112_103, 109520 # 110620 # -1 , 109520,110620,-1 ,10_103,10,103,00,ATG,None,None,0.634,NODE_10_length_162678_cov_69.607112,mobileOG_000368509_NODE_10_length_162678_cov_69.607112
413,mobileOG_000025545|dnaN|WP_000673464.1|replication/recombination/repair|NA|Multiple|Manual,NODE_10_length_162678_cov_69.607112_103 # 109520 # 110620 # -1 # ID=10_103;partial=00;start_type=ATG;rbs_motif=None;rbs_spacer=None;gc_cont=0.634,92.6,667,366,1.50e-243,367,1,366,1,366,mobileOG_000025545,dnaN,WP_000673464.1,replication/recombination/repair,NA,Multiple,Manual,NODE_10_length_162678_cov_69.607112_103, 109520 # 110620 # -1 , 109520,110620,-1 ,10_103,10,103,00,ATG,None,None,0.634,NODE_10_length_162678_cov_69.607112,mobileOG_000025545_NODE_10_length_162678_cov_69.607112
414,mobileOG_000351838|dnaN|WP_002209645.1|replication/recombination/repair|NA|Plasmid RefSeq|Homology,NODE_10_length_162678_cov_69.607112_103 # 109520 # 110620 # -1 # ID=10_103;partial=00;start_type=ATG;rbs_motif=None;rbs_spacer=None;gc_cont=0.634,93.7,667,366,1.50e-243,367,1,366,1,366,mobileOG_000351838,dnaN,WP_002209645.1,replication/recombination/repair,NA,Plasmid RefSeq,Homology,NODE_10_length_162678_cov_69.607112_103, 109520 # 110620 # -1 , 109520,110620,-1 ,10_103,10,103,00,ATG,None,None,0.634,NODE_10_length_162678_cov_69.607112,mobileOG_000351838_NODE_10_length_162678_cov_69.607112
415,mobileOG_000288418|dnaN|A0A422XA93|replication/recombination/repair|NA|Plasmid RefSeq|Homology,NODE_10_length_162678_cov_69.607112_103 # 109520 # 110620 # -1 # ID=10_103;partial=00;start_type=ATG;rbs_motif=None;rbs_spacer=None;gc_cont=0.634,90.4,659,366,3.38e-240,367,1,366,1,366,mobileOG_000288418,dnaN,A0A422XA93,replication/recombination/repair,NA,Plasmid RefSeq,Homology,NODE_10_length_162678_cov_69.607112_103, 109520 # 110620 # -1 , 109520,110620,-1 ,10_103,10,103,00,ATG,None,None,0.634,NODE_10_length_162678_cov_69.607112,mobileOG_000288418_NODE_10_length_162678_cov_69.607112
416,mobileOG_000288440|dnaN|WP_015570134.1|replication/recombination/repair|NA|Plasmid RefSeq|Homology,NODE_10_length_162678_cov_69.607112_103 # 109520 # 110620 # -1 # ID=10_103;partial=00;start_type=ATG;rbs_motif=None;rbs_spacer=None;gc_cont=0.634,90.2,657,366,1.38e-239,367,1,366,1,366,mobileOG_000288440,dnaN,WP_015570134.1,replication/recombination/repair,NA,Plasmid RefSeq,Homology,NODE_10_length_162678_cov_69.607112_103, 109520 # 110620 # -1 , 109520,110620,-1 ,10_103,10,103,00,ATG,None,None,0.634,NODE_10_length_162678_cov_69.607112,mobileOG_000288440_NODE_10_length_162678_cov_69.607112
417,mobileOG_000289030|dnaN|WP_008806743.1|replication/recombination/repair|NA|Plasmid RefSeq|Homology,NODE_10_length_162678_cov_69.607112_103 # 109520 # 110620 # -1 # ID=10_103;partial=00;start_type=ATG;rbs_motif=None;rbs_spacer=None;gc_cont=0.634,90.2,650,366,7.60e-237,367,1,366,1,366,mobileOG_000289030,dnaN,WP_008806743.1,replication/recombination/repair,NA,Plasmid RefSeq,Homology,NODE_10_length_162678_cov_69.607112_103, 109520 # 110620 # -1 , 109520,110620,-1 ,10_103,10,103,00,ATG,None,None,0.634,NODE_10_length_162678_cov_69.607112,mobileOG_000289030_NODE_10_length_162678_cov_69.607112
418,mobileOG_000334819|dnaN|WP_023279353.1|replication/recombination/repair|NA|Plasmid RefSeq|Homology,NODE_10_length_162678_cov_69.607112_103 # 109520 # 110620 # -1 # ID=10_103;partial=00;start_type=ATG;rbs_motif=None;rbs_spacer=None;gc_cont=0.634,90.4,650,366,7.60e-237,367,1,366,1,366,mobileOG_000334819,dnaN,WP_023279353.1,replication/recombination/repair,NA,Plasmid RefSeq,Homology,NODE_10_length_162678_cov_69.607112_103, 109520 # 110620 # -1 , 109520,110620,-1 ,10_103,10,103,00,ATG,None,None,0.634,NODE_10_length_162678_cov_69.607112,mobileOG_000334819_NODE_10_length_162678_cov_69.607112
419,mobileOG_000368508|dnaA|WP_004933889.1|replication/recombination/repair|NA|Plasmid RefSeq|Homology,NODE_10_length_162678_cov_69.607112_104 # 110625 # 112019 # -1 # ID=10_104;partial=00;start_type=GTG;rbs_motif=GGAG/GAGG;rbs_spacer=5-10bp;gc_cont=0.581,100,901,464,0.0,465,1,464,1,464,mobileOG_000368508,dnaA,WP_004933889.1,replication/recombination/repair,NA,Plasmid RefSeq,Homology,NODE_10_length_162678_cov_69.607112_104, 110625 # 112019 # -1 , 110625,112019,-1 ,10_104,10,104,00,GTG,GGAG/GAGG,5-10bp,0.581,NODE_10_length_162678_cov_69.607112,mobileOG_000368508_NODE_10_length_162678_cov_69.607112
420,mobileOG_000325760|dnaA|WP_049235245.1|replication/recombination/repair|NA|Plasmid RefSeq|Homology,NODE_10_length_162678_cov_69.607112_104 # 110625 # 112019 # -1 # ID=10_104;partial=00;start_type=GTG;rbs_motif=GGAG/GAGG;rbs_spacer=5-10bp;gc_cont=0.581,99.6,897,464,0.0,465,1,464,1,464,mobileOG_000325760,dnaA,WP_049235245.1,replication/recombination/repair,NA,Plasmid RefSeq,Homology,NODE_10_length_162678_cov_69.607112_104, 110625 # 112019 # -1 , 110625,112019,-1 ,10_104,10,104,00,GTG,GGAG/GAGG,5-10bp,0.581,NODE_10_length_162678_cov_69.607112,mobileOG_000325760_NODE_10_length_162678_cov_69.607112
421,mobileOG_000351845|dnaA|WP_002220732.1|replication/recombination/repair|NA|Plasmid RefSeq|Homology,NODE_10_length_162678_cov_69.607112_104 # 110625 # 112019 # -1 # ID=10_104;partial=00;start_type=GTG;rbs_motif=GGAG/GAGG;rbs_spacer=5-10bp;gc_cont=0.581,95.9,860,462,1.28e-316,465,1,462,1,464,mobileOG_000351845,dnaA,WP_002220732.1,replication/recombination/repair,NA,Plasmid RefSeq,Homology,NODE_10_length_162678_cov_69.607112_104, 110625 # 112019 # -1 , 110625,112019,-1 ,10_104,10,104,00,GTG,GGAG/GAGG,5-10bp,0.581,NODE_10_length_162678_cov_69.607112,mobileOG_000351845_NODE_10_length_162678_cov_69.607112
422,mobileOG_000288419|dnaA|WP_003861124.1|replication/recombination/repair|NA|Plasmid RefSeq|Homology,NODE_10_length_162678_cov_69.607112_104 # 110625 # 112019 # -1 # ID=10_104;partial=00;start_type=GTG;rbs_motif=GGAG/GAGG;rbs_spacer=5-10bp;gc_cont=0.581,93.3,838,464,1.36e-307,465,1,464,1,464,mobileOG_000288419,dnaA,WP_003861124.1,replication/recombination/repair,NA,Plasmid RefSeq,Homology,NODE_10_length_162678_cov_69.607112_104, 110625 # 112019 # -1 , 110625,112019,-1 ,10_104,10,104,00,GTG,GGAG/GAGG,5-10bp,0.581,NODE_10_length_162678_cov_69.607112,mobileOG_000288419_NODE_10_length_162678_cov_69.607112
423,mobileOG_000290312|dnaA|A0A156L3P6|replication/recombination/repair|NA|Plasmid RefSeq|Homology,NODE_10_length_162678_cov_69.607112_104 # 110625 # 112019 # -1 # ID=10_104;partial=00;start_type=GTG;rbs_motif=GGAG/GAGG;rbs_spacer=5-10bp;gc_cont=0.581,93.3,837,464,3.89e-307,465,1,464,1,464,mobileOG_000290312,dnaA,A0A156L3P6,replication/recombination/repair,NA,Plasmid RefSeq,Homology,NODE_10_length_162678_cov_69.607112_104, 110625 # 112019 # -1 , 110625,112019,-1 ,10_104,10,104,00,GTG,GGAG/GAGG,5-10bp,0.581,NODE_10_length_162678_cov_69.607112,mobileOG_000290312_NODE_10_length_162678_cov_69.607112
424,mobileOG_000327698|dnaA|ETJ17985.1|replication/recombination/repair|NA|Plasmid RefSeq|Homology,NODE_10_length_162678_cov_69.607112_104 # 110625 # 112019 # -1 # ID=10_104;partial=00;start_type=GTG;rbs_motif=GGAG/GAGG;rbs_spacer=5-10bp;gc_cont=0.581,92.7,828,467,1.39e-303,465,1,467,1,464,mobileOG_000327698,dnaA,ETJ17985.1,replication/recombination/repair,NA,Plasmid RefSeq,Homology,NODE_10_length_162678_cov_69.607112_104, 110625 # 112019 # -1 , 110625,112019,-1 ,10_104,10,104,00,GTG,GGAG/GAGG,5-10bp,0.581,NODE_10_length_162678_cov_69.607112,mobileOG_000327698_NODE_10_length_162678_cov_69.607112
425,mobileOG_000332967|dnaA|WP_004151534.1|replication/recombination/repair|NA|Plasmid RefSeq|Homology,NODE_10_length_162678_cov_69.607112_104 # 110625 # 112019 # -1 # ID=10_104;partial=00;start_type=GTG;rbs_motif=GGAG/GAGG;rbs_spacer=5-10bp;gc_cont=0.581,92.1,827,467,1.97e-303,465,1,467,1,464,mobileOG_000332967,dnaA,WP_004151534.1,replication/recombination/repair,NA,Plasmid RefSeq,Homology,NODE_10_length_162678_cov_69.607112_104, 110625 # 112019 # -1 , 110625,112019,-1 ,10_104,10,104,00,GTG,GGAG/GAGG,5-10bp,0.581,NODE_10_length_162678_cov_69.607112,mobileOG_000332967_NODE_10_length_162678_cov_69.607112
426,mobileOG_000327451|dnaA|WP_101416330.1|replication/recombination/repair|NA|Plasmid RefSeq|Homology,NODE_10_length_162678_cov_69.607112_104 # 110625 # 112019 # -1 # ID=10_104;partial=00;start_type=GTG;rbs_motif=GGAG/GAGG;rbs_spacer=5-10bp;gc_cont=0.581,91.9,825,467,2.30e-302,465,1,467,1,464,mobileOG_000327451,dnaA,WP_101416330.1,replication/recombination/repair,NA,Plasmid RefSeq,Homology,NODE_10_length_162678_cov_69.607112_104, 110625 # 112019 # -1 , 110625,112019,-1 ,10_104,10,104,00,GTG,GGAG/GAGG,5-10bp,0.581,NODE_10_length_162678_cov_69.607112,mobileOG_000327451_NODE_10_length_162678_cov_69.607112
427,mobileOG_000368507|rnpA|ECX89229.1|replication/recombination/repair|NA|Plasmid RefSeq|Homology,NODE_10_length_162678_cov_69.607112_105 # 112893 # 113219 # 1 # ID=10_105;partial=00;start_type=TTG;rbs_motif=GGAG/GAGG;rbs_spacer=5-10bp;gc_cont=0.575,99.1,215,119,5.68e-73,109,12,119,1,108,mobileOG_000368507,rnpA,ECX89229.1,replication/recombination/repair,NA,Plasmid RefSeq,Homology,NODE_10_length_162678_cov_69.607112_105, 112893 # 113219 # 1 , 112893,113219,1 ,10_105,10,105,00,TTG,GGAG/GAGG,5-10bp,0.575,NODE_10_length_162678_cov_69.607112,mobileOG_000368507_NODE_10_length_162678_cov_69.607112
428,mobileOG_000353841|rnpA|WP_002228153.1|replication/recombination/repair|NA|Plasmid RefSeq|Homology,NODE_10_length_162678_cov_69.607112_105 # 112893 # 113219 # 1 # ID=10_105;partial=00;start_type=TTG;rbs_motif=GGAG/GAGG;rbs_spacer=5-10bp;gc_cont=0.575,90.7,202,119,6.13e-68,109,12,119,1,108,mobileOG_000353841,rnpA,WP_002228153.1,replication/recombination/repair,NA,Plasmid RefSeq,Homology,NODE_10_length_162678_cov_69.607112_105, 112893 # 113219 # 1 , 112893,113219,1 ,10_105,10,105,00,TTG,GGAG/GAGG,5-10bp,0.575,NODE_10_length_162678_cov_69.607112,mobileOG_000353841_NODE_10_length_162678_cov_69.607112
429,mobileOG_000356476|srnB|WP_004935921.1|stability/transfer/defense|NA|Plasmid RefSeq|Homology,NODE_11_length_156481_cov_47.662943_124 # 126992 # 127144 # 1 # ID=11_124;partial=00;start_type=ATG;rbs_motif=AGGAG;rbs_spacer=5-10bp;gc_cont=0.431,100,100,50,4.02e-29,51,1,50,1,50,mobileOG_000356476,srnB,WP_004935921.1,stability/transfer/defense,NA,Plasmid RefSeq,Homology,NODE_11_length_156481_cov_47.662943_124, 126992 # 127144 # 1 , 126992,127144,1 ,11_124,11,124,00,ATG,AGGAG,5-10bp,0.431,NODE_11_length_156481_cov_47.662943,mobileOG_000356476_NODE_11_length_156481_cov_47.662943
430,mobileOG_000368510|gyrA|WP_004935906.1|replication/recombination/repair|NA|Plasmid RefSeq|Homology,NODE_11_length_156481_cov_47.662943_129 # 132331 # 134973 # 1 # ID=11_129;partial=00;start_type=ATG;rbs_motif=GGA/GAG/AGG;rbs_spacer=5-10bp;gc_cont=0.610,100,1559,880,0.0,881,1,880,1,880,mobileOG_000368510,gyrA,WP_004935906.1,replication/recombination/repair,NA,Plasmid RefSeq,Homology,NODE_11_length_156481_cov_47.662943_129, 132331 # 134973 # 1 , 132331,134973,1 ,11_129,11,129,00,ATG,GGA/GAG/AGG,5-10bp,0.610,NODE_11_length_156481_cov_47.662943,mobileOG_000368510_NODE_11_length_156481_cov_47.662943
431,mobileOG_000353677|gyrA|WP_101453951.1|replication/recombination/repair|NA|Plasmid RefSeq|Homology,NODE_11_length_156481_cov_47.662943_129 # 132331 # 134973 # 1 # ID=11_129;partial=00;start_type=ATG;rbs_motif=GGA/GAG/AGG;rbs_spacer=5-10bp;gc_cont=0.610,99.8,1556,880,0.0,881,1,880,1,880,mobileOG_000353677,gyrA,WP_101453951.1,replication/recombination/repair,NA,Plasmid RefSeq,Homology,NODE_11_length_156481_cov_47.662943_129, 132331 # 134973 # 1 , 132331,134973,1 ,11_129,11,129,00,ATG,GGA/GAG/AGG,5-10bp,0.610,NODE_11_length_156481_cov_47.662943,mobileOG_000353677_NODE_11_length_156481_cov_47.662943
432,mobileOG_000368532|nth|WP_019455952.1|replication/recombination/repair|NA|Plasmid RefSeq|Homology,NODE_12_length_142601_cov_39.998190_47 # 46916 # 47557 # -1 # ID=12_47;partial=00;start_type=ATG;rbs_motif=AGxAGG/AGGxGG;rbs_spacer=3-4bp;gc_cont=0.617,99.5,431,213,3.04e-155,214,1,213,1,213,mobileOG_000368532,nth,WP_019455952.1,replication/recombination/repair,NA,Plasmid RefSeq,Homology,NODE_12_length_142601_cov_39.998190_47, 46916 # 47557 # -1 , 46916,47557,-1 ,12_47,12,47,00,ATG,AGxAGG/AGGxGG,3-4bp,0.617,NODE_12_length_142601_cov_39.998190,mobileOG_000368532_NODE_12_length_142601_cov_39.998190
433,mobileOG_000340056|nth|WP_002907734.1|replication/recombination/repair|NA|Plasmid RefSeq|Homology,NODE_12_length_142601_cov_39.998190_47 # 46916 # 47557 # -1 # ID=12_47;partial=00;start_type=ATG;rbs_motif=AGxAGG/AGGxGG;rbs_spacer=3-4bp;gc_cont=0.617,91.4,393,211,3.52e-140,214,1,210,1,210,mobileOG_000340056,nth,WP_002907734.1,replication/recombination/repair,NA,Plasmid RefSeq,Homology,NODE_12_length_142601_cov_39.998190_47, 46916 # 47557 # -1 , 46916,47557,-1 ,12_47,12,47,00,ATG,AGxAGG/AGGxGG,3-4bp,0.617,NODE_12_length_142601_cov_39.998190,mobileOG_000340056_NODE_12_length_142601_cov_39.998190
434,mobileOG_000240879|nth|A0A2S4WTY0|replication/recombination/repair|NA|GPD|Homology,NODE_12_length_142601_cov_39.998190_47 # 46916 # 47557 # -1 # ID=12_47;partial=00;start_type=ATG;rbs_motif=AGxAGG/AGGxGG;rbs_spacer=3-4bp;gc_cont=0.617,92.3,393,211,4.99e-140,214,1,209,1,209,mobileOG_000240879,nth,A0A2S4WTY0,replication/recombination/repair,NA,GPD,Homology,NODE_12_length_142601_cov_39.998190_47, 46916 # 47557 # -1 , 46916,47557,-1 ,12_47,12,47,00,ATG,AGxAGG/AGGxGG,3-4bp,0.617,NODE_12_length_142601_cov_39.998190,mobileOG_000240879_NODE_12_length_142601_cov_39.998190
435,mobileOG_000242763|nth|A0A156XKS9|replication/recombination/repair|NA|GPD|Homology,NODE_12_length_142601_cov_39.998190_47 # 46916 # 47557 # -1 # ID=12_47;partial=00;start_type=ATG;rbs_motif=AGxAGG/AGGxGG;rbs_spacer=3-4bp;gc_cont=0.617,90.5,390,211,8.28e-139,214,1,211,1,211,mobileOG_000242763,nth,A0A156XKS9,replication/recombination/repair,NA,GPD,Homology,NODE_12_length_142601_cov_39.998190_47, 46916 # 47557 # -1 , 46916,47557,-1 ,12_47,12,47,00,ATG,AGxAGG/AGGxGG,3-4bp,0.617,NODE_12_length_142601_cov_39.998190,mobileOG_000242763_NODE_12_length_142601_cov_39.998190
436,mobileOG_000189905|nth|WP_015570668.1|replication/recombination/repair|NA|Multiple|Homology,NODE_12_length_142601_cov_39.998190_47 # 46916 # 47557 # -1 # ID=12_47;partial=00;start_type=ATG;rbs_motif=AGxAGG/AGGxGG;rbs_spacer=3-4bp;gc_cont=0.617,90.5,389,211,1.18e-138,214,1,211,1,211,mobileOG_000189905,nth,WP_015570668.1,replication/recombination/repair,NA,Multiple,Homology,NODE_12_length_142601_cov_39.998190_47, 46916 # 47557 # -1 , 46916,47557,-1 ,12_47,12,47,00,ATG,AGxAGG/AGGxGG,3-4bp,0.617,NODE_12_length_142601_cov_39.998190,mobileOG_000189905_NODE_12_length_142601_cov_39.998190
437,mobileOG_000340055|nth|WP_001030346.1|replication/recombination/repair|NA|Multiple|Homology,NODE_12_length_142601_cov_39.998190_47 # 46916 # 47557 # -1 # ID=12_47;partial=00;start_type=ATG;rbs_motif=AGxAGG/AGGxGG;rbs_spacer=3-4bp;gc_cont=0.617,90.9,388,211,4.79e-138,214,1,209,1,209,mobileOG_000340055,nth,WP_001030346.1,replication/recombination/repair,NA,Multiple,Homology,NODE_12_length_142601_cov_39.998190_47, 46916 # 47557 # -1 , 46916,47557,-1 ,12_47,12,47,00,ATG,AGxAGG/AGGxGG,3-4bp,0.617,NODE_12_length_142601_cov_39.998190,mobileOG_000340055_NODE_12_length_142601_cov_39.998190
438,mobileOG_000362634|tus|WP_043147415.1|replication/recombination/repair|NA|Plasmid RefSeq|Homology,NODE_12_length_142601_cov_39.998190_78 # 77915 # 78853 # -1 # ID=12_78;partial=00;start_type=ATG;rbs_motif=GGxGG;rbs_spacer=5-10bp;gc_cont=0.634,98.1,600,312,1.52e-218,313,1,312,1,312,mobileOG_000362634,tus,WP_043147415.1,replication/recombination/repair,NA,Plasmid RefSeq,Homology,NODE_12_length_142601_cov_39.998190_78, 77915 # 78853 # -1 , 77915,78853,-1 ,12_78,12,78,00,ATG,GGxGG,5-10bp,0.634,NODE_12_length_142601_cov_39.998190,mobileOG_000362634_NODE_12_length_142601_cov_39.998190
439,mobileOG_000361587|rmuC|WP_033636701.1|replication/recombination/repair|NA|Plasmid RefSeq|Homology,NODE_13_length_141762_cov_67.021026_20 # 19661 # 21208 # -1 # ID=13_20;partial=00;start_type=GTG;rbs_motif=AGGAG;rbs_spacer=5-10bp;gc_cont=0.611,98.3,832,515,1.34e-303,516,1,515,1,515,mobileOG_000361587,rmuC,WP_033636701.1,replication/recombination/repair,NA,Plasmid RefSeq,Homology,NODE_13_length_141762_cov_67.021026_20, 19661 # 21208 # -1 , 19661,21208,-1 ,13_20,13,20,00,GTG,AGGAG,5-10bp,0.611,NODE_13_length_141762_cov_67.021026,mobileOG_000361587_NODE_13_length_141762_cov_67.021026
440,mobileOG_000328016|recQ|WP_033649642.1|replication/recombination/repair|NA|Plasmid RefSeq|Homology,NODE_13_length_141762_cov_67.021026_68 # 70369 # 72213 # -1 # ID=13_68;partial=00;start_type=ATG;rbs_motif=None;rbs_spacer=None;gc_cont=0.629,99.5,1224,610,0.0,615,1,610,5,614,mobileOG_000328016,recQ,WP_033649642.1,replication/recombination/repair,NA,Plasmid RefSeq,Homology,NODE_13_length_141762_cov_67.021026_68, 70369 # 72213 # -1 , 70369,72213,-1 ,13_68,13,68,00,ATG,None,None,0.629,NODE_13_length_141762_cov_67.021026,mobileOG_000328016_NODE_13_length_141762_cov_67.021026
441,mobileOG_000329602|uvrD|WP_101456625.1|replication/recombination/repair|plasmid|Plasmid RefSeq|Homology,NODE_13_length_141762_cov_67.021026_74 # 76681 # 78843 # -1 # ID=13_74;partial=00;start_type=ATG;rbs_motif=None;rbs_spacer=None;gc_cont=0.631,99.6,1431,720,0.0,721,1,720,1,720,mobileOG_000329602,uvrD,WP_101456625.1,replication/recombination/repair,plasmid,Plasmid RefSeq,Homology,NODE_13_length_141762_cov_67.021026_74, 76681 # 78843 # -1 , 76681,78843,-1 ,13_74,13,74,00,ATG,None,None,0.631,NODE_13_length_141762_cov_67.021026,mobileOG_000329602_NODE_13_length_141762_cov_67.021026
442,mobileOG_000351840|uvrD|WP_002211475.1|replication/recombination/repair|plasmid|Plasmid RefSeq|Homology,NODE_13_length_141762_cov_67.021026_74 # 76681 # 78843 # -1 # ID=13_74;partial=00;start_type=ATG;rbs_motif=None;rbs_spacer=None;gc_cont=0.631,92.5,1349,720,0.0,721,1,720,1,720,mobileOG_000351840,uvrD,WP_002211475.1,replication/recombination/repair,plasmid,Plasmid RefSeq,Homology,NODE_13_length_141762_cov_67.021026_74, 76681 # 78843 # -1 , 76681,78843,-1 ,13_74,13,74,00,ATG,None,None,0.631,NODE_13_length_141762_cov_67.021026,mobileOG_000351840_NODE_13_length_141762_cov_67.021026
443,mobileOG_000349233|xerD|WP_016929495.1|integration/excision|replication/recombination/repair|Plasmid RefSeq|Homology,NODE_13_length_141762_cov_67.021026_76 # 79638 # 80549 # -1 # ID=13_76;partial=00;start_type=ATG;rbs_motif=GGA/GAG/AGG;rbs_spacer=5-10bp;gc_cont=0.640,99.7,597,303,1.25e-217,304,1,303,1,303,mobileOG_000349233,xerD,WP_016929495.1,integration/excision,replication/recombination/repair,Plasmid RefSeq,Homology,NODE_13_length_141762_cov_67.021026_76, 79638 # 80549 # -1 , 79638,80549,-1 ,13_76,13,76,00,ATG,GGA/GAG/AGG,5-10bp,0.640,NODE_13_length_141762_cov_67.021026,mobileOG_000349233_NODE_13_length_141762_cov_67.021026
444,"mobileOG_000332113|rep|WP_060446051.1|replication/recombination/repair|initiation,copy number control,plasmid|Plasmid RefSeq|Homology",NODE_13_length_141762_cov_67.021026_103 # 110962 # 112986 # -1 # ID=13_103;partial=00;start_type=ATG;rbs_motif=GGA/GAG/AGG;rbs_spacer=11-12bp;gc_cont=0.600,99.7,1326,674,0.0,675,1,674,1,674,mobileOG_000332113,rep,WP_060446051.1,replication/recombination/repair,"initiation,copy number control,plasmid",Plasmid RefSeq,Homology,NODE_13_length_141762_cov_67.021026_103, 110962 # 112986 # -1 , 110962,112986,-1 ,13_103,13,103,00,ATG,GGA/GAG/AGG,11-12bp,0.600,NODE_13_length_141762_cov_67.021026,mobileOG_000332113_NODE_13_length_141762_cov_67.021026
445,mobileOG_000313842|oppF|WP_033636613.1|transfer|competence|Plasmid RefSeq|Homology,NODE_13_length_141762_cov_67.021026_117 # 133314 # 134303 # -1 # ID=13_117;partial=00;start_type=ATG;rbs_motif=GGAGG;rbs_spacer=5-10bp;gc_cont=0.620,99.4,650,329,4.31e-238,330,1,329,1,329,mobileOG_000313842,oppF,WP_033636613.1,transfer,competence,Plasmid RefSeq,Homology,NODE_13_length_141762_cov_67.021026_117, 133314 # 134303 # -1 , 133314,134303,-1 ,13_117,13,117,00,ATG,GGAGG,5-10bp,0.620,NODE_13_length_141762_cov_67.021026,mobileOG_000313842_NODE_13_length_141762_cov_67.021026
446,mobileOG_000367015|oppF|WP_161597821.1|transfer|competence|Plasmid RefSeq|Homology,NODE_13_length_141762_cov_67.021026_117 # 133314 # 134303 # -1 # ID=13_117;partial=00;start_type=ATG;rbs_motif=GGAGG;rbs_spacer=5-10bp;gc_cont=0.620,95.0,609,346,1.65e-221,330,19,339,5,325,mobileOG_000367015,oppF,WP_161597821.1,transfer,competence,Plasmid RefSeq,Homology,NODE_13_length_141762_cov_67.021026_117, 133314 # 134303 # -1 , 133314,134303,-1 ,13_117,13,117,00,ATG,GGAGG,5-10bp,0.620,NODE_13_length_141762_cov_67.021026,mobileOG_000367015_NODE_13_length_141762_cov_67.021026
447,mobileOG_000289032|oppF|WP_008806903.1|transfer|competence|Plasmid RefSeq|Homology,NODE_13_length_141762_cov_67.021026_117 # 133314 # 134303 # -1 # ID=13_117;partial=00;start_type=ATG;rbs_motif=GGAGG;rbs_spacer=5-10bp;gc_cont=0.620,92.3,598,337,4.41e-217,330,10,332,5,327,mobileOG_000289032,oppF,WP_008806903.1,transfer,competence,Plasmid RefSeq,Homology,NODE_13_length_141762_cov_67.021026_117, 133314 # 134303 # -1 , 133314,134303,-1 ,13_117,13,117,00,ATG,GGAGG,5-10bp,0.620,NODE_13_length_141762_cov_67.021026,mobileOG_000289032_NODE_13_length_141762_cov_67.021026
448,mobileOG_000288462|oppF|WP_017383568.1|transfer|competence|Plasmid RefSeq|Homology,NODE_13_length_141762_cov_67.021026_117 # 133314 # 134303 # -1 # ID=13_117;partial=00;start_type=ATG;rbs_motif=GGAGG;rbs_spacer=5-10bp;gc_cont=0.620,91.3,589,337,1.41e-213,330,10,331,5,326,mobileOG_000288462,oppF,WP_017383568.1,transfer,competence,Plasmid RefSeq,Homology,NODE_13_length_141762_cov_67.021026_117, 133314 # 134303 # -1 , 133314,134303,-1 ,13_117,13,117,00,ATG,GGAGG,5-10bp,0.620,NODE_13_length_141762_cov_67.021026,mobileOG_000288462_NODE_13_length_141762_cov_67.021026
449,mobileOG_000333736|oppD|WP_004934132.1|transfer|competence|Plasmid RefSeq|Homology,NODE_13_length_141762_cov_67.021026_118 # 134300 # 135280 # -1 # ID=13_118;partial=00;start_type=ATG;rbs_motif=GGAG/GAGG;rbs_spacer=5-10bp;gc_cont=0.638,100,635,326,4.28e-232,327,1,326,1,326,mobileOG_000333736,oppD,WP_004934132.1,transfer,competence,Plasmid RefSeq,Homology,NODE_13_length_141762_cov_67.021026_118, 134300 # 135280 # -1 , 134300,135280,-1 ,13_118,13,118,00,ATG,GGAG/GAGG,5-10bp,0.638,NODE_13_length_141762_cov_67.021026,mobileOG_000333736_NODE_13_length_141762_cov_67.021026
450,mobileOG_000331353|mutY|WP_101427358.1|replication/recombination/repair|NA|Plasmid RefSeq|Homology,NODE_14_length_135241_cov_58.301049_5 # 5084 # 6184 # -1 # ID=14_5;partial=00;start_type=ATG;rbs_motif=3Base/5BMM;rbs_spacer=13-15bp;gc_cont=0.619,99.5,754,381,9.46e-278,367,16,381,1,366,mobileOG_000331353,mutY,WP_101427358.1,replication/recombination/repair,NA,Plasmid RefSeq,Homology,NODE_14_length_135241_cov_58.301049_5, 5084 # 6184 # -1 , 5084,6184,-1 ,14_5,14,5,00,ATG,3Base/5BMM,13-15bp,0.619,NODE_14_length_135241_cov_58.301049,mobileOG_000331353_NODE_14_length_135241_cov_58.301049
451,mobileOG_000477802|NA:Keyword|A0A411H8A7|phage|NA|GPD|Keyword Search,NODE_14_length_135241_cov_58.301049_45 # 25122 # 26744 # 1 # ID=14_45;partial=00;start_type=ATG;rbs_motif=GGA/GAG/AGG;rbs_spacer=5-10bp;gc_cont=0.571,94.1,1060,540,0.0,541,1,540,1,540,mobileOG_000477802,NA:Keyword,A0A411H8A7,phage,NA,GPD,Keyword Search,NODE_14_length_135241_cov_58.301049_45, 25122 # 26744 # 1 , 25122,26744,1 ,14_45,14,45,00,ATG,GGA/GAG/AGG,5-10bp,0.571,NODE_14_length_135241_cov_58.301049,mobileOG_000477802_NODE_14_length_135241_cov_58.301049
452,mobileOG_000556499|NA:Keyword|A0A4Q6HBN6|phage|NA|GPD|Keyword Search,NODE_14_length_135241_cov_58.301049_45 # 25122 # 26744 # 1 # ID=14_45;partial=00;start_type=ATG;rbs_motif=GGA/GAG/AGG;rbs_spacer=5-10bp;gc_cont=0.571,94.1,1059,540,0.0,541,1,540,1,540,mobileOG_000556499,NA:Keyword,A0A4Q6HBN6,phage,NA,GPD,Keyword Search,NODE_14_length_135241_cov_58.301049_45, 25122 # 26744 # 1 , 25122,26744,1 ,14_45,14,45,00,ATG,GGA/GAG/AGG,5-10bp,0.571,NODE_14_length_135241_cov_58.301049,mobileOG_000556499_NODE_14_length_135241_cov_58.301049
453,mobileOG_000584468|NA:Keyword|A0A4Q6HBN6|phage|NA|GPD|Keyword Search,NODE_14_length_135241_cov_58.301049_45 # 25122 # 26744 # 1 # ID=14_45;partial=00;start_type=ATG;rbs_motif=GGA/GAG/AGG;rbs_spacer=5-10bp;gc_cont=0.571,94.1,1057,540,0.0,541,1,540,1,540,mobileOG_000584468,NA:Keyword,A0A4Q6HBN6,phage,NA,GPD,Keyword Search,NODE_14_length_135241_cov_58.301049_45, 25122 # 26744 # 1 , 25122,26744,1 ,14_45,14,45,00,ATG,GGA/GAG/AGG,5-10bp,0.571,NODE_14_length_135241_cov_58.301049,mobileOG_000584468_NODE_14_length_135241_cov_58.301049
454,mobileOG_000717837|NA:Keyword|A0A4Q6HBN6|phage|NA|GPD|Keyword Search,NODE_14_length_135241_cov_58.301049_45 # 25122 # 26744 # 1 # ID=14_45;partial=00;start_type=ATG;rbs_motif=GGA/GAG/AGG;rbs_spacer=5-10bp;gc_cont=0.571,94.1,1057,540,0.0,541,1,540,1,540,mobileOG_000717837,NA:Keyword,A0A4Q6HBN6,phage,NA,GPD,Keyword Search,NODE_14_length_135241_cov_58.301049_45, 25122 # 26744 # 1 , 25122,26744,1 ,14_45,14,45,00,ATG,GGA/GAG/AGG,5-10bp,0.571,NODE_14_length_135241_cov_58.301049,mobileOG_000717837_NODE_14_length_135241_cov_58.301049
455,mobileOG_000546084|NA:Keyword|A0A4Q6HBN6|phage|NA|GPD|Keyword Search,NODE_14_length_135241_cov_58.301049_45 # 25122 # 26744 # 1 # ID=14_45;partial=00;start_type=ATG;rbs_motif=GGA/GAG/AGG;rbs_spacer=5-10bp;gc_cont=0.571,93.9,1056,540,0.0,541,1,540,1,540,mobileOG_000546084,NA:Keyword,A0A4Q6HBN6,phage,NA,GPD,Keyword Search,NODE_14_length_135241_cov_58.301049_45, 25122 # 26744 # 1 , 25122,26744,1 ,14_45,14,45,00,ATG,GGA/GAG/AGG,5-10bp,0.571,NODE_14_length_135241_cov_58.301049,mobileOG_000546084_NODE_14_length_135241_cov_58.301049
456,mobileOG_000585039|NA:Keyword|A0A4Q6HBN6|phage|NA|GPD|Keyword Search,NODE_14_length_135241_cov_58.301049_45 # 25122 # 26744 # 1 # ID=14_45;partial=00;start_type=ATG;rbs_motif=GGA/GAG/AGG;rbs_spacer=5-10bp;gc_cont=0.571,93.7,1056,540,0.0,541,1,540,1,540,mobileOG_000585039,NA:Keyword,A0A4Q6HBN6,phage,NA,GPD,Keyword Search,NODE_14_length_135241_cov_58.301049_45, 25122 # 26744 # 1 , 25122,26744,1 ,14_45,14,45,00,ATG,GGA/GAG/AGG,5-10bp,0.571,NODE_14_length_135241_cov_58.301049,mobileOG_000585039_NODE_14_length_135241_cov_58.301049
457,mobileOG_000643386|NA:Keyword|A0A4Q6HBN6|phage|NA|GPD|Keyword Search,NODE_14_length_135241_cov_58.301049_45 # 25122 # 26744 # 1 # ID=14_45;partial=00;start_type=ATG;rbs_motif=GGA/GAG/AGG;rbs_spacer=5-10bp;gc_cont=0.571,93.9,1056,540,0.0,541,1,540,1,540,mobileOG_000643386,NA:Keyword,A0A4Q6HBN6,phage,NA,GPD,Keyword Search,NODE_14_length_135241_cov_58.301049_45, 25122 # 26744 # 1 , 25122,26744,1 ,14_45,14,45,00,ATG,GGA/GAG/AGG,5-10bp,0.571,NODE_14_length_135241_cov_58.301049,mobileOG_000643386_NODE_14_length_135241_cov_58.301049
458,mobileOG_000538754|NA:Keyword|A0A4Q6HBN6|phage|NA|GPD|Keyword Search,NODE_14_length_135241_cov_58.301049_45 # 25122 # 26744 # 1 # ID=14_45;partial=00;start_type=ATG;rbs_motif=GGA/GAG/AGG;rbs_spacer=5-10bp;gc_cont=0.571,93.9,1055,540,0.0,541,1,540,1,540,mobileOG_000538754,NA:Keyword,A0A4Q6HBN6,phage,NA,GPD,Keyword Search,NODE_14_length_135241_cov_58.301049_45, 25122 # 26744 # 1 , 25122,26744,1 ,14_45,14,45,00,ATG,GGA/GAG/AGG,5-10bp,0.571,NODE_14_length_135241_cov_58.301049,mobileOG_000538754_NODE_14_length_135241_cov_58.301049
459,mobileOG_000542300|NA:Keyword|A0A4Q6HBN6|phage|NA|GPD|Keyword Search,NODE_14_length_135241_cov_58.301049_45 # 25122 # 26744 # 1 # ID=14_45;partial=00;start_type=ATG;rbs_motif=GGA/GAG/AGG;rbs_spacer=5-10bp;gc_cont=0.571,93.7,1055,540,0.0,541,1,540,1,540,mobileOG_000542300,NA:Keyword,A0A4Q6HBN6,phage,NA,GPD,Keyword Search,NODE_14_length_135241_cov_58.301049_45, 25122 # 26744 # 1 , 25122,26744,1 ,14_45,14,45,00,ATG,GGA/GAG/AGG,5-10bp,0.571,NODE_14_length_135241_cov_58.301049,mobileOG_000542300_NODE_14_length_135241_cov_58.301049
460,mobileOG_000555577|NA:Keyword|A0A4Q6HBN6|phage|NA|GPD|Keyword Search,NODE_14_length_135241_cov_58.301049_45 # 25122 # 26744 # 1 # ID=14_45;partial=00;start_type=ATG;rbs_motif=GGA/GAG/AGG;rbs_spacer=5-10bp;gc_cont=0.571,93.7,1055,540,0.0,541,1,540,1,540,mobileOG_000555577,NA:Keyword,A0A4Q6HBN6,phage,NA,GPD,Keyword Search,NODE_14_length_135241_cov_58.301049_45, 25122 # 26744 # 1 , 25122,26744,1 ,14_45,14,45,00,ATG,GGA/GAG/AGG,5-10bp,0.571,NODE_14_length_135241_cov_58.301049,mobileOG_000555577_NODE_14_length_135241_cov_58.301049
461,mobileOG_000427242|NA:Keyword|A0A0P7MDK1|phage|NA|GPD|Keyword Search,NODE_14_length_135241_cov_58.301049_45 # 25122 # 26744 # 1 # ID=14_45;partial=00;start_type=ATG;rbs_motif=GGA/GAG/AGG;rbs_spacer=5-10bp;gc_cont=0.571,93.9,1055,540,0.0,541,1,540,1,540,mobileOG_000427242,NA:Keyword,A0A0P7MDK1,phage,NA,GPD,Keyword Search,NODE_14_length_135241_cov_58.301049_45, 25122 # 26744 # 1 , 25122,26744,1 ,14_45,14,45,00,ATG,GGA/GAG/AGG,5-10bp,0.571,NODE_14_length_135241_cov_58.301049,mobileOG_000427242_NODE_14_length_135241_cov_58.301049
462,mobileOG_000570995|NA:Keyword|A0A0P7MDK1|phage|NA|GPD|Keyword Search,NODE_14_length_135241_cov_58.301049_45 # 25122 # 26744 # 1 # ID=14_45;partial=00;start_type=ATG;rbs_motif=GGA/GAG/AGG;rbs_spacer=5-10bp;gc_cont=0.571,93.7,1055,540,0.0,541,1,540,1,540,mobileOG_000570995,NA:Keyword,A0A0P7MDK1,phage,NA,GPD,Keyword Search,NODE_14_length_135241_cov_58.301049_45, 25122 # 26744 # 1 , 25122,26744,1 ,14_45,14,45,00,ATG,GGA/GAG/AGG,5-10bp,0.571,NODE_14_length_135241_cov_58.301049,mobileOG_000570995_NODE_14_length_135241_cov_58.301049
463,mobileOG_000578306|NA:Keyword|A0A4Q6HBN6|phage|NA|GPD|Keyword Search,NODE_14_length_135241_cov_58.301049_45 # 25122 # 26744 # 1 # ID=14_45;partial=00;start_type=ATG;rbs_motif=GGA/GAG/AGG;rbs_spacer=5-10bp;gc_cont=0.571,93.9,1054,540,0.0,541,1,540,1,540,mobileOG_000578306,NA:Keyword,A0A4Q6HBN6,phage,NA,GPD,Keyword Search,NODE_14_length_135241_cov_58.301049_45, 25122 # 26744 # 1 , 25122,26744,1 ,14_45,14,45,00,ATG,GGA/GAG/AGG,5-10bp,0.571,NODE_14_length_135241_cov_58.301049,mobileOG_000578306_NODE_14_length_135241_cov_58.301049
464,mobileOG_000482090|NA:Keyword|A0A0P7MDK1|phage|NA|GPD|Keyword Search,NODE_14_length_135241_cov_58.301049_45 # 25122 # 26744 # 1 # ID=14_45;partial=00;start_type=ATG;rbs_motif=GGA/GAG/AGG;rbs_spacer=5-10bp;gc_cont=0.571,93.7,1054,540,0.0,541,1,540,1,540,mobileOG_000482090,NA:Keyword,A0A0P7MDK1,phage,NA,GPD,Keyword Search,NODE_14_length_135241_cov_58.301049_45, 25122 # 26744 # 1 , 25122,26744,1 ,14_45,14,45,00,ATG,GGA/GAG/AGG,5-10bp,0.571,NODE_14_length_135241_cov_58.301049,mobileOG_000482090_NODE_14_length_135241_cov_58.301049
465,mobileOG_000515992|NA:Keyword|A0A0P7MDK1|phage|NA|GPD|Keyword Search,NODE_14_length_135241_cov_58.301049_45 # 25122 # 26744 # 1 # ID=14_45;partial=00;start_type=ATG;rbs_motif=GGA/GAG/AGG;rbs_spacer=5-10bp;gc_cont=0.571,93.5,1053,540,0.0,541,1,540,1,540,mobileOG_000515992,NA:Keyword,A0A0P7MDK1,phage,NA,GPD,Keyword Search,NODE_14_length_135241_cov_58.301049_45, 25122 # 26744 # 1 , 25122,26744,1 ,14_45,14,45,00,ATG,GGA/GAG/AGG,5-10bp,0.571,NODE_14_length_135241_cov_58.301049,mobileOG_000515992_NODE_14_length_135241_cov_58.301049
466,mobileOG_000328139|rdgB|WP_033635946.1|replication/recombination/repair|NA|Plasmid RefSeq|Homology,NODE_14_length_135241_cov_58.301049_78 # 53392 # 53985 # -1 # ID=14_78;partial=00;start_type=ATG;rbs_motif=GGA/GAG/AGG;rbs_spacer=5-10bp;gc_cont=0.652,98.5,380,197,1.70e-135,198,1,197,1,197,mobileOG_000328139,rdgB,WP_033635946.1,replication/recombination/repair,NA,Plasmid RefSeq,Homology,NODE_14_length_135241_cov_58.301049_78, 53392 # 53985 # -1 , 53392,53985,-1 ,14_78,14,78,00,ATG,GGA/GAG/AGG,5-10bp,0.652,NODE_14_length_135241_cov_58.301049,mobileOG_000328139_NODE_14_length_135241_cov_58.301049
467,"mobileOG_000312454|pilT|WP_101427354.1|transfer|conjugation,competence|Plasmid RefSeq|Homology",NODE_14_length_135241_cov_58.301049_83 # 56445 # 57467 # 1 # ID=14_83;partial=00;start_type=ATG;rbs_motif=GGAG/GAGG;rbs_spacer=5-10bp;gc_cont=0.664,95.0,611,340,5.05e-222,341,1,340,1,340,mobileOG_000312454,pilT,WP_101427354.1,transfer,"conjugation,competence",Plasmid RefSeq,Homology,NODE_14_length_135241_cov_58.301049_83, 56445 # 57467 # 1 , 56445,57467,1 ,14_83,14,83,00,ATG,GGAG/GAGG,5-10bp,0.664,NODE_14_length_135241_cov_58.301049,mobileOG_000312454_NODE_14_length_135241_cov_58.301049
468,mobileOG_000301584|srnB|WP_015379015.1|stability/transfer/defense|NA|Plasmid RefSeq|Homology,NODE_14_length_135241_cov_58.301049_131 # 113454 # 113609 # 1 # ID=14_131;partial=00;start_type=ATG;rbs_motif=AGGAG;rbs_spacer=5-10bp;gc_cont=0.513,96.0,92.0,50,6.75e-26,52,1,50,2,51,mobileOG_000301584,srnB,WP_015379015.1,stability/transfer/defense,NA,Plasmid RefSeq,Homology,NODE_14_length_135241_cov_58.301049_131, 113454 # 113609 # 1 , 113454,113609,1 ,14_131,14,131,00,ATG,AGGAG,5-10bp,0.513,NODE_14_length_135241_cov_58.301049,mobileOG_000301584_NODE_14_length_135241_cov_58.301049
469,mobileOG_000361163|srnB|WP_080298853.1|stability/transfer/defense|NA|Plasmid RefSeq|Homology,NODE_14_length_135241_cov_58.301049_131 # 113454 # 113609 # 1 # ID=14_131;partial=00;start_type=ATG;rbs_motif=AGGAG;rbs_spacer=5-10bp;gc_cont=0.513,90.0,88.2,50,2.27e-24,52,1,50,2,51,mobileOG_000361163,srnB,WP_080298853.1,stability/transfer/defense,NA,Plasmid RefSeq,Homology,NODE_14_length_135241_cov_58.301049_131, 113454 # 113609 # 1 , 113454,113609,1 ,14_131,14,131,00,ATG,AGGAG,5-10bp,0.513,NODE_14_length_135241_cov_58.301049,mobileOG_000361163_NODE_14_length_135241_cov_58.301049
470,mobileOG_000301584|srnB|WP_015379015.1|stability/transfer/defense|NA|Plasmid RefSeq|Homology,NODE_14_length_135241_cov_58.301049_135 # 119226 # 119381 # 1 # ID=14_135;partial=00;start_type=ATG;rbs_motif=AGGAG;rbs_spacer=5-10bp;gc_cont=0.506,96.0,91.3,50,1.36e-25,52,1,50,2,51,mobileOG_000301584,srnB,WP_015379015.1,stability/transfer/defense,NA,Plasmid RefSeq,Homology,NODE_14_length_135241_cov_58.301049_135, 119226 # 119381 # 1 , 119226,119381,1 ,14_135,14,135,00,ATG,AGGAG,5-10bp,0.506,NODE_14_length_135241_cov_58.301049,mobileOG_000301584_NODE_14_length_135241_cov_58.301049
471,mobileOG_000361163|srnB|WP_080298853.1|stability/transfer/defense|NA|Plasmid RefSeq|Homology,NODE_14_length_135241_cov_58.301049_135 # 119226 # 119381 # 1 # ID=14_135;partial=00;start_type=ATG;rbs_motif=AGGAG;rbs_spacer=5-10bp;gc_cont=0.506,94.0,90.5,50,2.76e-25,52,1,50,2,51,mobileOG_000361163,srnB,WP_080298853.1,stability/transfer/defense,NA,Plasmid RefSeq,Homology,NODE_14_length_135241_cov_58.301049_135, 119226 # 119381 # 1 , 119226,119381,1 ,14_135,14,135,00,ATG,AGGAG,5-10bp,0.506,NODE_14_length_135241_cov_58.301049,mobileOG_000361163_NODE_14_length_135241_cov_58.301049
472,"mobileOG_000354199|cpxA|WP_015379421.1|transfer|conjugation,relaxosome|Plasmid RefSeq|Homology",NODE_15_length_119878_cov_68.710320_44 # 47906 # 49300 # 1 # ID=15_44;partial=00;start_type=ATG;rbs_motif=None;rbs_spacer=None;gc_cont=0.639,100,906,464,0.0,465,1,464,1,464,mobileOG_000354199,cpxA,WP_015379421.1,transfer,"conjugation,relaxosome",Plasmid RefSeq,Homology,NODE_15_length_119878_cov_68.710320_44, 47906 # 49300 # 1 , 47906,49300,1 ,15_44,15,44,00,ATG,None,None,0.639,NODE_15_length_119878_cov_68.710320,mobileOG_000354199_NODE_15_length_119878_cov_68.710320
473,"mobileOG_000354202|cpxA|WP_033636450.1|transfer|conjugation,relaxosome|Plasmid RefSeq|Homology",NODE_15_length_119878_cov_68.710320_44 # 47906 # 49300 # 1 # ID=15_44;partial=00;start_type=ATG;rbs_motif=None;rbs_spacer=None;gc_cont=0.639,98.9,899,464,0.0,465,1,464,1,464,mobileOG_000354202,cpxA,WP_033636450.1,transfer,"conjugation,relaxosome",Plasmid RefSeq,Homology,NODE_15_length_119878_cov_68.710320_44, 47906 # 49300 # 1 , 47906,49300,1 ,15_44,15,44,00,ATG,None,None,0.639,NODE_15_length_119878_cov_68.710320,mobileOG_000354202_NODE_15_length_119878_cov_68.710320
474,mobileOG_000332472|mutM|WP_033649742.1|replication/recombination/repair|NA|Plasmid RefSeq|Homology,NODE_15_length_119878_cov_68.710320_73 # 77037 # 77852 # -1 # ID=15_73;partial=00;start_type=ATG;rbs_motif=GGAGG;rbs_spacer=5-10bp;gc_cont=0.609,98.9,545,271,1.98e-198,272,1,271,1,271,mobileOG_000332472,mutM,WP_033649742.1,replication/recombination/repair,NA,Plasmid RefSeq,Homology,NODE_15_length_119878_cov_68.710320_73, 77037 # 77852 # -1 , 77037,77852,-1 ,15_73,15,73,00,ATG,GGAGG,5-10bp,0.609,NODE_15_length_119878_cov_68.710320,mobileOG_000332472_NODE_15_length_119878_cov_68.710320
475,mobileOG_000327567|mutM|WP_101452716.1|replication/recombination/repair|NA|Plasmid RefSeq|Homology,NODE_15_length_119878_cov_68.710320_73 # 77037 # 77852 # -1 # ID=15_73;partial=00;start_type=ATG;rbs_motif=GGAGG;rbs_spacer=5-10bp;gc_cont=0.609,96.7,535,271,1.82e-194,272,1,271,1,271,mobileOG_000327567,mutM,WP_101452716.1,replication/recombination/repair,NA,Plasmid RefSeq,Homology,NODE_15_length_119878_cov_68.710320_73, 77037 # 77852 # -1 , 77037,77852,-1 ,15_73,15,73,00,ATG,GGAGG,5-10bp,0.609,NODE_15_length_119878_cov_68.710320,mobileOG_000327567_NODE_15_length_119878_cov_68.710320
476,mobileOG_000370422|s071|WP_025304698.1|replication/recombination/repair|NA|Plasmid RefSeq|Homology,NODE_15_length_119878_cov_68.710320_76 # 78612 # 79295 # -1 # ID=15_76;partial=00;start_type=ATG;rbs_motif=GGAGG;rbs_spacer=5-10bp;gc_cont=0.567,99.6,444,227,1.18e-159,228,1,227,1,227,mobileOG_000370422,s071,WP_025304698.1,replication/recombination/repair,NA,Plasmid RefSeq,Homology,NODE_15_length_119878_cov_68.710320_76, 78612 # 79295 # -1 , 78612,79295,-1 ,15_76,15,76,00,ATG,GGAGG,5-10bp,0.567,NODE_15_length_119878_cov_68.710320,mobileOG_000370422_NODE_15_length_119878_cov_68.710320
477,mobileOG_000370402|s071|WP_016929682.1|replication/recombination/repair|NA|Plasmid RefSeq|Homology,NODE_15_length_119878_cov_68.710320_76 # 78612 # 79295 # -1 # ID=15_76;partial=00;start_type=ATG;rbs_motif=GGAGG;rbs_spacer=5-10bp;gc_cont=0.567,99.1,442,227,6.82e-159,228,1,227,1,227,mobileOG_000370402,s071,WP_016929682.1,replication/recombination/repair,NA,Plasmid RefSeq,Homology,NODE_15_length_119878_cov_68.710320_76, 78612 # 79295 # -1 , 78612,79295,-1 ,15_76,15,76,00,ATG,GGAGG,5-10bp,0.567,NODE_15_length_119878_cov_68.710320,mobileOG_000370402_NODE_15_length_119878_cov_68.710320
478,mobileOG_000026435|dut|A0A2S4X4S0|transfer|regulation|Plasmid RefSeq|Manual,NODE_15_length_119878_cov_68.710320_78 # 80674 # 81132 # 1 # ID=15_78;partial=00;start_type=ATG;rbs_motif=3Base/5BMM;rbs_spacer=13-15bp;gc_cont=0.643,99.3,303,152,1.24e-106,153,1,152,1,152,mobileOG_000026435,dut,A0A2S4X4S0,transfer,regulation,Plasmid RefSeq,Manual,NODE_15_length_119878_cov_68.710320_78, 80674 # 81132 # 1 , 80674,81132,1 ,15_78,15,78,00,ATG,3Base/5BMM,13-15bp,0.643,NODE_15_length_119878_cov_68.710320,mobileOG_000026435_NODE_15_length_119878_cov_68.710320
479,mobileOG_000365573|dut|WP_033652257.1|transfer|regulation|Plasmid RefSeq|Homology,NODE_15_length_119878_cov_68.710320_78 # 80674 # 81132 # 1 # ID=15_78;partial=00;start_type=ATG;rbs_motif=3Base/5BMM;rbs_spacer=13-15bp;gc_cont=0.643,98.7,300,152,2.93e-105,153,1,152,1,152,mobileOG_000365573,dut,WP_033652257.1,transfer,regulation,Plasmid RefSeq,Homology,NODE_15_length_119878_cov_68.710320_78, 80674 # 81132 # 1 , 80674,81132,1 ,15_78,15,78,00,ATG,3Base/5BMM,13-15bp,0.643,NODE_15_length_119878_cov_68.710320,mobileOG_000365573_NODE_15_length_119878_cov_68.710320
480,mobileOG_000289045|dut|A0A0J4XIE0|transfer|regulation|Plasmid RefSeq|Homology,NODE_15_length_119878_cov_68.710320_78 # 80674 # 81132 # 1 # ID=15_78;partial=00;start_type=ATG;rbs_motif=3Base/5BMM;rbs_spacer=13-15bp;gc_cont=0.643,92.1,280,152,3.54e-97,153,1,151,1,151,mobileOG_000289045,dut,A0A0J4XIE0,transfer,regulation,Plasmid RefSeq,Homology,NODE_15_length_119878_cov_68.710320_78, 80674 # 81132 # 1 , 80674,81132,1 ,15_78,15,78,00,ATG,3Base/5BMM,13-15bp,0.643,NODE_15_length_119878_cov_68.710320,mobileOG_000289045_NODE_15_length_119878_cov_68.710320
481,mobileOG_000367080|dut|A0A0P8IT48|transfer|regulation|Plasmid RefSeq|Homology,NODE_15_length_119878_cov_68.710320_78 # 80674 # 81132 # 1 # ID=15_78;partial=00;start_type=ATG;rbs_motif=3Base/5BMM;rbs_spacer=13-15bp;gc_cont=0.643,90.1,276,152,1.18e-95,153,1,151,1,151,mobileOG_000367080,dut,A0A0P8IT48,transfer,regulation,Plasmid RefSeq,Homology,NODE_15_length_119878_cov_68.710320_78, 80674 # 81132 # 1 , 80674,81132,1 ,15_78,15,78,00,ATG,3Base/5BMM,13-15bp,0.643,NODE_15_length_119878_cov_68.710320,mobileOG_000367080_NODE_15_length_119878_cov_68.710320
482,mobileOG_000368541|rph|WP_025160305.1|replication/recombination/repair|NA|Plasmid RefSeq|Homology,NODE_15_length_119878_cov_68.710320_81 # 82750 # 83466 # -1 # ID=15_81;partial=00;start_type=ATG;rbs_motif=GGAG/GAGG;rbs_spacer=5-10bp;gc_cont=0.629,99.6,458,238,6.27e-165,239,1,238,1,238,mobileOG_000368541,rph,WP_025160305.1,replication/recombination/repair,NA,Plasmid RefSeq,Homology,NODE_15_length_119878_cov_68.710320_81, 82750 # 83466 # -1 , 82750,83466,-1 ,15_81,15,81,00,ATG,GGAG/GAGG,5-10bp,0.629,NODE_15_length_119878_cov_68.710320,mobileOG_000368541_NODE_15_length_119878_cov_68.710320
483,mobileOG_000282638|recG|WP_042785598.1|replication/recombination/repair|NA|Plasmid RefSeq|Homology,NODE_15_length_119878_cov_68.710320_91 # 91797 # 93878 # 1 # ID=15_91;partial=00;start_type=ATG;rbs_motif=3Base/5BMM;rbs_spacer=13-15bp;gc_cont=0.655,99.6,1334,693,0.0,694,1,693,1,693,mobileOG_000282638,recG,WP_042785598.1,replication/recombination/repair,NA,Plasmid RefSeq,Homology,NODE_15_length_119878_cov_68.710320_91, 91797 # 93878 # 1 , 91797,93878,1 ,15_91,15,91,00,ATG,3Base/5BMM,13-15bp,0.655,NODE_15_length_119878_cov_68.710320,mobileOG_000282638_NODE_15_length_119878_cov_68.710320
484,mobileOG_000282640|recG|WP_043148432.1|replication/recombination/repair|NA|Plasmid RefSeq|Homology,NODE_15_length_119878_cov_68.710320_91 # 91797 # 93878 # 1 # ID=15_91;partial=00;start_type=ATG;rbs_motif=3Base/5BMM;rbs_spacer=13-15bp;gc_cont=0.655,99.3,1331,693,0.0,694,1,693,1,693,mobileOG_000282640,recG,WP_043148432.1,replication/recombination/repair,NA,Plasmid RefSeq,Homology,NODE_15_length_119878_cov_68.710320_91, 91797 # 93878 # 1 , 91797,93878,1 ,15_91,15,91,00,ATG,3Base/5BMM,13-15bp,0.655,NODE_15_length_119878_cov_68.710320,mobileOG_000282640_NODE_15_length_119878_cov_68.710320
485,mobileOG_000324978|polA|WP_033652267.1|replication/recombination/repair|NA|Plasmid RefSeq|Homology,NODE_15_length_119878_cov_68.710320_108 # 112243 # 115041 # -1 # ID=15_108;partial=00;start_type=ATG;rbs_motif=None;rbs_spacer=None;gc_cont=0.619,99.1,1787,932,0.0,933,1,932,1,932,mobileOG_000324978,polA,WP_033652267.1,replication/recombination/repair,NA,Plasmid RefSeq,Homology,NODE_15_length_119878_cov_68.710320_108, 112243 # 115041 # -1 , 112243,115041,-1 ,15_108,15,108,00,ATG,None,None,0.619,NODE_15_length_119878_cov_68.710320,mobileOG_000324978_NODE_15_length_119878_cov_68.710320
486,mobileOG_000330441|polA|WP_033649753.1|replication/recombination/repair|NA|Plasmid RefSeq|Homology,NODE_15_length_119878_cov_68.710320_108 # 112243 # 115041 # -1 # ID=15_108;partial=00;start_type=ATG;rbs_motif=None;rbs_spacer=None;gc_cont=0.619,98.7,1776,933,0.0,933,1,933,1,932,mobileOG_000330441,polA,WP_033649753.1,replication/recombination/repair,NA,Plasmid RefSeq,Homology,NODE_15_length_119878_cov_68.710320_108, 112243 # 115041 # -1 , 112243,115041,-1 ,15_108,15,108,00,ATG,None,None,0.619,NODE_15_length_119878_cov_68.710320,mobileOG_000330441_NODE_15_length_119878_cov_68.710320
487,mobileOG_000739974|NA:Keyword|WP_004936539.1|stability/transfer/defense|NA|Plasmid RefSeq|Keyword Search,NODE_17_length_100641_cov_48.015184_17 # 15783 # 15992 # 1 # ID=17_17;partial=00;start_type=ATG;rbs_motif=GGA/GAG/AGG;rbs_spacer=5-10bp;gc_cont=0.514,100,131,69,4.44e-41,70,1,69,1,69,mobileOG_000739974,NA:Keyword,WP_004936539.1,stability/transfer/defense,NA,Plasmid RefSeq,Keyword Search,NODE_17_length_100641_cov_48.015184_17, 15783 # 15992 # 1 , 15783,15992,1 ,17_17,17,17,00,ATG,GGA/GAG/AGG,5-10bp,0.514,NODE_17_length_100641_cov_48.015184,mobileOG_000739974_NODE_17_length_100641_cov_48.015184
488,mobileOG_000330260|ligA|WP_033654989.1|replication/recombination/repair|NA|Plasmid RefSeq|Homology,NODE_17_length_100641_cov_48.015184_46 # 44587 # 46608 # 1 # ID=17_46;partial=00;start_type=ATG;rbs_motif=None;rbs_spacer=None;gc_cont=0.646,99.3,1286,673,0.0,674,1,673,1,673,mobileOG_000330260,ligA,WP_033654989.1,replication/recombination/repair,NA,Plasmid RefSeq,Homology,NODE_17_length_100641_cov_48.015184_46, 44587 # 46608 # 1 , 44587,46608,1 ,17_46,17,46,00,ATG,None,None,0.646,NODE_17_length_100641_cov_48.015184,mobileOG_000330260_NODE_17_length_100641_cov_48.015184
489,mobileOG_000327452|ligA|WP_101453266.1|replication/recombination/repair|NA|Plasmid RefSeq|Homology,NODE_17_length_100641_cov_48.015184_46 # 44587 # 46608 # 1 # ID=17_46;partial=00;start_type=ATG;rbs_motif=None;rbs_spacer=None;gc_cont=0.646,99.1,1283,673,0.0,674,1,673,1,673,mobileOG_000327452,ligA,WP_101453266.1,replication/recombination/repair,NA,Plasmid RefSeq,Homology,NODE_17_length_100641_cov_48.015184_46, 44587 # 46608 # 1 , 44587,46608,1 ,17_46,17,46,00,ATG,None,None,0.646,NODE_17_length_100641_cov_48.015184,mobileOG_000327452_NODE_17_length_100641_cov_48.015184
490,mobileOG_000555868|NA:Keyword|WP_033648105.1|stability/transfer/defense|NA|GPD|Keyword Search,NODE_17_length_100641_cov_48.015184_83 # 87010 # 87447 # -1 # ID=17_83;partial=00;start_type=ATG;rbs_motif=GGA/GAG/AGG;rbs_spacer=5-10bp;gc_cont=0.598,98.6,285,145,1.53e-99,146,1,145,1,145,mobileOG_000555868,NA:Keyword,WP_033648105.1,stability/transfer/defense,NA,GPD,Keyword Search,NODE_17_length_100641_cov_48.015184_83, 87010 # 87447 # -1 , 87010,87447,-1 ,17_83,17,83,00,ATG,GGA/GAG/AGG,5-10bp,0.598,NODE_17_length_100641_cov_48.015184,mobileOG_000555868_NODE_17_length_100641_cov_48.015184
491,mobileOG_000748214|NA:Keyword|WP_033648105.1|stability/transfer/defense|NA|Plasmid RefSeq|Keyword Search,NODE_17_length_100641_cov_48.015184_83 # 87010 # 87447 # -1 # ID=17_83;partial=00;start_type=ATG;rbs_motif=GGA/GAG/AGG;rbs_spacer=5-10bp;gc_cont=0.598,98.6,284,145,3.09e-99,146,1,145,1,145,mobileOG_000748214,NA:Keyword,WP_033648105.1,stability/transfer/defense,NA,Plasmid RefSeq,Keyword Search,NODE_17_length_100641_cov_48.015184_83, 87010 # 87447 # -1 , 87010,87447,-1 ,17_83,17,83,00,ATG,GGA/GAG/AGG,5-10bp,0.598,NODE_17_length_100641_cov_48.015184,mobileOG_000748214_NODE_17_length_100641_cov_48.015184
492,mobileOG_000354201|xni|WP_033635747.1|replication/recombination/repair|NA|Plasmid RefSeq|Homology,NODE_18_length_68986_cov_54.964054_9 # 7274 # 8032 # -1 # ID=18_9;partial=00;start_type=ATG;rbs_motif=None;rbs_spacer=None;gc_cont=0.648,96.8,489,252,1.17e-176,253,1,251,1,251,mobileOG_000354201,xni,WP_033635747.1,replication/recombination/repair,NA,Plasmid RefSeq,Homology,NODE_18_length_68986_cov_54.964054_9, 7274 # 8032 # -1 , 7274,8032,-1 ,18_9,18,9,00,ATG,None,None,0.648,NODE_18_length_68986_cov_54.964054,mobileOG_000354201_NODE_18_length_68986_cov_54.964054
493,mobileOG_000330119|bamA|WP_033635736.1|transfer|phage receptor|Plasmid RefSeq|Homology,NODE_18_length_68986_cov_54.964054_31 # 36520 # 38946 # 1 # ID=18_31;partial=00;start_type=ATG;rbs_motif=None;rbs_spacer=None;gc_cont=0.576,99.5,1610,808,0.0,809,1,808,1,808,mobileOG_000330119,bamA,WP_033635736.1,transfer,phage receptor,Plasmid RefSeq,Homology,NODE_18_length_68986_cov_54.964054_31, 36520 # 38946 # 1 , 36520,38946,1 ,18_31,18,31,00,ATG,None,None,0.576,NODE_18_length_68986_cov_54.964054,mobileOG_000330119_NODE_18_length_68986_cov_54.964054
494,mobileOG_000319969|rnhB|WP_049195379.1|replication/recombination/repair|NA|Plasmid RefSeq|Homology,NODE_18_length_68986_cov_54.964054_37 # 43183 # 43776 # 1 # ID=18_37;partial=00;start_type=ATG;rbs_motif=AGGA/GGAG/GAGG;rbs_spacer=11-12bp;gc_cont=0.646,99.0,378,197,1.40e-134,198,1,197,1,197,mobileOG_000319969,rnhB,WP_049195379.1,replication/recombination/repair,NA,Plasmid RefSeq,Homology,NODE_18_length_68986_cov_54.964054_37, 43183 # 43776 # 1 , 43183,43776,1 ,18_37,18,37,00,ATG,AGGA/GGAG/GAGG,11-12bp,0.646,NODE_18_length_68986_cov_54.964054,mobileOG_000319969_NODE_18_length_68986_cov_54.964054
495,mobileOG_000328298|dnaE|WP_048321892.1|replication/recombination/repair|NA|Plasmid RefSeq|Homology,NODE_18_length_68986_cov_54.964054_38 # 43854 # 47342 # 1 # ID=18_38;partial=00;start_type=ATG;rbs_motif=GGA/GAG/AGG;rbs_spacer=5-10bp;gc_cont=0.600,99.7,2306,1162,0.0,1163,1,1162,1,1162,mobileOG_000328298,dnaE,WP_048321892.1,replication/recombination/repair,NA,Plasmid RefSeq,Homology,NODE_18_length_68986_cov_54.964054_38, 43854 # 47342 # 1 , 43854,47342,1 ,18_38,18,38,00,ATG,GGA/GAG/AGG,5-10bp,0.600,NODE_18_length_68986_cov_54.964054,mobileOG_000328298_NODE_18_length_68986_cov_54.964054
496,mobileOG_000334577|dnaE|WP_004177353.1|replication/recombination/repair|NA|Plasmid RefSeq|Homology,NODE_18_length_68986_cov_54.964054_38 # 43854 # 47342 # 1 # ID=18_38;partial=00;start_type=ATG;rbs_motif=GGA/GAG/AGG;rbs_spacer=5-10bp;gc_cont=0.600,90.1,2113,1160,0.0,1163,1,1160,1,1162,mobileOG_000334577,dnaE,WP_004177353.1,replication/recombination/repair,NA,Plasmid RefSeq,Homology,NODE_18_length_68986_cov_54.964054_38, 43854 # 47342 # 1 , 43854,47342,1 ,18_38,18,38,00,ATG,GGA/GAG/AGG,5-10bp,0.600,NODE_18_length_68986_cov_54.964054,mobileOG_000334577_NODE_18_length_68986_cov_54.964054
497,mobileOG_000351518|lamB|WP_129993804.1|transfer|phage receptor|Plasmid RefSeq|Homology,NODE_19_length_66638_cov_62.261009_32 # 45183 # 46472 # 1 # ID=19_32;partial=00;start_type=ATG;rbs_motif=AGGAG;rbs_spacer=5-10bp;gc_cont=0.603,99.8,897,430,0.0,430,2,430,1,429,mobileOG_000351518,lamB,WP_129993804.1,transfer,phage receptor,Plasmid RefSeq,Homology,NODE_19_length_66638_cov_62.261009_32, 45183 # 46472 # 1 , 45183,46472,1 ,19_32,19,32,00,ATG,AGGAG,5-10bp,0.603,NODE_19_length_66638_cov_62.261009,mobileOG_000351518_NODE_19_length_66638_cov_62.261009
498,mobileOG_000318999|lamB|WP_133160409.1|transfer|phage receptor|Plasmid RefSeq|Homology,NODE_19_length_66638_cov_62.261009_32 # 45183 # 46472 # 1 # ID=19_32;partial=00;start_type=ATG;rbs_motif=AGGAG;rbs_spacer=5-10bp;gc_cont=0.603,99.3,894,430,0.0,430,2,430,1,429,mobileOG_000318999,lamB,WP_133160409.1,transfer,phage receptor,Plasmid RefSeq,Homology,NODE_19_length_66638_cov_62.261009_32, 45183 # 46472 # 1 , 45183,46472,1 ,19_32,19,32,00,ATG,AGGAG,5-10bp,0.603,NODE_19_length_66638_cov_62.261009,mobileOG_000318999_NODE_19_length_66638_cov_62.261009
499,"mobileOG_000368540|lexA|WP_025160136.1|phage|infection,regulation|Plasmid RefSeq|Homology",NODE_19_length_66638_cov_62.261009_41 # 55895 # 56503 # 1 # ID=19_41;partial=00;start_type=ATG;rbs_motif=AGxAGG/AGGxGG;rbs_spacer=3-4bp;gc_cont=0.596,99.5,394,202,8.08e-141,203,1,202,1,202,mobileOG_000368540,lexA,WP_025160136.1,phage,"infection,regulation",Plasmid RefSeq,Homology,NODE_19_length_66638_cov_62.261009_41, 55895 # 56503 # 1 , 55895,56503,1 ,19_41,19,41,00,ATG,AGxAGG/AGGxGG,3-4bp,0.596,NODE_19_length_66638_cov_62.261009,mobileOG_000368540_NODE_19_length_66638_cov_62.261009
500,"mobileOG_000336507|lexA|WP_000646078.1|phage|infection,regulation|Multiple|Homology",NODE_19_length_66638_cov_62.261009_41 # 55895 # 56503 # 1 # ID=19_41;partial=00;start_type=ATG;rbs_motif=AGxAGG/AGGxGG;rbs_spacer=3-4bp;gc_cont=0.596,91.6,369,202,9.33e-131,203,1,202,1,202,mobileOG_000336507,lexA,WP_000646078.1,phage,"infection,regulation",Multiple,Homology,NODE_19_length_66638_cov_62.261009_41, 55895 # 56503 # 1 , 55895,56503,1 ,19_41,19,41,00,ATG,AGxAGG/AGGxGG,3-4bp,0.596,NODE_19_length_66638_cov_62.261009,mobileOG_000336507_NODE_19_length_66638_cov_62.261009
501,"mobileOG_000289013|lexA|WP_004206291.1|phage|infection,regulation|Plasmid RefSeq|Homology",NODE_19_length_66638_cov_62.261009_41 # 55895 # 56503 # 1 # ID=19_41;partial=00;start_type=ATG;rbs_motif=AGxAGG/AGGxGG;rbs_spacer=3-4bp;gc_cont=0.596,91.6,367,202,3.80e-130,203,1,202,1,202,mobileOG_000289013,lexA,WP_004206291.1,phage,"infection,regulation",Plasmid RefSeq,Homology,NODE_19_length_66638_cov_62.261009_41, 55895 # 56503 # 1 , 55895,56503,1 ,19_41,19,41,00,ATG,AGxAGG/AGGxGG,3-4bp,0.596,NODE_19_length_66638_cov_62.261009,mobileOG_000289013_NODE_19_length_66638_cov_62.261009
502,"mobileOG_000334793|lexA|WP_002884822.1|phage|infection,regulation|Plasmid RefSeq|Homology",NODE_19_length_66638_cov_62.261009_41 # 55895 # 56503 # 1 # ID=19_41;partial=00;start_type=ATG;rbs_motif=AGxAGG/AGGxGG;rbs_spacer=3-4bp;gc_cont=0.596,91.1,367,202,5.39e-130,203,1,202,1,202,mobileOG_000334793,lexA,WP_002884822.1,phage,"infection,regulation",Plasmid RefSeq,Homology,NODE_19_length_66638_cov_62.261009_41, 55895 # 56503 # 1 , 55895,56503,1 ,19_41,19,41,00,ATG,AGxAGG/AGGxGG,3-4bp,0.596,NODE_19_length_66638_cov_62.261009,mobileOG_000334793_NODE_19_length_66638_cov_62.261009
503,"mobileOG_000014656|lexA|A0A0D7LJ22|phage|infection,regulation|GPD|Manual",NODE_19_length_66638_cov_62.261009_41 # 55895 # 56503 # 1 # ID=19_41;partial=00;start_type=ATG;rbs_motif=AGxAGG/AGGxGG;rbs_spacer=3-4bp;gc_cont=0.596,90.1,365,202,2.20e-129,203,1,202,1,202,mobileOG_000014656,lexA,A0A0D7LJ22,phage,"infection,regulation",GPD,Manual,NODE_19_length_66638_cov_62.261009_41, 55895 # 56503 # 1 , 55895,56503,1 ,19_41,19,41,00,ATG,AGxAGG/AGGxGG,3-4bp,0.596,NODE_19_length_66638_cov_62.261009,mobileOG_000014656_NODE_19_length_66638_cov_62.261009
504,mobileOG_000368539|dnaB|WP_025160134.1|replication/recombination/repair|NA|Plasmid RefSeq|Homology,NODE_19_length_66638_cov_62.261009_51 # 64137 # 65492 # 1 # ID=19_51;partial=00;start_type=ATG;rbs_motif=GGA/GAG/AGG;rbs_spacer=5-10bp;gc_cont=0.615,100,871,474,0.0,452,24,474,1,451,mobileOG_000368539,dnaB,WP_025160134.1,replication/recombination/repair,NA,Plasmid RefSeq,Homology,NODE_19_length_66638_cov_62.261009_51, 64137 # 65492 # 1 , 64137,65492,1 ,19_51,19,51,00,ATG,GGA/GAG/AGG,5-10bp,0.615,NODE_19_length_66638_cov_62.261009,mobileOG_000368539_NODE_19_length_66638_cov_62.261009
505,mobileOG_000365516|nei|WP_101453420.1|replication/recombination/repair|NA|Plasmid RefSeq|Homology,NODE_20_length_52581_cov_51.442919_8 # 9707 # 10498 # -1 # ID=20_8;partial=00;start_type=ATG;rbs_motif=AGGAG;rbs_spacer=5-10bp;gc_cont=0.648,97.0,518,263,7.11e-188,264,1,263,1,263,mobileOG_000365516,nei,WP_101453420.1,replication/recombination/repair,NA,Plasmid RefSeq,Homology,NODE_20_length_52581_cov_51.442919_8, 9707 # 10498 # -1 , 9707,10498,-1 ,20_8,20,8,00,ATG,AGGAG,5-10bp,0.648,NODE_20_length_52581_cov_51.442919,mobileOG_000365516_NODE_20_length_52581_cov_51.442919
506,mobileOG_000365502|nei|WP_033647160.1|replication/recombination/repair|NA|Plasmid RefSeq|Homology,NODE_20_length_52581_cov_51.442919_8 # 9707 # 10498 # -1 # ID=20_8;partial=00;start_type=ATG;rbs_motif=AGGAG;rbs_spacer=5-10bp;gc_cont=0.648,96.2,516,263,4.11e-187,264,1,263,1,263,mobileOG_000365502,nei,WP_033647160.1,replication/recombination/repair,NA,Plasmid RefSeq,Homology,NODE_20_length_52581_cov_51.442919_8, 9707 # 10498 # -1 , 9707,10498,-1 ,20_8,20,8,00,ATG,AGGAG,5-10bp,0.648,NODE_20_length_52581_cov_51.442919,mobileOG_000365502_NODE_20_length_52581_cov_51.442919
507,mobileOG_000328592|seqA|WP_033651164.1|replication/recombination/repair|NA|Plasmid RefSeq|Homology,NODE_20_length_52581_cov_51.442919_29 # 31255 # 31797 # -1 # ID=20_29;partial=00;start_type=ATG;rbs_motif=GGA/GAG/AGG;rbs_spacer=5-10bp;gc_cont=0.599,98.3,338,180,1.37e-119,181,1,180,1,180,mobileOG_000328592,seqA,WP_033651164.1,replication/recombination/repair,NA,Plasmid RefSeq,Homology,NODE_20_length_52581_cov_51.442919_29, 31255 # 31797 # -1 , 31255,31797,-1 ,20_29,20,29,00,ATG,GGA/GAG/AGG,5-10bp,0.599,NODE_20_length_52581_cov_51.442919,mobileOG_000328592_NODE_20_length_52581_cov_51.442919
508,mobileOG_000328591|seqA|WP_033637454.1|replication/recombination/repair|NA|Plasmid RefSeq|Homology,NODE_20_length_52581_cov_51.442919_29 # 31255 # 31797 # -1 # ID=20_29;partial=00;start_type=ATG;rbs_motif=GGA/GAG/AGG;rbs_spacer=5-10bp;gc_cont=0.599,97.8,338,180,1.94e-119,181,1,180,1,180,mobileOG_000328591,seqA,WP_033637454.1,replication/recombination/repair,NA,Plasmid RefSeq,Homology,NODE_20_length_52581_cov_51.442919_29, 31255 # 31797 # -1 , 31255,31797,-1 ,20_29,20,29,00,ATG,GGA/GAG/AGG,5-10bp,0.599,NODE_20_length_52581_cov_51.442919,mobileOG_000328591_NODE_20_length_52581_cov_51.442919
509,mobileOG_000323577|comM|WP_101427545.1|transfer|competence|Plasmid RefSeq|Homology,NODE_22_length_33676_cov_66.861514_3 # 1783 # 3306 # -1 # ID=22_3;partial=00;start_type=ATG;rbs_motif=AGGAG;rbs_spacer=5-10bp;gc_cont=0.631,97.8,943,507,0.0,508,1,507,1,507,mobileOG_000323577,comM,WP_101427545.1,transfer,competence,Plasmid RefSeq,Homology,NODE_22_length_33676_cov_66.861514_3, 1783 # 3306 # -1 , 1783,3306,-1 ,22_3,22,3,00,ATG,AGGAG,5-10bp,0.631,NODE_22_length_33676_cov_66.861514,mobileOG_000323577_NODE_22_length_33676_cov_66.861514
510,mobileOG_000323580|comM|WP_033649962.1|transfer|competence|Plasmid RefSeq|Homology,NODE_22_length_33676_cov_66.861514_3 # 1783 # 3306 # -1 # ID=22_3;partial=00;start_type=ATG;rbs_motif=AGGAG;rbs_spacer=5-10bp;gc_cont=0.631,97.4,942,507,0.0,508,1,507,1,507,mobileOG_000323580,comM,WP_033649962.1,transfer,competence,Plasmid RefSeq,Homology,NODE_22_length_33676_cov_66.861514_3, 1783 # 3306 # -1 , 1783,3306,-1 ,22_3,22,3,00,ATG,AGGAG,5-10bp,0.631,NODE_22_length_33676_cov_66.861514,mobileOG_000323580_NODE_22_length_33676_cov_66.861514
511,mobileOG_000351512|comM|WP_101452725.1|transfer|competence|Plasmid RefSeq|Homology,NODE_22_length_33676_cov_66.861514_3 # 1783 # 3306 # -1 # ID=22_3;partial=00;start_type=ATG;rbs_motif=AGGAG;rbs_spacer=5-10bp;gc_cont=0.631,94.3,912,507,0.0,508,1,507,1,507,mobileOG_000351512,comM,WP_101452725.1,transfer,competence,Plasmid RefSeq,Homology,NODE_22_length_33676_cov_66.861514_3, 1783 # 3306 # -1 , 1783,3306,-1 ,22_3,22,3,00,ATG,AGGAG,5-10bp,0.631,NODE_22_length_33676_cov_66.861514,mobileOG_000351512_NODE_22_length_33676_cov_66.861514
512,mobileOG_000026494|hupA|P52680|replication/recombination/repair|integration/excision|Plasmid RefSeq|Manual,NODE_23_length_30505_cov_66.392040_4 # 4135 # 4407 # -1 # ID=23_4;partial=00;start_type=ATG;rbs_motif=AGGA;rbs_spacer=5-10bp;gc_cont=0.480,100,170,90,1.08e-55,91,1,90,1,90,mobileOG_000026494,hupA,P52680,replication/recombination/repair,integration/excision,Plasmid RefSeq,Manual,NODE_23_length_30505_cov_66.392040_4, 4135 # 4407 # -1 , 4135,4407,-1 ,23_4,23,4,00,ATG,AGGA,5-10bp,0.480,NODE_23_length_30505_cov_66.392040,mobileOG_000026494_NODE_23_length_30505_cov_66.392040
513,mobileOG_000336646|hup|WP_012004757.1|replication/recombination/repair|integration/excision|Multiple|Homology,NODE_23_length_30505_cov_66.392040_4 # 4135 # 4407 # -1 # ID=23_4;partial=00;start_type=ATG;rbs_motif=AGGA;rbs_spacer=5-10bp;gc_cont=0.480,98.9,169,90,3.10e-55,91,1,90,1,90,mobileOG_000336646,hup,WP_012004757.1,replication/recombination/repair,integration/excision,Multiple,Homology,NODE_23_length_30505_cov_66.392040_4, 4135 # 4407 # -1 , 4135,4407,-1 ,23_4,23,4,00,ATG,AGGA,5-10bp,0.480,NODE_23_length_30505_cov_66.392040,mobileOG_000336646_NODE_23_length_30505_cov_66.392040
514,mobileOG_000353252|hup|WP_002884342.1|replication/recombination/repair|integration/excision|Plasmid RefSeq|Homology,NODE_23_length_30505_cov_66.392040_4 # 4135 # 4407 # -1 # ID=23_4;partial=00;start_type=ATG;rbs_motif=AGGA;rbs_spacer=5-10bp;gc_cont=0.480,97.8,167,90,1.80e-54,91,1,90,1,90,mobileOG_000353252,hup,WP_002884342.1,replication/recombination/repair,integration/excision,Plasmid RefSeq,Homology,NODE_23_length_30505_cov_66.392040_4, 4135 # 4407 # -1 , 4135,4407,-1 ,23_4,23,4,00,ATG,AGGA,5-10bp,0.480,NODE_23_length_30505_cov_66.392040,mobileOG_000353252_NODE_23_length_30505_cov_66.392040
515,mobileOG_000296220|hup|WP_002445246.1|replication/recombination/repair|integration/excision|Plasmid RefSeq|Homology,NODE_23_length_30505_cov_66.392040_4 # 4135 # 4407 # -1 # ID=23_4;partial=00;start_type=ATG;rbs_motif=AGGA;rbs_spacer=5-10bp;gc_cont=0.480,96.7,165,90,7.33e-54,91,1,90,1,90,mobileOG_000296220,hup,WP_002445246.1,replication/recombination/repair,integration/excision,Plasmid RefSeq,Homology,NODE_23_length_30505_cov_66.392040_4, 4135 # 4407 # -1 , 4135,4407,-1 ,23_4,23,4,00,ATG,AGGA,5-10bp,0.480,NODE_23_length_30505_cov_66.392040,mobileOG_000296220_NODE_23_length_30505_cov_66.392040
516,mobileOG_000024621|hupA|EBB54032.1|replication/recombination/repair|integration/excision|Plasmid RefSeq|Manual,NODE_23_length_30505_cov_66.392040_4 # 4135 # 4407 # -1 # ID=23_4;partial=00;start_type=ATG;rbs_motif=AGGA;rbs_spacer=5-10bp;gc_cont=0.480,95.6,164,90,2.99e-53,91,1,90,1,90,mobileOG_000024621,hupA,EBB54032.1,replication/recombination/repair,integration/excision,Plasmid RefSeq,Manual,NODE_23_length_30505_cov_66.392040_4, 4135 # 4407 # -1 , 4135,4407,-1 ,23_4,23,4,00,ATG,AGGA,5-10bp,0.480,NODE_23_length_30505_cov_66.392040,mobileOG_000024621_NODE_23_length_30505_cov_66.392040
517,mobileOG_000351839|hup|WP_002210689.1|replication/recombination/repair|integration/excision|Plasmid RefSeq|Homology,NODE_23_length_30505_cov_66.392040_4 # 4135 # 4407 # -1 # ID=23_4;partial=00;start_type=ATG;rbs_motif=AGGA;rbs_spacer=5-10bp;gc_cont=0.480,95.6,163,91,4.38e-53,91,1,90,1,90,mobileOG_000351839,hup,WP_002210689.1,replication/recombination/repair,integration/excision,Plasmid RefSeq,Homology,NODE_23_length_30505_cov_66.392040_4, 4135 # 4407 # -1 , 4135,4407,-1 ,23_4,23,4,00,ATG,AGGA,5-10bp,0.480,NODE_23_length_30505_cov_66.392040,mobileOG_000351839_NODE_23_length_30505_cov_66.392040
518,mobileOG_000025522|hupA|WP_001044513.1|replication/recombination/repair|integration/excision|Plasmid RefSeq|Manual,NODE_23_length_30505_cov_66.392040_4 # 4135 # 4407 # -1 # ID=23_4;partial=00;start_type=ATG;rbs_motif=AGGA;rbs_spacer=5-10bp;gc_cont=0.480,94.4,162,90,1.22e-52,91,1,90,1,90,mobileOG_000025522,hupA,WP_001044513.1,replication/recombination/repair,integration/excision,Plasmid RefSeq,Manual,NODE_23_length_30505_cov_66.392040_4, 4135 # 4407 # -1 , 4135,4407,-1 ,23_4,23,4,00,ATG,AGGA,5-10bp,0.480,NODE_23_length_30505_cov_66.392040,mobileOG_000025522_NODE_23_length_30505_cov_66.392040
519,mobileOG_000332654|hup|WP_004242271.1|replication/recombination/repair|integration/excision|Plasmid RefSeq|Homology,NODE_23_length_30505_cov_66.392040_4 # 4135 # 4407 # -1 # ID=23_4;partial=00;start_type=ATG;rbs_motif=AGGA;rbs_spacer=5-10bp;gc_cont=0.480,90.0,157,90,1.17e-50,91,1,90,1,90,mobileOG_000332654,hup,WP_004242271.1,replication/recombination/repair,integration/excision,Plasmid RefSeq,Homology,NODE_23_length_30505_cov_66.392040_4, 4135 # 4407 # -1 , 4135,4407,-1 ,23_4,23,4,00,ATG,AGGA,5-10bp,0.480,NODE_23_length_30505_cov_66.392040,mobileOG_000332654_NODE_23_length_30505_cov_66.392040
520,mobileOG_000368557|nfi|WP_033655325.1|replication/recombination/repair|NA|Plasmid RefSeq|Homology,NODE_23_length_30505_cov_66.392040_6 # 5236 # 5922 # -1 # ID=23_6;partial=00;start_type=GTG;rbs_motif=AGGA;rbs_spacer=5-10bp;gc_cont=0.680,98.2,459,228,1.44e-165,229,1,228,1,228,mobileOG_000368557,nfi,WP_033655325.1,replication/recombination/repair,NA,Plasmid RefSeq,Homology,NODE_23_length_30505_cov_66.392040_6, 5236 # 5922 # -1 , 5236,5922,-1 ,23_6,23,6,00,GTG,AGGA,5-10bp,0.680,NODE_23_length_30505_cov_66.392040,mobileOG_000368557_NODE_23_length_30505_cov_66.392040
521,mobileOG_000365459|nfi|WP_020828728.1|replication/recombination/repair|NA|Multiple|Homology,NODE_23_length_30505_cov_66.392040_6 # 5236 # 5922 # -1 # ID=23_6;partial=00;start_type=GTG;rbs_motif=AGGA;rbs_spacer=5-10bp;gc_cont=0.680,91.2,427,228,3.22e-153,229,1,227,1,227,mobileOG_000365459,nfi,WP_020828728.1,replication/recombination/repair,NA,Multiple,Homology,NODE_23_length_30505_cov_66.392040_6, 5236 # 5922 # -1 , 5236,5922,-1 ,23_6,23,6,00,GTG,AGGA,5-10bp,0.680,NODE_23_length_30505_cov_66.392040,mobileOG_000365459_NODE_23_length_30505_cov_66.392040
522,"mobileOG_000329613|nusG|WP_004929914.1|phage|regulation,infection|Plasmid RefSeq|Homology",NODE_23_length_30505_cov_66.392040_27 # 29243 # 29788 # -1 # ID=23_27;partial=00;start_type=ATG;rbs_motif=GGAG/GAGG;rbs_spacer=5-10bp;gc_cont=0.566,100,364,181,8.97e-130,182,1,181,1,181,mobileOG_000329613,nusG,WP_004929914.1,phage,"regulation,infection",Plasmid RefSeq,Homology,NODE_23_length_30505_cov_66.392040_27, 29243 # 29788 # -1 , 29243,29788,-1 ,23_27,23,27,00,ATG,GGAG/GAGG,5-10bp,0.566,NODE_23_length_30505_cov_66.392040,mobileOG_000329613_NODE_23_length_30505_cov_66.392040
523,"mobileOG_000331286|nusG|WP_004953928.1|phage|regulation,infection|Multiple|Homology",NODE_23_length_30505_cov_66.392040_27 # 29243 # 29788 # -1 # ID=23_27;partial=00;start_type=ATG;rbs_motif=GGAG/GAGG;rbs_spacer=5-10bp;gc_cont=0.566,99.4,363,181,2.57e-129,182,1,181,1,181,mobileOG_000331286,nusG,WP_004953928.1,phage,"regulation,infection",Multiple,Homology,NODE_23_length_30505_cov_66.392040_27, 29243 # 29788 # -1 , 29243,29788,-1 ,23_27,23,27,00,ATG,GGAG/GAGG,5-10bp,0.566,NODE_23_length_30505_cov_66.392040,mobileOG_000331286_NODE_23_length_30505_cov_66.392040
524,"mobileOG_000327581|nusG|WP_002210671.1|phage|regulation,infection|Plasmid RefSeq|Homology",NODE_23_length_30505_cov_66.392040_27 # 29243 # 29788 # -1 # ID=23_27;partial=00;start_type=ATG;rbs_motif=GGAG/GAGG;rbs_spacer=5-10bp;gc_cont=0.566,99.4,362,181,5.19e-129,182,1,181,1,181,mobileOG_000327581,nusG,WP_002210671.1,phage,"regulation,infection",Plasmid RefSeq,Homology,NODE_23_length_30505_cov_66.392040_27, 29243 # 29788 # -1 , 29243,29788,-1 ,23_27,23,27,00,ATG,GGAG/GAGG,5-10bp,0.566,NODE_23_length_30505_cov_66.392040,mobileOG_000327581_NODE_23_length_30505_cov_66.392040
525,"mobileOG_000324948|nusG|WP_001287521.1|phage|regulation,infection|Plasmid RefSeq|Homology",NODE_23_length_30505_cov_66.392040_27 # 29243 # 29788 # -1 # ID=23_27;partial=00;start_type=ATG;rbs_motif=GGAG/GAGG;rbs_spacer=5-10bp;gc_cont=0.566,98.3,357,181,7.08e-127,182,1,180,1,180,mobileOG_000324948,nusG,WP_001287521.1,phage,"regulation,infection",Plasmid RefSeq,Homology,NODE_23_length_30505_cov_66.392040_27, 29243 # 29788 # -1 , 29243,29788,-1 ,23_27,23,27,00,ATG,GGAG/GAGG,5-10bp,0.566,NODE_23_length_30505_cov_66.392040,mobileOG_000324948_NODE_23_length_30505_cov_66.392040
526,"mobileOG_000289012|nusG|WP_003862341.1|phage|regulation,infection|Plasmid RefSeq|Homology",NODE_23_length_30505_cov_66.392040_27 # 29243 # 29788 # -1 # ID=23_27;partial=00;start_type=ATG;rbs_motif=GGAG/GAGG;rbs_spacer=5-10bp;gc_cont=0.566,97.8,356,181,2.03e-126,182,1,180,1,180,mobileOG_000289012,nusG,WP_003862341.1,phage,"regulation,infection",Plasmid RefSeq,Homology,NODE_23_length_30505_cov_66.392040_27, 29243 # 29788 # -1 , 29243,29788,-1 ,23_27,23,27,00,ATG,GGAG/GAGG,5-10bp,0.566,NODE_23_length_30505_cov_66.392040,mobileOG_000289012_NODE_23_length_30505_cov_66.392040
527,"mobileOG_000331278|nusG|WP_001287516.1|phage|regulation,infection|Plasmid RefSeq|Homology",NODE_23_length_30505_cov_66.392040_27 # 29243 # 29788 # -1 # ID=23_27;partial=00;start_type=ATG;rbs_motif=GGAG/GAGG;rbs_spacer=5-10bp;gc_cont=0.566,97.8,356,181,2.03e-126,182,1,180,1,180,mobileOG_000331278,nusG,WP_001287516.1,phage,"regulation,infection",Plasmid RefSeq,Homology,NODE_23_length_30505_cov_66.392040_27, 29243 # 29788 # -1 , 29243,29788,-1 ,23_27,23,27,00,ATG,GGAG/GAGG,5-10bp,0.566,NODE_23_length_30505_cov_66.392040,mobileOG_000331278_NODE_23_length_30505_cov_66.392040
528,"mobileOG_000324956|nusG|WP_007665882.1|phage|regulation,infection|Plasmid RefSeq|Homology",NODE_23_length_30505_cov_66.392040_27 # 29243 # 29788 # -1 # ID=23_27;partial=00;start_type=ATG;rbs_motif=GGAG/GAGG;rbs_spacer=5-10bp;gc_cont=0.566,97.8,355,181,2.89e-126,182,1,180,1,180,mobileOG_000324956,nusG,WP_007665882.1,phage,"regulation,infection",Plasmid RefSeq,Homology,NODE_23_length_30505_cov_66.392040_27, 29243 # 29788 # -1 , 29243,29788,-1 ,23_27,23,27,00,ATG,GGAG/GAGG,5-10bp,0.566,NODE_23_length_30505_cov_66.392040,mobileOG_000324956_NODE_23_length_30505_cov_66.392040
529,"mobileOG_000329873|nusG|WP_127378540.1|phage|regulation,infection|Plasmid RefSeq|Homology",NODE_23_length_30505_cov_66.392040_27 # 29243 # 29788 # -1 # ID=23_27;partial=00;start_type=ATG;rbs_motif=GGAG/GAGG;rbs_spacer=5-10bp;gc_cont=0.566,91.7,338,181,1.48e-119,182,1,180,1,180,mobileOG_000329873,nusG,WP_127378540.1,phage,"regulation,infection",Plasmid RefSeq,Homology,NODE_23_length_30505_cov_66.392040_27, 29243 # 29788 # -1 , 29243,29788,-1 ,23_27,23,27,00,ATG,GGAG/GAGG,5-10bp,0.566,NODE_23_length_30505_cov_66.392040,mobileOG_000329873_NODE_23_length_30505_cov_66.392040
530,mobileOG_000368542|clpB|WP_025301647.1|phage|chaperone|Plasmid RefSeq|Homology,NODE_26_length_22225_cov_58.024291_1 # 250 # 2823 # -1 # ID=26_1;partial=00;start_type=ATG;rbs_motif=GGAGG;rbs_spacer=3-4bp;gc_cont=0.583,99.8,1622,857,0.0,858,1,857,1,857,mobileOG_000368542,clpB,WP_025301647.1,phage,chaperone,Plasmid RefSeq,Homology,NODE_26_length_22225_cov_58.024291_1, 250 # 2823 # -1 , 250,2823,-1 ,26_1,26,1,00,ATG,GGAGG,3-4bp,0.583,NODE_26_length_22225_cov_58.024291,mobileOG_000368542_NODE_26_length_22225_cov_58.024291
531,mobileOG_000341888|rrrD|WP_033650023.1|phage|lysis|Plasmid RefSeq|Homology,NODE_26_length_22225_cov_58.024291_12 # 11595 # 12107 # 1 # ID=26_12;partial=00;start_type=ATG;rbs_motif=GGAGG;rbs_spacer=5-10bp;gc_cont=0.622,91.8,310,171,8.98e-109,171,1,170,1,170,mobileOG_000341888,rrrD,WP_033650023.1,phage,lysis,Plasmid RefSeq,Homology,NODE_26_length_22225_cov_58.024291_12, 11595 # 12107 # 1 , 11595,12107,1 ,26_12,26,12,00,ATG,GGAGG,5-10bp,0.622,NODE_26_length_22225_cov_58.024291,mobileOG_000341888_NODE_26_length_22225_cov_58.024291
532,mobileOG_000049942|tnpA|WP_001697862.1|integration/excision|NA|COMPASS|Homology,NODE_30_length_7989_cov_67.292214_7 # 3725 # 3880 # -1 # ID=30_7;partial=00;start_type=ATG;rbs_motif=None;rbs_spacer=None;gc_cont=0.551,91.7,99.8,221,5.28e-27,52,38,85,4,51,mobileOG_000049942,tnpA,WP_001697862.1,integration/excision,NA,COMPASS,Homology,NODE_30_length_7989_cov_67.292214_7, 3725 # 3880 # -1 , 3725,3880,-1 ,30_7,30,7,00,ATG,None,None,0.551,NODE_30_length_7989_cov_67.292214,mobileOG_000049942_NODE_30_length_7989_cov_67.292214
533,mobileOG_000038483|tnpA|WP_004182009.1|integration/excision|NA|Multiple|Homology,NODE_30_length_7989_cov_67.292214_7 # 3725 # 3880 # -1 # ID=30_7;partial=00;start_type=ATG;rbs_motif=None;rbs_spacer=None;gc_cont=0.551,91.7,98.6,271,4.07e-26,52,170,217,4,51,mobileOG_000038483,tnpA,WP_004182009.1,integration/excision,NA,Multiple,Homology,NODE_30_length_7989_cov_67.292214_7, 3725 # 3880 # -1 , 3725,3880,-1 ,30_7,30,7,00,ATG,None,None,0.551,NODE_30_length_7989_cov_67.292214,mobileOG_000038483_NODE_30_length_7989_cov_67.292214
534,mobileOG_000042909|tnpA|WP_015062620.1|integration/excision|NA|COMPASS|Homology,NODE_30_length_7989_cov_67.292214_7 # 3725 # 3880 # -1 # ID=30_7;partial=00;start_type=ATG;rbs_motif=None;rbs_spacer=None;gc_cont=0.551,95.8,101,535,5.06e-26,52,166,213,4,51,mobileOG_000042909,tnpA,WP_015062620.1,integration/excision,NA,COMPASS,Homology,NODE_30_length_7989_cov_67.292214_7, 3725 # 3880 # -1 , 3725,3880,-1 ,30_7,30,7,00,ATG,None,None,0.551,NODE_30_length_7989_cov_67.292214,mobileOG_000042909_NODE_30_length_7989_cov_67.292214
535,mobileOG_000289183|tnpA|WP_088546684.1|integration/excision|NA|Plasmid RefSeq|Homology,NODE_30_length_7989_cov_67.292214_7 # 3725 # 3880 # -1 # ID=30_7;partial=00;start_type=ATG;rbs_motif=None;rbs_spacer=None;gc_cont=0.551,95.8,101,539,5.12e-26,52,170,217,4,51,mobileOG_000289183,tnpA,WP_088546684.1,integration/excision,NA,Plasmid RefSeq,Homology,NODE_30_length_7989_cov_67.292214_7, 3725 # 3880 # -1 , 3725,3880,-1 ,30_7,30,7,00,ATG,None,None,0.551,NODE_30_length_7989_cov_67.292214,mobileOG_000289183_NODE_30_length_7989_cov_67.292214
536,mobileOG_000340485|tnpA|WP_142816543.1|integration/excision|NA|Plasmid RefSeq|Homology,NODE_30_length_7989_cov_67.292214_7 # 3725 # 3880 # -1 # ID=30_7;partial=00;start_type=ATG;rbs_motif=None;rbs_spacer=None;gc_cont=0.551,95.8,101,539,5.12e-26,52,170,217,4,51,mobileOG_000340485,tnpA,WP_142816543.1,integration/excision,NA,Plasmid RefSeq,Homology,NODE_30_length_7989_cov_67.292214_7, 3725 # 3880 # -1 , 3725,3880,-1 ,30_7,30,7,00,ATG,None,None,0.551,NODE_30_length_7989_cov_67.292214,mobileOG_000340485_NODE_30_length_7989_cov_67.292214
537,mobileOG_000413350|NA:Keyword|WP_071533734.1|integration/excision|NA|COMPASS|Keyword Search,NODE_30_length_7989_cov_67.292214_7 # 3725 # 3880 # -1 # ID=30_7;partial=00;start_type=ATG;rbs_motif=None;rbs_spacer=None;gc_cont=0.551,91.5,96.7,219,7.96e-26,52,170,216,4,50,mobileOG_000413350,NA:Keyword,WP_071533734.1,integration/excision,NA,COMPASS,Keyword Search,NODE_30_length_7989_cov_67.292214_7, 3725 # 3880 # -1 , 3725,3880,-1 ,30_7,30,7,00,ATG,None,None,0.551,NODE_30_length_7989_cov_67.292214,mobileOG_000413350_NODE_30_length_7989_cov_67.292214
538,mobileOG_000311002|tnpA|WP_073521401.1|integration/excision|NA|Multiple|Homology,NODE_30_length_7989_cov_67.292214_7 # 3725 # 3880 # -1 # ID=30_7;partial=00;start_type=ATG;rbs_motif=None;rbs_spacer=None;gc_cont=0.551,91.7,99.8,539,1.81e-25,52,170,217,4,51,mobileOG_000311002,tnpA,WP_073521401.1,integration/excision,NA,Multiple,Homology,NODE_30_length_7989_cov_67.292214_7, 3725 # 3880 # -1 , 3725,3880,-1 ,30_7,30,7,00,ATG,None,None,0.551,NODE_30_length_7989_cov_67.292214,mobileOG_000311002_NODE_30_length_7989_cov_67.292214
539,mobileOG_000275259|tnpA|Q5K5V8|integration/excision|NA|ISFinder|Homology,NODE_30_length_7989_cov_67.292214_7 # 3725 # 3880 # -1 # ID=30_7;partial=00;start_type=ATG;rbs_motif=None;rbs_spacer=None;gc_cont=0.551,91.7,99.8,539,1.81e-25,52,170,217,4,51,mobileOG_000275259,tnpA,Q5K5V8,integration/excision,NA,ISFinder,Homology,NODE_30_length_7989_cov_67.292214_7, 3725 # 3880 # -1 , 3725,3880,-1 ,30_7,30,7,00,ATG,None,None,0.551,NODE_30_length_7989_cov_67.292214,mobileOG_000275259_NODE_30_length_7989_cov_67.292214
540,mobileOG_000286457|tnpA|WP_001346253.1|integration/excision|NA|Plasmid RefSeq|Homology,NODE_30_length_7989_cov_67.292214_7 # 3725 # 3880 # -1 # ID=30_7;partial=00;start_type=ATG;rbs_motif=None;rbs_spacer=None;gc_cont=0.551,91.7,99.8,539,1.81e-25,52,170,217,4,51,mobileOG_000286457,tnpA,WP_001346253.1,integration/excision,NA,Plasmid RefSeq,Homology,NODE_30_length_7989_cov_67.292214_7, 3725 # 3880 # -1 , 3725,3880,-1 ,30_7,30,7,00,ATG,None,None,0.551,NODE_30_length_7989_cov_67.292214,mobileOG_000286457_NODE_30_length_7989_cov_67.292214
541,mobileOG_000310960|tnpA|WP_001346253.1|integration/excision|NA|Plasmid RefSeq|Homology,NODE_30_length_7989_cov_67.292214_7 # 3725 # 3880 # -1 # ID=30_7;partial=00;start_type=ATG;rbs_motif=None;rbs_spacer=None;gc_cont=0.551,91.7,99.8,539,1.81e-25,52,170,217,4,51,mobileOG_000310960,tnpA,WP_001346253.1,integration/excision,NA,Plasmid RefSeq,Homology,NODE_30_length_7989_cov_67.292214_7, 3725 # 3880 # -1 , 3725,3880,-1 ,30_7,30,7,00,ATG,None,None,0.551,NODE_30_length_7989_cov_67.292214,mobileOG_000310960_NODE_30_length_7989_cov_67.292214
542,mobileOG_000074519|tnpA|WP_044242367.1|integration/excision|NA|COMPASS|Homology,NODE_30_length_7989_cov_67.292214_7 # 3725 # 3880 # -1 # ID=30_7;partial=00;start_type=ATG;rbs_motif=None;rbs_spacer=None;gc_cont=0.551,91.7,98.6,535,4.64e-25,52,166,213,4,51,mobileOG_000074519,tnpA,WP_044242367.1,integration/excision,NA,COMPASS,Homology,NODE_30_length_7989_cov_67.292214_7, 3725 # 3880 # -1 , 3725,3880,-1 ,30_7,30,7,00,ATG,None,None,0.551,NODE_30_length_7989_cov_67.292214,mobileOG_000074519_NODE_30_length_7989_cov_67.292214
543,mobileOG_000310966|tnpA|WP_071533734.1|integration/excision|NA|Multiple|Homology,NODE_30_length_7989_cov_67.292214_7 # 3725 # 3880 # -1 # ID=30_7;partial=00;start_type=ATG;rbs_motif=None;rbs_spacer=None;gc_cont=0.551,91.7,98.6,539,4.68e-25,52,170,217,4,51,mobileOG_000310966,tnpA,WP_071533734.1,integration/excision,NA,Multiple,Homology,NODE_30_length_7989_cov_67.292214_7, 3725 # 3880 # -1 , 3725,3880,-1 ,30_7,30,7,00,ATG,None,None,0.551,NODE_30_length_7989_cov_67.292214,mobileOG_000310966_NODE_30_length_7989_cov_67.292214
544,mobileOG_000310952|tnpA|WP_044242367.1|integration/excision|NA|Plasmid RefSeq|Homology,NODE_30_length_7989_cov_67.292214_7 # 3725 # 3880 # -1 # ID=30_7;partial=00;start_type=ATG;rbs_motif=None;rbs_spacer=None;gc_cont=0.551,91.7,98.6,539,4.68e-25,52,170,217,4,51,mobileOG_000310952,tnpA,WP_044242367.1,integration/excision,NA,Plasmid RefSeq,Homology,NODE_30_length_7989_cov_67.292214_7, 3725 # 3880 # -1 , 3725,3880,-1 ,30_7,30,7,00,ATG,None,None,0.551,NODE_30_length_7989_cov_67.292214,mobileOG_000310952_NODE_30_length_7989_cov_67.292214
545,mobileOG_000053061|trp1400A|A0A1S6XY38|integration/excision|NA|COMPASS|Homology,NODE_31_length_7809_cov_62.216503_4 # 3153 # 3419 # 1 # ID=31_4;partial=00;start_type=ATG;rbs_motif=AGGAG;rbs_spacer=5-10bp;gc_cont=0.468,96.6,164,88,1.28e-53,89,1,87,1,87,mobileOG_000053061,trp1400A,A0A1S6XY38,integration/excision,NA,COMPASS,Homology,NODE_31_length_7809_cov_62.216503_4, 3153 # 3419 # 1 , 3153,3419,1 ,31_4,31,4,00,ATG,AGGAG,5-10bp,0.468,NODE_31_length_7809_cov_62.216503,mobileOG_000053061_NODE_31_length_7809_cov_62.216503
546,mobileOG_000048774|trp1400A|WP_094300896.1|integration/excision|NA|COMPASS|Homology,NODE_31_length_7809_cov_62.216503_4 # 3153 # 3419 # 1 # ID=31_4;partial=00;start_type=ATG;rbs_motif=AGGAG;rbs_spacer=5-10bp;gc_cont=0.468,93.2,163,88,3.68e-53,89,1,88,1,88,mobileOG_000048774,trp1400A,WP_094300896.1,integration/excision,NA,COMPASS,Homology,NODE_31_length_7809_cov_62.216503_4, 3153 # 3419 # 1 , 3153,3419,1 ,31_4,31,4,00,ATG,AGGAG,5-10bp,0.468,NODE_31_length_7809_cov_62.216503,mobileOG_000048774_NODE_31_length_7809_cov_62.216503
547,mobileOG_000040114|trp1400A|A0A1W6BB90|integration/excision|NA|Multiple|Homology,NODE_31_length_7809_cov_62.216503_4 # 3153 # 3419 # 1 # ID=31_4;partial=00;start_type=ATG;rbs_motif=AGGAG;rbs_spacer=5-10bp;gc_cont=0.468,93.2,162,88,7.43e-53,89,1,88,1,88,mobileOG_000040114,trp1400A,A0A1W6BB90,integration/excision,NA,Multiple,Homology,NODE_31_length_7809_cov_62.216503_4, 3153 # 3419 # 1 , 3153,3419,1 ,31_4,31,4,00,ATG,AGGAG,5-10bp,0.468,NODE_31_length_7809_cov_62.216503,mobileOG_000040114_NODE_31_length_7809_cov_62.216503
548,mobileOG_000053238|trp1400A|A0A221T501|integration/excision|NA|COMPASS|Homology,NODE_31_length_7809_cov_62.216503_4 # 3153 # 3419 # 1 # ID=31_4;partial=00;start_type=ATG;rbs_motif=AGGAG;rbs_spacer=5-10bp;gc_cont=0.468,95.5,162,88,1.06e-52,89,1,88,1,88,mobileOG_000053238,trp1400A,A0A221T501,integration/excision,NA,COMPASS,Homology,NODE_31_length_7809_cov_62.216503_4, 3153 # 3419 # 1 , 3153,3419,1 ,31_4,31,4,00,ATG,AGGAG,5-10bp,0.468,NODE_31_length_7809_cov_62.216503,mobileOG_000053238_NODE_31_length_7809_cov_62.216503
549,mobileOG_000058742|trp1400A|D8MJL8|integration/excision|NA|COMPASS|Homology,NODE_31_length_7809_cov_62.216503_4 # 3153 # 3419 # 1 # ID=31_4;partial=00;start_type=ATG;rbs_motif=AGGAG;rbs_spacer=5-10bp;gc_cont=0.468,95.5,162,88,1.06e-52,89,1,88,1,88,mobileOG_000058742,trp1400A,D8MJL8,integration/excision,NA,COMPASS,Homology,NODE_31_length_7809_cov_62.216503_4, 3153 # 3419 # 1 , 3153,3419,1 ,31_4,31,4,00,ATG,AGGAG,5-10bp,0.468,NODE_31_length_7809_cov_62.216503,mobileOG_000058742_NODE_31_length_7809_cov_62.216503
550,mobileOG_000045091|trp1400A|WP_099596440.1|integration/excision|NA|COMPASS|Homology,NODE_31_length_7809_cov_62.216503_4 # 3153 # 3419 # 1 # ID=31_4;partial=00;start_type=ATG;rbs_motif=AGGAG;rbs_spacer=5-10bp;gc_cont=0.468,92.0,161,88,2.13e-52,89,1,88,1,88,mobileOG_000045091,trp1400A,WP_099596440.1,integration/excision,NA,COMPASS,Homology,NODE_31_length_7809_cov_62.216503_4, 3153 # 3419 # 1 , 3153,3419,1 ,31_4,31,4,00,ATG,AGGAG,5-10bp,0.468,NODE_31_length_7809_cov_62.216503,mobileOG_000045091_NODE_31_length_7809_cov_62.216503
551,mobileOG_000181601|trp1400A|R8X7S4|integration/excision|NA|GPD|Homology,NODE_31_length_7809_cov_62.216503_4 # 3153 # 3419 # 1 # ID=31_4;partial=00;start_type=ATG;rbs_motif=AGGAG;rbs_spacer=5-10bp;gc_cont=0.468,92.0,161,88,2.13e-52,89,1,88,1,88,mobileOG_000181601,trp1400A,R8X7S4,integration/excision,NA,GPD,Homology,NODE_31_length_7809_cov_62.216503_4, 3153 # 3419 # 1 , 3153,3419,1 ,31_4,31,4,00,ATG,AGGAG,5-10bp,0.468,NODE_31_length_7809_cov_62.216503,mobileOG_000181601_NODE_31_length_7809_cov_62.216503
552,mobileOG_000274553|trp1400A|O06945|integration/excision|NA|ISFinder|Homology,NODE_31_length_7809_cov_62.216503_4 # 3153 # 3419 # 1 # ID=31_4;partial=00;start_type=ATG;rbs_motif=AGGAG;rbs_spacer=5-10bp;gc_cont=0.468,92.0,161,88,2.13e-52,89,1,88,1,88,mobileOG_000274553,trp1400A,O06945,integration/excision,NA,ISFinder,Homology,NODE_31_length_7809_cov_62.216503_4, 3153 # 3419 # 1 , 3153,3419,1 ,31_4,31,4,00,ATG,AGGAG,5-10bp,0.468,NODE_31_length_7809_cov_62.216503,mobileOG_000274553_NODE_31_length_7809_cov_62.216503
553,mobileOG_000275297|trp1400A|W3VE92|integration/excision|NA|Multiple|Homology,NODE_31_length_7809_cov_62.216503_4 # 3153 # 3419 # 1 # ID=31_4;partial=00;start_type=ATG;rbs_motif=AGGAG;rbs_spacer=5-10bp;gc_cont=0.468,92.0,161,88,3.03e-52,89,1,88,1,88,mobileOG_000275297,trp1400A,W3VE92,integration/excision,NA,Multiple,Homology,NODE_31_length_7809_cov_62.216503_4, 3153 # 3419 # 1 , 3153,3419,1 ,31_4,31,4,00,ATG,AGGAG,5-10bp,0.468,NODE_31_length_7809_cov_62.216503,mobileOG_000275297_NODE_31_length_7809_cov_62.216503
554,mobileOG_000054880|trp1400A|A0A2L1KNH3|integration/excision|NA|COMPASS|Homology,NODE_31_length_7809_cov_62.216503_4 # 3153 # 3419 # 1 # ID=31_4;partial=00;start_type=ATG;rbs_motif=AGGAG;rbs_spacer=5-10bp;gc_cont=0.468,94.3,161,88,3.03e-52,89,1,88,1,88,mobileOG_000054880,trp1400A,A0A2L1KNH3,integration/excision,NA,COMPASS,Homology,NODE_31_length_7809_cov_62.216503_4, 3153 # 3419 # 1 , 3153,3419,1 ,31_4,31,4,00,ATG,AGGAG,5-10bp,0.468,NODE_31_length_7809_cov_62.216503,mobileOG_000054880_NODE_31_length_7809_cov_62.216503
555,mobileOG_000059093|trp1400A|E6WNK9|integration/excision|NA|COMPASS|Homology,NODE_31_length_7809_cov_62.216503_4 # 3153 # 3419 # 1 # ID=31_4;partial=00;start_type=ATG;rbs_motif=AGGAG;rbs_spacer=5-10bp;gc_cont=0.468,94.3,160,88,4.30e-52,89,1,88,1,88,mobileOG_000059093,trp1400A,E6WNK9,integration/excision,NA,COMPASS,Homology,NODE_31_length_7809_cov_62.216503_4, 3153 # 3419 # 1 , 3153,3419,1 ,31_4,31,4,00,ATG,AGGAG,5-10bp,0.468,NODE_31_length_7809_cov_62.216503,mobileOG_000059093_NODE_31_length_7809_cov_62.216503
556,mobileOG_000061571|trp1400A|A1JTG9|integration/excision|NA|Multiple|Homology,NODE_31_length_7809_cov_62.216503_4 # 3153 # 3419 # 1 # ID=31_4;partial=00;start_type=ATG;rbs_motif=AGGAG;rbs_spacer=5-10bp;gc_cont=0.468,93.2,160,88,6.11e-52,89,1,88,1,88,mobileOG_000061571,trp1400A,A1JTG9,integration/excision,NA,Multiple,Homology,NODE_31_length_7809_cov_62.216503_4, 3153 # 3419 # 1 , 3153,3419,1 ,31_4,31,4,00,ATG,AGGAG,5-10bp,0.468,NODE_31_length_7809_cov_62.216503,mobileOG_000061571_NODE_31_length_7809_cov_62.216503
557,mobileOG_000037814|trp1400A|A1JTG9|integration/excision|NA|ACLAME|Homology,NODE_31_length_7809_cov_62.216503_4 # 3153 # 3419 # 1 # ID=31_4;partial=00;start_type=ATG;rbs_motif=AGGAG;rbs_spacer=5-10bp;gc_cont=0.468,93.2,160,95,7.56e-52,89,8,95,1,88,mobileOG_000037814,trp1400A,A1JTG9,integration/excision,NA,ACLAME,Homology,NODE_31_length_7809_cov_62.216503_4, 3153 # 3419 # 1 , 3153,3419,1 ,31_4,31,4,00,ATG,AGGAG,5-10bp,0.468,NODE_31_length_7809_cov_62.216503,mobileOG_000037814_NODE_31_length_7809_cov_62.216503
558,mobileOG_000267182|trp1400A|E0SJM6|integration/excision|NA|ICE|Homology,NODE_31_length_7809_cov_62.216503_4 # 3153 # 3419 # 1 # ID=31_4;partial=00;start_type=ATG;rbs_motif=AGGAG;rbs_spacer=5-10bp;gc_cont=0.468,94.3,160,88,8.68e-52,89,1,88,1,88,mobileOG_000267182,trp1400A,E0SJM6,integration/excision,NA,ICE,Homology,NODE_31_length_7809_cov_62.216503_4, 3153 # 3419 # 1 , 3153,3419,1 ,31_4,31,4,00,ATG,AGGAG,5-10bp,0.468,NODE_31_length_7809_cov_62.216503,mobileOG_000267182_NODE_31_length_7809_cov_62.216503
559,mobileOG_000039678|trp1400A|R8X7S4|integration/excision|NA|COMPASS|Homology,NODE_31_length_7809_cov_62.216503_4 # 3153 # 3419 # 1 # ID=31_4;partial=00;start_type=ATG;rbs_motif=AGGAG;rbs_spacer=5-10bp;gc_cont=0.468,90.9,159,88,1.75e-51,89,1,88,1,88,mobileOG_000039678,trp1400A,R8X7S4,integration/excision,NA,COMPASS,Homology,NODE_31_length_7809_cov_62.216503_4, 3153 # 3419 # 1 , 3153,3419,1 ,31_4,31,4,00,ATG,AGGAG,5-10bp,0.468,NODE_31_length_7809_cov_62.216503,mobileOG_000039678_NODE_31_length_7809_cov_62.216503
560,mobileOG_000043823|NA|WP_087812879.1|integration/excision|NA|COMPASS|Homology,NODE_31_length_7809_cov_62.216503_5 # 3470 # 4264 # 1 # ID=31_5;partial=00;start_type=ATG;rbs_motif=GGA/GAG/AGG;rbs_spacer=5-10bp;gc_cont=0.540,94.7,511,264,4.26e-185,265,1,264,1,264,mobileOG_000043823,NA,WP_087812879.1,integration/excision,NA,COMPASS,Homology,NODE_31_length_7809_cov_62.216503_5, 3470 # 4264 # 1 , 3470,4264,1 ,31_5,31,5,00,ATG,GGA/GAG/AGG,5-10bp,0.540,NODE_31_length_7809_cov_62.216503,mobileOG_000043823_NODE_31_length_7809_cov_62.216503
561,mobileOG_000049232|NA|WP_108703705.1|integration/excision|NA|COMPASS|Homology,NODE_31_length_7809_cov_62.216503_5 # 3470 # 4264 # 1 # ID=31_5;partial=00;start_type=ATG;rbs_motif=GGA/GAG/AGG;rbs_spacer=5-10bp;gc_cont=0.540,94.3,510,264,1.22e-184,265,1,264,1,264,mobileOG_000049232,NA,WP_108703705.1,integration/excision,NA,COMPASS,Homology,NODE_31_length_7809_cov_62.216503_5, 3470 # 4264 # 1 , 3470,4264,1 ,31_5,31,5,00,ATG,GGA/GAG/AGG,5-10bp,0.540,NODE_31_length_7809_cov_62.216503,mobileOG_000049232_NODE_31_length_7809_cov_62.216503
562,mobileOG_000038743|NA|WP_150099640.1|integration/excision|NA|ACLAME|Homology,NODE_31_length_7809_cov_62.216503_5 # 3470 # 4264 # 1 # ID=31_5;partial=00;start_type=ATG;rbs_motif=GGA/GAG/AGG;rbs_spacer=5-10bp;gc_cont=0.540,94.3,508,264,4.97e-184,265,1,264,1,264,mobileOG_000038743,NA,WP_150099640.1,integration/excision,NA,ACLAME,Homology,NODE_31_length_7809_cov_62.216503_5, 3470 # 4264 # 1 , 3470,4264,1 ,31_5,31,5,00,ATG,GGA/GAG/AGG,5-10bp,0.540,NODE_31_length_7809_cov_62.216503,mobileOG_000038743_NODE_31_length_7809_cov_62.216503
563,mobileOG_000056900|NA|WP_150099640.1|integration/excision|NA|COMPASS|Homology,NODE_31_length_7809_cov_62.216503_5 # 3470 # 4264 # 1 # ID=31_5;partial=00;start_type=ATG;rbs_motif=GGA/GAG/AGG;rbs_spacer=5-10bp;gc_cont=0.540,94.3,508,294,1.49e-183,265,31,294,1,264,mobileOG_000056900,NA,WP_150099640.1,integration/excision,NA,COMPASS,Homology,NODE_31_length_7809_cov_62.216503_5, 3470 # 4264 # 1 , 3470,4264,1 ,31_5,31,5,00,ATG,GGA/GAG/AGG,5-10bp,0.540,NODE_31_length_7809_cov_62.216503,mobileOG_000056900_NODE_31_length_7809_cov_62.216503
564,mobileOG_000369972|NA|WP_095032744.1|integration/excision|NA|Plasmid RefSeq|Homology,NODE_31_length_7809_cov_62.216503_5 # 3470 # 4264 # 1 # ID=31_5;partial=00;start_type=ATG;rbs_motif=GGA/GAG/AGG;rbs_spacer=5-10bp;gc_cont=0.540,94.7,511,370,2.01e-183,265,107,370,1,264,mobileOG_000369972,NA,WP_095032744.1,integration/excision,NA,Plasmid RefSeq,Homology,NODE_31_length_7809_cov_62.216503_5, 3470 # 4264 # 1 , 3470,4264,1 ,31_5,31,5,00,ATG,GGA/GAG/AGG,5-10bp,0.540,NODE_31_length_7809_cov_62.216503,mobileOG_000369972_NODE_31_length_7809_cov_62.216503
565,mobileOG_000312964|tnp|WP_108703705.1|integration/excision|NA|Plasmid RefSeq|Homology,NODE_31_length_7809_cov_62.216503_5 # 3470 # 4264 # 1 # ID=31_5;partial=00;start_type=ATG;rbs_motif=GGA/GAG/AGG;rbs_spacer=5-10bp;gc_cont=0.540,94.3,510,370,5.76e-183,265,107,370,1,264,mobileOG_000312964,tnp,WP_108703705.1,integration/excision,NA,Plasmid RefSeq,Homology,NODE_31_length_7809_cov_62.216503_5, 3470 # 4264 # 1 , 3470,4264,1 ,31_5,31,5,00,ATG,GGA/GAG/AGG,5-10bp,0.540,NODE_31_length_7809_cov_62.216503,mobileOG_000312964_NODE_31_length_7809_cov_62.216503
566,mobileOG_000315410|NA|WP_117107743.1|integration/excision|NA|Plasmid RefSeq|Homology,NODE_31_length_7809_cov_62.216503_5 # 3470 # 4264 # 1 # ID=31_5;partial=00;start_type=ATG;rbs_motif=GGA/GAG/AGG;rbs_spacer=5-10bp;gc_cont=0.540,94.7,509,370,8.18e-183,265,107,370,1,264,mobileOG_000315410,NA,WP_117107743.1,integration/excision,NA,Plasmid RefSeq,Homology,NODE_31_length_7809_cov_62.216503_5, 3470 # 4264 # 1 , 3470,4264,1 ,31_5,31,5,00,ATG,GGA/GAG/AGG,5-10bp,0.540,NODE_31_length_7809_cov_62.216503,mobileOG_000315410_NODE_31_length_7809_cov_62.216503
567,mobileOG_000294472|NA|A0A5D1VJW9|integration/excision|NA|Plasmid RefSeq|Homology,NODE_31_length_7809_cov_62.216503_5 # 3470 # 4264 # 1 # ID=31_5;partial=00;start_type=ATG;rbs_motif=GGA/GAG/AGG;rbs_spacer=5-10bp;gc_cont=0.540,94.3,509,370,1.16e-182,265,107,370,1,264,mobileOG_000294472,NA,A0A5D1VJW9,integration/excision,NA,Plasmid RefSeq,Homology,NODE_31_length_7809_cov_62.216503_5, 3470 # 4264 # 1 , 3470,4264,1 ,31_5,31,5,00,ATG,GGA/GAG/AGG,5-10bp,0.540,NODE_31_length_7809_cov_62.216503,mobileOG_000294472_NODE_31_length_7809_cov_62.216503
568,mobileOG_000346068|NA|WP_150099640.1|integration/excision|NA|Plasmid RefSeq|Homology,NODE_31_length_7809_cov_62.216503_5 # 3470 # 4264 # 1 # ID=31_5;partial=00;start_type=ATG;rbs_motif=GGA/GAG/AGG;rbs_spacer=5-10bp;gc_cont=0.540,94.3,508,370,2.34e-182,265,107,370,1,264,mobileOG_000346068,NA,WP_150099640.1,integration/excision,NA,Plasmid RefSeq,Homology,NODE_31_length_7809_cov_62.216503_5, 3470 # 4264 # 1 , 3470,4264,1 ,31_5,31,5,00,ATG,GGA/GAG/AGG,5-10bp,0.540,NODE_31_length_7809_cov_62.216503,mobileOG_000346068_NODE_31_length_7809_cov_62.216503
569,mobileOG_000043247|NA|A0A1V2BDL1|integration/excision|NA|COMPASS|Homology,NODE_31_length_7809_cov_62.216503_5 # 3470 # 4264 # 1 # ID=31_5;partial=00;start_type=ATG;rbs_motif=GGA/GAG/AGG;rbs_spacer=5-10bp;gc_cont=0.540,92.8,505,294,3.51e-182,265,31,294,1,264,mobileOG_000043247,NA,A0A1V2BDL1,integration/excision,NA,COMPASS,Homology,NODE_31_length_7809_cov_62.216503_5, 3470 # 4264 # 1 , 3470,4264,1 ,31_5,31,5,00,ATG,GGA/GAG/AGG,5-10bp,0.540,NODE_31_length_7809_cov_62.216503,mobileOG_000043247_NODE_31_length_7809_cov_62.216503
570,mobileOG_000044569|NA|WP_096753957.1|integration/excision|NA|COMPASS|Homology,NODE_31_length_7809_cov_62.216503_5 # 3470 # 4264 # 1 # ID=31_5;partial=00;start_type=ATG;rbs_motif=GGA/GAG/AGG;rbs_spacer=5-10bp;gc_cont=0.540,93.6,505,294,3.51e-182,265,31,294,1,264,mobileOG_000044569,NA,WP_096753957.1,integration/excision,NA,COMPASS,Homology,NODE_31_length_7809_cov_62.216503_5, 3470 # 4264 # 1 , 3470,4264,1 ,31_5,31,5,00,ATG,GGA/GAG/AGG,5-10bp,0.540,NODE_31_length_7809_cov_62.216503,mobileOG_000044569_NODE_31_length_7809_cov_62.216503
571,mobileOG_000306618|NA|WP_096753957.1|integration/excision|NA|Plasmid RefSeq|Homology,NODE_31_length_7809_cov_62.216503_5 # 3470 # 4264 # 1 # ID=31_5;partial=00;start_type=ATG;rbs_motif=GGA/GAG/AGG;rbs_spacer=5-10bp;gc_cont=0.540,93.6,505,370,5.50e-181,265,107,370,1,264,mobileOG_000306618,NA,WP_096753957.1,integration/excision,NA,Plasmid RefSeq,Homology,NODE_31_length_7809_cov_62.216503_5, 3470 # 4264 # 1 , 3470,4264,1 ,31_5,31,5,00,ATG,GGA/GAG/AGG,5-10bp,0.540,NODE_31_length_7809_cov_62.216503,mobileOG_000306618_NODE_31_length_7809_cov_62.216503
572,mobileOG_000314153|NA|WP_088903424.1|integration/excision|NA|Plasmid RefSeq|Homology,NODE_31_length_7809_cov_62.216503_5 # 3470 # 4264 # 1 # ID=31_5;partial=00;start_type=ATG;rbs_motif=GGA/GAG/AGG;rbs_spacer=5-10bp;gc_cont=0.540,92.8,505,370,5.50e-181,265,107,370,1,264,mobileOG_000314153,NA,WP_088903424.1,integration/excision,NA,Plasmid RefSeq,Homology,NODE_31_length_7809_cov_62.216503_5, 3470 # 4264 # 1 , 3470,4264,1 ,31_5,31,5,00,ATG,GGA/GAG/AGG,5-10bp,0.540,NODE_31_length_7809_cov_62.216503,mobileOG_000314153_NODE_31_length_7809_cov_62.216503
573,mobileOG_000317429|NA|A0A427BUQ0|integration/excision|NA|Plasmid RefSeq|Homology,NODE_31_length_7809_cov_62.216503_5 # 3470 # 4264 # 1 # ID=31_5;partial=00;start_type=ATG;rbs_motif=GGA/GAG/AGG;rbs_spacer=5-10bp;gc_cont=0.540,93.6,504,370,1.11e-180,265,107,370,1,264,mobileOG_000317429,NA,A0A427BUQ0,integration/excision,NA,Plasmid RefSeq,Homology,NODE_31_length_7809_cov_62.216503_5, 3470 # 4264 # 1 , 3470,4264,1 ,31_5,31,5,00,ATG,GGA/GAG/AGG,5-10bp,0.540,NODE_31_length_7809_cov_62.216503,mobileOG_000317429_NODE_31_length_7809_cov_62.216503
574,mobileOG_000059092|NA|WP_150105917.1|integration/excision|NA|COMPASS|Homology,NODE_31_length_7809_cov_62.216503_5 # 3470 # 4264 # 1 # ID=31_5;partial=00;start_type=ATG;rbs_motif=GGA/GAG/AGG;rbs_spacer=5-10bp;gc_cont=0.540,92.0,499,264,1.59e-180,265,1,264,1,264,mobileOG_000059092,NA,WP_150105917.1,integration/excision,NA,COMPASS,Homology,NODE_31_length_7809_cov_62.216503_5, 3470 # 4264 # 1 , 3470,4264,1 ,31_5,31,5,00,ATG,GGA/GAG/AGG,5-10bp,0.540,NODE_31_length_7809_cov_62.216503,mobileOG_000059092_NODE_31_length_7809_cov_62.216503
575,mobileOG_000361554|intM|WP_142816583.1|integration/excision|replication/recombination/repair|Plasmid RefSeq|Homology,NODE_31_length_7809_cov_62.216503_8 # 5353 # 5994 # -1 # ID=31_8;partial=00;start_type=ATG;rbs_motif=GGA/GAG/AGG;rbs_spacer=5-10bp;gc_cont=0.637,97.9,384,271,9.49e-136,214,1,195,1,195,mobileOG_000361554,intM,WP_142816583.1,integration/excision,replication/recombination/repair,Plasmid RefSeq,Homology,NODE_31_length_7809_cov_62.216503_8, 5353 # 5994 # -1 , 5353,5994,-1 ,31_8,31,8,00,ATG,GGA/GAG/AGG,5-10bp,0.637,NODE_31_length_7809_cov_62.216503,mobileOG_000361554_NODE_31_length_7809_cov_62.216503
576,mobileOG_000051831|relE|WP_000143805.1|stability/transfer/defense|NA|Multiple|Homology,NODE_32_length_6560_cov_64.874595_6 # 5807 # 6097 # -1 # ID=32_6;partial=00;start_type=ATG;rbs_motif=GGA/GAG/AGG;rbs_spacer=5-10bp;gc_cont=0.412,93.8,182,96,3.11e-60,97,1,96,1,96,mobileOG_000051831,relE,WP_000143805.1,stability/transfer/defense,NA,Multiple,Homology,NODE_32_length_6560_cov_64.874595_6, 5807 # 6097 # -1 , 5807,6097,-1 ,32_6,32,6,00,ATG,GGA/GAG/AGG,5-10bp,0.412,NODE_32_length_6560_cov_64.874595,mobileOG_000051831_NODE_32_length_6560_cov_64.874595
577,mobileOG_000305875|relE|WP_023214316.1|stability/transfer/defense|NA|Multiple|Homology,NODE_32_length_6560_cov_64.874595_6 # 5807 # 6097 # -1 # ID=32_6;partial=00;start_type=ATG;rbs_motif=GGA/GAG/AGG;rbs_spacer=5-10bp;gc_cont=0.412,91.7,176,96,6.04e-58,97,1,96,1,96,mobileOG_000305875,relE,WP_023214316.1,stability/transfer/defense,NA,Multiple,Homology,NODE_32_length_6560_cov_64.874595_6, 5807 # 6097 # -1 , 5807,6097,-1 ,32_6,32,6,00,ATG,GGA/GAG/AGG,5-10bp,0.412,NODE_32_length_6560_cov_64.874595,mobileOG_000305875_NODE_32_length_6560_cov_64.874595
578,mobileOG_000402758|NA:Keyword|WP_000104338.1|stability/transfer/defense|NA|COMPASS|Keyword Search,NODE_32_length_6560_cov_64.874595_7 # 6087 # 6341 # -1 # ID=32_7;partial=00;start_type=ATG;rbs_motif=GGAG/GAGG;rbs_spacer=5-10bp;gc_cont=0.447,98.8,157,84,5.37e-51,85,1,84,1,84,mobileOG_000402758,NA:Keyword,WP_000104338.1,stability/transfer/defense,NA,COMPASS,Keyword Search,NODE_32_length_6560_cov_64.874595_7, 6087 # 6341 # -1 , 6087,6341,-1 ,32_7,32,7,00,ATG,GGAG/GAGG,5-10bp,0.447,NODE_32_length_6560_cov_64.874595,mobileOG_000402758_NODE_32_length_6560_cov_64.874595
579,mobileOG_000730926|NA:Keyword|A0A1S6XXS6|stability/transfer/defense|NA|Multiple|Keyword Search,NODE_32_length_6560_cov_64.874595_7 # 6087 # 6341 # -1 # ID=32_7;partial=00;start_type=ATG;rbs_motif=GGAG/GAGG;rbs_spacer=5-10bp;gc_cont=0.447,97.6,156,84,2.19e-50,85,1,84,1,84,mobileOG_000730926,NA:Keyword,A0A1S6XXS6,stability/transfer/defense,NA,Multiple,Keyword Search,NODE_32_length_6560_cov_64.874595_7, 6087 # 6341 # -1 , 6087,6341,-1 ,32_7,32,7,00,ATG,GGAG/GAGG,5-10bp,0.447,NODE_32_length_6560_cov_64.874595,mobileOG_000730926_NODE_32_length_6560_cov_64.874595
580,mobileOG_000724974|NA:Keyword|Q9AM92|integration/excision|NA|ISFinder|Keyword Search,NODE_34_length_4563_cov_63.981944_1 # 3 # 131 # -1 # ID=34_1;partial=10;start_type=ATG;rbs_motif=None;rbs_spacer=None;gc_cont=0.527,93.0,92.0,149,6.47e-25,43,1,43,1,43,mobileOG_000724974,NA:Keyword,Q9AM92,integration/excision,NA,ISFinder,Keyword Search,NODE_34_length_4563_cov_63.981944_1, 3 # 131 # -1 , 3,131,-1 ,34_1,34,1,10,ATG,None,None,0.527,NODE_34_length_4563_cov_63.981944,mobileOG_000724974_NODE_34_length_4563_cov_63.981944
581,mobileOG_000724976|NA:Keyword|WP_167810297.1|integration/excision|NA|ISFinder|Keyword Search,NODE_34_length_4563_cov_63.981944_1 # 3 # 131 # -1 # ID=34_1;partial=10;start_type=ATG;rbs_motif=None;rbs_spacer=None;gc_cont=0.527,93.0,92.0,281,1.05e-23,43,1,43,1,43,mobileOG_000724976,NA:Keyword,WP_167810297.1,integration/excision,NA,ISFinder,Keyword Search,NODE_34_length_4563_cov_63.981944_1, 3 # 131 # -1 , 3,131,-1 ,34_1,34,1,10,ATG,None,None,0.527,NODE_34_length_4563_cov_63.981944,mobileOG_000724976_NODE_34_length_4563_cov_63.981944
582,mobileOG_000068056|insF1|WP_079007625.1|integration/excision|NA|COMPASS|Homology,NODE_34_length_4563_cov_63.981944_6 # 4035 # 4562 # -1 # ID=34_6;partial=01;start_type=Edge;rbs_motif=None;rbs_spacer=None;gc_cont=0.581,100,357,267,1.15e-125,176,93,267,1,175,mobileOG_000068056,insF1,WP_079007625.1,integration/excision,NA,COMPASS,Homology,NODE_34_length_4563_cov_63.981944_6, 4035 # 4562 # -1 , 4035,4562,-1 ,34_6,34,6,01,Edge,None,None,0.581,NODE_34_length_4563_cov_63.981944,mobileOG_000068056_NODE_34_length_4563_cov_63.981944
583,mobileOG_000310533|insF1|WP_079007625.1|integration/excision|NA|Plasmid RefSeq|Homology,NODE_34_length_4563_cov_63.981944_6 # 4035 # 4562 # -1 # ID=34_6;partial=01;start_type=Edge;rbs_motif=None;rbs_spacer=None;gc_cont=0.581,100,357,284,2.07e-125,176,110,284,1,175,mobileOG_000310533,insF1,WP_079007625.1,integration/excision,NA,Plasmid RefSeq,Homology,NODE_34_length_4563_cov_63.981944_6, 4035 # 4562 # -1 , 4035,4562,-1 ,34_6,34,6,01,Edge,None,None,0.581,NODE_34_length_4563_cov_63.981944,mobileOG_000310533_NODE_34_length_4563_cov_63.981944
584,mobileOG_000047182|insF1|WP_077253370.1|integration/excision|NA|COMPASS|Homology,NODE_34_length_4563_cov_63.981944_6 # 4035 # 4562 # -1 # ID=34_6;partial=01;start_type=Edge;rbs_motif=None;rbs_spacer=None;gc_cont=0.581,98.3,352,267,1.09e-123,176,93,267,1,175,mobileOG_000047182,insF1,WP_077253370.1,integration/excision,NA,COMPASS,Homology,NODE_34_length_4563_cov_63.981944_6, 4035 # 4562 # -1 , 4035,4562,-1 ,34_6,34,6,01,Edge,None,None,0.581,NODE_34_length_4563_cov_63.981944,mobileOG_000047182_NODE_34_length_4563_cov_63.981944
585,mobileOG_000310532|insF1|WP_077253370.1|integration/excision|NA|Plasmid RefSeq|Homology,NODE_34_length_4563_cov_63.981944_6 # 4035 # 4562 # -1 # ID=34_6;partial=01;start_type=Edge;rbs_motif=None;rbs_spacer=None;gc_cont=0.581,98.3,352,284,1.97e-123,176,110,284,1,175,mobileOG_000310532,insF1,WP_077253370.1,integration/excision,NA,Plasmid RefSeq,Homology,NODE_34_length_4563_cov_63.981944_6, 4035 # 4562 # -1 , 4035,4562,-1 ,34_6,34,6,01,Edge,None,None,0.581,NODE_34_length_4563_cov_63.981944,mobileOG_000310532_NODE_34_length_4563_cov_63.981944
586,mobileOG_000317428|insF1|A0A427BW89|integration/excision|NA|Plasmid RefSeq|Homology,NODE_34_length_4563_cov_63.981944_6 # 4035 # 4562 # -1 # ID=34_6;partial=01;start_type=Edge;rbs_motif=None;rbs_spacer=None;gc_cont=0.581,97.7,352,284,2.80e-123,176,110,284,1,175,mobileOG_000317428,insF1,A0A427BW89,integration/excision,NA,Plasmid RefSeq,Homology,NODE_34_length_4563_cov_63.981944_6, 4035 # 4562 # -1 , 4035,4562,-1 ,34_6,34,6,01,Edge,None,None,0.581,NODE_34_length_4563_cov_63.981944,mobileOG_000317428_NODE_34_length_4563_cov_63.981944
587,mobileOG_000061489|insF1|WP_082262347.1|integration/excision|NA|COMPASS|Homology,NODE_34_length_4563_cov_63.981944_6 # 4035 # 4562 # -1 # ID=34_6;partial=01;start_type=Edge;rbs_motif=None;rbs_spacer=None;gc_cont=0.581,97.7,350,269,9.61e-123,176,95,269,1,175,mobileOG_000061489,insF1,WP_082262347.1,integration/excision,NA,COMPASS,Homology,NODE_34_length_4563_cov_63.981944_6, 4035 # 4562 # -1 , 4035,4562,-1 ,34_6,34,6,01,Edge,None,None,0.581,NODE_34_length_4563_cov_63.981944,mobileOG_000061489_NODE_34_length_4563_cov_63.981944
588,mobileOG_000041805|insF1|WP_077946840.1|integration/excision|NA|COMPASS|Homology,NODE_34_length_4563_cov_63.981944_6 # 4035 # 4562 # -1 # ID=34_6;partial=01;start_type=Edge;rbs_motif=None;rbs_spacer=None;gc_cont=0.581,97.1,349,267,1.27e-122,176,93,267,1,175,mobileOG_000041805,insF1,WP_077946840.1,integration/excision,NA,COMPASS,Homology,NODE_34_length_4563_cov_63.981944_6, 4035 # 4562 # -1 , 4035,4562,-1 ,34_6,34,6,01,Edge,None,None,0.581,NODE_34_length_4563_cov_63.981944,mobileOG_000041805_NODE_34_length_4563_cov_63.981944
589,mobileOG_000284262|insF1|A0A4U6HN75|integration/excision|NA|Plasmid RefSeq|Homology,NODE_34_length_4563_cov_63.981944_6 # 4035 # 4562 # -1 # ID=34_6;partial=01;start_type=Edge;rbs_motif=None;rbs_spacer=None;gc_cont=0.581,97.7,350,284,1.62e-122,176,110,284,1,175,mobileOG_000284262,insF1,A0A4U6HN75,integration/excision,NA,Plasmid RefSeq,Homology,NODE_34_length_4563_cov_63.981944_6, 4035 # 4562 # -1 , 4035,4562,-1 ,34_6,34,6,01,Edge,None,None,0.581,NODE_34_length_4563_cov_63.981944,mobileOG_000284262_NODE_34_length_4563_cov_63.981944
590,mobileOG_000310319|insF1|WP_082262347.1|integration/excision|NA|Plasmid RefSeq|Homology,NODE_34_length_4563_cov_63.981944_6 # 4035 # 4562 # -1 # ID=34_6;partial=01;start_type=Edge;rbs_motif=None;rbs_spacer=None;gc_cont=0.581,97.7,350,284,1.62e-122,176,110,284,1,175,mobileOG_000310319,insF1,WP_082262347.1,integration/excision,NA,Plasmid RefSeq,Homology,NODE_34_length_4563_cov_63.981944_6, 4035 # 4562 # -1 , 4035,4562,-1 ,34_6,34,6,01,Edge,None,None,0.581,NODE_34_length_4563_cov_63.981944,mobileOG_000310319_NODE_34_length_4563_cov_63.981944
591,mobileOG_000310425|insF1|WP_077946840.1|integration/excision|NA|Plasmid RefSeq|Homology,NODE_34_length_4563_cov_63.981944_6 # 4035 # 4562 # -1 # ID=34_6;partial=01;start_type=Edge;rbs_motif=None;rbs_spacer=None;gc_cont=0.581,97.1,349,284,2.29e-122,176,110,284,1,175,mobileOG_000310425,insF1,WP_077946840.1,integration/excision,NA,Plasmid RefSeq,Homology,NODE_34_length_4563_cov_63.981944_6, 4035 # 4562 # -1 , 4035,4562,-1 ,34_6,34,6,01,Edge,None,None,0.581,NODE_34_length_4563_cov_63.981944,mobileOG_000310425_NODE_34_length_4563_cov_63.981944
592,mobileOG_000275231|insF1|A0A3U2S087|integration/excision|NA|ISFinder|Homology,NODE_34_length_4563_cov_63.981944_6 # 4035 # 4562 # -1 # ID=34_6;partial=01;start_type=Edge;rbs_motif=None;rbs_spacer=None;gc_cont=0.581,97.7,350,316,2.40e-122,176,142,316,1,175,mobileOG_000275231,insF1,A0A3U2S087,integration/excision,NA,ISFinder,Homology,NODE_34_length_4563_cov_63.981944_6, 4035 # 4562 # -1 , 4035,4562,-1 ,34_6,34,6,01,Edge,None,None,0.581,NODE_34_length_4563_cov_63.981944,mobileOG_000275231_NODE_34_length_4563_cov_63.981944
593,mobileOG_000291584|insF1|A0A549V4I3|integration/excision|NA|Plasmid RefSeq|Homology,NODE_34_length_4563_cov_63.981944_6 # 4035 # 4562 # -1 # ID=34_6;partial=01;start_type=Edge;rbs_motif=None;rbs_spacer=None;gc_cont=0.581,96.6,348,284,4.63e-122,176,110,284,1,175,mobileOG_000291584,insF1,A0A549V4I3,integration/excision,NA,Plasmid RefSeq,Homology,NODE_34_length_4563_cov_63.981944_6, 4035 # 4562 # -1 , 4035,4562,-1 ,34_6,34,6,01,Edge,None,None,0.581,NODE_34_length_4563_cov_63.981944,mobileOG_000291584_NODE_34_length_4563_cov_63.981944
594,mobileOG_000071107|insF1|WP_077905131.1|integration/excision|NA|COMPASS|Homology,NODE_34_length_4563_cov_63.981944_6 # 4035 # 4562 # -1 # ID=34_6;partial=01;start_type=Edge;rbs_motif=None;rbs_spacer=None;gc_cont=0.581,96.0,347,267,1.48e-121,176,93,267,1,175,mobileOG_000071107,insF1,WP_077905131.1,integration/excision,NA,COMPASS,Homology,NODE_34_length_4563_cov_63.981944_6, 4035 # 4562 # -1 , 4035,4562,-1 ,34_6,34,6,01,Edge,None,None,0.581,NODE_34_length_4563_cov_63.981944,mobileOG_000071107_NODE_34_length_4563_cov_63.981944
595,mobileOG_000074016|insF1|WP_084833317.1|integration/excision|NA|COMPASS|Homology,NODE_34_length_4563_cov_63.981944_6 # 4035 # 4562 # -1 # ID=34_6;partial=01;start_type=Edge;rbs_motif=None;rbs_spacer=None;gc_cont=0.581,96.6,347,267,1.48e-121,176,93,267,1,175,mobileOG_000074016,insF1,WP_084833317.1,integration/excision,NA,COMPASS,Homology,NODE_34_length_4563_cov_63.981944_6, 4035 # 4562 # -1 , 4035,4562,-1 ,34_6,34,6,01,Edge,None,None,0.581,NODE_34_length_4563_cov_63.981944,mobileOG_000074016_NODE_34_length_4563_cov_63.981944
596,mobileOG_000310463|insF1|WP_077905131.1|integration/excision|NA|Plasmid RefSeq|Homology,NODE_34_length_4563_cov_63.981944_6 # 4035 # 4562 # -1 # ID=34_6;partial=01;start_type=Edge;rbs_motif=None;rbs_spacer=None;gc_cont=0.581,96.0,347,284,2.67e-121,176,110,284,1,175,mobileOG_000310463,insF1,WP_077905131.1,integration/excision,NA,Plasmid RefSeq,Homology,NODE_34_length_4563_cov_63.981944_6, 4035 # 4562 # -1 , 4035,4562,-1 ,34_6,34,6,01,Edge,None,None,0.581,NODE_34_length_4563_cov_63.981944,mobileOG_000310463_NODE_34_length_4563_cov_63.981944
597,mobileOG_000339285|tnpA|WP_012196412.1|integration/excision|NA|Plasmid RefSeq|Homology,NODE_49_length_703_cov_351.506390_1 # 1 # 702 # -1 # ID=49_1;partial=11;start_type=Edge;rbs_motif=None;rbs_spacer=None;gc_cont=0.511,96.2,478,234,3.67e-173,234,1,234,1,234,mobileOG_000339285,tnpA,WP_012196412.1,integration/excision,NA,Plasmid RefSeq,Homology,NODE_49_length_703_cov_351.506390_1, 1 # 702 # -1 , 1,702,-1 ,49_1,49,1,11,Edge,None,None,0.511,NODE_49_length_703_cov_351.506390,mobileOG_000339285_NODE_49_length_703_cov_351.506390
598,mobileOG_000338823|tnpA|WP_032492056.1|integration/excision|NA|Plasmid RefSeq|Homology,NODE_49_length_703_cov_351.506390_1 # 1 # 702 # -1 # ID=49_1;partial=11;start_type=Edge;rbs_motif=None;rbs_spacer=None;gc_cont=0.511,96.2,478,234,5.22e-173,234,1,234,1,234,mobileOG_000338823,tnpA,WP_032492056.1,integration/excision,NA,Plasmid RefSeq,Homology,NODE_49_length_703_cov_351.506390_1, 1 # 702 # -1 , 1,702,-1 ,49_1,49,1,11,Edge,None,None,0.511,NODE_49_length_703_cov_351.506390,mobileOG_000338823_NODE_49_length_703_cov_351.506390
599,mobileOG_000340451|tnpA|WP_142816575.1|integration/excision|NA|Plasmid RefSeq|Homology,NODE_49_length_703_cov_351.506390_1 # 1 # 702 # -1 # ID=49_1;partial=11;start_type=Edge;rbs_motif=None;rbs_spacer=None;gc_cont=0.511,94.4,478,234,7.41e-173,234,1,234,1,234,mobileOG_000340451,tnpA,WP_142816575.1,integration/excision,NA,Plasmid RefSeq,Homology,NODE_49_length_703_cov_351.506390_1, 1 # 702 # -1 , 1,702,-1 ,49_1,49,1,11,Edge,None,None,0.511,NODE_49_length_703_cov_351.506390,mobileOG_000340451_NODE_49_length_703_cov_351.506390
600,mobileOG_000338422|tnpA|WP_098986935.1|integration/excision|NA|Plasmid RefSeq|Homology,NODE_49_length_703_cov_351.506390_1 # 1 # 702 # -1 # ID=49_1;partial=11;start_type=Edge;rbs_motif=None;rbs_spacer=None;gc_cont=0.511,95.7,477,234,1.50e-172,234,1,234,1,234,mobileOG_000338422,tnpA,WP_098986935.1,integration/excision,NA,Plasmid RefSeq,Homology,NODE_49_length_703_cov_351.506390_1, 1 # 702 # -1 , 1,702,-1 ,49_1,49,1,11,Edge,None,None,0.511,NODE_49_length_703_cov_351.506390,mobileOG_000338422_NODE_49_length_703_cov_351.506390
601,mobileOG_000033423|tnpA|NA|integration/excision|NA|Multiple|Homology,NODE_49_length_703_cov_351.506390_1 # 1 # 702 # -1 # ID=49_1;partial=11;start_type=Edge;rbs_motif=None;rbs_spacer=None;gc_cont=0.511,95.7,476,234,2.12e-172,234,1,234,1,234,mobileOG_000033423,tnpA,NA,integration/excision,NA,Multiple,Homology,NODE_49_length_703_cov_351.506390_1, 1 # 702 # -1 , 1,702,-1 ,49_1,49,1,11,Edge,None,None,0.511,NODE_49_length_703_cov_351.506390,mobileOG_000033423_NODE_49_length_703_cov_351.506390
602,mobileOG_000036404|tnpA|EBD26989.1|integration/excision|NA|Multiple|Homology,NODE_49_length_703_cov_351.506390_1 # 1 # 702 # -1 # ID=49_1;partial=11;start_type=Edge;rbs_motif=None;rbs_spacer=None;gc_cont=0.511,95.7,476,238,2.46e-172,234,5,238,1,234,mobileOG_000036404,tnpA,EBD26989.1,integration/excision,NA,Multiple,Homology,NODE_49_length_703_cov_351.506390_1, 1 # 702 # -1 , 1,702,-1 ,49_1,49,1,11,Edge,None,None,0.511,NODE_49_length_703_cov_351.506390,mobileOG_000036404_NODE_49_length_703_cov_351.506390
603,mobileOG_000068462|tnpA|EBD26989.1|integration/excision|NA|COMPASS|Homology,NODE_49_length_703_cov_351.506390_1 # 1 # 702 # -1 # ID=49_1;partial=11;start_type=Edge;rbs_motif=None;rbs_spacer=None;gc_cont=0.511,95.7,476,238,2.46e-172,234,5,238,1,234,mobileOG_000068462,tnpA,EBD26989.1,integration/excision,NA,COMPASS,Homology,NODE_49_length_703_cov_351.506390_1, 1 # 702 # -1 , 1,702,-1 ,49_1,49,1,11,Edge,None,None,0.511,NODE_49_length_703_cov_351.506390,mobileOG_000068462_NODE_49_length_703_cov_351.506390
604,mobileOG_000293387|tnpA|WP_162655265.1|integration/excision|NA|Plasmid RefSeq|Homology,NODE_49_length_703_cov_351.506390_1 # 1 # 702 # -1 # ID=49_1;partial=11;start_type=Edge;rbs_motif=None;rbs_spacer=None;gc_cont=0.511,95.7,476,239,2.55e-172,234,1,234,1,234,mobileOG_000293387,tnpA,WP_162655265.1,integration/excision,NA,Plasmid RefSeq,Homology,NODE_49_length_703_cov_351.506390_1, 1 # 702 # -1 , 1,702,-1 ,49_1,49,1,11,Edge,None,None,0.511,NODE_49_length_703_cov_351.506390,mobileOG_000293387_NODE_49_length_703_cov_351.506390
605,mobileOG_000035630|tnpA|EBD26989.1|integration/excision|NA|Multiple|Homology,NODE_49_length_703_cov_351.506390_1 # 1 # 702 # -1 # ID=49_1;partial=11;start_type=Edge;rbs_motif=None;rbs_spacer=None;gc_cont=0.511,95.7,476,240,2.65e-172,234,7,240,1,234,mobileOG_000035630,tnpA,EBD26989.1,integration/excision,NA,Multiple,Homology,NODE_49_length_703_cov_351.506390_1, 1 # 702 # -1 , 1,702,-1 ,49_1,49,1,11,Edge,None,None,0.511,NODE_49_length_703_cov_351.506390,mobileOG_000035630_NODE_49_length_703_cov_351.506390
606,mobileOG_000051460|tnpA|NA|integration/excision|NA|COMPASS|Homology,NODE_49_length_703_cov_351.506390_1 # 1 # 702 # -1 # ID=49_1;partial=11;start_type=Edge;rbs_motif=None;rbs_spacer=None;gc_cont=0.511,95.7,476,240,2.65e-172,234,7,240,1,234,mobileOG_000051460,tnpA,NA,integration/excision,NA,COMPASS,Homology,NODE_49_length_703_cov_351.506390_1, 1 # 702 # -1 , 1,702,-1 ,49_1,49,1,11,Edge,None,None,0.511,NODE_49_length_703_cov_351.506390,mobileOG_000051460_NODE_49_length_703_cov_351.506390
607,mobileOG_000367942|tnpA|WP_162655265.1|integration/excision|NA|Plasmid RefSeq|Homology,NODE_49_length_703_cov_351.506390_1 # 1 # 702 # -1 # ID=49_1;partial=11;start_type=Edge;rbs_motif=None;rbs_spacer=None;gc_cont=0.511,95.7,476,241,2.74e-172,234,1,234,1,234,mobileOG_000367942,tnpA,WP_162655265.1,integration/excision,NA,Plasmid RefSeq,Homology,NODE_49_length_703_cov_351.506390_1, 1 # 702 # -1 , 1,702,-1 ,49_1,49,1,11,Edge,None,None,0.511,NODE_49_length_703_cov_351.506390,mobileOG_000367942_NODE_49_length_703_cov_351.506390
608,mobileOG_000366360|tnpA|WP_160243713.1|integration/excision|NA|Plasmid RefSeq|Homology,NODE_49_length_703_cov_351.506390_1 # 1 # 702 # -1 # ID=49_1;partial=11;start_type=Edge;rbs_motif=None;rbs_spacer=None;gc_cont=0.511,96.1,476,234,3.02e-172,234,1,233,1,233,mobileOG_000366360,tnpA,WP_160243713.1,integration/excision,NA,Plasmid RefSeq,Homology,NODE_49_length_703_cov_351.506390_1, 1 # 702 # -1 , 1,702,-1 ,49_1,49,1,11,Edge,None,None,0.511,NODE_49_length_703_cov_351.506390,mobileOG_000366360_NODE_49_length_703_cov_351.506390
609,mobileOG_000037012|tnpA|NA|integration/excision|NA|Multiple|Homology,NODE_49_length_703_cov_351.506390_1 # 1 # 702 # -1 # ID=49_1;partial=11;start_type=Edge;rbs_motif=None;rbs_spacer=None;gc_cont=0.511,95.3,476,234,4.29e-172,234,1,234,1,234,mobileOG_000037012,tnpA,NA,integration/excision,NA,Multiple,Homology,NODE_49_length_703_cov_351.506390_1, 1 # 702 # -1 , 1,702,-1 ,49_1,49,1,11,Edge,None,None,0.511,NODE_49_length_703_cov_351.506390,mobileOG_000037012_NODE_49_length_703_cov_351.506390
610,mobileOG_000287473|tnpA|NA|integration/excision|NA|Multiple|Homology,NODE_49_length_703_cov_351.506390_1 # 1 # 702 # -1 # ID=49_1;partial=11;start_type=Edge;rbs_motif=None;rbs_spacer=None;gc_cont=0.511,95.3,476,234,4.29e-172,234,1,234,1,234,mobileOG_000287473,tnpA,NA,integration/excision,NA,Multiple,Homology,NODE_49_length_703_cov_351.506390_1, 1 # 702 # -1 , 1,702,-1 ,49_1,49,1,11,Edge,None,None,0.511,NODE_49_length_703_cov_351.506390,mobileOG_000287473_NODE_49_length_703_cov_351.506390
611,mobileOG_000293367|tnpA|NA|integration/excision|NA|Plasmid RefSeq|Homology,NODE_49_length_703_cov_351.506390_1 # 1 # 702 # -1 # ID=49_1;partial=11;start_type=Edge;rbs_motif=None;rbs_spacer=None;gc_cont=0.511,95.3,476,234,4.29e-172,234,1,234,1,234,mobileOG_000293367,tnpA,NA,integration/excision,NA,Plasmid RefSeq,Homology,NODE_49_length_703_cov_351.506390_1, 1 # 702 # -1 , 1,702,-1 ,49_1,49,1,11,Edge,None,None,0.511,NODE_49_length_703_cov_351.506390,mobileOG_000293367_NODE_49_length_703_cov_351.506390
612,mobileOG_000366913|tnp|WP_162122749.1|integration/excision|NA|Plasmid RefSeq|Homology,NODE_54_length_560_cov_61.211180_1 # 358 # 558 # 1 # ID=54_1;partial=01;start_type=ATG;rbs_motif=None;rbs_spacer=None;gc_cont=0.547,91.0,128,231,6.76e-38,67,1,67,1,67,mobileOG_000366913,tnp,WP_162122749.1,integration/excision,NA,Plasmid RefSeq,Homology,NODE_54_length_560_cov_61.211180_1, 358 # 558 # 1 , 358,558,1 ,54_1,54,1,01,ATG,None,None,0.547,NODE_54_length_560_cov_61.211180,mobileOG_000366913_NODE_54_length_560_cov_61.211180
613,mobileOG_000317617|tnp|WP_126940192.1|integration/excision|NA|Plasmid RefSeq|Homology,NODE_62_length_425_cov_121.609195_1 # 1 # 423 # 1 # ID=62_1;partial=11;start_type=Edge;rbs_motif=None;rbs_spacer=None;gc_cont=0.537,90.5,245,231,1.60e-82,141,1,137,5,141,mobileOG_000317617,tnp,WP_126940192.1,integration/excision,NA,Plasmid RefSeq,Homology,NODE_62_length_425_cov_121.609195_1, 1 # 423 # 1 , 1,423,1 ,62_1,62,1,11,Edge,None,None,0.537,NODE_62_length_425_cov_121.609195,mobileOG_000317617_NODE_62_length_425_cov_121.609195
614,mobileOG_000050654|tnp1|WP_000537152.1|integration/excision|NA|Multiple|Homology,NODE_63_length_403_cov_113.180982_1 # 77 # 361 # -1 # ID=63_1;partial=00;start_type=ATG;rbs_motif=AGxAGG/AGGxGG;rbs_spacer=5-10bp;gc_cont=0.523,98.9,177,94,1.28e-58,95,1,94,1,94,mobileOG_000050654,tnp1,WP_000537152.1,integration/excision,NA,Multiple,Homology,NODE_63_length_403_cov_113.180982_1, 77 # 361 # -1 , 77,361,-1 ,63_1,63,1,00,ATG,AGxAGG/AGGxGG,5-10bp,0.523,NODE_63_length_403_cov_113.180982,mobileOG_000050654_NODE_63_length_403_cov_113.180982
615,mobileOG_000375648|tnp1|WP_063135767.1|integration/excision|NA|Multiple|Homology,NODE_63_length_403_cov_113.180982_1 # 77 # 361 # -1 # ID=63_1;partial=00;start_type=ATG;rbs_motif=AGxAGG/AGGxGG;rbs_spacer=5-10bp;gc_cont=0.523,97.9,176,94,3.68e-58,95,1,94,1,94,mobileOG_000375648,tnp1,WP_063135767.1,integration/excision,NA,Multiple,Homology,NODE_63_length_403_cov_113.180982_1, 77 # 361 # -1 , 77,361,-1 ,63_1,63,1,00,ATG,AGxAGG/AGGxGG,5-10bp,0.523,NODE_63_length_403_cov_113.180982,mobileOG_000375648_NODE_63_length_403_cov_113.180982
616,mobileOG_000049230|tnp1|WP_000537152.1|integration/excision|NA|COMPASS|Homology,NODE_63_length_403_cov_113.180982_1 # 77 # 361 # -1 # ID=63_1;partial=00;start_type=ATG;rbs_motif=AGxAGG/AGGxGG;rbs_spacer=5-10bp;gc_cont=0.523,97.9,176,94,5.23e-58,95,1,94,1,94,mobileOG_000049230,tnp1,WP_000537152.1,integration/excision,NA,COMPASS,Homology,NODE_63_length_403_cov_113.180982_1, 77 # 361 # -1 , 77,361,-1 ,63_1,63,1,00,ATG,AGxAGG/AGGxGG,5-10bp,0.523,NODE_63_length_403_cov_113.180982,mobileOG_000049230_NODE_63_length_403_cov_113.180982
617,mobileOG_000352787|tnp1|WP_064786215.1|integration/excision|NA|Plasmid RefSeq|Homology,NODE_63_length_403_cov_113.180982_1 # 77 # 361 # -1 # ID=63_1;partial=00;start_type=ATG;rbs_motif=AGxAGG/AGGxGG;rbs_spacer=5-10bp;gc_cont=0.523,97.9,176,94,7.42e-58,95,1,94,1,94,mobileOG_000352787,tnp1,WP_064786215.1,integration/excision,NA,Plasmid RefSeq,Homology,NODE_63_length_403_cov_113.180982_1, 77 # 361 # -1 , 77,361,-1 ,63_1,63,1,00,ATG,AGxAGG/AGGxGG,5-10bp,0.523,NODE_63_length_403_cov_113.180982,mobileOG_000352787_NODE_63_length_403_cov_113.180982
618,mobileOG_000046972|tnp1|A0A508U9M3|integration/excision|NA|COMPASS|Homology,NODE_63_length_403_cov_113.180982_1 # 77 # 361 # -1 # ID=63_1;partial=00;start_type=ATG;rbs_motif=AGxAGG/AGGxGG;rbs_spacer=5-10bp;gc_cont=0.523,97.9,175,94,1.06e-57,95,1,94,1,94,mobileOG_000046972,tnp1,A0A508U9M3,integration/excision,NA,COMPASS,Homology,NODE_63_length_403_cov_113.180982_1, 77 # 361 # -1 , 77,361,-1 ,63_1,63,1,00,ATG,AGxAGG/AGGxGG,5-10bp,0.523,NODE_63_length_403_cov_113.180982,mobileOG_000046972_NODE_63_length_403_cov_113.180982
619,mobileOG_000275230|tnp1|A0A0P8H5X1|integration/excision|NA|ISFinder|Homology,NODE_63_length_403_cov_113.180982_1 # 77 # 361 # -1 # ID=63_1;partial=00;start_type=ATG;rbs_motif=AGxAGG/AGGxGG;rbs_spacer=5-10bp;gc_cont=0.523,97.9,175,94,1.06e-57,95,1,94,1,94,mobileOG_000275230,tnp1,A0A0P8H5X1,integration/excision,NA,ISFinder,Homology,NODE_63_length_403_cov_113.180982_1, 77 # 361 # -1 , 77,361,-1 ,63_1,63,1,00,ATG,AGxAGG/AGGxGG,5-10bp,0.523,NODE_63_length_403_cov_113.180982,mobileOG_000275230_NODE_63_length_403_cov_113.180982
620,mobileOG_000302416|tnp1|WP_000537152.1|integration/excision|NA|Plasmid RefSeq|Homology,NODE_63_length_403_cov_113.180982_1 # 77 # 361 # -1 # ID=63_1;partial=00;start_type=ATG;rbs_motif=AGxAGG/AGGxGG;rbs_spacer=5-10bp;gc_cont=0.523,97.9,175,94,1.06e-57,95,1,94,1,94,mobileOG_000302416,tnp1,WP_000537152.1,integration/excision,NA,Plasmid RefSeq,Homology,NODE_63_length_403_cov_113.180982_1, 77 # 361 # -1 , 77,361,-1 ,63_1,63,1,00,ATG,AGxAGG/AGGxGG,5-10bp,0.523,NODE_63_length_403_cov_113.180982,mobileOG_000302416_NODE_63_length_403_cov_113.180982
621,mobileOG_000074426|tnp1|WP_095907061.1|integration/excision|NA|Multiple|Homology,NODE_63_length_403_cov_113.180982_1 # 77 # 361 # -1 # ID=63_1;partial=00;start_type=ATG;rbs_motif=AGxAGG/AGGxGG;rbs_spacer=5-10bp;gc_cont=0.523,97.9,175,94,1.50e-57,95,1,94,1,94,mobileOG_000074426,tnp1,WP_095907061.1,integration/excision,NA,Multiple,Homology,NODE_63_length_403_cov_113.180982_1, 77 # 361 # -1 , 77,361,-1 ,63_1,63,1,00,ATG,AGxAGG/AGGxGG,5-10bp,0.523,NODE_63_length_403_cov_113.180982,mobileOG_000074426_NODE_63_length_403_cov_113.180982
622,mobileOG_000243338|tnp1|A0A0K4KQA2|integration/excision|NA|GPD|Homology,NODE_63_length_403_cov_113.180982_1 # 77 # 361 # -1 # ID=63_1;partial=00;start_type=ATG;rbs_motif=AGxAGG/AGGxGG;rbs_spacer=5-10bp;gc_cont=0.523,96.8,174,94,2.13e-57,95,1,94,1,94,mobileOG_000243338,tnp1,A0A0K4KQA2,integration/excision,NA,GPD,Homology,NODE_63_length_403_cov_113.180982_1, 77 # 361 # -1 , 77,361,-1 ,63_1,63,1,00,ATG,AGxAGG/AGGxGG,5-10bp,0.523,NODE_63_length_403_cov_113.180982,mobileOG_000243338_NODE_63_length_403_cov_113.180982
623,mobileOG_000071106|tnp1|WP_000537154.1|integration/excision|NA|Multiple|Homology,NODE_63_length_403_cov_113.180982_1 # 77 # 361 # -1 # ID=63_1;partial=00;start_type=ATG;rbs_motif=AGxAGG/AGGxGG;rbs_spacer=5-10bp;gc_cont=0.523,96.8,174,94,4.30e-57,95,1,94,1,94,mobileOG_000071106,tnp1,WP_000537154.1,integration/excision,NA,Multiple,Homology,NODE_63_length_403_cov_113.180982_1, 77 # 361 # -1 , 77,361,-1 ,63_1,63,1,00,ATG,AGxAGG/AGGxGG,5-10bp,0.523,NODE_63_length_403_cov_113.180982,mobileOG_000071106_NODE_63_length_403_cov_113.180982
624,mobileOG_000043663|tnp1|WP_000537152.1|integration/excision|NA|COMPASS|Homology,NODE_63_length_403_cov_113.180982_1 # 77 # 361 # -1 # ID=63_1;partial=00;start_type=ATG;rbs_motif=AGxAGG/AGGxGG;rbs_spacer=5-10bp;gc_cont=0.523,94.7,173,94,6.11e-57,95,1,94,1,94,mobileOG_000043663,tnp1,WP_000537152.1,integration/excision,NA,COMPASS,Homology,NODE_63_length_403_cov_113.180982_1, 77 # 361 # -1 , 77,361,-1 ,63_1,63,1,00,ATG,AGxAGG/AGGxGG,5-10bp,0.523,NODE_63_length_403_cov_113.180982,mobileOG_000043663_NODE_63_length_403_cov_113.180982
625,mobileOG_000290785|tnp1|WP_000537152.1|integration/excision|NA|Plasmid RefSeq|Homology,NODE_63_length_403_cov_113.180982_1 # 77 # 361 # -1 # ID=63_1;partial=00;start_type=ATG;rbs_motif=AGxAGG/AGGxGG;rbs_spacer=5-10bp;gc_cont=0.523,96.8,173,94,6.11e-57,95,1,94,1,94,mobileOG_000290785,tnp1,WP_000537152.1,integration/excision,NA,Plasmid RefSeq,Homology,NODE_63_length_403_cov_113.180982_1, 77 # 361 # -1 , 77,361,-1 ,63_1,63,1,00,ATG,AGxAGG/AGGxGG,5-10bp,0.523,NODE_63_length_403_cov_113.180982,mobileOG_000290785_NODE_63_length_403_cov_113.180982
626,mobileOG_000053062|tnp1|A0A3Z3TPC5|integration/excision|NA|COMPASS|Homology,NODE_63_length_403_cov_113.180982_1 # 77 # 361 # -1 # ID=63_1;partial=00;start_type=ATG;rbs_motif=AGxAGG/AGGxGG;rbs_spacer=5-10bp;gc_cont=0.523,94.7,169,94,2.05e-55,95,1,94,1,94,mobileOG_000053062,tnp1,A0A3Z3TPC5,integration/excision,NA,COMPASS,Homology,NODE_63_length_403_cov_113.180982_1, 77 # 361 # -1 , 77,361,-1 ,63_1,63,1,00,ATG,AGxAGG/AGGxGG,5-10bp,0.523,NODE_63_length_403_cov_113.180982,mobileOG_000053062_NODE_63_length_403_cov_113.180982
627,mobileOG_000048936|tnp1|A0A486AHD7|integration/excision|NA|COMPASS|Homology,NODE_63_length_403_cov_113.180982_1 # 77 # 361 # -1 # ID=63_1;partial=00;start_type=ATG;rbs_motif=AGxAGG/AGGxGG;rbs_spacer=5-10bp;gc_cont=0.523,92.6,164,94,2.80e-53,95,1,94,1,94,mobileOG_000048936,tnp1,A0A486AHD7,integration/excision,NA,COMPASS,Homology,NODE_63_length_403_cov_113.180982_1, 77 # 361 # -1 , 77,361,-1 ,63_1,63,1,00,ATG,AGxAGG/AGGxGG,5-10bp,0.523,NODE_63_length_403_cov_113.180982,mobileOG_000048936_NODE_63_length_403_cov_113.180982
628,mobileOG_000066356|tnp1|A0A2U4EEJ9|integration/excision|NA|COMPASS|Homology,NODE_63_length_403_cov_113.180982_1 # 77 # 361 # -1 # ID=63_1;partial=00;start_type=ATG;rbs_motif=AGxAGG/AGGxGG;rbs_spacer=5-10bp;gc_cont=0.523,92.5,162,94,1.14e-52,95,1,93,1,93,mobileOG_000066356,tnp1,A0A2U4EEJ9,integration/excision,NA,COMPASS,Homology,NODE_63_length_403_cov_113.180982_1, 77 # 361 # -1 , 77,361,-1 ,63_1,63,1,00,ATG,AGxAGG/AGGxGG,5-10bp,0.523,NODE_63_length_403_cov_113.180982,mobileOG_000066356_NODE_63_length_403_cov_113.180982
629,mobileOG_000736418|NA:Keyword|A0A1C3HMW2|integration/excision|NA|Plasmid RefSeq|Keyword Search,NODE_70_length_288_cov_49.597156_1 # 2 # 175 # -1 # ID=70_1;partial=10;start_type=ATG;rbs_motif=None;rbs_spacer=None;gc_cont=0.603,96.6,117,89,2.09e-35,58,19,76,1,58,mobileOG_000736418,NA:Keyword,A0A1C3HMW2,integration/excision,NA,Plasmid RefSeq,Keyword Search,NODE_70_length_288_cov_49.597156_1, 2 # 175 # -1 , 2,175,-1 ,70_1,70,1,10,ATG,None,None,0.603,NODE_70_length_288_cov_49.597156,mobileOG_000736418_NODE_70_length_288_cov_49.597156
630,mobileOG_000418920|NA:Keyword|WP_166479509.1|integration/excision|NA|COMPASS|Keyword Search,NODE_70_length_288_cov_49.597156_1 # 2 # 175 # -1 # ID=70_1;partial=10;start_type=ATG;rbs_motif=None;rbs_spacer=None;gc_cont=0.603,96.6,115,213,2.75e-33,58,143,200,1,58,mobileOG_000418920,NA:Keyword,WP_166479509.1,integration/excision,NA,COMPASS,Keyword Search,NODE_70_length_288_cov_49.597156_1, 2 # 175 # -1 , 2,175,-1 ,70_1,70,1,10,ATG,None,None,0.603,NODE_70_length_288_cov_49.597156,mobileOG_000418920_NODE_70_length_288_cov_49.597156
631,mobileOG_000343850|tnp|WP_033641513.1|integration/excision|NA|Multiple|Homology,NODE_70_length_288_cov_49.597156_1 # 2 # 175 # -1 # ID=70_1;partial=10;start_type=ATG;rbs_motif=None;rbs_spacer=None;gc_cont=0.603,94.8,116,282,9.64e-33,58,212,269,1,58,mobileOG_000343850,tnp,WP_033641513.1,integration/excision,NA,Multiple,Homology,NODE_70_length_288_cov_49.597156_1, 2 # 175 # -1 , 2,175,-1 ,70_1,70,1,10,ATG,None,None,0.603,NODE_70_length_288_cov_49.597156,mobileOG_000343850_NODE_70_length_288_cov_49.597156
632,mobileOG_000289775|tnp|WP_166479509.1|integration/excision|NA|Plasmid RefSeq|Homology,NODE_70_length_288_cov_49.597156_1 # 2 # 175 # -1 # ID=70_1;partial=10;start_type=ATG;rbs_motif=None;rbs_spacer=None;gc_cont=0.603,96.6,115,407,1.11e-31,58,337,394,1,58,mobileOG_000289775,tnp,WP_166479509.1,integration/excision,NA,Plasmid RefSeq,Homology,NODE_70_length_288_cov_49.597156_1, 2 # 175 # -1 , 2,175,-1 ,70_1,70,1,10,ATG,None,None,0.603,NODE_70_length_288_cov_49.597156,mobileOG_000289775_NODE_70_length_288_cov_49.597156
633,mobileOG_000370713|tnp|WP_166479509.1|integration/excision|NA|Plasmid RefSeq|Homology,NODE_70_length_288_cov_49.597156_1 # 2 # 175 # -1 # ID=70_1;partial=10;start_type=ATG;rbs_motif=None;rbs_spacer=None;gc_cont=0.603,96.6,115,407,1.11e-31,58,337,394,1,58,mobileOG_000370713,tnp,WP_166479509.1,integration/excision,NA,Plasmid RefSeq,Homology,NODE_70_length_288_cov_49.597156_1, 2 # 175 # -1 , 2,175,-1 ,70_1,70,1,10,ATG,None,None,0.603,NODE_70_length_288_cov_49.597156,mobileOG_000370713_NODE_70_length_288_cov_49.597156
634,mobileOG_000340469|tnp|WP_142816538.1|integration/excision|NA|Plasmid RefSeq|Homology,NODE_70_length_288_cov_49.597156_1 # 2 # 175 # -1 # ID=70_1;partial=10;start_type=ATG;rbs_motif=None;rbs_spacer=None;gc_cont=0.603,93.1,114,407,4.22e-31,58,337,394,1,58,mobileOG_000340469,tnp,WP_142816538.1,integration/excision,NA,Plasmid RefSeq,Homology,NODE_70_length_288_cov_49.597156_1, 2 # 175 # -1 , 2,175,-1 ,70_1,70,1,10,ATG,None,None,0.603,NODE_70_length_288_cov_49.597156,mobileOG_000340469_NODE_70_length_288_cov_49.597156
635,mobileOG_000340472|tnp|WP_142816584.1|integration/excision|NA|Plasmid RefSeq|Homology,NODE_70_length_288_cov_49.597156_1 # 2 # 175 # -1 # ID=70_1;partial=10;start_type=ATG;rbs_motif=None;rbs_spacer=None;gc_cont=0.603,93.1,114,407,4.22e-31,58,337,394,1,58,mobileOG_000340472,tnp,WP_142816584.1,integration/excision,NA,Plasmid RefSeq,Homology,NODE_70_length_288_cov_49.597156_1, 2 # 175 # -1 , 2,175,-1 ,70_1,70,1,10,ATG,None,None,0.603,NODE_70_length_288_cov_49.597156,mobileOG_000340472_NODE_70_length_288_cov_49.597156
636,mobileOG_000316302|tnp|WP_121097644.1|integration/excision|NA|Plasmid RefSeq|Homology,NODE_70_length_288_cov_49.597156_1 # 2 # 175 # -1 # ID=70_1;partial=10;start_type=ATG;rbs_motif=None;rbs_spacer=None;gc_cont=0.603,93.1,114,407,5.89e-31,58,337,394,1,58,mobileOG_000316302,tnp,WP_121097644.1,integration/excision,NA,Plasmid RefSeq,Homology,NODE_70_length_288_cov_49.597156_1, 2 # 175 # -1 , 2,175,-1 ,70_1,70,1,10,ATG,None,None,0.603,NODE_70_length_288_cov_49.597156,mobileOG_000316302_NODE_70_length_288_cov_49.597156
637,mobileOG_000340116|tnp|WP_142076322.1|integration/excision|NA|Plasmid RefSeq|Homology,NODE_70_length_288_cov_49.597156_1 # 2 # 175 # -1 # ID=70_1;partial=10;start_type=ATG;rbs_motif=None;rbs_spacer=None;gc_cont=0.603,96.5,114,407,5.89e-31,58,337,393,1,57,mobileOG_000340116,tnp,WP_142076322.1,integration/excision,NA,Plasmid RefSeq,Homology,NODE_70_length_288_cov_49.597156_1, 2 # 175 # -1 , 2,175,-1 ,70_1,70,1,10,ATG,None,None,0.603,NODE_70_length_288_cov_49.597156,mobileOG_000340116_NODE_70_length_288_cov_49.597156
638,mobileOG_000343904|tnp|WP_128383108.1|integration/excision|NA|Plasmid RefSeq|Homology,NODE_70_length_288_cov_49.597156_1 # 2 # 175 # -1 # ID=70_1;partial=10;start_type=ATG;rbs_motif=None;rbs_spacer=None;gc_cont=0.603,91.4,113,407,1.14e-30,58,337,394,1,58,mobileOG_000343904,tnp,WP_128383108.1,integration/excision,NA,Plasmid RefSeq,Homology,NODE_70_length_288_cov_49.597156_1, 2 # 175 # -1 , 2,175,-1 ,70_1,70,1,10,ATG,None,None,0.603,NODE_70_length_288_cov_49.597156,mobileOG_000343904_NODE_70_length_288_cov_49.597156
639,mobileOG_000750269|NA:Keyword|WP_128383108.1|integration/excision|NA|Plasmid RefSeq|Keyword Search,NODE_70_length_288_cov_49.597156_1 # 2 # 175 # -1 # ID=70_1;partial=10;start_type=ATG;rbs_motif=None;rbs_spacer=None;gc_cont=0.603,91.4,113,414,1.24e-30,58,344,401,1,58,mobileOG_000750269,NA:Keyword,WP_128383108.1,integration/excision,NA,Plasmid RefSeq,Keyword Search,NODE_70_length_288_cov_49.597156_1, 2 # 175 # -1 , 2,175,-1 ,70_1,70,1,10,ATG,None,None,0.603,NODE_70_length_288_cov_49.597156,mobileOG_000750269_NODE_70_length_288_cov_49.597156
640,mobileOG_000757063|NA:Keyword|A0A4R0FPQ6|integration/excision|NA|Plasmid RefSeq|Keyword Search,NODE_70_length_288_cov_49.597156_1 # 2 # 175 # -1 # ID=70_1;partial=10;start_type=ATG;rbs_motif=None;rbs_spacer=None;gc_cont=0.603,91.4,112,407,1.60e-30,58,337,394,1,58,mobileOG_000757063,NA:Keyword,A0A4R0FPQ6,integration/excision,NA,Plasmid RefSeq,Keyword Search,NODE_70_length_288_cov_49.597156_1, 2 # 175 # -1 , 2,175,-1 ,70_1,70,1,10,ATG,None,None,0.603,NODE_70_length_288_cov_49.597156,mobileOG_000757063_NODE_70_length_288_cov_49.597156
641,mobileOG_000294361|insF1|WP_077946840.1|integration/excision|NA|Plasmid RefSeq|Homology,NODE_79_length_175_cov_82.479592_1 # 2 # 175 # -1 # ID=79_1;partial=11;start_type=Edge;rbs_motif=None;rbs_spacer=None;gc_cont=0.534,100,124,284,5.25e-36,58,2,59,1,58,mobileOG_000294361,insF1,WP_077946840.1,integration/excision,NA,Plasmid RefSeq,Homology,NODE_79_length_175_cov_82.479592_1, 2 # 175 # -1 , 2,175,-1 ,79_1,79,1,11,Edge,None,None,0.534,NODE_79_length_175_cov_82.479592,mobileOG_000294361_NODE_79_length_175_cov_82.479592
642,mobileOG_000306319|insF1|WP_095907060.1|integration/excision|NA|Plasmid RefSeq|Homology,NODE_79_length_175_cov_82.479592_1 # 2 # 175 # -1 # ID=79_1;partial=11;start_type=Edge;rbs_motif=None;rbs_spacer=None;gc_cont=0.534,100,124,284,5.25e-36,58,2,59,1,58,mobileOG_000306319,insF1,WP_095907060.1,integration/excision,NA,Plasmid RefSeq,Homology,NODE_79_length_175_cov_82.479592_1, 2 # 175 # -1 , 2,175,-1 ,79_1,79,1,11,Edge,None,None,0.534,NODE_79_length_175_cov_82.479592,mobileOG_000306319_NODE_79_length_175_cov_82.479592
643,mobileOG_000310425|insF1|WP_077946840.1|integration/excision|NA|Plasmid RefSeq|Homology,NODE_79_length_175_cov_82.479592_1 # 2 # 175 # -1 # ID=79_1;partial=11;start_type=Edge;rbs_motif=None;rbs_spacer=None;gc_cont=0.534,100,124,284,5.25e-36,58,2,59,1,58,mobileOG_000310425,insF1,WP_077946840.1,integration/excision,NA,Plasmid RefSeq,Homology,NODE_79_length_175_cov_82.479592_1, 2 # 175 # -1 , 2,175,-1 ,79_1,79,1,11,Edge,None,None,0.534,NODE_79_length_175_cov_82.479592,mobileOG_000310425_NODE_79_length_175_cov_82.479592
644,mobileOG_000310463|insF1|WP_077905131.1|integration/excision|NA|Plasmid RefSeq|Homology,NODE_79_length_175_cov_82.479592_1 # 2 # 175 # -1 # ID=79_1;partial=11;start_type=Edge;rbs_motif=None;rbs_spacer=None;gc_cont=0.534,100,124,284,5.25e-36,58,2,59,1,58,mobileOG_000310463,insF1,WP_077905131.1,integration/excision,NA,Plasmid RefSeq,Homology,NODE_79_length_175_cov_82.479592_1, 2 # 175 # -1 , 2,175,-1 ,79_1,79,1,11,Edge,None,None,0.534,NODE_79_length_175_cov_82.479592,mobileOG_000310463_NODE_79_length_175_cov_82.479592
645,mobileOG_000310533|insF1|WP_079007625.1|integration/excision|NA|Plasmid RefSeq|Homology,NODE_79_length_175_cov_82.479592_1 # 2 # 175 # -1 # ID=79_1;partial=11;start_type=Edge;rbs_motif=None;rbs_spacer=None;gc_cont=0.534,100,124,284,5.25e-36,58,2,59,1,58,mobileOG_000310533,insF1,WP_079007625.1,integration/excision,NA,Plasmid RefSeq,Homology,NODE_79_length_175_cov_82.479592_1, 2 # 175 # -1 , 2,175,-1 ,79_1,79,1,11,Edge,None,None,0.534,NODE_79_length_175_cov_82.479592,mobileOG_000310533_NODE_79_length_175_cov_82.479592
646,mobileOG_000310616|insF1|WP_084833317.1|integration/excision|NA|Plasmid RefSeq|Homology,NODE_79_length_175_cov_82.479592_1 # 2 # 175 # -1 # ID=79_1;partial=11;start_type=Edge;rbs_motif=None;rbs_spacer=None;gc_cont=0.534,100,124,284,5.25e-36,58,2,59,1,58,mobileOG_000310616,insF1,WP_084833317.1,integration/excision,NA,Plasmid RefSeq,Homology,NODE_79_length_175_cov_82.479592_1, 2 # 175 # -1 , 2,175,-1 ,79_1,79,1,11,Edge,None,None,0.534,NODE_79_length_175_cov_82.479592,mobileOG_000310616_NODE_79_length_175_cov_82.479592
647,mobileOG_000317428|insF1|A0A427BW89|integration/excision|NA|Plasmid RefSeq|Homology,NODE_79_length_175_cov_82.479592_1 # 2 # 175 # -1 # ID=79_1;partial=11;start_type=Edge;rbs_motif=None;rbs_spacer=None;gc_cont=0.534,100,124,284,5.25e-36,58,2,59,1,58,mobileOG_000317428,insF1,A0A427BW89,integration/excision,NA,Plasmid RefSeq,Homology,NODE_79_length_175_cov_82.479592_1, 2 # 175 # -1 , 2,175,-1 ,79_1,79,1,11,Edge,None,None,0.534,NODE_79_length_175_cov_82.479592,mobileOG_000317428_NODE_79_length_175_cov_82.479592
648,mobileOG_000352804|insF1|WP_154074248.1|integration/excision|NA|Plasmid RefSeq|Homology,NODE_79_length_175_cov_82.479592_1 # 2 # 175 # -1 # ID=79_1;partial=11;start_type=Edge;rbs_motif=None;rbs_spacer=None;gc_cont=0.534,100,124,284,5.25e-36,58,2,59,1,58,mobileOG_000352804,insF1,WP_154074248.1,integration/excision,NA,Plasmid RefSeq,Homology,NODE_79_length_175_cov_82.479592_1, 2 # 175 # -1 , 2,175,-1 ,79_1,79,1,11,Edge,None,None,0.534,NODE_79_length_175_cov_82.479592,mobileOG_000352804_NODE_79_length_175_cov_82.479592
649,mobileOG_000275231|insF1|A0A3U2S087|integration/excision|NA|ISFinder|Homology,NODE_79_length_175_cov_82.479592_1 # 2 # 175 # -1 # ID=79_1;partial=11;start_type=Edge;rbs_motif=None;rbs_spacer=None;gc_cont=0.534,100,124,316,1.04e-35,58,34,91,1,58,mobileOG_000275231,insF1,A0A3U2S087,integration/excision,NA,ISFinder,Homology,NODE_79_length_175_cov_82.479592_1, 2 # 175 # -1 , 2,175,-1 ,79_1,79,1,11,Edge,None,None,0.534,NODE_79_length_175_cov_82.479592,mobileOG_000275231_NODE_79_length_175_cov_82.479592
650,mobileOG_000291027|insF1|WP_077946840.1|integration/excision|NA|Plasmid RefSeq|Homology,NODE_79_length_175_cov_82.479592_1 # 2 # 175 # -1 # ID=79_1;partial=11;start_type=Edge;rbs_motif=None;rbs_spacer=None;gc_cont=0.534,96.6,122,284,2.93e-35,58,2,59,1,58,mobileOG_000291027,insF1,WP_077946840.1,integration/excision,NA,Plasmid RefSeq,Homology,NODE_79_length_175_cov_82.479592_1, 2 # 175 # -1 , 2,175,-1 ,79_1,79,1,11,Edge,None,None,0.534,NODE_79_length_175_cov_82.479592,mobileOG_000291027_NODE_79_length_175_cov_82.479592
651,mobileOG_000275232|insF1|A0A5C1PBB7|integration/excision|NA|ISFinder|Homology,NODE_79_length_175_cov_82.479592_1 # 2 # 175 # -1 # ID=79_1;partial=11;start_type=Edge;rbs_motif=None;rbs_spacer=None;gc_cont=0.534,100,124,399,4.52e-35,58,117,174,1,58,mobileOG_000275232,insF1,A0A5C1PBB7,integration/excision,NA,ISFinder,Homology,NODE_79_length_175_cov_82.479592_1, 2 # 175 # -1 , 2,175,-1 ,79_1,79,1,11,Edge,None,None,0.534,NODE_79_length_175_cov_82.479592,mobileOG_000275232_NODE_79_length_175_cov_82.479592
652,mobileOG_000283780|insF1|A0A4U6HN75|integration/excision|NA|Plasmid RefSeq|Homology,NODE_79_length_175_cov_82.479592_1 # 2 # 175 # -1 # ID=79_1;partial=11;start_type=Edge;rbs_motif=None;rbs_spacer=None;gc_cont=0.534,96.6,120,284,2.30e-34,58,2,59,1,58,mobileOG_000283780,insF1,A0A4U6HN75,integration/excision,NA,Plasmid RefSeq,Homology,NODE_79_length_175_cov_82.479592_1, 2 # 175 # -1 , 2,175,-1 ,79_1,79,1,11,Edge,None,None,0.534,NODE_79_length_175_cov_82.479592,mobileOG_000283780_NODE_79_length_175_cov_82.479592
653,mobileOG_000284262|insF1|A0A4U6HN75|integration/excision|NA|Plasmid RefSeq|Homology,NODE_79_length_175_cov_82.479592_1 # 2 # 175 # -1 # ID=79_1;partial=11;start_type=Edge;rbs_motif=None;rbs_spacer=None;gc_cont=0.534,96.6,120,284,2.30e-34,58,2,59,1,58,mobileOG_000284262,insF1,A0A4U6HN75,integration/excision,NA,Plasmid RefSeq,Homology,NODE_79_length_175_cov_82.479592_1, 2 # 175 # -1 , 2,175,-1 ,79_1,79,1,11,Edge,None,None,0.534,NODE_79_length_175_cov_82.479592,mobileOG_000284262_NODE_79_length_175_cov_82.479592
654,mobileOG_000310532|insF1|WP_077253370.1|integration/excision|NA|Plasmid RefSeq|Homology,NODE_79_length_175_cov_82.479592_1 # 2 # 175 # -1 # ID=79_1;partial=11;start_type=Edge;rbs_motif=None;rbs_spacer=None;gc_cont=0.534,96.6,120,284,2.30e-34,58,2,59,1,58,mobileOG_000310532,insF1,WP_077253370.1,integration/excision,NA,Plasmid RefSeq,Homology,NODE_79_length_175_cov_82.479592_1, 2 # 175 # -1 , 2,175,-1 ,79_1,79,1,11,Edge,None,None,0.534,NODE_79_length_175_cov_82.479592,mobileOG_000310532_NODE_79_length_175_cov_82.479592
655,mobileOG_000278965|insF1|WP_169040185.1|integration/excision|NA|Plasmid RefSeq|Homology,NODE_79_length_175_cov_82.479592_1 # 2 # 175 # -1 # ID=79_1;partial=11;start_type=Edge;rbs_motif=None;rbs_spacer=None;gc_cont=0.534,96.6,119,284,9.10e-34,58,2,59,1,58,mobileOG_000278965,insF1,WP_169040185.1,integration/excision,NA,Plasmid RefSeq,Homology,NODE_79_length_175_cov_82.479592_1, 2 # 175 # -1 , 2,175,-1 ,79_1,79,1,11,Edge,None,None,0.534,NODE_79_length_175_cov_82.479592,mobileOG_000278965_NODE_79_length_175_cov_82.479592
