,Sequence Title,Query Title,Pident,Bitscore,Subject Sequence Length,e-value,Query Sequence Length,Start of Alignment in Subject,End of Alignment in Query,Start of Alignment in Query,End of Alignment in Query,mobileOG ID,Gene Name,Best Hit Accession ID,Major mobileOG Category,Minor mobileOG Category,Source Database,Evidence Type,Contig/ORF Name,ORF_Start_Stop_Strands,ORF_Start,ORF_End,Sense or Antisense Strand,Prodigal ID,Prodigal Designated Contigs,Unique_ORF,Partial Tag,Start Codon,RBS Motif,RBS Spacer,GC Content,Specific Contig,Final Sample Name
0,mobileOG_000322589|pif|WP_131099856.1|stability/transfer/defense|NA|Plasmid RefSeq|Homology,NODE_1_length_723075_cov_50.054105_321 # 320411 # 320842 # -1 # ID=1_321;partial=00;start_type=TTG;rbs_motif=GGA/GAG/AGG;rbs_spacer=5-10bp;gc_cont=0.350,93.0,270,143,1.66e-93,144,1,143,1,143,mobileOG_000322589,pif,WP_131099856.1,stability/transfer/defense,NA,Plasmid RefSeq,Homology,NODE_1_length_723075_cov_50.054105_321, 320411 # 320842 # -1 , 320411,320842,-1 ,1_321,1,321,00,TTG,GGA/GAG/AGG,5-10bp,0.350,NODE_1_length_723075_cov_50.054105,mobileOG_000322589_NODE_1_length_723075_cov_50.054105
1,mobileOG_000395533|NA:Keyword|A0A2B0LI12|integration/excision|NA|COMPASS|Keyword Search,NODE_2_length_504228_cov_52.083931_179 # 164913 # 165062 # -1 # ID=2_179;partial=00;start_type=ATG;rbs_motif=None;rbs_spacer=None;gc_cont=0.340,91.3,88.2,348,9.39e-22,50,303,348,4,49,mobileOG_000395533,NA:Keyword,A0A2B0LI12,integration/excision,NA,COMPASS,Keyword Search,NODE_2_length_504228_cov_52.083931_179, 164913 # 165062 # -1 , 164913,165062,-1 ,2_179,2,179,00,ATG,None,None,0.340,NODE_2_length_504228_cov_52.083931,mobileOG_000395533_NODE_2_length_504228_cov_52.083931
2,mobileOG_000352630|tnpA|WP_000204927.1|integration/excision|NA|Multiple|Homology,NODE_2_length_504228_cov_52.083931_179 # 164913 # 165062 # -1 # ID=2_179;partial=00;start_type=ATG;rbs_motif=None;rbs_spacer=None;gc_cont=0.340,91.3,88.6,982,1.58e-21,50,937,982,4,49,mobileOG_000352630,tnpA,WP_000204927.1,integration/excision,NA,Multiple,Homology,NODE_2_length_504228_cov_52.083931_179, 164913 # 165062 # -1 , 164913,165062,-1 ,2_179,2,179,00,ATG,None,None,0.340,NODE_2_length_504228_cov_52.083931,mobileOG_000352630_NODE_2_length_504228_cov_52.083931
3,mobileOG_000724413|NA:Keyword|A0A380XQA6|integration/excision|NA|ISFinder|Keyword Search,NODE_2_length_504228_cov_52.083931_509 # 485359 # 485811 # 1 # ID=2_509;partial=00;start_type=ATG;rbs_motif=GGA/GAG/AGG;rbs_spacer=5-10bp;gc_cont=0.309,93.3,284,150,6.40e-99,151,1,150,1,150,mobileOG_000724413,NA:Keyword,A0A380XQA6,integration/excision,NA,ISFinder,Keyword Search,NODE_2_length_504228_cov_52.083931_509, 485359 # 485811 # 1 , 485359,485811,1 ,2_509,2,509,00,ATG,GGA/GAG/AGG,5-10bp,0.309,NODE_2_length_504228_cov_52.083931,mobileOG_000724413_NODE_2_length_504228_cov_52.083931
4,mobileOG_000724414|NA:Keyword|A0A2B1U0L1|integration/excision|NA|ISFinder|Keyword Search,NODE_2_length_504228_cov_52.083931_510 # 485808 # 486965 # 1 # ID=2_510;partial=00;start_type=ATG;rbs_motif=GGAG/GAGG;rbs_spacer=5-10bp;gc_cont=0.333,97.8,710,361,3.24e-260,386,1,361,25,385,mobileOG_000724414,NA:Keyword,A0A2B1U0L1,integration/excision,NA,ISFinder,Keyword Search,NODE_2_length_504228_cov_52.083931_510, 485808 # 486965 # 1 , 485808,486965,1 ,2_510,2,510,00,ATG,GGAG/GAGG,5-10bp,0.333,NODE_2_length_504228_cov_52.083931,mobileOG_000724414_NODE_2_length_504228_cov_52.083931
5,mobileOG_000343489|NA|WP_001068149.1|integration/excision|NA|Multiple|Homology,NODE_3_length_257914_cov_45.648735_207 # 203561 # 204991 # -1 # ID=3_207;partial=00;start_type=ATG;rbs_motif=AGGA/GGAG/GAGG;rbs_spacer=11-12bp;gc_cont=0.399,99.2,932,476,0.0,477,1,476,1,476,mobileOG_000343489,NA,WP_001068149.1,integration/excision,NA,Multiple,Homology,NODE_3_length_257914_cov_45.648735_207, 203561 # 204991 # -1 , 203561,204991,-1 ,3_207,3,207,00,ATG,AGGA/GGAG/GAGG,11-12bp,0.399,NODE_3_length_257914_cov_45.648735,mobileOG_000343489_NODE_3_length_257914_cov_45.648735
6,mobileOG_000305180|NA|WP_089172208.1|integration/excision|NA|Multiple|Homology,NODE_3_length_257914_cov_45.648735_207 # 203561 # 204991 # -1 # ID=3_207;partial=00;start_type=ATG;rbs_motif=AGGA/GGAG/GAGG;rbs_spacer=11-12bp;gc_cont=0.399,95.6,900,476,0.0,477,1,476,1,476,mobileOG_000305180,NA,WP_089172208.1,integration/excision,NA,Multiple,Homology,NODE_3_length_257914_cov_45.648735_207, 203561 # 204991 # -1 , 203561,204991,-1 ,3_207,3,207,00,ATG,AGGA/GGAG/GAGG,11-12bp,0.399,NODE_3_length_257914_cov_45.648735,mobileOG_000305180_NODE_3_length_257914_cov_45.648735
7,mobileOG_000057339|NA|WP_001068151.1|integration/excision|NA|Multiple|Homology,NODE_3_length_257914_cov_45.648735_207 # 203561 # 204991 # -1 # ID=3_207;partial=00;start_type=ATG;rbs_motif=AGGA/GGAG/GAGG;rbs_spacer=11-12bp;gc_cont=0.399,95.4,900,476,0.0,477,1,476,1,476,mobileOG_000057339,NA,WP_001068151.1,integration/excision,NA,Multiple,Homology,NODE_3_length_257914_cov_45.648735_207, 203561 # 204991 # -1 , 203561,204991,-1 ,3_207,3,207,00,ATG,AGGA/GGAG/GAGG,11-12bp,0.399,NODE_3_length_257914_cov_45.648735,mobileOG_000057339_NODE_3_length_257914_cov_45.648735
8,mobileOG_000354558|NA|WP_157410435.1|integration/excision|NA|Plasmid RefSeq|Homology,NODE_3_length_257914_cov_45.648735_207 # 203561 # 204991 # -1 # ID=3_207;partial=00;start_type=ATG;rbs_motif=AGGA/GGAG/GAGG;rbs_spacer=11-12bp;gc_cont=0.399,95.2,897,476,0.0,477,1,476,1,476,mobileOG_000354558,NA,WP_157410435.1,integration/excision,NA,Plasmid RefSeq,Homology,NODE_3_length_257914_cov_45.648735_207, 203561 # 204991 # -1 , 203561,204991,-1 ,3_207,3,207,00,ATG,AGGA/GGAG/GAGG,11-12bp,0.399,NODE_3_length_257914_cov_45.648735,mobileOG_000354558_NODE_3_length_257914_cov_45.648735
9,mobileOG_000305183|NA|WP_089172375.1|integration/excision|NA|Multiple|Homology,NODE_3_length_257914_cov_45.648735_207 # 203561 # 204991 # -1 # ID=3_207;partial=00;start_type=ATG;rbs_motif=AGGA/GGAG/GAGG;rbs_spacer=11-12bp;gc_cont=0.399,94.1,890,476,0.0,477,1,476,1,476,mobileOG_000305183,NA,WP_089172375.1,integration/excision,NA,Multiple,Homology,NODE_3_length_257914_cov_45.648735_207, 203561 # 204991 # -1 , 203561,204991,-1 ,3_207,3,207,00,ATG,AGGA/GGAG/GAGG,11-12bp,0.399,NODE_3_length_257914_cov_45.648735,mobileOG_000305183_NODE_3_length_257914_cov_45.648735
10,mobileOG_000274640|NA|A0A0E1MDH2|integration/excision|NA|ISFinder|Homology,NODE_3_length_257914_cov_45.648735_207 # 203561 # 204991 # -1 # ID=3_207;partial=00;start_type=ATG;rbs_motif=AGGA/GGAG/GAGG;rbs_spacer=11-12bp;gc_cont=0.399,94.1,888,476,0.0,477,1,476,1,476,mobileOG_000274640,NA,A0A0E1MDH2,integration/excision,NA,ISFinder,Homology,NODE_3_length_257914_cov_45.648735_207, 203561 # 204991 # -1 , 203561,204991,-1 ,3_207,3,207,00,ATG,AGGA/GGAG/GAGG,11-12bp,0.399,NODE_3_length_257914_cov_45.648735,mobileOG_000274640_NODE_3_length_257914_cov_45.648735
11,mobileOG_000305181|NA|WP_089172216.1|integration/excision|NA|Multiple|Homology,NODE_3_length_257914_cov_45.648735_207 # 203561 # 204991 # -1 # ID=3_207;partial=00;start_type=ATG;rbs_motif=AGGA/GGAG/GAGG;rbs_spacer=11-12bp;gc_cont=0.399,93.9,887,476,0.0,477,1,476,1,476,mobileOG_000305181,NA,WP_089172216.1,integration/excision,NA,Multiple,Homology,NODE_3_length_257914_cov_45.648735_207, 203561 # 204991 # -1 , 203561,204991,-1 ,3_207,3,207,00,ATG,AGGA/GGAG/GAGG,11-12bp,0.399,NODE_3_length_257914_cov_45.648735,mobileOG_000305181_NODE_3_length_257914_cov_45.648735
12,mobileOG_000305635|NA|WP_089608041.1|integration/excision|NA|Multiple|Homology,NODE_3_length_257914_cov_45.648735_207 # 203561 # 204991 # -1 # ID=3_207;partial=00;start_type=ATG;rbs_motif=AGGA/GGAG/GAGG;rbs_spacer=11-12bp;gc_cont=0.399,92.2,877,476,0.0,477,1,476,1,476,mobileOG_000305635,NA,WP_089608041.1,integration/excision,NA,Multiple,Homology,NODE_3_length_257914_cov_45.648735_207, 203561 # 204991 # -1 , 203561,204991,-1 ,3_207,3,207,00,ATG,AGGA/GGAG/GAGG,11-12bp,0.399,NODE_3_length_257914_cov_45.648735,mobileOG_000305635_NODE_3_length_257914_cov_45.648735
13,mobileOG_000064698|NA|A0A0K0SIT3|integration/excision|NA|COMPASS|Homology,NODE_3_length_257914_cov_45.648735_207 # 203561 # 204991 # -1 # ID=3_207;partial=00;start_type=ATG;rbs_motif=AGGA/GGAG/GAGG;rbs_spacer=11-12bp;gc_cont=0.399,93.0,819,448,3.49e-300,477,1,445,1,445,mobileOG_000064698,NA,A0A0K0SIT3,integration/excision,NA,COMPASS,Homology,NODE_3_length_257914_cov_45.648735_207, 203561 # 204991 # -1 , 203561,204991,-1 ,3_207,3,207,00,ATG,AGGA/GGAG/GAGG,11-12bp,0.399,NODE_3_length_257914_cov_45.648735,mobileOG_000064698_NODE_3_length_257914_cov_45.648735
14,mobileOG_000274848|insQ|A0A2A8KKD4|integration/excision|NA|ISFinder|Homology,NODE_4_length_251461_cov_39.496440_118 # 126973 # 128088 # -1 # ID=4_118;partial=00;start_type=ATG;rbs_motif=GGA/GAG/AGG;rbs_spacer=5-10bp;gc_cont=0.366,93.5,679,372,4.34e-248,372,2,372,1,371,mobileOG_000274848,insQ,A0A2A8KKD4,integration/excision,NA,ISFinder,Homology,NODE_4_length_251461_cov_39.496440_118, 126973 # 128088 # -1 , 126973,128088,-1 ,4_118,4,118,00,ATG,GGA/GAG/AGG,5-10bp,0.366,NODE_4_length_251461_cov_39.496440,mobileOG_000274848_NODE_4_length_251461_cov_39.496440
15,mobileOG_000758657|NA:Keyword|A0A4Y1W5V3|integration/excision|replication/recombination/repair|ACLAME|Keyword Search,NODE_4_length_251461_cov_39.496440_207 # 205239 # 205895 # -1 # ID=4_207;partial=00;start_type=ATG;rbs_motif=GGAG/GAGG;rbs_spacer=5-10bp;gc_cont=0.365,98.6,410,218,1.08e-146,219,1,218,1,218,mobileOG_000758657,NA:Keyword,A0A4Y1W5V3,integration/excision,replication/recombination/repair,ACLAME,Keyword Search,NODE_4_length_251461_cov_39.496440_207, 205239 # 205895 # -1 , 205239,205895,-1 ,4_207,4,207,00,ATG,GGAG/GAGG,5-10bp,0.365,NODE_4_length_251461_cov_39.496440,mobileOG_000758657_NODE_4_length_251461_cov_39.496440
16,"mobileOG_000000156|lexA|A0A1J9YMX6|phage|lysis/lysogeny,regulation|ACLAME|Manual",NODE_4_length_251461_cov_39.496440_208 # 206010 # 206657 # 1 # ID=4_208;partial=00;start_type=ATG;rbs_motif=None;rbs_spacer=None;gc_cont=0.383,98.1,395,206,7.83e-141,216,1,206,10,215,mobileOG_000000156,lexA,A0A1J9YMX6,phage,"lysis/lysogeny,regulation",ACLAME,Manual,NODE_4_length_251461_cov_39.496440_208, 206010 # 206657 # 1 , 206010,206657,1 ,4_208,4,208,00,ATG,None,None,0.383,NODE_4_length_251461_cov_39.496440,mobileOG_000000156_NODE_4_length_251461_cov_39.496440
17,mobileOG_000761251|NA:Keyword|A0A329FAE3|integration/excision|NA|ACLAME|Keyword Search,NODE_4_length_251461_cov_39.496440_244 # 242857 # 243597 # 1 # ID=4_244;partial=00;start_type=ATG;rbs_motif=None;rbs_spacer=None;gc_cont=0.313,97.2,466,381,9.28e-166,247,136,381,1,246,mobileOG_000761251,NA:Keyword,A0A329FAE3,integration/excision,NA,ACLAME,Keyword Search,NODE_4_length_251461_cov_39.496440_244, 242857 # 243597 # 1 , 242857,243597,1 ,4_244,4,244,00,ATG,None,None,0.313,NODE_4_length_251461_cov_39.496440,mobileOG_000761251_NODE_4_length_251461_cov_39.496440
18,mobileOG_000759616|NA:Keyword|A9VQZ2|integration/excision|NA|ACLAME|Keyword Search,NODE_4_length_251461_cov_39.496440_244 # 242857 # 243597 # 1 # ID=4_244;partial=00;start_type=ATG;rbs_motif=None;rbs_spacer=None;gc_cont=0.313,96.3,462,381,4.38e-164,247,136,381,1,246,mobileOG_000759616,NA:Keyword,A9VQZ2,integration/excision,NA,ACLAME,Keyword Search,NODE_4_length_251461_cov_39.496440_244, 242857 # 243597 # 1 , 242857,243597,1 ,4_244,4,244,00,ATG,None,None,0.313,NODE_4_length_251461_cov_39.496440,mobileOG_000759616_NODE_4_length_251461_cov_39.496440
19,mobileOG_000306925|NA|WP_053446570.1|integration/excision|NA|Plasmid RefSeq|Homology,NODE_7_length_207865_cov_28.973718_62 # 48595 # 48942 # -1 # ID=7_62;partial=00;start_type=ATG;rbs_motif=AGGA/GGAG/GAGG;rbs_spacer=11-12bp;gc_cont=0.336,95.5,216,478,1.03e-68,116,1,112,1,112,mobileOG_000306925,NA,WP_053446570.1,integration/excision,NA,Plasmid RefSeq,Homology,NODE_7_length_207865_cov_28.973718_62, 48595 # 48942 # -1 , 48595,48942,-1 ,7_62,7,62,00,ATG,AGGA/GGAG/GAGG,11-12bp,0.336,NODE_7_length_207865_cov_28.973718,mobileOG_000306925_NODE_7_length_207865_cov_28.973718
20,mobileOG_000310779|NA|WP_103623146.1|integration/excision|NA|Plasmid RefSeq|Homology,NODE_7_length_207865_cov_28.973718_65 # 51177 # 52619 # -1 # ID=7_65;partial=00;start_type=ATG;rbs_motif=GGA/GAG/AGG;rbs_spacer=5-10bp;gc_cont=0.367,97.1,888,476,0.0,481,1,476,5,480,mobileOG_000310779,NA,WP_103623146.1,integration/excision,NA,Plasmid RefSeq,Homology,NODE_7_length_207865_cov_28.973718_65, 51177 # 52619 # -1 , 51177,52619,-1 ,7_65,7,65,00,ATG,GGA/GAG/AGG,5-10bp,0.367,NODE_7_length_207865_cov_28.973718,mobileOG_000310779_NODE_7_length_207865_cov_28.973718
21,mobileOG_000284645|NA|R8THS8|integration/excision|NA|Plasmid RefSeq|Homology,NODE_7_length_207865_cov_28.973718_65 # 51177 # 52619 # -1 # ID=7_65;partial=00;start_type=ATG;rbs_motif=GGA/GAG/AGG;rbs_spacer=5-10bp;gc_cont=0.367,95.4,875,476,0.0,481,1,476,5,480,mobileOG_000284645,NA,R8THS8,integration/excision,NA,Plasmid RefSeq,Homology,NODE_7_length_207865_cov_28.973718_65, 51177 # 52619 # -1 , 51177,52619,-1 ,7_65,7,65,00,ATG,GGA/GAG/AGG,5-10bp,0.367,NODE_7_length_207865_cov_28.973718,mobileOG_000284645_NODE_7_length_207865_cov_28.973718
22,mobileOG_000345367|NA|WP_149216851.1|integration/excision|NA|Plasmid RefSeq|Homology,NODE_7_length_207865_cov_28.973718_65 # 51177 # 52619 # -1 # ID=7_65;partial=00;start_type=ATG;rbs_motif=GGA/GAG/AGG;rbs_spacer=5-10bp;gc_cont=0.367,92.0,872,476,0.0,481,1,476,5,480,mobileOG_000345367,NA,WP_149216851.1,integration/excision,NA,Plasmid RefSeq,Homology,NODE_7_length_207865_cov_28.973718_65, 51177 # 52619 # -1 , 51177,52619,-1 ,7_65,7,65,00,ATG,GGA/GAG/AGG,5-10bp,0.367,NODE_7_length_207865_cov_28.973718,mobileOG_000345367_NODE_7_length_207865_cov_28.973718
23,mobileOG_000064064|NA|WP_042514283.1|integration/excision|NA|COMPASS|Homology,NODE_7_length_207865_cov_28.973718_65 # 51177 # 52619 # -1 # ID=7_65;partial=00;start_type=ATG;rbs_motif=GGA/GAG/AGG;rbs_spacer=5-10bp;gc_cont=0.367,91.7,871,480,0.0,481,1,480,1,480,mobileOG_000064064,NA,WP_042514283.1,integration/excision,NA,COMPASS,Homology,NODE_7_length_207865_cov_28.973718_65, 51177 # 52619 # -1 , 51177,52619,-1 ,7_65,7,65,00,ATG,GGA/GAG/AGG,5-10bp,0.367,NODE_7_length_207865_cov_28.973718,mobileOG_000064064_NODE_7_length_207865_cov_28.973718
24,mobileOG_000344112|NA|WP_042514283.1|integration/excision|NA|Plasmid RefSeq|Homology,NODE_7_length_207865_cov_28.973718_65 # 51177 # 52619 # -1 # ID=7_65;partial=00;start_type=ATG;rbs_motif=GGA/GAG/AGG;rbs_spacer=5-10bp;gc_cont=0.367,91.8,866,476,3.02e-318,481,1,476,5,480,mobileOG_000344112,NA,WP_042514283.1,integration/excision,NA,Plasmid RefSeq,Homology,NODE_7_length_207865_cov_28.973718_65, 51177 # 52619 # -1 , 51177,52619,-1 ,7_65,7,65,00,ATG,GGA/GAG/AGG,5-10bp,0.367,NODE_7_length_207865_cov_28.973718,mobileOG_000344112_NODE_7_length_207865_cov_28.973718
25,mobileOG_000375593|NA|WP_085313133.1|integration/excision|NA|Multiple|Homology,NODE_7_length_207865_cov_28.973718_65 # 51177 # 52619 # -1 # ID=7_65;partial=00;start_type=ATG;rbs_motif=GGA/GAG/AGG;rbs_spacer=5-10bp;gc_cont=0.367,91.6,865,476,3.02e-318,481,1,476,5,480,mobileOG_000375593,NA,WP_085313133.1,integration/excision,NA,Multiple,Homology,NODE_7_length_207865_cov_28.973718_65, 51177 # 52619 # -1 , 51177,52619,-1 ,7_65,7,65,00,ATG,GGA/GAG/AGG,5-10bp,0.367,NODE_7_length_207865_cov_28.973718,mobileOG_000375593_NODE_7_length_207865_cov_28.973718
26,mobileOG_000305182|NA|WP_089172255.1|integration/excision|NA|Multiple|Homology,NODE_7_length_207865_cov_28.973718_65 # 51177 # 52619 # -1 # ID=7_65;partial=00;start_type=ATG;rbs_motif=GGA/GAG/AGG;rbs_spacer=5-10bp;gc_cont=0.367,93.7,863,476,2.42e-317,481,1,476,5,480,mobileOG_000305182,NA,WP_089172255.1,integration/excision,NA,Multiple,Homology,NODE_7_length_207865_cov_28.973718_65, 51177 # 52619 # -1 , 51177,52619,-1 ,7_65,7,65,00,ATG,GGA/GAG/AGG,5-10bp,0.367,NODE_7_length_207865_cov_28.973718,mobileOG_000305182_NODE_7_length_207865_cov_28.973718
27,mobileOG_000344199|NA|WP_000116993.1|integration/excision|NA|Multiple|Homology,NODE_7_length_207865_cov_28.973718_65 # 51177 # 52619 # -1 # ID=7_65;partial=00;start_type=ATG;rbs_motif=GGA/GAG/AGG;rbs_spacer=5-10bp;gc_cont=0.367,93.7,863,476,3.62e-317,481,1,476,5,480,mobileOG_000344199,NA,WP_000116993.1,integration/excision,NA,Multiple,Homology,NODE_7_length_207865_cov_28.973718_65, 51177 # 52619 # -1 , 51177,52619,-1 ,7_65,7,65,00,ATG,GGA/GAG/AGG,5-10bp,0.367,NODE_7_length_207865_cov_28.973718,mobileOG_000344199_NODE_7_length_207865_cov_28.973718
28,mobileOG_000306911|NA|WP_016513015.1|integration/excision|NA|Plasmid RefSeq|Homology,NODE_7_length_207865_cov_28.973718_65 # 51177 # 52619 # -1 # ID=7_65;partial=00;start_type=ATG;rbs_motif=GGA/GAG/AGG;rbs_spacer=5-10bp;gc_cont=0.367,93.7,863,476,5.13e-317,481,1,476,5,480,mobileOG_000306911,NA,WP_016513015.1,integration/excision,NA,Plasmid RefSeq,Homology,NODE_7_length_207865_cov_28.973718_65, 51177 # 52619 # -1 , 51177,52619,-1 ,7_65,7,65,00,ATG,GGA/GAG/AGG,5-10bp,0.367,NODE_7_length_207865_cov_28.973718,mobileOG_000306911_NODE_7_length_207865_cov_28.973718
29,mobileOG_000362327|NA|WP_158318232.1|integration/excision|NA|Plasmid RefSeq|Homology,NODE_7_length_207865_cov_28.973718_65 # 51177 # 52619 # -1 # ID=7_65;partial=00;start_type=ATG;rbs_motif=GGA/GAG/AGG;rbs_spacer=5-10bp;gc_cont=0.367,91.0,861,476,2.05e-316,481,1,476,5,480,mobileOG_000362327,NA,WP_158318232.1,integration/excision,NA,Plasmid RefSeq,Homology,NODE_7_length_207865_cov_28.973718_65, 51177 # 52619 # -1 , 51177,52619,-1 ,7_65,7,65,00,ATG,GGA/GAG/AGG,5-10bp,0.367,NODE_7_length_207865_cov_28.973718,mobileOG_000362327_NODE_7_length_207865_cov_28.973718
30,mobileOG_000059986|NA|WP_000116994.1|integration/excision|NA|Multiple|Homology,NODE_7_length_207865_cov_28.973718_65 # 51177 # 52619 # -1 # ID=7_65;partial=00;start_type=ATG;rbs_motif=GGA/GAG/AGG;rbs_spacer=5-10bp;gc_cont=0.367,93.7,861,476,2.93e-316,481,1,476,5,480,mobileOG_000059986,NA,WP_000116994.1,integration/excision,NA,Multiple,Homology,NODE_7_length_207865_cov_28.973718_65, 51177 # 52619 # -1 , 51177,52619,-1 ,7_65,7,65,00,ATG,GGA/GAG/AGG,5-10bp,0.367,NODE_7_length_207865_cov_28.973718,mobileOG_000059986_NODE_7_length_207865_cov_28.973718
31,mobileOG_000071678|NA|WP_063592730.1|integration/excision|NA|Multiple|Homology,NODE_7_length_207865_cov_28.973718_65 # 51177 # 52619 # -1 # ID=7_65;partial=00;start_type=ATG;rbs_motif=GGA/GAG/AGG;rbs_spacer=5-10bp;gc_cont=0.367,90.3,861,476,2.93e-316,481,1,476,5,480,mobileOG_000071678,NA,WP_063592730.1,integration/excision,NA,Multiple,Homology,NODE_7_length_207865_cov_28.973718_65, 51177 # 52619 # -1 , 51177,52619,-1 ,7_65,7,65,00,ATG,GGA/GAG/AGG,5-10bp,0.367,NODE_7_length_207865_cov_28.973718,mobileOG_000071678_NODE_7_length_207865_cov_28.973718
32,mobileOG_000036343|NA|WP_000117003.1|integration/excision|NA|Multiple|Homology,NODE_7_length_207865_cov_28.973718_65 # 51177 # 52619 # -1 # ID=7_65;partial=00;start_type=ATG;rbs_motif=GGA/GAG/AGG;rbs_spacer=5-10bp;gc_cont=0.367,91.0,860,476,4.17e-316,481,1,476,5,480,mobileOG_000036343,NA,WP_000117003.1,integration/excision,NA,Multiple,Homology,NODE_7_length_207865_cov_28.973718_65, 51177 # 52619 # -1 , 51177,52619,-1 ,7_65,7,65,00,ATG,GGA/GAG/AGG,5-10bp,0.367,NODE_7_length_207865_cov_28.973718,mobileOG_000036343_NODE_7_length_207865_cov_28.973718
33,mobileOG_000036323|NA|WP_000028472.1|integration/excision|NA|Multiple|Homology,NODE_7_length_207865_cov_28.973718_65 # 51177 # 52619 # -1 # ID=7_65;partial=00;start_type=ATG;rbs_motif=GGA/GAG/AGG;rbs_spacer=5-10bp;gc_cont=0.367,90.8,860,476,5.89e-316,481,1,476,5,480,mobileOG_000036323,NA,WP_000028472.1,integration/excision,NA,Multiple,Homology,NODE_7_length_207865_cov_28.973718_65, 51177 # 52619 # -1 , 51177,52619,-1 ,7_65,7,65,00,ATG,GGA/GAG/AGG,5-10bp,0.367,NODE_7_length_207865_cov_28.973718,mobileOG_000036323_NODE_7_length_207865_cov_28.973718
34,mobileOG_000311482|NA|WP_000116993.1|integration/excision|NA|Plasmid RefSeq|Homology,NODE_7_length_207865_cov_28.973718_65 # 51177 # 52619 # -1 # ID=7_65;partial=00;start_type=ATG;rbs_motif=GGA/GAG/AGG;rbs_spacer=5-10bp;gc_cont=0.367,93.3,860,476,5.89e-316,481,1,476,5,480,mobileOG_000311482,NA,WP_000116993.1,integration/excision,NA,Plasmid RefSeq,Homology,NODE_7_length_207865_cov_28.973718_65, 51177 # 52619 # -1 , 51177,52619,-1 ,7_65,7,65,00,ATG,GGA/GAG/AGG,5-10bp,0.367,NODE_7_length_207865_cov_28.973718,mobileOG_000311482_NODE_7_length_207865_cov_28.973718
35,mobileOG_000026482|topB|A0A2C9YRR7|replication/recombination/repair|NA|Plasmid RefSeq|Manual,NODE_8_length_206420_cov_73.555115_104 # 105217 # 107406 # 1 # ID=8_104;partial=00;start_type=ATG;rbs_motif=AGGA;rbs_spacer=5-10bp;gc_cont=0.374,98.1,1406,729,0.0,730,1,729,1,729,mobileOG_000026482,topB,A0A2C9YRR7,replication/recombination/repair,NA,Plasmid RefSeq,Manual,NODE_8_length_206420_cov_73.555115_104, 105217 # 107406 # 1 , 105217,107406,1 ,8_104,8,104,00,ATG,AGGA,5-10bp,0.374,NODE_8_length_206420_cov_73.555115,mobileOG_000026482_NODE_8_length_206420_cov_73.555115
36,mobileOG_000367884|topB|WP_063220210.1|replication/recombination/repair|NA|Plasmid RefSeq|Homology,NODE_8_length_206420_cov_73.555115_104 # 105217 # 107406 # 1 # ID=8_104;partial=00;start_type=ATG;rbs_motif=AGGA;rbs_spacer=5-10bp;gc_cont=0.374,94.4,1354,729,0.0,730,1,729,1,729,mobileOG_000367884,topB,WP_063220210.1,replication/recombination/repair,NA,Plasmid RefSeq,Homology,NODE_8_length_206420_cov_73.555115_104, 105217 # 107406 # 1 , 105217,107406,1 ,8_104,8,104,00,ATG,AGGA,5-10bp,0.374,NODE_8_length_206420_cov_73.555115,mobileOG_000367884_NODE_8_length_206420_cov_73.555115
37,"mobileOG_000340766|abrB|WP_059304469.1|transfer|regulation,competence|Multiple|Homology",NODE_10_length_193144_cov_34.068282_23 # 18704 # 18982 # 1 # ID=10_23;partial=00;start_type=ATG;rbs_motif=GGA/GAG/AGG;rbs_spacer=5-10bp;gc_cont=0.337,97.8,179,92,3.87e-59,93,1,92,1,92,mobileOG_000340766,abrB,WP_059304469.1,transfer,"regulation,competence",Multiple,Homology,NODE_10_length_193144_cov_34.068282_23, 18704 # 18982 # 1 , 18704,18982,1 ,10_23,10,23,00,ATG,GGA/GAG/AGG,5-10bp,0.337,NODE_10_length_193144_cov_34.068282,mobileOG_000340766_NODE_10_length_193144_cov_34.068282
38,"mobileOG_000289008|abrB|WP_000648352.1|transfer|regulation,competence|Plasmid RefSeq|Homology",NODE_10_length_193144_cov_34.068282_23 # 18704 # 18982 # 1 # ID=10_23;partial=00;start_type=ATG;rbs_motif=GGA/GAG/AGG;rbs_spacer=5-10bp;gc_cont=0.337,95.7,176,92,3.18e-58,93,1,92,1,92,mobileOG_000289008,abrB,WP_000648352.1,transfer,"regulation,competence",Plasmid RefSeq,Homology,NODE_10_length_193144_cov_34.068282_23, 18704 # 18982 # 1 , 18704,18982,1 ,10_23,10,23,00,ATG,GGA/GAG/AGG,5-10bp,0.337,NODE_10_length_193144_cov_34.068282,mobileOG_000289008_NODE_10_length_193144_cov_34.068282
39,"mobileOG_000341012|abrB|WP_002106904.1|transfer|regulation,competence|Multiple|Homology",NODE_10_length_193144_cov_34.068282_23 # 18704 # 18982 # 1 # ID=10_23;partial=00;start_type=ATG;rbs_motif=GGA/GAG/AGG;rbs_spacer=5-10bp;gc_cont=0.337,96.7,176,92,4.52e-58,93,1,92,1,92,mobileOG_000341012,abrB,WP_002106904.1,transfer,"regulation,competence",Multiple,Homology,NODE_10_length_193144_cov_34.068282_23, 18704 # 18982 # 1 , 18704,18982,1 ,10_23,10,23,00,ATG,GGA/GAG/AGG,5-10bp,0.337,NODE_10_length_193144_cov_34.068282,mobileOG_000341012_NODE_10_length_193144_cov_34.068282
40,"mobileOG_000340702|abrB|WP_065705706.1|transfer|regulation,competence|Multiple|Homology",NODE_10_length_193144_cov_34.068282_23 # 18704 # 18982 # 1 # ID=10_23;partial=00;start_type=ATG;rbs_motif=GGA/GAG/AGG;rbs_spacer=5-10bp;gc_cont=0.337,93.5,175,92,1.30e-57,93,1,92,1,92,mobileOG_000340702,abrB,WP_065705706.1,transfer,"regulation,competence",Multiple,Homology,NODE_10_length_193144_cov_34.068282_23, 18704 # 18982 # 1 , 18704,18982,1 ,10_23,10,23,00,ATG,GGA/GAG/AGG,5-10bp,0.337,NODE_10_length_193144_cov_34.068282,mobileOG_000340702_NODE_10_length_193144_cov_34.068282
41,"mobileOG_000342334|abrB|A0A2C1Y1A1|transfer|regulation,competence|Multiple|Homology",NODE_10_length_193144_cov_34.068282_23 # 18704 # 18982 # 1 # ID=10_23;partial=00;start_type=ATG;rbs_motif=GGA/GAG/AGG;rbs_spacer=5-10bp;gc_cont=0.337,93.5,174,92,2.62e-57,93,1,92,1,92,mobileOG_000342334,abrB,A0A2C1Y1A1,transfer,"regulation,competence",Multiple,Homology,NODE_10_length_193144_cov_34.068282_23, 18704 # 18982 # 1 , 18704,18982,1 ,10_23,10,23,00,ATG,GGA/GAG/AGG,5-10bp,0.337,NODE_10_length_193144_cov_34.068282,mobileOG_000342334_NODE_10_length_193144_cov_34.068282
42,"mobileOG_000293533|abrB|WP_003192967.1|transfer|regulation,competence|Multiple|Homology",NODE_10_length_193144_cov_34.068282_23 # 18704 # 18982 # 1 # ID=10_23;partial=00;start_type=ATG;rbs_motif=GGA/GAG/AGG;rbs_spacer=5-10bp;gc_cont=0.337,93.5,174,92,3.72e-57,93,1,92,1,92,mobileOG_000293533,abrB,WP_003192967.1,transfer,"regulation,competence",Multiple,Homology,NODE_10_length_193144_cov_34.068282_23, 18704 # 18982 # 1 , 18704,18982,1 ,10_23,10,23,00,ATG,GGA/GAG/AGG,5-10bp,0.337,NODE_10_length_193144_cov_34.068282,mobileOG_000293533_NODE_10_length_193144_cov_34.068282
43,"mobileOG_000063147|abrB|WP_000648342.1|transfer|regulation,competence|Multiple|Homology",NODE_10_length_193144_cov_34.068282_23 # 18704 # 18982 # 1 # ID=10_23;partial=00;start_type=ATG;rbs_motif=GGA/GAG/AGG;rbs_spacer=5-10bp;gc_cont=0.337,93.5,172,92,1.52e-56,93,1,92,1,92,mobileOG_000063147,abrB,WP_000648342.1,transfer,"regulation,competence",Multiple,Homology,NODE_10_length_193144_cov_34.068282_23, 18704 # 18982 # 1 , 18704,18982,1 ,10_23,10,23,00,ATG,GGA/GAG/AGG,5-10bp,0.337,NODE_10_length_193144_cov_34.068282,mobileOG_000063147_NODE_10_length_193144_cov_34.068282
44,"mobileOG_000342285|abrB|WP_016513366.1|transfer|regulation,competence|Plasmid RefSeq|Homology",NODE_10_length_193144_cov_34.068282_23 # 18704 # 18982 # 1 # ID=10_23;partial=00;start_type=ATG;rbs_motif=GGA/GAG/AGG;rbs_spacer=5-10bp;gc_cont=0.337,93.5,172,92,1.52e-56,93,1,92,1,92,mobileOG_000342285,abrB,WP_016513366.1,transfer,"regulation,competence",Plasmid RefSeq,Homology,NODE_10_length_193144_cov_34.068282_23, 18704 # 18982 # 1 , 18704,18982,1 ,10_23,10,23,00,ATG,GGA/GAG/AGG,5-10bp,0.337,NODE_10_length_193144_cov_34.068282,mobileOG_000342285_NODE_10_length_193144_cov_34.068282
45,"mobileOG_000340613|abrB|WP_000648346.1|transfer|regulation,competence|Plasmid RefSeq|Homology",NODE_10_length_193144_cov_34.068282_23 # 18704 # 18982 # 1 # ID=10_23;partial=00;start_type=ATG;rbs_motif=GGA/GAG/AGG;rbs_spacer=5-10bp;gc_cont=0.337,92.4,171,92,3.06e-56,93,1,92,1,92,mobileOG_000340613,abrB,WP_000648346.1,transfer,"regulation,competence",Plasmid RefSeq,Homology,NODE_10_length_193144_cov_34.068282_23, 18704 # 18982 # 1 , 18704,18982,1 ,10_23,10,23,00,ATG,GGA/GAG/AGG,5-10bp,0.337,NODE_10_length_193144_cov_34.068282,mobileOG_000340613_NODE_10_length_193144_cov_34.068282
46,"mobileOG_000359539|abrB|WP_053446122.1|transfer|regulation,competence|Plasmid RefSeq|Homology",NODE_10_length_193144_cov_34.068282_23 # 18704 # 18982 # 1 # ID=10_23;partial=00;start_type=ATG;rbs_motif=GGA/GAG/AGG;rbs_spacer=5-10bp;gc_cont=0.337,92.4,171,92,3.06e-56,93,1,92,1,92,mobileOG_000359539,abrB,WP_053446122.1,transfer,"regulation,competence",Plasmid RefSeq,Homology,NODE_10_length_193144_cov_34.068282_23, 18704 # 18982 # 1 , 18704,18982,1 ,10_23,10,23,00,ATG,GGA/GAG/AGG,5-10bp,0.337,NODE_10_length_193144_cov_34.068282,mobileOG_000359539_NODE_10_length_193144_cov_34.068282
47,"mobileOG_000360314|abrB|WP_088031163.1|transfer|regulation,competence|Plasmid RefSeq|Homology",NODE_10_length_193144_cov_34.068282_23 # 18704 # 18982 # 1 # ID=10_23;partial=00;start_type=ATG;rbs_motif=GGA/GAG/AGG;rbs_spacer=5-10bp;gc_cont=0.337,93.5,171,92,3.06e-56,93,1,92,1,92,mobileOG_000360314,abrB,WP_088031163.1,transfer,"regulation,competence",Plasmid RefSeq,Homology,NODE_10_length_193144_cov_34.068282_23, 18704 # 18982 # 1 , 18704,18982,1 ,10_23,10,23,00,ATG,GGA/GAG/AGG,5-10bp,0.337,NODE_10_length_193144_cov_34.068282,mobileOG_000360314_NODE_10_length_193144_cov_34.068282
48,"mobileOG_000340801|abrB|WP_000648344.1|transfer|regulation,competence|Multiple|Homology",NODE_10_length_193144_cov_34.068282_23 # 18704 # 18982 # 1 # ID=10_23;partial=00;start_type=ATG;rbs_motif=GGA/GAG/AGG;rbs_spacer=5-10bp;gc_cont=0.337,93.5,171,92,4.35e-56,93,1,92,1,92,mobileOG_000340801,abrB,WP_000648344.1,transfer,"regulation,competence",Multiple,Homology,NODE_10_length_193144_cov_34.068282_23, 18704 # 18982 # 1 , 18704,18982,1 ,10_23,10,23,00,ATG,GGA/GAG/AGG,5-10bp,0.337,NODE_10_length_193144_cov_34.068282,mobileOG_000340801_NODE_10_length_193144_cov_34.068282
49,"mobileOG_000340734|abrB|WP_000648341.1|transfer|regulation,competence|Multiple|Homology",NODE_10_length_193144_cov_34.068282_23 # 18704 # 18982 # 1 # ID=10_23;partial=00;start_type=ATG;rbs_motif=GGA/GAG/AGG;rbs_spacer=5-10bp;gc_cont=0.337,92.4,171,92,6.19e-56,93,1,92,1,92,mobileOG_000340734,abrB,WP_000648341.1,transfer,"regulation,competence",Multiple,Homology,NODE_10_length_193144_cov_34.068282_23, 18704 # 18982 # 1 , 18704,18982,1 ,10_23,10,23,00,ATG,GGA/GAG/AGG,5-10bp,0.337,NODE_10_length_193144_cov_34.068282,mobileOG_000340734_NODE_10_length_193144_cov_34.068282
50,"mobileOG_000301185|abrB|WP_153218704.1|transfer|regulation,competence|Plasmid RefSeq|Homology",NODE_10_length_193144_cov_34.068282_23 # 18704 # 18982 # 1 # ID=10_23;partial=00;start_type=ATG;rbs_motif=GGA/GAG/AGG;rbs_spacer=5-10bp;gc_cont=0.337,92.4,170,92,1.25e-55,93,1,92,1,92,mobileOG_000301185,abrB,WP_153218704.1,transfer,"regulation,competence",Plasmid RefSeq,Homology,NODE_10_length_193144_cov_34.068282_23, 18704 # 18982 # 1 , 18704,18982,1 ,10_23,10,23,00,ATG,GGA/GAG/AGG,5-10bp,0.337,NODE_10_length_193144_cov_34.068282,mobileOG_000301185_NODE_10_length_193144_cov_34.068282
51,"mobileOG_000357433|abrB|WP_078179253.1|transfer|regulation,competence|Plasmid RefSeq|Homology",NODE_10_length_193144_cov_34.068282_23 # 18704 # 18982 # 1 # ID=10_23;partial=00;start_type=ATG;rbs_motif=GGA/GAG/AGG;rbs_spacer=5-10bp;gc_cont=0.337,92.4,170,92,1.25e-55,93,1,92,1,92,mobileOG_000357433,abrB,WP_078179253.1,transfer,"regulation,competence",Plasmid RefSeq,Homology,NODE_10_length_193144_cov_34.068282_23, 18704 # 18982 # 1 , 18704,18982,1 ,10_23,10,23,00,ATG,GGA/GAG/AGG,5-10bp,0.337,NODE_10_length_193144_cov_34.068282,mobileOG_000357433_NODE_10_length_193144_cov_34.068282
52,"mobileOG_000345723|copR|WP_098010173.1|transfer|conjugation,relaxosome|Plasmid RefSeq|Homology",NODE_11_length_163194_cov_71.349001_73 # 76334 # 77011 # -1 # ID=11_73;partial=00;start_type=GTG;rbs_motif=GGAG/GAGG;rbs_spacer=5-10bp;gc_cont=0.330,92.0,414,225,3.90e-148,226,1,225,1,225,mobileOG_000345723,copR,WP_098010173.1,transfer,"conjugation,relaxosome",Plasmid RefSeq,Homology,NODE_11_length_163194_cov_71.349001_73, 76334 # 77011 # -1 , 76334,77011,-1 ,11_73,11,73,00,GTG,GGAG/GAGG,5-10bp,0.330,NODE_11_length_163194_cov_71.349001,mobileOG_000345723_NODE_11_length_163194_cov_71.349001
53,mobileOG_000049150|clpP|WP_001049162.1|phage|replication/recombination/repair|Multiple|Homology,NODE_11_length_163194_cov_71.349001_97 # 99503 # 100084 # 1 # ID=11_97;partial=00;start_type=ATG;rbs_motif=AGGAG;rbs_spacer=5-10bp;gc_cont=0.399,99.5,377,193,1.46e-134,194,1,193,1,193,mobileOG_000049150,clpP,WP_001049162.1,phage,replication/recombination/repair,Multiple,Homology,NODE_11_length_163194_cov_71.349001_97, 99503 # 100084 # 1 , 99503,100084,1 ,11_97,11,97,00,ATG,AGGAG,5-10bp,0.399,NODE_11_length_163194_cov_71.349001,mobileOG_000049150_NODE_11_length_163194_cov_71.349001
54,mobileOG_000056312|tnp|WP_041185005.1|integration/excision|NA|Multiple|Homology,NODE_12_length_149846_cov_61.173006_65 # 69255 # 70619 # -1 # ID=12_65;partial=00;start_type=GTG;rbs_motif=None;rbs_spacer=None;gc_cont=0.368,92.0,814,451,1.56e-298,455,1,449,5,453,mobileOG_000056312,tnp,WP_041185005.1,integration/excision,NA,Multiple,Homology,NODE_12_length_149846_cov_61.173006_65, 69255 # 70619 # -1 , 69255,70619,-1 ,12_65,12,65,00,GTG,None,None,0.368,NODE_12_length_149846_cov_61.173006,mobileOG_000056312_NODE_12_length_149846_cov_61.173006
55,mobileOG_000036332|tnp|Q4V1W6|integration/excision|NA|ACLAME|Homology,NODE_12_length_149846_cov_61.173006_65 # 69255 # 70619 # -1 # ID=12_65;partial=00;start_type=GTG;rbs_motif=None;rbs_spacer=None;gc_cont=0.368,92.2,794,494,4.59e-290,455,59,492,20,453,mobileOG_000036332,tnp,Q4V1W6,integration/excision,NA,ACLAME,Homology,NODE_12_length_149846_cov_61.173006_65, 69255 # 70619 # -1 , 69255,70619,-1 ,12_65,12,65,00,GTG,None,None,0.368,NODE_12_length_149846_cov_61.173006,mobileOG_000036332_NODE_12_length_149846_cov_61.173006
56,mobileOG_000343831|NA|WP_025967151.1|integration/excision|NA|Multiple|Homology,NODE_15_length_130232_cov_55.540102_19 # 16659 # 18101 # -1 # ID=15_19;partial=00;start_type=ATG;rbs_motif=GGA/GAG/AGG;rbs_spacer=5-10bp;gc_cont=0.369,95.6,897,476,0.0,481,1,476,5,480,mobileOG_000343831,NA,WP_025967151.1,integration/excision,NA,Multiple,Homology,NODE_15_length_130232_cov_55.540102_19, 16659 # 18101 # -1 , 16659,18101,-1 ,15_19,15,19,00,ATG,GGA/GAG/AGG,5-10bp,0.369,NODE_15_length_130232_cov_55.540102,mobileOG_000343831_NODE_15_length_130232_cov_55.540102
57,mobileOG_000362327|NA|WP_158318232.1|integration/excision|NA|Plasmid RefSeq|Homology,NODE_15_length_130232_cov_55.540102_19 # 16659 # 18101 # -1 # ID=15_19;partial=00;start_type=ATG;rbs_motif=GGA/GAG/AGG;rbs_spacer=5-10bp;gc_cont=0.369,95.6,894,476,0.0,481,1,476,5,480,mobileOG_000362327,NA,WP_158318232.1,integration/excision,NA,Plasmid RefSeq,Homology,NODE_15_length_130232_cov_55.540102_19, 16659 # 18101 # -1 , 16659,18101,-1 ,15_19,15,19,00,ATG,GGA/GAG/AGG,5-10bp,0.369,NODE_15_length_130232_cov_55.540102,mobileOG_000362327_NODE_15_length_130232_cov_55.540102
58,mobileOG_000352602|NA|WP_153218670.1|integration/excision|NA|Plasmid RefSeq|Homology,NODE_15_length_130232_cov_55.540102_19 # 16659 # 18101 # -1 # ID=15_19;partial=00;start_type=ATG;rbs_motif=GGA/GAG/AGG;rbs_spacer=5-10bp;gc_cont=0.369,95.0,889,476,0.0,481,1,476,5,480,mobileOG_000352602,NA,WP_153218670.1,integration/excision,NA,Plasmid RefSeq,Homology,NODE_15_length_130232_cov_55.540102_19, 16659 # 18101 # -1 , 16659,18101,-1 ,15_19,15,19,00,ATG,GGA/GAG/AGG,5-10bp,0.369,NODE_15_length_130232_cov_55.540102,mobileOG_000352602_NODE_15_length_130232_cov_55.540102
59,mobileOG_000310722|NA|WP_103578001.1|integration/excision|NA|Plasmid RefSeq|Homology,NODE_15_length_130232_cov_55.540102_19 # 16659 # 18101 # -1 # ID=15_19;partial=00;start_type=ATG;rbs_motif=GGA/GAG/AGG;rbs_spacer=5-10bp;gc_cont=0.369,94.1,887,476,0.0,481,1,476,5,480,mobileOG_000310722,NA,WP_103578001.1,integration/excision,NA,Plasmid RefSeq,Homology,NODE_15_length_130232_cov_55.540102_19, 16659 # 18101 # -1 , 16659,18101,-1 ,15_19,15,19,00,ATG,GGA/GAG/AGG,5-10bp,0.369,NODE_15_length_130232_cov_55.540102,mobileOG_000310722_NODE_15_length_130232_cov_55.540102
60,mobileOG_000064064|NA|WP_042514283.1|integration/excision|NA|COMPASS|Homology,NODE_15_length_130232_cov_55.540102_19 # 16659 # 18101 # -1 # ID=15_19;partial=00;start_type=ATG;rbs_motif=GGA/GAG/AGG;rbs_spacer=5-10bp;gc_cont=0.369,92.1,885,480,0.0,481,1,480,1,480,mobileOG_000064064,NA,WP_042514283.1,integration/excision,NA,COMPASS,Homology,NODE_15_length_130232_cov_55.540102_19, 16659 # 18101 # -1 , 16659,18101,-1 ,15_19,15,19,00,ATG,GGA/GAG/AGG,5-10bp,0.369,NODE_15_length_130232_cov_55.540102,mobileOG_000064064_NODE_15_length_130232_cov_55.540102
61,mobileOG_000345367|NA|WP_149216851.1|integration/excision|NA|Plasmid RefSeq|Homology,NODE_15_length_130232_cov_55.540102_19 # 16659 # 18101 # -1 # ID=15_19;partial=00;start_type=ATG;rbs_motif=GGA/GAG/AGG;rbs_spacer=5-10bp;gc_cont=0.369,92.9,882,476,0.0,481,1,476,5,480,mobileOG_000345367,NA,WP_149216851.1,integration/excision,NA,Plasmid RefSeq,Homology,NODE_15_length_130232_cov_55.540102_19, 16659 # 18101 # -1 , 16659,18101,-1 ,15_19,15,19,00,ATG,GGA/GAG/AGG,5-10bp,0.369,NODE_15_length_130232_cov_55.540102,mobileOG_000345367_NODE_15_length_130232_cov_55.540102
62,mobileOG_000059986|NA|WP_000116994.1|integration/excision|NA|Multiple|Homology,NODE_15_length_130232_cov_55.540102_19 # 16659 # 18101 # -1 # ID=15_19;partial=00;start_type=ATG;rbs_motif=GGA/GAG/AGG;rbs_spacer=5-10bp;gc_cont=0.369,93.9,880,476,0.0,481,1,476,5,480,mobileOG_000059986,NA,WP_000116994.1,integration/excision,NA,Multiple,Homology,NODE_15_length_130232_cov_55.540102_19, 16659 # 18101 # -1 , 16659,18101,-1 ,15_19,15,19,00,ATG,GGA/GAG/AGG,5-10bp,0.369,NODE_15_length_130232_cov_55.540102,mobileOG_000059986_NODE_15_length_130232_cov_55.540102
63,mobileOG_000063580|NA|WP_003272600.1|integration/excision|NA|Multiple|Homology,NODE_15_length_130232_cov_55.540102_19 # 16659 # 18101 # -1 # ID=15_19;partial=00;start_type=ATG;rbs_motif=GGA/GAG/AGG;rbs_spacer=5-10bp;gc_cont=0.369,93.9,879,473,0.0,481,1,473,7,480,mobileOG_000063580,NA,WP_003272600.1,integration/excision,NA,Multiple,Homology,NODE_15_length_130232_cov_55.540102_19, 16659 # 18101 # -1 , 16659,18101,-1 ,15_19,15,19,00,ATG,GGA/GAG/AGG,5-10bp,0.369,NODE_15_length_130232_cov_55.540102,mobileOG_000063580_NODE_15_length_130232_cov_55.540102
64,mobileOG_000344199|NA|WP_000116993.1|integration/excision|NA|Multiple|Homology,NODE_15_length_130232_cov_55.540102_19 # 16659 # 18101 # -1 # ID=15_19;partial=00;start_type=ATG;rbs_motif=GGA/GAG/AGG;rbs_spacer=5-10bp;gc_cont=0.369,93.7,879,476,0.0,481,1,476,5,480,mobileOG_000344199,NA,WP_000116993.1,integration/excision,NA,Multiple,Homology,NODE_15_length_130232_cov_55.540102_19, 16659 # 18101 # -1 , 16659,18101,-1 ,15_19,15,19,00,ATG,GGA/GAG/AGG,5-10bp,0.369,NODE_15_length_130232_cov_55.540102,mobileOG_000344199_NODE_15_length_130232_cov_55.540102
65,mobileOG_000344112|NA|WP_042514283.1|integration/excision|NA|Plasmid RefSeq|Homology,NODE_15_length_130232_cov_55.540102_19 # 16659 # 18101 # -1 # ID=15_19;partial=00;start_type=ATG;rbs_motif=GGA/GAG/AGG;rbs_spacer=5-10bp;gc_cont=0.369,92.2,879,476,0.0,481,1,476,5,480,mobileOG_000344112,NA,WP_042514283.1,integration/excision,NA,Plasmid RefSeq,Homology,NODE_15_length_130232_cov_55.540102_19, 16659 # 18101 # -1 , 16659,18101,-1 ,15_19,15,19,00,ATG,GGA/GAG/AGG,5-10bp,0.369,NODE_15_length_130232_cov_55.540102,mobileOG_000344112_NODE_15_length_130232_cov_55.540102
66,mobileOG_000338647|NA|WP_000116410.1|integration/excision|NA|Multiple|Homology,NODE_15_length_130232_cov_55.540102_19 # 16659 # 18101 # -1 # ID=15_19;partial=00;start_type=ATG;rbs_motif=GGA/GAG/AGG;rbs_spacer=5-10bp;gc_cont=0.369,93.7,878,473,0.0,481,1,473,7,480,mobileOG_000338647,NA,WP_000116410.1,integration/excision,NA,Multiple,Homology,NODE_15_length_130232_cov_55.540102_19, 16659 # 18101 # -1 , 16659,18101,-1 ,15_19,15,19,00,ATG,GGA/GAG/AGG,5-10bp,0.369,NODE_15_length_130232_cov_55.540102,mobileOG_000338647_NODE_15_length_130232_cov_55.540102
67,mobileOG_000071678|NA|WP_063592730.1|integration/excision|NA|Multiple|Homology,NODE_15_length_130232_cov_55.540102_19 # 16659 # 18101 # -1 # ID=15_19;partial=00;start_type=ATG;rbs_motif=GGA/GAG/AGG;rbs_spacer=5-10bp;gc_cont=0.369,91.8,877,476,0.0,481,1,476,5,480,mobileOG_000071678,NA,WP_063592730.1,integration/excision,NA,Multiple,Homology,NODE_15_length_130232_cov_55.540102_19, 16659 # 18101 # -1 , 16659,18101,-1 ,15_19,15,19,00,ATG,GGA/GAG/AGG,5-10bp,0.369,NODE_15_length_130232_cov_55.540102,mobileOG_000071678_NODE_15_length_130232_cov_55.540102
68,mobileOG_000306911|NA|WP_016513015.1|integration/excision|NA|Plasmid RefSeq|Homology,NODE_15_length_130232_cov_55.540102_19 # 16659 # 18101 # -1 # ID=15_19;partial=00;start_type=ATG;rbs_motif=GGA/GAG/AGG;rbs_spacer=5-10bp;gc_cont=0.369,93.9,876,476,0.0,481,1,476,5,480,mobileOG_000306911,NA,WP_016513015.1,integration/excision,NA,Plasmid RefSeq,Homology,NODE_15_length_130232_cov_55.540102_19, 16659 # 18101 # -1 , 16659,18101,-1 ,15_19,15,19,00,ATG,GGA/GAG/AGG,5-10bp,0.369,NODE_15_length_130232_cov_55.540102,mobileOG_000306911_NODE_15_length_130232_cov_55.540102
69,mobileOG_000274653|NA|Q734S4|integration/excision|NA|ISFinder|Homology,NODE_15_length_130232_cov_55.540102_19 # 16659 # 18101 # -1 # ID=15_19;partial=00;start_type=ATG;rbs_motif=GGA/GAG/AGG;rbs_spacer=5-10bp;gc_cont=0.369,93.5,876,477,0.0,481,1,477,5,480,mobileOG_000274653,NA,Q734S4,integration/excision,NA,ISFinder,Homology,NODE_15_length_130232_cov_55.540102_19, 16659 # 18101 # -1 , 16659,18101,-1 ,15_19,15,19,00,ATG,GGA/GAG/AGG,5-10bp,0.369,NODE_15_length_130232_cov_55.540102,mobileOG_000274653_NODE_15_length_130232_cov_55.540102
70,mobileOG_000311482|NA|WP_000116993.1|integration/excision|NA|Plasmid RefSeq|Homology,NODE_15_length_130232_cov_55.540102_19 # 16659 # 18101 # -1 # ID=15_19;partial=00;start_type=ATG;rbs_motif=GGA/GAG/AGG;rbs_spacer=5-10bp;gc_cont=0.369,93.3,876,476,0.0,481,1,476,5,480,mobileOG_000311482,NA,WP_000116993.1,integration/excision,NA,Plasmid RefSeq,Homology,NODE_15_length_130232_cov_55.540102_19, 16659 # 18101 # -1 , 16659,18101,-1 ,15_19,15,19,00,ATG,GGA/GAG/AGG,5-10bp,0.369,NODE_15_length_130232_cov_55.540102,mobileOG_000311482_NODE_15_length_130232_cov_55.540102
71,mobileOG_000344100|NA|WP_065211971.1|integration/excision|NA|Multiple|Homology,NODE_15_length_130232_cov_55.540102_31 # 27556 # 28992 # -1 # ID=15_31;partial=00;start_type=ATG;rbs_motif=GGA/GAG/AGG;rbs_spacer=11-12bp;gc_cont=0.335,98.3,946,478,0.0,479,1,478,1,478,mobileOG_000344100,NA,WP_065211971.1,integration/excision,NA,Multiple,Homology,NODE_15_length_130232_cov_55.540102_31, 27556 # 28992 # -1 , 27556,28992,-1 ,15_31,15,31,00,ATG,GGA/GAG/AGG,11-12bp,0.335,NODE_15_length_130232_cov_55.540102,mobileOG_000344100_NODE_15_length_130232_cov_55.540102
72,mobileOG_000375598|NA|WP_085313179.1|integration/excision|NA|Multiple|Homology,NODE_15_length_130232_cov_55.540102_31 # 27556 # 28992 # -1 # ID=15_31;partial=00;start_type=ATG;rbs_motif=GGA/GAG/AGG;rbs_spacer=11-12bp;gc_cont=0.335,92.1,894,478,0.0,479,1,478,1,478,mobileOG_000375598,NA,WP_085313179.1,integration/excision,NA,Multiple,Homology,NODE_15_length_130232_cov_55.540102_31, 27556 # 28992 # -1 , 27556,28992,-1 ,15_31,15,31,00,ATG,GGA/GAG/AGG,11-12bp,0.335,NODE_15_length_130232_cov_55.540102,mobileOG_000375598_NODE_15_length_130232_cov_55.540102
73,mobileOG_000339022|NA|WP_098671412.1|integration/excision|NA|Plasmid RefSeq|Homology,NODE_15_length_130232_cov_55.540102_31 # 27556 # 28992 # -1 # ID=15_31;partial=00;start_type=ATG;rbs_motif=GGA/GAG/AGG;rbs_spacer=11-12bp;gc_cont=0.335,91.6,883,478,0.0,479,1,478,1,478,mobileOG_000339022,NA,WP_098671412.1,integration/excision,NA,Plasmid RefSeq,Homology,NODE_15_length_130232_cov_55.540102_31, 27556 # 28992 # -1 , 27556,28992,-1 ,15_31,15,31,00,ATG,GGA/GAG/AGG,11-12bp,0.335,NODE_15_length_130232_cov_55.540102,mobileOG_000339022_NODE_15_length_130232_cov_55.540102
74,mobileOG_000063230|NA|WP_040118742.1|integration/excision|NA|Multiple|Homology,NODE_15_length_130232_cov_55.540102_31 # 27556 # 28992 # -1 # ID=15_31;partial=00;start_type=ATG;rbs_motif=GGA/GAG/AGG;rbs_spacer=11-12bp;gc_cont=0.335,90.8,882,478,0.0,479,1,478,1,478,mobileOG_000063230,NA,WP_040118742.1,integration/excision,NA,Multiple,Homology,NODE_15_length_130232_cov_55.540102_31, 27556 # 28992 # -1 , 27556,28992,-1 ,15_31,15,31,00,ATG,GGA/GAG/AGG,11-12bp,0.335,NODE_15_length_130232_cov_55.540102,mobileOG_000063230_NODE_15_length_130232_cov_55.540102
75,mobileOG_000306925|NA|WP_053446570.1|integration/excision|NA|Plasmid RefSeq|Homology,NODE_15_length_130232_cov_55.540102_31 # 27556 # 28992 # -1 # ID=15_31;partial=00;start_type=ATG;rbs_motif=GGA/GAG/AGG;rbs_spacer=11-12bp;gc_cont=0.335,90.2,880,478,0.0,479,1,478,1,478,mobileOG_000306925,NA,WP_053446570.1,integration/excision,NA,Plasmid RefSeq,Homology,NODE_15_length_130232_cov_55.540102_31, 27556 # 28992 # -1 , 27556,28992,-1 ,15_31,15,31,00,ATG,GGA/GAG/AGG,11-12bp,0.335,NODE_15_length_130232_cov_55.540102,mobileOG_000306925_NODE_15_length_130232_cov_55.540102
76,mobileOG_000023480|NA|A0A5B3IWD0|integration/excision|NA|Multiple|Manual,NODE_15_length_130232_cov_55.540102_31 # 27556 # 28992 # -1 # ID=15_31;partial=00;start_type=ATG;rbs_motif=GGA/GAG/AGG;rbs_spacer=11-12bp;gc_cont=0.335,91.2,879,478,0.0,479,1,478,1,478,mobileOG_000023480,NA,A0A5B3IWD0,integration/excision,NA,Multiple,Manual,NODE_15_length_130232_cov_55.540102_31, 27556 # 28992 # -1 , 27556,28992,-1 ,15_31,15,31,00,ATG,GGA/GAG/AGG,11-12bp,0.335,NODE_15_length_130232_cov_55.540102,mobileOG_000023480_NODE_15_length_130232_cov_55.540102
77,mobileOG_000344044|NA|WP_042512153.1|integration/excision|NA|Multiple|Homology,NODE_15_length_130232_cov_55.540102_31 # 27556 # 28992 # -1 # ID=15_31;partial=00;start_type=ATG;rbs_motif=GGA/GAG/AGG;rbs_spacer=11-12bp;gc_cont=0.335,91.0,879,478,0.0,479,1,478,1,478,mobileOG_000344044,NA,WP_042512153.1,integration/excision,NA,Multiple,Homology,NODE_15_length_130232_cov_55.540102_31, 27556 # 28992 # -1 , 27556,28992,-1 ,15_31,15,31,00,ATG,GGA/GAG/AGG,11-12bp,0.335,NODE_15_length_130232_cov_55.540102,mobileOG_000344044_NODE_15_length_130232_cov_55.540102
78,mobileOG_000059745|NA|A0A193D1U2|integration/excision|NA|COMPASS|Homology,NODE_15_length_130232_cov_55.540102_31 # 27556 # 28992 # -1 # ID=15_31;partial=00;start_type=ATG;rbs_motif=GGA/GAG/AGG;rbs_spacer=11-12bp;gc_cont=0.335,90.8,876,478,0.0,479,1,478,1,478,mobileOG_000059745,NA,A0A193D1U2,integration/excision,NA,COMPASS,Homology,NODE_15_length_130232_cov_55.540102_31, 27556 # 28992 # -1 , 27556,28992,-1 ,15_31,15,31,00,ATG,GGA/GAG/AGG,11-12bp,0.335,NODE_15_length_130232_cov_55.540102,mobileOG_000059745_NODE_15_length_130232_cov_55.540102
79,mobileOG_000311594|NA|WP_071680270.1|integration/excision|NA|Multiple|Homology,NODE_15_length_130232_cov_55.540102_31 # 27556 # 28992 # -1 # ID=15_31;partial=00;start_type=ATG;rbs_motif=GGA/GAG/AGG;rbs_spacer=11-12bp;gc_cont=0.335,90.2,868,478,0.0,479,1,478,1,478,mobileOG_000311594,NA,WP_071680270.1,integration/excision,NA,Multiple,Homology,NODE_15_length_130232_cov_55.540102_31, 27556 # 28992 # -1 , 27556,28992,-1 ,15_31,15,31,00,ATG,GGA/GAG/AGG,11-12bp,0.335,NODE_15_length_130232_cov_55.540102,mobileOG_000311594_NODE_15_length_130232_cov_55.540102
80,mobileOG_000744614|NA:Keyword|WP_065211970.1|transfer|NA|Multiple|Keyword Search,NODE_15_length_130232_cov_55.540102_32 # 29194 # 30036 # 1 # ID=15_32;partial=00;start_type=ATG;rbs_motif=AGGAG;rbs_spacer=5-10bp;gc_cont=0.285,98.2,512,280,7.24e-185,281,1,280,1,280,mobileOG_000744614,NA:Keyword,WP_065211970.1,transfer,NA,Multiple,Keyword Search,NODE_15_length_130232_cov_55.540102_32, 29194 # 30036 # 1 , 29194,30036,1 ,15_32,15,32,00,ATG,AGGAG,5-10bp,0.285,NODE_15_length_130232_cov_55.540102,mobileOG_000744614_NODE_15_length_130232_cov_55.540102
81,mobileOG_000735430|NA:Keyword|WP_000357773.1|transfer|NA|Plasmid RefSeq|Keyword Search,NODE_15_length_130232_cov_55.540102_32 # 29194 # 30036 # 1 # ID=15_32;partial=00;start_type=ATG;rbs_motif=AGGAG;rbs_spacer=5-10bp;gc_cont=0.285,93.6,497,280,6.36e-179,281,1,280,1,280,mobileOG_000735430,NA:Keyword,WP_000357773.1,transfer,NA,Plasmid RefSeq,Keyword Search,NODE_15_length_130232_cov_55.540102_32, 29194 # 30036 # 1 , 29194,30036,1 ,15_32,15,32,00,ATG,AGGAG,5-10bp,0.285,NODE_15_length_130232_cov_55.540102,mobileOG_000735430_NODE_15_length_130232_cov_55.540102
82,mobileOG_000362562|ltrA|A0A242ZCZ2|integration/excision|introns|Multiple|Homology,NODE_15_length_130232_cov_55.540102_38 # 33981 # 35690 # -1 # ID=15_38;partial=00;start_type=ATG;rbs_motif=None;rbs_spacer=None;gc_cont=0.344,99.6,1116,605,0.0,570,37,605,1,569,mobileOG_000362562,ltrA,A0A242ZCZ2,integration/excision,introns,Multiple,Homology,NODE_15_length_130232_cov_55.540102_38, 33981 # 35690 # -1 , 33981,35690,-1 ,15_38,15,38,00,ATG,None,None,0.344,NODE_15_length_130232_cov_55.540102,mobileOG_000362562_NODE_15_length_130232_cov_55.540102
83,mobileOG_000369520|ltrA|WP_001245664.1|integration/excision|introns|Multiple|Homology,NODE_15_length_130232_cov_55.540102_38 # 33981 # 35690 # -1 # ID=15_38;partial=00;start_type=ATG;rbs_motif=None;rbs_spacer=None;gc_cont=0.344,98.2,1100,605,0.0,570,38,605,2,569,mobileOG_000369520,ltrA,WP_001245664.1,integration/excision,introns,Multiple,Homology,NODE_15_length_130232_cov_55.540102_38, 33981 # 35690 # -1 , 33981,35690,-1 ,15_38,15,38,00,ATG,None,None,0.344,NODE_15_length_130232_cov_55.540102,mobileOG_000369520_NODE_15_length_130232_cov_55.540102
84,mobileOG_000317654|ltrA|WP_044797953.1|integration/excision|introns|Multiple|Homology,NODE_15_length_130232_cov_55.540102_38 # 33981 # 35690 # -1 # ID=15_38;partial=00;start_type=ATG;rbs_motif=None;rbs_spacer=None;gc_cont=0.344,97.9,1097,605,0.0,570,37,605,1,569,mobileOG_000317654,ltrA,WP_044797953.1,integration/excision,introns,Multiple,Homology,NODE_15_length_130232_cov_55.540102_38, 33981 # 35690 # -1 , 33981,35690,-1 ,15_38,15,38,00,ATG,None,None,0.344,NODE_15_length_130232_cov_55.540102,mobileOG_000317654_NODE_15_length_130232_cov_55.540102
85,mobileOG_000375606|ltrA|WP_085313232.1|integration/excision|introns|Multiple|Homology,NODE_15_length_130232_cov_55.540102_38 # 33981 # 35690 # -1 # ID=15_38;partial=00;start_type=ATG;rbs_motif=None;rbs_spacer=None;gc_cont=0.344,96.3,1097,605,0.0,570,37,605,1,569,mobileOG_000375606,ltrA,WP_085313232.1,integration/excision,introns,Multiple,Homology,NODE_15_length_130232_cov_55.540102_38, 33981 # 35690 # -1 , 33981,35690,-1 ,15_38,15,38,00,ATG,None,None,0.344,NODE_15_length_130232_cov_55.540102,mobileOG_000375606_NODE_15_length_130232_cov_55.540102
86,mobileOG_000314434|ltrA|WP_001245663.1|integration/excision|introns|Multiple|Homology,NODE_15_length_130232_cov_55.540102_38 # 33981 # 35690 # -1 # ID=15_38;partial=00;start_type=ATG;rbs_motif=None;rbs_spacer=None;gc_cont=0.344,92.4,1062,605,0.0,570,37,605,1,569,mobileOG_000314434,ltrA,WP_001245663.1,integration/excision,introns,Multiple,Homology,NODE_15_length_130232_cov_55.540102_38, 33981 # 35690 # -1 , 33981,35690,-1 ,15_38,15,38,00,ATG,None,None,0.344,NODE_15_length_130232_cov_55.540102,mobileOG_000314434_NODE_15_length_130232_cov_55.540102
87,mobileOG_000065884|ltrA|WP_063549633.1|integration/excision|introns|Multiple|Homology,NODE_15_length_130232_cov_55.540102_38 # 33981 # 35690 # -1 # ID=15_38;partial=00;start_type=ATG;rbs_motif=None;rbs_spacer=None;gc_cont=0.344,92.3,1062,605,0.0,570,37,605,1,569,mobileOG_000065884,ltrA,WP_063549633.1,integration/excision,introns,Multiple,Homology,NODE_15_length_130232_cov_55.540102_38, 33981 # 35690 # -1 , 33981,35690,-1 ,15_38,15,38,00,ATG,None,None,0.344,NODE_15_length_130232_cov_55.540102,mobileOG_000065884_NODE_15_length_130232_cov_55.540102
88,mobileOG_000310723|ltrA|WP_021728010.1|integration/excision|introns|Multiple|Homology,NODE_15_length_130232_cov_55.540102_38 # 33981 # 35690 # -1 # ID=15_38;partial=00;start_type=ATG;rbs_motif=None;rbs_spacer=None;gc_cont=0.344,92.1,1057,605,0.0,570,37,605,1,569,mobileOG_000310723,ltrA,WP_021728010.1,integration/excision,introns,Multiple,Homology,NODE_15_length_130232_cov_55.540102_38, 33981 # 35690 # -1 , 33981,35690,-1 ,15_38,15,38,00,ATG,None,None,0.344,NODE_15_length_130232_cov_55.540102,mobileOG_000310723_NODE_15_length_130232_cov_55.540102
89,mobileOG_000411156|NA:Keyword|WP_000447316.1|transfer|NA|COMPASS|Keyword Search,NODE_15_length_130232_cov_55.540102_39 # 36384 # 37895 # -1 # ID=15_39;partial=00;start_type=ATG;rbs_motif=GGA/GAG/AGG;rbs_spacer=5-10bp;gc_cont=0.328,96.6,971,697,0.0,504,1,499,1,499,mobileOG_000411156,NA:Keyword,WP_000447316.1,transfer,NA,COMPASS,Keyword Search,NODE_15_length_130232_cov_55.540102_39, 36384 # 37895 # -1 , 36384,37895,-1 ,15_39,15,39,00,ATG,GGA/GAG/AGG,5-10bp,0.328,NODE_15_length_130232_cov_55.540102,mobileOG_000411156_NODE_15_length_130232_cov_55.540102
90,mobileOG_000406117|NA:Keyword|WP_000447317.1|transfer|NA|COMPASS|Keyword Search,NODE_15_length_130232_cov_55.540102_39 # 36384 # 37895 # -1 # ID=15_39;partial=00;start_type=ATG;rbs_motif=GGA/GAG/AGG;rbs_spacer=5-10bp;gc_cont=0.328,96.4,971,1172,0.0,504,1,499,1,499,mobileOG_000406117,NA:Keyword,WP_000447317.1,transfer,NA,COMPASS,Keyword Search,NODE_15_length_130232_cov_55.540102_39, 36384 # 37895 # -1 , 36384,37895,-1 ,15_39,15,39,00,ATG,GGA/GAG/AGG,5-10bp,0.328,NODE_15_length_130232_cov_55.540102,mobileOG_000406117_NODE_15_length_130232_cov_55.540102
91,mobileOG_000757430|NA:Keyword|A0A427RZN6|transfer|NA|Plasmid RefSeq|Keyword Search,NODE_15_length_130232_cov_55.540102_39 # 36384 # 37895 # -1 # ID=15_39;partial=00;start_type=ATG;rbs_motif=GGA/GAG/AGG;rbs_spacer=5-10bp;gc_cont=0.328,95.8,966,1166,0.0,504,1,499,1,499,mobileOG_000757430,NA:Keyword,A0A427RZN6,transfer,NA,Plasmid RefSeq,Keyword Search,NODE_15_length_130232_cov_55.540102_39, 36384 # 37895 # -1 , 36384,37895,-1 ,15_39,15,39,00,ATG,GGA/GAG/AGG,5-10bp,0.328,NODE_15_length_130232_cov_55.540102,mobileOG_000757430_NODE_15_length_130232_cov_55.540102
92,mobileOG_000731160|NA:Keyword|J8HQ01|transfer|NA|Plasmid RefSeq|Keyword Search,NODE_15_length_130232_cov_55.540102_39 # 36384 # 37895 # -1 # ID=15_39;partial=00;start_type=ATG;rbs_motif=GGA/GAG/AGG;rbs_spacer=5-10bp;gc_cont=0.328,95.0,956,1109,0.0,504,1,499,1,499,mobileOG_000731160,NA:Keyword,J8HQ01,transfer,NA,Plasmid RefSeq,Keyword Search,NODE_15_length_130232_cov_55.540102_39, 36384 # 37895 # -1 , 36384,37895,-1 ,15_39,15,39,00,ATG,GGA/GAG/AGG,5-10bp,0.328,NODE_15_length_130232_cov_55.540102,mobileOG_000731160_NODE_15_length_130232_cov_55.540102
93,mobileOG_000746089|NA:Keyword|WP_103622086.1|transfer|NA|Plasmid RefSeq|Keyword Search,NODE_15_length_130232_cov_55.540102_39 # 36384 # 37895 # -1 # ID=15_39;partial=00;start_type=ATG;rbs_motif=GGA/GAG/AGG;rbs_spacer=5-10bp;gc_cont=0.328,94.8,956,559,0.0,504,1,499,1,499,mobileOG_000746089,NA:Keyword,WP_103622086.1,transfer,NA,Plasmid RefSeq,Keyword Search,NODE_15_length_130232_cov_55.540102_39, 36384 # 37895 # -1 , 36384,37895,-1 ,15_39,15,39,00,ATG,GGA/GAG/AGG,5-10bp,0.328,NODE_15_length_130232_cov_55.540102,mobileOG_000746089_NODE_15_length_130232_cov_55.540102
94,mobileOG_000736525|NA:Keyword|WP_000447306.1|transfer|NA|Plasmid RefSeq|Keyword Search,NODE_15_length_130232_cov_55.540102_39 # 36384 # 37895 # -1 # ID=15_39;partial=00;start_type=ATG;rbs_motif=GGA/GAG/AGG;rbs_spacer=5-10bp;gc_cont=0.328,94.0,947,1166,0.0,504,1,499,1,499,mobileOG_000736525,NA:Keyword,WP_000447306.1,transfer,NA,Plasmid RefSeq,Keyword Search,NODE_15_length_130232_cov_55.540102_39, 36384 # 37895 # -1 , 36384,37895,-1 ,15_39,15,39,00,ATG,GGA/GAG/AGG,5-10bp,0.328,NODE_15_length_130232_cov_55.540102,mobileOG_000736525_NODE_15_length_130232_cov_55.540102
95,mobileOG_000730128|NA:Keyword|A0A242WCC3|transfer|NA|Plasmid RefSeq|Keyword Search,NODE_15_length_130232_cov_55.540102_39 # 36384 # 37895 # -1 # ID=15_39;partial=00;start_type=ATG;rbs_motif=GGA/GAG/AGG;rbs_spacer=5-10bp;gc_cont=0.328,93.6,945,1058,0.0,504,1,499,1,499,mobileOG_000730128,NA:Keyword,A0A242WCC3,transfer,NA,Plasmid RefSeq,Keyword Search,NODE_15_length_130232_cov_55.540102_39, 36384 # 37895 # -1 , 36384,37895,-1 ,15_39,15,39,00,ATG,GGA/GAG/AGG,5-10bp,0.328,NODE_15_length_130232_cov_55.540102,mobileOG_000730128_NODE_15_length_130232_cov_55.540102
96,mobileOG_000411972|NA:Keyword|WP_080469993.1|transfer|NA|Multiple|Keyword Search,NODE_15_length_130232_cov_55.540102_39 # 36384 # 37895 # -1 # ID=15_39;partial=00;start_type=ATG;rbs_motif=GGA/GAG/AGG;rbs_spacer=5-10bp;gc_cont=0.328,91.7,944,503,0.0,504,1,503,1,503,mobileOG_000411972,NA:Keyword,WP_080469993.1,transfer,NA,Multiple,Keyword Search,NODE_15_length_130232_cov_55.540102_39, 36384 # 37895 # -1 , 36384,37895,-1 ,15_39,15,39,00,ATG,GGA/GAG/AGG,5-10bp,0.328,NODE_15_length_130232_cov_55.540102,mobileOG_000411972_NODE_15_length_130232_cov_55.540102
97,mobileOG_000401612|NA:Keyword|WP_000447304.1|transfer|NA|COMPASS|Keyword Search,NODE_15_length_130232_cov_55.540102_39 # 36384 # 37895 # -1 # ID=15_39;partial=00;start_type=ATG;rbs_motif=GGA/GAG/AGG;rbs_spacer=5-10bp;gc_cont=0.328,93.4,942,1166,0.0,504,1,499,1,499,mobileOG_000401612,NA:Keyword,WP_000447304.1,transfer,NA,COMPASS,Keyword Search,NODE_15_length_130232_cov_55.540102_39, 36384 # 37895 # -1 , 36384,37895,-1 ,15_39,15,39,00,ATG,GGA/GAG/AGG,5-10bp,0.328,NODE_15_length_130232_cov_55.540102,mobileOG_000401612_NODE_15_length_130232_cov_55.540102
98,mobileOG_000757149|NA:Keyword|A0A242ZB13|transfer|NA|Multiple|Keyword Search,NODE_15_length_130232_cov_55.540102_52 # 55486 # 56346 # 1 # ID=15_52;partial=00;start_type=TTG;rbs_motif=AGGAGG;rbs_spacer=5-10bp;gc_cont=0.377,95.5,529,286,2.26e-191,287,1,286,1,286,mobileOG_000757149,NA:Keyword,A0A242ZB13,transfer,NA,Multiple,Keyword Search,NODE_15_length_130232_cov_55.540102_52, 55486 # 56346 # 1 , 55486,56346,1 ,15_52,15,52,00,TTG,AGGAGG,5-10bp,0.377,NODE_15_length_130232_cov_55.540102,mobileOG_000757149_NODE_15_length_130232_cov_55.540102
99,mobileOG_000756062|NA:Keyword|WP_000804772.1|transfer|NA|Multiple|Keyword Search,NODE_15_length_130232_cov_55.540102_52 # 55486 # 56346 # 1 # ID=15_52;partial=00;start_type=TTG;rbs_motif=AGGAGG;rbs_spacer=5-10bp;gc_cont=0.377,95.1,526,286,2.64e-190,287,1,286,1,286,mobileOG_000756062,NA:Keyword,WP_000804772.1,transfer,NA,Multiple,Keyword Search,NODE_15_length_130232_cov_55.540102_52, 55486 # 56346 # 1 , 55486,56346,1 ,15_52,15,52,00,TTG,AGGAGG,5-10bp,0.377,NODE_15_length_130232_cov_55.540102,mobileOG_000756062_NODE_15_length_130232_cov_55.540102
100,mobileOG_000405542|NA:Keyword|WP_000804775.1|transfer|NA|Multiple|Keyword Search,NODE_15_length_130232_cov_55.540102_52 # 55486 # 56346 # 1 # ID=15_52;partial=00;start_type=TTG;rbs_motif=AGGAGG;rbs_spacer=5-10bp;gc_cont=0.377,95.1,526,286,3.75e-190,287,1,286,1,286,mobileOG_000405542,NA:Keyword,WP_000804775.1,transfer,NA,Multiple,Keyword Search,NODE_15_length_130232_cov_55.540102_52, 55486 # 56346 # 1 , 55486,56346,1 ,15_52,15,52,00,TTG,AGGAGG,5-10bp,0.377,NODE_15_length_130232_cov_55.540102,mobileOG_000405542_NODE_15_length_130232_cov_55.540102
101,mobileOG_000754734|NA:Keyword|A0A427RZQ4|transfer|NA|Multiple|Keyword Search,NODE_15_length_130232_cov_55.540102_52 # 55486 # 56346 # 1 # ID=15_52;partial=00;start_type=TTG;rbs_motif=AGGAGG;rbs_spacer=5-10bp;gc_cont=0.377,94.8,525,286,5.32e-190,287,1,286,1,286,mobileOG_000754734,NA:Keyword,A0A427RZQ4,transfer,NA,Multiple,Keyword Search,NODE_15_length_130232_cov_55.540102_52, 55486 # 56346 # 1 , 55486,56346,1 ,15_52,15,52,00,TTG,AGGAGG,5-10bp,0.377,NODE_15_length_130232_cov_55.540102,mobileOG_000754734_NODE_15_length_130232_cov_55.540102
102,mobileOG_000411258|NA:Keyword|WP_021727955.1|transfer|NA|Multiple|Keyword Search,NODE_15_length_130232_cov_55.540102_52 # 55486 # 56346 # 1 # ID=15_52;partial=00;start_type=TTG;rbs_motif=AGGAGG;rbs_spacer=5-10bp;gc_cont=0.377,94.8,525,286,7.56e-190,287,1,286,1,286,mobileOG_000411258,NA:Keyword,WP_021727955.1,transfer,NA,Multiple,Keyword Search,NODE_15_length_130232_cov_55.540102_52, 55486 # 56346 # 1 , 55486,56346,1 ,15_52,15,52,00,TTG,AGGAGG,5-10bp,0.377,NODE_15_length_130232_cov_55.540102,mobileOG_000411258_NODE_15_length_130232_cov_55.540102
103,mobileOG_000730237|NA:Keyword|A0A242WCG7|transfer|NA|Plasmid RefSeq|Keyword Search,NODE_15_length_130232_cov_55.540102_52 # 55486 # 56346 # 1 # ID=15_52;partial=00;start_type=TTG;rbs_motif=AGGAGG;rbs_spacer=5-10bp;gc_cont=0.377,95.5,525,286,7.56e-190,287,1,286,1,286,mobileOG_000730237,NA:Keyword,A0A242WCG7,transfer,NA,Plasmid RefSeq,Keyword Search,NODE_15_length_130232_cov_55.540102_52, 55486 # 56346 # 1 , 55486,56346,1 ,15_52,15,52,00,TTG,AGGAGG,5-10bp,0.377,NODE_15_length_130232_cov_55.540102,mobileOG_000730237_NODE_15_length_130232_cov_55.540102
104,mobileOG_000754588|NA:Keyword|WP_050062468.1|transfer|NA|Plasmid RefSeq|Keyword Search,NODE_15_length_130232_cov_55.540102_52 # 55486 # 56346 # 1 # ID=15_52;partial=00;start_type=TTG;rbs_motif=AGGAGG;rbs_spacer=5-10bp;gc_cont=0.377,95.1,525,286,7.56e-190,287,1,286,1,286,mobileOG_000754588,NA:Keyword,WP_050062468.1,transfer,NA,Plasmid RefSeq,Keyword Search,NODE_15_length_130232_cov_55.540102_52, 55486 # 56346 # 1 , 55486,56346,1 ,15_52,15,52,00,TTG,AGGAGG,5-10bp,0.377,NODE_15_length_130232_cov_55.540102,mobileOG_000754588_NODE_15_length_130232_cov_55.540102
105,mobileOG_000406119|NA:Keyword|WP_000804795.1|transfer|NA|Multiple|Keyword Search,NODE_15_length_130232_cov_55.540102_52 # 55486 # 56346 # 1 # ID=15_52;partial=00;start_type=TTG;rbs_motif=AGGAGG;rbs_spacer=5-10bp;gc_cont=0.377,95.1,525,286,1.07e-189,287,1,286,1,286,mobileOG_000406119,NA:Keyword,WP_000804795.1,transfer,NA,Multiple,Keyword Search,NODE_15_length_130232_cov_55.540102_52, 55486 # 56346 # 1 , 55486,56346,1 ,15_52,15,52,00,TTG,AGGAGG,5-10bp,0.377,NODE_15_length_130232_cov_55.540102,mobileOG_000406119_NODE_15_length_130232_cov_55.540102
106,mobileOG_000755967|NA:Keyword|WP_131099881.1|transfer|NA|Plasmid RefSeq|Keyword Search,NODE_15_length_130232_cov_55.540102_52 # 55486 # 56346 # 1 # ID=15_52;partial=00;start_type=TTG;rbs_motif=AGGAGG;rbs_spacer=5-10bp;gc_cont=0.377,95.1,524,286,1.53e-189,287,1,286,1,286,mobileOG_000755967,NA:Keyword,WP_131099881.1,transfer,NA,Plasmid RefSeq,Keyword Search,NODE_15_length_130232_cov_55.540102_52, 55486 # 56346 # 1 , 55486,56346,1 ,15_52,15,52,00,TTG,AGGAGG,5-10bp,0.377,NODE_15_length_130232_cov_55.540102,mobileOG_000755967_NODE_15_length_130232_cov_55.540102
107,mobileOG_000756063|NA:Keyword|WP_000804793.1|transfer|NA|Multiple|Keyword Search,NODE_15_length_130232_cov_55.540102_52 # 55486 # 56346 # 1 # ID=15_52;partial=00;start_type=TTG;rbs_motif=AGGAGG;rbs_spacer=5-10bp;gc_cont=0.377,95.1,524,286,1.53e-189,287,1,286,1,286,mobileOG_000756063,NA:Keyword,WP_000804793.1,transfer,NA,Multiple,Keyword Search,NODE_15_length_130232_cov_55.540102_52, 55486 # 56346 # 1 , 55486,56346,1 ,15_52,15,52,00,TTG,AGGAGG,5-10bp,0.377,NODE_15_length_130232_cov_55.540102,mobileOG_000756063_NODE_15_length_130232_cov_55.540102
108,mobileOG_000756550|NA:Keyword|WP_033700059.1|transfer|NA|Multiple|Keyword Search,NODE_15_length_130232_cov_55.540102_52 # 55486 # 56346 # 1 # ID=15_52;partial=00;start_type=TTG;rbs_motif=AGGAGG;rbs_spacer=5-10bp;gc_cont=0.377,94.8,524,286,1.53e-189,287,1,286,1,286,mobileOG_000756550,NA:Keyword,WP_033700059.1,transfer,NA,Multiple,Keyword Search,NODE_15_length_130232_cov_55.540102_52, 55486 # 56346 # 1 , 55486,56346,1 ,15_52,15,52,00,TTG,AGGAGG,5-10bp,0.377,NODE_15_length_130232_cov_55.540102,mobileOG_000756550_NODE_15_length_130232_cov_55.540102
109,mobileOG_000402475|NA:Keyword|WP_000804776.1|transfer|NA|Multiple|Keyword Search,NODE_15_length_130232_cov_55.540102_52 # 55486 # 56346 # 1 # ID=15_52;partial=00;start_type=TTG;rbs_motif=AGGAGG;rbs_spacer=5-10bp;gc_cont=0.377,94.8,523,286,3.08e-189,287,1,286,1,286,mobileOG_000402475,NA:Keyword,WP_000804776.1,transfer,NA,Multiple,Keyword Search,NODE_15_length_130232_cov_55.540102_52, 55486 # 56346 # 1 , 55486,56346,1 ,15_52,15,52,00,TTG,AGGAGG,5-10bp,0.377,NODE_15_length_130232_cov_55.540102,mobileOG_000402475_NODE_15_length_130232_cov_55.540102
110,mobileOG_000402913|NA:Keyword|WP_000804779.1|transfer|NA|Multiple|Keyword Search,NODE_15_length_130232_cov_55.540102_52 # 55486 # 56346 # 1 # ID=15_52;partial=00;start_type=TTG;rbs_motif=AGGAGG;rbs_spacer=5-10bp;gc_cont=0.377,94.4,523,286,3.08e-189,287,1,286,1,286,mobileOG_000402913,NA:Keyword,WP_000804779.1,transfer,NA,Multiple,Keyword Search,NODE_15_length_130232_cov_55.540102_52, 55486 # 56346 # 1 , 55486,56346,1 ,15_52,15,52,00,TTG,AGGAGG,5-10bp,0.377,NODE_15_length_130232_cov_55.540102,mobileOG_000402913_NODE_15_length_130232_cov_55.540102
111,mobileOG_000410371|NA:Keyword|WP_000804780.1|transfer|NA|COMPASS|Keyword Search,NODE_15_length_130232_cov_55.540102_52 # 55486 # 56346 # 1 # ID=15_52;partial=00;start_type=TTG;rbs_motif=AGGAGG;rbs_spacer=5-10bp;gc_cont=0.377,93.7,523,286,4.37e-189,287,1,286,1,286,mobileOG_000410371,NA:Keyword,WP_000804780.1,transfer,NA,COMPASS,Keyword Search,NODE_15_length_130232_cov_55.540102_52, 55486 # 56346 # 1 , 55486,56346,1 ,15_52,15,52,00,TTG,AGGAGG,5-10bp,0.377,NODE_15_length_130232_cov_55.540102,mobileOG_000410371_NODE_15_length_130232_cov_55.540102
112,mobileOG_000754369|NA:Keyword|WP_000804791.1|transfer|NA|Multiple|Keyword Search,NODE_15_length_130232_cov_55.540102_52 # 55486 # 56346 # 1 # ID=15_52;partial=00;start_type=TTG;rbs_motif=AGGAGG;rbs_spacer=5-10bp;gc_cont=0.377,94.1,523,286,4.37e-189,287,1,286,1,286,mobileOG_000754369,NA:Keyword,WP_000804791.1,transfer,NA,Multiple,Keyword Search,NODE_15_length_130232_cov_55.540102_52, 55486 # 56346 # 1 , 55486,56346,1 ,15_52,15,52,00,TTG,AGGAGG,5-10bp,0.377,NODE_15_length_130232_cov_55.540102,mobileOG_000754369_NODE_15_length_130232_cov_55.540102
113,mobileOG_000739231|NA:Keyword|WP_149216801.1|transfer|NA|Plasmid RefSeq|Keyword Search,NODE_15_length_130232_cov_55.540102_54 # 57198 # 58631 # 1 # ID=15_54;partial=00;start_type=ATG;rbs_motif=GGA/GAG/AGG;rbs_spacer=5-10bp;gc_cont=0.372,95.0,892,477,0.0,478,1,477,1,477,mobileOG_000739231,NA:Keyword,WP_149216801.1,transfer,NA,Plasmid RefSeq,Keyword Search,NODE_15_length_130232_cov_55.540102_54, 57198 # 58631 # 1 , 57198,58631,1 ,15_54,15,54,00,ATG,GGA/GAG/AGG,5-10bp,0.372,NODE_15_length_130232_cov_55.540102,mobileOG_000739231_NODE_15_length_130232_cov_55.540102
114,mobileOG_000755280|NA:Keyword|WP_021728125.1|integration/excision|NA|Multiple|Keyword Search,NODE_15_length_130232_cov_55.540102_73 # 74280 # 75116 # 1 # ID=15_73;partial=00;start_type=TTG;rbs_motif=None;rbs_spacer=None;gc_cont=0.345,90.6,479,307,2.26e-171,279,21,307,1,278,mobileOG_000755280,NA:Keyword,WP_021728125.1,integration/excision,NA,Multiple,Keyword Search,NODE_15_length_130232_cov_55.540102_73, 74280 # 75116 # 1 , 74280,75116,1 ,15_73,15,73,00,TTG,None,None,0.345,NODE_15_length_130232_cov_55.540102,mobileOG_000755280_NODE_15_length_130232_cov_55.540102
115,mobileOG_000730164|NA:Keyword|WP_085782922.1|integration/excision|NA|Plasmid RefSeq|Keyword Search,NODE_15_length_130232_cov_55.540102_73 # 74280 # 75116 # 1 # ID=15_73;partial=00;start_type=TTG;rbs_motif=None;rbs_spacer=None;gc_cont=0.345,90.2,478,307,3.21e-171,279,21,307,1,278,mobileOG_000730164,NA:Keyword,WP_085782922.1,integration/excision,NA,Plasmid RefSeq,Keyword Search,NODE_15_length_130232_cov_55.540102_73, 74280 # 75116 # 1 , 74280,75116,1 ,15_73,15,73,00,TTG,None,None,0.345,NODE_15_length_130232_cov_55.540102,mobileOG_000730164_NODE_15_length_130232_cov_55.540102
116,mobileOG_000405544|NA:Keyword|WP_001977986.1|transfer|NA|COMPASS|Keyword Search,NODE_15_length_130232_cov_55.540102_81 # 80590 # 84606 # 1 # ID=15_81;partial=00;start_type=ATG;rbs_motif=AGGA;rbs_spacer=5-10bp;gc_cont=0.403,91.6,2295,1338,0.0,1339,1,1338,1,1338,mobileOG_000405544,NA:Keyword,WP_001977986.1,transfer,NA,COMPASS,Keyword Search,NODE_15_length_130232_cov_55.540102_81, 80590 # 84606 # 1 , 80590,84606,1 ,15_81,15,81,00,ATG,AGGA,5-10bp,0.403,NODE_15_length_130232_cov_55.540102,mobileOG_000405544_NODE_15_length_130232_cov_55.540102
117,mobileOG_000730126|NA:Keyword|WP_001977986.1|transfer|NA|Plasmid RefSeq|Keyword Search,NODE_15_length_130232_cov_55.540102_81 # 80590 # 84606 # 1 # ID=15_81;partial=00;start_type=ATG;rbs_motif=AGGA;rbs_spacer=5-10bp;gc_cont=0.403,91.4,2295,1338,0.0,1339,1,1338,1,1338,mobileOG_000730126,NA:Keyword,WP_001977986.1,transfer,NA,Plasmid RefSeq,Keyword Search,NODE_15_length_130232_cov_55.540102_81, 80590 # 84606 # 1 , 80590,84606,1 ,15_81,15,81,00,ATG,AGGA,5-10bp,0.403,NODE_15_length_130232_cov_55.540102,mobileOG_000730126_NODE_15_length_130232_cov_55.540102
118,mobileOG_000411520|NA:Keyword|WP_044798329.1|transfer|NA|COMPASS|Keyword Search,NODE_15_length_130232_cov_55.540102_81 # 80590 # 84606 # 1 # ID=15_81;partial=00;start_type=ATG;rbs_motif=AGGA;rbs_spacer=5-10bp;gc_cont=0.403,90.0,2250,1339,0.0,1339,1,1339,1,1338,mobileOG_000411520,NA:Keyword,WP_044798329.1,transfer,NA,COMPASS,Keyword Search,NODE_15_length_130232_cov_55.540102_81, 80590 # 84606 # 1 , 80590,84606,1 ,15_81,15,81,00,ATG,AGGA,5-10bp,0.403,NODE_15_length_130232_cov_55.540102,mobileOG_000411520_NODE_15_length_130232_cov_55.540102
119,mobileOG_000409858|NA:Keyword|WP_000890333.1|transfer|NA|COMPASS|Keyword Search,NODE_15_length_130232_cov_55.540102_81 # 80590 # 84606 # 1 # ID=15_81;partial=00;start_type=ATG;rbs_motif=AGGA;rbs_spacer=5-10bp;gc_cont=0.403,91.7,2089,1222,0.0,1339,1,1222,1,1222,mobileOG_000409858,NA:Keyword,WP_000890333.1,transfer,NA,COMPASS,Keyword Search,NODE_15_length_130232_cov_55.540102_81, 80590 # 84606 # 1 , 80590,84606,1 ,15_81,15,81,00,ATG,AGGA,5-10bp,0.403,NODE_15_length_130232_cov_55.540102,mobileOG_000409858_NODE_15_length_130232_cov_55.540102
120,mobileOG_000744591|NA:Keyword|WP_098521753.1|transfer|NA|Plasmid RefSeq|Keyword Search,NODE_15_length_130232_cov_55.540102_85 # 88524 # 89207 # 1 # ID=15_85;partial=00;start_type=ATG;rbs_motif=None;rbs_spacer=None;gc_cont=0.307,93.8,393,227,1.55e-139,228,1,227,1,227,mobileOG_000744591,NA:Keyword,WP_098521753.1,transfer,NA,Plasmid RefSeq,Keyword Search,NODE_15_length_130232_cov_55.540102_85, 88524 # 89207 # 1 , 88524,89207,1 ,15_85,15,85,00,ATG,None,None,0.307,NODE_15_length_130232_cov_55.540102,mobileOG_000744591_NODE_15_length_130232_cov_55.540102
121,mobileOG_000739815|NA:Keyword|WP_153218437.1|transfer|NA|Plasmid RefSeq|Keyword Search,NODE_15_length_130232_cov_55.540102_85 # 88524 # 89207 # 1 # ID=15_85;partial=00;start_type=ATG;rbs_motif=None;rbs_spacer=None;gc_cont=0.307,91.2,375,227,1.12e-132,228,1,226,1,226,mobileOG_000739815,NA:Keyword,WP_153218437.1,transfer,NA,Plasmid RefSeq,Keyword Search,NODE_15_length_130232_cov_55.540102_85, 88524 # 89207 # 1 , 88524,89207,1 ,15_85,15,85,00,ATG,None,None,0.307,NODE_15_length_130232_cov_55.540102,mobileOG_000739815_NODE_15_length_130232_cov_55.540102
122,mobileOG_000305508|NA|WP_061139946.1|integration/excision|NA|Multiple|Homology,NODE_15_length_130232_cov_55.540102_102 # 100737 # 102179 # -1 # ID=15_102;partial=00;start_type=ATG;rbs_motif=GGA/GAG/AGG;rbs_spacer=5-10bp;gc_cont=0.352,92.6,887,476,0.0,481,1,476,5,480,mobileOG_000305508,NA,WP_061139946.1,integration/excision,NA,Multiple,Homology,NODE_15_length_130232_cov_55.540102_102, 100737 # 102179 # -1 , 100737,102179,-1 ,15_102,15,102,00,ATG,GGA/GAG/AGG,5-10bp,0.352,NODE_15_length_130232_cov_55.540102,mobileOG_000305508_NODE_15_length_130232_cov_55.540102
123,mobileOG_000345367|NA|WP_149216851.1|integration/excision|NA|Plasmid RefSeq|Homology,NODE_15_length_130232_cov_55.540102_102 # 100737 # 102179 # -1 # ID=15_102;partial=00;start_type=ATG;rbs_motif=GGA/GAG/AGG;rbs_spacer=5-10bp;gc_cont=0.352,92.9,887,476,0.0,481,1,476,5,480,mobileOG_000345367,NA,WP_149216851.1,integration/excision,NA,Plasmid RefSeq,Homology,NODE_15_length_130232_cov_55.540102_102, 100737 # 102179 # -1 , 100737,102179,-1 ,15_102,15,102,00,ATG,GGA/GAG/AGG,5-10bp,0.352,NODE_15_length_130232_cov_55.540102,mobileOG_000345367_NODE_15_length_130232_cov_55.540102
124,mobileOG_000036343|NA|WP_000117003.1|integration/excision|NA|Multiple|Homology,NODE_15_length_130232_cov_55.540102_102 # 100737 # 102179 # -1 # ID=15_102;partial=00;start_type=ATG;rbs_motif=GGA/GAG/AGG;rbs_spacer=5-10bp;gc_cont=0.352,92.9,879,476,0.0,481,1,476,5,480,mobileOG_000036343,NA,WP_000117003.1,integration/excision,NA,Multiple,Homology,NODE_15_length_130232_cov_55.540102_102, 100737 # 102179 # -1 , 100737,102179,-1 ,15_102,15,102,00,ATG,GGA/GAG/AGG,5-10bp,0.352,NODE_15_length_130232_cov_55.540102,mobileOG_000036343_NODE_15_length_130232_cov_55.540102
125,mobileOG_000362327|NA|WP_158318232.1|integration/excision|NA|Plasmid RefSeq|Homology,NODE_15_length_130232_cov_55.540102_102 # 100737 # 102179 # -1 # ID=15_102;partial=00;start_type=ATG;rbs_motif=GGA/GAG/AGG;rbs_spacer=5-10bp;gc_cont=0.352,92.6,879,476,0.0,481,1,476,5,480,mobileOG_000362327,NA,WP_158318232.1,integration/excision,NA,Plasmid RefSeq,Homology,NODE_15_length_130232_cov_55.540102_102, 100737 # 102179 # -1 , 100737,102179,-1 ,15_102,15,102,00,ATG,GGA/GAG/AGG,5-10bp,0.352,NODE_15_length_130232_cov_55.540102,mobileOG_000362327_NODE_15_length_130232_cov_55.540102
126,mobileOG_000036323|NA|WP_000028472.1|integration/excision|NA|Multiple|Homology,NODE_15_length_130232_cov_55.540102_102 # 100737 # 102179 # -1 # ID=15_102;partial=00;start_type=ATG;rbs_motif=GGA/GAG/AGG;rbs_spacer=5-10bp;gc_cont=0.352,92.6,879,476,0.0,481,1,476,5,480,mobileOG_000036323,NA,WP_000028472.1,integration/excision,NA,Multiple,Homology,NODE_15_length_130232_cov_55.540102_102, 100737 # 102179 # -1 , 100737,102179,-1 ,15_102,15,102,00,ATG,GGA/GAG/AGG,5-10bp,0.352,NODE_15_length_130232_cov_55.540102,mobileOG_000036323_NODE_15_length_130232_cov_55.540102
127,mobileOG_000071678|NA|WP_063592730.1|integration/excision|NA|Multiple|Homology,NODE_15_length_130232_cov_55.540102_102 # 100737 # 102179 # -1 # ID=15_102;partial=00;start_type=ATG;rbs_motif=GGA/GAG/AGG;rbs_spacer=5-10bp;gc_cont=0.352,92.2,878,476,0.0,481,1,476,5,480,mobileOG_000071678,NA,WP_063592730.1,integration/excision,NA,Multiple,Homology,NODE_15_length_130232_cov_55.540102_102, 100737 # 102179 # -1 , 100737,102179,-1 ,15_102,15,102,00,ATG,GGA/GAG/AGG,5-10bp,0.352,NODE_15_length_130232_cov_55.540102,mobileOG_000071678_NODE_15_length_130232_cov_55.540102
128,mobileOG_000343831|NA|WP_025967151.1|integration/excision|NA|Multiple|Homology,NODE_15_length_130232_cov_55.540102_102 # 100737 # 102179 # -1 # ID=15_102;partial=00;start_type=ATG;rbs_motif=GGA/GAG/AGG;rbs_spacer=5-10bp;gc_cont=0.352,92.2,878,476,0.0,481,1,476,5,480,mobileOG_000343831,NA,WP_025967151.1,integration/excision,NA,Multiple,Homology,NODE_15_length_130232_cov_55.540102_102, 100737 # 102179 # -1 , 100737,102179,-1 ,15_102,15,102,00,ATG,GGA/GAG/AGG,5-10bp,0.352,NODE_15_length_130232_cov_55.540102,mobileOG_000343831_NODE_15_length_130232_cov_55.540102
129,mobileOG_000064064|NA|WP_042514283.1|integration/excision|NA|COMPASS|Homology,NODE_15_length_130232_cov_55.540102_102 # 100737 # 102179 # -1 # ID=15_102;partial=00;start_type=ATG;rbs_motif=GGA/GAG/AGG;rbs_spacer=5-10bp;gc_cont=0.352,91.3,878,480,0.0,481,1,480,1,480,mobileOG_000064064,NA,WP_042514283.1,integration/excision,NA,COMPASS,Homology,NODE_15_length_130232_cov_55.540102_102, 100737 # 102179 # -1 , 100737,102179,-1 ,15_102,15,102,00,ATG,GGA/GAG/AGG,5-10bp,0.352,NODE_15_length_130232_cov_55.540102,mobileOG_000064064_NODE_15_length_130232_cov_55.540102
130,mobileOG_000338848|NA|WP_042511991.1|integration/excision|NA|Multiple|Homology,NODE_15_length_130232_cov_55.540102_102 # 100737 # 102179 # -1 # ID=15_102;partial=00;start_type=ATG;rbs_motif=GGA/GAG/AGG;rbs_spacer=5-10bp;gc_cont=0.352,92.6,877,476,0.0,481,1,476,5,480,mobileOG_000338848,NA,WP_042511991.1,integration/excision,NA,Multiple,Homology,NODE_15_length_130232_cov_55.540102_102, 100737 # 102179 # -1 , 100737,102179,-1 ,15_102,15,102,00,ATG,GGA/GAG/AGG,5-10bp,0.352,NODE_15_length_130232_cov_55.540102,mobileOG_000338848_NODE_15_length_130232_cov_55.540102
131,mobileOG_000375593|NA|WP_085313133.1|integration/excision|NA|Multiple|Homology,NODE_15_length_130232_cov_55.540102_102 # 100737 # 102179 # -1 # ID=15_102;partial=00;start_type=ATG;rbs_motif=GGA/GAG/AGG;rbs_spacer=5-10bp;gc_cont=0.352,92.6,877,476,0.0,481,1,476,5,480,mobileOG_000375593,NA,WP_085313133.1,integration/excision,NA,Multiple,Homology,NODE_15_length_130232_cov_55.540102_102, 100737 # 102179 # -1 , 100737,102179,-1 ,15_102,15,102,00,ATG,GGA/GAG/AGG,5-10bp,0.352,NODE_15_length_130232_cov_55.540102,mobileOG_000375593_NODE_15_length_130232_cov_55.540102
132,mobileOG_000317157|NA|WP_063592771.1|integration/excision|NA|Multiple|Homology,NODE_15_length_130232_cov_55.540102_102 # 100737 # 102179 # -1 # ID=15_102;partial=00;start_type=ATG;rbs_motif=GGA/GAG/AGG;rbs_spacer=5-10bp;gc_cont=0.352,92.0,877,476,0.0,481,1,476,5,480,mobileOG_000317157,NA,WP_063592771.1,integration/excision,NA,Multiple,Homology,NODE_15_length_130232_cov_55.540102_102, 100737 # 102179 # -1 , 100737,102179,-1 ,15_102,15,102,00,ATG,GGA/GAG/AGG,5-10bp,0.352,NODE_15_length_130232_cov_55.540102,mobileOG_000317157_NODE_15_length_130232_cov_55.540102
133,mobileOG_000062364|NA|WP_000116992.1|integration/excision|NA|Multiple|Homology,NODE_15_length_130232_cov_55.540102_102 # 100737 # 102179 # -1 # ID=15_102;partial=00;start_type=ATG;rbs_motif=GGA/GAG/AGG;rbs_spacer=5-10bp;gc_cont=0.352,92.0,875,476,0.0,481,1,476,5,480,mobileOG_000062364,NA,WP_000116992.1,integration/excision,NA,Multiple,Homology,NODE_15_length_130232_cov_55.540102_102, 100737 # 102179 # -1 , 100737,102179,-1 ,15_102,15,102,00,ATG,GGA/GAG/AGG,5-10bp,0.352,NODE_15_length_130232_cov_55.540102,mobileOG_000062364_NODE_15_length_130232_cov_55.540102
134,mobileOG_000310722|NA|WP_103578001.1|integration/excision|NA|Plasmid RefSeq|Homology,NODE_15_length_130232_cov_55.540102_102 # 100737 # 102179 # -1 # ID=15_102;partial=00;start_type=ATG;rbs_motif=GGA/GAG/AGG;rbs_spacer=5-10bp;gc_cont=0.352,91.8,874,476,0.0,481,1,476,5,480,mobileOG_000310722,NA,WP_103578001.1,integration/excision,NA,Plasmid RefSeq,Homology,NODE_15_length_130232_cov_55.540102_102, 100737 # 102179 # -1 , 100737,102179,-1 ,15_102,15,102,00,ATG,GGA/GAG/AGG,5-10bp,0.352,NODE_15_length_130232_cov_55.540102,mobileOG_000310722_NODE_15_length_130232_cov_55.540102
135,mobileOG_000344112|NA|WP_042514283.1|integration/excision|NA|Plasmid RefSeq|Homology,NODE_15_length_130232_cov_55.540102_102 # 100737 # 102179 # -1 # ID=15_102;partial=00;start_type=ATG;rbs_motif=GGA/GAG/AGG;rbs_spacer=5-10bp;gc_cont=0.352,91.4,873,476,0.0,481,1,476,5,480,mobileOG_000344112,NA,WP_042514283.1,integration/excision,NA,Plasmid RefSeq,Homology,NODE_15_length_130232_cov_55.540102_102, 100737 # 102179 # -1 , 100737,102179,-1 ,15_102,15,102,00,ATG,GGA/GAG/AGG,5-10bp,0.352,NODE_15_length_130232_cov_55.540102,mobileOG_000344112_NODE_15_length_130232_cov_55.540102
136,mobileOG_000344334|NA|WP_062804476.1|integration/excision|NA|Multiple|Homology,NODE_15_length_130232_cov_55.540102_102 # 100737 # 102179 # -1 # ID=15_102;partial=00;start_type=ATG;rbs_motif=GGA/GAG/AGG;rbs_spacer=5-10bp;gc_cont=0.352,91.8,872,476,0.0,481,1,476,5,480,mobileOG_000344334,NA,WP_062804476.1,integration/excision,NA,Multiple,Homology,NODE_15_length_130232_cov_55.540102_102, 100737 # 102179 # -1 , 100737,102179,-1 ,15_102,15,102,00,ATG,GGA/GAG/AGG,5-10bp,0.352,NODE_15_length_130232_cov_55.540102,mobileOG_000344334_NODE_15_length_130232_cov_55.540102
137,mobileOG_000739725|NA:Keyword|WP_149216912.1|transfer|NA|Plasmid RefSeq|Keyword Search,NODE_15_length_130232_cov_55.540102_124 # 125697 # 126329 # -1 # ID=15_124;partial=00;start_type=TTG;rbs_motif=GGA/GAG/AGG;rbs_spacer=5-10bp;gc_cont=0.370,90.4,376,306,6.40e-132,211,98,305,1,208,mobileOG_000739725,NA:Keyword,WP_149216912.1,transfer,NA,Plasmid RefSeq,Keyword Search,NODE_15_length_130232_cov_55.540102_124, 125697 # 126329 # -1 , 125697,126329,-1 ,15_124,15,124,00,TTG,GGA/GAG/AGG,5-10bp,0.370,NODE_15_length_130232_cov_55.540102,mobileOG_000739725_NODE_15_length_130232_cov_55.540102
138,mobileOG_000755143|NA:Keyword|WP_048565539.1|integration/excision|NA|Multiple|Keyword Search,NODE_21_length_90131_cov_53.008906_7 # 5678 # 5956 # -1 # ID=21_7;partial=00;start_type=ATG;rbs_motif=AGGAG;rbs_spacer=5-10bp;gc_cont=0.362,95.7,166,294,2.51e-51,93,203,294,1,92,mobileOG_000755143,NA:Keyword,WP_048565539.1,integration/excision,NA,Multiple,Keyword Search,NODE_21_length_90131_cov_53.008906_7, 5678 # 5956 # -1 , 5678,5956,-1 ,21_7,21,7,00,ATG,AGGAG,5-10bp,0.362,NODE_21_length_90131_cov_53.008906,mobileOG_000755143_NODE_21_length_90131_cov_53.008906
139,mobileOG_000405530|NA:Keyword|WP_000104999.1|integration/excision|NA|Multiple|Keyword Search,NODE_21_length_90131_cov_53.008906_7 # 5678 # 5956 # -1 # ID=21_7;partial=00;start_type=ATG;rbs_motif=AGGAG;rbs_spacer=5-10bp;gc_cont=0.362,93.5,162,294,5.69e-50,93,203,294,1,92,mobileOG_000405530,NA:Keyword,WP_000104999.1,integration/excision,NA,Multiple,Keyword Search,NODE_21_length_90131_cov_53.008906_7, 5678 # 5956 # -1 , 5678,5956,-1 ,21_7,21,7,00,ATG,AGGAG,5-10bp,0.362,NODE_21_length_90131_cov_53.008906,mobileOG_000405530_NODE_21_length_90131_cov_53.008906
140,mobileOG_000753611|NA:Keyword|WP_064472536.1|integration/excision|NA|Plasmid RefSeq|Keyword Search,NODE_21_length_90131_cov_53.008906_7 # 5678 # 5956 # -1 # ID=21_7;partial=00;start_type=ATG;rbs_motif=AGGAG;rbs_spacer=5-10bp;gc_cont=0.362,92.4,161,294,1.61e-49,93,203,294,1,92,mobileOG_000753611,NA:Keyword,WP_064472536.1,integration/excision,NA,Plasmid RefSeq,Keyword Search,NODE_21_length_90131_cov_53.008906_7, 5678 # 5956 # -1 , 5678,5956,-1 ,21_7,21,7,00,ATG,AGGAG,5-10bp,0.362,NODE_21_length_90131_cov_53.008906,mobileOG_000753611_NODE_21_length_90131_cov_53.008906
141,mobileOG_000065885|tnpB|WP_063549687.1|integration/excision|NA|Multiple|Homology,NODE_21_length_90131_cov_53.008906_24 # 25041 # 26120 # -1 # ID=21_24;partial=00;start_type=GTG;rbs_motif=AGGA/GGAG/GAGG;rbs_spacer=11-12bp;gc_cont=0.371,98.6,678,359,6.71e-248,360,1,359,1,359,mobileOG_000065885,tnpB,WP_063549687.1,integration/excision,NA,Multiple,Homology,NODE_21_length_90131_cov_53.008906_24, 25041 # 26120 # -1 , 25041,26120,-1 ,21_24,21,24,00,GTG,AGGA/GGAG/GAGG,11-12bp,0.371,NODE_21_length_90131_cov_53.008906,mobileOG_000065885_NODE_21_length_90131_cov_53.008906
142,mobileOG_000298077|tnpB|WP_153218494.1|integration/excision|NA|Plasmid RefSeq|Homology,NODE_21_length_90131_cov_53.008906_24 # 25041 # 26120 # -1 # ID=21_24;partial=00;start_type=GTG;rbs_motif=AGGA/GGAG/GAGG;rbs_spacer=11-12bp;gc_cont=0.371,98.6,678,359,6.71e-248,360,1,359,1,359,mobileOG_000298077,tnpB,WP_153218494.1,integration/excision,NA,Plasmid RefSeq,Homology,NODE_21_length_90131_cov_53.008906_24, 25041 # 26120 # -1 , 25041,26120,-1 ,21_24,21,24,00,GTG,AGGA/GGAG/GAGG,11-12bp,0.371,NODE_21_length_90131_cov_53.008906,mobileOG_000298077_NODE_21_length_90131_cov_53.008906
143,mobileOG_000061384|tnpB|WP_015406647.1|integration/excision|NA|Multiple|Homology,NODE_21_length_90131_cov_53.008906_24 # 25041 # 26120 # -1 # ID=21_24;partial=00;start_type=GTG;rbs_motif=AGGA/GGAG/GAGG;rbs_spacer=11-12bp;gc_cont=0.371,98.6,677,359,9.52e-248,360,1,359,1,359,mobileOG_000061384,tnpB,WP_015406647.1,integration/excision,NA,Multiple,Homology,NODE_21_length_90131_cov_53.008906_24, 25041 # 26120 # -1 , 25041,26120,-1 ,21_24,21,24,00,GTG,AGGA/GGAG/GAGG,11-12bp,0.371,NODE_21_length_90131_cov_53.008906,mobileOG_000061384_NODE_21_length_90131_cov_53.008906
144,mobileOG_000298100|tnpB|A0A242VWS8|integration/excision|NA|Plasmid RefSeq|Homology,NODE_21_length_90131_cov_53.008906_24 # 25041 # 26120 # -1 # ID=21_24;partial=00;start_type=GTG;rbs_motif=AGGA/GGAG/GAGG;rbs_spacer=11-12bp;gc_cont=0.371,97.8,676,359,2.73e-247,360,1,359,1,359,mobileOG_000298100,tnpB,A0A242VWS8,integration/excision,NA,Plasmid RefSeq,Homology,NODE_21_length_90131_cov_53.008906_24, 25041 # 26120 # -1 , 25041,26120,-1 ,21_24,21,24,00,GTG,AGGA/GGAG/GAGG,11-12bp,0.371,NODE_21_length_90131_cov_53.008906,mobileOG_000298100_NODE_21_length_90131_cov_53.008906
145,mobileOG_000065889|tnpB|WP_063549895.1|integration/excision|NA|Multiple|Homology,NODE_21_length_90131_cov_53.008906_24 # 25041 # 26120 # -1 # ID=21_24;partial=00;start_type=GTG;rbs_motif=AGGA/GGAG/GAGG;rbs_spacer=11-12bp;gc_cont=0.371,98.1,676,359,5.51e-247,360,1,359,1,359,mobileOG_000065889,tnpB,WP_063549895.1,integration/excision,NA,Multiple,Homology,NODE_21_length_90131_cov_53.008906_24, 25041 # 26120 # -1 , 25041,26120,-1 ,21_24,21,24,00,GTG,AGGA/GGAG/GAGG,11-12bp,0.371,NODE_21_length_90131_cov_53.008906,mobileOG_000065889_NODE_21_length_90131_cov_53.008906
146,mobileOG_000297949|tnpB|WP_086405494.1|integration/excision|NA|Plasmid RefSeq|Homology,NODE_21_length_90131_cov_53.008906_24 # 25041 # 26120 # -1 # ID=21_24;partial=00;start_type=GTG;rbs_motif=AGGA/GGAG/GAGG;rbs_spacer=11-12bp;gc_cont=0.371,97.8,674,359,1.58e-246,360,1,359,1,359,mobileOG_000297949,tnpB,WP_086405494.1,integration/excision,NA,Plasmid RefSeq,Homology,NODE_21_length_90131_cov_53.008906_24, 25041 # 26120 # -1 , 25041,26120,-1 ,21_24,21,24,00,GTG,AGGA/GGAG/GAGG,11-12bp,0.371,NODE_21_length_90131_cov_53.008906,mobileOG_000297949_NODE_21_length_90131_cov_53.008906
147,mobileOG_000063266|tnpB|WP_015406677.1|integration/excision|NA|Multiple|Homology,NODE_21_length_90131_cov_53.008906_24 # 25041 # 26120 # -1 # ID=21_24;partial=00;start_type=GTG;rbs_motif=AGGA/GGAG/GAGG;rbs_spacer=11-12bp;gc_cont=0.371,98.1,673,359,4.52e-246,360,1,359,1,359,mobileOG_000063266,tnpB,WP_015406677.1,integration/excision,NA,Multiple,Homology,NODE_21_length_90131_cov_53.008906_24, 25041 # 26120 # -1 , 25041,26120,-1 ,21_24,21,24,00,GTG,AGGA/GGAG/GAGG,11-12bp,0.371,NODE_21_length_90131_cov_53.008906,mobileOG_000063266_NODE_21_length_90131_cov_53.008906
148,mobileOG_000064664|tnpB|WP_042991619.1|integration/excision|NA|Multiple|Homology,NODE_21_length_90131_cov_53.008906_24 # 25041 # 26120 # -1 # ID=21_24;partial=00;start_type=GTG;rbs_motif=AGGA/GGAG/GAGG;rbs_spacer=11-12bp;gc_cont=0.371,98.1,673,359,6.42e-246,360,1,359,1,359,mobileOG_000064664,tnpB,WP_042991619.1,integration/excision,NA,Multiple,Homology,NODE_21_length_90131_cov_53.008906_24, 25041 # 26120 # -1 , 25041,26120,-1 ,21_24,21,24,00,GTG,AGGA/GGAG/GAGG,11-12bp,0.371,NODE_21_length_90131_cov_53.008906,mobileOG_000064664_NODE_21_length_90131_cov_53.008906
149,mobileOG_000297692|tnpB|WP_001136642.1|integration/excision|NA|Multiple|Homology,NODE_21_length_90131_cov_53.008906_24 # 25041 # 26120 # -1 # ID=21_24;partial=00;start_type=GTG;rbs_motif=AGGA/GGAG/GAGG;rbs_spacer=11-12bp;gc_cont=0.371,97.5,673,359,6.42e-246,360,1,359,1,359,mobileOG_000297692,tnpB,WP_001136642.1,integration/excision,NA,Multiple,Homology,NODE_21_length_90131_cov_53.008906_24, 25041 # 26120 # -1 , 25041,26120,-1 ,21_24,21,24,00,GTG,AGGA/GGAG/GAGG,11-12bp,0.371,NODE_21_length_90131_cov_53.008906,mobileOG_000297692_NODE_21_length_90131_cov_53.008906
150,mobileOG_000297938|tnpB|A0A242YNB7|integration/excision|NA|Multiple|Homology,NODE_21_length_90131_cov_53.008906_24 # 25041 # 26120 # -1 # ID=21_24;partial=00;start_type=GTG;rbs_motif=AGGA/GGAG/GAGG;rbs_spacer=11-12bp;gc_cont=0.371,97.8,671,359,5.27e-245,360,1,359,1,359,mobileOG_000297938,tnpB,A0A242YNB7,integration/excision,NA,Multiple,Homology,NODE_21_length_90131_cov_53.008906_24, 25041 # 26120 # -1 , 25041,26120,-1 ,21_24,21,24,00,GTG,AGGA/GGAG/GAGG,11-12bp,0.371,NODE_21_length_90131_cov_53.008906,mobileOG_000297938_NODE_21_length_90131_cov_53.008906
151,mobileOG_000297691|tnpB|WP_001136641.1|integration/excision|NA|Plasmid RefSeq|Homology,NODE_21_length_90131_cov_53.008906_24 # 25041 # 26120 # -1 # ID=21_24;partial=00;start_type=GTG;rbs_motif=AGGA/GGAG/GAGG;rbs_spacer=11-12bp;gc_cont=0.371,97.2,667,359,1.24e-243,360,1,359,1,359,mobileOG_000297691,tnpB,WP_001136641.1,integration/excision,NA,Plasmid RefSeq,Homology,NODE_21_length_90131_cov_53.008906_24, 25041 # 26120 # -1 , 25041,26120,-1 ,21_24,21,24,00,GTG,AGGA/GGAG/GAGG,11-12bp,0.371,NODE_21_length_90131_cov_53.008906,mobileOG_000297691_NODE_21_length_90131_cov_53.008906
152,mobileOG_000297892|tnpB|WP_063538869.1|integration/excision|NA|Multiple|Homology,NODE_21_length_90131_cov_53.008906_24 # 25041 # 26120 # -1 # ID=21_24;partial=00;start_type=GTG;rbs_motif=AGGA/GGAG/GAGG;rbs_spacer=11-12bp;gc_cont=0.371,97.2,667,359,1.76e-243,360,1,359,1,359,mobileOG_000297892,tnpB,WP_063538869.1,integration/excision,NA,Multiple,Homology,NODE_21_length_90131_cov_53.008906_24, 25041 # 26120 # -1 , 25041,26120,-1 ,21_24,21,24,00,GTG,AGGA/GGAG/GAGG,11-12bp,0.371,NODE_21_length_90131_cov_53.008906,mobileOG_000297892_NODE_21_length_90131_cov_53.008906
153,mobileOG_000297899|tnpB|WP_065229854.1|integration/excision|NA|Plasmid RefSeq|Homology,NODE_21_length_90131_cov_53.008906_24 # 25041 # 26120 # -1 # ID=21_24;partial=00;start_type=GTG;rbs_motif=AGGA/GGAG/GAGG;rbs_spacer=11-12bp;gc_cont=0.371,97.8,665,356,4.51e-243,360,1,356,1,356,mobileOG_000297899,tnpB,WP_065229854.1,integration/excision,NA,Plasmid RefSeq,Homology,NODE_21_length_90131_cov_53.008906_24, 25041 # 26120 # -1 , 25041,26120,-1 ,21_24,21,24,00,GTG,AGGA/GGAG/GAGG,11-12bp,0.371,NODE_21_length_90131_cov_53.008906,mobileOG_000297899_NODE_21_length_90131_cov_53.008906
154,mobileOG_000297818|tnpB|WP_042514406.1|integration/excision|NA|Multiple|Homology,NODE_21_length_90131_cov_53.008906_24 # 25041 # 26120 # -1 # ID=21_24;partial=00;start_type=GTG;rbs_motif=AGGA/GGAG/GAGG;rbs_spacer=11-12bp;gc_cont=0.371,96.9,665,359,7.17e-243,360,1,359,1,359,mobileOG_000297818,tnpB,WP_042514406.1,integration/excision,NA,Multiple,Homology,NODE_21_length_90131_cov_53.008906_24, 25041 # 26120 # -1 , 25041,26120,-1 ,21_24,21,24,00,GTG,AGGA/GGAG/GAGG,11-12bp,0.371,NODE_21_length_90131_cov_53.008906,mobileOG_000297818_NODE_21_length_90131_cov_53.008906
155,mobileOG_000297849|tnpB|WP_050844933.1|integration/excision|NA|Multiple|Homology,NODE_21_length_90131_cov_53.008906_24 # 25041 # 26120 # -1 # ID=21_24;partial=00;start_type=GTG;rbs_motif=AGGA/GGAG/GAGG;rbs_spacer=11-12bp;gc_cont=0.371,96.9,665,359,1.02e-242,360,1,359,1,359,mobileOG_000297849,tnpB,WP_050844933.1,integration/excision,NA,Multiple,Homology,NODE_21_length_90131_cov_53.008906_24, 25041 # 26120 # -1 , 25041,26120,-1 ,21_24,21,24,00,GTG,AGGA/GGAG/GAGG,11-12bp,0.371,NODE_21_length_90131_cov_53.008906,mobileOG_000297849_NODE_21_length_90131_cov_53.008906
156,mobileOG_000733667|NA:Keyword|WP_033681089.1|integration/excision|NA|Multiple|Keyword Search,NODE_21_length_90131_cov_53.008906_25 # 26126 # 26524 # -1 # ID=21_25;partial=00;start_type=ATG;rbs_motif=None;rbs_spacer=None;gc_cont=0.356,98.5,271,133,1.85e-94,133,2,133,1,132,mobileOG_000733667,NA:Keyword,WP_033681089.1,integration/excision,NA,Multiple,Keyword Search,NODE_21_length_90131_cov_53.008906_25, 26126 # 26524 # -1 , 26126,26524,-1 ,21_25,21,25,00,ATG,None,None,0.356,NODE_21_length_90131_cov_53.008906,mobileOG_000733667_NODE_21_length_90131_cov_53.008906
157,mobileOG_000063364|tnpA|WP_015406646.1|integration/excision|NA|Multiple|Homology,NODE_21_length_90131_cov_53.008906_25 # 26126 # 26524 # -1 # ID=21_25;partial=00;start_type=ATG;rbs_motif=None;rbs_spacer=None;gc_cont=0.356,98.5,270,133,7.55e-94,133,2,133,1,132,mobileOG_000063364,tnpA,WP_015406646.1,integration/excision,NA,Multiple,Homology,NODE_21_length_90131_cov_53.008906_25, 26126 # 26524 # -1 , 26126,26524,-1 ,21_25,21,25,00,ATG,None,None,0.356,NODE_21_length_90131_cov_53.008906,mobileOG_000063364_NODE_21_length_90131_cov_53.008906
158,mobileOG_000755764|NA:Keyword|WP_050844931.1|integration/excision|NA|Multiple|Keyword Search,NODE_21_length_90131_cov_53.008906_25 # 26126 # 26524 # -1 # ID=21_25;partial=00;start_type=ATG;rbs_motif=None;rbs_spacer=None;gc_cont=0.356,97.7,269,133,1.52e-93,133,2,133,1,132,mobileOG_000755764,NA:Keyword,WP_050844931.1,integration/excision,NA,Multiple,Keyword Search,NODE_21_length_90131_cov_53.008906_25, 26126 # 26524 # -1 , 26126,26524,-1 ,21_25,21,25,00,ATG,None,None,0.356,NODE_21_length_90131_cov_53.008906,mobileOG_000755764_NODE_21_length_90131_cov_53.008906
159,mobileOG_000756727|NA:Keyword|WP_042514405.1|integration/excision|NA|Multiple|Keyword Search,NODE_21_length_90131_cov_53.008906_25 # 26126 # 26524 # -1 # ID=21_25;partial=00;start_type=ATG;rbs_motif=None;rbs_spacer=None;gc_cont=0.356,97.7,269,133,1.52e-93,133,2,133,1,132,mobileOG_000756727,NA:Keyword,WP_042514405.1,integration/excision,NA,Multiple,Keyword Search,NODE_21_length_90131_cov_53.008906_25, 26126 # 26524 # -1 , 26126,26524,-1 ,21_25,21,25,00,ATG,None,None,0.356,NODE_21_length_90131_cov_53.008906,mobileOG_000756727_NODE_21_length_90131_cov_53.008906
160,mobileOG_000408889|NA:Keyword|WP_015406545.1|integration/excision|NA|Multiple|Keyword Search,NODE_21_length_90131_cov_53.008906_25 # 26126 # 26524 # -1 # ID=21_25;partial=00;start_type=ATG;rbs_motif=None;rbs_spacer=None;gc_cont=0.356,97.7,268,133,2.17e-93,133,2,133,1,132,mobileOG_000408889,NA:Keyword,WP_015406545.1,integration/excision,NA,Multiple,Keyword Search,NODE_21_length_90131_cov_53.008906_25, 26126 # 26524 # -1 , 26126,26524,-1 ,21_25,21,25,00,ATG,None,None,0.356,NODE_21_length_90131_cov_53.008906,mobileOG_000408889_NODE_21_length_90131_cov_53.008906
161,mobileOG_000754818|NA:Keyword|WP_033703441.1|integration/excision|NA|Multiple|Keyword Search,NODE_21_length_90131_cov_53.008906_25 # 26126 # 26524 # -1 # ID=21_25;partial=00;start_type=ATG;rbs_motif=None;rbs_spacer=None;gc_cont=0.356,97.7,268,133,2.17e-93,133,2,133,1,132,mobileOG_000754818,NA:Keyword,WP_033703441.1,integration/excision,NA,Multiple,Keyword Search,NODE_21_length_90131_cov_53.008906_25, 26126 # 26524 # -1 , 26126,26524,-1 ,21_25,21,25,00,ATG,None,None,0.356,NODE_21_length_90131_cov_53.008906,mobileOG_000754818_NODE_21_length_90131_cov_53.008906
162,mobileOG_000755809|NA:Keyword|WP_071680036.1|integration/excision|NA|Multiple|Keyword Search,NODE_21_length_90131_cov_53.008906_25 # 26126 # 26524 # -1 # ID=21_25;partial=00;start_type=ATG;rbs_motif=None;rbs_spacer=None;gc_cont=0.356,97.7,268,133,4.37e-93,133,2,133,1,132,mobileOG_000755809,NA:Keyword,WP_071680036.1,integration/excision,NA,Multiple,Keyword Search,NODE_21_length_90131_cov_53.008906_25, 26126 # 26524 # -1 , 26126,26524,-1 ,21_25,21,25,00,ATG,None,None,0.356,NODE_21_length_90131_cov_53.008906,mobileOG_000755809_NODE_21_length_90131_cov_53.008906
163,mobileOG_000352603|tnpA|WP_153218495.1|integration/excision|NA|Plasmid RefSeq|Homology,NODE_21_length_90131_cov_53.008906_25 # 26126 # 26524 # -1 # ID=21_25;partial=00;start_type=ATG;rbs_motif=None;rbs_spacer=None;gc_cont=0.356,97.7,267,133,6.21e-93,133,2,133,1,132,mobileOG_000352603,tnpA,WP_153218495.1,integration/excision,NA,Plasmid RefSeq,Homology,NODE_21_length_90131_cov_53.008906_25, 26126 # 26524 # -1 , 26126,26524,-1 ,21_25,21,25,00,ATG,None,None,0.356,NODE_21_length_90131_cov_53.008906,mobileOG_000352603_NODE_21_length_90131_cov_53.008906
164,mobileOG_000754834|NA:Keyword|WP_050844971.1|integration/excision|NA|Multiple|Keyword Search,NODE_21_length_90131_cov_53.008906_25 # 26126 # 26524 # -1 # ID=21_25;partial=00;start_type=ATG;rbs_motif=None;rbs_spacer=None;gc_cont=0.356,97.7,267,133,6.21e-93,133,2,133,1,132,mobileOG_000754834,NA:Keyword,WP_050844971.1,integration/excision,NA,Multiple,Keyword Search,NODE_21_length_90131_cov_53.008906_25, 26126 # 26524 # -1 , 26126,26524,-1 ,21_25,21,25,00,ATG,None,None,0.356,NODE_21_length_90131_cov_53.008906,mobileOG_000754834_NODE_21_length_90131_cov_53.008906
165,mobileOG_000398390|NA:Keyword|WP_089608012.1|integration/excision|NA|COMPASS|Keyword Search,NODE_21_length_90131_cov_53.008906_25 # 26126 # 26524 # -1 # ID=21_25;partial=00;start_type=ATG;rbs_motif=None;rbs_spacer=None;gc_cont=0.356,97.7,267,132,8.53e-93,133,1,132,1,132,mobileOG_000398390,NA:Keyword,WP_089608012.1,integration/excision,NA,COMPASS,Keyword Search,NODE_21_length_90131_cov_53.008906_25, 26126 # 26524 # -1 , 26126,26524,-1 ,21_25,21,25,00,ATG,None,None,0.356,NODE_21_length_90131_cov_53.008906,mobileOG_000398390_NODE_21_length_90131_cov_53.008906
166,mobileOG_000754388|NA:Keyword|WP_089608012.1|integration/excision|NA|Plasmid RefSeq|Keyword Search,NODE_21_length_90131_cov_53.008906_25 # 26126 # 26524 # -1 # ID=21_25;partial=00;start_type=ATG;rbs_motif=None;rbs_spacer=None;gc_cont=0.356,97.7,267,133,8.82e-93,133,2,133,1,132,mobileOG_000754388,NA:Keyword,WP_089608012.1,integration/excision,NA,Plasmid RefSeq,Keyword Search,NODE_21_length_90131_cov_53.008906_25, 26126 # 26524 # -1 , 26126,26524,-1 ,21_25,21,25,00,ATG,None,None,0.356,NODE_21_length_90131_cov_53.008906,mobileOG_000754388_NODE_21_length_90131_cov_53.008906
167,mobileOG_000063264|tnpA|WP_015406678.1|integration/excision|NA|Multiple|Homology,NODE_21_length_90131_cov_53.008906_25 # 26126 # 26524 # -1 # ID=21_25;partial=00;start_type=ATG;rbs_motif=None;rbs_spacer=None;gc_cont=0.356,97.0,266,133,1.78e-92,133,2,133,1,132,mobileOG_000063264,tnpA,WP_015406678.1,integration/excision,NA,Multiple,Homology,NODE_21_length_90131_cov_53.008906_25, 26126 # 26524 # -1 , 26126,26524,-1 ,21_25,21,25,00,ATG,None,None,0.356,NODE_21_length_90131_cov_53.008906,mobileOG_000063264_NODE_21_length_90131_cov_53.008906
168,mobileOG_000059961|tnpA|WP_033681089.1|integration/excision|NA|COMPASS|Homology,NODE_21_length_90131_cov_53.008906_25 # 26126 # 26524 # -1 # ID=21_25;partial=00;start_type=ATG;rbs_motif=None;rbs_spacer=None;gc_cont=0.356,97.0,265,133,3.60e-92,133,2,133,1,132,mobileOG_000059961,tnpA,WP_033681089.1,integration/excision,NA,COMPASS,Homology,NODE_21_length_90131_cov_53.008906_25, 26126 # 26524 # -1 , 26126,26524,-1 ,21_25,21,25,00,ATG,None,None,0.356,NODE_21_length_90131_cov_53.008906,mobileOG_000059961_NODE_21_length_90131_cov_53.008906
169,mobileOG_000411977|NA:Keyword|WP_063549891.1|integration/excision|NA|Multiple|Keyword Search,NODE_21_length_90131_cov_53.008906_25 # 26126 # 26524 # -1 # ID=21_25;partial=00;start_type=ATG;rbs_motif=None;rbs_spacer=None;gc_cont=0.356,96.2,265,133,5.11e-92,133,2,133,1,132,mobileOG_000411977,NA:Keyword,WP_063549891.1,integration/excision,NA,Multiple,Keyword Search,NODE_21_length_90131_cov_53.008906_25, 26126 # 26524 # -1 , 26126,26524,-1 ,21_25,21,25,00,ATG,None,None,0.356,NODE_21_length_90131_cov_53.008906,mobileOG_000411977_NODE_21_length_90131_cov_53.008906
170,mobileOG_000754294|NA:Keyword|A0A242YPU7|integration/excision|NA|Multiple|Keyword Search,NODE_21_length_90131_cov_53.008906_25 # 26126 # 26524 # -1 # ID=21_25;partial=00;start_type=ATG;rbs_motif=None;rbs_spacer=None;gc_cont=0.356,94.7,261,133,1.71e-90,133,2,133,1,132,mobileOG_000754294,NA:Keyword,A0A242YPU7,integration/excision,NA,Multiple,Keyword Search,NODE_21_length_90131_cov_53.008906_25, 26126 # 26524 # -1 , 26126,26524,-1 ,21_25,21,25,00,ATG,None,None,0.356,NODE_21_length_90131_cov_53.008906,mobileOG_000754294_NODE_21_length_90131_cov_53.008906
171,mobileOG_000003616|NA|WP_001053998.1|integration/excision|NA|COMPASS|Manual,NODE_21_length_90131_cov_53.008906_50 # 50248 # 50679 # -1 # ID=21_50;partial=00;start_type=ATG;rbs_motif=GGAG/GAGG;rbs_spacer=5-10bp;gc_cont=0.343,99.3,289,143,3.94e-101,144,1,143,1,143,mobileOG_000003616,NA,WP_001053998.1,integration/excision,NA,COMPASS,Manual,NODE_21_length_90131_cov_53.008906_50, 50248 # 50679 # -1 , 50248,50679,-1 ,21_50,21,50,00,ATG,GGAG/GAGG,5-10bp,0.343,NODE_21_length_90131_cov_53.008906,mobileOG_000003616_NODE_21_length_90131_cov_53.008906
172,mobileOG_000071733|NA|WP_065486175.1|integration/excision|NA|Multiple|Homology,NODE_21_length_90131_cov_53.008906_50 # 50248 # 50679 # -1 # ID=21_50;partial=00;start_type=ATG;rbs_motif=GGAG/GAGG;rbs_spacer=5-10bp;gc_cont=0.343,100,290,477,4.62e-97,144,335,477,1,143,mobileOG_000071733,NA,WP_065486175.1,integration/excision,NA,Multiple,Homology,NODE_21_length_90131_cov_53.008906_50, 50248 # 50679 # -1 , 50248,50679,-1 ,21_50,21,50,00,ATG,GGAG/GAGG,5-10bp,0.343,NODE_21_length_90131_cov_53.008906,mobileOG_000071733_NODE_21_length_90131_cov_53.008906
173,mobileOG_000344141|NA|WP_001053994.1|integration/excision|NA|Multiple|Homology,NODE_21_length_90131_cov_53.008906_50 # 50248 # 50679 # -1 # ID=21_50;partial=00;start_type=ATG;rbs_motif=GGAG/GAGG;rbs_spacer=5-10bp;gc_cont=0.343,100,290,477,4.62e-97,144,335,477,1,143,mobileOG_000344141,NA,WP_001053994.1,integration/excision,NA,Multiple,Homology,NODE_21_length_90131_cov_53.008906_50, 50248 # 50679 # -1 , 50248,50679,-1 ,21_50,21,50,00,ATG,GGAG/GAGG,5-10bp,0.343,NODE_21_length_90131_cov_53.008906,mobileOG_000344141_NODE_21_length_90131_cov_53.008906
174,mobileOG_000003410|NA|WP_001053998.1|integration/excision|NA|Multiple|Manual,NODE_21_length_90131_cov_53.008906_50 # 50248 # 50679 # -1 # ID=21_50;partial=00;start_type=ATG;rbs_motif=GGAG/GAGG;rbs_spacer=5-10bp;gc_cont=0.343,99.3,289,477,1.85e-96,144,335,477,1,143,mobileOG_000003410,NA,WP_001053998.1,integration/excision,NA,Multiple,Manual,NODE_21_length_90131_cov_53.008906_50, 50248 # 50679 # -1 , 50248,50679,-1 ,21_50,21,50,00,ATG,GGAG/GAGG,5-10bp,0.343,NODE_21_length_90131_cov_53.008906,mobileOG_000003410_NODE_21_length_90131_cov_53.008906
175,mobileOG_000317623|NA|WP_127064318.1|integration/excision|NA|Plasmid RefSeq|Homology,NODE_21_length_90131_cov_53.008906_50 # 50248 # 50679 # -1 # ID=21_50;partial=00;start_type=ATG;rbs_motif=GGAG/GAGG;rbs_spacer=5-10bp;gc_cont=0.343,99.3,288,477,2.62e-96,144,335,477,1,143,mobileOG_000317623,NA,WP_127064318.1,integration/excision,NA,Plasmid RefSeq,Homology,NODE_21_length_90131_cov_53.008906_50, 50248 # 50679 # -1 , 50248,50679,-1 ,21_50,21,50,00,ATG,GGAG/GAGG,5-10bp,0.343,NODE_21_length_90131_cov_53.008906,mobileOG_000317623_NODE_21_length_90131_cov_53.008906
176,mobileOG_000317662|NA|WP_098487850.1|integration/excision|NA|Plasmid RefSeq|Homology,NODE_21_length_90131_cov_53.008906_50 # 50248 # 50679 # -1 # ID=21_50;partial=00;start_type=ATG;rbs_motif=GGAG/GAGG;rbs_spacer=5-10bp;gc_cont=0.343,99.3,288,477,2.62e-96,144,335,477,1,143,mobileOG_000317662,NA,WP_098487850.1,integration/excision,NA,Plasmid RefSeq,Homology,NODE_21_length_90131_cov_53.008906_50, 50248 # 50679 # -1 , 50248,50679,-1 ,21_50,21,50,00,ATG,GGAG/GAGG,5-10bp,0.343,NODE_21_length_90131_cov_53.008906,mobileOG_000317662_NODE_21_length_90131_cov_53.008906
177,mobileOG_000338526|NA|WP_119493303.1|integration/excision|NA|Multiple|Homology,NODE_21_length_90131_cov_53.008906_50 # 50248 # 50679 # -1 # ID=21_50;partial=00;start_type=ATG;rbs_motif=GGAG/GAGG;rbs_spacer=5-10bp;gc_cont=0.343,98.6,287,477,1.05e-95,144,335,477,1,143,mobileOG_000338526,NA,WP_119493303.1,integration/excision,NA,Multiple,Homology,NODE_21_length_90131_cov_53.008906_50, 50248 # 50679 # -1 , 50248,50679,-1 ,21_50,21,50,00,ATG,GGAG/GAGG,5-10bp,0.343,NODE_21_length_90131_cov_53.008906,mobileOG_000338526_NODE_21_length_90131_cov_53.008906
178,mobileOG_000317624|NA|WP_127064323.1|integration/excision|NA|Plasmid RefSeq|Homology,NODE_21_length_90131_cov_53.008906_50 # 50248 # 50679 # -1 # ID=21_50;partial=00;start_type=ATG;rbs_motif=GGAG/GAGG;rbs_spacer=5-10bp;gc_cont=0.343,98.6,286,477,2.11e-95,144,335,477,1,143,mobileOG_000317624,NA,WP_127064323.1,integration/excision,NA,Plasmid RefSeq,Homology,NODE_21_length_90131_cov_53.008906_50, 50248 # 50679 # -1 , 50248,50679,-1 ,21_50,21,50,00,ATG,GGAG/GAGG,5-10bp,0.343,NODE_21_length_90131_cov_53.008906,mobileOG_000317624_NODE_21_length_90131_cov_53.008906
179,mobileOG_000023484|tnp|Q5MRA6|integration/excision|NA|ISFinder|Manual,NODE_21_length_90131_cov_53.008906_50 # 50248 # 50679 # -1 # ID=21_50;partial=00;start_type=ATG;rbs_motif=GGAG/GAGG;rbs_spacer=5-10bp;gc_cont=0.343,98.6,286,477,2.98e-95,144,335,477,1,143,mobileOG_000023484,tnp,Q5MRA6,integration/excision,NA,ISFinder,Manual,NODE_21_length_90131_cov_53.008906_50, 50248 # 50679 # -1 , 50248,50679,-1 ,21_50,21,50,00,ATG,GGAG/GAGG,5-10bp,0.343,NODE_21_length_90131_cov_53.008906,mobileOG_000023484_NODE_21_length_90131_cov_53.008906
180,mobileOG_000346007|NA|WP_001053998.1|integration/excision|NA|Plasmid RefSeq|Homology,NODE_21_length_90131_cov_53.008906_50 # 50248 # 50679 # -1 # ID=21_50;partial=00;start_type=ATG;rbs_motif=GGAG/GAGG;rbs_spacer=5-10bp;gc_cont=0.343,97.9,284,477,1.20e-94,144,335,477,1,143,mobileOG_000346007,NA,WP_001053998.1,integration/excision,NA,Plasmid RefSeq,Homology,NODE_21_length_90131_cov_53.008906_50, 50248 # 50679 # -1 , 50248,50679,-1 ,21_50,21,50,00,ATG,GGAG/GAGG,5-10bp,0.343,NODE_21_length_90131_cov_53.008906,mobileOG_000346007_NODE_21_length_90131_cov_53.008906
181,mobileOG_000338524|NA|WP_119493302.1|integration/excision|NA|Multiple|Homology,NODE_21_length_90131_cov_53.008906_50 # 50248 # 50679 # -1 # ID=21_50;partial=00;start_type=ATG;rbs_motif=GGAG/GAGG;rbs_spacer=5-10bp;gc_cont=0.343,98.6,280,475,3.63e-93,144,335,473,1,139,mobileOG_000338524,NA,WP_119493302.1,integration/excision,NA,Multiple,Homology,NODE_21_length_90131_cov_53.008906_50, 50248 # 50679 # -1 , 50248,50679,-1 ,21_50,21,50,00,ATG,GGAG/GAGG,5-10bp,0.343,NODE_21_length_90131_cov_53.008906,mobileOG_000338524_NODE_21_length_90131_cov_53.008906
182,mobileOG_000317635|NA|WP_127064375.1|integration/excision|NA|Plasmid RefSeq|Homology,NODE_21_length_90131_cov_53.008906_50 # 50248 # 50679 # -1 # ID=21_50;partial=00;start_type=ATG;rbs_motif=GGAG/GAGG;rbs_spacer=5-10bp;gc_cont=0.343,95.1,277,381,5.32e-93,144,239,381,1,143,mobileOG_000317635,NA,WP_127064375.1,integration/excision,NA,Plasmid RefSeq,Homology,NODE_21_length_90131_cov_53.008906_50, 50248 # 50679 # -1 , 50248,50679,-1 ,21_50,21,50,00,ATG,GGAG/GAGG,5-10bp,0.343,NODE_21_length_90131_cov_53.008906,mobileOG_000317635_NODE_21_length_90131_cov_53.008906
183,mobileOG_000066929|NA|A0A2C5PMY1|integration/excision|NA|COMPASS|Homology,NODE_21_length_90131_cov_53.008906_50 # 50248 # 50679 # -1 # ID=21_50;partial=00;start_type=ATG;rbs_motif=GGAG/GAGG;rbs_spacer=5-10bp;gc_cont=0.343,94.4,275,349,1.13e-92,144,206,349,1,143,mobileOG_000066929,NA,A0A2C5PMY1,integration/excision,NA,COMPASS,Homology,NODE_21_length_90131_cov_53.008906_50, 50248 # 50679 # -1 , 50248,50679,-1 ,21_50,21,50,00,ATG,GGAG/GAGG,5-10bp,0.343,NODE_21_length_90131_cov_53.008906,mobileOG_000066929_NODE_21_length_90131_cov_53.008906
184,mobileOG_000317626|NA|WP_127064339.1|integration/excision|NA|Plasmid RefSeq|Homology,NODE_21_length_90131_cov_53.008906_50 # 50248 # 50679 # -1 # ID=21_50;partial=00;start_type=ATG;rbs_motif=GGAG/GAGG;rbs_spacer=5-10bp;gc_cont=0.343,94.4,275,381,4.31e-92,144,239,381,1,143,mobileOG_000317626,NA,WP_127064339.1,integration/excision,NA,Plasmid RefSeq,Homology,NODE_21_length_90131_cov_53.008906_50, 50248 # 50679 # -1 , 50248,50679,-1 ,21_50,21,50,00,ATG,GGAG/GAGG,5-10bp,0.343,NODE_21_length_90131_cov_53.008906,mobileOG_000317626_NODE_21_length_90131_cov_53.008906
185,mobileOG_000308817|NA|WP_098282336.1|integration/excision|NA|Multiple|Homology,NODE_21_length_90131_cov_53.008906_50 # 50248 # 50679 # -1 # ID=21_50;partial=00;start_type=ATG;rbs_motif=GGAG/GAGG;rbs_spacer=5-10bp;gc_cont=0.343,95.1,274,477,9.88e-91,144,335,477,1,143,mobileOG_000308817,NA,WP_098282336.1,integration/excision,NA,Multiple,Homology,NODE_21_length_90131_cov_53.008906_50, 50248 # 50679 # -1 , 50248,50679,-1 ,21_50,21,50,00,ATG,GGAG/GAGG,5-10bp,0.343,NODE_21_length_90131_cov_53.008906,mobileOG_000308817_NODE_21_length_90131_cov_53.008906
186,mobileOG_000066918|NA|WP_001053994.1|integration/excision|NA|COMPASS|Homology,NODE_21_length_90131_cov_53.008906_51 # 50755 # 51054 # -1 # ID=21_51;partial=00;start_type=ATG;rbs_motif=AGGA;rbs_spacer=5-10bp;gc_cont=0.317,94.9,177,280,4.79e-56,100,40,138,1,99,mobileOG_000066918,NA,WP_001053994.1,integration/excision,NA,COMPASS,Homology,NODE_21_length_90131_cov_53.008906_51, 50755 # 51054 # -1 , 50755,51054,-1 ,21_51,21,51,00,ATG,AGGA,5-10bp,0.317,NODE_21_length_90131_cov_53.008906,mobileOG_000066918_NODE_21_length_90131_cov_53.008906
187,mobileOG_000023484|tnp|Q5MRA6|integration/excision|NA|ISFinder|Manual,NODE_21_length_90131_cov_53.008906_51 # 50755 # 51054 # -1 # ID=21_51;partial=00;start_type=ATG;rbs_motif=AGGA;rbs_spacer=5-10bp;gc_cont=0.317,96.0,180,477,6.96e-55,100,210,308,1,99,mobileOG_000023484,tnp,Q5MRA6,integration/excision,NA,ISFinder,Manual,NODE_21_length_90131_cov_53.008906_51, 50755 # 51054 # -1 , 50755,51054,-1 ,21_51,21,51,00,ATG,AGGA,5-10bp,0.317,NODE_21_length_90131_cov_53.008906,mobileOG_000023484_NODE_21_length_90131_cov_53.008906
188,mobileOG_000308817|NA|WP_098282336.1|integration/excision|NA|Multiple|Homology,NODE_21_length_90131_cov_53.008906_51 # 50755 # 51054 # -1 # ID=21_51;partial=00;start_type=ATG;rbs_motif=AGGA;rbs_spacer=5-10bp;gc_cont=0.317,96.0,180,477,6.96e-55,100,210,308,1,99,mobileOG_000308817,NA,WP_098282336.1,integration/excision,NA,Multiple,Homology,NODE_21_length_90131_cov_53.008906_51, 50755 # 51054 # -1 , 50755,51054,-1 ,21_51,21,51,00,ATG,AGGA,5-10bp,0.317,NODE_21_length_90131_cov_53.008906,mobileOG_000308817_NODE_21_length_90131_cov_53.008906
189,mobileOG_000344141|NA|WP_001053994.1|integration/excision|NA|Multiple|Homology,NODE_21_length_90131_cov_53.008906_51 # 50755 # 51054 # -1 # ID=21_51;partial=00;start_type=ATG;rbs_motif=AGGA;rbs_spacer=5-10bp;gc_cont=0.317,96.0,180,477,6.96e-55,100,210,308,1,99,mobileOG_000344141,NA,WP_001053994.1,integration/excision,NA,Multiple,Homology,NODE_21_length_90131_cov_53.008906_51, 50755 # 51054 # -1 , 50755,51054,-1 ,21_51,21,51,00,ATG,AGGA,5-10bp,0.317,NODE_21_length_90131_cov_53.008906,mobileOG_000344141_NODE_21_length_90131_cov_53.008906
190,mobileOG_000317624|NA|WP_127064323.1|integration/excision|NA|Plasmid RefSeq|Homology,NODE_21_length_90131_cov_53.008906_51 # 50755 # 51054 # -1 # ID=21_51;partial=00;start_type=ATG;rbs_motif=AGGA;rbs_spacer=5-10bp;gc_cont=0.317,96.0,180,477,6.96e-55,100,210,308,1,99,mobileOG_000317624,NA,WP_127064323.1,integration/excision,NA,Plasmid RefSeq,Homology,NODE_21_length_90131_cov_53.008906_51, 50755 # 51054 # -1 , 50755,51054,-1 ,21_51,21,51,00,ATG,AGGA,5-10bp,0.317,NODE_21_length_90131_cov_53.008906,mobileOG_000317624_NODE_21_length_90131_cov_53.008906
191,mobileOG_000066891|NA|A0A2C9YGU4|integration/excision|NA|COMPASS|Homology,NODE_21_length_90131_cov_53.008906_51 # 50755 # 51054 # -1 # ID=21_51;partial=00;start_type=ATG;rbs_motif=AGGA;rbs_spacer=5-10bp;gc_cont=0.317,94.9,177,434,2.22e-54,100,183,281,1,99,mobileOG_000066891,NA,A0A2C9YGU4,integration/excision,NA,COMPASS,Homology,NODE_21_length_90131_cov_53.008906_51, 50755 # 51054 # -1 , 50755,51054,-1 ,21_51,21,51,00,ATG,AGGA,5-10bp,0.317,NODE_21_length_90131_cov_53.008906,mobileOG_000066891_NODE_21_length_90131_cov_53.008906
192,mobileOG_000317662|NA|WP_098487850.1|integration/excision|NA|Plasmid RefSeq|Homology,NODE_21_length_90131_cov_53.008906_51 # 50755 # 51054 # -1 # ID=21_51;partial=00;start_type=ATG;rbs_motif=AGGA;rbs_spacer=5-10bp;gc_cont=0.317,94.9,178,477,2.72e-54,100,210,308,1,99,mobileOG_000317662,NA,WP_098487850.1,integration/excision,NA,Plasmid RefSeq,Homology,NODE_21_length_90131_cov_53.008906_51, 50755 # 51054 # -1 , 50755,51054,-1 ,21_51,21,51,00,ATG,AGGA,5-10bp,0.317,NODE_21_length_90131_cov_53.008906,mobileOG_000317662_NODE_21_length_90131_cov_53.008906
193,mobileOG_000039737|NA|WP_098282336.1|integration/excision|NA|COMPASS|Homology,NODE_21_length_90131_cov_53.008906_51 # 50755 # 51054 # -1 # ID=21_51;partial=00;start_type=ATG;rbs_motif=AGGA;rbs_spacer=5-10bp;gc_cont=0.317,90.9,174,337,5.03e-54,100,204,302,1,99,mobileOG_000039737,NA,WP_098282336.1,integration/excision,NA,COMPASS,Homology,NODE_21_length_90131_cov_53.008906_51, 50755 # 51054 # -1 , 50755,51054,-1 ,21_51,21,51,00,ATG,AGGA,5-10bp,0.317,NODE_21_length_90131_cov_53.008906,mobileOG_000039737_NODE_21_length_90131_cov_53.008906
194,mobileOG_000071733|NA|WP_065486175.1|integration/excision|NA|Multiple|Homology,NODE_21_length_90131_cov_53.008906_51 # 50755 # 51054 # -1 # ID=21_51;partial=00;start_type=ATG;rbs_motif=AGGA;rbs_spacer=5-10bp;gc_cont=0.317,94.9,177,477,5.37e-54,100,210,308,1,99,mobileOG_000071733,NA,WP_065486175.1,integration/excision,NA,Multiple,Homology,NODE_21_length_90131_cov_53.008906_51, 50755 # 51054 # -1 , 50755,51054,-1 ,21_51,21,51,00,ATG,AGGA,5-10bp,0.317,NODE_21_length_90131_cov_53.008906,mobileOG_000071733_NODE_21_length_90131_cov_53.008906
195,mobileOG_000039747|NA|A0A2B9TSE5|integration/excision|NA|COMPASS|Homology,NODE_21_length_90131_cov_53.008906_51 # 50755 # 51054 # -1 # ID=21_51;partial=00;start_type=ATG;rbs_motif=AGGA;rbs_spacer=5-10bp;gc_cont=0.317,90.9,174,404,2.51e-53,100,210,308,1,99,mobileOG_000039747,NA,A0A2B9TSE5,integration/excision,NA,COMPASS,Homology,NODE_21_length_90131_cov_53.008906_51, 50755 # 51054 # -1 , 50755,51054,-1 ,21_51,21,51,00,ATG,AGGA,5-10bp,0.317,NODE_21_length_90131_cov_53.008906,mobileOG_000039747_NODE_21_length_90131_cov_53.008906
196,mobileOG_000039760|NA|A0A2B9TSE5|integration/excision|NA|COMPASS|Homology,NODE_21_length_90131_cov_53.008906_51 # 50755 # 51054 # -1 # ID=21_51;partial=00;start_type=ATG;rbs_motif=AGGA;rbs_spacer=5-10bp;gc_cont=0.317,90.9,174,404,2.51e-53,100,210,308,1,99,mobileOG_000039760,NA,A0A2B9TSE5,integration/excision,NA,COMPASS,Homology,NODE_21_length_90131_cov_53.008906_51, 50755 # 51054 # -1 , 50755,51054,-1 ,21_51,21,51,00,ATG,AGGA,5-10bp,0.317,NODE_21_length_90131_cov_53.008906,mobileOG_000039760_NODE_21_length_90131_cov_53.008906
197,mobileOG_000066898|NA|A0A2B9TSE5|integration/excision|NA|COMPASS|Homology,NODE_21_length_90131_cov_53.008906_51 # 50755 # 51054 # -1 # ID=21_51;partial=00;start_type=ATG;rbs_motif=AGGA;rbs_spacer=5-10bp;gc_cont=0.317,93.9,172,352,4.12e-53,100,210,307,1,98,mobileOG_000066898,NA,A0A2B9TSE5,integration/excision,NA,COMPASS,Homology,NODE_21_length_90131_cov_53.008906_51, 50755 # 51054 # -1 , 50755,51054,-1 ,21_51,21,51,00,ATG,AGGA,5-10bp,0.317,NODE_21_length_90131_cov_53.008906,mobileOG_000066898_NODE_21_length_90131_cov_53.008906
198,mobileOG_000317623|NA|WP_127064318.1|integration/excision|NA|Plasmid RefSeq|Homology,NODE_21_length_90131_cov_53.008906_51 # 50755 # 51054 # -1 # ID=21_51;partial=00;start_type=ATG;rbs_motif=AGGA;rbs_spacer=5-10bp;gc_cont=0.317,93.9,175,477,4.13e-53,100,210,308,1,99,mobileOG_000317623,NA,WP_127064318.1,integration/excision,NA,Plasmid RefSeq,Homology,NODE_21_length_90131_cov_53.008906_51, 50755 # 51054 # -1 , 50755,51054,-1 ,21_51,21,51,00,ATG,AGGA,5-10bp,0.317,NODE_21_length_90131_cov_53.008906,mobileOG_000317623_NODE_21_length_90131_cov_53.008906
199,mobileOG_000338524|NA|WP_119493302.1|integration/excision|NA|Multiple|Homology,NODE_21_length_90131_cov_53.008906_51 # 50755 # 51054 # -1 # ID=21_51;partial=00;start_type=ATG;rbs_motif=AGGA;rbs_spacer=5-10bp;gc_cont=0.317,92.9,175,475,5.58e-53,100,210,308,1,99,mobileOG_000338524,NA,WP_119493302.1,integration/excision,NA,Multiple,Homology,NODE_21_length_90131_cov_53.008906_51, 50755 # 51054 # -1 , 50755,51054,-1 ,21_51,21,51,00,ATG,AGGA,5-10bp,0.317,NODE_21_length_90131_cov_53.008906,mobileOG_000338524_NODE_21_length_90131_cov_53.008906
200,mobileOG_000003410|NA|WP_001053998.1|integration/excision|NA|Multiple|Manual,NODE_21_length_90131_cov_53.008906_51 # 50755 # 51054 # -1 # ID=21_51;partial=00;start_type=ATG;rbs_motif=AGGA;rbs_spacer=5-10bp;gc_cont=0.317,92.9,175,477,5.80e-53,100,210,308,1,99,mobileOG_000003410,NA,WP_001053998.1,integration/excision,NA,Multiple,Manual,NODE_21_length_90131_cov_53.008906_51, 50755 # 51054 # -1 , 50755,51054,-1 ,21_51,21,51,00,ATG,AGGA,5-10bp,0.317,NODE_21_length_90131_cov_53.008906,mobileOG_000003410_NODE_21_length_90131_cov_53.008906
201,mobileOG_000066898|NA|A0A2B9TSE5|integration/excision|NA|COMPASS|Homology,NODE_21_length_90131_cov_53.008906_52 # 51172 # 51681 # -1 # ID=21_52;partial=00;start_type=ATG;rbs_motif=None;rbs_spacer=None;gc_cont=0.363,97.0,325,352,4.77e-112,170,1,169,1,169,mobileOG_000066898,NA,A0A2B9TSE5,integration/excision,NA,COMPASS,Homology,NODE_21_length_90131_cov_53.008906_52, 51172 # 51681 # -1 , 51172,51681,-1 ,21_52,21,52,00,ATG,None,None,0.363,NODE_21_length_90131_cov_53.008906,mobileOG_000066898_NODE_21_length_90131_cov_53.008906
202,mobileOG_000039747|NA|A0A2B9TSE5|integration/excision|NA|COMPASS|Homology,NODE_21_length_90131_cov_53.008906_52 # 51172 # 51681 # -1 # ID=21_52;partial=00;start_type=ATG;rbs_motif=None;rbs_spacer=None;gc_cont=0.363,97.0,327,404,8.95e-112,170,1,169,1,169,mobileOG_000039747,NA,A0A2B9TSE5,integration/excision,NA,COMPASS,Homology,NODE_21_length_90131_cov_53.008906_52, 51172 # 51681 # -1 , 51172,51681,-1 ,21_52,21,52,00,ATG,None,None,0.363,NODE_21_length_90131_cov_53.008906,mobileOG_000039747_NODE_21_length_90131_cov_53.008906
203,mobileOG_000039760|NA|A0A2B9TSE5|integration/excision|NA|COMPASS|Homology,NODE_21_length_90131_cov_53.008906_52 # 51172 # 51681 # -1 # ID=21_52;partial=00;start_type=ATG;rbs_motif=None;rbs_spacer=None;gc_cont=0.363,97.0,327,404,8.95e-112,170,1,169,1,169,mobileOG_000039760,NA,A0A2B9TSE5,integration/excision,NA,COMPASS,Homology,NODE_21_length_90131_cov_53.008906_52, 51172 # 51681 # -1 , 51172,51681,-1 ,21_52,21,52,00,ATG,None,None,0.363,NODE_21_length_90131_cov_53.008906,mobileOG_000039760_NODE_21_length_90131_cov_53.008906
204,mobileOG_000071733|NA|WP_065486175.1|integration/excision|NA|Multiple|Homology,NODE_21_length_90131_cov_53.008906_52 # 51172 # 51681 # -1 # ID=21_52;partial=00;start_type=ATG;rbs_motif=None;rbs_spacer=None;gc_cont=0.363,97.0,327,477,8.54e-111,170,1,169,1,169,mobileOG_000071733,NA,WP_065486175.1,integration/excision,NA,Multiple,Homology,NODE_21_length_90131_cov_53.008906_52, 51172 # 51681 # -1 , 51172,51681,-1 ,21_52,21,52,00,ATG,None,None,0.363,NODE_21_length_90131_cov_53.008906,mobileOG_000071733_NODE_21_length_90131_cov_53.008906
205,mobileOG_000023484|tnp|Q5MRA6|integration/excision|NA|ISFinder|Manual,NODE_21_length_90131_cov_53.008906_52 # 51172 # 51681 # -1 # ID=21_52;partial=00;start_type=ATG;rbs_motif=None;rbs_spacer=None;gc_cont=0.363,96.4,325,477,2.43e-110,170,1,169,1,169,mobileOG_000023484,tnp,Q5MRA6,integration/excision,NA,ISFinder,Manual,NODE_21_length_90131_cov_53.008906_52, 51172 # 51681 # -1 , 51172,51681,-1 ,21_52,21,52,00,ATG,None,None,0.363,NODE_21_length_90131_cov_53.008906,mobileOG_000023484_NODE_21_length_90131_cov_53.008906
206,mobileOG_000317623|NA|WP_127064318.1|integration/excision|NA|Plasmid RefSeq|Homology,NODE_21_length_90131_cov_53.008906_52 # 51172 # 51681 # -1 # ID=21_52;partial=00;start_type=ATG;rbs_motif=None;rbs_spacer=None;gc_cont=0.363,96.4,325,477,2.43e-110,170,1,169,1,169,mobileOG_000317623,NA,WP_127064318.1,integration/excision,NA,Plasmid RefSeq,Homology,NODE_21_length_90131_cov_53.008906_52, 51172 # 51681 # -1 , 51172,51681,-1 ,21_52,21,52,00,ATG,None,None,0.363,NODE_21_length_90131_cov_53.008906,mobileOG_000317623_NODE_21_length_90131_cov_53.008906
207,mobileOG_000317662|NA|WP_098487850.1|integration/excision|NA|Plasmid RefSeq|Homology,NODE_21_length_90131_cov_53.008906_52 # 51172 # 51681 # -1 # ID=21_52;partial=00;start_type=ATG;rbs_motif=None;rbs_spacer=None;gc_cont=0.363,96.4,325,477,2.43e-110,170,1,169,1,169,mobileOG_000317662,NA,WP_098487850.1,integration/excision,NA,Plasmid RefSeq,Homology,NODE_21_length_90131_cov_53.008906_52, 51172 # 51681 # -1 , 51172,51681,-1 ,21_52,21,52,00,ATG,None,None,0.363,NODE_21_length_90131_cov_53.008906,mobileOG_000317662_NODE_21_length_90131_cov_53.008906
208,mobileOG_000344141|NA|WP_001053994.1|integration/excision|NA|Multiple|Homology,NODE_21_length_90131_cov_53.008906_52 # 51172 # 51681 # -1 # ID=21_52;partial=00;start_type=ATG;rbs_motif=None;rbs_spacer=None;gc_cont=0.363,96.4,325,477,4.87e-110,170,1,169,1,169,mobileOG_000344141,NA,WP_001053994.1,integration/excision,NA,Multiple,Homology,NODE_21_length_90131_cov_53.008906_52, 51172 # 51681 # -1 , 51172,51681,-1 ,21_52,21,52,00,ATG,None,None,0.363,NODE_21_length_90131_cov_53.008906,mobileOG_000344141_NODE_21_length_90131_cov_53.008906
209,mobileOG_000317624|NA|WP_127064323.1|integration/excision|NA|Plasmid RefSeq|Homology,NODE_21_length_90131_cov_53.008906_52 # 51172 # 51681 # -1 # ID=21_52;partial=00;start_type=ATG;rbs_motif=None;rbs_spacer=None;gc_cont=0.363,97.0,324,477,9.77e-110,170,1,169,1,169,mobileOG_000317624,NA,WP_127064323.1,integration/excision,NA,Plasmid RefSeq,Homology,NODE_21_length_90131_cov_53.008906_52, 51172 # 51681 # -1 , 51172,51681,-1 ,21_52,21,52,00,ATG,None,None,0.363,NODE_21_length_90131_cov_53.008906,mobileOG_000317624_NODE_21_length_90131_cov_53.008906
210,mobileOG_000308817|NA|WP_098282336.1|integration/excision|NA|Multiple|Homology,NODE_21_length_90131_cov_53.008906_52 # 51172 # 51681 # -1 # ID=21_52;partial=00;start_type=ATG;rbs_motif=None;rbs_spacer=None;gc_cont=0.363,95.9,323,477,1.38e-109,170,1,169,1,169,mobileOG_000308817,NA,WP_098282336.1,integration/excision,NA,Multiple,Homology,NODE_21_length_90131_cov_53.008906_52, 51172 # 51681 # -1 , 51172,51681,-1 ,21_52,21,52,00,ATG,None,None,0.363,NODE_21_length_90131_cov_53.008906,mobileOG_000308817_NODE_21_length_90131_cov_53.008906
211,mobileOG_000045849|NA|A0A2B9TSE5|integration/excision|NA|COMPASS|Homology,NODE_21_length_90131_cov_53.008906_52 # 51172 # 51681 # -1 # ID=21_52;partial=00;start_type=ATG;rbs_motif=None;rbs_spacer=None;gc_cont=0.363,94.1,320,379,2.17e-109,170,1,169,1,169,mobileOG_000045849,NA,A0A2B9TSE5,integration/excision,NA,COMPASS,Homology,NODE_21_length_90131_cov_53.008906_52, 51172 # 51681 # -1 , 51172,51681,-1 ,21_52,21,52,00,ATG,None,None,0.363,NODE_21_length_90131_cov_53.008906,mobileOG_000045849_NODE_21_length_90131_cov_53.008906
212,mobileOG_000070949|tnp|W8YLM7|integration/excision|NA|COMPASS|Homology,NODE_21_length_90131_cov_53.008906_52 # 51172 # 51681 # -1 # ID=21_52;partial=00;start_type=ATG;rbs_motif=None;rbs_spacer=None;gc_cont=0.363,92.3,313,294,5.07e-108,170,1,169,1,169,mobileOG_000070949,tnp,W8YLM7,integration/excision,NA,COMPASS,Homology,NODE_21_length_90131_cov_53.008906_52, 51172 # 51681 # -1 , 51172,51681,-1 ,21_52,21,52,00,ATG,None,None,0.363,NODE_21_length_90131_cov_53.008906,mobileOG_000070949_NODE_21_length_90131_cov_53.008906
213,mobileOG_000050919|NA|WP_001053987.1|integration/excision|NA|Multiple|Homology,NODE_21_length_90131_cov_53.008906_52 # 51172 # 51681 # -1 # ID=21_52;partial=00;start_type=ATG;rbs_motif=None;rbs_spacer=None;gc_cont=0.363,94.1,319,477,9.01e-108,170,1,169,1,169,mobileOG_000050919,NA,WP_001053987.1,integration/excision,NA,Multiple,Homology,NODE_21_length_90131_cov_53.008906_52, 51172 # 51681 # -1 , 51172,51681,-1 ,21_52,21,52,00,ATG,None,None,0.363,NODE_21_length_90131_cov_53.008906,mobileOG_000050919_NODE_21_length_90131_cov_53.008906
214,mobileOG_000317626|NA|WP_127064339.1|integration/excision|NA|Plasmid RefSeq|Homology,NODE_21_length_90131_cov_53.008906_52 # 51172 # 51681 # -1 # ID=21_52;partial=00;start_type=ATG;rbs_motif=None;rbs_spacer=None;gc_cont=0.363,92.9,315,381,2.16e-107,170,1,169,1,169,mobileOG_000317626,NA,WP_127064339.1,integration/excision,NA,Plasmid RefSeq,Homology,NODE_21_length_90131_cov_53.008906_52, 51172 # 51681 # -1 , 51172,51681,-1 ,21_52,21,52,00,ATG,None,None,0.363,NODE_21_length_90131_cov_53.008906,mobileOG_000317626_NODE_21_length_90131_cov_53.008906
215,mobileOG_000317635|NA|WP_127064375.1|integration/excision|NA|Plasmid RefSeq|Homology,NODE_21_length_90131_cov_53.008906_52 # 51172 # 51681 # -1 # ID=21_52;partial=00;start_type=ATG;rbs_motif=None;rbs_spacer=None;gc_cont=0.363,92.9,315,381,2.16e-107,170,1,169,1,169,mobileOG_000317635,NA,WP_127064375.1,integration/excision,NA,Plasmid RefSeq,Homology,NODE_21_length_90131_cov_53.008906_52, 51172 # 51681 # -1 , 51172,51681,-1 ,21_52,21,52,00,ATG,None,None,0.363,NODE_21_length_90131_cov_53.008906,mobileOG_000317635_NODE_21_length_90131_cov_53.008906
216,mobileOG_000065887|hup|WP_063549769.1|replication/recombination/repair|integration/excision|Multiple|Homology,NODE_21_length_90131_cov_53.008906_61 # 60749 # 61021 # 1 # ID=21_61;partial=00;start_type=ATG;rbs_motif=GGAG/GAGG;rbs_spacer=5-10bp;gc_cont=0.366,97.8,160,90,7.05e-52,91,1,90,1,90,mobileOG_000065887,hup,WP_063549769.1,replication/recombination/repair,integration/excision,Multiple,Homology,NODE_21_length_90131_cov_53.008906_61, 60749 # 61021 # 1 , 60749,61021,1 ,21_61,21,61,00,ATG,GGAG/GAGG,5-10bp,0.366,NODE_21_length_90131_cov_53.008906,mobileOG_000065887_NODE_21_length_90131_cov_53.008906
217,mobileOG_000068002|hup|WP_001043941.1|replication/recombination/repair|integration/excision|Multiple|Homology,NODE_21_length_90131_cov_53.008906_61 # 60749 # 61021 # 1 # ID=21_61;partial=00;start_type=ATG;rbs_motif=GGAG/GAGG;rbs_spacer=5-10bp;gc_cont=0.366,97.8,158,90,5.80e-51,91,1,90,1,90,mobileOG_000068002,hup,WP_001043941.1,replication/recombination/repair,integration/excision,Multiple,Homology,NODE_21_length_90131_cov_53.008906_61, 60749 # 61021 # 1 , 60749,61021,1 ,21_61,21,61,00,ATG,GGAG/GAGG,5-10bp,0.366,NODE_21_length_90131_cov_53.008906,mobileOG_000068002_NODE_21_length_90131_cov_53.008906
218,mobileOG_000277910|hup|WP_001043944.1|replication/recombination/repair|integration/excision|Plasmid RefSeq|Homology,NODE_21_length_90131_cov_53.008906_61 # 60749 # 61021 # 1 # ID=21_61;partial=00;start_type=ATG;rbs_motif=GGAG/GAGG;rbs_spacer=5-10bp;gc_cont=0.366,96.7,157,90,8.25e-51,91,1,90,1,90,mobileOG_000277910,hup,WP_001043944.1,replication/recombination/repair,integration/excision,Plasmid RefSeq,Homology,NODE_21_length_90131_cov_53.008906_61, 60749 # 61021 # 1 , 60749,61021,1 ,21_61,21,61,00,ATG,GGAG/GAGG,5-10bp,0.366,NODE_21_length_90131_cov_53.008906,mobileOG_000277910_NODE_21_length_90131_cov_53.008906
219,mobileOG_000305168|hup|WP_001043940.1|replication/recombination/repair|integration/excision|Multiple|Homology,NODE_21_length_90131_cov_53.008906_61 # 60749 # 61021 # 1 # ID=21_61;partial=00;start_type=ATG;rbs_motif=GGAG/GAGG;rbs_spacer=5-10bp;gc_cont=0.366,96.7,157,90,1.67e-50,91,1,90,1,90,mobileOG_000305168,hup,WP_001043940.1,replication/recombination/repair,integration/excision,Multiple,Homology,NODE_21_length_90131_cov_53.008906_61, 60749 # 61021 # 1 , 60749,61021,1 ,21_61,21,61,00,ATG,GGAG/GAGG,5-10bp,0.366,NODE_21_length_90131_cov_53.008906,mobileOG_000305168_NODE_21_length_90131_cov_53.008906
220,mobileOG_000309428|hup|WP_060852657.1|replication/recombination/repair|integration/excision|Plasmid RefSeq|Homology,NODE_21_length_90131_cov_53.008906_61 # 60749 # 61021 # 1 # ID=21_61;partial=00;start_type=ATG;rbs_motif=GGAG/GAGG;rbs_spacer=5-10bp;gc_cont=0.366,96.7,157,90,1.67e-50,91,1,90,1,90,mobileOG_000309428,hup,WP_060852657.1,replication/recombination/repair,integration/excision,Plasmid RefSeq,Homology,NODE_21_length_90131_cov_53.008906_61, 60749 # 61021 # 1 , 60749,61021,1 ,21_61,21,61,00,ATG,GGAG/GAGG,5-10bp,0.366,NODE_21_length_90131_cov_53.008906,mobileOG_000309428_NODE_21_length_90131_cov_53.008906
221,mobileOG_000317458|hup|J8D0A9|replication/recombination/repair|integration/excision|Plasmid RefSeq|Homology,NODE_21_length_90131_cov_53.008906_61 # 60749 # 61021 # 1 # ID=21_61;partial=00;start_type=ATG;rbs_motif=GGAG/GAGG;rbs_spacer=5-10bp;gc_cont=0.366,96.7,157,90,1.67e-50,91,1,90,1,90,mobileOG_000317458,hup,J8D0A9,replication/recombination/repair,integration/excision,Plasmid RefSeq,Homology,NODE_21_length_90131_cov_53.008906_61, 60749 # 61021 # 1 , 60749,61021,1 ,21_61,21,61,00,ATG,GGAG/GAGG,5-10bp,0.366,NODE_21_length_90131_cov_53.008906,mobileOG_000317458_NODE_21_length_90131_cov_53.008906
222,mobileOG_000059987|hup|WP_001043935.1|replication/recombination/repair|integration/excision|Multiple|Homology,NODE_21_length_90131_cov_53.008906_61 # 60749 # 61021 # 1 # ID=21_61;partial=00;start_type=ATG;rbs_motif=GGAG/GAGG;rbs_spacer=5-10bp;gc_cont=0.366,95.6,156,90,2.37e-50,91,1,90,1,90,mobileOG_000059987,hup,WP_001043935.1,replication/recombination/repair,integration/excision,Multiple,Homology,NODE_21_length_90131_cov_53.008906_61, 60749 # 61021 # 1 , 60749,61021,1 ,21_61,21,61,00,ATG,GGAG/GAGG,5-10bp,0.366,NODE_21_length_90131_cov_53.008906,mobileOG_000059987_NODE_21_length_90131_cov_53.008906
223,mobileOG_000306924|hup|WP_050845355.1|replication/recombination/repair|integration/excision|Multiple|Homology,NODE_21_length_90131_cov_53.008906_61 # 60749 # 61021 # 1 # ID=21_61;partial=00;start_type=ATG;rbs_motif=GGAG/GAGG;rbs_spacer=5-10bp;gc_cont=0.366,96.7,156,90,2.37e-50,91,1,90,1,90,mobileOG_000306924,hup,WP_050845355.1,replication/recombination/repair,integration/excision,Multiple,Homology,NODE_21_length_90131_cov_53.008906_61, 60749 # 61021 # 1 , 60749,61021,1 ,21_61,21,61,00,ATG,GGAG/GAGG,5-10bp,0.366,NODE_21_length_90131_cov_53.008906,mobileOG_000306924_NODE_21_length_90131_cov_53.008906
224,mobileOG_000063521|hup|WP_001043946.1|replication/recombination/repair|integration/excision|Multiple|Homology,NODE_21_length_90131_cov_53.008906_61 # 60749 # 61021 # 1 # ID=21_61;partial=00;start_type=ATG;rbs_motif=GGAG/GAGG;rbs_spacer=5-10bp;gc_cont=0.366,95.6,156,90,3.36e-50,91,1,90,1,90,mobileOG_000063521,hup,WP_001043946.1,replication/recombination/repair,integration/excision,Multiple,Homology,NODE_21_length_90131_cov_53.008906_61, 60749 # 61021 # 1 , 60749,61021,1 ,21_61,21,61,00,ATG,GGAG/GAGG,5-10bp,0.366,NODE_21_length_90131_cov_53.008906,mobileOG_000063521_NODE_21_length_90131_cov_53.008906
225,mobileOG_000065882|hup|WP_063549462.1|replication/recombination/repair|integration/excision|Multiple|Homology,NODE_21_length_90131_cov_53.008906_61 # 60749 # 61021 # 1 # ID=21_61;partial=00;start_type=ATG;rbs_motif=GGAG/GAGG;rbs_spacer=5-10bp;gc_cont=0.366,95.6,156,90,3.36e-50,91,1,90,1,90,mobileOG_000065882,hup,WP_063549462.1,replication/recombination/repair,integration/excision,Multiple,Homology,NODE_21_length_90131_cov_53.008906_61, 60749 # 61021 # 1 , 60749,61021,1 ,21_61,21,61,00,ATG,GGAG/GAGG,5-10bp,0.366,NODE_21_length_90131_cov_53.008906,mobileOG_000065882_NODE_21_length_90131_cov_53.008906
226,mobileOG_000304603|hup|A0A150EIG6|replication/recombination/repair|integration/excision|Plasmid RefSeq|Homology,NODE_21_length_90131_cov_53.008906_61 # 60749 # 61021 # 1 # ID=21_61;partial=00;start_type=ATG;rbs_motif=GGAG/GAGG;rbs_spacer=5-10bp;gc_cont=0.366,96.7,156,90,3.36e-50,91,1,90,1,90,mobileOG_000304603,hup,A0A150EIG6,replication/recombination/repair,integration/excision,Plasmid RefSeq,Homology,NODE_21_length_90131_cov_53.008906_61, 60749 # 61021 # 1 , 60749,61021,1 ,21_61,21,61,00,ATG,GGAG/GAGG,5-10bp,0.366,NODE_21_length_90131_cov_53.008906,mobileOG_000304603_NODE_21_length_90131_cov_53.008906
227,mobileOG_000277909|hup|WP_001043943.1|replication/recombination/repair|integration/excision|Multiple|Homology,NODE_21_length_90131_cov_53.008906_61 # 60749 # 61021 # 1 # ID=21_61;partial=00;start_type=ATG;rbs_motif=GGAG/GAGG;rbs_spacer=5-10bp;gc_cont=0.366,96.7,155,90,4.78e-50,91,1,90,1,90,mobileOG_000277909,hup,WP_001043943.1,replication/recombination/repair,integration/excision,Multiple,Homology,NODE_21_length_90131_cov_53.008906_61, 60749 # 61021 # 1 , 60749,61021,1 ,21_61,21,61,00,ATG,GGAG/GAGG,5-10bp,0.366,NODE_21_length_90131_cov_53.008906,mobileOG_000277909_NODE_21_length_90131_cov_53.008906
228,mobileOG_000341216|hup|WP_086398080.1|replication/recombination/repair|integration/excision|Plasmid RefSeq|Homology,NODE_21_length_90131_cov_53.008906_61 # 60749 # 61021 # 1 # ID=21_61;partial=00;start_type=ATG;rbs_motif=GGAG/GAGG;rbs_spacer=5-10bp;gc_cont=0.366,95.6,155,90,4.78e-50,91,1,90,1,90,mobileOG_000341216,hup,WP_086398080.1,replication/recombination/repair,integration/excision,Plasmid RefSeq,Homology,NODE_21_length_90131_cov_53.008906_61, 60749 # 61021 # 1 , 60749,61021,1 ,21_61,21,61,00,ATG,GGAG/GAGG,5-10bp,0.366,NODE_21_length_90131_cov_53.008906,mobileOG_000341216_NODE_21_length_90131_cov_53.008906
229,mobileOG_000052235|hup|WP_040120021.1|replication/recombination/repair|integration/excision|Multiple|Homology,NODE_21_length_90131_cov_53.008906_61 # 60749 # 61021 # 1 # ID=21_61;partial=00;start_type=ATG;rbs_motif=GGAG/GAGG;rbs_spacer=5-10bp;gc_cont=0.366,94.4,155,90,6.79e-50,91,1,90,1,90,mobileOG_000052235,hup,WP_040120021.1,replication/recombination/repair,integration/excision,Multiple,Homology,NODE_21_length_90131_cov_53.008906_61, 60749 # 61021 # 1 , 60749,61021,1 ,21_61,21,61,00,ATG,GGAG/GAGG,5-10bp,0.366,NODE_21_length_90131_cov_53.008906,mobileOG_000052235_NODE_21_length_90131_cov_53.008906
230,mobileOG_000300986|hup|WP_061885175.1|replication/recombination/repair|integration/excision|Multiple|Homology,NODE_21_length_90131_cov_53.008906_61 # 60749 # 61021 # 1 # ID=21_61;partial=00;start_type=ATG;rbs_motif=GGAG/GAGG;rbs_spacer=5-10bp;gc_cont=0.366,94.4,155,90,6.79e-50,91,1,90,1,90,mobileOG_000300986,hup,WP_061885175.1,replication/recombination/repair,integration/excision,Multiple,Homology,NODE_21_length_90131_cov_53.008906_61, 60749 # 61021 # 1 , 60749,61021,1 ,21_61,21,61,00,ATG,GGAG/GAGG,5-10bp,0.366,NODE_21_length_90131_cov_53.008906,mobileOG_000300986_NODE_21_length_90131_cov_53.008906
231,mobileOG_000298101|tnpB|A0A371UQC3|integration/excision|NA|Plasmid RefSeq|Homology,NODE_21_length_90131_cov_53.008906_82 # 80681 # 81802 # -1 # ID=21_82;partial=00;start_type=ATG;rbs_motif=GGAG/GAGG;rbs_spacer=5-10bp;gc_cont=0.349,97.1,721,373,2.41e-264,374,1,373,1,373,mobileOG_000298101,tnpB,A0A371UQC3,integration/excision,NA,Plasmid RefSeq,Homology,NODE_21_length_90131_cov_53.008906_82, 80681 # 81802 # -1 , 80681,81802,-1 ,21_82,21,82,00,ATG,GGAG/GAGG,5-10bp,0.349,NODE_21_length_90131_cov_53.008906,mobileOG_000298101_NODE_21_length_90131_cov_53.008906
232,mobileOG_000298082|tnpB|WP_157410325.1|integration/excision|NA|Plasmid RefSeq|Homology,NODE_21_length_90131_cov_53.008906_82 # 80681 # 81802 # -1 # ID=21_82;partial=00;start_type=ATG;rbs_motif=GGAG/GAGG;rbs_spacer=5-10bp;gc_cont=0.349,96.5,720,373,3.42e-264,374,1,373,1,373,mobileOG_000298082,tnpB,WP_157410325.1,integration/excision,NA,Plasmid RefSeq,Homology,NODE_21_length_90131_cov_53.008906_82, 80681 # 81802 # -1 , 80681,81802,-1 ,21_82,21,82,00,ATG,GGAG/GAGG,5-10bp,0.349,NODE_21_length_90131_cov_53.008906,mobileOG_000298082_NODE_21_length_90131_cov_53.008906
233,mobileOG_000297889|tnpB|WP_063538475.1|integration/excision|NA|Multiple|Homology,NODE_21_length_90131_cov_53.008906_82 # 80681 # 81802 # -1 # ID=21_82;partial=00;start_type=ATG;rbs_motif=GGAG/GAGG;rbs_spacer=5-10bp;gc_cont=0.349,96.2,717,373,5.67e-263,374,1,373,1,373,mobileOG_000297889,tnpB,WP_063538475.1,integration/excision,NA,Multiple,Homology,NODE_21_length_90131_cov_53.008906_82, 80681 # 81802 # -1 , 80681,81802,-1 ,21_82,21,82,00,ATG,GGAG/GAGG,5-10bp,0.349,NODE_21_length_90131_cov_53.008906,mobileOG_000297889_NODE_21_length_90131_cov_53.008906
234,mobileOG_000298122|tnpB|WP_157410572.1|integration/excision|NA|Plasmid RefSeq|Homology,NODE_21_length_90131_cov_53.008906_82 # 80681 # 81802 # -1 # ID=21_82;partial=00;start_type=ATG;rbs_motif=GGAG/GAGG;rbs_spacer=5-10bp;gc_cont=0.349,96.5,717,378,6.84e-263,374,6,378,1,373,mobileOG_000298122,tnpB,WP_157410572.1,integration/excision,NA,Plasmid RefSeq,Homology,NODE_21_length_90131_cov_53.008906_82, 80681 # 81802 # -1 , 80681,81802,-1 ,21_82,21,82,00,ATG,GGAG/GAGG,5-10bp,0.349,NODE_21_length_90131_cov_53.008906,mobileOG_000298122_NODE_21_length_90131_cov_53.008906
235,mobileOG_000297816|tnpB|WP_042514373.1|integration/excision|NA|Multiple|Homology,NODE_21_length_90131_cov_53.008906_82 # 80681 # 81802 # -1 # ID=21_82;partial=00;start_type=ATG;rbs_motif=GGAG/GAGG;rbs_spacer=5-10bp;gc_cont=0.349,95.2,712,373,3.82e-261,374,1,373,1,373,mobileOG_000297816,tnpB,WP_042514373.1,integration/excision,NA,Multiple,Homology,NODE_21_length_90131_cov_53.008906_82, 80681 # 81802 # -1 , 80681,81802,-1 ,21_82,21,82,00,ATG,GGAG/GAGG,5-10bp,0.349,NODE_21_length_90131_cov_53.008906,mobileOG_000297816_NODE_21_length_90131_cov_53.008906
236,mobileOG_000298083|tnpB|WP_157410433.1|integration/excision|NA|Plasmid RefSeq|Homology,NODE_21_length_90131_cov_53.008906_82 # 80681 # 81802 # -1 # ID=21_82;partial=00;start_type=ATG;rbs_motif=GGAG/GAGG;rbs_spacer=5-10bp;gc_cont=0.349,96.0,711,373,1.10e-260,374,1,373,1,373,mobileOG_000298083,tnpB,WP_157410433.1,integration/excision,NA,Plasmid RefSeq,Homology,NODE_21_length_90131_cov_53.008906_82, 80681 # 81802 # -1 , 80681,81802,-1 ,21_82,21,82,00,ATG,GGAG/GAGG,5-10bp,0.349,NODE_21_length_90131_cov_53.008906,mobileOG_000298083_NODE_21_length_90131_cov_53.008906
237,mobileOG_000298085|tnpB|WP_157410564.1|integration/excision|NA|Plasmid RefSeq|Homology,NODE_21_length_90131_cov_53.008906_82 # 80681 # 81802 # -1 # ID=21_82;partial=00;start_type=ATG;rbs_motif=GGAG/GAGG;rbs_spacer=5-10bp;gc_cont=0.349,94.9,710,373,4.46e-260,374,1,373,1,373,mobileOG_000298085,tnpB,WP_157410564.1,integration/excision,NA,Plasmid RefSeq,Homology,NODE_21_length_90131_cov_53.008906_82, 80681 # 81802 # -1 , 80681,81802,-1 ,21_82,21,82,00,ATG,GGAG/GAGG,5-10bp,0.349,NODE_21_length_90131_cov_53.008906,mobileOG_000298085_NODE_21_length_90131_cov_53.008906
238,mobileOG_000057309|tnpB|WP_000586190.1|integration/excision|NA|Multiple|Homology,NODE_21_length_90131_cov_53.008906_82 # 80681 # 81802 # -1 # ID=21_82;partial=00;start_type=ATG;rbs_motif=GGAG/GAGG;rbs_spacer=5-10bp;gc_cont=0.349,95.2,709,373,9.00e-260,374,1,373,1,373,mobileOG_000057309,tnpB,WP_000586190.1,integration/excision,NA,Multiple,Homology,NODE_21_length_90131_cov_53.008906_82, 80681 # 81802 # -1 , 80681,81802,-1 ,21_82,21,82,00,ATG,GGAG/GAGG,5-10bp,0.349,NODE_21_length_90131_cov_53.008906,mobileOG_000057309_NODE_21_length_90131_cov_53.008906
239,mobileOG_000297871|tnpB|WP_060852625.1|integration/excision|NA|Plasmid RefSeq|Homology,NODE_21_length_90131_cov_53.008906_82 # 80681 # 81802 # -1 # ID=21_82;partial=00;start_type=ATG;rbs_motif=GGAG/GAGG;rbs_spacer=5-10bp;gc_cont=0.349,94.9,709,373,1.28e-259,374,1,373,1,373,mobileOG_000297871,tnpB,WP_060852625.1,integration/excision,NA,Plasmid RefSeq,Homology,NODE_21_length_90131_cov_53.008906_82, 80681 # 81802 # -1 , 80681,81802,-1 ,21_82,21,82,00,ATG,GGAG/GAGG,5-10bp,0.349,NODE_21_length_90131_cov_53.008906,mobileOG_000297871_NODE_21_length_90131_cov_53.008906
240,mobileOG_000297917|tnpB|WP_071680044.1|integration/excision|NA|Multiple|Homology,NODE_21_length_90131_cov_53.008906_82 # 80681 # 81802 # -1 # ID=21_82;partial=00;start_type=ATG;rbs_motif=GGAG/GAGG;rbs_spacer=5-10bp;gc_cont=0.349,94.9,708,373,1.82e-259,374,1,373,1,373,mobileOG_000297917,tnpB,WP_071680044.1,integration/excision,NA,Multiple,Homology,NODE_21_length_90131_cov_53.008906_82, 80681 # 81802 # -1 , 80681,81802,-1 ,21_82,21,82,00,ATG,GGAG/GAGG,5-10bp,0.349,NODE_21_length_90131_cov_53.008906,mobileOG_000297917_NODE_21_length_90131_cov_53.008906
241,mobileOG_000298103|tnpB|WP_157410564.1|integration/excision|NA|Plasmid RefSeq|Homology,NODE_21_length_90131_cov_53.008906_82 # 80681 # 81802 # -1 # ID=21_82;partial=00;start_type=ATG;rbs_motif=GGAG/GAGG;rbs_spacer=5-10bp;gc_cont=0.349,94.6,707,373,7.39e-259,374,1,373,1,373,mobileOG_000298103,tnpB,WP_157410564.1,integration/excision,NA,Plasmid RefSeq,Homology,NODE_21_length_90131_cov_53.008906_82, 80681 # 81802 # -1 , 80681,81802,-1 ,21_82,21,82,00,ATG,GGAG/GAGG,5-10bp,0.349,NODE_21_length_90131_cov_53.008906,mobileOG_000298103_NODE_21_length_90131_cov_53.008906
242,mobileOG_000298063|tnpB|WP_149216882.1|integration/excision|NA|Plasmid RefSeq|Homology,NODE_21_length_90131_cov_53.008906_82 # 80681 # 81802 # -1 # ID=21_82;partial=00;start_type=ATG;rbs_motif=GGAG/GAGG;rbs_spacer=5-10bp;gc_cont=0.349,94.4,706,373,1.05e-258,374,1,373,1,373,mobileOG_000298063,tnpB,WP_149216882.1,integration/excision,NA,Plasmid RefSeq,Homology,NODE_21_length_90131_cov_53.008906_82, 80681 # 81802 # -1 , 80681,81802,-1 ,21_82,21,82,00,ATG,GGAG/GAGG,5-10bp,0.349,NODE_21_length_90131_cov_53.008906,mobileOG_000298063_NODE_21_length_90131_cov_53.008906
243,mobileOG_000297920|tnpB|WP_071680262.1|integration/excision|NA|Multiple|Homology,NODE_21_length_90131_cov_53.008906_82 # 80681 # 81802 # -1 # ID=21_82;partial=00;start_type=ATG;rbs_motif=GGAG/GAGG;rbs_spacer=5-10bp;gc_cont=0.349,95.4,705,372,4.12e-258,374,2,372,3,373,mobileOG_000297920,tnpB,WP_071680262.1,integration/excision,NA,Multiple,Homology,NODE_21_length_90131_cov_53.008906_82, 80681 # 81802 # -1 , 80681,81802,-1 ,21_82,21,82,00,ATG,GGAG/GAGG,5-10bp,0.349,NODE_21_length_90131_cov_53.008906,mobileOG_000297920_NODE_21_length_90131_cov_53.008906
244,mobileOG_000063510|tnpB|WP_015406689.1|integration/excision|NA|Multiple|Homology,NODE_21_length_90131_cov_53.008906_82 # 80681 # 81802 # -1 # ID=21_82;partial=00;start_type=ATG;rbs_motif=GGAG/GAGG;rbs_spacer=5-10bp;gc_cont=0.349,94.6,705,373,4.27e-258,374,1,373,1,373,mobileOG_000063510,tnpB,WP_015406689.1,integration/excision,NA,Multiple,Homology,NODE_21_length_90131_cov_53.008906_82, 80681 # 81802 # -1 , 80681,81802,-1 ,21_82,21,82,00,ATG,GGAG/GAGG,5-10bp,0.349,NODE_21_length_90131_cov_53.008906,mobileOG_000063510_NODE_21_length_90131_cov_53.008906
245,mobileOG_000065883|tnpB|WP_063549489.1|integration/excision|NA|Multiple|Homology,NODE_21_length_90131_cov_53.008906_82 # 80681 # 81802 # -1 # ID=21_82;partial=00;start_type=ATG;rbs_motif=GGAG/GAGG;rbs_spacer=5-10bp;gc_cont=0.349,94.4,704,373,8.62e-258,374,1,373,1,373,mobileOG_000065883,tnpB,WP_063549489.1,integration/excision,NA,Multiple,Homology,NODE_21_length_90131_cov_53.008906_82, 80681 # 81802 # -1 , 80681,81802,-1 ,21_82,21,82,00,ATG,GGAG/GAGG,5-10bp,0.349,NODE_21_length_90131_cov_53.008906,mobileOG_000065883_NODE_21_length_90131_cov_53.008906
246,mobileOG_000730235|NA:Keyword|A0A243CYU4|integration/excision|NA|Plasmid RefSeq|Keyword Search,NODE_22_length_82540_cov_52.310224_18 # 22002 # 22994 # -1 # ID=22_18;partial=00;start_type=ATG;rbs_motif=AGGAG;rbs_spacer=5-10bp;gc_cont=0.301,93.3,602,330,7.46e-219,331,1,327,1,327,mobileOG_000730235,NA:Keyword,A0A243CYU4,integration/excision,NA,Plasmid RefSeq,Keyword Search,NODE_22_length_82540_cov_52.310224_18, 22002 # 22994 # -1 , 22002,22994,-1 ,22_18,22,18,00,ATG,AGGAG,5-10bp,0.301,NODE_22_length_82540_cov_52.310224,mobileOG_000730235_NODE_22_length_82540_cov_52.310224
247,mobileOG_000744094|NA:Keyword|WP_023523888.1|integration/excision|NA|Multiple|Keyword Search,NODE_22_length_82540_cov_52.310224_19 # 23396 # 24568 # 1 # ID=22_19;partial=00;start_type=ATG;rbs_motif=AGGA/GGAG/GAGG;rbs_spacer=11-12bp;gc_cont=0.338,93.1,732,391,2.52e-268,391,1,389,1,389,mobileOG_000744094,NA:Keyword,WP_023523888.1,integration/excision,NA,Multiple,Keyword Search,NODE_22_length_82540_cov_52.310224_19, 23396 # 24568 # 1 , 23396,24568,1 ,22_19,22,19,00,ATG,AGGA/GGAG/GAGG,11-12bp,0.338,NODE_22_length_82540_cov_52.310224,mobileOG_000744094_NODE_22_length_82540_cov_52.310224
248,mobileOG_000743986|NA:Keyword|WP_002144062.1|integration/excision|NA|Multiple|Keyword Search,NODE_22_length_82540_cov_52.310224_19 # 23396 # 24568 # 1 # ID=22_19;partial=00;start_type=ATG;rbs_motif=AGGA/GGAG/GAGG;rbs_spacer=11-12bp;gc_cont=0.338,92.3,723,390,7.76e-265,391,1,389,1,389,mobileOG_000743986,NA:Keyword,WP_002144062.1,integration/excision,NA,Multiple,Keyword Search,NODE_22_length_82540_cov_52.310224_19, 23396 # 24568 # 1 , 23396,24568,1 ,22_19,22,19,00,ATG,AGGA/GGAG/GAGG,11-12bp,0.338,NODE_22_length_82540_cov_52.310224,mobileOG_000743986_NODE_22_length_82540_cov_52.310224
249,mobileOG_000407602|NA:Keyword|A0A243AUK2|integration/excision|NA|COMPASS|Keyword Search,NODE_22_length_82540_cov_52.310224_19 # 23396 # 24568 # 1 # ID=22_19;partial=00;start_type=ATG;rbs_motif=AGGA/GGAG/GAGG;rbs_spacer=11-12bp;gc_cont=0.338,92.3,719,390,2.59e-263,391,1,389,1,389,mobileOG_000407602,NA:Keyword,A0A243AUK2,integration/excision,NA,COMPASS,Keyword Search,NODE_22_length_82540_cov_52.310224_19, 23396 # 24568 # 1 , 23396,24568,1 ,22_19,22,19,00,ATG,AGGA/GGAG/GAGG,11-12bp,0.338,NODE_22_length_82540_cov_52.310224,mobileOG_000407602_NODE_22_length_82540_cov_52.310224
250,mobileOG_000407588|NA:Keyword|A0A243AUK2|integration/excision|NA|COMPASS|Keyword Search,NODE_22_length_82540_cov_52.310224_19 # 23396 # 24568 # 1 # ID=22_19;partial=00;start_type=ATG;rbs_motif=AGGA/GGAG/GAGG;rbs_spacer=11-12bp;gc_cont=0.338,92.0,717,390,2.13e-262,391,1,389,1,389,mobileOG_000407588,NA:Keyword,A0A243AUK2,integration/excision,NA,COMPASS,Keyword Search,NODE_22_length_82540_cov_52.310224_19, 23396 # 24568 # 1 , 23396,24568,1 ,22_19,22,19,00,ATG,AGGA/GGAG/GAGG,11-12bp,0.338,NODE_22_length_82540_cov_52.310224,mobileOG_000407588_NODE_22_length_82540_cov_52.310224
251,mobileOG_000744228|NA:Keyword|WP_085313150.1|integration/excision|NA|Multiple|Keyword Search,NODE_22_length_82540_cov_52.310224_19 # 23396 # 24568 # 1 # ID=22_19;partial=00;start_type=ATG;rbs_motif=AGGA/GGAG/GAGG;rbs_spacer=11-12bp;gc_cont=0.338,90.5,716,390,4.29e-262,391,1,390,1,390,mobileOG_000744228,NA:Keyword,WP_085313150.1,integration/excision,NA,Multiple,Keyword Search,NODE_22_length_82540_cov_52.310224_19, 23396 # 24568 # 1 , 23396,24568,1 ,22_19,22,19,00,ATG,AGGA/GGAG/GAGG,11-12bp,0.338,NODE_22_length_82540_cov_52.310224,mobileOG_000744228_NODE_22_length_82540_cov_52.310224
252,mobileOG_000743919|NA:Keyword|WP_063539078.1|integration/excision|NA|Multiple|Keyword Search,NODE_22_length_82540_cov_52.310224_19 # 23396 # 24568 # 1 # ID=22_19;partial=00;start_type=ATG;rbs_motif=AGGA/GGAG/GAGG;rbs_spacer=11-12bp;gc_cont=0.338,90.5,715,390,1.23e-261,391,1,390,1,390,mobileOG_000743919,NA:Keyword,WP_063539078.1,integration/excision,NA,Multiple,Keyword Search,NODE_22_length_82540_cov_52.310224_19, 23396 # 24568 # 1 , 23396,24568,1 ,22_19,22,19,00,ATG,AGGA/GGAG/GAGG,11-12bp,0.338,NODE_22_length_82540_cov_52.310224,mobileOG_000743919_NODE_22_length_82540_cov_52.310224
253,mobileOG_000744039|NA:Keyword|WP_065212456.1|integration/excision|NA|Multiple|Keyword Search,NODE_22_length_82540_cov_52.310224_19 # 23396 # 24568 # 1 # ID=22_19;partial=00;start_type=ATG;rbs_motif=AGGA/GGAG/GAGG;rbs_spacer=11-12bp;gc_cont=0.338,90.2,714,390,3.52e-261,391,1,389,1,389,mobileOG_000744039,NA:Keyword,WP_065212456.1,integration/excision,NA,Multiple,Keyword Search,NODE_22_length_82540_cov_52.310224_19, 23396 # 24568 # 1 , 23396,24568,1 ,22_19,22,19,00,ATG,AGGA/GGAG/GAGG,11-12bp,0.338,NODE_22_length_82540_cov_52.310224,mobileOG_000744039_NODE_22_length_82540_cov_52.310224
254,mobileOG_000411967|NA:Keyword|WP_063549406.1|integration/excision|NA|COMPASS|Keyword Search,NODE_22_length_82540_cov_52.310224_19 # 23396 # 24568 # 1 # ID=22_19;partial=00;start_type=ATG;rbs_motif=AGGA/GGAG/GAGG;rbs_spacer=11-12bp;gc_cont=0.338,90.5,713,390,1.01e-260,391,1,389,1,389,mobileOG_000411967,NA:Keyword,WP_063549406.1,integration/excision,NA,COMPASS,Keyword Search,NODE_22_length_82540_cov_52.310224_19, 23396 # 24568 # 1 , 23396,24568,1 ,22_19,22,19,00,ATG,AGGA/GGAG/GAGG,11-12bp,0.338,NODE_22_length_82540_cov_52.310224,mobileOG_000411967_NODE_22_length_82540_cov_52.310224
255,mobileOG_000745414|NA:Keyword|WP_065705597.1|integration/excision|NA|Multiple|Keyword Search,NODE_22_length_82540_cov_52.310224_19 # 23396 # 24568 # 1 # ID=22_19;partial=00;start_type=ATG;rbs_motif=AGGA/GGAG/GAGG;rbs_spacer=11-12bp;gc_cont=0.338,90.5,713,390,1.01e-260,391,1,389,1,389,mobileOG_000745414,NA:Keyword,WP_065705597.1,integration/excision,NA,Multiple,Keyword Search,NODE_22_length_82540_cov_52.310224_19, 23396 # 24568 # 1 , 23396,24568,1 ,22_19,22,19,00,ATG,AGGA/GGAG/GAGG,11-12bp,0.338,NODE_22_length_82540_cov_52.310224,mobileOG_000745414_NODE_22_length_82540_cov_52.310224
256,mobileOG_000744211|NA:Keyword|A0A243D487|integration/excision|NA|Plasmid RefSeq|Keyword Search,NODE_22_length_82540_cov_52.310224_19 # 23396 # 24568 # 1 # ID=22_19;partial=00;start_type=ATG;rbs_motif=AGGA/GGAG/GAGG;rbs_spacer=11-12bp;gc_cont=0.338,90.2,708,390,6.80e-259,391,1,389,1,389,mobileOG_000744211,NA:Keyword,A0A243D487,integration/excision,NA,Plasmid RefSeq,Keyword Search,NODE_22_length_82540_cov_52.310224_19, 23396 # 24568 # 1 , 23396,24568,1 ,22_19,22,19,00,ATG,AGGA/GGAG/GAGG,11-12bp,0.338,NODE_22_length_82540_cov_52.310224,mobileOG_000744211_NODE_22_length_82540_cov_52.310224
257,mobileOG_000346019|NA|WP_149191163.1|integration/excision|NA|Plasmid RefSeq|Homology,NODE_22_length_82540_cov_52.310224_53 # 61106 # 62536 # 1 # ID=22_53;partial=00;start_type=ATG;rbs_motif=None;rbs_spacer=None;gc_cont=0.359,91.2,871,476,0.0,477,1,476,1,476,mobileOG_000346019,NA,WP_149191163.1,integration/excision,NA,Plasmid RefSeq,Homology,NODE_22_length_82540_cov_52.310224_53, 61106 # 62536 # 1 , 61106,62536,1 ,22_53,22,53,00,ATG,None,None,0.359,NODE_22_length_82540_cov_52.310224,mobileOG_000346019_NODE_22_length_82540_cov_52.310224
258,mobileOG_000282218|NA|J9C685|integration/excision|NA|Plasmid RefSeq|Homology,NODE_22_length_82540_cov_52.310224_53 # 61106 # 62536 # 1 # ID=22_53;partial=00;start_type=ATG;rbs_motif=None;rbs_spacer=None;gc_cont=0.359,91.4,870,476,0.0,477,1,476,1,476,mobileOG_000282218,NA,J9C685,integration/excision,NA,Plasmid RefSeq,Homology,NODE_22_length_82540_cov_52.310224_53, 61106 # 62536 # 1 , 61106,62536,1 ,22_53,22,53,00,ATG,None,None,0.359,NODE_22_length_82540_cov_52.310224,mobileOG_000282218_NODE_22_length_82540_cov_52.310224
259,mobileOG_000274654|NA|A0A068N8Z8|integration/excision|NA|ISFinder|Homology,NODE_22_length_82540_cov_52.310224_53 # 61106 # 62536 # 1 # ID=22_53;partial=00;start_type=ATG;rbs_motif=None;rbs_spacer=None;gc_cont=0.359,90.5,863,476,2.11e-317,477,1,476,1,476,mobileOG_000274654,NA,A0A068N8Z8,integration/excision,NA,ISFinder,Homology,NODE_22_length_82540_cov_52.310224_53, 61106 # 62536 # 1 , 61106,62536,1 ,22_53,22,53,00,ATG,None,None,0.359,NODE_22_length_82540_cov_52.310224,mobileOG_000274654_NODE_22_length_82540_cov_52.310224
260,mobileOG_000306923|NA|WP_050822773.1|integration/excision|NA|Multiple|Homology,NODE_22_length_82540_cov_52.310224_53 # 61106 # 62536 # 1 # ID=22_53;partial=00;start_type=ATG;rbs_motif=None;rbs_spacer=None;gc_cont=0.359,90.8,860,476,3.53e-316,477,1,476,1,476,mobileOG_000306923,NA,WP_050822773.1,integration/excision,NA,Multiple,Homology,NODE_22_length_82540_cov_52.310224_53, 61106 # 62536 # 1 , 61106,62536,1 ,22_53,22,53,00,ATG,None,None,0.359,NODE_22_length_82540_cov_52.310224,mobileOG_000306923_NODE_22_length_82540_cov_52.310224
261,mobileOG_000357762|NA|WP_000028480.1|integration/excision|NA|Multiple|Homology,NODE_22_length_82540_cov_52.310224_53 # 61106 # 62536 # 1 # ID=22_53;partial=00;start_type=ATG;rbs_motif=None;rbs_spacer=None;gc_cont=0.359,90.8,860,476,5.04e-316,477,1,476,1,476,mobileOG_000357762,NA,WP_000028480.1,integration/excision,NA,Multiple,Homology,NODE_22_length_82540_cov_52.310224_53, 61106 # 62536 # 1 , 61106,62536,1 ,22_53,22,53,00,ATG,None,None,0.359,NODE_22_length_82540_cov_52.310224,mobileOG_000357762_NODE_22_length_82540_cov_52.310224
262,mobileOG_000367667|NA|WP_162281121.1|integration/excision|NA|Plasmid RefSeq|Homology,NODE_22_length_82540_cov_52.310224_53 # 61106 # 62536 # 1 # ID=22_53;partial=00;start_type=ATG;rbs_motif=None;rbs_spacer=None;gc_cont=0.359,90.1,855,476,3.39e-314,477,1,476,1,476,mobileOG_000367667,NA,WP_162281121.1,integration/excision,NA,Plasmid RefSeq,Homology,NODE_22_length_82540_cov_52.310224_53, 61106 # 62536 # 1 , 61106,62536,1 ,22_53,22,53,00,ATG,None,None,0.359,NODE_22_length_82540_cov_52.310224,mobileOG_000367667_NODE_22_length_82540_cov_52.310224
263,mobileOG_000063237|NA|WP_018783353.1|integration/excision|NA|Multiple|Homology,NODE_22_length_82540_cov_52.310224_53 # 61106 # 62536 # 1 # ID=22_53;partial=00;start_type=ATG;rbs_motif=None;rbs_spacer=None;gc_cont=0.359,91.0,845,478,3.34e-310,477,1,466,1,466,mobileOG_000063237,NA,WP_018783353.1,integration/excision,NA,Multiple,Homology,NODE_22_length_82540_cov_52.310224_53, 61106 # 62536 # 1 , 61106,62536,1 ,22_53,22,53,00,ATG,None,None,0.359,NODE_22_length_82540_cov_52.310224,mobileOG_000063237_NODE_22_length_82540_cov_52.310224
264,mobileOG_000066919|NA|A0A0K0QNN1|integration/excision|NA|COMPASS|Homology,NODE_22_length_82540_cov_52.310224_53 # 61106 # 62536 # 1 # ID=22_53;partial=00;start_type=ATG;rbs_motif=None;rbs_spacer=None;gc_cont=0.359,96.1,834,441,2.16e-306,477,1,435,1,435,mobileOG_000066919,NA,A0A0K0QNN1,integration/excision,NA,COMPASS,Homology,NODE_22_length_82540_cov_52.310224_53, 61106 # 62536 # 1 , 61106,62536,1 ,22_53,22,53,00,ATG,None,None,0.359,NODE_22_length_82540_cov_52.310224,mobileOG_000066919_NODE_22_length_82540_cov_52.310224
265,mobileOG_000343788|tnp|WP_041867956.1|integration/excision|NA|Multiple|Homology,NODE_22_length_82540_cov_52.310224_56 # 64811 # 65182 # 1 # ID=22_56;partial=00;start_type=ATG;rbs_motif=GGA/GAG/AGG;rbs_spacer=11-12bp;gc_cont=0.352,91.7,239,235,1.22e-80,124,1,120,1,120,mobileOG_000343788,tnp,WP_041867956.1,integration/excision,NA,Multiple,Homology,NODE_22_length_82540_cov_52.310224_56, 64811 # 65182 # 1 , 64811,65182,1 ,22_56,22,56,00,ATG,GGA/GAG/AGG,11-12bp,0.352,NODE_22_length_82540_cov_52.310224,mobileOG_000343788_NODE_22_length_82540_cov_52.310224
266,mobileOG_000314149|tnp|WP_016127824.1|integration/excision|NA|Multiple|Homology,NODE_22_length_82540_cov_52.310224_56 # 64811 # 65182 # 1 # ID=22_56;partial=00;start_type=ATG;rbs_motif=GGA/GAG/AGG;rbs_spacer=11-12bp;gc_cont=0.352,90.8,239,235,1.74e-80,124,1,120,1,120,mobileOG_000314149,tnp,WP_016127824.1,integration/excision,NA,Multiple,Homology,NODE_22_length_82540_cov_52.310224_56, 64811 # 65182 # 1 , 64811,65182,1 ,22_56,22,56,00,ATG,GGA/GAG/AGG,11-12bp,0.352,NODE_22_length_82540_cov_52.310224,mobileOG_000314149_NODE_22_length_82540_cov_52.310224
267,mobileOG_000343918|tnp|WP_041867967.1|integration/excision|NA|Multiple|Homology,NODE_22_length_82540_cov_52.310224_56 # 64811 # 65182 # 1 # ID=22_56;partial=00;start_type=ATG;rbs_motif=GGA/GAG/AGG;rbs_spacer=11-12bp;gc_cont=0.352,90.8,239,235,1.74e-80,124,1,120,1,120,mobileOG_000343918,tnp,WP_041867967.1,integration/excision,NA,Multiple,Homology,NODE_22_length_82540_cov_52.310224_56, 64811 # 65182 # 1 , 64811,65182,1 ,22_56,22,56,00,ATG,GGA/GAG/AGG,11-12bp,0.352,NODE_22_length_82540_cov_52.310224,mobileOG_000343918_NODE_22_length_82540_cov_52.310224
268,mobileOG_000344485|tnp|WP_041867964.1|integration/excision|NA|Multiple|Homology,NODE_22_length_82540_cov_52.310224_56 # 64811 # 65182 # 1 # ID=22_56;partial=00;start_type=ATG;rbs_motif=GGA/GAG/AGG;rbs_spacer=11-12bp;gc_cont=0.352,90.0,237,235,1.42e-79,124,1,120,1,120,mobileOG_000344485,tnp,WP_041867964.1,integration/excision,NA,Multiple,Homology,NODE_22_length_82540_cov_52.310224_56, 64811 # 65182 # 1 , 64811,65182,1 ,22_56,22,56,00,ATG,GGA/GAG/AGG,11-12bp,0.352,NODE_22_length_82540_cov_52.310224,mobileOG_000344485_NODE_22_length_82540_cov_52.310224
269,mobileOG_000311520|tnp|WP_033713870.1|integration/excision|NA|Multiple|Homology,NODE_22_length_82540_cov_52.310224_56 # 64811 # 65182 # 1 # ID=22_56;partial=00;start_type=ATG;rbs_motif=GGA/GAG/AGG;rbs_spacer=11-12bp;gc_cont=0.352,90.0,236,235,4.06e-79,124,1,120,1,120,mobileOG_000311520,tnp,WP_033713870.1,integration/excision,NA,Multiple,Homology,NODE_22_length_82540_cov_52.310224_56, 64811 # 65182 # 1 , 64811,65182,1 ,22_56,22,56,00,ATG,GGA/GAG/AGG,11-12bp,0.352,NODE_22_length_82540_cov_52.310224,mobileOG_000311520_NODE_22_length_82540_cov_52.310224
270,mobileOG_000345862|tnp|WP_149191457.1|integration/excision|NA|Plasmid RefSeq|Homology,NODE_22_length_82540_cov_52.310224_56 # 64811 # 65182 # 1 # ID=22_56;partial=00;start_type=ATG;rbs_motif=GGA/GAG/AGG;rbs_spacer=11-12bp;gc_cont=0.352,90.0,236,235,4.06e-79,124,1,120,1,120,mobileOG_000345862,tnp,WP_149191457.1,integration/excision,NA,Plasmid RefSeq,Homology,NODE_22_length_82540_cov_52.310224_56, 64811 # 65182 # 1 , 64811,65182,1 ,22_56,22,56,00,ATG,GGA/GAG/AGG,11-12bp,0.352,NODE_22_length_82540_cov_52.310224,mobileOG_000345862_NODE_22_length_82540_cov_52.310224
271,mobileOG_000057273|tnp|WP_012259899.1|integration/excision|NA|Multiple|Homology,NODE_22_length_82540_cov_52.310224_57 # 65190 # 65498 # 1 # ID=22_57;partial=00;start_type=GTG;rbs_motif=None;rbs_spacer=None;gc_cont=0.346,90.2,174,235,3.40e-55,103,134,235,1,102,mobileOG_000057273,tnp,WP_012259899.1,integration/excision,NA,Multiple,Homology,NODE_22_length_82540_cov_52.310224_57, 65190 # 65498 # 1 , 65190,65498,1 ,22_57,22,57,00,GTG,None,None,0.346,NODE_22_length_82540_cov_52.310224,mobileOG_000057273_NODE_22_length_82540_cov_52.310224
272,mobileOG_000043462|ORF|A0A4U2NQ81|integration/excision|NA|COMPASS|Homology,NODE_22_length_82540_cov_52.310224_67 # 80048 # 80248 # 1 # ID=22_67;partial=00;start_type=ATG;rbs_motif=None;rbs_spacer=None;gc_cont=0.333,93.8,128,144,8.46e-39,67,79,143,1,65,mobileOG_000043462,ORF,A0A4U2NQ81,integration/excision,NA,COMPASS,Homology,NODE_22_length_82540_cov_52.310224_67, 80048 # 80248 # 1 , 80048,80248,1 ,22_67,22,67,00,ATG,None,None,0.333,NODE_22_length_82540_cov_52.310224,mobileOG_000043462_NODE_22_length_82540_cov_52.310224
273,mobileOG_000064310|ORF|J7ZM04|integration/excision|NA|COMPASS|Homology,NODE_22_length_82540_cov_52.310224_67 # 80048 # 80248 # 1 # ID=22_67;partial=00;start_type=ATG;rbs_motif=None;rbs_spacer=None;gc_cont=0.333,92.4,125,144,9.82e-38,67,79,144,1,66,mobileOG_000064310,ORF,J7ZM04,integration/excision,NA,COMPASS,Homology,NODE_22_length_82540_cov_52.310224_67, 80048 # 80248 # 1 , 80048,80248,1 ,22_67,22,67,00,ATG,None,None,0.333,NODE_22_length_82540_cov_52.310224,mobileOG_000064310_NODE_22_length_82540_cov_52.310224
274,mobileOG_000311595|NA|WP_071680147.1|integration/excision|NA|Multiple|Homology,NODE_22_length_82540_cov_52.310224_67 # 80048 # 80248 # 1 # ID=22_67;partial=00;start_type=ATG;rbs_motif=None;rbs_spacer=None;gc_cont=0.333,98.5,133,477,1.24e-37,67,412,477,1,66,mobileOG_000311595,NA,WP_071680147.1,integration/excision,NA,Multiple,Homology,NODE_22_length_82540_cov_52.310224_67, 80048 # 80248 # 1 , 80048,80248,1 ,22_67,22,67,00,ATG,None,None,0.333,NODE_22_length_82540_cov_52.310224,mobileOG_000311595_NODE_22_length_82540_cov_52.310224
275,mobileOG_000337677|NA|WP_139894974.1|integration/excision|NA|Plasmid RefSeq|Homology,NODE_22_length_82540_cov_52.310224_67 # 80048 # 80248 # 1 # ID=22_67;partial=00;start_type=ATG;rbs_motif=None;rbs_spacer=None;gc_cont=0.333,98.5,133,477,1.24e-37,67,412,477,1,66,mobileOG_000337677,NA,WP_139894974.1,integration/excision,NA,Plasmid RefSeq,Homology,NODE_22_length_82540_cov_52.310224_67, 80048 # 80248 # 1 , 80048,80248,1 ,22_67,22,67,00,ATG,None,None,0.333,NODE_22_length_82540_cov_52.310224,mobileOG_000337677_NODE_22_length_82540_cov_52.310224
276,mobileOG_000065910|ORF|A0A160H786|integration/excision|NA|COMPASS|Homology,NODE_22_length_82540_cov_52.310224_67 # 80048 # 80248 # 1 # ID=22_67;partial=00;start_type=ATG;rbs_motif=None;rbs_spacer=None;gc_cont=0.333,92.4,125,144,1.39e-37,67,79,144,1,66,mobileOG_000065910,ORF,A0A160H786,integration/excision,NA,COMPASS,Homology,NODE_22_length_82540_cov_52.310224_67, 80048 # 80248 # 1 , 80048,80248,1 ,22_67,22,67,00,ATG,None,None,0.333,NODE_22_length_82540_cov_52.310224,mobileOG_000065910_NODE_22_length_82540_cov_52.310224
277,mobileOG_000358296|NA|WP_053446595.1|integration/excision|NA|Plasmid RefSeq|Homology,NODE_22_length_82540_cov_52.310224_67 # 80048 # 80248 # 1 # ID=22_67;partial=00;start_type=ATG;rbs_motif=None;rbs_spacer=None;gc_cont=0.333,93.9,124,354,3.15e-35,67,289,354,1,66,mobileOG_000358296,NA,WP_053446595.1,integration/excision,NA,Plasmid RefSeq,Homology,NODE_22_length_82540_cov_52.310224_67, 80048 # 80248 # 1 , 80048,80248,1 ,22_67,22,67,00,ATG,None,None,0.333,NODE_22_length_82540_cov_52.310224,mobileOG_000358296_NODE_22_length_82540_cov_52.310224
278,mobileOG_000065902|NA|A0A160H786|integration/excision|NA|COMPASS|Homology,NODE_22_length_82540_cov_52.310224_67 # 80048 # 80248 # 1 # ID=22_67;partial=00;start_type=ATG;rbs_motif=None;rbs_spacer=None;gc_cont=0.333,92.4,125,401,4.89e-35,67,336,401,1,66,mobileOG_000065902,NA,A0A160H786,integration/excision,NA,COMPASS,Homology,NODE_22_length_82540_cov_52.310224_67, 80048 # 80248 # 1 , 80048,80248,1 ,22_67,22,67,00,ATG,None,None,0.333,NODE_22_length_82540_cov_52.310224,mobileOG_000065902_NODE_22_length_82540_cov_52.310224
279,mobileOG_000041278|NA|M1QTI2|integration/excision|NA|COMPASS|Homology,NODE_22_length_82540_cov_52.310224_67 # 80048 # 80248 # 1 # ID=22_67;partial=00;start_type=ATG;rbs_motif=None;rbs_spacer=None;gc_cont=0.333,90.9,123,401,1.87e-34,67,336,401,1,66,mobileOG_000041278,NA,M1QTI2,integration/excision,NA,COMPASS,Homology,NODE_22_length_82540_cov_52.310224_67, 80048 # 80248 # 1 , 80048,80248,1 ,22_67,22,67,00,ATG,None,None,0.333,NODE_22_length_82540_cov_52.310224,mobileOG_000041278_NODE_22_length_82540_cov_52.310224
280,mobileOG_000063239|NA|WP_018783223.1|integration/excision|NA|Multiple|Homology,NODE_22_length_82540_cov_52.310224_67 # 80048 # 80248 # 1 # ID=22_67;partial=00;start_type=ATG;rbs_motif=None;rbs_spacer=None;gc_cont=0.333,92.4,124,477,2.51e-34,67,412,477,1,66,mobileOG_000063239,NA,WP_018783223.1,integration/excision,NA,Multiple,Homology,NODE_22_length_82540_cov_52.310224_67, 80048 # 80248 # 1 , 80048,80248,1 ,22_67,22,67,00,ATG,None,None,0.333,NODE_22_length_82540_cov_52.310224,mobileOG_000063239_NODE_22_length_82540_cov_52.310224
281,mobileOG_000342726|NA|WP_143880595.1|integration/excision|NA|Plasmid RefSeq|Homology,NODE_22_length_82540_cov_52.310224_67 # 80048 # 80248 # 1 # ID=22_67;partial=00;start_type=ATG;rbs_motif=None;rbs_spacer=None;gc_cont=0.333,92.4,124,477,2.51e-34,67,412,477,1,66,mobileOG_000342726,NA,WP_143880595.1,integration/excision,NA,Plasmid RefSeq,Homology,NODE_22_length_82540_cov_52.310224_67, 80048 # 80248 # 1 , 80048,80248,1 ,22_67,22,67,00,ATG,None,None,0.333,NODE_22_length_82540_cov_52.310224,mobileOG_000342726_NODE_22_length_82540_cov_52.310224
282,mobileOG_000307471|NA|WP_012259882.1|integration/excision|NA|Multiple|Homology,NODE_22_length_82540_cov_52.310224_67 # 80048 # 80248 # 1 # ID=22_67;partial=00;start_type=ATG;rbs_motif=None;rbs_spacer=None;gc_cont=0.333,90.9,121,477,3.49e-33,67,412,477,1,66,mobileOG_000307471,NA,WP_012259882.1,integration/excision,NA,Multiple,Homology,NODE_22_length_82540_cov_52.310224_67, 80048 # 80248 # 1 , 80048,80248,1 ,22_67,22,67,00,ATG,None,None,0.333,NODE_22_length_82540_cov_52.310224,mobileOG_000307471_NODE_22_length_82540_cov_52.310224
283,mobileOG_000298044|tnpB|WP_139894776.1|integration/excision|NA|Plasmid RefSeq|Homology,NODE_24_length_76179_cov_77.230546_55 # 49994 # 51130 # 1 # ID=24_55;partial=00;start_type=ATG;rbs_motif=None;rbs_spacer=None;gc_cont=0.361,98.1,723,372,4.91e-265,379,1,372,7,378,mobileOG_000298044,tnpB,WP_139894776.1,integration/excision,NA,Plasmid RefSeq,Homology,NODE_24_length_76179_cov_77.230546_55, 49994 # 51130 # 1 , 49994,51130,1 ,24_55,24,55,00,ATG,None,None,0.361,NODE_24_length_76179_cov_77.230546,mobileOG_000298044_NODE_24_length_76179_cov_77.230546
284,mobileOG_000297748|tnpB|WP_016127852.1|integration/excision|NA|Multiple|Homology,NODE_24_length_76179_cov_77.230546_55 # 49994 # 51130 # 1 # ID=24_55;partial=00;start_type=ATG;rbs_motif=None;rbs_spacer=None;gc_cont=0.361,94.6,699,373,7.10e-256,379,2,373,7,378,mobileOG_000297748,tnpB,WP_016127852.1,integration/excision,NA,Multiple,Homology,NODE_24_length_76179_cov_77.230546_55, 49994 # 51130 # 1 , 49994,51130,1 ,24_55,24,55,00,ATG,None,None,0.361,NODE_24_length_76179_cov_77.230546,mobileOG_000297748_NODE_24_length_76179_cov_77.230546
285,mobileOG_000036342|tnpB|WP_000973293.1|integration/excision|NA|ACLAME|Homology,NODE_24_length_76179_cov_77.230546_55 # 49994 # 51130 # 1 # ID=24_55;partial=00;start_type=ATG;rbs_motif=None;rbs_spacer=None;gc_cont=0.361,93.5,695,372,3.25e-254,379,1,372,7,378,mobileOG_000036342,tnpB,WP_000973293.1,integration/excision,NA,ACLAME,Homology,NODE_24_length_76179_cov_77.230546_55, 49994 # 51130 # 1 , 49994,51130,1 ,24_55,24,55,00,ATG,None,None,0.361,NODE_24_length_76179_cov_77.230546,mobileOG_000036342_NODE_24_length_76179_cov_77.230546
286,mobileOG_000297682|tnpB|WP_000973293.1|integration/excision|NA|Multiple|Homology,NODE_24_length_76179_cov_77.230546_55 # 49994 # 51130 # 1 # ID=24_55;partial=00;start_type=ATG;rbs_motif=None;rbs_spacer=None;gc_cont=0.361,93.5,695,373,3.37e-254,379,2,373,7,378,mobileOG_000297682,tnpB,WP_000973293.1,integration/excision,NA,Multiple,Homology,NODE_24_length_76179_cov_77.230546_55, 49994 # 51130 # 1 , 49994,51130,1 ,24_55,24,55,00,ATG,None,None,0.361,NODE_24_length_76179_cov_77.230546,mobileOG_000297682_NODE_24_length_76179_cov_77.230546
287,mobileOG_000036338|tnpB|WP_000973292.1|integration/excision|NA|ACLAME|Homology,NODE_24_length_76179_cov_77.230546_55 # 49994 # 51130 # 1 # ID=24_55;partial=00;start_type=ATG;rbs_motif=None;rbs_spacer=None;gc_cont=0.361,93.3,694,372,1.32e-253,379,1,372,7,378,mobileOG_000036338,tnpB,WP_000973292.1,integration/excision,NA,ACLAME,Homology,NODE_24_length_76179_cov_77.230546_55, 49994 # 51130 # 1 , 49994,51130,1 ,24_55,24,55,00,ATG,None,None,0.361,NODE_24_length_76179_cov_77.230546,mobileOG_000036338_NODE_24_length_76179_cov_77.230546
288,mobileOG_000298060|tnpB|WP_149217113.1|integration/excision|NA|Plasmid RefSeq|Homology,NODE_24_length_76179_cov_77.230546_55 # 49994 # 51130 # 1 # ID=24_55;partial=00;start_type=ATG;rbs_motif=None;rbs_spacer=None;gc_cont=0.361,93.0,694,372,1.32e-253,379,1,372,7,378,mobileOG_000298060,tnpB,WP_149217113.1,integration/excision,NA,Plasmid RefSeq,Homology,NODE_24_length_76179_cov_77.230546_55, 49994 # 51130 # 1 , 49994,51130,1 ,24_55,24,55,00,ATG,None,None,0.361,NODE_24_length_76179_cov_77.230546,mobileOG_000298060_NODE_24_length_76179_cov_77.230546
289,mobileOG_000056318|tnpB|WP_000973292.1|integration/excision|NA|Multiple|Homology,NODE_24_length_76179_cov_77.230546_55 # 49994 # 51130 # 1 # ID=24_55;partial=00;start_type=ATG;rbs_motif=None;rbs_spacer=None;gc_cont=0.361,93.3,694,373,1.37e-253,379,2,373,7,378,mobileOG_000056318,tnpB,WP_000973292.1,integration/excision,NA,Multiple,Homology,NODE_24_length_76179_cov_77.230546_55, 49994 # 51130 # 1 , 49994,51130,1 ,24_55,24,55,00,ATG,None,None,0.361,NODE_24_length_76179_cov_77.230546,mobileOG_000056318_NODE_24_length_76179_cov_77.230546
290,mobileOG_000036333|tnpB|WP_000906728.1|integration/excision|NA|Multiple|Homology,NODE_24_length_76179_cov_77.230546_55 # 49994 # 51130 # 1 # ID=24_55;partial=00;start_type=ATG;rbs_motif=None;rbs_spacer=None;gc_cont=0.361,93.3,693,373,1.95e-253,379,2,373,7,378,mobileOG_000036333,tnpB,WP_000906728.1,integration/excision,NA,Multiple,Homology,NODE_24_length_76179_cov_77.230546_55, 49994 # 51130 # 1 , 49994,51130,1 ,24_55,24,55,00,ATG,None,None,0.361,NODE_24_length_76179_cov_77.230546,mobileOG_000036333_NODE_24_length_76179_cov_77.230546
291,mobileOG_000036334|tnpB|WP_000973290.1|integration/excision|NA|ACLAME|Homology,NODE_24_length_76179_cov_77.230546_55 # 49994 # 51130 # 1 # ID=24_55;partial=00;start_type=ATG;rbs_motif=None;rbs_spacer=None;gc_cont=0.361,93.3,693,372,2.67e-253,379,1,372,7,378,mobileOG_000036334,tnpB,WP_000973290.1,integration/excision,NA,ACLAME,Homology,NODE_24_length_76179_cov_77.230546_55, 49994 # 51130 # 1 , 49994,51130,1 ,24_55,24,55,00,ATG,None,None,0.361,NODE_24_length_76179_cov_77.230546,mobileOG_000036334_NODE_24_length_76179_cov_77.230546
292,mobileOG_000036344|tnpB|WP_000973287.1|integration/excision|NA|ACLAME|Homology,NODE_24_length_76179_cov_77.230546_55 # 49994 # 51130 # 1 # ID=24_55;partial=00;start_type=ATG;rbs_motif=None;rbs_spacer=None;gc_cont=0.361,93.3,693,372,2.67e-253,379,1,372,7,378,mobileOG_000036344,tnpB,WP_000973287.1,integration/excision,NA,ACLAME,Homology,NODE_24_length_76179_cov_77.230546_55, 49994 # 51130 # 1 , 49994,51130,1 ,24_55,24,55,00,ATG,None,None,0.361,NODE_24_length_76179_cov_77.230546,mobileOG_000036344_NODE_24_length_76179_cov_77.230546
293,mobileOG_000056315|tnpB|WP_000973290.1|integration/excision|NA|Multiple|Homology,NODE_24_length_76179_cov_77.230546_55 # 49994 # 51130 # 1 # ID=24_55;partial=00;start_type=ATG;rbs_motif=None;rbs_spacer=None;gc_cont=0.361,93.3,693,373,2.77e-253,379,2,373,7,378,mobileOG_000056315,tnpB,WP_000973290.1,integration/excision,NA,Multiple,Homology,NODE_24_length_76179_cov_77.230546_55, 49994 # 51130 # 1 , 49994,51130,1 ,24_55,24,55,00,ATG,None,None,0.361,NODE_24_length_76179_cov_77.230546,mobileOG_000056315_NODE_24_length_76179_cov_77.230546
294,mobileOG_000056321|tnpB|WP_000973287.1|integration/excision|NA|Multiple|Homology,NODE_24_length_76179_cov_77.230546_55 # 49994 # 51130 # 1 # ID=24_55;partial=00;start_type=ATG;rbs_motif=None;rbs_spacer=None;gc_cont=0.361,93.3,693,373,2.77e-253,379,2,373,7,378,mobileOG_000056321,tnpB,WP_000973287.1,integration/excision,NA,Multiple,Homology,NODE_24_length_76179_cov_77.230546_55, 49994 # 51130 # 1 , 49994,51130,1 ,24_55,24,55,00,ATG,None,None,0.361,NODE_24_length_76179_cov_77.230546,mobileOG_000056321_NODE_24_length_76179_cov_77.230546
295,mobileOG_000057309|tnpB|WP_000586190.1|integration/excision|NA|Multiple|Homology,NODE_24_length_76179_cov_77.230546_55 # 49994 # 51130 # 1 # ID=24_55;partial=00;start_type=ATG;rbs_motif=None;rbs_spacer=None;gc_cont=0.361,93.0,692,373,3.93e-253,379,2,373,7,378,mobileOG_000057309,tnpB,WP_000586190.1,integration/excision,NA,Multiple,Homology,NODE_24_length_76179_cov_77.230546_55, 49994 # 51130 # 1 , 49994,51130,1 ,24_55,24,55,00,ATG,None,None,0.361,NODE_24_length_76179_cov_77.230546,mobileOG_000057309_NODE_24_length_76179_cov_77.230546
296,mobileOG_000040636|tnpB|WP_000973303.1|integration/excision|NA|COMPASS|Homology,NODE_24_length_76179_cov_77.230546_55 # 49994 # 51130 # 1 # ID=24_55;partial=00;start_type=ATG;rbs_motif=None;rbs_spacer=None;gc_cont=0.361,93.8,692,372,7.64e-253,379,1,372,7,378,mobileOG_000040636,tnpB,WP_000973303.1,integration/excision,NA,COMPASS,Homology,NODE_24_length_76179_cov_77.230546_55, 49994 # 51130 # 1 , 49994,51130,1 ,24_55,24,55,00,ATG,None,None,0.361,NODE_24_length_76179_cov_77.230546,mobileOG_000040636_NODE_24_length_76179_cov_77.230546
297,mobileOG_000297686|tnpB|WP_000973303.1|integration/excision|NA|Plasmid RefSeq|Homology,NODE_24_length_76179_cov_77.230546_55 # 49994 # 51130 # 1 # ID=24_55;partial=00;start_type=ATG;rbs_motif=None;rbs_spacer=None;gc_cont=0.361,93.8,692,373,7.93e-253,379,2,373,7,378,mobileOG_000297686,tnpB,WP_000973303.1,integration/excision,NA,Plasmid RefSeq,Homology,NODE_24_length_76179_cov_77.230546_55, 49994 # 51130 # 1 , 49994,51130,1 ,24_55,24,55,00,ATG,None,None,0.361,NODE_24_length_76179_cov_77.230546,mobileOG_000297686_NODE_24_length_76179_cov_77.230546
298,mobileOG_000304965|NA|WP_088911259.1|integration/excision|NA|Plasmid RefSeq|Homology,NODE_29_length_66691_cov_51.963836_21 # 18199 # 19254 # -1 # ID=29_21;partial=00;start_type=TTG;rbs_motif=None;rbs_spacer=None;gc_cont=0.324,94.6,664,476,7.90e-241,352,126,476,1,351,mobileOG_000304965,NA,WP_088911259.1,integration/excision,NA,Plasmid RefSeq,Homology,NODE_29_length_66691_cov_51.963836_21, 18199 # 19254 # -1 , 18199,19254,-1 ,29_21,29,21,00,TTG,None,None,0.324,NODE_29_length_66691_cov_51.963836,mobileOG_000304965_NODE_29_length_66691_cov_51.963836
299,mobileOG_000073115|NA|WP_088911259.1|integration/excision|NA|COMPASS|Homology,NODE_29_length_66691_cov_51.963836_21 # 18199 # 19254 # -1 # ID=29_21;partial=00;start_type=TTG;rbs_motif=None;rbs_spacer=None;gc_cont=0.324,94.6,664,495,1.58e-240,352,145,495,1,351,mobileOG_000073115,NA,WP_088911259.1,integration/excision,NA,COMPASS,Homology,NODE_29_length_66691_cov_51.963836_21, 18199 # 19254 # -1 , 18199,19254,-1 ,29_21,29,21,00,TTG,None,None,0.324,NODE_29_length_66691_cov_51.963836,mobileOG_000073115_NODE_29_length_66691_cov_51.963836
300,mobileOG_000060546|ORF|WP_000333627.1|integration/excision|NA|Multiple|Homology,NODE_29_length_66691_cov_51.963836_21 # 18199 # 19254 # -1 # ID=29_21;partial=00;start_type=TTG;rbs_motif=None;rbs_spacer=None;gc_cont=0.324,92.6,643,476,1.86e-232,352,126,476,1,351,mobileOG_000060546,ORF,WP_000333627.1,integration/excision,NA,Multiple,Homology,NODE_29_length_66691_cov_51.963836_21, 18199 # 19254 # -1 , 18199,19254,-1 ,29_21,29,21,00,TTG,None,None,0.324,NODE_29_length_66691_cov_51.963836,mobileOG_000060546_NODE_29_length_66691_cov_51.963836
301,mobileOG_000065366|NA|A0A2A8W0G9|integration/excision|NA|COMPASS|Homology,NODE_29_length_66691_cov_51.963836_21 # 18199 # 19254 # -1 # ID=29_21;partial=00;start_type=TTG;rbs_motif=None;rbs_spacer=None;gc_cont=0.324,91.2,639,400,5.47e-232,352,50,400,1,351,mobileOG_000065366,NA,A0A2A8W0G9,integration/excision,NA,COMPASS,Homology,NODE_29_length_66691_cov_51.963836_21, 18199 # 19254 # -1 , 18199,19254,-1 ,29_21,29,21,00,TTG,None,None,0.324,NODE_29_length_66691_cov_51.963836,mobileOG_000065366_NODE_29_length_66691_cov_51.963836
302,mobileOG_000317653|NA|A0A2A8W0G9|integration/excision|NA|Plasmid RefSeq|Homology,NODE_29_length_66691_cov_51.963836_21 # 18199 # 19254 # -1 # ID=29_21;partial=00;start_type=TTG;rbs_motif=None;rbs_spacer=None;gc_cont=0.324,91.2,639,476,8.80e-231,352,126,476,1,351,mobileOG_000317653,NA,A0A2A8W0G9,integration/excision,NA,Plasmid RefSeq,Homology,NODE_29_length_66691_cov_51.963836_21, 18199 # 19254 # -1 , 18199,19254,-1 ,29_21,29,21,00,TTG,None,None,0.324,NODE_29_length_66691_cov_51.963836,mobileOG_000317653_NODE_29_length_66691_cov_51.963836
303,mobileOG_000306921|NA|WP_048563148.1|integration/excision|NA|Multiple|Homology,NODE_29_length_66691_cov_51.963836_21 # 18199 # 19254 # -1 # ID=29_21;partial=00;start_type=TTG;rbs_motif=None;rbs_spacer=None;gc_cont=0.324,90.9,639,476,1.25e-230,352,126,476,1,351,mobileOG_000306921,NA,WP_048563148.1,integration/excision,NA,Multiple,Homology,NODE_29_length_66691_cov_51.963836_21, 18199 # 19254 # -1 , 18199,19254,-1 ,29_21,29,21,00,TTG,None,None,0.324,NODE_29_length_66691_cov_51.963836,mobileOG_000306921_NODE_29_length_66691_cov_51.963836
304,mobileOG_000342727|NA|WP_143880669.1|integration/excision|NA|Plasmid RefSeq|Homology,NODE_29_length_66691_cov_51.963836_21 # 18199 # 19254 # -1 # ID=29_21;partial=00;start_type=TTG;rbs_motif=None;rbs_spacer=None;gc_cont=0.324,91.7,638,476,1.77e-230,352,126,476,1,351,mobileOG_000342727,NA,WP_143880669.1,integration/excision,NA,Plasmid RefSeq,Homology,NODE_29_length_66691_cov_51.963836_21, 18199 # 19254 # -1 , 18199,19254,-1 ,29_21,29,21,00,TTG,None,None,0.324,NODE_29_length_66691_cov_51.963836,mobileOG_000342727_NODE_29_length_66691_cov_51.963836
305,mobileOG_000317653|NA|A0A2A8W0G9|integration/excision|NA|Plasmid RefSeq|Homology,NODE_29_length_66691_cov_51.963836_27 # 26571 # 28001 # 1 # ID=29_27;partial=00;start_type=ATG;rbs_motif=None;rbs_spacer=None;gc_cont=0.324,94.7,895,476,0.0,477,1,476,1,476,mobileOG_000317653,NA,A0A2A8W0G9,integration/excision,NA,Plasmid RefSeq,Homology,NODE_29_length_66691_cov_51.963836_27, 26571 # 28001 # 1 , 26571,28001,1 ,29_27,29,27,00,ATG,None,None,0.324,NODE_29_length_66691_cov_51.963836,mobileOG_000317653_NODE_29_length_66691_cov_51.963836
306,mobileOG_000306921|NA|WP_048563148.1|integration/excision|NA|Multiple|Homology,NODE_29_length_66691_cov_51.963836_27 # 26571 # 28001 # 1 # ID=29_27;partial=00;start_type=ATG;rbs_motif=None;rbs_spacer=None;gc_cont=0.324,91.0,863,476,3.02e-317,477,1,476,1,476,mobileOG_000306921,NA,WP_048563148.1,integration/excision,NA,Multiple,Homology,NODE_29_length_66691_cov_51.963836_27, 26571 # 28001 # 1 , 26571,28001,1 ,29_27,29,27,00,ATG,None,None,0.324,NODE_29_length_66691_cov_51.963836,mobileOG_000306921_NODE_29_length_66691_cov_51.963836
307,mobileOG_000060546|ORF|WP_000333627.1|integration/excision|NA|Multiple|Homology,NODE_29_length_66691_cov_51.963836_27 # 26571 # 28001 # 1 # ID=29_27;partial=00;start_type=ATG;rbs_motif=None;rbs_spacer=None;gc_cont=0.324,91.1,857,476,8.32e-315,477,5,476,5,476,mobileOG_000060546,ORF,WP_000333627.1,integration/excision,NA,Multiple,Homology,NODE_29_length_66691_cov_51.963836_27, 26571 # 28001 # 1 , 26571,28001,1 ,29_27,29,27,00,ATG,None,None,0.324,NODE_29_length_66691_cov_51.963836,mobileOG_000060546_NODE_29_length_66691_cov_51.963836
308,mobileOG_000305634|NA|WP_089608028.1|integration/excision|NA|Multiple|Homology,NODE_29_length_66691_cov_51.963836_27 # 26571 # 28001 # 1 # ID=29_27;partial=00;start_type=ATG;rbs_motif=None;rbs_spacer=None;gc_cont=0.324,90.1,853,476,1.96e-313,477,1,476,1,476,mobileOG_000305634,NA,WP_089608028.1,integration/excision,NA,Multiple,Homology,NODE_29_length_66691_cov_51.963836_27, 26571 # 28001 # 1 , 26571,28001,1 ,29_27,29,27,00,ATG,None,None,0.324,NODE_29_length_66691_cov_51.963836,mobileOG_000305634_NODE_29_length_66691_cov_51.963836
309,mobileOG_000285390|NA|WP_000365964.1|integration/excision|NA|Plasmid RefSeq|Homology,NODE_29_length_66691_cov_51.963836_27 # 26571 # 28001 # 1 # ID=29_27;partial=00;start_type=ATG;rbs_motif=None;rbs_spacer=None;gc_cont=0.324,90.1,853,476,2.78e-313,477,1,476,1,476,mobileOG_000285390,NA,WP_000365964.1,integration/excision,NA,Plasmid RefSeq,Homology,NODE_29_length_66691_cov_51.963836_27, 26571 # 28001 # 1 , 26571,28001,1 ,29_27,29,27,00,ATG,None,None,0.324,NODE_29_length_66691_cov_51.963836,mobileOG_000285390_NODE_29_length_66691_cov_51.963836
310,mobileOG_000353971|xerS|WP_042514356.1|integration/excision|replication/recombination/repair|Multiple|Homology,NODE_29_length_66691_cov_51.963836_31 # 30240 # 31313 # -1 # ID=29_31;partial=00;start_type=ATG;rbs_motif=GGAG/GAGG;rbs_spacer=5-10bp;gc_cont=0.318,98.9,683,357,4.22e-250,358,1,357,1,357,mobileOG_000353971,xerS,WP_042514356.1,integration/excision,replication/recombination/repair,Multiple,Homology,NODE_29_length_66691_cov_51.963836_31, 30240 # 31313 # -1 , 30240,31313,-1 ,29_31,29,31,00,ATG,GGAG/GAGG,5-10bp,0.318,NODE_29_length_66691_cov_51.963836,mobileOG_000353971_NODE_29_length_66691_cov_51.963836
311,mobileOG_000353958|xerS|WP_003193291.1|integration/excision|replication/recombination/repair|Multiple|Homology,NODE_29_length_66691_cov_51.963836_31 # 30240 # 31313 # -1 # ID=29_31;partial=00;start_type=ATG;rbs_motif=GGAG/GAGG;rbs_spacer=5-10bp;gc_cont=0.318,98.3,683,358,4.38e-250,358,1,357,1,357,mobileOG_000353958,xerS,WP_003193291.1,integration/excision,replication/recombination/repair,Multiple,Homology,NODE_29_length_66691_cov_51.963836_31, 30240 # 31313 # -1 , 30240,31313,-1 ,29_31,29,31,00,ATG,GGAG/GAGG,5-10bp,0.318,NODE_29_length_66691_cov_51.963836,mobileOG_000353958_NODE_29_length_66691_cov_51.963836
312,mobileOG_000353974|xerS|WP_043937389.1|integration/excision|replication/recombination/repair|Multiple|Homology,NODE_29_length_66691_cov_51.963836_31 # 30240 # 31313 # -1 # ID=29_31;partial=00;start_type=ATG;rbs_motif=GGAG/GAGG;rbs_spacer=5-10bp;gc_cont=0.318,98.6,683,357,5.99e-250,358,1,357,1,357,mobileOG_000353974,xerS,WP_043937389.1,integration/excision,replication/recombination/repair,Multiple,Homology,NODE_29_length_66691_cov_51.963836_31, 30240 # 31313 # -1 , 30240,31313,-1 ,29_31,29,31,00,ATG,GGAG/GAGG,5-10bp,0.318,NODE_29_length_66691_cov_51.963836,mobileOG_000353974_NODE_29_length_66691_cov_51.963836
313,mobileOG_000354010|xerS|WP_089607839.1|integration/excision|replication/recombination/repair|Multiple|Homology,NODE_29_length_66691_cov_51.963836_31 # 30240 # 31313 # -1 # ID=29_31;partial=00;start_type=ATG;rbs_motif=GGAG/GAGG;rbs_spacer=5-10bp;gc_cont=0.318,98.6,683,358,6.22e-250,358,1,357,1,357,mobileOG_000354010,xerS,WP_089607839.1,integration/excision,replication/recombination/repair,Multiple,Homology,NODE_29_length_66691_cov_51.963836_31, 30240 # 31313 # -1 , 30240,31313,-1 ,29_31,29,31,00,ATG,GGAG/GAGG,5-10bp,0.318,NODE_29_length_66691_cov_51.963836,mobileOG_000354010_NODE_29_length_66691_cov_51.963836
314,mobileOG_000353956|xerS|WP_002090544.1|integration/excision|replication/recombination/repair|Multiple|Homology,NODE_29_length_66691_cov_51.963836_31 # 30240 # 31313 # -1 # ID=29_31;partial=00;start_type=ATG;rbs_motif=GGAG/GAGG;rbs_spacer=5-10bp;gc_cont=0.318,98.0,682,357,1.72e-249,358,1,357,1,357,mobileOG_000353956,xerS,WP_002090544.1,integration/excision,replication/recombination/repair,Multiple,Homology,NODE_29_length_66691_cov_51.963836_31, 30240 # 31313 # -1 , 30240,31313,-1 ,29_31,29,31,00,ATG,GGAG/GAGG,5-10bp,0.318,NODE_29_length_66691_cov_51.963836,mobileOG_000353956_NODE_29_length_66691_cov_51.963836
315,mobileOG_000354020|xerS|WP_149191245.1|integration/excision|replication/recombination/repair|Plasmid RefSeq|Homology,NODE_29_length_66691_cov_51.963836_31 # 30240 # 31313 # -1 # ID=29_31;partial=00;start_type=ATG;rbs_motif=GGAG/GAGG;rbs_spacer=5-10bp;gc_cont=0.318,98.3,682,357,1.72e-249,358,1,357,1,357,mobileOG_000354020,xerS,WP_149191245.1,integration/excision,replication/recombination/repair,Plasmid RefSeq,Homology,NODE_29_length_66691_cov_51.963836_31, 30240 # 31313 # -1 , 30240,31313,-1 ,29_31,29,31,00,ATG,GGAG/GAGG,5-10bp,0.318,NODE_29_length_66691_cov_51.963836,mobileOG_000354020_NODE_29_length_66691_cov_51.963836
316,mobileOG_000353983|xerS|WP_050845041.1|integration/excision|replication/recombination/repair|Multiple|Homology,NODE_29_length_66691_cov_51.963836_31 # 30240 # 31313 # -1 # ID=29_31;partial=00;start_type=ATG;rbs_motif=GGAG/GAGG;rbs_spacer=5-10bp;gc_cont=0.318,98.0,681,358,3.60e-249,358,1,357,1,357,mobileOG_000353983,xerS,WP_050845041.1,integration/excision,replication/recombination/repair,Multiple,Homology,NODE_29_length_66691_cov_51.963836_31, 30240 # 31313 # -1 , 30240,31313,-1 ,29_31,29,31,00,ATG,GGAG/GAGG,5-10bp,0.318,NODE_29_length_66691_cov_51.963836,mobileOG_000353983_NODE_29_length_66691_cov_51.963836
317,mobileOG_000353991|xerS|WP_061401921.1|integration/excision|replication/recombination/repair|Plasmid RefSeq|Homology,NODE_29_length_66691_cov_51.963836_31 # 30240 # 31313 # -1 # ID=29_31;partial=00;start_type=ATG;rbs_motif=GGAG/GAGG;rbs_spacer=5-10bp;gc_cont=0.318,98.3,681,357,4.92e-249,358,1,357,1,357,mobileOG_000353991,xerS,WP_061401921.1,integration/excision,replication/recombination/repair,Plasmid RefSeq,Homology,NODE_29_length_66691_cov_51.963836_31, 30240 # 31313 # -1 , 30240,31313,-1 ,29_31,29,31,00,ATG,GGAG/GAGG,5-10bp,0.318,NODE_29_length_66691_cov_51.963836,mobileOG_000353991_NODE_29_length_66691_cov_51.963836
318,mobileOG_000353998|xerS|WP_065705859.1|integration/excision|replication/recombination/repair|Multiple|Homology,NODE_29_length_66691_cov_51.963836_31 # 30240 # 31313 # -1 # ID=29_31;partial=00;start_type=ATG;rbs_motif=GGAG/GAGG;rbs_spacer=5-10bp;gc_cont=0.318,98.0,680,357,9.93e-249,358,1,357,1,357,mobileOG_000353998,xerS,WP_065705859.1,integration/excision,replication/recombination/repair,Multiple,Homology,NODE_29_length_66691_cov_51.963836_31, 30240 # 31313 # -1 , 30240,31313,-1 ,29_31,29,31,00,ATG,GGAG/GAGG,5-10bp,0.318,NODE_29_length_66691_cov_51.963836,mobileOG_000353998_NODE_29_length_66691_cov_51.963836
319,mobileOG_000353948|xerS|WP_000386592.1|integration/excision|replication/recombination/repair|Multiple|Homology,NODE_29_length_66691_cov_51.963836_31 # 30240 # 31313 # -1 # ID=29_31;partial=00;start_type=ATG;rbs_motif=GGAG/GAGG;rbs_spacer=5-10bp;gc_cont=0.318,98.0,680,358,1.03e-248,358,1,357,1,357,mobileOG_000353948,xerS,WP_000386592.1,integration/excision,replication/recombination/repair,Multiple,Homology,NODE_29_length_66691_cov_51.963836_31, 30240 # 31313 # -1 , 30240,31313,-1 ,29_31,29,31,00,ATG,GGAG/GAGG,5-10bp,0.318,NODE_29_length_66691_cov_51.963836,mobileOG_000353948_NODE_29_length_66691_cov_51.963836
320,mobileOG_000353986|xerS|WP_059304378.1|integration/excision|replication/recombination/repair|Multiple|Homology,NODE_29_length_66691_cov_51.963836_31 # 30240 # 31313 # -1 # ID=29_31;partial=00;start_type=ATG;rbs_motif=GGAG/GAGG;rbs_spacer=5-10bp;gc_cont=0.318,97.8,679,358,1.46e-248,358,1,357,1,357,mobileOG_000353986,xerS,WP_059304378.1,integration/excision,replication/recombination/repair,Multiple,Homology,NODE_29_length_66691_cov_51.963836_31, 30240 # 31313 # -1 , 30240,31313,-1 ,29_31,29,31,00,ATG,GGAG/GAGG,5-10bp,0.318,NODE_29_length_66691_cov_51.963836,mobileOG_000353986_NODE_29_length_66691_cov_51.963836
321,mobileOG_000353994|xerS|WP_063538608.1|integration/excision|replication/recombination/repair|Multiple|Homology,NODE_29_length_66691_cov_51.963836_31 # 30240 # 31313 # -1 # ID=29_31;partial=00;start_type=ATG;rbs_motif=GGAG/GAGG;rbs_spacer=5-10bp;gc_cont=0.318,98.0,679,358,2.08e-248,358,1,357,1,357,mobileOG_000353994,xerS,WP_063538608.1,integration/excision,replication/recombination/repair,Multiple,Homology,NODE_29_length_66691_cov_51.963836_31, 30240 # 31313 # -1 , 30240,31313,-1 ,29_31,29,31,00,ATG,GGAG/GAGG,5-10bp,0.318,NODE_29_length_66691_cov_51.963836,mobileOG_000353994_NODE_29_length_66691_cov_51.963836
322,mobileOG_000353949|xerS|WP_000386594.1|integration/excision|replication/recombination/repair|Plasmid RefSeq|Homology,NODE_29_length_66691_cov_51.963836_31 # 30240 # 31313 # -1 # ID=29_31;partial=00;start_type=ATG;rbs_motif=GGAG/GAGG;rbs_spacer=5-10bp;gc_cont=0.318,97.5,679,358,2.95e-248,358,1,357,1,357,mobileOG_000353949,xerS,WP_000386594.1,integration/excision,replication/recombination/repair,Plasmid RefSeq,Homology,NODE_29_length_66691_cov_51.963836_31, 30240 # 31313 # -1 , 30240,31313,-1 ,29_31,29,31,00,ATG,GGAG/GAGG,5-10bp,0.318,NODE_29_length_66691_cov_51.963836,mobileOG_000353949_NODE_29_length_66691_cov_51.963836
323,mobileOG_000353950|xerS|WP_000386599.1|integration/excision|replication/recombination/repair|Multiple|Homology,NODE_29_length_66691_cov_51.963836_31 # 30240 # 31313 # -1 # ID=29_31;partial=00;start_type=ATG;rbs_motif=GGAG/GAGG;rbs_spacer=5-10bp;gc_cont=0.318,97.5,678,357,5.74e-248,358,1,357,1,357,mobileOG_000353950,xerS,WP_000386599.1,integration/excision,replication/recombination/repair,Multiple,Homology,NODE_29_length_66691_cov_51.963836_31, 30240 # 31313 # -1 , 30240,31313,-1 ,29_31,29,31,00,ATG,GGAG/GAGG,5-10bp,0.318,NODE_29_length_66691_cov_51.963836,mobileOG_000353950_NODE_29_length_66691_cov_51.963836
324,mobileOG_000282358|xerS|A0A242W473|integration/excision|replication/recombination/repair|Plasmid RefSeq|Homology,NODE_29_length_66691_cov_51.963836_31 # 30240 # 31313 # -1 # ID=29_31;partial=00;start_type=ATG;rbs_motif=GGAG/GAGG;rbs_spacer=5-10bp;gc_cont=0.318,97.8,678,358,5.96e-248,358,1,357,1,357,mobileOG_000282358,xerS,A0A242W473,integration/excision,replication/recombination/repair,Plasmid RefSeq,Homology,NODE_29_length_66691_cov_51.963836_31, 30240 # 31313 # -1 , 30240,31313,-1 ,29_31,29,31,00,ATG,GGAG/GAGG,5-10bp,0.318,NODE_29_length_66691_cov_51.963836,mobileOG_000282358_NODE_29_length_66691_cov_51.963836
325,mobileOG_000307470|tnp|WP_012259876.1|integration/excision|NA|Multiple|Homology,NODE_29_length_66691_cov_51.963836_34 # 33432 # 34139 # -1 # ID=29_34;partial=00;start_type=ATG;rbs_motif=GGA/GAG/AGG;rbs_spacer=11-12bp;gc_cont=0.370,93.2,444,235,2.18e-159,236,1,234,1,234,mobileOG_000307470,tnp,WP_012259876.1,integration/excision,NA,Multiple,Homology,NODE_29_length_66691_cov_51.963836_34, 33432 # 34139 # -1 , 33432,34139,-1 ,29_34,29,34,00,ATG,GGA/GAG/AGG,11-12bp,0.370,NODE_29_length_66691_cov_51.963836,mobileOG_000307470_NODE_29_length_66691_cov_51.963836
326,mobileOG_000346022|tnp|WP_149191460.1|integration/excision|NA|Plasmid RefSeq|Homology,NODE_29_length_66691_cov_51.963836_34 # 33432 # 34139 # -1 # ID=29_34;partial=00;start_type=ATG;rbs_motif=GGA/GAG/AGG;rbs_spacer=11-12bp;gc_cont=0.370,93.6,441,235,2.54e-158,236,1,234,1,234,mobileOG_000346022,tnp,WP_149191460.1,integration/excision,NA,Plasmid RefSeq,Homology,NODE_29_length_66691_cov_51.963836_34, 33432 # 34139 # -1 , 33432,34139,-1 ,29_34,29,34,00,ATG,GGA/GAG/AGG,11-12bp,0.370,NODE_29_length_66691_cov_51.963836,mobileOG_000346022_NODE_29_length_66691_cov_51.963836
327,mobileOG_000057270|tnp|WP_012259872.1|integration/excision|NA|Multiple|Homology,NODE_29_length_66691_cov_51.963836_34 # 33432 # 34139 # -1 # ID=29_34;partial=00;start_type=ATG;rbs_motif=GGA/GAG/AGG;rbs_spacer=11-12bp;gc_cont=0.370,92.3,440,235,5.13e-158,236,1,234,1,234,mobileOG_000057270,tnp,WP_012259872.1,integration/excision,NA,Multiple,Homology,NODE_29_length_66691_cov_51.963836_34, 33432 # 34139 # -1 , 33432,34139,-1 ,29_34,29,34,00,ATG,GGA/GAG/AGG,11-12bp,0.370,NODE_29_length_66691_cov_51.963836,mobileOG_000057270_NODE_29_length_66691_cov_51.963836
328,mobileOG_000307472|tnp|WP_012259902.1|integration/excision|NA|Multiple|Homology,NODE_29_length_66691_cov_51.963836_34 # 33432 # 34139 # -1 # ID=29_34;partial=00;start_type=ATG;rbs_motif=GGA/GAG/AGG;rbs_spacer=11-12bp;gc_cont=0.370,92.3,437,235,5.98e-157,236,1,234,1,234,mobileOG_000307472,tnp,WP_012259902.1,integration/excision,NA,Multiple,Homology,NODE_29_length_66691_cov_51.963836_34, 33432 # 34139 # -1 , 33432,34139,-1 ,29_34,29,34,00,ATG,GGA/GAG/AGG,11-12bp,0.370,NODE_29_length_66691_cov_51.963836,mobileOG_000307472_NODE_29_length_66691_cov_51.963836
329,mobileOG_000345412|tnp|WP_033715076.1|integration/excision|NA|Plasmid RefSeq|Homology,NODE_29_length_66691_cov_51.963836_34 # 33432 # 34139 # -1 # ID=29_34;partial=00;start_type=ATG;rbs_motif=GGA/GAG/AGG;rbs_spacer=11-12bp;gc_cont=0.370,92.7,436,237,1.84e-156,236,4,236,2,234,mobileOG_000345412,tnp,WP_033715076.1,integration/excision,NA,Plasmid RefSeq,Homology,NODE_29_length_66691_cov_51.963836_34, 33432 # 34139 # -1 , 33432,34139,-1 ,29_34,29,34,00,ATG,GGA/GAG/AGG,11-12bp,0.370,NODE_29_length_66691_cov_51.963836,mobileOG_000345412_NODE_29_length_66691_cov_51.963836
330,mobileOG_000063238|tnp|WP_018783184.1|integration/excision|NA|Multiple|Homology,NODE_29_length_66691_cov_51.963836_34 # 33432 # 34139 # -1 # ID=29_34;partial=00;start_type=ATG;rbs_motif=GGA/GAG/AGG;rbs_spacer=11-12bp;gc_cont=0.370,91.0,435,235,4.91e-156,236,1,234,1,234,mobileOG_000063238,tnp,WP_018783184.1,integration/excision,NA,Multiple,Homology,NODE_29_length_66691_cov_51.963836_34, 33432 # 34139 # -1 , 33432,34139,-1 ,29_34,29,34,00,ATG,GGA/GAG/AGG,11-12bp,0.370,NODE_29_length_66691_cov_51.963836,mobileOG_000063238_NODE_29_length_66691_cov_51.963836
331,mobileOG_000293527|tnp|WP_002187151.1|integration/excision|NA|Multiple|Homology,NODE_29_length_66691_cov_51.963836_34 # 33432 # 34139 # -1 # ID=29_34;partial=00;start_type=ATG;rbs_motif=GGA/GAG/AGG;rbs_spacer=11-12bp;gc_cont=0.370,92.7,435,235,6.98e-156,236,1,234,1,234,mobileOG_000293527,tnp,WP_002187151.1,integration/excision,NA,Multiple,Homology,NODE_29_length_66691_cov_51.963836_34, 33432 # 34139 # -1 , 33432,34139,-1 ,29_34,29,34,00,ATG,GGA/GAG/AGG,11-12bp,0.370,NODE_29_length_66691_cov_51.963836,mobileOG_000293527_NODE_29_length_66691_cov_51.963836
332,mobileOG_000311632|tnp|WP_085313166.1|integration/excision|NA|Multiple|Homology,NODE_29_length_66691_cov_51.963836_34 # 33432 # 34139 # -1 # ID=29_34;partial=00;start_type=ATG;rbs_motif=GGA/GAG/AGG;rbs_spacer=11-12bp;gc_cont=0.370,92.7,432,235,5.73e-155,236,1,234,1,234,mobileOG_000311632,tnp,WP_085313166.1,integration/excision,NA,Multiple,Homology,NODE_29_length_66691_cov_51.963836_34, 33432 # 34139 # -1 , 33432,34139,-1 ,29_34,29,34,00,ATG,GGA/GAG/AGG,11-12bp,0.370,NODE_29_length_66691_cov_51.963836,mobileOG_000311632_NODE_29_length_66691_cov_51.963836
333,mobileOG_000311618|tnp|WP_085313178.1|integration/excision|NA|Plasmid RefSeq|Homology,NODE_29_length_66691_cov_51.963836_34 # 33432 # 34139 # -1 # ID=29_34;partial=00;start_type=ATG;rbs_motif=GGA/GAG/AGG;rbs_spacer=11-12bp;gc_cont=0.370,90.4,397,219,2.39e-141,236,1,218,17,234,mobileOG_000311618,tnp,WP_085313178.1,integration/excision,NA,Plasmid RefSeq,Homology,NODE_29_length_66691_cov_51.963836_34, 33432 # 34139 # -1 , 33432,34139,-1 ,29_34,29,34,00,ATG,GGA/GAG/AGG,11-12bp,0.370,NODE_29_length_66691_cov_51.963836,mobileOG_000311618_NODE_29_length_66691_cov_51.963836
334,mobileOG_000056312|tnp|WP_041185005.1|integration/excision|NA|Multiple|Homology,NODE_31_length_63527_cov_38.110008_13 # 13848 # 15203 # 1 # ID=31_13;partial=00;start_type=ATG;rbs_motif=AGxAGG/AGGxGG;rbs_spacer=5-10bp;gc_cont=0.365,90.7,811,451,1.61e-297,452,1,451,1,451,mobileOG_000056312,tnp,WP_041185005.1,integration/excision,NA,Multiple,Homology,NODE_31_length_63527_cov_38.110008_13, 13848 # 15203 # 1 , 13848,15203,1 ,31_13,31,13,00,ATG,AGxAGG/AGGxGG,5-10bp,0.365,NODE_31_length_63527_cov_38.110008,mobileOG_000056312_NODE_31_length_63527_cov_38.110008
335,mobileOG_000036332|tnp|Q4V1W6|integration/excision|NA|ACLAME|Homology,NODE_31_length_63527_cov_38.110008_13 # 13848 # 15203 # 1 # ID=31_13;partial=00;start_type=ATG;rbs_motif=AGxAGG/AGGxGG;rbs_spacer=5-10bp;gc_cont=0.365,90.6,791,494,9.55e-289,452,59,494,16,451,mobileOG_000036332,tnp,Q4V1W6,integration/excision,NA,ACLAME,Homology,NODE_31_length_63527_cov_38.110008_13, 13848 # 15203 # 1 , 13848,15203,1 ,31_13,31,13,00,ATG,AGxAGG/AGGxGG,5-10bp,0.365,NODE_31_length_63527_cov_38.110008,mobileOG_000036332_NODE_31_length_63527_cov_38.110008
336,mobileOG_000321185|immR_3|A0A2B6UJ94|phage|replication/recombination/repair|Plasmid RefSeq|Homology,NODE_37_length_46972_cov_52.763109_5 # 2726 # 3154 # 1 # ID=37_5;partial=00;start_type=GTG;rbs_motif=GGAG/GAGG;rbs_spacer=5-10bp;gc_cont=0.354,97.9,264,142,2.11e-91,143,1,142,1,142,mobileOG_000321185,immR_3,A0A2B6UJ94,phage,replication/recombination/repair,Plasmid RefSeq,Homology,NODE_37_length_46972_cov_52.763109_5, 2726 # 3154 # 1 , 2726,3154,1 ,37_5,37,5,00,GTG,GGAG/GAGG,5-10bp,0.354,NODE_37_length_46972_cov_52.763109,mobileOG_000321185_NODE_37_length_46972_cov_52.763109
337,mobileOG_000063405|immR_3|WP_000579787.1|phage|replication/recombination/repair|Multiple|Homology,NODE_37_length_46972_cov_52.763109_5 # 2726 # 3154 # 1 # ID=37_5;partial=00;start_type=GTG;rbs_motif=GGAG/GAGG;rbs_spacer=5-10bp;gc_cont=0.354,94.4,257,142,1.66e-88,143,1,142,1,142,mobileOG_000063405,immR_3,WP_000579787.1,phage,replication/recombination/repair,Multiple,Homology,NODE_37_length_46972_cov_52.763109_5, 2726 # 3154 # 1 , 2726,3154,1 ,37_5,37,5,00,GTG,GGAG/GAGG,5-10bp,0.354,NODE_37_length_46972_cov_52.763109,mobileOG_000063405_NODE_37_length_46972_cov_52.763109
338,mobileOG_000068042|immR_3|WP_000579788.1|phage|replication/recombination/repair|Multiple|Homology,NODE_37_length_46972_cov_52.763109_5 # 2726 # 3154 # 1 # ID=37_5;partial=00;start_type=GTG;rbs_motif=GGAG/GAGG;rbs_spacer=5-10bp;gc_cont=0.354,94.4,255,142,6.77e-88,143,1,142,1,142,mobileOG_000068042,immR_3,WP_000579788.1,phage,replication/recombination/repair,Multiple,Homology,NODE_37_length_46972_cov_52.763109_5, 2726 # 3154 # 1 , 2726,3154,1 ,37_5,37,5,00,GTG,GGAG/GAGG,5-10bp,0.354,NODE_37_length_46972_cov_52.763109,mobileOG_000068042_NODE_37_length_46972_cov_52.763109
339,mobileOG_000345418|immR_3|WP_086388377.1|phage|replication/recombination/repair|Plasmid RefSeq|Homology,NODE_37_length_46972_cov_52.763109_5 # 2726 # 3154 # 1 # ID=37_5;partial=00;start_type=GTG;rbs_motif=GGAG/GAGG;rbs_spacer=5-10bp;gc_cont=0.354,93.7,255,142,9.62e-88,143,1,142,1,142,mobileOG_000345418,immR_3,WP_086388377.1,phage,replication/recombination/repair,Plasmid RefSeq,Homology,NODE_37_length_46972_cov_52.763109_5, 2726 # 3154 # 1 , 2726,3154,1 ,37_5,37,5,00,GTG,GGAG/GAGG,5-10bp,0.354,NODE_37_length_46972_cov_52.763109,mobileOG_000345418_NODE_37_length_46972_cov_52.763109
340,mobileOG_000319695|immR_3|WP_065705255.1|phage|replication/recombination/repair|Multiple|Homology,NODE_37_length_46972_cov_52.763109_5 # 2726 # 3154 # 1 # ID=37_5;partial=00;start_type=GTG;rbs_motif=GGAG/GAGG;rbs_spacer=5-10bp;gc_cont=0.354,93.7,254,142,1.37e-87,143,1,142,1,142,mobileOG_000319695,immR_3,WP_065705255.1,phage,replication/recombination/repair,Multiple,Homology,NODE_37_length_46972_cov_52.763109_5, 2726 # 3154 # 1 , 2726,3154,1 ,37_5,37,5,00,GTG,GGAG/GAGG,5-10bp,0.354,NODE_37_length_46972_cov_52.763109,mobileOG_000319695_NODE_37_length_46972_cov_52.763109
341,mobileOG_000352357|immR_3|WP_097920816.1|phage|replication/recombination/repair|Plasmid RefSeq|Homology,NODE_37_length_46972_cov_52.763109_5 # 2726 # 3154 # 1 # ID=37_5;partial=00;start_type=GTG;rbs_motif=GGAG/GAGG;rbs_spacer=5-10bp;gc_cont=0.354,93.7,252,142,1.12e-86,143,1,142,1,142,mobileOG_000352357,immR_3,WP_097920816.1,phage,replication/recombination/repair,Plasmid RefSeq,Homology,NODE_37_length_46972_cov_52.763109_5, 2726 # 3154 # 1 , 2726,3154,1 ,37_5,37,5,00,GTG,GGAG/GAGG,5-10bp,0.354,NODE_37_length_46972_cov_52.763109,mobileOG_000352357_NODE_37_length_46972_cov_52.763109
342,mobileOG_000039228|immR_3|Q636X5|phage|replication/recombination/repair|ACLAME|Homology,NODE_37_length_46972_cov_52.763109_5 # 2726 # 3154 # 1 # ID=37_5;partial=00;start_type=GTG;rbs_motif=GGAG/GAGG;rbs_spacer=5-10bp;gc_cont=0.354,93.7,252,145,1.24e-86,143,4,145,1,142,mobileOG_000039228,immR_3,Q636X5,phage,replication/recombination/repair,ACLAME,Homology,NODE_37_length_46972_cov_52.763109_5, 2726 # 3154 # 1 , 2726,3154,1 ,37_5,37,5,00,GTG,GGAG/GAGG,5-10bp,0.354,NODE_37_length_46972_cov_52.763109,mobileOG_000039228_NODE_37_length_46972_cov_52.763109
343,mobileOG_000032069|immR_3|A9VQY9|phage|replication/recombination/repair|ACLAME|Homology,NODE_37_length_46972_cov_52.763109_5 # 2726 # 3154 # 1 # ID=37_5;partial=00;start_type=GTG;rbs_motif=GGAG/GAGG;rbs_spacer=5-10bp;gc_cont=0.354,93.0,249,142,1.31e-85,143,1,142,1,142,mobileOG_000032069,immR_3,A9VQY9,phage,replication/recombination/repair,ACLAME,Homology,NODE_37_length_46972_cov_52.763109_5, 2726 # 3154 # 1 , 2726,3154,1 ,37_5,37,5,00,GTG,GGAG/GAGG,5-10bp,0.354,NODE_37_length_46972_cov_52.763109,mobileOG_000032069_NODE_37_length_46972_cov_52.763109
344,mobileOG_000299774|immR_3|WP_149191185.1|phage|replication/recombination/repair|Plasmid RefSeq|Homology,NODE_37_length_46972_cov_52.763109_5 # 2726 # 3154 # 1 # ID=37_5;partial=00;start_type=GTG;rbs_motif=GGAG/GAGG;rbs_spacer=5-10bp;gc_cont=0.354,93.0,248,142,7.59e-85,143,1,142,1,142,mobileOG_000299774,immR_3,WP_149191185.1,phage,replication/recombination/repair,Plasmid RefSeq,Homology,NODE_37_length_46972_cov_52.763109_5, 2726 # 3154 # 1 , 2726,3154,1 ,37_5,37,5,00,GTG,GGAG/GAGG,5-10bp,0.354,NODE_37_length_46972_cov_52.763109,mobileOG_000299774_NODE_37_length_46972_cov_52.763109
345,mobileOG_000361814|immA|WP_065705253.1|phage|stability/transfer/defense|Multiple|Homology,NODE_37_length_46972_cov_52.763109_6 # 3177 # 3605 # 1 # ID=37_6;partial=00;start_type=TTG;rbs_motif=AGGAG;rbs_spacer=5-10bp;gc_cont=0.315,98.6,288,142,1.05e-100,143,1,141,1,141,mobileOG_000361814,immA,WP_065705253.1,phage,stability/transfer/defense,Multiple,Homology,NODE_37_length_46972_cov_52.763109_6, 3177 # 3605 # 1 , 3177,3605,1 ,37_6,37,6,00,TTG,AGGAG,5-10bp,0.315,NODE_37_length_46972_cov_52.763109,mobileOG_000361814_NODE_37_length_46972_cov_52.763109
346,mobileOG_000282366|immA|A0A242WDP3|phage|stability/transfer/defense|Plasmid RefSeq|Homology,NODE_37_length_46972_cov_52.763109_6 # 3177 # 3605 # 1 # ID=37_6;partial=00;start_type=TTG;rbs_motif=AGGAG;rbs_spacer=5-10bp;gc_cont=0.315,96.5,284,142,3.51e-99,143,1,142,1,142,mobileOG_000282366,immA,A0A242WDP3,phage,stability/transfer/defense,Plasmid RefSeq,Homology,NODE_37_length_46972_cov_52.763109_6, 3177 # 3605 # 1 , 3177,3605,1 ,37_6,37,6,00,TTG,AGGAG,5-10bp,0.315,NODE_37_length_46972_cov_52.763109,mobileOG_000282366_NODE_37_length_46972_cov_52.763109
347,mobileOG_000062372|immA|WP_000673778.1|phage|stability/transfer/defense|Multiple|Homology,NODE_37_length_46972_cov_52.763109_6 # 3177 # 3605 # 1 # ID=37_6;partial=00;start_type=TTG;rbs_motif=AGGAG;rbs_spacer=5-10bp;gc_cont=0.315,95.8,282,142,2.03e-98,143,1,142,1,142,mobileOG_000062372,immA,WP_000673778.1,phage,stability/transfer/defense,Multiple,Homology,NODE_37_length_46972_cov_52.763109_6, 3177 # 3605 # 1 , 3177,3605,1 ,37_6,37,6,00,TTG,AGGAG,5-10bp,0.315,NODE_37_length_46972_cov_52.763109,mobileOG_000062372_NODE_37_length_46972_cov_52.763109
348,mobileOG_000362479|immA|WP_119684417.1|phage|stability/transfer/defense|Multiple|Homology,NODE_37_length_46972_cov_52.763109_6 # 3177 # 3605 # 1 # ID=37_6;partial=00;start_type=TTG;rbs_motif=AGGAG;rbs_spacer=5-10bp;gc_cont=0.315,95.8,282,145,2.25e-98,143,1,142,1,142,mobileOG_000362479,immA,WP_119684417.1,phage,stability/transfer/defense,Multiple,Homology,NODE_37_length_46972_cov_52.763109_6, 3177 # 3605 # 1 , 3177,3605,1 ,37_6,37,6,00,TTG,AGGAG,5-10bp,0.315,NODE_37_length_46972_cov_52.763109,mobileOG_000362479_NODE_37_length_46972_cov_52.763109
349,mobileOG_000362889|immA|WP_025689473.1|phage|stability/transfer/defense|Multiple|Homology,NODE_37_length_46972_cov_52.763109_6 # 3177 # 3605 # 1 # ID=37_6;partial=00;start_type=TTG;rbs_motif=AGGAG;rbs_spacer=5-10bp;gc_cont=0.315,95.1,280,142,8.28e-98,143,1,142,1,142,mobileOG_000362889,immA,WP_025689473.1,phage,stability/transfer/defense,Multiple,Homology,NODE_37_length_46972_cov_52.763109_6, 3177 # 3605 # 1 , 3177,3605,1 ,37_6,37,6,00,TTG,AGGAG,5-10bp,0.315,NODE_37_length_46972_cov_52.763109,mobileOG_000362889_NODE_37_length_46972_cov_52.763109
350,mobileOG_000358676|immA|WP_000673778.1|phage|stability/transfer/defense|Plasmid RefSeq|Homology,NODE_37_length_46972_cov_52.763109_6 # 3177 # 3605 # 1 # ID=37_6;partial=00;start_type=TTG;rbs_motif=AGGAG;rbs_spacer=5-10bp;gc_cont=0.315,95.1,279,142,2.37e-97,143,1,142,1,142,mobileOG_000358676,immA,WP_000673778.1,phage,stability/transfer/defense,Plasmid RefSeq,Homology,NODE_37_length_46972_cov_52.763109_6, 3177 # 3605 # 1 , 3177,3605,1 ,37_6,37,6,00,TTG,AGGAG,5-10bp,0.315,NODE_37_length_46972_cov_52.763109,mobileOG_000358676_NODE_37_length_46972_cov_52.763109
351,mobileOG_000061390|immA|WP_000673773.1|phage|stability/transfer/defense|Multiple|Homology,NODE_37_length_46972_cov_52.763109_6 # 3177 # 3605 # 1 # ID=37_6;partial=00;start_type=TTG;rbs_motif=AGGAG;rbs_spacer=5-10bp;gc_cont=0.315,96.5,278,142,4.79e-97,143,1,141,1,141,mobileOG_000061390,immA,WP_000673773.1,phage,stability/transfer/defense,Multiple,Homology,NODE_37_length_46972_cov_52.763109_6, 3177 # 3605 # 1 , 3177,3605,1 ,37_6,37,6,00,TTG,AGGAG,5-10bp,0.315,NODE_37_length_46972_cov_52.763109,mobileOG_000061390_NODE_37_length_46972_cov_52.763109
352,mobileOG_000356153|immA|WP_153218480.1|phage|stability/transfer/defense|Plasmid RefSeq|Homology,NODE_37_length_46972_cov_52.763109_6 # 3177 # 3605 # 1 # ID=37_6;partial=00;start_type=TTG;rbs_motif=AGGAG;rbs_spacer=5-10bp;gc_cont=0.315,95.7,278,142,6.81e-97,143,1,141,1,141,mobileOG_000356153,immA,WP_153218480.1,phage,stability/transfer/defense,Plasmid RefSeq,Homology,NODE_37_length_46972_cov_52.763109_6, 3177 # 3605 # 1 , 3177,3605,1 ,37_6,37,6,00,TTG,AGGAG,5-10bp,0.315,NODE_37_length_46972_cov_52.763109,mobileOG_000356153_NODE_37_length_46972_cov_52.763109
353,mobileOG_000355657|immA|WP_149191184.1|phage|stability/transfer/defense|Plasmid RefSeq|Homology,NODE_37_length_46972_cov_52.763109_6 # 3177 # 3605 # 1 # ID=37_6;partial=00;start_type=TTG;rbs_motif=AGGAG;rbs_spacer=5-10bp;gc_cont=0.315,94.4,277,142,1.37e-96,143,1,142,1,142,mobileOG_000355657,immA,WP_149191184.1,phage,stability/transfer/defense,Plasmid RefSeq,Homology,NODE_37_length_46972_cov_52.763109_6, 3177 # 3605 # 1 , 3177,3605,1 ,37_6,37,6,00,TTG,AGGAG,5-10bp,0.315,NODE_37_length_46972_cov_52.763109,mobileOG_000355657_NODE_37_length_46972_cov_52.763109
354,mobileOG_000039227|immA|A0A3P1U6L6|phage|stability/transfer/defense|ACLAME|Homology,NODE_37_length_46972_cov_52.763109_6 # 3177 # 3605 # 1 # ID=37_6;partial=00;start_type=TTG;rbs_motif=AGGAG;rbs_spacer=5-10bp;gc_cont=0.315,94.3,277,142,1.95e-96,143,1,141,1,141,mobileOG_000039227,immA,A0A3P1U6L6,phage,stability/transfer/defense,ACLAME,Homology,NODE_37_length_46972_cov_52.763109_6, 3177 # 3605 # 1 , 3177,3605,1 ,37_6,37,6,00,TTG,AGGAG,5-10bp,0.315,NODE_37_length_46972_cov_52.763109,mobileOG_000039227_NODE_37_length_46972_cov_52.763109
355,mobileOG_000032068|immA|A0A1J9XI68|phage|stability/transfer/defense|ACLAME|Homology,NODE_37_length_46972_cov_52.763109_6 # 3177 # 3605 # 1 # ID=37_6;partial=00;start_type=TTG;rbs_motif=AGGAG;rbs_spacer=5-10bp;gc_cont=0.315,92.2,270,142,7.65e-94,143,1,141,1,141,mobileOG_000032068,immA,A0A1J9XI68,phage,stability/transfer/defense,ACLAME,Homology,NODE_37_length_46972_cov_52.763109_6, 3177 # 3605 # 1 , 3177,3605,1 ,37_6,37,6,00,TTG,AGGAG,5-10bp,0.315,NODE_37_length_46972_cov_52.763109,mobileOG_000032068_NODE_37_length_46972_cov_52.763109
356,mobileOG_000300208|dinB|WP_155759250.1|replication/recombination/repair|NA|Multiple|Homology,NODE_39_length_41838_cov_53.737842_4 # 1847 # 3112 # 1 # ID=39_4;partial=00;start_type=GTG;rbs_motif=AGGAG;rbs_spacer=5-10bp;gc_cont=0.342,92.9,801,422,2.11e-294,422,2,422,1,421,mobileOG_000300208,dinB,WP_155759250.1,replication/recombination/repair,NA,Multiple,Homology,NODE_39_length_41838_cov_53.737842_4, 1847 # 3112 # 1 , 1847,3112,1 ,39_4,39,4,00,GTG,AGGAG,5-10bp,0.342,NODE_39_length_41838_cov_53.737842,mobileOG_000300208_NODE_39_length_41838_cov_53.737842
357,mobileOG_000063367|dinB|WP_003275900.1|replication/recombination/repair|NA|Multiple|Homology,NODE_39_length_41838_cov_53.737842_4 # 1847 # 3112 # 1 # ID=39_4;partial=00;start_type=GTG;rbs_motif=AGGAG;rbs_spacer=5-10bp;gc_cont=0.342,92.9,800,422,2.99e-294,422,2,422,1,421,mobileOG_000063367,dinB,WP_003275900.1,replication/recombination/repair,NA,Multiple,Homology,NODE_39_length_41838_cov_53.737842_4, 1847 # 3112 # 1 , 1847,3112,1 ,39_4,39,4,00,GTG,AGGAG,5-10bp,0.342,NODE_39_length_41838_cov_53.737842,mobileOG_000063367_NODE_39_length_41838_cov_53.737842
358,mobileOG_000314487|dinB|WP_094770160.1|replication/recombination/repair|NA|Plasmid RefSeq|Homology,NODE_39_length_41838_cov_53.737842_4 # 1847 # 3112 # 1 # ID=39_4;partial=00;start_type=GTG;rbs_motif=AGGAG;rbs_spacer=5-10bp;gc_cont=0.342,91.7,795,421,2.76e-292,422,1,421,1,421,mobileOG_000314487,dinB,WP_094770160.1,replication/recombination/repair,NA,Plasmid RefSeq,Homology,NODE_39_length_41838_cov_53.737842_4, 1847 # 3112 # 1 , 1847,3112,1 ,39_4,39,4,00,GTG,AGGAG,5-10bp,0.342,NODE_39_length_41838_cov_53.737842,mobileOG_000314487_NODE_39_length_41838_cov_53.737842
359,mobileOG_000299327|dinB|WP_139894901.1|replication/recombination/repair|NA|Plasmid RefSeq|Homology,NODE_39_length_41838_cov_53.737842_4 # 1847 # 3112 # 1 # ID=39_4;partial=00;start_type=GTG;rbs_motif=AGGAG;rbs_spacer=5-10bp;gc_cont=0.342,92.4,793,430,2.24e-291,422,10,430,1,421,mobileOG_000299327,dinB,WP_139894901.1,replication/recombination/repair,NA,Plasmid RefSeq,Homology,NODE_39_length_41838_cov_53.737842_4, 1847 # 3112 # 1 , 1847,3112,1 ,39_4,39,4,00,GTG,AGGAG,5-10bp,0.342,NODE_39_length_41838_cov_53.737842,mobileOG_000299327_NODE_39_length_41838_cov_53.737842
360,mobileOG_000314396|dinB|WP_050844940.1|replication/recombination/repair|NA|Multiple|Homology,NODE_39_length_41838_cov_53.737842_4 # 1847 # 3112 # 1 # ID=39_4;partial=00;start_type=GTG;rbs_motif=AGGAG;rbs_spacer=5-10bp;gc_cont=0.342,90.3,780,421,3.43e-286,422,1,421,1,421,mobileOG_000314396,dinB,WP_050844940.1,replication/recombination/repair,NA,Multiple,Homology,NODE_39_length_41838_cov_53.737842_4, 1847 # 3112 # 1 , 1847,3112,1 ,39_4,39,4,00,GTG,AGGAG,5-10bp,0.342,NODE_39_length_41838_cov_53.737842,mobileOG_000314396_NODE_39_length_41838_cov_53.737842
361,mobileOG_000288700|dinB|WP_149150170.1|replication/recombination/repair|NA|Plasmid RefSeq|Homology,NODE_39_length_41838_cov_53.737842_4 # 1847 # 3112 # 1 # ID=39_4;partial=00;start_type=GTG;rbs_motif=AGGAG;rbs_spacer=5-10bp;gc_cont=0.342,90.0,780,421,4.88e-286,422,1,421,1,421,mobileOG_000288700,dinB,WP_149150170.1,replication/recombination/repair,NA,Plasmid RefSeq,Homology,NODE_39_length_41838_cov_53.737842_4, 1847 # 3112 # 1 , 1847,3112,1 ,39_4,39,4,00,GTG,AGGAG,5-10bp,0.342,NODE_39_length_41838_cov_53.737842,mobileOG_000288700_NODE_39_length_41838_cov_53.737842
362,mobileOG_000739219|NA:Keyword|WP_149191167.1|transfer|NA|Plasmid RefSeq|Keyword Search,NODE_39_length_41838_cov_53.737842_15 # 13885 # 15051 # -1 # ID=39_15;partial=00;start_type=ATG;rbs_motif=GGAG/GAGG;rbs_spacer=5-10bp;gc_cont=0.353,91.0,706,388,3.36e-258,389,1,388,1,388,mobileOG_000739219,NA:Keyword,WP_149191167.1,transfer,NA,Plasmid RefSeq,Keyword Search,NODE_39_length_41838_cov_53.737842_15, 13885 # 15051 # -1 , 13885,15051,-1 ,39_15,39,15,00,ATG,GGAG/GAGG,5-10bp,0.353,NODE_39_length_41838_cov_53.737842,mobileOG_000739219_NODE_39_length_41838_cov_53.737842
363,mobileOG_000742732|NA:Keyword|WP_085313255.1|transfer|NA|Multiple|Keyword Search,NODE_39_length_41838_cov_53.737842_15 # 13885 # 15051 # -1 # ID=39_15;partial=00;start_type=ATG;rbs_motif=GGAG/GAGG;rbs_spacer=5-10bp;gc_cont=0.353,91.8,706,388,6.79e-258,389,1,388,1,388,mobileOG_000742732,NA:Keyword,WP_085313255.1,transfer,NA,Multiple,Keyword Search,NODE_39_length_41838_cov_53.737842_15, 13885 # 15051 # -1 , 13885,15051,-1 ,39_15,39,15,00,ATG,GGAG/GAGG,5-10bp,0.353,NODE_39_length_41838_cov_53.737842,mobileOG_000742732_NODE_39_length_41838_cov_53.737842
364,mobileOG_000744761|NA:Keyword|WP_012259900.1|transfer|NA|Multiple|Keyword Search,NODE_39_length_41838_cov_53.737842_15 # 13885 # 15051 # -1 # ID=39_15;partial=00;start_type=ATG;rbs_motif=GGAG/GAGG;rbs_spacer=5-10bp;gc_cont=0.353,91.2,706,388,6.79e-258,389,1,388,1,388,mobileOG_000744761,NA:Keyword,WP_012259900.1,transfer,NA,Multiple,Keyword Search,NODE_39_length_41838_cov_53.737842_15, 13885 # 15051 # -1 , 13885,15051,-1 ,39_15,39,15,00,ATG,GGAG/GAGG,5-10bp,0.353,NODE_39_length_41838_cov_53.737842,mobileOG_000744761_NODE_39_length_41838_cov_53.737842
365,mobileOG_000741791|NA:Keyword|WP_059304435.1|transfer|NA|Multiple|Keyword Search,NODE_39_length_41838_cov_53.737842_15 # 13885 # 15051 # -1 # ID=39_15;partial=00;start_type=ATG;rbs_motif=GGAG/GAGG;rbs_spacer=5-10bp;gc_cont=0.353,90.5,702,388,1.12e-256,389,1,388,1,388,mobileOG_000741791,NA:Keyword,WP_059304435.1,transfer,NA,Multiple,Keyword Search,NODE_39_length_41838_cov_53.737842_15, 13885 # 15051 # -1 , 13885,15051,-1 ,39_15,39,15,00,ATG,GGAG/GAGG,5-10bp,0.353,NODE_39_length_41838_cov_53.737842,mobileOG_000741791_NODE_39_length_41838_cov_53.737842
366,mobileOG_000362115|bdbC|WP_158318222.1|transfer|competence|Plasmid RefSeq|Homology,NODE_39_length_41838_cov_53.737842_29 # 27347 # 27727 # -1 # ID=39_29;partial=00;start_type=ATG;rbs_motif=GGAG/GAGG;rbs_spacer=5-10bp;gc_cont=0.354,90.4,238,143,2.65e-81,127,1,125,1,125,mobileOG_000362115,bdbC,WP_158318222.1,transfer,competence,Plasmid RefSeq,Homology,NODE_39_length_41838_cov_53.737842_29, 27347 # 27727 # -1 , 27347,27727,-1 ,39_29,39,29,00,ATG,GGAG/GAGG,5-10bp,0.354,NODE_39_length_41838_cov_53.737842,mobileOG_000362115_NODE_39_length_41838_cov_53.737842
367,mobileOG_000337997|ndoA_1|WP_003253417.1|stability/transfer/defense|NA|Multiple|Homology,NODE_45_length_21414_cov_79.817125_3 # 4439 # 4789 # -1 # ID=45_3;partial=00;start_type=TTG;rbs_motif=None;rbs_spacer=None;gc_cont=0.399,95.7,215,116,7.17e-73,117,1,116,1,116,mobileOG_000337997,ndoA_1,WP_003253417.1,stability/transfer/defense,NA,Multiple,Homology,NODE_45_length_21414_cov_79.817125_3, 4439 # 4789 # -1 , 4439,4789,-1 ,45_3,45,3,00,TTG,None,None,0.399,NODE_45_length_21414_cov_79.817125,mobileOG_000337997_NODE_45_length_21414_cov_79.817125
368,"mobileOG_000006918|groEL|A0A0G3E520|phage|replication,chaperone|GPD|Manual",NODE_47_length_18059_cov_79.781559_8 # 8673 # 10310 # -1 # ID=47_8;partial=00;start_type=ATG;rbs_motif=AGxAGG/AGGxGG;rbs_spacer=5-10bp;gc_cont=0.416,98.5,951,544,0.0,546,1,524,1,524,mobileOG_000006918,groEL,A0A0G3E520,phage,"replication,chaperone",GPD,Manual,NODE_47_length_18059_cov_79.781559_8, 8673 # 10310 # -1 , 8673,10310,-1 ,47_8,47,8,00,ATG,AGxAGG/AGGxGG,5-10bp,0.416,NODE_47_length_18059_cov_79.781559,mobileOG_000006918_NODE_47_length_18059_cov_79.781559
369,mobileOG_000100345|groS|A0A2A2NYR2|phage|structural|GPD|Homology,NODE_47_length_18059_cov_79.781559_9 # 10349 # 10633 # -1 # ID=47_9;partial=00;start_type=ATG;rbs_motif=AGGAG;rbs_spacer=5-10bp;gc_cont=0.393,98.9,180,94,1.56e-59,95,1,94,1,94,mobileOG_000100345,groS,A0A2A2NYR2,phage,structural,GPD,Homology,NODE_47_length_18059_cov_79.781559_9, 10349 # 10633 # -1 , 10349,10633,-1 ,47_9,47,9,00,ATG,AGGAG,5-10bp,0.393,NODE_47_length_18059_cov_79.781559,mobileOG_000100345_NODE_47_length_18059_cov_79.781559
370,mobileOG_000006919|rex|A0A0G3DYA6|stability/transfer/defense|phage defense|GPD|Manual,NODE_47_length_18059_cov_79.781559_12 # 12002 # 12631 # -1 # ID=47_12;partial=00;start_type=ATG;rbs_motif=AGGAG;rbs_spacer=5-10bp;gc_cont=0.362,97.6,404,209,2.13e-144,210,1,209,1,209,mobileOG_000006919,rex,A0A0G3DYA6,stability/transfer/defense,phage defense,GPD,Manual,NODE_47_length_18059_cov_79.781559_12, 12002 # 12631 # -1 , 12002,12631,-1 ,47_12,47,12,00,ATG,AGGAG,5-10bp,0.362,NODE_47_length_18059_cov_79.781559,mobileOG_000006919_NODE_47_length_18059_cov_79.781559
371,mobileOG_000040796|tnp_2|A0A150AU16|integration/excision|NA|COMPASS|Homology,NODE_59_length_1526_cov_324.028986_1 # 2 # 781 # -1 # ID=59_1;partial=10;start_type=ATG;rbs_motif=GGA/GAG/AGG;rbs_spacer=5-10bp;gc_cont=0.383,98.5,526,271,3.59e-191,260,1,260,1,260,mobileOG_000040796,tnp_2,A0A150AU16,integration/excision,NA,COMPASS,Homology,NODE_59_length_1526_cov_324.028986_1, 2 # 781 # -1 , 2,781,-1 ,59_1,59,1,10,ATG,GGA/GAG/AGG,5-10bp,0.383,NODE_59_length_1526_cov_324.028986,mobileOG_000040796_NODE_59_length_1526_cov_324.028986
372,mobileOG_000065860|tnp_2|Q6HCR6|integration/excision|NA|COMPASS|Homology,NODE_59_length_1526_cov_324.028986_1 # 2 # 781 # -1 # ID=59_1;partial=10;start_type=ATG;rbs_motif=GGA/GAG/AGG;rbs_spacer=5-10bp;gc_cont=0.383,93.8,503,271,5.03e-182,260,1,260,1,260,mobileOG_000065860,tnp_2,Q6HCR6,integration/excision,NA,COMPASS,Homology,NODE_59_length_1526_cov_324.028986_1, 2 # 781 # -1 , 2,781,-1 ,59_1,59,1,10,ATG,GGA/GAG/AGG,5-10bp,0.383,NODE_59_length_1526_cov_324.028986,mobileOG_000065860_NODE_59_length_1526_cov_324.028986
373,mobileOG_000071474|tnp_2|WP_142286818.1|integration/excision|NA|COMPASS|Homology,NODE_59_length_1526_cov_324.028986_1 # 2 # 781 # -1 # ID=59_1;partial=10;start_type=ATG;rbs_motif=GGA/GAG/AGG;rbs_spacer=5-10bp;gc_cont=0.383,96.7,483,253,2.20e-174,260,1,241,1,241,mobileOG_000071474,tnp_2,WP_142286818.1,integration/excision,NA,COMPASS,Homology,NODE_59_length_1526_cov_324.028986_1, 2 # 781 # -1 , 2,781,-1 ,59_1,59,1,10,ATG,GGA/GAG/AGG,5-10bp,0.383,NODE_59_length_1526_cov_324.028986,mobileOG_000071474_NODE_59_length_1526_cov_324.028986
374,mobileOG_000274853|tnp_2|A0A2C2AWW2|integration/excision|NA|ISFinder|Homology,NODE_59_length_1526_cov_324.028986_1 # 2 # 781 # -1 # ID=59_1;partial=10;start_type=ATG;rbs_motif=GGA/GAG/AGG;rbs_spacer=5-10bp;gc_cont=0.383,96.3,482,274,1.36e-173,260,33,273,1,241,mobileOG_000274853,tnp_2,A0A2C2AWW2,integration/excision,NA,ISFinder,Homology,NODE_59_length_1526_cov_324.028986_1, 2 # 781 # -1 , 2,781,-1 ,59_1,59,1,10,ATG,GGA/GAG/AGG,5-10bp,0.383,NODE_59_length_1526_cov_324.028986,mobileOG_000274853_NODE_59_length_1526_cov_324.028986
375,mobileOG_000066899|tnp_2|A0A243L4F8|integration/excision|NA|COMPASS|Homology,NODE_59_length_1526_cov_324.028986_1 # 2 # 781 # -1 # ID=59_1;partial=10;start_type=ATG;rbs_motif=GGA/GAG/AGG;rbs_spacer=5-10bp;gc_cont=0.383,96.3,481,285,5.80e-173,260,1,241,1,241,mobileOG_000066899,tnp_2,A0A243L4F8,integration/excision,NA,COMPASS,Homology,NODE_59_length_1526_cov_324.028986_1, 2 # 781 # -1 , 2,781,-1 ,59_1,59,1,10,ATG,GGA/GAG/AGG,5-10bp,0.383,NODE_59_length_1526_cov_324.028986,mobileOG_000066899_NODE_59_length_1526_cov_324.028986
376,mobileOG_000340157|tnp_2|WP_142286818.1|integration/excision|NA|Plasmid RefSeq|Homology,NODE_59_length_1526_cov_324.028986_1 # 2 # 781 # -1 # ID=59_1;partial=10;start_type=ATG;rbs_motif=GGA/GAG/AGG;rbs_spacer=5-10bp;gc_cont=0.383,96.7,483,469,4.78e-171,260,217,457,1,241,mobileOG_000340157,tnp_2,WP_142286818.1,integration/excision,NA,Plasmid RefSeq,Homology,NODE_59_length_1526_cov_324.028986_1, 2 # 781 # -1 , 2,781,-1 ,59_1,59,1,10,ATG,GGA/GAG/AGG,5-10bp,0.383,NODE_59_length_1526_cov_324.028986,mobileOG_000340157_NODE_59_length_1526_cov_324.028986
377,mobileOG_000274854|tnp_2|A0A2C2AWW2|integration/excision|NA|ISFinder|Homology,NODE_59_length_1526_cov_324.028986_1 # 2 # 781 # -1 # ID=59_1;partial=10;start_type=ATG;rbs_motif=GGA/GAG/AGG;rbs_spacer=5-10bp;gc_cont=0.383,96.3,482,458,9.36e-171,260,217,457,1,241,mobileOG_000274854,tnp_2,A0A2C2AWW2,integration/excision,NA,ISFinder,Homology,NODE_59_length_1526_cov_324.028986_1, 2 # 781 # -1 , 2,781,-1 ,59_1,59,1,10,ATG,GGA/GAG/AGG,5-10bp,0.383,NODE_59_length_1526_cov_324.028986,mobileOG_000274854_NODE_59_length_1526_cov_324.028986
378,mobileOG_000724535|NA:Keyword|Q6HM21|integration/excision|NA|ISFinder|Keyword Search,NODE_59_length_1526_cov_324.028986_2 # 856 # 1428 # -1 # ID=59_2;partial=00;start_type=ATG;rbs_motif=AGGAG;rbs_spacer=5-10bp;gc_cont=0.361,99.5,383,190,6.01e-137,191,1,190,1,190,mobileOG_000724535,NA:Keyword,Q6HM21,integration/excision,NA,ISFinder,Keyword Search,NODE_59_length_1526_cov_324.028986_2, 856 # 1428 # -1 , 856,1428,-1 ,59_2,59,2,00,ATG,AGGAG,5-10bp,0.361,NODE_59_length_1526_cov_324.028986,mobileOG_000724535_NODE_59_length_1526_cov_324.028986
379,mobileOG_000396498|NA:Keyword|Q6HM21|integration/excision|NA|COMPASS|Keyword Search,NODE_59_length_1526_cov_324.028986_2 # 856 # 1428 # -1 # ID=59_2;partial=00;start_type=ATG;rbs_motif=AGGAG;rbs_spacer=5-10bp;gc_cont=0.361,98.4,381,190,4.94e-136,191,1,190,1,190,mobileOG_000396498,NA:Keyword,Q6HM21,integration/excision,NA,COMPASS,Keyword Search,NODE_59_length_1526_cov_324.028986_2, 856 # 1428 # -1 , 856,1428,-1 ,59_2,59,2,00,ATG,AGGAG,5-10bp,0.361,NODE_59_length_1526_cov_324.028986,mobileOG_000396498_NODE_59_length_1526_cov_324.028986
380,mobileOG_000415754|NA:Keyword|WP_142286818.1|integration/excision|NA|COMPASS|Keyword Search,NODE_59_length_1526_cov_324.028986_2 # 856 # 1428 # -1 # ID=59_2;partial=00;start_type=ATG;rbs_motif=AGGAG;rbs_spacer=5-10bp;gc_cont=0.361,97.9,378,190,8.20e-135,191,1,190,1,190,mobileOG_000415754,NA:Keyword,WP_142286818.1,integration/excision,NA,COMPASS,Keyword Search,NODE_59_length_1526_cov_324.028986_2, 856 # 1428 # -1 , 856,1428,-1 ,59_2,59,2,00,ATG,AGGAG,5-10bp,0.361,NODE_59_length_1526_cov_324.028986,mobileOG_000415754_NODE_59_length_1526_cov_324.028986
381,mobileOG_000274854|tnp_2|A0A2C2AWW2|integration/excision|NA|ISFinder|Homology,NODE_59_length_1526_cov_324.028986_2 # 856 # 1428 # -1 # ID=59_2;partial=00;start_type=ATG;rbs_motif=AGGAG;rbs_spacer=5-10bp;gc_cont=0.361,99.5,381,458,4.92e-132,191,1,189,1,189,mobileOG_000274854,tnp_2,A0A2C2AWW2,integration/excision,NA,ISFinder,Homology,NODE_59_length_1526_cov_324.028986_2, 856 # 1428 # -1 , 856,1428,-1 ,59_2,59,2,00,ATG,AGGAG,5-10bp,0.361,NODE_59_length_1526_cov_324.028986,mobileOG_000274854_NODE_59_length_1526_cov_324.028986
382,mobileOG_000407981|NA:Keyword|WP_000971780.1|integration/excision|NA|COMPASS|Keyword Search,NODE_59_length_1526_cov_324.028986_2 # 856 # 1428 # -1 # ID=59_2;partial=00;start_type=ATG;rbs_motif=AGGAG;rbs_spacer=5-10bp;gc_cont=0.361,96.8,370,190,1.31e-131,191,1,190,1,190,mobileOG_000407981,NA:Keyword,WP_000971780.1,integration/excision,NA,COMPASS,Keyword Search,NODE_59_length_1526_cov_324.028986_2, 856 # 1428 # -1 , 856,1428,-1 ,59_2,59,2,00,ATG,AGGAG,5-10bp,0.361,NODE_59_length_1526_cov_324.028986,mobileOG_000407981_NODE_59_length_1526_cov_324.028986
383,mobileOG_000340157|tnp_2|WP_142286818.1|integration/excision|NA|Plasmid RefSeq|Homology,NODE_59_length_1526_cov_324.028986_2 # 856 # 1428 # -1 # ID=59_2;partial=00;start_type=ATG;rbs_motif=AGGAG;rbs_spacer=5-10bp;gc_cont=0.361,97.9,375,469,9.29e-130,191,1,189,1,189,mobileOG_000340157,tnp_2,WP_142286818.1,integration/excision,NA,Plasmid RefSeq,Homology,NODE_59_length_1526_cov_324.028986_2, 856 # 1428 # -1 , 856,1428,-1 ,59_2,59,2,00,ATG,AGGAG,5-10bp,0.361,NODE_59_length_1526_cov_324.028986,mobileOG_000340157_NODE_59_length_1526_cov_324.028986
384,mobileOG_000274647|tnp|Q812G8|integration/excision|NA|ISFinder|Homology,NODE_60_length_1408_cov_236.945905_1 # 3 # 536 # 1 # ID=60_1;partial=10;start_type=Edge;rbs_motif=None;rbs_spacer=None;gc_cont=0.360,93.6,317,173,2.30e-111,178,1,173,5,177,mobileOG_000274647,tnp,Q812G8,integration/excision,NA,ISFinder,Homology,NODE_60_length_1408_cov_236.945905_1, 3 # 536 # 1 , 3,536,1 ,60_1,60,1,10,Edge,None,None,0.360,NODE_60_length_1408_cov_236.945905,mobileOG_000274647_NODE_60_length_1408_cov_236.945905
385,mobileOG_000274648|insK|A0A4P7U5D7|integration/excision|NA|ISFinder|Homology,NODE_60_length_1408_cov_236.945905_2 # 563 # 1372 # 1 # ID=60_2;partial=00;start_type=GTG;rbs_motif=TAA;rbs_spacer=14bp;gc_cont=0.342,95.9,516,310,4.17e-186,270,42,310,1,269,mobileOG_000274648,insK,A0A4P7U5D7,integration/excision,NA,ISFinder,Homology,NODE_60_length_1408_cov_236.945905_2, 563 # 1372 # 1 , 563,1372,1 ,60_2,60,2,00,GTG,TAA,14bp,0.342,NODE_60_length_1408_cov_236.945905,mobileOG_000274648_NODE_60_length_1408_cov_236.945905
386,mobileOG_000274649|insK|A0A5B7VI12|integration/excision|NA|ISFinder|Homology,NODE_60_length_1408_cov_236.945905_2 # 563 # 1372 # 1 # ID=60_2;partial=00;start_type=GTG;rbs_motif=TAA;rbs_spacer=14bp;gc_cont=0.342,95.9,516,452,6.74e-184,270,184,452,1,269,mobileOG_000274649,insK,A0A5B7VI12,integration/excision,NA,ISFinder,Homology,NODE_60_length_1408_cov_236.945905_2, 563 # 1372 # 1 , 563,1372,1 ,60_2,60,2,00,GTG,TAA,14bp,0.342,NODE_60_length_1408_cov_236.945905,mobileOG_000274649_NODE_60_length_1408_cov_236.945905
387,mobileOG_000304589|insK|WP_087944976.1|integration/excision|NA|Plasmid RefSeq|Homology,NODE_60_length_1408_cov_236.945905_2 # 563 # 1372 # 1 # ID=60_2;partial=00;start_type=GTG;rbs_motif=TAA;rbs_spacer=14bp;gc_cont=0.342,95.5,514,452,3.88e-183,270,184,452,1,269,mobileOG_000304589,insK,WP_087944976.1,integration/excision,NA,Plasmid RefSeq,Homology,NODE_60_length_1408_cov_236.945905_2, 563 # 1372 # 1 , 563,1372,1 ,60_2,60,2,00,GTG,TAA,14bp,0.342,NODE_60_length_1408_cov_236.945905,mobileOG_000304589_NODE_60_length_1408_cov_236.945905
388,mobileOG_000057339|NA|WP_001068151.1|integration/excision|NA|Multiple|Homology,NODE_64_length_1154_cov_30.534819_1 # 2 # 1153 # -1 # ID=64_1;partial=11;start_type=Edge;rbs_motif=None;rbs_spacer=None;gc_cont=0.387,98.7,747,476,7.39e-273,384,1,382,3,384,mobileOG_000057339,NA,WP_001068151.1,integration/excision,NA,Multiple,Homology,NODE_64_length_1154_cov_30.534819_1, 2 # 1153 # -1 , 2,1153,-1 ,64_1,64,1,11,Edge,None,None,0.387,NODE_64_length_1154_cov_30.534819,mobileOG_000057339_NODE_64_length_1154_cov_30.534819
389,mobileOG_000274640|NA|A0A0E1MDH2|integration/excision|NA|ISFinder|Homology,NODE_64_length_1154_cov_30.534819_1 # 2 # 1153 # -1 # ID=64_1;partial=11;start_type=Edge;rbs_motif=None;rbs_spacer=None;gc_cont=0.387,96.1,725,476,2.50e-264,384,1,382,3,384,mobileOG_000274640,NA,A0A0E1MDH2,integration/excision,NA,ISFinder,Homology,NODE_64_length_1154_cov_30.534819_1, 2 # 1153 # -1 , 2,1153,-1 ,64_1,64,1,11,Edge,None,None,0.387,NODE_64_length_1154_cov_30.534819,mobileOG_000274640_NODE_64_length_1154_cov_30.534819
390,mobileOG_000343489|NA|WP_001068149.1|integration/excision|NA|Multiple|Homology,NODE_64_length_1154_cov_30.534819_1 # 2 # 1153 # -1 # ID=64_1;partial=11;start_type=Edge;rbs_motif=None;rbs_spacer=None;gc_cont=0.387,95.0,721,476,1.18e-262,384,1,382,3,384,mobileOG_000343489,NA,WP_001068149.1,integration/excision,NA,Multiple,Homology,NODE_64_length_1154_cov_30.534819_1, 2 # 1153 # -1 , 2,1153,-1 ,64_1,64,1,11,Edge,None,None,0.387,NODE_64_length_1154_cov_30.534819,mobileOG_000343489_NODE_64_length_1154_cov_30.534819
391,mobileOG_000354558|NA|WP_157410435.1|integration/excision|NA|Plasmid RefSeq|Homology,NODE_64_length_1154_cov_30.534819_1 # 2 # 1153 # -1 # ID=64_1;partial=11;start_type=Edge;rbs_motif=None;rbs_spacer=None;gc_cont=0.387,94.2,714,476,6.52e-260,384,1,382,3,384,mobileOG_000354558,NA,WP_157410435.1,integration/excision,NA,Plasmid RefSeq,Homology,NODE_64_length_1154_cov_30.534819_1, 2 # 1153 # -1 , 2,1153,-1 ,64_1,64,1,11,Edge,None,None,0.387,NODE_64_length_1154_cov_30.534819,mobileOG_000354558_NODE_64_length_1154_cov_30.534819
392,mobileOG_000305180|NA|WP_089172208.1|integration/excision|NA|Multiple|Homology,NODE_64_length_1154_cov_30.534819_1 # 2 # 1153 # -1 # ID=64_1;partial=11;start_type=Edge;rbs_motif=None;rbs_spacer=None;gc_cont=0.387,94.5,713,476,1.32e-259,384,1,382,3,384,mobileOG_000305180,NA,WP_089172208.1,integration/excision,NA,Multiple,Homology,NODE_64_length_1154_cov_30.534819_1, 2 # 1153 # -1 , 2,1153,-1 ,64_1,64,1,11,Edge,None,None,0.387,NODE_64_length_1154_cov_30.534819,mobileOG_000305180_NODE_64_length_1154_cov_30.534819
393,mobileOG_000305183|NA|WP_089172375.1|integration/excision|NA|Multiple|Homology,NODE_64_length_1154_cov_30.534819_1 # 2 # 1153 # -1 # ID=64_1;partial=11;start_type=Edge;rbs_motif=None;rbs_spacer=None;gc_cont=0.387,93.7,711,476,1.53e-258,384,1,382,3,384,mobileOG_000305183,NA,WP_089172375.1,integration/excision,NA,Multiple,Homology,NODE_64_length_1154_cov_30.534819_1, 2 # 1153 # -1 , 2,1153,-1 ,64_1,64,1,11,Edge,None,None,0.387,NODE_64_length_1154_cov_30.534819,mobileOG_000305183_NODE_64_length_1154_cov_30.534819
394,mobileOG_000305181|NA|WP_089172216.1|integration/excision|NA|Multiple|Homology,NODE_64_length_1154_cov_30.534819_1 # 2 # 1153 # -1 # ID=64_1;partial=11;start_type=Edge;rbs_motif=None;rbs_spacer=None;gc_cont=0.387,93.5,707,476,2.53e-257,384,1,382,3,384,mobileOG_000305181,NA,WP_089172216.1,integration/excision,NA,Multiple,Homology,NODE_64_length_1154_cov_30.534819_1, 2 # 1153 # -1 , 2,1153,-1 ,64_1,64,1,11,Edge,None,None,0.387,NODE_64_length_1154_cov_30.534819,mobileOG_000305181_NODE_64_length_1154_cov_30.534819
395,mobileOG_000064698|NA|A0A0K0SIT3|integration/excision|NA|COMPASS|Homology,NODE_64_length_1154_cov_30.534819_1 # 2 # 1153 # -1 # ID=64_1;partial=11;start_type=Edge;rbs_motif=None;rbs_spacer=None;gc_cont=0.387,92.4,698,448,4.07e-254,384,1,382,3,384,mobileOG_000064698,NA,A0A0K0SIT3,integration/excision,NA,COMPASS,Homology,NODE_64_length_1154_cov_30.534819_1, 2 # 1153 # -1 , 2,1153,-1 ,64_1,64,1,11,Edge,None,None,0.387,NODE_64_length_1154_cov_30.534819,mobileOG_000064698_NODE_64_length_1154_cov_30.534819
396,mobileOG_000305635|NA|WP_089608041.1|integration/excision|NA|Multiple|Homology,NODE_64_length_1154_cov_30.534819_1 # 2 # 1153 # -1 # ID=64_1;partial=11;start_type=Edge;rbs_motif=None;rbs_spacer=None;gc_cont=0.387,91.1,689,476,5.15e-250,384,1,382,3,384,mobileOG_000305635,NA,WP_089608041.1,integration/excision,NA,Multiple,Homology,NODE_64_length_1154_cov_30.534819_1, 2 # 1153 # -1 , 2,1153,-1 ,64_1,64,1,11,Edge,None,None,0.387,NODE_64_length_1154_cov_30.534819,mobileOG_000305635_NODE_64_length_1154_cov_30.534819
397,mobileOG_000063233|NA|WP_018783399.1|integration/excision|NA|Multiple|Homology,NODE_64_length_1154_cov_30.534819_1 # 2 # 1153 # -1 # ID=64_1;partial=11;start_type=Edge;rbs_motif=None;rbs_spacer=None;gc_cont=0.387,90.2,675,476,2.21e-244,384,5,382,7,384,mobileOG_000063233,NA,WP_018783399.1,integration/excision,NA,Multiple,Homology,NODE_64_length_1154_cov_30.534819_1, 2 # 1153 # -1 , 2,1153,-1 ,64_1,64,1,11,Edge,None,None,0.387,NODE_64_length_1154_cov_30.534819,mobileOG_000063233_NODE_64_length_1154_cov_30.534819
398,mobileOG_000724529|NA:Keyword|A0A2A9TQ51|integration/excision|NA|ISFinder|Keyword Search,NODE_65_length_881_cov_64.435323_1 # 3 # 878 # 1 # ID=65_1;partial=10;start_type=Edge;rbs_motif=None;rbs_spacer=None;gc_cont=0.338,99.0,568,489,1.24e-203,292,199,489,1,291,mobileOG_000724529,NA:Keyword,A0A2A9TQ51,integration/excision,NA,ISFinder,Keyword Search,NODE_65_length_881_cov_64.435323_1, 3 # 878 # 1 , 3,878,1 ,65_1,65,1,10,Edge,None,None,0.338,NODE_65_length_881_cov_64.435323,mobileOG_000724529_NODE_65_length_881_cov_64.435323
399,mobileOG_000737825|NA:Keyword|WP_042597717.1|integration/excision|NA|Multiple|Keyword Search,NODE_65_length_881_cov_64.435323_1 # 3 # 878 # 1 # ID=65_1;partial=10;start_type=Edge;rbs_motif=None;rbs_spacer=None;gc_cont=0.338,98.3,564,479,2.90e-202,292,189,479,1,291,mobileOG_000737825,NA:Keyword,WP_042597717.1,integration/excision,NA,Multiple,Keyword Search,NODE_65_length_881_cov_64.435323_1, 3 # 878 # 1 , 3,878,1 ,65_1,65,1,10,Edge,None,None,0.338,NODE_65_length_881_cov_64.435323,mobileOG_000737825_NODE_65_length_881_cov_64.435323
400,mobileOG_000738150|NA:Keyword|A0A380YCV3|integration/excision|NA|Plasmid RefSeq|Keyword Search,NODE_65_length_881_cov_64.435323_1 # 3 # 878 # 1 # ID=65_1;partial=10;start_type=Edge;rbs_motif=None;rbs_spacer=None;gc_cont=0.338,98.3,563,489,1.18e-201,292,199,489,1,291,mobileOG_000738150,NA:Keyword,A0A380YCV3,integration/excision,NA,Plasmid RefSeq,Keyword Search,NODE_65_length_881_cov_64.435323_1, 3 # 878 # 1 , 3,878,1 ,65_1,65,1,10,Edge,None,None,0.338,NODE_65_length_881_cov_64.435323,mobileOG_000738150_NODE_65_length_881_cov_64.435323
401,mobileOG_000411978|NA:Keyword|WP_063549940.1|integration/excision|NA|Multiple|Keyword Search,NODE_65_length_881_cov_64.435323_1 # 3 # 878 # 1 # ID=65_1;partial=10;start_type=Edge;rbs_motif=None;rbs_spacer=None;gc_cont=0.338,98.3,561,489,4.78e-201,292,199,489,1,291,mobileOG_000411978,NA:Keyword,WP_063549940.1,integration/excision,NA,Multiple,Keyword Search,NODE_65_length_881_cov_64.435323_1, 3 # 878 # 1 , 3,878,1 ,65_1,65,1,10,Edge,None,None,0.338,NODE_65_length_881_cov_64.435323,mobileOG_000411978_NODE_65_length_881_cov_64.435323
402,mobileOG_000738132|NA:Keyword|WP_168455195.1|integration/excision|NA|Plasmid RefSeq|Keyword Search,NODE_65_length_881_cov_64.435323_1 # 3 # 878 # 1 # ID=65_1;partial=10;start_type=Edge;rbs_motif=None;rbs_spacer=None;gc_cont=0.338,97.9,561,489,4.78e-201,292,199,489,1,291,mobileOG_000738132,NA:Keyword,WP_168455195.1,integration/excision,NA,Plasmid RefSeq,Keyword Search,NODE_65_length_881_cov_64.435323_1, 3 # 878 # 1 , 3,878,1 ,65_1,65,1,10,Edge,None,None,0.338,NODE_65_length_881_cov_64.435323,mobileOG_000738132_NODE_65_length_881_cov_64.435323
403,mobileOG_000737864|NA:Keyword|WP_063675602.1|integration/excision|NA|Multiple|Keyword Search,NODE_65_length_881_cov_64.435323_1 # 3 # 878 # 1 # ID=65_1;partial=10;start_type=Edge;rbs_motif=None;rbs_spacer=None;gc_cont=0.338,97.9,561,493,1.11e-200,292,203,493,1,291,mobileOG_000737864,NA:Keyword,WP_063675602.1,integration/excision,NA,Multiple,Keyword Search,NODE_65_length_881_cov_64.435323_1, 3 # 878 # 1 , 3,878,1 ,65_1,65,1,10,Edge,None,None,0.338,NODE_65_length_881_cov_64.435323,mobileOG_000737864_NODE_65_length_881_cov_64.435323
404,mobileOG_000738030|NA:Keyword|WP_119684458.1|integration/excision|NA|Multiple|Keyword Search,NODE_65_length_881_cov_64.435323_1 # 3 # 878 # 1 # ID=65_1;partial=10;start_type=Edge;rbs_motif=None;rbs_spacer=None;gc_cont=0.338,98.3,560,488,1.87e-200,292,199,488,1,291,mobileOG_000738030,NA:Keyword,WP_119684458.1,integration/excision,NA,Multiple,Keyword Search,NODE_65_length_881_cov_64.435323_1, 3 # 878 # 1 , 3,878,1 ,65_1,65,1,10,Edge,None,None,0.338,NODE_65_length_881_cov_64.435323,mobileOG_000738030_NODE_65_length_881_cov_64.435323
405,mobileOG_000737863|NA:Keyword|WP_061885131.1|integration/excision|NA|Multiple|Keyword Search,NODE_65_length_881_cov_64.435323_1 # 3 # 878 # 1 # ID=65_1;partial=10;start_type=Edge;rbs_motif=None;rbs_spacer=None;gc_cont=0.338,97.3,560,489,1.94e-200,292,199,489,1,291,mobileOG_000737863,NA:Keyword,WP_061885131.1,integration/excision,NA,Multiple,Keyword Search,NODE_65_length_881_cov_64.435323_1, 3 # 878 # 1 , 3,878,1 ,65_1,65,1,10,Edge,None,None,0.338,NODE_65_length_881_cov_64.435323,mobileOG_000737863_NODE_65_length_881_cov_64.435323
406,mobileOG_000737863|NA:Keyword|WP_061885131.1|integration/excision|NA|Multiple|Keyword Search,NODE_73_length_536_cov_79.755991_1 # 1 # 402 # -1 # ID=73_1;partial=10;start_type=ATG;rbs_motif=AGGAG;rbs_spacer=5-10bp;gc_cont=0.306,97.0,266,489,1.86e-87,134,1,134,1,134,mobileOG_000737863,NA:Keyword,WP_061885131.1,integration/excision,NA,Multiple,Keyword Search,NODE_73_length_536_cov_79.755991_1, 1 # 402 # -1 , 1,402,-1 ,73_1,73,1,10,ATG,AGGAG,5-10bp,0.306,NODE_73_length_536_cov_79.755991,mobileOG_000737863_NODE_73_length_536_cov_79.755991
407,mobileOG_000737825|NA:Keyword|WP_042597717.1|integration/excision|NA|Multiple|Keyword Search,NODE_73_length_536_cov_79.755991_1 # 1 # 402 # -1 # ID=73_1;partial=10;start_type=ATG;rbs_motif=AGGAG;rbs_spacer=5-10bp;gc_cont=0.306,97.0,265,479,2.84e-87,134,1,134,1,134,mobileOG_000737825,NA:Keyword,WP_042597717.1,integration/excision,NA,Multiple,Keyword Search,NODE_73_length_536_cov_79.755991_1, 1 # 402 # -1 , 1,402,-1 ,73_1,73,1,10,ATG,AGGAG,5-10bp,0.306,NODE_73_length_536_cov_79.755991,mobileOG_000737825_NODE_73_length_536_cov_79.755991
408,mobileOG_000724529|NA:Keyword|A0A2A9TQ51|integration/excision|NA|ISFinder|Keyword Search,NODE_73_length_536_cov_79.755991_1 # 1 # 402 # -1 # ID=73_1;partial=10;start_type=ATG;rbs_motif=AGGAG;rbs_spacer=5-10bp;gc_cont=0.306,95.5,262,489,5.92e-86,134,1,134,1,134,mobileOG_000724529,NA:Keyword,A0A2A9TQ51,integration/excision,NA,ISFinder,Keyword Search,NODE_73_length_536_cov_79.755991_1, 1 # 402 # -1 , 1,402,-1 ,73_1,73,1,10,ATG,AGGAG,5-10bp,0.306,NODE_73_length_536_cov_79.755991,mobileOG_000724529_NODE_73_length_536_cov_79.755991
409,mobileOG_000411978|NA:Keyword|WP_063549940.1|integration/excision|NA|Multiple|Keyword Search,NODE_73_length_536_cov_79.755991_1 # 1 # 402 # -1 # ID=73_1;partial=10;start_type=ATG;rbs_motif=AGGAG;rbs_spacer=5-10bp;gc_cont=0.306,95.5,261,489,8.37e-86,134,1,134,1,134,mobileOG_000411978,NA:Keyword,WP_063549940.1,integration/excision,NA,Multiple,Keyword Search,NODE_73_length_536_cov_79.755991_1, 1 # 402 # -1 , 1,402,-1 ,73_1,73,1,10,ATG,AGGAG,5-10bp,0.306,NODE_73_length_536_cov_79.755991,mobileOG_000411978_NODE_73_length_536_cov_79.755991
410,mobileOG_000738150|NA:Keyword|A0A380YCV3|integration/excision|NA|Plasmid RefSeq|Keyword Search,NODE_73_length_536_cov_79.755991_1 # 1 # 402 # -1 # ID=73_1;partial=10;start_type=ATG;rbs_motif=AGGAG;rbs_spacer=5-10bp;gc_cont=0.306,95.5,261,489,8.37e-86,134,1,134,1,134,mobileOG_000738150,NA:Keyword,A0A380YCV3,integration/excision,NA,Plasmid RefSeq,Keyword Search,NODE_73_length_536_cov_79.755991_1, 1 # 402 # -1 , 1,402,-1 ,73_1,73,1,10,ATG,AGGAG,5-10bp,0.306,NODE_73_length_536_cov_79.755991,mobileOG_000738150_NODE_73_length_536_cov_79.755991
411,mobileOG_000737864|NA:Keyword|WP_063675602.1|integration/excision|NA|Multiple|Keyword Search,NODE_73_length_536_cov_79.755991_1 # 1 # 402 # -1 # ID=73_1;partial=10;start_type=ATG;rbs_motif=AGGAG;rbs_spacer=5-10bp;gc_cont=0.306,94.9,261,493,9.30e-86,134,1,138,1,134,mobileOG_000737864,NA:Keyword,WP_063675602.1,integration/excision,NA,Multiple,Keyword Search,NODE_73_length_536_cov_79.755991_1, 1 # 402 # -1 , 1,402,-1 ,73_1,73,1,10,ATG,AGGAG,5-10bp,0.306,NODE_73_length_536_cov_79.755991,mobileOG_000737864_NODE_73_length_536_cov_79.755991
412,mobileOG_000738030|NA:Keyword|WP_119684458.1|integration/excision|NA|Multiple|Keyword Search,NODE_73_length_536_cov_79.755991_1 # 1 # 402 # -1 # ID=73_1;partial=10;start_type=ATG;rbs_motif=AGGAG;rbs_spacer=5-10bp;gc_cont=0.306,96.3,261,488,1.15e-85,134,1,134,1,134,mobileOG_000738030,NA:Keyword,WP_119684458.1,integration/excision,NA,Multiple,Keyword Search,NODE_73_length_536_cov_79.755991_1, 1 # 402 # -1 , 1,402,-1 ,73_1,73,1,10,ATG,AGGAG,5-10bp,0.306,NODE_73_length_536_cov_79.755991,mobileOG_000738030_NODE_73_length_536_cov_79.755991
413,mobileOG_000738132|NA:Keyword|WP_168455195.1|integration/excision|NA|Plasmid RefSeq|Keyword Search,NODE_73_length_536_cov_79.755991_1 # 1 # 402 # -1 # ID=73_1;partial=10;start_type=ATG;rbs_motif=AGGAG;rbs_spacer=5-10bp;gc_cont=0.306,96.3,261,489,1.18e-85,134,1,134,1,134,mobileOG_000738132,NA:Keyword,WP_168455195.1,integration/excision,NA,Plasmid RefSeq,Keyword Search,NODE_73_length_536_cov_79.755991_1, 1 # 402 # -1 , 1,402,-1 ,73_1,73,1,10,ATG,AGGAG,5-10bp,0.306,NODE_73_length_536_cov_79.755991,mobileOG_000738132_NODE_73_length_536_cov_79.755991
414,mobileOG_000343489|NA|WP_001068149.1|integration/excision|NA|Multiple|Homology,NODE_75_length_460_cov_61.757180_1 # 2 # 460 # 1 # ID=75_1;partial=11;start_type=Edge;rbs_motif=None;rbs_spacer=None;gc_cont=0.405,94.7,276,476,3.47e-91,153,1,151,3,153,mobileOG_000343489,NA,WP_001068149.1,integration/excision,NA,Multiple,Homology,NODE_75_length_460_cov_61.757180_1, 2 # 460 # 1 , 2,460,1 ,75_1,75,1,11,Edge,None,None,0.405,NODE_75_length_460_cov_61.757180,mobileOG_000343489_NODE_75_length_460_cov_61.757180
415,mobileOG_000057339|NA|WP_001068151.1|integration/excision|NA|Multiple|Homology,NODE_75_length_460_cov_61.757180_1 # 2 # 460 # 1 # ID=75_1;partial=11;start_type=Edge;rbs_motif=None;rbs_spacer=None;gc_cont=0.405,95.4,275,476,9.81e-91,153,1,151,3,153,mobileOG_000057339,NA,WP_001068151.1,integration/excision,NA,Multiple,Homology,NODE_75_length_460_cov_61.757180_1, 2 # 460 # 1 , 2,460,1 ,75_1,75,1,11,Edge,None,None,0.405,NODE_75_length_460_cov_61.757180,mobileOG_000057339_NODE_75_length_460_cov_61.757180
416,mobileOG_000305180|NA|WP_089172208.1|integration/excision|NA|Multiple|Homology,NODE_75_length_460_cov_61.757180_1 # 2 # 460 # 1 # ID=75_1;partial=11;start_type=Edge;rbs_motif=None;rbs_spacer=None;gc_cont=0.405,94.7,272,476,7.86e-90,153,1,151,3,153,mobileOG_000305180,NA,WP_089172208.1,integration/excision,NA,Multiple,Homology,NODE_75_length_460_cov_61.757180_1, 2 # 460 # 1 , 2,460,1 ,75_1,75,1,11,Edge,None,None,0.405,NODE_75_length_460_cov_61.757180,mobileOG_000305180_NODE_75_length_460_cov_61.757180
417,mobileOG_000354558|NA|WP_157410435.1|integration/excision|NA|Plasmid RefSeq|Homology,NODE_75_length_460_cov_61.757180_1 # 2 # 460 # 1 # ID=75_1;partial=11;start_type=Edge;rbs_motif=None;rbs_spacer=None;gc_cont=0.405,93.4,270,476,4.44e-89,153,1,151,3,153,mobileOG_000354558,NA,WP_157410435.1,integration/excision,NA,Plasmid RefSeq,Homology,NODE_75_length_460_cov_61.757180_1, 2 # 460 # 1 , 2,460,1 ,75_1,75,1,11,Edge,None,None,0.405,NODE_75_length_460_cov_61.757180,mobileOG_000354558_NODE_75_length_460_cov_61.757180
418,mobileOG_000274640|NA|A0A0E1MDH2|integration/excision|NA|ISFinder|Homology,NODE_75_length_460_cov_61.757180_1 # 2 # 460 # 1 # ID=75_1;partial=11;start_type=Edge;rbs_motif=None;rbs_spacer=None;gc_cont=0.405,93.4,269,476,1.78e-88,153,1,151,3,153,mobileOG_000274640,NA,A0A0E1MDH2,integration/excision,NA,ISFinder,Homology,NODE_75_length_460_cov_61.757180_1, 2 # 460 # 1 , 2,460,1 ,75_1,75,1,11,Edge,None,None,0.405,NODE_75_length_460_cov_61.757180,mobileOG_000274640_NODE_75_length_460_cov_61.757180
419,mobileOG_000305181|NA|WP_089172216.1|integration/excision|NA|Multiple|Homology,NODE_75_length_460_cov_61.757180_1 # 2 # 460 # 1 # ID=75_1;partial=11;start_type=Edge;rbs_motif=None;rbs_spacer=None;gc_cont=0.405,92.1,268,476,3.56e-88,153,1,151,3,153,mobileOG_000305181,NA,WP_089172216.1,integration/excision,NA,Multiple,Homology,NODE_75_length_460_cov_61.757180_1, 2 # 460 # 1 , 2,460,1 ,75_1,75,1,11,Edge,None,None,0.405,NODE_75_length_460_cov_61.757180,mobileOG_000305181_NODE_75_length_460_cov_61.757180
420,mobileOG_000305183|NA|WP_089172375.1|integration/excision|NA|Multiple|Homology,NODE_75_length_460_cov_61.757180_1 # 2 # 460 # 1 # ID=75_1;partial=11;start_type=Edge;rbs_motif=None;rbs_spacer=None;gc_cont=0.405,92.1,268,476,3.56e-88,153,1,151,3,153,mobileOG_000305183,NA,WP_089172375.1,integration/excision,NA,Multiple,Homology,NODE_75_length_460_cov_61.757180_1, 2 # 460 # 1 , 2,460,1 ,75_1,75,1,11,Edge,None,None,0.405,NODE_75_length_460_cov_61.757180,mobileOG_000305183_NODE_75_length_460_cov_61.757180
421,mobileOG_000064698|NA|A0A0K0SIT3|integration/excision|NA|COMPASS|Homology,NODE_75_length_460_cov_61.757180_1 # 2 # 460 # 1 # ID=75_1;partial=11;start_type=Edge;rbs_motif=None;rbs_spacer=None;gc_cont=0.405,90.1,261,448,1.19e-85,153,1,151,3,153,mobileOG_000064698,NA,A0A0K0SIT3,integration/excision,NA,COMPASS,Homology,NODE_75_length_460_cov_61.757180_1, 2 # 460 # 1 , 2,460,1 ,75_1,75,1,11,Edge,None,None,0.405,NODE_75_length_460_cov_61.757180,mobileOG_000064698_NODE_75_length_460_cov_61.757180
422,mobileOG_000305635|NA|WP_089608041.1|integration/excision|NA|Multiple|Homology,NODE_75_length_460_cov_61.757180_1 # 2 # 460 # 1 # ID=75_1;partial=11;start_type=Edge;rbs_motif=None;rbs_spacer=None;gc_cont=0.405,90.7,260,476,3.62e-85,153,1,151,3,153,mobileOG_000305635,NA,WP_089608041.1,integration/excision,NA,Multiple,Homology,NODE_75_length_460_cov_61.757180_1, 2 # 460 # 1 , 2,460,1 ,75_1,75,1,11,Edge,None,None,0.405,NODE_75_length_460_cov_61.757180,mobileOG_000305635_NODE_75_length_460_cov_61.757180
423,mobileOG_000063150|NA|A0A2T0DZW0|integration/excision|NA|COMPASS|Homology,NODE_77_length_400_cov_63.229102_1 # 3 # 398 # 1 # ID=77_1;partial=11;start_type=Edge;rbs_motif=None;rbs_spacer=None;gc_cont=0.391,97.7,255,347,3.49e-85,132,78,209,1,132,mobileOG_000063150,NA,A0A2T0DZW0,integration/excision,NA,COMPASS,Homology,NODE_77_length_400_cov_63.229102_1, 3 # 398 # 1 , 3,398,1 ,77_1,77,1,11,Edge,None,None,0.391,NODE_77_length_400_cov_63.229102,mobileOG_000063150_NODE_77_length_400_cov_63.229102
424,mobileOG_000343489|NA|WP_001068149.1|integration/excision|NA|Multiple|Homology,NODE_77_length_400_cov_63.229102_1 # 3 # 398 # 1 # ID=77_1;partial=11;start_type=Edge;rbs_motif=None;rbs_spacer=None;gc_cont=0.391,97.0,254,476,2.77e-83,132,207,338,1,132,mobileOG_000343489,NA,WP_001068149.1,integration/excision,NA,Multiple,Homology,NODE_77_length_400_cov_63.229102_1, 3 # 398 # 1 , 3,398,1 ,77_1,77,1,11,Edge,None,None,0.391,NODE_77_length_400_cov_63.229102,mobileOG_000343489_NODE_77_length_400_cov_63.229102
425,mobileOG_000064049|NA|A0A369CPB0|integration/excision|NA|COMPASS|Homology,NODE_77_length_400_cov_63.229102_1 # 3 # 398 # 1 # ID=77_1;partial=11;start_type=Edge;rbs_motif=None;rbs_spacer=None;gc_cont=0.391,95.5,248,347,1.86e-82,132,78,209,1,132,mobileOG_000064049,NA,A0A369CPB0,integration/excision,NA,COMPASS,Homology,NODE_77_length_400_cov_63.229102_1, 3 # 398 # 1 , 3,398,1 ,77_1,77,1,11,Edge,None,None,0.391,NODE_77_length_400_cov_63.229102,mobileOG_000064049_NODE_77_length_400_cov_63.229102
426,mobileOG_000074102|NA|WP_000175814.1|integration/excision|NA|Multiple|Homology,NODE_77_length_400_cov_63.229102_1 # 3 # 398 # 1 # ID=77_1;partial=11;start_type=Edge;rbs_motif=None;rbs_spacer=None;gc_cont=0.391,96.2,252,476,2.21e-82,132,207,338,1,132,mobileOG_000074102,NA,WP_000175814.1,integration/excision,NA,Multiple,Homology,NODE_77_length_400_cov_63.229102_1, 3 # 398 # 1 , 3,398,1 ,77_1,77,1,11,Edge,None,None,0.391,NODE_77_length_400_cov_63.229102,mobileOG_000074102_NODE_77_length_400_cov_63.229102
427,mobileOG_000001685|tnp|Q5LKB6|integration/excision|NA|ACLAME|Manual,NODE_77_length_400_cov_63.229102_1 # 3 # 398 # 1 # ID=77_1;partial=11;start_type=Edge;rbs_motif=None;rbs_spacer=None;gc_cont=0.391,96.2,252,480,2.45e-82,132,211,342,1,132,mobileOG_000001685,tnp,Q5LKB6,integration/excision,NA,ACLAME,Manual,NODE_77_length_400_cov_63.229102_1, 3 # 398 # 1 , 3,398,1 ,77_1,77,1,11,Edge,None,None,0.391,NODE_77_length_400_cov_63.229102,mobileOG_000001685_NODE_77_length_400_cov_63.229102
428,mobileOG_000075750|NA|A0A221BPV4|integration/excision|NA|COMPASS|Homology,NODE_77_length_400_cov_63.229102_1 # 3 # 398 # 1 # ID=77_1;partial=11;start_type=Edge;rbs_motif=None;rbs_spacer=None;gc_cont=0.391,96.2,249,400,3.09e-82,132,131,262,1,132,mobileOG_000075750,NA,A0A221BPV4,integration/excision,NA,COMPASS,Homology,NODE_77_length_400_cov_63.229102_1, 3 # 398 # 1 , 3,398,1 ,77_1,77,1,11,Edge,None,None,0.391,NODE_77_length_400_cov_63.229102,mobileOG_000075750_NODE_77_length_400_cov_63.229102
429,mobileOG_000064698|NA|A0A0K0SIT3|integration/excision|NA|COMPASS|Homology,NODE_77_length_400_cov_63.229102_1 # 3 # 398 # 1 # ID=77_1;partial=11;start_type=Edge;rbs_motif=None;rbs_spacer=None;gc_cont=0.391,95.5,250,448,5.89e-82,132,207,338,1,132,mobileOG_000064698,NA,A0A0K0SIT3,integration/excision,NA,COMPASS,Homology,NODE_77_length_400_cov_63.229102_1, 3 # 398 # 1 , 3,398,1 ,77_1,77,1,11,Edge,None,None,0.391,NODE_77_length_400_cov_63.229102,mobileOG_000064698_NODE_77_length_400_cov_63.229102
430,mobileOG_000056309|NA|WP_001053939.1|integration/excision|NA|Multiple|Homology,NODE_77_length_400_cov_63.229102_1 # 3 # 398 # 1 # ID=77_1;partial=11;start_type=Edge;rbs_motif=None;rbs_spacer=None;gc_cont=0.391,95.5,251,476,6.23e-82,132,207,338,1,132,mobileOG_000056309,NA,WP_001053939.1,integration/excision,NA,Multiple,Homology,NODE_77_length_400_cov_63.229102_1, 3 # 398 # 1 , 3,398,1 ,77_1,77,1,11,Edge,None,None,0.391,NODE_77_length_400_cov_63.229102,mobileOG_000056309_NODE_77_length_400_cov_63.229102
431,mobileOG_000001539|tnp|Q4V230|integration/excision|NA|ACLAME|Manual,NODE_77_length_400_cov_63.229102_1 # 3 # 398 # 1 # ID=77_1;partial=11;start_type=Edge;rbs_motif=None;rbs_spacer=None;gc_cont=0.391,95.5,251,511,1.53e-81,132,242,373,1,132,mobileOG_000001539,tnp,Q4V230,integration/excision,NA,ACLAME,Manual,NODE_77_length_400_cov_63.229102_1, 3 # 398 # 1 , 3,398,1 ,77_1,77,1,11,Edge,None,None,0.391,NODE_77_length_400_cov_63.229102,mobileOG_000001539_NODE_77_length_400_cov_63.229102
432,mobileOG_000354558|NA|WP_157410435.1|integration/excision|NA|Plasmid RefSeq|Homology,NODE_77_length_400_cov_63.229102_1 # 3 # 398 # 1 # ID=77_1;partial=11;start_type=Edge;rbs_motif=None;rbs_spacer=None;gc_cont=0.391,95.5,248,476,9.90e-81,132,207,338,1,132,mobileOG_000354558,NA,WP_157410435.1,integration/excision,NA,Plasmid RefSeq,Homology,NODE_77_length_400_cov_63.229102_1, 3 # 398 # 1 , 3,398,1 ,77_1,77,1,11,Edge,None,None,0.391,NODE_77_length_400_cov_63.229102,mobileOG_000354558_NODE_77_length_400_cov_63.229102
433,mobileOG_000305181|NA|WP_089172216.1|integration/excision|NA|Multiple|Homology,NODE_77_length_400_cov_63.229102_1 # 3 # 398 # 1 # ID=77_1;partial=11;start_type=Edge;rbs_motif=None;rbs_spacer=None;gc_cont=0.391,93.9,247,476,1.98e-80,132,207,338,1,132,mobileOG_000305181,NA,WP_089172216.1,integration/excision,NA,Multiple,Homology,NODE_77_length_400_cov_63.229102_1, 3 # 398 # 1 , 3,398,1 ,77_1,77,1,11,Edge,None,None,0.391,NODE_77_length_400_cov_63.229102,mobileOG_000305181_NODE_77_length_400_cov_63.229102
434,mobileOG_000305183|NA|WP_089172375.1|integration/excision|NA|Multiple|Homology,NODE_77_length_400_cov_63.229102_1 # 3 # 398 # 1 # ID=77_1;partial=11;start_type=Edge;rbs_motif=None;rbs_spacer=None;gc_cont=0.391,93.9,247,476,1.98e-80,132,207,338,1,132,mobileOG_000305183,NA,WP_089172375.1,integration/excision,NA,Multiple,Homology,NODE_77_length_400_cov_63.229102_1, 3 # 398 # 1 , 3,398,1 ,77_1,77,1,11,Edge,None,None,0.391,NODE_77_length_400_cov_63.229102,mobileOG_000305183_NODE_77_length_400_cov_63.229102
435,mobileOG_000305180|NA|WP_089172208.1|integration/excision|NA|Multiple|Homology,NODE_77_length_400_cov_63.229102_1 # 3 # 398 # 1 # ID=77_1;partial=11;start_type=Edge;rbs_motif=None;rbs_spacer=None;gc_cont=0.391,94.7,247,476,2.79e-80,132,207,338,1,132,mobileOG_000305180,NA,WP_089172208.1,integration/excision,NA,Multiple,Homology,NODE_77_length_400_cov_63.229102_1, 3 # 398 # 1 , 3,398,1 ,77_1,77,1,11,Edge,None,None,0.391,NODE_77_length_400_cov_63.229102,mobileOG_000305180_NODE_77_length_400_cov_63.229102
436,mobileOG_000274640|NA|A0A0E1MDH2|integration/excision|NA|ISFinder|Homology,NODE_77_length_400_cov_63.229102_1 # 3 # 398 # 1 # ID=77_1;partial=11;start_type=Edge;rbs_motif=None;rbs_spacer=None;gc_cont=0.391,95.5,247,476,2.79e-80,132,207,338,1,132,mobileOG_000274640,NA,A0A0E1MDH2,integration/excision,NA,ISFinder,Homology,NODE_77_length_400_cov_63.229102_1, 3 # 398 # 1 , 3,398,1 ,77_1,77,1,11,Edge,None,None,0.391,NODE_77_length_400_cov_63.229102,mobileOG_000274640_NODE_77_length_400_cov_63.229102
437,mobileOG_000057339|NA|WP_001068151.1|integration/excision|NA|Multiple|Homology,NODE_77_length_400_cov_63.229102_1 # 3 # 398 # 1 # ID=77_1;partial=11;start_type=Edge;rbs_motif=None;rbs_spacer=None;gc_cont=0.391,95.5,246,476,3.95e-80,132,207,338,1,132,mobileOG_000057339,NA,WP_001068151.1,integration/excision,NA,Multiple,Homology,NODE_77_length_400_cov_63.229102_1, 3 # 398 # 1 , 3,398,1 ,77_1,77,1,11,Edge,None,None,0.391,NODE_77_length_400_cov_63.229102,mobileOG_000057339_NODE_77_length_400_cov_63.229102
438,mobileOG_000411978|NA:Keyword|WP_063549940.1|integration/excision|NA|Multiple|Keyword Search,NODE_81_length_344_cov_38.861423_1 # 1 # 342 # -1 # ID=81_1;partial=11;start_type=Edge;rbs_motif=None;rbs_spacer=None;gc_cont=0.310,97.4,229,489,1.44e-73,114,110,223,1,114,mobileOG_000411978,NA:Keyword,WP_063549940.1,integration/excision,NA,Multiple,Keyword Search,NODE_81_length_344_cov_38.861423_1, 1 # 342 # -1 , 1,342,-1 ,81_1,81,1,11,Edge,None,None,0.310,NODE_81_length_344_cov_38.861423,mobileOG_000411978_NODE_81_length_344_cov_38.861423
439,mobileOG_000724529|NA:Keyword|A0A2A9TQ51|integration/excision|NA|ISFinder|Keyword Search,NODE_81_length_344_cov_38.861423_1 # 1 # 342 # -1 # ID=81_1;partial=11;start_type=Edge;rbs_motif=None;rbs_spacer=None;gc_cont=0.310,97.4,228,489,2.88e-73,114,110,223,1,114,mobileOG_000724529,NA:Keyword,A0A2A9TQ51,integration/excision,NA,ISFinder,Keyword Search,NODE_81_length_344_cov_38.861423_1, 1 # 342 # -1 , 1,342,-1 ,81_1,81,1,11,Edge,None,None,0.310,NODE_81_length_344_cov_38.861423,mobileOG_000724529_NODE_81_length_344_cov_38.861423
440,mobileOG_000737863|NA:Keyword|WP_061885131.1|integration/excision|NA|Multiple|Keyword Search,NODE_81_length_344_cov_38.861423_1 # 1 # 342 # -1 # ID=81_1;partial=11;start_type=Edge;rbs_motif=None;rbs_spacer=None;gc_cont=0.310,96.5,228,489,2.88e-73,114,110,223,1,114,mobileOG_000737863,NA:Keyword,WP_061885131.1,integration/excision,NA,Multiple,Keyword Search,NODE_81_length_344_cov_38.861423_1, 1 # 342 # -1 , 1,342,-1 ,81_1,81,1,11,Edge,None,None,0.310,NODE_81_length_344_cov_38.861423,mobileOG_000737863_NODE_81_length_344_cov_38.861423
441,mobileOG_000738030|NA:Keyword|WP_119684458.1|integration/excision|NA|Multiple|Keyword Search,NODE_81_length_344_cov_38.861423_1 # 1 # 342 # -1 # ID=81_1;partial=11;start_type=Edge;rbs_motif=None;rbs_spacer=None;gc_cont=0.310,96.5,226,488,2.22e-72,114,110,223,1,114,mobileOG_000738030,NA:Keyword,WP_119684458.1,integration/excision,NA,Multiple,Keyword Search,NODE_81_length_344_cov_38.861423_1, 1 # 342 # -1 , 1,342,-1 ,81_1,81,1,11,Edge,None,None,0.310,NODE_81_length_344_cov_38.861423,mobileOG_000738030_NODE_81_length_344_cov_38.861423
442,mobileOG_000738150|NA:Keyword|A0A380YCV3|integration/excision|NA|Plasmid RefSeq|Keyword Search,NODE_81_length_344_cov_38.861423_1 # 1 # 342 # -1 # ID=81_1;partial=11;start_type=Edge;rbs_motif=None;rbs_spacer=None;gc_cont=0.310,96.5,226,489,3.20e-72,114,110,223,1,114,mobileOG_000738150,NA:Keyword,A0A380YCV3,integration/excision,NA,Plasmid RefSeq,Keyword Search,NODE_81_length_344_cov_38.861423_1, 1 # 342 # -1 , 1,342,-1 ,81_1,81,1,11,Edge,None,None,0.310,NODE_81_length_344_cov_38.861423,mobileOG_000738150_NODE_81_length_344_cov_38.861423
443,mobileOG_000737864|NA:Keyword|WP_063675602.1|integration/excision|NA|Multiple|Keyword Search,NODE_81_length_344_cov_38.861423_1 # 1 # 342 # -1 # ID=81_1;partial=11;start_type=Edge;rbs_motif=None;rbs_spacer=None;gc_cont=0.310,96.5,226,493,3.52e-72,114,114,227,1,114,mobileOG_000737864,NA:Keyword,WP_063675602.1,integration/excision,NA,Multiple,Keyword Search,NODE_81_length_344_cov_38.861423_1, 1 # 342 # -1 , 1,342,-1 ,81_1,81,1,11,Edge,None,None,0.310,NODE_81_length_344_cov_38.861423,mobileOG_000737864_NODE_81_length_344_cov_38.861423
444,mobileOG_000738132|NA:Keyword|WP_168455195.1|integration/excision|NA|Plasmid RefSeq|Keyword Search,NODE_81_length_344_cov_38.861423_1 # 1 # 342 # -1 # ID=81_1;partial=11;start_type=Edge;rbs_motif=None;rbs_spacer=None;gc_cont=0.310,95.6,224,489,8.99e-72,114,110,223,1,114,mobileOG_000738132,NA:Keyword,WP_168455195.1,integration/excision,NA,Plasmid RefSeq,Keyword Search,NODE_81_length_344_cov_38.861423_1, 1 # 342 # -1 , 1,342,-1 ,81_1,81,1,11,Edge,None,None,0.310,NODE_81_length_344_cov_38.861423,mobileOG_000738132_NODE_81_length_344_cov_38.861423
445,mobileOG_000411978|NA:Keyword|WP_063549940.1|integration/excision|NA|Multiple|Keyword Search,NODE_82_length_344_cov_32.970037_1 # 1 # 342 # -1 # ID=82_1;partial=11;start_type=Edge;rbs_motif=None;rbs_spacer=None;gc_cont=0.310,97.4,229,489,1.02e-73,114,110,223,1,114,mobileOG_000411978,NA:Keyword,WP_063549940.1,integration/excision,NA,Multiple,Keyword Search,NODE_82_length_344_cov_32.970037_1, 1 # 342 # -1 , 1,342,-1 ,82_1,82,1,11,Edge,None,None,0.310,NODE_82_length_344_cov_32.970037,mobileOG_000411978_NODE_82_length_344_cov_32.970037
446,mobileOG_000724529|NA:Keyword|A0A2A9TQ51|integration/excision|NA|ISFinder|Keyword Search,NODE_82_length_344_cov_32.970037_1 # 1 # 342 # -1 # ID=82_1;partial=11;start_type=Edge;rbs_motif=None;rbs_spacer=None;gc_cont=0.310,97.4,229,489,2.04e-73,114,110,223,1,114,mobileOG_000724529,NA:Keyword,A0A2A9TQ51,integration/excision,NA,ISFinder,Keyword Search,NODE_82_length_344_cov_32.970037_1, 1 # 342 # -1 , 1,342,-1 ,82_1,82,1,11,Edge,None,None,0.310,NODE_82_length_344_cov_32.970037,mobileOG_000724529_NODE_82_length_344_cov_32.970037
447,mobileOG_000737863|NA:Keyword|WP_061885131.1|integration/excision|NA|Multiple|Keyword Search,NODE_82_length_344_cov_32.970037_1 # 1 # 342 # -1 # ID=82_1;partial=11;start_type=Edge;rbs_motif=None;rbs_spacer=None;gc_cont=0.310,96.5,229,489,2.04e-73,114,110,223,1,114,mobileOG_000737863,NA:Keyword,WP_061885131.1,integration/excision,NA,Multiple,Keyword Search,NODE_82_length_344_cov_32.970037_1, 1 # 342 # -1 , 1,342,-1 ,82_1,82,1,11,Edge,None,None,0.310,NODE_82_length_344_cov_32.970037,mobileOG_000737863_NODE_82_length_344_cov_32.970037
448,mobileOG_000738150|NA:Keyword|A0A380YCV3|integration/excision|NA|Plasmid RefSeq|Keyword Search,NODE_82_length_344_cov_32.970037_1 # 1 # 342 # -1 # ID=82_1;partial=11;start_type=Edge;rbs_motif=None;rbs_spacer=None;gc_cont=0.310,97.4,229,489,2.04e-73,114,110,223,1,114,mobileOG_000738150,NA:Keyword,A0A380YCV3,integration/excision,NA,Plasmid RefSeq,Keyword Search,NODE_82_length_344_cov_32.970037_1, 1 # 342 # -1 , 1,342,-1 ,82_1,82,1,11,Edge,None,None,0.310,NODE_82_length_344_cov_32.970037,mobileOG_000738150_NODE_82_length_344_cov_32.970037
449,mobileOG_000738030|NA:Keyword|WP_119684458.1|integration/excision|NA|Multiple|Keyword Search,NODE_82_length_344_cov_32.970037_1 # 1 # 342 # -1 # ID=82_1;partial=11;start_type=Edge;rbs_motif=None;rbs_spacer=None;gc_cont=0.310,96.5,226,488,1.57e-72,114,110,223,1,114,mobileOG_000738030,NA:Keyword,WP_119684458.1,integration/excision,NA,Multiple,Keyword Search,NODE_82_length_344_cov_32.970037_1, 1 # 342 # -1 , 1,342,-1 ,82_1,82,1,11,Edge,None,None,0.310,NODE_82_length_344_cov_32.970037,mobileOG_000738030_NODE_82_length_344_cov_32.970037
450,mobileOG_000737864|NA:Keyword|WP_063675602.1|integration/excision|NA|Multiple|Keyword Search,NODE_82_length_344_cov_32.970037_1 # 1 # 342 # -1 # ID=82_1;partial=11;start_type=Edge;rbs_motif=None;rbs_spacer=None;gc_cont=0.310,96.5,226,493,2.50e-72,114,114,227,1,114,mobileOG_000737864,NA:Keyword,WP_063675602.1,integration/excision,NA,Multiple,Keyword Search,NODE_82_length_344_cov_32.970037_1, 1 # 342 # -1 , 1,342,-1 ,82_1,82,1,11,Edge,None,None,0.310,NODE_82_length_344_cov_32.970037,mobileOG_000737864_NODE_82_length_344_cov_32.970037
451,mobileOG_000738132|NA:Keyword|WP_168455195.1|integration/excision|NA|Plasmid RefSeq|Keyword Search,NODE_82_length_344_cov_32.970037_1 # 1 # 342 # -1 # ID=82_1;partial=11;start_type=Edge;rbs_motif=None;rbs_spacer=None;gc_cont=0.310,95.6,225,489,6.37e-72,114,110,223,1,114,mobileOG_000738132,NA:Keyword,WP_168455195.1,integration/excision,NA,Plasmid RefSeq,Keyword Search,NODE_82_length_344_cov_32.970037_1, 1 # 342 # -1 , 1,342,-1 ,82_1,82,1,11,Edge,None,None,0.310,NODE_82_length_344_cov_32.970037,mobileOG_000738132_NODE_82_length_344_cov_32.970037
452,mobileOG_000037189|ORF|WP_010891441.1|integration/excision|NA|Multiple|Homology,NODE_85_length_324_cov_67.801619_1 # 1 # 324 # 1 # ID=85_1;partial=11;start_type=Edge;rbs_motif=None;rbs_spacer=None;gc_cont=0.377,96.3,207,163,2.58e-69,108,57,163,1,107,mobileOG_000037189,ORF,WP_010891441.1,integration/excision,NA,Multiple,Homology,NODE_85_length_324_cov_67.801619_1, 1 # 324 # 1 , 1,324,1 ,85_1,85,1,11,Edge,None,None,0.377,NODE_85_length_324_cov_67.801619,mobileOG_000037189_NODE_85_length_324_cov_67.801619
453,mobileOG_000364935|ORF|WP_000318936.1|integration/excision|NA|Plasmid RefSeq|Homology,NODE_85_length_324_cov_67.801619_1 # 1 # 324 # 1 # ID=85_1;partial=11;start_type=Edge;rbs_motif=None;rbs_spacer=None;gc_cont=0.377,96.3,207,179,4.36e-69,108,73,179,1,107,mobileOG_000364935,ORF,WP_000318936.1,integration/excision,NA,Plasmid RefSeq,Homology,NODE_85_length_324_cov_67.801619_1, 1 # 324 # 1 , 1,324,1 ,85_1,85,1,11,Edge,None,None,0.377,NODE_85_length_324_cov_67.801619,mobileOG_000364935_NODE_85_length_324_cov_67.801619
454,mobileOG_000058758|ORF|A0A1Y6A7W5|integration/excision|NA|COMPASS|Homology,NODE_85_length_324_cov_67.801619_1 # 1 # 324 # 1 # ID=85_1;partial=11;start_type=Edge;rbs_motif=None;rbs_spacer=None;gc_cont=0.377,96.3,207,202,9.17e-69,108,96,202,1,107,mobileOG_000058758,ORF,A0A1Y6A7W5,integration/excision,NA,COMPASS,Homology,NODE_85_length_324_cov_67.801619_1, 1 # 324 # 1 , 1,324,1 ,85_1,85,1,11,Edge,None,None,0.377,NODE_85_length_324_cov_67.801619,mobileOG_000058758_NODE_85_length_324_cov_67.801619
455,mobileOG_000343489|NA|WP_001068149.1|integration/excision|NA|Multiple|Homology,NODE_85_length_324_cov_67.801619_1 # 1 # 324 # 1 # ID=85_1;partial=11;start_type=Edge;rbs_motif=None;rbs_spacer=None;gc_cont=0.377,98.1,215,476,2.80e-68,108,367,474,1,108,mobileOG_000343489,NA,WP_001068149.1,integration/excision,NA,Multiple,Homology,NODE_85_length_324_cov_67.801619_1, 1 # 324 # 1 , 1,324,1 ,85_1,85,1,11,Edge,None,None,0.377,NODE_85_length_324_cov_67.801619,mobileOG_000343489_NODE_85_length_324_cov_67.801619
456,mobileOG_000074102|NA|WP_000175814.1|integration/excision|NA|Multiple|Homology,NODE_85_length_324_cov_67.801619_1 # 1 # 324 # 1 # ID=85_1;partial=11;start_type=Edge;rbs_motif=None;rbs_spacer=None;gc_cont=0.377,98.1,213,476,1.11e-67,108,367,474,1,108,mobileOG_000074102,NA,WP_000175814.1,integration/excision,NA,Multiple,Homology,NODE_85_length_324_cov_67.801619_1, 1 # 324 # 1 , 1,324,1 ,85_1,85,1,11,Edge,None,None,0.377,NODE_85_length_324_cov_67.801619,mobileOG_000074102_NODE_85_length_324_cov_67.801619
457,mobileOG_000001685|tnp|Q5LKB6|integration/excision|NA|ACLAME|Manual,NODE_85_length_324_cov_67.801619_1 # 1 # 324 # 1 # ID=85_1;partial=11;start_type=Edge;rbs_motif=None;rbs_spacer=None;gc_cont=0.377,98.1,213,480,1.21e-67,108,371,478,1,108,mobileOG_000001685,tnp,Q5LKB6,integration/excision,NA,ACLAME,Manual,NODE_85_length_324_cov_67.801619_1, 1 # 324 # 1 , 1,324,1 ,85_1,85,1,11,Edge,None,None,0.377,NODE_85_length_324_cov_67.801619,mobileOG_000001685_NODE_85_length_324_cov_67.801619
458,mobileOG_000057339|NA|WP_001068151.1|integration/excision|NA|Multiple|Homology,NODE_85_length_324_cov_67.801619_1 # 1 # 324 # 1 # ID=85_1;partial=11;start_type=Edge;rbs_motif=None;rbs_spacer=None;gc_cont=0.377,98.1,213,476,1.56e-67,108,367,474,1,108,mobileOG_000057339,NA,WP_001068151.1,integration/excision,NA,Multiple,Homology,NODE_85_length_324_cov_67.801619_1, 1 # 324 # 1 , 1,324,1 ,85_1,85,1,11,Edge,None,None,0.377,NODE_85_length_324_cov_67.801619,mobileOG_000057339_NODE_85_length_324_cov_67.801619
459,mobileOG_000063150|NA|A0A2T0DZW0|integration/excision|NA|COMPASS|Homology,NODE_85_length_324_cov_67.801619_1 # 1 # 324 # 1 # ID=85_1;partial=11;start_type=Edge;rbs_motif=None;rbs_spacer=None;gc_cont=0.377,95.4,207,347,7.26e-67,108,238,345,1,108,mobileOG_000063150,NA,A0A2T0DZW0,integration/excision,NA,COMPASS,Homology,NODE_85_length_324_cov_67.801619_1, 1 # 324 # 1 , 1,324,1 ,85_1,85,1,11,Edge,None,None,0.377,NODE_85_length_324_cov_67.801619,mobileOG_000063150_NODE_85_length_324_cov_67.801619
460,mobileOG_000056309|NA|WP_001053939.1|integration/excision|NA|Multiple|Homology,NODE_85_length_324_cov_67.801619_1 # 1 # 324 # 1 # ID=85_1;partial=11;start_type=Edge;rbs_motif=None;rbs_spacer=None;gc_cont=0.377,95.4,209,476,6.83e-66,108,367,474,1,108,mobileOG_000056309,NA,WP_001053939.1,integration/excision,NA,Multiple,Homology,NODE_85_length_324_cov_67.801619_1, 1 # 324 # 1 , 1,324,1 ,85_1,85,1,11,Edge,None,None,0.377,NODE_85_length_324_cov_67.801619,mobileOG_000056309_NODE_85_length_324_cov_67.801619
461,mobileOG_000064049|NA|A0A369CPB0|integration/excision|NA|COMPASS|Homology,NODE_85_length_324_cov_67.801619_1 # 1 # 324 # 1 # ID=85_1;partial=11;start_type=Edge;rbs_motif=None;rbs_spacer=None;gc_cont=0.377,94.4,205,347,8.26e-66,108,238,345,1,108,mobileOG_000064049,NA,A0A369CPB0,integration/excision,NA,COMPASS,Homology,NODE_85_length_324_cov_67.801619_1, 1 # 324 # 1 , 1,324,1 ,85_1,85,1,11,Edge,None,None,0.377,NODE_85_length_324_cov_67.801619,mobileOG_000064049_NODE_85_length_324_cov_67.801619
462,mobileOG_000305180|NA|WP_089172208.1|integration/excision|NA|Multiple|Homology,NODE_85_length_324_cov_67.801619_1 # 1 # 324 # 1 # ID=85_1;partial=11;start_type=Edge;rbs_motif=None;rbs_spacer=None;gc_cont=0.377,95.4,208,476,9.63e-66,108,367,474,1,108,mobileOG_000305180,NA,WP_089172208.1,integration/excision,NA,Multiple,Homology,NODE_85_length_324_cov_67.801619_1, 1 # 324 # 1 , 1,324,1 ,85_1,85,1,11,Edge,None,None,0.377,NODE_85_length_324_cov_67.801619,mobileOG_000305180_NODE_85_length_324_cov_67.801619
463,mobileOG_000274640|NA|A0A0E1MDH2|integration/excision|NA|ISFinder|Homology,NODE_85_length_324_cov_67.801619_1 # 1 # 324 # 1 # ID=85_1;partial=11;start_type=Edge;rbs_motif=None;rbs_spacer=None;gc_cont=0.377,96.3,208,476,9.63e-66,108,367,474,1,108,mobileOG_000274640,NA,A0A0E1MDH2,integration/excision,NA,ISFinder,Homology,NODE_85_length_324_cov_67.801619_1, 1 # 324 # 1 , 1,324,1 ,85_1,85,1,11,Edge,None,None,0.377,NODE_85_length_324_cov_67.801619,mobileOG_000274640_NODE_85_length_324_cov_67.801619
464,mobileOG_000354558|NA|WP_157410435.1|integration/excision|NA|Plasmid RefSeq|Homology,NODE_85_length_324_cov_67.801619_1 # 1 # 324 # 1 # ID=85_1;partial=11;start_type=Edge;rbs_motif=None;rbs_spacer=None;gc_cont=0.377,96.3,208,476,9.63e-66,108,367,474,1,108,mobileOG_000354558,NA,WP_157410435.1,integration/excision,NA,Plasmid RefSeq,Homology,NODE_85_length_324_cov_67.801619_1, 1 # 324 # 1 , 1,324,1 ,85_1,85,1,11,Edge,None,None,0.377,NODE_85_length_324_cov_67.801619,mobileOG_000354558_NODE_85_length_324_cov_67.801619
465,mobileOG_000001539|tnp|Q4V230|integration/excision|NA|ACLAME|Manual,NODE_85_length_324_cov_67.801619_1 # 1 # 324 # 1 # ID=85_1;partial=11;start_type=Edge;rbs_motif=None;rbs_spacer=None;gc_cont=0.377,95.4,209,511,1.49e-65,108,402,509,1,108,mobileOG_000001539,tnp,Q4V230,integration/excision,NA,ACLAME,Manual,NODE_85_length_324_cov_67.801619_1, 1 # 324 # 1 , 1,324,1 ,85_1,85,1,11,Edge,None,None,0.377,NODE_85_length_324_cov_67.801619,mobileOG_000001539_NODE_85_length_324_cov_67.801619
466,mobileOG_000305181|NA|WP_089172216.1|integration/excision|NA|Multiple|Homology,NODE_85_length_324_cov_67.801619_1 # 1 # 324 # 1 # ID=85_1;partial=11;start_type=Edge;rbs_motif=None;rbs_spacer=None;gc_cont=0.377,95.4,207,476,2.70e-65,108,367,474,1,108,mobileOG_000305181,NA,WP_089172216.1,integration/excision,NA,Multiple,Homology,NODE_85_length_324_cov_67.801619_1, 1 # 324 # 1 , 1,324,1 ,85_1,85,1,11,Edge,None,None,0.377,NODE_85_length_324_cov_67.801619,mobileOG_000305181_NODE_85_length_324_cov_67.801619
