,Sequence Title,Query Title,Pident,Bitscore,Subject Sequence Length,e-value,Query Sequence Length,Start of Alignment in Subject,End of Alignment in Query,Start of Alignment in Query,End of Alignment in Query,mobileOG ID,Gene Name,Best Hit Accession ID,Major mobileOG Category,Minor mobileOG Category,Source Database,Evidence Type,Contig/ORF Name,ORF_Start_Stop_Strands,ORF_Start,ORF_End,Sense or Antisense Strand,Prodigal ID,Prodigal Designated Contigs,Unique_ORF,Partial Tag,Start Codon,RBS Motif,RBS Spacer,GC Content,Specific Contig,Final Sample Name
0,mobileOG_000753707|NA:Keyword|WP_046955313.1|integration/excision|NA|Plasmid RefSeq|Keyword Search,NODE_1_length_614209_cov_66.248906_102 # 93362 # 93763 # 1 # ID=1_102;partial=00;start_type=ATG;rbs_motif=None;rbs_spacer=None;gc_cont=0.348,95.5,263,133,2.17e-91,134,1,133,1,133,mobileOG_000753707,NA:Keyword,WP_046955313.1,integration/excision,NA,Plasmid RefSeq,Keyword Search,NODE_1_length_614209_cov_66.248906_102, 93362 # 93763 # 1 , 93362,93763,1 ,1_102,1,102,00,ATG,None,None,0.348,NODE_1_length_614209_cov_66.248906,mobileOG_000753707_NODE_1_length_614209_cov_66.248906
1,mobileOG_000332918|tnpA|WP_085313162.1|integration/excision|NA|Multiple|Homology,NODE_1_length_614209_cov_66.248906_102 # 93362 # 93763 # 1 # ID=1_102;partial=00;start_type=ATG;rbs_motif=None;rbs_spacer=None;gc_cont=0.348,95.5,259,133,1.47e-89,134,1,133,1,133,mobileOG_000332918,tnpA,WP_085313162.1,integration/excision,NA,Multiple,Homology,NODE_1_length_614209_cov_66.248906_102, 93362 # 93763 # 1 , 93362,93763,1 ,1_102,1,102,00,ATG,None,None,0.348,NODE_1_length_614209_cov_66.248906,mobileOG_000332918_NODE_1_length_614209_cov_66.248906
2,mobileOG_000332918|NA:Keyword|WP_085313162.1|integration/excision|NA|Multiple|Keyword Search,NODE_1_length_614209_cov_66.248906_102 # 93362 # 93763 # 1 # ID=1_102;partial=00;start_type=ATG;rbs_motif=None;rbs_spacer=None;gc_cont=0.348,95.5,259,133,1.47e-89,134,1,133,1,133,mobileOG_000332918,NA:Keyword,WP_085313162.1,integration/excision,NA,Multiple,Keyword Search,NODE_1_length_614209_cov_66.248906_102, 93362 # 93763 # 1 , 93362,93763,1 ,1_102,1,102,00,ATG,None,None,0.348,NODE_1_length_614209_cov_66.248906,mobileOG_000332918_NODE_1_length_614209_cov_66.248906
3,mobileOG_000753664|NA:Keyword|WP_000606461.1|integration/excision|NA|Plasmid RefSeq|Keyword Search,NODE_1_length_614209_cov_66.248906_102 # 93362 # 93763 # 1 # ID=1_102;partial=00;start_type=ATG;rbs_motif=None;rbs_spacer=None;gc_cont=0.348,93.2,256,133,1.72e-88,134,1,133,1,133,mobileOG_000753664,NA:Keyword,WP_000606461.1,integration/excision,NA,Plasmid RefSeq,Keyword Search,NODE_1_length_614209_cov_66.248906_102, 93362 # 93763 # 1 , 93362,93763,1 ,1_102,1,102,00,ATG,None,None,0.348,NODE_1_length_614209_cov_66.248906,mobileOG_000753664_NODE_1_length_614209_cov_66.248906
4,mobileOG_000297839|tnpB|WP_048562783.1|integration/excision|NA|Plasmid RefSeq|Homology,NODE_1_length_614209_cov_66.248906_103 # 93769 # 94848 # 1 # ID=1_103;partial=00;start_type=GTG;rbs_motif=AGGA/GGAG/GAGG;rbs_spacer=11-12bp;gc_cont=0.363,94.2,656,359,3.26e-239,360,1,359,1,359,mobileOG_000297839,tnpB,WP_048562783.1,integration/excision,NA,Plasmid RefSeq,Homology,NODE_1_length_614209_cov_66.248906_103, 93769 # 94848 # 1 , 93769,94848,1 ,1_103,1,103,00,GTG,AGGA/GGAG/GAGG,11-12bp,0.363,NODE_1_length_614209_cov_66.248906,mobileOG_000297839_NODE_1_length_614209_cov_66.248906
5,mobileOG_000298086|tnpB|WP_157410452.1|integration/excision|NA|Plasmid RefSeq|Homology,NODE_1_length_614209_cov_66.248906_103 # 93769 # 94848 # 1 # ID=1_103;partial=00;start_type=GTG;rbs_motif=AGGA/GGAG/GAGG;rbs_spacer=11-12bp;gc_cont=0.363,93.9,655,359,9.33e-239,360,1,359,1,359,mobileOG_000298086,tnpB,WP_157410452.1,integration/excision,NA,Plasmid RefSeq,Homology,NODE_1_length_614209_cov_66.248906_103, 93769 # 94848 # 1 , 93769,94848,1 ,1_103,1,103,00,GTG,AGGA/GGAG/GAGG,11-12bp,0.363,NODE_1_length_614209_cov_66.248906,mobileOG_000298086_NODE_1_length_614209_cov_66.248906
6,mobileOG_000298084|tnpB|WP_157410384.1|integration/excision|NA|Plasmid RefSeq|Homology,NODE_1_length_614209_cov_66.248906_103 # 93769 # 94848 # 1 # ID=1_103;partial=00;start_type=GTG;rbs_motif=AGGA/GGAG/GAGG;rbs_spacer=11-12bp;gc_cont=0.363,93.9,654,359,1.88e-238,360,1,359,1,359,mobileOG_000298084,tnpB,WP_157410384.1,integration/excision,NA,Plasmid RefSeq,Homology,NODE_1_length_614209_cov_66.248906_103, 93769 # 94848 # 1 , 93769,94848,1 ,1_103,1,103,00,GTG,AGGA/GGAG/GAGG,11-12bp,0.363,NODE_1_length_614209_cov_66.248906,mobileOG_000298084_NODE_1_length_614209_cov_66.248906
7,mobileOG_000297861|tnpB|WP_053446366.1|integration/excision|NA|Plasmid RefSeq|Homology,NODE_1_length_614209_cov_66.248906_103 # 93769 # 94848 # 1 # ID=1_103;partial=00;start_type=GTG;rbs_motif=AGGA/GGAG/GAGG;rbs_spacer=11-12bp;gc_cont=0.363,92.8,642,359,7.01e-234,360,1,359,1,359,mobileOG_000297861,tnpB,WP_053446366.1,integration/excision,NA,Plasmid RefSeq,Homology,NODE_1_length_614209_cov_66.248906_103, 93769 # 94848 # 1 , 93769,94848,1 ,1_103,1,103,00,GTG,AGGA/GGAG/GAGG,11-12bp,0.363,NODE_1_length_614209_cov_66.248906,mobileOG_000297861_NODE_1_length_614209_cov_66.248906
8,mobileOG_000061384|tnpB|WP_015406647.1|integration/excision|NA|Multiple|Homology,NODE_1_length_614209_cov_66.248906_103 # 93769 # 94848 # 1 # ID=1_103;partial=00;start_type=GTG;rbs_motif=AGGA/GGAG/GAGG;rbs_spacer=11-12bp;gc_cont=0.363,91.9,642,359,9.96e-234,360,1,359,1,359,mobileOG_000061384,tnpB,WP_015406647.1,integration/excision,NA,Multiple,Homology,NODE_1_length_614209_cov_66.248906_103, 93769 # 94848 # 1 , 93769,94848,1 ,1_103,1,103,00,GTG,AGGA/GGAG/GAGG,11-12bp,0.363,NODE_1_length_614209_cov_66.248906,mobileOG_000061384_NODE_1_length_614209_cov_66.248906
9,mobileOG_000298077|tnpB|WP_153218494.1|integration/excision|NA|Plasmid RefSeq|Homology,NODE_1_length_614209_cov_66.248906_103 # 93769 # 94848 # 1 # ID=1_103;partial=00;start_type=GTG;rbs_motif=AGGA/GGAG/GAGG;rbs_spacer=11-12bp;gc_cont=0.363,91.9,640,359,5.76e-233,360,1,359,1,359,mobileOG_000298077,tnpB,WP_153218494.1,integration/excision,NA,Plasmid RefSeq,Homology,NODE_1_length_614209_cov_66.248906_103, 93769 # 94848 # 1 , 93769,94848,1 ,1_103,1,103,00,GTG,AGGA/GGAG/GAGG,11-12bp,0.363,NODE_1_length_614209_cov_66.248906,mobileOG_000298077_NODE_1_length_614209_cov_66.248906
10,mobileOG_000298100|tnpB|A0A242VWS8|integration/excision|NA|Plasmid RefSeq|Homology,NODE_1_length_614209_cov_66.248906_103 # 93769 # 94848 # 1 # ID=1_103;partial=00;start_type=GTG;rbs_motif=AGGA/GGAG/GAGG;rbs_spacer=11-12bp;gc_cont=0.363,91.1,639,359,1.65e-232,360,1,359,1,359,mobileOG_000298100,tnpB,A0A242VWS8,integration/excision,NA,Plasmid RefSeq,Homology,NODE_1_length_614209_cov_66.248906_103, 93769 # 94848 # 1 , 93769,94848,1 ,1_103,1,103,00,GTG,AGGA/GGAG/GAGG,11-12bp,0.363,NODE_1_length_614209_cov_66.248906,mobileOG_000298100_NODE_1_length_614209_cov_66.248906
11,mobileOG_000065885|tnpB|WP_063549687.1|integration/excision|NA|Multiple|Homology,NODE_1_length_614209_cov_66.248906_103 # 93769 # 94848 # 1 # ID=1_103;partial=00;start_type=GTG;rbs_motif=AGGA/GGAG/GAGG;rbs_spacer=11-12bp;gc_cont=0.363,91.6,639,359,2.34e-232,360,1,359,1,359,mobileOG_000065885,tnpB,WP_063549687.1,integration/excision,NA,Multiple,Homology,NODE_1_length_614209_cov_66.248906_103, 93769 # 94848 # 1 , 93769,94848,1 ,1_103,1,103,00,GTG,AGGA/GGAG/GAGG,11-12bp,0.363,NODE_1_length_614209_cov_66.248906,mobileOG_000065885_NODE_1_length_614209_cov_66.248906
12,mobileOG_000297949|tnpB|WP_086405494.1|integration/excision|NA|Plasmid RefSeq|Homology,NODE_1_length_614209_cov_66.248906_103 # 93769 # 94848 # 1 # ID=1_103;partial=00;start_type=GTG;rbs_motif=AGGA/GGAG/GAGG;rbs_spacer=11-12bp;gc_cont=0.363,91.1,637,359,9.53e-232,360,1,359,1,359,mobileOG_000297949,tnpB,WP_086405494.1,integration/excision,NA,Plasmid RefSeq,Homology,NODE_1_length_614209_cov_66.248906_103, 93769 # 94848 # 1 , 93769,94848,1 ,1_103,1,103,00,GTG,AGGA/GGAG/GAGG,11-12bp,0.363,NODE_1_length_614209_cov_66.248906,mobileOG_000297949_NODE_1_length_614209_cov_66.248906
13,mobileOG_000065889|tnpB|WP_063549895.1|integration/excision|NA|Multiple|Homology,NODE_1_length_614209_cov_66.248906_103 # 93769 # 94848 # 1 # ID=1_103;partial=00;start_type=GTG;rbs_motif=AGGA/GGAG/GAGG;rbs_spacer=11-12bp;gc_cont=0.363,91.4,637,359,1.35e-231,360,1,359,1,359,mobileOG_000065889,tnpB,WP_063549895.1,integration/excision,NA,Multiple,Homology,NODE_1_length_614209_cov_66.248906_103, 93769 # 94848 # 1 , 93769,94848,1 ,1_103,1,103,00,GTG,AGGA/GGAG/GAGG,11-12bp,0.363,NODE_1_length_614209_cov_66.248906,mobileOG_000065889_NODE_1_length_614209_cov_66.248906
14,mobileOG_000297692|tnpB|WP_001136642.1|integration/excision|NA|Multiple|Homology,NODE_1_length_614209_cov_66.248906_103 # 93769 # 94848 # 1 # ID=1_103;partial=00;start_type=GTG;rbs_motif=AGGA/GGAG/GAGG;rbs_spacer=11-12bp;gc_cont=0.363,90.8,635,359,3.88e-231,360,1,359,1,359,mobileOG_000297692,tnpB,WP_001136642.1,integration/excision,NA,Multiple,Homology,NODE_1_length_614209_cov_66.248906_103, 93769 # 94848 # 1 , 93769,94848,1 ,1_103,1,103,00,GTG,AGGA/GGAG/GAGG,11-12bp,0.363,NODE_1_length_614209_cov_66.248906,mobileOG_000297692_NODE_1_length_614209_cov_66.248906
15,mobileOG_000064664|tnpB|WP_042991619.1|integration/excision|NA|Multiple|Homology,NODE_1_length_614209_cov_66.248906_103 # 93769 # 94848 # 1 # ID=1_103;partial=00;start_type=GTG;rbs_motif=AGGA/GGAG/GAGG;rbs_spacer=11-12bp;gc_cont=0.363,91.4,635,359,5.50e-231,360,1,359,1,359,mobileOG_000064664,tnpB,WP_042991619.1,integration/excision,NA,Multiple,Homology,NODE_1_length_614209_cov_66.248906_103, 93769 # 94848 # 1 , 93769,94848,1 ,1_103,1,103,00,GTG,AGGA/GGAG/GAGG,11-12bp,0.363,NODE_1_length_614209_cov_66.248906,mobileOG_000064664_NODE_1_length_614209_cov_66.248906
16,mobileOG_000063266|tnpB|WP_015406677.1|integration/excision|NA|Multiple|Homology,NODE_1_length_614209_cov_66.248906_103 # 93769 # 94848 # 1 # ID=1_103;partial=00;start_type=GTG;rbs_motif=AGGA/GGAG/GAGG;rbs_spacer=11-12bp;gc_cont=0.363,91.4,635,359,7.82e-231,360,1,359,1,359,mobileOG_000063266,tnpB,WP_015406677.1,integration/excision,NA,Multiple,Homology,NODE_1_length_614209_cov_66.248906_103, 93769 # 94848 # 1 , 93769,94848,1 ,1_103,1,103,00,GTG,AGGA/GGAG/GAGG,11-12bp,0.363,NODE_1_length_614209_cov_66.248906,mobileOG_000063266_NODE_1_length_614209_cov_66.248906
17,mobileOG_000297938|tnpB|A0A242YNB7|integration/excision|NA|Multiple|Homology,NODE_1_length_614209_cov_66.248906_103 # 93769 # 94848 # 1 # ID=1_103;partial=00;start_type=GTG;rbs_motif=AGGA/GGAG/GAGG;rbs_spacer=11-12bp;gc_cont=0.363,91.4,634,359,2.24e-230,360,1,359,1,359,mobileOG_000297938,tnpB,A0A242YNB7,integration/excision,NA,Multiple,Homology,NODE_1_length_614209_cov_66.248906_103, 93769 # 94848 # 1 , 93769,94848,1 ,1_103,1,103,00,GTG,AGGA/GGAG/GAGG,11-12bp,0.363,NODE_1_length_614209_cov_66.248906,mobileOG_000297938_NODE_1_length_614209_cov_66.248906
18,mobileOG_000297899|tnpB|WP_065229854.1|integration/excision|NA|Plasmid RefSeq|Homology,NODE_1_length_614209_cov_66.248906_103 # 93769 # 94848 # 1 # ID=1_103;partial=00;start_type=GTG;rbs_motif=AGGA/GGAG/GAGG;rbs_spacer=11-12bp;gc_cont=0.363,91.3,632,356,1.16e-229,360,1,356,1,356,mobileOG_000297899,tnpB,WP_065229854.1,integration/excision,NA,Plasmid RefSeq,Homology,NODE_1_length_614209_cov_66.248906_103, 93769 # 94848 # 1 , 93769,94848,1 ,1_103,1,103,00,GTG,AGGA/GGAG/GAGG,11-12bp,0.363,NODE_1_length_614209_cov_66.248906,mobileOG_000297899_NODE_1_length_614209_cov_66.248906
19,mobileOG_000322589|pif|WP_131099856.1|stability/transfer/defense|NA|Plasmid RefSeq|Homology,NODE_1_length_614209_cov_66.248906_347 # 308839 # 309270 # 1 # ID=1_347;partial=00;start_type=TTG;rbs_motif=GGA/GAG/AGG;rbs_spacer=5-10bp;gc_cont=0.343,94.4,274,143,2.46e-95,144,1,143,1,143,mobileOG_000322589,pif,WP_131099856.1,stability/transfer/defense,NA,Plasmid RefSeq,Homology,NODE_1_length_614209_cov_66.248906_347, 308839 # 309270 # 1 , 308839,309270,1 ,1_347,1,347,00,TTG,GGA/GAG/AGG,5-10bp,0.343,NODE_1_length_614209_cov_66.248906,mobileOG_000322589_NODE_1_length_614209_cov_66.248906
20,mobileOG_000001538|tnp|Q4V239|integration/excision|NA|Multiple|Manual,NODE_2_length_439842_cov_35.033941_1 # 1 # 582 # -1 # ID=2_1;partial=10;start_type=ATG;rbs_motif=AGxAGG/AGGxGG;rbs_spacer=5-10bp;gc_cont=0.381,92.3,348,414,1.05e-119,194,1,194,1,194,mobileOG_000001538,tnp,Q4V239,integration/excision,NA,Multiple,Manual,NODE_2_length_439842_cov_35.033941_1, 1 # 582 # -1 , 1,582,-1 ,2_1,2,1,10,ATG,AGxAGG/AGGxGG,5-10bp,0.381,NODE_2_length_439842_cov_35.033941,mobileOG_000001538_NODE_2_length_439842_cov_35.033941
21,mobileOG_000056312|tnp|WP_041185005.1|integration/excision|NA|Multiple|Homology,NODE_2_length_439842_cov_35.033941_1 # 1 # 582 # -1 # ID=2_1;partial=10;start_type=ATG;rbs_motif=AGxAGG/AGGxGG;rbs_spacer=5-10bp;gc_cont=0.381,91.8,348,451,2.40e-119,194,1,194,1,194,mobileOG_000056312,tnp,WP_041185005.1,integration/excision,NA,Multiple,Homology,NODE_2_length_439842_cov_35.033941_1, 1 # 582 # -1 , 1,582,-1 ,2_1,2,1,10,ATG,AGxAGG/AGGxGG,5-10bp,0.381,NODE_2_length_439842_cov_35.033941,mobileOG_000056312_NODE_2_length_439842_cov_35.033941
22,mobileOG_000036332|tnp|Q4V1W6|integration/excision|NA|ACLAME|Homology,NODE_2_length_439842_cov_35.033941_1 # 1 # 582 # -1 # ID=2_1;partial=10;start_type=ATG;rbs_motif=AGxAGG/AGGxGG;rbs_spacer=5-10bp;gc_cont=0.381,92.2,330,494,2.32e-111,194,59,237,16,194,mobileOG_000036332,tnp,Q4V1W6,integration/excision,NA,ACLAME,Homology,NODE_2_length_439842_cov_35.033941_1, 1 # 582 # -1 , 1,582,-1 ,2_1,2,1,10,ATG,AGxAGG/AGGxGG,5-10bp,0.381,NODE_2_length_439842_cov_35.033941,mobileOG_000036332_NODE_2_length_439842_cov_35.033941
23,"mobileOG_000000156|lexA|A0A1J9YMX6|phage|lysis/lysogeny,regulation|ACLAME|Manual",NODE_3_length_308599_cov_51.997167_38 # 40667 # 41314 # -1 # ID=3_38;partial=00;start_type=ATG;rbs_motif=None;rbs_spacer=None;gc_cont=0.386,98.1,395,206,7.83e-141,216,1,206,10,215,mobileOG_000000156,lexA,A0A1J9YMX6,phage,"lysis/lysogeny,regulation",ACLAME,Manual,NODE_3_length_308599_cov_51.997167_38, 40667 # 41314 # -1 , 40667,41314,-1 ,3_38,3,38,00,ATG,None,None,0.386,NODE_3_length_308599_cov_51.997167,mobileOG_000000156_NODE_3_length_308599_cov_51.997167
24,mobileOG_000758657|NA:Keyword|A0A4Y1W5V3|integration/excision|replication/recombination/repair|ACLAME|Keyword Search,NODE_3_length_308599_cov_51.997167_39 # 41429 # 42085 # 1 # ID=3_39;partial=00;start_type=ATG;rbs_motif=GGAG/GAGG;rbs_spacer=5-10bp;gc_cont=0.373,98.6,410,218,7.64e-147,219,1,218,1,218,mobileOG_000758657,NA:Keyword,A0A4Y1W5V3,integration/excision,replication/recombination/repair,ACLAME,Keyword Search,NODE_3_length_308599_cov_51.997167_39, 41429 # 42085 # 1 , 41429,42085,1 ,3_39,3,39,00,ATG,GGAG/GAGG,5-10bp,0.373,NODE_3_length_308599_cov_51.997167,mobileOG_000758657_NODE_3_length_308599_cov_51.997167
25,mobileOG_000036769|ltrA|WP_000999901.1|integration/excision|introns|Multiple|Homology,NODE_3_length_308599_cov_51.997167_75 # 74393 # 76321 # 1 # ID=3_75;partial=00;start_type=ATG;rbs_motif=GGA/GAG/AGG;rbs_spacer=5-10bp;gc_cont=0.373,100,1281,642,0.0,643,1,642,1,642,mobileOG_000036769,ltrA,WP_000999901.1,integration/excision,introns,Multiple,Homology,NODE_3_length_308599_cov_51.997167_75, 74393 # 76321 # 1 , 74393,76321,1 ,3_75,3,75,00,ATG,GGA/GAG/AGG,5-10bp,0.373,NODE_3_length_308599_cov_51.997167,mobileOG_000036769_NODE_3_length_308599_cov_51.997167
26,mobileOG_000411987|NA:Keyword|WP_000973290.1|integration/excision|NA|COMPASS|Keyword Search,NODE_5_length_268665_cov_81.399672_267 # 268465 # 268665 # 1 # ID=5_267;partial=01;start_type=ATG;rbs_motif=None;rbs_spacer=None;gc_cont=0.378,93.4,125,77,1.36e-38,67,1,61,7,67,mobileOG_000411987,NA:Keyword,WP_000973290.1,integration/excision,NA,COMPASS,Keyword Search,NODE_5_length_268665_cov_81.399672_267, 268465 # 268665 # 1 , 268465,268665,1 ,5_267,5,267,01,ATG,None,None,0.378,NODE_5_length_268665_cov_81.399672,mobileOG_000411987_NODE_5_length_268665_cov_81.399672
27,mobileOG_000739878|NA:Keyword|WP_015406602.1|integration/excision|NA|Plasmid RefSeq|Keyword Search,NODE_5_length_268665_cov_81.399672_267 # 268465 # 268665 # 1 # ID=5_267;partial=01;start_type=ATG;rbs_motif=None;rbs_spacer=None;gc_cont=0.378,93.4,125,82,2.22e-38,67,1,61,7,67,mobileOG_000739878,NA:Keyword,WP_015406602.1,integration/excision,NA,Plasmid RefSeq,Keyword Search,NODE_5_length_268665_cov_81.399672_267, 268465 # 268665 # 1 , 268465,268665,1 ,5_267,5,267,01,ATG,None,None,0.378,NODE_5_length_268665_cov_81.399672,mobileOG_000739878_NODE_5_length_268665_cov_81.399672
28,mobileOG_000739879|NA:Keyword|WP_000981135.1|integration/excision|NA|Plasmid RefSeq|Keyword Search,NODE_5_length_268665_cov_81.399672_267 # 268465 # 268665 # 1 # ID=5_267;partial=01;start_type=ATG;rbs_motif=None;rbs_spacer=None;gc_cont=0.378,91.8,124,82,6.38e-38,67,1,61,7,67,mobileOG_000739879,NA:Keyword,WP_000981135.1,integration/excision,NA,Plasmid RefSeq,Keyword Search,NODE_5_length_268665_cov_81.399672_267, 268465 # 268665 # 1 , 268465,268665,1 ,5_267,5,267,01,ATG,None,None,0.378,NODE_5_length_268665_cov_81.399672,mobileOG_000739879_NODE_5_length_268665_cov_81.399672
29,mobileOG_000411189|NA:Keyword|WP_042514384.1|integration/excision|NA|COMPASS|Keyword Search,NODE_5_length_268665_cov_81.399672_267 # 268465 # 268665 # 1 # ID=5_267;partial=01;start_type=ATG;rbs_motif=None;rbs_spacer=None;gc_cont=0.378,91.8,122,68,1.23e-37,67,2,62,7,67,mobileOG_000411189,NA:Keyword,WP_042514384.1,integration/excision,NA,COMPASS,Keyword Search,NODE_5_length_268665_cov_81.399672_267, 268465 # 268665 # 1 , 268465,268665,1 ,5_267,5,267,01,ATG,None,None,0.378,NODE_5_length_268665_cov_81.399672,mobileOG_000411189_NODE_5_length_268665_cov_81.399672
30,mobileOG_000409711|NA:Keyword|WP_000586190.1|integration/excision|NA|COMPASS|Keyword Search,NODE_5_length_268665_cov_81.399672_267 # 268465 # 268665 # 1 # ID=5_267;partial=01;start_type=ATG;rbs_motif=None;rbs_spacer=None;gc_cont=0.378,90.2,122,70,1.30e-37,67,2,62,7,67,mobileOG_000409711,NA:Keyword,WP_000586190.1,integration/excision,NA,COMPASS,Keyword Search,NODE_5_length_268665_cov_81.399672_267, 268465 # 268665 # 1 , 268465,268665,1 ,5_267,5,267,01,ATG,None,None,0.378,NODE_5_length_268665_cov_81.399672,mobileOG_000409711_NODE_5_length_268665_cov_81.399672
31,mobileOG_000414885|NA:Keyword|J8HXS5|integration/excision|NA|COMPASS|Keyword Search,NODE_5_length_268665_cov_81.399672_267 # 268465 # 268665 # 1 # ID=5_267;partial=01;start_type=ATG;rbs_motif=None;rbs_spacer=None;gc_cont=0.378,90.2,122,100,6.26e-37,67,1,61,7,67,mobileOG_000414885,NA:Keyword,J8HXS5,integration/excision,NA,COMPASS,Keyword Search,NODE_5_length_268665_cov_81.399672_267, 268465 # 268665 # 1 , 268465,268665,1 ,5_267,5,267,01,ATG,None,None,0.378,NODE_5_length_268665_cov_81.399672,mobileOG_000414885_NODE_5_length_268665_cov_81.399672
32,mobileOG_000298044|tnpB|WP_139894776.1|integration/excision|NA|Plasmid RefSeq|Homology,NODE_5_length_268665_cov_81.399672_267 # 268465 # 268665 # 1 # ID=5_267;partial=01;start_type=ATG;rbs_motif=None;rbs_spacer=None;gc_cont=0.378,96.7,129,372,1.04e-36,67,1,61,7,67,mobileOG_000298044,tnpB,WP_139894776.1,integration/excision,NA,Plasmid RefSeq,Homology,NODE_5_length_268665_cov_81.399672_267, 268465 # 268665 # 1 , 268465,268665,1 ,5_267,5,267,01,ATG,None,None,0.378,NODE_5_length_268665_cov_81.399672,mobileOG_000298044_NODE_5_length_268665_cov_81.399672
33,mobileOG_000059985|tnpB|WP_015406602.1|integration/excision|NA|COMPASS|Homology,NODE_5_length_268665_cov_81.399672_267 # 268465 # 268665 # 1 # ID=5_267;partial=01;start_type=ATG;rbs_motif=None;rbs_spacer=None;gc_cont=0.378,93.4,125,218,1.10e-36,67,1,61,7,67,mobileOG_000059985,tnpB,WP_015406602.1,integration/excision,NA,COMPASS,Homology,NODE_5_length_268665_cov_81.399672_267, 268465 # 268665 # 1 , 268465,268665,1 ,5_267,5,267,01,ATG,None,None,0.378,NODE_5_length_268665_cov_81.399672,mobileOG_000059985_NODE_5_length_268665_cov_81.399672
34,mobileOG_000405536|NA:Keyword|WP_040120032.1|integration/excision|NA|COMPASS|Keyword Search,NODE_5_length_268665_cov_81.399672_267 # 268465 # 268665 # 1 # ID=5_267;partial=01;start_type=ATG;rbs_motif=None;rbs_spacer=None;gc_cont=0.378,90.2,122,121,1.17e-36,67,2,62,7,67,mobileOG_000405536,NA:Keyword,WP_040120032.1,integration/excision,NA,COMPASS,Keyword Search,NODE_5_length_268665_cov_81.399672_267, 268465 # 268665 # 1 , 268465,268665,1 ,5_267,5,267,01,ATG,None,None,0.378,NODE_5_length_268665_cov_81.399672,mobileOG_000405536_NODE_5_length_268665_cov_81.399672
35,mobileOG_000356528|tnpB|WP_139784085.1|integration/excision|NA|Plasmid RefSeq|Homology,NODE_5_length_268665_cov_81.399672_267 # 268465 # 268665 # 1 # ID=5_267;partial=01;start_type=ATG;rbs_motif=None;rbs_spacer=None;gc_cont=0.378,91.8,124,217,3.04e-36,67,2,62,7,67,mobileOG_000356528,tnpB,WP_139784085.1,integration/excision,NA,Plasmid RefSeq,Homology,NODE_5_length_268665_cov_81.399672_267, 268465 # 268665 # 1 , 268465,268665,1 ,5_267,5,267,01,ATG,None,None,0.378,NODE_5_length_268665_cov_81.399672,mobileOG_000356528_NODE_5_length_268665_cov_81.399672
36,mobileOG_000074485|tnpB|J8CCQ6|integration/excision|NA|COMPASS|Homology,NODE_5_length_268665_cov_81.399672_267 # 268465 # 268665 # 1 # ID=5_267;partial=01;start_type=ATG;rbs_motif=None;rbs_spacer=None;gc_cont=0.378,93.4,125,288,4.23e-36,67,2,62,7,67,mobileOG_000074485,tnpB,J8CCQ6,integration/excision,NA,COMPASS,Homology,NODE_5_length_268665_cov_81.399672_267, 268465 # 268665 # 1 , 268465,268665,1 ,5_267,5,267,01,ATG,None,None,0.378,NODE_5_length_268665_cov_81.399672,mobileOG_000074485_NODE_5_length_268665_cov_81.399672
37,mobileOG_000357138|tnpB|WP_142237911.1|integration/excision|NA|Plasmid RefSeq|Homology,NODE_5_length_268665_cov_81.399672_267 # 268465 # 268665 # 1 # ID=5_267;partial=01;start_type=ATG;rbs_motif=None;rbs_spacer=None;gc_cont=0.378,91.8,123,228,5.70e-36,67,2,62,7,67,mobileOG_000357138,tnpB,WP_142237911.1,integration/excision,NA,Plasmid RefSeq,Homology,NODE_5_length_268665_cov_81.399672_267, 268465 # 268665 # 1 , 268465,268665,1 ,5_267,5,267,01,ATG,None,None,0.378,NODE_5_length_268665_cov_81.399672,mobileOG_000357138_NODE_5_length_268665_cov_81.399672
38,mobileOG_000297812|tnpB|WP_041867958.1|integration/excision|NA|Multiple|Homology,NODE_5_length_268665_cov_81.399672_267 # 268465 # 268665 # 1 # ID=5_267;partial=01;start_type=ATG;rbs_motif=None;rbs_spacer=None;gc_cont=0.378,95.1,127,373,5.75e-36,67,2,62,7,67,mobileOG_000297812,tnpB,WP_041867958.1,integration/excision,NA,Multiple,Homology,NODE_5_length_268665_cov_81.399672_267, 268465 # 268665 # 1 , 268465,268665,1 ,5_267,5,267,01,ATG,None,None,0.378,NODE_5_length_268665_cov_81.399672,mobileOG_000297812_NODE_5_length_268665_cov_81.399672
39,mobileOG_000297868|tnpB|WP_059304392.1|integration/excision|NA|Multiple|Homology,NODE_5_length_268665_cov_81.399672_267 # 268465 # 268665 # 1 # ID=5_267;partial=01;start_type=ATG;rbs_motif=None;rbs_spacer=None;gc_cont=0.378,95.1,127,373,5.75e-36,67,2,62,7,67,mobileOG_000297868,tnpB,WP_059304392.1,integration/excision,NA,Multiple,Homology,NODE_5_length_268665_cov_81.399672_267, 268465 # 268665 # 1 , 268465,268665,1 ,5_267,5,267,01,ATG,None,None,0.378,NODE_5_length_268665_cov_81.399672,mobileOG_000297868_NODE_5_length_268665_cov_81.399672
40,mobileOG_000297748|tnpB|WP_016127852.1|integration/excision|NA|Multiple|Homology,NODE_5_length_268665_cov_81.399672_267 # 268465 # 268665 # 1 # ID=5_267;partial=01;start_type=ATG;rbs_motif=None;rbs_spacer=None;gc_cont=0.378,95.1,126,373,8.07e-36,67,2,62,7,67,mobileOG_000297748,tnpB,WP_016127852.1,integration/excision,NA,Multiple,Homology,NODE_5_length_268665_cov_81.399672_267, 268465 # 268665 # 1 , 268465,268665,1 ,5_267,5,267,01,ATG,None,None,0.378,NODE_5_length_268665_cov_81.399672,mobileOG_000297748_NODE_5_length_268665_cov_81.399672
41,mobileOG_000409408|NA:Keyword|V5ML52|integration/excision|NA|COMPASS|Keyword Search,NODE_6_length_241175_cov_42.229102_1 # 3 # 194 # -1 # ID=6_1;partial=10;start_type=ATG;rbs_motif=AGGAG;rbs_spacer=5-10bp;gc_cont=0.318,95.3,127,114,8.72e-39,64,1,64,1,64,mobileOG_000409408,NA:Keyword,V5ML52,integration/excision,NA,COMPASS,Keyword Search,NODE_6_length_241175_cov_42.229102_1, 3 # 194 # -1 , 3,194,-1 ,6_1,6,1,10,ATG,AGGAG,5-10bp,0.318,NODE_6_length_241175_cov_42.229102,mobileOG_000409408_NODE_6_length_241175_cov_42.229102
42,mobileOG_000737825|NA:Keyword|WP_042597717.1|integration/excision|NA|Multiple|Keyword Search,NODE_6_length_241175_cov_42.229102_1 # 3 # 194 # -1 # ID=6_1;partial=10;start_type=ATG;rbs_motif=AGGAG;rbs_spacer=5-10bp;gc_cont=0.318,98.4,133,479,8.04e-38,64,1,64,1,64,mobileOG_000737825,NA:Keyword,WP_042597717.1,integration/excision,NA,Multiple,Keyword Search,NODE_6_length_241175_cov_42.229102_1, 3 # 194 # -1 , 3,194,-1 ,6_1,6,1,10,ATG,AGGAG,5-10bp,0.318,NODE_6_length_241175_cov_42.229102,mobileOG_000737825_NODE_6_length_241175_cov_42.229102
43,mobileOG_000738030|NA:Keyword|WP_119684458.1|integration/excision|NA|Multiple|Keyword Search,NODE_6_length_241175_cov_42.229102_1 # 3 # 194 # -1 # ID=6_1;partial=10;start_type=ATG;rbs_motif=AGGAG;rbs_spacer=5-10bp;gc_cont=0.318,98.4,133,488,8.96e-38,64,1,64,1,64,mobileOG_000738030,NA:Keyword,WP_119684458.1,integration/excision,NA,Multiple,Keyword Search,NODE_6_length_241175_cov_42.229102_1, 3 # 194 # -1 , 3,194,-1 ,6_1,6,1,10,ATG,AGGAG,5-10bp,0.318,NODE_6_length_241175_cov_42.229102,mobileOG_000738030_NODE_6_length_241175_cov_42.229102
44,mobileOG_000411978|NA:Keyword|WP_063549940.1|integration/excision|NA|Multiple|Keyword Search,NODE_6_length_241175_cov_42.229102_1 # 3 # 194 # -1 # ID=6_1;partial=10;start_type=ATG;rbs_motif=AGGAG;rbs_spacer=5-10bp;gc_cont=0.318,98.4,133,489,9.07e-38,64,1,64,1,64,mobileOG_000411978,NA:Keyword,WP_063549940.1,integration/excision,NA,Multiple,Keyword Search,NODE_6_length_241175_cov_42.229102_1, 3 # 194 # -1 , 3,194,-1 ,6_1,6,1,10,ATG,AGGAG,5-10bp,0.318,NODE_6_length_241175_cov_42.229102,mobileOG_000411978_NODE_6_length_241175_cov_42.229102
45,mobileOG_000738132|NA:Keyword|WP_168455195.1|integration/excision|NA|Plasmid RefSeq|Keyword Search,NODE_6_length_241175_cov_42.229102_1 # 3 # 194 # -1 # ID=6_1;partial=10;start_type=ATG;rbs_motif=AGGAG;rbs_spacer=5-10bp;gc_cont=0.318,98.4,133,489,9.07e-38,64,1,64,1,64,mobileOG_000738132,NA:Keyword,WP_168455195.1,integration/excision,NA,Plasmid RefSeq,Keyword Search,NODE_6_length_241175_cov_42.229102_1, 3 # 194 # -1 , 3,194,-1 ,6_1,6,1,10,ATG,AGGAG,5-10bp,0.318,NODE_6_length_241175_cov_42.229102,mobileOG_000738132_NODE_6_length_241175_cov_42.229102
46,mobileOG_000738150|NA:Keyword|A0A380YCV3|integration/excision|NA|Plasmid RefSeq|Keyword Search,NODE_6_length_241175_cov_42.229102_1 # 3 # 194 # -1 # ID=6_1;partial=10;start_type=ATG;rbs_motif=AGGAG;rbs_spacer=5-10bp;gc_cont=0.318,98.4,133,489,9.07e-38,64,1,64,1,64,mobileOG_000738150,NA:Keyword,A0A380YCV3,integration/excision,NA,Plasmid RefSeq,Keyword Search,NODE_6_length_241175_cov_42.229102_1, 3 # 194 # -1 , 3,194,-1 ,6_1,6,1,10,ATG,AGGAG,5-10bp,0.318,NODE_6_length_241175_cov_42.229102,mobileOG_000738150_NODE_6_length_241175_cov_42.229102
47,mobileOG_000737864|NA:Keyword|WP_063675602.1|integration/excision|NA|Multiple|Keyword Search,NODE_6_length_241175_cov_42.229102_1 # 3 # 194 # -1 # ID=6_1;partial=10;start_type=ATG;rbs_motif=AGGAG;rbs_spacer=5-10bp;gc_cont=0.318,98.4,133,493,9.50e-38,64,1,64,1,64,mobileOG_000737864,NA:Keyword,WP_063675602.1,integration/excision,NA,Multiple,Keyword Search,NODE_6_length_241175_cov_42.229102_1, 3 # 194 # -1 , 3,194,-1 ,6_1,6,1,10,ATG,AGGAG,5-10bp,0.318,NODE_6_length_241175_cov_42.229102,mobileOG_000737864_NODE_6_length_241175_cov_42.229102
48,mobileOG_000737863|NA:Keyword|WP_061885131.1|integration/excision|NA|Multiple|Keyword Search,NODE_6_length_241175_cov_42.229102_1 # 3 # 194 # -1 # ID=6_1;partial=10;start_type=ATG;rbs_motif=AGGAG;rbs_spacer=5-10bp;gc_cont=0.318,96.9,132,489,2.45e-37,64,1,64,1,64,mobileOG_000737863,NA:Keyword,WP_061885131.1,integration/excision,NA,Multiple,Keyword Search,NODE_6_length_241175_cov_42.229102_1, 3 # 194 # -1 , 3,194,-1 ,6_1,6,1,10,ATG,AGGAG,5-10bp,0.318,NODE_6_length_241175_cov_42.229102,mobileOG_000737863_NODE_6_length_241175_cov_42.229102
49,mobileOG_000724529|NA:Keyword|A0A2A9TQ51|integration/excision|NA|ISFinder|Keyword Search,NODE_6_length_241175_cov_42.229102_1 # 3 # 194 # -1 # ID=6_1;partial=10;start_type=ATG;rbs_motif=AGGAG;rbs_spacer=5-10bp;gc_cont=0.318,96.9,131,489,4.75e-37,64,1,64,1,64,mobileOG_000724529,NA:Keyword,A0A2A9TQ51,integration/excision,NA,ISFinder,Keyword Search,NODE_6_length_241175_cov_42.229102_1, 3 # 194 # -1 , 3,194,-1 ,6_1,6,1,10,ATG,AGGAG,5-10bp,0.318,NODE_6_length_241175_cov_42.229102,mobileOG_000724529_NODE_6_length_241175_cov_42.229102
50,mobileOG_000001539|tnp|Q4V230|integration/excision|NA|ACLAME|Manual,NODE_6_length_241175_cov_42.229102_140 # 137218 # 138648 # -1 # ID=6_140;partial=00;start_type=ATG;rbs_motif=AGGA/GGAG/GAGG;rbs_spacer=11-12bp;gc_cont=0.384,96.6,920,511,0.0,477,36,511,1,476,mobileOG_000001539,tnp,Q4V230,integration/excision,NA,ACLAME,Manual,NODE_6_length_241175_cov_42.229102_140, 137218 # 138648 # -1 , 137218,138648,-1 ,6_140,6,140,00,ATG,AGGA/GGAG/GAGG,11-12bp,0.384,NODE_6_length_241175_cov_42.229102,mobileOG_000001539_NODE_6_length_241175_cov_42.229102
51,mobileOG_000056309|NA|WP_001053939.1|integration/excision|NA|Multiple|Homology,NODE_6_length_241175_cov_42.229102_140 # 137218 # 138648 # -1 # ID=6_140;partial=00;start_type=ATG;rbs_motif=AGGA/GGAG/GAGG;rbs_spacer=11-12bp;gc_cont=0.384,96.6,920,476,0.0,477,1,476,1,476,mobileOG_000056309,NA,WP_001053939.1,integration/excision,NA,Multiple,Homology,NODE_6_length_241175_cov_42.229102_140, 137218 # 138648 # -1 , 137218,138648,-1 ,6_140,6,140,00,ATG,AGGA/GGAG/GAGG,11-12bp,0.384,NODE_6_length_241175_cov_42.229102,mobileOG_000056309_NODE_6_length_241175_cov_42.229102
52,mobileOG_000001685|tnp|Q5LKB6|integration/excision|NA|ACLAME|Manual,NODE_6_length_241175_cov_42.229102_140 # 137218 # 138648 # -1 # ID=6_140;partial=00;start_type=ATG;rbs_motif=AGGA/GGAG/GAGG;rbs_spacer=11-12bp;gc_cont=0.384,96.0,911,480,0.0,477,5,480,1,476,mobileOG_000001685,tnp,Q5LKB6,integration/excision,NA,ACLAME,Manual,NODE_6_length_241175_cov_42.229102_140, 137218 # 138648 # -1 , 137218,138648,-1 ,6_140,6,140,00,ATG,AGGA/GGAG/GAGG,11-12bp,0.384,NODE_6_length_241175_cov_42.229102,mobileOG_000001685_NODE_6_length_241175_cov_42.229102
53,mobileOG_000074102|NA|WP_000175814.1|integration/excision|NA|Multiple|Homology,NODE_6_length_241175_cov_42.229102_140 # 137218 # 138648 # -1 # ID=6_140;partial=00;start_type=ATG;rbs_motif=AGGA/GGAG/GAGG;rbs_spacer=11-12bp;gc_cont=0.384,96.0,911,476,0.0,477,1,476,1,476,mobileOG_000074102,NA,WP_000175814.1,integration/excision,NA,Multiple,Homology,NODE_6_length_241175_cov_42.229102_140, 137218 # 138648 # -1 , 137218,138648,-1 ,6_140,6,140,00,ATG,AGGA/GGAG/GAGG,11-12bp,0.384,NODE_6_length_241175_cov_42.229102,mobileOG_000074102_NODE_6_length_241175_cov_42.229102
54,mobileOG_000036339|NA|WP_001053945.1|integration/excision|NA|Multiple|Homology,NODE_6_length_241175_cov_42.229102_140 # 137218 # 138648 # -1 # ID=6_140;partial=00;start_type=ATG;rbs_motif=AGGA/GGAG/GAGG;rbs_spacer=11-12bp;gc_cont=0.384,92.2,885,476,0.0,477,1,476,1,476,mobileOG_000036339,NA,WP_001053945.1,integration/excision,NA,Multiple,Homology,NODE_6_length_241175_cov_42.229102_140, 137218 # 138648 # -1 , 137218,138648,-1 ,6_140,6,140,00,ATG,AGGA/GGAG/GAGG,11-12bp,0.384,NODE_6_length_241175_cov_42.229102,mobileOG_000036339_NODE_6_length_241175_cov_42.229102
55,mobileOG_000064293|tnpA|WP_001265872.1|integration/excision|NA|Multiple|Homology,NODE_6_length_241175_cov_42.229102_189 # 190683 # 191801 # 1 # ID=6_189;partial=00;start_type=ATG;rbs_motif=GGAG/GAGG;rbs_spacer=5-10bp;gc_cont=0.329,98.4,725,372,3.30e-266,373,1,372,1,372,mobileOG_000064293,tnpA,WP_001265872.1,integration/excision,NA,Multiple,Homology,NODE_6_length_241175_cov_42.229102_189, 190683 # 191801 # 1 , 190683,191801,1 ,6_189,6,189,00,ATG,GGAG/GAGG,5-10bp,0.329,NODE_6_length_241175_cov_42.229102,mobileOG_000064293_NODE_6_length_241175_cov_42.229102
56,mobileOG_000367668|tnpA|WP_162281150.1|integration/excision|NA|Plasmid RefSeq|Homology,NODE_6_length_241175_cov_42.229102_189 # 190683 # 191801 # 1 # ID=6_189;partial=00;start_type=ATG;rbs_motif=GGAG/GAGG;rbs_spacer=5-10bp;gc_cont=0.329,98.4,725,372,3.30e-266,373,1,372,1,372,mobileOG_000367668,tnpA,WP_162281150.1,integration/excision,NA,Plasmid RefSeq,Homology,NODE_6_length_241175_cov_42.229102_189, 190683 # 191801 # 1 , 190683,191801,1 ,6_189,6,189,00,ATG,GGAG/GAGG,5-10bp,0.329,NODE_6_length_241175_cov_42.229102,mobileOG_000367668_NODE_6_length_241175_cov_42.229102
57,mobileOG_000355922|tnpA|A0A068NF05|integration/excision|NA|Plasmid RefSeq|Homology,NODE_6_length_241175_cov_42.229102_189 # 190683 # 191801 # 1 # ID=6_189;partial=00;start_type=ATG;rbs_motif=GGAG/GAGG;rbs_spacer=5-10bp;gc_cont=0.329,98.1,723,372,1.91e-265,373,1,372,1,372,mobileOG_000355922,tnpA,A0A068NF05,integration/excision,NA,Plasmid RefSeq,Homology,NODE_6_length_241175_cov_42.229102_189, 190683 # 191801 # 1 , 190683,191801,1 ,6_189,6,189,00,ATG,GGAG/GAGG,5-10bp,0.329,NODE_6_length_241175_cov_42.229102,mobileOG_000355922_NODE_6_length_241175_cov_42.229102
58,mobileOG_000297370|tnpA|WP_001265871.1|integration/excision|NA|Plasmid RefSeq|Homology,NODE_6_length_241175_cov_42.229102_189 # 190683 # 191801 # 1 # ID=6_189;partial=00;start_type=ATG;rbs_motif=GGAG/GAGG;rbs_spacer=5-10bp;gc_cont=0.329,97.3,714,372,8.69e-262,373,1,372,1,372,mobileOG_000297370,tnpA,WP_001265871.1,integration/excision,NA,Plasmid RefSeq,Homology,NODE_6_length_241175_cov_42.229102_189, 190683 # 191801 # 1 , 190683,191801,1 ,6_189,6,189,00,ATG,GGAG/GAGG,5-10bp,0.329,NODE_6_length_241175_cov_42.229102,mobileOG_000297370_NODE_6_length_241175_cov_42.229102
59,mobileOG_000364609|tnpA|WP_065212487.1|integration/excision|NA|Multiple|Homology,NODE_6_length_241175_cov_42.229102_189 # 190683 # 191801 # 1 # ID=6_189;partial=00;start_type=ATG;rbs_motif=GGAG/GAGG;rbs_spacer=5-10bp;gc_cont=0.329,96.5,710,372,2.91e-260,373,1,372,1,372,mobileOG_000364609,tnpA,WP_065212487.1,integration/excision,NA,Multiple,Homology,NODE_6_length_241175_cov_42.229102_189, 190683 # 191801 # 1 , 190683,191801,1 ,6_189,6,189,00,ATG,GGAG/GAGG,5-10bp,0.329,NODE_6_length_241175_cov_42.229102,mobileOG_000364609_NODE_6_length_241175_cov_42.229102
60,mobileOG_000367663|tnpA|WP_162279834.1|integration/excision|NA|Plasmid RefSeq|Homology,NODE_6_length_241175_cov_42.229102_189 # 190683 # 191801 # 1 # ID=6_189;partial=00;start_type=ATG;rbs_motif=GGAG/GAGG;rbs_spacer=5-10bp;gc_cont=0.329,92.5,689,372,7.00e-252,373,1,371,1,371,mobileOG_000367663,tnpA,WP_162279834.1,integration/excision,NA,Plasmid RefSeq,Homology,NODE_6_length_241175_cov_42.229102_189, 190683 # 191801 # 1 , 190683,191801,1 ,6_189,6,189,00,ATG,GGAG/GAGG,5-10bp,0.329,NODE_6_length_241175_cov_42.229102,mobileOG_000367663_NODE_6_length_241175_cov_42.229102
61,mobileOG_000060550|tnpA|WP_001265876.1|integration/excision|NA|Multiple|Homology,NODE_6_length_241175_cov_42.229102_189 # 190683 # 191801 # 1 # ID=6_189;partial=00;start_type=ATG;rbs_motif=GGAG/GAGG;rbs_spacer=5-10bp;gc_cont=0.329,90.9,680,372,2.24e-248,373,1,372,1,372,mobileOG_000060550,tnpA,WP_001265876.1,integration/excision,NA,Multiple,Homology,NODE_6_length_241175_cov_42.229102_189, 190683 # 191801 # 1 , 190683,191801,1 ,6_189,6,189,00,ATG,GGAG/GAGG,5-10bp,0.329,NODE_6_length_241175_cov_42.229102,mobileOG_000060550_NODE_6_length_241175_cov_42.229102
62,mobileOG_000404389|NA:Keyword|WP_000824133.1|integration/excision|NA|COMPASS|Keyword Search,NODE_6_length_241175_cov_42.229102_190 # 191813 # 193918 # 1 # ID=6_190;partial=00;start_type=ATG;rbs_motif=GGA/GAG/AGG;rbs_spacer=5-10bp;gc_cont=0.336,96.7,1384,701,0.0,702,1,700,1,700,mobileOG_000404389,NA:Keyword,WP_000824133.1,integration/excision,NA,COMPASS,Keyword Search,NODE_6_length_241175_cov_42.229102_190, 191813 # 193918 # 1 , 191813,193918,1 ,6_190,6,190,00,ATG,GGA/GAG/AGG,5-10bp,0.336,NODE_6_length_241175_cov_42.229102,mobileOG_000404389_NODE_6_length_241175_cov_42.229102
63,mobileOG_000737427|NA:Keyword|WP_000824132.1|integration/excision|NA|Plasmid RefSeq|Keyword Search,NODE_6_length_241175_cov_42.229102_190 # 191813 # 193918 # 1 # ID=6_190;partial=00;start_type=ATG;rbs_motif=GGA/GAG/AGG;rbs_spacer=5-10bp;gc_cont=0.336,95.4,1370,701,0.0,702,1,700,1,700,mobileOG_000737427,NA:Keyword,WP_000824132.1,integration/excision,NA,Plasmid RefSeq,Keyword Search,NODE_6_length_241175_cov_42.229102_190, 191813 # 193918 # 1 , 191813,193918,1 ,6_190,6,190,00,ATG,GGA/GAG/AGG,5-10bp,0.336,NODE_6_length_241175_cov_42.229102,mobileOG_000737427_NODE_6_length_241175_cov_42.229102
64,mobileOG_000760721|NA:Keyword|Q74P93|integration/excision|NA|ACLAME|Keyword Search,NODE_6_length_241175_cov_42.229102_190 # 191813 # 193918 # 1 # ID=6_190;partial=00;start_type=ATG;rbs_motif=GGA/GAG/AGG;rbs_spacer=5-10bp;gc_cont=0.336,96.6,1352,684,0.0,702,1,683,18,700,mobileOG_000760721,NA:Keyword,Q74P93,integration/excision,NA,ACLAME,Keyword Search,NODE_6_length_241175_cov_42.229102_190, 191813 # 193918 # 1 , 191813,193918,1 ,6_190,6,190,00,ATG,GGA/GAG/AGG,5-10bp,0.336,NODE_6_length_241175_cov_42.229102,mobileOG_000760721_NODE_6_length_241175_cov_42.229102
65,mobileOG_000049150|clpP|WP_001049162.1|phage|replication/recombination/repair|Multiple|Homology,NODE_8_length_214405_cov_98.693913_19 # 18272 # 18853 # -1 # ID=8_19;partial=00;start_type=ATG;rbs_motif=AGGAG;rbs_spacer=5-10bp;gc_cont=0.393,100,378,193,1.03e-134,194,1,193,1,193,mobileOG_000049150,clpP,WP_001049162.1,phage,replication/recombination/repair,Multiple,Homology,NODE_8_length_214405_cov_98.693913_19, 18272 # 18853 # -1 , 18272,18853,-1 ,8_19,8,19,00,ATG,AGGAG,5-10bp,0.393,NODE_8_length_214405_cov_98.693913,mobileOG_000049150_NODE_8_length_214405_cov_98.693913
66,"mobileOG_000345723|copR|WP_098010173.1|transfer|conjugation,relaxosome|Plasmid RefSeq|Homology",NODE_8_length_214405_cov_98.693913_43 # 40611 # 41288 # 1 # ID=8_43;partial=00;start_type=GTG;rbs_motif=GGAG/GAGG;rbs_spacer=5-10bp;gc_cont=0.342,92.4,418,225,1.17e-149,226,1,225,1,225,mobileOG_000345723,copR,WP_098010173.1,transfer,"conjugation,relaxosome",Plasmid RefSeq,Homology,NODE_8_length_214405_cov_98.693913_43, 40611 # 41288 # 1 , 40611,41288,1 ,8_43,8,43,00,GTG,GGAG/GAGG,5-10bp,0.342,NODE_8_length_214405_cov_98.693913,mobileOG_000345723_NODE_8_length_214405_cov_98.693913
67,mobileOG_000402186|NA:Keyword|A0A0B5UG44|integration/excision|NA|COMPASS|Keyword Search,NODE_10_length_205294_cov_50.287330_67 # 68477 # 68653 # 1 # ID=10_67;partial=00;start_type=ATG;rbs_motif=None;rbs_spacer=None;gc_cont=0.356,98.3,120,101,1.32e-36,59,44,101,1,58,mobileOG_000402186,NA:Keyword,A0A0B5UG44,integration/excision,NA,COMPASS,Keyword Search,NODE_10_length_205294_cov_50.287330_67, 68477 # 68653 # 1 , 68477,68653,1 ,10_67,10,67,00,ATG,None,None,0.356,NODE_10_length_205294_cov_50.287330,mobileOG_000402186_NODE_10_length_205294_cov_50.287330
68,mobileOG_000760268|NA:Keyword|Q6EZJ2|integration/excision|NA|ACLAME|Keyword Search,NODE_10_length_205294_cov_50.287330_67 # 68477 # 68653 # 1 # ID=10_67;partial=00;start_type=ATG;rbs_motif=None;rbs_spacer=None;gc_cont=0.356,98.3,120,120,2.31e-36,59,63,120,1,58,mobileOG_000760268,NA:Keyword,Q6EZJ2,integration/excision,NA,ACLAME,Keyword Search,NODE_10_length_205294_cov_50.287330_67, 68477 # 68653 # 1 , 68477,68653,1 ,10_67,10,67,00,ATG,None,None,0.356,NODE_10_length_205294_cov_50.287330,mobileOG_000760268_NODE_10_length_205294_cov_50.287330
69,mobileOG_000415401|NA:Keyword|B5UM27|integration/excision|NA|COMPASS|Keyword Search,NODE_10_length_205294_cov_50.287330_67 # 68477 # 68653 # 1 # ID=10_67;partial=00;start_type=ATG;rbs_motif=None;rbs_spacer=None;gc_cont=0.356,96.6,118,101,1.08e-35,59,44,101,1,58,mobileOG_000415401,NA:Keyword,B5UM27,integration/excision,NA,COMPASS,Keyword Search,NODE_10_length_205294_cov_50.287330_67, 68477 # 68653 # 1 , 68477,68653,1 ,10_67,10,67,00,ATG,None,None,0.356,NODE_10_length_205294_cov_50.287330,mobileOG_000415401_NODE_10_length_205294_cov_50.287330
70,mobileOG_000395536|NA:Keyword|A0A136BCC5|integration/excision|NA|COMPASS|Keyword Search,NODE_10_length_205294_cov_50.287330_68 # 68620 # 68757 # 1 # ID=10_68;partial=00;start_type=ATG;rbs_motif=None;rbs_spacer=None;gc_cont=0.348,93.3,89.4,246,7.11e-23,46,1,45,1,45,mobileOG_000395536,NA:Keyword,A0A136BCC5,integration/excision,NA,COMPASS,Keyword Search,NODE_10_length_205294_cov_50.287330_68, 68620 # 68757 # 1 , 68620,68757,1 ,10_68,10,68,00,ATG,None,None,0.348,NODE_10_length_205294_cov_50.287330,mobileOG_000395536_NODE_10_length_205294_cov_50.287330
71,mobileOG_000410836|NA:Keyword|WP_085960238.1|integration/excision|NA|COMPASS|Keyword Search,NODE_10_length_205294_cov_50.287330_68 # 68620 # 68757 # 1 # ID=10_68;partial=00;start_type=ATG;rbs_motif=None;rbs_spacer=None;gc_cont=0.348,93.3,90.1,294,7.85e-23,46,1,45,1,45,mobileOG_000410836,NA:Keyword,WP_085960238.1,integration/excision,NA,COMPASS,Keyword Search,NODE_10_length_205294_cov_50.287330_68, 68620 # 68757 # 1 , 68620,68757,1 ,10_68,10,68,00,ATG,None,None,0.348,NODE_10_length_205294_cov_50.287330,mobileOG_000410836_NODE_10_length_205294_cov_50.287330
72,mobileOG_000409970|NA:Keyword|WP_145953868.1|integration/excision|NA|COMPASS|Keyword Search,NODE_10_length_205294_cov_50.287330_68 # 68620 # 68757 # 1 # ID=10_68;partial=00;start_type=ATG;rbs_motif=None;rbs_spacer=None;gc_cont=0.348,93.3,90.1,299,8.43e-23,46,1,45,1,45,mobileOG_000409970,NA:Keyword,WP_145953868.1,integration/excision,NA,COMPASS,Keyword Search,NODE_10_length_205294_cov_50.287330_68, 68620 # 68757 # 1 , 68620,68757,1 ,10_68,10,68,00,ATG,None,None,0.348,NODE_10_length_205294_cov_50.287330,mobileOG_000409970_NODE_10_length_205294_cov_50.287330
73,mobileOG_000724527|NA:Keyword|WP_085960238.1|integration/excision|NA|ISFinder|Keyword Search,NODE_10_length_205294_cov_50.287330_68 # 68620 # 68757 # 1 # ID=10_68;partial=00;start_type=ATG;rbs_motif=None;rbs_spacer=None;gc_cont=0.348,93.3,90.1,302,8.79e-23,46,9,53,1,45,mobileOG_000724527,NA:Keyword,WP_085960238.1,integration/excision,NA,ISFinder,Keyword Search,NODE_10_length_205294_cov_50.287330_68, 68620 # 68757 # 1 , 68620,68757,1 ,10_68,10,68,00,ATG,None,None,0.348,NODE_10_length_205294_cov_50.287330,mobileOG_000724527_NODE_10_length_205294_cov_50.287330
74,mobileOG_000745830|NA:Keyword|WP_085962505.1|integration/excision|NA|Plasmid RefSeq|Keyword Search,NODE_10_length_205294_cov_50.287330_68 # 68620 # 68757 # 1 # ID=10_68;partial=00;start_type=ATG;rbs_motif=None;rbs_spacer=None;gc_cont=0.348,95.6,90.9,385,1.09e-22,46,92,136,1,45,mobileOG_000745830,NA:Keyword,WP_085962505.1,integration/excision,NA,Plasmid RefSeq,Keyword Search,NODE_10_length_205294_cov_50.287330_68, 68620 # 68757 # 1 , 68620,68757,1 ,10_68,10,68,00,ATG,None,None,0.348,NODE_10_length_205294_cov_50.287330,mobileOG_000745830_NODE_10_length_205294_cov_50.287330
75,mobileOG_000724528|NA:Keyword|WP_085960238.1|integration/excision|NA|ISFinder|Keyword Search,NODE_10_length_205294_cov_50.287330_68 # 68620 # 68757 # 1 # ID=10_68;partial=00;start_type=ATG;rbs_motif=None;rbs_spacer=None;gc_cont=0.348,93.3,90.1,385,2.10e-22,46,92,136,1,45,mobileOG_000724528,NA:Keyword,WP_085960238.1,integration/excision,NA,ISFinder,Keyword Search,NODE_10_length_205294_cov_50.287330_68, 68620 # 68757 # 1 , 68620,68757,1 ,10_68,10,68,00,ATG,None,None,0.348,NODE_10_length_205294_cov_50.287330,mobileOG_000724528_NODE_10_length_205294_cov_50.287330
76,mobileOG_000410985|NA:Keyword|WP_010890035.1|integration/excision|NA|COMPASS|Keyword Search,NODE_10_length_205294_cov_50.287330_69 # 68907 # 69191 # 1 # ID=10_69;partial=00;start_type=ATG;rbs_motif=None;rbs_spacer=None;gc_cont=0.386,96.8,180,117,2.26e-59,95,1,94,1,94,mobileOG_000410985,NA:Keyword,WP_010890035.1,integration/excision,NA,COMPASS,Keyword Search,NODE_10_length_205294_cov_50.287330_69, 68907 # 69191 # 1 , 68907,69191,1 ,10_69,10,69,00,ATG,None,None,0.386,NODE_10_length_205294_cov_50.287330,mobileOG_000410985_NODE_10_length_205294_cov_50.287330
77,mobileOG_000410800|NA:Keyword|A0A125Y9Z2|integration/excision|NA|COMPASS|Keyword Search,NODE_10_length_205294_cov_50.287330_69 # 68907 # 69191 # 1 # ID=10_69;partial=00;start_type=ATG;rbs_motif=None;rbs_spacer=None;gc_cont=0.386,97.9,183,213,2.87e-59,95,97,190,1,94,mobileOG_000410800,NA:Keyword,A0A125Y9Z2,integration/excision,NA,COMPASS,Keyword Search,NODE_10_length_205294_cov_50.287330_69, 68907 # 69191 # 1 , 68907,69191,1 ,10_69,10,69,00,ATG,None,None,0.386,NODE_10_length_205294_cov_50.287330,mobileOG_000410800_NODE_10_length_205294_cov_50.287330
78,mobileOG_000410966|NA:Keyword|D8HAB9|integration/excision|NA|COMPASS|Keyword Search,NODE_10_length_205294_cov_50.287330_69 # 68907 # 69191 # 1 # ID=10_69;partial=00;start_type=ATG;rbs_motif=None;rbs_spacer=None;gc_cont=0.386,96.8,180,130,3.42e-59,95,14,107,1,94,mobileOG_000410966,NA:Keyword,D8HAB9,integration/excision,NA,COMPASS,Keyword Search,NODE_10_length_205294_cov_50.287330_69, 68907 # 69191 # 1 , 68907,69191,1 ,10_69,10,69,00,ATG,None,None,0.386,NODE_10_length_205294_cov_50.287330,mobileOG_000410966_NODE_10_length_205294_cov_50.287330
79,mobileOG_000411722|NA:Keyword|WP_010890035.1|integration/excision|NA|COMPASS|Keyword Search,NODE_10_length_205294_cov_50.287330_69 # 68907 # 69191 # 1 # ID=10_69;partial=00;start_type=ATG;rbs_motif=None;rbs_spacer=None;gc_cont=0.386,96.8,180,130,3.42e-59,95,14,107,1,94,mobileOG_000411722,NA:Keyword,WP_010890035.1,integration/excision,NA,COMPASS,Keyword Search,NODE_10_length_205294_cov_50.287330_69, 68907 # 69191 # 1 , 68907,69191,1 ,10_69,10,69,00,ATG,None,None,0.386,NODE_10_length_205294_cov_50.287330,mobileOG_000411722_NODE_10_length_205294_cov_50.287330
80,mobileOG_000405291|NA:Keyword|WP_119493297.1|integration/excision|NA|COMPASS|Keyword Search,NODE_10_length_205294_cov_50.287330_69 # 68907 # 69191 # 1 # ID=10_69;partial=00;start_type=ATG;rbs_motif=None;rbs_spacer=None;gc_cont=0.386,97.9,183,294,3.13e-58,95,97,190,1,94,mobileOG_000405291,NA:Keyword,WP_119493297.1,integration/excision,NA,COMPASS,Keyword Search,NODE_10_length_205294_cov_50.287330_69, 68907 # 69191 # 1 , 68907,69191,1 ,10_69,10,69,00,ATG,None,None,0.386,NODE_10_length_205294_cov_50.287330,mobileOG_000405291_NODE_10_length_205294_cov_50.287330
81,mobileOG_000410836|NA:Keyword|WP_085960238.1|integration/excision|NA|COMPASS|Keyword Search,NODE_10_length_205294_cov_50.287330_69 # 68907 # 69191 # 1 # ID=10_69;partial=00;start_type=ATG;rbs_motif=None;rbs_spacer=None;gc_cont=0.386,97.9,183,294,3.13e-58,95,97,190,1,94,mobileOG_000410836,NA:Keyword,WP_085960238.1,integration/excision,NA,COMPASS,Keyword Search,NODE_10_length_205294_cov_50.287330_69, 68907 # 69191 # 1 , 68907,69191,1 ,10_69,10,69,00,ATG,None,None,0.386,NODE_10_length_205294_cov_50.287330,mobileOG_000410836_NODE_10_length_205294_cov_50.287330
82,mobileOG_000395536|NA:Keyword|A0A136BCC5|integration/excision|NA|COMPASS|Keyword Search,NODE_10_length_205294_cov_50.287330_69 # 68907 # 69191 # 1 # ID=10_69;partial=00;start_type=ATG;rbs_motif=None;rbs_spacer=None;gc_cont=0.386,96.8,182,246,3.15e-58,95,97,190,1,94,mobileOG_000395536,NA:Keyword,A0A136BCC5,integration/excision,NA,COMPASS,Keyword Search,NODE_10_length_205294_cov_50.287330_69, 68907 # 69191 # 1 , 68907,69191,1 ,10_69,10,69,00,ATG,None,None,0.386,NODE_10_length_205294_cov_50.287330,mobileOG_000395536_NODE_10_length_205294_cov_50.287330
83,mobileOG_000724527|NA:Keyword|WP_085960238.1|integration/excision|NA|ISFinder|Keyword Search,NODE_10_length_205294_cov_50.287330_69 # 68907 # 69191 # 1 # ID=10_69;partial=00;start_type=ATG;rbs_motif=None;rbs_spacer=None;gc_cont=0.386,97.9,183,302,3.91e-58,95,105,198,1,94,mobileOG_000724527,NA:Keyword,WP_085960238.1,integration/excision,NA,ISFinder,Keyword Search,NODE_10_length_205294_cov_50.287330_69, 68907 # 69191 # 1 , 68907,69191,1 ,10_69,10,69,00,ATG,None,None,0.386,NODE_10_length_205294_cov_50.287330,mobileOG_000724527_NODE_10_length_205294_cov_50.287330
84,mobileOG_000402190|NA:Keyword|A0A0F7RN59|integration/excision|NA|COMPASS|Keyword Search,NODE_10_length_205294_cov_50.287330_69 # 68907 # 69191 # 1 # ID=10_69;partial=00;start_type=ATG;rbs_motif=None;rbs_spacer=None;gc_cont=0.386,96.8,180,213,4.70e-58,95,97,190,1,94,mobileOG_000402190,NA:Keyword,A0A0F7RN59,integration/excision,NA,COMPASS,Keyword Search,NODE_10_length_205294_cov_50.287330_69, 68907 # 69191 # 1 , 68907,69191,1 ,10_69,10,69,00,ATG,None,None,0.386,NODE_10_length_205294_cov_50.287330,mobileOG_000402190_NODE_10_length_205294_cov_50.287330
85,mobileOG_000402478|NA:Keyword|A0A125Y9Z2|integration/excision|NA|COMPASS|Keyword Search,NODE_10_length_205294_cov_50.287330_69 # 68907 # 69191 # 1 # ID=10_69;partial=00;start_type=ATG;rbs_motif=None;rbs_spacer=None;gc_cont=0.386,96.8,180,213,4.70e-58,95,97,190,1,94,mobileOG_000402478,NA:Keyword,A0A125Y9Z2,integration/excision,NA,COMPASS,Keyword Search,NODE_10_length_205294_cov_50.287330_69, 68907 # 69191 # 1 , 68907,69191,1 ,10_69,10,69,00,ATG,None,None,0.386,NODE_10_length_205294_cov_50.287330,mobileOG_000402478_NODE_10_length_205294_cov_50.287330
86,mobileOG_000413042|NA:Keyword|A0A125Y9Z2|integration/excision|NA|COMPASS|Keyword Search,NODE_10_length_205294_cov_50.287330_69 # 68907 # 69191 # 1 # ID=10_69;partial=00;start_type=ATG;rbs_motif=None;rbs_spacer=None;gc_cont=0.386,96.8,180,213,4.70e-58,95,97,190,1,94,mobileOG_000413042,NA:Keyword,A0A125Y9Z2,integration/excision,NA,COMPASS,Keyword Search,NODE_10_length_205294_cov_50.287330_69, 68907 # 69191 # 1 , 68907,69191,1 ,10_69,10,69,00,ATG,None,None,0.386,NODE_10_length_205294_cov_50.287330,mobileOG_000413042_NODE_10_length_205294_cov_50.287330
87,mobileOG_000724528|NA:Keyword|WP_085960238.1|integration/excision|NA|ISFinder|Keyword Search,NODE_10_length_205294_cov_50.287330_69 # 68907 # 69191 # 1 # ID=10_69;partial=00;start_type=ATG;rbs_motif=None;rbs_spacer=None;gc_cont=0.386,97.9,183,385,3.39e-57,95,188,281,1,94,mobileOG_000724528,NA:Keyword,WP_085960238.1,integration/excision,NA,ISFinder,Keyword Search,NODE_10_length_205294_cov_50.287330_69, 68907 # 69191 # 1 , 68907,69191,1 ,10_69,10,69,00,ATG,None,None,0.386,NODE_10_length_205294_cov_50.287330,mobileOG_000724528_NODE_10_length_205294_cov_50.287330
88,mobileOG_000732181|NA:Keyword|A0A2A6FVV8|integration/excision|NA|Plasmid RefSeq|Keyword Search,NODE_10_length_205294_cov_50.287330_69 # 68907 # 69191 # 1 # ID=10_69;partial=00;start_type=ATG;rbs_motif=None;rbs_spacer=None;gc_cont=0.386,97.9,183,385,3.39e-57,95,188,281,1,94,mobileOG_000732181,NA:Keyword,A0A2A6FVV8,integration/excision,NA,Plasmid RefSeq,Keyword Search,NODE_10_length_205294_cov_50.287330_69, 68907 # 69191 # 1 , 68907,69191,1 ,10_69,10,69,00,ATG,None,None,0.386,NODE_10_length_205294_cov_50.287330,mobileOG_000732181_NODE_10_length_205294_cov_50.287330
89,mobileOG_000749188|NA:Keyword|WP_119493297.1|integration/excision|NA|Plasmid RefSeq|Keyword Search,NODE_10_length_205294_cov_50.287330_69 # 68907 # 69191 # 1 # ID=10_69;partial=00;start_type=ATG;rbs_motif=None;rbs_spacer=None;gc_cont=0.386,97.9,183,385,3.39e-57,95,188,281,1,94,mobileOG_000749188,NA:Keyword,WP_119493297.1,integration/excision,NA,Plasmid RefSeq,Keyword Search,NODE_10_length_205294_cov_50.287330_69, 68907 # 69191 # 1 , 68907,69191,1 ,10_69,10,69,00,ATG,None,None,0.386,NODE_10_length_205294_cov_50.287330,mobileOG_000749188_NODE_10_length_205294_cov_50.287330
90,mobileOG_000750055|NA:Keyword|WP_095209828.1|integration/excision|NA|Plasmid RefSeq|Keyword Search,NODE_10_length_205294_cov_50.287330_69 # 68907 # 69191 # 1 # ID=10_69;partial=00;start_type=ATG;rbs_motif=None;rbs_spacer=None;gc_cont=0.386,97.9,183,385,3.39e-57,95,188,281,1,94,mobileOG_000750055,NA:Keyword,WP_095209828.1,integration/excision,NA,Plasmid RefSeq,Keyword Search,NODE_10_length_205294_cov_50.287330_69, 68907 # 69191 # 1 , 68907,69191,1 ,10_69,10,69,00,ATG,None,None,0.386,NODE_10_length_205294_cov_50.287330,mobileOG_000750055_NODE_10_length_205294_cov_50.287330
91,mobileOG_000056312|tnp|WP_041185005.1|integration/excision|NA|Multiple|Homology,NODE_11_length_180387_cov_73.289923_1 # 3 # 623 # -1 # ID=11_1;partial=10;start_type=ATG;rbs_motif=AGxAGG/AGGxGG;rbs_spacer=5-10bp;gc_cont=0.374,93.7,382,451,3.74e-132,207,1,207,1,207,mobileOG_000056312,tnp,WP_041185005.1,integration/excision,NA,Multiple,Homology,NODE_11_length_180387_cov_73.289923_1, 3 # 623 # -1 , 3,623,-1 ,11_1,11,1,10,ATG,AGxAGG/AGGxGG,5-10bp,0.374,NODE_11_length_180387_cov_73.289923,mobileOG_000056312_NODE_11_length_180387_cov_73.289923
92,mobileOG_000001538|tnp|Q4V239|integration/excision|NA|Multiple|Manual,NODE_11_length_180387_cov_73.289923_1 # 3 # 623 # -1 # ID=11_1;partial=10;start_type=ATG;rbs_motif=AGxAGG/AGGxGG;rbs_spacer=5-10bp;gc_cont=0.374,93.2,378,414,3.68e-131,207,1,207,1,207,mobileOG_000001538,tnp,Q4V239,integration/excision,NA,Multiple,Manual,NODE_11_length_180387_cov_73.289923_1, 3 # 623 # -1 , 3,623,-1 ,11_1,11,1,10,ATG,AGxAGG/AGGxGG,5-10bp,0.374,NODE_11_length_180387_cov_73.289923,mobileOG_000001538_NODE_11_length_180387_cov_73.289923
93,mobileOG_000036332|tnp|Q4V1W6|integration/excision|NA|ACLAME|Homology,NODE_11_length_180387_cov_73.289923_1 # 3 # 623 # -1 # ID=11_1;partial=10;start_type=ATG;rbs_motif=AGxAGG/AGGxGG;rbs_spacer=5-10bp;gc_cont=0.374,94.3,363,494,3.88e-124,207,59,250,16,207,mobileOG_000036332,tnp,Q4V1W6,integration/excision,NA,ACLAME,Homology,NODE_11_length_180387_cov_73.289923_1, 3 # 623 # -1 , 3,623,-1 ,11_1,11,1,10,ATG,AGxAGG/AGGxGG,5-10bp,0.374,NODE_11_length_180387_cov_73.289923,mobileOG_000036332_NODE_11_length_180387_cov_73.289923
94,mobileOG_000409408|NA:Keyword|V5ML52|integration/excision|NA|COMPASS|Keyword Search,NODE_12_length_165282_cov_89.342671_1 # 3 # 194 # -1 # ID=12_1;partial=10;start_type=ATG;rbs_motif=AGGAG;rbs_spacer=5-10bp;gc_cont=0.333,92.2,122,114,4.14e-37,64,1,64,1,64,mobileOG_000409408,NA:Keyword,V5ML52,integration/excision,NA,COMPASS,Keyword Search,NODE_12_length_165282_cov_89.342671_1, 3 # 194 # -1 , 3,194,-1 ,12_1,12,1,10,ATG,AGGAG,5-10bp,0.333,NODE_12_length_165282_cov_89.342671,mobileOG_000409408_NODE_12_length_165282_cov_89.342671
95,mobileOG_000737825|NA:Keyword|WP_042597717.1|integration/excision|NA|Multiple|Keyword Search,NODE_12_length_165282_cov_89.342671_1 # 3 # 194 # -1 # ID=12_1;partial=10;start_type=ATG;rbs_motif=AGGAG;rbs_spacer=5-10bp;gc_cont=0.333,95.3,129,479,3.08e-36,64,1,64,1,64,mobileOG_000737825,NA:Keyword,WP_042597717.1,integration/excision,NA,Multiple,Keyword Search,NODE_12_length_165282_cov_89.342671_1, 3 # 194 # -1 , 3,194,-1 ,12_1,12,1,10,ATG,AGGAG,5-10bp,0.333,NODE_12_length_165282_cov_89.342671,mobileOG_000737825_NODE_12_length_165282_cov_89.342671
96,mobileOG_000738030|NA:Keyword|WP_119684458.1|integration/excision|NA|Multiple|Keyword Search,NODE_12_length_165282_cov_89.342671_1 # 3 # 194 # -1 # ID=12_1;partial=10;start_type=ATG;rbs_motif=AGGAG;rbs_spacer=5-10bp;gc_cont=0.333,95.3,129,488,3.41e-36,64,1,64,1,64,mobileOG_000738030,NA:Keyword,WP_119684458.1,integration/excision,NA,Multiple,Keyword Search,NODE_12_length_165282_cov_89.342671_1, 3 # 194 # -1 , 3,194,-1 ,12_1,12,1,10,ATG,AGGAG,5-10bp,0.333,NODE_12_length_165282_cov_89.342671,mobileOG_000738030_NODE_12_length_165282_cov_89.342671
97,mobileOG_000411978|NA:Keyword|WP_063549940.1|integration/excision|NA|Multiple|Keyword Search,NODE_12_length_165282_cov_89.342671_1 # 3 # 194 # -1 # ID=12_1;partial=10;start_type=ATG;rbs_motif=AGGAG;rbs_spacer=5-10bp;gc_cont=0.333,95.3,129,489,3.45e-36,64,1,64,1,64,mobileOG_000411978,NA:Keyword,WP_063549940.1,integration/excision,NA,Multiple,Keyword Search,NODE_12_length_165282_cov_89.342671_1, 3 # 194 # -1 , 3,194,-1 ,12_1,12,1,10,ATG,AGGAG,5-10bp,0.333,NODE_12_length_165282_cov_89.342671,mobileOG_000411978_NODE_12_length_165282_cov_89.342671
98,mobileOG_000738132|NA:Keyword|WP_168455195.1|integration/excision|NA|Plasmid RefSeq|Keyword Search,NODE_12_length_165282_cov_89.342671_1 # 3 # 194 # -1 # ID=12_1;partial=10;start_type=ATG;rbs_motif=AGGAG;rbs_spacer=5-10bp;gc_cont=0.333,95.3,129,489,3.45e-36,64,1,64,1,64,mobileOG_000738132,NA:Keyword,WP_168455195.1,integration/excision,NA,Plasmid RefSeq,Keyword Search,NODE_12_length_165282_cov_89.342671_1, 3 # 194 # -1 , 3,194,-1 ,12_1,12,1,10,ATG,AGGAG,5-10bp,0.333,NODE_12_length_165282_cov_89.342671,mobileOG_000738132_NODE_12_length_165282_cov_89.342671
99,mobileOG_000738150|NA:Keyword|A0A380YCV3|integration/excision|NA|Plasmid RefSeq|Keyword Search,NODE_12_length_165282_cov_89.342671_1 # 3 # 194 # -1 # ID=12_1;partial=10;start_type=ATG;rbs_motif=AGGAG;rbs_spacer=5-10bp;gc_cont=0.333,95.3,129,489,3.45e-36,64,1,64,1,64,mobileOG_000738150,NA:Keyword,A0A380YCV3,integration/excision,NA,Plasmid RefSeq,Keyword Search,NODE_12_length_165282_cov_89.342671_1, 3 # 194 # -1 , 3,194,-1 ,12_1,12,1,10,ATG,AGGAG,5-10bp,0.333,NODE_12_length_165282_cov_89.342671,mobileOG_000738150_NODE_12_length_165282_cov_89.342671
100,mobileOG_000737864|NA:Keyword|WP_063675602.1|integration/excision|NA|Multiple|Keyword Search,NODE_12_length_165282_cov_89.342671_1 # 3 # 194 # -1 # ID=12_1;partial=10;start_type=ATG;rbs_motif=AGGAG;rbs_spacer=5-10bp;gc_cont=0.333,95.3,129,493,3.60e-36,64,1,64,1,64,mobileOG_000737864,NA:Keyword,WP_063675602.1,integration/excision,NA,Multiple,Keyword Search,NODE_12_length_165282_cov_89.342671_1, 3 # 194 # -1 , 3,194,-1 ,12_1,12,1,10,ATG,AGGAG,5-10bp,0.333,NODE_12_length_165282_cov_89.342671,mobileOG_000737864_NODE_12_length_165282_cov_89.342671
101,mobileOG_000737863|NA:Keyword|WP_061885131.1|integration/excision|NA|Multiple|Keyword Search,NODE_12_length_165282_cov_89.342671_1 # 3 # 194 # -1 # ID=12_1;partial=10;start_type=ATG;rbs_motif=AGGAG;rbs_spacer=5-10bp;gc_cont=0.333,93.8,128,489,9.28e-36,64,1,64,1,64,mobileOG_000737863,NA:Keyword,WP_061885131.1,integration/excision,NA,Multiple,Keyword Search,NODE_12_length_165282_cov_89.342671_1, 3 # 194 # -1 , 3,194,-1 ,12_1,12,1,10,ATG,AGGAG,5-10bp,0.333,NODE_12_length_165282_cov_89.342671,mobileOG_000737863_NODE_12_length_165282_cov_89.342671
102,mobileOG_000724529|NA:Keyword|A0A2A9TQ51|integration/excision|NA|ISFinder|Keyword Search,NODE_12_length_165282_cov_89.342671_1 # 3 # 194 # -1 # ID=12_1;partial=10;start_type=ATG;rbs_motif=AGGAG;rbs_spacer=5-10bp;gc_cont=0.333,93.8,127,489,1.79e-35,64,1,64,1,64,mobileOG_000724529,NA:Keyword,A0A2A9TQ51,integration/excision,NA,ISFinder,Keyword Search,NODE_12_length_165282_cov_89.342671_1, 3 # 194 # -1 , 3,194,-1 ,12_1,12,1,10,ATG,AGGAG,5-10bp,0.333,NODE_12_length_165282_cov_89.342671,mobileOG_000724529_NODE_12_length_165282_cov_89.342671
103,mobileOG_000026482|topB|A0A2C9YRR7|replication/recombination/repair|NA|Plasmid RefSeq|Manual,NODE_13_length_162330_cov_98.836804_48 # 55191 # 57428 # -1 # ID=13_48;partial=00;start_type=ATG;rbs_motif=None;rbs_spacer=None;gc_cont=0.366,97.9,1402,729,0.0,746,1,729,17,745,mobileOG_000026482,topB,A0A2C9YRR7,replication/recombination/repair,NA,Plasmid RefSeq,Manual,NODE_13_length_162330_cov_98.836804_48, 55191 # 57428 # -1 , 55191,57428,-1 ,13_48,13,48,00,ATG,None,None,0.366,NODE_13_length_162330_cov_98.836804,mobileOG_000026482_NODE_13_length_162330_cov_98.836804
104,mobileOG_000367884|topB|WP_063220210.1|replication/recombination/repair|NA|Plasmid RefSeq|Homology,NODE_13_length_162330_cov_98.836804_48 # 55191 # 57428 # -1 # ID=13_48;partial=00;start_type=ATG;rbs_motif=None;rbs_spacer=None;gc_cont=0.366,94.4,1351,729,0.0,746,1,729,17,745,mobileOG_000367884,topB,WP_063220210.1,replication/recombination/repair,NA,Plasmid RefSeq,Homology,NODE_13_length_162330_cov_98.836804_48, 55191 # 57428 # -1 , 55191,57428,-1 ,13_48,13,48,00,ATG,None,None,0.366,NODE_13_length_162330_cov_98.836804,mobileOG_000367884_NODE_13_length_162330_cov_98.836804
105,mobileOG_000064326|tnp|C3BUE0|integration/excision|NA|COMPASS|Homology,NODE_19_length_87335_cov_55.295744_62 # 55577 # 56074 # -1 # ID=19_62;partial=00;start_type=GTG;rbs_motif=None;rbs_spacer=None;gc_cont=0.365,92.7,304,165,1.64e-106,166,1,165,1,165,mobileOG_000064326,tnp,C3BUE0,integration/excision,NA,COMPASS,Homology,NODE_19_length_87335_cov_55.295744_62, 55577 # 56074 # -1 , 55577,56074,-1 ,19_62,19,62,00,GTG,None,None,0.365,NODE_19_length_87335_cov_55.295744,mobileOG_000064326_NODE_19_length_87335_cov_55.295744
106,mobileOG_000724413|NA:Keyword|A0A380XQA6|integration/excision|NA|ISFinder|Keyword Search,NODE_20_length_85629_cov_92.388980_1 # 1845 # 2036 # 1 # ID=20_1;partial=00;start_type=ATG;rbs_motif=None;rbs_spacer=None;gc_cont=0.307,93.7,128,150,6.27e-39,64,43,105,1,63,mobileOG_000724413,NA:Keyword,A0A380XQA6,integration/excision,NA,ISFinder,Keyword Search,NODE_20_length_85629_cov_92.388980_1, 1845 # 2036 # 1 , 1845,2036,1 ,20_1,20,1,00,ATG,None,None,0.307,NODE_20_length_85629_cov_92.388980,mobileOG_000724413_NODE_20_length_85629_cov_92.388980
107,mobileOG_000724414|NA:Keyword|A0A2B1U0L1|integration/excision|NA|ISFinder|Keyword Search,NODE_24_length_62823_cov_81.942562_67 # 61963 # 62823 # -1 # ID=24_67;partial=01;start_type=Edge;rbs_motif=None;rbs_spacer=None;gc_cont=0.337,94.8,544,361,4.02e-196,287,76,361,1,286,mobileOG_000724414,NA:Keyword,A0A2B1U0L1,integration/excision,NA,ISFinder,Keyword Search,NODE_24_length_62823_cov_81.942562_67, 61963 # 62823 # -1 , 61963,62823,-1 ,24_67,24,67,01,Edge,None,None,0.337,NODE_24_length_62823_cov_81.942562,mobileOG_000724414_NODE_24_length_62823_cov_81.942562
108,mobileOG_000746133|NA:Keyword|WP_103656524.1|transfer|NA|Plasmid RefSeq|Keyword Search,NODE_25_length_61741_cov_127.866989_9 # 7944 # 8801 # -1 # ID=25_9;partial=00;start_type=ATG;rbs_motif=GGA/GAG/AGG;rbs_spacer=5-10bp;gc_cont=0.368,99.6,514,284,1.77e-185,286,1,284,1,284,mobileOG_000746133,NA:Keyword,WP_103656524.1,transfer,NA,Plasmid RefSeq,Keyword Search,NODE_25_length_61741_cov_127.866989_9, 7944 # 8801 # -1 , 7944,8801,-1 ,25_9,25,9,00,ATG,GGA/GAG/AGG,5-10bp,0.368,NODE_25_length_61741_cov_127.866989,mobileOG_000746133_NODE_25_length_61741_cov_127.866989
109,mobileOG_000410508|NA:Keyword|A0A1W6WZ84|transfer|NA|COMPASS|Keyword Search,NODE_25_length_61741_cov_127.866989_11 # 9212 # 10537 # -1 # ID=25_11;partial=00;start_type=ATG;rbs_motif=None;rbs_spacer=None;gc_cont=0.360,98.2,846,450,2.01e-311,442,10,450,1,441,mobileOG_000410508,NA:Keyword,A0A1W6WZ84,transfer,NA,COMPASS,Keyword Search,NODE_25_length_61741_cov_127.866989_11, 9212 # 10537 # -1 , 9212,10537,-1 ,25_11,25,11,00,ATG,None,None,0.360,NODE_25_length_61741_cov_127.866989,mobileOG_000410508_NODE_25_length_61741_cov_127.866989
110,mobileOG_000408890|NA:Keyword|WP_000672077.1|transfer|NA|COMPASS|Keyword Search,NODE_25_length_61741_cov_127.866989_11 # 9212 # 10537 # -1 # ID=25_11;partial=00;start_type=ATG;rbs_motif=None;rbs_spacer=None;gc_cont=0.360,98.2,846,648,3.19e-308,442,208,648,1,441,mobileOG_000408890,NA:Keyword,WP_000672077.1,transfer,NA,COMPASS,Keyword Search,NODE_25_length_61741_cov_127.866989_11, 9212 # 10537 # -1 , 9212,10537,-1 ,25_11,25,11,00,ATG,None,None,0.360,NODE_25_length_61741_cov_127.866989,mobileOG_000408890_NODE_25_length_61741_cov_127.866989
111,mobileOG_000418204|NA:Keyword|WP_000672076.1|transfer|NA|COMPASS|Keyword Search,NODE_25_length_61741_cov_127.866989_11 # 9212 # 10537 # -1 # ID=25_11;partial=00;start_type=ATG;rbs_motif=None;rbs_spacer=None;gc_cont=0.360,97.5,838,648,2.48e-305,442,208,648,1,441,mobileOG_000418204,NA:Keyword,WP_000672076.1,transfer,NA,COMPASS,Keyword Search,NODE_25_length_61741_cov_127.866989_11, 9212 # 10537 # -1 , 9212,10537,-1 ,25_11,25,11,00,ATG,None,None,0.360,NODE_25_length_61741_cov_127.866989,mobileOG_000418204_NODE_25_length_61741_cov_127.866989
112,mobileOG_000413634|NA:Keyword|WP_000672076.1|transfer|NA|COMPASS|Keyword Search,NODE_25_length_61741_cov_127.866989_13 # 13253 # 13807 # -1 # ID=25_13;partial=00;start_type=GTG;rbs_motif=None;rbs_spacer=None;gc_cont=0.337,100,353,399,6.78e-122,185,12,189,2,179,mobileOG_000413634,NA:Keyword,WP_000672076.1,transfer,NA,COMPASS,Keyword Search,NODE_25_length_61741_cov_127.866989_13, 13253 # 13807 # -1 , 13253,13807,-1 ,25_13,25,13,00,GTG,None,None,0.337,NODE_25_length_61741_cov_127.866989,mobileOG_000413634_NODE_25_length_61741_cov_127.866989
113,mobileOG_000408890|NA:Keyword|WP_000672077.1|transfer|NA|COMPASS|Keyword Search,NODE_25_length_61741_cov_127.866989_13 # 13253 # 13807 # -1 # ID=25_13;partial=00;start_type=GTG;rbs_motif=None;rbs_spacer=None;gc_cont=0.337,100,353,648,1.17e-118,185,12,189,2,179,mobileOG_000408890,NA:Keyword,WP_000672077.1,transfer,NA,COMPASS,Keyword Search,NODE_25_length_61741_cov_127.866989_13, 13253 # 13807 # -1 , 13253,13807,-1 ,25_13,25,13,00,GTG,None,None,0.337,NODE_25_length_61741_cov_127.866989,mobileOG_000408890_NODE_25_length_61741_cov_127.866989
114,mobileOG_000418204|NA:Keyword|WP_000672076.1|transfer|NA|COMPASS|Keyword Search,NODE_25_length_61741_cov_127.866989_13 # 13253 # 13807 # -1 # ID=25_13;partial=00;start_type=GTG;rbs_motif=None;rbs_spacer=None;gc_cont=0.337,100,353,648,1.17e-118,185,12,189,2,179,mobileOG_000418204,NA:Keyword,WP_000672076.1,transfer,NA,COMPASS,Keyword Search,NODE_25_length_61741_cov_127.866989_13, 13253 # 13807 # -1 , 13253,13807,-1 ,25_13,25,13,00,GTG,None,None,0.337,NODE_25_length_61741_cov_127.866989,mobileOG_000418204_NODE_25_length_61741_cov_127.866989
115,mobileOG_000418202|NA:Keyword|WP_001200537.1|stability/transfer/defense|NA|Multiple|Keyword Search,NODE_25_length_61741_cov_127.866989_20 # 22862 # 23281 # -1 # ID=25_20;partial=00;start_type=ATG;rbs_motif=GGAG/GAGG;rbs_spacer=5-10bp;gc_cont=0.329,100,287,139,1.69e-100,140,1,139,1,139,mobileOG_000418202,NA:Keyword,WP_001200537.1,stability/transfer/defense,NA,Multiple,Keyword Search,NODE_25_length_61741_cov_127.866989_20, 22862 # 23281 # -1 , 22862,23281,-1 ,25_20,25,20,00,ATG,GGAG/GAGG,5-10bp,0.329,NODE_25_length_61741_cov_127.866989,mobileOG_000418202_NODE_25_length_61741_cov_127.866989
116,"mobileOG_000074967|hfq|WP_000651963.1|phage|infection,regulation|Multiple|Homology",NODE_25_length_61741_cov_127.866989_41 # 36693 # 36878 # 1 # ID=25_41;partial=00;start_type=ATG;rbs_motif=GGA/GAG/AGG;rbs_spacer=11-12bp;gc_cont=0.274,100,114,61,1.33e-34,62,1,61,1,61,mobileOG_000074967,hfq,WP_000651963.1,phage,"infection,regulation",Multiple,Homology,NODE_25_length_61741_cov_127.866989_41, 36693 # 36878 # 1 , 36693,36878,1 ,25_41,25,41,00,ATG,GGA/GAG/AGG,11-12bp,0.274,NODE_25_length_61741_cov_127.866989,mobileOG_000074967_NODE_25_length_61741_cov_127.866989
117,mobileOG_000074963|topX|WP_012008596.1|replication/recombination/repair|NA|Multiple|Homology,NODE_25_length_61741_cov_127.866989_46 # 40227 # 42881 # -1 # ID=25_46;partial=00;start_type=ATG;rbs_motif=AGGAG;rbs_spacer=5-10bp;gc_cont=0.305,99.1,1720,884,0.0,885,1,884,1,884,mobileOG_000074963,topX,WP_012008596.1,replication/recombination/repair,NA,Multiple,Homology,NODE_25_length_61741_cov_127.866989_46, 40227 # 42881 # -1 , 40227,42881,-1 ,25_46,25,46,00,ATG,AGGAG,5-10bp,0.305,NODE_25_length_61741_cov_127.866989,mobileOG_000074963_NODE_25_length_61741_cov_127.866989
118,mobileOG_000342244|topX|WP_063676746.1|replication/recombination/repair|NA|Multiple|Homology,NODE_25_length_61741_cov_127.866989_46 # 40227 # 42881 # -1 # ID=25_46;partial=00;start_type=ATG;rbs_motif=AGGAG;rbs_spacer=5-10bp;gc_cont=0.305,99.0,1718,884,0.0,885,1,884,1,884,mobileOG_000342244,topX,WP_063676746.1,replication/recombination/repair,NA,Multiple,Homology,NODE_25_length_61741_cov_127.866989_46, 40227 # 42881 # -1 , 40227,42881,-1 ,25_46,25,46,00,ATG,AGGAG,5-10bp,0.305,NODE_25_length_61741_cov_127.866989,mobileOG_000342244_NODE_25_length_61741_cov_127.866989
119,mobileOG_000059990|topX|WP_000520758.1|replication/recombination/repair|NA|Multiple|Homology,NODE_25_length_61741_cov_127.866989_46 # 40227 # 42881 # -1 # ID=25_46;partial=00;start_type=ATG;rbs_motif=AGGAG;rbs_spacer=5-10bp;gc_cont=0.305,98.9,1717,884,0.0,885,1,884,1,884,mobileOG_000059990,topX,WP_000520758.1,replication/recombination/repair,NA,Multiple,Homology,NODE_25_length_61741_cov_127.866989_46, 40227 # 42881 # -1 , 40227,42881,-1 ,25_46,25,46,00,ATG,AGGAG,5-10bp,0.305,NODE_25_length_61741_cov_127.866989,mobileOG_000059990_NODE_25_length_61741_cov_127.866989
120,mobileOG_000341626|topX|WP_044798599.1|replication/recombination/repair|NA|Multiple|Homology,NODE_25_length_61741_cov_127.866989_46 # 40227 # 42881 # -1 # ID=25_46;partial=00;start_type=ATG;rbs_motif=AGGAG;rbs_spacer=5-10bp;gc_cont=0.305,98.2,1704,885,0.0,885,1,885,1,884,mobileOG_000341626,topX,WP_044798599.1,replication/recombination/repair,NA,Multiple,Homology,NODE_25_length_61741_cov_127.866989_46, 40227 # 42881 # -1 , 40227,42881,-1 ,25_46,25,46,00,ATG,AGGAG,5-10bp,0.305,NODE_25_length_61741_cov_127.866989,mobileOG_000341626_NODE_25_length_61741_cov_127.866989
121,mobileOG_000418193|NA:Keyword|WP_012008595.1|integration/excision|NA|COMPASS|Keyword Search,NODE_25_length_61741_cov_127.866989_48 # 43403 # 44347 # -1 # ID=25_48;partial=00;start_type=ATG;rbs_motif=GGA/GAG/AGG;rbs_spacer=5-10bp;gc_cont=0.321,99.7,626,314,5.39e-229,315,1,314,1,314,mobileOG_000418193,NA:Keyword,WP_012008595.1,integration/excision,NA,COMPASS,Keyword Search,NODE_25_length_61741_cov_127.866989_48, 43403 # 44347 # -1 , 43403,44347,-1 ,25_48,25,48,00,ATG,GGA/GAG/AGG,5-10bp,0.321,NODE_25_length_61741_cov_127.866989,mobileOG_000418193_NODE_25_length_61741_cov_127.866989
122,mobileOG_000418189|NA:Keyword|WP_001293227.1|stability/transfer/defense|NA|COMPASS|Keyword Search,NODE_25_length_61741_cov_127.866989_54 # 47207 # 47392 # -1 # ID=25_54;partial=00;start_type=ATG;rbs_motif=AGGA;rbs_spacer=5-10bp;gc_cont=0.301,98.4,115,61,4.64e-35,62,1,61,1,61,mobileOG_000418189,NA:Keyword,WP_001293227.1,stability/transfer/defense,NA,COMPASS,Keyword Search,NODE_25_length_61741_cov_127.866989_54, 47207 # 47392 # -1 , 47207,47392,-1 ,25_54,25,54,00,ATG,AGGA,5-10bp,0.301,NODE_25_length_61741_cov_127.866989,mobileOG_000418189_NODE_25_length_61741_cov_127.866989
123,mobileOG_000407616|NA:Keyword|WP_001293228.1|stability/transfer/defense|NA|COMPASS|Keyword Search,NODE_25_length_61741_cov_127.866989_54 # 47207 # 47392 # -1 # ID=25_54;partial=00;start_type=ATG;rbs_motif=AGGA;rbs_spacer=5-10bp;gc_cont=0.301,98.4,114,61,1.33e-34,62,1,61,1,61,mobileOG_000407616,NA:Keyword,WP_001293228.1,stability/transfer/defense,NA,COMPASS,Keyword Search,NODE_25_length_61741_cov_127.866989_54, 47207 # 47392 # -1 , 47207,47392,-1 ,25_54,25,54,00,ATG,AGGA,5-10bp,0.301,NODE_25_length_61741_cov_127.866989,mobileOG_000407616_NODE_25_length_61741_cov_127.866989
124,mobileOG_000408145|NA:Keyword|J7HUB5|transfer|NA|COMPASS|Keyword Search,NODE_25_length_61741_cov_127.866989_74 # 58533 # 61163 # -1 # ID=25_74;partial=00;start_type=ATG;rbs_motif=None;rbs_spacer=None;gc_cont=0.329,97.3,1688,852,0.0,877,2,852,26,876,mobileOG_000408145,NA:Keyword,J7HUB5,transfer,NA,COMPASS,Keyword Search,NODE_25_length_61741_cov_127.866989_74, 58533 # 61163 # -1 , 58533,61163,-1 ,25_74,25,74,00,ATG,None,None,0.329,NODE_25_length_61741_cov_127.866989,mobileOG_000408145_NODE_25_length_61741_cov_127.866989
125,mobileOG_000724414|NA:Keyword|A0A2B1U0L1|integration/excision|NA|ISFinder|Keyword Search,NODE_28_length_55399_cov_74.677579_65 # 54453 # 55397 # -1 # ID=28_65;partial=01;start_type=Edge;rbs_motif=None;rbs_spacer=None;gc_cont=0.329,95.2,590,361,6.52e-214,315,48,361,1,314,mobileOG_000724414,NA:Keyword,A0A2B1U0L1,integration/excision,NA,ISFinder,Keyword Search,NODE_28_length_55399_cov_74.677579_65, 54453 # 55397 # -1 , 54453,55397,-1 ,28_65,28,65,01,Edge,None,None,0.329,NODE_28_length_55399_cov_74.677579,mobileOG_000724414_NODE_28_length_55399_cov_74.677579
126,mobileOG_000724529|NA:Keyword|A0A2A9TQ51|integration/excision|NA|ISFinder|Keyword Search,NODE_31_length_42932_cov_101.985089_1 # 3 # 956 # 1 # ID=31_1;partial=10;start_type=Edge;rbs_motif=None;rbs_spacer=None;gc_cont=0.341,97.8,614,489,1.97e-221,318,173,489,1,317,mobileOG_000724529,NA:Keyword,A0A2A9TQ51,integration/excision,NA,ISFinder,Keyword Search,NODE_31_length_42932_cov_101.985089_1, 3 # 956 # 1 , 3,956,1 ,31_1,31,1,10,Edge,None,None,0.341,NODE_31_length_42932_cov_101.985089,mobileOG_000724529_NODE_31_length_42932_cov_101.985089
127,mobileOG_000738132|NA:Keyword|WP_168455195.1|integration/excision|NA|Plasmid RefSeq|Keyword Search,NODE_31_length_42932_cov_101.985089_1 # 3 # 956 # 1 # ID=31_1;partial=10;start_type=Edge;rbs_motif=None;rbs_spacer=None;gc_cont=0.341,96.8,608,489,7.59e-219,318,173,489,1,317,mobileOG_000738132,NA:Keyword,WP_168455195.1,integration/excision,NA,Plasmid RefSeq,Keyword Search,NODE_31_length_42932_cov_101.985089_1, 3 # 956 # 1 , 3,956,1 ,31_1,31,1,10,Edge,None,None,0.341,NODE_31_length_42932_cov_101.985089,mobileOG_000738132_NODE_31_length_42932_cov_101.985089
128,mobileOG_000737825|NA:Keyword|WP_042597717.1|integration/excision|NA|Multiple|Keyword Search,NODE_31_length_42932_cov_101.985089_1 # 3 # 956 # 1 # ID=31_1;partial=10;start_type=Edge;rbs_motif=None;rbs_spacer=None;gc_cont=0.341,96.8,607,479,1.52e-218,318,164,479,2,317,mobileOG_000737825,NA:Keyword,WP_042597717.1,integration/excision,NA,Multiple,Keyword Search,NODE_31_length_42932_cov_101.985089_1, 3 # 956 # 1 , 3,956,1 ,31_1,31,1,10,Edge,None,None,0.341,NODE_31_length_42932_cov_101.985089,mobileOG_000737825_NODE_31_length_42932_cov_101.985089
129,mobileOG_000737864|NA:Keyword|WP_063675602.1|integration/excision|NA|Multiple|Keyword Search,NODE_31_length_42932_cov_101.985089_1 # 3 # 956 # 1 # ID=31_1;partial=10;start_type=Edge;rbs_motif=None;rbs_spacer=None;gc_cont=0.341,96.8,607,493,1.77e-218,318,177,493,1,317,mobileOG_000737864,NA:Keyword,WP_063675602.1,integration/excision,NA,Multiple,Keyword Search,NODE_31_length_42932_cov_101.985089_1, 3 # 956 # 1 , 3,956,1 ,31_1,31,1,10,Edge,None,None,0.341,NODE_31_length_42932_cov_101.985089,mobileOG_000737864_NODE_31_length_42932_cov_101.985089
130,mobileOG_000738030|NA:Keyword|WP_119684458.1|integration/excision|NA|Multiple|Keyword Search,NODE_31_length_42932_cov_101.985089_1 # 3 # 956 # 1 # ID=31_1;partial=10;start_type=Edge;rbs_motif=None;rbs_spacer=None;gc_cont=0.341,97.2,606,488,2.98e-218,318,173,488,1,317,mobileOG_000738030,NA:Keyword,WP_119684458.1,integration/excision,NA,Multiple,Keyword Search,NODE_31_length_42932_cov_101.985089_1, 3 # 956 # 1 , 3,956,1 ,31_1,31,1,10,Edge,None,None,0.341,NODE_31_length_42932_cov_101.985089,mobileOG_000738030_NODE_31_length_42932_cov_101.985089
131,mobileOG_000737863|NA:Keyword|WP_061885131.1|integration/excision|NA|Multiple|Keyword Search,NODE_31_length_42932_cov_101.985089_1 # 3 # 956 # 1 # ID=31_1;partial=10;start_type=Edge;rbs_motif=None;rbs_spacer=None;gc_cont=0.341,96.2,606,489,3.08e-218,318,173,489,1,317,mobileOG_000737863,NA:Keyword,WP_061885131.1,integration/excision,NA,Multiple,Keyword Search,NODE_31_length_42932_cov_101.985089_1, 3 # 956 # 1 , 3,956,1 ,31_1,31,1,10,Edge,None,None,0.341,NODE_31_length_42932_cov_101.985089,mobileOG_000737863_NODE_31_length_42932_cov_101.985089
132,mobileOG_000738150|NA:Keyword|A0A380YCV3|integration/excision|NA|Plasmid RefSeq|Keyword Search,NODE_31_length_42932_cov_101.985089_1 # 3 # 956 # 1 # ID=31_1;partial=10;start_type=Edge;rbs_motif=None;rbs_spacer=None;gc_cont=0.341,96.5,604,489,1.78e-217,318,173,489,1,317,mobileOG_000738150,NA:Keyword,A0A380YCV3,integration/excision,NA,Plasmid RefSeq,Keyword Search,NODE_31_length_42932_cov_101.985089_1, 3 # 956 # 1 , 3,956,1 ,31_1,31,1,10,Edge,None,None,0.341,NODE_31_length_42932_cov_101.985089,mobileOG_000738150_NODE_31_length_42932_cov_101.985089
133,mobileOG_000411978|NA:Keyword|WP_063549940.1|integration/excision|NA|Multiple|Keyword Search,NODE_31_length_42932_cov_101.985089_1 # 3 # 956 # 1 # ID=31_1;partial=10;start_type=Edge;rbs_motif=None;rbs_spacer=None;gc_cont=0.341,95.9,600,489,8.39e-216,318,173,489,1,317,mobileOG_000411978,NA:Keyword,WP_063549940.1,integration/excision,NA,Multiple,Keyword Search,NODE_31_length_42932_cov_101.985089_1, 3 # 956 # 1 , 3,956,1 ,31_1,31,1,10,Edge,None,None,0.341,NODE_31_length_42932_cov_101.985089,mobileOG_000411978_NODE_31_length_42932_cov_101.985089
134,mobileOG_000337997|ndoA_1|WP_003253417.1|stability/transfer/defense|NA|Multiple|Homology,NODE_36_length_21585_cov_113.039892_15 # 16820 # 17149 # 1 # ID=36_15;partial=00;start_type=GTG;rbs_motif=TAA;rbs_spacer=11bp;gc_cont=0.394,94.5,201,116,2.36e-67,110,8,116,1,109,mobileOG_000337997,ndoA_1,WP_003253417.1,stability/transfer/defense,NA,Multiple,Homology,NODE_36_length_21585_cov_113.039892_15, 16820 # 17149 # 1 , 16820,17149,1 ,36_15,36,15,00,GTG,TAA,11bp,0.394,NODE_36_length_21585_cov_113.039892,mobileOG_000337997_NODE_36_length_21585_cov_113.039892
135,mobileOG_000006919|rex|A0A0G3DYA6|stability/transfer/defense|phage defense|GPD|Manual,NODE_40_length_15638_cov_113.127755_6 # 5399 # 6028 # 1 # ID=40_6;partial=00;start_type=ATG;rbs_motif=AGGAG;rbs_spacer=5-10bp;gc_cont=0.360,98.1,404,209,1.06e-144,210,1,209,1,209,mobileOG_000006919,rex,A0A0G3DYA6,stability/transfer/defense,phage defense,GPD,Manual,NODE_40_length_15638_cov_113.127755_6, 5399 # 6028 # 1 , 5399,6028,1 ,40_6,40,6,00,ATG,AGGAG,5-10bp,0.360,NODE_40_length_15638_cov_113.127755,mobileOG_000006919_NODE_40_length_15638_cov_113.127755
136,mobileOG_000100345|groS|A0A2A2NYR2|phage|structural|GPD|Homology,NODE_40_length_15638_cov_113.127755_8 # 7397 # 7681 # 1 # ID=40_8;partial=00;start_type=ATG;rbs_motif=AGGAG;rbs_spacer=5-10bp;gc_cont=0.386,98.9,180,94,1.56e-59,95,1,94,1,94,mobileOG_000100345,groS,A0A2A2NYR2,phage,structural,GPD,Homology,NODE_40_length_15638_cov_113.127755_8, 7397 # 7681 # 1 , 7397,7681,1 ,40_8,40,8,00,ATG,AGGAG,5-10bp,0.386,NODE_40_length_15638_cov_113.127755,mobileOG_000100345_NODE_40_length_15638_cov_113.127755
137,"mobileOG_000006918|groEL|A0A0G3E520|phage|replication,chaperone|GPD|Manual",NODE_40_length_15638_cov_113.127755_9 # 7720 # 9354 # 1 # ID=40_9;partial=00;start_type=ATG;rbs_motif=AGxAGG/AGGxGG;rbs_spacer=5-10bp;gc_cont=0.418,98.7,962,544,0.0,545,1,529,1,529,mobileOG_000006918,groEL,A0A0G3E520,phage,"replication,chaperone",GPD,Manual,NODE_40_length_15638_cov_113.127755_9, 7720 # 9354 # 1 , 7720,9354,1 ,40_9,40,9,00,ATG,AGxAGG/AGGxGG,5-10bp,0.418,NODE_40_length_15638_cov_113.127755,mobileOG_000006918_NODE_40_length_15638_cov_113.127755
138,"mobileOG_000064207|bin3|WP_042631210.1|integration/excision|replication,inversion|Multiple|Homology",NODE_50_length_7494_cov_340.243495_9 # 5995 # 6606 # -1 # ID=50_9;partial=00;start_type=ATG;rbs_motif=GGxGG;rbs_spacer=5-10bp;gc_cont=0.371,100,399,203,6.40e-143,204,1,203,1,203,mobileOG_000064207,bin3,WP_042631210.1,integration/excision,"replication,inversion",Multiple,Homology,NODE_50_length_7494_cov_340.243495_9, 5995 # 6606 # -1 , 5995,6606,-1 ,50_9,50,9,00,ATG,GGxGG,5-10bp,0.371,NODE_50_length_7494_cov_340.243495,mobileOG_000064207_NODE_50_length_7494_cov_340.243495
139,mobileOG_000036767|NA|Q74P20|integration/excision|NA|ACLAME|Homology,NODE_57_length_1582_cov_143.168771_1 # 126 # 1508 # -1 # ID=57_1;partial=00;start_type=ATG;rbs_motif=None;rbs_spacer=None;gc_cont=0.366,98.3,876,460,0.0,461,1,460,1,460,mobileOG_000036767,NA,Q74P20,integration/excision,NA,ACLAME,Homology,NODE_57_length_1582_cov_143.168771_1, 126 # 1508 # -1 , 126,1508,-1 ,57_1,57,1,00,ATG,None,None,0.366,NODE_57_length_1582_cov_143.168771,mobileOG_000036767_NODE_57_length_1582_cov_143.168771
140,mobileOG_000056211|NA|A0A151V3J5|integration/excision|NA|COMPASS|Homology,NODE_57_length_1582_cov_143.168771_1 # 126 # 1508 # -1 # ID=57_1;partial=00;start_type=ATG;rbs_motif=None;rbs_spacer=None;gc_cont=0.366,98.2,867,456,0.0,461,1,456,5,460,mobileOG_000056211,NA,A0A151V3J5,integration/excision,NA,COMPASS,Homology,NODE_57_length_1582_cov_143.168771_1, 126 # 1508 # -1 , 126,1508,-1 ,57_1,57,1,00,ATG,None,None,0.366,NODE_57_length_1582_cov_143.168771,mobileOG_000056211_NODE_57_length_1582_cov_143.168771
141,mobileOG_000298044|tnpB|WP_139894776.1|integration/excision|NA|Plasmid RefSeq|Homology,NODE_58_length_855_cov_66.764781_1 # 2 # 853 # 1 # ID=58_1;partial=11;start_type=Edge;rbs_motif=None;rbs_spacer=None;gc_cont=0.360,98.2,522,372,1.79e-187,284,1,275,10,284,mobileOG_000298044,tnpB,WP_139894776.1,integration/excision,NA,Plasmid RefSeq,Homology,NODE_58_length_855_cov_66.764781_1, 2 # 853 # 1 , 2,853,1 ,58_1,58,1,11,Edge,None,None,0.360,NODE_58_length_855_cov_66.764781,mobileOG_000298044_NODE_58_length_855_cov_66.764781
142,mobileOG_000297748|tnpB|WP_016127852.1|integration/excision|NA|Multiple|Homology,NODE_58_length_855_cov_66.764781_1 # 2 # 853 # 1 # ID=58_1;partial=11;start_type=Edge;rbs_motif=None;rbs_spacer=None;gc_cont=0.360,96.4,514,373,4.15e-184,284,2,276,10,284,mobileOG_000297748,tnpB,WP_016127852.1,integration/excision,NA,Multiple,Homology,NODE_58_length_855_cov_66.764781_1, 2 # 853 # 1 , 2,853,1 ,58_1,58,1,11,Edge,None,None,0.360,NODE_58_length_855_cov_66.764781,mobileOG_000297748_NODE_58_length_855_cov_66.764781
143,mobileOG_000297868|tnpB|WP_059304392.1|integration/excision|NA|Multiple|Homology,NODE_58_length_855_cov_66.764781_1 # 2 # 853 # 1 # ID=58_1;partial=11;start_type=Edge;rbs_motif=None;rbs_spacer=None;gc_cont=0.360,94.9,509,373,2.78e-182,284,2,276,10,284,mobileOG_000297868,tnpB,WP_059304392.1,integration/excision,NA,Multiple,Homology,NODE_58_length_855_cov_66.764781_1, 2 # 853 # 1 , 2,853,1 ,58_1,58,1,11,Edge,None,None,0.360,NODE_58_length_855_cov_66.764781,mobileOG_000297868_NODE_58_length_855_cov_66.764781
144,mobileOG_000036333|tnpB|WP_000906728.1|integration/excision|NA|Multiple|Homology,NODE_58_length_855_cov_66.764781_1 # 2 # 853 # 1 # ID=58_1;partial=11;start_type=Edge;rbs_motif=None;rbs_spacer=None;gc_cont=0.360,94.9,507,373,1.61e-181,284,2,276,10,284,mobileOG_000036333,tnpB,WP_000906728.1,integration/excision,NA,Multiple,Homology,NODE_58_length_855_cov_66.764781_1, 2 # 853 # 1 , 2,853,1 ,58_1,58,1,11,Edge,None,None,0.360,NODE_58_length_855_cov_66.764781,mobileOG_000036333_NODE_58_length_855_cov_66.764781
145,mobileOG_000297867|tnpB|WP_059304382.1|integration/excision|NA|Multiple|Homology,NODE_58_length_855_cov_66.764781_1 # 2 # 853 # 1 # ID=58_1;partial=11;start_type=Edge;rbs_motif=None;rbs_spacer=None;gc_cont=0.360,94.9,507,373,1.61e-181,284,2,276,10,284,mobileOG_000297867,tnpB,WP_059304382.1,integration/excision,NA,Multiple,Homology,NODE_58_length_855_cov_66.764781_1, 2 # 853 # 1 , 2,853,1 ,58_1,58,1,11,Edge,None,None,0.360,NODE_58_length_855_cov_66.764781,mobileOG_000297867_NODE_58_length_855_cov_66.764781
146,mobileOG_000297814|tnpB|WP_041867962.1|integration/excision|NA|Multiple|Homology,NODE_58_length_855_cov_66.764781_1 # 2 # 853 # 1 # ID=58_1;partial=11;start_type=Edge;rbs_motif=None;rbs_spacer=None;gc_cont=0.360,95.3,507,373,2.28e-181,284,2,276,10,284,mobileOG_000297814,tnpB,WP_041867962.1,integration/excision,NA,Multiple,Homology,NODE_58_length_855_cov_66.764781_1, 2 # 853 # 1 , 2,853,1 ,58_1,58,1,11,Edge,None,None,0.360,NODE_58_length_855_cov_66.764781,mobileOG_000297814_NODE_58_length_855_cov_66.764781
147,mobileOG_000297956|tnpB|WP_089149150.1|integration/excision|NA|Plasmid RefSeq|Homology,NODE_58_length_855_cov_66.764781_1 # 2 # 853 # 1 # ID=58_1;partial=11;start_type=Edge;rbs_motif=None;rbs_spacer=None;gc_cont=0.360,93.8,506,373,3.24e-181,284,2,276,10,284,mobileOG_000297956,tnpB,WP_089149150.1,integration/excision,NA,Plasmid RefSeq,Homology,NODE_58_length_855_cov_66.764781_1, 2 # 853 # 1 , 2,853,1 ,58_1,58,1,11,Edge,None,None,0.360,NODE_58_length_855_cov_66.764781,mobileOG_000297956_NODE_58_length_855_cov_66.764781
148,mobileOG_000040636|tnpB|WP_000973303.1|integration/excision|NA|COMPASS|Homology,NODE_58_length_855_cov_66.764781_1 # 2 # 853 # 1 # ID=58_1;partial=11;start_type=Edge;rbs_motif=None;rbs_spacer=None;gc_cont=0.360,95.3,506,372,4.43e-181,284,1,275,10,284,mobileOG_000040636,tnpB,WP_000973303.1,integration/excision,NA,COMPASS,Homology,NODE_58_length_855_cov_66.764781_1, 2 # 853 # 1 , 2,853,1 ,58_1,58,1,11,Edge,None,None,0.360,NODE_58_length_855_cov_66.764781,mobileOG_000040636_NODE_58_length_855_cov_66.764781
149,mobileOG_000036341|tnpB|WP_000906727.1|integration/excision|NA|Multiple|Homology,NODE_58_length_855_cov_66.764781_1 # 2 # 853 # 1 # ID=58_1;partial=11;start_type=Edge;rbs_motif=None;rbs_spacer=None;gc_cont=0.360,94.5,506,373,4.60e-181,284,2,276,10,284,mobileOG_000036341,tnpB,WP_000906727.1,integration/excision,NA,Multiple,Homology,NODE_58_length_855_cov_66.764781_1, 2 # 853 # 1 , 2,853,1 ,58_1,58,1,11,Edge,None,None,0.360,NODE_58_length_855_cov_66.764781,mobileOG_000036341_NODE_58_length_855_cov_66.764781
150,mobileOG_000297686|tnpB|WP_000973303.1|integration/excision|NA|Plasmid RefSeq|Homology,NODE_58_length_855_cov_66.764781_1 # 2 # 853 # 1 # ID=58_1;partial=11;start_type=Edge;rbs_motif=None;rbs_spacer=None;gc_cont=0.360,95.3,506,373,4.60e-181,284,2,276,10,284,mobileOG_000297686,tnpB,WP_000973303.1,integration/excision,NA,Plasmid RefSeq,Homology,NODE_58_length_855_cov_66.764781_1, 2 # 853 # 1 , 2,853,1 ,58_1,58,1,11,Edge,None,None,0.360,NODE_58_length_855_cov_66.764781,mobileOG_000297686_NODE_58_length_855_cov_66.764781
151,mobileOG_000298060|tnpB|WP_149217113.1|integration/excision|NA|Plasmid RefSeq|Homology,NODE_58_length_855_cov_66.764781_1 # 2 # 853 # 1 # ID=58_1;partial=11;start_type=Edge;rbs_motif=None;rbs_spacer=None;gc_cont=0.360,94.2,506,372,6.30e-181,284,1,275,10,284,mobileOG_000298060,tnpB,WP_149217113.1,integration/excision,NA,Plasmid RefSeq,Homology,NODE_58_length_855_cov_66.764781_1, 2 # 853 # 1 , 2,853,1 ,58_1,58,1,11,Edge,None,None,0.360,NODE_58_length_855_cov_66.764781,mobileOG_000298060_NODE_58_length_855_cov_66.764781
152,mobileOG_000297812|tnpB|WP_041867958.1|integration/excision|NA|Multiple|Homology,NODE_58_length_855_cov_66.764781_1 # 2 # 853 # 1 # ID=58_1;partial=11;start_type=Edge;rbs_motif=None;rbs_spacer=None;gc_cont=0.360,94.9,506,373,6.53e-181,284,2,276,10,284,mobileOG_000297812,tnpB,WP_041867958.1,integration/excision,NA,Multiple,Homology,NODE_58_length_855_cov_66.764781_1, 2 # 853 # 1 , 2,853,1 ,58_1,58,1,11,Edge,None,None,0.360,NODE_58_length_855_cov_66.764781,mobileOG_000297812_NODE_58_length_855_cov_66.764781
153,mobileOG_000070947|tnpB|WP_062804563.1|integration/excision|NA|COMPASS|Homology,NODE_58_length_855_cov_66.764781_1 # 2 # 853 # 1 # ID=58_1;partial=11;start_type=Edge;rbs_motif=None;rbs_spacer=None;gc_cont=0.360,93.2,506,378,7.80e-181,284,1,281,4,284,mobileOG_000070947,tnpB,WP_062804563.1,integration/excision,NA,COMPASS,Homology,NODE_58_length_855_cov_66.764781_1, 2 # 853 # 1 , 2,853,1 ,58_1,58,1,11,Edge,None,None,0.360,NODE_58_length_855_cov_66.764781,mobileOG_000070947_NODE_58_length_855_cov_66.764781
154,mobileOG_000298059|tnpB|WP_149191235.1|integration/excision|NA|Plasmid RefSeq|Homology,NODE_58_length_855_cov_66.764781_1 # 2 # 853 # 1 # ID=58_1;partial=11;start_type=Edge;rbs_motif=None;rbs_spacer=None;gc_cont=0.360,95.3,505,373,9.26e-181,284,2,276,10,284,mobileOG_000298059,tnpB,WP_149191235.1,integration/excision,NA,Plasmid RefSeq,Homology,NODE_58_length_855_cov_66.764781_1, 2 # 853 # 1 , 2,853,1 ,58_1,58,1,11,Edge,None,None,0.360,NODE_58_length_855_cov_66.764781,mobileOG_000298059_NODE_58_length_855_cov_66.764781
155,mobileOG_000064592|tnpB|WP_000973293.1|integration/excision|NA|COMPASS|Homology,NODE_58_length_855_cov_66.764781_1 # 2 # 853 # 1 # ID=58_1;partial=11;start_type=Edge;rbs_motif=None;rbs_spacer=None;gc_cont=0.360,93.8,503,332,1.74e-180,284,2,276,10,284,mobileOG_000064592,tnpB,WP_000973293.1,integration/excision,NA,COMPASS,Homology,NODE_58_length_855_cov_66.764781_1, 2 # 853 # 1 , 2,853,1 ,58_1,58,1,11,Edge,None,None,0.360,NODE_58_length_855_cov_66.764781,mobileOG_000064592_NODE_58_length_855_cov_66.764781
156,mobileOG_000737863|NA:Keyword|WP_061885131.1|integration/excision|NA|Multiple|Keyword Search,NODE_65_length_474_cov_237.163728_1 # 1 # 474 # -1 # ID=65_1;partial=11;start_type=Edge;rbs_motif=None;rbs_spacer=None;gc_cont=0.314,98.7,315,489,2.55e-106,158,40,197,1,158,mobileOG_000737863,NA:Keyword,WP_061885131.1,integration/excision,NA,Multiple,Keyword Search,NODE_65_length_474_cov_237.163728_1, 1 # 474 # -1 , 1,474,-1 ,65_1,65,1,11,Edge,None,None,0.314,NODE_65_length_474_cov_237.163728,mobileOG_000737863_NODE_65_length_474_cov_237.163728
157,mobileOG_000738150|NA:Keyword|A0A380YCV3|integration/excision|NA|Plasmid RefSeq|Keyword Search,NODE_65_length_474_cov_237.163728_1 # 1 # 474 # -1 # ID=65_1;partial=11;start_type=Edge;rbs_motif=None;rbs_spacer=None;gc_cont=0.314,98.7,313,489,1.45e-105,158,40,196,1,157,mobileOG_000738150,NA:Keyword,A0A380YCV3,integration/excision,NA,Plasmid RefSeq,Keyword Search,NODE_65_length_474_cov_237.163728_1, 1 # 474 # -1 , 1,474,-1 ,65_1,65,1,11,Edge,None,None,0.314,NODE_65_length_474_cov_237.163728,mobileOG_000738150_NODE_65_length_474_cov_237.163728
158,mobileOG_000737864|NA:Keyword|WP_063675602.1|integration/excision|NA|Multiple|Keyword Search,NODE_65_length_474_cov_237.163728_1 # 1 # 474 # -1 # ID=65_1;partial=11;start_type=Edge;rbs_motif=None;rbs_spacer=None;gc_cont=0.314,97.5,313,493,1.63e-105,158,40,201,1,158,mobileOG_000737864,NA:Keyword,WP_063675602.1,integration/excision,NA,Multiple,Keyword Search,NODE_65_length_474_cov_237.163728_1, 1 # 474 # -1 , 1,474,-1 ,65_1,65,1,11,Edge,None,None,0.314,NODE_65_length_474_cov_237.163728,mobileOG_000737864_NODE_65_length_474_cov_237.163728
159,mobileOG_000411978|NA:Keyword|WP_063549940.1|integration/excision|NA|Multiple|Keyword Search,NODE_65_length_474_cov_237.163728_1 # 1 # 474 # -1 # ID=65_1;partial=11;start_type=Edge;rbs_motif=None;rbs_spacer=None;gc_cont=0.314,97.5,311,489,1.17e-104,158,40,197,1,158,mobileOG_000411978,NA:Keyword,WP_063549940.1,integration/excision,NA,Multiple,Keyword Search,NODE_65_length_474_cov_237.163728_1, 1 # 474 # -1 , 1,474,-1 ,65_1,65,1,11,Edge,None,None,0.314,NODE_65_length_474_cov_237.163728,mobileOG_000411978_NODE_65_length_474_cov_237.163728
160,mobileOG_000738030|NA:Keyword|WP_119684458.1|integration/excision|NA|Multiple|Keyword Search,NODE_65_length_474_cov_237.163728_1 # 1 # 474 # -1 # ID=65_1;partial=11;start_type=Edge;rbs_motif=None;rbs_spacer=None;gc_cont=0.314,97.5,308,488,1.29e-103,158,40,197,1,158,mobileOG_000738030,NA:Keyword,WP_119684458.1,integration/excision,NA,Multiple,Keyword Search,NODE_65_length_474_cov_237.163728_1, 1 # 474 # -1 , 1,474,-1 ,65_1,65,1,11,Edge,None,None,0.314,NODE_65_length_474_cov_237.163728,mobileOG_000738030_NODE_65_length_474_cov_237.163728
161,mobileOG_000738132|NA:Keyword|WP_168455195.1|integration/excision|NA|Plasmid RefSeq|Keyword Search,NODE_65_length_474_cov_237.163728_1 # 1 # 474 # -1 # ID=65_1;partial=11;start_type=Edge;rbs_motif=None;rbs_spacer=None;gc_cont=0.314,97.5,308,489,1.33e-103,158,40,197,1,158,mobileOG_000738132,NA:Keyword,WP_168455195.1,integration/excision,NA,Plasmid RefSeq,Keyword Search,NODE_65_length_474_cov_237.163728_1, 1 # 474 # -1 , 1,474,-1 ,65_1,65,1,11,Edge,None,None,0.314,NODE_65_length_474_cov_237.163728,mobileOG_000738132_NODE_65_length_474_cov_237.163728
162,mobileOG_000724529|NA:Keyword|A0A2A9TQ51|integration/excision|NA|ISFinder|Keyword Search,NODE_65_length_474_cov_237.163728_1 # 1 # 474 # -1 # ID=65_1;partial=11;start_type=Edge;rbs_motif=None;rbs_spacer=None;gc_cont=0.314,96.2,307,489,2.66e-103,158,40,197,1,158,mobileOG_000724529,NA:Keyword,A0A2A9TQ51,integration/excision,NA,ISFinder,Keyword Search,NODE_65_length_474_cov_237.163728_1, 1 # 474 # -1 , 1,474,-1 ,65_1,65,1,11,Edge,None,None,0.314,NODE_65_length_474_cov_237.163728,mobileOG_000724529_NODE_65_length_474_cov_237.163728
163,mobileOG_000737825|NA:Keyword|WP_042597717.1|integration/excision|NA|Multiple|Keyword Search,NODE_65_length_474_cov_237.163728_1 # 1 # 474 # -1 # ID=65_1;partial=11;start_type=Edge;rbs_motif=None;rbs_spacer=None;gc_cont=0.314,93.7,289,479,3.48e-96,158,40,187,1,158,mobileOG_000737825,NA:Keyword,WP_042597717.1,integration/excision,NA,Multiple,Keyword Search,NODE_65_length_474_cov_237.163728_1, 1 # 474 # -1 , 1,474,-1 ,65_1,65,1,11,Edge,None,None,0.314,NODE_65_length_474_cov_237.163728,mobileOG_000737825_NODE_65_length_474_cov_237.163728
164,mobileOG_000298044|tnpB|WP_139894776.1|integration/excision|NA|Plasmid RefSeq|Homology,NODE_66_length_453_cov_174.704787_1 # 1 # 369 # 1 # ID=66_1;partial=10;start_type=Edge;rbs_motif=None;rbs_spacer=None;gc_cont=0.355,96.7,245,372,6.18e-81,123,251,372,1,122,mobileOG_000298044,tnpB,WP_139894776.1,integration/excision,NA,Plasmid RefSeq,Homology,NODE_66_length_453_cov_174.704787_1, 1 # 369 # 1 , 1,369,1 ,66_1,66,1,10,Edge,None,None,0.355,NODE_66_length_453_cov_174.704787,mobileOG_000298044_NODE_66_length_453_cov_174.704787
165,mobileOG_000407612|NA:Keyword|WP_061884949.1|integration/excision|NA|COMPASS|Keyword Search,NODE_66_length_453_cov_174.704787_1 # 1 # 369 # 1 # ID=66_1;partial=10;start_type=Edge;rbs_motif=None;rbs_spacer=None;gc_cont=0.355,91.8,236,152,2.49e-80,123,31,152,1,122,mobileOG_000407612,NA:Keyword,WP_061884949.1,integration/excision,NA,COMPASS,Keyword Search,NODE_66_length_453_cov_174.704787_1, 1 # 369 # 1 , 1,369,1 ,66_1,66,1,10,Edge,None,None,0.355,NODE_66_length_453_cov_174.704787,mobileOG_000407612_NODE_66_length_453_cov_174.704787
166,mobileOG_000298027|tnpB|WP_015406625.1|integration/excision|NA|Plasmid RefSeq|Homology,NODE_66_length_453_cov_174.704787_1 # 1 # 369 # 1 # ID=66_1;partial=10;start_type=Edge;rbs_motif=None;rbs_spacer=None;gc_cont=0.355,91.0,234,203,5.55e-79,123,82,203,1,122,mobileOG_000298027,tnpB,WP_015406625.1,integration/excision,NA,Plasmid RefSeq,Homology,NODE_66_length_453_cov_174.704787_1, 1 # 369 # 1 , 1,369,1 ,66_1,66,1,10,Edge,None,None,0.355,NODE_66_length_453_cov_174.704787,mobileOG_000298027_NODE_66_length_453_cov_174.704787
167,mobileOG_000407609|NA:Keyword|WP_015406602.1|integration/excision|NA|COMPASS|Keyword Search,NODE_66_length_453_cov_174.704787_1 # 1 # 369 # 1 # ID=66_1;partial=10;start_type=Edge;rbs_motif=None;rbs_spacer=None;gc_cont=0.355,91.0,232,152,5.87e-79,123,31,152,1,122,mobileOG_000407609,NA:Keyword,WP_015406602.1,integration/excision,NA,COMPASS,Keyword Search,NODE_66_length_453_cov_174.704787_1, 1 # 369 # 1 , 1,369,1 ,66_1,66,1,10,Edge,None,None,0.355,NODE_66_length_453_cov_174.704787,mobileOG_000407609_NODE_66_length_453_cov_174.704787
168,mobileOG_000738050|NA:Keyword|WP_040120033.1|integration/excision|NA|Plasmid RefSeq|Keyword Search,NODE_66_length_453_cov_174.704787_1 # 1 # 369 # 1 # ID=66_1;partial=10;start_type=Edge;rbs_motif=None;rbs_spacer=None;gc_cont=0.355,90.2,231,179,2.91e-78,123,58,179,1,122,mobileOG_000738050,NA:Keyword,WP_040120033.1,integration/excision,NA,Plasmid RefSeq,Keyword Search,NODE_66_length_453_cov_174.704787_1, 1 # 369 # 1 , 1,369,1 ,66_1,66,1,10,Edge,None,None,0.355,NODE_66_length_453_cov_174.704787,mobileOG_000738050_NODE_66_length_453_cov_174.704787
169,mobileOG_000043319|tnpB|WP_000973295.1|integration/excision|NA|COMPASS|Homology,NODE_66_length_453_cov_174.704787_1 # 1 # 369 # 1 # ID=66_1;partial=10;start_type=Edge;rbs_motif=None;rbs_spacer=None;gc_cont=0.355,91.8,236,312,3.12e-78,123,191,312,1,122,mobileOG_000043319,tnpB,WP_000973295.1,integration/excision,NA,COMPASS,Homology,NODE_66_length_453_cov_174.704787_1, 1 # 369 # 1 , 1,369,1 ,66_1,66,1,10,Edge,None,None,0.355,NODE_66_length_453_cov_174.704787,mobileOG_000043319_NODE_66_length_453_cov_174.704787
170,mobileOG_000036338|tnpB|WP_000973292.1|integration/excision|NA|ACLAME|Homology,NODE_66_length_453_cov_174.704787_1 # 1 # 369 # 1 # ID=66_1;partial=10;start_type=Edge;rbs_motif=None;rbs_spacer=None;gc_cont=0.355,93.4,238,372,3.24e-78,123,251,372,1,122,mobileOG_000036338,tnpB,WP_000973292.1,integration/excision,NA,ACLAME,Homology,NODE_66_length_453_cov_174.704787_1, 1 # 369 # 1 , 1,369,1 ,66_1,66,1,10,Edge,None,None,0.355,NODE_66_length_453_cov_174.704787,mobileOG_000036338_NODE_66_length_453_cov_174.704787
171,mobileOG_000036342|tnpB|WP_000973293.1|integration/excision|NA|ACLAME|Homology,NODE_66_length_453_cov_174.704787_1 # 1 # 369 # 1 # ID=66_1;partial=10;start_type=Edge;rbs_motif=None;rbs_spacer=None;gc_cont=0.355,93.4,238,372,3.24e-78,123,251,372,1,122,mobileOG_000036342,tnpB,WP_000973293.1,integration/excision,NA,ACLAME,Homology,NODE_66_length_453_cov_174.704787_1, 1 # 369 # 1 , 1,369,1 ,66_1,66,1,10,Edge,None,None,0.355,NODE_66_length_453_cov_174.704787,mobileOG_000036342_NODE_66_length_453_cov_174.704787
172,mobileOG_000036344|tnpB|WP_000973287.1|integration/excision|NA|ACLAME|Homology,NODE_66_length_453_cov_174.704787_1 # 1 # 369 # 1 # ID=66_1;partial=10;start_type=Edge;rbs_motif=None;rbs_spacer=None;gc_cont=0.355,93.4,238,372,3.24e-78,123,251,372,1,122,mobileOG_000036344,tnpB,WP_000973287.1,integration/excision,NA,ACLAME,Homology,NODE_66_length_453_cov_174.704787_1, 1 # 369 # 1 , 1,369,1 ,66_1,66,1,10,Edge,None,None,0.355,NODE_66_length_453_cov_174.704787,mobileOG_000036344_NODE_66_length_453_cov_174.704787
173,mobileOG_000056318|tnpB|WP_000973292.1|integration/excision|NA|Multiple|Homology,NODE_66_length_453_cov_174.704787_1 # 1 # 369 # 1 # ID=66_1;partial=10;start_type=Edge;rbs_motif=None;rbs_spacer=None;gc_cont=0.355,93.4,238,373,3.34e-78,123,252,373,1,122,mobileOG_000056318,tnpB,WP_000973292.1,integration/excision,NA,Multiple,Homology,NODE_66_length_453_cov_174.704787_1, 1 # 369 # 1 , 1,369,1 ,66_1,66,1,10,Edge,None,None,0.355,NODE_66_length_453_cov_174.704787,mobileOG_000056318_NODE_66_length_453_cov_174.704787
174,mobileOG_000056321|tnpB|WP_000973287.1|integration/excision|NA|Multiple|Homology,NODE_66_length_453_cov_174.704787_1 # 1 # 369 # 1 # ID=66_1;partial=10;start_type=Edge;rbs_motif=None;rbs_spacer=None;gc_cont=0.355,93.4,238,373,3.34e-78,123,252,373,1,122,mobileOG_000056321,tnpB,WP_000973287.1,integration/excision,NA,Multiple,Homology,NODE_66_length_453_cov_174.704787_1, 1 # 369 # 1 , 1,369,1 ,66_1,66,1,10,Edge,None,None,0.355,NODE_66_length_453_cov_174.704787,mobileOG_000056321_NODE_66_length_453_cov_174.704787
175,mobileOG_000297682|tnpB|WP_000973293.1|integration/excision|NA|Multiple|Homology,NODE_66_length_453_cov_174.704787_1 # 1 # 369 # 1 # ID=66_1;partial=10;start_type=Edge;rbs_motif=None;rbs_spacer=None;gc_cont=0.355,93.4,238,373,3.34e-78,123,252,373,1,122,mobileOG_000297682,tnpB,WP_000973293.1,integration/excision,NA,Multiple,Homology,NODE_66_length_453_cov_174.704787_1, 1 # 369 # 1 , 1,369,1 ,66_1,66,1,10,Edge,None,None,0.355,NODE_66_length_453_cov_174.704787,mobileOG_000297682_NODE_66_length_453_cov_174.704787
176,mobileOG_000036334|tnpB|WP_000973290.1|integration/excision|NA|ACLAME|Homology,NODE_66_length_453_cov_174.704787_1 # 1 # 369 # 1 # ID=66_1;partial=10;start_type=Edge;rbs_motif=None;rbs_spacer=None;gc_cont=0.355,92.6,237,372,6.50e-78,123,251,372,1,122,mobileOG_000036334,tnpB,WP_000973290.1,integration/excision,NA,ACLAME,Homology,NODE_66_length_453_cov_174.704787_1, 1 # 369 # 1 , 1,369,1 ,66_1,66,1,10,Edge,None,None,0.355,NODE_66_length_453_cov_174.704787,mobileOG_000036334_NODE_66_length_453_cov_174.704787
177,mobileOG_000056315|tnpB|WP_000973290.1|integration/excision|NA|Multiple|Homology,NODE_66_length_453_cov_174.704787_1 # 1 # 369 # 1 # ID=66_1;partial=10;start_type=Edge;rbs_motif=None;rbs_spacer=None;gc_cont=0.355,92.6,237,373,6.69e-78,123,252,373,1,122,mobileOG_000056315,tnpB,WP_000973290.1,integration/excision,NA,Multiple,Homology,NODE_66_length_453_cov_174.704787_1, 1 # 369 # 1 , 1,369,1 ,66_1,66,1,10,Edge,None,None,0.355,NODE_66_length_453_cov_174.704787,mobileOG_000056315_NODE_66_length_453_cov_174.704787
178,mobileOG_000297688|tnpB|WP_000973315.1|integration/excision|NA|Multiple|Homology,NODE_66_length_453_cov_174.704787_1 # 1 # 369 # 1 # ID=66_1;partial=10;start_type=Edge;rbs_motif=None;rbs_spacer=None;gc_cont=0.355,92.6,237,373,9.47e-78,123,252,373,1,122,mobileOG_000297688,tnpB,WP_000973315.1,integration/excision,NA,Multiple,Homology,NODE_66_length_453_cov_174.704787_1, 1 # 369 # 1 , 1,369,1 ,66_1,66,1,10,Edge,None,None,0.355,NODE_66_length_453_cov_174.704787,mobileOG_000297688_NODE_66_length_453_cov_174.704787
179,mobileOG_000298044|tnpB|WP_139894776.1|integration/excision|NA|Plasmid RefSeq|Homology,NODE_67_length_434_cov_78.263305_1 # 1 # 432 # 1 # ID=67_1;partial=11;start_type=Edge;rbs_motif=None;rbs_spacer=None;gc_cont=0.359,97.2,270,372,3.04e-90,144,132,275,1,144,mobileOG_000298044,tnpB,WP_139894776.1,integration/excision,NA,Plasmid RefSeq,Homology,NODE_67_length_434_cov_78.263305_1, 1 # 432 # 1 , 1,432,1 ,67_1,67,1,11,Edge,None,None,0.359,NODE_67_length_434_cov_78.263305,mobileOG_000298044_NODE_67_length_434_cov_78.263305
180,mobileOG_000065854|tnpB|WP_059304382.1|integration/excision|NA|COMPASS|Homology,NODE_67_length_434_cov_78.263305_1 # 1 # 432 # 1 # ID=67_1;partial=11;start_type=Edge;rbs_motif=None;rbs_spacer=None;gc_cont=0.359,93.8,264,218,4.09e-90,144,5,148,1,144,mobileOG_000065854,tnpB,WP_059304382.1,integration/excision,NA,COMPASS,Homology,NODE_67_length_434_cov_78.263305_1, 1 # 432 # 1 , 1,432,1 ,67_1,67,1,11,Edge,None,None,0.359,NODE_67_length_434_cov_78.263305,mobileOG_000065854_NODE_67_length_434_cov_78.263305
181,mobileOG_000297867|tnpB|WP_059304382.1|integration/excision|NA|Multiple|Homology,NODE_67_length_434_cov_78.263305_1 # 1 # 432 # 1 # ID=67_1;partial=11;start_type=Edge;rbs_motif=None;rbs_spacer=None;gc_cont=0.359,93.8,264,373,5.85e-88,144,133,276,1,144,mobileOG_000297867,tnpB,WP_059304382.1,integration/excision,NA,Multiple,Homology,NODE_67_length_434_cov_78.263305_1, 1 # 432 # 1 , 1,432,1 ,67_1,67,1,11,Edge,None,None,0.359,NODE_67_length_434_cov_78.263305,mobileOG_000297867_NODE_67_length_434_cov_78.263305
182,mobileOG_000040636|tnpB|WP_000973303.1|integration/excision|NA|COMPASS|Homology,NODE_67_length_434_cov_78.263305_1 # 1 # 432 # 1 # ID=67_1;partial=11;start_type=Edge;rbs_motif=None;rbs_spacer=None;gc_cont=0.359,94.4,263,372,1.61e-87,144,132,275,1,144,mobileOG_000040636,tnpB,WP_000973303.1,integration/excision,NA,COMPASS,Homology,NODE_67_length_434_cov_78.263305_1, 1 # 432 # 1 , 1,432,1 ,67_1,67,1,11,Edge,None,None,0.359,NODE_67_length_434_cov_78.263305,mobileOG_000040636_NODE_67_length_434_cov_78.263305
183,mobileOG_000297868|tnpB|WP_059304392.1|integration/excision|NA|Multiple|Homology,NODE_67_length_434_cov_78.263305_1 # 1 # 432 # 1 # ID=67_1;partial=11;start_type=Edge;rbs_motif=None;rbs_spacer=None;gc_cont=0.359,93.1,263,373,1.66e-87,144,133,276,1,144,mobileOG_000297868,tnpB,WP_059304392.1,integration/excision,NA,Multiple,Homology,NODE_67_length_434_cov_78.263305_1, 1 # 432 # 1 , 1,432,1 ,67_1,67,1,11,Edge,None,None,0.359,NODE_67_length_434_cov_78.263305,mobileOG_000297868_NODE_67_length_434_cov_78.263305
184,mobileOG_000297869|tnpB|WP_059304400.1|integration/excision|NA|Multiple|Homology,NODE_67_length_434_cov_78.263305_1 # 1 # 432 # 1 # ID=67_1;partial=11;start_type=Edge;rbs_motif=None;rbs_spacer=None;gc_cont=0.359,93.1,263,373,1.66e-87,144,133,276,1,144,mobileOG_000297869,tnpB,WP_059304400.1,integration/excision,NA,Multiple,Homology,NODE_67_length_434_cov_78.263305_1, 1 # 432 # 1 , 1,432,1 ,67_1,67,1,11,Edge,None,None,0.359,NODE_67_length_434_cov_78.263305,mobileOG_000297869_NODE_67_length_434_cov_78.263305
185,mobileOG_000297686|tnpB|WP_000973303.1|integration/excision|NA|Plasmid RefSeq|Homology,NODE_67_length_434_cov_78.263305_1 # 1 # 432 # 1 # ID=67_1;partial=11;start_type=Edge;rbs_motif=None;rbs_spacer=None;gc_cont=0.359,94.4,263,373,1.66e-87,144,133,276,1,144,mobileOG_000297686,tnpB,WP_000973303.1,integration/excision,NA,Plasmid RefSeq,Homology,NODE_67_length_434_cov_78.263305_1, 1 # 432 # 1 , 1,432,1 ,67_1,67,1,11,Edge,None,None,0.359,NODE_67_length_434_cov_78.263305,mobileOG_000297686_NODE_67_length_434_cov_78.263305
186,mobileOG_000060732|tnpB|K0G143|integration/excision|NA|COMPASS|Homology,NODE_67_length_434_cov_78.263305_1 # 1 # 432 # 1 # ID=67_1;partial=11;start_type=Edge;rbs_motif=None;rbs_spacer=None;gc_cont=0.359,93.1,259,288,2.74e-87,144,84,227,1,144,mobileOG_000060732,tnpB,K0G143,integration/excision,NA,COMPASS,Homology,NODE_67_length_434_cov_78.263305_1, 1 # 432 # 1 , 1,432,1 ,67_1,67,1,11,Edge,None,None,0.359,NODE_67_length_434_cov_78.263305,mobileOG_000060732_NODE_67_length_434_cov_78.263305
187,mobileOG_000036333|tnpB|WP_000906728.1|integration/excision|NA|Multiple|Homology,NODE_67_length_434_cov_78.263305_1 # 1 # 432 # 1 # ID=67_1;partial=11;start_type=Edge;rbs_motif=None;rbs_spacer=None;gc_cont=0.359,93.8,261,373,6.70e-87,144,133,276,1,144,mobileOG_000036333,tnpB,WP_000906728.1,integration/excision,NA,Multiple,Homology,NODE_67_length_434_cov_78.263305_1, 1 # 432 # 1 , 1,432,1 ,67_1,67,1,11,Edge,None,None,0.359,NODE_67_length_434_cov_78.263305,mobileOG_000036333_NODE_67_length_434_cov_78.263305
188,mobileOG_000297813|tnpB|WP_041867973.1|integration/excision|NA|Plasmid RefSeq|Homology,NODE_67_length_434_cov_78.263305_1 # 1 # 432 # 1 # ID=67_1;partial=11;start_type=Edge;rbs_motif=None;rbs_spacer=None;gc_cont=0.359,93.1,261,373,6.70e-87,144,133,276,1,144,mobileOG_000297813,tnpB,WP_041867973.1,integration/excision,NA,Plasmid RefSeq,Homology,NODE_67_length_434_cov_78.263305_1, 1 # 432 # 1 , 1,432,1 ,67_1,67,1,11,Edge,None,None,0.359,NODE_67_length_434_cov_78.263305,mobileOG_000297813_NODE_67_length_434_cov_78.263305
189,mobileOG_000064355|tnpB|WP_041867973.1|integration/excision|NA|COMPASS|Homology,NODE_67_length_434_cov_78.263305_1 # 1 # 432 # 1 # ID=67_1;partial=11;start_type=Edge;rbs_motif=None;rbs_spacer=None;gc_cont=0.359,93.1,261,374,6.91e-87,144,134,277,1,144,mobileOG_000064355,tnpB,WP_041867973.1,integration/excision,NA,COMPASS,Homology,NODE_67_length_434_cov_78.263305_1, 1 # 432 # 1 , 1,432,1 ,67_1,67,1,11,Edge,None,None,0.359,NODE_67_length_434_cov_78.263305,mobileOG_000064355_NODE_67_length_434_cov_78.263305
190,mobileOG_000297748|tnpB|WP_016127852.1|integration/excision|NA|Multiple|Homology,NODE_67_length_434_cov_78.263305_1 # 1 # 432 # 1 # ID=67_1;partial=11;start_type=Edge;rbs_motif=None;rbs_spacer=None;gc_cont=0.359,93.1,261,373,9.50e-87,144,133,276,1,144,mobileOG_000297748,tnpB,WP_016127852.1,integration/excision,NA,Multiple,Homology,NODE_67_length_434_cov_78.263305_1, 1 # 432 # 1 , 1,432,1 ,67_1,67,1,11,Edge,None,None,0.359,NODE_67_length_434_cov_78.263305,mobileOG_000297748_NODE_67_length_434_cov_78.263305
191,mobileOG_000062401|tnpB|A0A0F6FIE4|integration/excision|NA|COMPASS|Homology,NODE_67_length_434_cov_78.263305_1 # 1 # 432 # 1 # ID=67_1;partial=11;start_type=Edge;rbs_motif=None;rbs_spacer=None;gc_cont=0.359,91.7,255,246,2.31e-86,144,6,149,1,144,mobileOG_000062401,tnpB,A0A0F6FIE4,integration/excision,NA,COMPASS,Homology,NODE_67_length_434_cov_78.263305_1, 1 # 432 # 1 , 1,432,1 ,67_1,67,1,11,Edge,None,None,0.359,NODE_67_length_434_cov_78.263305,mobileOG_000062401_NODE_67_length_434_cov_78.263305
192,mobileOG_000297814|tnpB|WP_041867962.1|integration/excision|NA|Multiple|Homology,NODE_67_length_434_cov_78.263305_1 # 1 # 432 # 1 # ID=67_1;partial=11;start_type=Edge;rbs_motif=None;rbs_spacer=None;gc_cont=0.359,93.1,259,373,3.83e-86,144,133,276,1,144,mobileOG_000297814,tnpB,WP_041867962.1,integration/excision,NA,Multiple,Homology,NODE_67_length_434_cov_78.263305_1, 1 # 432 # 1 , 1,432,1 ,67_1,67,1,11,Edge,None,None,0.359,NODE_67_length_434_cov_78.263305,mobileOG_000297814_NODE_67_length_434_cov_78.263305
193,mobileOG_000065853|tnpB|WP_059304382.1|integration/excision|NA|COMPASS|Homology,NODE_67_length_434_cov_78.263305_1 # 1 # 432 # 1 # ID=67_1;partial=11;start_type=Edge;rbs_motif=None;rbs_spacer=None;gc_cont=0.359,91.7,258,360,5.20e-86,144,120,263,1,144,mobileOG_000065853,tnpB,WP_059304382.1,integration/excision,NA,COMPASS,Homology,NODE_67_length_434_cov_78.263305_1, 1 # 432 # 1 , 1,432,1 ,67_1,67,1,11,Edge,None,None,0.359,NODE_67_length_434_cov_78.263305,mobileOG_000065853_NODE_67_length_434_cov_78.263305
194,mobileOG_000411198|NA:Keyword|WP_079995872.1|integration/excision|NA|COMPASS|Keyword Search,NODE_70_length_405_cov_173.871951_1 # 2 # 268 # 1 # ID=70_1;partial=10;start_type=Edge;rbs_motif=None;rbs_spacer=None;gc_cont=0.386,93.2,164,244,3.05e-51,89,153,240,1,88,mobileOG_000411198,NA:Keyword,WP_079995872.1,integration/excision,NA,COMPASS,Keyword Search,NODE_70_length_405_cov_173.871951_1, 2 # 268 # 1 , 2,268,1 ,70_1,70,1,10,Edge,None,None,0.386,NODE_70_length_405_cov_173.871951,mobileOG_000411198_NODE_70_length_405_cov_173.871951
195,mobileOG_000760668|NA:Keyword|Q4V133|integration/excision|NA|ACLAME|Keyword Search,NODE_70_length_405_cov_173.871951_1 # 2 # 268 # 1 # ID=70_1;partial=10;start_type=Edge;rbs_motif=None;rbs_spacer=None;gc_cont=0.386,93.2,164,255,4.16e-51,89,164,251,1,88,mobileOG_000760668,NA:Keyword,Q4V133,integration/excision,NA,ACLAME,Keyword Search,NODE_70_length_405_cov_173.871951_1, 2 # 268 # 1 , 2,268,1 ,70_1,70,1,10,Edge,None,None,0.386,NODE_70_length_405_cov_173.871951,mobileOG_000760668_NODE_70_length_405_cov_173.871951
196,mobileOG_000297748|tnpB|WP_016127852.1|integration/excision|NA|Multiple|Homology,NODE_75_length_362_cov_47.757895_1 # 1 # 360 # 1 # ID=75_1;partial=11;start_type=Edge;rbs_motif=None;rbs_spacer=None;gc_cont=0.369,100,226,373,2.00e-73,120,2,113,9,120,mobileOG_000297748,tnpB,WP_016127852.1,integration/excision,NA,Multiple,Homology,NODE_75_length_362_cov_47.757895_1, 1 # 360 # 1 , 1,360,1 ,75_1,75,1,11,Edge,None,None,0.369,NODE_75_length_362_cov_47.757895,mobileOG_000297748_NODE_75_length_362_cov_47.757895
197,mobileOG_000298044|tnpB|WP_139894776.1|integration/excision|NA|Plasmid RefSeq|Homology,NODE_75_length_362_cov_47.757895_1 # 1 # 360 # 1 # ID=75_1;partial=11;start_type=Edge;rbs_motif=None;rbs_spacer=None;gc_cont=0.369,98.2,223,372,1.56e-72,120,1,112,9,120,mobileOG_000298044,tnpB,WP_139894776.1,integration/excision,NA,Plasmid RefSeq,Homology,NODE_75_length_362_cov_47.757895_1, 1 # 360 # 1 , 1,360,1 ,75_1,75,1,11,Edge,None,None,0.369,NODE_75_length_362_cov_47.757895,mobileOG_000298044_NODE_75_length_362_cov_47.757895
198,mobileOG_000361705|tnpB|WP_139784082.1|integration/excision|NA|Plasmid RefSeq|Homology,NODE_75_length_362_cov_47.757895_1 # 1 # 360 # 1 # ID=75_1;partial=11;start_type=Edge;rbs_motif=None;rbs_spacer=None;gc_cont=0.369,96.4,218,217,2.70e-72,120,2,113,9,120,mobileOG_000361705,tnpB,WP_139784082.1,integration/excision,NA,Plasmid RefSeq,Homology,NODE_75_length_362_cov_47.757895_1, 1 # 360 # 1 , 1,360,1 ,75_1,75,1,11,Edge,None,None,0.369,NODE_75_length_362_cov_47.757895,mobileOG_000361705_NODE_75_length_362_cov_47.757895
199,mobileOG_000070239|tnpB|N1LTN8|integration/excision|NA|COMPASS|Homology,NODE_75_length_362_cov_47.757895_1 # 1 # 360 # 1 # ID=75_1;partial=11;start_type=Edge;rbs_motif=None;rbs_spacer=None;gc_cont=0.369,96.4,218,237,3.61e-72,120,1,112,9,120,mobileOG_000070239,tnpB,N1LTN8,integration/excision,NA,COMPASS,Homology,NODE_75_length_362_cov_47.757895_1, 1 # 360 # 1 , 1,360,1 ,75_1,75,1,11,Edge,None,None,0.369,NODE_75_length_362_cov_47.757895,mobileOG_000070239_NODE_75_length_362_cov_47.757895
200,mobileOG_000297920|tnpB|WP_071680262.1|integration/excision|NA|Multiple|Homology,NODE_75_length_362_cov_47.757895_1 # 1 # 360 # 1 # ID=75_1;partial=11;start_type=Edge;rbs_motif=None;rbs_spacer=None;gc_cont=0.369,98.2,222,372,4.43e-72,120,1,112,9,120,mobileOG_000297920,tnpB,WP_071680262.1,integration/excision,NA,Multiple,Homology,NODE_75_length_362_cov_47.757895_1, 1 # 360 # 1 , 1,360,1 ,75_1,75,1,11,Edge,None,None,0.369,NODE_75_length_362_cov_47.757895,mobileOG_000297920_NODE_75_length_362_cov_47.757895
201,mobileOG_000405536|NA:Keyword|WP_040120032.1|integration/excision|NA|COMPASS|Keyword Search,NODE_75_length_362_cov_47.757895_1 # 1 # 360 # 1 # ID=75_1;partial=11;start_type=Edge;rbs_motif=None;rbs_spacer=None;gc_cont=0.369,93.8,213,121,5.52e-72,120,2,113,9,120,mobileOG_000405536,NA:Keyword,WP_040120032.1,integration/excision,NA,COMPASS,Keyword Search,NODE_75_length_362_cov_47.757895_1, 1 # 360 # 1 , 1,360,1 ,75_1,75,1,11,Edge,None,None,0.369,NODE_75_length_362_cov_47.757895,mobileOG_000405536_NODE_75_length_362_cov_47.757895
202,mobileOG_000357139|tnpB|WP_142237912.1|integration/excision|NA|Plasmid RefSeq|Homology,NODE_75_length_362_cov_47.757895_1 # 1 # 360 # 1 # ID=75_1;partial=11;start_type=Edge;rbs_motif=None;rbs_spacer=None;gc_cont=0.369,95.5,217,228,7.75e-72,120,2,113,9,120,mobileOG_000357139,tnpB,WP_142237912.1,integration/excision,NA,Plasmid RefSeq,Homology,NODE_75_length_362_cov_47.757895_1, 1 # 360 # 1 , 1,360,1 ,75_1,75,1,11,Edge,None,None,0.369,NODE_75_length_362_cov_47.757895,mobileOG_000357139_NODE_75_length_362_cov_47.757895
203,mobileOG_000064592|tnpB|WP_000973293.1|integration/excision|NA|COMPASS|Homology,NODE_75_length_362_cov_47.757895_1 # 1 # 360 # 1 # ID=75_1;partial=11;start_type=Edge;rbs_motif=None;rbs_spacer=None;gc_cont=0.369,97.3,220,332,8.06e-72,120,2,113,9,120,mobileOG_000064592,tnpB,WP_000973293.1,integration/excision,NA,COMPASS,Homology,NODE_75_length_362_cov_47.757895_1, 1 # 360 # 1 , 1,360,1 ,75_1,75,1,11,Edge,None,None,0.369,NODE_75_length_362_cov_47.757895,mobileOG_000064592_NODE_75_length_362_cov_47.757895
204,mobileOG_000074485|tnpB|J8CCQ6|integration/excision|NA|COMPASS|Homology,NODE_75_length_362_cov_47.757895_1 # 1 # 360 # 1 # ID=75_1;partial=11;start_type=Edge;rbs_motif=None;rbs_spacer=None;gc_cont=0.369,96.4,218,288,1.76e-71,120,2,113,9,120,mobileOG_000074485,tnpB,J8CCQ6,integration/excision,NA,COMPASS,Homology,NODE_75_length_362_cov_47.757895_1, 1 # 360 # 1 , 1,360,1 ,75_1,75,1,11,Edge,None,None,0.369,NODE_75_length_362_cov_47.757895,mobileOG_000074485_NODE_75_length_362_cov_47.757895
205,mobileOG_000059985|tnpB|WP_015406602.1|integration/excision|NA|COMPASS|Homology,NODE_75_length_362_cov_47.757895_1 # 1 # 360 # 1 # ID=75_1;partial=11;start_type=Edge;rbs_motif=None;rbs_spacer=None;gc_cont=0.369,95.5,215,218,2.28e-71,120,1,112,9,120,mobileOG_000059985,tnpB,WP_015406602.1,integration/excision,NA,COMPASS,Homology,NODE_75_length_362_cov_47.757895_1, 1 # 360 # 1 , 1,360,1 ,75_1,75,1,11,Edge,None,None,0.369,NODE_75_length_362_cov_47.757895,mobileOG_000059985_NODE_75_length_362_cov_47.757895
206,mobileOG_000036338|tnpB|WP_000973292.1|integration/excision|NA|ACLAME|Homology,NODE_75_length_362_cov_47.757895_1 # 1 # 360 # 1 # ID=75_1;partial=11;start_type=Edge;rbs_motif=None;rbs_spacer=None;gc_cont=0.369,97.3,220,372,2.51e-71,120,1,112,9,120,mobileOG_000036338,tnpB,WP_000973292.1,integration/excision,NA,ACLAME,Homology,NODE_75_length_362_cov_47.757895_1, 1 # 360 # 1 , 1,360,1 ,75_1,75,1,11,Edge,None,None,0.369,NODE_75_length_362_cov_47.757895,mobileOG_000036338_NODE_75_length_362_cov_47.757895
207,mobileOG_000036342|tnpB|WP_000973293.1|integration/excision|NA|ACLAME|Homology,NODE_75_length_362_cov_47.757895_1 # 1 # 360 # 1 # ID=75_1;partial=11;start_type=Edge;rbs_motif=None;rbs_spacer=None;gc_cont=0.369,97.3,220,372,2.51e-71,120,1,112,9,120,mobileOG_000036342,tnpB,WP_000973293.1,integration/excision,NA,ACLAME,Homology,NODE_75_length_362_cov_47.757895_1, 1 # 360 # 1 , 1,360,1 ,75_1,75,1,11,Edge,None,None,0.369,NODE_75_length_362_cov_47.757895,mobileOG_000036342_NODE_75_length_362_cov_47.757895
208,mobileOG_000298060|tnpB|WP_149217113.1|integration/excision|NA|Plasmid RefSeq|Homology,NODE_75_length_362_cov_47.757895_1 # 1 # 360 # 1 # ID=75_1;partial=11;start_type=Edge;rbs_motif=None;rbs_spacer=None;gc_cont=0.369,97.3,220,372,2.51e-71,120,1,112,9,120,mobileOG_000298060,tnpB,WP_149217113.1,integration/excision,NA,Plasmid RefSeq,Homology,NODE_75_length_362_cov_47.757895_1, 1 # 360 # 1 , 1,360,1 ,75_1,75,1,11,Edge,None,None,0.369,NODE_75_length_362_cov_47.757895,mobileOG_000298060_NODE_75_length_362_cov_47.757895
209,mobileOG_000056318|tnpB|WP_000973292.1|integration/excision|NA|Multiple|Homology,NODE_75_length_362_cov_47.757895_1 # 1 # 360 # 1 # ID=75_1;partial=11;start_type=Edge;rbs_motif=None;rbs_spacer=None;gc_cont=0.369,97.3,220,373,2.58e-71,120,2,113,9,120,mobileOG_000056318,tnpB,WP_000973292.1,integration/excision,NA,Multiple,Homology,NODE_75_length_362_cov_47.757895_1, 1 # 360 # 1 , 1,360,1 ,75_1,75,1,11,Edge,None,None,0.369,NODE_75_length_362_cov_47.757895,mobileOG_000056318_NODE_75_length_362_cov_47.757895
210,mobileOG_000297682|tnpB|WP_000973293.1|integration/excision|NA|Multiple|Homology,NODE_75_length_362_cov_47.757895_1 # 1 # 360 # 1 # ID=75_1;partial=11;start_type=Edge;rbs_motif=None;rbs_spacer=None;gc_cont=0.369,97.3,220,373,2.58e-71,120,2,113,9,120,mobileOG_000297682,tnpB,WP_000973293.1,integration/excision,NA,Multiple,Homology,NODE_75_length_362_cov_47.757895_1, 1 # 360 # 1 , 1,360,1 ,75_1,75,1,11,Edge,None,None,0.369,NODE_75_length_362_cov_47.757895,mobileOG_000297682_NODE_75_length_362_cov_47.757895
211,mobileOG_000738030|NA:Keyword|WP_119684458.1|integration/excision|NA|Multiple|Keyword Search,NODE_77_length_344_cov_44.966292_1 # 1 # 342 # -1 # ID=77_1;partial=11;start_type=Edge;rbs_motif=None;rbs_spacer=None;gc_cont=0.336,98.2,225,488,6.22e-72,114,173,286,1,114,mobileOG_000738030,NA:Keyword,WP_119684458.1,integration/excision,NA,Multiple,Keyword Search,NODE_77_length_344_cov_44.966292_1, 1 # 342 # -1 , 1,342,-1 ,77_1,77,1,11,Edge,None,None,0.336,NODE_77_length_344_cov_44.966292,mobileOG_000738030_NODE_77_length_344_cov_44.966292
212,mobileOG_000724529|NA:Keyword|A0A2A9TQ51|integration/excision|NA|ISFinder|Keyword Search,NODE_77_length_344_cov_44.966292_1 # 1 # 342 # -1 # ID=77_1;partial=11;start_type=Edge;rbs_motif=None;rbs_spacer=None;gc_cont=0.336,98.2,225,489,6.37e-72,114,173,286,1,114,mobileOG_000724529,NA:Keyword,A0A2A9TQ51,integration/excision,NA,ISFinder,Keyword Search,NODE_77_length_344_cov_44.966292_1, 1 # 342 # -1 , 1,342,-1 ,77_1,77,1,11,Edge,None,None,0.336,NODE_77_length_344_cov_44.966292,mobileOG_000724529_NODE_77_length_344_cov_44.966292
213,mobileOG_000737863|NA:Keyword|WP_061885131.1|integration/excision|NA|Multiple|Keyword Search,NODE_77_length_344_cov_44.966292_1 # 1 # 342 # -1 # ID=77_1;partial=11;start_type=Edge;rbs_motif=None;rbs_spacer=None;gc_cont=0.336,98.2,224,489,1.27e-71,114,173,286,1,114,mobileOG_000737863,NA:Keyword,WP_061885131.1,integration/excision,NA,Multiple,Keyword Search,NODE_77_length_344_cov_44.966292_1, 1 # 342 # -1 , 1,342,-1 ,77_1,77,1,11,Edge,None,None,0.336,NODE_77_length_344_cov_44.966292,mobileOG_000737863_NODE_77_length_344_cov_44.966292
214,mobileOG_000411978|NA:Keyword|WP_063549940.1|integration/excision|NA|Multiple|Keyword Search,NODE_77_length_344_cov_44.966292_1 # 1 # 342 # -1 # ID=77_1;partial=11;start_type=Edge;rbs_motif=None;rbs_spacer=None;gc_cont=0.336,97.4,223,489,2.52e-71,114,173,286,1,114,mobileOG_000411978,NA:Keyword,WP_063549940.1,integration/excision,NA,Multiple,Keyword Search,NODE_77_length_344_cov_44.966292_1, 1 # 342 # -1 , 1,342,-1 ,77_1,77,1,11,Edge,None,None,0.336,NODE_77_length_344_cov_44.966292,mobileOG_000411978_NODE_77_length_344_cov_44.966292
215,mobileOG_000738150|NA:Keyword|A0A380YCV3|integration/excision|NA|Plasmid RefSeq|Keyword Search,NODE_77_length_344_cov_44.966292_1 # 1 # 342 # -1 # ID=77_1;partial=11;start_type=Edge;rbs_motif=None;rbs_spacer=None;gc_cont=0.336,97.4,223,489,5.02e-71,114,173,286,1,114,mobileOG_000738150,NA:Keyword,A0A380YCV3,integration/excision,NA,Plasmid RefSeq,Keyword Search,NODE_77_length_344_cov_44.966292_1, 1 # 342 # -1 , 1,342,-1 ,77_1,77,1,11,Edge,None,None,0.336,NODE_77_length_344_cov_44.966292,mobileOG_000738150_NODE_77_length_344_cov_44.966292
216,mobileOG_000738132|NA:Keyword|WP_168455195.1|integration/excision|NA|Plasmid RefSeq|Keyword Search,NODE_77_length_344_cov_44.966292_1 # 1 # 342 # -1 # ID=77_1;partial=11;start_type=Edge;rbs_motif=None;rbs_spacer=None;gc_cont=0.336,96.5,220,489,3.95e-70,114,173,286,1,114,mobileOG_000738132,NA:Keyword,WP_168455195.1,integration/excision,NA,Plasmid RefSeq,Keyword Search,NODE_77_length_344_cov_44.966292_1, 1 # 342 # -1 , 1,342,-1 ,77_1,77,1,11,Edge,None,None,0.336,NODE_77_length_344_cov_44.966292,mobileOG_000738132_NODE_77_length_344_cov_44.966292
217,mobileOG_000737864|NA:Keyword|WP_063675602.1|integration/excision|NA|Multiple|Keyword Search,NODE_77_length_344_cov_44.966292_1 # 1 # 342 # -1 # ID=77_1;partial=11;start_type=Edge;rbs_motif=None;rbs_spacer=None;gc_cont=0.336,96.5,220,493,6.12e-70,114,177,290,1,114,mobileOG_000737864,NA:Keyword,WP_063675602.1,integration/excision,NA,Multiple,Keyword Search,NODE_77_length_344_cov_44.966292_1, 1 # 342 # -1 , 1,342,-1 ,77_1,77,1,11,Edge,None,None,0.336,NODE_77_length_344_cov_44.966292,mobileOG_000737864_NODE_77_length_344_cov_44.966292
218,mobileOG_000737825|NA:Keyword|WP_042597717.1|integration/excision|NA|Multiple|Keyword Search,NODE_77_length_344_cov_44.966292_1 # 1 # 342 # -1 # ID=77_1;partial=11;start_type=Edge;rbs_motif=None;rbs_spacer=None;gc_cont=0.336,96.5,219,479,6.20e-70,114,164,276,2,114,mobileOG_000737825,NA:Keyword,WP_042597717.1,integration/excision,NA,Multiple,Keyword Search,NODE_77_length_344_cov_44.966292_1, 1 # 342 # -1 , 1,342,-1 ,77_1,77,1,11,Edge,None,None,0.336,NODE_77_length_344_cov_44.966292,mobileOG_000737825_NODE_77_length_344_cov_44.966292
219,mobileOG_000724414|NA:Keyword|A0A2B1U0L1|integration/excision|NA|ISFinder|Keyword Search,NODE_78_length_341_cov_59.064394_1 # 3 # 341 # -1 # ID=78_1;partial=11;start_type=Edge;rbs_motif=None;rbs_spacer=None;gc_cont=0.330,96.5,218,361,1.58e-70,113,91,203,1,113,mobileOG_000724414,NA:Keyword,A0A2B1U0L1,integration/excision,NA,ISFinder,Keyword Search,NODE_78_length_341_cov_59.064394_1, 3 # 341 # -1 , 3,341,-1 ,78_1,78,1,11,Edge,None,None,0.330,NODE_78_length_341_cov_59.064394,mobileOG_000724414_NODE_78_length_341_cov_59.064394
220,mobileOG_000357138|tnpB|WP_142237911.1|integration/excision|NA|Plasmid RefSeq|Homology,NODE_79_length_334_cov_42.906615_1 # 3 # 332 # 1 # ID=79_1;partial=11;start_type=Edge;rbs_motif=None;rbs_spacer=None;gc_cont=0.367,96.4,207,228,4.59e-68,110,116,225,1,110,mobileOG_000357138,tnpB,WP_142237911.1,integration/excision,NA,Plasmid RefSeq,Homology,NODE_79_length_334_cov_42.906615_1, 3 # 332 # 1 , 3,332,1 ,79_1,79,1,11,Edge,None,None,0.367,NODE_79_length_334_cov_42.906615,mobileOG_000357138_NODE_79_length_334_cov_42.906615
221,mobileOG_000298044|tnpB|WP_139894776.1|integration/excision|NA|Plasmid RefSeq|Homology,NODE_79_length_334_cov_42.906615_1 # 3 # 332 # 1 # ID=79_1;partial=11;start_type=Edge;rbs_motif=None;rbs_spacer=None;gc_cont=0.367,98.2,207,372,3.12e-66,110,116,224,2,110,mobileOG_000298044,tnpB,WP_139894776.1,integration/excision,NA,Plasmid RefSeq,Homology,NODE_79_length_334_cov_42.906615_1, 3 # 332 # 1 , 3,332,1 ,79_1,79,1,11,Edge,None,None,0.367,NODE_79_length_334_cov_42.906615,mobileOG_000298044_NODE_79_length_334_cov_42.906615
222,mobileOG_000297748|tnpB|WP_016127852.1|integration/excision|NA|Multiple|Homology,NODE_79_length_334_cov_42.906615_1 # 3 # 332 # 1 # ID=79_1;partial=11;start_type=Edge;rbs_motif=None;rbs_spacer=None;gc_cont=0.367,97.3,206,373,6.41e-66,110,116,225,1,110,mobileOG_000297748,tnpB,WP_016127852.1,integration/excision,NA,Multiple,Homology,NODE_79_length_334_cov_42.906615_1, 3 # 332 # 1 , 3,332,1 ,79_1,79,1,11,Edge,None,None,0.367,NODE_79_length_334_cov_42.906615,mobileOG_000297748_NODE_79_length_334_cov_42.906615
223,mobileOG_000065853|tnpB|WP_059304382.1|integration/excision|NA|COMPASS|Homology,NODE_79_length_334_cov_42.906615_1 # 3 # 332 # 1 # ID=79_1;partial=11;start_type=Edge;rbs_motif=None;rbs_spacer=None;gc_cont=0.367,95.5,205,360,9.04e-66,110,103,212,1,110,mobileOG_000065853,tnpB,WP_059304382.1,integration/excision,NA,COMPASS,Homology,NODE_79_length_334_cov_42.906615_1, 3 # 332 # 1 , 3,332,1 ,79_1,79,1,11,Edge,None,None,0.367,NODE_79_length_334_cov_42.906615,mobileOG_000065853_NODE_79_length_334_cov_42.906615
224,mobileOG_000357139|tnpB|WP_142237912.1|integration/excision|NA|Plasmid RefSeq|Homology,NODE_79_length_334_cov_42.906615_1 # 3 # 332 # 1 # ID=79_1;partial=11;start_type=Edge;rbs_motif=None;rbs_spacer=None;gc_cont=0.367,93.6,201,228,1.24e-65,110,116,225,1,110,mobileOG_000357139,tnpB,WP_142237912.1,integration/excision,NA,Plasmid RefSeq,Homology,NODE_79_length_334_cov_42.906615_1, 3 # 332 # 1 , 3,332,1 ,79_1,79,1,11,Edge,None,None,0.367,NODE_79_length_334_cov_42.906615,mobileOG_000357139_NODE_79_length_334_cov_42.906615
225,mobileOG_000297867|tnpB|WP_059304382.1|integration/excision|NA|Multiple|Homology,NODE_79_length_334_cov_42.906615_1 # 3 # 332 # 1 # ID=79_1;partial=11;start_type=Edge;rbs_motif=None;rbs_spacer=None;gc_cont=0.367,95.5,205,373,1.81e-65,110,116,225,1,110,mobileOG_000297867,tnpB,WP_059304382.1,integration/excision,NA,Multiple,Homology,NODE_79_length_334_cov_42.906615_1, 3 # 332 # 1 , 3,332,1 ,79_1,79,1,11,Edge,None,None,0.367,NODE_79_length_334_cov_42.906615,mobileOG_000297867_NODE_79_length_334_cov_42.906615
226,mobileOG_000060735|tnpB|J8K318|integration/excision|NA|COMPASS|Homology,NODE_79_length_334_cov_42.906615_1 # 3 # 332 # 1 # ID=79_1;partial=11;start_type=Edge;rbs_motif=None;rbs_spacer=None;gc_cont=0.367,93.6,199,200,2.08e-65,110,67,176,1,110,mobileOG_000060735,tnpB,J8K318,integration/excision,NA,COMPASS,Homology,NODE_79_length_334_cov_42.906615_1, 3 # 332 # 1 , 3,332,1 ,79_1,79,1,11,Edge,None,None,0.367,NODE_79_length_334_cov_42.906615,mobileOG_000060735_NODE_79_length_334_cov_42.906615
227,mobileOG_000060732|tnpB|K0G143|integration/excision|NA|COMPASS|Homology,NODE_79_length_334_cov_42.906615_1 # 3 # 332 # 1 # ID=79_1;partial=11;start_type=Edge;rbs_motif=None;rbs_spacer=None;gc_cont=0.367,95.5,202,288,2.69e-65,110,67,176,1,110,mobileOG_000060732,tnpB,K0G143,integration/excision,NA,COMPASS,Homology,NODE_79_length_334_cov_42.906615_1, 3 # 332 # 1 , 3,332,1 ,79_1,79,1,11,Edge,None,None,0.367,NODE_79_length_334_cov_42.906615,mobileOG_000060732_NODE_79_length_334_cov_42.906615
228,mobileOG_000297868|tnpB|WP_059304392.1|integration/excision|NA|Multiple|Homology,NODE_79_length_334_cov_42.906615_1 # 3 # 332 # 1 # ID=79_1;partial=11;start_type=Edge;rbs_motif=None;rbs_spacer=None;gc_cont=0.367,94.5,204,373,5.13e-65,110,116,225,1,110,mobileOG_000297868,tnpB,WP_059304392.1,integration/excision,NA,Multiple,Homology,NODE_79_length_334_cov_42.906615_1, 3 # 332 # 1 , 3,332,1 ,79_1,79,1,11,Edge,None,None,0.367,NODE_79_length_334_cov_42.906615,mobileOG_000297868_NODE_79_length_334_cov_42.906615
229,mobileOG_000297869|tnpB|WP_059304400.1|integration/excision|NA|Multiple|Homology,NODE_79_length_334_cov_42.906615_1 # 3 # 332 # 1 # ID=79_1;partial=11;start_type=Edge;rbs_motif=None;rbs_spacer=None;gc_cont=0.367,94.5,204,373,5.13e-65,110,116,225,1,110,mobileOG_000297869,tnpB,WP_059304400.1,integration/excision,NA,Multiple,Homology,NODE_79_length_334_cov_42.906615_1, 3 # 332 # 1 , 3,332,1 ,79_1,79,1,11,Edge,None,None,0.367,NODE_79_length_334_cov_42.906615,mobileOG_000297869_NODE_79_length_334_cov_42.906615
230,mobileOG_000362140|tnpB|WP_130055921.1|integration/excision|NA|Plasmid RefSeq|Homology,NODE_79_length_334_cov_42.906615_1 # 3 # 332 # 1 # ID=79_1;partial=11;start_type=Edge;rbs_motif=None;rbs_spacer=None;gc_cont=0.367,90.9,199,236,9.13e-65,110,116,225,1,110,mobileOG_000362140,tnpB,WP_130055921.1,integration/excision,NA,Plasmid RefSeq,Homology,NODE_79_length_334_cov_42.906615_1, 3 # 332 # 1 , 3,332,1 ,79_1,79,1,11,Edge,None,None,0.367,NODE_79_length_334_cov_42.906615,mobileOG_000362140_NODE_79_length_334_cov_42.906615
231,mobileOG_000297814|tnpB|WP_041867962.1|integration/excision|NA|Multiple|Homology,NODE_79_length_334_cov_42.906615_1 # 3 # 332 # 1 # ID=79_1;partial=11;start_type=Edge;rbs_motif=None;rbs_spacer=None;gc_cont=0.367,96.4,203,373,1.03e-64,110,116,225,1,110,mobileOG_000297814,tnpB,WP_041867962.1,integration/excision,NA,Multiple,Homology,NODE_79_length_334_cov_42.906615_1, 3 # 332 # 1 , 3,332,1 ,79_1,79,1,11,Edge,None,None,0.367,NODE_79_length_334_cov_42.906615,mobileOG_000297814_NODE_79_length_334_cov_42.906615
232,mobileOG_000064696|tnpB|WP_050822783.1|integration/excision|NA|COMPASS|Homology,NODE_79_length_334_cov_42.906615_1 # 3 # 332 # 1 # ID=79_1;partial=11;start_type=Edge;rbs_motif=None;rbs_spacer=None;gc_cont=0.367,95.5,202,372,1.41e-64,110,115,224,1,110,mobileOG_000064696,tnpB,WP_050822783.1,integration/excision,NA,COMPASS,Homology,NODE_79_length_334_cov_42.906615_1, 3 # 332 # 1 , 3,332,1 ,79_1,79,1,11,Edge,None,None,0.367,NODE_79_length_334_cov_42.906615,mobileOG_000064696_NODE_79_length_334_cov_42.906615
233,mobileOG_000036333|tnpB|WP_000906728.1|integration/excision|NA|Multiple|Homology,NODE_79_length_334_cov_42.906615_1 # 3 # 332 # 1 # ID=79_1;partial=11;start_type=Edge;rbs_motif=None;rbs_spacer=None;gc_cont=0.367,95.5,202,373,1.45e-64,110,116,225,1,110,mobileOG_000036333,tnpB,WP_000906728.1,integration/excision,NA,Multiple,Homology,NODE_79_length_334_cov_42.906615_1, 3 # 332 # 1 , 3,332,1 ,79_1,79,1,11,Edge,None,None,0.367,NODE_79_length_334_cov_42.906615,mobileOG_000036333_NODE_79_length_334_cov_42.906615
234,mobileOG_000297847|tnpB|WP_050822783.1|integration/excision|NA|Plasmid RefSeq|Homology,NODE_79_length_334_cov_42.906615_1 # 3 # 332 # 1 # ID=79_1;partial=11;start_type=Edge;rbs_motif=None;rbs_spacer=None;gc_cont=0.367,95.5,202,373,1.45e-64,110,116,225,1,110,mobileOG_000297847,tnpB,WP_050822783.1,integration/excision,NA,Plasmid RefSeq,Homology,NODE_79_length_334_cov_42.906615_1, 3 # 332 # 1 , 3,332,1 ,79_1,79,1,11,Edge,None,None,0.367,NODE_79_length_334_cov_42.906615,mobileOG_000297847_NODE_79_length_334_cov_42.906615
235,mobileOG_000724529|NA:Keyword|A0A2A9TQ51|integration/excision|NA|ISFinder|Keyword Search,NODE_83_length_322_cov_87.444898_1 # 2 # 322 # -1 # ID=83_1;partial=11;start_type=Edge;rbs_motif=None;rbs_spacer=None;gc_cont=0.324,96.3,209,489,4.44e-66,107,319,425,1,107,mobileOG_000724529,NA:Keyword,A0A2A9TQ51,integration/excision,NA,ISFinder,Keyword Search,NODE_83_length_322_cov_87.444898_1, 2 # 322 # -1 , 2,322,-1 ,83_1,83,1,11,Edge,None,None,0.324,NODE_83_length_322_cov_87.444898,mobileOG_000724529_NODE_83_length_322_cov_87.444898
236,mobileOG_000738132|NA:Keyword|WP_168455195.1|integration/excision|NA|Plasmid RefSeq|Keyword Search,NODE_83_length_322_cov_87.444898_1 # 2 # 322 # -1 # ID=83_1;partial=11;start_type=Edge;rbs_motif=None;rbs_spacer=None;gc_cont=0.324,96.3,209,489,4.44e-66,107,319,425,1,107,mobileOG_000738132,NA:Keyword,WP_168455195.1,integration/excision,NA,Plasmid RefSeq,Keyword Search,NODE_83_length_322_cov_87.444898_1, 2 # 322 # -1 , 2,322,-1 ,83_1,83,1,11,Edge,None,None,0.324,NODE_83_length_322_cov_87.444898,mobileOG_000738132_NODE_83_length_322_cov_87.444898
237,mobileOG_000737825|NA:Keyword|WP_042597717.1|integration/excision|NA|Multiple|Keyword Search,NODE_83_length_322_cov_87.444898_1 # 2 # 322 # -1 # ID=83_1;partial=11;start_type=Edge;rbs_motif=None;rbs_spacer=None;gc_cont=0.324,95.3,207,479,2.77e-65,107,309,415,1,107,mobileOG_000737825,NA:Keyword,WP_042597717.1,integration/excision,NA,Multiple,Keyword Search,NODE_83_length_322_cov_87.444898_1, 2 # 322 # -1 , 2,322,-1 ,83_1,83,1,11,Edge,None,None,0.324,NODE_83_length_322_cov_87.444898,mobileOG_000737825_NODE_83_length_322_cov_87.444898
238,mobileOG_000737864|NA:Keyword|WP_063675602.1|integration/excision|NA|Multiple|Keyword Search,NODE_83_length_322_cov_87.444898_1 # 2 # 322 # -1 # ID=83_1;partial=11;start_type=Edge;rbs_motif=None;rbs_spacer=None;gc_cont=0.324,95.3,207,493,3.80e-65,107,323,429,1,107,mobileOG_000737864,NA:Keyword,WP_063675602.1,integration/excision,NA,Multiple,Keyword Search,NODE_83_length_322_cov_87.444898_1, 2 # 322 # -1 , 2,322,-1 ,83_1,83,1,11,Edge,None,None,0.324,NODE_83_length_322_cov_87.444898,mobileOG_000737864_NODE_83_length_322_cov_87.444898
239,mobileOG_000411978|NA:Keyword|WP_063549940.1|integration/excision|NA|Multiple|Keyword Search,NODE_83_length_322_cov_87.444898_1 # 2 # 322 # -1 # ID=83_1;partial=11;start_type=Edge;rbs_motif=None;rbs_spacer=None;gc_cont=0.324,95.3,205,489,1.93e-64,107,319,425,1,107,mobileOG_000411978,NA:Keyword,WP_063549940.1,integration/excision,NA,Multiple,Keyword Search,NODE_83_length_322_cov_87.444898_1, 2 # 322 # -1 , 2,322,-1 ,83_1,83,1,11,Edge,None,None,0.324,NODE_83_length_322_cov_87.444898,mobileOG_000411978_NODE_83_length_322_cov_87.444898
240,mobileOG_000737863|NA:Keyword|WP_061885131.1|integration/excision|NA|Multiple|Keyword Search,NODE_83_length_322_cov_87.444898_1 # 2 # 322 # -1 # ID=83_1;partial=11;start_type=Edge;rbs_motif=None;rbs_spacer=None;gc_cont=0.324,94.3,204,489,3.82e-64,107,320,425,2,107,mobileOG_000737863,NA:Keyword,WP_061885131.1,integration/excision,NA,Multiple,Keyword Search,NODE_83_length_322_cov_87.444898_1, 2 # 322 # -1 , 2,322,-1 ,83_1,83,1,11,Edge,None,None,0.324,NODE_83_length_322_cov_87.444898,mobileOG_000737863_NODE_83_length_322_cov_87.444898
241,mobileOG_000738150|NA:Keyword|A0A380YCV3|integration/excision|NA|Plasmid RefSeq|Keyword Search,NODE_83_length_322_cov_87.444898_1 # 2 # 322 # -1 # ID=83_1;partial=11;start_type=Edge;rbs_motif=None;rbs_spacer=None;gc_cont=0.324,94.4,204,489,3.82e-64,107,319,425,1,107,mobileOG_000738150,NA:Keyword,A0A380YCV3,integration/excision,NA,Plasmid RefSeq,Keyword Search,NODE_83_length_322_cov_87.444898_1, 2 # 322 # -1 , 2,322,-1 ,83_1,83,1,11,Edge,None,None,0.324,NODE_83_length_322_cov_87.444898,mobileOG_000738150_NODE_83_length_322_cov_87.444898
242,mobileOG_000738030|NA:Keyword|WP_119684458.1|integration/excision|NA|Multiple|Keyword Search,NODE_83_length_322_cov_87.444898_1 # 2 # 322 # -1 # ID=83_1;partial=11;start_type=Edge;rbs_motif=None;rbs_spacer=None;gc_cont=0.324,95.3,203,488,1.05e-63,107,319,424,1,107,mobileOG_000738030,NA:Keyword,WP_119684458.1,integration/excision,NA,Multiple,Keyword Search,NODE_83_length_322_cov_87.444898_1, 2 # 322 # -1 , 2,322,-1 ,83_1,83,1,11,Edge,None,None,0.324,NODE_83_length_322_cov_87.444898,mobileOG_000738030_NODE_83_length_322_cov_87.444898
243,mobileOG_000724414|NA:Keyword|A0A2B1U0L1|integration/excision|NA|ISFinder|Keyword Search,NODE_85_length_315_cov_55.882353_1 # 3 # 314 # -1 # ID=85_1;partial=11;start_type=Edge;rbs_motif=None;rbs_spacer=None;gc_cont=0.337,97.1,212,361,1.40e-68,104,259,361,2,104,mobileOG_000724414,NA:Keyword,A0A2B1U0L1,integration/excision,NA,ISFinder,Keyword Search,NODE_85_length_315_cov_55.882353_1, 3 # 314 # -1 , 3,314,-1 ,85_1,85,1,11,Edge,None,None,0.337,NODE_85_length_315_cov_55.882353,mobileOG_000724414_NODE_85_length_315_cov_55.882353
244,mobileOG_000361705|tnpB|WP_139784082.1|integration/excision|NA|Plasmid RefSeq|Homology,NODE_86_length_310_cov_77.579399_1 # 3 # 308 # 1 # ID=86_1;partial=11;start_type=Edge;rbs_motif=None;rbs_spacer=None;gc_cont=0.386,95.1,187,217,9.25e-61,102,54,155,1,102,mobileOG_000361705,tnpB,WP_139784082.1,integration/excision,NA,Plasmid RefSeq,Homology,NODE_86_length_310_cov_77.579399_1, 3 # 308 # 1 , 3,308,1 ,86_1,86,1,11,Edge,None,None,0.386,NODE_86_length_310_cov_77.579399,mobileOG_000361705_NODE_86_length_310_cov_77.579399
245,mobileOG_000407613|NA:Keyword|WP_015406625.1|integration/excision|NA|COMPASS|Keyword Search,NODE_86_length_310_cov_77.579399_1 # 3 # 308 # 1 # ID=86_1;partial=11;start_type=Edge;rbs_motif=None;rbs_spacer=None;gc_cont=0.386,93.1,183,170,1.41e-59,102,5,106,1,102,mobileOG_000407613,NA:Keyword,WP_015406625.1,integration/excision,NA,COMPASS,Keyword Search,NODE_86_length_310_cov_77.579399_1, 3 # 308 # 1 , 3,308,1 ,86_1,86,1,11,Edge,None,None,0.386,NODE_86_length_310_cov_77.579399,mobileOG_000407613_NODE_86_length_310_cov_77.579399
246,mobileOG_000405531|NA:Keyword|A0A2B5P943|integration/excision|NA|COMPASS|Keyword Search,NODE_86_length_310_cov_77.579399_1 # 3 # 308 # 1 # ID=86_1;partial=11;start_type=Edge;rbs_motif=None;rbs_spacer=None;gc_cont=0.386,93.1,182,174,3.23e-59,102,28,129,1,102,mobileOG_000405531,NA:Keyword,A0A2B5P943,integration/excision,NA,COMPASS,Keyword Search,NODE_86_length_310_cov_77.579399_1, 3 # 308 # 1 , 3,308,1 ,86_1,86,1,11,Edge,None,None,0.386,NODE_86_length_310_cov_77.579399,mobileOG_000405531_NODE_86_length_310_cov_77.579399
247,mobileOG_000064004|tnpB|A0A125Y9Z7|integration/excision|NA|COMPASS|Homology,NODE_86_length_310_cov_77.579399_1 # 3 # 308 # 1 # ID=86_1;partial=11;start_type=Edge;rbs_motif=None;rbs_spacer=None;gc_cont=0.386,91.2,182,206,6.21e-59,102,54,155,1,102,mobileOG_000064004,tnpB,A0A125Y9Z7,integration/excision,NA,COMPASS,Homology,NODE_86_length_310_cov_77.579399_1, 3 # 308 # 1 , 3,308,1 ,86_1,86,1,11,Edge,None,None,0.386,NODE_86_length_310_cov_77.579399,mobileOG_000064004_NODE_86_length_310_cov_77.579399
248,mobileOG_000409698|NA:Keyword|WP_033679397.1|integration/excision|NA|COMPASS|Keyword Search,NODE_86_length_310_cov_77.579399_1 # 3 # 308 # 1 # ID=86_1;partial=11;start_type=Edge;rbs_motif=None;rbs_spacer=None;gc_cont=0.386,93.1,182,185,6.49e-59,102,53,154,1,102,mobileOG_000409698,NA:Keyword,WP_033679397.1,integration/excision,NA,COMPASS,Keyword Search,NODE_86_length_310_cov_77.579399_1, 3 # 308 # 1 , 3,308,1 ,86_1,86,1,11,Edge,None,None,0.386,NODE_86_length_310_cov_77.579399,mobileOG_000409698_NODE_86_length_310_cov_77.579399
249,mobileOG_000054234|tnpB|WP_000586180.1|integration/excision|NA|COMPASS|Homology,NODE_86_length_310_cov_77.579399_1 # 3 # 308 # 1 # ID=86_1;partial=11;start_type=Edge;rbs_motif=None;rbs_spacer=None;gc_cont=0.386,92.2,184,270,7.41e-59,102,54,155,1,102,mobileOG_000054234,tnpB,WP_000586180.1,integration/excision,NA,COMPASS,Homology,NODE_86_length_310_cov_77.579399_1, 3 # 308 # 1 , 3,308,1 ,86_1,86,1,11,Edge,None,None,0.386,NODE_86_length_310_cov_77.579399,mobileOG_000054234_NODE_86_length_310_cov_77.579399
250,mobileOG_000297748|tnpB|WP_016127852.1|integration/excision|NA|Multiple|Homology,NODE_86_length_310_cov_77.579399_1 # 3 # 308 # 1 # ID=86_1;partial=11;start_type=Edge;rbs_motif=None;rbs_spacer=None;gc_cont=0.386,97.0,187,373,7.55e-59,102,55,155,2,102,mobileOG_000297748,tnpB,WP_016127852.1,integration/excision,NA,Multiple,Homology,NODE_86_length_310_cov_77.579399_1, 3 # 308 # 1 , 3,308,1 ,86_1,86,1,11,Edge,None,None,0.386,NODE_86_length_310_cov_77.579399,mobileOG_000297748_NODE_86_length_310_cov_77.579399
251,mobileOG_000357138|tnpB|WP_142237911.1|integration/excision|NA|Plasmid RefSeq|Homology,NODE_86_length_310_cov_77.579399_1 # 3 # 308 # 1 # ID=86_1;partial=11;start_type=Edge;rbs_motif=None;rbs_spacer=None;gc_cont=0.386,93.1,183,228,8.60e-59,102,54,155,1,102,mobileOG_000357138,tnpB,WP_142237911.1,integration/excision,NA,Plasmid RefSeq,Homology,NODE_86_length_310_cov_77.579399_1, 3 # 308 # 1 , 3,308,1 ,86_1,86,1,11,Edge,None,None,0.386,NODE_86_length_310_cov_77.579399,mobileOG_000357138_NODE_86_length_310_cov_77.579399
252,mobileOG_000298044|tnpB|WP_139894776.1|integration/excision|NA|Plasmid RefSeq|Homology,NODE_86_length_310_cov_77.579399_1 # 3 # 308 # 1 # ID=86_1;partial=11;start_type=Edge;rbs_motif=None;rbs_spacer=None;gc_cont=0.386,95.1,187,372,1.47e-58,102,53,154,1,102,mobileOG_000298044,tnpB,WP_139894776.1,integration/excision,NA,Plasmid RefSeq,Homology,NODE_86_length_310_cov_77.579399_1, 3 # 308 # 1 , 3,308,1 ,86_1,86,1,11,Edge,None,None,0.386,NODE_86_length_310_cov_77.579399,mobileOG_000298044_NODE_86_length_310_cov_77.579399
253,mobileOG_000297871|tnpB|WP_060852625.1|integration/excision|NA|Plasmid RefSeq|Homology,NODE_86_length_310_cov_77.579399_1 # 3 # 308 # 1 # ID=86_1;partial=11;start_type=Edge;rbs_motif=None;rbs_spacer=None;gc_cont=0.386,94.1,187,373,1.51e-58,102,54,155,1,102,mobileOG_000297871,tnpB,WP_060852625.1,integration/excision,NA,Plasmid RefSeq,Homology,NODE_86_length_310_cov_77.579399_1, 3 # 308 # 1 , 3,308,1 ,86_1,86,1,11,Edge,None,None,0.386,NODE_86_length_310_cov_77.579399,mobileOG_000297871_NODE_86_length_310_cov_77.579399
254,mobileOG_000036338|tnpB|WP_000973292.1|integration/excision|NA|ACLAME|Homology,NODE_86_length_310_cov_77.579399_1 # 3 # 308 # 1 # ID=86_1;partial=11;start_type=Edge;rbs_motif=None;rbs_spacer=None;gc_cont=0.386,94.1,186,372,2.08e-58,102,53,154,1,102,mobileOG_000036338,tnpB,WP_000973292.1,integration/excision,NA,ACLAME,Homology,NODE_86_length_310_cov_77.579399_1, 3 # 308 # 1 , 3,308,1 ,86_1,86,1,11,Edge,None,None,0.386,NODE_86_length_310_cov_77.579399,mobileOG_000036338_NODE_86_length_310_cov_77.579399
255,mobileOG_000036344|tnpB|WP_000973287.1|integration/excision|NA|ACLAME|Homology,NODE_86_length_310_cov_77.579399_1 # 3 # 308 # 1 # ID=86_1;partial=11;start_type=Edge;rbs_motif=None;rbs_spacer=None;gc_cont=0.386,94.1,186,372,2.08e-58,102,53,154,1,102,mobileOG_000036344,tnpB,WP_000973287.1,integration/excision,NA,ACLAME,Homology,NODE_86_length_310_cov_77.579399_1, 3 # 308 # 1 , 3,308,1 ,86_1,86,1,11,Edge,None,None,0.386,NODE_86_length_310_cov_77.579399,mobileOG_000036344_NODE_86_length_310_cov_77.579399
256,mobileOG_000036341|tnpB|WP_000906727.1|integration/excision|NA|Multiple|Homology,NODE_86_length_310_cov_77.579399_1 # 3 # 308 # 1 # ID=86_1;partial=11;start_type=Edge;rbs_motif=None;rbs_spacer=None;gc_cont=0.386,94.1,186,373,2.13e-58,102,54,155,1,102,mobileOG_000036341,tnpB,WP_000906727.1,integration/excision,NA,Multiple,Homology,NODE_86_length_310_cov_77.579399_1, 3 # 308 # 1 , 3,308,1 ,86_1,86,1,11,Edge,None,None,0.386,NODE_86_length_310_cov_77.579399,mobileOG_000036341_NODE_86_length_310_cov_77.579399
257,mobileOG_000056318|tnpB|WP_000973292.1|integration/excision|NA|Multiple|Homology,NODE_86_length_310_cov_77.579399_1 # 3 # 308 # 1 # ID=86_1;partial=11;start_type=Edge;rbs_motif=None;rbs_spacer=None;gc_cont=0.386,94.1,186,373,2.13e-58,102,54,155,1,102,mobileOG_000056318,tnpB,WP_000973292.1,integration/excision,NA,Multiple,Homology,NODE_86_length_310_cov_77.579399_1, 3 # 308 # 1 , 3,308,1 ,86_1,86,1,11,Edge,None,None,0.386,NODE_86_length_310_cov_77.579399,mobileOG_000056318_NODE_86_length_310_cov_77.579399
258,mobileOG_000056321|tnpB|WP_000973287.1|integration/excision|NA|Multiple|Homology,NODE_86_length_310_cov_77.579399_1 # 3 # 308 # 1 # ID=86_1;partial=11;start_type=Edge;rbs_motif=None;rbs_spacer=None;gc_cont=0.386,94.1,186,373,2.13e-58,102,54,155,1,102,mobileOG_000056321,tnpB,WP_000973287.1,integration/excision,NA,Multiple,Homology,NODE_86_length_310_cov_77.579399_1, 3 # 308 # 1 , 3,308,1 ,86_1,86,1,11,Edge,None,None,0.386,NODE_86_length_310_cov_77.579399,mobileOG_000056321_NODE_86_length_310_cov_77.579399
259,mobileOG_000409408|NA:Keyword|V5ML52|integration/excision|NA|COMPASS|Keyword Search,NODE_89_length_293_cov_117.092593_1 # 2 # 160 # -1 # ID=89_1;partial=10;start_type=ATG;rbs_motif=AGGAG;rbs_spacer=5-10bp;gc_cont=0.314,94.3,107,114,2.26e-31,53,1,53,1,53,mobileOG_000409408,NA:Keyword,V5ML52,integration/excision,NA,COMPASS,Keyword Search,NODE_89_length_293_cov_117.092593_1, 2 # 160 # -1 , 2,160,-1 ,89_1,89,1,10,ATG,AGGAG,5-10bp,0.314,NODE_89_length_293_cov_117.092593,mobileOG_000409408_NODE_89_length_293_cov_117.092593
260,mobileOG_000737825|NA:Keyword|WP_042597717.1|integration/excision|NA|Multiple|Keyword Search,NODE_89_length_293_cov_117.092593_1 # 2 # 160 # -1 # ID=89_1;partial=10;start_type=ATG;rbs_motif=AGGAG;rbs_spacer=5-10bp;gc_cont=0.314,96.2,111,479,6.94e-30,53,1,53,1,53,mobileOG_000737825,NA:Keyword,WP_042597717.1,integration/excision,NA,Multiple,Keyword Search,NODE_89_length_293_cov_117.092593_1, 2 # 160 # -1 , 2,160,-1 ,89_1,89,1,10,ATG,AGGAG,5-10bp,0.314,NODE_89_length_293_cov_117.092593,mobileOG_000737825_NODE_89_length_293_cov_117.092593
261,mobileOG_000738030|NA:Keyword|WP_119684458.1|integration/excision|NA|Multiple|Keyword Search,NODE_89_length_293_cov_117.092593_1 # 2 # 160 # -1 # ID=89_1;partial=10;start_type=ATG;rbs_motif=AGGAG;rbs_spacer=5-10bp;gc_cont=0.314,96.2,111,488,7.40e-30,53,1,53,1,53,mobileOG_000738030,NA:Keyword,WP_119684458.1,integration/excision,NA,Multiple,Keyword Search,NODE_89_length_293_cov_117.092593_1, 2 # 160 # -1 , 2,160,-1 ,89_1,89,1,10,ATG,AGGAG,5-10bp,0.314,NODE_89_length_293_cov_117.092593,mobileOG_000738030_NODE_89_length_293_cov_117.092593
262,mobileOG_000411978|NA:Keyword|WP_063549940.1|integration/excision|NA|Multiple|Keyword Search,NODE_89_length_293_cov_117.092593_1 # 2 # 160 # -1 # ID=89_1;partial=10;start_type=ATG;rbs_motif=AGGAG;rbs_spacer=5-10bp;gc_cont=0.314,96.2,111,489,7.45e-30,53,1,53,1,53,mobileOG_000411978,NA:Keyword,WP_063549940.1,integration/excision,NA,Multiple,Keyword Search,NODE_89_length_293_cov_117.092593_1, 2 # 160 # -1 , 2,160,-1 ,89_1,89,1,10,ATG,AGGAG,5-10bp,0.314,NODE_89_length_293_cov_117.092593,mobileOG_000411978_NODE_89_length_293_cov_117.092593
263,mobileOG_000724529|NA:Keyword|A0A2A9TQ51|integration/excision|NA|ISFinder|Keyword Search,NODE_89_length_293_cov_117.092593_1 # 2 # 160 # -1 # ID=89_1;partial=10;start_type=ATG;rbs_motif=AGGAG;rbs_spacer=5-10bp;gc_cont=0.314,96.2,111,489,7.45e-30,53,1,53,1,53,mobileOG_000724529,NA:Keyword,A0A2A9TQ51,integration/excision,NA,ISFinder,Keyword Search,NODE_89_length_293_cov_117.092593_1, 2 # 160 # -1 , 2,160,-1 ,89_1,89,1,10,ATG,AGGAG,5-10bp,0.314,NODE_89_length_293_cov_117.092593,mobileOG_000724529_NODE_89_length_293_cov_117.092593
264,mobileOG_000737863|NA:Keyword|WP_061885131.1|integration/excision|NA|Multiple|Keyword Search,NODE_89_length_293_cov_117.092593_1 # 2 # 160 # -1 # ID=89_1;partial=10;start_type=ATG;rbs_motif=AGGAG;rbs_spacer=5-10bp;gc_cont=0.314,96.2,111,489,7.45e-30,53,1,53,1,53,mobileOG_000737863,NA:Keyword,WP_061885131.1,integration/excision,NA,Multiple,Keyword Search,NODE_89_length_293_cov_117.092593_1, 2 # 160 # -1 , 2,160,-1 ,89_1,89,1,10,ATG,AGGAG,5-10bp,0.314,NODE_89_length_293_cov_117.092593,mobileOG_000737863_NODE_89_length_293_cov_117.092593
265,mobileOG_000738132|NA:Keyword|WP_168455195.1|integration/excision|NA|Plasmid RefSeq|Keyword Search,NODE_89_length_293_cov_117.092593_1 # 2 # 160 # -1 # ID=89_1;partial=10;start_type=ATG;rbs_motif=AGGAG;rbs_spacer=5-10bp;gc_cont=0.314,96.2,111,489,7.45e-30,53,1,53,1,53,mobileOG_000738132,NA:Keyword,WP_168455195.1,integration/excision,NA,Plasmid RefSeq,Keyword Search,NODE_89_length_293_cov_117.092593_1, 2 # 160 # -1 , 2,160,-1 ,89_1,89,1,10,ATG,AGGAG,5-10bp,0.314,NODE_89_length_293_cov_117.092593,mobileOG_000738132_NODE_89_length_293_cov_117.092593
266,mobileOG_000738150|NA:Keyword|A0A380YCV3|integration/excision|NA|Plasmid RefSeq|Keyword Search,NODE_89_length_293_cov_117.092593_1 # 2 # 160 # -1 # ID=89_1;partial=10;start_type=ATG;rbs_motif=AGGAG;rbs_spacer=5-10bp;gc_cont=0.314,96.2,111,489,7.45e-30,53,1,53,1,53,mobileOG_000738150,NA:Keyword,A0A380YCV3,integration/excision,NA,Plasmid RefSeq,Keyword Search,NODE_89_length_293_cov_117.092593_1, 2 # 160 # -1 , 2,160,-1 ,89_1,89,1,10,ATG,AGGAG,5-10bp,0.314,NODE_89_length_293_cov_117.092593,mobileOG_000738150_NODE_89_length_293_cov_117.092593
267,mobileOG_000737864|NA:Keyword|WP_063675602.1|integration/excision|NA|Multiple|Keyword Search,NODE_89_length_293_cov_117.092593_1 # 2 # 160 # -1 # ID=89_1;partial=10;start_type=ATG;rbs_motif=AGGAG;rbs_spacer=5-10bp;gc_cont=0.314,96.2,111,493,7.66e-30,53,1,53,1,53,mobileOG_000737864,NA:Keyword,WP_063675602.1,integration/excision,NA,Multiple,Keyword Search,NODE_89_length_293_cov_117.092593_1, 2 # 160 # -1 , 2,160,-1 ,89_1,89,1,10,ATG,AGGAG,5-10bp,0.314,NODE_89_length_293_cov_117.092593,mobileOG_000737864_NODE_89_length_293_cov_117.092593
268,"mobileOG_000368505|ftsH|WP_004933529.1|phage|infection,regulation|Plasmid RefSeq|Homology",NODE_112_length_266_cov_0.735450_1 # 3 # 266 # 1 # ID=112_1;partial=11;start_type=Edge;rbs_motif=None;rbs_spacer=None;gc_cont=0.504,98.9,171,643,1.73e-50,88,30,117,1,88,mobileOG_000368505,ftsH,WP_004933529.1,phage,"infection,regulation",Plasmid RefSeq,Homology,NODE_112_length_266_cov_0.735450_1, 3 # 266 # 1 , 3,266,1 ,112_1,112,1,11,Edge,None,None,0.504,NODE_112_length_266_cov_0.735450,mobileOG_000368505_NODE_112_length_266_cov_0.735450
269,"mobileOG_000288420|ftsH|A0A422XC88|phage|infection,regulation|Plasmid RefSeq|Homology",NODE_112_length_266_cov_0.735450_1 # 3 # 266 # 1 # ID=112_1;partial=11;start_type=Edge;rbs_motif=None;rbs_spacer=None;gc_cont=0.504,90.9,160,644,8.94e-47,88,30,117,1,88,mobileOG_000288420,ftsH,A0A422XC88,phage,"infection,regulation",Plasmid RefSeq,Homology,NODE_112_length_266_cov_0.735450_1, 3 # 266 # 1 , 3,266,1 ,112_1,112,1,11,Edge,None,None,0.504,NODE_112_length_266_cov_0.735450,mobileOG_000288420_NODE_112_length_266_cov_0.735450
270,mobileOG_000334477|dnaB|WP_010466543.1|replication/recombination/repair|NA|Multiple|Homology,NODE_139_length_244_cov_0.886228_1 # 1 # 243 # 1 # ID=139_1;partial=11;start_type=Edge;rbs_motif=None;rbs_spacer=None;gc_cont=0.621,96.3,154,465,1.34e-45,81,207,287,1,81,mobileOG_000334477,dnaB,WP_010466543.1,replication/recombination/repair,NA,Multiple,Homology,NODE_139_length_244_cov_0.886228_1, 1 # 243 # 1 , 1,243,1 ,139_1,139,1,11,Edge,None,None,0.621,NODE_139_length_244_cov_0.886228,mobileOG_000334477_NODE_139_length_244_cov_0.886228
271,mobileOG_000048375|dnaB|A0A2K4K976|replication/recombination/repair|NA|COMPASS|Homology,NODE_139_length_244_cov_0.886228_1 # 1 # 243 # 1 # ID=139_1;partial=11;start_type=Edge;rbs_motif=None;rbs_spacer=None;gc_cont=0.621,95.1,153,464,3.61e-45,81,207,287,1,81,mobileOG_000048375,dnaB,A0A2K4K976,replication/recombination/repair,NA,COMPASS,Homology,NODE_139_length_244_cov_0.886228_1, 1 # 243 # 1 , 1,243,1 ,139_1,139,1,11,Edge,None,None,0.621,NODE_139_length_244_cov_0.886228,mobileOG_000048375_NODE_139_length_244_cov_0.886228
272,mobileOG_000061301|dnaB|WP_071555873.1|replication/recombination/repair|NA|Multiple|Homology,NODE_139_length_244_cov_0.886228_1 # 1 # 243 # 1 # ID=139_1;partial=11;start_type=Edge;rbs_motif=None;rbs_spacer=None;gc_cont=0.621,95.1,153,465,3.67e-45,81,207,287,1,81,mobileOG_000061301,dnaB,WP_071555873.1,replication/recombination/repair,NA,Multiple,Homology,NODE_139_length_244_cov_0.886228_1, 1 # 243 # 1 , 1,243,1 ,139_1,139,1,11,Edge,None,None,0.621,NODE_139_length_244_cov_0.886228,mobileOG_000061301_NODE_139_length_244_cov_0.886228
273,mobileOG_000048403|dnaB|A0A1H4ZXY1|replication/recombination/repair|NA|COMPASS|Homology,NODE_139_length_244_cov_0.886228_1 # 1 # 243 # 1 # ID=139_1;partial=11;start_type=Edge;rbs_motif=None;rbs_spacer=None;gc_cont=0.621,95.1,153,464,5.06e-45,81,207,287,1,81,mobileOG_000048403,dnaB,A0A1H4ZXY1,replication/recombination/repair,NA,COMPASS,Homology,NODE_139_length_244_cov_0.886228_1, 1 # 243 # 1 , 1,243,1 ,139_1,139,1,11,Edge,None,None,0.621,NODE_139_length_244_cov_0.886228,mobileOG_000048403_NODE_139_length_244_cov_0.886228
274,mobileOG_000334588|dnaB|WP_023383613.1|replication/recombination/repair|NA|Multiple|Homology,NODE_139_length_244_cov_0.886228_1 # 1 # 243 # 1 # ID=139_1;partial=11;start_type=Edge;rbs_motif=None;rbs_spacer=None;gc_cont=0.621,95.1,153,465,5.15e-45,81,207,287,1,81,mobileOG_000334588,dnaB,WP_023383613.1,replication/recombination/repair,NA,Multiple,Homology,NODE_139_length_244_cov_0.886228_1, 1 # 243 # 1 , 1,243,1 ,139_1,139,1,11,Edge,None,None,0.621,NODE_139_length_244_cov_0.886228,mobileOG_000334588_NODE_139_length_244_cov_0.886228
275,mobileOG_000342687|dnaB|A0A2V4Q935|replication/recombination/repair|NA|Plasmid RefSeq|Homology,NODE_139_length_244_cov_0.886228_1 # 1 # 243 # 1 # ID=139_1;partial=11;start_type=Edge;rbs_motif=None;rbs_spacer=None;gc_cont=0.621,95.1,153,465,5.15e-45,81,207,287,1,81,mobileOG_000342687,dnaB,A0A2V4Q935,replication/recombination/repair,NA,Plasmid RefSeq,Homology,NODE_139_length_244_cov_0.886228_1, 1 # 243 # 1 , 1,243,1 ,139_1,139,1,11,Edge,None,None,0.621,NODE_139_length_244_cov_0.886228,mobileOG_000342687_NODE_139_length_244_cov_0.886228
276,mobileOG_000328256|dnaB|WP_004575970.1|replication/recombination/repair|NA|Multiple|Homology,NODE_139_length_244_cov_0.886228_1 # 1 # 243 # 1 # ID=139_1;partial=11;start_type=Edge;rbs_motif=None;rbs_spacer=None;gc_cont=0.621,93.8,150,465,7.63e-44,81,207,287,1,81,mobileOG_000328256,dnaB,WP_004575970.1,replication/recombination/repair,NA,Multiple,Homology,NODE_139_length_244_cov_0.886228_1, 1 # 243 # 1 , 1,243,1 ,139_1,139,1,11,Edge,None,None,0.621,NODE_139_length_244_cov_0.886228,mobileOG_000328256_NODE_139_length_244_cov_0.886228
277,mobileOG_000349716|dnaB|WP_104962993.1|replication/recombination/repair|NA|Multiple|Homology,NODE_139_length_244_cov_0.886228_1 # 1 # 243 # 1 # ID=139_1;partial=11;start_type=Edge;rbs_motif=None;rbs_spacer=None;gc_cont=0.621,93.8,150,465,7.63e-44,81,207,287,1,81,mobileOG_000349716,dnaB,WP_104962993.1,replication/recombination/repair,NA,Multiple,Homology,NODE_139_length_244_cov_0.886228_1, 1 # 243 # 1 , 1,243,1 ,139_1,139,1,11,Edge,None,None,0.621,NODE_139_length_244_cov_0.886228,mobileOG_000349716_NODE_139_length_244_cov_0.886228
278,mobileOG_000290271|dnaB|A0A1T1HSD9|replication/recombination/repair|NA|Plasmid RefSeq|Homology,NODE_139_length_244_cov_0.886228_1 # 1 # 243 # 1 # ID=139_1;partial=11;start_type=Edge;rbs_motif=None;rbs_spacer=None;gc_cont=0.621,93.8,150,465,7.63e-44,81,207,287,1,81,mobileOG_000290271,dnaB,A0A1T1HSD9,replication/recombination/repair,NA,Plasmid RefSeq,Homology,NODE_139_length_244_cov_0.886228_1, 1 # 243 # 1 , 1,243,1 ,139_1,139,1,11,Edge,None,None,0.621,NODE_139_length_244_cov_0.886228,mobileOG_000290271_NODE_139_length_244_cov_0.886228
279,mobileOG_000329570|dnaB|A0A1T1HSD9|replication/recombination/repair|NA|Plasmid RefSeq|Homology,NODE_139_length_244_cov_0.886228_1 # 1 # 243 # 1 # ID=139_1;partial=11;start_type=Edge;rbs_motif=None;rbs_spacer=None;gc_cont=0.621,93.8,150,465,7.63e-44,81,207,287,1,81,mobileOG_000329570,dnaB,A0A1T1HSD9,replication/recombination/repair,NA,Plasmid RefSeq,Homology,NODE_139_length_244_cov_0.886228_1, 1 # 243 # 1 , 1,243,1 ,139_1,139,1,11,Edge,None,None,0.621,NODE_139_length_244_cov_0.886228,mobileOG_000329570_NODE_139_length_244_cov_0.886228
280,mobileOG_000034687|dnaB|WP_011031943.1|replication/recombination/repair|NA|Multiple|Homology,NODE_139_length_244_cov_0.886228_1 # 1 # 243 # 1 # ID=139_1;partial=11;start_type=Edge;rbs_motif=None;rbs_spacer=None;gc_cont=0.621,94.9,149,464,1.05e-43,81,209,287,3,81,mobileOG_000034687,dnaB,WP_011031943.1,replication/recombination/repair,NA,Multiple,Homology,NODE_139_length_244_cov_0.886228_1, 1 # 243 # 1 , 1,243,1 ,139_1,139,1,11,Edge,None,None,0.621,NODE_139_length_244_cov_0.886228,mobileOG_000034687_NODE_139_length_244_cov_0.886228
281,mobileOG_000418928|NA:Keyword|WP_033641513.1|integration/excision|NA|COMPASS|Keyword Search,NODE_143_length_242_cov_0.896970_1 # 2 # 208 # -1 # ID=143_1;partial=10;start_type=GTG;rbs_motif=None;rbs_spacer=None;gc_cont=0.609,95.7,136,188,2.15e-41,69,1,69,1,69,mobileOG_000418928,NA:Keyword,WP_033641513.1,integration/excision,NA,COMPASS,Keyword Search,NODE_143_length_242_cov_0.896970_1, 2 # 208 # -1 , 2,208,-1 ,143_1,143,1,10,GTG,None,None,0.609,NODE_143_length_242_cov_0.896970,mobileOG_000418928_NODE_143_length_242_cov_0.896970
282,mobileOG_000418920|NA:Keyword|WP_166479509.1|integration/excision|NA|COMPASS|Keyword Search,NODE_143_length_242_cov_0.896970_1 # 2 # 208 # -1 # ID=143_1;partial=10;start_type=GTG;rbs_motif=None;rbs_spacer=None;gc_cont=0.609,95.7,135,213,8.70e-41,69,43,111,1,69,mobileOG_000418920,NA:Keyword,WP_166479509.1,integration/excision,NA,COMPASS,Keyword Search,NODE_143_length_242_cov_0.896970_1, 2 # 208 # -1 , 2,208,-1 ,143_1,143,1,10,GTG,None,None,0.609,NODE_143_length_242_cov_0.896970,mobileOG_000418920_NODE_143_length_242_cov_0.896970
283,mobileOG_000343850|tnp|WP_033641513.1|integration/excision|NA|Multiple|Homology,NODE_143_length_242_cov_0.896970_1 # 2 # 208 # -1 # ID=143_1;partial=10;start_type=GTG;rbs_motif=None;rbs_spacer=None;gc_cont=0.609,95.7,135,282,5.14e-40,69,112,180,1,69,mobileOG_000343850,tnp,WP_033641513.1,integration/excision,NA,Multiple,Homology,NODE_143_length_242_cov_0.896970_1, 2 # 208 # -1 , 2,208,-1 ,143_1,143,1,10,GTG,None,None,0.609,NODE_143_length_242_cov_0.896970,mobileOG_000343850_NODE_143_length_242_cov_0.896970
284,mobileOG_000344088|tnp|WP_059202108.1|integration/excision|NA|Plasmid RefSeq|Homology,NODE_143_length_242_cov_0.896970_1 # 2 # 208 # -1 # ID=143_1;partial=10;start_type=GTG;rbs_motif=None;rbs_spacer=None;gc_cont=0.609,95.7,135,404,6.22e-39,69,237,305,1,69,mobileOG_000344088,tnp,WP_059202108.1,integration/excision,NA,Plasmid RefSeq,Homology,NODE_143_length_242_cov_0.896970_1, 2 # 208 # -1 , 2,208,-1 ,143_1,143,1,10,GTG,None,None,0.609,NODE_143_length_242_cov_0.896970,mobileOG_000344088_NODE_143_length_242_cov_0.896970
285,mobileOG_000289775|tnp|WP_166479509.1|integration/excision|NA|Plasmid RefSeq|Homology,NODE_143_length_242_cov_0.896970_1 # 2 # 208 # -1 # ID=143_1;partial=10;start_type=GTG;rbs_motif=None;rbs_spacer=None;gc_cont=0.609,95.7,135,407,6.55e-39,69,237,305,1,69,mobileOG_000289775,tnp,WP_166479509.1,integration/excision,NA,Plasmid RefSeq,Homology,NODE_143_length_242_cov_0.896970_1, 2 # 208 # -1 , 2,208,-1 ,143_1,143,1,10,GTG,None,None,0.609,NODE_143_length_242_cov_0.896970,mobileOG_000289775_NODE_143_length_242_cov_0.896970
286,mobileOG_000316302|tnp|WP_121097644.1|integration/excision|NA|Plasmid RefSeq|Homology,NODE_143_length_242_cov_0.896970_1 # 2 # 208 # -1 # ID=143_1;partial=10;start_type=GTG;rbs_motif=None;rbs_spacer=None;gc_cont=0.609,95.7,135,407,6.55e-39,69,237,305,1,69,mobileOG_000316302,tnp,WP_121097644.1,integration/excision,NA,Plasmid RefSeq,Homology,NODE_143_length_242_cov_0.896970_1, 2 # 208 # -1 , 2,208,-1 ,143_1,143,1,10,GTG,None,None,0.609,NODE_143_length_242_cov_0.896970,mobileOG_000316302_NODE_143_length_242_cov_0.896970
287,mobileOG_000340469|tnp|WP_142816538.1|integration/excision|NA|Plasmid RefSeq|Homology,NODE_143_length_242_cov_0.896970_1 # 2 # 208 # -1 # ID=143_1;partial=10;start_type=GTG;rbs_motif=None;rbs_spacer=None;gc_cont=0.609,95.7,135,407,6.55e-39,69,237,305,1,69,mobileOG_000340469,tnp,WP_142816538.1,integration/excision,NA,Plasmid RefSeq,Homology,NODE_143_length_242_cov_0.896970_1, 2 # 208 # -1 , 2,208,-1 ,143_1,143,1,10,GTG,None,None,0.609,NODE_143_length_242_cov_0.896970,mobileOG_000340469_NODE_143_length_242_cov_0.896970
288,mobileOG_000343904|tnp|WP_128383108.1|integration/excision|NA|Plasmid RefSeq|Homology,NODE_143_length_242_cov_0.896970_1 # 2 # 208 # -1 # ID=143_1;partial=10;start_type=GTG;rbs_motif=None;rbs_spacer=None;gc_cont=0.609,95.7,135,407,6.55e-39,69,237,305,1,69,mobileOG_000343904,tnp,WP_128383108.1,integration/excision,NA,Plasmid RefSeq,Homology,NODE_143_length_242_cov_0.896970_1, 2 # 208 # -1 , 2,208,-1 ,143_1,143,1,10,GTG,None,None,0.609,NODE_143_length_242_cov_0.896970,mobileOG_000343904_NODE_143_length_242_cov_0.896970
289,mobileOG_000370713|tnp|WP_166479509.1|integration/excision|NA|Plasmid RefSeq|Homology,NODE_143_length_242_cov_0.896970_1 # 2 # 208 # -1 # ID=143_1;partial=10;start_type=GTG;rbs_motif=None;rbs_spacer=None;gc_cont=0.609,95.7,135,407,6.55e-39,69,237,305,1,69,mobileOG_000370713,tnp,WP_166479509.1,integration/excision,NA,Plasmid RefSeq,Homology,NODE_143_length_242_cov_0.896970_1, 2 # 208 # -1 , 2,208,-1 ,143_1,143,1,10,GTG,None,None,0.609,NODE_143_length_242_cov_0.896970,mobileOG_000370713_NODE_143_length_242_cov_0.896970
290,mobileOG_000750269|NA:Keyword|WP_128383108.1|integration/excision|NA|Plasmid RefSeq|Keyword Search,NODE_143_length_242_cov_0.896970_1 # 2 # 208 # -1 # ID=143_1;partial=10;start_type=GTG;rbs_motif=None;rbs_spacer=None;gc_cont=0.609,95.7,135,414,7.35e-39,69,244,312,1,69,mobileOG_000750269,NA:Keyword,WP_128383108.1,integration/excision,NA,Plasmid RefSeq,Keyword Search,NODE_143_length_242_cov_0.896970_1, 2 # 208 # -1 , 2,208,-1 ,143_1,143,1,10,GTG,None,None,0.609,NODE_143_length_242_cov_0.896970,mobileOG_000750269_NODE_143_length_242_cov_0.896970
291,mobileOG_000296266|tnp|A0A1C3HMW2|integration/excision|NA|Plasmid RefSeq|Homology,NODE_143_length_242_cov_0.896970_1 # 2 # 208 # -1 # ID=143_1;partial=10;start_type=GTG;rbs_motif=None;rbs_spacer=None;gc_cont=0.609,92.8,132,323,2.03e-38,69,153,221,1,69,mobileOG_000296266,tnp,A0A1C3HMW2,integration/excision,NA,Plasmid RefSeq,Homology,NODE_143_length_242_cov_0.896970_1, 2 # 208 # -1 , 2,208,-1 ,143_1,143,1,10,GTG,None,None,0.609,NODE_143_length_242_cov_0.896970,mobileOG_000296266_NODE_143_length_242_cov_0.896970
292,mobileOG_000340472|tnp|WP_142816584.1|integration/excision|NA|Plasmid RefSeq|Homology,NODE_143_length_242_cov_0.896970_1 # 2 # 208 # -1 # ID=143_1;partial=10;start_type=GTG;rbs_motif=None;rbs_spacer=None;gc_cont=0.609,94.2,133,407,3.54e-38,69,237,305,1,69,mobileOG_000340472,tnp,WP_142816584.1,integration/excision,NA,Plasmid RefSeq,Homology,NODE_143_length_242_cov_0.896970_1, 2 # 208 # -1 , 2,208,-1 ,143_1,143,1,10,GTG,None,None,0.609,NODE_143_length_242_cov_0.896970,mobileOG_000340472_NODE_143_length_242_cov_0.896970
293,mobileOG_000340116|tnp|WP_142076322.1|integration/excision|NA|Plasmid RefSeq|Homology,NODE_143_length_242_cov_0.896970_1 # 2 # 208 # -1 # ID=143_1;partial=10;start_type=GTG;rbs_motif=None;rbs_spacer=None;gc_cont=0.609,92.8,130,407,3.75e-37,69,237,305,1,69,mobileOG_000340116,tnp,WP_142076322.1,integration/excision,NA,Plasmid RefSeq,Homology,NODE_143_length_242_cov_0.896970_1, 2 # 208 # -1 , 2,208,-1 ,143_1,143,1,10,GTG,None,None,0.609,NODE_143_length_242_cov_0.896970,mobileOG_000340116_NODE_143_length_242_cov_0.896970
294,mobileOG_000738030|NA:Keyword|WP_119684458.1|integration/excision|NA|Multiple|Keyword Search,NODE_168_length_225_cov_51.472973_1 # 2 # 223 # -1 # ID=168_1;partial=11;start_type=Edge;rbs_motif=None;rbs_spacer=None;gc_cont=0.333,98.6,151,488,2.12e-44,74,351,424,1,74,mobileOG_000738030,NA:Keyword,WP_119684458.1,integration/excision,NA,Multiple,Keyword Search,NODE_168_length_225_cov_51.472973_1, 2 # 223 # -1 , 2,223,-1 ,168_1,168,1,11,Edge,None,None,0.333,NODE_168_length_225_cov_51.472973,mobileOG_000738030_NODE_168_length_225_cov_51.472973
295,mobileOG_000724529|NA:Keyword|A0A2A9TQ51|integration/excision|NA|ISFinder|Keyword Search,NODE_168_length_225_cov_51.472973_1 # 2 # 223 # -1 # ID=168_1;partial=11;start_type=Edge;rbs_motif=None;rbs_spacer=None;gc_cont=0.333,98.6,151,489,2.16e-44,74,352,425,1,74,mobileOG_000724529,NA:Keyword,A0A2A9TQ51,integration/excision,NA,ISFinder,Keyword Search,NODE_168_length_225_cov_51.472973_1, 2 # 223 # -1 , 2,223,-1 ,168_1,168,1,11,Edge,None,None,0.333,NODE_168_length_225_cov_51.472973,mobileOG_000724529_NODE_168_length_225_cov_51.472973
296,mobileOG_000738132|NA:Keyword|WP_168455195.1|integration/excision|NA|Plasmid RefSeq|Keyword Search,NODE_168_length_225_cov_51.472973_1 # 2 # 223 # -1 # ID=168_1;partial=11;start_type=Edge;rbs_motif=None;rbs_spacer=None;gc_cont=0.333,98.6,151,489,2.16e-44,74,352,425,1,74,mobileOG_000738132,NA:Keyword,WP_168455195.1,integration/excision,NA,Plasmid RefSeq,Keyword Search,NODE_168_length_225_cov_51.472973_1, 2 # 223 # -1 , 2,223,-1 ,168_1,168,1,11,Edge,None,None,0.333,NODE_168_length_225_cov_51.472973,mobileOG_000738132_NODE_168_length_225_cov_51.472973
297,mobileOG_000737863|NA:Keyword|WP_061885131.1|integration/excision|NA|Multiple|Keyword Search,NODE_168_length_225_cov_51.472973_1 # 2 # 223 # -1 # ID=168_1;partial=11;start_type=Edge;rbs_motif=None;rbs_spacer=None;gc_cont=0.333,97.3,149,489,1.15e-43,74,352,425,1,74,mobileOG_000737863,NA:Keyword,WP_061885131.1,integration/excision,NA,Multiple,Keyword Search,NODE_168_length_225_cov_51.472973_1, 2 # 223 # -1 , 2,223,-1 ,168_1,168,1,11,Edge,None,None,0.333,NODE_168_length_225_cov_51.472973,mobileOG_000737863_NODE_168_length_225_cov_51.472973
298,mobileOG_000738150|NA:Keyword|A0A380YCV3|integration/excision|NA|Plasmid RefSeq|Keyword Search,NODE_168_length_225_cov_51.472973_1 # 2 # 223 # -1 # ID=168_1;partial=11;start_type=Edge;rbs_motif=None;rbs_spacer=None;gc_cont=0.333,97.3,149,489,1.15e-43,74,352,425,1,74,mobileOG_000738150,NA:Keyword,A0A380YCV3,integration/excision,NA,Plasmid RefSeq,Keyword Search,NODE_168_length_225_cov_51.472973_1, 2 # 223 # -1 , 2,223,-1 ,168_1,168,1,11,Edge,None,None,0.333,NODE_168_length_225_cov_51.472973,mobileOG_000738150_NODE_168_length_225_cov_51.472973
299,mobileOG_000737825|NA:Keyword|WP_042597717.1|integration/excision|NA|Multiple|Keyword Search,NODE_168_length_225_cov_51.472973_1 # 2 # 223 # -1 # ID=168_1;partial=11;start_type=Edge;rbs_motif=None;rbs_spacer=None;gc_cont=0.333,97.3,149,479,1.39e-43,74,342,415,1,74,mobileOG_000737825,NA:Keyword,WP_042597717.1,integration/excision,NA,Multiple,Keyword Search,NODE_168_length_225_cov_51.472973_1, 2 # 223 # -1 , 2,223,-1 ,168_1,168,1,11,Edge,None,None,0.333,NODE_168_length_225_cov_51.472973,mobileOG_000737825_NODE_168_length_225_cov_51.472973
300,mobileOG_000737864|NA:Keyword|WP_063675602.1|integration/excision|NA|Multiple|Keyword Search,NODE_168_length_225_cov_51.472973_1 # 2 # 223 # -1 # ID=168_1;partial=11;start_type=Edge;rbs_motif=None;rbs_spacer=None;gc_cont=0.333,97.3,149,493,1.71e-43,74,356,429,1,74,mobileOG_000737864,NA:Keyword,WP_063675602.1,integration/excision,NA,Multiple,Keyword Search,NODE_168_length_225_cov_51.472973_1, 2 # 223 # -1 , 2,223,-1 ,168_1,168,1,11,Edge,None,None,0.333,NODE_168_length_225_cov_51.472973,mobileOG_000737864_NODE_168_length_225_cov_51.472973
301,mobileOG_000411978|NA:Keyword|WP_063549940.1|integration/excision|NA|Multiple|Keyword Search,NODE_168_length_225_cov_51.472973_1 # 2 # 223 # -1 # ID=168_1;partial=11;start_type=Edge;rbs_motif=None;rbs_spacer=None;gc_cont=0.333,94.6,144,489,1.25e-41,74,352,425,1,74,mobileOG_000411978,NA:Keyword,WP_063549940.1,integration/excision,NA,Multiple,Keyword Search,NODE_168_length_225_cov_51.472973_1, 2 # 223 # -1 , 2,223,-1 ,168_1,168,1,11,Edge,None,None,0.333,NODE_168_length_225_cov_51.472973,mobileOG_000411978_NODE_168_length_225_cov_51.472973
302,mobileOG_000411978|NA:Keyword|WP_063549940.1|integration/excision|NA|Multiple|Keyword Search,NODE_169_length_214_cov_80.963504_1 # 1 # 213 # -1 # ID=169_1;partial=11;start_type=Edge;rbs_motif=None;rbs_spacer=None;gc_cont=0.357,94.7,135,489,2.33e-38,71,212,286,1,71,mobileOG_000411978,NA:Keyword,WP_063549940.1,integration/excision,NA,Multiple,Keyword Search,NODE_169_length_214_cov_80.963504_1, 1 # 213 # -1 , 1,213,-1 ,169_1,169,1,11,Edge,None,None,0.357,NODE_169_length_214_cov_80.963504,mobileOG_000411978_NODE_169_length_214_cov_80.963504
303,mobileOG_000738030|NA:Keyword|WP_119684458.1|integration/excision|NA|Multiple|Keyword Search,NODE_169_length_214_cov_80.963504_1 # 1 # 213 # -1 # ID=169_1;partial=11;start_type=Edge;rbs_motif=None;rbs_spacer=None;gc_cont=0.357,93.3,134,488,6.22e-38,71,212,286,1,71,mobileOG_000738030,NA:Keyword,WP_119684458.1,integration/excision,NA,Multiple,Keyword Search,NODE_169_length_214_cov_80.963504_1, 1 # 213 # -1 , 1,213,-1 ,169_1,169,1,11,Edge,None,None,0.357,NODE_169_length_214_cov_80.963504,mobileOG_000738030_NODE_169_length_214_cov_80.963504
304,mobileOG_000724529|NA:Keyword|A0A2A9TQ51|integration/excision|NA|ISFinder|Keyword Search,NODE_169_length_214_cov_80.963504_1 # 1 # 213 # -1 # ID=169_1;partial=11;start_type=Edge;rbs_motif=None;rbs_spacer=None;gc_cont=0.357,93.3,134,489,6.29e-38,71,212,286,1,71,mobileOG_000724529,NA:Keyword,A0A2A9TQ51,integration/excision,NA,ISFinder,Keyword Search,NODE_169_length_214_cov_80.963504_1, 1 # 213 # -1 , 1,213,-1 ,169_1,169,1,11,Edge,None,None,0.357,NODE_169_length_214_cov_80.963504,mobileOG_000724529_NODE_169_length_214_cov_80.963504
305,mobileOG_000738150|NA:Keyword|A0A380YCV3|integration/excision|NA|Plasmid RefSeq|Keyword Search,NODE_169_length_214_cov_80.963504_1 # 1 # 213 # -1 # ID=169_1;partial=11;start_type=Edge;rbs_motif=None;rbs_spacer=None;gc_cont=0.357,93.3,134,489,6.29e-38,71,212,286,1,71,mobileOG_000738150,NA:Keyword,A0A380YCV3,integration/excision,NA,Plasmid RefSeq,Keyword Search,NODE_169_length_214_cov_80.963504_1, 1 # 213 # -1 , 1,213,-1 ,169_1,169,1,11,Edge,None,None,0.357,NODE_169_length_214_cov_80.963504,mobileOG_000738150_NODE_169_length_214_cov_80.963504
306,mobileOG_000737825|NA:Keyword|WP_042597717.1|integration/excision|NA|Multiple|Keyword Search,NODE_169_length_214_cov_80.963504_1 # 1 # 213 # -1 # ID=169_1;partial=11;start_type=Edge;rbs_motif=None;rbs_spacer=None;gc_cont=0.357,92.0,132,479,2.10e-37,71,202,276,1,71,mobileOG_000737825,NA:Keyword,WP_042597717.1,integration/excision,NA,Multiple,Keyword Search,NODE_169_length_214_cov_80.963504_1, 1 # 213 # -1 , 1,213,-1 ,169_1,169,1,11,Edge,None,None,0.357,NODE_169_length_214_cov_80.963504,mobileOG_000737825_NODE_169_length_214_cov_80.963504
307,mobileOG_000737863|NA:Keyword|WP_061885131.1|integration/excision|NA|Multiple|Keyword Search,NODE_169_length_214_cov_80.963504_1 # 1 # 213 # -1 # ID=169_1;partial=11;start_type=Edge;rbs_motif=None;rbs_spacer=None;gc_cont=0.357,90.7,132,489,4.59e-37,71,212,286,1,71,mobileOG_000737863,NA:Keyword,WP_061885131.1,integration/excision,NA,Multiple,Keyword Search,NODE_169_length_214_cov_80.963504_1, 1 # 213 # -1 , 1,213,-1 ,169_1,169,1,11,Edge,None,None,0.357,NODE_169_length_214_cov_80.963504,mobileOG_000737863_NODE_169_length_214_cov_80.963504
308,mobileOG_000738132|NA:Keyword|WP_168455195.1|integration/excision|NA|Plasmid RefSeq|Keyword Search,NODE_169_length_214_cov_80.963504_1 # 1 # 213 # -1 # ID=169_1;partial=11;start_type=Edge;rbs_motif=None;rbs_spacer=None;gc_cont=0.357,92.0,131,489,8.89e-37,71,212,286,1,71,mobileOG_000738132,NA:Keyword,WP_168455195.1,integration/excision,NA,Plasmid RefSeq,Keyword Search,NODE_169_length_214_cov_80.963504_1, 1 # 213 # -1 , 1,213,-1 ,169_1,169,1,11,Edge,None,None,0.357,NODE_169_length_214_cov_80.963504,mobileOG_000738132_NODE_169_length_214_cov_80.963504
309,mobileOG_000737864|NA:Keyword|WP_063675602.1|integration/excision|NA|Multiple|Keyword Search,NODE_169_length_214_cov_80.963504_1 # 1 # 213 # -1 # ID=169_1;partial=11;start_type=Edge;rbs_motif=None;rbs_spacer=None;gc_cont=0.357,90.7,129,493,4.84e-36,71,216,290,1,71,mobileOG_000737864,NA:Keyword,WP_063675602.1,integration/excision,NA,Multiple,Keyword Search,NODE_169_length_214_cov_80.963504_1, 1 # 213 # -1 , 1,213,-1 ,169_1,169,1,11,Edge,None,None,0.357,NODE_169_length_214_cov_80.963504,mobileOG_000737864_NODE_169_length_214_cov_80.963504
310,mobileOG_000738030|NA:Keyword|WP_119684458.1|integration/excision|NA|Multiple|Keyword Search,NODE_197_length_155_cov_89.205128_1 # 1 # 153 # -1 # ID=197_1;partial=11;start_type=Edge;rbs_motif=None;rbs_spacer=None;gc_cont=0.346,98.0,101,488,2.98e-26,51,408,458,1,51,mobileOG_000738030,NA:Keyword,WP_119684458.1,integration/excision,NA,Multiple,Keyword Search,NODE_197_length_155_cov_89.205128_1, 1 # 153 # -1 , 1,153,-1 ,197_1,197,1,11,Edge,None,None,0.346,NODE_197_length_155_cov_89.205128,mobileOG_000738030_NODE_197_length_155_cov_89.205128
311,mobileOG_000724529|NA:Keyword|A0A2A9TQ51|integration/excision|NA|ISFinder|Keyword Search,NODE_197_length_155_cov_89.205128_1 # 1 # 153 # -1 # ID=197_1;partial=11;start_type=Edge;rbs_motif=None;rbs_spacer=None;gc_cont=0.346,98.0,101,489,2.99e-26,51,409,459,1,51,mobileOG_000724529,NA:Keyword,A0A2A9TQ51,integration/excision,NA,ISFinder,Keyword Search,NODE_197_length_155_cov_89.205128_1, 1 # 153 # -1 , 1,153,-1 ,197_1,197,1,11,Edge,None,None,0.346,NODE_197_length_155_cov_89.205128,mobileOG_000724529_NODE_197_length_155_cov_89.205128
312,mobileOG_000737863|NA:Keyword|WP_061885131.1|integration/excision|NA|Multiple|Keyword Search,NODE_197_length_155_cov_89.205128_1 # 1 # 153 # -1 # ID=197_1;partial=11;start_type=Edge;rbs_motif=None;rbs_spacer=None;gc_cont=0.346,98.0,101,489,2.99e-26,51,409,459,1,51,mobileOG_000737863,NA:Keyword,WP_061885131.1,integration/excision,NA,Multiple,Keyword Search,NODE_197_length_155_cov_89.205128_1, 1 # 153 # -1 , 1,153,-1 ,197_1,197,1,11,Edge,None,None,0.346,NODE_197_length_155_cov_89.205128,mobileOG_000737863_NODE_197_length_155_cov_89.205128
313,mobileOG_000738132|NA:Keyword|WP_168455195.1|integration/excision|NA|Plasmid RefSeq|Keyword Search,NODE_197_length_155_cov_89.205128_1 # 1 # 153 # -1 # ID=197_1;partial=11;start_type=Edge;rbs_motif=None;rbs_spacer=None;gc_cont=0.346,98.0,101,489,2.99e-26,51,409,459,1,51,mobileOG_000738132,NA:Keyword,WP_168455195.1,integration/excision,NA,Plasmid RefSeq,Keyword Search,NODE_197_length_155_cov_89.205128_1, 1 # 153 # -1 , 1,153,-1 ,197_1,197,1,11,Edge,None,None,0.346,NODE_197_length_155_cov_89.205128,mobileOG_000738132_NODE_197_length_155_cov_89.205128
314,mobileOG_000738150|NA:Keyword|A0A380YCV3|integration/excision|NA|Plasmid RefSeq|Keyword Search,NODE_197_length_155_cov_89.205128_1 # 1 # 153 # -1 # ID=197_1;partial=11;start_type=Edge;rbs_motif=None;rbs_spacer=None;gc_cont=0.346,98.0,101,489,2.99e-26,51,409,459,1,51,mobileOG_000738150,NA:Keyword,A0A380YCV3,integration/excision,NA,Plasmid RefSeq,Keyword Search,NODE_197_length_155_cov_89.205128_1, 1 # 153 # -1 , 1,153,-1 ,197_1,197,1,11,Edge,None,None,0.346,NODE_197_length_155_cov_89.205128,mobileOG_000738150_NODE_197_length_155_cov_89.205128
315,mobileOG_000737825|NA:Keyword|WP_042597717.1|integration/excision|NA|Multiple|Keyword Search,NODE_197_length_155_cov_89.205128_1 # 1 # 153 # -1 # ID=197_1;partial=11;start_type=Edge;rbs_motif=None;rbs_spacer=None;gc_cont=0.346,96.1,99.4,479,1.96e-25,51,399,449,1,51,mobileOG_000737825,NA:Keyword,WP_042597717.1,integration/excision,NA,Multiple,Keyword Search,NODE_197_length_155_cov_89.205128_1, 1 # 153 # -1 , 1,153,-1 ,197_1,197,1,11,Edge,None,None,0.346,NODE_197_length_155_cov_89.205128,mobileOG_000737825_NODE_197_length_155_cov_89.205128
316,mobileOG_000737864|NA:Keyword|WP_063675602.1|integration/excision|NA|Multiple|Keyword Search,NODE_197_length_155_cov_89.205128_1 # 1 # 153 # -1 # ID=197_1;partial=11;start_type=Edge;rbs_motif=None;rbs_spacer=None;gc_cont=0.346,96.1,99.4,493,2.08e-25,51,413,463,1,51,mobileOG_000737864,NA:Keyword,WP_063675602.1,integration/excision,NA,Multiple,Keyword Search,NODE_197_length_155_cov_89.205128_1, 1 # 153 # -1 , 1,153,-1 ,197_1,197,1,11,Edge,None,None,0.346,NODE_197_length_155_cov_89.205128,mobileOG_000737864_NODE_197_length_155_cov_89.205128
317,mobileOG_000411978|NA:Keyword|WP_063549940.1|integration/excision|NA|Multiple|Keyword Search,NODE_197_length_155_cov_89.205128_1 # 1 # 153 # -1 # ID=197_1;partial=11;start_type=Edge;rbs_motif=None;rbs_spacer=None;gc_cont=0.346,96.1,99.0,489,2.81e-25,51,409,459,1,51,mobileOG_000411978,NA:Keyword,WP_063549940.1,integration/excision,NA,Multiple,Keyword Search,NODE_197_length_155_cov_89.205128_1, 1 # 153 # -1 , 1,153,-1 ,197_1,197,1,11,Edge,None,None,0.346,NODE_197_length_155_cov_89.205128,mobileOG_000411978_NODE_197_length_155_cov_89.205128
