,Sequence Title,Query Title,Pident,Bitscore,Subject Sequence Length,e-value,Query Sequence Length,Start of Alignment in Subject,End of Alignment in Query,Start of Alignment in Query,End of Alignment in Query,mobileOG ID,Gene Name,Best Hit Accession ID,Major mobileOG Category,Minor mobileOG Category,Source Database,Evidence Type,Contig/ORF Name,ORF_Start_Stop_Strands,ORF_Start,ORF_End,Sense or Antisense Strand,Prodigal ID,Prodigal Designated Contigs,Unique_ORF,Partial Tag,Start Codon,RBS Motif,RBS Spacer,GC Content,Specific Contig,Final Sample Name
0,mobileOG_000368532|nth|WP_019455952.1|replication/recombination/repair|NA|Plasmid RefSeq|Homology,NODE_1_length_1088723_cov_20.578426_49 # 51106 # 51747 # -1 # ID=1_49;partial=00;start_type=ATG;rbs_motif=AGxAGG/AGGxGG;rbs_spacer=3-4bp;gc_cont=0.603,100,432,213,1.06e-155,214,1,213,1,213,mobileOG_000368532,nth,WP_019455952.1,replication/recombination/repair,NA,Plasmid RefSeq,Homology,NODE_1_length_1088723_cov_20.578426_49, 51106 # 51747 # -1 , 51106,51747,-1 ,1_49,1,49,00,ATG,AGxAGG/AGGxGG,3-4bp,0.603,NODE_1_length_1088723_cov_20.578426,mobileOG_000368532_NODE_1_length_1088723_cov_20.578426
1,mobileOG_000340056|nth|WP_002907734.1|replication/recombination/repair|NA|Plasmid RefSeq|Homology,NODE_1_length_1088723_cov_20.578426_49 # 51106 # 51747 # -1 # ID=1_49;partial=00;start_type=ATG;rbs_motif=AGxAGG/AGGxGG;rbs_spacer=3-4bp;gc_cont=0.603,91.9,394,211,1.23e-140,214,1,210,1,210,mobileOG_000340056,nth,WP_002907734.1,replication/recombination/repair,NA,Plasmid RefSeq,Homology,NODE_1_length_1088723_cov_20.578426_49, 51106 # 51747 # -1 , 51106,51747,-1 ,1_49,1,49,00,ATG,AGxAGG/AGGxGG,3-4bp,0.603,NODE_1_length_1088723_cov_20.578426,mobileOG_000340056_NODE_1_length_1088723_cov_20.578426
2,mobileOG_000240879|nth|A0A2S4WTY0|replication/recombination/repair|NA|GPD|Homology,NODE_1_length_1088723_cov_20.578426_49 # 51106 # 51747 # -1 # ID=1_49;partial=00;start_type=ATG;rbs_motif=AGxAGG/AGGxGG;rbs_spacer=3-4bp;gc_cont=0.603,92.8,394,211,1.74e-140,214,1,209,1,209,mobileOG_000240879,nth,A0A2S4WTY0,replication/recombination/repair,NA,GPD,Homology,NODE_1_length_1088723_cov_20.578426_49, 51106 # 51747 # -1 , 51106,51747,-1 ,1_49,1,49,00,ATG,AGxAGG/AGGxGG,3-4bp,0.603,NODE_1_length_1088723_cov_20.578426,mobileOG_000240879_NODE_1_length_1088723_cov_20.578426
3,mobileOG_000242763|nth|A0A156XKS9|replication/recombination/repair|NA|GPD|Homology,NODE_1_length_1088723_cov_20.578426_49 # 51106 # 51747 # -1 # ID=1_49;partial=00;start_type=ATG;rbs_motif=AGxAGG/AGGxGG;rbs_spacer=3-4bp;gc_cont=0.603,90.5,390,211,8.28e-139,214,1,211,1,211,mobileOG_000242763,nth,A0A156XKS9,replication/recombination/repair,NA,GPD,Homology,NODE_1_length_1088723_cov_20.578426_49, 51106 # 51747 # -1 , 51106,51747,-1 ,1_49,1,49,00,ATG,AGxAGG/AGGxGG,3-4bp,0.603,NODE_1_length_1088723_cov_20.578426,mobileOG_000242763_NODE_1_length_1088723_cov_20.578426
4,mobileOG_000189905|nth|WP_015570668.1|replication/recombination/repair|NA|Multiple|Homology,NODE_1_length_1088723_cov_20.578426_49 # 51106 # 51747 # -1 # ID=1_49;partial=00;start_type=ATG;rbs_motif=AGxAGG/AGGxGG;rbs_spacer=3-4bp;gc_cont=0.603,90.5,389,211,1.18e-138,214,1,211,1,211,mobileOG_000189905,nth,WP_015570668.1,replication/recombination/repair,NA,Multiple,Homology,NODE_1_length_1088723_cov_20.578426_49, 51106 # 51747 # -1 , 51106,51747,-1 ,1_49,1,49,00,ATG,AGxAGG/AGGxGG,3-4bp,0.603,NODE_1_length_1088723_cov_20.578426,mobileOG_000189905_NODE_1_length_1088723_cov_20.578426
5,mobileOG_000340055|nth|WP_001030346.1|replication/recombination/repair|NA|Multiple|Homology,NODE_1_length_1088723_cov_20.578426_49 # 51106 # 51747 # -1 # ID=1_49;partial=00;start_type=ATG;rbs_motif=AGxAGG/AGGxGG;rbs_spacer=3-4bp;gc_cont=0.603,91.4,389,211,1.67e-138,214,1,209,1,209,mobileOG_000340055,nth,WP_001030346.1,replication/recombination/repair,NA,Multiple,Homology,NODE_1_length_1088723_cov_20.578426_49, 51106 # 51747 # -1 , 51106,51747,-1 ,1_49,1,49,00,ATG,AGxAGG/AGGxGG,3-4bp,0.603,NODE_1_length_1088723_cov_20.578426,mobileOG_000340055_NODE_1_length_1088723_cov_20.578426
6,mobileOG_000362634|tus|WP_043147415.1|replication/recombination/repair|NA|Plasmid RefSeq|Homology,NODE_1_length_1088723_cov_20.578426_78 # 80257 # 81195 # -1 # ID=1_78;partial=00;start_type=ATG;rbs_motif=GGA/GAG/AGG;rbs_spacer=5-10bp;gc_cont=0.624,97.1,597,312,1.78e-217,313,1,312,1,312,mobileOG_000362634,tus,WP_043147415.1,replication/recombination/repair,NA,Plasmid RefSeq,Homology,NODE_1_length_1088723_cov_20.578426_78, 80257 # 81195 # -1 , 80257,81195,-1 ,1_78,1,78,00,ATG,GGA/GAG/AGG,5-10bp,0.624,NODE_1_length_1088723_cov_20.578426,mobileOG_000362634_NODE_1_length_1088723_cov_20.578426
7,mobileOG_000308581|oppA|WP_060446003.1|transfer|competence|Plasmid RefSeq|Homology,NODE_1_length_1088723_cov_20.578426_330 # 372013 # 373632 # -1 # ID=1_330;partial=00;start_type=GTG;rbs_motif=GGA/GAG/AGG;rbs_spacer=5-10bp;gc_cont=0.603,94.1,1018,539,0.0,540,1,539,1,539,mobileOG_000308581,oppA,WP_060446003.1,transfer,competence,Plasmid RefSeq,Homology,NODE_1_length_1088723_cov_20.578426_330, 372013 # 373632 # -1 , 372013,373632,-1 ,1_330,1,330,00,GTG,GGA/GAG/AGG,5-10bp,0.603,NODE_1_length_1088723_cov_20.578426,mobileOG_000308581_NODE_1_length_1088723_cov_20.578426
8,mobileOG_000282574|oppA|WP_033653107.1|transfer|competence|Plasmid RefSeq|Homology,NODE_1_length_1088723_cov_20.578426_330 # 372013 # 373632 # -1 # ID=1_330;partial=00;start_type=GTG;rbs_motif=GGA/GAG/AGG;rbs_spacer=5-10bp;gc_cont=0.603,93.9,1017,553,0.0,540,15,553,1,539,mobileOG_000282574,oppA,WP_033653107.1,transfer,competence,Plasmid RefSeq,Homology,NODE_1_length_1088723_cov_20.578426_330, 372013 # 373632 # -1 , 372013,373632,-1 ,1_330,1,330,00,GTG,GGA/GAG/AGG,5-10bp,0.603,NODE_1_length_1088723_cov_20.578426,mobileOG_000282574_NODE_1_length_1088723_cov_20.578426
9,mobileOG_000303999|oppA|A0A221DQU9|transfer|competence|Plasmid RefSeq|Homology,NODE_1_length_1088723_cov_20.578426_418 # 471650 # 473284 # -1 # ID=1_418;partial=00;start_type=ATG;rbs_motif=GGA/GAG/AGG;rbs_spacer=5-10bp;gc_cont=0.586,98.9,1082,544,0.0,545,1,544,1,544,mobileOG_000303999,oppA,A0A221DQU9,transfer,competence,Plasmid RefSeq,Homology,NODE_1_length_1088723_cov_20.578426_418, 471650 # 473284 # -1 , 471650,473284,-1 ,1_418,1,418,00,ATG,GGA/GAG/AGG,5-10bp,0.586,NODE_1_length_1088723_cov_20.578426,mobileOG_000303999_NODE_1_length_1088723_cov_20.578426
10,mobileOG_000313844|oppA|A0A221DQU9|transfer|competence|Plasmid RefSeq|Homology,NODE_1_length_1088723_cov_20.578426_418 # 471650 # 473284 # -1 # ID=1_418;partial=00;start_type=ATG;rbs_motif=GGA/GAG/AGG;rbs_spacer=5-10bp;gc_cont=0.586,98.7,1080,544,0.0,545,1,544,1,544,mobileOG_000313844,oppA,A0A221DQU9,transfer,competence,Plasmid RefSeq,Homology,NODE_1_length_1088723_cov_20.578426_418, 471650 # 473284 # -1 , 471650,473284,-1 ,1_418,1,418,00,ATG,GGA/GAG/AGG,5-10bp,0.586,NODE_1_length_1088723_cov_20.578426,mobileOG_000313844_NODE_1_length_1088723_cov_20.578426
11,mobileOG_000353715|topA|WP_033647571.1|replication/recombination/repair|NA|Plasmid RefSeq|Homology,NODE_1_length_1088723_cov_20.578426_479 # 537018 # 539615 # -1 # ID=1_479;partial=00;start_type=ATG;rbs_motif=GGA/GAG/AGG;rbs_spacer=5-10bp;gc_cont=0.591,99.7,1718,865,0.0,866,1,865,1,865,mobileOG_000353715,topA,WP_033647571.1,replication/recombination/repair,NA,Plasmid RefSeq,Homology,NODE_1_length_1088723_cov_20.578426_479, 537018 # 539615 # -1 , 537018,539615,-1 ,1_479,1,479,00,ATG,GGA/GAG/AGG,5-10bp,0.591,NODE_1_length_1088723_cov_20.578426,mobileOG_000353715_NODE_1_length_1088723_cov_20.578426
12,mobileOG_000305021|dnaE2|WP_033653008.1|replication/recombination/repair|NA|Plasmid RefSeq|Homology,NODE_1_length_1088723_cov_20.578426_488 # 546310 # 547191 # -1 # ID=1_488;partial=00;start_type=TTG;rbs_motif=GGA/GAG/AGG;rbs_spacer=5-10bp;gc_cont=0.636,98.3,577,293,4.88e-210,294,1,293,1,293,mobileOG_000305021,dnaE2,WP_033653008.1,replication/recombination/repair,NA,Plasmid RefSeq,Homology,NODE_1_length_1088723_cov_20.578426_488, 546310 # 547191 # -1 , 546310,547191,-1 ,1_488,1,488,00,TTG,GGA/GAG/AGG,5-10bp,0.636,NODE_1_length_1088723_cov_20.578426,mobileOG_000305021_NODE_1_length_1088723_cov_20.578426
13,mobileOG_000305018|dnaE2|WP_033647575.1|replication/recombination/repair|NA|Plasmid RefSeq|Homology,NODE_1_length_1088723_cov_20.578426_488 # 546310 # 547191 # -1 # ID=1_488;partial=00;start_type=TTG;rbs_motif=GGA/GAG/AGG;rbs_spacer=5-10bp;gc_cont=0.636,98.0,573,293,8.09e-209,294,1,293,1,293,mobileOG_000305018,dnaE2,WP_033647575.1,replication/recombination/repair,NA,Plasmid RefSeq,Homology,NODE_1_length_1088723_cov_20.578426_488, 546310 # 547191 # -1 , 546310,547191,-1 ,1_488,1,488,00,TTG,GGA/GAG/AGG,5-10bp,0.636,NODE_1_length_1088723_cov_20.578426,mobileOG_000305018_NODE_1_length_1088723_cov_20.578426
14,"mobileOG_000025575|tonB|WP_016927510.1|transfer|phage,receptor|Plasmid RefSeq|Manual",NODE_1_length_1088723_cov_20.578426_502 # 559988 # 560731 # -1 # ID=1_502;partial=00;start_type=ATG;rbs_motif=AGGA/GGAG/GAGG;rbs_spacer=11-12bp;gc_cont=0.595,92.3,318,247,3.35e-109,248,1,247,1,247,mobileOG_000025575,tonB,WP_016927510.1,transfer,"phage,receptor",Plasmid RefSeq,Manual,NODE_1_length_1088723_cov_20.578426_502, 559988 # 560731 # -1 , 559988,560731,-1 ,1_502,1,502,00,ATG,AGGA/GGAG/GAGG,11-12bp,0.595,NODE_1_length_1088723_cov_20.578426,mobileOG_000025575_NODE_1_length_1088723_cov_20.578426
15,mobileOG_000301573|dps|WP_004932132.1|replication/recombination/repair|NA|Plasmid RefSeq|Homology,NODE_1_length_1088723_cov_20.578426_516 # 574652 # 575143 # 1 # ID=1_516;partial=00;start_type=ATG;rbs_motif=AGGAG;rbs_spacer=5-10bp;gc_cont=0.545,99.4,322,163,9.59e-114,164,1,163,1,163,mobileOG_000301573,dps,WP_004932132.1,replication/recombination/repair,NA,Plasmid RefSeq,Homology,NODE_1_length_1088723_cov_20.578426_516, 574652 # 575143 # 1 , 574652,575143,1 ,1_516,1,516,00,ATG,AGGAG,5-10bp,0.545,NODE_1_length_1088723_cov_20.578426,mobileOG_000301573_NODE_1_length_1088723_cov_20.578426
16,mobileOG_000370693|oppF|WP_025303071.1|transfer|competence|Plasmid RefSeq|Homology,NODE_1_length_1088723_cov_20.578426_519 # 577523 # 578524 # -1 # ID=1_519;partial=00;start_type=ATG;rbs_motif=GGAGG;rbs_spacer=5-10bp;gc_cont=0.620,99.7,640,333,5.41e-234,334,1,333,1,333,mobileOG_000370693,oppF,WP_025303071.1,transfer,competence,Plasmid RefSeq,Homology,NODE_1_length_1088723_cov_20.578426_519, 577523 # 578524 # -1 , 577523,578524,-1 ,1_519,1,519,00,ATG,GGAGG,5-10bp,0.620,NODE_1_length_1088723_cov_20.578426,mobileOG_000370693_NODE_1_length_1088723_cov_20.578426
17,mobileOG_000370696|oppF|WP_101455575.1|transfer|competence|Plasmid RefSeq|Homology,NODE_1_length_1088723_cov_20.578426_519 # 577523 # 578524 # -1 # ID=1_519;partial=00;start_type=ATG;rbs_motif=GGAGG;rbs_spacer=5-10bp;gc_cont=0.620,99.1,638,333,6.31e-233,334,1,333,1,333,mobileOG_000370696,oppF,WP_101455575.1,transfer,competence,Plasmid RefSeq,Homology,NODE_1_length_1088723_cov_20.578426_519, 577523 # 578524 # -1 , 577523,578524,-1 ,1_519,1,519,00,ATG,GGAGG,5-10bp,0.620,NODE_1_length_1088723_cov_20.578426,mobileOG_000370696_NODE_1_length_1088723_cov_20.578426
18,mobileOG_000368552|oppD|WP_033634782.1|transfer|competence|Plasmid RefSeq|Homology,NODE_1_length_1088723_cov_20.578426_520 # 578521 # 579537 # -1 # ID=1_520;partial=00;start_type=ATG;rbs_motif=AGGAG;rbs_spacer=5-10bp;gc_cont=0.618,99.1,652,338,1.50e-238,339,1,338,1,338,mobileOG_000368552,oppD,WP_033634782.1,transfer,competence,Plasmid RefSeq,Homology,NODE_1_length_1088723_cov_20.578426_520, 578521 # 579537 # -1 , 578521,579537,-1 ,1_520,1,520,00,ATG,AGGAG,5-10bp,0.618,NODE_1_length_1088723_cov_20.578426,mobileOG_000368552_NODE_1_length_1088723_cov_20.578426
19,mobileOG_000025422|oppD|WP_000058857.1|transfer|competence|Multiple|Manual,NODE_1_length_1088723_cov_20.578426_520 # 578521 # 579537 # -1 # ID=1_520;partial=00;start_type=ATG;rbs_motif=AGGAG;rbs_spacer=5-10bp;gc_cont=0.618,90.1,567,335,9.04e-205,339,14,335,17,338,mobileOG_000025422,oppD,WP_000058857.1,transfer,competence,Multiple,Manual,NODE_1_length_1088723_cov_20.578426_520, 578521 # 579537 # -1 , 578521,579537,-1 ,1_520,1,520,00,ATG,AGGAG,5-10bp,0.618,NODE_1_length_1088723_cov_20.578426,mobileOG_000025422_NODE_1_length_1088723_cov_20.578426
20,mobileOG_000335522|oppC|WP_033634783.1|transfer|competence|Plasmid RefSeq|Homology,NODE_1_length_1088723_cov_20.578426_521 # 579549 # 580457 # -1 # ID=1_521;partial=00;start_type=ATG;rbs_motif=GGAG/GAGG;rbs_spacer=5-10bp;gc_cont=0.608,98.7,560,302,4.99e-203,303,1,302,1,302,mobileOG_000335522,oppC,WP_033634783.1,transfer,competence,Plasmid RefSeq,Homology,NODE_1_length_1088723_cov_20.578426_521, 579549 # 580457 # -1 , 579549,580457,-1 ,1_521,1,521,00,ATG,GGAG/GAGG,5-10bp,0.608,NODE_1_length_1088723_cov_20.578426,mobileOG_000335522_NODE_1_length_1088723_cov_20.578426
21,mobileOG_000336315|oppB|WP_033654356.1|transfer|competence|Plasmid RefSeq|Homology,NODE_1_length_1088723_cov_20.578426_522 # 580472 # 581392 # -1 # ID=1_522;partial=00;start_type=ATG;rbs_motif=GGA/GAG/AGG;rbs_spacer=5-10bp;gc_cont=0.575,99.7,569,306,1.49e-206,307,1,306,1,306,mobileOG_000336315,oppB,WP_033654356.1,transfer,competence,Plasmid RefSeq,Homology,NODE_1_length_1088723_cov_20.578426_522, 580472 # 581392 # -1 , 580472,581392,-1 ,1_522,1,522,00,ATG,GGA/GAG/AGG,5-10bp,0.575,NODE_1_length_1088723_cov_20.578426,mobileOG_000336315_NODE_1_length_1088723_cov_20.578426
22,mobileOG_000335601|oppB|WP_033634784.1|transfer|competence|Plasmid RefSeq|Homology,NODE_1_length_1088723_cov_20.578426_522 # 580472 # 581392 # -1 # ID=1_522;partial=00;start_type=ATG;rbs_motif=GGA/GAG/AGG;rbs_spacer=5-10bp;gc_cont=0.575,99.3,568,306,2.12e-206,307,1,306,1,306,mobileOG_000335601,oppB,WP_033634784.1,transfer,competence,Plasmid RefSeq,Homology,NODE_1_length_1088723_cov_20.578426_522, 580472 # 581392 # -1 , 580472,581392,-1 ,1_522,1,522,00,ATG,GGA/GAG/AGG,5-10bp,0.575,NODE_1_length_1088723_cov_20.578426,mobileOG_000335601_NODE_1_length_1088723_cov_20.578426
23,mobileOG_000025703|oppB|WP_000911097.1|transfer|competence|Multiple|Manual,NODE_1_length_1088723_cov_20.578426_522 # 580472 # 581392 # -1 # ID=1_522;partial=00;start_type=ATG;rbs_motif=GGA/GAG/AGG;rbs_spacer=5-10bp;gc_cont=0.575,93.5,533,306,2.22e-192,307,1,306,1,306,mobileOG_000025703,oppB,WP_000911097.1,transfer,competence,Multiple,Manual,NODE_1_length_1088723_cov_20.578426_522, 580472 # 581392 # -1 , 580472,581392,-1 ,1_522,1,522,00,ATG,GGA/GAG/AGG,5-10bp,0.575,NODE_1_length_1088723_cov_20.578426,mobileOG_000025703_NODE_1_length_1088723_cov_20.578426
24,mobileOG_000241060|oppB|A0A0F1ER99|transfer|competence|GPD|Homology,NODE_1_length_1088723_cov_20.578426_522 # 580472 # 581392 # -1 # ID=1_522;partial=00;start_type=ATG;rbs_motif=GGA/GAG/AGG;rbs_spacer=5-10bp;gc_cont=0.575,93.8,531,306,1.82e-191,307,1,306,1,306,mobileOG_000241060,oppB,A0A0F1ER99,transfer,competence,GPD,Homology,NODE_1_length_1088723_cov_20.578426_522, 580472 # 581392 # -1 , 580472,581392,-1 ,1_522,1,522,00,ATG,GGA/GAG/AGG,5-10bp,0.575,NODE_1_length_1088723_cov_20.578426,mobileOG_000241060_NODE_1_length_1088723_cov_20.578426
25,mobileOG_000241064|oppB|EDA16224.1|transfer|competence|GPD|Homology,NODE_1_length_1088723_cov_20.578426_522 # 580472 # 581392 # -1 # ID=1_522;partial=00;start_type=ATG;rbs_motif=GGA/GAG/AGG;rbs_spacer=5-10bp;gc_cont=0.575,91.2,529,306,7.40e-191,307,1,306,1,306,mobileOG_000241064,oppB,EDA16224.1,transfer,competence,GPD,Homology,NODE_1_length_1088723_cov_20.578426_522, 580472 # 581392 # -1 , 580472,581392,-1 ,1_522,1,522,00,ATG,GGA/GAG/AGG,5-10bp,0.575,NODE_1_length_1088723_cov_20.578426,mobileOG_000241064_NODE_1_length_1088723_cov_20.578426
26,mobileOG_000002429|oppB|WP_000911112.1|transfer|competence|Multiple|Manual,NODE_1_length_1088723_cov_20.578426_522 # 580472 # 581392 # -1 # ID=1_522;partial=00;start_type=ATG;rbs_motif=GGA/GAG/AGG;rbs_spacer=5-10bp;gc_cont=0.575,93.8,528,306,2.12e-190,307,1,306,1,306,mobileOG_000002429,oppB,WP_000911112.1,transfer,competence,Multiple,Manual,NODE_1_length_1088723_cov_20.578426_522, 580472 # 581392 # -1 , 580472,581392,-1 ,1_522,1,522,00,ATG,GGA/GAG/AGG,5-10bp,0.575,NODE_1_length_1088723_cov_20.578426,mobileOG_000002429_NODE_1_length_1088723_cov_20.578426
27,mobileOG_000047933|oppB|A0A0F3WLQ6|transfer|competence|COMPASS|Homology,NODE_1_length_1088723_cov_20.578426_522 # 580472 # 581392 # -1 # ID=1_522;partial=00;start_type=ATG;rbs_motif=GGA/GAG/AGG;rbs_spacer=5-10bp;gc_cont=0.575,93.5,526,306,1.22e-189,307,1,306,1,306,mobileOG_000047933,oppB,A0A0F3WLQ6,transfer,competence,COMPASS,Homology,NODE_1_length_1088723_cov_20.578426_522, 580472 # 581392 # -1 , 580472,581392,-1 ,1_522,1,522,00,ATG,GGA/GAG/AGG,5-10bp,0.575,NODE_1_length_1088723_cov_20.578426,mobileOG_000047933_NODE_1_length_1088723_cov_20.578426
28,mobileOG_000334396|oppA|WP_033647597.1|transfer|competence|Plasmid RefSeq|Homology,NODE_1_length_1088723_cov_20.578426_523 # 581476 # 583113 # -1 # ID=1_523;partial=00;start_type=ATG;rbs_motif=GGAG/GAGG;rbs_spacer=5-10bp;gc_cont=0.560,98.9,1098,545,0.0,546,1,545,1,545,mobileOG_000334396,oppA,WP_033647597.1,transfer,competence,Plasmid RefSeq,Homology,NODE_1_length_1088723_cov_20.578426_523, 581476 # 583113 # -1 , 581476,583113,-1 ,1_523,1,523,00,ATG,GGAG/GAGG,5-10bp,0.560,NODE_1_length_1088723_cov_20.578426,mobileOG_000334396_NODE_1_length_1088723_cov_20.578426
29,mobileOG_000308667|oppA|WP_033654358.1|transfer|competence|Plasmid RefSeq|Homology,NODE_1_length_1088723_cov_20.578426_524 # 583263 # 584900 # -1 # ID=1_524;partial=00;start_type=ATG;rbs_motif=AGGAG;rbs_spacer=5-10bp;gc_cont=0.593,96.9,1051,545,0.0,546,1,545,1,545,mobileOG_000308667,oppA,WP_033654358.1,transfer,competence,Plasmid RefSeq,Homology,NODE_1_length_1088723_cov_20.578426_524, 583263 # 584900 # -1 , 583263,584900,-1 ,1_524,1,524,00,ATG,AGGAG,5-10bp,0.593,NODE_1_length_1088723_cov_20.578426,mobileOG_000308667_NODE_1_length_1088723_cov_20.578426
30,mobileOG_000308869|oppA|WP_101456511.1|transfer|competence|Plasmid RefSeq|Homology,NODE_1_length_1088723_cov_20.578426_524 # 583263 # 584900 # -1 # ID=1_524;partial=00;start_type=ATG;rbs_motif=AGGAG;rbs_spacer=5-10bp;gc_cont=0.593,96.7,1049,545,0.0,546,1,545,1,545,mobileOG_000308869,oppA,WP_101456511.1,transfer,competence,Plasmid RefSeq,Homology,NODE_1_length_1088723_cov_20.578426_524, 583263 # 584900 # -1 , 583263,584900,-1 ,1_524,1,524,00,ATG,AGGAG,5-10bp,0.593,NODE_1_length_1088723_cov_20.578426,mobileOG_000308869_NODE_1_length_1088723_cov_20.578426
31,mobileOG_000369427|hns|WP_004932170.1|replication/recombination/repair|regulation|Plasmid RefSeq|Homology,NODE_1_length_1088723_cov_20.578426_528 # 590853 # 591260 # 1 # ID=1_528;partial=00;start_type=ATG;rbs_motif=GGA/GAG/AGG;rbs_spacer=5-10bp;gc_cont=0.488,100,251,135,1.35e-86,136,1,135,1,135,mobileOG_000369427,hns,WP_004932170.1,replication/recombination/repair,regulation,Plasmid RefSeq,Homology,NODE_1_length_1088723_cov_20.578426_528, 590853 # 591260 # 1 , 590853,591260,1 ,1_528,1,528,00,ATG,GGA/GAG/AGG,5-10bp,0.488,NODE_1_length_1088723_cov_20.578426,mobileOG_000369427_NODE_1_length_1088723_cov_20.578426
32,mobileOG_000330120|xthA|WP_033647602.1|replication/recombination/repair|NA|Plasmid RefSeq|Homology,NODE_1_length_1088723_cov_20.578426_537 # 599633 # 600439 # 1 # ID=1_537;partial=00;start_type=ATG;rbs_motif=None;rbs_spacer=None;gc_cont=0.591,98.9,556,268,5.93e-203,269,1,268,1,268,mobileOG_000330120,xthA,WP_033647602.1,replication/recombination/repair,NA,Plasmid RefSeq,Homology,NODE_1_length_1088723_cov_20.578426_537, 599633 # 600439 # 1 , 599633,600439,1 ,1_537,1,537,00,ATG,None,None,0.591,NODE_1_length_1088723_cov_20.578426,mobileOG_000330120_NODE_1_length_1088723_cov_20.578426
33,mobileOG_000308655|topB|WP_033647606.1|replication/recombination/repair|NA|Plasmid RefSeq|Homology,NODE_1_length_1088723_cov_20.578426_540 # 601200 # 603125 # -1 # ID=1_540;partial=00;start_type=ATG;rbs_motif=None;rbs_spacer=None;gc_cont=0.601,99.4,1250,641,0.0,642,1,641,1,641,mobileOG_000308655,topB,WP_033647606.1,replication/recombination/repair,NA,Plasmid RefSeq,Homology,NODE_1_length_1088723_cov_20.578426_540, 601200 # 603125 # -1 , 601200,603125,-1 ,1_540,1,540,00,ATG,None,None,0.601,NODE_1_length_1088723_cov_20.578426,mobileOG_000308655_NODE_1_length_1088723_cov_20.578426
34,mobileOG_000308859|topB|WP_101427007.1|replication/recombination/repair|NA|Plasmid RefSeq|Homology,NODE_1_length_1088723_cov_20.578426_540 # 601200 # 603125 # -1 # ID=1_540;partial=00;start_type=ATG;rbs_motif=None;rbs_spacer=None;gc_cont=0.601,99.1,1250,641,0.0,642,1,641,1,641,mobileOG_000308859,topB,WP_101427007.1,replication/recombination/repair,NA,Plasmid RefSeq,Homology,NODE_1_length_1088723_cov_20.578426_540, 601200 # 603125 # -1 , 601200,603125,-1 ,1_540,1,540,00,ATG,None,None,0.601,NODE_1_length_1088723_cov_20.578426,mobileOG_000308859_NODE_1_length_1088723_cov_20.578426
35,mobileOG_000298941|slp|WP_033638506.1|integration/excision|NA|Plasmid RefSeq|Homology,NODE_1_length_1088723_cov_20.578426_583 # 643396 # 643986 # -1 # ID=1_583;partial=00;start_type=ATG;rbs_motif=AGGAG;rbs_spacer=5-10bp;gc_cont=0.643,98.0,389,196,4.90e-139,197,1,196,1,196,mobileOG_000298941,slp,WP_033638506.1,integration/excision,NA,Plasmid RefSeq,Homology,NODE_1_length_1088723_cov_20.578426_583, 643396 # 643986 # -1 , 643396,643986,-1 ,1_583,1,583,00,ATG,AGGAG,5-10bp,0.643,NODE_1_length_1088723_cov_20.578426,mobileOG_000298941_NODE_1_length_1088723_cov_20.578426
36,mobileOG_000354069|ruvB|WP_025303125.1|replication/recombination/repair|NA|Plasmid RefSeq|Homology,NODE_1_length_1088723_cov_20.578426_599 # 659889 # 660893 # -1 # ID=1_599;partial=00;start_type=ATG;rbs_motif=GGAG/GAGG;rbs_spacer=5-10bp;gc_cont=0.633,99.7,646,334,3.02e-236,335,1,334,1,334,mobileOG_000354069,ruvB,WP_025303125.1,replication/recombination/repair,NA,Plasmid RefSeq,Homology,NODE_1_length_1088723_cov_20.578426_599, 659889 # 660893 # -1 , 659889,660893,-1 ,1_599,1,599,00,ATG,GGAG/GAGG,5-10bp,0.633,NODE_1_length_1088723_cov_20.578426,mobileOG_000354069_NODE_1_length_1088723_cov_20.578426
37,mobileOG_000354070|ruvB|WP_043147578.1|replication/recombination/repair|NA|Plasmid RefSeq|Homology,NODE_1_length_1088723_cov_20.578426_599 # 659889 # 660893 # -1 # ID=1_599;partial=00;start_type=ATG;rbs_motif=GGAG/GAGG;rbs_spacer=5-10bp;gc_cont=0.633,99.4,645,334,8.67e-236,335,1,334,1,334,mobileOG_000354070,ruvB,WP_043147578.1,replication/recombination/repair,NA,Plasmid RefSeq,Homology,NODE_1_length_1088723_cov_20.578426_599, 659889 # 660893 # -1 , 659889,660893,-1 ,1_599,1,599,00,ATG,GGAG/GAGG,5-10bp,0.633,NODE_1_length_1088723_cov_20.578426,mobileOG_000354070_NODE_1_length_1088723_cov_20.578426
38,mobileOG_000336561|ruvA|WP_033634852.1|replication/recombination/repair|NA|Plasmid RefSeq|Homology,NODE_1_length_1088723_cov_20.578426_600 # 660913 # 661524 # -1 # ID=1_600;partial=00;start_type=ATG;rbs_motif=AGGAGG;rbs_spacer=3-4bp;gc_cont=0.603,98.0,377,204,3.25e-134,204,1,204,1,203,mobileOG_000336561,ruvA,WP_033634852.1,replication/recombination/repair,NA,Plasmid RefSeq,Homology,NODE_1_length_1088723_cov_20.578426_600, 660913 # 661524 # -1 , 660913,661524,-1 ,1_600,1,600,00,ATG,AGGAGG,3-4bp,0.603,NODE_1_length_1088723_cov_20.578426,mobileOG_000336561_NODE_1_length_1088723_cov_20.578426
39,mobileOG_000368503|ruvC|WP_004932367.1|replication/recombination/repair|NA|Plasmid RefSeq|Homology,NODE_1_length_1088723_cov_20.578426_601 # 661637 # 662158 # -1 # ID=1_601;partial=00;start_type=ATG;rbs_motif=AGxAGG/AGGxGG;rbs_spacer=5-10bp;gc_cont=0.636,100,330,173,2.59e-116,174,1,173,1,173,mobileOG_000368503,ruvC,WP_004932367.1,replication/recombination/repair,NA,Plasmid RefSeq,Homology,NODE_1_length_1088723_cov_20.578426_601, 661637 # 662158 # -1 , 661637,662158,-1 ,1_601,1,601,00,ATG,AGxAGG/AGGxGG,5-10bp,0.636,NODE_1_length_1088723_cov_20.578426,mobileOG_000368503_NODE_1_length_1088723_cov_20.578426
40,mobileOG_000332823|ruvC|WP_033634853.1|replication/recombination/repair|NA|Plasmid RefSeq|Homology,NODE_1_length_1088723_cov_20.578426_601 # 661637 # 662158 # -1 # ID=1_601;partial=00;start_type=ATG;rbs_motif=AGxAGG/AGGxGG;rbs_spacer=5-10bp;gc_cont=0.636,99.4,329,173,3.68e-116,174,1,173,1,173,mobileOG_000332823,ruvC,WP_033634853.1,replication/recombination/repair,NA,Plasmid RefSeq,Homology,NODE_1_length_1088723_cov_20.578426_601, 661637 # 662158 # -1 , 661637,662158,-1 ,1_601,1,601,00,ATG,AGxAGG/AGGxGG,5-10bp,0.636,NODE_1_length_1088723_cov_20.578426,mobileOG_000332823_NODE_1_length_1088723_cov_20.578426
41,mobileOG_000338525|oppD|WP_033653661.1|transfer|competence|Plasmid RefSeq|Homology,NODE_1_length_1088723_cov_20.578426_715 # 779990 # 780832 # -1 # ID=1_715;partial=00;start_type=ATG;rbs_motif=GGA/GAG/AGG;rbs_spacer=5-10bp;gc_cont=0.650,98.2,539,280,1.09e-195,281,1,280,1,280,mobileOG_000338525,oppD,WP_033653661.1,transfer,competence,Plasmid RefSeq,Homology,NODE_1_length_1088723_cov_20.578426_715, 779990 # 780832 # -1 , 779990,780832,-1 ,1_715,1,715,00,ATG,GGA/GAG/AGG,5-10bp,0.650,NODE_1_length_1088723_cov_20.578426,mobileOG_000338525_NODE_1_length_1088723_cov_20.578426
42,mobileOG_000338678|oppD|WP_039565565.1|transfer|competence|Plasmid RefSeq|Homology,NODE_1_length_1088723_cov_20.578426_715 # 779990 # 780832 # -1 # ID=1_715;partial=00;start_type=ATG;rbs_motif=GGA/GAG/AGG;rbs_spacer=5-10bp;gc_cont=0.650,97.9,538,280,4.44e-195,281,1,280,1,280,mobileOG_000338678,oppD,WP_039565565.1,transfer,competence,Plasmid RefSeq,Homology,NODE_1_length_1088723_cov_20.578426_715, 779990 # 780832 # -1 , 779990,780832,-1 ,1_715,1,715,00,ATG,GGA/GAG/AGG,5-10bp,0.650,NODE_1_length_1088723_cov_20.578426,mobileOG_000338678_NODE_1_length_1088723_cov_20.578426
43,mobileOG_000353863|cnu|WP_033635010.1|stability/transfer/defense|regulation|Plasmid RefSeq|Homology,NODE_1_length_1088723_cov_20.578426_795 # 858477 # 858692 # 1 # ID=1_795;partial=00;start_type=ATG;rbs_motif=3Base/5BMM;rbs_spacer=13-15bp;gc_cont=0.505,98.6,143,71,1.35e-45,72,1,71,1,71,mobileOG_000353863,cnu,WP_033635010.1,stability/transfer/defense,regulation,Plasmid RefSeq,Homology,NODE_1_length_1088723_cov_20.578426_795, 858477 # 858692 # 1 , 858477,858692,1 ,1_795,1,795,00,ATG,3Base/5BMM,13-15bp,0.505,NODE_1_length_1088723_cov_20.578426,mobileOG_000353863_NODE_1_length_1088723_cov_20.578426
44,mobileOG_000333755|tssB|WP_033635026.1|replication/recombination/repair|NA|Plasmid RefSeq|Homology,NODE_1_length_1088723_cov_20.578426_814 # 880134 # 880670 # 1 # ID=1_814;partial=00;start_type=ATG;rbs_motif=GGAG/GAGG;rbs_spacer=5-10bp;gc_cont=0.575,98.9,338,178,1.67e-119,179,1,178,1,178,mobileOG_000333755,tssB,WP_033635026.1,replication/recombination/repair,NA,Plasmid RefSeq,Homology,NODE_1_length_1088723_cov_20.578426_814, 880134 # 880670 # 1 , 880134,880670,1 ,1_814,1,814,00,ATG,GGAG/GAGG,5-10bp,0.575,NODE_1_length_1088723_cov_20.578426,mobileOG_000333755_NODE_1_length_1088723_cov_20.578426
45,mobileOG_000335880|clpB|WP_101456439.1|phage|chaperone|Plasmid RefSeq|Homology,NODE_1_length_1088723_cov_20.578426_829 # 893909 # 896563 # 1 # ID=1_829;partial=00;start_type=ATG;rbs_motif=GGAG/GAGG;rbs_spacer=5-10bp;gc_cont=0.650,98.0,1653,884,0.0,885,1,884,1,884,mobileOG_000335880,clpB,WP_101456439.1,phage,chaperone,Plasmid RefSeq,Homology,NODE_1_length_1088723_cov_20.578426_829, 893909 # 896563 # 1 , 893909,896563,1 ,1_829,1,829,00,ATG,GGAG/GAGG,5-10bp,0.650,NODE_1_length_1088723_cov_20.578426,mobileOG_000335880_NODE_1_length_1088723_cov_20.578426
46,mobileOG_000331425|clpB|WP_033653610.1|phage|chaperone|Plasmid RefSeq|Homology,NODE_1_length_1088723_cov_20.578426_829 # 893909 # 896563 # 1 # ID=1_829;partial=00;start_type=ATG;rbs_motif=GGAG/GAGG;rbs_spacer=5-10bp;gc_cont=0.650,97.9,1649,884,0.0,885,1,884,1,884,mobileOG_000331425,clpB,WP_033653610.1,phage,chaperone,Plasmid RefSeq,Homology,NODE_1_length_1088723_cov_20.578426_829, 893909 # 896563 # 1 , 893909,896563,1 ,1_829,1,829,00,ATG,GGAG/GAGG,5-10bp,0.650,NODE_1_length_1088723_cov_20.578426,mobileOG_000331425_NODE_1_length_1088723_cov_20.578426
47,mobileOG_000372635|umuC|WP_049196296.1|replication/recombination/repair|NA|Plasmid RefSeq|Homology,NODE_1_length_1088723_cov_20.578426_839 # 907518 # 908870 # -1 # ID=1_839;partial=00;start_type=ATG;rbs_motif=None;rbs_spacer=None;gc_cont=0.643,97.9,835,428,2.31e-307,451,1,427,1,427,mobileOG_000372635,umuC,WP_049196296.1,replication/recombination/repair,NA,Plasmid RefSeq,Homology,NODE_1_length_1088723_cov_20.578426_839, 907518 # 908870 # -1 , 907518,908870,-1 ,1_839,1,839,00,ATG,None,None,0.643,NODE_1_length_1088723_cov_20.578426,mobileOG_000372635_NODE_1_length_1088723_cov_20.578426
48,mobileOG_000372601|umuC|WP_039565423.1|replication/recombination/repair|NA|Plasmid RefSeq|Homology,NODE_1_length_1088723_cov_20.578426_839 # 907518 # 908870 # -1 # ID=1_839;partial=00;start_type=ATG;rbs_motif=None;rbs_spacer=None;gc_cont=0.643,97.0,827,428,3.67e-304,451,1,427,1,427,mobileOG_000372601,umuC,WP_039565423.1,replication/recombination/repair,NA,Plasmid RefSeq,Homology,NODE_1_length_1088723_cov_20.578426_839, 907518 # 908870 # -1 , 907518,908870,-1 ,1_839,1,839,00,ATG,None,None,0.643,NODE_1_length_1088723_cov_20.578426,mobileOG_000372601_NODE_1_length_1088723_cov_20.578426
49,mobileOG_000371957|impA|WP_033635060.1|replication/recombination/repair|NA|Plasmid RefSeq|Homology,NODE_1_length_1088723_cov_20.578426_840 # 908873 # 909307 # -1 # ID=1_840;partial=00;start_type=ATG;rbs_motif=None;rbs_spacer=None;gc_cont=0.591,99.3,284,144,2.87e-99,145,1,143,1,143,mobileOG_000371957,impA,WP_033635060.1,replication/recombination/repair,NA,Plasmid RefSeq,Homology,NODE_1_length_1088723_cov_20.578426_840, 908873 # 909307 # -1 , 908873,909307,-1 ,1_840,1,840,00,ATG,None,None,0.591,NODE_1_length_1088723_cov_20.578426,mobileOG_000371957_NODE_1_length_1088723_cov_20.578426
50,mobileOG_000372074|impA|WP_060437779.1|replication/recombination/repair|NA|Plasmid RefSeq|Homology,NODE_1_length_1088723_cov_20.578426_840 # 908873 # 909307 # -1 # ID=1_840;partial=00;start_type=ATG;rbs_motif=None;rbs_spacer=None;gc_cont=0.591,97.2,279,144,2.76e-97,145,1,143,1,143,mobileOG_000372074,impA,WP_060437779.1,replication/recombination/repair,NA,Plasmid RefSeq,Homology,NODE_1_length_1088723_cov_20.578426_840, 908873 # 909307 # -1 , 908873,909307,-1 ,1_840,1,840,00,ATG,None,None,0.591,NODE_1_length_1088723_cov_20.578426,mobileOG_000372074_NODE_1_length_1088723_cov_20.578426
51,mobileOG_000756572|NA:Keyword|WP_033635147.1|phage|regulation|Plasmid RefSeq|Keyword Search,NODE_1_length_1088723_cov_20.578426_969 # 1056295 # 1057095 # 1 # ID=1_969;partial=00;start_type=ATG;rbs_motif=GGA/GAG/AGG;rbs_spacer=5-10bp;gc_cont=0.650,97.4,514,266,2.11e-186,267,1,266,1,266,mobileOG_000756572,NA:Keyword,WP_033635147.1,phage,regulation,Plasmid RefSeq,Keyword Search,NODE_1_length_1088723_cov_20.578426_969, 1056295 # 1057095 # 1 , 1056295,1057095,1 ,1_969,1,969,00,ATG,GGA/GAG/AGG,5-10bp,0.650,NODE_1_length_1088723_cov_20.578426,mobileOG_000756572_NODE_1_length_1088723_cov_20.578426
52,mobileOG_000353886|ompA|WP_089197682.1|transfer|conjugation|Plasmid RefSeq|Homology,NODE_2_length_459774_cov_21.976754_3 # 1215 # 2294 # -1 # ID=2_3;partial=00;start_type=ATG;rbs_motif=GGAG/GAGG;rbs_spacer=5-10bp;gc_cont=0.541,98.9,706,360,3.66e-259,360,1,360,1,359,mobileOG_000353886,ompA,WP_089197682.1,transfer,conjugation,Plasmid RefSeq,Homology,NODE_2_length_459774_cov_21.976754_3, 1215 # 2294 # -1 , 1215,2294,-1 ,2_3,2,3,00,ATG,GGAG/GAGG,5-10bp,0.541,NODE_2_length_459774_cov_21.976754,mobileOG_000353886_NODE_2_length_459774_cov_21.976754
53,mobileOG_000353891|ompA|WP_101456423.1|transfer|conjugation|Plasmid RefSeq|Homology,NODE_2_length_459774_cov_21.976754_3 # 1215 # 2294 # -1 # ID=2_3;partial=00;start_type=ATG;rbs_motif=GGAG/GAGG;rbs_spacer=5-10bp;gc_cont=0.541,95.0,667,356,7.81e-244,360,1,356,1,359,mobileOG_000353891,ompA,WP_101456423.1,transfer,conjugation,Plasmid RefSeq,Homology,NODE_2_length_459774_cov_21.976754_3, 1215 # 2294 # -1 , 1215,2294,-1 ,2_3,2,3,00,ATG,GGAG/GAGG,5-10bp,0.541,NODE_2_length_459774_cov_21.976754,mobileOG_000353891_NODE_2_length_459774_cov_21.976754
54,mobileOG_000308880|nuc|WP_101453305.1|transfer|conjugation|Plasmid RefSeq|Homology,NODE_2_length_459774_cov_21.976754_24 # 21838 # 22638 # -1 # ID=2_24;partial=00;start_type=ATG;rbs_motif=GGAG/GAGG;rbs_spacer=5-10bp;gc_cont=0.600,98.9,531,266,4.14e-193,267,1,266,1,266,mobileOG_000308880,nuc,WP_101453305.1,transfer,conjugation,Plasmid RefSeq,Homology,NODE_2_length_459774_cov_21.976754_24, 21838 # 22638 # -1 , 21838,22638,-1 ,2_24,2,24,00,ATG,GGAG/GAGG,5-10bp,0.600,NODE_2_length_459774_cov_21.976754,mobileOG_000308880_NODE_2_length_459774_cov_21.976754
55,mobileOG_000301576|nuc|WP_015377376.1|transfer|conjugation|Plasmid RefSeq|Homology,NODE_2_length_459774_cov_21.976754_24 # 21838 # 22638 # -1 # ID=2_24;partial=00;start_type=ATG;rbs_motif=GGAG/GAGG;rbs_spacer=5-10bp;gc_cont=0.600,98.5,531,266,8.35e-193,267,1,266,1,266,mobileOG_000301576,nuc,WP_015377376.1,transfer,conjugation,Plasmid RefSeq,Homology,NODE_2_length_459774_cov_21.976754_24, 21838 # 22638 # -1 , 21838,22638,-1 ,2_24,2,24,00,ATG,GGAG/GAGG,5-10bp,0.600,NODE_2_length_459774_cov_21.976754,mobileOG_000301576_NODE_2_length_459774_cov_21.976754
56,mobileOG_000335625|uvrC|WP_089194526.1|replication/recombination/repair|NA|Plasmid RefSeq|Homology,NODE_2_length_459774_cov_21.976754_63 # 56461 # 58293 # 1 # ID=2_63;partial=00;start_type=GTG;rbs_motif=4Base/6BMM;rbs_spacer=13-15bp;gc_cont=0.559,99.8,1194,610,0.0,611,1,610,1,610,mobileOG_000335625,uvrC,WP_089194526.1,replication/recombination/repair,NA,Plasmid RefSeq,Homology,NODE_2_length_459774_cov_21.976754_63, 56461 # 58293 # 1 , 56461,58293,1 ,2_63,2,63,00,GTG,4Base/6BMM,13-15bp,0.559,NODE_2_length_459774_cov_21.976754,mobileOG_000335625_NODE_2_length_459774_cov_21.976754
57,mobileOG_000332738|uvrC|WP_033637959.1|replication/recombination/repair|NA|Plasmid RefSeq|Homology,NODE_2_length_459774_cov_21.976754_63 # 56461 # 58293 # 1 # ID=2_63;partial=00;start_type=GTG;rbs_motif=4Base/6BMM;rbs_spacer=13-15bp;gc_cont=0.559,99.3,1189,610,0.0,611,1,610,1,610,mobileOG_000332738,uvrC,WP_033637959.1,replication/recombination/repair,NA,Plasmid RefSeq,Homology,NODE_2_length_459774_cov_21.976754_63, 56461 # 58293 # 1 , 56461,58293,1 ,2_63,2,63,00,GTG,4Base/6BMM,13-15bp,0.559,NODE_2_length_459774_cov_21.976754,mobileOG_000332738_NODE_2_length_459774_cov_21.976754
58,"mobileOG_000368555|tmk|WP_033646442.1|phage|stability/transfer/defense,metabolism|Plasmid RefSeq|Homology",NODE_2_length_459774_cov_21.976754_137 # 133758 # 134396 # 1 # ID=2_137;partial=00;start_type=ATG;rbs_motif=AGGA;rbs_spacer=5-10bp;gc_cont=0.638,97.2,408,212,5.63e-146,213,1,212,1,212,mobileOG_000368555,tmk,WP_033646442.1,phage,"stability/transfer/defense,metabolism",Plasmid RefSeq,Homology,NODE_2_length_459774_cov_21.976754_137, 133758 # 134396 # 1 , 133758,134396,1 ,2_137,2,137,00,ATG,AGGA,5-10bp,0.638,NODE_2_length_459774_cov_21.976754,mobileOG_000368555_NODE_2_length_459774_cov_21.976754
59,"mobileOG_000328140|tmk|WP_038875525.1|phage|stability/transfer/defense,metabolism|Plasmid RefSeq|Homology",NODE_2_length_459774_cov_21.976754_137 # 133758 # 134396 # 1 # ID=2_137;partial=00;start_type=ATG;rbs_motif=AGGA;rbs_spacer=5-10bp;gc_cont=0.638,95.8,400,212,4.44e-143,213,1,212,1,212,mobileOG_000328140,tmk,WP_038875525.1,phage,"stability/transfer/defense,metabolism",Plasmid RefSeq,Homology,NODE_2_length_459774_cov_21.976754_137, 133758 # 134396 # 1 , 133758,134396,1 ,2_137,2,137,00,ATG,AGGA,5-10bp,0.638,NODE_2_length_459774_cov_21.976754,mobileOG_000328140_NODE_2_length_459774_cov_21.976754
60,mobileOG_000326024|holB|WP_033646441.1|replication/recombination/repair|NA|Plasmid RefSeq|Homology,NODE_2_length_459774_cov_21.976754_138 # 134396 # 135403 # 1 # ID=2_138;partial=00;start_type=ATG;rbs_motif=AGGA;rbs_spacer=5-10bp;gc_cont=0.639,98.8,678,335,1.03e-248,336,1,335,1,335,mobileOG_000326024,holB,WP_033646441.1,replication/recombination/repair,NA,Plasmid RefSeq,Homology,NODE_2_length_459774_cov_21.976754_138, 134396 # 135403 # 1 , 134396,135403,1 ,2_138,2,138,00,ATG,AGGA,5-10bp,0.639,NODE_2_length_459774_cov_21.976754,mobileOG_000326024_NODE_2_length_459774_cov_21.976754
61,mobileOG_000329018|holB|WP_038875527.1|replication/recombination/repair|NA|Plasmid RefSeq|Homology,NODE_2_length_459774_cov_21.976754_138 # 134396 # 135403 # 1 # ID=2_138;partial=00;start_type=ATG;rbs_motif=AGGA;rbs_spacer=5-10bp;gc_cont=0.639,97.6,671,335,4.04e-246,336,1,335,1,335,mobileOG_000329018,holB,WP_038875527.1,replication/recombination/repair,NA,Plasmid RefSeq,Homology,NODE_2_length_459774_cov_21.976754_138, 134396 # 135403 # 1 , 134396,135403,1 ,2_138,2,138,00,ATG,AGGA,5-10bp,0.639,NODE_2_length_459774_cov_21.976754,mobileOG_000329018_NODE_2_length_459774_cov_21.976754
62,mobileOG_000313843|clpP|WP_033638144.1|phage|replication/recombination/repair|Plasmid RefSeq|Homology,NODE_2_length_459774_cov_21.976754_200 # 189530 # 190123 # 1 # ID=2_200;partial=00;start_type=ATG;rbs_motif=AGGAG;rbs_spacer=5-10bp;gc_cont=0.616,96.4,380,197,1.20e-135,198,1,197,1,197,mobileOG_000313843,clpP,WP_033638144.1,phage,replication/recombination/repair,Plasmid RefSeq,Homology,NODE_2_length_459774_cov_21.976754_200, 189530 # 190123 # 1 , 189530,190123,1 ,2_200,2,200,00,ATG,AGGAG,5-10bp,0.616,NODE_2_length_459774_cov_21.976754,mobileOG_000313843_NODE_2_length_459774_cov_21.976754
63,"mobileOG_000329633|hflD|WP_033638217.1|phage|infection,regulation|Plasmid RefSeq|Homology",NODE_2_length_459774_cov_21.976754_257 # 251859 # 252485 # -1 # ID=2_257;partial=00;start_type=GTG;rbs_motif=AGGAG;rbs_spacer=5-10bp;gc_cont=0.608,98.6,398,208,2.69e-142,209,1,208,1,208,mobileOG_000329633,hflD,WP_033638217.1,phage,"infection,regulation",Plasmid RefSeq,Homology,NODE_2_length_459774_cov_21.976754_257, 251859 # 252485 # -1 , 251859,252485,-1 ,2_257,2,257,00,GTG,AGGAG,5-10bp,0.608,NODE_2_length_459774_cov_21.976754,mobileOG_000329633_NODE_2_length_459774_cov_21.976754
64,"mobileOG_000026495|ihfA|A8GDR1|integration/excision|regulation,lysis/lysogeny|Plasmid RefSeq|Manual",NODE_2_length_459774_cov_21.976754_439 # 415504 # 415800 # 1 # ID=2_439;partial=00;start_type=ATG;rbs_motif=GGAG/GAGG;rbs_spacer=5-10bp;gc_cont=0.549,100,194,98,4.71e-65,99,1,98,1,98,mobileOG_000026495,ihfA,A8GDR1,integration/excision,"regulation,lysis/lysogeny",Plasmid RefSeq,Manual,NODE_2_length_459774_cov_21.976754_439, 415504 # 415800 # 1 , 415504,415800,1 ,2_439,2,439,00,ATG,GGAG/GAGG,5-10bp,0.549,NODE_2_length_459774_cov_21.976754,mobileOG_000026495_NODE_2_length_459774_cov_21.976754
65,"mobileOG_000022000|ihfA|WP_001229265.1|integration/excision|regulation,lysis/lysogeny|Multiple|Manual",NODE_2_length_459774_cov_21.976754_439 # 415504 # 415800 # 1 # ID=2_439;partial=00;start_type=ATG;rbs_motif=GGAG/GAGG;rbs_spacer=5-10bp;gc_cont=0.549,95.9,186,99,5.47e-62,99,1,97,1,97,mobileOG_000022000,ihfA,WP_001229265.1,integration/excision,"regulation,lysis/lysogeny",Multiple,Manual,NODE_2_length_459774_cov_21.976754_439, 415504 # 415800 # 1 , 415504,415800,1 ,2_439,2,439,00,ATG,GGAG/GAGG,5-10bp,0.549,NODE_2_length_459774_cov_21.976754,mobileOG_000022000_NODE_2_length_459774_cov_21.976754
66,"mobileOG_000025015|ihfA|WP_003857805.1|integration/excision|regulation,lysis/lysogeny|Multiple|Manual",NODE_2_length_459774_cov_21.976754_439 # 415504 # 415800 # 1 # ID=2_439;partial=00;start_type=ATG;rbs_motif=GGAG/GAGG;rbs_spacer=5-10bp;gc_cont=0.549,94.8,185,99,1.57e-61,99,1,97,1,97,mobileOG_000025015,ihfA,WP_003857805.1,integration/excision,"regulation,lysis/lysogeny",Multiple,Manual,NODE_2_length_459774_cov_21.976754_439, 415504 # 415800 # 1 , 415504,415800,1 ,2_439,2,439,00,ATG,GGAG/GAGG,5-10bp,0.549,NODE_2_length_459774_cov_21.976754,mobileOG_000025015_NODE_2_length_459774_cov_21.976754
67,"mobileOG_000015162|ihfA|WP_001229265.1|integration/excision|regulation,lysis/lysogeny|GPD|Manual",NODE_2_length_459774_cov_21.976754_439 # 415504 # 415800 # 1 # ID=2_439;partial=00;start_type=ATG;rbs_motif=GGAG/GAGG;rbs_spacer=5-10bp;gc_cont=0.549,95.8,183,97,1.21e-60,99,1,95,3,97,mobileOG_000015162,ihfA,WP_001229265.1,integration/excision,"regulation,lysis/lysogeny",GPD,Manual,NODE_2_length_459774_cov_21.976754_439, 415504 # 415800 # 1 , 415504,415800,1 ,2_439,2,439,00,ATG,GGAG/GAGG,5-10bp,0.549,NODE_2_length_459774_cov_21.976754,mobileOG_000015162_NODE_2_length_459774_cov_21.976754
68,mobileOG_000301584|srnB|WP_015379015.1|stability/transfer/defense|NA|Plasmid RefSeq|Homology,NODE_3_length_315176_cov_28.543347_18 # 15836 # 15991 # -1 # ID=3_18;partial=00;start_type=ATG;rbs_motif=AGGAG;rbs_spacer=5-10bp;gc_cont=0.532,94.0,90.9,50,1.94e-25,52,1,50,2,51,mobileOG_000301584,srnB,WP_015379015.1,stability/transfer/defense,NA,Plasmid RefSeq,Homology,NODE_3_length_315176_cov_28.543347_18, 15836 # 15991 # -1 , 15836,15991,-1 ,3_18,3,18,00,ATG,AGGAG,5-10bp,0.532,NODE_3_length_315176_cov_28.543347,mobileOG_000301584_NODE_3_length_315176_cov_28.543347
69,mobileOG_000301584|srnB|WP_015379015.1|stability/transfer/defense|NA|Plasmid RefSeq|Homology,NODE_3_length_315176_cov_28.543347_22 # 21603 # 21758 # -1 # ID=3_22;partial=00;start_type=ATG;rbs_motif=AGGAG;rbs_spacer=5-10bp;gc_cont=0.513,98.0,93.2,50,2.35e-26,52,1,50,2,51,mobileOG_000301584,srnB,WP_015379015.1,stability/transfer/defense,NA,Plasmid RefSeq,Homology,NODE_3_length_315176_cov_28.543347_22, 21603 # 21758 # -1 , 21603,21758,-1 ,3_22,3,22,00,ATG,AGGAG,5-10bp,0.513,NODE_3_length_315176_cov_28.543347,mobileOG_000301584_NODE_3_length_315176_cov_28.543347
70,mobileOG_000361163|srnB|WP_080298853.1|stability/transfer/defense|NA|Plasmid RefSeq|Homology,NODE_3_length_315176_cov_28.543347_22 # 21603 # 21758 # -1 # ID=3_22;partial=00;start_type=ATG;rbs_motif=AGGAG;rbs_spacer=5-10bp;gc_cont=0.513,92.0,89.4,50,7.91e-25,52,1,50,2,51,mobileOG_000361163,srnB,WP_080298853.1,stability/transfer/defense,NA,Plasmid RefSeq,Homology,NODE_3_length_315176_cov_28.543347_22, 21603 # 21758 # -1 , 21603,21758,-1 ,3_22,3,22,00,ATG,AGGAG,5-10bp,0.513,NODE_3_length_315176_cov_28.543347,mobileOG_000361163_NODE_3_length_315176_cov_28.543347
71,"mobileOG_000312454|pilT|WP_101427354.1|transfer|conjugation,competence|Plasmid RefSeq|Homology",NODE_3_length_315176_cov_28.543347_71 # 78755 # 79777 # -1 # ID=3_71;partial=00;start_type=ATG;rbs_motif=GGAG/GAGG;rbs_spacer=5-10bp;gc_cont=0.660,95.9,611,340,3.56e-222,341,1,338,1,338,mobileOG_000312454,pilT,WP_101427354.1,transfer,"conjugation,competence",Plasmid RefSeq,Homology,NODE_3_length_315176_cov_28.543347_71, 78755 # 79777 # -1 , 78755,79777,-1 ,3_71,3,71,00,ATG,GGAG/GAGG,5-10bp,0.660,NODE_3_length_315176_cov_28.543347,mobileOG_000312454_NODE_3_length_315176_cov_28.543347
72,mobileOG_000328139|rdgB|WP_033635946.1|replication/recombination/repair|NA|Plasmid RefSeq|Homology,NODE_3_length_315176_cov_28.543347_76 # 82237 # 82830 # 1 # ID=3_76;partial=00;start_type=ATG;rbs_motif=GGA/GAG/AGG;rbs_spacer=5-10bp;gc_cont=0.655,99.5,384,197,3.58e-137,198,1,197,1,197,mobileOG_000328139,rdgB,WP_033635946.1,replication/recombination/repair,NA,Plasmid RefSeq,Homology,NODE_3_length_315176_cov_28.543347_76, 82237 # 82830 # 1 , 82237,82830,1 ,3_76,3,76,00,ATG,GGA/GAG/AGG,5-10bp,0.655,NODE_3_length_315176_cov_28.543347,mobileOG_000328139_NODE_3_length_315176_cov_28.543347
73,mobileOG_000331353|mutY|WP_101427358.1|replication/recombination/repair|NA|Plasmid RefSeq|Homology,NODE_3_length_315176_cov_28.543347_83 # 87531 # 88631 # 1 # ID=3_83;partial=00;start_type=ATG;rbs_motif=GGA/GAG/AGG;rbs_spacer=11-12bp;gc_cont=0.620,99.2,752,381,1.10e-276,367,16,381,1,366,mobileOG_000331353,mutY,WP_101427358.1,replication/recombination/repair,NA,Plasmid RefSeq,Homology,NODE_3_length_315176_cov_28.543347_83, 87531 # 88631 # 1 , 87531,88631,1 ,3_83,3,83,00,ATG,GGA/GAG/AGG,11-12bp,0.620,NODE_3_length_315176_cov_28.543347,mobileOG_000331353_NODE_3_length_315176_cov_28.543347
74,mobileOG_000353791|parC|WP_039569308.1|replication/recombination/repair|partitioning|Plasmid RefSeq|Homology,NODE_3_length_315176_cov_28.543347_127 # 143763 # 146036 # -1 # ID=3_127;partial=00;start_type=ATG;rbs_motif=AGGA;rbs_spacer=5-10bp;gc_cont=0.635,99.5,1470,757,0.0,758,1,757,1,757,mobileOG_000353791,parC,WP_039569308.1,replication/recombination/repair,partitioning,Plasmid RefSeq,Homology,NODE_3_length_315176_cov_28.543347_127, 143763 # 146036 # -1 , 143763,146036,-1 ,3_127,3,127,00,ATG,AGGA,5-10bp,0.635,NODE_3_length_315176_cov_28.543347,mobileOG_000353791_NODE_3_length_315176_cov_28.543347
75,mobileOG_000368543|parE|WP_025304305.1|replication/recombination/repair|partitioning|Plasmid RefSeq|Homology,NODE_3_length_315176_cov_28.543347_131 # 148273 # 150168 # -1 # ID=3_131;partial=00;start_type=ATG;rbs_motif=None;rbs_spacer=None;gc_cont=0.616,100,1256,631,0.0,632,1,631,1,631,mobileOG_000368543,parE,WP_025304305.1,replication/recombination/repair,partitioning,Plasmid RefSeq,Homology,NODE_3_length_315176_cov_28.543347_131, 148273 # 150168 # -1 , 148273,150168,-1 ,3_131,3,131,00,ATG,None,None,0.616,NODE_3_length_315176_cov_28.543347,mobileOG_000368543_NODE_3_length_315176_cov_28.543347
76,mobileOG_000026107|parE|P20083|replication/recombination/repair|partitioning|Multiple|Manual,NODE_3_length_315176_cov_28.543347_131 # 148273 # 150168 # -1 # ID=3_131;partial=00;start_type=ATG;rbs_motif=None;rbs_spacer=None;gc_cont=0.616,92.2,1167,630,0.0,632,1,630,1,631,mobileOG_000026107,parE,P20083,replication/recombination/repair,partitioning,Multiple,Manual,NODE_3_length_315176_cov_28.543347_131, 148273 # 150168 # -1 , 148273,150168,-1 ,3_131,3,131,00,ATG,None,None,0.616,NODE_3_length_315176_cov_28.543347,mobileOG_000026107_NODE_3_length_315176_cov_28.543347
77,mobileOG_000289024|parE|WP_008806513.1|replication/recombination/repair|partitioning|Plasmid RefSeq|Homology,NODE_3_length_315176_cov_28.543347_131 # 148273 # 150168 # -1 # ID=3_131;partial=00;start_type=ATG;rbs_motif=None;rbs_spacer=None;gc_cont=0.616,92.1,1167,631,0.0,632,1,631,1,631,mobileOG_000289024,parE,WP_008806513.1,replication/recombination/repair,partitioning,Plasmid RefSeq,Homology,NODE_3_length_315176_cov_28.543347_131, 148273 # 150168 # -1 , 148273,150168,-1 ,3_131,3,131,00,ATG,None,None,0.616,NODE_3_length_315176_cov_28.543347,mobileOG_000289024_NODE_3_length_315176_cov_28.543347
78,mobileOG_000353777|parE|A0A0C2EHG6|replication/recombination/repair|partitioning|Multiple|Homology,NODE_3_length_315176_cov_28.543347_131 # 148273 # 150168 # -1 # ID=3_131;partial=00;start_type=ATG;rbs_motif=None;rbs_spacer=None;gc_cont=0.616,92.1,1166,630,0.0,632,1,630,1,631,mobileOG_000353777,parE,A0A0C2EHG6,replication/recombination/repair,partitioning,Multiple,Homology,NODE_3_length_315176_cov_28.543347_131, 148273 # 150168 # -1 , 148273,150168,-1 ,3_131,3,131,00,ATG,None,None,0.616,NODE_3_length_315176_cov_28.543347,mobileOG_000353777_NODE_3_length_315176_cov_28.543347
79,mobileOG_000026108|parE|P0A2I6|replication/recombination/repair|partitioning|Plasmid RefSeq|Manual,NODE_3_length_315176_cov_28.543347_131 # 148273 # 150168 # -1 # ID=3_131;partial=00;start_type=ATG;rbs_motif=None;rbs_spacer=None;gc_cont=0.616,92.1,1165,630,0.0,632,1,630,1,631,mobileOG_000026108,parE,P0A2I6,replication/recombination/repair,partitioning,Plasmid RefSeq,Manual,NODE_3_length_315176_cov_28.543347_131, 148273 # 150168 # -1 , 148273,150168,-1 ,3_131,3,131,00,ATG,None,None,0.616,NODE_3_length_315176_cov_28.543347,mobileOG_000026108_NODE_3_length_315176_cov_28.543347
80,"mobileOG_000353237|cca|WP_033649056.1|phage|regulation,infection|Plasmid RefSeq|Homology",NODE_3_length_315176_cov_28.543347_152 # 174026 # 175270 # 1 # ID=3_152;partial=00;start_type=GTG;rbs_motif=AGGAG;rbs_spacer=5-10bp;gc_cont=0.656,97.6,814,414,5.43e-300,415,1,414,1,414,mobileOG_000353237,cca,WP_033649056.1,phage,"regulation,infection",Plasmid RefSeq,Homology,NODE_3_length_315176_cov_28.543347_152, 174026 # 175270 # 1 , 174026,175270,1 ,3_152,3,152,00,GTG,AGGAG,5-10bp,0.656,NODE_3_length_315176_cov_28.543347,mobileOG_000353237_NODE_3_length_315176_cov_28.543347
81,mobileOG_000368544|dnaG|WP_025304325.1|replication/recombination/repair|NA|Plasmid RefSeq|Homology,NODE_3_length_315176_cov_28.543347_157 # 179101 # 180849 # 1 # ID=3_157;partial=00;start_type=ATG;rbs_motif=GGA/GAG/AGG;rbs_spacer=3-4bp;gc_cont=0.595,100,1147,582,0.0,583,1,582,1,582,mobileOG_000368544,dnaG,WP_025304325.1,replication/recombination/repair,NA,Plasmid RefSeq,Homology,NODE_3_length_315176_cov_28.543347_157, 179101 # 180849 # 1 , 179101,180849,1 ,3_157,3,157,00,ATG,GGA/GAG/AGG,3-4bp,0.595,NODE_3_length_315176_cov_28.543347,mobileOG_000368544_NODE_3_length_315176_cov_28.543347
82,mobileOG_000015138|dnaG|A0A0P0QJ09|replication/recombination/repair|NA|GPD|Manual,NODE_3_length_315176_cov_28.543347_157 # 179101 # 180849 # 1 # ID=3_157;partial=00;start_type=ATG;rbs_motif=GGA/GAG/AGG;rbs_spacer=3-4bp;gc_cont=0.595,99.7,1143,582,0.0,583,1,582,1,582,mobileOG_000015138,dnaG,A0A0P0QJ09,replication/recombination/repair,NA,GPD,Manual,NODE_3_length_315176_cov_28.543347_157, 179101 # 180849 # 1 , 179101,180849,1 ,3_157,3,157,00,ATG,GGA/GAG/AGG,3-4bp,0.595,NODE_3_length_315176_cov_28.543347,mobileOG_000015138_NODE_3_length_315176_cov_28.543347
83,mobileOG_000026430|mug|P43343|replication/recombination/repair|NA|Plasmid RefSeq|Manual,NODE_3_length_315176_cov_28.543347_160 # 183373 # 183861 # -1 # ID=3_160;partial=00;start_type=ATG;rbs_motif=GGA/GAG/AGG;rbs_spacer=11-12bp;gc_cont=0.642,96.9,321,162,2.55e-113,163,1,162,1,162,mobileOG_000026430,mug,P43343,replication/recombination/repair,NA,Plasmid RefSeq,Manual,NODE_3_length_315176_cov_28.543347_160, 183373 # 183861 # -1 , 183373,183861,-1 ,3_160,3,160,00,ATG,GGA/GAG/AGG,11-12bp,0.642,NODE_3_length_315176_cov_28.543347,mobileOG_000026430_NODE_3_length_315176_cov_28.543347
84,mobileOG_000015137|mug|A0A221DV72|replication/recombination/repair|NA|GPD|Manual,NODE_3_length_315176_cov_28.543347_160 # 183373 # 183861 # -1 # ID=3_160;partial=00;start_type=ATG;rbs_motif=GGA/GAG/AGG;rbs_spacer=11-12bp;gc_cont=0.642,95.7,318,162,4.23e-112,163,1,162,1,162,mobileOG_000015137,mug,A0A221DV72,replication/recombination/repair,NA,GPD,Manual,NODE_3_length_315176_cov_28.543347_160, 183373 # 183861 # -1 , 183373,183861,-1 ,3_160,3,160,00,ATG,GGA/GAG/AGG,11-12bp,0.642,NODE_3_length_315176_cov_28.543347,mobileOG_000015137_NODE_3_length_315176_cov_28.543347
85,mobileOG_000368512|diaA|WP_004937103.1|replication/recombination/repair|NA|Plasmid RefSeq|Homology,NODE_3_length_315176_cov_28.543347_195 # 219633 # 220223 # 1 # ID=3_195;partial=00;start_type=GTG;rbs_motif=GGA/GAG/AGG;rbs_spacer=5-10bp;gc_cont=0.604,100,383,196,1.35e-136,197,1,196,1,196,mobileOG_000368512,diaA,WP_004937103.1,replication/recombination/repair,NA,Plasmid RefSeq,Homology,NODE_3_length_315176_cov_28.543347_195, 219633 # 220223 # 1 , 219633,220223,1 ,3_195,3,195,00,GTG,GGA/GAG/AGG,5-10bp,0.604,NODE_3_length_315176_cov_28.543347,mobileOG_000368512_NODE_3_length_315176_cov_28.543347
86,mobileOG_000026069|diaA|A6TEG8|replication/recombination/repair|NA|Plasmid RefSeq|Manual,NODE_3_length_315176_cov_28.543347_195 # 219633 # 220223 # 1 # ID=3_195;partial=00;start_type=GTG;rbs_motif=GGA/GAG/AGG;rbs_spacer=5-10bp;gc_cont=0.604,96.4,374,196,6.16e-133,197,1,196,1,196,mobileOG_000026069,diaA,A6TEG8,replication/recombination/repair,NA,Plasmid RefSeq,Manual,NODE_3_length_315176_cov_28.543347_195, 219633 # 220223 # 1 , 219633,220223,1 ,3_195,3,195,00,GTG,GGA/GAG/AGG,5-10bp,0.604,NODE_3_length_315176_cov_28.543347,mobileOG_000026069_NODE_3_length_315176_cov_28.543347
87,mobileOG_000297506|diaA|A0A422XC86|replication/recombination/repair|NA|Plasmid RefSeq|Homology,NODE_3_length_315176_cov_28.543347_195 # 219633 # 220223 # 1 # ID=3_195;partial=00;start_type=GTG;rbs_motif=GGA/GAG/AGG;rbs_spacer=5-10bp;gc_cont=0.604,96.4,373,196,1.24e-132,197,1,196,1,196,mobileOG_000297506,diaA,A0A422XC86,replication/recombination/repair,NA,Plasmid RefSeq,Homology,NODE_3_length_315176_cov_28.543347_195, 219633 # 220223 # 1 , 219633,220223,1 ,3_195,3,195,00,GTG,GGA/GAG/AGG,5-10bp,0.604,NODE_3_length_315176_cov_28.543347,mobileOG_000297506_NODE_3_length_315176_cov_28.543347
88,mobileOG_000025623|diaA|WP_000893481.1|replication/recombination/repair|NA|Plasmid RefSeq|Manual,NODE_3_length_315176_cov_28.543347_195 # 219633 # 220223 # 1 # ID=3_195;partial=00;start_type=GTG;rbs_motif=GGA/GAG/AGG;rbs_spacer=5-10bp;gc_cont=0.604,95.9,369,196,2.93e-131,197,1,196,1,196,mobileOG_000025623,diaA,WP_000893481.1,replication/recombination/repair,NA,Plasmid RefSeq,Manual,NODE_3_length_315176_cov_28.543347_195, 219633 # 220223 # 1 , 219633,220223,1 ,3_195,3,195,00,GTG,GGA/GAG/AGG,5-10bp,0.604,NODE_3_length_315176_cov_28.543347,mobileOG_000025623_NODE_3_length_315176_cov_28.543347
89,mobileOG_000025677|diaA|WP_002210146.1|replication/recombination/repair|NA|Plasmid RefSeq|Manual,NODE_3_length_315176_cov_28.543347_195 # 219633 # 220223 # 1 # ID=3_195;partial=00;start_type=GTG;rbs_motif=GGA/GAG/AGG;rbs_spacer=5-10bp;gc_cont=0.604,93.4,358,196,5.44e-127,197,1,196,1,196,mobileOG_000025677,diaA,WP_002210146.1,replication/recombination/repair,NA,Plasmid RefSeq,Manual,NODE_3_length_315176_cov_28.543347_195, 219633 # 220223 # 1 , 219633,220223,1 ,3_195,3,195,00,GTG,GGA/GAG/AGG,5-10bp,0.604,NODE_3_length_315176_cov_28.543347,mobileOG_000025677_NODE_3_length_315176_cov_28.543347
90,"mobileOG_000368511|sspA|WP_004937082.1|phage|infection,regulation|Plasmid RefSeq|Homology",NODE_3_length_315176_cov_28.543347_206 # 235332 # 235973 # -1 # ID=3_206;partial=00;start_type=ATG;rbs_motif=GGAGG;rbs_spacer=5-10bp;gc_cont=0.583,100,419,213,2.30e-150,214,1,213,1,213,mobileOG_000368511,sspA,WP_004937082.1,phage,"infection,regulation",Plasmid RefSeq,Homology,NODE_3_length_315176_cov_28.543347_206, 235332 # 235973 # -1 , 235332,235973,-1 ,3_206,3,206,00,ATG,GGAGG,5-10bp,0.583,NODE_3_length_315176_cov_28.543347,mobileOG_000368511_NODE_3_length_315176_cov_28.543347
91,"mobileOG_000354050|sspA|WP_025304366.1|phage|infection,regulation|Plasmid RefSeq|Homology",NODE_3_length_315176_cov_28.543347_206 # 235332 # 235973 # -1 # ID=3_206;partial=00;start_type=ATG;rbs_motif=GGAGG;rbs_spacer=5-10bp;gc_cont=0.583,99.5,417,213,9.38e-150,214,1,213,1,213,mobileOG_000354050,sspA,WP_025304366.1,phage,"infection,regulation",Plasmid RefSeq,Homology,NODE_3_length_315176_cov_28.543347_206, 235332 # 235973 # -1 , 235332,235973,-1 ,3_206,3,206,00,ATG,GGAGG,5-10bp,0.583,NODE_3_length_315176_cov_28.543347,mobileOG_000354050_NODE_3_length_315176_cov_28.543347
92,mobileOG_000376615|ygjN|WP_004937033.1|stability/transfer/defense|NA|Plasmid RefSeq|Homology,NODE_3_length_315176_cov_28.543347_231 # 255375 # 255686 # 1 # ID=3_231;partial=00;start_type=ATG;rbs_motif=AGGA/GGAG/GAGG;rbs_spacer=11-12bp;gc_cont=0.490,100,213,103,1.59e-72,104,1,103,1,103,mobileOG_000376615,ygjN,WP_004937033.1,stability/transfer/defense,NA,Plasmid RefSeq,Homology,NODE_3_length_315176_cov_28.543347_231, 255375 # 255686 # 1 , 255375,255686,1 ,3_231,3,231,00,ATG,AGGA/GGAG/GAGG,11-12bp,0.490,NODE_3_length_315176_cov_28.543347,mobileOG_000376615_NODE_3_length_315176_cov_28.543347
93,mobileOG_000377484|ygjN|WP_033636137.1|stability/transfer/defense|NA|Plasmid RefSeq|Homology,NODE_3_length_315176_cov_28.543347_231 # 255375 # 255686 # 1 # ID=3_231;partial=00;start_type=ATG;rbs_motif=AGGA/GGAG/GAGG;rbs_spacer=11-12bp;gc_cont=0.490,99.0,211,103,9.24e-72,104,1,103,1,103,mobileOG_000377484,ygjN,WP_033636137.1,stability/transfer/defense,NA,Plasmid RefSeq,Homology,NODE_3_length_315176_cov_28.543347_231, 255375 # 255686 # 1 , 255375,255686,1 ,3_231,3,231,00,ATG,AGGA/GGAG/GAGG,11-12bp,0.490,NODE_3_length_315176_cov_28.543347,mobileOG_000377484_NODE_3_length_315176_cov_28.543347
94,mobileOG_000362964|higA_3|WP_033644489.1|stability/transfer/defense|NA|Plasmid RefSeq|Homology,NODE_3_length_315176_cov_28.543347_232 # 255683 # 256105 # 1 # ID=3_232;partial=00;start_type=ATG;rbs_motif=AGGAG;rbs_spacer=5-10bp;gc_cont=0.527,100,270,140,9.35e-94,141,1,140,1,140,mobileOG_000362964,higA_3,WP_033644489.1,stability/transfer/defense,NA,Plasmid RefSeq,Homology,NODE_3_length_315176_cov_28.543347_232, 255683 # 256105 # 1 , 255683,256105,1 ,3_232,3,232,00,ATG,AGGAG,5-10bp,0.527,NODE_3_length_315176_cov_28.543347,mobileOG_000362964_NODE_3_length_315176_cov_28.543347
95,mobileOG_000364378|higA_3|WP_033636138.1|stability/transfer/defense|NA|Plasmid RefSeq|Homology,NODE_3_length_315176_cov_28.543347_232 # 255683 # 256105 # 1 # ID=3_232;partial=00;start_type=ATG;rbs_motif=AGGAG;rbs_spacer=5-10bp;gc_cont=0.527,96.4,259,140,1.23e-89,141,1,140,1,140,mobileOG_000364378,higA_3,WP_033636138.1,stability/transfer/defense,NA,Plasmid RefSeq,Homology,NODE_3_length_315176_cov_28.543347_232, 255683 # 256105 # 1 , 255683,256105,1 ,3_232,3,232,00,ATG,AGGAG,5-10bp,0.527,NODE_3_length_315176_cov_28.543347,mobileOG_000364378_NODE_3_length_315176_cov_28.543347
96,mobileOG_000003237|fis|WP_000462905.1|integration/excision|replication/recombination/repair|Multiple|Manual,NODE_3_length_315176_cov_28.543347_281 # 306251 # 306547 # 1 # ID=3_281;partial=00;start_type=ATG;rbs_motif=GGA/GAG/AGG;rbs_spacer=11-12bp;gc_cont=0.485,100,189,98,4.53e-63,99,1,98,1,98,mobileOG_000003237,fis,WP_000462905.1,integration/excision,replication/recombination/repair,Multiple,Manual,NODE_3_length_315176_cov_28.543347_281, 306251 # 306547 # 1 , 306251,306547,1 ,3_281,3,281,00,ATG,GGA/GAG/AGG,11-12bp,0.485,NODE_3_length_315176_cov_28.543347,mobileOG_000003237_NODE_3_length_315176_cov_28.543347
97,mobileOG_000353627|fis|WP_004240545.1|integration/excision|replication/recombination/repair|Plasmid RefSeq|Homology,NODE_3_length_315176_cov_28.543347_281 # 306251 # 306547 # 1 # ID=3_281;partial=00;start_type=ATG;rbs_motif=GGA/GAG/AGG;rbs_spacer=11-12bp;gc_cont=0.485,98.0,186,98,5.30e-62,99,1,98,1,98,mobileOG_000353627,fis,WP_004240545.1,integration/excision,replication/recombination/repair,Plasmid RefSeq,Homology,NODE_3_length_315176_cov_28.543347_281, 306251 # 306547 # 1 , 306251,306547,1 ,3_281,3,281,00,ATG,GGA/GAG/AGG,11-12bp,0.485,NODE_3_length_315176_cov_28.543347,mobileOG_000353627_NODE_3_length_315176_cov_28.543347
98,mobileOG_000026099|fis|Q8ZAX8|integration/excision|replication/recombination/repair|Plasmid RefSeq|Manual,NODE_3_length_315176_cov_28.543347_281 # 306251 # 306547 # 1 # ID=3_281;partial=00;start_type=ATG;rbs_motif=GGA/GAG/AGG;rbs_spacer=11-12bp;gc_cont=0.485,98.0,186,98,7.54e-62,99,1,98,1,98,mobileOG_000026099,fis,Q8ZAX8,integration/excision,replication/recombination/repair,Plasmid RefSeq,Manual,NODE_3_length_315176_cov_28.543347_281, 306251 # 306547 # 1 , 306251,306547,1 ,3_281,3,281,00,ATG,GGA/GAG/AGG,11-12bp,0.485,NODE_3_length_315176_cov_28.543347,mobileOG_000026099_NODE_3_length_315176_cov_28.543347
99,mobileOG_000012594|fis|WP_000462905.1|integration/excision|replication/recombination/repair|GPD|Manual,NODE_3_length_315176_cov_28.543347_281 # 306251 # 306547 # 1 # ID=3_281;partial=00;start_type=ATG;rbs_motif=GGA/GAG/AGG;rbs_spacer=11-12bp;gc_cont=0.485,100,179,93,3.60e-59,99,1,93,6,98,mobileOG_000012594,fis,WP_000462905.1,integration/excision,replication/recombination/repair,GPD,Manual,NODE_3_length_315176_cov_28.543347_281, 306251 # 306547 # 1 , 306251,306547,1 ,3_281,3,281,00,ATG,GGA/GAG/AGG,11-12bp,0.485,NODE_3_length_315176_cov_28.543347,mobileOG_000012594_NODE_3_length_315176_cov_28.543347
100,"mobileOG_000301583|dpiA|WP_033635694.1|replication/recombination/repair|partitioning,regulation|Plasmid RefSeq|Homology",NODE_4_length_283250_cov_25.403382_18 # 20945 # 21631 # -1 # ID=4_18;partial=00;start_type=ATG;rbs_motif=GGA/GAG/AGG;rbs_spacer=5-10bp;gc_cont=0.587,99.1,444,228,1.27e-159,229,1,228,1,228,mobileOG_000301583,dpiA,WP_033635694.1,replication/recombination/repair,"partitioning,regulation",Plasmid RefSeq,Homology,NODE_4_length_283250_cov_25.403382_18, 20945 # 21631 # -1 , 20945,21631,-1 ,4_18,4,18,00,ATG,GGA/GAG/AGG,5-10bp,0.587,NODE_4_length_283250_cov_25.403382,mobileOG_000301583_NODE_4_length_283250_cov_25.403382
101,mobileOG_000337297|ratA|WP_086580341.1|stability/transfer/defense|NA|Plasmid RefSeq|Homology,NODE_4_length_283250_cov_25.403382_58 # 53004 # 53438 # 1 # ID=4_58;partial=00;start_type=ATG;rbs_motif=AGGA;rbs_spacer=5-10bp;gc_cont=0.570,98.6,283,162,1.52e-98,145,19,162,1,144,mobileOG_000337297,ratA,WP_086580341.1,stability/transfer/defense,NA,Plasmid RefSeq,Homology,NODE_4_length_283250_cov_25.403382_58, 53004 # 53438 # 1 , 53004,53438,1 ,4_58,4,58,00,ATG,AGGA,5-10bp,0.570,NODE_4_length_283250_cov_25.403382,mobileOG_000337297_NODE_4_length_283250_cov_25.403382
102,mobileOG_000328446|recN|WP_033654310.1|replication/recombination/repair|NA|Plasmid RefSeq|Homology,NODE_4_length_283250_cov_25.403382_61 # 54413 # 56074 # -1 # ID=4_61;partial=00;start_type=ATG;rbs_motif=AGGA;rbs_spacer=5-10bp;gc_cont=0.648,98.7,1033,553,0.0,554,1,553,1,553,mobileOG_000328446,recN,WP_033654310.1,replication/recombination/repair,NA,Plasmid RefSeq,Homology,NODE_4_length_283250_cov_25.403382_61, 54413 # 56074 # -1 , 54413,56074,-1 ,4_61,4,61,00,ATG,AGGA,5-10bp,0.648,NODE_4_length_283250_cov_25.403382,mobileOG_000328446_NODE_4_length_283250_cov_25.403382
103,mobileOG_000368553|ung|WP_033635636.1|replication/recombination/repair|NA|Plasmid RefSeq|Homology,NODE_4_length_283250_cov_25.403382_64 # 57806 # 58489 # -1 # ID=4_64;partial=00;start_type=ATG;rbs_motif=AGGAG;rbs_spacer=5-10bp;gc_cont=0.630,99.1,474,227,1.06e-171,228,1,227,1,227,mobileOG_000368553,ung,WP_033635636.1,replication/recombination/repair,NA,Plasmid RefSeq,Homology,NODE_4_length_283250_cov_25.403382_64, 57806 # 58489 # -1 , 57806,58489,-1 ,4_64,4,64,00,ATG,AGGAG,5-10bp,0.630,NODE_4_length_283250_cov_25.403382,mobileOG_000368553_NODE_4_length_283250_cov_25.403382
104,mobileOG_000368501|recO|WP_004929165.1|replication/recombination/repair|NA|Multiple|Homology,NODE_4_length_283250_cov_25.403382_80 # 73900 # 74631 # 1 # ID=4_80;partial=00;start_type=GTG;rbs_motif=None;rbs_spacer=None;gc_cont=0.639,99.6,483,243,1.13e-174,244,1,243,1,243,mobileOG_000368501,recO,WP_004929165.1,replication/recombination/repair,NA,Multiple,Homology,NODE_4_length_283250_cov_25.403382_80, 73900 # 74631 # 1 , 73900,74631,1 ,4_80,4,80,00,GTG,None,None,0.639,NODE_4_length_283250_cov_25.403382,mobileOG_000368501_NODE_4_length_283250_cov_25.403382
105,"mobileOG_000329166|dnaK|WP_101455550.1|phage|infection,regulation|Plasmid RefSeq|Homology",NODE_4_length_283250_cov_25.403382_119 # 117838 # 119688 # 1 # ID=4_119;partial=00;start_type=ATG;rbs_motif=GGA/GAG/AGG;rbs_spacer=5-10bp;gc_cont=0.669,99.5,1144,616,0.0,617,1,616,1,616,mobileOG_000329166,dnaK,WP_101455550.1,phage,"infection,regulation",Plasmid RefSeq,Homology,NODE_4_length_283250_cov_25.403382_119, 117838 # 119688 # 1 , 117838,119688,1 ,4_119,4,119,00,ATG,GGA/GAG/AGG,5-10bp,0.669,NODE_4_length_283250_cov_25.403382,mobileOG_000329166_NODE_4_length_283250_cov_25.403382
106,mobileOG_000328285|xseA|WP_031299944.1|replication/recombination/repair|NA|Plasmid RefSeq|Homology,NODE_4_length_283250_cov_25.403382_140 # 140545 # 141843 # -1 # ID=4_140;partial=00;start_type=ATG;rbs_motif=GGA/GAG/AGG;rbs_spacer=5-10bp;gc_cont=0.666,96.3,650,458,3.06e-234,433,27,458,1,432,mobileOG_000328285,xseA,WP_031299944.1,replication/recombination/repair,NA,Plasmid RefSeq,Homology,NODE_4_length_283250_cov_25.403382_140, 140545 # 141843 # -1 , 140545,141843,-1 ,4_140,4,140,00,ATG,GGA/GAG/AGG,5-10bp,0.666,NODE_4_length_283250_cov_25.403382,mobileOG_000328285_NODE_4_length_283250_cov_25.403382
107,mobileOG_000296606|cdiB|WP_033654573.1|stability/transfer/defense|NA|Plasmid RefSeq|Homology,NODE_4_length_283250_cov_25.403382_199 # 215165 # 216802 # 1 # ID=4_199;partial=00;start_type=GTG;rbs_motif=GGAG/GAGG;rbs_spacer=5-10bp;gc_cont=0.617,94.7,1028,555,0.0,546,12,555,2,545,mobileOG_000296606,cdiB,WP_033654573.1,stability/transfer/defense,NA,Plasmid RefSeq,Homology,NODE_4_length_283250_cov_25.403382_199, 215165 # 216802 # 1 , 215165,216802,1 ,4_199,4,199,00,GTG,GGAG/GAGG,5-10bp,0.617,NODE_4_length_283250_cov_25.403382,mobileOG_000296606_NODE_4_length_283250_cov_25.403382
108,mobileOG_000327800|hda|WP_025159568.1|replication/recombination/repair|NA|Plasmid RefSeq|Homology,NODE_4_length_283250_cov_25.403382_228 # 254167 # 254649 # 1 # ID=4_228;partial=00;start_type=GTG;rbs_motif=GGA/GAG/AGG;rbs_spacer=5-10bp;gc_cont=0.607,99.4,321,233,3.95e-112,161,74,233,1,160,mobileOG_000327800,hda,WP_025159568.1,replication/recombination/repair,NA,Plasmid RefSeq,Homology,NODE_4_length_283250_cov_25.403382_228, 254167 # 254649 # 1 , 254167,254649,1 ,4_228,4,228,00,GTG,GGA/GAG/AGG,5-10bp,0.607,NODE_4_length_283250_cov_25.403382,mobileOG_000327800_NODE_4_length_283250_cov_25.403382
109,mobileOG_000330176|hda|WP_101453253.1|replication/recombination/repair|NA|Plasmid RefSeq|Homology,NODE_4_length_283250_cov_25.403382_228 # 254167 # 254649 # 1 # ID=4_228;partial=00;start_type=GTG;rbs_motif=GGA/GAG/AGG;rbs_spacer=5-10bp;gc_cont=0.607,98.8,320,233,1.13e-111,161,74,233,1,160,mobileOG_000330176,hda,WP_101453253.1,replication/recombination/repair,NA,Plasmid RefSeq,Homology,NODE_4_length_283250_cov_25.403382_228, 254167 # 254649 # 1 , 254167,254649,1 ,4_228,4,228,00,GTG,GGA/GAG/AGG,5-10bp,0.607,NODE_4_length_283250_cov_25.403382,mobileOG_000330176_NODE_4_length_283250_cov_25.403382
110,mobileOG_000040283|hda|A0A094VSK4|replication/recombination/repair|NA|COMPASS|Homology,NODE_4_length_283250_cov_25.403382_228 # 254167 # 254649 # 1 # ID=4_228;partial=00;start_type=GTG;rbs_motif=GGA/GAG/AGG;rbs_spacer=5-10bp;gc_cont=0.607,90.0,291,225,1.13e-100,161,66,225,1,160,mobileOG_000040283,hda,A0A094VSK4,replication/recombination/repair,NA,COMPASS,Homology,NODE_4_length_283250_cov_25.403382_228, 254167 # 254649 # 1 , 254167,254649,1 ,4_228,4,228,00,GTG,GGA/GAG/AGG,5-10bp,0.607,NODE_4_length_283250_cov_25.403382,mobileOG_000040283_NODE_4_length_283250_cov_25.403382
111,mobileOG_000327250|hda|WP_000247065.1|replication/recombination/repair|NA|Plasmid RefSeq|Homology,NODE_4_length_283250_cov_25.403382_228 # 254167 # 254649 # 1 # ID=4_228;partial=00;start_type=GTG;rbs_motif=GGA/GAG/AGG;rbs_spacer=5-10bp;gc_cont=0.607,90.0,291,248,2.47e-100,161,89,248,1,160,mobileOG_000327250,hda,WP_000247065.1,replication/recombination/repair,NA,Plasmid RefSeq,Homology,NODE_4_length_283250_cov_25.403382_228, 254167 # 254649 # 1 , 254167,254649,1 ,4_228,4,228,00,GTG,GGA/GAG/AGG,5-10bp,0.607,NODE_4_length_283250_cov_25.403382,mobileOG_000327250_NODE_4_length_283250_cov_25.403382
112,mobileOG_000361587|rmuC|WP_033636701.1|replication/recombination/repair|NA|Plasmid RefSeq|Homology,NODE_5_length_278292_cov_32.584436_20 # 19638 # 21185 # -1 # ID=5_20;partial=00;start_type=GTG;rbs_motif=AGGAG;rbs_spacer=5-10bp;gc_cont=0.614,94.2,835,515,1.15e-304,516,1,515,1,515,mobileOG_000361587,rmuC,WP_033636701.1,replication/recombination/repair,NA,Plasmid RefSeq,Homology,NODE_5_length_278292_cov_32.584436_20, 19638 # 21185 # -1 , 19638,21185,-1 ,5_20,5,20,00,GTG,AGGAG,5-10bp,0.614,NODE_5_length_278292_cov_32.584436,mobileOG_000361587_NODE_5_length_278292_cov_32.584436
113,mobileOG_000328016|recQ|WP_033649642.1|replication/recombination/repair|NA|Plasmid RefSeq|Homology,NODE_5_length_278292_cov_32.584436_68 # 70470 # 72314 # -1 # ID=5_68;partial=00;start_type=ATG;rbs_motif=None;rbs_spacer=None;gc_cont=0.625,99.3,1223,610,0.0,615,1,610,5,614,mobileOG_000328016,recQ,WP_033649642.1,replication/recombination/repair,NA,Plasmid RefSeq,Homology,NODE_5_length_278292_cov_32.584436_68, 70470 # 72314 # -1 , 70470,72314,-1 ,5_68,5,68,00,ATG,None,None,0.625,NODE_5_length_278292_cov_32.584436,mobileOG_000328016_NODE_5_length_278292_cov_32.584436
114,mobileOG_000329602|uvrD|WP_101456625.1|replication/recombination/repair|plasmid|Plasmid RefSeq|Homology,NODE_5_length_278292_cov_32.584436_73 # 75857 # 78019 # -1 # ID=5_73;partial=00;start_type=ATG;rbs_motif=None;rbs_spacer=None;gc_cont=0.631,99.6,1431,720,0.0,721,1,720,1,720,mobileOG_000329602,uvrD,WP_101456625.1,replication/recombination/repair,plasmid,Plasmid RefSeq,Homology,NODE_5_length_278292_cov_32.584436_73, 75857 # 78019 # -1 , 75857,78019,-1 ,5_73,5,73,00,ATG,None,None,0.631,NODE_5_length_278292_cov_32.584436,mobileOG_000329602_NODE_5_length_278292_cov_32.584436
115,mobileOG_000351840|uvrD|WP_002211475.1|replication/recombination/repair|plasmid|Plasmid RefSeq|Homology,NODE_5_length_278292_cov_32.584436_73 # 75857 # 78019 # -1 # ID=5_73;partial=00;start_type=ATG;rbs_motif=None;rbs_spacer=None;gc_cont=0.631,92.5,1348,720,0.0,721,1,720,1,720,mobileOG_000351840,uvrD,WP_002211475.1,replication/recombination/repair,plasmid,Plasmid RefSeq,Homology,NODE_5_length_278292_cov_32.584436_73, 75857 # 78019 # -1 , 75857,78019,-1 ,5_73,5,73,00,ATG,None,None,0.631,NODE_5_length_278292_cov_32.584436,mobileOG_000351840_NODE_5_length_278292_cov_32.584436
116,mobileOG_000349233|xerD|WP_016929495.1|integration/excision|replication/recombination/repair|Plasmid RefSeq|Homology,NODE_5_length_278292_cov_32.584436_75 # 78814 # 79725 # -1 # ID=5_75;partial=00;start_type=ATG;rbs_motif=GGA/GAG/AGG;rbs_spacer=5-10bp;gc_cont=0.645,98.7,593,303,2.95e-216,304,1,303,1,303,mobileOG_000349233,xerD,WP_016929495.1,integration/excision,replication/recombination/repair,Plasmid RefSeq,Homology,NODE_5_length_278292_cov_32.584436_75, 78814 # 79725 # -1 , 78814,79725,-1 ,5_75,5,75,00,ATG,GGA/GAG/AGG,5-10bp,0.645,NODE_5_length_278292_cov_32.584436,mobileOG_000349233_NODE_5_length_278292_cov_32.584436
117,"mobileOG_000332113|rep|WP_060446051.1|replication/recombination/repair|initiation,copy number control,plasmid|Plasmid RefSeq|Homology",NODE_5_length_278292_cov_32.584436_102 # 110295 # 112319 # -1 # ID=5_102;partial=00;start_type=ATG;rbs_motif=GGA/GAG/AGG;rbs_spacer=11-12bp;gc_cont=0.597,99.4,1323,674,0.0,675,1,674,1,674,mobileOG_000332113,rep,WP_060446051.1,replication/recombination/repair,"initiation,copy number control,plasmid",Plasmid RefSeq,Homology,NODE_5_length_278292_cov_32.584436_102, 110295 # 112319 # -1 , 110295,112319,-1 ,5_102,5,102,00,ATG,GGA/GAG/AGG,11-12bp,0.597,NODE_5_length_278292_cov_32.584436,mobileOG_000332113_NODE_5_length_278292_cov_32.584436
118,mobileOG_000313842|oppF|WP_033636613.1|transfer|competence|Plasmid RefSeq|Homology,NODE_5_length_278292_cov_32.584436_116 # 132648 # 133637 # -1 # ID=5_116;partial=00;start_type=ATG;rbs_motif=GGAGG;rbs_spacer=5-10bp;gc_cont=0.618,99.4,650,329,4.31e-238,330,1,329,1,329,mobileOG_000313842,oppF,WP_033636613.1,transfer,competence,Plasmid RefSeq,Homology,NODE_5_length_278292_cov_32.584436_116, 132648 # 133637 # -1 , 132648,133637,-1 ,5_116,5,116,00,ATG,GGAGG,5-10bp,0.618,NODE_5_length_278292_cov_32.584436,mobileOG_000313842_NODE_5_length_278292_cov_32.584436
119,mobileOG_000367015|oppF|WP_161597821.1|transfer|competence|Plasmid RefSeq|Homology,NODE_5_length_278292_cov_32.584436_116 # 132648 # 133637 # -1 # ID=5_116;partial=00;start_type=ATG;rbs_motif=GGAGG;rbs_spacer=5-10bp;gc_cont=0.618,95.0,609,346,1.65e-221,330,19,339,5,325,mobileOG_000367015,oppF,WP_161597821.1,transfer,competence,Plasmid RefSeq,Homology,NODE_5_length_278292_cov_32.584436_116, 132648 # 133637 # -1 , 132648,133637,-1 ,5_116,5,116,00,ATG,GGAGG,5-10bp,0.618,NODE_5_length_278292_cov_32.584436,mobileOG_000367015_NODE_5_length_278292_cov_32.584436
120,mobileOG_000289032|oppF|WP_008806903.1|transfer|competence|Plasmid RefSeq|Homology,NODE_5_length_278292_cov_32.584436_116 # 132648 # 133637 # -1 # ID=5_116;partial=00;start_type=ATG;rbs_motif=GGAGG;rbs_spacer=5-10bp;gc_cont=0.618,92.3,598,337,4.41e-217,330,10,332,5,327,mobileOG_000289032,oppF,WP_008806903.1,transfer,competence,Plasmid RefSeq,Homology,NODE_5_length_278292_cov_32.584436_116, 132648 # 133637 # -1 , 132648,133637,-1 ,5_116,5,116,00,ATG,GGAGG,5-10bp,0.618,NODE_5_length_278292_cov_32.584436,mobileOG_000289032_NODE_5_length_278292_cov_32.584436
121,mobileOG_000288462|oppF|WP_017383568.1|transfer|competence|Plasmid RefSeq|Homology,NODE_5_length_278292_cov_32.584436_116 # 132648 # 133637 # -1 # ID=5_116;partial=00;start_type=ATG;rbs_motif=GGAGG;rbs_spacer=5-10bp;gc_cont=0.618,91.3,589,337,1.41e-213,330,10,331,5,326,mobileOG_000288462,oppF,WP_017383568.1,transfer,competence,Plasmid RefSeq,Homology,NODE_5_length_278292_cov_32.584436_116, 132648 # 133637 # -1 , 132648,133637,-1 ,5_116,5,116,00,ATG,GGAGG,5-10bp,0.618,NODE_5_length_278292_cov_32.584436,mobileOG_000288462_NODE_5_length_278292_cov_32.584436
122,mobileOG_000333736|oppD|WP_004934132.1|transfer|competence|Plasmid RefSeq|Homology,NODE_5_length_278292_cov_32.584436_117 # 133634 # 134614 # -1 # ID=5_117;partial=00;start_type=ATG;rbs_motif=GGAG/GAGG;rbs_spacer=5-10bp;gc_cont=0.635,99.7,634,326,1.74e-231,327,1,326,1,326,mobileOG_000333736,oppD,WP_004934132.1,transfer,competence,Plasmid RefSeq,Homology,NODE_5_length_278292_cov_32.584436_117, 133634 # 134614 # -1 , 133634,134614,-1 ,5_117,5,117,00,ATG,GGAG/GAGG,5-10bp,0.635,NODE_5_length_278292_cov_32.584436,mobileOG_000333736_NODE_5_length_278292_cov_32.584436
123,mobileOG_000351490|tag|WP_033652312.1|replication/recombination/repair|NA|Plasmid RefSeq|Homology,NODE_5_length_278292_cov_32.584436_173 # 199852 # 200418 # 1 # ID=5_173;partial=00;start_type=ATG;rbs_motif=AGGA;rbs_spacer=5-10bp;gc_cont=0.594,99.5,394,188,3.93e-141,189,1,188,1,188,mobileOG_000351490,tag,WP_033652312.1,replication/recombination/repair,NA,Plasmid RefSeq,Homology,NODE_5_length_278292_cov_32.584436_173, 199852 # 200418 # 1 , 199852,200418,1 ,5_173,5,173,00,ATG,AGGA,5-10bp,0.594,NODE_5_length_278292_cov_32.584436,mobileOG_000351490_NODE_5_length_278292_cov_32.584436
124,mobileOG_000313841|tag|WP_033636547.1|replication/recombination/repair|NA|Plasmid RefSeq|Homology,NODE_5_length_278292_cov_32.584436_173 # 199852 # 200418 # 1 # ID=5_173;partial=00;start_type=ATG;rbs_motif=AGGA;rbs_spacer=5-10bp;gc_cont=0.594,97.3,387,188,2.19e-138,189,1,188,1,188,mobileOG_000313841,tag,WP_033636547.1,replication/recombination/repair,NA,Plasmid RefSeq,Homology,NODE_5_length_278292_cov_32.584436_173, 199852 # 200418 # 1 , 199852,200418,1 ,5_173,5,173,00,ATG,AGGA,5-10bp,0.594,NODE_5_length_278292_cov_32.584436,mobileOG_000313841_NODE_5_length_278292_cov_32.584436
125,mobileOG_000353686|gyrB|WP_004933898.1|replication/recombination/repair|transfer|Plasmid RefSeq|Homology,NODE_5_length_278292_cov_32.584436_197 # 223633 # 226047 # -1 # ID=5_197;partial=00;start_type=ATG;rbs_motif=GGA/GAG/AGG;rbs_spacer=5-10bp;gc_cont=0.598,100,1590,804,0.0,805,1,804,1,804,mobileOG_000353686,gyrB,WP_004933898.1,replication/recombination/repair,transfer,Plasmid RefSeq,Homology,NODE_5_length_278292_cov_32.584436_197, 223633 # 226047 # -1 , 223633,226047,-1 ,5_197,5,197,00,ATG,GGA/GAG/AGG,5-10bp,0.598,NODE_5_length_278292_cov_32.584436,mobileOG_000353686_NODE_5_length_278292_cov_32.584436
126,mobileOG_000353692|gyrB|WP_033636532.1|replication/recombination/repair|transfer|Plasmid RefSeq|Homology,NODE_5_length_278292_cov_32.584436_197 # 223633 # 226047 # -1 # ID=5_197;partial=00;start_type=ATG;rbs_motif=GGA/GAG/AGG;rbs_spacer=5-10bp;gc_cont=0.598,99.4,1582,804,0.0,805,1,804,1,804,mobileOG_000353692,gyrB,WP_033636532.1,replication/recombination/repair,transfer,Plasmid RefSeq,Homology,NODE_5_length_278292_cov_32.584436_197, 223633 # 226047 # -1 , 223633,226047,-1 ,5_197,5,197,00,ATG,GGA/GAG/AGG,5-10bp,0.598,NODE_5_length_278292_cov_32.584436,mobileOG_000353692_NODE_5_length_278292_cov_32.584436
127,mobileOG_000353683|gyrB|WP_002209642.1|replication/recombination/repair|transfer|Plasmid RefSeq|Homology,NODE_5_length_278292_cov_32.584436_197 # 223633 # 226047 # -1 # ID=5_197;partial=00;start_type=ATG;rbs_motif=GGA/GAG/AGG;rbs_spacer=5-10bp;gc_cont=0.598,90.4,1449,804,0.0,805,1,804,1,804,mobileOG_000353683,gyrB,WP_002209642.1,replication/recombination/repair,transfer,Plasmid RefSeq,Homology,NODE_5_length_278292_cov_32.584436_197, 223633 # 226047 # -1 , 223633,226047,-1 ,5_197,5,197,00,ATG,GGA/GAG/AGG,5-10bp,0.598,NODE_5_length_278292_cov_32.584436,mobileOG_000353683_NODE_5_length_278292_cov_32.584436
128,mobileOG_000351474|recF|WP_004933895.1|replication/recombination/repair|NA|Plasmid RefSeq|Homology,NODE_5_length_278292_cov_32.584436_198 # 226066 # 227151 # -1 # ID=5_198;partial=00;start_type=ATG;rbs_motif=GGA/GAG/AGG;rbs_spacer=5-10bp;gc_cont=0.616,100,712,361,3.03e-261,362,1,361,1,361,mobileOG_000351474,recF,WP_004933895.1,replication/recombination/repair,NA,Plasmid RefSeq,Homology,NODE_5_length_278292_cov_32.584436_198, 226066 # 227151 # -1 , 226066,227151,-1 ,5_198,5,198,00,ATG,GGA/GAG/AGG,5-10bp,0.616,NODE_5_length_278292_cov_32.584436,mobileOG_000351474_NODE_5_length_278292_cov_32.584436
129,mobileOG_000335523|recF|WP_033653950.1|replication/recombination/repair|NA|Plasmid RefSeq|Homology,NODE_5_length_278292_cov_32.584436_198 # 226066 # 227151 # -1 # ID=5_198;partial=00;start_type=ATG;rbs_motif=GGA/GAG/AGG;rbs_spacer=5-10bp;gc_cont=0.616,99.7,711,361,8.68e-261,362,1,361,1,361,mobileOG_000335523,recF,WP_033653950.1,replication/recombination/repair,NA,Plasmid RefSeq,Homology,NODE_5_length_278292_cov_32.584436_198, 226066 # 227151 # -1 , 226066,227151,-1 ,5_198,5,198,00,ATG,GGA/GAG/AGG,5-10bp,0.616,NODE_5_length_278292_cov_32.584436,mobileOG_000335523_NODE_5_length_278292_cov_32.584436
130,mobileOG_000026075|recF|Q8Z9U9|replication/recombination/repair|NA|Plasmid RefSeq|Manual,NODE_5_length_278292_cov_32.584436_198 # 226066 # 227151 # -1 # ID=5_198;partial=00;start_type=ATG;rbs_motif=GGA/GAG/AGG;rbs_spacer=5-10bp;gc_cont=0.616,93.1,668,361,7.18e-244,362,1,361,1,361,mobileOG_000026075,recF,Q8Z9U9,replication/recombination/repair,NA,Plasmid RefSeq,Manual,NODE_5_length_278292_cov_32.584436_198, 226066 # 227151 # -1 , 226066,227151,-1 ,5_198,5,198,00,ATG,GGA/GAG/AGG,5-10bp,0.616,NODE_5_length_278292_cov_32.584436,mobileOG_000026075_NODE_5_length_278292_cov_32.584436
131,mobileOG_000368509|dnaN|WP_004933892.1|replication/recombination/repair|NA|Plasmid RefSeq|Homology,NODE_5_length_278292_cov_32.584436_199 # 227197 # 228297 # -1 # ID=5_199;partial=00;start_type=ATG;rbs_motif=None;rbs_spacer=None;gc_cont=0.630,100,711,366,1.28e-260,367,1,366,1,366,mobileOG_000368509,dnaN,WP_004933892.1,replication/recombination/repair,NA,Plasmid RefSeq,Homology,NODE_5_length_278292_cov_32.584436_199, 227197 # 228297 # -1 , 227197,228297,-1 ,5_199,5,199,00,ATG,None,None,0.630,NODE_5_length_278292_cov_32.584436,mobileOG_000368509_NODE_5_length_278292_cov_32.584436
132,mobileOG_000025545|dnaN|WP_000673464.1|replication/recombination/repair|NA|Multiple|Manual,NODE_5_length_278292_cov_32.584436_199 # 227197 # 228297 # -1 # ID=5_199;partial=00;start_type=ATG;rbs_motif=None;rbs_spacer=None;gc_cont=0.630,92.6,667,366,1.50e-243,367,1,366,1,366,mobileOG_000025545,dnaN,WP_000673464.1,replication/recombination/repair,NA,Multiple,Manual,NODE_5_length_278292_cov_32.584436_199, 227197 # 228297 # -1 , 227197,228297,-1 ,5_199,5,199,00,ATG,None,None,0.630,NODE_5_length_278292_cov_32.584436,mobileOG_000025545_NODE_5_length_278292_cov_32.584436
133,mobileOG_000351838|dnaN|WP_002209645.1|replication/recombination/repair|NA|Plasmid RefSeq|Homology,NODE_5_length_278292_cov_32.584436_199 # 227197 # 228297 # -1 # ID=5_199;partial=00;start_type=ATG;rbs_motif=None;rbs_spacer=None;gc_cont=0.630,93.7,667,366,1.50e-243,367,1,366,1,366,mobileOG_000351838,dnaN,WP_002209645.1,replication/recombination/repair,NA,Plasmid RefSeq,Homology,NODE_5_length_278292_cov_32.584436_199, 227197 # 228297 # -1 , 227197,228297,-1 ,5_199,5,199,00,ATG,None,None,0.630,NODE_5_length_278292_cov_32.584436,mobileOG_000351838_NODE_5_length_278292_cov_32.584436
134,mobileOG_000288418|dnaN|A0A422XA93|replication/recombination/repair|NA|Plasmid RefSeq|Homology,NODE_5_length_278292_cov_32.584436_199 # 227197 # 228297 # -1 # ID=5_199;partial=00;start_type=ATG;rbs_motif=None;rbs_spacer=None;gc_cont=0.630,90.4,659,366,3.38e-240,367,1,366,1,366,mobileOG_000288418,dnaN,A0A422XA93,replication/recombination/repair,NA,Plasmid RefSeq,Homology,NODE_5_length_278292_cov_32.584436_199, 227197 # 228297 # -1 , 227197,228297,-1 ,5_199,5,199,00,ATG,None,None,0.630,NODE_5_length_278292_cov_32.584436,mobileOG_000288418_NODE_5_length_278292_cov_32.584436
135,mobileOG_000288440|dnaN|WP_015570134.1|replication/recombination/repair|NA|Plasmid RefSeq|Homology,NODE_5_length_278292_cov_32.584436_199 # 227197 # 228297 # -1 # ID=5_199;partial=00;start_type=ATG;rbs_motif=None;rbs_spacer=None;gc_cont=0.630,90.2,657,366,1.38e-239,367,1,366,1,366,mobileOG_000288440,dnaN,WP_015570134.1,replication/recombination/repair,NA,Plasmid RefSeq,Homology,NODE_5_length_278292_cov_32.584436_199, 227197 # 228297 # -1 , 227197,228297,-1 ,5_199,5,199,00,ATG,None,None,0.630,NODE_5_length_278292_cov_32.584436,mobileOG_000288440_NODE_5_length_278292_cov_32.584436
136,mobileOG_000289030|dnaN|WP_008806743.1|replication/recombination/repair|NA|Plasmid RefSeq|Homology,NODE_5_length_278292_cov_32.584436_199 # 227197 # 228297 # -1 # ID=5_199;partial=00;start_type=ATG;rbs_motif=None;rbs_spacer=None;gc_cont=0.630,90.2,650,366,7.60e-237,367,1,366,1,366,mobileOG_000289030,dnaN,WP_008806743.1,replication/recombination/repair,NA,Plasmid RefSeq,Homology,NODE_5_length_278292_cov_32.584436_199, 227197 # 228297 # -1 , 227197,228297,-1 ,5_199,5,199,00,ATG,None,None,0.630,NODE_5_length_278292_cov_32.584436,mobileOG_000289030_NODE_5_length_278292_cov_32.584436
137,mobileOG_000334819|dnaN|WP_023279353.1|replication/recombination/repair|NA|Plasmid RefSeq|Homology,NODE_5_length_278292_cov_32.584436_199 # 227197 # 228297 # -1 # ID=5_199;partial=00;start_type=ATG;rbs_motif=None;rbs_spacer=None;gc_cont=0.630,90.4,650,366,7.60e-237,367,1,366,1,366,mobileOG_000334819,dnaN,WP_023279353.1,replication/recombination/repair,NA,Plasmid RefSeq,Homology,NODE_5_length_278292_cov_32.584436_199, 227197 # 228297 # -1 , 227197,228297,-1 ,5_199,5,199,00,ATG,None,None,0.630,NODE_5_length_278292_cov_32.584436,mobileOG_000334819_NODE_5_length_278292_cov_32.584436
138,mobileOG_000368508|dnaA|WP_004933889.1|replication/recombination/repair|NA|Plasmid RefSeq|Homology,NODE_5_length_278292_cov_32.584436_200 # 228302 # 229696 # -1 # ID=5_200;partial=00;start_type=GTG;rbs_motif=GGAG/GAGG;rbs_spacer=5-10bp;gc_cont=0.583,100,901,464,0.0,465,1,464,1,464,mobileOG_000368508,dnaA,WP_004933889.1,replication/recombination/repair,NA,Plasmid RefSeq,Homology,NODE_5_length_278292_cov_32.584436_200, 228302 # 229696 # -1 , 228302,229696,-1 ,5_200,5,200,00,GTG,GGAG/GAGG,5-10bp,0.583,NODE_5_length_278292_cov_32.584436,mobileOG_000368508_NODE_5_length_278292_cov_32.584436
139,mobileOG_000325760|dnaA|WP_049235245.1|replication/recombination/repair|NA|Plasmid RefSeq|Homology,NODE_5_length_278292_cov_32.584436_200 # 228302 # 229696 # -1 # ID=5_200;partial=00;start_type=GTG;rbs_motif=GGAG/GAGG;rbs_spacer=5-10bp;gc_cont=0.583,99.6,897,464,0.0,465,1,464,1,464,mobileOG_000325760,dnaA,WP_049235245.1,replication/recombination/repair,NA,Plasmid RefSeq,Homology,NODE_5_length_278292_cov_32.584436_200, 228302 # 229696 # -1 , 228302,229696,-1 ,5_200,5,200,00,GTG,GGAG/GAGG,5-10bp,0.583,NODE_5_length_278292_cov_32.584436,mobileOG_000325760_NODE_5_length_278292_cov_32.584436
140,mobileOG_000351845|dnaA|WP_002220732.1|replication/recombination/repair|NA|Plasmid RefSeq|Homology,NODE_5_length_278292_cov_32.584436_200 # 228302 # 229696 # -1 # ID=5_200;partial=00;start_type=GTG;rbs_motif=GGAG/GAGG;rbs_spacer=5-10bp;gc_cont=0.583,95.9,860,462,1.28e-316,465,1,462,1,464,mobileOG_000351845,dnaA,WP_002220732.1,replication/recombination/repair,NA,Plasmid RefSeq,Homology,NODE_5_length_278292_cov_32.584436_200, 228302 # 229696 # -1 , 228302,229696,-1 ,5_200,5,200,00,GTG,GGAG/GAGG,5-10bp,0.583,NODE_5_length_278292_cov_32.584436,mobileOG_000351845_NODE_5_length_278292_cov_32.584436
141,mobileOG_000288419|dnaA|WP_003861124.1|replication/recombination/repair|NA|Plasmid RefSeq|Homology,NODE_5_length_278292_cov_32.584436_200 # 228302 # 229696 # -1 # ID=5_200;partial=00;start_type=GTG;rbs_motif=GGAG/GAGG;rbs_spacer=5-10bp;gc_cont=0.583,93.3,838,464,1.36e-307,465,1,464,1,464,mobileOG_000288419,dnaA,WP_003861124.1,replication/recombination/repair,NA,Plasmid RefSeq,Homology,NODE_5_length_278292_cov_32.584436_200, 228302 # 229696 # -1 , 228302,229696,-1 ,5_200,5,200,00,GTG,GGAG/GAGG,5-10bp,0.583,NODE_5_length_278292_cov_32.584436,mobileOG_000288419_NODE_5_length_278292_cov_32.584436
142,mobileOG_000290312|dnaA|A0A156L3P6|replication/recombination/repair|NA|Plasmid RefSeq|Homology,NODE_5_length_278292_cov_32.584436_200 # 228302 # 229696 # -1 # ID=5_200;partial=00;start_type=GTG;rbs_motif=GGAG/GAGG;rbs_spacer=5-10bp;gc_cont=0.583,93.3,837,464,3.89e-307,465,1,464,1,464,mobileOG_000290312,dnaA,A0A156L3P6,replication/recombination/repair,NA,Plasmid RefSeq,Homology,NODE_5_length_278292_cov_32.584436_200, 228302 # 229696 # -1 , 228302,229696,-1 ,5_200,5,200,00,GTG,GGAG/GAGG,5-10bp,0.583,NODE_5_length_278292_cov_32.584436,mobileOG_000290312_NODE_5_length_278292_cov_32.584436
143,mobileOG_000327698|dnaA|ETJ17985.1|replication/recombination/repair|NA|Plasmid RefSeq|Homology,NODE_5_length_278292_cov_32.584436_200 # 228302 # 229696 # -1 # ID=5_200;partial=00;start_type=GTG;rbs_motif=GGAG/GAGG;rbs_spacer=5-10bp;gc_cont=0.583,92.7,828,467,1.39e-303,465,1,467,1,464,mobileOG_000327698,dnaA,ETJ17985.1,replication/recombination/repair,NA,Plasmid RefSeq,Homology,NODE_5_length_278292_cov_32.584436_200, 228302 # 229696 # -1 , 228302,229696,-1 ,5_200,5,200,00,GTG,GGAG/GAGG,5-10bp,0.583,NODE_5_length_278292_cov_32.584436,mobileOG_000327698_NODE_5_length_278292_cov_32.584436
144,mobileOG_000332967|dnaA|WP_004151534.1|replication/recombination/repair|NA|Plasmid RefSeq|Homology,NODE_5_length_278292_cov_32.584436_200 # 228302 # 229696 # -1 # ID=5_200;partial=00;start_type=GTG;rbs_motif=GGAG/GAGG;rbs_spacer=5-10bp;gc_cont=0.583,92.1,827,467,1.97e-303,465,1,467,1,464,mobileOG_000332967,dnaA,WP_004151534.1,replication/recombination/repair,NA,Plasmid RefSeq,Homology,NODE_5_length_278292_cov_32.584436_200, 228302 # 229696 # -1 , 228302,229696,-1 ,5_200,5,200,00,GTG,GGAG/GAGG,5-10bp,0.583,NODE_5_length_278292_cov_32.584436,mobileOG_000332967_NODE_5_length_278292_cov_32.584436
145,mobileOG_000327451|dnaA|WP_101416330.1|replication/recombination/repair|NA|Plasmid RefSeq|Homology,NODE_5_length_278292_cov_32.584436_200 # 228302 # 229696 # -1 # ID=5_200;partial=00;start_type=GTG;rbs_motif=GGAG/GAGG;rbs_spacer=5-10bp;gc_cont=0.583,91.9,825,467,2.30e-302,465,1,467,1,464,mobileOG_000327451,dnaA,WP_101416330.1,replication/recombination/repair,NA,Plasmid RefSeq,Homology,NODE_5_length_278292_cov_32.584436_200, 228302 # 229696 # -1 , 228302,229696,-1 ,5_200,5,200,00,GTG,GGAG/GAGG,5-10bp,0.583,NODE_5_length_278292_cov_32.584436,mobileOG_000327451_NODE_5_length_278292_cov_32.584436
146,mobileOG_000368507|rnpA|ECX89229.1|replication/recombination/repair|NA|Plasmid RefSeq|Homology,NODE_5_length_278292_cov_32.584436_201 # 230570 # 230896 # 1 # ID=5_201;partial=00;start_type=TTG;rbs_motif=GGAG/GAGG;rbs_spacer=5-10bp;gc_cont=0.575,99.1,215,119,5.68e-73,109,12,119,1,108,mobileOG_000368507,rnpA,ECX89229.1,replication/recombination/repair,NA,Plasmid RefSeq,Homology,NODE_5_length_278292_cov_32.584436_201, 230570 # 230896 # 1 , 230570,230896,1 ,5_201,5,201,00,TTG,GGAG/GAGG,5-10bp,0.575,NODE_5_length_278292_cov_32.584436,mobileOG_000368507_NODE_5_length_278292_cov_32.584436
147,mobileOG_000353841|rnpA|WP_002228153.1|replication/recombination/repair|NA|Plasmid RefSeq|Homology,NODE_5_length_278292_cov_32.584436_201 # 230570 # 230896 # 1 # ID=5_201;partial=00;start_type=TTG;rbs_motif=GGAG/GAGG;rbs_spacer=5-10bp;gc_cont=0.575,90.7,202,119,6.13e-68,109,12,119,1,108,mobileOG_000353841,rnpA,WP_002228153.1,replication/recombination/repair,NA,Plasmid RefSeq,Homology,NODE_5_length_278292_cov_32.584436_201, 230570 # 230896 # 1 , 230570,230896,1 ,5_201,5,201,00,TTG,GGAG/GAGG,5-10bp,0.575,NODE_5_length_278292_cov_32.584436,mobileOG_000353841_NODE_5_length_278292_cov_32.584436
148,"mobileOG_000163310|ybl30|A0A243TCU6|phage|lysis/lysogeny,regulation|GPD|Homology",NODE_6_length_278002_cov_23.350422_120 # 132067 # 132288 # 1 # ID=6_120;partial=00;start_type=ATG;rbs_motif=GGA/GAG/AGG;rbs_spacer=5-10bp;gc_cont=0.450,91.5,129,73,4.84e-40,74,1,71,1,71,mobileOG_000163310,ybl30,A0A243TCU6,phage,"lysis/lysogeny,regulation",GPD,Homology,NODE_6_length_278002_cov_23.350422_120, 132067 # 132288 # 1 , 132067,132288,1 ,6_120,6,120,00,ATG,GGA/GAG/AGG,5-10bp,0.450,NODE_6_length_278002_cov_23.350422,mobileOG_000163310_NODE_6_length_278002_cov_23.350422
149,mobileOG_000195150|NA|A0A515CR33|phage|structural|GPD|Homology,NODE_6_length_278002_cov_23.350422_139 # 145491 # 145946 # 1 # ID=6_139;partial=00;start_type=ATG;rbs_motif=GGAGG;rbs_spacer=5-10bp;gc_cont=0.586,90.7,275,151,2.22e-95,152,1,151,1,151,mobileOG_000195150,NA,A0A515CR33,phage,structural,GPD,Homology,NODE_6_length_278002_cov_23.350422_139, 145491 # 145946 # 1 , 145491,145946,1 ,6_139,6,139,00,ATG,GGAGG,5-10bp,0.586,NODE_6_length_278002_cov_23.350422,mobileOG_000195150_NODE_6_length_278002_cov_23.350422
150,mobileOG_000368500|clpS|WP_004928347.1|phage|replication/recombination/repair|Plasmid RefSeq|Homology,NODE_6_length_278002_cov_23.350422_191 # 199834 # 200154 # 1 # ID=6_191;partial=00;start_type=ATG;rbs_motif=GGA/GAG/AGG;rbs_spacer=5-10bp;gc_cont=0.455,100,221,106,1.24e-75,107,1,106,1,106,mobileOG_000368500,clpS,WP_004928347.1,phage,replication/recombination/repair,Plasmid RefSeq,Homology,NODE_6_length_278002_cov_23.350422_191, 199834 # 200154 # 1 , 199834,200154,1 ,6_191,6,191,00,ATG,GGA/GAG/AGG,5-10bp,0.455,NODE_6_length_278002_cov_23.350422,mobileOG_000368500_NODE_6_length_278002_cov_23.350422
151,"mobileOG_000351484|clpA|WP_025302261.1|phage|infection,regulation|Plasmid RefSeq|Homology",NODE_6_length_278002_cov_23.350422_192 # 200182 # 202461 # 1 # ID=6_192;partial=00;start_type=ATG;rbs_motif=GGAGG;rbs_spacer=5-10bp;gc_cont=0.608,100,1463,759,0.0,760,1,759,1,759,mobileOG_000351484,clpA,WP_025302261.1,phage,"infection,regulation",Plasmid RefSeq,Homology,NODE_6_length_278002_cov_23.350422_192, 200182 # 202461 # 1 , 200182,202461,1 ,6_192,6,192,00,ATG,GGAGG,5-10bp,0.608,NODE_6_length_278002_cov_23.350422,mobileOG_000351484_NODE_6_length_278002_cov_23.350422
152,"mobileOG_000368499|clpA|WP_004928343.1|phage|infection,regulation|Plasmid RefSeq|Homology",NODE_6_length_278002_cov_23.350422_192 # 200182 # 202461 # 1 # ID=6_192;partial=00;start_type=ATG;rbs_motif=GGAGG;rbs_spacer=5-10bp;gc_cont=0.608,99.9,1461,759,0.0,760,1,759,1,759,mobileOG_000368499,clpA,WP_004928343.1,phage,"infection,regulation",Plasmid RefSeq,Homology,NODE_6_length_278002_cov_23.350422_192, 200182 # 202461 # 1 , 200182,202461,1 ,6_192,6,192,00,ATG,GGAGG,5-10bp,0.608,NODE_6_length_278002_cov_23.350422,mobileOG_000368499_NODE_6_length_278002_cov_23.350422
153,"mobileOG_000288430|clpA|WP_006809407.1|phage|infection,regulation|Plasmid RefSeq|Homology",NODE_6_length_278002_cov_23.350422_192 # 200182 # 202461 # 1 # ID=6_192;partial=00;start_type=ATG;rbs_motif=GGAGG;rbs_spacer=5-10bp;gc_cont=0.608,90.7,1335,759,0.0,760,1,756,1,754,mobileOG_000288430,clpA,WP_006809407.1,phage,"infection,regulation",Plasmid RefSeq,Homology,NODE_6_length_278002_cov_23.350422_192, 200182 # 202461 # 1 , 200182,202461,1 ,6_192,6,192,00,ATG,GGAGG,5-10bp,0.608,NODE_6_length_278002_cov_23.350422,mobileOG_000288430_NODE_6_length_278002_cov_23.350422
154,"mobileOG_000288401|clpA|WP_002896522.1|phage|infection,regulation|Plasmid RefSeq|Homology",NODE_6_length_278002_cov_23.350422_192 # 200182 # 202461 # 1 # ID=6_192;partial=00;start_type=ATG;rbs_motif=GGAGG;rbs_spacer=5-10bp;gc_cont=0.608,90.9,1334,759,0.0,760,1,756,1,754,mobileOG_000288401,clpA,WP_002896522.1,phage,"infection,regulation",Plasmid RefSeq,Homology,NODE_6_length_278002_cov_23.350422_192, 200182 # 202461 # 1 , 200182,202461,1 ,6_192,6,192,00,ATG,GGAGG,5-10bp,0.608,NODE_6_length_278002_cov_23.350422,mobileOG_000288401_NODE_6_length_278002_cov_23.350422
155,"mobileOG_000021815|clpA|A0A5R8T0B6|phage|infection,regulation|GPD|Manual",NODE_6_length_278002_cov_23.350422_192 # 200182 # 202461 # 1 # ID=6_192;partial=00;start_type=ATG;rbs_motif=GGAGG;rbs_spacer=5-10bp;gc_cont=0.608,90.7,1333,758,0.0,760,1,755,1,754,mobileOG_000021815,clpA,A0A5R8T0B6,phage,"infection,regulation",GPD,Manual,NODE_6_length_278002_cov_23.350422_192, 200182 # 202461 # 1 , 200182,202461,1 ,6_192,6,192,00,ATG,GGAGG,5-10bp,0.608,NODE_6_length_278002_cov_23.350422,mobileOG_000021815_NODE_6_length_278002_cov_23.350422
156,mobileOG_000282809|rarA|WP_072055887.1|replication/recombination/repair|NA|Plasmid RefSeq|Homology,NODE_6_length_278002_cov_23.350422_201 # 214222 # 215568 # 1 # ID=6_201;partial=00;start_type=GTG;rbs_motif=GGAG/GAGG;rbs_spacer=5-10bp;gc_cont=0.641,99.8,842,428,5.47e-310,449,1,428,21,448,mobileOG_000282809,rarA,WP_072055887.1,replication/recombination/repair,NA,Plasmid RefSeq,Homology,NODE_6_length_278002_cov_23.350422_201, 214222 # 215568 # 1 , 214222,215568,1 ,6_201,6,201,00,GTG,GGAG/GAGG,5-10bp,0.641,NODE_6_length_278002_cov_23.350422,mobileOG_000282809_NODE_6_length_278002_cov_23.350422
157,mobileOG_000288172|rarA|WP_101456548.1|replication/recombination/repair|NA|Plasmid RefSeq|Homology,NODE_6_length_278002_cov_23.350422_201 # 214222 # 215568 # 1 # ID=6_201;partial=00;start_type=GTG;rbs_motif=GGAG/GAGG;rbs_spacer=5-10bp;gc_cont=0.641,99.1,836,428,7.45e-308,449,1,428,21,448,mobileOG_000288172,rarA,WP_101456548.1,replication/recombination/repair,NA,Plasmid RefSeq,Homology,NODE_6_length_278002_cov_23.350422_201, 214222 # 215568 # 1 , 214222,215568,1 ,6_201,6,201,00,GTG,GGAG/GAGG,5-10bp,0.641,NODE_6_length_278002_cov_23.350422,mobileOG_000288172_NODE_6_length_278002_cov_23.350422
158,"mobileOG_000026493|ihfB|P23303|integration/excision|regulation,lysis/lysogeny|Plasmid RefSeq|Manual",NODE_6_length_278002_cov_23.350422_214 # 232047 # 232331 # 1 # ID=6_214;partial=00;start_type=ATG;rbs_motif=GGAGG;rbs_spacer=3-4bp;gc_cont=0.537,100,193,94,7.10e-65,95,1,94,1,94,mobileOG_000026493,ihfB,P23303,integration/excision,"regulation,lysis/lysogeny",Plasmid RefSeq,Manual,NODE_6_length_278002_cov_23.350422_214, 232047 # 232331 # 1 , 232047,232331,1 ,6_214,6,214,00,ATG,GGAGG,3-4bp,0.537,NODE_6_length_278002_cov_23.350422,mobileOG_000026493_NODE_6_length_278002_cov_23.350422
159,"mobileOG_000025715|ihfB|WP_002898165.1|integration/excision|regulation,lysis/lysogeny|Plasmid RefSeq|Manual",NODE_6_length_278002_cov_23.350422_214 # 232047 # 232331 # 1 # ID=6_214;partial=00;start_type=ATG;rbs_motif=GGAGG;rbs_spacer=3-4bp;gc_cont=0.537,94.6,183,95,6.80e-61,95,1,93,1,93,mobileOG_000025715,ihfB,WP_002898165.1,integration/excision,"regulation,lysis/lysogeny",Plasmid RefSeq,Manual,NODE_6_length_278002_cov_23.350422_214, 232047 # 232331 # 1 , 232047,232331,1 ,6_214,6,214,00,ATG,GGAGG,3-4bp,0.537,NODE_6_length_278002_cov_23.350422,mobileOG_000025715_NODE_6_length_278002_cov_23.350422
160,"mobileOG_000026072|ihfB|A6T704|integration/excision|regulation,lysis/lysogeny|Plasmid RefSeq|Manual",NODE_6_length_278002_cov_23.350422_214 # 232047 # 232331 # 1 # ID=6_214;partial=00;start_type=ATG;rbs_motif=GGAGG;rbs_spacer=3-4bp;gc_cont=0.537,94.6,183,95,6.80e-61,95,1,93,1,93,mobileOG_000026072,ihfB,A6T704,integration/excision,"regulation,lysis/lysogeny",Plasmid RefSeq,Manual,NODE_6_length_278002_cov_23.350422_214, 232047 # 232331 # 1 , 232047,232331,1 ,6_214,6,214,00,ATG,GGAGG,3-4bp,0.537,NODE_6_length_278002_cov_23.350422,mobileOG_000026072_NODE_6_length_278002_cov_23.350422
161,mobileOG_000331284|ihfB|WP_003858233.1|integration/excision|NA|Plasmid RefSeq|Homology,NODE_6_length_278002_cov_23.350422_214 # 232047 # 232331 # 1 # ID=6_214;partial=00;start_type=ATG;rbs_motif=GGAGG;rbs_spacer=3-4bp;gc_cont=0.537,93.6,183,95,6.80e-61,95,1,94,1,94,mobileOG_000331284,ihfB,WP_003858233.1,integration/excision,NA,Plasmid RefSeq,Homology,NODE_6_length_278002_cov_23.350422_214, 232047 # 232331 # 1 , 232047,232331,1 ,6_214,6,214,00,ATG,GGAGG,3-4bp,0.537,NODE_6_length_278002_cov_23.350422,mobileOG_000331284_NODE_6_length_278002_cov_23.350422
162,mobileOG_000336293|mukF|WP_004928228.1|replication/recombination/repair|partitioning|Plasmid RefSeq|Homology,NODE_6_length_278002_cov_23.350422_227 # 245561 # 246883 # 1 # ID=6_227;partial=00;start_type=ATG;rbs_motif=AGGA;rbs_spacer=5-10bp;gc_cont=0.584,100,861,440,9.80e-318,441,1,440,1,440,mobileOG_000336293,mukF,WP_004928228.1,replication/recombination/repair,partitioning,Plasmid RefSeq,Homology,NODE_6_length_278002_cov_23.350422_227, 245561 # 246883 # 1 , 245561,246883,1 ,6_227,6,227,00,ATG,AGGA,5-10bp,0.584,NODE_6_length_278002_cov_23.350422,mobileOG_000336293_NODE_6_length_278002_cov_23.350422
163,"mobileOG_000353630|mukB|WP_089196851.1|replication/recombination/repair|transfer,partitioning|Plasmid RefSeq|Homology",NODE_6_length_278002_cov_23.350422_229 # 247589 # 252037 # 1 # ID=6_229;partial=00;start_type=ATG;rbs_motif=GGAG/GAGG;rbs_spacer=5-10bp;gc_cont=0.625,99.6,2627,1482,0.0,1483,1,1482,1,1482,mobileOG_000353630,mukB,WP_089196851.1,replication/recombination/repair,"transfer,partitioning",Plasmid RefSeq,Homology,NODE_6_length_278002_cov_23.350422_229, 247589 # 252037 # 1 , 247589,252037,1 ,6_229,6,229,00,ATG,GGAG/GAGG,5-10bp,0.625,NODE_6_length_278002_cov_23.350422,mobileOG_000353630_NODE_6_length_278002_cov_23.350422
164,"mobileOG_000353987|mukB|WP_060428382.1|replication/recombination/repair|transfer,partitioning|Plasmid RefSeq|Homology",NODE_6_length_278002_cov_23.350422_229 # 247589 # 252037 # 1 # ID=6_229;partial=00;start_type=ATG;rbs_motif=GGAG/GAGG;rbs_spacer=5-10bp;gc_cont=0.625,98.8,2606,1482,0.0,1483,1,1482,1,1482,mobileOG_000353987,mukB,WP_060428382.1,replication/recombination/repair,"transfer,partitioning",Plasmid RefSeq,Homology,NODE_6_length_278002_cov_23.350422_229, 247589 # 252037 # 1 , 247589,252037,1 ,6_229,6,229,00,ATG,GGAG/GAGG,5-10bp,0.625,NODE_6_length_278002_cov_23.350422,mobileOG_000353987_NODE_6_length_278002_cov_23.350422
165,mobileOG_000073006|tISRso16a|A0A0K2P3Y2|integration/excision|NA|Multiple|Homology,NODE_7_length_273276_cov_29.837975_98 # 94069 # 94332 # 1 # ID=7_98;partial=00;start_type=ATG;rbs_motif=GGAG/GAGG;rbs_spacer=5-10bp;gc_cont=0.538,98.9,164,87,1.70e-53,88,1,87,1,87,mobileOG_000073006,tISRso16a,A0A0K2P3Y2,integration/excision,NA,Multiple,Homology,NODE_7_length_273276_cov_29.837975_98, 94069 # 94332 # 1 , 94069,94332,1 ,7_98,7,98,00,ATG,GGAG/GAGG,5-10bp,0.538,NODE_7_length_273276_cov_29.837975,mobileOG_000073006_NODE_7_length_273276_cov_29.837975
166,mobileOG_000048972|tISRso16a|A0A5R1A7P7|integration/excision|NA|COMPASS|Homology,NODE_7_length_273276_cov_29.837975_98 # 94069 # 94332 # 1 # ID=7_98;partial=00;start_type=ATG;rbs_motif=GGAG/GAGG;rbs_spacer=5-10bp;gc_cont=0.538,97.7,164,87,2.41e-53,88,1,87,1,87,mobileOG_000048972,tISRso16a,A0A5R1A7P7,integration/excision,NA,COMPASS,Homology,NODE_7_length_273276_cov_29.837975_98, 94069 # 94332 # 1 , 94069,94332,1 ,7_98,7,98,00,ATG,GGAG/GAGG,5-10bp,0.538,NODE_7_length_273276_cov_29.837975,mobileOG_000048972_NODE_7_length_273276_cov_29.837975
167,mobileOG_000054630|tISRso16a|WP_123809116.1|integration/excision|NA|COMPASS|Homology,NODE_7_length_273276_cov_29.837975_98 # 94069 # 94332 # 1 # ID=7_98;partial=00;start_type=ATG;rbs_motif=GGAG/GAGG;rbs_spacer=5-10bp;gc_cont=0.538,98.9,164,87,2.41e-53,88,1,87,1,87,mobileOG_000054630,tISRso16a,WP_123809116.1,integration/excision,NA,COMPASS,Homology,NODE_7_length_273276_cov_29.837975_98, 94069 # 94332 # 1 , 94069,94332,1 ,7_98,7,98,00,ATG,GGAG/GAGG,5-10bp,0.538,NODE_7_length_273276_cov_29.837975,mobileOG_000054630_NODE_7_length_273276_cov_29.837975
168,mobileOG_000277189|tISRso16a|A0A4R2YI14|integration/excision|NA|ISFinder|Homology,NODE_7_length_273276_cov_29.837975_98 # 94069 # 94332 # 1 # ID=7_98;partial=00;start_type=ATG;rbs_motif=GGAG/GAGG;rbs_spacer=5-10bp;gc_cont=0.538,97.7,163,87,4.86e-53,88,1,87,1,87,mobileOG_000277189,tISRso16a,A0A4R2YI14,integration/excision,NA,ISFinder,Homology,NODE_7_length_273276_cov_29.837975_98, 94069 # 94332 # 1 , 94069,94332,1 ,7_98,7,98,00,ATG,GGAG/GAGG,5-10bp,0.538,NODE_7_length_273276_cov_29.837975,mobileOG_000277189_NODE_7_length_273276_cov_29.837975
169,mobileOG_000066005|tISRso16a|WP_113772116.1|integration/excision|NA|COMPASS|Homology,NODE_7_length_273276_cov_29.837975_98 # 94069 # 94332 # 1 # ID=7_98;partial=00;start_type=ATG;rbs_motif=GGAG/GAGG;rbs_spacer=5-10bp;gc_cont=0.538,97.7,162,87,6.91e-53,88,1,87,1,87,mobileOG_000066005,tISRso16a,WP_113772116.1,integration/excision,NA,COMPASS,Homology,NODE_7_length_273276_cov_29.837975_98, 94069 # 94332 # 1 , 94069,94332,1 ,7_98,7,98,00,ATG,GGAG/GAGG,5-10bp,0.538,NODE_7_length_273276_cov_29.837975,mobileOG_000066005_NODE_7_length_273276_cov_29.837975
170,mobileOG_000159252|tISRso16a|A0A0K2P3Y2|integration/excision|NA|GPD|Homology,NODE_7_length_273276_cov_29.837975_98 # 94069 # 94332 # 1 # ID=7_98;partial=00;start_type=ATG;rbs_motif=GGAG/GAGG;rbs_spacer=5-10bp;gc_cont=0.538,97.7,162,87,6.91e-53,88,1,87,1,87,mobileOG_000159252,tISRso16a,A0A0K2P3Y2,integration/excision,NA,GPD,Homology,NODE_7_length_273276_cov_29.837975_98, 94069 # 94332 # 1 , 94069,94332,1 ,7_98,7,98,00,ATG,GGAG/GAGG,5-10bp,0.538,NODE_7_length_273276_cov_29.837975,mobileOG_000159252_NODE_7_length_273276_cov_29.837975
171,mobileOG_000059035|orfA|A0A243THJ0|integration/excision|NA|Multiple|Homology,NODE_7_length_273276_cov_29.837975_98 # 94069 # 94332 # 1 # ID=7_98;partial=00;start_type=ATG;rbs_motif=GGAG/GAGG;rbs_spacer=5-10bp;gc_cont=0.538,97.7,162,87,9.82e-53,88,1,87,1,87,mobileOG_000059035,orfA,A0A243THJ0,integration/excision,NA,Multiple,Homology,NODE_7_length_273276_cov_29.837975_98, 94069 # 94332 # 1 , 94069,94332,1 ,7_98,7,98,00,ATG,GGAG/GAGG,5-10bp,0.538,NODE_7_length_273276_cov_29.837975,mobileOG_000059035_NODE_7_length_273276_cov_29.837975
172,mobileOG_000061092|tISRso16a|ECK05510.1|integration/excision|NA|Multiple|Homology,NODE_7_length_273276_cov_29.837975_98 # 94069 # 94332 # 1 # ID=7_98;partial=00;start_type=ATG;rbs_motif=GGAG/GAGG;rbs_spacer=5-10bp;gc_cont=0.538,97.7,162,87,9.82e-53,88,1,87,1,87,mobileOG_000061092,tISRso16a,ECK05510.1,integration/excision,NA,Multiple,Homology,NODE_7_length_273276_cov_29.837975_98, 94069 # 94332 # 1 , 94069,94332,1 ,7_98,7,98,00,ATG,GGAG/GAGG,5-10bp,0.538,NODE_7_length_273276_cov_29.837975,mobileOG_000061092_NODE_7_length_273276_cov_29.837975
173,mobileOG_000053065|tISRso16a|A0A1S6XY52|integration/excision|NA|COMPASS|Homology,NODE_7_length_273276_cov_29.837975_98 # 94069 # 94332 # 1 # ID=7_98;partial=00;start_type=ATG;rbs_motif=GGAG/GAGG;rbs_spacer=5-10bp;gc_cont=0.538,97.7,162,87,1.40e-52,88,1,87,1,87,mobileOG_000053065,tISRso16a,A0A1S6XY52,integration/excision,NA,COMPASS,Homology,NODE_7_length_273276_cov_29.837975_98, 94069 # 94332 # 1 , 94069,94332,1 ,7_98,7,98,00,ATG,GGAG/GAGG,5-10bp,0.538,NODE_7_length_273276_cov_29.837975,mobileOG_000053065_NODE_7_length_273276_cov_29.837975
174,mobileOG_000068058|tISRso16a|A0A210UQN5|integration/excision|NA|COMPASS|Homology,NODE_7_length_273276_cov_29.837975_98 # 94069 # 94332 # 1 # ID=7_98;partial=00;start_type=ATG;rbs_motif=GGAG/GAGG;rbs_spacer=5-10bp;gc_cont=0.538,97.7,162,87,1.40e-52,88,1,87,1,87,mobileOG_000068058,tISRso16a,A0A210UQN5,integration/excision,NA,COMPASS,Homology,NODE_7_length_273276_cov_29.837975_98, 94069 # 94332 # 1 , 94069,94332,1 ,7_98,7,98,00,ATG,GGAG/GAGG,5-10bp,0.538,NODE_7_length_273276_cov_29.837975,mobileOG_000068058_NODE_7_length_273276_cov_29.837975
175,mobileOG_000050002|tISRso16a|A0A0W2DLC8|integration/excision|NA|COMPASS|Homology,NODE_7_length_273276_cov_29.837975_98 # 94069 # 94332 # 1 # ID=7_98;partial=00;start_type=ATG;rbs_motif=GGAG/GAGG;rbs_spacer=5-10bp;gc_cont=0.538,97.7,161,87,1.98e-52,88,1,87,1,87,mobileOG_000050002,tISRso16a,A0A0W2DLC8,integration/excision,NA,COMPASS,Homology,NODE_7_length_273276_cov_29.837975_98, 94069 # 94332 # 1 , 94069,94332,1 ,7_98,7,98,00,ATG,GGAG/GAGG,5-10bp,0.538,NODE_7_length_273276_cov_29.837975,mobileOG_000050002_NODE_7_length_273276_cov_29.837975
176,mobileOG_000042149|tISRso16a|WP_013263786.1|integration/excision|NA|COMPASS|Homology,NODE_7_length_273276_cov_29.837975_98 # 94069 # 94332 # 1 # ID=7_98;partial=00;start_type=ATG;rbs_motif=GGAG/GAGG;rbs_spacer=5-10bp;gc_cont=0.538,96.6,161,87,2.82e-52,88,1,87,1,87,mobileOG_000042149,tISRso16a,WP_013263786.1,integration/excision,NA,COMPASS,Homology,NODE_7_length_273276_cov_29.837975_98, 94069 # 94332 # 1 , 94069,94332,1 ,7_98,7,98,00,ATG,GGAG/GAGG,5-10bp,0.538,NODE_7_length_273276_cov_29.837975,mobileOG_000042149_NODE_7_length_273276_cov_29.837975
177,mobileOG_000054875|tISRso16a|A0A2L1KMJ1|integration/excision|NA|COMPASS|Homology,NODE_7_length_273276_cov_29.837975_98 # 94069 # 94332 # 1 # ID=7_98;partial=00;start_type=ATG;rbs_motif=GGAG/GAGG;rbs_spacer=5-10bp;gc_cont=0.538,96.6,161,87,2.82e-52,88,1,87,1,87,mobileOG_000054875,tISRso16a,A0A2L1KMJ1,integration/excision,NA,COMPASS,Homology,NODE_7_length_273276_cov_29.837975_98, 94069 # 94332 # 1 , 94069,94332,1 ,7_98,7,98,00,ATG,GGAG/GAGG,5-10bp,0.538,NODE_7_length_273276_cov_29.837975,mobileOG_000054875_NODE_7_length_273276_cov_29.837975
178,mobileOG_000275328|tISRso16a|Q9AMM2|integration/excision|NA|ISFinder|Homology,NODE_7_length_273276_cov_29.837975_98 # 94069 # 94332 # 1 # ID=7_98;partial=00;start_type=ATG;rbs_motif=GGAG/GAGG;rbs_spacer=5-10bp;gc_cont=0.538,97.7,161,87,2.82e-52,88,1,87,1,87,mobileOG_000275328,tISRso16a,Q9AMM2,integration/excision,NA,ISFinder,Homology,NODE_7_length_273276_cov_29.837975_98, 94069 # 94332 # 1 , 94069,94332,1 ,7_98,7,98,00,ATG,GGAG/GAGG,5-10bp,0.538,NODE_7_length_273276_cov_29.837975,mobileOG_000275328_NODE_7_length_273276_cov_29.837975
179,mobileOG_000035668|tISRso16a|ECK03545.1|integration/excision|NA|Multiple|Homology,NODE_7_length_273276_cov_29.837975_98 # 94069 # 94332 # 1 # ID=7_98;partial=00;start_type=ATG;rbs_motif=GGAG/GAGG;rbs_spacer=5-10bp;gc_cont=0.538,96.6,160,87,4.00e-52,88,1,87,1,87,mobileOG_000035668,tISRso16a,ECK03545.1,integration/excision,NA,Multiple,Homology,NODE_7_length_273276_cov_29.837975_98, 94069 # 94332 # 1 , 94069,94332,1 ,7_98,7,98,00,ATG,GGAG/GAGG,5-10bp,0.538,NODE_7_length_273276_cov_29.837975,mobileOG_000035668_NODE_7_length_273276_cov_29.837975
180,mobileOG_000370896|NA|WP_166504047.1|integration/excision|NA|Plasmid RefSeq|Homology,NODE_7_length_273276_cov_29.837975_99 # 94365 # 95069 # 1 # ID=7_99;partial=00;start_type=ATG;rbs_motif=3Base/5BMM;rbs_spacer=13-15bp;gc_cont=0.562,98.3,466,373,6.11e-166,235,100,333,1,234,mobileOG_000370896,NA,WP_166504047.1,integration/excision,NA,Plasmid RefSeq,Homology,NODE_7_length_273276_cov_29.837975_99, 94365 # 95069 # 1 , 94365,95069,1 ,7_99,7,99,00,ATG,3Base/5BMM,13-15bp,0.562,NODE_7_length_273276_cov_29.837975,mobileOG_000370896_NODE_7_length_273276_cov_29.837975
181,mobileOG_000370728|NA|WP_166504043.1|integration/excision|NA|Plasmid RefSeq|Homology,NODE_7_length_273276_cov_29.837975_99 # 94365 # 95069 # 1 # ID=7_99;partial=00;start_type=ATG;rbs_motif=3Base/5BMM;rbs_spacer=13-15bp;gc_cont=0.562,97.9,463,373,5.00e-165,235,100,333,1,234,mobileOG_000370728,NA,WP_166504043.1,integration/excision,NA,Plasmid RefSeq,Homology,NODE_7_length_273276_cov_29.837975_99, 94365 # 95069 # 1 , 94365,95069,1 ,7_99,7,99,00,ATG,3Base/5BMM,13-15bp,0.562,NODE_7_length_273276_cov_29.837975,mobileOG_000370728_NODE_7_length_273276_cov_29.837975
182,mobileOG_000048971|NA|A0A5A4SDA5|integration/excision|NA|COMPASS|Homology,NODE_7_length_273276_cov_29.837975_99 # 94365 # 95069 # 1 # ID=7_99;partial=00;start_type=ATG;rbs_motif=3Base/5BMM;rbs_spacer=13-15bp;gc_cont=0.562,96.6,458,274,1.97e-164,235,1,234,1,234,mobileOG_000048971,NA,A0A5A4SDA5,integration/excision,NA,COMPASS,Homology,NODE_7_length_273276_cov_29.837975_99, 94365 # 95069 # 1 , 94365,95069,1 ,7_99,7,99,00,ATG,3Base/5BMM,13-15bp,0.562,NODE_7_length_273276_cov_29.837975,mobileOG_000048971_NODE_7_length_273276_cov_29.837975
183,mobileOG_000370895|NA|WP_166504042.1|integration/excision|NA|Plasmid RefSeq|Homology,NODE_7_length_273276_cov_29.837975_99 # 94365 # 95069 # 1 # ID=7_99;partial=00;start_type=ATG;rbs_motif=3Base/5BMM;rbs_spacer=13-15bp;gc_cont=0.562,97.4,462,373,2.03e-164,235,100,333,1,234,mobileOG_000370895,NA,WP_166504042.1,integration/excision,NA,Plasmid RefSeq,Homology,NODE_7_length_273276_cov_29.837975_99, 94365 # 95069 # 1 , 94365,95069,1 ,7_99,7,99,00,ATG,3Base/5BMM,13-15bp,0.562,NODE_7_length_273276_cov_29.837975,mobileOG_000370895_NODE_7_length_273276_cov_29.837975
184,mobileOG_000065257|NA|EBB58563.1|integration/excision|NA|COMPASS|Homology,NODE_7_length_273276_cov_29.837975_99 # 94365 # 95069 # 1 # ID=7_99;partial=00;start_type=ATG;rbs_motif=3Base/5BMM;rbs_spacer=13-15bp;gc_cont=0.562,95.3,456,276,1.74e-163,235,3,236,1,234,mobileOG_000065257,NA,EBB58563.1,integration/excision,NA,COMPASS,Homology,NODE_7_length_273276_cov_29.837975_99, 94365 # 95069 # 1 , 94365,95069,1 ,7_99,7,99,00,ATG,3Base/5BMM,13-15bp,0.562,NODE_7_length_273276_cov_29.837975,mobileOG_000065257_NODE_7_length_273276_cov_29.837975
185,mobileOG_000053064|NA|A0A5F0JM72|integration/excision|NA|COMPASS|Homology,NODE_7_length_273276_cov_29.837975_99 # 94365 # 95069 # 1 # ID=7_99;partial=00;start_type=ATG;rbs_motif=3Base/5BMM;rbs_spacer=13-15bp;gc_cont=0.562,95.3,454,274,6.58e-163,235,1,234,1,234,mobileOG_000053064,NA,A0A5F0JM72,integration/excision,NA,COMPASS,Homology,NODE_7_length_273276_cov_29.837975_99, 94365 # 95069 # 1 , 94365,95069,1 ,7_99,7,99,00,ATG,3Base/5BMM,13-15bp,0.562,NODE_7_length_273276_cov_29.837975,mobileOG_000053064_NODE_7_length_273276_cov_29.837975
186,mobileOG_000060869|NA|EBB58563.1|integration/excision|NA|Multiple|Homology,NODE_7_length_273276_cov_29.837975_99 # 94365 # 95069 # 1 # ID=7_99;partial=00;start_type=ATG;rbs_motif=3Base/5BMM;rbs_spacer=13-15bp;gc_cont=0.562,94.9,454,276,7.07e-163,235,3,236,1,234,mobileOG_000060869,NA,EBB58563.1,integration/excision,NA,Multiple,Homology,NODE_7_length_273276_cov_29.837975_99, 94365 # 95069 # 1 , 94365,95069,1 ,7_99,7,99,00,ATG,3Base/5BMM,13-15bp,0.562,NODE_7_length_273276_cov_29.837975,mobileOG_000060869_NODE_7_length_273276_cov_29.837975
187,mobileOG_000049173|NA|WP_108716776.1|integration/excision|NA|COMPASS|Homology,NODE_7_length_273276_cov_29.837975_99 # 94365 # 95069 # 1 # ID=7_99;partial=00;start_type=ATG;rbs_motif=3Base/5BMM;rbs_spacer=13-15bp;gc_cont=0.562,94.9,454,276,7.07e-163,235,3,236,1,234,mobileOG_000049173,NA,WP_108716776.1,integration/excision,NA,COMPASS,Homology,NODE_7_length_273276_cov_29.837975_99, 94365 # 95069 # 1 , 94365,95069,1 ,7_99,7,99,00,ATG,3Base/5BMM,13-15bp,0.562,NODE_7_length_273276_cov_29.837975,mobileOG_000049173_NODE_7_length_273276_cov_29.837975
188,mobileOG_000067000|NA|WP_088251124.1|integration/excision|NA|COMPASS|Homology,NODE_7_length_273276_cov_29.837975_99 # 94365 # 95069 # 1 # ID=7_99;partial=00;start_type=ATG;rbs_motif=3Base/5BMM;rbs_spacer=13-15bp;gc_cont=0.562,94.9,454,276,7.07e-163,235,3,236,1,234,mobileOG_000067000,NA,WP_088251124.1,integration/excision,NA,COMPASS,Homology,NODE_7_length_273276_cov_29.837975_99, 94365 # 95069 # 1 , 94365,95069,1 ,7_99,7,99,00,ATG,3Base/5BMM,13-15bp,0.562,NODE_7_length_273276_cov_29.837975,mobileOG_000067000_NODE_7_length_273276_cov_29.837975
189,mobileOG_000070444|NA|WP_087758690.1|integration/excision|NA|COMPASS|Homology,NODE_7_length_273276_cov_29.837975_99 # 94365 # 95069 # 1 # ID=7_99;partial=00;start_type=ATG;rbs_motif=3Base/5BMM;rbs_spacer=13-15bp;gc_cont=0.562,94.9,454,276,7.07e-163,235,3,236,1,234,mobileOG_000070444,NA,WP_087758690.1,integration/excision,NA,COMPASS,Homology,NODE_7_length_273276_cov_29.837975_99, 94365 # 95069 # 1 , 94365,95069,1 ,7_99,7,99,00,ATG,3Base/5BMM,13-15bp,0.562,NODE_7_length_273276_cov_29.837975,mobileOG_000070444_NODE_7_length_273276_cov_29.837975
190,mobileOG_000035667|NA|WP_001312908.1|integration/excision|NA|ACLAME|Homology,NODE_7_length_273276_cov_29.837975_99 # 94365 # 95069 # 1 # ID=7_99;partial=00;start_type=ATG;rbs_motif=3Base/5BMM;rbs_spacer=13-15bp;gc_cont=0.562,94.9,454,277,7.33e-163,235,4,237,1,234,mobileOG_000035667,NA,WP_001312908.1,integration/excision,NA,ACLAME,Homology,NODE_7_length_273276_cov_29.837975_99, 94365 # 95069 # 1 , 94365,95069,1 ,7_99,7,99,00,ATG,3Base/5BMM,13-15bp,0.562,NODE_7_length_273276_cov_29.837975,mobileOG_000035667_NODE_7_length_273276_cov_29.837975
191,mobileOG_000047180|NA|WP_103448975.1|integration/excision|NA|COMPASS|Homology,NODE_7_length_273276_cov_29.837975_99 # 94365 # 95069 # 1 # ID=7_99;partial=00;start_type=ATG;rbs_motif=3Base/5BMM;rbs_spacer=13-15bp;gc_cont=0.562,94.9,454,276,1.00e-162,235,3,236,1,234,mobileOG_000047180,NA,WP_103448975.1,integration/excision,NA,COMPASS,Homology,NODE_7_length_273276_cov_29.837975_99, 94365 # 95069 # 1 , 94365,95069,1 ,7_99,7,99,00,ATG,3Base/5BMM,13-15bp,0.562,NODE_7_length_273276_cov_29.837975,mobileOG_000047180_NODE_7_length_273276_cov_29.837975
192,mobileOG_000276677|NA|A0A0H3CGH4|integration/excision|NA|ISFinder|Homology,NODE_7_length_273276_cov_29.837975_99 # 94365 # 95069 # 1 # ID=7_99;partial=00;start_type=ATG;rbs_motif=3Base/5BMM;rbs_spacer=13-15bp;gc_cont=0.562,94.9,454,297,1.51e-162,235,24,257,1,234,mobileOG_000276677,NA,A0A0H3CGH4,integration/excision,NA,ISFinder,Homology,NODE_7_length_273276_cov_29.837975_99, 94365 # 95069 # 1 , 94365,95069,1 ,7_99,7,99,00,ATG,3Base/5BMM,13-15bp,0.562,NODE_7_length_273276_cov_29.837975,mobileOG_000276677_NODE_7_length_273276_cov_29.837975
193,mobileOG_000055807|NA|A0A3G8EVK8|integration/excision|NA|COMPASS|Homology,NODE_7_length_273276_cov_29.837975_99 # 94365 # 95069 # 1 # ID=7_99;partial=00;start_type=ATG;rbs_motif=3Base/5BMM;rbs_spacer=13-15bp;gc_cont=0.562,94.9,454,304,1.94e-162,235,31,264,1,234,mobileOG_000055807,NA,A0A3G8EVK8,integration/excision,NA,COMPASS,Homology,NODE_7_length_273276_cov_29.837975_99, 94365 # 95069 # 1 , 94365,95069,1 ,7_99,7,99,00,ATG,3Base/5BMM,13-15bp,0.562,NODE_7_length_273276_cov_29.837975,mobileOG_000055807_NODE_7_length_273276_cov_29.837975
194,mobileOG_000304749|NA|WP_087499201.1|integration/excision|NA|Plasmid RefSeq|Homology,NODE_7_length_273276_cov_29.837975_99 # 94365 # 95069 # 1 # ID=7_99;partial=00;start_type=ATG;rbs_motif=3Base/5BMM;rbs_spacer=13-15bp;gc_cont=0.562,96.2,456,373,2.74e-162,235,100,333,1,234,mobileOG_000304749,NA,WP_087499201.1,integration/excision,NA,Plasmid RefSeq,Homology,NODE_7_length_273276_cov_29.837975_99, 94365 # 95069 # 1 , 94365,95069,1 ,7_99,7,99,00,ATG,3Base/5BMM,13-15bp,0.562,NODE_7_length_273276_cov_29.837975,mobileOG_000304749_NODE_7_length_273276_cov_29.837975
195,mobileOG_000133449|int|A0A377Y048|integration/excision|NA|GPD|Homology,NODE_7_length_273276_cov_29.837975_104 # 100546 # 101805 # -1 # ID=7_104;partial=00;start_type=ATG;rbs_motif=AGGA;rbs_spacer=5-10bp;gc_cont=0.505,95.9,786,421,1.64e-288,420,1,413,1,413,mobileOG_000133449,int,A0A377Y048,integration/excision,NA,GPD,Homology,NODE_7_length_273276_cov_29.837975_104, 100546 # 101805 # -1 , 100546,101805,-1 ,7_104,7,104,00,ATG,AGGA,5-10bp,0.505,NODE_7_length_273276_cov_29.837975,mobileOG_000133449_NODE_7_length_273276_cov_29.837975
196,mobileOG_000192091|int|A0A5R9IRV2|integration/excision|NA|GPD|Homology,NODE_7_length_273276_cov_29.837975_104 # 100546 # 101805 # -1 # ID=7_104;partial=00;start_type=ATG;rbs_motif=AGGA;rbs_spacer=5-10bp;gc_cont=0.505,93.0,770,428,3.78e-282,420,1,416,1,416,mobileOG_000192091,int,A0A5R9IRV2,integration/excision,NA,GPD,Homology,NODE_7_length_273276_cov_29.837975_104, 100546 # 101805 # -1 , 100546,101805,-1 ,7_104,7,104,00,ATG,AGGA,5-10bp,0.505,NODE_7_length_273276_cov_29.837975,mobileOG_000192091_NODE_7_length_273276_cov_29.837975
197,mobileOG_000240431|int|A0A1M2LG19|integration/excision|NA|GPD|Homology,NODE_7_length_273276_cov_29.837975_104 # 100546 # 101805 # -1 # ID=7_104;partial=00;start_type=ATG;rbs_motif=AGGA;rbs_spacer=5-10bp;gc_cont=0.505,91.8,761,421,1.32e-278,420,1,416,1,416,mobileOG_000240431,int,A0A1M2LG19,integration/excision,NA,GPD,Homology,NODE_7_length_273276_cov_29.837975_104, 100546 # 101805 # -1 , 100546,101805,-1 ,7_104,7,104,00,ATG,AGGA,5-10bp,0.505,NODE_7_length_273276_cov_29.837975,mobileOG_000240431_NODE_7_length_273276_cov_29.837975
198,mobileOG_000159765|int|A0A2S9IBN8|integration/excision|NA|GPD|Homology,NODE_7_length_273276_cov_29.837975_104 # 100546 # 101805 # -1 # ID=7_104;partial=00;start_type=ATG;rbs_motif=AGGA;rbs_spacer=5-10bp;gc_cont=0.505,95.8,709,378,4.80e-259,420,1,378,1,378,mobileOG_000159765,int,A0A2S9IBN8,integration/excision,NA,GPD,Homology,NODE_7_length_273276_cov_29.837975_104, 100546 # 101805 # -1 , 100546,101805,-1 ,7_104,7,104,00,ATG,AGGA,5-10bp,0.505,NODE_7_length_273276_cov_29.837975,mobileOG_000159765_NODE_7_length_273276_cov_29.837975
199,"mobileOG_000368531|nusA|WP_019453340.1|phage|regulation,infection|Plasmid RefSeq|Homology",NODE_7_length_273276_cov_29.837975_176 # 182943 # 184451 # -1 # ID=7_176;partial=00;start_type=ATG;rbs_motif=GGAG/GAGG;rbs_spacer=5-10bp;gc_cont=0.575,99.8,952,502,0.0,503,1,502,1,502,mobileOG_000368531,nusA,WP_019453340.1,phage,"regulation,infection",Plasmid RefSeq,Homology,NODE_7_length_273276_cov_29.837975_176, 182943 # 184451 # -1 , 182943,184451,-1 ,7_176,7,176,00,ATG,GGAG/GAGG,5-10bp,0.575,NODE_7_length_273276_cov_29.837975,mobileOG_000368531_NODE_7_length_273276_cov_29.837975
200,"mobileOG_000368505|ftsH|WP_004933529.1|phage|infection,regulation|Plasmid RefSeq|Homology",NODE_7_length_273276_cov_29.837975_181 # 188264 # 190195 # -1 # ID=7_181;partial=00;start_type=ATG;rbs_motif=GGA/GAG/AGG;rbs_spacer=3-4bp;gc_cont=0.594,100,1248,643,0.0,644,1,643,1,643,mobileOG_000368505,ftsH,WP_004933529.1,phage,"infection,regulation",Plasmid RefSeq,Homology,NODE_7_length_273276_cov_29.837975_181, 188264 # 190195 # -1 , 188264,190195,-1 ,7_181,7,181,00,ATG,GGA/GAG/AGG,3-4bp,0.594,NODE_7_length_273276_cov_29.837975,mobileOG_000368505_NODE_7_length_273276_cov_29.837975
201,"mobileOG_000289028|ftsH|WP_008806637.1|phage|infection,regulation|Plasmid RefSeq|Homology",NODE_7_length_273276_cov_29.837975_181 # 188264 # 190195 # -1 # ID=7_181;partial=00;start_type=ATG;rbs_motif=GGA/GAG/AGG;rbs_spacer=3-4bp;gc_cont=0.594,94.7,1189,644,0.0,644,1,641,1,641,mobileOG_000289028,ftsH,WP_008806637.1,phage,"infection,regulation",Plasmid RefSeq,Homology,NODE_7_length_273276_cov_29.837975_181, 188264 # 190195 # -1 , 188264,190195,-1 ,7_181,7,181,00,ATG,GGA/GAG/AGG,3-4bp,0.594,NODE_7_length_273276_cov_29.837975,mobileOG_000289028_NODE_7_length_273276_cov_29.837975
202,"mobileOG_000288420|ftsH|A0A422XC88|phage|infection,regulation|Plasmid RefSeq|Homology",NODE_7_length_273276_cov_29.837975_181 # 188264 # 190195 # -1 # ID=7_181;partial=00;start_type=ATG;rbs_motif=GGA/GAG/AGG;rbs_spacer=3-4bp;gc_cont=0.594,94.5,1186,644,0.0,644,1,641,1,641,mobileOG_000288420,ftsH,A0A422XC88,phage,"infection,regulation",Plasmid RefSeq,Homology,NODE_7_length_273276_cov_29.837975_181, 188264 # 190195 # -1 , 188264,190195,-1 ,7_181,7,181,00,ATG,GGA/GAG/AGG,3-4bp,0.594,NODE_7_length_273276_cov_29.837975,mobileOG_000288420_NODE_7_length_273276_cov_29.837975
203,"mobileOG_000354058|ftsH|WP_001107481.1|phage|infection,regulation|Plasmid RefSeq|Homology",NODE_7_length_273276_cov_29.837975_181 # 188264 # 190195 # -1 # ID=7_181;partial=00;start_type=ATG;rbs_motif=GGA/GAG/AGG;rbs_spacer=3-4bp;gc_cont=0.594,94.4,1185,644,0.0,644,1,641,1,641,mobileOG_000354058,ftsH,WP_001107481.1,phage,"infection,regulation",Plasmid RefSeq,Homology,NODE_7_length_273276_cov_29.837975_181, 188264 # 190195 # -1 , 188264,190195,-1 ,7_181,7,181,00,ATG,GGA/GAG/AGG,3-4bp,0.594,NODE_7_length_273276_cov_29.837975,mobileOG_000354058_NODE_7_length_273276_cov_29.837975
204,"mobileOG_000003236|hflB|A0A383JRI2|phage|infection,regulation|COMPASS|Manual",NODE_7_length_273276_cov_29.837975_181 # 188264 # 190195 # -1 # ID=7_181;partial=00;start_type=ATG;rbs_motif=GGA/GAG/AGG;rbs_spacer=3-4bp;gc_cont=0.594,94.2,1181,647,0.0,644,4,644,1,641,mobileOG_000003236,hflB,A0A383JRI2,phage,"infection,regulation",COMPASS,Manual,NODE_7_length_273276_cov_29.837975_181, 188264 # 190195 # -1 , 188264,190195,-1 ,7_181,7,181,00,ATG,GGA/GAG/AGG,3-4bp,0.594,NODE_7_length_273276_cov_29.837975,mobileOG_000003236_NODE_7_length_273276_cov_29.837975
205,"mobileOG_000354057|ftsH|WP_001107467.1|phage|infection,regulation|Plasmid RefSeq|Homology",NODE_7_length_273276_cov_29.837975_181 # 188264 # 190195 # -1 # ID=7_181;partial=00;start_type=ATG;rbs_motif=GGA/GAG/AGG;rbs_spacer=3-4bp;gc_cont=0.594,94.2,1181,644,0.0,644,1,641,1,641,mobileOG_000354057,ftsH,WP_001107467.1,phage,"infection,regulation",Plasmid RefSeq,Homology,NODE_7_length_273276_cov_29.837975_181, 188264 # 190195 # -1 , 188264,190195,-1 ,7_181,7,181,00,ATG,GGA/GAG/AGG,3-4bp,0.594,NODE_7_length_273276_cov_29.837975,mobileOG_000354057_NODE_7_length_273276_cov_29.837975
206,"mobileOG_000374409|ner|WP_033636812.1|phage|infection,regulation|Plasmid RefSeq|Homology",NODE_7_length_273276_cov_29.837975_194 # 200045 # 200305 # 1 # ID=7_194;partial=00;start_type=ATG;rbs_motif=AGGA;rbs_spacer=5-10bp;gc_cont=0.586,98.8,183,86,3.69e-61,87,1,86,1,86,mobileOG_000374409,ner,WP_033636812.1,phage,"infection,regulation",Plasmid RefSeq,Homology,NODE_7_length_273276_cov_29.837975_194, 200045 # 200305 # 1 , 200045,200305,1 ,7_194,7,194,00,ATG,AGGA,5-10bp,0.586,NODE_7_length_273276_cov_29.837975,mobileOG_000374409_NODE_7_length_273276_cov_29.837975
207,mobileOG_000365461|rnr|WP_039567854.1|replication/recombination/repair|NA|Plasmid RefSeq|Homology,NODE_7_length_273276_cov_29.837975_226 # 230430 # 232904 # -1 # ID=7_226;partial=00;start_type=ATG;rbs_motif=GGAGG;rbs_spacer=5-10bp;gc_cont=0.628,99.8,1595,824,0.0,825,1,824,1,824,mobileOG_000365461,rnr,WP_039567854.1,replication/recombination/repair,NA,Plasmid RefSeq,Homology,NODE_7_length_273276_cov_29.837975_226, 230430 # 232904 # -1 , 230430,232904,-1 ,7_226,7,226,00,ATG,GGAGG,5-10bp,0.628,NODE_7_length_273276_cov_29.837975,mobileOG_000365461_NODE_7_length_273276_cov_29.837975
208,"mobileOG_000368506|hflC|WP_004933669.1|phage|lysis/lysogeny,regulation|Plasmid RefSeq|Homology",NODE_7_length_273276_cov_29.837975_230 # 235284 # 236288 # -1 # ID=7_230;partial=00;start_type=ATG;rbs_motif=GGAG/GAGG;rbs_spacer=5-10bp;gc_cont=0.613,100,561,334,1.43e-202,335,1,334,1,334,mobileOG_000368506,hflC,WP_004933669.1,phage,"lysis/lysogeny,regulation",Plasmid RefSeq,Homology,NODE_7_length_273276_cov_29.837975_230, 235284 # 236288 # -1 , 235284,236288,-1 ,7_230,7,230,00,ATG,GGAG/GAGG,5-10bp,0.613,NODE_7_length_273276_cov_29.837975,mobileOG_000368506_NODE_7_length_273276_cov_29.837975
209,"mobileOG_000335694|hflK|WP_033636782.1|phage|lysis/lysogeny,regulation|Plasmid RefSeq|Homology",NODE_7_length_273276_cov_29.837975_231 # 236292 # 237542 # -1 # ID=7_231;partial=00;start_type=ATG;rbs_motif=GGAG/GAGG;rbs_spacer=5-10bp;gc_cont=0.612,97.1,744,416,4.90e-272,417,1,416,1,416,mobileOG_000335694,hflK,WP_033636782.1,phage,"lysis/lysogeny,regulation",Plasmid RefSeq,Homology,NODE_7_length_273276_cov_29.837975_231, 236292 # 237542 # -1 , 236292,237542,-1 ,7_231,7,231,00,ATG,GGAG/GAGG,5-10bp,0.612,NODE_7_length_273276_cov_29.837975,mobileOG_000335694_NODE_7_length_273276_cov_29.837975
210,mobileOG_000325588|mutL|WP_101456617.1|replication/recombination/repair|NA|Plasmid RefSeq|Homology,NODE_7_length_273276_cov_29.837975_235 # 240347 # 242230 # -1 # ID=7_235;partial=00;start_type=ATG;rbs_motif=AGGAG;rbs_spacer=5-10bp;gc_cont=0.637,93.9,1150,627,0.0,628,1,627,1,627,mobileOG_000325588,mutL,WP_101456617.1,replication/recombination/repair,NA,Plasmid RefSeq,Homology,NODE_7_length_273276_cov_29.837975_235, 240347 # 242230 # -1 , 240347,242230,-1 ,7_235,7,235,00,ATG,AGGAG,5-10bp,0.637,NODE_7_length_273276_cov_29.837975,mobileOG_000325588_NODE_7_length_273276_cov_29.837975
211,"mobileOG_000355278|groL|WP_004929662.1|phage|replication,chaperone|Plasmid RefSeq|Homology",NODE_7_length_273276_cov_29.837975_256 # 264274 # 265920 # -1 # ID=7_256;partial=00;start_type=ATG;rbs_motif=GGA/GAG/AGG;rbs_spacer=5-10bp;gc_cont=0.576,100,987,548,0.0,549,1,548,1,548,mobileOG_000355278,groL,WP_004929662.1,phage,"replication,chaperone",Plasmid RefSeq,Homology,NODE_7_length_273276_cov_29.837975_256, 264274 # 265920 # -1 , 264274,265920,-1 ,7_256,7,256,00,ATG,GGA/GAG/AGG,5-10bp,0.576,NODE_7_length_273276_cov_29.837975,mobileOG_000355278_NODE_7_length_273276_cov_29.837975
212,"mobileOG_000290240|groL|WP_000729117.1|phage|replication,chaperone|Plasmid RefSeq|Homology",NODE_7_length_273276_cov_29.837975_256 # 264274 # 265920 # -1 # ID=7_256;partial=00;start_type=ATG;rbs_motif=GGA/GAG/AGG;rbs_spacer=5-10bp;gc_cont=0.576,94.3,934,548,0.0,549,1,548,1,548,mobileOG_000290240,groL,WP_000729117.1,phage,"replication,chaperone",Plasmid RefSeq,Homology,NODE_7_length_273276_cov_29.837975_256, 264274 # 265920 # -1 , 264274,265920,-1 ,7_256,7,256,00,ATG,GGA/GAG/AGG,5-10bp,0.576,NODE_7_length_273276_cov_29.837975,mobileOG_000290240_NODE_7_length_273276_cov_29.837975
213,"mobileOG_000289036|groL|WP_008807218.1|phage|replication,chaperone|Plasmid RefSeq|Homology",NODE_7_length_273276_cov_29.837975_256 # 264274 # 265920 # -1 # ID=7_256;partial=00;start_type=ATG;rbs_motif=GGA/GAG/AGG;rbs_spacer=5-10bp;gc_cont=0.576,93.2,932,548,0.0,549,1,548,1,548,mobileOG_000289036,groL,WP_008807218.1,phage,"replication,chaperone",Plasmid RefSeq,Homology,NODE_7_length_273276_cov_29.837975_256, 264274 # 265920 # -1 , 264274,265920,-1 ,7_256,7,256,00,ATG,GGA/GAG/AGG,5-10bp,0.576,NODE_7_length_273276_cov_29.837975,mobileOG_000289036_NODE_7_length_273276_cov_29.837975
214,"mobileOG_000026160|groL|A0A0W8A593|phage|replication,chaperone|Plasmid RefSeq|Manual",NODE_7_length_273276_cov_29.837975_256 # 264274 # 265920 # -1 # ID=7_256;partial=00;start_type=ATG;rbs_motif=GGA/GAG/AGG;rbs_spacer=5-10bp;gc_cont=0.576,93.2,931,548,0.0,549,1,548,1,548,mobileOG_000026160,groL,A0A0W8A593,phage,"replication,chaperone",Plasmid RefSeq,Manual,NODE_7_length_273276_cov_29.837975_256, 264274 # 265920 # -1 , 264274,265920,-1 ,7_256,7,256,00,ATG,GGA/GAG/AGG,5-10bp,0.576,NODE_7_length_273276_cov_29.837975,mobileOG_000026160_NODE_7_length_273276_cov_29.837975
215,"mobileOG_000355550|groL|WP_101473286.1|phage|replication,chaperone|Plasmid RefSeq|Homology",NODE_7_length_273276_cov_29.837975_256 # 264274 # 265920 # -1 # ID=7_256;partial=00;start_type=ATG;rbs_motif=GGA/GAG/AGG;rbs_spacer=5-10bp;gc_cont=0.576,93.1,931,548,0.0,549,1,548,1,548,mobileOG_000355550,groL,WP_101473286.1,phage,"replication,chaperone",Plasmid RefSeq,Homology,NODE_7_length_273276_cov_29.837975_256, 264274 # 265920 # -1 , 264274,265920,-1 ,7_256,7,256,00,ATG,GGA/GAG/AGG,5-10bp,0.576,NODE_7_length_273276_cov_29.837975,mobileOG_000355550_NODE_7_length_273276_cov_29.837975
216,mobileOG_000351473|groS|EBJ67183.1|phage|structural|Plasmid RefSeq|Homology,NODE_7_length_273276_cov_29.837975_257 # 265965 # 266258 # -1 # ID=7_257;partial=00;start_type=ATG;rbs_motif=AGGAG;rbs_spacer=5-10bp;gc_cont=0.493,100,184,97,4.06e-61,98,1,97,1,97,mobileOG_000351473,groS,EBJ67183.1,phage,structural,Plasmid RefSeq,Homology,NODE_7_length_273276_cov_29.837975_257, 265965 # 266258 # -1 , 265965,266258,-1 ,7_257,7,257,00,ATG,AGGAG,5-10bp,0.493,NODE_7_length_273276_cov_29.837975,mobileOG_000351473_NODE_7_length_273276_cov_29.837975
217,mobileOG_000340853|groS|WP_003855929.1|phage|structural|Plasmid RefSeq|Homology,NODE_7_length_273276_cov_29.837975_257 # 265965 # 266258 # -1 # ID=7_257;partial=00;start_type=ATG;rbs_motif=AGGAG;rbs_spacer=5-10bp;gc_cont=0.493,91.8,176,97,9.22e-58,98,1,97,1,97,mobileOG_000340853,groS,WP_003855929.1,phage,structural,Plasmid RefSeq,Homology,NODE_7_length_273276_cov_29.837975_257, 265965 # 266258 # -1 , 265965,266258,-1 ,7_257,7,257,00,ATG,AGGAG,5-10bp,0.493,NODE_7_length_273276_cov_29.837975,mobileOG_000340853_NODE_7_length_273276_cov_29.837975
218,mobileOG_000317451|groS|A0A422X382|phage|structural|Plasmid RefSeq|Homology,NODE_7_length_273276_cov_29.837975_257 # 265965 # 266258 # -1 # ID=7_257;partial=00;start_type=ATG;rbs_motif=AGGAG;rbs_spacer=5-10bp;gc_cont=0.493,91.8,175,97,1.31e-57,98,1,97,1,97,mobileOG_000317451,groS,A0A422X382,phage,structural,Plasmid RefSeq,Homology,NODE_7_length_273276_cov_29.837975_257, 265965 # 266258 # -1 , 265965,266258,-1 ,7_257,7,257,00,ATG,AGGAG,5-10bp,0.493,NODE_7_length_273276_cov_29.837975,mobileOG_000317451_NODE_7_length_273276_cov_29.837975
219,mobileOG_000330918|groS|WP_004240601.1|phage|structural|Plasmid RefSeq|Homology,NODE_7_length_273276_cov_29.837975_257 # 265965 # 266258 # -1 # ID=7_257;partial=00;start_type=ATG;rbs_motif=AGGAG;rbs_spacer=5-10bp;gc_cont=0.493,90.7,172,97,3.09e-56,98,1,97,1,97,mobileOG_000330918,groS,WP_004240601.1,phage,structural,Plasmid RefSeq,Homology,NODE_7_length_273276_cov_29.837975_257, 265965 # 266258 # -1 , 265965,266258,-1 ,7_257,7,257,00,ATG,AGGAG,5-10bp,0.493,NODE_7_length_273276_cov_29.837975,mobileOG_000330918_NODE_7_length_273276_cov_29.837975
220,"mobileOG_000327600|fxsA|WP_033636764.1|phage|replication,transfer|Plasmid RefSeq|Homology",NODE_7_length_273276_cov_29.837975_258 # 266448 # 266936 # -1 # ID=7_258;partial=00;start_type=GTG;rbs_motif=AGGAG;rbs_spacer=5-10bp;gc_cont=0.601,98.1,293,162,3.45e-102,163,1,162,1,162,mobileOG_000327600,fxsA,WP_033636764.1,phage,"replication,transfer",Plasmid RefSeq,Homology,NODE_7_length_273276_cov_29.837975_258, 266448 # 266936 # -1 , 266448,266936,-1 ,7_258,7,258,00,GTG,AGGAG,5-10bp,0.601,NODE_7_length_273276_cov_29.837975,mobileOG_000327600_NODE_7_length_273276_cov_29.837975
221,mobileOG_000745154|NA:Keyword|WP_101453415.1|transfer|NA|Plasmid RefSeq|Keyword Search,NODE_8_length_268019_cov_24.340473_14 # 16027 # 16845 # -1 # ID=8_14;partial=00;start_type=ATG;rbs_motif=GGA/GAG/AGG;rbs_spacer=5-10bp;gc_cont=0.625,99.3,536,272,1.38e-194,273,1,272,1,272,mobileOG_000745154,NA:Keyword,WP_101453415.1,transfer,NA,Plasmid RefSeq,Keyword Search,NODE_8_length_268019_cov_24.340473_14, 16027 # 16845 # -1 , 16027,16845,-1 ,8_14,8,14,00,ATG,GGA/GAG/AGG,5-10bp,0.625,NODE_8_length_268019_cov_24.340473,mobileOG_000745154_NODE_8_length_268019_cov_24.340473
222,mobileOG_000351489|uvrB|WP_033642236.1|replication/recombination/repair|NA|Plasmid RefSeq|Homology,NODE_8_length_268019_cov_24.340473_35 # 36036 # 38048 # 1 # ID=8_35;partial=00;start_type=ATG;rbs_motif=GGA/GAG/AGG;rbs_spacer=11-12bp;gc_cont=0.616,99.9,1279,670,0.0,671,1,670,1,670,mobileOG_000351489,uvrB,WP_033642236.1,replication/recombination/repair,NA,Plasmid RefSeq,Homology,NODE_8_length_268019_cov_24.340473_35, 36036 # 38048 # 1 , 36036,38048,1 ,8_35,8,35,00,ATG,GGA/GAG/AGG,11-12bp,0.616,NODE_8_length_268019_cov_24.340473,mobileOG_000351489_NODE_8_length_268019_cov_24.340473
223,mobileOG_000331659|uvrB|WP_033647115.1|replication/recombination/repair|NA|Plasmid RefSeq|Homology,NODE_8_length_268019_cov_24.340473_35 # 36036 # 38048 # 1 # ID=8_35;partial=00;start_type=ATG;rbs_motif=GGA/GAG/AGG;rbs_spacer=11-12bp;gc_cont=0.616,98.4,1264,670,0.0,671,1,670,1,670,mobileOG_000331659,uvrB,WP_033647115.1,replication/recombination/repair,NA,Plasmid RefSeq,Homology,NODE_8_length_268019_cov_24.340473_35, 36036 # 38048 # 1 , 36036,38048,1 ,8_35,8,35,00,ATG,GGA/GAG/AGG,11-12bp,0.616,NODE_8_length_268019_cov_24.340473,mobileOG_000331659_NODE_8_length_268019_cov_24.340473
224,mobileOG_000363799|parA_1|WP_016928620.1|replication/recombination/repair|transfer|Plasmid RefSeq|Homology,NODE_8_length_268019_cov_24.340473_104 # 104575 # 105210 # -1 # ID=8_104;partial=00;start_type=ATG;rbs_motif=GGA/GAG/AGG;rbs_spacer=5-10bp;gc_cont=0.564,100,417,211,1.14e-149,212,1,211,1,211,mobileOG_000363799,parA_1,WP_016928620.1,replication/recombination/repair,transfer,Plasmid RefSeq,Homology,NODE_8_length_268019_cov_24.340473_104, 104575 # 105210 # -1 , 104575,105210,-1 ,8_104,8,104,00,ATG,GGA/GAG/AGG,5-10bp,0.564,NODE_8_length_268019_cov_24.340473,mobileOG_000363799_NODE_8_length_268019_cov_24.340473
225,mobileOG_000361588|parA_1|WP_033637564.1|replication/recombination/repair|transfer|Plasmid RefSeq|Homology,NODE_8_length_268019_cov_24.340473_104 # 104575 # 105210 # -1 # ID=8_104;partial=00;start_type=ATG;rbs_motif=GGA/GAG/AGG;rbs_spacer=5-10bp;gc_cont=0.564,99.1,414,211,2.69e-148,212,1,211,1,211,mobileOG_000361588,parA_1,WP_033637564.1,replication/recombination/repair,transfer,Plasmid RefSeq,Homology,NODE_8_length_268019_cov_24.340473_104, 104575 # 105210 # -1 , 104575,105210,-1 ,8_104,8,104,00,ATG,GGA/GAG/AGG,5-10bp,0.564,NODE_8_length_268019_cov_24.340473,mobileOG_000361588_NODE_8_length_268019_cov_24.340473
226,mobileOG_000743825|NA:Keyword|WP_033642335.1|stability/transfer/defense|NA|Plasmid RefSeq|Keyword Search,NODE_8_length_268019_cov_24.340473_148 # 148870 # 149169 # -1 # ID=8_148;partial=00;start_type=ATG;rbs_motif=AGGA/GGAG/GAGG;rbs_spacer=11-12bp;gc_cont=0.527,99.0,203,99,1.10e-68,100,1,99,1,99,mobileOG_000743825,NA:Keyword,WP_033642335.1,stability/transfer/defense,NA,Plasmid RefSeq,Keyword Search,NODE_8_length_268019_cov_24.340473_148, 148870 # 149169 # -1 , 148870,149169,-1 ,8_148,8,148,00,ATG,AGGA/GGAG/GAGG,11-12bp,0.527,NODE_8_length_268019_cov_24.340473,mobileOG_000743825_NODE_8_length_268019_cov_24.340473
227,mobileOG_000756825|NA:Keyword|WP_033646967.1|stability/transfer/defense|NA|Plasmid RefSeq|Keyword Search,NODE_8_length_268019_cov_24.340473_149 # 149154 # 149417 # -1 # ID=8_149;partial=00;start_type=ATG;rbs_motif=AGGAG;rbs_spacer=5-10bp;gc_cont=0.561,97.7,165,87,5.91e-54,88,1,87,1,87,mobileOG_000756825,NA:Keyword,WP_033646967.1,stability/transfer/defense,NA,Plasmid RefSeq,Keyword Search,NODE_8_length_268019_cov_24.340473_149, 149154 # 149417 # -1 , 149154,149417,-1 ,8_149,8,149,00,ATG,AGGAG,5-10bp,0.561,NODE_8_length_268019_cov_24.340473,mobileOG_000756825_NODE_8_length_268019_cov_24.340473
228,"mobileOG_000352228|copR|WP_021504273.1|transfer|conjugation,relaxosome|Plasmid RefSeq|Homology",NODE_8_length_268019_cov_24.340473_230 # 224709 # 225380 # 1 # ID=8_230;partial=00;start_type=ATG;rbs_motif=GGAG/GAGG;rbs_spacer=5-10bp;gc_cont=0.601,99.6,441,223,1.44e-158,224,1,223,1,223,mobileOG_000352228,copR,WP_021504273.1,transfer,"conjugation,relaxosome",Plasmid RefSeq,Homology,NODE_8_length_268019_cov_24.340473_230, 224709 # 225380 # 1 , 224709,225380,1 ,8_230,8,230,00,ATG,GGAG/GAGG,5-10bp,0.601,NODE_8_length_268019_cov_24.340473,mobileOG_000352228_NODE_8_length_268019_cov_24.340473
229,"mobileOG_000352240|copR|WP_033637675.1|transfer|conjugation,relaxosome|Plasmid RefSeq|Homology",NODE_8_length_268019_cov_24.340473_230 # 224709 # 225380 # 1 # ID=8_230;partial=00;start_type=ATG;rbs_motif=GGAG/GAGG;rbs_spacer=5-10bp;gc_cont=0.601,98.7,437,223,4.81e-157,224,1,223,1,223,mobileOG_000352240,copR,WP_033637675.1,transfer,"conjugation,relaxosome",Plasmid RefSeq,Homology,NODE_8_length_268019_cov_24.340473_230, 224709 # 225380 # 1 , 224709,225380,1 ,8_230,8,230,00,ATG,GGAG/GAGG,5-10bp,0.601,NODE_8_length_268019_cov_24.340473,mobileOG_000352240_NODE_8_length_268019_cov_24.340473
230,"mobileOG_000243662|copR|A0A369HKY6|transfer|conjugation,relaxosome|GPD|Homology",NODE_8_length_268019_cov_24.340473_230 # 224709 # 225380 # 1 # ID=8_230;partial=00;start_type=ATG;rbs_motif=GGAG/GAGG;rbs_spacer=5-10bp;gc_cont=0.601,90.5,400,222,1.41e-142,224,1,222,1,222,mobileOG_000243662,copR,A0A369HKY6,transfer,"conjugation,relaxosome",GPD,Homology,NODE_8_length_268019_cov_24.340473_230, 224709 # 225380 # 1 , 224709,225380,1 ,8_230,8,230,00,ATG,GGAG/GAGG,5-10bp,0.601,NODE_8_length_268019_cov_24.340473,mobileOG_000243662_NODE_8_length_268019_cov_24.340473
231,mobileOG_000368519|rdgC|WP_004940461.1|integration/excision|NA|Plasmid RefSeq|Homology,NODE_9_length_254436_cov_25.666161_57 # 49056 # 49967 # -1 # ID=9_57;partial=00;start_type=ATG;rbs_motif=GGA/GAG/AGG;rbs_spacer=5-10bp;gc_cont=0.579,100,583,303,1.91e-212,304,1,303,1,303,mobileOG_000368519,rdgC,WP_004940461.1,integration/excision,NA,Plasmid RefSeq,Homology,NODE_9_length_254436_cov_25.666161_57, 49056 # 49967 # -1 , 49056,49967,-1 ,9_57,9,57,00,ATG,GGA/GAG/AGG,5-10bp,0.579,NODE_9_length_254436_cov_25.666161,mobileOG_000368519_NODE_9_length_254436_cov_25.666161
232,mobileOG_000748213|NA:Keyword|WP_033637280.1|stability/transfer/defense|NA|Plasmid RefSeq|Keyword Search,NODE_9_length_254436_cov_25.666161_59 # 51201 # 51434 # 1 # ID=9_59;partial=00;start_type=ATG;rbs_motif=AGGAG;rbs_spacer=5-10bp;gc_cont=0.607,97.4,143,77,2.06e-45,78,1,76,1,76,mobileOG_000748213,NA:Keyword,WP_033637280.1,stability/transfer/defense,NA,Plasmid RefSeq,Keyword Search,NODE_9_length_254436_cov_25.666161_59, 51201 # 51434 # 1 , 51201,51434,1 ,9_59,9,59,00,ATG,AGGAG,5-10bp,0.607,NODE_9_length_254436_cov_25.666161,mobileOG_000748213_NODE_9_length_254436_cov_25.666161
233,mobileOG_000749725|NA:Keyword|WP_033642043.1|stability/transfer/defense|NA|Plasmid RefSeq|Keyword Search,NODE_9_length_254436_cov_25.666161_60 # 51431 # 51817 # 1 # ID=9_60;partial=00;start_type=ATG;rbs_motif=GGAG/GAGG;rbs_spacer=5-10bp;gc_cont=0.628,99.2,259,128,5.01e-90,129,1,128,1,128,mobileOG_000749725,NA:Keyword,WP_033642043.1,stability/transfer/defense,NA,Plasmid RefSeq,Keyword Search,NODE_9_length_254436_cov_25.666161_60, 51431 # 51817 # 1 , 51431,51817,1 ,9_60,9,60,00,ATG,GGAG/GAGG,5-10bp,0.628,NODE_9_length_254436_cov_25.666161,mobileOG_000749725_NODE_9_length_254436_cov_25.666161
234,mobileOG_000748103|NA:Keyword|WP_019454226.1|stability/transfer/defense|NA|Plasmid RefSeq|Keyword Search,NODE_9_length_254436_cov_25.666161_60 # 51431 # 51817 # 1 # ID=9_60;partial=00;start_type=ATG;rbs_motif=GGAG/GAGG;rbs_spacer=5-10bp;gc_cont=0.628,98.4,258,128,2.04e-89,129,1,128,1,128,mobileOG_000748103,NA:Keyword,WP_019454226.1,stability/transfer/defense,NA,Plasmid RefSeq,Keyword Search,NODE_9_length_254436_cov_25.666161_60, 51431 # 51817 # 1 , 51431,51817,1 ,9_60,9,60,00,ATG,GGAG/GAGG,5-10bp,0.628,NODE_9_length_254436_cov_25.666161,mobileOG_000748103_NODE_9_length_254436_cov_25.666161
235,mobileOG_000326381|sbcD|WP_096241949.1|replication/recombination/repair|NA|Plasmid RefSeq|Homology,NODE_9_length_254436_cov_25.666161_63 # 56142 # 57374 # -1 # ID=9_63;partial=00;start_type=ATG;rbs_motif=GGA/GAG/AGG;rbs_spacer=5-10bp;gc_cont=0.644,98.0,779,410,4.18e-286,411,1,410,1,410,mobileOG_000326381,sbcD,WP_096241949.1,replication/recombination/repair,NA,Plasmid RefSeq,Homology,NODE_9_length_254436_cov_25.666161_63, 56142 # 57374 # -1 , 56142,57374,-1 ,9_63,9,63,00,ATG,GGA/GAG/AGG,5-10bp,0.644,NODE_9_length_254436_cov_25.666161,mobileOG_000326381_NODE_9_length_254436_cov_25.666161
236,mobileOG_000334028|sbcD|WP_060437993.1|replication/recombination/repair|NA|Plasmid RefSeq|Homology,NODE_9_length_254436_cov_25.666161_63 # 56142 # 57374 # -1 # ID=9_63;partial=00;start_type=ATG;rbs_motif=GGA/GAG/AGG;rbs_spacer=5-10bp;gc_cont=0.644,96.1,766,410,6.34e-281,411,1,409,1,409,mobileOG_000334028,sbcD,WP_060437993.1,replication/recombination/repair,NA,Plasmid RefSeq,Homology,NODE_9_length_254436_cov_25.666161_63, 56142 # 57374 # -1 , 56142,57374,-1 ,9_63,9,63,00,ATG,GGA/GAG/AGG,5-10bp,0.644,NODE_9_length_254436_cov_25.666161,mobileOG_000334028_NODE_9_length_254436_cov_25.666161
237,"mobileOG_000368518|nusB|WP_004940384.1|phage|regulation,infection|Plasmid RefSeq|Homology",NODE_9_length_254436_cov_25.666161_86 # 80351 # 80767 # 1 # ID=9_86;partial=00;start_type=GTG;rbs_motif=GGA/GAG/AGG;rbs_spacer=5-10bp;gc_cont=0.564,100,265,138,5.45e-92,139,1,138,1,138,mobileOG_000368518,nusB,WP_004940384.1,phage,"regulation,infection",Plasmid RefSeq,Homology,NODE_9_length_254436_cov_25.666161_86, 80351 # 80767 # 1 , 80351,80767,1 ,9_86,9,86,00,GTG,GGA/GAG/AGG,5-10bp,0.564,NODE_9_length_254436_cov_25.666161,mobileOG_000368518_NODE_9_length_254436_cov_25.666161
238,mobileOG_000351487|xseB|WP_033642062.1|replication/recombination/repair|NA|Plasmid RefSeq|Homology,NODE_9_length_254436_cov_25.666161_92 # 86241 # 86504 # -1 # ID=9_92;partial=00;start_type=ATG;rbs_motif=None;rbs_spacer=None;gc_cont=0.595,100,146,87,2.51e-46,88,1,87,1,87,mobileOG_000351487,xseB,WP_033642062.1,replication/recombination/repair,NA,Plasmid RefSeq,Homology,NODE_9_length_254436_cov_25.666161_92, 86241 # 86504 # -1 , 86241,86504,-1 ,9_92,9,92,00,ATG,None,None,0.595,NODE_9_length_254436_cov_25.666161,mobileOG_000351487_NODE_9_length_254436_cov_25.666161
239,mobileOG_000368527|xseB|WP_015376838.1|replication/recombination/repair|NA|Plasmid RefSeq|Homology,NODE_9_length_254436_cov_25.666161_92 # 86241 # 86504 # -1 # ID=9_92;partial=00;start_type=ATG;rbs_motif=None;rbs_spacer=None;gc_cont=0.595,98.9,144,87,1.45e-45,88,1,87,1,87,mobileOG_000368527,xseB,WP_015376838.1,replication/recombination/repair,NA,Plasmid RefSeq,Homology,NODE_9_length_254436_cov_25.666161_92, 86241 # 86504 # -1 , 86241,86504,-1 ,9_92,9,92,00,ATG,None,None,0.595,NODE_9_length_254436_cov_25.666161,mobileOG_000368527_NODE_9_length_254436_cov_25.666161
240,mobileOG_000351483|clpP|WP_016928858.1|phage|replication/recombination/repair|Plasmid RefSeq|Homology,NODE_9_length_254436_cov_25.666161_107 # 102000 # 102623 # 1 # ID=9_107;partial=00;start_type=ATG;rbs_motif=AGGAG;rbs_spacer=5-10bp;gc_cont=0.583,100,412,207,1.15e-147,208,1,207,1,207,mobileOG_000351483,clpP,WP_016928858.1,phage,replication/recombination/repair,Plasmid RefSeq,Homology,NODE_9_length_254436_cov_25.666161_107, 102000 # 102623 # 1 , 102000,102623,1 ,9_107,9,107,00,ATG,AGGAG,5-10bp,0.583,NODE_9_length_254436_cov_25.666161,mobileOG_000351483_NODE_9_length_254436_cov_25.666161
241,mobileOG_000368517|clpP|WP_004940356.1|phage|replication/recombination/repair|Plasmid RefSeq|Homology,NODE_9_length_254436_cov_25.666161_107 # 102000 # 102623 # 1 # ID=9_107;partial=00;start_type=ATG;rbs_motif=AGGAG;rbs_spacer=5-10bp;gc_cont=0.583,99.5,410,207,3.29e-147,208,1,207,1,207,mobileOG_000368517,clpP,WP_004940356.1,phage,replication/recombination/repair,Plasmid RefSeq,Homology,NODE_9_length_254436_cov_25.666161_107, 102000 # 102623 # 1 , 102000,102623,1 ,9_107,9,107,00,ATG,AGGAG,5-10bp,0.583,NODE_9_length_254436_cov_25.666161,mobileOG_000368517_NODE_9_length_254436_cov_25.666161
242,mobileOG_000301843|clpP|WP_006809880.1|phage|replication/recombination/repair|Plasmid RefSeq|Homology,NODE_9_length_254436_cov_25.666161_107 # 102000 # 102623 # 1 # ID=9_107;partial=00;start_type=ATG;rbs_motif=AGGAG;rbs_spacer=5-10bp;gc_cont=0.583,92.3,387,207,4.63e-138,208,1,207,1,207,mobileOG_000301843,clpP,WP_006809880.1,phage,replication/recombination/repair,Plasmid RefSeq,Homology,NODE_9_length_254436_cov_25.666161_107, 102000 # 102623 # 1 , 102000,102623,1 ,9_107,9,107,00,ATG,AGGAG,5-10bp,0.583,NODE_9_length_254436_cov_25.666161,mobileOG_000301843_NODE_9_length_254436_cov_25.666161
243,mobileOG_000351734|clpP|A0A078LKE9|phage|replication/recombination/repair|Plasmid RefSeq|Homology,NODE_9_length_254436_cov_25.666161_107 # 102000 # 102623 # 1 # ID=9_107;partial=00;start_type=ATG;rbs_motif=AGGAG;rbs_spacer=5-10bp;gc_cont=0.583,91.3,382,207,4.44e-136,208,1,207,1,207,mobileOG_000351734,clpP,A0A078LKE9,phage,replication/recombination/repair,Plasmid RefSeq,Homology,NODE_9_length_254436_cov_25.666161_107, 102000 # 102623 # 1 , 102000,102623,1 ,9_107,9,107,00,ATG,AGGAG,5-10bp,0.583,NODE_9_length_254436_cov_25.666161,mobileOG_000351734_NODE_9_length_254436_cov_25.666161
244,mobileOG_000289010|clpP|WP_002891804.1|phage|replication/recombination/repair|Plasmid RefSeq|Homology,NODE_9_length_254436_cov_25.666161_107 # 102000 # 102623 # 1 # ID=9_107;partial=00;start_type=ATG;rbs_motif=AGGAG;rbs_spacer=5-10bp;gc_cont=0.583,91.3,382,207,6.30e-136,208,1,207,1,207,mobileOG_000289010,clpP,WP_002891804.1,phage,replication/recombination/repair,Plasmid RefSeq,Homology,NODE_9_length_254436_cov_25.666161_107, 102000 # 102623 # 1 , 102000,102623,1 ,9_107,9,107,00,ATG,AGGAG,5-10bp,0.583,NODE_9_length_254436_cov_25.666161,mobileOG_000289010_NODE_9_length_254436_cov_25.666161
245,mobileOG_000025855|clpP|A0A192CHZ0|phage|replication/recombination/repair|Plasmid RefSeq|Manual,NODE_9_length_254436_cov_25.666161_107 # 102000 # 102623 # 1 # ID=9_107;partial=00;start_type=ATG;rbs_motif=AGGAG;rbs_spacer=5-10bp;gc_cont=0.583,91.3,381,207,1.81e-135,208,1,207,1,207,mobileOG_000025855,clpP,A0A192CHZ0,phage,replication/recombination/repair,Plasmid RefSeq,Manual,NODE_9_length_254436_cov_25.666161_107, 102000 # 102623 # 1 , 102000,102623,1 ,9_107,9,107,00,ATG,AGGAG,5-10bp,0.583,NODE_9_length_254436_cov_25.666161,mobileOG_000025855_NODE_9_length_254436_cov_25.666161
246,"mobileOG_000368516|clpX|WP_004940354.1|phage|replication,chaperone|Plasmid RefSeq|Homology",NODE_9_length_254436_cov_25.666161_108 # 102767 # 104038 # 1 # ID=9_108;partial=00;start_type=ATG;rbs_motif=GGAG/GAGG;rbs_spacer=5-10bp;gc_cont=0.583,100,831,423,3.07e-306,424,1,423,1,423,mobileOG_000368516,clpX,WP_004940354.1,phage,"replication,chaperone",Plasmid RefSeq,Homology,NODE_9_length_254436_cov_25.666161_108, 102767 # 104038 # 1 , 102767,104038,1 ,9_108,9,108,00,ATG,GGAG/GAGG,5-10bp,0.583,NODE_9_length_254436_cov_25.666161,mobileOG_000368516_NODE_9_length_254436_cov_25.666161
247,mobileOG_000025945|clpX|F0JMC0|phage|replication/recombination/repair|Plasmid RefSeq|Manual,NODE_9_length_254436_cov_25.666161_108 # 102767 # 104038 # 1 # ID=9_108;partial=00;start_type=ATG;rbs_motif=GGAG/GAGG;rbs_spacer=5-10bp;gc_cont=0.583,94.8,792,424,7.87e-291,424,1,424,1,423,mobileOG_000025945,clpX,F0JMC0,phage,replication/recombination/repair,Plasmid RefSeq,Manual,NODE_9_length_254436_cov_25.666161_108, 102767 # 104038 # 1 , 102767,104038,1 ,9_108,9,108,00,ATG,GGAG/GAGG,5-10bp,0.583,NODE_9_length_254436_cov_25.666161,mobileOG_000025945_NODE_9_length_254436_cov_25.666161
248,"mobileOG_000288446|clpX|WP_015571275.1|phage|replication,chaperone|Plasmid RefSeq|Homology",NODE_9_length_254436_cov_25.666161_108 # 102767 # 104038 # 1 # ID=9_108;partial=00;start_type=ATG;rbs_motif=GGAG/GAGG;rbs_spacer=5-10bp;gc_cont=0.583,95.0,792,424,7.87e-291,424,1,424,1,423,mobileOG_000288446,clpX,WP_015571275.1,phage,"replication,chaperone",Plasmid RefSeq,Homology,NODE_9_length_254436_cov_25.666161_108, 102767 # 104038 # 1 , 102767,104038,1 ,9_108,9,108,00,ATG,GGAG/GAGG,5-10bp,0.583,NODE_9_length_254436_cov_25.666161,mobileOG_000288446_NODE_9_length_254436_cov_25.666161
249,"mobileOG_000344359|clpX|WP_002891807.1|phage|replication,chaperone|Plasmid RefSeq|Homology",NODE_9_length_254436_cov_25.666161_108 # 102767 # 104038 # 1 # ID=9_108;partial=00;start_type=ATG;rbs_motif=GGAG/GAGG;rbs_spacer=5-10bp;gc_cont=0.583,94.8,791,424,1.12e-290,424,1,424,1,423,mobileOG_000344359,clpX,WP_002891807.1,phage,"replication,chaperone",Plasmid RefSeq,Homology,NODE_9_length_254436_cov_25.666161_108, 102767 # 104038 # 1 , 102767,104038,1 ,9_108,9,108,00,ATG,GGAG/GAGG,5-10bp,0.583,NODE_9_length_254436_cov_25.666161,mobileOG_000344359_NODE_9_length_254436_cov_25.666161
250,mobileOG_000025183|clpX|A0A0A0ZT71|phage|replication/recombination/repair|Plasmid RefSeq|Manual,NODE_9_length_254436_cov_25.666161_108 # 102767 # 104038 # 1 # ID=9_108;partial=00;start_type=ATG;rbs_motif=GGAG/GAGG;rbs_spacer=5-10bp;gc_cont=0.583,94.8,791,424,2.26e-290,424,1,424,1,423,mobileOG_000025183,clpX,A0A0A0ZT71,phage,replication/recombination/repair,Plasmid RefSeq,Manual,NODE_9_length_254436_cov_25.666161_108, 102767 # 104038 # 1 , 102767,104038,1 ,9_108,9,108,00,ATG,GGAG/GAGG,5-10bp,0.583,NODE_9_length_254436_cov_25.666161,mobileOG_000025183_NODE_9_length_254436_cov_25.666161
251,mobileOG_000025998|clpX|A0A1R0G070|phage|replication/recombination/repair|Plasmid RefSeq|Manual,NODE_9_length_254436_cov_25.666161_108 # 102767 # 104038 # 1 # ID=9_108;partial=00;start_type=ATG;rbs_motif=GGAG/GAGG;rbs_spacer=5-10bp;gc_cont=0.583,94.6,789,424,9.18e-290,424,1,424,1,423,mobileOG_000025998,clpX,A0A1R0G070,phage,replication/recombination/repair,Plasmid RefSeq,Manual,NODE_9_length_254436_cov_25.666161_108, 102767 # 104038 # 1 , 102767,104038,1 ,9_108,9,108,00,ATG,GGAG/GAGG,5-10bp,0.583,NODE_9_length_254436_cov_25.666161,mobileOG_000025998_NODE_9_length_254436_cov_25.666161
252,mobileOG_000368515|hup|WP_004940351.1|replication/recombination/repair|integration/excision|Plasmid RefSeq|Homology,NODE_9_length_254436_cov_25.666161_110 # 106804 # 107076 # 1 # ID=9_110;partial=00;start_type=GTG;rbs_motif=GGAG/GAGG;rbs_spacer=5-10bp;gc_cont=0.542,100,165,90,7.33e-54,91,1,90,1,90,mobileOG_000368515,hup,WP_004940351.1,replication/recombination/repair,integration/excision,Plasmid RefSeq,Homology,NODE_9_length_254436_cov_25.666161_110, 106804 # 107076 # 1 , 106804,107076,1 ,9_110,9,110,00,GTG,GGAG/GAGG,5-10bp,0.542,NODE_9_length_254436_cov_25.666161,mobileOG_000368515_NODE_9_length_254436_cov_25.666161
253,mobileOG_000025521|hupB|A0A192CJA5|replication/recombination/repair|integration/excision|Plasmid RefSeq|Manual,NODE_9_length_254436_cov_25.666161_110 # 106804 # 107076 # 1 # ID=9_110;partial=00;start_type=GTG;rbs_motif=GGAG/GAGG;rbs_spacer=5-10bp;gc_cont=0.542,90.0,152,90,7.93e-49,91,1,90,1,90,mobileOG_000025521,hupB,A0A192CJA5,replication/recombination/repair,integration/excision,Plasmid RefSeq,Manual,NODE_9_length_254436_cov_25.666161_110, 106804 # 107076 # 1 , 106804,107076,1 ,9_110,9,110,00,GTG,GGAG/GAGG,5-10bp,0.542,NODE_9_length_254436_cov_25.666161,mobileOG_000025521_NODE_9_length_254436_cov_25.666161
254,mobileOG_000025753|hupB|A0A078LCB7|phage|replication/recombination/repair|Plasmid RefSeq|Manual,NODE_9_length_254436_cov_25.666161_110 # 106804 # 107076 # 1 # ID=9_110;partial=00;start_type=GTG;rbs_motif=GGAG/GAGG;rbs_spacer=5-10bp;gc_cont=0.542,90.0,152,90,1.13e-48,91,1,90,1,90,mobileOG_000025753,hupB,A0A078LCB7,phage,replication/recombination/repair,Plasmid RefSeq,Manual,NODE_9_length_254436_cov_25.666161_110, 106804 # 107076 # 1 , 106804,107076,1 ,9_110,9,110,00,GTG,GGAG/GAGG,5-10bp,0.542,NODE_9_length_254436_cov_25.666161,mobileOG_000025753_NODE_9_length_254436_cov_25.666161
255,mobileOG_000299341|hup|WP_002444653.1|replication/recombination/repair|integration/excision|Plasmid RefSeq|Homology,NODE_9_length_254436_cov_25.666161_110 # 106804 # 107076 # 1 # ID=9_110;partial=00;start_type=GTG;rbs_motif=GGAG/GAGG;rbs_spacer=5-10bp;gc_cont=0.542,90.0,152,90,1.60e-48,91,1,90,1,90,mobileOG_000299341,hup,WP_002444653.1,replication/recombination/repair,integration/excision,Plasmid RefSeq,Homology,NODE_9_length_254436_cov_25.666161_110, 106804 # 107076 # 1 , 106804,107076,1 ,9_110,9,110,00,GTG,GGAG/GAGG,5-10bp,0.542,NODE_9_length_254436_cov_25.666161,mobileOG_000299341_NODE_9_length_254436_cov_25.666161
256,mobileOG_000351488|ybaV|WP_033642074.1|transfer|competence|Plasmid RefSeq|Homology,NODE_9_length_254436_cov_25.666161_112 # 109277 # 109657 # 1 # ID=9_112;partial=00;start_type=ATG;rbs_motif=AGGAG;rbs_spacer=5-10bp;gc_cont=0.609,100,234,126,5.04e-80,127,1,126,1,126,mobileOG_000351488,ybaV,WP_033642074.1,transfer,competence,Plasmid RefSeq,Homology,NODE_9_length_254436_cov_25.666161_112, 109277 # 109657 # 1 , 109277,109657,1 ,9_112,9,112,00,ATG,AGGAG,5-10bp,0.609,NODE_9_length_254436_cov_25.666161,mobileOG_000351488_NODE_9_length_254436_cov_25.666161
257,mobileOG_000368554|ogt|WP_033642088.1|replication/recombination/repair|NA|Plasmid RefSeq|Homology,NODE_9_length_254436_cov_25.666161_125 # 122725 # 123039 # -1 # ID=9_125;partial=00;start_type=ATG;rbs_motif=AGGA;rbs_spacer=5-10bp;gc_cont=0.632,100,219,104,1.25e-74,105,1,104,1,104,mobileOG_000368554,ogt,WP_033642088.1,replication/recombination/repair,NA,Plasmid RefSeq,Homology,NODE_9_length_254436_cov_25.666161_125, 122725 # 123039 # -1 , 122725,123039,-1 ,9_125,9,125,00,ATG,AGGA,5-10bp,0.632,NODE_9_length_254436_cov_25.666161,mobileOG_000368554_NODE_9_length_254436_cov_25.666161
258,mobileOG_000314374|ogt|WP_033647296.1|replication/recombination/repair|NA|Plasmid RefSeq|Homology,NODE_9_length_254436_cov_25.666161_125 # 122725 # 123039 # -1 # ID=9_125;partial=00;start_type=ATG;rbs_motif=AGGA;rbs_spacer=5-10bp;gc_cont=0.632,99.0,217,104,5.11e-74,105,1,104,1,104,mobileOG_000314374,ogt,WP_033647296.1,replication/recombination/repair,NA,Plasmid RefSeq,Homology,NODE_9_length_254436_cov_25.666161_125, 122725 # 123039 # -1 , 122725,123039,-1 ,9_125,9,125,00,ATG,AGGA,5-10bp,0.632,NODE_9_length_254436_cov_25.666161,mobileOG_000314374_NODE_9_length_254436_cov_25.666161
259,mobileOG_000374241|priC|WP_033642112.1|replication/recombination/repair|NA|Plasmid RefSeq|Homology,NODE_9_length_254436_cov_25.666161_158 # 153236 # 153772 # -1 # ID=9_158;partial=00;start_type=GTG;rbs_motif=GGAG/GAGG;rbs_spacer=5-10bp;gc_cont=0.655,99.4,322,178,6.01e-113,179,1,178,1,178,mobileOG_000374241,priC,WP_033642112.1,replication/recombination/repair,NA,Plasmid RefSeq,Homology,NODE_9_length_254436_cov_25.666161_158, 153236 # 153772 # -1 , 153236,153772,-1 ,9_158,9,158,00,GTG,GGAG/GAGG,5-10bp,0.655,NODE_9_length_254436_cov_25.666161,mobileOG_000374241_NODE_9_length_254436_cov_25.666161
260,mobileOG_000374240|priC|WP_033637350.1|replication/recombination/repair|NA|Plasmid RefSeq|Homology,NODE_9_length_254436_cov_25.666161_158 # 153236 # 153772 # -1 # ID=9_158;partial=00;start_type=GTG;rbs_motif=GGAG/GAGG;rbs_spacer=5-10bp;gc_cont=0.655,97.2,315,178,1.65e-110,179,1,178,1,178,mobileOG_000374240,priC,WP_033637350.1,replication/recombination/repair,NA,Plasmid RefSeq,Homology,NODE_9_length_254436_cov_25.666161_158, 153236 # 153772 # -1 , 153236,153772,-1 ,9_158,9,158,00,GTG,GGAG/GAGG,5-10bp,0.655,NODE_9_length_254436_cov_25.666161,mobileOG_000374240_NODE_9_length_254436_cov_25.666161
261,mobileOG_000365592|dnaX|WP_101453443.1|replication/recombination/repair|NA|Plasmid RefSeq|Homology,NODE_9_length_254436_cov_25.666161_161 # 155200 # 157158 # 1 # ID=9_161;partial=00;start_type=ATG;rbs_motif=None;rbs_spacer=None;gc_cont=0.650,98.3,1195,652,0.0,653,1,652,1,652,mobileOG_000365592,dnaX,WP_101453443.1,replication/recombination/repair,NA,Plasmid RefSeq,Homology,NODE_9_length_254436_cov_25.666161_161, 155200 # 157158 # 1 , 155200,157158,1 ,9_161,9,161,00,ATG,None,None,0.650,NODE_9_length_254436_cov_25.666161,mobileOG_000365592_NODE_9_length_254436_cov_25.666161
262,mobileOG_000365572|dnaX|WP_033647268.1|replication/recombination/repair|NA|Plasmid RefSeq|Homology,NODE_9_length_254436_cov_25.666161_161 # 155200 # 157158 # 1 # ID=9_161;partial=00;start_type=ATG;rbs_motif=None;rbs_spacer=None;gc_cont=0.650,96.0,1161,652,0.0,653,1,652,1,652,mobileOG_000365572,dnaX,WP_033647268.1,replication/recombination/repair,NA,Plasmid RefSeq,Homology,NODE_9_length_254436_cov_25.666161_161, 155200 # 157158 # 1 , 155200,157158,1 ,9_161,9,161,00,ATG,None,None,0.650,NODE_9_length_254436_cov_25.666161,mobileOG_000365572_NODE_9_length_254436_cov_25.666161
263,mobileOG_000368514|recR|WP_004940263.1|replication/recombination/repair|NA|Plasmid RefSeq|Homology,NODE_9_length_254436_cov_25.666161_163 # 157529 # 158134 # 1 # ID=9_163;partial=00;start_type=ATG;rbs_motif=None;rbs_spacer=None;gc_cont=0.665,100,402,201,3.31e-144,202,1,201,1,201,mobileOG_000368514,recR,WP_004940263.1,replication/recombination/repair,NA,Plasmid RefSeq,Homology,NODE_9_length_254436_cov_25.666161_163, 157529 # 158134 # 1 , 157529,158134,1 ,9_163,9,163,00,ATG,None,None,0.665,NODE_9_length_254436_cov_25.666161,mobileOG_000368514_NODE_9_length_254436_cov_25.666161
264,mobileOG_000025696|recR|WP_002892177.1|replication/recombination/repair|NA|Plasmid RefSeq|Manual,NODE_9_length_254436_cov_25.666161_163 # 157529 # 158134 # 1 # ID=9_163;partial=00;start_type=ATG;rbs_motif=None;rbs_spacer=None;gc_cont=0.665,91.5,370,201,2.12e-131,202,1,201,1,201,mobileOG_000025696,recR,WP_002892177.1,replication/recombination/repair,NA,Plasmid RefSeq,Manual,NODE_9_length_254436_cov_25.666161_163, 157529 # 158134 # 1 , 157529,158134,1 ,9_163,9,163,00,ATG,None,None,0.665,NODE_9_length_254436_cov_25.666161,mobileOG_000025696_NODE_9_length_254436_cov_25.666161
265,mobileOG_000295145|recR|WP_006809843.1|replication/recombination/repair|NA|Plasmid RefSeq|Homology,NODE_9_length_254436_cov_25.666161_163 # 157529 # 158134 # 1 # ID=9_163;partial=00;start_type=ATG;rbs_motif=None;rbs_spacer=None;gc_cont=0.665,91.5,369,201,8.64e-131,202,1,201,1,201,mobileOG_000295145,recR,WP_006809843.1,replication/recombination/repair,NA,Plasmid RefSeq,Homology,NODE_9_length_254436_cov_25.666161_163, 157529 # 158134 # 1 , 157529,158134,1 ,9_163,9,163,00,ATG,None,None,0.665,NODE_9_length_254436_cov_25.666161,mobileOG_000295145_NODE_9_length_254436_cov_25.666161
266,mobileOG_000025590|recR|A0A192CI29|replication/recombination/repair|NA|Plasmid RefSeq|Manual,NODE_9_length_254436_cov_25.666161_163 # 157529 # 158134 # 1 # ID=9_163;partial=00;start_type=ATG;rbs_motif=None;rbs_spacer=None;gc_cont=0.665,90.5,367,201,3.52e-130,202,1,201,1,201,mobileOG_000025590,recR,A0A192CI29,replication/recombination/repair,NA,Plasmid RefSeq,Manual,NODE_9_length_254436_cov_25.666161_163, 157529 # 158134 # 1 , 157529,158134,1 ,9_163,9,163,00,ATG,None,None,0.665,NODE_9_length_254436_cov_25.666161,mobileOG_000025590_NODE_9_length_254436_cov_25.666161
267,mobileOG_000025506|recR|A0A0A5T261|replication/recombination/repair|NA|Plasmid RefSeq|Manual,NODE_9_length_254436_cov_25.666161_163 # 157529 # 158134 # 1 # ID=9_163;partial=00;start_type=ATG;rbs_motif=None;rbs_spacer=None;gc_cont=0.665,90.5,367,201,5.00e-130,202,1,201,1,201,mobileOG_000025506,recR,A0A0A5T261,replication/recombination/repair,NA,Plasmid RefSeq,Manual,NODE_9_length_254436_cov_25.666161_163, 157529 # 158134 # 1 , 157529,158134,1 ,9_163,9,163,00,ATG,None,None,0.665,NODE_9_length_254436_cov_25.666161,mobileOG_000025506_NODE_9_length_254436_cov_25.666161
268,mobileOG_000556803|NA:Keyword|A0A2S4XFV4|transfer|NA|GPD|Keyword Search,NODE_9_length_254436_cov_25.666161_178 # 176776 # 177582 # -1 # ID=9_178;partial=00;start_type=ATG;rbs_motif=AGGAG;rbs_spacer=5-10bp;gc_cont=0.660,95.9,509,268,2.36e-184,269,1,268,1,268,mobileOG_000556803,NA:Keyword,A0A2S4XFV4,transfer,NA,GPD,Keyword Search,NODE_9_length_254436_cov_25.666161_178, 176776 # 177582 # -1 , 176776,177582,-1 ,9_178,9,178,00,ATG,AGGAG,5-10bp,0.660,NODE_9_length_254436_cov_25.666161,mobileOG_000556803_NODE_9_length_254436_cov_25.666161
269,"mobileOG_000368513|qmcA|WP_004940203.1|phage|lysis/lysogeny,regulation|Multiple|Homology",NODE_9_length_254436_cov_25.666161_183 # 183352 # 184257 # -1 # ID=9_183;partial=00;start_type=ATG;rbs_motif=AGGAG;rbs_spacer=5-10bp;gc_cont=0.615,100,459,301,1.86e-163,302,1,301,1,301,mobileOG_000368513,qmcA,WP_004940203.1,phage,"lysis/lysogeny,regulation",Multiple,Homology,NODE_9_length_254436_cov_25.666161_183, 183352 # 184257 # -1 , 183352,184257,-1 ,9_183,9,183,00,ATG,AGGAG,5-10bp,0.615,NODE_9_length_254436_cov_25.666161,mobileOG_000368513_NODE_9_length_254436_cov_25.666161
270,mobileOG_000327716|holA|WP_033647201.1|replication/recombination/repair|NA|Plasmid RefSeq|Homology,NODE_9_length_254436_cov_25.666161_236 # 236009 # 237043 # -1 # ID=9_236;partial=00;start_type=ATG;rbs_motif=None;rbs_spacer=None;gc_cont=0.646,99.7,668,344,1.35e-244,345,1,344,1,344,mobileOG_000327716,holA,WP_033647201.1,replication/recombination/repair,NA,Plasmid RefSeq,Homology,NODE_9_length_254436_cov_25.666161_236, 236009 # 237043 # -1 , 236009,237043,-1 ,9_236,9,236,00,ATG,None,None,0.646,NODE_9_length_254436_cov_25.666161,mobileOG_000327716_NODE_9_length_254436_cov_25.666161
271,mobileOG_000351495|holA|WP_047572366.1|replication/recombination/repair|NA|Plasmid RefSeq|Homology,NODE_9_length_254436_cov_25.666161_236 # 236009 # 237043 # -1 # ID=9_236;partial=00;start_type=ATG;rbs_motif=None;rbs_spacer=None;gc_cont=0.646,99.7,668,344,1.92e-244,345,1,344,1,344,mobileOG_000351495,holA,WP_047572366.1,replication/recombination/repair,NA,Plasmid RefSeq,Homology,NODE_9_length_254436_cov_25.666161_236, 236009 # 237043 # -1 , 236009,237043,-1 ,9_236,9,236,00,ATG,None,None,0.646,NODE_9_length_254436_cov_25.666161,mobileOG_000351495_NODE_9_length_254436_cov_25.666161
272,mobileOG_000368510|gyrA|WP_004935906.1|replication/recombination/repair|NA|Plasmid RefSeq|Homology,NODE_10_length_238268_cov_23.956186_13 # 14011 # 16653 # -1 # ID=10_13;partial=00;start_type=ATG;rbs_motif=GGA/GAG/AGG;rbs_spacer=5-10bp;gc_cont=0.600,100,1559,880,0.0,881,1,880,1,880,mobileOG_000368510,gyrA,WP_004935906.1,replication/recombination/repair,NA,Plasmid RefSeq,Homology,NODE_10_length_238268_cov_23.956186_13, 14011 # 16653 # -1 , 14011,16653,-1 ,10_13,10,13,00,ATG,GGA/GAG/AGG,5-10bp,0.600,NODE_10_length_238268_cov_23.956186,mobileOG_000368510_NODE_10_length_238268_cov_23.956186
273,mobileOG_000353677|gyrA|WP_101453951.1|replication/recombination/repair|NA|Plasmid RefSeq|Homology,NODE_10_length_238268_cov_23.956186_13 # 14011 # 16653 # -1 # ID=10_13;partial=00;start_type=ATG;rbs_motif=GGA/GAG/AGG;rbs_spacer=5-10bp;gc_cont=0.600,99.8,1556,880,0.0,881,1,880,1,880,mobileOG_000353677,gyrA,WP_101453951.1,replication/recombination/repair,NA,Plasmid RefSeq,Homology,NODE_10_length_238268_cov_23.956186_13, 14011 # 16653 # -1 , 14011,16653,-1 ,10_13,10,13,00,ATG,GGA/GAG/AGG,5-10bp,0.600,NODE_10_length_238268_cov_23.956186,mobileOG_000353677_NODE_10_length_238268_cov_23.956186
274,mobileOG_000356476|srnB|WP_004935921.1|stability/transfer/defense|NA|Plasmid RefSeq|Homology,NODE_10_length_238268_cov_23.956186_18 # 21840 # 21992 # -1 # ID=10_18;partial=00;start_type=ATG;rbs_motif=AGGAG;rbs_spacer=5-10bp;gc_cont=0.431,100,100,50,4.02e-29,51,1,50,1,50,mobileOG_000356476,srnB,WP_004935921.1,stability/transfer/defense,NA,Plasmid RefSeq,Homology,NODE_10_length_238268_cov_23.956186_18, 21840 # 21992 # -1 , 21840,21992,-1 ,10_18,10,18,00,ATG,AGGAG,5-10bp,0.431,NODE_10_length_238268_cov_23.956186,mobileOG_000356476_NODE_10_length_238268_cov_23.956186
275,mobileOG_000748214|NA:Keyword|WP_033648105.1|stability/transfer/defense|NA|Plasmid RefSeq|Keyword Search,NODE_10_length_238268_cov_23.956186_146 # 152325 # 152762 # 1 # ID=10_146;partial=00;start_type=GTG;rbs_motif=GGA/GAG/AGG;rbs_spacer=5-10bp;gc_cont=0.589,93.1,270,145,1.36e-93,146,1,145,1,145,mobileOG_000748214,NA:Keyword,WP_033648105.1,stability/transfer/defense,NA,Plasmid RefSeq,Keyword Search,NODE_10_length_238268_cov_23.956186_146, 152325 # 152762 # 1 , 152325,152762,1 ,10_146,10,146,00,GTG,GGA/GAG/AGG,5-10bp,0.589,NODE_10_length_238268_cov_23.956186,mobileOG_000748214_NODE_10_length_238268_cov_23.956186
276,mobileOG_000555868|NA:Keyword|WP_033648105.1|stability/transfer/defense|NA|GPD|Keyword Search,NODE_10_length_238268_cov_23.956186_146 # 152325 # 152762 # 1 # ID=10_146;partial=00;start_type=GTG;rbs_motif=GGA/GAG/AGG;rbs_spacer=5-10bp;gc_cont=0.589,91.7,266,145,3.21e-92,146,1,145,1,145,mobileOG_000555868,NA:Keyword,WP_033648105.1,stability/transfer/defense,NA,GPD,Keyword Search,NODE_10_length_238268_cov_23.956186_146, 152325 # 152762 # 1 , 152325,152762,1 ,10_146,10,146,00,GTG,GGA/GAG/AGG,5-10bp,0.589,NODE_10_length_238268_cov_23.956186,mobileOG_000555868_NODE_10_length_238268_cov_23.956186
277,mobileOG_000327452|ligA|WP_101453266.1|replication/recombination/repair|NA|Plasmid RefSeq|Homology,NODE_10_length_238268_cov_23.956186_182 # 192303 # 194282 # -1 # ID=10_182;partial=00;start_type=TTG;rbs_motif=GGA/GAG/AGG;rbs_spacer=5-10bp;gc_cont=0.656,99.5,1268,673,0.0,660,15,673,1,659,mobileOG_000327452,ligA,WP_101453266.1,replication/recombination/repair,NA,Plasmid RefSeq,Homology,NODE_10_length_238268_cov_23.956186_182, 192303 # 194282 # -1 , 192303,194282,-1 ,10_182,10,182,00,TTG,GGA/GAG/AGG,5-10bp,0.656,NODE_10_length_238268_cov_23.956186,mobileOG_000327452_NODE_10_length_238268_cov_23.956186
278,mobileOG_000330260|ligA|WP_033654989.1|replication/recombination/repair|NA|Plasmid RefSeq|Homology,NODE_10_length_238268_cov_23.956186_182 # 192303 # 194282 # -1 # ID=10_182;partial=00;start_type=TTG;rbs_motif=GGA/GAG/AGG;rbs_spacer=5-10bp;gc_cont=0.656,99.1,1265,673,0.0,660,15,673,1,659,mobileOG_000330260,ligA,WP_033654989.1,replication/recombination/repair,NA,Plasmid RefSeq,Homology,NODE_10_length_238268_cov_23.956186_182, 192303 # 194282 # -1 , 192303,194282,-1 ,10_182,10,182,00,TTG,GGA/GAG/AGG,5-10bp,0.656,NODE_10_length_238268_cov_23.956186,mobileOG_000330260_NODE_10_length_238268_cov_23.956186
279,mobileOG_000319971|recX|WP_033649272.1|replication/recombination/repair|NA|Plasmid RefSeq|Homology,NODE_11_length_225577_cov_28.328319_3 # 3682 # 4200 # -1 # ID=11_3;partial=00;start_type=ATG;rbs_motif=GGA/GAG/AGG;rbs_spacer=5-10bp;gc_cont=0.574,95.9,328,170,9.12e-116,173,1,170,2,172,mobileOG_000319971,recX,WP_033649272.1,replication/recombination/repair,NA,Plasmid RefSeq,Homology,NODE_11_length_225577_cov_28.328319_3, 3682 # 4200 # -1 , 3682,4200,-1 ,11_3,11,3,00,ATG,GGA/GAG/AGG,5-10bp,0.574,NODE_11_length_225577_cov_28.328319,mobileOG_000319971_NODE_11_length_225577_cov_28.328319
280,mobileOG_000023828|recA|WP_004932541.1|replication/recombination/repair|NA|Plasmid RefSeq|Manual,NODE_11_length_225577_cov_28.328319_4 # 4258 # 5322 # -1 # ID=11_4;partial=00;start_type=ATG;rbs_motif=AGGAG;rbs_spacer=5-10bp;gc_cont=0.578,100,685,354,8.21e-251,355,1,354,1,354,mobileOG_000023828,recA,WP_004932541.1,replication/recombination/repair,NA,Plasmid RefSeq,Manual,NODE_11_length_225577_cov_28.328319_4, 4258 # 5322 # -1 , 4258,5322,-1 ,11_4,11,4,00,ATG,AGGAG,5-10bp,0.578,NODE_11_length_225577_cov_28.328319,mobileOG_000023828_NODE_11_length_225577_cov_28.328319
281,mobileOG_000191114|recA|A0A447LSS3|replication/recombination/repair|NA|GPD|Homology,NODE_11_length_225577_cov_28.328319_4 # 4258 # 5322 # -1 # ID=11_4;partial=00;start_type=ATG;rbs_motif=AGGAG;rbs_spacer=5-10bp;gc_cont=0.578,90.4,625,354,3.42e-227,355,1,354,1,354,mobileOG_000191114,recA,A0A447LSS3,replication/recombination/repair,NA,GPD,Homology,NODE_11_length_225577_cov_28.328319_4, 4258 # 5322 # -1 , 4258,5322,-1 ,11_4,11,4,00,ATG,AGGAG,5-10bp,0.578,NODE_11_length_225577_cov_28.328319,mobileOG_000191114_NODE_11_length_225577_cov_28.328319
282,mobileOG_000282617|recA|WP_004155913.1|replication/recombination/repair|NA|Plasmid RefSeq|Homology,NODE_11_length_225577_cov_28.328319_4 # 4258 # 5322 # -1 # ID=11_4;partial=00;start_type=ATG;rbs_motif=AGGAG;rbs_spacer=5-10bp;gc_cont=0.578,94.2,604,355,5.99e-219,355,1,329,1,329,mobileOG_000282617,recA,WP_004155913.1,replication/recombination/repair,NA,Plasmid RefSeq,Homology,NODE_11_length_225577_cov_28.328319_4, 4258 # 5322 # -1 , 4258,5322,-1 ,11_4,11,4,00,ATG,AGGAG,5-10bp,0.578,NODE_11_length_225577_cov_28.328319,mobileOG_000282617_NODE_11_length_225577_cov_28.328319
283,mobileOG_000288450|recA|A0A422XBN5|replication/recombination/repair|NA|Plasmid RefSeq|Homology,NODE_11_length_225577_cov_28.328319_4 # 4258 # 5322 # -1 # ID=11_4;partial=00;start_type=ATG;rbs_motif=AGGAG;rbs_spacer=5-10bp;gc_cont=0.578,92.4,600,352,2.54e-217,355,1,331,1,331,mobileOG_000288450,recA,A0A422XBN5,replication/recombination/repair,NA,Plasmid RefSeq,Homology,NODE_11_length_225577_cov_28.328319_4, 4258 # 5322 # -1 , 4258,5322,-1 ,11_4,11,4,00,ATG,AGGAG,5-10bp,0.578,NODE_11_length_225577_cov_28.328319,mobileOG_000288450_NODE_11_length_225577_cov_28.328319
284,mobileOG_000023825|recA|WP_002914769.1|replication/recombination/repair|NA|Plasmid RefSeq|Manual,NODE_11_length_225577_cov_28.328319_4 # 4258 # 5322 # -1 # ID=11_4;partial=00;start_type=ATG;rbs_motif=AGGAG;rbs_spacer=5-10bp;gc_cont=0.578,92.1,598,352,1.03e-216,355,1,331,1,331,mobileOG_000023825,recA,WP_002914769.1,replication/recombination/repair,NA,Plasmid RefSeq,Manual,NODE_11_length_225577_cov_28.328319_4, 4258 # 5322 # -1 , 4258,5322,-1 ,11_4,11,4,00,ATG,AGGAG,5-10bp,0.578,NODE_11_length_225577_cov_28.328319,mobileOG_000023825_NODE_11_length_225577_cov_28.328319
285,mobileOG_000333655|ygaD|WP_033649270.1|transfer|competence|Plasmid RefSeq|Homology,NODE_11_length_225577_cov_28.328319_5 # 5434 # 5922 # -1 # ID=11_5;partial=00;start_type=ATG;rbs_motif=GGAGG;rbs_spacer=3-4bp;gc_cont=0.661,97.5,300,162,8.83e-105,163,1,162,1,162,mobileOG_000333655,ygaD,WP_033649270.1,transfer,competence,Plasmid RefSeq,Homology,NODE_11_length_225577_cov_28.328319_5, 5434 # 5922 # -1 , 5434,5922,-1 ,11_5,11,5,00,ATG,GGAGG,3-4bp,0.661,NODE_11_length_225577_cov_28.328319,mobileOG_000333655_NODE_11_length_225577_cov_28.328319
286,mobileOG_000282667|mutS|WP_101456629.1|replication/recombination/repair|NA|Plasmid RefSeq|Homology,NODE_11_length_225577_cov_28.328319_16 # 16983 # 19538 # 1 # ID=11_16;partial=00;start_type=ATG;rbs_motif=GGA/GAG/AGG;rbs_spacer=11-12bp;gc_cont=0.636,98.8,1611,853,0.0,852,11,853,9,851,mobileOG_000282667,mutS,WP_101456629.1,replication/recombination/repair,NA,Plasmid RefSeq,Homology,NODE_11_length_225577_cov_28.328319_16, 16983 # 19538 # 1 , 16983,19538,1 ,11_16,11,16,00,ATG,GGA/GAG/AGG,11-12bp,0.636,NODE_11_length_225577_cov_28.328319,mobileOG_000282667_NODE_11_length_225577_cov_28.328319
287,mobileOG_000368556|mazG|WP_033649234.1|stability/transfer/defense|regulation|Plasmid RefSeq|Homology,NODE_11_length_225577_cov_28.328319_50 # 55521 # 56315 # -1 # ID=11_50;partial=00;start_type=ATG;rbs_motif=GGA/GAG/AGG;rbs_spacer=5-10bp;gc_cont=0.610,97.0,502,264,1.94e-181,265,1,263,1,263,mobileOG_000368556,mazG,WP_033649234.1,stability/transfer/defense,regulation,Plasmid RefSeq,Homology,NODE_11_length_225577_cov_28.328319_50, 55521 # 56315 # -1 , 55521,56315,-1 ,11_50,11,50,00,ATG,GGA/GAG/AGG,5-10bp,0.610,NODE_11_length_225577_cov_28.328319,mobileOG_000368556_NODE_11_length_225577_cov_28.328319
288,mobileOG_000368504|ftsZ|WP_004932757.1|replication/recombination/repair|NA|Plasmid RefSeq|Homology,NODE_11_length_225577_cov_28.328319_78 # 86093 # 87247 # -1 # ID=11_78;partial=00;start_type=ATG;rbs_motif=GGAG/GAGG;rbs_spacer=5-10bp;gc_cont=0.598,100,729,384,1.77e-267,385,1,384,1,384,mobileOG_000368504,ftsZ,WP_004932757.1,replication/recombination/repair,NA,Plasmid RefSeq,Homology,NODE_11_length_225577_cov_28.328319_78, 86093 # 87247 # -1 , 86093,87247,-1 ,11_78,11,78,00,ATG,GGAG/GAGG,5-10bp,0.598,NODE_11_length_225577_cov_28.328319,mobileOG_000368504_NODE_11_length_225577_cov_28.328319
289,mobileOG_000326016|ftsZ|WP_002888628.1|replication/recombination/repair|NA|Plasmid RefSeq|Homology,NODE_11_length_225577_cov_28.328319_78 # 86093 # 87247 # -1 # ID=11_78;partial=00;start_type=ATG;rbs_motif=GGAG/GAGG;rbs_spacer=5-10bp;gc_cont=0.598,96.1,693,383,5.12e-253,385,1,383,1,384,mobileOG_000326016,ftsZ,WP_002888628.1,replication/recombination/repair,NA,Plasmid RefSeq,Homology,NODE_11_length_225577_cov_28.328319_78, 86093 # 87247 # -1 , 86093,87247,-1 ,11_78,11,78,00,ATG,GGAG/GAGG,5-10bp,0.598,NODE_11_length_225577_cov_28.328319,mobileOG_000326016_NODE_11_length_225577_cov_28.328319
290,mobileOG_000331629|ftsZ|WP_000462776.1|replication/recombination/repair|NA|Plasmid RefSeq|Homology,NODE_11_length_225577_cov_28.328319_78 # 86093 # 87247 # -1 # ID=11_78;partial=00;start_type=ATG;rbs_motif=GGAG/GAGG;rbs_spacer=5-10bp;gc_cont=0.598,95.3,689,383,1.71e-251,385,1,383,1,384,mobileOG_000331629,ftsZ,WP_000462776.1,replication/recombination/repair,NA,Plasmid RefSeq,Homology,NODE_11_length_225577_cov_28.328319_78, 86093 # 87247 # -1 , 86093,87247,-1 ,11_78,11,78,00,ATG,GGAG/GAGG,5-10bp,0.598,NODE_11_length_225577_cov_28.328319,mobileOG_000331629_NODE_11_length_225577_cov_28.328319
291,mobileOG_000347821|polB|WP_060438125.1|replication/recombination/repair|NA|Plasmid RefSeq|Homology,NODE_11_length_225577_cov_28.328319_113 # 128515 # 130881 # 1 # ID=11_113;partial=00;start_type=ATG;rbs_motif=3Base/5BMM;rbs_spacer=13-15bp;gc_cont=0.638,98.0,1585,788,0.0,789,1,788,1,788,mobileOG_000347821,polB,WP_060438125.1,replication/recombination/repair,NA,Plasmid RefSeq,Homology,NODE_11_length_225577_cov_28.328319_113, 128515 # 130881 # 1 , 128515,130881,1 ,11_113,11,113,00,ATG,3Base/5BMM,13-15bp,0.638,NODE_11_length_225577_cov_28.328319,mobileOG_000347821_NODE_11_length_225577_cov_28.328319
292,mobileOG_000332824|dnaJ|WP_033637051.1|replication/recombination/repair|NA|Plasmid RefSeq|Homology,NODE_11_length_225577_cov_28.328319_145 # 169564 # 170688 # -1 # ID=11_145;partial=00;start_type=ATG;rbs_motif=GGA/GAG/AGG;rbs_spacer=11-12bp;gc_cont=0.608,99.5,653,374,1.21e-237,375,1,374,1,374,mobileOG_000332824,dnaJ,WP_033637051.1,replication/recombination/repair,NA,Plasmid RefSeq,Homology,NODE_11_length_225577_cov_28.328319_145, 169564 # 170688 # -1 , 169564,170688,-1 ,11_145,11,145,00,ATG,GGA/GAG/AGG,11-12bp,0.608,NODE_11_length_225577_cov_28.328319,mobileOG_000332824_NODE_11_length_225577_cov_28.328319
293,"mobileOG_000281499|dnaK|WP_004932972.1|phage|infection,regulation|Plasmid RefSeq|Homology",NODE_11_length_225577_cov_28.328319_146 # 170795 # 172708 # -1 # ID=11_146;partial=00;start_type=ATG;rbs_motif=GGAG/GAGG;rbs_spacer=5-10bp;gc_cont=0.576,99.7,1197,637,0.0,638,1,637,1,637,mobileOG_000281499,dnaK,WP_004932972.1,phage,"infection,regulation",Plasmid RefSeq,Homology,NODE_11_length_225577_cov_28.328319_146, 170795 # 172708 # -1 , 170795,172708,-1 ,11_146,11,146,00,ATG,GGAG/GAGG,5-10bp,0.576,NODE_11_length_225577_cov_28.328319,mobileOG_000281499_NODE_11_length_225577_cov_28.328319
294,"mobileOG_000281490|dnaK|WP_000516135.1|phage|infection,regulation|Multiple|Homology",NODE_11_length_225577_cov_28.328319_146 # 170795 # 172708 # -1 # ID=11_146;partial=00;start_type=ATG;rbs_motif=GGAG/GAGG;rbs_spacer=5-10bp;gc_cont=0.576,91.3,1095,638,0.0,638,1,638,1,637,mobileOG_000281490,dnaK,WP_000516135.1,phage,"infection,regulation",Multiple,Homology,NODE_11_length_225577_cov_28.328319_146, 170795 # 172708 # -1 , 170795,172708,-1 ,11_146,11,146,00,ATG,GGAG/GAGG,5-10bp,0.576,NODE_11_length_225577_cov_28.328319,mobileOG_000281490_NODE_11_length_225577_cov_28.328319
295,"mobileOG_000281497|dnaK|WP_004146997.1|phage|infection,regulation|Plasmid RefSeq|Homology",NODE_11_length_225577_cov_28.328319_146 # 170795 # 172708 # -1 # ID=11_146;partial=00;start_type=ATG;rbs_motif=GGAG/GAGG;rbs_spacer=5-10bp;gc_cont=0.576,90.5,1090,638,0.0,638,1,638,1,637,mobileOG_000281497,dnaK,WP_004146997.1,phage,"infection,regulation",Plasmid RefSeq,Homology,NODE_11_length_225577_cov_28.328319_146, 170795 # 172708 # -1 , 170795,172708,-1 ,11_146,11,146,00,ATG,GGAG/GAGG,5-10bp,0.576,NODE_11_length_225577_cov_28.328319,mobileOG_000281497_NODE_11_length_225577_cov_28.328319
296,mobileOG_000301582|radA|WP_025159617.1|replication/recombination/repair|competence|Plasmid RefSeq|Homology,NODE_11_length_225577_cov_28.328319_175 # 204853 # 206238 # -1 # ID=11_175;partial=00;start_type=GTG;rbs_motif=GGAG/GAGG;rbs_spacer=5-10bp;gc_cont=0.650,99.6,894,461,0.0,462,1,461,1,461,mobileOG_000301582,radA,WP_025159617.1,replication/recombination/repair,competence,Plasmid RefSeq,Homology,NODE_11_length_225577_cov_28.328319_175, 204853 # 206238 # -1 , 204853,206238,-1 ,11_175,11,175,00,GTG,GGAG/GAGG,5-10bp,0.650,NODE_11_length_225577_cov_28.328319,mobileOG_000301582_NODE_11_length_225577_cov_28.328319
297,mobileOG_000025504|radA|A0A0H3JJ52|replication/recombination/repair|NA|Plasmid RefSeq|Manual,NODE_11_length_225577_cov_28.328319_175 # 204853 # 206238 # -1 # ID=11_175;partial=00;start_type=GTG;rbs_motif=GGAG/GAGG;rbs_spacer=5-10bp;gc_cont=0.650,91.9,831,460,4.03e-305,462,1,458,1,458,mobileOG_000025504,radA,A0A0H3JJ52,replication/recombination/repair,NA,Plasmid RefSeq,Manual,NODE_11_length_225577_cov_28.328319_175, 204853 # 206238 # -1 , 204853,206238,-1 ,11_175,11,175,00,GTG,GGAG/GAGG,5-10bp,0.650,NODE_11_length_225577_cov_28.328319,mobileOG_000025504_NODE_11_length_225577_cov_28.328319
298,mobileOG_000334077|radA|WP_001029696.1|replication/recombination/repair|competence|Plasmid RefSeq|Homology,NODE_11_length_225577_cov_28.328319_175 # 204853 # 206238 # -1 # ID=11_175;partial=00;start_type=GTG;rbs_motif=GGAG/GAGG;rbs_spacer=5-10bp;gc_cont=0.650,91.7,830,460,1.64e-304,462,1,458,1,458,mobileOG_000334077,radA,WP_001029696.1,replication/recombination/repair,competence,Plasmid RefSeq,Homology,NODE_11_length_225577_cov_28.328319_175, 204853 # 206238 # -1 , 204853,206238,-1 ,11_175,11,175,00,GTG,GGAG/GAGG,5-10bp,0.650,NODE_11_length_225577_cov_28.328319,mobileOG_000334077_NODE_11_length_225577_cov_28.328319
299,mobileOG_000336472|radA|WP_101416475.1|replication/recombination/repair|competence|Plasmid RefSeq|Homology,NODE_11_length_225577_cov_28.328319_175 # 204853 # 206238 # -1 # ID=11_175;partial=00;start_type=GTG;rbs_motif=GGAG/GAGG;rbs_spacer=5-10bp;gc_cont=0.650,90.8,820,460,1.50e-300,462,1,458,1,458,mobileOG_000336472,radA,WP_101416475.1,replication/recombination/repair,competence,Plasmid RefSeq,Homology,NODE_11_length_225577_cov_28.328319_175, 204853 # 206238 # -1 , 204853,206238,-1 ,11_175,11,175,00,GTG,GGAG/GAGG,5-10bp,0.650,NODE_11_length_225577_cov_28.328319,mobileOG_000336472_NODE_11_length_225577_cov_28.328319
300,mobileOG_000753638|NA:Keyword|WP_033649126.1|stability/transfer/defense|NA|Plasmid RefSeq|Keyword Search,NODE_11_length_225577_cov_28.328319_178 # 208031 # 209374 # -1 # ID=11_178;partial=00;start_type=ATG;rbs_motif=None;rbs_spacer=None;gc_cont=0.609,94.9,840,447,4.40e-309,448,1,447,1,447,mobileOG_000753638,NA:Keyword,WP_033649126.1,stability/transfer/defense,NA,Plasmid RefSeq,Keyword Search,NODE_11_length_225577_cov_28.328319_178, 208031 # 209374 # -1 , 208031,209374,-1 ,11_178,11,178,00,ATG,None,None,0.609,NODE_11_length_225577_cov_28.328319,mobileOG_000753638_NODE_11_length_225577_cov_28.328319
301,mobileOG_000368530|alkB|WP_019452474.1|replication/recombination/repair|NA|Plasmid RefSeq|Homology,NODE_12_length_213623_cov_23.427866_6 # 3023 # 3670 # -1 # ID=12_6;partial=00;start_type=ATG;rbs_motif=GGA/GAG/AGG;rbs_spacer=5-10bp;gc_cont=0.679,97.7,447,215,1.98e-161,216,1,215,1,215,mobileOG_000368530,alkB,WP_019452474.1,replication/recombination/repair,NA,Plasmid RefSeq,Homology,NODE_12_length_213623_cov_23.427866_6, 3023 # 3670 # -1 , 3023,3670,-1 ,12_6,12,6,00,ATG,GGA/GAG/AGG,5-10bp,0.679,NODE_12_length_213623_cov_23.427866,mobileOG_000368530_NODE_12_length_213623_cov_23.427866
302,mobileOG_000333875|alkB|WP_033654914.1|replication/recombination/repair|NA|Plasmid RefSeq|Homology,NODE_12_length_213623_cov_23.427866_6 # 3023 # 3670 # -1 # ID=12_6;partial=00;start_type=ATG;rbs_motif=GGA/GAG/AGG;rbs_spacer=5-10bp;gc_cont=0.679,97.2,442,215,1.34e-159,216,1,215,1,215,mobileOG_000333875,alkB,WP_033654914.1,replication/recombination/repair,NA,Plasmid RefSeq,Homology,NODE_12_length_213623_cov_23.427866_6, 3023 # 3670 # -1 , 3023,3670,-1 ,12_6,12,6,00,ATG,GGA/GAG/AGG,5-10bp,0.679,NODE_12_length_213623_cov_23.427866,mobileOG_000333875_NODE_12_length_213623_cov_23.427866
303,"mobileOG_000330121|dpiA|WP_033654924.1|replication/recombination/repair|partitioning,regulation|Plasmid RefSeq|Homology",NODE_12_length_213623_cov_23.427866_19 # 16166 # 16852 # 1 # ID=12_19;partial=00;start_type=ATG;rbs_motif=None;rbs_spacer=None;gc_cont=0.654,100,446,228,2.20e-160,229,1,228,1,228,mobileOG_000330121,dpiA,WP_033654924.1,replication/recombination/repair,"partitioning,regulation",Plasmid RefSeq,Homology,NODE_12_length_213623_cov_23.427866_19, 16166 # 16852 # 1 , 16166,16852,1 ,12_19,12,19,00,ATG,None,None,0.654,NODE_12_length_213623_cov_23.427866,mobileOG_000330121_NODE_12_length_213623_cov_23.427866
304,"mobileOG_000368534|dpiA|WP_021505854.1|replication/recombination/repair|partitioning,regulation|Plasmid RefSeq|Homology",NODE_12_length_213623_cov_23.427866_19 # 16166 # 16852 # 1 # ID=12_19;partial=00;start_type=ATG;rbs_motif=None;rbs_spacer=None;gc_cont=0.654,99.6,443,228,1.81e-159,229,1,228,1,228,mobileOG_000368534,dpiA,WP_021505854.1,replication/recombination/repair,"partitioning,regulation",Plasmid RefSeq,Homology,NODE_12_length_213623_cov_23.427866_19, 16166 # 16852 # 1 , 16166,16852,1 ,12_19,12,19,00,ATG,None,None,0.654,NODE_12_length_213623_cov_23.427866,mobileOG_000368534_NODE_12_length_213623_cov_23.427866
305,mobileOG_000361586|higA|WP_033635213.1|stability/transfer/defense|NA|Plasmid RefSeq|Homology,NODE_12_length_213623_cov_23.427866_55 # 57544 # 57846 # -1 # ID=12_55;partial=00;start_type=ATG;rbs_motif=AGGAG;rbs_spacer=5-10bp;gc_cont=0.578,99.0,191,100,1.29e-63,101,1,100,1,100,mobileOG_000361586,higA,WP_033635213.1,stability/transfer/defense,NA,Plasmid RefSeq,Homology,NODE_12_length_213623_cov_23.427866_55, 57544 # 57846 # -1 , 57544,57846,-1 ,12_55,12,55,00,ATG,AGGAG,5-10bp,0.578,NODE_12_length_213623_cov_23.427866,mobileOG_000361586_NODE_12_length_213623_cov_23.427866
306,mobileOG_000288460|higA|WP_017383313.1|stability/transfer/defense|NA|Plasmid RefSeq|Homology,NODE_12_length_213623_cov_23.427866_55 # 57544 # 57846 # -1 # ID=12_55;partial=00;start_type=ATG;rbs_motif=AGGAG;rbs_spacer=5-10bp;gc_cont=0.578,90.0,177,100,1.98e-58,101,1,100,1,100,mobileOG_000288460,higA,WP_017383313.1,stability/transfer/defense,NA,Plasmid RefSeq,Homology,NODE_12_length_213623_cov_23.427866_55, 57544 # 57846 # -1 , 57544,57846,-1 ,12_55,12,55,00,ATG,AGGAG,5-10bp,0.578,NODE_12_length_213623_cov_23.427866,mobileOG_000288460_NODE_12_length_213623_cov_23.427866
307,mobileOG_000291413|higA|A0A426WK01|stability/transfer/defense|NA|Plasmid RefSeq|Homology,NODE_12_length_213623_cov_23.427866_55 # 57544 # 57846 # -1 # ID=12_55;partial=00;start_type=ATG;rbs_motif=AGGAG;rbs_spacer=5-10bp;gc_cont=0.578,90.0,175,100,1.63e-57,101,1,100,1,100,mobileOG_000291413,higA,A0A426WK01,stability/transfer/defense,NA,Plasmid RefSeq,Homology,NODE_12_length_213623_cov_23.427866_55, 57544 # 57846 # -1 , 57544,57846,-1 ,12_55,12,55,00,ATG,AGGAG,5-10bp,0.578,NODE_12_length_213623_cov_23.427866,mobileOG_000291413_NODE_12_length_213623_cov_23.427866
308,mobileOG_000326136|sbcB|WP_101455532.1|replication/recombination/repair|stability/transfer/defense|Plasmid RefSeq|Homology,NODE_12_length_213623_cov_23.427866_151 # 140693 # 142120 # 1 # ID=12_151;partial=00;start_type=TTG;rbs_motif=GGA/GAG/AGG;rbs_spacer=5-10bp;gc_cont=0.619,98.9,950,475,0.0,476,1,475,1,475,mobileOG_000326136,sbcB,WP_101455532.1,replication/recombination/repair,stability/transfer/defense,Plasmid RefSeq,Homology,NODE_12_length_213623_cov_23.427866_151, 140693 # 142120 # 1 , 140693,142120,1 ,12_151,12,151,00,TTG,GGA/GAG/AGG,5-10bp,0.619,NODE_12_length_213623_cov_23.427866,mobileOG_000326136_NODE_12_length_213623_cov_23.427866
309,mobileOG_000331689|sbcB|WP_101453939.1|replication/recombination/repair|stability/transfer/defense|Plasmid RefSeq|Homology,NODE_12_length_213623_cov_23.427866_151 # 140693 # 142120 # 1 # ID=12_151;partial=00;start_type=TTG;rbs_motif=GGA/GAG/AGG;rbs_spacer=5-10bp;gc_cont=0.619,100,947,476,0.0,476,9,476,8,475,mobileOG_000331689,sbcB,WP_101453939.1,replication/recombination/repair,stability/transfer/defense,Plasmid RefSeq,Homology,NODE_12_length_213623_cov_23.427866_151, 140693 # 142120 # 1 , 140693,142120,1 ,12_151,12,151,00,TTG,GGA/GAG/AGG,5-10bp,0.619,NODE_12_length_213623_cov_23.427866,mobileOG_000331689_NODE_12_length_213623_cov_23.427866
310,mobileOG_000336681|sbcB|WP_060435614.1|replication/recombination/repair|stability/transfer/defense|Plasmid RefSeq|Homology,NODE_12_length_213623_cov_23.427866_151 # 140693 # 142120 # 1 # ID=12_151;partial=00;start_type=TTG;rbs_motif=GGA/GAG/AGG;rbs_spacer=5-10bp;gc_cont=0.619,99.6,945,476,0.0,476,9,476,8,475,mobileOG_000336681,sbcB,WP_060435614.1,replication/recombination/repair,stability/transfer/defense,Plasmid RefSeq,Homology,NODE_12_length_213623_cov_23.427866_151, 140693 # 142120 # 1 , 140693,142120,1 ,12_151,12,151,00,TTG,GGA/GAG/AGG,5-10bp,0.619,NODE_12_length_213623_cov_23.427866,mobileOG_000336681_NODE_12_length_213623_cov_23.427866
311,mobileOG_000365481|nfo|WP_033643802.1|replication/recombination/repair|NA|Plasmid RefSeq|Homology,NODE_12_length_213623_cov_23.427866_167 # 160003 # 160842 # 1 # ID=12_167;partial=00;start_type=ATG;rbs_motif=AGGAG;rbs_spacer=5-10bp;gc_cont=0.612,100,566,279,2.15e-206,280,1,279,1,279,mobileOG_000365481,nfo,WP_033643802.1,replication/recombination/repair,NA,Plasmid RefSeq,Homology,NODE_12_length_213623_cov_23.427866_167, 160003 # 160842 # 1 , 160003,160842,1 ,12_167,12,167,00,ATG,AGGAG,5-10bp,0.612,NODE_12_length_213623_cov_23.427866,mobileOG_000365481_NODE_12_length_213623_cov_23.427866
312,mobileOG_000365480|nfo|WP_033635262.1|replication/recombination/repair|NA|Plasmid RefSeq|Homology,NODE_12_length_213623_cov_23.427866_167 # 160003 # 160842 # 1 # ID=12_167;partial=00;start_type=ATG;rbs_motif=AGGAG;rbs_spacer=5-10bp;gc_cont=0.612,98.9,561,279,1.45e-204,280,1,279,1,279,mobileOG_000365480,nfo,WP_033635262.1,replication/recombination/repair,NA,Plasmid RefSeq,Homology,NODE_12_length_213623_cov_23.427866_167, 160003 # 160842 # 1 , 160003,160842,1 ,12_167,12,167,00,ATG,AGGAG,5-10bp,0.612,NODE_12_length_213623_cov_23.427866,mobileOG_000365480_NODE_12_length_213623_cov_23.427866
313,mobileOG_000341065|Fi_ORF45|WP_033635283.1|replication/recombination/repair|NA|Plasmid RefSeq|Homology,NODE_12_length_213623_cov_23.427866_193 # 191011 # 192768 # 1 # ID=12_193;partial=00;start_type=ATG;rbs_motif=None;rbs_spacer=None;gc_cont=0.642,99.3,1184,585,0.0,586,1,585,1,585,mobileOG_000341065,Fi_ORF45,WP_033635283.1,replication/recombination/repair,NA,Plasmid RefSeq,Homology,NODE_12_length_213623_cov_23.427866_193, 191011 # 192768 # 1 , 191011,192768,1 ,12_193,12,193,00,ATG,None,None,0.642,NODE_12_length_213623_cov_23.427866,mobileOG_000341065_NODE_12_length_213623_cov_23.427866
314,mobileOG_000314070|Fi_ORF45|WP_039565051.1|replication/recombination/repair|NA|Plasmid RefSeq|Homology,NODE_12_length_213623_cov_23.427866_193 # 191011 # 192768 # 1 # ID=12_193;partial=00;start_type=ATG;rbs_motif=None;rbs_spacer=None;gc_cont=0.642,99.3,1183,585,0.0,586,1,585,1,585,mobileOG_000314070,Fi_ORF45,WP_039565051.1,replication/recombination/repair,NA,Plasmid RefSeq,Homology,NODE_12_length_213623_cov_23.427866_193, 191011 # 192768 # 1 , 191011,192768,1 ,12_193,12,193,00,ATG,None,None,0.642,NODE_12_length_213623_cov_23.427866,mobileOG_000314070_NODE_12_length_213623_cov_23.427866
315,mobileOG_000351496|Fi_ORF45|WP_047574306.1|replication/recombination/repair|NA|Plasmid RefSeq|Homology,NODE_12_length_213623_cov_23.427866_193 # 191011 # 192768 # 1 # ID=12_193;partial=00;start_type=ATG;rbs_motif=None;rbs_spacer=None;gc_cont=0.642,99.1,1180,585,0.0,586,1,585,1,585,mobileOG_000351496,Fi_ORF45,WP_047574306.1,replication/recombination/repair,NA,Plasmid RefSeq,Homology,NODE_12_length_213623_cov_23.427866_193, 191011 # 192768 # 1 , 191011,192768,1 ,12_193,12,193,00,ATG,None,None,0.642,NODE_12_length_213623_cov_23.427866,mobileOG_000351496_NODE_12_length_213623_cov_23.427866
316,mobileOG_000596591|NA:Keyword|A0A0P0QH13|phage|NA|GPD|Keyword Search,NODE_12_length_213623_cov_23.427866_208 # 210929 # 211384 # -1 # ID=12_208;partial=00;start_type=ATG;rbs_motif=GGA/GAG/AGG;rbs_spacer=5-10bp;gc_cont=0.579,91.4,278,151,1.90e-96,152,1,151,1,151,mobileOG_000596591,NA:Keyword,A0A0P0QH13,phage,NA,GPD,Keyword Search,NODE_12_length_213623_cov_23.427866_208, 210929 # 211384 # -1 , 210929,211384,-1 ,12_208,12,208,00,ATG,GGA/GAG/AGG,5-10bp,0.579,NODE_12_length_213623_cov_23.427866,mobileOG_000596591_NODE_12_length_213623_cov_23.427866
317,mobileOG_000755095|NA:Keyword|WP_033651754.1|transfer|NA|Plasmid RefSeq|Keyword Search,NODE_13_length_182011_cov_31.108363_79 # 91657 # 92493 # -1 # ID=13_79;partial=00;start_type=ATG;rbs_motif=GGA/GAG/AGG;rbs_spacer=5-10bp;gc_cont=0.615,100,562,278,6.66e-205,279,1,278,1,278,mobileOG_000755095,NA:Keyword,WP_033651754.1,transfer,NA,Plasmid RefSeq,Keyword Search,NODE_13_length_182011_cov_31.108363_79, 91657 # 92493 # -1 , 91657,92493,-1 ,13_79,13,79,00,ATG,GGA/GAG/AGG,5-10bp,0.615,NODE_13_length_182011_cov_31.108363,mobileOG_000755095_NODE_13_length_182011_cov_31.108363
318,mobileOG_000754507|NA:Keyword|WP_016930391.1|transfer|NA|Plasmid RefSeq|Keyword Search,NODE_13_length_182011_cov_31.108363_79 # 91657 # 92493 # -1 # ID=13_79;partial=00;start_type=ATG;rbs_motif=GGA/GAG/AGG;rbs_spacer=5-10bp;gc_cont=0.615,98.9,559,278,1.10e-203,279,1,278,1,278,mobileOG_000754507,NA:Keyword,WP_016930391.1,transfer,NA,Plasmid RefSeq,Keyword Search,NODE_13_length_182011_cov_31.108363_79, 91657 # 92493 # -1 , 91657,92493,-1 ,13_79,13,79,00,ATG,GGA/GAG/AGG,5-10bp,0.615,NODE_13_length_182011_cov_31.108363,mobileOG_000754507_NODE_13_length_182011_cov_31.108363
319,mobileOG_000756355|NA:Keyword|WP_039569119.1|transfer|NA|Plasmid RefSeq|Keyword Search,NODE_13_length_182011_cov_31.108363_79 # 91657 # 92493 # -1 # ID=13_79;partial=00;start_type=ATG;rbs_motif=GGA/GAG/AGG;rbs_spacer=5-10bp;gc_cont=0.615,97.5,551,278,1.76e-200,279,1,278,1,278,mobileOG_000756355,NA:Keyword,WP_039569119.1,transfer,NA,Plasmid RefSeq,Keyword Search,NODE_13_length_182011_cov_31.108363_79, 91657 # 92493 # -1 , 91657,92493,-1 ,13_79,13,79,00,ATG,GGA/GAG/AGG,5-10bp,0.615,NODE_13_length_182011_cov_31.108363,mobileOG_000756355_NODE_13_length_182011_cov_31.108363
320,mobileOG_000340872|vapC|WP_016930378.1|stability/transfer/defense|NA|Plasmid RefSeq|Homology,NODE_13_length_182011_cov_31.108363_105 # 120683 # 121162 # -1 # ID=13_105;partial=00;start_type=ATG;rbs_motif=None;rbs_spacer=None;gc_cont=0.558,99.4,322,159,1.01e-113,160,1,159,1,159,mobileOG_000340872,vapC,WP_016930378.1,stability/transfer/defense,NA,Plasmid RefSeq,Homology,NODE_13_length_182011_cov_31.108363_105, 120683 # 121162 # -1 , 120683,121162,-1 ,13_105,13,105,00,ATG,None,None,0.558,NODE_13_length_182011_cov_31.108363,mobileOG_000340872_NODE_13_length_182011_cov_31.108363
321,mobileOG_000342074|vapC|WP_074026079.1|stability/transfer/defense|NA|Plasmid RefSeq|Homology,NODE_13_length_182011_cov_31.108363_105 # 120683 # 121162 # -1 # ID=13_105;partial=00;start_type=ATG;rbs_motif=None;rbs_spacer=None;gc_cont=0.558,97.5,318,159,2.37e-112,160,1,159,1,159,mobileOG_000342074,vapC,WP_074026079.1,stability/transfer/defense,NA,Plasmid RefSeq,Homology,NODE_13_length_182011_cov_31.108363_105, 120683 # 121162 # -1 , 120683,121162,-1 ,13_105,13,105,00,ATG,None,None,0.558,NODE_13_length_182011_cov_31.108363,mobileOG_000342074_NODE_13_length_182011_cov_31.108363
322,mobileOG_000342300|vapC|WP_033636311.1|stability/transfer/defense|NA|Plasmid RefSeq|Homology,NODE_13_length_182011_cov_31.108363_105 # 120683 # 121162 # -1 # ID=13_105;partial=00;start_type=ATG;rbs_motif=None;rbs_spacer=None;gc_cont=0.558,96.9,317,159,6.80e-112,160,1,159,1,159,mobileOG_000342300,vapC,WP_033636311.1,stability/transfer/defense,NA,Plasmid RefSeq,Homology,NODE_13_length_182011_cov_31.108363_105, 120683 # 121162 # -1 , 120683,121162,-1 ,13_105,13,105,00,ATG,None,None,0.558,NODE_13_length_182011_cov_31.108363,mobileOG_000342300_NODE_13_length_182011_cov_31.108363
323,mobileOG_000365508|dam_1|WP_047573438.1|stability/transfer/defense|NA|Plasmid RefSeq|Homology,NODE_13_length_182011_cov_31.108363_122 # 138207 # 138914 # 1 # ID=13_122;partial=00;start_type=GTG;rbs_motif=GGA/GAG/AGG;rbs_spacer=5-10bp;gc_cont=0.556,99.1,471,270,1.66e-169,236,36,270,1,235,mobileOG_000365508,dam_1,WP_047573438.1,stability/transfer/defense,NA,Plasmid RefSeq,Homology,NODE_13_length_182011_cov_31.108363_122, 138207 # 138914 # 1 , 138207,138914,1 ,13_122,13,122,00,GTG,GGA/GAG/AGG,5-10bp,0.556,NODE_13_length_182011_cov_31.108363,mobileOG_000365508_NODE_13_length_182011_cov_31.108363
324,mobileOG_000365493|dam_1|WP_004930319.1|stability/transfer/defense|NA|Plasmid RefSeq|Homology,NODE_13_length_182011_cov_31.108363_122 # 138207 # 138914 # 1 # ID=13_122;partial=00;start_type=GTG;rbs_motif=GGA/GAG/AGG;rbs_spacer=5-10bp;gc_cont=0.556,98.7,470,270,3.34e-169,236,36,270,1,235,mobileOG_000365493,dam_1,WP_004930319.1,stability/transfer/defense,NA,Plasmid RefSeq,Homology,NODE_13_length_182011_cov_31.108363_122, 138207 # 138914 # 1 , 138207,138914,1 ,13_122,13,122,00,GTG,GGA/GAG/AGG,5-10bp,0.556,NODE_13_length_182011_cov_31.108363,mobileOG_000365493_NODE_13_length_182011_cov_31.108363
325,mobileOG_000365501|dam_1|WP_033636297.1|stability/transfer/defense|NA|Plasmid RefSeq|Homology,NODE_13_length_182011_cov_31.108363_122 # 138207 # 138914 # 1 # ID=13_122;partial=00;start_type=GTG;rbs_motif=GGA/GAG/AGG;rbs_spacer=5-10bp;gc_cont=0.556,98.3,468,270,2.75e-168,236,36,270,1,235,mobileOG_000365501,dam_1,WP_033636297.1,stability/transfer/defense,NA,Plasmid RefSeq,Homology,NODE_13_length_182011_cov_31.108363_122, 138207 # 138914 # 1 , 138207,138914,1 ,13_122,13,122,00,GTG,GGA/GAG/AGG,5-10bp,0.556,NODE_13_length_182011_cov_31.108363,mobileOG_000365501_NODE_13_length_182011_cov_31.108363
326,mobileOG_000329165|recD|WP_101427295.1|replication/recombination/repair|NA|Plasmid RefSeq|Homology,NODE_14_length_170059_cov_27.294490_3 # 3023 # 4873 # -1 # ID=14_3;partial=00;start_type=ATG;rbs_motif=GGAGG;rbs_spacer=5-10bp;gc_cont=0.667,95.9,1116,616,0.0,617,1,616,1,616,mobileOG_000329165,recD,WP_101427295.1,replication/recombination/repair,NA,Plasmid RefSeq,Homology,NODE_14_length_170059_cov_27.294490_3, 3023 # 4873 # -1 , 3023,4873,-1 ,14_3,14,3,00,ATG,GGAGG,5-10bp,0.667,NODE_14_length_170059_cov_27.294490,mobileOG_000329165_NODE_14_length_170059_cov_27.294490
327,mobileOG_000336351|recB|WP_101427296.1|replication/recombination/repair|NA|Plasmid RefSeq|Homology,NODE_14_length_170059_cov_27.294490_4 # 4870 # 8421 # -1 # ID=14_4;partial=00;start_type=ATG;rbs_motif=None;rbs_spacer=None;gc_cont=0.630,96.8,2273,1183,0.0,1184,1,1183,1,1183,mobileOG_000336351,recB,WP_101427296.1,replication/recombination/repair,NA,Plasmid RefSeq,Homology,NODE_14_length_170059_cov_27.294490_4, 4870 # 8421 # -1 , 4870,8421,-1 ,14_4,14,4,00,ATG,None,None,0.630,NODE_14_length_170059_cov_27.294490,mobileOG_000336351_NODE_14_length_170059_cov_27.294490
328,mobileOG_000327740|recC|WP_101427297.1|replication/recombination/repair|NA|Plasmid RefSeq|Homology,NODE_14_length_170059_cov_27.294490_6 # 11539 # 14910 # -1 # ID=14_6;partial=00;start_type=ATG;rbs_motif=AGGAG;rbs_spacer=5-10bp;gc_cont=0.622,96.7,2195,1123,0.0,1124,1,1123,1,1123,mobileOG_000327740,recC,WP_101427297.1,replication/recombination/repair,NA,Plasmid RefSeq,Homology,NODE_14_length_170059_cov_27.294490_6, 11539 # 14910 # -1 , 11539,14910,-1 ,14_6,14,6,00,ATG,AGGAG,5-10bp,0.622,NODE_14_length_170059_cov_27.294490,mobileOG_000327740_NODE_14_length_170059_cov_27.294490
329,"mobileOG_000368528|thyA|WP_016929918.1|phage|replication,infection,regulation|Plasmid RefSeq|Homology",NODE_14_length_170059_cov_27.294490_11 # 16982 # 17776 # -1 # ID=14_11;partial=00;start_type=ATG;rbs_motif=GGAG/GAGG;rbs_spacer=5-10bp;gc_cont=0.574,99.2,553,264,1.45e-201,265,1,264,1,264,mobileOG_000368528,thyA,WP_016929918.1,phage,"replication,infection,regulation",Plasmid RefSeq,Homology,NODE_14_length_170059_cov_27.294490_11, 16982 # 17776 # -1 , 16982,17776,-1 ,14_11,14,11,00,ATG,GGAG/GAGG,5-10bp,0.574,NODE_14_length_170059_cov_27.294490,mobileOG_000368528_NODE_14_length_170059_cov_27.294490
330,"mobileOG_000326744|thyA|WP_008806329.1|phage|replication,infection,regulation|Plasmid RefSeq|Homology",NODE_14_length_170059_cov_27.294490_11 # 16982 # 17776 # -1 # ID=14_11;partial=00;start_type=ATG;rbs_motif=GGAG/GAGG;rbs_spacer=5-10bp;gc_cont=0.574,90.2,512,264,1.49e-185,265,1,264,1,264,mobileOG_000326744,thyA,WP_008806329.1,phage,"replication,infection,regulation",Plasmid RefSeq,Homology,NODE_14_length_170059_cov_27.294490_11, 16982 # 17776 # -1 , 16982,17776,-1 ,14_11,14,11,00,ATG,GGAG/GAGG,5-10bp,0.574,NODE_14_length_170059_cov_27.294490,mobileOG_000326744_NODE_14_length_170059_cov_27.294490
331,"mobileOG_000327877|thyA|WP_000816247.1|phage|replication,infection,regulation|Plasmid RefSeq|Homology",NODE_14_length_170059_cov_27.294490_11 # 16982 # 17776 # -1 # ID=14_11;partial=00;start_type=ATG;rbs_motif=GGAG/GAGG;rbs_spacer=5-10bp;gc_cont=0.574,90.2,505,264,8.24e-183,265,1,264,1,264,mobileOG_000327877,thyA,WP_000816247.1,phage,"replication,infection,regulation",Plasmid RefSeq,Homology,NODE_14_length_170059_cov_27.294490_11, 16982 # 17776 # -1 , 16982,17776,-1 ,14_11,14,11,00,ATG,GGAG/GAGG,5-10bp,0.574,NODE_14_length_170059_cov_27.294490,mobileOG_000327877_NODE_14_length_170059_cov_27.294490
332,mobileOG_000330963|mutH|WP_033635764.1|replication/recombination/repair|NA|Plasmid RefSeq|Homology,NODE_14_length_170059_cov_27.294490_15 # 22362 # 23048 # 1 # ID=14_15;partial=00;start_type=ATG;rbs_motif=GGA/GAG/AGG;rbs_spacer=5-10bp;gc_cont=0.623,96.9,448,228,2.68e-161,229,1,228,1,228,mobileOG_000330963,mutH,WP_033635764.1,replication/recombination/repair,NA,Plasmid RefSeq,Homology,NODE_14_length_170059_cov_27.294490_15, 22362 # 23048 # 1 , 22362,23048,1 ,14_15,14,15,00,ATG,GGA/GAG/AGG,5-10bp,0.623,NODE_14_length_170059_cov_27.294490,mobileOG_000330963_NODE_14_length_170059_cov_27.294490
333,mobileOG_000301572|higA|WP_004931828.1|stability/transfer/defense|NA|Plasmid RefSeq|Homology,NODE_14_length_170059_cov_27.294490_24 # 33207 # 33509 # 1 # ID=14_24;partial=00;start_type=ATG;rbs_motif=GGAGG;rbs_spacer=5-10bp;gc_cont=0.571,98.0,184,100,7.17e-61,101,1,100,1,100,mobileOG_000301572,higA,WP_004931828.1,stability/transfer/defense,NA,Plasmid RefSeq,Homology,NODE_14_length_170059_cov_27.294490_24, 33207 # 33509 # 1 , 33207,33509,1 ,14_24,14,24,00,ATG,GGAGG,5-10bp,0.571,NODE_14_length_170059_cov_27.294490,mobileOG_000301572_NODE_14_length_170059_cov_27.294490
334,mobileOG_000328805|recJ|WP_101427312.1|replication/recombination/repair|NA|Plasmid RefSeq|Homology,NODE_14_length_170059_cov_27.294490_89 # 105964 # 107697 # -1 # ID=14_89;partial=00;start_type=GTG;rbs_motif=GGxGG;rbs_spacer=5-10bp;gc_cont=0.664,99.3,1128,577,0.0,578,1,577,1,577,mobileOG_000328805,recJ,WP_101427312.1,replication/recombination/repair,NA,Plasmid RefSeq,Homology,NODE_14_length_170059_cov_27.294490_89, 105964 # 107697 # -1 , 105964,107697,-1 ,14_89,14,89,00,GTG,GGxGG,5-10bp,0.664,NODE_14_length_170059_cov_27.294490,mobileOG_000328805_NODE_14_length_170059_cov_27.294490
335,mobileOG_000327810|xerD|WP_033638574.1|integration/excision|replication/recombination/repair|Plasmid RefSeq|Homology,NODE_14_length_170059_cov_27.294490_91 # 108447 # 109346 # -1 # ID=14_91;partial=00;start_type=GTG;rbs_motif=GGAG/GAGG;rbs_spacer=5-10bp;gc_cont=0.618,98.3,576,299,1.10e-209,300,1,299,1,299,mobileOG_000327810,xerD,WP_033638574.1,integration/excision,replication/recombination/repair,Plasmid RefSeq,Homology,NODE_14_length_170059_cov_27.294490_91, 108447 # 109346 # -1 , 108447,109346,-1 ,14_91,14,91,00,GTG,GGAG/GAGG,5-10bp,0.618,NODE_14_length_170059_cov_27.294490,mobileOG_000327810_NODE_14_length_170059_cov_27.294490
336,mobileOG_000728847|NA:Keyword|WP_101427320.1|stability/transfer/defense|NA|Plasmid RefSeq|Keyword Search,NODE_14_length_170059_cov_27.294490_107 # 122458 # 122775 # -1 # ID=14_107;partial=00;start_type=ATG;rbs_motif=GGAG/GAGG;rbs_spacer=5-10bp;gc_cont=0.535,95.2,195,105,2.74e-65,106,1,105,1,105,mobileOG_000728847,NA:Keyword,WP_101427320.1,stability/transfer/defense,NA,Plasmid RefSeq,Keyword Search,NODE_14_length_170059_cov_27.294490_107, 122458 # 122775 # -1 , 122458,122775,-1 ,14_107,14,107,00,ATG,GGAG/GAGG,5-10bp,0.535,NODE_14_length_170059_cov_27.294490,mobileOG_000728847_NODE_14_length_170059_cov_27.294490
337,"mobileOG_000354199|cpxA|WP_015379421.1|transfer|conjugation,relaxosome|Plasmid RefSeq|Homology",NODE_15_length_120133_cov_32.742220_45 # 48143 # 49537 # 1 # ID=15_45;partial=00;start_type=ATG;rbs_motif=None;rbs_spacer=None;gc_cont=0.643,100,906,464,0.0,465,1,464,1,464,mobileOG_000354199,cpxA,WP_015379421.1,transfer,"conjugation,relaxosome",Plasmid RefSeq,Homology,NODE_15_length_120133_cov_32.742220_45, 48143 # 49537 # 1 , 48143,49537,1 ,15_45,15,45,00,ATG,None,None,0.643,NODE_15_length_120133_cov_32.742220,mobileOG_000354199_NODE_15_length_120133_cov_32.742220
338,"mobileOG_000354202|cpxA|WP_033636450.1|transfer|conjugation,relaxosome|Plasmid RefSeq|Homology",NODE_15_length_120133_cov_32.742220_45 # 48143 # 49537 # 1 # ID=15_45;partial=00;start_type=ATG;rbs_motif=None;rbs_spacer=None;gc_cont=0.643,98.9,899,464,0.0,465,1,464,1,464,mobileOG_000354202,cpxA,WP_033636450.1,transfer,"conjugation,relaxosome",Plasmid RefSeq,Homology,NODE_15_length_120133_cov_32.742220_45, 48143 # 49537 # 1 , 48143,49537,1 ,15_45,15,45,00,ATG,None,None,0.643,NODE_15_length_120133_cov_32.742220,mobileOG_000354202_NODE_15_length_120133_cov_32.742220
339,mobileOG_000327567|mutM|WP_101452716.1|replication/recombination/repair|NA|Plasmid RefSeq|Homology,NODE_15_length_120133_cov_32.742220_74 # 77289 # 78104 # -1 # ID=15_74;partial=00;start_type=ATG;rbs_motif=GGAGG;rbs_spacer=5-10bp;gc_cont=0.604,99.3,546,271,1.39e-198,272,1,271,1,271,mobileOG_000327567,mutM,WP_101452716.1,replication/recombination/repair,NA,Plasmid RefSeq,Homology,NODE_15_length_120133_cov_32.742220_74, 77289 # 78104 # -1 , 77289,78104,-1 ,15_74,15,74,00,ATG,GGAGG,5-10bp,0.604,NODE_15_length_120133_cov_32.742220,mobileOG_000327567_NODE_15_length_120133_cov_32.742220
340,mobileOG_000332472|mutM|WP_033649742.1|replication/recombination/repair|NA|Plasmid RefSeq|Homology,NODE_15_length_120133_cov_32.742220_74 # 77289 # 78104 # -1 # ID=15_74;partial=00;start_type=ATG;rbs_motif=GGAGG;rbs_spacer=5-10bp;gc_cont=0.604,97.8,539,271,5.44e-196,272,1,271,1,271,mobileOG_000332472,mutM,WP_033649742.1,replication/recombination/repair,NA,Plasmid RefSeq,Homology,NODE_15_length_120133_cov_32.742220_74, 77289 # 78104 # -1 , 77289,78104,-1 ,15_74,15,74,00,ATG,GGAGG,5-10bp,0.604,NODE_15_length_120133_cov_32.742220,mobileOG_000332472_NODE_15_length_120133_cov_32.742220
341,mobileOG_000365573|dut|WP_033652257.1|transfer|regulation|Plasmid RefSeq|Homology,NODE_15_length_120133_cov_32.742220_80 # 80926 # 81384 # 1 # ID=15_80;partial=00;start_type=ATG;rbs_motif=3Base/5BMM;rbs_spacer=13-15bp;gc_cont=0.643,100,304,152,8.73e-107,153,1,152,1,152,mobileOG_000365573,dut,WP_033652257.1,transfer,regulation,Plasmid RefSeq,Homology,NODE_15_length_120133_cov_32.742220_80, 80926 # 81384 # 1 , 80926,81384,1 ,15_80,15,80,00,ATG,3Base/5BMM,13-15bp,0.643,NODE_15_length_120133_cov_32.742220,mobileOG_000365573_NODE_15_length_120133_cov_32.742220
342,mobileOG_000026435|dut|A0A2S4X4S0|transfer|regulation|Plasmid RefSeq|Manual,NODE_15_length_120133_cov_32.742220_80 # 80926 # 81384 # 1 # ID=15_80;partial=00;start_type=ATG;rbs_motif=3Base/5BMM;rbs_spacer=13-15bp;gc_cont=0.643,98.0,298,152,1.69e-104,153,1,152,1,152,mobileOG_000026435,dut,A0A2S4X4S0,transfer,regulation,Plasmid RefSeq,Manual,NODE_15_length_120133_cov_32.742220_80, 80926 # 81384 # 1 , 80926,81384,1 ,15_80,15,80,00,ATG,3Base/5BMM,13-15bp,0.643,NODE_15_length_120133_cov_32.742220,mobileOG_000026435_NODE_15_length_120133_cov_32.742220
343,mobileOG_000289045|dut|A0A0J4XIE0|transfer|regulation|Plasmid RefSeq|Homology,NODE_15_length_120133_cov_32.742220_80 # 80926 # 81384 # 1 # ID=15_80;partial=00;start_type=ATG;rbs_motif=3Base/5BMM;rbs_spacer=13-15bp;gc_cont=0.643,92.1,280,152,3.54e-97,153,1,151,1,151,mobileOG_000289045,dut,A0A0J4XIE0,transfer,regulation,Plasmid RefSeq,Homology,NODE_15_length_120133_cov_32.742220_80, 80926 # 81384 # 1 , 80926,81384,1 ,15_80,15,80,00,ATG,3Base/5BMM,13-15bp,0.643,NODE_15_length_120133_cov_32.742220,mobileOG_000289045_NODE_15_length_120133_cov_32.742220
344,mobileOG_000367080|dut|A0A0P8IT48|transfer|regulation|Plasmid RefSeq|Homology,NODE_15_length_120133_cov_32.742220_80 # 80926 # 81384 # 1 # ID=15_80;partial=00;start_type=ATG;rbs_motif=3Base/5BMM;rbs_spacer=13-15bp;gc_cont=0.643,90.1,276,152,1.18e-95,153,1,151,1,151,mobileOG_000367080,dut,A0A0P8IT48,transfer,regulation,Plasmid RefSeq,Homology,NODE_15_length_120133_cov_32.742220_80, 80926 # 81384 # 1 , 80926,81384,1 ,15_80,15,80,00,ATG,3Base/5BMM,13-15bp,0.643,NODE_15_length_120133_cov_32.742220,mobileOG_000367080_NODE_15_length_120133_cov_32.742220
345,mobileOG_000368541|rph|WP_025160305.1|replication/recombination/repair|NA|Plasmid RefSeq|Homology,NODE_15_length_120133_cov_32.742220_83 # 83002 # 83718 # -1 # ID=15_83;partial=00;start_type=ATG;rbs_motif=GGAG/GAGG;rbs_spacer=5-10bp;gc_cont=0.622,100,459,238,3.11e-165,239,1,238,1,238,mobileOG_000368541,rph,WP_025160305.1,replication/recombination/repair,NA,Plasmid RefSeq,Homology,NODE_15_length_120133_cov_32.742220_83, 83002 # 83718 # -1 , 83002,83718,-1 ,15_83,15,83,00,ATG,GGAG/GAGG,5-10bp,0.622,NODE_15_length_120133_cov_32.742220,mobileOG_000368541_NODE_15_length_120133_cov_32.742220
346,mobileOG_000282638|recG|WP_042785598.1|replication/recombination/repair|NA|Plasmid RefSeq|Homology,NODE_15_length_120133_cov_32.742220_93 # 92041 # 94122 # 1 # ID=15_93;partial=00;start_type=ATG;rbs_motif=3Base/5BMM;rbs_spacer=13-15bp;gc_cont=0.657,100,1342,693,0.0,694,1,693,1,693,mobileOG_000282638,recG,WP_042785598.1,replication/recombination/repair,NA,Plasmid RefSeq,Homology,NODE_15_length_120133_cov_32.742220_93, 92041 # 94122 # 1 , 92041,94122,1 ,15_93,15,93,00,ATG,3Base/5BMM,13-15bp,0.657,NODE_15_length_120133_cov_32.742220,mobileOG_000282638_NODE_15_length_120133_cov_32.742220
347,mobileOG_000282640|recG|WP_043148432.1|replication/recombination/repair|NA|Plasmid RefSeq|Homology,NODE_15_length_120133_cov_32.742220_93 # 92041 # 94122 # 1 # ID=15_93;partial=00;start_type=ATG;rbs_motif=3Base/5BMM;rbs_spacer=13-15bp;gc_cont=0.657,99.4,1335,693,0.0,694,1,693,1,693,mobileOG_000282640,recG,WP_043148432.1,replication/recombination/repair,NA,Plasmid RefSeq,Homology,NODE_15_length_120133_cov_32.742220_93, 92041 # 94122 # 1 , 92041,94122,1 ,15_93,15,93,00,ATG,3Base/5BMM,13-15bp,0.657,NODE_15_length_120133_cov_32.742220,mobileOG_000282640_NODE_15_length_120133_cov_32.742220
348,mobileOG_000324978|polA|WP_033652267.1|replication/recombination/repair|NA|Plasmid RefSeq|Homology,NODE_15_length_120133_cov_32.742220_110 # 112485 # 115283 # -1 # ID=15_110;partial=00;start_type=ATG;rbs_motif=None;rbs_spacer=None;gc_cont=0.616,99.8,1800,932,0.0,933,1,932,1,932,mobileOG_000324978,polA,WP_033652267.1,replication/recombination/repair,NA,Plasmid RefSeq,Homology,NODE_15_length_120133_cov_32.742220_110, 112485 # 115283 # -1 , 112485,115283,-1 ,15_110,15,110,00,ATG,None,None,0.616,NODE_15_length_120133_cov_32.742220,mobileOG_000324978_NODE_15_length_120133_cov_32.742220
349,mobileOG_000330441|polA|WP_033649753.1|replication/recombination/repair|NA|Plasmid RefSeq|Homology,NODE_15_length_120133_cov_32.742220_110 # 112485 # 115283 # -1 # ID=15_110;partial=00;start_type=ATG;rbs_motif=None;rbs_spacer=None;gc_cont=0.616,99.0,1784,933,0.0,933,1,933,1,932,mobileOG_000330441,polA,WP_033649753.1,replication/recombination/repair,NA,Plasmid RefSeq,Homology,NODE_15_length_120133_cov_32.742220_110, 112485 # 115283 # -1 , 112485,115283,-1 ,15_110,15,110,00,ATG,None,None,0.616,NODE_15_length_120133_cov_32.742220,mobileOG_000330441_NODE_15_length_120133_cov_32.742220
350,mobileOG_000026496|ssb|P25762|replication/recombination/repair|NA|Plasmid RefSeq|Manual,NODE_16_length_90926_cov_29.067772_12 # 14183 # 14713 # -1 # ID=16_12;partial=00;start_type=ATG;rbs_motif=GGAG/GAGG;rbs_spacer=5-10bp;gc_cont=0.623,100,336,176,1.18e-118,177,1,176,1,176,mobileOG_000026496,ssb,P25762,replication/recombination/repair,NA,Plasmid RefSeq,Manual,NODE_16_length_90926_cov_29.067772_12, 14183 # 14713 # -1 , 14183,14713,-1 ,16_12,16,12,00,ATG,GGAG/GAGG,5-10bp,0.623,NODE_16_length_90926_cov_29.067772,mobileOG_000026496_NODE_16_length_90926_cov_29.067772
351,mobileOG_000364805|ssb|WP_033654707.1|replication/recombination/repair|NA|Plasmid RefSeq|Homology,NODE_16_length_90926_cov_29.067772_12 # 14183 # 14713 # -1 # ID=16_12;partial=00;start_type=ATG;rbs_motif=GGAG/GAGG;rbs_spacer=5-10bp;gc_cont=0.623,94.4,307,177,3.32e-107,177,1,177,1,176,mobileOG_000364805,ssb,WP_033654707.1,replication/recombination/repair,NA,Plasmid RefSeq,Homology,NODE_16_length_90926_cov_29.067772_12, 14183 # 14713 # -1 , 14183,14713,-1 ,16_12,16,12,00,ATG,GGAG/GAGG,5-10bp,0.623,NODE_16_length_90926_cov_29.067772,mobileOG_000364805_NODE_16_length_90926_cov_29.067772
352,mobileOG_000355081|uvrA|WP_033644422.1|replication/recombination/repair|NA|Plasmid RefSeq|Homology,NODE_16_length_90926_cov_29.067772_13 # 14991 # 17819 # 1 # ID=16_13;partial=00;start_type=ATG;rbs_motif=GGA/GAG/AGG;rbs_spacer=5-10bp;gc_cont=0.629,100,1867,942,0.0,943,1,942,1,942,mobileOG_000355081,uvrA,WP_033644422.1,replication/recombination/repair,NA,Plasmid RefSeq,Homology,NODE_16_length_90926_cov_29.067772_13, 14991 # 17819 # 1 , 14991,17819,1 ,16_13,16,13,00,ATG,GGA/GAG/AGG,5-10bp,0.629,NODE_16_length_90926_cov_29.067772,mobileOG_000355081_NODE_16_length_90926_cov_29.067772
353,mobileOG_000355080|uvrA|WP_033636192.1|replication/recombination/repair|NA|Plasmid RefSeq|Homology,NODE_16_length_90926_cov_29.067772_13 # 14991 # 17819 # 1 # ID=16_13;partial=00;start_type=ATG;rbs_motif=GGA/GAG/AGG;rbs_spacer=5-10bp;gc_cont=0.629,99.5,1858,942,0.0,943,1,941,1,941,mobileOG_000355080,uvrA,WP_033636192.1,replication/recombination/repair,NA,Plasmid RefSeq,Homology,NODE_16_length_90926_cov_29.067772_13, 14991 # 17819 # 1 , 14991,17819,1 ,16_13,16,13,00,ATG,GGA/GAG/AGG,5-10bp,0.629,NODE_16_length_90926_cov_29.067772,mobileOG_000355080_NODE_16_length_90926_cov_29.067772
354,mobileOG_000355073|uvrA|WP_004146620.1|replication/recombination/repair|NA|Plasmid RefSeq|Homology,NODE_16_length_90926_cov_29.067772_13 # 14991 # 17819 # 1 # ID=16_13;partial=00;start_type=ATG;rbs_motif=GGA/GAG/AGG;rbs_spacer=5-10bp;gc_cont=0.629,93.0,1762,941,0.0,943,1,941,1,941,mobileOG_000355073,uvrA,WP_004146620.1,replication/recombination/repair,NA,Plasmid RefSeq,Homology,NODE_16_length_90926_cov_29.067772_13, 14991 # 17819 # 1 , 14991,17819,1 ,16_13,16,13,00,ATG,GGA/GAG/AGG,5-10bp,0.629,NODE_16_length_90926_cov_29.067772,mobileOG_000355073_NODE_16_length_90926_cov_29.067772
355,mobileOG_000289038|uvrA|WP_008807293.1|replication/recombination/repair|NA|Plasmid RefSeq|Homology,NODE_16_length_90926_cov_29.067772_13 # 14991 # 17819 # 1 # ID=16_13;partial=00;start_type=ATG;rbs_motif=GGA/GAG/AGG;rbs_spacer=5-10bp;gc_cont=0.629,92.8,1759,941,0.0,943,1,941,1,941,mobileOG_000289038,uvrA,WP_008807293.1,replication/recombination/repair,NA,Plasmid RefSeq,Homology,NODE_16_length_90926_cov_29.067772_13, 14991 # 17819 # 1 , 14991,17819,1 ,16_13,16,13,00,ATG,GGA/GAG/AGG,5-10bp,0.629,NODE_16_length_90926_cov_29.067772,mobileOG_000289038_NODE_16_length_90926_cov_29.067772
356,mobileOG_000026154|uvrA|P0A699|replication/recombination/repair|NA|Plasmid RefSeq|Manual,NODE_16_length_90926_cov_29.067772_13 # 14991 # 17819 # 1 # ID=16_13;partial=00;start_type=ATG;rbs_motif=GGA/GAG/AGG;rbs_spacer=5-10bp;gc_cont=0.629,91.9,1748,940,0.0,943,1,940,1,940,mobileOG_000026154,uvrA,P0A699,replication/recombination/repair,NA,Plasmid RefSeq,Manual,NODE_16_length_90926_cov_29.067772_13, 14991 # 17819 # 1 , 14991,17819,1 ,16_13,16,13,00,ATG,GGA/GAG/AGG,5-10bp,0.629,NODE_16_length_90926_cov_29.067772,mobileOG_000026154_NODE_16_length_90926_cov_29.067772
357,mobileOG_000288441|uvrA|WP_015570187.1|replication/recombination/repair|NA|Plasmid RefSeq|Homology,NODE_16_length_90926_cov_29.067772_13 # 14991 # 17819 # 1 # ID=16_13;partial=00;start_type=ATG;rbs_motif=GGA/GAG/AGG;rbs_spacer=5-10bp;gc_cont=0.629,92.0,1747,940,0.0,943,1,940,1,940,mobileOG_000288441,uvrA,WP_015570187.1,replication/recombination/repair,NA,Plasmid RefSeq,Homology,NODE_16_length_90926_cov_29.067772_13, 14991 # 17819 # 1 , 14991,17819,1 ,16_13,16,13,00,ATG,GGA/GAG/AGG,5-10bp,0.629,NODE_16_length_90926_cov_29.067772,mobileOG_000288441_NODE_16_length_90926_cov_29.067772
358,"mobileOG_000376888|rep|WP_016930264.1|replication/recombination/repair|initiation,copy number control,plasmid|Plasmid RefSeq|Homology",NODE_16_length_90926_cov_29.067772_18 # 21047 # 21463 # -1 # ID=16_18;partial=00;start_type=ATG;rbs_motif=AGGA/GGAG/GAGG;rbs_spacer=11-12bp;gc_cont=0.602,100,289,138,2.70e-101,139,1,138,1,138,mobileOG_000376888,rep,WP_016930264.1,replication/recombination/repair,"initiation,copy number control,plasmid",Plasmid RefSeq,Homology,NODE_16_length_90926_cov_29.067772_18, 21047 # 21463 # -1 , 21047,21463,-1 ,16_18,16,18,00,ATG,AGGA/GGAG/GAGG,11-12bp,0.602,NODE_16_length_90926_cov_29.067772,mobileOG_000376888_NODE_16_length_90926_cov_29.067772
359,"mobileOG_000376616|rep|WP_004936779.1|replication/recombination/repair|initiation,copy number control,plasmid|Plasmid RefSeq|Homology",NODE_16_length_90926_cov_29.067772_18 # 21047 # 21463 # -1 # ID=16_18;partial=00;start_type=ATG;rbs_motif=AGGA/GGAG/GAGG;rbs_spacer=11-12bp;gc_cont=0.602,99.3,287,138,1.56e-100,139,1,138,1,138,mobileOG_000376616,rep,WP_004936779.1,replication/recombination/repair,"initiation,copy number control,plasmid",Plasmid RefSeq,Homology,NODE_16_length_90926_cov_29.067772_18, 21047 # 21463 # -1 , 21047,21463,-1 ,16_18,16,18,00,ATG,AGGA/GGAG/GAGG,11-12bp,0.602,NODE_16_length_90926_cov_29.067772,mobileOG_000376616_NODE_16_length_90926_cov_29.067772
360,mobileOG_000368539|dnaB|WP_025160134.1|replication/recombination/repair|NA|Plasmid RefSeq|Homology,NODE_16_length_90926_cov_29.067772_23 # 25460 # 26815 # -1 # ID=16_23;partial=00;start_type=ATG;rbs_motif=GGA/GAG/AGG;rbs_spacer=5-10bp;gc_cont=0.611,100,871,474,0.0,452,24,474,1,451,mobileOG_000368539,dnaB,WP_025160134.1,replication/recombination/repair,NA,Plasmid RefSeq,Homology,NODE_16_length_90926_cov_29.067772_23, 25460 # 26815 # -1 , 25460,26815,-1 ,16_23,16,23,00,ATG,GGA/GAG/AGG,5-10bp,0.611,NODE_16_length_90926_cov_29.067772,mobileOG_000368539_NODE_16_length_90926_cov_29.067772
361,"mobileOG_000368540|lexA|WP_025160136.1|phage|infection,regulation|Plasmid RefSeq|Homology",NODE_16_length_90926_cov_29.067772_33 # 34425 # 35033 # -1 # ID=16_33;partial=00;start_type=ATG;rbs_motif=AGxAGG/AGGxGG;rbs_spacer=3-4bp;gc_cont=0.606,100,396,202,1.40e-141,203,1,202,1,202,mobileOG_000368540,lexA,WP_025160136.1,phage,"infection,regulation",Plasmid RefSeq,Homology,NODE_16_length_90926_cov_29.067772_33, 34425 # 35033 # -1 , 34425,35033,-1 ,16_33,16,33,00,ATG,AGxAGG/AGGxGG,3-4bp,0.606,NODE_16_length_90926_cov_29.067772,mobileOG_000368540_NODE_16_length_90926_cov_29.067772
362,"mobileOG_000336507|lexA|WP_000646078.1|phage|infection,regulation|Multiple|Homology",NODE_16_length_90926_cov_29.067772_33 # 34425 # 35033 # -1 # ID=16_33;partial=00;start_type=ATG;rbs_motif=AGxAGG/AGGxGG;rbs_spacer=3-4bp;gc_cont=0.606,92.1,370,202,1.61e-131,203,1,202,1,202,mobileOG_000336507,lexA,WP_000646078.1,phage,"infection,regulation",Multiple,Homology,NODE_16_length_90926_cov_29.067772_33, 34425 # 35033 # -1 , 34425,35033,-1 ,16_33,16,33,00,ATG,AGxAGG/AGGxGG,3-4bp,0.606,NODE_16_length_90926_cov_29.067772,mobileOG_000336507_NODE_16_length_90926_cov_29.067772
363,"mobileOG_000289013|lexA|WP_004206291.1|phage|infection,regulation|Plasmid RefSeq|Homology",NODE_16_length_90926_cov_29.067772_33 # 34425 # 35033 # -1 # ID=16_33;partial=00;start_type=ATG;rbs_motif=AGxAGG/AGGxGG;rbs_spacer=3-4bp;gc_cont=0.606,92.1,369,202,6.57e-131,203,1,202,1,202,mobileOG_000289013,lexA,WP_004206291.1,phage,"infection,regulation",Plasmid RefSeq,Homology,NODE_16_length_90926_cov_29.067772_33, 34425 # 35033 # -1 , 34425,35033,-1 ,16_33,16,33,00,ATG,AGxAGG/AGGxGG,3-4bp,0.606,NODE_16_length_90926_cov_29.067772,mobileOG_000289013_NODE_16_length_90926_cov_29.067772
364,"mobileOG_000334793|lexA|WP_002884822.1|phage|infection,regulation|Plasmid RefSeq|Homology",NODE_16_length_90926_cov_29.067772_33 # 34425 # 35033 # -1 # ID=16_33;partial=00;start_type=ATG;rbs_motif=AGxAGG/AGGxGG;rbs_spacer=3-4bp;gc_cont=0.606,91.6,369,202,9.33e-131,203,1,202,1,202,mobileOG_000334793,lexA,WP_002884822.1,phage,"infection,regulation",Plasmid RefSeq,Homology,NODE_16_length_90926_cov_29.067772_33, 34425 # 35033 # -1 , 34425,35033,-1 ,16_33,16,33,00,ATG,AGxAGG/AGGxGG,3-4bp,0.606,NODE_16_length_90926_cov_29.067772,mobileOG_000334793_NODE_16_length_90926_cov_29.067772
365,"mobileOG_000014656|lexA|A0A0D7LJ22|phage|infection,regulation|GPD|Manual",NODE_16_length_90926_cov_29.067772_33 # 34425 # 35033 # -1 # ID=16_33;partial=00;start_type=ATG;rbs_motif=AGxAGG/AGGxGG;rbs_spacer=3-4bp;gc_cont=0.606,90.6,367,202,3.80e-130,203,1,202,1,202,mobileOG_000014656,lexA,A0A0D7LJ22,phage,"infection,regulation",GPD,Manual,NODE_16_length_90926_cov_29.067772_33, 34425 # 35033 # -1 , 34425,35033,-1 ,16_33,16,33,00,ATG,AGxAGG/AGGxGG,3-4bp,0.606,NODE_16_length_90926_cov_29.067772,mobileOG_000014656_NODE_16_length_90926_cov_29.067772
366,mobileOG_000351518|lamB|WP_129993804.1|transfer|phage receptor|Plasmid RefSeq|Homology,NODE_16_length_90926_cov_29.067772_42 # 44455 # 45744 # -1 # ID=16_42;partial=00;start_type=ATG;rbs_motif=AGGAG;rbs_spacer=5-10bp;gc_cont=0.605,99.8,898,430,0.0,430,2,430,1,429,mobileOG_000351518,lamB,WP_129993804.1,transfer,phage receptor,Plasmid RefSeq,Homology,NODE_16_length_90926_cov_29.067772_42, 44455 # 45744 # -1 , 44455,45744,-1 ,16_42,16,42,00,ATG,AGGAG,5-10bp,0.605,NODE_16_length_90926_cov_29.067772,mobileOG_000351518_NODE_16_length_90926_cov_29.067772
367,mobileOG_000318999|lamB|WP_133160409.1|transfer|phage receptor|Plasmid RefSeq|Homology,NODE_16_length_90926_cov_29.067772_42 # 44455 # 45744 # -1 # ID=16_42;partial=00;start_type=ATG;rbs_motif=AGGAG;rbs_spacer=5-10bp;gc_cont=0.605,98.8,892,430,0.0,430,2,430,1,429,mobileOG_000318999,lamB,WP_133160409.1,transfer,phage receptor,Plasmid RefSeq,Homology,NODE_16_length_90926_cov_29.067772_42, 44455 # 45744 # -1 , 44455,45744,-1 ,16_42,16,42,00,ATG,AGGAG,5-10bp,0.605,NODE_16_length_90926_cov_29.067772,mobileOG_000318999_NODE_16_length_90926_cov_29.067772
368,mobileOG_000282678|recA|WP_142816670.1|replication/recombination/repair|NA|Plasmid RefSeq|Homology,NODE_17_length_77811_cov_56.182456_12 # 7740 # 8849 # 1 # ID=17_12;partial=00;start_type=ATG;rbs_motif=AGGAG;rbs_spacer=5-10bp;gc_cont=0.667,98.6,696,369,7.06e-255,370,1,369,1,369,mobileOG_000282678,recA,WP_142816670.1,replication/recombination/repair,NA,Plasmid RefSeq,Homology,NODE_17_length_77811_cov_56.182456_12, 7740 # 8849 # 1 , 7740,8849,1 ,17_12,17,12,00,ATG,AGGAG,5-10bp,0.667,NODE_17_length_77811_cov_56.182456,mobileOG_000282678_NODE_17_length_77811_cov_56.182456
369,mobileOG_000282643|recA|WP_049866733.1|replication/recombination/repair|NA|Multiple|Homology,NODE_17_length_77811_cov_56.182456_12 # 7740 # 8849 # 1 # ID=17_12;partial=00;start_type=ATG;rbs_motif=AGGAG;rbs_spacer=5-10bp;gc_cont=0.667,98.4,696,369,1.42e-254,370,1,369,1,369,mobileOG_000282643,recA,WP_049866733.1,replication/recombination/repair,NA,Multiple,Homology,NODE_17_length_77811_cov_56.182456_12, 7740 # 8849 # 1 , 7740,8849,1 ,17_12,17,12,00,ATG,AGGAG,5-10bp,0.667,NODE_17_length_77811_cov_56.182456,mobileOG_000282643_NODE_17_length_77811_cov_56.182456
370,mobileOG_000282648|recA|WP_060432378.1|replication/recombination/repair|NA|Multiple|Homology,NODE_17_length_77811_cov_56.182456_12 # 7740 # 8849 # 1 # ID=17_12;partial=00;start_type=ATG;rbs_motif=AGGAG;rbs_spacer=5-10bp;gc_cont=0.667,97.3,691,369,1.36e-252,370,1,369,1,369,mobileOG_000282648,recA,WP_060432378.1,replication/recombination/repair,NA,Multiple,Homology,NODE_17_length_77811_cov_56.182456_12, 7740 # 8849 # 1 , 7740,8849,1 ,17_12,17,12,00,ATG,AGGAG,5-10bp,0.667,NODE_17_length_77811_cov_56.182456,mobileOG_000282648_NODE_17_length_77811_cov_56.182456
371,mobileOG_000282683|recA|WP_060432378.1|replication/recombination/repair|NA|Plasmid RefSeq|Homology,NODE_17_length_77811_cov_56.182456_12 # 7740 # 8849 # 1 # ID=17_12;partial=00;start_type=ATG;rbs_motif=AGGAG;rbs_spacer=5-10bp;gc_cont=0.667,97.6,691,369,1.36e-252,370,1,369,1,369,mobileOG_000282683,recA,WP_060432378.1,replication/recombination/repair,NA,Plasmid RefSeq,Homology,NODE_17_length_77811_cov_56.182456_12, 7740 # 8849 # 1 , 7740,8849,1 ,17_12,17,12,00,ATG,AGGAG,5-10bp,0.667,NODE_17_length_77811_cov_56.182456,mobileOG_000282683_NODE_17_length_77811_cov_56.182456
372,mobileOG_000289778|recA|A0A1C3HNK0|replication/recombination/repair|NA|Plasmid RefSeq|Homology,NODE_17_length_77811_cov_56.182456_12 # 7740 # 8849 # 1 # ID=17_12;partial=00;start_type=ATG;rbs_motif=AGGAG;rbs_spacer=5-10bp;gc_cont=0.667,97.6,690,369,2.75e-252,370,1,369,1,369,mobileOG_000289778,recA,A0A1C3HNK0,replication/recombination/repair,NA,Plasmid RefSeq,Homology,NODE_17_length_77811_cov_56.182456_12, 7740 # 8849 # 1 , 7740,8849,1 ,17_12,17,12,00,ATG,AGGAG,5-10bp,0.667,NODE_17_length_77811_cov_56.182456,mobileOG_000289778_NODE_17_length_77811_cov_56.182456
373,mobileOG_000283793|recA|A0A1C3HNK0|replication/recombination/repair|NA|Plasmid RefSeq|Homology,NODE_17_length_77811_cov_56.182456_12 # 7740 # 8849 # 1 # ID=17_12;partial=00;start_type=ATG;rbs_motif=AGGAG;rbs_spacer=5-10bp;gc_cont=0.667,97.3,689,369,7.88e-252,370,1,369,1,369,mobileOG_000283793,recA,A0A1C3HNK0,replication/recombination/repair,NA,Plasmid RefSeq,Homology,NODE_17_length_77811_cov_56.182456_12, 7740 # 8849 # 1 , 7740,8849,1 ,17_12,17,12,00,ATG,AGGAG,5-10bp,0.667,NODE_17_length_77811_cov_56.182456,mobileOG_000283793_NODE_17_length_77811_cov_56.182456
374,mobileOG_000301461|recA|WP_060432378.1|replication/recombination/repair|NA|Plasmid RefSeq|Homology,NODE_17_length_77811_cov_56.182456_12 # 7740 # 8849 # 1 # ID=17_12;partial=00;start_type=ATG;rbs_motif=AGGAG;rbs_spacer=5-10bp;gc_cont=0.667,97.3,689,369,7.88e-252,370,1,369,1,369,mobileOG_000301461,recA,WP_060432378.1,replication/recombination/repair,NA,Plasmid RefSeq,Homology,NODE_17_length_77811_cov_56.182456_12, 7740 # 8849 # 1 , 7740,8849,1 ,17_12,17,12,00,ATG,AGGAG,5-10bp,0.667,NODE_17_length_77811_cov_56.182456,mobileOG_000301461_NODE_17_length_77811_cov_56.182456
375,mobileOG_000282629|recA|WP_014072577.1|replication/recombination/repair|NA|Multiple|Homology,NODE_17_length_77811_cov_56.182456_12 # 7740 # 8849 # 1 # ID=17_12;partial=00;start_type=ATG;rbs_motif=AGGAG;rbs_spacer=5-10bp;gc_cont=0.667,97.6,688,369,1.12e-251,370,1,369,1,369,mobileOG_000282629,recA,WP_014072577.1,replication/recombination/repair,NA,Multiple,Homology,NODE_17_length_77811_cov_56.182456_12, 7740 # 8849 # 1 , 7740,8849,1 ,17_12,17,12,00,ATG,AGGAG,5-10bp,0.667,NODE_17_length_77811_cov_56.182456,mobileOG_000282629_NODE_17_length_77811_cov_56.182456
376,mobileOG_000301475|recA|WP_049866733.1|replication/recombination/repair|NA|Plasmid RefSeq|Homology,NODE_17_length_77811_cov_56.182456_12 # 7740 # 8849 # 1 # ID=17_12;partial=00;start_type=ATG;rbs_motif=AGGAG;rbs_spacer=5-10bp;gc_cont=0.667,97.3,688,369,1.59e-251,370,1,369,1,369,mobileOG_000301475,recA,WP_049866733.1,replication/recombination/repair,NA,Plasmid RefSeq,Homology,NODE_17_length_77811_cov_56.182456_12, 7740 # 8849 # 1 , 7740,8849,1 ,17_12,17,12,00,ATG,AGGAG,5-10bp,0.667,NODE_17_length_77811_cov_56.182456,mobileOG_000301475_NODE_17_length_77811_cov_56.182456
377,mobileOG_000282661|recA|WP_089186967.1|replication/recombination/repair|NA|Multiple|Homology,NODE_17_length_77811_cov_56.182456_12 # 7740 # 8849 # 1 # ID=17_12;partial=00;start_type=ATG;rbs_motif=AGGAG;rbs_spacer=5-10bp;gc_cont=0.667,96.7,687,369,4.56e-251,370,1,369,1,369,mobileOG_000282661,recA,WP_089186967.1,replication/recombination/repair,NA,Multiple,Homology,NODE_17_length_77811_cov_56.182456_12, 7740 # 8849 # 1 , 7740,8849,1 ,17_12,17,12,00,ATG,AGGAG,5-10bp,0.667,NODE_17_length_77811_cov_56.182456,mobileOG_000282661_NODE_17_length_77811_cov_56.182456
378,mobileOG_000296267|recA|WP_089186967.1|replication/recombination/repair|NA|Plasmid RefSeq|Homology,NODE_17_length_77811_cov_56.182456_12 # 7740 # 8849 # 1 # ID=17_12;partial=00;start_type=ATG;rbs_motif=AGGAG;rbs_spacer=5-10bp;gc_cont=0.667,97.0,687,369,4.56e-251,370,1,369,1,369,mobileOG_000296267,recA,WP_089186967.1,replication/recombination/repair,NA,Plasmid RefSeq,Homology,NODE_17_length_77811_cov_56.182456_12, 7740 # 8849 # 1 , 7740,8849,1 ,17_12,17,12,00,ATG,AGGAG,5-10bp,0.667,NODE_17_length_77811_cov_56.182456,mobileOG_000296267_NODE_17_length_77811_cov_56.182456
379,mobileOG_000282644|recA|WP_052475508.1|replication/recombination/repair|NA|Plasmid RefSeq|Homology,NODE_17_length_77811_cov_56.182456_12 # 7740 # 8849 # 1 # ID=17_12;partial=00;start_type=ATG;rbs_motif=AGGAG;rbs_spacer=5-10bp;gc_cont=0.667,97.3,686,369,9.19e-251,370,1,369,1,369,mobileOG_000282644,recA,WP_052475508.1,replication/recombination/repair,NA,Plasmid RefSeq,Homology,NODE_17_length_77811_cov_56.182456_12, 7740 # 8849 # 1 , 7740,8849,1 ,17_12,17,12,00,ATG,AGGAG,5-10bp,0.667,NODE_17_length_77811_cov_56.182456,mobileOG_000282644_NODE_17_length_77811_cov_56.182456
380,mobileOG_000075932|impA|WP_052475507.1|replication/recombination/repair|NA|Multiple|Homology,NODE_17_length_77811_cov_56.182456_13 # 8849 # 9229 # 1 # ID=17_13;partial=00;start_type=ATG;rbs_motif=GGAGG;rbs_spacer=5-10bp;gc_cont=0.661,97.6,258,126,2.50e-89,127,1,126,1,126,mobileOG_000075932,impA,WP_052475507.1,replication/recombination/repair,NA,Multiple,Homology,NODE_17_length_77811_cov_56.182456_13, 8849 # 9229 # 1 , 8849,9229,1 ,17_13,17,13,00,ATG,GGAGG,5-10bp,0.661,NODE_17_length_77811_cov_56.182456,mobileOG_000075932_NODE_17_length_77811_cov_56.182456
381,mobileOG_000301474|impA|WP_052475507.1|replication/recombination/repair|NA|Plasmid RefSeq|Homology,NODE_17_length_77811_cov_56.182456_13 # 8849 # 9229 # 1 # ID=17_13;partial=00;start_type=ATG;rbs_motif=GGAGG;rbs_spacer=5-10bp;gc_cont=0.661,97.6,257,126,3.55e-89,127,1,126,1,126,mobileOG_000301474,impA,WP_052475507.1,replication/recombination/repair,NA,Plasmid RefSeq,Homology,NODE_17_length_77811_cov_56.182456_13, 8849 # 9229 # 1 , 8849,9229,1 ,17_13,17,13,00,ATG,GGAGG,5-10bp,0.661,NODE_17_length_77811_cov_56.182456,mobileOG_000301474_NODE_17_length_77811_cov_56.182456
382,mobileOG_000301477|impA|WP_042706893.1|replication/recombination/repair|NA|Plasmid RefSeq|Homology,NODE_17_length_77811_cov_56.182456_13 # 8849 # 9229 # 1 # ID=17_13;partial=00;start_type=ATG;rbs_motif=GGAGG;rbs_spacer=5-10bp;gc_cont=0.661,97.6,257,126,3.55e-89,127,1,126,1,126,mobileOG_000301477,impA,WP_042706893.1,replication/recombination/repair,NA,Plasmid RefSeq,Homology,NODE_17_length_77811_cov_56.182456_13, 8849 # 9229 # 1 , 8849,9229,1 ,17_13,17,13,00,ATG,GGAGG,5-10bp,0.661,NODE_17_length_77811_cov_56.182456,mobileOG_000301477_NODE_17_length_77811_cov_56.182456
383,mobileOG_000289777|impA|A0A542BG80|replication/recombination/repair|NA|Plasmid RefSeq|Homology,NODE_17_length_77811_cov_56.182456_13 # 8849 # 9229 # 1 # ID=17_13;partial=00;start_type=ATG;rbs_motif=GGAGG;rbs_spacer=5-10bp;gc_cont=0.661,96.8,256,126,1.02e-88,127,1,126,1,126,mobileOG_000289777,impA,A0A542BG80,replication/recombination/repair,NA,Plasmid RefSeq,Homology,NODE_17_length_77811_cov_56.182456_13, 8849 # 9229 # 1 , 8849,9229,1 ,17_13,17,13,00,ATG,GGAGG,5-10bp,0.661,NODE_17_length_77811_cov_56.182456,mobileOG_000289777_NODE_17_length_77811_cov_56.182456
384,mobileOG_000371992|impA|WP_042706893.1|replication/recombination/repair|NA|Multiple|Homology,NODE_17_length_77811_cov_56.182456_13 # 8849 # 9229 # 1 # ID=17_13;partial=00;start_type=ATG;rbs_motif=GGAGG;rbs_spacer=5-10bp;gc_cont=0.661,96.0,254,126,4.15e-88,127,1,126,1,126,mobileOG_000371992,impA,WP_042706893.1,replication/recombination/repair,NA,Multiple,Homology,NODE_17_length_77811_cov_56.182456_13, 8849 # 9229 # 1 , 8849,9229,1 ,17_13,17,13,00,ATG,GGAGG,5-10bp,0.661,NODE_17_length_77811_cov_56.182456,mobileOG_000371992_NODE_17_length_77811_cov_56.182456
385,mobileOG_000372038|impA|WP_049866734.1|replication/recombination/repair|NA|Multiple|Homology,NODE_17_length_77811_cov_56.182456_13 # 8849 # 9229 # 1 # ID=17_13;partial=00;start_type=ATG;rbs_motif=GGAGG;rbs_spacer=5-10bp;gc_cont=0.661,96.8,254,126,4.15e-88,127,1,126,1,126,mobileOG_000372038,impA,WP_049866734.1,replication/recombination/repair,NA,Multiple,Homology,NODE_17_length_77811_cov_56.182456_13, 8849 # 9229 # 1 , 8849,9229,1 ,17_13,17,13,00,ATG,GGAGG,5-10bp,0.661,NODE_17_length_77811_cov_56.182456,mobileOG_000372038_NODE_17_length_77811_cov_56.182456
386,"mobileOG_000418921|NA:Keyword|WP_089186995.1|replication/recombination/repair|initiation,copy number control,plasmid|COMPASS|Keyword Search",NODE_17_length_77811_cov_56.182456_15 # 11203 # 12087 # -1 # ID=17_15;partial=00;start_type=GTG;rbs_motif=GGA/GAG/AGG;rbs_spacer=5-10bp;gc_cont=0.564,99.3,564,294,3.98e-205,295,1,294,1,294,mobileOG_000418921,NA:Keyword,WP_089186995.1,replication/recombination/repair,"initiation,copy number control,plasmid",COMPASS,Keyword Search,NODE_17_length_77811_cov_56.182456_15, 11203 # 12087 # -1 , 11203,12087,-1 ,17_15,17,15,00,GTG,GGA/GAG/AGG,5-10bp,0.564,NODE_17_length_77811_cov_56.182456,mobileOG_000418921_NODE_17_length_77811_cov_56.182456
387,"mobileOG_000418918|NA:Keyword|WP_060432420.1|replication/recombination/repair|initiation,copy number control,plasmid|COMPASS|Keyword Search",NODE_17_length_77811_cov_56.182456_15 # 11203 # 12087 # -1 # ID=17_15;partial=00;start_type=GTG;rbs_motif=GGA/GAG/AGG;rbs_spacer=5-10bp;gc_cont=0.564,98.6,560,294,1.33e-203,295,1,294,1,294,mobileOG_000418918,NA:Keyword,WP_060432420.1,replication/recombination/repair,"initiation,copy number control,plasmid",COMPASS,Keyword Search,NODE_17_length_77811_cov_56.182456_15, 11203 # 12087 # -1 , 11203,12087,-1 ,17_15,17,15,00,GTG,GGA/GAG/AGG,5-10bp,0.564,NODE_17_length_77811_cov_56.182456,mobileOG_000418918_NODE_17_length_77811_cov_56.182456
388,"mobileOG_000742678|NA:Keyword|WP_089186995.1|replication/recombination/repair|initiation,copy number control,plasmid|Plasmid RefSeq|Keyword Search",NODE_17_length_77811_cov_56.182456_15 # 11203 # 12087 # -1 # ID=17_15;partial=00;start_type=GTG;rbs_motif=GGA/GAG/AGG;rbs_spacer=5-10bp;gc_cont=0.564,99.0,551,288,3.42e-200,295,1,288,7,294,mobileOG_000742678,NA:Keyword,WP_089186995.1,replication/recombination/repair,"initiation,copy number control,plasmid",Plasmid RefSeq,Keyword Search,NODE_17_length_77811_cov_56.182456_15, 11203 # 12087 # -1 , 11203,12087,-1 ,17_15,17,15,00,GTG,GGA/GAG/AGG,5-10bp,0.564,NODE_17_length_77811_cov_56.182456,mobileOG_000742678_NODE_17_length_77811_cov_56.182456
389,"mobileOG_000744937|NA:Keyword|WP_060432420.1|replication/recombination/repair|initiation,copy number control,plasmid|Plasmid RefSeq|Keyword Search",NODE_17_length_77811_cov_56.182456_15 # 11203 # 12087 # -1 # ID=17_15;partial=00;start_type=GTG;rbs_motif=GGA/GAG/AGG;rbs_spacer=5-10bp;gc_cont=0.564,98.6,550,288,1.98e-199,295,1,288,7,294,mobileOG_000744937,NA:Keyword,WP_060432420.1,replication/recombination/repair,"initiation,copy number control,plasmid",Plasmid RefSeq,Keyword Search,NODE_17_length_77811_cov_56.182456_15, 11203 # 12087 # -1 , 11203,12087,-1 ,17_15,17,15,00,GTG,GGA/GAG/AGG,5-10bp,0.564,NODE_17_length_77811_cov_56.182456,mobileOG_000744937_NODE_17_length_77811_cov_56.182456
390,"mobileOG_000729855|NA:Keyword|WP_089186995.1|replication/recombination/repair|initiation,copy number control,plasmid|Plasmid RefSeq|Keyword Search",NODE_17_length_77811_cov_56.182456_15 # 11203 # 12087 # -1 # ID=17_15;partial=00;start_type=GTG;rbs_motif=GGA/GAG/AGG;rbs_spacer=5-10bp;gc_cont=0.564,97.9,545,288,1.33e-197,295,1,288,7,294,mobileOG_000729855,NA:Keyword,WP_089186995.1,replication/recombination/repair,"initiation,copy number control,plasmid",Plasmid RefSeq,Keyword Search,NODE_17_length_77811_cov_56.182456_15, 11203 # 12087 # -1 , 11203,12087,-1 ,17_15,17,15,00,GTG,GGA/GAG/AGG,5-10bp,0.564,NODE_17_length_77811_cov_56.182456,mobileOG_000729855_NODE_17_length_77811_cov_56.182456
391,"mobileOG_000075931|repA2|WP_072270501.1|replication/recombination/repair|initiation,copy number control,plasmid|Multiple|Homology",NODE_17_length_77811_cov_56.182456_16 # 12369 # 12620 # -1 # ID=17_16;partial=00;start_type=ATG;rbs_motif=GGAGG;rbs_spacer=5-10bp;gc_cont=0.452,100,157,83,7.11e-51,84,1,83,1,83,mobileOG_000075931,repA2,WP_072270501.1,replication/recombination/repair,"initiation,copy number control,plasmid",Multiple,Homology,NODE_17_length_77811_cov_56.182456_16, 12369 # 12620 # -1 , 12369,12620,-1 ,17_16,17,16,00,ATG,GGAGG,5-10bp,0.452,NODE_17_length_77811_cov_56.182456,mobileOG_000075931_NODE_17_length_77811_cov_56.182456
392,"mobileOG_000289427|repA2|WP_162496008.1|replication/recombination/repair|initiation,copy number control,plasmid|Plasmid RefSeq|Homology",NODE_17_length_77811_cov_56.182456_16 # 12369 # 12620 # -1 # ID=17_16;partial=00;start_type=ATG;rbs_motif=GGAGG;rbs_spacer=5-10bp;gc_cont=0.452,100,157,89,8.50e-51,84,7,89,1,83,mobileOG_000289427,repA2,WP_162496008.1,replication/recombination/repair,"initiation,copy number control,plasmid",Plasmid RefSeq,Homology,NODE_17_length_77811_cov_56.182456_16, 12369 # 12620 # -1 , 12369,12620,-1 ,17_16,17,16,00,ATG,GGAGG,5-10bp,0.452,NODE_17_length_77811_cov_56.182456,mobileOG_000289427_NODE_17_length_77811_cov_56.182456
393,"mobileOG_000074507|repA2|WP_167387069.1|replication/recombination/repair|initiation,copy number control,plasmid|COMPASS|Homology",NODE_17_length_77811_cov_56.182456_16 # 12369 # 12620 # -1 # ID=17_16;partial=00;start_type=ATG;rbs_motif=GGAGG;rbs_spacer=5-10bp;gc_cont=0.452,92.7,145,83,2.69e-46,84,1,82,1,82,mobileOG_000074507,repA2,WP_167387069.1,replication/recombination/repair,"initiation,copy number control,plasmid",COMPASS,Homology,NODE_17_length_77811_cov_56.182456_16, 12369 # 12620 # -1 , 12369,12620,-1 ,17_16,17,16,00,ATG,GGAGG,5-10bp,0.452,NODE_17_length_77811_cov_56.182456,mobileOG_000074507_NODE_17_length_77811_cov_56.182456
394,"mobileOG_000373838|repA2|WP_167387069.1|replication/recombination/repair|initiation,copy number control,plasmid|Plasmid RefSeq|Homology",NODE_17_length_77811_cov_56.182456_16 # 12369 # 12620 # -1 # ID=17_16;partial=00;start_type=ATG;rbs_motif=GGAGG;rbs_spacer=5-10bp;gc_cont=0.452,92.7,145,89,3.21e-46,84,7,88,1,82,mobileOG_000373838,repA2,WP_167387069.1,replication/recombination/repair,"initiation,copy number control,plasmid",Plasmid RefSeq,Homology,NODE_17_length_77811_cov_56.182456_16, 12369 # 12620 # -1 , 12369,12620,-1 ,17_16,17,16,00,ATG,GGAGG,5-10bp,0.452,NODE_17_length_77811_cov_56.182456,mobileOG_000373838_NODE_17_length_77811_cov_56.182456
395,mobileOG_000323411|trbC|WP_063988482.1|transfer|conjugation|Multiple|Homology,NODE_17_length_77811_cov_56.182456_19 # 13667 # 15886 # -1 # ID=17_19;partial=00;start_type=ATG;rbs_motif=AGGAG;rbs_spacer=5-10bp;gc_cont=0.574,100,1453,739,0.0,740,1,739,1,739,mobileOG_000323411,trbC,WP_063988482.1,transfer,conjugation,Multiple,Homology,NODE_17_length_77811_cov_56.182456_19, 13667 # 15886 # -1 , 13667,15886,-1 ,17_19,17,19,00,ATG,AGGAG,5-10bp,0.574,NODE_17_length_77811_cov_56.182456,mobileOG_000323411_NODE_17_length_77811_cov_56.182456
396,mobileOG_000296269|trbC|WP_060432374.1|transfer|conjugation|Plasmid RefSeq|Homology,NODE_17_length_77811_cov_56.182456_19 # 13667 # 15886 # -1 # ID=17_19;partial=00;start_type=ATG;rbs_motif=AGGAG;rbs_spacer=5-10bp;gc_cont=0.574,99.9,1451,739,0.0,740,1,739,1,739,mobileOG_000296269,trbC,WP_060432374.1,transfer,conjugation,Plasmid RefSeq,Homology,NODE_17_length_77811_cov_56.182456_19, 13667 # 15886 # -1 , 13667,15886,-1 ,17_19,17,19,00,ATG,AGGAG,5-10bp,0.574,NODE_17_length_77811_cov_56.182456,mobileOG_000296269_NODE_17_length_77811_cov_56.182456
397,mobileOG_000309262|trbC|WP_089197756.1|transfer|conjugation|Multiple|Homology,NODE_17_length_77811_cov_56.182456_19 # 13667 # 15886 # -1 # ID=17_19;partial=00;start_type=ATG;rbs_motif=AGGAG;rbs_spacer=5-10bp;gc_cont=0.574,99.7,1450,739,0.0,740,1,739,1,739,mobileOG_000309262,trbC,WP_089197756.1,transfer,conjugation,Multiple,Homology,NODE_17_length_77811_cov_56.182456_19, 13667 # 15886 # -1 , 13667,15886,-1 ,17_19,17,19,00,ATG,AGGAG,5-10bp,0.574,NODE_17_length_77811_cov_56.182456,mobileOG_000309262_NODE_17_length_77811_cov_56.182456
398,mobileOG_000308529|trbC|WP_060432374.1|transfer|conjugation|Multiple|Homology,NODE_17_length_77811_cov_56.182456_19 # 13667 # 15886 # -1 # ID=17_19;partial=00;start_type=ATG;rbs_motif=AGGAG;rbs_spacer=5-10bp;gc_cont=0.574,99.6,1449,739,0.0,740,1,739,1,739,mobileOG_000308529,trbC,WP_060432374.1,transfer,conjugation,Multiple,Homology,NODE_17_length_77811_cov_56.182456_19, 13667 # 15886 # -1 , 13667,15886,-1 ,17_19,17,19,00,ATG,AGGAG,5-10bp,0.574,NODE_17_length_77811_cov_56.182456,mobileOG_000308529_NODE_17_length_77811_cov_56.182456
399,mobileOG_000306161|trbC|WP_060432374.1|transfer|conjugation|Plasmid RefSeq|Homology,NODE_17_length_77811_cov_56.182456_19 # 13667 # 15886 # -1 # ID=17_19;partial=00;start_type=ATG;rbs_motif=AGGAG;rbs_spacer=5-10bp;gc_cont=0.574,99.3,1447,739,0.0,740,1,739,1,739,mobileOG_000306161,trbC,WP_060432374.1,transfer,conjugation,Plasmid RefSeq,Homology,NODE_17_length_77811_cov_56.182456_19, 13667 # 15886 # -1 , 13667,15886,-1 ,17_19,17,19,00,ATG,AGGAG,5-10bp,0.574,NODE_17_length_77811_cov_56.182456,mobileOG_000306161_NODE_17_length_77811_cov_56.182456
400,mobileOG_000310294|trbB|WP_089197757.1|transfer|conjugation|Multiple|Homology,NODE_17_length_77811_cov_56.182456_20 # 15870 # 16946 # -1 # ID=17_20;partial=00;start_type=ATG;rbs_motif=AGGA;rbs_spacer=5-10bp;gc_cont=0.587,94.1,659,358,1.28e-240,359,1,358,1,358,mobileOG_000310294,trbB,WP_089197757.1,transfer,conjugation,Multiple,Homology,NODE_17_length_77811_cov_56.182456_20, 15870 # 16946 # -1 , 15870,16946,-1 ,17_20,17,20,00,ATG,AGGA,5-10bp,0.587,NODE_17_length_77811_cov_56.182456,mobileOG_000310294_NODE_17_length_77811_cov_56.182456
401,mobileOG_000308999|trbB|WP_089186970.1|transfer|conjugation|Multiple|Homology,NODE_17_length_77811_cov_56.182456_20 # 15870 # 16946 # -1 # ID=17_20;partial=00;start_type=ATG;rbs_motif=AGGA;rbs_spacer=5-10bp;gc_cont=0.587,94.1,659,358,2.59e-240,359,1,358,1,358,mobileOG_000308999,trbB,WP_089186970.1,transfer,conjugation,Multiple,Homology,NODE_17_length_77811_cov_56.182456_20, 15870 # 16946 # -1 , 15870,16946,-1 ,17_20,17,20,00,ATG,AGGA,5-10bp,0.587,NODE_17_length_77811_cov_56.182456,mobileOG_000308999_NODE_17_length_77811_cov_56.182456
402,mobileOG_000296545|trbB|WP_089186970.1|transfer|conjugation|Plasmid RefSeq|Homology,NODE_17_length_77811_cov_56.182456_20 # 15870 # 16946 # -1 # ID=17_20;partial=00;start_type=ATG;rbs_motif=AGGA;rbs_spacer=5-10bp;gc_cont=0.587,93.9,657,358,7.41e-240,359,1,358,1,358,mobileOG_000296545,trbB,WP_089186970.1,transfer,conjugation,Plasmid RefSeq,Homology,NODE_17_length_77811_cov_56.182456_20, 15870 # 16946 # -1 , 15870,16946,-1 ,17_20,17,20,00,ATG,AGGA,5-10bp,0.587,NODE_17_length_77811_cov_56.182456,mobileOG_000296545_NODE_17_length_77811_cov_56.182456
403,mobileOG_000308998|trbB|A0A5C7DBF0|transfer|conjugation|Plasmid RefSeq|Homology,NODE_17_length_77811_cov_56.182456_20 # 15870 # 16946 # -1 # ID=17_20;partial=00;start_type=ATG;rbs_motif=AGGA;rbs_spacer=5-10bp;gc_cont=0.587,92.2,643,352,2.57e-234,359,1,352,1,358,mobileOG_000308998,trbB,A0A5C7DBF0,transfer,conjugation,Plasmid RefSeq,Homology,NODE_17_length_77811_cov_56.182456_20, 15870 # 16946 # -1 , 15870,16946,-1 ,17_20,17,20,00,ATG,AGGA,5-10bp,0.587,NODE_17_length_77811_cov_56.182456,mobileOG_000308998_NODE_17_length_77811_cov_56.182456
404,mobileOG_000308974|trbB|WP_060432373.1|transfer|conjugation|Multiple|Homology,NODE_17_length_77811_cov_56.182456_20 # 15870 # 16946 # -1 # ID=17_20;partial=00;start_type=ATG;rbs_motif=AGGA;rbs_spacer=5-10bp;gc_cont=0.587,91.1,632,352,9.59e-230,359,1,352,1,358,mobileOG_000308974,trbB,WP_060432373.1,transfer,conjugation,Multiple,Homology,NODE_17_length_77811_cov_56.182456_20, 15870 # 16946 # -1 , 15870,16946,-1 ,17_20,17,20,00,ATG,AGGA,5-10bp,0.587,NODE_17_length_77811_cov_56.182456,mobileOG_000308974_NODE_17_length_77811_cov_56.182456
405,"mobileOG_000296270|trbA|WP_060432372.1|transfer|conjugation,regulation|Plasmid RefSeq|Homology",NODE_17_length_77811_cov_56.182456_21 # 17055 # 18266 # -1 # ID=17_21;partial=00;start_type=ATG;rbs_motif=GGA/GAG/AGG;rbs_spacer=5-10bp;gc_cont=0.560,98.5,790,403,6.47e-291,404,1,403,1,403,mobileOG_000296270,trbA,WP_060432372.1,transfer,"conjugation,regulation",Plasmid RefSeq,Homology,NODE_17_length_77811_cov_56.182456_21, 17055 # 18266 # -1 , 17055,18266,-1 ,17_21,17,21,00,ATG,GGA/GAG/AGG,5-10bp,0.560,NODE_17_length_77811_cov_56.182456,mobileOG_000296270_NODE_17_length_77811_cov_56.182456
406,"mobileOG_000324680|trbA|WP_060432372.1|transfer|conjugation,regulation|Multiple|Homology",NODE_17_length_77811_cov_56.182456_21 # 17055 # 18266 # -1 # ID=17_21;partial=00;start_type=ATG;rbs_motif=GGA/GAG/AGG;rbs_spacer=5-10bp;gc_cont=0.560,98.0,790,403,9.20e-291,404,1,403,1,403,mobileOG_000324680,trbA,WP_060432372.1,transfer,"conjugation,regulation",Multiple,Homology,NODE_17_length_77811_cov_56.182456_21, 17055 # 18266 # -1 , 17055,18266,-1 ,17_21,17,21,00,ATG,GGA/GAG/AGG,5-10bp,0.560,NODE_17_length_77811_cov_56.182456,mobileOG_000324680_NODE_17_length_77811_cov_56.182456
407,"mobileOG_000305365|trbA|WP_089197758.1|transfer|conjugation,regulation|Multiple|Homology",NODE_17_length_77811_cov_56.182456_21 # 17055 # 18266 # -1 # ID=17_21;partial=00;start_type=ATG;rbs_motif=GGA/GAG/AGG;rbs_spacer=5-10bp;gc_cont=0.560,98.3,790,403,1.31e-290,404,1,403,1,403,mobileOG_000305365,trbA,WP_089197758.1,transfer,"conjugation,regulation",Multiple,Homology,NODE_17_length_77811_cov_56.182456_21, 17055 # 18266 # -1 , 17055,18266,-1 ,17_21,17,21,00,ATG,GGA/GAG/AGG,5-10bp,0.560,NODE_17_length_77811_cov_56.182456,mobileOG_000305365_NODE_17_length_77811_cov_56.182456
408,"mobileOG_000305349|trbA|WP_089186971.1|transfer|conjugation,regulation|Multiple|Homology",NODE_17_length_77811_cov_56.182456_21 # 17055 # 18266 # -1 # ID=17_21;partial=00;start_type=ATG;rbs_motif=GGA/GAG/AGG;rbs_spacer=5-10bp;gc_cont=0.560,97.8,788,403,7.55e-290,404,1,403,1,403,mobileOG_000305349,trbA,WP_089186971.1,transfer,"conjugation,regulation",Multiple,Homology,NODE_17_length_77811_cov_56.182456_21, 17055 # 18266 # -1 , 17055,18266,-1 ,17_21,17,21,00,ATG,GGA/GAG/AGG,5-10bp,0.560,NODE_17_length_77811_cov_56.182456,mobileOG_000305349_NODE_17_length_77811_cov_56.182456
409,"mobileOG_000306160|trbA|WP_060432372.1|transfer|conjugation,regulation|Plasmid RefSeq|Homology",NODE_17_length_77811_cov_56.182456_21 # 17055 # 18266 # -1 # ID=17_21;partial=00;start_type=ATG;rbs_motif=GGA/GAG/AGG;rbs_spacer=5-10bp;gc_cont=0.560,97.0,780,403,5.94e-287,404,1,403,1,403,mobileOG_000306160,trbA,WP_060432372.1,transfer,"conjugation,regulation",Plasmid RefSeq,Homology,NODE_17_length_77811_cov_56.182456_21, 17055 # 18266 # -1 , 17055,18266,-1 ,17_21,17,21,00,ATG,GGA/GAG/AGG,5-10bp,0.560,NODE_17_length_77811_cov_56.182456,mobileOG_000306160_NODE_17_length_77811_cov_56.182456
410,mobileOG_000342593|traY|WP_089186973.1|transfer|conjugation|Multiple|Homology,NODE_17_length_77811_cov_56.182456_23 # 19066 # 21216 # -1 # ID=17_23;partial=00;start_type=ATG;rbs_motif=GGA/GAG/AGG;rbs_spacer=5-10bp;gc_cont=0.523,95.4,1318,714,0.0,717,1,714,1,716,mobileOG_000342593,traY,WP_089186973.1,transfer,conjugation,Multiple,Homology,NODE_17_length_77811_cov_56.182456_23, 19066 # 21216 # -1 , 19066,21216,-1 ,17_23,17,23,00,ATG,GGA/GAG/AGG,5-10bp,0.523,NODE_17_length_77811_cov_56.182456,mobileOG_000342593_NODE_17_length_77811_cov_56.182456
411,mobileOG_000342574|traY|WP_060432370.1|transfer|conjugation|Multiple|Homology,NODE_17_length_77811_cov_56.182456_23 # 19066 # 21216 # -1 # ID=17_23;partial=00;start_type=ATG;rbs_motif=GGA/GAG/AGG;rbs_spacer=5-10bp;gc_cont=0.523,95.3,1317,714,0.0,717,1,714,1,716,mobileOG_000342574,traY,WP_060432370.1,transfer,conjugation,Multiple,Homology,NODE_17_length_77811_cov_56.182456_23, 19066 # 21216 # -1 , 19066,21216,-1 ,17_23,17,23,00,ATG,GGA/GAG/AGG,5-10bp,0.523,NODE_17_length_77811_cov_56.182456,mobileOG_000342574_NODE_17_length_77811_cov_56.182456
412,mobileOG_000342594|traY|WP_089197760.1|transfer|conjugation|Multiple|Homology,NODE_17_length_77811_cov_56.182456_23 # 19066 # 21216 # -1 # ID=17_23;partial=00;start_type=ATG;rbs_motif=GGA/GAG/AGG;rbs_spacer=5-10bp;gc_cont=0.523,95.4,1317,714,0.0,717,1,714,1,716,mobileOG_000342594,traY,WP_089197760.1,transfer,conjugation,Multiple,Homology,NODE_17_length_77811_cov_56.182456_23, 19066 # 21216 # -1 , 19066,21216,-1 ,17_23,17,23,00,ATG,GGA/GAG/AGG,5-10bp,0.523,NODE_17_length_77811_cov_56.182456,mobileOG_000342594_NODE_17_length_77811_cov_56.182456
413,mobileOG_000342575|traY|A0A5C7D5I6|transfer|conjugation|Plasmid RefSeq|Homology,NODE_17_length_77811_cov_56.182456_23 # 19066 # 21216 # -1 # ID=17_23;partial=00;start_type=ATG;rbs_motif=GGA/GAG/AGG;rbs_spacer=5-10bp;gc_cont=0.523,95.1,1315,714,0.0,717,1,714,1,716,mobileOG_000342575,traY,A0A5C7D5I6,transfer,conjugation,Plasmid RefSeq,Homology,NODE_17_length_77811_cov_56.182456_23, 19066 # 21216 # -1 , 19066,21216,-1 ,17_23,17,23,00,ATG,GGA/GAG/AGG,5-10bp,0.523,NODE_17_length_77811_cov_56.182456,mobileOG_000342575_NODE_17_length_77811_cov_56.182456
414,mobileOG_000296271|traY|WP_060432370.1|transfer|conjugation|Plasmid RefSeq|Homology,NODE_17_length_77811_cov_56.182456_23 # 19066 # 21216 # -1 # ID=17_23;partial=00;start_type=ATG;rbs_motif=GGA/GAG/AGG;rbs_spacer=5-10bp;gc_cont=0.523,95.0,1314,714,0.0,717,1,714,1,716,mobileOG_000296271,traY,WP_060432370.1,transfer,conjugation,Plasmid RefSeq,Homology,NODE_17_length_77811_cov_56.182456_23, 19066 # 21216 # -1 , 19066,21216,-1 ,17_23,17,23,00,ATG,GGA/GAG/AGG,5-10bp,0.523,NODE_17_length_77811_cov_56.182456,mobileOG_000296271_NODE_17_length_77811_cov_56.182456
415,mobileOG_000296272|traX|WP_060432369.1|transfer|conjugation|Plasmid RefSeq|Homology,NODE_17_length_77811_cov_56.182456_24 # 21314 # 21874 # -1 # ID=17_24;partial=00;start_type=ATG;rbs_motif=AGGAG;rbs_spacer=5-10bp;gc_cont=0.569,97.8,347,186,1.36e-122,187,1,186,1,186,mobileOG_000296272,traX,WP_060432369.1,transfer,conjugation,Plasmid RefSeq,Homology,NODE_17_length_77811_cov_56.182456_24, 21314 # 21874 # -1 , 21314,21874,-1 ,17_24,17,24,00,ATG,AGGAG,5-10bp,0.569,NODE_17_length_77811_cov_56.182456,mobileOG_000296272_NODE_17_length_77811_cov_56.182456
416,mobileOG_000373727|traX|WP_060432369.1|transfer|conjugation|Multiple|Homology,NODE_17_length_77811_cov_56.182456_24 # 21314 # 21874 # -1 # ID=17_24;partial=00;start_type=ATG;rbs_motif=AGGAG;rbs_spacer=5-10bp;gc_cont=0.569,96.8,343,186,4.54e-121,187,1,186,1,186,mobileOG_000373727,traX,WP_060432369.1,transfer,conjugation,Multiple,Homology,NODE_17_length_77811_cov_56.182456_24, 21314 # 21874 # -1 , 21314,21874,-1 ,17_24,17,24,00,ATG,AGGAG,5-10bp,0.569,NODE_17_length_77811_cov_56.182456,mobileOG_000373727_NODE_17_length_77811_cov_56.182456
417,mobileOG_000373760|traX|WP_089186974.1|transfer|conjugation|Multiple|Homology,NODE_17_length_77811_cov_56.182456_24 # 21314 # 21874 # -1 # ID=17_24;partial=00;start_type=ATG;rbs_motif=AGGAG;rbs_spacer=5-10bp;gc_cont=0.569,95.7,340,186,7.52e-120,187,1,186,1,186,mobileOG_000373760,traX,WP_089186974.1,transfer,conjugation,Multiple,Homology,NODE_17_length_77811_cov_56.182456_24, 21314 # 21874 # -1 , 21314,21874,-1 ,17_24,17,24,00,ATG,AGGAG,5-10bp,0.569,NODE_17_length_77811_cov_56.182456,mobileOG_000373760_NODE_17_length_77811_cov_56.182456
418,mobileOG_000373762|traX|WP_089197761.1|transfer|conjugation|Multiple|Homology,NODE_17_length_77811_cov_56.182456_24 # 21314 # 21874 # -1 # ID=17_24;partial=00;start_type=ATG;rbs_motif=AGGAG;rbs_spacer=5-10bp;gc_cont=0.569,95.7,339,186,1.52e-119,187,1,186,1,186,mobileOG_000373762,traX,WP_089197761.1,transfer,conjugation,Multiple,Homology,NODE_17_length_77811_cov_56.182456_24, 21314 # 21874 # -1 , 21314,21874,-1 ,17_24,17,24,00,ATG,AGGAG,5-10bp,0.569,NODE_17_length_77811_cov_56.182456,mobileOG_000373762_NODE_17_length_77811_cov_56.182456
419,mobileOG_000373765|traX|WP_060432369.1|transfer|conjugation|Plasmid RefSeq|Homology,NODE_17_length_77811_cov_56.182456_24 # 21314 # 21874 # -1 # ID=17_24;partial=00;start_type=ATG;rbs_motif=AGGAG;rbs_spacer=5-10bp;gc_cont=0.569,95.7,339,186,1.52e-119,187,1,186,1,186,mobileOG_000373765,traX,WP_060432369.1,transfer,conjugation,Plasmid RefSeq,Homology,NODE_17_length_77811_cov_56.182456_24, 21314 # 21874 # -1 , 21314,21874,-1 ,17_24,17,24,00,ATG,AGGAG,5-10bp,0.569,NODE_17_length_77811_cov_56.182456,mobileOG_000373765_NODE_17_length_77811_cov_56.182456
420,mobileOG_000296423|traW|A0A542BGA5|transfer|conjugation|Plasmid RefSeq|Homology,NODE_17_length_77811_cov_56.182456_25 # 21864 # 23072 # -1 # ID=17_25;partial=00;start_type=ATG;rbs_motif=GGA/GAG/AGG;rbs_spacer=5-10bp;gc_cont=0.596,99.8,717,402,5.39e-262,403,1,402,1,402,mobileOG_000296423,traW,A0A542BGA5,transfer,conjugation,Plasmid RefSeq,Homology,NODE_17_length_77811_cov_56.182456_25, 21864 # 23072 # -1 , 21864,23072,-1 ,17_25,17,25,00,ATG,GGA/GAG/AGG,5-10bp,0.596,NODE_17_length_77811_cov_56.182456,mobileOG_000296423_NODE_17_length_77811_cov_56.182456
421,mobileOG_000075930|traW|WP_060432368.1|transfer|conjugation|Multiple|Homology,NODE_17_length_77811_cov_56.182456_25 # 21864 # 23072 # -1 # ID=17_25;partial=00;start_type=ATG;rbs_motif=GGA/GAG/AGG;rbs_spacer=5-10bp;gc_cont=0.596,99.5,715,402,3.11e-261,403,1,402,1,402,mobileOG_000075930,traW,WP_060432368.1,transfer,conjugation,Multiple,Homology,NODE_17_length_77811_cov_56.182456_25, 21864 # 23072 # -1 , 21864,23072,-1 ,17_25,17,25,00,ATG,GGA/GAG/AGG,5-10bp,0.596,NODE_17_length_77811_cov_56.182456,mobileOG_000075930_NODE_17_length_77811_cov_56.182456
422,mobileOG_000344701|traW|WP_089197762.1|transfer|conjugation|Multiple|Homology,NODE_17_length_77811_cov_56.182456_25 # 21864 # 23072 # -1 # ID=17_25;partial=00;start_type=ATG;rbs_motif=GGA/GAG/AGG;rbs_spacer=5-10bp;gc_cont=0.596,99.3,713,402,2.56e-260,403,1,402,1,402,mobileOG_000344701,traW,WP_089197762.1,transfer,conjugation,Multiple,Homology,NODE_17_length_77811_cov_56.182456_25, 21864 # 23072 # -1 , 21864,23072,-1 ,17_25,17,25,00,ATG,GGA/GAG/AGG,5-10bp,0.596,NODE_17_length_77811_cov_56.182456,mobileOG_000344701_NODE_17_length_77811_cov_56.182456
423,mobileOG_000305350|traU|WP_089186975.1|transfer|conjugation|Multiple|Homology,NODE_17_length_77811_cov_56.182456_26 # 23085 # 26147 # -1 # ID=17_26;partial=00;start_type=ATG;rbs_motif=GGAG/GAGG;rbs_spacer=5-10bp;gc_cont=0.560,99.5,2040,1020,0.0,1021,1,1020,1,1020,mobileOG_000305350,traU,WP_089186975.1,transfer,conjugation,Multiple,Homology,NODE_17_length_77811_cov_56.182456_26, 23085 # 26147 # -1 , 23085,26147,-1 ,17_26,17,26,00,ATG,GGAG/GAGG,5-10bp,0.560,NODE_17_length_77811_cov_56.182456,mobileOG_000305350_NODE_17_length_77811_cov_56.182456
424,mobileOG_000305366|traU|WP_089197763.1|transfer|conjugation|Multiple|Homology,NODE_17_length_77811_cov_56.182456_26 # 23085 # 26147 # -1 # ID=17_26;partial=00;start_type=ATG;rbs_motif=GGAG/GAGG;rbs_spacer=5-10bp;gc_cont=0.560,99.4,2036,1020,0.0,1021,1,1020,1,1020,mobileOG_000305366,traU,WP_089197763.1,transfer,conjugation,Multiple,Homology,NODE_17_length_77811_cov_56.182456_26, 23085 # 26147 # -1 , 23085,26147,-1 ,17_26,17,26,00,ATG,GGAG/GAGG,5-10bp,0.560,NODE_17_length_77811_cov_56.182456,mobileOG_000305366_NODE_17_length_77811_cov_56.182456
425,mobileOG_000308528|traU|WP_060432367.1|transfer|conjugation|Multiple|Homology,NODE_17_length_77811_cov_56.182456_26 # 23085 # 26147 # -1 # ID=17_26;partial=00;start_type=ATG;rbs_motif=GGAG/GAGG;rbs_spacer=5-10bp;gc_cont=0.560,99.2,2036,1020,0.0,1021,1,1020,1,1020,mobileOG_000308528,traU,WP_060432367.1,transfer,conjugation,Multiple,Homology,NODE_17_length_77811_cov_56.182456_26, 23085 # 26147 # -1 , 23085,26147,-1 ,17_26,17,26,00,ATG,GGAG/GAGG,5-10bp,0.560,NODE_17_length_77811_cov_56.182456,mobileOG_000308528_NODE_17_length_77811_cov_56.182456
426,mobileOG_000296273|traU|WP_060432367.1|transfer|conjugation|Plasmid RefSeq|Homology,NODE_17_length_77811_cov_56.182456_26 # 23085 # 26147 # -1 # ID=17_26;partial=00;start_type=ATG;rbs_motif=GGAG/GAGG;rbs_spacer=5-10bp;gc_cont=0.560,99.1,2034,1020,0.0,1021,1,1020,1,1020,mobileOG_000296273,traU,WP_060432367.1,transfer,conjugation,Plasmid RefSeq,Homology,NODE_17_length_77811_cov_56.182456_26, 23085 # 26147 # -1 , 23085,26147,-1 ,17_26,17,26,00,ATG,GGAG/GAGG,5-10bp,0.560,NODE_17_length_77811_cov_56.182456,mobileOG_000296273_NODE_17_length_77811_cov_56.182456
427,mobileOG_000306159|traU|A0A5C7D5Z9|transfer|conjugation|Plasmid RefSeq|Homology,NODE_17_length_77811_cov_56.182456_26 # 23085 # 26147 # -1 # ID=17_26;partial=00;start_type=ATG;rbs_motif=GGAG/GAGG;rbs_spacer=5-10bp;gc_cont=0.560,99.2,2034,1020,0.0,1021,1,1020,1,1020,mobileOG_000306159,traU,A0A5C7D5Z9,transfer,conjugation,Plasmid RefSeq,Homology,NODE_17_length_77811_cov_56.182456_26, 23085 # 26147 # -1 , 23085,26147,-1 ,17_26,17,26,00,ATG,GGAG/GAGG,5-10bp,0.560,NODE_17_length_77811_cov_56.182456,mobileOG_000306159_NODE_17_length_77811_cov_56.182456
428,mobileOG_000075954|traT|A0A221DZZ9|transfer|conjugation|COMPASS|Homology,NODE_17_length_77811_cov_56.182456_27 # 26122 # 26736 # -1 # ID=17_27;partial=00;start_type=ATG;rbs_motif=GGAG/GAGG;rbs_spacer=5-10bp;gc_cont=0.600,100,425,204,4.19e-153,205,1,204,1,204,mobileOG_000075954,traT,A0A221DZZ9,transfer,conjugation,COMPASS,Homology,NODE_17_length_77811_cov_56.182456_27, 26122 # 26736 # -1 , 26122,26736,-1 ,17_27,17,27,00,ATG,GGAG/GAGG,5-10bp,0.600,NODE_17_length_77811_cov_56.182456,mobileOG_000075954_NODE_17_length_77811_cov_56.182456
429,mobileOG_000296274|traT|A0A542BG88|transfer|conjugation|Plasmid RefSeq|Homology,NODE_17_length_77811_cov_56.182456_27 # 26122 # 26736 # -1 # ID=17_27;partial=00;start_type=ATG;rbs_motif=GGAG/GAGG;rbs_spacer=5-10bp;gc_cont=0.600,99.5,423,204,3.45e-152,205,1,204,1,204,mobileOG_000296274,traT,A0A542BG88,transfer,conjugation,Plasmid RefSeq,Homology,NODE_17_length_77811_cov_56.182456_27, 26122 # 26736 # -1 , 26122,26736,-1 ,17_27,17,27,00,ATG,GGAG/GAGG,5-10bp,0.600,NODE_17_length_77811_cov_56.182456,mobileOG_000296274_NODE_17_length_77811_cov_56.182456
430,mobileOG_000075947|traT|A0A221DZZ9|transfer|conjugation|COMPASS|Homology,NODE_17_length_77811_cov_56.182456_27 # 26122 # 26736 # -1 # ID=17_27;partial=00;start_type=ATG;rbs_motif=GGAG/GAGG;rbs_spacer=5-10bp;gc_cont=0.600,99.0,422,204,6.95e-152,205,1,204,1,204,mobileOG_000075947,traT,A0A221DZZ9,transfer,conjugation,COMPASS,Homology,NODE_17_length_77811_cov_56.182456_27, 26122 # 26736 # -1 , 26122,26736,-1 ,17_27,17,27,00,ATG,GGAG/GAGG,5-10bp,0.600,NODE_17_length_77811_cov_56.182456,mobileOG_000075947_NODE_17_length_77811_cov_56.182456
431,mobileOG_000305369|traT|WP_089197820.1|transfer|conjugation|Plasmid RefSeq|Homology,NODE_17_length_77811_cov_56.182456_27 # 26122 # 26736 # -1 # ID=17_27;partial=00;start_type=ATG;rbs_motif=GGAG/GAGG;rbs_spacer=5-10bp;gc_cont=0.600,100,414,198,8.94e-149,205,1,198,7,204,mobileOG_000305369,traT,WP_089197820.1,transfer,conjugation,Plasmid RefSeq,Homology,NODE_17_length_77811_cov_56.182456_27, 26122 # 26736 # -1 , 26122,26736,-1 ,17_27,17,27,00,ATG,GGAG/GAGG,5-10bp,0.600,NODE_17_length_77811_cov_56.182456,mobileOG_000305369_NODE_17_length_77811_cov_56.182456
432,mobileOG_000305353|traT|WP_089186996.1|transfer|conjugation|Plasmid RefSeq|Homology,NODE_17_length_77811_cov_56.182456_27 # 26122 # 26736 # -1 # ID=17_27;partial=00;start_type=ATG;rbs_motif=GGAG/GAGG;rbs_spacer=5-10bp;gc_cont=0.600,99.5,412,198,3.64e-148,205,1,198,7,204,mobileOG_000305353,traT,WP_089186996.1,transfer,conjugation,Plasmid RefSeq,Homology,NODE_17_length_77811_cov_56.182456_27, 26122 # 26736 # -1 , 26122,26736,-1 ,17_27,17,27,00,ATG,GGAG/GAGG,5-10bp,0.600,NODE_17_length_77811_cov_56.182456,mobileOG_000305353_NODE_17_length_77811_cov_56.182456
433,mobileOG_000075929|traT|WP_089196574.1|transfer|conjugation|COMPASS|Homology,NODE_17_length_77811_cov_56.182456_27 # 26122 # 26736 # -1 # ID=17_27;partial=00;start_type=ATG;rbs_motif=GGAG/GAGG;rbs_spacer=5-10bp;gc_cont=0.600,95.6,407,204,6.16e-146,205,1,204,1,204,mobileOG_000075929,traT,WP_089196574.1,transfer,conjugation,COMPASS,Homology,NODE_17_length_77811_cov_56.182456_27, 26122 # 26736 # -1 , 26122,26736,-1 ,17_27,17,27,00,ATG,GGAG/GAGG,5-10bp,0.600,NODE_17_length_77811_cov_56.182456,mobileOG_000075929_NODE_17_length_77811_cov_56.182456
434,mobileOG_000286231|traT|WP_089196574.1|transfer|conjugation|Plasmid RefSeq|Homology,NODE_17_length_77811_cov_56.182456_27 # 26122 # 26736 # -1 # ID=17_27;partial=00;start_type=ATG;rbs_motif=GGAG/GAGG;rbs_spacer=5-10bp;gc_cont=0.600,96.0,398,198,2.27e-142,205,1,198,7,204,mobileOG_000286231,traT,WP_089196574.1,transfer,conjugation,Plasmid RefSeq,Homology,NODE_17_length_77811_cov_56.182456_27, 26122 # 26736 # -1 , 26122,26736,-1 ,17_27,17,27,00,ATG,GGAG/GAGG,5-10bp,0.600,NODE_17_length_77811_cov_56.182456,mobileOG_000286231_NODE_17_length_77811_cov_56.182456
435,mobileOG_000281306|traT|A0A5C7D3F0|transfer|conjugation|Plasmid RefSeq|Homology,NODE_17_length_77811_cov_56.182456_27 # 26122 # 26736 # -1 # ID=17_27;partial=00;start_type=ATG;rbs_motif=GGAG/GAGG;rbs_spacer=5-10bp;gc_cont=0.600,95.5,395,198,2.65e-141,205,1,198,7,204,mobileOG_000281306,traT,A0A5C7D3F0,transfer,conjugation,Plasmid RefSeq,Homology,NODE_17_length_77811_cov_56.182456_27, 26122 # 26736 # -1 , 26122,26736,-1 ,17_27,17,27,00,ATG,GGAG/GAGG,5-10bp,0.600,NODE_17_length_77811_cov_56.182456,mobileOG_000281306_NODE_17_length_77811_cov_56.182456
436,"mobileOG_000305367|traR|WP_089197764.1|transfer|conjugation,regulation|Multiple|Homology",NODE_17_length_77811_cov_56.182456_28 # 26843 # 27229 # -1 # ID=17_28;partial=00;start_type=ATG;rbs_motif=AGGAG;rbs_spacer=5-10bp;gc_cont=0.506,100,241,128,1.05e-82,129,1,128,1,128,mobileOG_000305367,traR,WP_089197764.1,transfer,"conjugation,regulation",Multiple,Homology,NODE_17_length_77811_cov_56.182456_28, 26843 # 27229 # -1 , 26843,27229,-1 ,17_28,17,28,00,ATG,AGGAG,5-10bp,0.506,NODE_17_length_77811_cov_56.182456,mobileOG_000305367_NODE_17_length_77811_cov_56.182456
437,"mobileOG_000344070|traR|A0A5C7DB22|transfer|conjugation,regulation|Plasmid RefSeq|Homology",NODE_17_length_77811_cov_56.182456_28 # 26843 # 27229 # -1 # ID=17_28;partial=00;start_type=ATG;rbs_motif=AGGAG;rbs_spacer=5-10bp;gc_cont=0.506,99.2,239,128,4.28e-82,129,1,128,1,128,mobileOG_000344070,traR,A0A5C7DB22,transfer,"conjugation,regulation",Plasmid RefSeq,Homology,NODE_17_length_77811_cov_56.182456_28, 26843 # 27229 # -1 , 26843,27229,-1 ,17_28,17,28,00,ATG,AGGAG,5-10bp,0.506,NODE_17_length_77811_cov_56.182456,mobileOG_000344070_NODE_17_length_77811_cov_56.182456
438,"mobileOG_000305351|traR|WP_089186976.1|transfer|conjugation,regulation|Multiple|Homology",NODE_17_length_77811_cov_56.182456_28 # 26843 # 27229 # -1 # ID=17_28;partial=00;start_type=ATG;rbs_motif=AGGAG;rbs_spacer=5-10bp;gc_cont=0.506,96.9,235,128,2.89e-80,129,1,128,1,128,mobileOG_000305351,traR,WP_089186976.1,transfer,"conjugation,regulation",Multiple,Homology,NODE_17_length_77811_cov_56.182456_28, 26843 # 27229 # -1 , 26843,27229,-1 ,17_28,17,28,00,ATG,AGGAG,5-10bp,0.506,NODE_17_length_77811_cov_56.182456,mobileOG_000305351_NODE_17_length_77811_cov_56.182456
439,mobileOG_000418917|NA:Keyword|WP_060432364.1|transfer|NA|COMPASS|Keyword Search,NODE_17_length_77811_cov_56.182456_29 # 27308 # 27850 # -1 # ID=17_29;partial=00;start_type=ATG;rbs_motif=GGAG/GAGG;rbs_spacer=5-10bp;gc_cont=0.593,100,346,180,1.74e-122,181,1,180,1,180,mobileOG_000418917,NA:Keyword,WP_060432364.1,transfer,NA,COMPASS,Keyword Search,NODE_17_length_77811_cov_56.182456_29, 27308 # 27850 # -1 , 27308,27850,-1 ,17_29,17,29,00,ATG,GGAG/GAGG,5-10bp,0.593,NODE_17_length_77811_cov_56.182456,mobileOG_000418917_NODE_17_length_77811_cov_56.182456
440,mobileOG_000344702|traP|WP_089197766.1|transfer|conjugation|Multiple|Homology,NODE_17_length_77811_cov_56.182456_30 # 27861 # 28580 # -1 # ID=17_30;partial=00;start_type=ATG;rbs_motif=GGAG/GAGG;rbs_spacer=5-10bp;gc_cont=0.575,98.7,436,239,4.70e-156,240,1,239,1,239,mobileOG_000344702,traP,WP_089197766.1,transfer,conjugation,Multiple,Homology,NODE_17_length_77811_cov_56.182456_30, 27861 # 28580 # -1 , 27861,28580,-1 ,17_30,17,30,00,ATG,GGAG/GAGG,5-10bp,0.575,NODE_17_length_77811_cov_56.182456,mobileOG_000344702_NODE_17_length_77811_cov_56.182456
441,mobileOG_000075928|traP|A0A542BG13|transfer|conjugation|COMPASS|Homology,NODE_17_length_77811_cov_56.182456_30 # 27861 # 28580 # -1 # ID=17_30;partial=00;start_type=ATG;rbs_motif=GGAG/GAGG;rbs_spacer=5-10bp;gc_cont=0.575,95.4,423,239,5.03e-151,240,1,239,1,239,mobileOG_000075928,traP,A0A542BG13,transfer,conjugation,COMPASS,Homology,NODE_17_length_77811_cov_56.182456_30, 27861 # 28580 # -1 , 27861,28580,-1 ,17_30,17,30,00,ATG,GGAG/GAGG,5-10bp,0.575,NODE_17_length_77811_cov_56.182456,mobileOG_000075928_NODE_17_length_77811_cov_56.182456
442,mobileOG_000344700|traP|WP_089186977.1|transfer|conjugation|Multiple|Homology,NODE_17_length_77811_cov_56.182456_30 # 27861 # 28580 # -1 # ID=17_30;partial=00;start_type=ATG;rbs_motif=GGAG/GAGG;rbs_spacer=5-10bp;gc_cont=0.575,93.3,412,239,1.32e-146,240,1,239,1,239,mobileOG_000344700,traP,WP_089186977.1,transfer,conjugation,Multiple,Homology,NODE_17_length_77811_cov_56.182456_30, 27861 # 28580 # -1 , 27861,28580,-1 ,17_30,17,30,00,ATG,GGAG/GAGG,5-10bp,0.575,NODE_17_length_77811_cov_56.182456,mobileOG_000344700_NODE_17_length_77811_cov_56.182456
443,mobileOG_000344710|traP|A0A5C7D395|transfer|conjugation|Plasmid RefSeq|Homology,NODE_17_length_77811_cov_56.182456_30 # 27861 # 28580 # -1 # ID=17_30;partial=00;start_type=ATG;rbs_motif=GGAG/GAGG;rbs_spacer=5-10bp;gc_cont=0.575,97.7,395,218,2.22e-140,240,1,218,22,239,mobileOG_000344710,traP,A0A5C7D395,transfer,conjugation,Plasmid RefSeq,Homology,NODE_17_length_77811_cov_56.182456_30, 27861 # 28580 # -1 , 27861,28580,-1 ,17_30,17,30,00,ATG,GGAG/GAGG,5-10bp,0.575,NODE_17_length_77811_cov_56.182456,mobileOG_000344710_NODE_17_length_77811_cov_56.182456
444,mobileOG_000344633|traP|WP_060432363.1|transfer|conjugation|Plasmid RefSeq|Homology,NODE_17_length_77811_cov_56.182456_30 # 27861 # 28580 # -1 # ID=17_30;partial=00;start_type=ATG;rbs_motif=GGAG/GAGG;rbs_spacer=5-10bp;gc_cont=0.575,95.4,385,218,2.03e-136,240,1,218,22,239,mobileOG_000344633,traP,WP_060432363.1,transfer,conjugation,Plasmid RefSeq,Homology,NODE_17_length_77811_cov_56.182456_30, 27861 # 28580 # -1 , 27861,28580,-1 ,17_30,17,30,00,ATG,GGAG/GAGG,5-10bp,0.575,NODE_17_length_77811_cov_56.182456,mobileOG_000344633_NODE_17_length_77811_cov_56.182456
445,mobileOG_000344699|traO|WP_089186979.1|transfer|conjugation|Multiple|Homology,NODE_17_length_77811_cov_56.182456_32 # 28931 # 30277 # -1 # ID=17_32;partial=00;start_type=ATG;rbs_motif=GGAG/GAGG;rbs_spacer=5-10bp;gc_cont=0.601,98.4,829,448,8.80e-305,449,1,448,1,448,mobileOG_000344699,traO,WP_089186979.1,transfer,conjugation,Multiple,Homology,NODE_17_length_77811_cov_56.182456_32, 28931 # 30277 # -1 , 28931,30277,-1 ,17_32,17,32,00,ATG,GGAG/GAGG,5-10bp,0.601,NODE_17_length_77811_cov_56.182456,mobileOG_000344699_NODE_17_length_77811_cov_56.182456
446,mobileOG_000344703|traO|WP_089197767.1|transfer|conjugation|Multiple|Homology,NODE_17_length_77811_cov_56.182456_32 # 28931 # 30277 # -1 # ID=17_32;partial=00;start_type=ATG;rbs_motif=GGAG/GAGG;rbs_spacer=5-10bp;gc_cont=0.601,98.4,828,448,2.52e-304,449,1,448,1,448,mobileOG_000344703,traO,WP_089197767.1,transfer,conjugation,Multiple,Homology,NODE_17_length_77811_cov_56.182456_32, 28931 # 30277 # -1 , 28931,30277,-1 ,17_32,17,32,00,ATG,GGAG/GAGG,5-10bp,0.601,NODE_17_length_77811_cov_56.182456,mobileOG_000344703_NODE_17_length_77811_cov_56.182456
447,mobileOG_000344709|traO|A0A5C7DBF6|transfer|conjugation|Plasmid RefSeq|Homology,NODE_17_length_77811_cov_56.182456_32 # 28931 # 30277 # -1 # ID=17_32;partial=00;start_type=ATG;rbs_motif=GGAG/GAGG;rbs_spacer=5-10bp;gc_cont=0.601,98.0,826,448,2.07e-303,449,1,448,1,448,mobileOG_000344709,traO,A0A5C7DBF6,transfer,conjugation,Plasmid RefSeq,Homology,NODE_17_length_77811_cov_56.182456_32, 28931 # 30277 # -1 , 28931,30277,-1 ,17_32,17,32,00,ATG,GGAG/GAGG,5-10bp,0.601,NODE_17_length_77811_cov_56.182456,mobileOG_000344709_NODE_17_length_77811_cov_56.182456
448,mobileOG_000296277|traO|WP_089197767.1|transfer|conjugation|Plasmid RefSeq|Homology,NODE_17_length_77811_cov_56.182456_32 # 28931 # 30277 # -1 # ID=17_32;partial=00;start_type=ATG;rbs_motif=GGAG/GAGG;rbs_spacer=5-10bp;gc_cont=0.601,95.7,754,448,4.47e-275,449,1,418,1,418,mobileOG_000296277,traO,WP_089197767.1,transfer,conjugation,Plasmid RefSeq,Homology,NODE_17_length_77811_cov_56.182456_32, 28931 # 30277 # -1 , 28931,30277,-1 ,17_32,17,32,00,ATG,GGAG/GAGG,5-10bp,0.601,NODE_17_length_77811_cov_56.182456,mobileOG_000296277_NODE_17_length_77811_cov_56.182456
449,mobileOG_000289367|traN|WP_089186980.1|transfer|conjugation|Multiple|Homology,NODE_17_length_77811_cov_56.182456_33 # 30281 # 31270 # -1 # ID=17_33;partial=00;start_type=ATG;rbs_motif=GGAG/GAGG;rbs_spacer=5-10bp;gc_cont=0.606,100,641,329,1.97e-234,330,1,329,1,329,mobileOG_000289367,traN,WP_089186980.1,transfer,conjugation,Multiple,Homology,NODE_17_length_77811_cov_56.182456_33, 30281 # 31270 # -1 , 30281,31270,-1 ,17_33,17,33,00,ATG,GGAG/GAGG,5-10bp,0.606,NODE_17_length_77811_cov_56.182456,mobileOG_000289367_NODE_17_length_77811_cov_56.182456
450,mobileOG_000296278|traN|A0A542BG16|transfer|conjugation|Plasmid RefSeq|Homology,NODE_17_length_77811_cov_56.182456_33 # 30281 # 31270 # -1 # ID=17_33;partial=00;start_type=ATG;rbs_motif=GGAG/GAGG;rbs_spacer=5-10bp;gc_cont=0.606,99.7,640,329,8.00e-234,330,1,329,1,329,mobileOG_000296278,traN,A0A542BG16,transfer,conjugation,Plasmid RefSeq,Homology,NODE_17_length_77811_cov_56.182456_33, 30281 # 31270 # -1 , 30281,31270,-1 ,17_33,17,33,00,ATG,GGAG/GAGG,5-10bp,0.606,NODE_17_length_77811_cov_56.182456,mobileOG_000296278_NODE_17_length_77811_cov_56.182456
451,mobileOG_000289365|traN|WP_080437539.1|transfer|conjugation|Multiple|Homology,NODE_17_length_77811_cov_56.182456_33 # 30281 # 31270 # -1 # ID=17_33;partial=00;start_type=ATG;rbs_motif=GGAG/GAGG;rbs_spacer=5-10bp;gc_cont=0.606,99.4,638,329,4.63e-233,330,1,329,1,329,mobileOG_000289365,traN,WP_080437539.1,transfer,conjugation,Multiple,Homology,NODE_17_length_77811_cov_56.182456_33, 30281 # 31270 # -1 , 30281,31270,-1 ,17_33,17,33,00,ATG,GGAG/GAGG,5-10bp,0.606,NODE_17_length_77811_cov_56.182456,mobileOG_000289365_NODE_17_length_77811_cov_56.182456
452,mobileOG_000289368|traN|WP_089197768.1|transfer|conjugation|Multiple|Homology,NODE_17_length_77811_cov_56.182456_33 # 30281 # 31270 # -1 # ID=17_33;partial=00;start_type=ATG;rbs_motif=GGAG/GAGG;rbs_spacer=5-10bp;gc_cont=0.606,98.8,635,329,7.67e-232,330,1,329,1,329,mobileOG_000289368,traN,WP_089197768.1,transfer,conjugation,Multiple,Homology,NODE_17_length_77811_cov_56.182456_33, 30281 # 31270 # -1 , 30281,31270,-1 ,17_33,17,33,00,ATG,GGAG/GAGG,5-10bp,0.606,NODE_17_length_77811_cov_56.182456,mobileOG_000289368_NODE_17_length_77811_cov_56.182456
453,"mobileOG_000296401|traM|WP_089186981.1|transfer|conjugation,relaxosome|Multiple|Homology",NODE_17_length_77811_cov_56.182456_34 # 31279 # 31971 # -1 # ID=17_34;partial=00;start_type=ATG;rbs_motif=AGGA;rbs_spacer=5-10bp;gc_cont=0.561,97.0,441,235,2.95e-158,231,1,235,1,230,mobileOG_000296401,traM,WP_089186981.1,transfer,"conjugation,relaxosome",Multiple,Homology,NODE_17_length_77811_cov_56.182456_34, 31279 # 31971 # -1 , 31279,31971,-1 ,17_34,17,34,00,ATG,AGGA,5-10bp,0.561,NODE_17_length_77811_cov_56.182456,mobileOG_000296401_NODE_17_length_77811_cov_56.182456
454,"mobileOG_000370210|traM|WP_089197769.1|transfer|conjugation,relaxosome|Multiple|Homology",NODE_17_length_77811_cov_56.182456_34 # 31279 # 31971 # -1 # ID=17_34;partial=00;start_type=ATG;rbs_motif=AGGA;rbs_spacer=5-10bp;gc_cont=0.561,96.6,437,235,6.94e-157,231,1,235,1,230,mobileOG_000370210,traM,WP_089197769.1,transfer,"conjugation,relaxosome",Multiple,Homology,NODE_17_length_77811_cov_56.182456_34, 31279 # 31971 # -1 , 31279,31971,-1 ,17_34,17,34,00,ATG,AGGA,5-10bp,0.561,NODE_17_length_77811_cov_56.182456,mobileOG_000370210_NODE_17_length_77811_cov_56.182456
455,"mobileOG_000286229|traM|WP_080437538.1|transfer|conjugation,relaxosome|Multiple|Homology",NODE_17_length_77811_cov_56.182456_34 # 31279 # 31971 # -1 # ID=17_34;partial=00;start_type=ATG;rbs_motif=AGGA;rbs_spacer=5-10bp;gc_cont=0.561,94.9,433,235,2.32e-155,231,1,235,1,230,mobileOG_000286229,traM,WP_080437538.1,transfer,"conjugation,relaxosome",Multiple,Homology,NODE_17_length_77811_cov_56.182456_34, 31279 # 31971 # -1 , 31279,31971,-1 ,17_34,17,34,00,ATG,AGGA,5-10bp,0.561,NODE_17_length_77811_cov_56.182456,mobileOG_000286229_NODE_17_length_77811_cov_56.182456
456,mobileOG_000318037|traL|WP_060432360.1|transfer|conjugation|Multiple|Homology,NODE_17_length_77811_cov_56.182456_35 # 31980 # 32333 # -1 # ID=17_35;partial=00;start_type=ATG;rbs_motif=AGGA;rbs_spacer=5-10bp;gc_cont=0.588,100,223,117,6.86e-76,118,1,117,1,117,mobileOG_000318037,traL,WP_060432360.1,transfer,conjugation,Multiple,Homology,NODE_17_length_77811_cov_56.182456_35, 31980 # 32333 # -1 , 31980,32333,-1 ,17_35,17,35,00,ATG,AGGA,5-10bp,0.588,NODE_17_length_77811_cov_56.182456,mobileOG_000318037_NODE_17_length_77811_cov_56.182456
457,mobileOG_000309801|traL|WP_089197770.1|transfer|conjugation|Multiple|Homology,NODE_17_length_77811_cov_56.182456_35 # 31980 # 32333 # -1 # ID=17_35;partial=00;start_type=ATG;rbs_motif=AGGA;rbs_spacer=5-10bp;gc_cont=0.588,99.1,221,117,2.80e-75,118,1,117,1,117,mobileOG_000309801,traL,WP_089197770.1,transfer,conjugation,Multiple,Homology,NODE_17_length_77811_cov_56.182456_35, 31980 # 32333 # -1 , 31980,32333,-1 ,17_35,17,35,00,ATG,AGGA,5-10bp,0.588,NODE_17_length_77811_cov_56.182456,mobileOG_000309801_NODE_17_length_77811_cov_56.182456
458,mobileOG_000305352|traL|WP_089186982.1|transfer|conjugation|Multiple|Homology,NODE_17_length_77811_cov_56.182456_35 # 31980 # 32333 # -1 # ID=17_35;partial=00;start_type=ATG;rbs_motif=AGGA;rbs_spacer=5-10bp;gc_cont=0.588,98.3,220,117,8.02e-75,118,1,117,1,117,mobileOG_000305352,traL,WP_089186982.1,transfer,conjugation,Multiple,Homology,NODE_17_length_77811_cov_56.182456_35, 31980 # 32333 # -1 , 31980,32333,-1 ,17_35,17,35,00,ATG,AGGA,5-10bp,0.588,NODE_17_length_77811_cov_56.182456,mobileOG_000305352_NODE_17_length_77811_cov_56.182456
459,mobileOG_000742677|NA:Keyword|WP_089186984.1|transfer|NA|Multiple|Keyword Search,NODE_17_length_77811_cov_56.182456_39 # 36516 # 36803 # -1 # ID=17_39;partial=00;start_type=ATG;rbs_motif=GGAG/GAGG;rbs_spacer=5-10bp;gc_cont=0.531,100,205,95,1.42e-69,96,1,95,1,95,mobileOG_000742677,NA:Keyword,WP_089186984.1,transfer,NA,Multiple,Keyword Search,NODE_17_length_77811_cov_56.182456_39, 36516 # 36803 # -1 , 36516,36803,-1 ,17_39,17,39,00,ATG,GGAG/GAGG,5-10bp,0.531,NODE_17_length_77811_cov_56.182456,mobileOG_000742677_NODE_17_length_77811_cov_56.182456
460,mobileOG_000318036|traK|WP_060432358.1|transfer|conjugation|Multiple|Homology,NODE_17_length_77811_cov_56.182456_39 # 36516 # 36803 # -1 # ID=17_39;partial=00;start_type=ATG;rbs_motif=GGAG/GAGG;rbs_spacer=5-10bp;gc_cont=0.531,98.9,204,95,4.07e-69,96,1,95,1,95,mobileOG_000318036,traK,WP_060432358.1,transfer,conjugation,Multiple,Homology,NODE_17_length_77811_cov_56.182456_39, 36516 # 36803 # -1 , 36516,36803,-1 ,17_39,17,39,00,ATG,GGAG/GAGG,5-10bp,0.531,NODE_17_length_77811_cov_56.182456,mobileOG_000318036_NODE_17_length_77811_cov_56.182456
461,mobileOG_000742684|NA:Keyword|WP_089197772.1|transfer|NA|Multiple|Keyword Search,NODE_17_length_77811_cov_56.182456_39 # 36516 # 36803 # -1 # ID=17_39;partial=00;start_type=ATG;rbs_motif=GGAG/GAGG;rbs_spacer=5-10bp;gc_cont=0.531,97.9,202,95,1.66e-68,96,1,95,1,95,mobileOG_000742684,NA:Keyword,WP_089197772.1,transfer,NA,Multiple,Keyword Search,NODE_17_length_77811_cov_56.182456_39, 36516 # 36803 # -1 , 36516,36803,-1 ,17_39,17,39,00,ATG,GGAG/GAGG,5-10bp,0.531,NODE_17_length_77811_cov_56.182456,mobileOG_000742684_NODE_17_length_77811_cov_56.182456
462,"mobileOG_000333205|traJ|WP_089186985.1|transfer|conjugation,competence|Multiple|Homology",NODE_17_length_77811_cov_56.182456_40 # 36796 # 37971 # -1 # ID=17_40;partial=00;start_type=ATG;rbs_motif=GGAG/GAGG;rbs_spacer=5-10bp;gc_cont=0.546,99.7,781,391,8.11e-288,392,1,391,1,391,mobileOG_000333205,traJ,WP_089186985.1,transfer,"conjugation,competence",Multiple,Homology,NODE_17_length_77811_cov_56.182456_40, 36796 # 37971 # -1 , 36796,37971,-1 ,17_40,17,40,00,ATG,GGAG/GAGG,5-10bp,0.546,NODE_17_length_77811_cov_56.182456,mobileOG_000333205_NODE_17_length_77811_cov_56.182456
463,"mobileOG_000296425|traJ|A0A542BG32|transfer|conjugation,competence|Plasmid RefSeq|Homology",NODE_17_length_77811_cov_56.182456_40 # 36796 # 37971 # -1 # ID=17_40;partial=00;start_type=ATG;rbs_motif=GGAG/GAGG;rbs_spacer=5-10bp;gc_cont=0.546,99.2,778,391,1.34e-286,392,1,391,1,391,mobileOG_000296425,traJ,A0A542BG32,transfer,"conjugation,competence",Plasmid RefSeq,Homology,NODE_17_length_77811_cov_56.182456_40, 36796 # 37971 # -1 , 36796,37971,-1 ,17_40,17,40,00,ATG,GGAG/GAGG,5-10bp,0.546,NODE_17_length_77811_cov_56.182456,mobileOG_000296425_NODE_17_length_77811_cov_56.182456
464,"mobileOG_000334366|traJ|WP_089197773.1|transfer|conjugation,competence|Multiple|Homology",NODE_17_length_77811_cov_56.182456_40 # 36796 # 37971 # -1 # ID=17_40;partial=00;start_type=ATG;rbs_motif=GGAG/GAGG;rbs_spacer=5-10bp;gc_cont=0.546,99.0,776,391,1.10e-285,392,1,391,1,391,mobileOG_000334366,traJ,WP_089197773.1,transfer,"conjugation,competence",Multiple,Homology,NODE_17_length_77811_cov_56.182456_40, 36796 # 37971 # -1 , 36796,37971,-1 ,17_40,17,40,00,ATG,GGAG/GAGG,5-10bp,0.546,NODE_17_length_77811_cov_56.182456,mobileOG_000334366_NODE_17_length_77811_cov_56.182456
465,"mobileOG_000334619|traJ|WP_060432357.1|transfer|conjugation,competence|Multiple|Homology",NODE_17_length_77811_cov_56.182456_40 # 36796 # 37971 # -1 # ID=17_40;partial=00;start_type=ATG;rbs_motif=GGAG/GAGG;rbs_spacer=5-10bp;gc_cont=0.546,98.0,769,391,8.70e-283,392,1,391,1,391,mobileOG_000334619,traJ,WP_060432357.1,transfer,"conjugation,competence",Multiple,Homology,NODE_17_length_77811_cov_56.182456_40, 36796 # 37971 # -1 , 36796,37971,-1 ,17_40,17,40,00,ATG,GGAG/GAGG,5-10bp,0.546,NODE_17_length_77811_cov_56.182456,mobileOG_000334619_NODE_17_length_77811_cov_56.182456
466,"mobileOG_000327022|traJ|WP_060432357.1|transfer|conjugation,competence|Plasmid RefSeq|Homology",NODE_17_length_77811_cov_56.182456_40 # 36796 # 37971 # -1 # ID=17_40;partial=00;start_type=ATG;rbs_motif=GGAG/GAGG;rbs_spacer=5-10bp;gc_cont=0.546,97.7,766,391,7.14e-282,392,1,391,1,391,mobileOG_000327022,traJ,WP_060432357.1,transfer,"conjugation,competence",Plasmid RefSeq,Homology,NODE_17_length_77811_cov_56.182456_40, 36796 # 37971 # -1 , 36796,37971,-1 ,17_40,17,40,00,ATG,GGAG/GAGG,5-10bp,0.546,NODE_17_length_77811_cov_56.182456,mobileOG_000327022_NODE_17_length_77811_cov_56.182456
467,mobileOG_000075948|traI|WP_089186986.1|transfer|conjugation|Multiple|Homology,NODE_17_length_77811_cov_56.182456_41 # 37964 # 38779 # -1 # ID=17_41;partial=00;start_type=ATG;rbs_motif=GGAG/GAGG;rbs_spacer=5-10bp;gc_cont=0.532,99.3,536,271,9.02e-195,272,1,271,1,271,mobileOG_000075948,traI,WP_089186986.1,transfer,conjugation,Multiple,Homology,NODE_17_length_77811_cov_56.182456_41, 37964 # 38779 # -1 , 37964,38779,-1 ,17_41,17,41,00,ATG,GGAG/GAGG,5-10bp,0.532,NODE_17_length_77811_cov_56.182456,mobileOG_000075948_NODE_17_length_77811_cov_56.182456
468,mobileOG_000296546|traI|WP_089186986.1|transfer|conjugation|Plasmid RefSeq|Homology,NODE_17_length_77811_cov_56.182456_41 # 37964 # 38779 # -1 # ID=17_41;partial=00;start_type=ATG;rbs_motif=GGAG/GAGG;rbs_spacer=5-10bp;gc_cont=0.532,98.9,534,271,5.22e-194,272,1,271,1,271,mobileOG_000296546,traI,WP_089186986.1,transfer,conjugation,Plasmid RefSeq,Homology,NODE_17_length_77811_cov_56.182456_41, 37964 # 38779 # -1 , 37964,38779,-1 ,17_41,17,41,00,ATG,GGAG/GAGG,5-10bp,0.532,NODE_17_length_77811_cov_56.182456,mobileOG_000296546_NODE_17_length_77811_cov_56.182456
469,mobileOG_000352272|traI|WP_089196568.1|transfer|conjugation|Plasmid RefSeq|Homology,NODE_17_length_77811_cov_56.182456_41 # 37964 # 38779 # -1 # ID=17_41;partial=00;start_type=ATG;rbs_motif=GGAG/GAGG;rbs_spacer=5-10bp;gc_cont=0.532,96.3,513,270,8.58e-186,272,1,270,1,271,mobileOG_000352272,traI,WP_089196568.1,transfer,conjugation,Plasmid RefSeq,Homology,NODE_17_length_77811_cov_56.182456_41, 37964 # 38779 # -1 , 37964,38779,-1 ,17_41,17,41,00,ATG,GGAG/GAGG,5-10bp,0.532,NODE_17_length_77811_cov_56.182456,mobileOG_000352272_NODE_17_length_77811_cov_56.182456
470,mobileOG_000352269|traI|WP_089196568.1|transfer|conjugation|Multiple|Homology,NODE_17_length_77811_cov_56.182456_41 # 37964 # 38779 # -1 # ID=17_41;partial=00;start_type=ATG;rbs_motif=GGAG/GAGG;rbs_spacer=5-10bp;gc_cont=0.532,95.9,513,270,1.73e-185,272,1,270,1,271,mobileOG_000352269,traI,WP_089196568.1,transfer,conjugation,Multiple,Homology,NODE_17_length_77811_cov_56.182456_41, 37964 # 38779 # -1 , 37964,38779,-1 ,17_41,17,41,00,ATG,GGAG/GAGG,5-10bp,0.532,NODE_17_length_77811_cov_56.182456,mobileOG_000352269_NODE_17_length_77811_cov_56.182456
471,"mobileOG_000356994|traH|WP_072270508.1|transfer|conjugation,relaxosome|Multiple|Homology",NODE_17_length_77811_cov_56.182456_42 # 38776 # 39240 # -1 # ID=17_42;partial=00;start_type=ATG;rbs_motif=AGGA;rbs_spacer=5-10bp;gc_cont=0.501,92.9,293,154,1.89e-102,155,1,154,1,154,mobileOG_000356994,traH,WP_072270508.1,transfer,"conjugation,relaxosome",Multiple,Homology,NODE_17_length_77811_cov_56.182456_42, 38776 # 39240 # -1 , 38776,39240,-1 ,17_42,17,42,00,ATG,AGGA,5-10bp,0.501,NODE_17_length_77811_cov_56.182456,mobileOG_000356994_NODE_17_length_77811_cov_56.182456
472,"mobileOG_000281971|traH|WP_072270508.1|transfer|conjugation,relaxosome|Plasmid RefSeq|Homology",NODE_17_length_77811_cov_56.182456_42 # 38776 # 39240 # -1 # ID=17_42;partial=00;start_type=ATG;rbs_motif=AGGA;rbs_spacer=5-10bp;gc_cont=0.501,93.3,283,149,1.03e-98,155,1,149,6,154,mobileOG_000281971,traH,WP_072270508.1,transfer,"conjugation,relaxosome",Plasmid RefSeq,Homology,NODE_17_length_77811_cov_56.182456_42, 38776 # 39240 # -1 , 38776,39240,-1 ,17_42,17,42,00,ATG,AGGA,5-10bp,0.501,NODE_17_length_77811_cov_56.182456,mobileOG_000281971_NODE_17_length_77811_cov_56.182456
473,"mobileOG_000075950|pilT|WP_089186989.1|transfer|conjugation,competence|Multiple|Homology",NODE_17_length_77811_cov_56.182456_46 # 42525 # 43010 # -1 # ID=17_46;partial=00;start_type=ATG;rbs_motif=GGAG/GAGG;rbs_spacer=5-10bp;gc_cont=0.516,100,327,161,1.22e-115,162,1,161,1,161,mobileOG_000075950,pilT,WP_089186989.1,transfer,"conjugation,competence",Multiple,Homology,NODE_17_length_77811_cov_56.182456_46, 42525 # 43010 # -1 , 42525,43010,-1 ,17_46,17,46,00,ATG,GGAG/GAGG,5-10bp,0.516,NODE_17_length_77811_cov_56.182456,mobileOG_000075950_NODE_17_length_77811_cov_56.182456
474,"mobileOG_000296547|pilT|WP_089186989.1|transfer|conjugation,competence|Plasmid RefSeq|Homology",NODE_17_length_77811_cov_56.182456_46 # 42525 # 43010 # -1 # ID=17_46;partial=00;start_type=ATG;rbs_motif=GGAG/GAGG;rbs_spacer=5-10bp;gc_cont=0.516,99.4,325,161,7.05e-115,162,1,161,1,161,mobileOG_000296547,pilT,WP_089186989.1,transfer,"conjugation,competence",Plasmid RefSeq,Homology,NODE_17_length_77811_cov_56.182456_46, 42525 # 43010 # -1 , 42525,43010,-1 ,17_46,17,46,00,ATG,GGAG/GAGG,5-10bp,0.516,NODE_17_length_77811_cov_56.182456,mobileOG_000296547_NODE_17_length_77811_cov_56.182456
475,"mobileOG_000320816|pilT|WP_060432413.1|transfer|conjugation,competence|Multiple|Homology",NODE_17_length_77811_cov_56.182456_46 # 42525 # 43010 # -1 # ID=17_46;partial=00;start_type=ATG;rbs_motif=GGAG/GAGG;rbs_spacer=5-10bp;gc_cont=0.516,98.1,322,161,1.66e-113,162,1,161,1,161,mobileOG_000320816,pilT,WP_060432413.1,transfer,"conjugation,competence",Multiple,Homology,NODE_17_length_77811_cov_56.182456_46, 42525 # 43010 # -1 , 42525,43010,-1 ,17_46,17,46,00,ATG,GGAG/GAGG,5-10bp,0.516,NODE_17_length_77811_cov_56.182456,mobileOG_000320816_NODE_17_length_77811_cov_56.182456
476,"mobileOG_000286234|pilT|A0A5C7D7V1|transfer|conjugation,competence|Plasmid RefSeq|Homology",NODE_17_length_77811_cov_56.182456_46 # 42525 # 43010 # -1 # ID=17_46;partial=00;start_type=ATG;rbs_motif=GGAG/GAGG;rbs_spacer=5-10bp;gc_cont=0.516,97.5,321,161,3.36e-113,162,1,161,1,161,mobileOG_000286234,pilT,A0A5C7D7V1,transfer,"conjugation,competence",Plasmid RefSeq,Homology,NODE_17_length_77811_cov_56.182456_46, 42525 # 43010 # -1 , 42525,43010,-1 ,17_46,17,46,00,ATG,GGAG/GAGG,5-10bp,0.516,NODE_17_length_77811_cov_56.182456,mobileOG_000286234_NODE_17_length_77811_cov_56.182456
477,"mobileOG_000037423|pilT|WP_010895751.1|transfer|conjugation,competence|Multiple|Homology",NODE_17_length_77811_cov_56.182456_46 # 42525 # 43010 # -1 # ID=17_46;partial=00;start_type=ATG;rbs_motif=GGAG/GAGG;rbs_spacer=5-10bp;gc_cont=0.516,90.7,302,161,9.96e-106,162,1,161,1,161,mobileOG_000037423,pilT,WP_010895751.1,transfer,"conjugation,competence",Multiple,Homology,NODE_17_length_77811_cov_56.182456_46, 42525 # 43010 # -1 , 42525,43010,-1 ,17_46,17,46,00,ATG,GGAG/GAGG,5-10bp,0.516,NODE_17_length_77811_cov_56.182456,mobileOG_000037423_NODE_17_length_77811_cov_56.182456
478,"mobileOG_000367179|pilR|WP_089197776.1|transfer|conjugation,competence|Multiple|Homology",NODE_17_length_77811_cov_56.182456_48 # 43693 # 44808 # -1 # ID=17_48;partial=00;start_type=ATG;rbs_motif=GGAGG;rbs_spacer=5-10bp;gc_cont=0.556,100,716,371,1.98e-262,372,1,371,1,371,mobileOG_000367179,pilR,WP_089197776.1,transfer,"conjugation,competence",Multiple,Homology,NODE_17_length_77811_cov_56.182456_48, 43693 # 44808 # -1 , 43693,44808,-1 ,17_48,17,48,00,ATG,GGAGG,5-10bp,0.556,NODE_17_length_77811_cov_56.182456,mobileOG_000367179_NODE_17_length_77811_cov_56.182456
479,"mobileOG_000296280|pilR|WP_089186990.1|transfer|conjugation,competence|Plasmid RefSeq|Homology",NODE_17_length_77811_cov_56.182456_48 # 43693 # 44808 # -1 # ID=17_48;partial=00;start_type=ATG;rbs_motif=GGAGG;rbs_spacer=5-10bp;gc_cont=0.556,99.5,711,371,9.38e-261,372,1,371,1,371,mobileOG_000296280,pilR,WP_089186990.1,transfer,"conjugation,competence",Plasmid RefSeq,Homology,NODE_17_length_77811_cov_56.182456_48, 43693 # 44808 # -1 , 43693,44808,-1 ,17_48,17,48,00,ATG,GGAGG,5-10bp,0.556,NODE_17_length_77811_cov_56.182456,mobileOG_000296280_NODE_17_length_77811_cov_56.182456
480,"mobileOG_000367178|pilR|WP_089186990.1|transfer|conjugation,competence|Multiple|Homology",NODE_17_length_77811_cov_56.182456_48 # 43693 # 44808 # -1 # ID=17_48;partial=00;start_type=ATG;rbs_motif=GGAGG;rbs_spacer=5-10bp;gc_cont=0.556,99.5,711,371,1.33e-260,372,1,371,1,371,mobileOG_000367178,pilR,WP_089186990.1,transfer,"conjugation,competence",Multiple,Homology,NODE_17_length_77811_cov_56.182456_48, 43693 # 44808 # -1 , 43693,44808,-1 ,17_48,17,48,00,ATG,GGAGG,5-10bp,0.556,NODE_17_length_77811_cov_56.182456,mobileOG_000367178_NODE_17_length_77811_cov_56.182456
481,"mobileOG_000378299|pilR|WP_060432411.1|transfer|conjugation,competence|Plasmid RefSeq|Homology",NODE_17_length_77811_cov_56.182456_48 # 43693 # 44808 # -1 # ID=17_48;partial=00;start_type=ATG;rbs_motif=GGAGG;rbs_spacer=5-10bp;gc_cont=0.556,97.6,702,371,3.00e-257,372,1,371,1,371,mobileOG_000378299,pilR,WP_060432411.1,transfer,"conjugation,competence",Plasmid RefSeq,Homology,NODE_17_length_77811_cov_56.182456_48, 43693 # 44808 # -1 , 43693,44808,-1 ,17_48,17,48,00,ATG,GGAGG,5-10bp,0.556,NODE_17_length_77811_cov_56.182456,mobileOG_000378299_NODE_17_length_77811_cov_56.182456
482,"mobileOG_000377760|pilR|WP_060432411.1|transfer|conjugation,competence|Multiple|Homology",NODE_17_length_77811_cov_56.182456_48 # 43693 # 44808 # -1 # ID=17_48;partial=00;start_type=ATG;rbs_motif=GGAGG;rbs_spacer=5-10bp;gc_cont=0.556,96.8,697,371,5.80e-255,372,1,371,1,371,mobileOG_000377760,pilR,WP_060432411.1,transfer,"conjugation,competence",Multiple,Homology,NODE_17_length_77811_cov_56.182456_48, 43693 # 44808 # -1 , 43693,44808,-1 ,17_48,17,48,00,ATG,GGAGG,5-10bp,0.556,NODE_17_length_77811_cov_56.182456,mobileOG_000377760_NODE_17_length_77811_cov_56.182456
483,"mobileOG_000367162|pilR|WP_059202120.1|transfer|conjugation,competence|Multiple|Homology",NODE_17_length_77811_cov_56.182456_48 # 43693 # 44808 # -1 # ID=17_48;partial=00;start_type=ATG;rbs_motif=GGAGG;rbs_spacer=5-10bp;gc_cont=0.556,93.5,675,371,2.82e-246,372,1,371,1,371,mobileOG_000367162,pilR,WP_059202120.1,transfer,"conjugation,competence",Multiple,Homology,NODE_17_length_77811_cov_56.182456_48, 43693 # 44808 # -1 , 43693,44808,-1 ,17_48,17,48,00,ATG,GGAGG,5-10bp,0.556,NODE_17_length_77811_cov_56.182456,mobileOG_000367162_NODE_17_length_77811_cov_56.182456
484,"mobileOG_000377197|pilR|WP_059202273.1|transfer|conjugation,competence|Multiple|Homology",NODE_17_length_77811_cov_56.182456_48 # 43693 # 44808 # -1 # ID=17_48;partial=00;start_type=ATG;rbs_motif=GGAGG;rbs_spacer=5-10bp;gc_cont=0.556,91.9,665,371,1.82e-242,372,1,371,1,371,mobileOG_000377197,pilR,WP_059202273.1,transfer,"conjugation,competence",Multiple,Homology,NODE_17_length_77811_cov_56.182456_48, 43693 # 44808 # -1 , 43693,44808,-1 ,17_48,17,48,00,ATG,GGAGG,5-10bp,0.556,NODE_17_length_77811_cov_56.182456,mobileOG_000377197_NODE_17_length_77811_cov_56.182456
485,"mobileOG_000367546|pilQ|WP_089186991.1|transfer|conjugation,competence|Multiple|Homology",NODE_17_length_77811_cov_56.182456_49 # 44805 # 46295 # -1 # ID=17_49;partial=00;start_type=ATG;rbs_motif=None;rbs_spacer=None;gc_cont=0.538,99.0,967,496,0.0,497,1,496,1,496,mobileOG_000367546,pilQ,WP_089186991.1,transfer,"conjugation,competence",Multiple,Homology,NODE_17_length_77811_cov_56.182456_49, 44805 # 46295 # -1 , 44805,46295,-1 ,17_49,17,49,00,ATG,None,None,0.538,NODE_17_length_77811_cov_56.182456,mobileOG_000367546_NODE_17_length_77811_cov_56.182456
486,"mobileOG_000367547|pilQ|WP_089197777.1|transfer|conjugation,competence|Multiple|Homology",NODE_17_length_77811_cov_56.182456_49 # 44805 # 46295 # -1 # ID=17_49;partial=00;start_type=ATG;rbs_motif=None;rbs_spacer=None;gc_cont=0.538,98.4,961,496,0.0,497,1,496,1,496,mobileOG_000367547,pilQ,WP_089197777.1,transfer,"conjugation,competence",Multiple,Homology,NODE_17_length_77811_cov_56.182456_49, 44805 # 46295 # -1 , 44805,46295,-1 ,17_49,17,49,00,ATG,None,None,0.538,NODE_17_length_77811_cov_56.182456,mobileOG_000367547_NODE_17_length_77811_cov_56.182456
487,"mobileOG_000367554|pilQ|WP_060432410.1|transfer|conjugation,competence|Plasmid RefSeq|Homology",NODE_17_length_77811_cov_56.182456_49 # 44805 # 46295 # -1 # ID=17_49;partial=00;start_type=ATG;rbs_motif=None;rbs_spacer=None;gc_cont=0.538,98.0,957,496,0.0,497,1,496,1,496,mobileOG_000367554,pilQ,WP_060432410.1,transfer,"conjugation,competence",Plasmid RefSeq,Homology,NODE_17_length_77811_cov_56.182456_49, 44805 # 46295 # -1 , 44805,46295,-1 ,17_49,17,49,00,ATG,None,None,0.538,NODE_17_length_77811_cov_56.182456,mobileOG_000367554_NODE_17_length_77811_cov_56.182456
488,"mobileOG_000367499|pilQ|WP_060432410.1|transfer|conjugation,competence|Plasmid RefSeq|Homology",NODE_17_length_77811_cov_56.182456_49 # 44805 # 46295 # -1 # ID=17_49;partial=00;start_type=ATG;rbs_motif=None;rbs_spacer=None;gc_cont=0.538,98.0,956,496,0.0,497,1,496,1,496,mobileOG_000367499,pilQ,WP_060432410.1,transfer,"conjugation,competence",Plasmid RefSeq,Homology,NODE_17_length_77811_cov_56.182456_49, 44805 # 46295 # -1 , 44805,46295,-1 ,17_49,17,49,00,ATG,None,None,0.538,NODE_17_length_77811_cov_56.182456,mobileOG_000367499_NODE_17_length_77811_cov_56.182456
489,"mobileOG_000296281|pilQ|A0A5C7D3A7|transfer|conjugation,competence|Plasmid RefSeq|Homology",NODE_17_length_77811_cov_56.182456_49 # 44805 # 46295 # -1 # ID=17_49;partial=00;start_type=ATG;rbs_motif=None;rbs_spacer=None;gc_cont=0.538,96.2,939,496,0.0,497,1,496,1,496,mobileOG_000296281,pilQ,A0A5C7D3A7,transfer,"conjugation,competence",Plasmid RefSeq,Homology,NODE_17_length_77811_cov_56.182456_49, 44805 # 46295 # -1 , 44805,46295,-1 ,17_49,17,49,00,ATG,None,None,0.538,NODE_17_length_77811_cov_56.182456,mobileOG_000296281_NODE_17_length_77811_cov_56.182456
490,"mobileOG_000334709|pilP|WP_060432409.1|transfer|conjugation,competence|Multiple|Homology",NODE_17_length_77811_cov_56.182456_50 # 46301 # 46873 # -1 # ID=17_50;partial=00;start_type=ATG;rbs_motif=GGAG/GAGG;rbs_spacer=5-10bp;gc_cont=0.590,95.3,343,190,4.32e-121,191,1,190,1,190,mobileOG_000334709,pilP,WP_060432409.1,transfer,"conjugation,competence",Multiple,Homology,NODE_17_length_77811_cov_56.182456_50, 46301 # 46873 # -1 , 46301,46873,-1 ,17_50,17,50,00,ATG,GGAG/GAGG,5-10bp,0.590,NODE_17_length_77811_cov_56.182456,mobileOG_000334709_NODE_17_length_77811_cov_56.182456
491,"mobileOG_000344072|pilP|WP_060432409.1|transfer|conjugation,competence|Multiple|Homology",NODE_17_length_77811_cov_56.182456_50 # 46301 # 46873 # -1 # ID=17_50;partial=00;start_type=ATG;rbs_motif=GGAG/GAGG;rbs_spacer=5-10bp;gc_cont=0.590,100,343,190,4.32e-121,191,1,190,1,190,mobileOG_000344072,pilP,WP_060432409.1,transfer,"conjugation,competence",Multiple,Homology,NODE_17_length_77811_cov_56.182456_50, 46301 # 46873 # -1 , 46301,46873,-1 ,17_50,17,50,00,ATG,GGAG/GAGG,5-10bp,0.590,NODE_17_length_77811_cov_56.182456,mobileOG_000344072_NODE_17_length_77811_cov_56.182456
492,"mobileOG_000328062|pilP|WP_060432409.1|transfer|conjugation,competence|Plasmid RefSeq|Homology",NODE_17_length_77811_cov_56.182456_50 # 46301 # 46873 # -1 # ID=17_50;partial=00;start_type=ATG;rbs_motif=GGAG/GAGG;rbs_spacer=5-10bp;gc_cont=0.590,94.7,341,190,3.55e-120,191,1,190,1,190,mobileOG_000328062,pilP,WP_060432409.1,transfer,"conjugation,competence",Plasmid RefSeq,Homology,NODE_17_length_77811_cov_56.182456_50, 46301 # 46873 # -1 , 46301,46873,-1 ,17_50,17,50,00,ATG,GGAG/GAGG,5-10bp,0.590,NODE_17_length_77811_cov_56.182456,mobileOG_000328062_NODE_17_length_77811_cov_56.182456
493,"mobileOG_000327545|pilP|WP_089186992.1|transfer|conjugation,competence|Multiple|Homology",NODE_17_length_77811_cov_56.182456_50 # 46301 # 46873 # -1 # ID=17_50;partial=00;start_type=ATG;rbs_motif=GGAG/GAGG;rbs_spacer=5-10bp;gc_cont=0.590,91.1,326,190,3.12e-114,191,1,190,1,190,mobileOG_000327545,pilP,WP_089186992.1,transfer,"conjugation,competence",Multiple,Homology,NODE_17_length_77811_cov_56.182456_50, 46301 # 46873 # -1 , 46301,46873,-1 ,17_50,17,50,00,ATG,GGAG/GAGG,5-10bp,0.590,NODE_17_length_77811_cov_56.182456,mobileOG_000327545_NODE_17_length_77811_cov_56.182456
494,"mobileOG_000344071|bfpB|WP_060442017.1|transfer|conjugation,competence|Multiple|Homology",NODE_17_length_77811_cov_56.182456_52 # 48162 # 49793 # -1 # ID=17_52;partial=00;start_type=ATG;rbs_motif=GGA/GAG/AGG;rbs_spacer=5-10bp;gc_cont=0.548,99.8,1016,543,0.0,544,1,543,1,543,mobileOG_000344071,bfpB,WP_060442017.1,transfer,"conjugation,competence",Multiple,Homology,NODE_17_length_77811_cov_56.182456_52, 48162 # 49793 # -1 , 48162,49793,-1 ,17_52,17,52,00,ATG,GGA/GAG/AGG,5-10bp,0.548,NODE_17_length_77811_cov_56.182456,mobileOG_000344071_NODE_17_length_77811_cov_56.182456
495,"mobileOG_000325824|bfpB|WP_089197779.1|transfer|conjugation,competence|Multiple|Homology",NODE_17_length_77811_cov_56.182456_52 # 48162 # 49793 # -1 # ID=17_52;partial=00;start_type=ATG;rbs_motif=GGA/GAG/AGG;rbs_spacer=5-10bp;gc_cont=0.548,99.4,1013,543,0.0,544,1,543,1,543,mobileOG_000325824,bfpB,WP_089197779.1,transfer,"conjugation,competence",Multiple,Homology,NODE_17_length_77811_cov_56.182456_52, 48162 # 49793 # -1 , 48162,49793,-1 ,17_52,17,52,00,ATG,GGA/GAG/AGG,5-10bp,0.548,NODE_17_length_77811_cov_56.182456,mobileOG_000325824_NODE_17_length_77811_cov_56.182456
496,"mobileOG_000326448|bfpB|WP_060432407.1|transfer|conjugation,competence|Multiple|Homology",NODE_17_length_77811_cov_56.182456_52 # 48162 # 49793 # -1 # ID=17_52;partial=00;start_type=ATG;rbs_motif=GGA/GAG/AGG;rbs_spacer=5-10bp;gc_cont=0.548,99.3,1012,543,0.0,544,1,543,1,543,mobileOG_000326448,bfpB,WP_060432407.1,transfer,"conjugation,competence",Multiple,Homology,NODE_17_length_77811_cov_56.182456_52, 48162 # 49793 # -1 , 48162,49793,-1 ,17_52,17,52,00,ATG,GGA/GAG/AGG,5-10bp,0.548,NODE_17_length_77811_cov_56.182456,mobileOG_000326448_NODE_17_length_77811_cov_56.182456
497,"mobileOG_000335140|bfpB|WP_060432407.1|transfer|conjugation,competence|Plasmid RefSeq|Homology",NODE_17_length_77811_cov_56.182456_52 # 48162 # 49793 # -1 # ID=17_52;partial=00;start_type=ATG;rbs_motif=GGA/GAG/AGG;rbs_spacer=5-10bp;gc_cont=0.548,98.9,1007,543,0.0,544,1,543,1,543,mobileOG_000335140,bfpB,WP_060432407.1,transfer,"conjugation,competence",Plasmid RefSeq,Homology,NODE_17_length_77811_cov_56.182456_52, 48162 # 49793 # -1 , 48162,49793,-1 ,17_52,17,52,00,ATG,GGA/GAG/AGG,5-10bp,0.548,NODE_17_length_77811_cov_56.182456,mobileOG_000335140_NODE_17_length_77811_cov_56.182456
498,"mobileOG_000037427|bfpB|WP_010895757.1|transfer|conjugation,competence|Multiple|Homology",NODE_17_length_77811_cov_56.182456_52 # 48162 # 49793 # -1 # ID=17_52;partial=00;start_type=ATG;rbs_motif=GGA/GAG/AGG;rbs_spacer=5-10bp;gc_cont=0.548,94.5,965,544,0.0,544,1,544,1,543,mobileOG_000037427,bfpB,WP_010895757.1,transfer,"conjugation,competence",Multiple,Homology,NODE_17_length_77811_cov_56.182456_52, 48162 # 49793 # -1 , 48162,49793,-1 ,17_52,17,52,00,ATG,GGA/GAG/AGG,5-10bp,0.548,NODE_17_length_77811_cov_56.182456,mobileOG_000037427_NODE_17_length_77811_cov_56.182456
499,"mobileOG_000075956|pilM|WP_060442016.1|transfer|conjugation,competence|COMPASS|Homology",NODE_17_length_77811_cov_56.182456_53 # 49815 # 50240 # -1 # ID=17_53;partial=00;start_type=ATG;rbs_motif=GGAGG;rbs_spacer=5-10bp;gc_cont=0.521,99.3,282,141,1.88e-98,142,1,141,1,141,mobileOG_000075956,pilM,WP_060442016.1,transfer,"conjugation,competence",COMPASS,Homology,NODE_17_length_77811_cov_56.182456_53, 49815 # 50240 # -1 , 49815,50240,-1 ,17_53,17,53,00,ATG,GGAGG,5-10bp,0.521,NODE_17_length_77811_cov_56.182456,mobileOG_000075956_NODE_17_length_77811_cov_56.182456
500,"mobileOG_000364418|pilM|WP_060442016.1|transfer|conjugation,competence|Plasmid RefSeq|Homology",NODE_17_length_77811_cov_56.182456_53 # 49815 # 50240 # -1 # ID=17_53;partial=00;start_type=ATG;rbs_motif=GGAGG;rbs_spacer=5-10bp;gc_cont=0.521,99.3,282,154,2.94e-98,142,14,154,1,141,mobileOG_000364418,pilM,WP_060442016.1,transfer,"conjugation,competence",Plasmid RefSeq,Homology,NODE_17_length_77811_cov_56.182456_53, 49815 # 50240 # -1 , 49815,50240,-1 ,17_53,17,53,00,ATG,GGAGG,5-10bp,0.521,NODE_17_length_77811_cov_56.182456,mobileOG_000364418_NODE_17_length_77811_cov_56.182456
501,"mobileOG_000075940|pilM|WP_060432406.1|transfer|conjugation,competence|COMPASS|Homology",NODE_17_length_77811_cov_56.182456_53 # 49815 # 50240 # -1 # ID=17_53;partial=00;start_type=ATG;rbs_motif=GGAGG;rbs_spacer=5-10bp;gc_cont=0.521,97.2,274,141,2.12e-95,142,1,141,1,141,mobileOG_000075940,pilM,WP_060432406.1,transfer,"conjugation,competence",COMPASS,Homology,NODE_17_length_77811_cov_56.182456_53, 49815 # 50240 # -1 , 49815,50240,-1 ,17_53,17,53,00,ATG,GGAGG,5-10bp,0.521,NODE_17_length_77811_cov_56.182456,mobileOG_000075940_NODE_17_length_77811_cov_56.182456
502,"mobileOG_000360448|pilM|WP_060432406.1|transfer|conjugation,competence|Plasmid RefSeq|Homology",NODE_17_length_77811_cov_56.182456_53 # 49815 # 50240 # -1 # ID=17_53;partial=00;start_type=ATG;rbs_motif=GGAGG;rbs_spacer=5-10bp;gc_cont=0.521,97.2,274,154,3.30e-95,142,14,154,1,141,mobileOG_000360448,pilM,WP_060432406.1,transfer,"conjugation,competence",Plasmid RefSeq,Homology,NODE_17_length_77811_cov_56.182456_53, 49815 # 50240 # -1 , 49815,50240,-1 ,17_53,17,53,00,ATG,GGAGG,5-10bp,0.521,NODE_17_length_77811_cov_56.182456,mobileOG_000360448_NODE_17_length_77811_cov_56.182456
503,"mobileOG_000362341|pilM|WP_060432406.1|transfer|conjugation,competence|Plasmid RefSeq|Homology",NODE_17_length_77811_cov_56.182456_53 # 49815 # 50240 # -1 # ID=17_53;partial=00;start_type=ATG;rbs_motif=GGAGG;rbs_spacer=5-10bp;gc_cont=0.521,97.2,274,154,3.30e-95,142,14,154,1,141,mobileOG_000362341,pilM,WP_060432406.1,transfer,"conjugation,competence",Plasmid RefSeq,Homology,NODE_17_length_77811_cov_56.182456_53, 49815 # 50240 # -1 , 49815,50240,-1 ,17_53,17,53,00,ATG,GGAGG,5-10bp,0.521,NODE_17_length_77811_cov_56.182456,mobileOG_000362341_NODE_17_length_77811_cov_56.182456
504,mobileOG_000737060|NA:Keyword|A0A542BG36|transfer|NA|Plasmid RefSeq|Keyword Search,NODE_17_length_77811_cov_56.182456_54 # 50393 # 51433 # -1 # ID=17_54;partial=00;start_type=TTG;rbs_motif=GGAG/GAGG;rbs_spacer=5-10bp;gc_cont=0.551,97.4,638,346,1.73e-232,347,1,346,1,346,mobileOG_000737060,NA:Keyword,A0A542BG36,transfer,NA,Plasmid RefSeq,Keyword Search,NODE_17_length_77811_cov_56.182456_54, 50393 # 51433 # -1 , 50393,51433,-1 ,17_54,17,54,00,TTG,GGAG/GAGG,5-10bp,0.551,NODE_17_length_77811_cov_56.182456,mobileOG_000737060_NODE_17_length_77811_cov_56.182456
505,mobileOG_000362423|traY|WP_072270311.1|transfer|conjugation|Multiple|Homology,NODE_17_length_77811_cov_56.182456_55 # 52309 # 52509 # -1 # ID=17_55;partial=00;start_type=ATG;rbs_motif=GGA/GAG/AGG;rbs_spacer=5-10bp;gc_cont=0.473,100,128,66,6.00e-40,67,1,66,1,66,mobileOG_000362423,traY,WP_072270311.1,transfer,conjugation,Multiple,Homology,NODE_17_length_77811_cov_56.182456_55, 52309 # 52509 # -1 , 52309,52509,-1 ,17_55,17,55,00,ATG,GGA/GAG/AGG,5-10bp,0.473,NODE_17_length_77811_cov_56.182456,mobileOG_000362423_NODE_17_length_77811_cov_56.182456
506,mobileOG_000360230|traY|WP_072270505.1|transfer|conjugation|Multiple|Homology,NODE_17_length_77811_cov_56.182456_55 # 52309 # 52509 # -1 # ID=17_55;partial=00;start_type=ATG;rbs_motif=GGA/GAG/AGG;rbs_spacer=5-10bp;gc_cont=0.473,98.5,127,66,1.72e-39,67,1,66,1,66,mobileOG_000360230,traY,WP_072270505.1,transfer,conjugation,Multiple,Homology,NODE_17_length_77811_cov_56.182456_55, 52309 # 52509 # -1 , 52309,52509,-1 ,17_55,17,55,00,ATG,GGA/GAG/AGG,5-10bp,0.473,NODE_17_length_77811_cov_56.182456,mobileOG_000360230_NODE_17_length_77811_cov_56.182456
507,mobileOG_000359761|traY|WP_089197781.1|transfer|conjugation|Multiple|Homology,NODE_17_length_77811_cov_56.182456_55 # 52309 # 52509 # -1 # ID=17_55;partial=00;start_type=ATG;rbs_motif=GGA/GAG/AGG;rbs_spacer=5-10bp;gc_cont=0.473,98.5,126,66,3.48e-39,67,1,66,1,66,mobileOG_000359761,traY,WP_089197781.1,transfer,conjugation,Multiple,Homology,NODE_17_length_77811_cov_56.182456_55, 52309 # 52509 # -1 , 52309,52509,-1 ,17_55,17,55,00,ATG,GGA/GAG/AGG,5-10bp,0.473,NODE_17_length_77811_cov_56.182456,mobileOG_000359761_NODE_17_length_77811_cov_56.182456
508,"mobileOG_000075942|traJ|WP_060442014.1|transfer|conjugation,competence|Multiple|Homology",NODE_17_length_77811_cov_56.182456_56 # 52626 # 52901 # -1 # ID=17_56;partial=00;start_type=ATG;rbs_motif=GGAGG;rbs_spacer=5-10bp;gc_cont=0.471,100,179,91,3.60e-59,92,1,91,1,91,mobileOG_000075942,traJ,WP_060442014.1,transfer,"conjugation,competence",Multiple,Homology,NODE_17_length_77811_cov_56.182456_56, 52626 # 52901 # -1 , 52626,52901,-1 ,17_56,17,56,00,ATG,GGAGG,5-10bp,0.471,NODE_17_length_77811_cov_56.182456,mobileOG_000075942_NODE_17_length_77811_cov_56.182456
509,mobileOG_000736884|NA:Keyword|WP_089197782.1|transfer|NA|Plasmid RefSeq|Keyword Search,NODE_17_length_77811_cov_56.182456_57 # 53025 # 54980 # -1 # ID=17_57;partial=00;start_type=ATG;rbs_motif=GGA/GAG/AGG;rbs_spacer=5-10bp;gc_cont=0.504,100,1320,651,0.0,652,1,651,1,651,mobileOG_000736884,NA:Keyword,WP_089197782.1,transfer,NA,Plasmid RefSeq,Keyword Search,NODE_17_length_77811_cov_56.182456_57, 53025 # 54980 # -1 , 53025,54980,-1 ,17_57,17,57,00,ATG,GGA/GAG/AGG,5-10bp,0.504,NODE_17_length_77811_cov_56.182456,mobileOG_000736884_NODE_17_length_77811_cov_56.182456
510,mobileOG_000757381|NA:Keyword|A0A5C7DDM3|transfer|NA|Plasmid RefSeq|Keyword Search,NODE_17_length_77811_cov_56.182456_57 # 53025 # 54980 # -1 # ID=17_57;partial=00;start_type=ATG;rbs_motif=GGA/GAG/AGG;rbs_spacer=5-10bp;gc_cont=0.504,96.5,1279,651,0.0,652,1,651,1,651,mobileOG_000757381,NA:Keyword,A0A5C7DDM3,transfer,NA,Plasmid RefSeq,Keyword Search,NODE_17_length_77811_cov_56.182456_57, 53025 # 54980 # -1 , 53025,54980,-1 ,17_57,17,57,00,ATG,GGA/GAG/AGG,5-10bp,0.504,NODE_17_length_77811_cov_56.182456,mobileOG_000757381_NODE_17_length_77811_cov_56.182456
511,mobileOG_000075938|mobB|WP_060432402.1|transfer|conjugation|Multiple|Homology,NODE_17_length_77811_cov_56.182456_58 # 54988 # 55320 # -1 # ID=17_58;partial=00;start_type=ATG;rbs_motif=GGAG/GAGG;rbs_spacer=5-10bp;gc_cont=0.483,99.1,200,110,5.82e-67,111,1,110,1,110,mobileOG_000075938,mobB,WP_060432402.1,transfer,conjugation,Multiple,Homology,NODE_17_length_77811_cov_56.182456_58, 54988 # 55320 # -1 , 54988,55320,-1 ,17_58,17,58,00,ATG,GGAG/GAGG,5-10bp,0.483,NODE_17_length_77811_cov_56.182456,mobileOG_000075938_NODE_17_length_77811_cov_56.182456
512,mobileOG_000296282|mobB|WP_060432402.1|transfer|conjugation|Plasmid RefSeq|Homology,NODE_17_length_77811_cov_56.182456_58 # 54988 # 55320 # -1 # ID=17_58;partial=00;start_type=ATG;rbs_motif=GGAG/GAGG;rbs_spacer=5-10bp;gc_cont=0.483,98.2,197,110,4.79e-66,111,1,110,1,110,mobileOG_000296282,mobB,WP_060432402.1,transfer,conjugation,Plasmid RefSeq,Homology,NODE_17_length_77811_cov_56.182456_58, 54988 # 55320 # -1 , 54988,55320,-1 ,17_58,17,58,00,ATG,GGAG/GAGG,5-10bp,0.483,NODE_17_length_77811_cov_56.182456,mobileOG_000296282_NODE_17_length_77811_cov_56.182456
513,"mobileOG_000075957|mobC|A0A542BG40|transfer|conjugation,relaxosome|COMPASS|Homology",NODE_17_length_77811_cov_56.182456_59 # 55564 # 55866 # 1 # ID=17_59;partial=00;start_type=ATG;rbs_motif=GGAG/GAGG;rbs_spacer=5-10bp;gc_cont=0.370,99.0,179,100,6.90e-59,101,1,100,1,100,mobileOG_000075957,mobC,A0A542BG40,transfer,"conjugation,relaxosome",COMPASS,Homology,NODE_17_length_77811_cov_56.182456_59, 55564 # 55866 # 1 , 55564,55866,1 ,17_59,17,59,00,ATG,GGAG/GAGG,5-10bp,0.370,NODE_17_length_77811_cov_56.182456,mobileOG_000075957_NODE_17_length_77811_cov_56.182456
514,"mobileOG_000342668|mobC|A0A542BG40|transfer|conjugation,relaxosome|Plasmid RefSeq|Homology",NODE_17_length_77811_cov_56.182456_59 # 55564 # 55866 # 1 # ID=17_59;partial=00;start_type=ATG;rbs_motif=GGAG/GAGG;rbs_spacer=5-10bp;gc_cont=0.370,95.0,172,107,4.78e-56,101,8,107,1,100,mobileOG_000342668,mobC,A0A542BG40,transfer,"conjugation,relaxosome",Plasmid RefSeq,Homology,NODE_17_length_77811_cov_56.182456_59, 55564 # 55866 # 1 , 55564,55866,1 ,17_59,17,59,00,ATG,GGAG/GAGG,5-10bp,0.370,NODE_17_length_77811_cov_56.182456,mobileOG_000342668_NODE_17_length_77811_cov_56.182456
515,mobileOG_000730010|NA:Keyword|WP_142816605.1|stability/transfer/defense|NA|Plasmid RefSeq|Keyword Search,NODE_17_length_77811_cov_56.182456_62 # 57952 # 58749 # -1 # ID=17_62;partial=00;start_type=ATG;rbs_motif=GGAGG;rbs_spacer=5-10bp;gc_cont=0.581,97.0,520,265,2.04e-188,266,1,265,1,265,mobileOG_000730010,NA:Keyword,WP_142816605.1,stability/transfer/defense,NA,Plasmid RefSeq,Keyword Search,NODE_17_length_77811_cov_56.182456_62, 57952 # 58749 # -1 , 57952,58749,-1 ,17_62,17,62,00,ATG,GGAGG,5-10bp,0.581,NODE_17_length_77811_cov_56.182456,mobileOG_000730010_NODE_17_length_77811_cov_56.182456
516,mobileOG_000731010|NA:Keyword|A0A1C3HN08|stability/transfer/defense|NA|Plasmid RefSeq|Keyword Search,NODE_17_length_77811_cov_56.182456_62 # 57952 # 58749 # -1 # ID=17_62;partial=00;start_type=ATG;rbs_motif=GGAGG;rbs_spacer=5-10bp;gc_cont=0.581,97.0,516,265,3.38e-187,266,1,265,1,265,mobileOG_000731010,NA:Keyword,A0A1C3HN08,stability/transfer/defense,NA,Plasmid RefSeq,Keyword Search,NODE_17_length_77811_cov_56.182456_62, 57952 # 58749 # -1 , 57952,58749,-1 ,17_62,17,62,00,ATG,GGAGG,5-10bp,0.581,NODE_17_length_77811_cov_56.182456,mobileOG_000731010_NODE_17_length_77811_cov_56.182456
517,mobileOG_000739154|NA:Keyword|WP_126502352.1|stability/transfer/defense|NA|Plasmid RefSeq|Keyword Search,NODE_17_length_77811_cov_56.182456_62 # 57952 # 58749 # -1 # ID=17_62;partial=00;start_type=ATG;rbs_motif=GGAGG;rbs_spacer=5-10bp;gc_cont=0.581,95.8,510,265,9.29e-185,266,1,265,1,265,mobileOG_000739154,NA:Keyword,WP_126502352.1,stability/transfer/defense,NA,Plasmid RefSeq,Keyword Search,NODE_17_length_77811_cov_56.182456_62, 57952 # 58749 # -1 , 57952,58749,-1 ,17_62,17,62,00,ATG,GGAGG,5-10bp,0.581,NODE_17_length_77811_cov_56.182456,mobileOG_000739154_NODE_17_length_77811_cov_56.182456
518,mobileOG_000737439|NA:Keyword|WP_110147655.1|stability/transfer/defense|NA|Plasmid RefSeq|Keyword Search,NODE_17_length_77811_cov_56.182456_62 # 57952 # 58749 # -1 # ID=17_62;partial=00;start_type=ATG;rbs_motif=GGAGG;rbs_spacer=5-10bp;gc_cont=0.581,92.5,491,265,5.52e-177,266,1,265,1,265,mobileOG_000737439,NA:Keyword,WP_110147655.1,stability/transfer/defense,NA,Plasmid RefSeq,Keyword Search,NODE_17_length_77811_cov_56.182456_62, 57952 # 58749 # -1 , 57952,58749,-1 ,17_62,17,62,00,ATG,GGAGG,5-10bp,0.581,NODE_17_length_77811_cov_56.182456,mobileOG_000737439_NODE_17_length_77811_cov_56.182456
519,mobileOG_000739933|NA:Keyword|WP_094141485.1|transfer|NA|Plasmid RefSeq|Keyword Search,NODE_17_length_77811_cov_56.182456_66 # 60970 # 61410 # -1 # ID=17_66;partial=00;start_type=ATG;rbs_motif=None;rbs_spacer=None;gc_cont=0.642,95.2,297,146,3.09e-104,147,1,146,1,146,mobileOG_000739933,NA:Keyword,WP_094141485.1,transfer,NA,Plasmid RefSeq,Keyword Search,NODE_17_length_77811_cov_56.182456_66, 60970 # 61410 # -1 , 60970,61410,-1 ,17_66,17,66,00,ATG,None,None,0.642,NODE_17_length_77811_cov_56.182456,mobileOG_000739933_NODE_17_length_77811_cov_56.182456
520,mobileOG_000739932|NA:Keyword|WP_126502356.1|transfer|partitioning|Plasmid RefSeq|Keyword Search,NODE_17_length_77811_cov_56.182456_67 # 61452 # 63509 # -1 # ID=17_67;partial=00;start_type=ATG;rbs_motif=GGAG/GAGG;rbs_spacer=5-10bp;gc_cont=0.644,94.5,1243,685,0.0,686,1,685,1,685,mobileOG_000739932,NA:Keyword,WP_126502356.1,transfer,partitioning,Plasmid RefSeq,Keyword Search,NODE_17_length_77811_cov_56.182456_67, 61452 # 63509 # -1 , 61452,63509,-1 ,17_67,17,67,00,ATG,GGAG/GAGG,5-10bp,0.644,NODE_17_length_77811_cov_56.182456,mobileOG_000739932_NODE_17_length_77811_cov_56.182456
521,mobileOG_000731012|NA:Keyword|A0A1C3HN75|transfer|partitioning|Plasmid RefSeq|Keyword Search,NODE_17_length_77811_cov_56.182456_67 # 61452 # 63509 # -1 # ID=17_67;partial=00;start_type=ATG;rbs_motif=GGAG/GAGG;rbs_spacer=5-10bp;gc_cont=0.644,93.5,1225,682,0.0,686,3,682,5,685,mobileOG_000731012,NA:Keyword,A0A1C3HN75,transfer,partitioning,Plasmid RefSeq,Keyword Search,NODE_17_length_77811_cov_56.182456_67, 61452 # 63509 # -1 , 61452,63509,-1 ,17_67,17,67,00,ATG,GGAG/GAGG,5-10bp,0.644,NODE_17_length_77811_cov_56.182456,mobileOG_000731012_NODE_17_length_77811_cov_56.182456
522,mobileOG_000340407|yubI|WP_094887923.1|stability/transfer/defense|NA|Plasmid RefSeq|Homology,NODE_17_length_77811_cov_56.182456_70 # 65024 # 65449 # -1 # ID=17_70;partial=00;start_type=ATG;rbs_motif=GGAGG;rbs_spacer=5-10bp;gc_cont=0.587,100,302,141,1.55e-106,142,1,141,1,141,mobileOG_000340407,yubI,WP_094887923.1,stability/transfer/defense,NA,Plasmid RefSeq,Homology,NODE_17_length_77811_cov_56.182456_70, 65024 # 65449 # -1 , 65024,65449,-1 ,17_70,17,70,00,ATG,GGAGG,5-10bp,0.587,NODE_17_length_77811_cov_56.182456,mobileOG_000340407_NODE_17_length_77811_cov_56.182456
523,mobileOG_000075944|yubI|WP_089186937.1|stability/transfer/defense|NA|Multiple|Homology,NODE_17_length_77811_cov_56.182456_70 # 65024 # 65449 # -1 # ID=17_70;partial=00;start_type=ATG;rbs_motif=GGAGG;rbs_spacer=5-10bp;gc_cont=0.587,99.3,300,141,8.97e-106,142,1,141,1,141,mobileOG_000075944,yubI,WP_089186937.1,stability/transfer/defense,NA,Multiple,Homology,NODE_17_length_77811_cov_56.182456_70, 65024 # 65449 # -1 , 65024,65449,-1 ,17_70,17,70,00,ATG,GGAGG,5-10bp,0.587,NODE_17_length_77811_cov_56.182456,mobileOG_000075944_NODE_17_length_77811_cov_56.182456
524,mobileOG_000344069|yubI|WP_060432393.1|stability/transfer/defense|NA|Multiple|Homology,NODE_17_length_77811_cov_56.182456_70 # 65024 # 65449 # -1 # ID=17_70;partial=00;start_type=ATG;rbs_motif=GGAGG;rbs_spacer=5-10bp;gc_cont=0.587,98.6,297,141,2.12e-104,142,1,141,1,141,mobileOG_000344069,yubI,WP_060432393.1,stability/transfer/defense,NA,Multiple,Homology,NODE_17_length_77811_cov_56.182456_70, 65024 # 65449 # -1 , 65024,65449,-1 ,17_70,17,70,00,ATG,GGAGG,5-10bp,0.587,NODE_17_length_77811_cov_56.182456,mobileOG_000344069_NODE_17_length_77811_cov_56.182456
525,mobileOG_000075936|50|WP_060432392.1|stability/transfer/defense|NA|Multiple|Homology,NODE_17_length_77811_cov_56.182456_71 # 65874 # 66095 # -1 # ID=17_71;partial=00;start_type=ATG;rbs_motif=AGGAG;rbs_spacer=5-10bp;gc_cont=0.559,100,154,73,8.24e-50,74,1,73,1,73,mobileOG_000075936,50,WP_060432392.1,stability/transfer/defense,NA,Multiple,Homology,NODE_17_length_77811_cov_56.182456_71, 65874 # 66095 # -1 , 65874,66095,-1 ,17_71,17,71,00,ATG,AGGAG,5-10bp,0.559,NODE_17_length_77811_cov_56.182456,mobileOG_000075936_NODE_17_length_77811_cov_56.182456
526,mobileOG_000305348|50|WP_089186938.1|stability/transfer/defense|NA|Multiple|Homology,NODE_17_length_77811_cov_56.182456_71 # 65874 # 66095 # -1 # ID=17_71;partial=00;start_type=ATG;rbs_motif=AGGAG;rbs_spacer=5-10bp;gc_cont=0.559,98.6,152,73,3.36e-49,74,1,73,1,73,mobileOG_000305348,50,WP_089186938.1,stability/transfer/defense,NA,Multiple,Homology,NODE_17_length_77811_cov_56.182456_71, 65874 # 66095 # -1 , 65874,66095,-1 ,17_71,17,71,00,ATG,AGGAG,5-10bp,0.559,NODE_17_length_77811_cov_56.182456,mobileOG_000305348_NODE_17_length_77811_cov_56.182456
527,mobileOG_000304169|50|A0A068Z0T6|stability/transfer/defense|NA|Plasmid RefSeq|Homology,NODE_17_length_77811_cov_56.182456_71 # 65874 # 66095 # -1 # ID=17_71;partial=00;start_type=ATG;rbs_motif=AGGAG;rbs_spacer=5-10bp;gc_cont=0.559,95.9,147,73,3.25e-47,74,1,73,1,73,mobileOG_000304169,50,A0A068Z0T6,stability/transfer/defense,NA,Plasmid RefSeq,Homology,NODE_17_length_77811_cov_56.182456_71, 65874 # 66095 # -1 , 65874,66095,-1 ,17_71,17,71,00,ATG,AGGAG,5-10bp,0.559,NODE_17_length_77811_cov_56.182456,mobileOG_000304169_NODE_17_length_77811_cov_56.182456
528,mobileOG_000340339|50|WP_142816597.1|stability/transfer/defense|NA|Plasmid RefSeq|Homology,NODE_17_length_77811_cov_56.182456_71 # 65874 # 66095 # -1 # ID=17_71;partial=00;start_type=ATG;rbs_motif=AGGAG;rbs_spacer=5-10bp;gc_cont=0.559,95.9,147,73,3.25e-47,74,1,73,1,73,mobileOG_000340339,50,WP_142816597.1,stability/transfer/defense,NA,Plasmid RefSeq,Homology,NODE_17_length_77811_cov_56.182456_71, 65874 # 66095 # -1 , 65874,66095,-1 ,17_71,17,71,00,ATG,AGGAG,5-10bp,0.559,NODE_17_length_77811_cov_56.182456,mobileOG_000340339_NODE_17_length_77811_cov_56.182456
529,mobileOG_000736920|NA:Keyword|WP_060432391.1|stability/transfer/defense|NA|Plasmid RefSeq|Keyword Search,NODE_17_length_77811_cov_56.182456_72 # 66208 # 66756 # -1 # ID=17_72;partial=00;start_type=ATG;rbs_motif=GGAG/GAGG;rbs_spacer=5-10bp;gc_cont=0.568,98.9,373,214,9.38e-133,183,1,182,1,182,mobileOG_000736920,NA:Keyword,WP_060432391.1,stability/transfer/defense,NA,Plasmid RefSeq,Keyword Search,NODE_17_length_77811_cov_56.182456_72, 66208 # 66756 # -1 , 66208,66756,-1 ,17_72,17,72,00,ATG,GGAG/GAGG,5-10bp,0.568,NODE_17_length_77811_cov_56.182456,mobileOG_000736920_NODE_17_length_77811_cov_56.182456
530,mobileOG_000744936|NA:Keyword|WP_060432391.1|stability/transfer/defense|NA|Multiple|Keyword Search,NODE_17_length_77811_cov_56.182456_72 # 66208 # 66756 # -1 # ID=17_72;partial=00;start_type=ATG;rbs_motif=GGAG/GAGG;rbs_spacer=5-10bp;gc_cont=0.568,98.4,372,214,2.69e-132,183,1,182,1,182,mobileOG_000744936,NA:Keyword,WP_060432391.1,stability/transfer/defense,NA,Multiple,Keyword Search,NODE_17_length_77811_cov_56.182456_72, 66208 # 66756 # -1 , 66208,66756,-1 ,17_72,17,72,00,ATG,GGAG/GAGG,5-10bp,0.568,NODE_17_length_77811_cov_56.182456,mobileOG_000744936_NODE_17_length_77811_cov_56.182456
531,mobileOG_000745408|NA:Keyword|WP_089197794.1|stability/transfer/defense|NA|Multiple|Keyword Search,NODE_17_length_77811_cov_56.182456_72 # 66208 # 66756 # -1 # ID=17_72;partial=00;start_type=ATG;rbs_motif=GGAG/GAGG;rbs_spacer=5-10bp;gc_cont=0.568,98.4,372,214,2.69e-132,183,1,182,1,182,mobileOG_000745408,NA:Keyword,WP_089197794.1,stability/transfer/defense,NA,Multiple,Keyword Search,NODE_17_length_77811_cov_56.182456_72, 66208 # 66756 # -1 , 66208,66756,-1 ,17_72,17,72,00,ATG,GGAG/GAGG,5-10bp,0.568,NODE_17_length_77811_cov_56.182456,mobileOG_000745408_NODE_17_length_77811_cov_56.182456
532,mobileOG_000742676|NA:Keyword|WP_089186939.1|stability/transfer/defense|NA|Multiple|Keyword Search,NODE_17_length_77811_cov_56.182456_72 # 66208 # 66756 # -1 # ID=17_72;partial=00;start_type=ATG;rbs_motif=GGAG/GAGG;rbs_spacer=5-10bp;gc_cont=0.568,98.4,372,214,3.82e-132,183,1,182,1,182,mobileOG_000742676,NA:Keyword,WP_089186939.1,stability/transfer/defense,NA,Multiple,Keyword Search,NODE_17_length_77811_cov_56.182456_72, 66208 # 66756 # -1 , 66208,66756,-1 ,17_72,17,72,00,ATG,GGAG/GAGG,5-10bp,0.568,NODE_17_length_77811_cov_56.182456,mobileOG_000742676_NODE_17_length_77811_cov_56.182456
533,mobileOG_000729890|NA:Keyword|WP_060432391.1|stability/transfer/defense|NA|Plasmid RefSeq|Keyword Search,NODE_17_length_77811_cov_56.182456_72 # 66208 # 66756 # -1 # ID=17_72;partial=00;start_type=ATG;rbs_motif=GGAG/GAGG;rbs_spacer=5-10bp;gc_cont=0.568,97.8,369,214,4.46e-131,183,1,182,1,182,mobileOG_000729890,NA:Keyword,WP_060432391.1,stability/transfer/defense,NA,Plasmid RefSeq,Keyword Search,NODE_17_length_77811_cov_56.182456_72, 66208 # 66756 # -1 , 66208,66756,-1 ,17_72,17,72,00,ATG,GGAG/GAGG,5-10bp,0.568,NODE_17_length_77811_cov_56.182456,mobileOG_000729890_NODE_17_length_77811_cov_56.182456
534,mobileOG_000296548|intM|WP_142816573.1|integration/excision|replication/recombination/repair|Plasmid RefSeq|Homology,NODE_17_length_77811_cov_56.182456_80 # 73253 # 74053 # -1 # ID=17_80;partial=00;start_type=ATG;rbs_motif=GGAG/GAGG;rbs_spacer=5-10bp;gc_cont=0.675,99.6,514,266,4.26e-186,267,1,266,1,266,mobileOG_000296548,intM,WP_142816573.1,integration/excision,replication/recombination/repair,Plasmid RefSeq,Homology,NODE_17_length_77811_cov_56.182456_80, 73253 # 74053 # -1 , 73253,74053,-1 ,17_80,17,80,00,ATG,GGAG/GAGG,5-10bp,0.675,NODE_17_length_77811_cov_56.182456,mobileOG_000296548_NODE_17_length_77811_cov_56.182456
535,mobileOG_000284101|intM|A0A1C3HNA5|integration/excision|replication/recombination/repair|Plasmid RefSeq|Homology,NODE_17_length_77811_cov_56.182456_80 # 73253 # 74053 # -1 # ID=17_80;partial=00;start_type=ATG;rbs_motif=GGAG/GAGG;rbs_spacer=5-10bp;gc_cont=0.675,97.0,496,266,3.08e-179,267,1,266,1,266,mobileOG_000284101,intM,A0A1C3HNA5,integration/excision,replication/recombination/repair,Plasmid RefSeq,Homology,NODE_17_length_77811_cov_56.182456_80, 73253 # 74053 # -1 , 73253,74053,-1 ,17_80,17,80,00,ATG,GGAG/GAGG,5-10bp,0.675,NODE_17_length_77811_cov_56.182456,mobileOG_000284101_NODE_17_length_77811_cov_56.182456
536,mobileOG_000281428|intM|A0A5C7CT49|integration/excision|replication/recombination/repair|Plasmid RefSeq|Homology,NODE_17_length_77811_cov_56.182456_80 # 73253 # 74053 # -1 # ID=17_80;partial=00;start_type=ATG;rbs_motif=GGAG/GAGG;rbs_spacer=5-10bp;gc_cont=0.675,97.2,477,254,1.18e-171,267,1,254,13,266,mobileOG_000281428,intM,A0A5C7CT49,integration/excision,replication/recombination/repair,Plasmid RefSeq,Homology,NODE_17_length_77811_cov_56.182456_80, 73253 # 74053 # -1 , 73253,74053,-1 ,17_80,17,80,00,ATG,GGAG/GAGG,5-10bp,0.675,NODE_17_length_77811_cov_56.182456,mobileOG_000281428_NODE_17_length_77811_cov_56.182456
537,mobileOG_000295967|intM|WP_142816573.1|integration/excision|replication/recombination/repair|Plasmid RefSeq|Homology,NODE_17_length_77811_cov_56.182456_80 # 73253 # 74053 # -1 # ID=17_80;partial=00;start_type=ATG;rbs_motif=GGAG/GAGG;rbs_spacer=5-10bp;gc_cont=0.675,97.6,474,257,1.54e-170,267,1,251,13,263,mobileOG_000295967,intM,WP_142816573.1,integration/excision,replication/recombination/repair,Plasmid RefSeq,Homology,NODE_17_length_77811_cov_56.182456_80, 73253 # 74053 # -1 , 73253,74053,-1 ,17_80,17,80,00,ATG,GGAG/GAGG,5-10bp,0.675,NODE_17_length_77811_cov_56.182456,mobileOG_000295967_NODE_17_length_77811_cov_56.182456
538,mobileOG_000281432|intM|WP_142816573.1|integration/excision|replication/recombination/repair|Plasmid RefSeq|Homology,NODE_17_length_77811_cov_56.182456_80 # 73253 # 74053 # -1 # ID=17_80;partial=00;start_type=ATG;rbs_motif=GGAG/GAGG;rbs_spacer=5-10bp;gc_cont=0.675,95.3,468,262,5.05e-168,267,7,262,11,266,mobileOG_000281432,intM,WP_142816573.1,integration/excision,replication/recombination/repair,Plasmid RefSeq,Homology,NODE_17_length_77811_cov_56.182456_80, 73253 # 74053 # -1 , 73253,74053,-1 ,17_80,17,80,00,ATG,GGAG/GAGG,5-10bp,0.675,NODE_17_length_77811_cov_56.182456,mobileOG_000281432_NODE_17_length_77811_cov_56.182456
539,mobileOG_000340384|intM|WP_060452175.1|integration/excision|replication/recombination/repair|Plasmid RefSeq|Homology,NODE_17_length_77811_cov_56.182456_80 # 73253 # 74053 # -1 # ID=17_80;partial=00;start_type=ATG;rbs_motif=GGAG/GAGG;rbs_spacer=5-10bp;gc_cont=0.675,95.2,457,259,8.37e-164,267,11,259,18,266,mobileOG_000340384,intM,WP_060452175.1,integration/excision,replication/recombination/repair,Plasmid RefSeq,Homology,NODE_17_length_77811_cov_56.182456_80, 73253 # 74053 # -1 , 73253,74053,-1 ,17_80,17,80,00,ATG,GGAG/GAGG,5-10bp,0.675,NODE_17_length_77811_cov_56.182456,mobileOG_000340384_NODE_17_length_77811_cov_56.182456
540,mobileOG_000313375|intM|WP_110147630.1|integration/excision|replication/recombination/repair|Plasmid RefSeq|Homology,NODE_17_length_77811_cov_56.182456_80 # 73253 # 74053 # -1 # ID=17_80;partial=00;start_type=ATG;rbs_motif=GGAG/GAGG;rbs_spacer=5-10bp;gc_cont=0.675,94.4,450,259,4.63e-161,267,11,259,18,266,mobileOG_000313375,intM,WP_110147630.1,integration/excision,replication/recombination/repair,Plasmid RefSeq,Homology,NODE_17_length_77811_cov_56.182456_80, 73253 # 74053 # -1 , 73253,74053,-1 ,17_80,17,80,00,ATG,GGAG/GAGG,5-10bp,0.675,NODE_17_length_77811_cov_56.182456,mobileOG_000313375_NODE_17_length_77811_cov_56.182456
541,mobileOG_000043079|NA|WP_001750026.1|integration/excision|NA|Multiple|Homology,NODE_17_length_77811_cov_56.182456_85 # 77347 # 77811 # -1 # ID=17_85;partial=01;start_type=Edge;rbs_motif=None;rbs_spacer=None;gc_cont=0.572,90.8,261,265,3.53e-88,155,113,263,1,152,mobileOG_000043079,NA,WP_001750026.1,integration/excision,NA,Multiple,Homology,NODE_17_length_77811_cov_56.182456_85, 77347 # 77811 # -1 , 77347,77811,-1 ,17_85,17,85,01,Edge,None,None,0.572,NODE_17_length_77811_cov_56.182456,mobileOG_000043079_NODE_17_length_77811_cov_56.182456
542,mobileOG_000328298|dnaE|WP_048321892.1|replication/recombination/repair|NA|Plasmid RefSeq|Homology,NODE_18_length_68936_cov_26.994409_22 # 21584 # 25072 # -1 # ID=18_22;partial=00;start_type=ATG;rbs_motif=GGA/GAG/AGG;rbs_spacer=5-10bp;gc_cont=0.600,99.7,2307,1162,0.0,1163,1,1162,1,1162,mobileOG_000328298,dnaE,WP_048321892.1,replication/recombination/repair,NA,Plasmid RefSeq,Homology,NODE_18_length_68936_cov_26.994409_22, 21584 # 25072 # -1 , 21584,25072,-1 ,18_22,18,22,00,ATG,GGA/GAG/AGG,5-10bp,0.600,NODE_18_length_68936_cov_26.994409,mobileOG_000328298_NODE_18_length_68936_cov_26.994409
543,mobileOG_000334577|dnaE|WP_004177353.1|replication/recombination/repair|NA|Plasmid RefSeq|Homology,NODE_18_length_68936_cov_26.994409_22 # 21584 # 25072 # -1 # ID=18_22;partial=00;start_type=ATG;rbs_motif=GGA/GAG/AGG;rbs_spacer=5-10bp;gc_cont=0.600,90.0,2110,1160,0.0,1163,1,1160,1,1162,mobileOG_000334577,dnaE,WP_004177353.1,replication/recombination/repair,NA,Plasmid RefSeq,Homology,NODE_18_length_68936_cov_26.994409_22, 21584 # 25072 # -1 , 21584,25072,-1 ,18_22,18,22,00,ATG,GGA/GAG/AGG,5-10bp,0.600,NODE_18_length_68936_cov_26.994409,mobileOG_000334577_NODE_18_length_68936_cov_26.994409
544,mobileOG_000319969|rnhB|WP_049195379.1|replication/recombination/repair|NA|Plasmid RefSeq|Homology,NODE_18_length_68936_cov_26.994409_23 # 25150 # 25743 # -1 # ID=18_23;partial=00;start_type=ATG;rbs_motif=AGGA/GGAG/GAGG;rbs_spacer=11-12bp;gc_cont=0.648,99.0,378,197,9.84e-135,198,1,197,1,197,mobileOG_000319969,rnhB,WP_049195379.1,replication/recombination/repair,NA,Plasmid RefSeq,Homology,NODE_18_length_68936_cov_26.994409_23, 25150 # 25743 # -1 , 25150,25743,-1 ,18_23,18,23,00,ATG,AGGA/GGAG/GAGG,11-12bp,0.648,NODE_18_length_68936_cov_26.994409,mobileOG_000319969_NODE_18_length_68936_cov_26.994409
545,mobileOG_000330119|bamA|WP_033635736.1|transfer|phage receptor|Plasmid RefSeq|Homology,NODE_18_length_68936_cov_26.994409_29 # 29980 # 32406 # -1 # ID=18_29;partial=00;start_type=ATG;rbs_motif=None;rbs_spacer=None;gc_cont=0.575,99.1,1607,808,0.0,809,1,808,1,808,mobileOG_000330119,bamA,WP_033635736.1,transfer,phage receptor,Plasmid RefSeq,Homology,NODE_18_length_68936_cov_26.994409_29, 29980 # 32406 # -1 , 29980,32406,-1 ,18_29,18,29,00,ATG,None,None,0.575,NODE_18_length_68936_cov_26.994409,mobileOG_000330119_NODE_18_length_68936_cov_26.994409
546,mobileOG_000354201|xni|WP_033635747.1|replication/recombination/repair|NA|Plasmid RefSeq|Homology,NODE_18_length_68936_cov_26.994409_51 # 60906 # 61664 # 1 # ID=18_51;partial=00;start_type=ATG;rbs_motif=None;rbs_spacer=None;gc_cont=0.639,96.0,488,252,1.67e-176,253,1,251,1,251,mobileOG_000354201,xni,WP_033635747.1,replication/recombination/repair,NA,Plasmid RefSeq,Homology,NODE_18_length_68936_cov_26.994409_51, 60906 # 61664 # 1 , 60906,61664,1 ,18_51,18,51,00,ATG,None,None,0.639,NODE_18_length_68936_cov_26.994409,mobileOG_000354201_NODE_18_length_68936_cov_26.994409
547,mobileOG_000354118|dinB|WP_033649934.1|replication/recombination/repair|NA|Plasmid RefSeq|Homology,NODE_19_length_67762_cov_27.318549_14 # 15492 # 16553 # -1 # ID=19_14;partial=00;start_type=ATG;rbs_motif=GGAGG;rbs_spacer=5-10bp;gc_cont=0.630,99.7,691,353,1.95e-253,354,1,353,1,353,mobileOG_000354118,dinB,WP_033649934.1,replication/recombination/repair,NA,Plasmid RefSeq,Homology,NODE_19_length_67762_cov_27.318549_14, 15492 # 16553 # -1 , 15492,16553,-1 ,19_14,19,14,00,ATG,GGAGG,5-10bp,0.630,NODE_19_length_67762_cov_27.318549,mobileOG_000354118_NODE_19_length_67762_cov_27.318549
548,mobileOG_000354119|dinB|WP_033653334.1|replication/recombination/repair|NA|Plasmid RefSeq|Homology,NODE_19_length_67762_cov_27.318549_14 # 15492 # 16553 # -1 # ID=19_14;partial=00;start_type=ATG;rbs_motif=GGAGG;rbs_spacer=5-10bp;gc_cont=0.630,99.4,690,353,7.92e-253,354,1,353,1,353,mobileOG_000354119,dinB,WP_033653334.1,replication/recombination/repair,NA,Plasmid RefSeq,Homology,NODE_19_length_67762_cov_27.318549_14, 15492 # 16553 # -1 , 15492,16553,-1 ,19_14,19,14,00,ATG,GGAGG,5-10bp,0.630,NODE_19_length_67762_cov_27.318549,mobileOG_000354119_NODE_19_length_67762_cov_27.318549
549,mobileOG_000368502|srnB|WP_004930217.1|stability/transfer/defense|NA|Plasmid RefSeq|Homology,NODE_19_length_67762_cov_27.318549_28 # 30505 # 30657 # 1 # ID=19_28;partial=00;start_type=ATG;rbs_motif=GGAGG;rbs_spacer=5-10bp;gc_cont=0.549,100,95.5,50,2.73e-27,51,1,50,1,50,mobileOG_000368502,srnB,WP_004930217.1,stability/transfer/defense,NA,Plasmid RefSeq,Homology,NODE_19_length_67762_cov_27.318549_28, 30505 # 30657 # 1 , 30505,30657,1 ,19_28,19,28,00,ATG,GGAGG,5-10bp,0.549,NODE_19_length_67762_cov_27.318549,mobileOG_000368502_NODE_19_length_67762_cov_27.318549
550,mobileOG_000334471|dnaQ|WP_004930195.1|replication/recombination/repair|NA|Plasmid RefSeq|Homology,NODE_19_length_67762_cov_27.318549_58 # 58945 # 59688 # -1 # ID=19_58;partial=00;start_type=ATG;rbs_motif=GGA/GAG/AGG;rbs_spacer=5-10bp;gc_cont=0.590,98.8,491,247,1.38e-177,248,1,247,1,247,mobileOG_000334471,dnaQ,WP_004930195.1,replication/recombination/repair,NA,Plasmid RefSeq,Homology,NODE_19_length_67762_cov_27.318549_58, 58945 # 59688 # -1 , 58945,59688,-1 ,19_58,19,58,00,ATG,GGA/GAG/AGG,5-10bp,0.590,NODE_19_length_67762_cov_27.318549,mobileOG_000334471_NODE_19_length_67762_cov_27.318549
551,mobileOG_000328592|seqA|WP_033651164.1|replication/recombination/repair|NA|Plasmid RefSeq|Homology,NODE_20_length_66517_cov_25.707601_16 # 20782 # 21324 # 1 # ID=20_16;partial=00;start_type=ATG;rbs_motif=GGA/GAG/AGG;rbs_spacer=5-10bp;gc_cont=0.599,100,345,180,4.97e-122,181,1,180,1,180,mobileOG_000328592,seqA,WP_033651164.1,replication/recombination/repair,NA,Plasmid RefSeq,Homology,NODE_20_length_66517_cov_25.707601_16, 20782 # 21324 # 1 , 20782,21324,1 ,20_16,20,16,00,ATG,GGA/GAG/AGG,5-10bp,0.599,NODE_20_length_66517_cov_25.707601,mobileOG_000328592_NODE_20_length_66517_cov_25.707601
552,mobileOG_000328591|seqA|WP_033637454.1|replication/recombination/repair|NA|Plasmid RefSeq|Homology,NODE_20_length_66517_cov_25.707601_16 # 20782 # 21324 # 1 # ID=20_16;partial=00;start_type=ATG;rbs_motif=GGA/GAG/AGG;rbs_spacer=5-10bp;gc_cont=0.599,97.2,335,180,3.23e-118,181,1,180,1,180,mobileOG_000328591,seqA,WP_033637454.1,replication/recombination/repair,NA,Plasmid RefSeq,Homology,NODE_20_length_66517_cov_25.707601_16, 20782 # 21324 # 1 , 20782,21324,1 ,20_16,20,16,00,ATG,GGA/GAG/AGG,5-10bp,0.599,NODE_20_length_66517_cov_25.707601,mobileOG_000328591_NODE_20_length_66517_cov_25.707601
553,mobileOG_000365502|nei|WP_033647160.1|replication/recombination/repair|NA|Plasmid RefSeq|Homology,NODE_20_length_66517_cov_25.707601_38 # 42084 # 42875 # 1 # ID=20_38;partial=00;start_type=ATG;rbs_motif=AGGAG;rbs_spacer=5-10bp;gc_cont=0.648,96.2,515,263,8.30e-187,264,1,263,1,263,mobileOG_000365502,nei,WP_033647160.1,replication/recombination/repair,NA,Plasmid RefSeq,Homology,NODE_20_length_66517_cov_25.707601_38, 42084 # 42875 # 1 , 42084,42875,1 ,20_38,20,38,00,ATG,AGGAG,5-10bp,0.648,NODE_20_length_66517_cov_25.707601,mobileOG_000365502_NODE_20_length_66517_cov_25.707601
554,mobileOG_000365516|nei|WP_101453420.1|replication/recombination/repair|NA|Plasmid RefSeq|Homology,NODE_20_length_66517_cov_25.707601_38 # 42084 # 42875 # 1 # ID=20_38;partial=00;start_type=ATG;rbs_motif=AGGAG;rbs_spacer=5-10bp;gc_cont=0.648,96.2,513,263,9.69e-186,264,1,263,1,263,mobileOG_000365516,nei,WP_101453420.1,replication/recombination/repair,NA,Plasmid RefSeq,Homology,NODE_20_length_66517_cov_25.707601_38, 42084 # 42875 # 1 , 42084,42875,1 ,20_38,20,38,00,ATG,AGGAG,5-10bp,0.648,NODE_20_length_66517_cov_25.707601,mobileOG_000365516_NODE_20_length_66517_cov_25.707601
555,mobileOG_000351512|comM|WP_101452725.1|transfer|competence|Plasmid RefSeq|Homology,NODE_22_length_31822_cov_30.942700_23 # 28516 # 30039 # 1 # ID=22_23;partial=00;start_type=ATG;rbs_motif=AGGAG;rbs_spacer=5-10bp;gc_cont=0.631,99.6,957,507,0.0,508,1,507,1,507,mobileOG_000351512,comM,WP_101452725.1,transfer,competence,Plasmid RefSeq,Homology,NODE_22_length_31822_cov_30.942700_23, 28516 # 30039 # 1 , 28516,30039,1 ,22_23,22,23,00,ATG,AGGAG,5-10bp,0.631,NODE_22_length_31822_cov_30.942700,mobileOG_000351512_NODE_22_length_31822_cov_30.942700
556,mobileOG_000323580|comM|WP_033649962.1|transfer|competence|Plasmid RefSeq|Homology,NODE_22_length_31822_cov_30.942700_23 # 28516 # 30039 # 1 # ID=22_23;partial=00;start_type=ATG;rbs_motif=AGGAG;rbs_spacer=5-10bp;gc_cont=0.631,94.3,907,507,0.0,508,1,507,1,507,mobileOG_000323580,comM,WP_033649962.1,transfer,competence,Plasmid RefSeq,Homology,NODE_22_length_31822_cov_30.942700_23, 28516 # 30039 # 1 , 28516,30039,1 ,22_23,22,23,00,ATG,AGGAG,5-10bp,0.631,NODE_22_length_31822_cov_30.942700,mobileOG_000323580_NODE_22_length_31822_cov_30.942700
557,mobileOG_000323577|comM|WP_101427545.1|transfer|competence|Plasmid RefSeq|Homology,NODE_22_length_31822_cov_30.942700_23 # 28516 # 30039 # 1 # ID=22_23;partial=00;start_type=ATG;rbs_motif=AGGAG;rbs_spacer=5-10bp;gc_cont=0.631,94.3,904,507,0.0,508,1,507,1,507,mobileOG_000323577,comM,WP_101427545.1,transfer,competence,Plasmid RefSeq,Homology,NODE_22_length_31822_cov_30.942700_23, 28516 # 30039 # 1 , 28516,30039,1 ,22_23,22,23,00,ATG,AGGAG,5-10bp,0.631,NODE_22_length_31822_cov_30.942700,mobileOG_000323577_NODE_22_length_31822_cov_30.942700
558,mobileOG_000026494|hupA|P52680|replication/recombination/repair|integration/excision|Plasmid RefSeq|Manual,NODE_23_length_30931_cov_31.546769_4 # 4136 # 4408 # -1 # ID=23_4;partial=00;start_type=ATG;rbs_motif=AGGA;rbs_spacer=5-10bp;gc_cont=0.476,100,170,90,1.08e-55,91,1,90,1,90,mobileOG_000026494,hupA,P52680,replication/recombination/repair,integration/excision,Plasmid RefSeq,Manual,NODE_23_length_30931_cov_31.546769_4, 4136 # 4408 # -1 , 4136,4408,-1 ,23_4,23,4,00,ATG,AGGA,5-10bp,0.476,NODE_23_length_30931_cov_31.546769,mobileOG_000026494_NODE_23_length_30931_cov_31.546769
559,mobileOG_000336646|hup|WP_012004757.1|replication/recombination/repair|integration/excision|Multiple|Homology,NODE_23_length_30931_cov_31.546769_4 # 4136 # 4408 # -1 # ID=23_4;partial=00;start_type=ATG;rbs_motif=AGGA;rbs_spacer=5-10bp;gc_cont=0.476,98.9,169,90,3.10e-55,91,1,90,1,90,mobileOG_000336646,hup,WP_012004757.1,replication/recombination/repair,integration/excision,Multiple,Homology,NODE_23_length_30931_cov_31.546769_4, 4136 # 4408 # -1 , 4136,4408,-1 ,23_4,23,4,00,ATG,AGGA,5-10bp,0.476,NODE_23_length_30931_cov_31.546769,mobileOG_000336646_NODE_23_length_30931_cov_31.546769
560,mobileOG_000353252|hup|WP_002884342.1|replication/recombination/repair|integration/excision|Plasmid RefSeq|Homology,NODE_23_length_30931_cov_31.546769_4 # 4136 # 4408 # -1 # ID=23_4;partial=00;start_type=ATG;rbs_motif=AGGA;rbs_spacer=5-10bp;gc_cont=0.476,97.8,167,90,1.80e-54,91,1,90,1,90,mobileOG_000353252,hup,WP_002884342.1,replication/recombination/repair,integration/excision,Plasmid RefSeq,Homology,NODE_23_length_30931_cov_31.546769_4, 4136 # 4408 # -1 , 4136,4408,-1 ,23_4,23,4,00,ATG,AGGA,5-10bp,0.476,NODE_23_length_30931_cov_31.546769,mobileOG_000353252_NODE_23_length_30931_cov_31.546769
561,mobileOG_000296220|hup|WP_002445246.1|replication/recombination/repair|integration/excision|Plasmid RefSeq|Homology,NODE_23_length_30931_cov_31.546769_4 # 4136 # 4408 # -1 # ID=23_4;partial=00;start_type=ATG;rbs_motif=AGGA;rbs_spacer=5-10bp;gc_cont=0.476,96.7,165,90,7.33e-54,91,1,90,1,90,mobileOG_000296220,hup,WP_002445246.1,replication/recombination/repair,integration/excision,Plasmid RefSeq,Homology,NODE_23_length_30931_cov_31.546769_4, 4136 # 4408 # -1 , 4136,4408,-1 ,23_4,23,4,00,ATG,AGGA,5-10bp,0.476,NODE_23_length_30931_cov_31.546769,mobileOG_000296220_NODE_23_length_30931_cov_31.546769
562,mobileOG_000024621|hupA|EBB54032.1|replication/recombination/repair|integration/excision|Plasmid RefSeq|Manual,NODE_23_length_30931_cov_31.546769_4 # 4136 # 4408 # -1 # ID=23_4;partial=00;start_type=ATG;rbs_motif=AGGA;rbs_spacer=5-10bp;gc_cont=0.476,95.6,164,90,2.99e-53,91,1,90,1,90,mobileOG_000024621,hupA,EBB54032.1,replication/recombination/repair,integration/excision,Plasmid RefSeq,Manual,NODE_23_length_30931_cov_31.546769_4, 4136 # 4408 # -1 , 4136,4408,-1 ,23_4,23,4,00,ATG,AGGA,5-10bp,0.476,NODE_23_length_30931_cov_31.546769,mobileOG_000024621_NODE_23_length_30931_cov_31.546769
563,mobileOG_000351839|hup|WP_002210689.1|replication/recombination/repair|integration/excision|Plasmid RefSeq|Homology,NODE_23_length_30931_cov_31.546769_4 # 4136 # 4408 # -1 # ID=23_4;partial=00;start_type=ATG;rbs_motif=AGGA;rbs_spacer=5-10bp;gc_cont=0.476,95.6,163,91,4.38e-53,91,1,90,1,90,mobileOG_000351839,hup,WP_002210689.1,replication/recombination/repair,integration/excision,Plasmid RefSeq,Homology,NODE_23_length_30931_cov_31.546769_4, 4136 # 4408 # -1 , 4136,4408,-1 ,23_4,23,4,00,ATG,AGGA,5-10bp,0.476,NODE_23_length_30931_cov_31.546769,mobileOG_000351839_NODE_23_length_30931_cov_31.546769
564,mobileOG_000025522|hupA|WP_001044513.1|replication/recombination/repair|integration/excision|Plasmid RefSeq|Manual,NODE_23_length_30931_cov_31.546769_4 # 4136 # 4408 # -1 # ID=23_4;partial=00;start_type=ATG;rbs_motif=AGGA;rbs_spacer=5-10bp;gc_cont=0.476,94.4,162,90,1.22e-52,91,1,90,1,90,mobileOG_000025522,hupA,WP_001044513.1,replication/recombination/repair,integration/excision,Plasmid RefSeq,Manual,NODE_23_length_30931_cov_31.546769_4, 4136 # 4408 # -1 , 4136,4408,-1 ,23_4,23,4,00,ATG,AGGA,5-10bp,0.476,NODE_23_length_30931_cov_31.546769,mobileOG_000025522_NODE_23_length_30931_cov_31.546769
565,mobileOG_000332654|hup|WP_004242271.1|replication/recombination/repair|integration/excision|Plasmid RefSeq|Homology,NODE_23_length_30931_cov_31.546769_4 # 4136 # 4408 # -1 # ID=23_4;partial=00;start_type=ATG;rbs_motif=AGGA;rbs_spacer=5-10bp;gc_cont=0.476,90.0,157,90,1.17e-50,91,1,90,1,90,mobileOG_000332654,hup,WP_004242271.1,replication/recombination/repair,integration/excision,Plasmid RefSeq,Homology,NODE_23_length_30931_cov_31.546769_4, 4136 # 4408 # -1 , 4136,4408,-1 ,23_4,23,4,00,ATG,AGGA,5-10bp,0.476,NODE_23_length_30931_cov_31.546769,mobileOG_000332654_NODE_23_length_30931_cov_31.546769
566,mobileOG_000368557|nfi|WP_033655325.1|replication/recombination/repair|NA|Plasmid RefSeq|Homology,NODE_23_length_30931_cov_31.546769_6 # 5237 # 5923 # -1 # ID=23_6;partial=00;start_type=GTG;rbs_motif=AGGA;rbs_spacer=5-10bp;gc_cont=0.671,97.8,457,228,4.13e-165,229,1,228,1,228,mobileOG_000368557,nfi,WP_033655325.1,replication/recombination/repair,NA,Plasmid RefSeq,Homology,NODE_23_length_30931_cov_31.546769_6, 5237 # 5923 # -1 , 5237,5923,-1 ,23_6,23,6,00,GTG,AGGA,5-10bp,0.671,NODE_23_length_30931_cov_31.546769,mobileOG_000368557_NODE_23_length_30931_cov_31.546769
567,mobileOG_000365459|nfi|WP_020828728.1|replication/recombination/repair|NA|Multiple|Homology,NODE_23_length_30931_cov_31.546769_6 # 5237 # 5923 # -1 # ID=23_6;partial=00;start_type=GTG;rbs_motif=AGGA;rbs_spacer=5-10bp;gc_cont=0.671,91.6,431,228,1.94e-154,229,1,227,1,227,mobileOG_000365459,nfi,WP_020828728.1,replication/recombination/repair,NA,Multiple,Homology,NODE_23_length_30931_cov_31.546769_6, 5237 # 5923 # -1 , 5237,5923,-1 ,23_6,23,6,00,GTG,AGGA,5-10bp,0.671,NODE_23_length_30931_cov_31.546769,mobileOG_000365459_NODE_23_length_30931_cov_31.546769
568,"mobileOG_000329613|nusG|WP_004929914.1|phage|regulation,infection|Plasmid RefSeq|Homology",NODE_23_length_30931_cov_31.546769_27 # 29669 # 30214 # -1 # ID=23_27;partial=00;start_type=ATG;rbs_motif=GGAG/GAGG;rbs_spacer=5-10bp;gc_cont=0.559,100,364,181,8.97e-130,182,1,181,1,181,mobileOG_000329613,nusG,WP_004929914.1,phage,"regulation,infection",Plasmid RefSeq,Homology,NODE_23_length_30931_cov_31.546769_27, 29669 # 30214 # -1 , 29669,30214,-1 ,23_27,23,27,00,ATG,GGAG/GAGG,5-10bp,0.559,NODE_23_length_30931_cov_31.546769,mobileOG_000329613_NODE_23_length_30931_cov_31.546769
569,"mobileOG_000331286|nusG|WP_004953928.1|phage|regulation,infection|Multiple|Homology",NODE_23_length_30931_cov_31.546769_27 # 29669 # 30214 # -1 # ID=23_27;partial=00;start_type=ATG;rbs_motif=GGAG/GAGG;rbs_spacer=5-10bp;gc_cont=0.559,99.4,363,181,2.57e-129,182,1,181,1,181,mobileOG_000331286,nusG,WP_004953928.1,phage,"regulation,infection",Multiple,Homology,NODE_23_length_30931_cov_31.546769_27, 29669 # 30214 # -1 , 29669,30214,-1 ,23_27,23,27,00,ATG,GGAG/GAGG,5-10bp,0.559,NODE_23_length_30931_cov_31.546769,mobileOG_000331286_NODE_23_length_30931_cov_31.546769
570,"mobileOG_000327581|nusG|WP_002210671.1|phage|regulation,infection|Plasmid RefSeq|Homology",NODE_23_length_30931_cov_31.546769_27 # 29669 # 30214 # -1 # ID=23_27;partial=00;start_type=ATG;rbs_motif=GGAG/GAGG;rbs_spacer=5-10bp;gc_cont=0.559,99.4,362,181,5.19e-129,182,1,181,1,181,mobileOG_000327581,nusG,WP_002210671.1,phage,"regulation,infection",Plasmid RefSeq,Homology,NODE_23_length_30931_cov_31.546769_27, 29669 # 30214 # -1 , 29669,30214,-1 ,23_27,23,27,00,ATG,GGAG/GAGG,5-10bp,0.559,NODE_23_length_30931_cov_31.546769,mobileOG_000327581_NODE_23_length_30931_cov_31.546769
571,"mobileOG_000324948|nusG|WP_001287521.1|phage|regulation,infection|Plasmid RefSeq|Homology",NODE_23_length_30931_cov_31.546769_27 # 29669 # 30214 # -1 # ID=23_27;partial=00;start_type=ATG;rbs_motif=GGAG/GAGG;rbs_spacer=5-10bp;gc_cont=0.559,98.3,357,181,7.08e-127,182,1,180,1,180,mobileOG_000324948,nusG,WP_001287521.1,phage,"regulation,infection",Plasmid RefSeq,Homology,NODE_23_length_30931_cov_31.546769_27, 29669 # 30214 # -1 , 29669,30214,-1 ,23_27,23,27,00,ATG,GGAG/GAGG,5-10bp,0.559,NODE_23_length_30931_cov_31.546769,mobileOG_000324948_NODE_23_length_30931_cov_31.546769
572,"mobileOG_000289012|nusG|WP_003862341.1|phage|regulation,infection|Plasmid RefSeq|Homology",NODE_23_length_30931_cov_31.546769_27 # 29669 # 30214 # -1 # ID=23_27;partial=00;start_type=ATG;rbs_motif=GGAG/GAGG;rbs_spacer=5-10bp;gc_cont=0.559,97.8,356,181,2.03e-126,182,1,180,1,180,mobileOG_000289012,nusG,WP_003862341.1,phage,"regulation,infection",Plasmid RefSeq,Homology,NODE_23_length_30931_cov_31.546769_27, 29669 # 30214 # -1 , 29669,30214,-1 ,23_27,23,27,00,ATG,GGAG/GAGG,5-10bp,0.559,NODE_23_length_30931_cov_31.546769,mobileOG_000289012_NODE_23_length_30931_cov_31.546769
573,"mobileOG_000331278|nusG|WP_001287516.1|phage|regulation,infection|Plasmid RefSeq|Homology",NODE_23_length_30931_cov_31.546769_27 # 29669 # 30214 # -1 # ID=23_27;partial=00;start_type=ATG;rbs_motif=GGAG/GAGG;rbs_spacer=5-10bp;gc_cont=0.559,97.8,356,181,2.03e-126,182,1,180,1,180,mobileOG_000331278,nusG,WP_001287516.1,phage,"regulation,infection",Plasmid RefSeq,Homology,NODE_23_length_30931_cov_31.546769_27, 29669 # 30214 # -1 , 29669,30214,-1 ,23_27,23,27,00,ATG,GGAG/GAGG,5-10bp,0.559,NODE_23_length_30931_cov_31.546769,mobileOG_000331278_NODE_23_length_30931_cov_31.546769
574,"mobileOG_000324956|nusG|WP_007665882.1|phage|regulation,infection|Plasmid RefSeq|Homology",NODE_23_length_30931_cov_31.546769_27 # 29669 # 30214 # -1 # ID=23_27;partial=00;start_type=ATG;rbs_motif=GGAG/GAGG;rbs_spacer=5-10bp;gc_cont=0.559,97.8,355,181,2.89e-126,182,1,180,1,180,mobileOG_000324956,nusG,WP_007665882.1,phage,"regulation,infection",Plasmid RefSeq,Homology,NODE_23_length_30931_cov_31.546769_27, 29669 # 30214 # -1 , 29669,30214,-1 ,23_27,23,27,00,ATG,GGAG/GAGG,5-10bp,0.559,NODE_23_length_30931_cov_31.546769,mobileOG_000324956_NODE_23_length_30931_cov_31.546769
575,"mobileOG_000329873|nusG|WP_127378540.1|phage|regulation,infection|Plasmid RefSeq|Homology",NODE_23_length_30931_cov_31.546769_27 # 29669 # 30214 # -1 # ID=23_27;partial=00;start_type=ATG;rbs_motif=GGAG/GAGG;rbs_spacer=5-10bp;gc_cont=0.559,91.7,338,181,1.48e-119,182,1,180,1,180,mobileOG_000329873,nusG,WP_127378540.1,phage,"regulation,infection",Plasmid RefSeq,Homology,NODE_23_length_30931_cov_31.546769_27, 29669 # 30214 # -1 , 29669,30214,-1 ,23_27,23,27,00,ATG,GGAG/GAGG,5-10bp,0.559,NODE_23_length_30931_cov_31.546769,mobileOG_000329873_NODE_23_length_30931_cov_31.546769
576,mobileOG_000370713|tnp|WP_166479509.1|integration/excision|NA|Plasmid RefSeq|Homology,NODE_24_length_27646_cov_64.679713_18 # 26661 # 27644 # 1 # ID=24_18;partial=01;start_type=ATG;rbs_motif=None;rbs_spacer=None;gc_cont=0.600,97.6,686,407,4.89e-251,328,1,328,1,328,mobileOG_000370713,tnp,WP_166479509.1,integration/excision,NA,Plasmid RefSeq,Homology,NODE_24_length_27646_cov_64.679713_18, 26661 # 27644 # 1 , 26661,27644,1 ,24_18,24,18,01,ATG,None,None,0.600,NODE_24_length_27646_cov_64.679713,mobileOG_000370713_NODE_24_length_27646_cov_64.679713
577,mobileOG_000340472|tnp|WP_142816584.1|integration/excision|NA|Plasmid RefSeq|Homology,NODE_24_length_27646_cov_64.679713_18 # 26661 # 27644 # 1 # ID=24_18;partial=01;start_type=ATG;rbs_motif=None;rbs_spacer=None;gc_cont=0.600,96.3,681,407,6.65e-249,328,1,328,1,328,mobileOG_000340472,tnp,WP_142816584.1,integration/excision,NA,Plasmid RefSeq,Homology,NODE_24_length_27646_cov_64.679713_18, 26661 # 27644 # 1 , 26661,27644,1 ,24_18,24,18,01,ATG,None,None,0.600,NODE_24_length_27646_cov_64.679713,mobileOG_000340472_NODE_24_length_27646_cov_64.679713
578,mobileOG_000343904|tnp|WP_128383108.1|integration/excision|NA|Plasmid RefSeq|Homology,NODE_24_length_27646_cov_64.679713_18 # 26661 # 27644 # 1 # ID=24_18;partial=01;start_type=ATG;rbs_motif=None;rbs_spacer=None;gc_cont=0.600,96.0,681,407,6.65e-249,328,1,328,1,328,mobileOG_000343904,tnp,WP_128383108.1,integration/excision,NA,Plasmid RefSeq,Homology,NODE_24_length_27646_cov_64.679713_18, 26661 # 27644 # 1 , 26661,27644,1 ,24_18,24,18,01,ATG,None,None,0.600,NODE_24_length_27646_cov_64.679713,mobileOG_000343904_NODE_24_length_27646_cov_64.679713
579,mobileOG_000750269|NA:Keyword|WP_128383108.1|integration/excision|NA|Plasmid RefSeq|Keyword Search,NODE_24_length_27646_cov_64.679713_18 # 26661 # 27644 # 1 # ID=24_18;partial=01;start_type=ATG;rbs_motif=None;rbs_spacer=None;gc_cont=0.600,96.0,681,414,8.63e-249,328,8,335,1,328,mobileOG_000750269,NA:Keyword,WP_128383108.1,integration/excision,NA,Plasmid RefSeq,Keyword Search,NODE_24_length_27646_cov_64.679713_18, 26661 # 27644 # 1 , 26661,27644,1 ,24_18,24,18,01,ATG,None,None,0.600,NODE_24_length_27646_cov_64.679713,mobileOG_000750269_NODE_24_length_27646_cov_64.679713
580,mobileOG_000340116|tnp|WP_142076322.1|integration/excision|NA|Plasmid RefSeq|Homology,NODE_24_length_27646_cov_64.679713_18 # 26661 # 27644 # 1 # ID=24_18;partial=01;start_type=ATG;rbs_motif=None;rbs_spacer=None;gc_cont=0.600,96.6,680,407,1.91e-248,328,1,328,1,328,mobileOG_000340116,tnp,WP_142076322.1,integration/excision,NA,Plasmid RefSeq,Homology,NODE_24_length_27646_cov_64.679713_18, 26661 # 27644 # 1 , 26661,27644,1 ,24_18,24,18,01,ATG,None,None,0.600,NODE_24_length_27646_cov_64.679713,mobileOG_000340116_NODE_24_length_27646_cov_64.679713
581,mobileOG_000289775|tnp|WP_166479509.1|integration/excision|NA|Plasmid RefSeq|Homology,NODE_24_length_27646_cov_64.679713_18 # 26661 # 27644 # 1 # ID=24_18;partial=01;start_type=ATG;rbs_motif=None;rbs_spacer=None;gc_cont=0.600,96.6,679,407,3.84e-248,328,1,328,1,328,mobileOG_000289775,tnp,WP_166479509.1,integration/excision,NA,Plasmid RefSeq,Homology,NODE_24_length_27646_cov_64.679713_18, 26661 # 27644 # 1 , 26661,27644,1 ,24_18,24,18,01,ATG,None,None,0.600,NODE_24_length_27646_cov_64.679713,mobileOG_000289775_NODE_24_length_27646_cov_64.679713
582,mobileOG_000316302|tnp|WP_121097644.1|integration/excision|NA|Plasmid RefSeq|Homology,NODE_24_length_27646_cov_64.679713_18 # 26661 # 27644 # 1 # ID=24_18;partial=01;start_type=ATG;rbs_motif=None;rbs_spacer=None;gc_cont=0.600,96.0,677,407,1.56e-247,328,1,328,1,328,mobileOG_000316302,tnp,WP_121097644.1,integration/excision,NA,Plasmid RefSeq,Homology,NODE_24_length_27646_cov_64.679713_18, 26661 # 27644 # 1 , 26661,27644,1 ,24_18,24,18,01,ATG,None,None,0.600,NODE_24_length_27646_cov_64.679713,mobileOG_000316302_NODE_24_length_27646_cov_64.679713
583,mobileOG_000344088|tnp|WP_059202108.1|integration/excision|NA|Plasmid RefSeq|Homology,NODE_24_length_27646_cov_64.679713_18 # 26661 # 27644 # 1 # ID=24_18;partial=01;start_type=ATG;rbs_motif=None;rbs_spacer=None;gc_cont=0.600,94.2,671,404,3.84e-245,328,1,328,1,328,mobileOG_000344088,tnp,WP_059202108.1,integration/excision,NA,Plasmid RefSeq,Homology,NODE_24_length_27646_cov_64.679713_18, 26661 # 27644 # 1 , 26661,27644,1 ,24_18,24,18,01,ATG,None,None,0.600,NODE_24_length_27646_cov_64.679713,mobileOG_000344088_NODE_24_length_27646_cov_64.679713
584,mobileOG_000340469|tnp|WP_142816538.1|integration/excision|NA|Plasmid RefSeq|Homology,NODE_24_length_27646_cov_64.679713_18 # 26661 # 27644 # 1 # ID=24_18;partial=01;start_type=ATG;rbs_motif=None;rbs_spacer=None;gc_cont=0.600,94.5,667,407,1.43e-243,328,1,328,1,328,mobileOG_000340469,tnp,WP_142816538.1,integration/excision,NA,Plasmid RefSeq,Homology,NODE_24_length_27646_cov_64.679713_18, 26661 # 27644 # 1 , 26661,27644,1 ,24_18,24,18,01,ATG,None,None,0.600,NODE_24_length_27646_cov_64.679713,mobileOG_000340469_NODE_24_length_27646_cov_64.679713
585,mobileOG_000368542|clpB|WP_025301647.1|phage|chaperone|Plasmid RefSeq|Homology,NODE_26_length_22252_cov_28.499030_1 # 269 # 2842 # -1 # ID=26_1;partial=00;start_type=ATG;rbs_motif=GGAGG;rbs_spacer=3-4bp;gc_cont=0.585,99.9,1624,857,0.0,858,1,857,1,857,mobileOG_000368542,clpB,WP_025301647.1,phage,chaperone,Plasmid RefSeq,Homology,NODE_26_length_22252_cov_28.499030_1, 269 # 2842 # -1 , 269,2842,-1 ,26_1,26,1,00,ATG,GGAGG,3-4bp,0.585,NODE_26_length_22252_cov_28.499030,mobileOG_000368542_NODE_26_length_22252_cov_28.499030
586,mobileOG_000341888|rrrD|WP_033650023.1|phage|lysis|Plasmid RefSeq|Homology,NODE_26_length_22252_cov_28.499030_11 # 11613 # 12128 # 1 # ID=26_11;partial=00;start_type=ATG;rbs_motif=GGAGG;rbs_spacer=5-10bp;gc_cont=0.593,92.4,314,171,3.97e-110,172,1,171,1,171,mobileOG_000341888,rrrD,WP_033650023.1,phage,lysis,Plasmid RefSeq,Homology,NODE_26_length_22252_cov_28.499030_11, 11613 # 12128 # 1 , 11613,12128,1 ,26_11,26,11,00,ATG,GGAGG,5-10bp,0.593,NODE_26_length_22252_cov_28.499030,mobileOG_000341888_NODE_26_length_22252_cov_28.499030
587,"mobileOG_000377485|ogr|WP_033637183.1|phage|regulation,lysis/lysogeny|Plasmid RefSeq|Homology",NODE_26_length_22252_cov_28.499030_12 # 12194 # 12421 # 1 # ID=26_12;partial=00;start_type=ATG;rbs_motif=AGxAGG/AGGxGG;rbs_spacer=5-10bp;gc_cont=0.596,96.0,155,75,2.33e-50,76,1,75,1,75,mobileOG_000377485,ogr,WP_033637183.1,phage,"regulation,lysis/lysogeny",Plasmid RefSeq,Homology,NODE_26_length_22252_cov_28.499030_12, 12194 # 12421 # 1 , 12194,12421,1 ,26_12,26,12,00,ATG,AGxAGG/AGGxGG,5-10bp,0.596,NODE_26_length_22252_cov_28.499030,mobileOG_000377485_NODE_26_length_22252_cov_28.499030
588,mobileOG_000361554|intM|WP_142816583.1|integration/excision|replication/recombination/repair|Plasmid RefSeq|Homology,NODE_27_length_17318_cov_53.700655_5 # 4968 # 5399 # 1 # ID=27_5;partial=00;start_type=GTG;rbs_motif=GGA/GAG/AGG;rbs_spacer=5-10bp;gc_cont=0.630,97.0,266,271,2.91e-90,144,89,221,1,133,mobileOG_000361554,intM,WP_142816583.1,integration/excision,replication/recombination/repair,Plasmid RefSeq,Homology,NODE_27_length_17318_cov_53.700655_5, 4968 # 5399 # 1 , 4968,5399,1 ,27_5,27,5,00,GTG,GGA/GAG/AGG,5-10bp,0.630,NODE_27_length_17318_cov_53.700655,mobileOG_000361554_NODE_27_length_17318_cov_53.700655
589,mobileOG_000739933|NA:Keyword|WP_094141485.1|transfer|NA|Plasmid RefSeq|Keyword Search,NODE_27_length_17318_cov_53.700655_11 # 9930 # 10370 # 1 # ID=27_11;partial=00;start_type=ATG;rbs_motif=3Base/5BMM;rbs_spacer=13-15bp;gc_cont=0.644,95.9,300,146,1.31e-105,147,1,146,1,146,mobileOG_000739933,NA:Keyword,WP_094141485.1,transfer,NA,Plasmid RefSeq,Keyword Search,NODE_27_length_17318_cov_53.700655_11, 9930 # 10370 # 1 , 9930,10370,1 ,27_11,27,11,00,ATG,3Base/5BMM,13-15bp,0.644,NODE_27_length_17318_cov_53.700655,mobileOG_000739933_NODE_27_length_17318_cov_53.700655
590,mobileOG_000321308|yafN|WP_004953896.1|stability/transfer/defense|NA|Multiple|Homology,NODE_27_length_17318_cov_53.700655_13 # 11207 # 11458 # 1 # ID=27_13;partial=00;start_type=ATG;rbs_motif=GGAG/GAGG;rbs_spacer=5-10bp;gc_cont=0.520,98.8,162,83,5.19e-53,84,1,83,1,83,mobileOG_000321308,yafN,WP_004953896.1,stability/transfer/defense,NA,Multiple,Homology,NODE_27_length_17318_cov_53.700655_13, 11207 # 11458 # 1 , 11207,11458,1 ,27_13,27,13,00,ATG,GGAG/GAGG,5-10bp,0.520,NODE_27_length_17318_cov_53.700655,mobileOG_000321308_NODE_27_length_17318_cov_53.700655
591,mobileOG_000313799|yafN|WP_110147646.1|stability/transfer/defense|NA|Plasmid RefSeq|Homology,NODE_27_length_17318_cov_53.700655_13 # 11207 # 11458 # 1 # ID=27_13;partial=00;start_type=ATG;rbs_motif=GGAG/GAGG;rbs_spacer=5-10bp;gc_cont=0.520,96.4,160,83,6.07e-52,84,1,83,1,83,mobileOG_000313799,yafN,WP_110147646.1,stability/transfer/defense,NA,Plasmid RefSeq,Homology,NODE_27_length_17318_cov_53.700655_13, 11207 # 11458 # 1 , 11207,11458,1 ,27_13,27,13,00,ATG,GGAG/GAGG,5-10bp,0.520,NODE_27_length_17318_cov_53.700655,mobileOG_000313799_NODE_27_length_17318_cov_53.700655
592,mobileOG_000353303|yafN|WP_142816513.1|stability/transfer/defense|NA|Plasmid RefSeq|Homology,NODE_27_length_17318_cov_53.700655_13 # 11207 # 11458 # 1 # ID=27_13;partial=00;start_type=ATG;rbs_motif=GGAG/GAGG;rbs_spacer=5-10bp;gc_cont=0.520,96.4,158,83,2.48e-51,84,1,83,1,83,mobileOG_000353303,yafN,WP_142816513.1,stability/transfer/defense,NA,Plasmid RefSeq,Homology,NODE_27_length_17318_cov_53.700655_13, 11207 # 11458 # 1 , 11207,11458,1 ,27_13,27,13,00,ATG,GGAG/GAGG,5-10bp,0.520,NODE_27_length_17318_cov_53.700655,mobileOG_000353303_NODE_27_length_17318_cov_53.700655
593,mobileOG_000297366|yafN|WP_142816513.1|stability/transfer/defense|NA|Plasmid RefSeq|Homology,NODE_27_length_17318_cov_53.700655_13 # 11207 # 11458 # 1 # ID=27_13;partial=00;start_type=ATG;rbs_motif=GGAG/GAGG;rbs_spacer=5-10bp;gc_cont=0.520,95.2,157,83,7.11e-51,84,1,83,1,83,mobileOG_000297366,yafN,WP_142816513.1,stability/transfer/defense,NA,Plasmid RefSeq,Homology,NODE_27_length_17318_cov_53.700655_13, 11207 # 11458 # 1 , 11207,11458,1 ,27_13,27,13,00,ATG,GGAG/GAGG,5-10bp,0.520,NODE_27_length_17318_cov_53.700655,mobileOG_000297366_NODE_27_length_17318_cov_53.700655
594,mobileOG_000306811|yafN|WP_038883487.1|stability/transfer/defense|NA|Plasmid RefSeq|Homology,NODE_27_length_17318_cov_53.700655_13 # 11207 # 11458 # 1 # ID=27_13;partial=00;start_type=ATG;rbs_motif=GGAG/GAGG;rbs_spacer=5-10bp;gc_cont=0.520,94.0,155,83,5.85e-50,84,1,83,1,83,mobileOG_000306811,yafN,WP_038883487.1,stability/transfer/defense,NA,Plasmid RefSeq,Homology,NODE_27_length_17318_cov_53.700655_13, 11207 # 11458 # 1 , 11207,11458,1 ,27_13,27,13,00,ATG,GGAG/GAGG,5-10bp,0.520,NODE_27_length_17318_cov_53.700655,mobileOG_000306811_NODE_27_length_17318_cov_53.700655
595,mobileOG_000318016|relE|WP_004929861.1|stability/transfer/defense|NA|Plasmid RefSeq|Homology,NODE_27_length_17318_cov_53.700655_14 # 11458 # 11742 # 1 # ID=27_14;partial=00;start_type=ATG;rbs_motif=GGA/GAG/AGG;rbs_spacer=11-12bp;gc_cont=0.509,98.9,189,95,2.46e-63,95,3,95,2,94,mobileOG_000318016,relE,WP_004929861.1,stability/transfer/defense,NA,Plasmid RefSeq,Homology,NODE_27_length_17318_cov_53.700655_14, 11458 # 11742 # 1 , 11458,11742,1 ,27_14,27,14,00,ATG,GGA/GAG/AGG,11-12bp,0.509,NODE_27_length_17318_cov_53.700655,mobileOG_000318016_NODE_27_length_17318_cov_53.700655
596,mobileOG_000337747|relE|WP_125460859.1|stability/transfer/defense|NA|Plasmid RefSeq|Homology,NODE_27_length_17318_cov_53.700655_14 # 11458 # 11742 # 1 # ID=27_14;partial=00;start_type=ATG;rbs_motif=GGA/GAG/AGG;rbs_spacer=11-12bp;gc_cont=0.509,97.8,188,95,7.06e-63,95,3,95,2,94,mobileOG_000337747,relE,WP_125460859.1,stability/transfer/defense,NA,Plasmid RefSeq,Homology,NODE_27_length_17318_cov_53.700655_14, 11458 # 11742 # 1 , 11458,11742,1 ,27_14,27,14,00,ATG,GGA/GAG/AGG,11-12bp,0.509,NODE_27_length_17318_cov_53.700655,mobileOG_000337747_NODE_27_length_17318_cov_53.700655
597,mobileOG_000313800|relE|WP_110147647.1|stability/transfer/defense|NA|Plasmid RefSeq|Homology,NODE_27_length_17318_cov_53.700655_14 # 11458 # 11742 # 1 # ID=27_14;partial=00;start_type=ATG;rbs_motif=GGA/GAG/AGG;rbs_spacer=11-12bp;gc_cont=0.509,96.8,186,95,5.81e-62,95,3,95,2,94,mobileOG_000313800,relE,WP_110147647.1,stability/transfer/defense,NA,Plasmid RefSeq,Homology,NODE_27_length_17318_cov_53.700655_14, 11458 # 11742 # 1 , 11458,11742,1 ,27_14,27,14,00,ATG,GGA/GAG/AGG,11-12bp,0.509,NODE_27_length_17318_cov_53.700655,mobileOG_000313800_NODE_27_length_17318_cov_53.700655
598,mobileOG_000305938|relE|WP_041417419.1|stability/transfer/defense|NA|Multiple|Homology,NODE_27_length_17318_cov_53.700655_14 # 11458 # 11742 # 1 # ID=27_14;partial=00;start_type=ATG;rbs_motif=GGA/GAG/AGG;rbs_spacer=11-12bp;gc_cont=0.509,92.5,181,95,5.60e-60,95,3,95,2,94,mobileOG_000305938,relE,WP_041417419.1,stability/transfer/defense,NA,Multiple,Homology,NODE_27_length_17318_cov_53.700655_14, 11458 # 11742 # 1 , 11458,11742,1 ,27_14,27,14,00,ATG,GGA/GAG/AGG,11-12bp,0.509,NODE_27_length_17318_cov_53.700655,mobileOG_000305938_NODE_27_length_17318_cov_53.700655
599,"mobileOG_000301457|pilT|A0A5C6QZQ8|transfer|conjugation,competence|Plasmid RefSeq|Homology",NODE_27_length_17318_cov_53.700655_19 # 14452 # 14949 # -1 # ID=27_19;partial=00;start_type=ATG;rbs_motif=GGA/GAG/AGG;rbs_spacer=5-10bp;gc_cont=0.434,98.2,333,165,8.50e-118,166,1,165,1,165,mobileOG_000301457,pilT,A0A5C6QZQ8,transfer,"conjugation,competence",Plasmid RefSeq,Homology,NODE_27_length_17318_cov_53.700655_19, 14452 # 14949 # -1 , 14452,14949,-1 ,27_19,27,19,00,ATG,GGA/GAG/AGG,5-10bp,0.434,NODE_27_length_17318_cov_53.700655,mobileOG_000301457_NODE_27_length_17318_cov_53.700655
600,mobileOG_000284104|traM|WP_060560520.1|transfer|conjugation|Plasmid RefSeq|Homology,NODE_27_length_17318_cov_53.700655_20 # 15351 # 15752 # 1 # ID=27_20;partial=00;start_type=ATG;rbs_motif=GGAG/GAGG;rbs_spacer=5-10bp;gc_cont=0.388,97.0,241,133,2.16e-82,134,1,132,1,132,mobileOG_000284104,traM,WP_060560520.1,transfer,conjugation,Plasmid RefSeq,Homology,NODE_27_length_17318_cov_53.700655_20, 15351 # 15752 # 1 , 15351,15752,1 ,27_20,27,20,00,ATG,GGAG/GAGG,5-10bp,0.388,NODE_27_length_17318_cov_53.700655,mobileOG_000284104_NODE_27_length_17318_cov_53.700655
601,mobileOG_000372652|traM|WP_060560520.1|transfer|conjugation|Multiple|Homology,NODE_27_length_17318_cov_53.700655_20 # 15351 # 15752 # 1 # ID=27_20;partial=00;start_type=ATG;rbs_motif=GGAG/GAGG;rbs_spacer=5-10bp;gc_cont=0.388,94.0,234,133,1.20e-79,134,1,133,1,133,mobileOG_000372652,traM,WP_060560520.1,transfer,conjugation,Multiple,Homology,NODE_27_length_17318_cov_53.700655_20, 15351 # 15752 # 1 , 15351,15752,1 ,27_20,27,20,00,ATG,GGAG/GAGG,5-10bp,0.388,NODE_27_length_17318_cov_53.700655,mobileOG_000372652_NODE_27_length_17318_cov_53.700655
602,mobileOG_000300457|traM|WP_042785944.1|transfer|conjugation|Multiple|Homology,NODE_27_length_17318_cov_53.700655_20 # 15351 # 15752 # 1 # ID=27_20;partial=00;start_type=ATG;rbs_motif=GGAG/GAGG;rbs_spacer=5-10bp;gc_cont=0.388,91.3,216,132,8.43e-73,134,1,127,1,127,mobileOG_000300457,traM,WP_042785944.1,transfer,conjugation,Multiple,Homology,NODE_27_length_17318_cov_53.700655_20, 15351 # 15752 # 1 , 15351,15752,1 ,27_20,27,20,00,ATG,GGAG/GAGG,5-10bp,0.388,NODE_27_length_17318_cov_53.700655,mobileOG_000300457_NODE_27_length_17318_cov_53.700655
603,mobileOG_000300711|traM|WP_126502347.1|transfer|conjugation|Plasmid RefSeq|Homology,NODE_27_length_17318_cov_53.700655_20 # 15351 # 15752 # 1 # ID=27_20;partial=00;start_type=ATG;rbs_motif=GGAG/GAGG;rbs_spacer=5-10bp;gc_cont=0.388,91.3,216,132,1.70e-72,134,1,127,1,127,mobileOG_000300711,traM,WP_126502347.1,transfer,conjugation,Plasmid RefSeq,Homology,NODE_27_length_17318_cov_53.700655_20, 15351 # 15752 # 1 , 15351,15752,1 ,27_20,27,20,00,ATG,GGAG/GAGG,5-10bp,0.388,NODE_27_length_17318_cov_53.700655,mobileOG_000300711_NODE_27_length_17318_cov_53.700655
604,mobileOG_000740837|NA:Keyword|A0A068Z4M9|integration/excision|NA|Plasmid RefSeq|Keyword Search,NODE_29_length_14984_cov_60.956866_1 # 49 # 1107 # -1 # ID=29_1;partial=00;start_type=ATG;rbs_motif=None;rbs_spacer=None;gc_cont=0.532,94.0,631,1009,6.13e-220,353,3,338,9,344,mobileOG_000740837,NA:Keyword,A0A068Z4M9,integration/excision,NA,Plasmid RefSeq,Keyword Search,NODE_29_length_14984_cov_60.956866_1, 49 # 1107 # -1 , 49,1107,-1 ,29_1,29,1,00,ATG,None,None,0.532,NODE_29_length_14984_cov_60.956866,mobileOG_000740837_NODE_29_length_14984_cov_60.956866
605,mobileOG_000745992|NA:Keyword|WP_079961746.1|integration/excision|NA|Plasmid RefSeq|Keyword Search,NODE_29_length_14984_cov_60.956866_1 # 49 # 1107 # -1 # ID=29_1;partial=00;start_type=ATG;rbs_motif=None;rbs_spacer=None;gc_cont=0.532,93.2,629,1009,3.48e-219,353,3,338,9,344,mobileOG_000745992,NA:Keyword,WP_079961746.1,integration/excision,NA,Plasmid RefSeq,Keyword Search,NODE_29_length_14984_cov_60.956866_1, 49 # 1107 # -1 , 49,1107,-1 ,29_1,29,1,00,ATG,None,None,0.532,NODE_29_length_14984_cov_60.956866,mobileOG_000745992_NODE_29_length_14984_cov_60.956866
606,mobileOG_000308186|rinQ|A0A3W1E4X6|integration/excision|NA|Plasmid RefSeq|Homology,NODE_29_length_14984_cov_60.956866_2 # 1256 # 1834 # 1 # ID=29_2;partial=00;start_type=ATG;rbs_motif=None;rbs_spacer=None;gc_cont=0.542,93.1,342,192,2.05e-120,193,1,188,1,188,mobileOG_000308186,rinQ,A0A3W1E4X6,integration/excision,NA,Plasmid RefSeq,Homology,NODE_29_length_14984_cov_60.956866_2, 1256 # 1834 # 1 , 1256,1834,1 ,29_2,29,2,00,ATG,None,None,0.542,NODE_29_length_14984_cov_60.956866,mobileOG_000308186_NODE_29_length_14984_cov_60.956866
607,mobileOG_000074542|rinQ|WP_044243369.1|integration/excision|NA|Multiple|Homology,NODE_29_length_14984_cov_60.956866_2 # 1256 # 1834 # 1 # ID=29_2;partial=00;start_type=ATG;rbs_motif=None;rbs_spacer=None;gc_cont=0.542,93.1,342,194,2.20e-120,193,1,188,1,188,mobileOG_000074542,rinQ,WP_044243369.1,integration/excision,NA,Multiple,Homology,NODE_29_length_14984_cov_60.956866_2, 1256 # 1834 # 1 , 1256,1834,1 ,29_2,29,2,00,ATG,None,None,0.542,NODE_29_length_14984_cov_60.956866,mobileOG_000074542_NODE_29_length_14984_cov_60.956866
608,mobileOG_000297348|rinQ|WP_129073745.1|integration/excision|NA|Plasmid RefSeq|Homology,NODE_29_length_14984_cov_60.956866_2 # 1256 # 1834 # 1 # ID=29_2;partial=00;start_type=ATG;rbs_motif=None;rbs_spacer=None;gc_cont=0.542,93.1,340,192,5.87e-120,193,1,188,1,188,mobileOG_000297348,rinQ,WP_129073745.1,integration/excision,NA,Plasmid RefSeq,Homology,NODE_29_length_14984_cov_60.956866_2, 1256 # 1834 # 1 , 1256,1834,1 ,29_2,29,2,00,ATG,None,None,0.542,NODE_29_length_14984_cov_60.956866,mobileOG_000297348_NODE_29_length_14984_cov_60.956866
609,mobileOG_000317506|rinQ|WP_064357970.1|integration/excision|NA|Plasmid RefSeq|Homology,NODE_29_length_14984_cov_60.956866_2 # 1256 # 1834 # 1 # ID=29_2;partial=00;start_type=ATG;rbs_motif=None;rbs_spacer=None;gc_cont=0.542,93.1,340,192,5.87e-120,193,1,188,1,188,mobileOG_000317506,rinQ,WP_064357970.1,integration/excision,NA,Plasmid RefSeq,Homology,NODE_29_length_14984_cov_60.956866_2, 1256 # 1834 # 1 , 1256,1834,1 ,29_2,29,2,00,ATG,None,None,0.542,NODE_29_length_14984_cov_60.956866,mobileOG_000317506_NODE_29_length_14984_cov_60.956866
610,mobileOG_000307624|rinQ|WP_004145313.1|integration/excision|NA|Plasmid RefSeq|Homology,NODE_29_length_14984_cov_60.956866_2 # 1256 # 1834 # 1 # ID=29_2;partial=00;start_type=ATG;rbs_motif=None;rbs_spacer=None;gc_cont=0.542,90.1,340,192,8.33e-120,193,1,192,1,192,mobileOG_000307624,rinQ,WP_004145313.1,integration/excision,NA,Plasmid RefSeq,Homology,NODE_29_length_14984_cov_60.956866_2, 1256 # 1834 # 1 , 1256,1834,1 ,29_2,29,2,00,ATG,None,None,0.542,NODE_29_length_14984_cov_60.956866,mobileOG_000307624_NODE_29_length_14984_cov_60.956866
611,mobileOG_000365218|rinQ|WP_060591438.1|integration/excision|NA|Plasmid RefSeq|Homology,NODE_29_length_14984_cov_60.956866_2 # 1256 # 1834 # 1 # ID=29_2;partial=00;start_type=ATG;rbs_motif=None;rbs_spacer=None;gc_cont=0.542,92.6,340,192,8.33e-120,193,1,188,1,188,mobileOG_000365218,rinQ,WP_060591438.1,integration/excision,NA,Plasmid RefSeq,Homology,NODE_29_length_14984_cov_60.956866_2, 1256 # 1834 # 1 , 1256,1834,1 ,29_2,29,2,00,ATG,None,None,0.542,NODE_29_length_14984_cov_60.956866,mobileOG_000365218_NODE_29_length_14984_cov_60.956866
612,mobileOG_000301464|rinQ|WP_004145313.1|integration/excision|NA|Plasmid RefSeq|Homology,NODE_29_length_14984_cov_60.956866_2 # 1256 # 1834 # 1 # ID=29_2;partial=00;start_type=ATG;rbs_motif=None;rbs_spacer=None;gc_cont=0.542,90.6,340,193,8.63e-120,193,1,192,1,192,mobileOG_000301464,rinQ,WP_004145313.1,integration/excision,NA,Plasmid RefSeq,Homology,NODE_29_length_14984_cov_60.956866_2, 1256 # 1834 # 1 , 1256,1834,1 ,29_2,29,2,00,ATG,None,None,0.542,NODE_29_length_14984_cov_60.956866,mobileOG_000301464_NODE_29_length_14984_cov_60.956866
613,mobileOG_000300870|rinQ|WP_142816668.1|integration/excision|NA|Plasmid RefSeq|Homology,NODE_29_length_14984_cov_60.956866_2 # 1256 # 1834 # 1 # ID=29_2;partial=00;start_type=ATG;rbs_motif=None;rbs_spacer=None;gc_cont=0.542,92.6,340,192,1.18e-119,193,1,188,1,188,mobileOG_000300870,rinQ,WP_142816668.1,integration/excision,NA,Plasmid RefSeq,Homology,NODE_29_length_14984_cov_60.956866_2, 1256 # 1834 # 1 , 1256,1834,1 ,29_2,29,2,00,ATG,None,None,0.542,NODE_29_length_14984_cov_60.956866,mobileOG_000300870_NODE_29_length_14984_cov_60.956866
614,mobileOG_000290819|rinQ|A0A3W1E4X6|integration/excision|NA|Multiple|Homology,NODE_29_length_14984_cov_60.956866_2 # 1256 # 1834 # 1 # ID=29_2;partial=00;start_type=ATG;rbs_motif=None;rbs_spacer=None;gc_cont=0.542,91.1,339,192,2.39e-119,193,1,191,1,191,mobileOG_000290819,rinQ,A0A3W1E4X6,integration/excision,NA,Multiple,Homology,NODE_29_length_14984_cov_60.956866_2, 1256 # 1834 # 1 , 1256,1834,1 ,29_2,29,2,00,ATG,None,None,0.542,NODE_29_length_14984_cov_60.956866,mobileOG_000290819_NODE_29_length_14984_cov_60.956866
615,mobileOG_000288077|rinQ|A0A3W1E4X6|integration/excision|NA|Plasmid RefSeq|Homology,NODE_29_length_14984_cov_60.956866_2 # 1256 # 1834 # 1 # ID=29_2;partial=00;start_type=ATG;rbs_motif=None;rbs_spacer=None;gc_cont=0.542,91.5,337,190,9.06e-119,193,1,189,1,189,mobileOG_000288077,rinQ,A0A3W1E4X6,integration/excision,NA,Plasmid RefSeq,Homology,NODE_29_length_14984_cov_60.956866_2, 1256 # 1834 # 1 , 1256,1834,1 ,29_2,29,2,00,ATG,None,None,0.542,NODE_29_length_14984_cov_60.956866,mobileOG_000288077_NODE_29_length_14984_cov_60.956866
616,mobileOG_000025308|pin|A0A0A0FXA1|integration/excision|NA|Plasmid RefSeq|Manual,NODE_29_length_14984_cov_60.956866_2 # 1256 # 1834 # 1 # ID=29_2;partial=00;start_type=ATG;rbs_motif=None;rbs_spacer=None;gc_cont=0.542,90.6,337,191,9.38e-119,193,1,191,1,191,mobileOG_000025308,pin,A0A0A0FXA1,integration/excision,NA,Plasmid RefSeq,Manual,NODE_29_length_14984_cov_60.956866_2, 1256 # 1834 # 1 , 1256,1834,1 ,29_2,29,2,00,ATG,None,None,0.542,NODE_29_length_14984_cov_60.956866,mobileOG_000025308_NODE_29_length_14984_cov_60.956866
617,mobileOG_000308140|rinQ|WP_013141628.1|integration/excision|NA|Multiple|Homology,NODE_29_length_14984_cov_60.956866_2 # 1256 # 1834 # 1 # ID=29_2;partial=00;start_type=ATG;rbs_motif=None;rbs_spacer=None;gc_cont=0.542,90.6,337,191,1.89e-118,193,1,191,1,191,mobileOG_000308140,rinQ,WP_013141628.1,integration/excision,NA,Multiple,Homology,NODE_29_length_14984_cov_60.956866_2, 1256 # 1834 # 1 , 1256,1834,1 ,29_2,29,2,00,ATG,None,None,0.542,NODE_29_length_14984_cov_60.956866,mobileOG_000308140_NODE_29_length_14984_cov_60.956866
618,mobileOG_000371084|rinQ|WP_166735260.1|integration/excision|NA|Plasmid RefSeq|Homology,NODE_29_length_14984_cov_60.956866_2 # 1256 # 1834 # 1 # ID=29_2;partial=00;start_type=ATG;rbs_motif=None;rbs_spacer=None;gc_cont=0.542,92.0,335,193,5.82e-118,193,1,188,1,188,mobileOG_000371084,rinQ,WP_166735260.1,integration/excision,NA,Plasmid RefSeq,Homology,NODE_29_length_14984_cov_60.956866_2, 1256 # 1834 # 1 , 1256,1834,1 ,29_2,29,2,00,ATG,None,None,0.542,NODE_29_length_14984_cov_60.956866,mobileOG_000371084_NODE_29_length_14984_cov_60.956866
619,mobileOG_000289781|PSLT051|WP_089197804.1|replication/recombination/repair|NA|Plasmid RefSeq|Homology,NODE_29_length_14984_cov_60.956866_6 # 3119 # 4066 # -1 # ID=29_6;partial=00;start_type=ATG;rbs_motif=None;rbs_spacer=None;gc_cont=0.565,99.4,550,315,1.24e-198,316,1,315,1,315,mobileOG_000289781,PSLT051,WP_089197804.1,replication/recombination/repair,NA,Plasmid RefSeq,Homology,NODE_29_length_14984_cov_60.956866_6, 3119 # 4066 # -1 , 3119,4066,-1 ,29_6,29,6,00,ATG,None,None,0.565,NODE_29_length_14984_cov_60.956866,mobileOG_000289781_NODE_29_length_14984_cov_60.956866
620,mobileOG_000332923|PSLT051|WP_089197804.1|replication/recombination/repair|NA|Multiple|Homology,NODE_29_length_14984_cov_60.956866_6 # 3119 # 4066 # -1 # ID=29_6;partial=00;start_type=ATG;rbs_motif=None;rbs_spacer=None;gc_cont=0.565,96.2,541,315,2.79e-195,316,1,315,1,315,mobileOG_000332923,PSLT051,WP_089197804.1,replication/recombination/repair,NA,Multiple,Homology,NODE_29_length_14984_cov_60.956866_6, 3119 # 4066 # -1 , 3119,4066,-1 ,29_6,29,6,00,ATG,None,None,0.565,NODE_29_length_14984_cov_60.956866,mobileOG_000332923_NODE_29_length_14984_cov_60.956866
621,mobileOG_000335156|PSLT051|WP_004144469.1|replication/recombination/repair|NA|Plasmid RefSeq|Homology,NODE_29_length_14984_cov_60.956866_6 # 3119 # 4066 # -1 # ID=29_6;partial=00;start_type=ATG;rbs_motif=None;rbs_spacer=None;gc_cont=0.565,96.9,540,319,6.52e-195,316,1,319,1,315,mobileOG_000335156,PSLT051,WP_004144469.1,replication/recombination/repair,NA,Plasmid RefSeq,Homology,NODE_29_length_14984_cov_60.956866_6, 3119 # 4066 # -1 , 3119,4066,-1 ,29_6,29,6,00,ATG,None,None,0.565,NODE_29_length_14984_cov_60.956866,mobileOG_000335156_NODE_29_length_14984_cov_60.956866
622,mobileOG_000325404|PSLT051|WP_046387523.1|replication/recombination/repair|NA|Multiple|Homology,NODE_29_length_14984_cov_60.956866_6 # 3119 # 4066 # -1 # ID=29_6;partial=00;start_type=ATG;rbs_motif=None;rbs_spacer=None;gc_cont=0.565,96.6,539,319,2.65e-194,316,1,319,1,315,mobileOG_000325404,PSLT051,WP_046387523.1,replication/recombination/repair,NA,Multiple,Homology,NODE_29_length_14984_cov_60.956866_6, 3119 # 4066 # -1 , 3119,4066,-1 ,29_6,29,6,00,ATG,None,None,0.565,NODE_29_length_14984_cov_60.956866,mobileOG_000325404_NODE_29_length_14984_cov_60.956866
623,mobileOG_000350685|PSLT051|WP_042785955.1|replication/recombination/repair|NA|Multiple|Homology,NODE_29_length_14984_cov_60.956866_6 # 3119 # 4066 # -1 # ID=29_6;partial=00;start_type=ATG;rbs_motif=None;rbs_spacer=None;gc_cont=0.565,97.5,539,319,2.65e-194,316,1,319,1,315,mobileOG_000350685,PSLT051,WP_042785955.1,replication/recombination/repair,NA,Multiple,Homology,NODE_29_length_14984_cov_60.956866_6, 3119 # 4066 # -1 , 3119,4066,-1 ,29_6,29,6,00,ATG,None,None,0.565,NODE_29_length_14984_cov_60.956866,mobileOG_000350685_NODE_29_length_14984_cov_60.956866
624,mobileOG_000325390|PSLT051|WP_032444057.1|replication/recombination/repair|NA|Plasmid RefSeq|Homology,NODE_29_length_14984_cov_60.956866_6 # 3119 # 4066 # -1 # ID=29_6;partial=00;start_type=ATG;rbs_motif=None;rbs_spacer=None;gc_cont=0.565,96.6,538,319,7.59e-194,316,1,319,1,315,mobileOG_000325390,PSLT051,WP_032444057.1,replication/recombination/repair,NA,Plasmid RefSeq,Homology,NODE_29_length_14984_cov_60.956866_6, 3119 # 4066 # -1 , 3119,4066,-1 ,29_6,29,6,00,ATG,None,None,0.565,NODE_29_length_14984_cov_60.956866,mobileOG_000325390_NODE_29_length_14984_cov_60.956866
625,mobileOG_000301473|PSLT051|WP_089186959.1|replication/recombination/repair|NA|Plasmid RefSeq|Homology,NODE_29_length_14984_cov_60.956866_6 # 3119 # 4066 # -1 # ID=29_6;partial=00;start_type=ATG;rbs_motif=None;rbs_spacer=None;gc_cont=0.565,94.1,536,323,3.58e-193,316,1,323,1,315,mobileOG_000301473,PSLT051,WP_089186959.1,replication/recombination/repair,NA,Plasmid RefSeq,Homology,NODE_29_length_14984_cov_60.956866_6, 3119 # 4066 # -1 , 3119,4066,-1 ,29_6,29,6,00,ATG,None,None,0.565,NODE_29_length_14984_cov_60.956866,mobileOG_000301473_NODE_29_length_14984_cov_60.956866
626,mobileOG_000332921|PSLT051|WP_089186959.1|replication/recombination/repair|NA|Multiple|Homology,NODE_29_length_14984_cov_60.956866_6 # 3119 # 4066 # -1 # ID=29_6;partial=00;start_type=ATG;rbs_motif=None;rbs_spacer=None;gc_cont=0.565,93.8,534,323,2.07e-192,316,1,323,1,315,mobileOG_000332921,PSLT051,WP_089186959.1,replication/recombination/repair,NA,Multiple,Homology,NODE_29_length_14984_cov_60.956866_6, 3119 # 4066 # -1 , 3119,4066,-1 ,29_6,29,6,00,ATG,None,None,0.565,NODE_29_length_14984_cov_60.956866,mobileOG_000332921_NODE_29_length_14984_cov_60.956866
627,mobileOG_000293157|PSLT051|A0A3R7H4F0|replication/recombination/repair|NA|Plasmid RefSeq|Homology,NODE_29_length_14984_cov_60.956866_6 # 3119 # 4066 # -1 # ID=29_6;partial=00;start_type=ATG;rbs_motif=None;rbs_spacer=None;gc_cont=0.565,96.2,534,319,2.53e-192,316,1,319,1,315,mobileOG_000293157,PSLT051,A0A3R7H4F0,replication/recombination/repair,NA,Plasmid RefSeq,Homology,NODE_29_length_14984_cov_60.956866_6, 3119 # 4066 # -1 , 3119,4066,-1 ,29_6,29,6,00,ATG,None,None,0.565,NODE_29_length_14984_cov_60.956866,mobileOG_000293157_NODE_29_length_14984_cov_60.956866
628,mobileOG_000332922|PSLT051|WP_089186962.1|replication/recombination/repair|NA|Multiple|Homology,NODE_29_length_14984_cov_60.956866_6 # 3119 # 4066 # -1 # ID=29_6;partial=00;start_type=ATG;rbs_motif=None;rbs_spacer=None;gc_cont=0.565,96.2,533,319,3.60e-192,316,1,319,1,315,mobileOG_000332922,PSLT051,WP_089186962.1,replication/recombination/repair,NA,Multiple,Homology,NODE_29_length_14984_cov_60.956866_6, 3119 # 4066 # -1 , 3119,4066,-1 ,29_6,29,6,00,ATG,None,None,0.565,NODE_29_length_14984_cov_60.956866,mobileOG_000332922_NODE_29_length_14984_cov_60.956866
629,mobileOG_000350686|PSLT051|WP_042785963.1|replication/recombination/repair|NA|Plasmid RefSeq|Homology,NODE_29_length_14984_cov_60.956866_6 # 3119 # 4066 # -1 # ID=29_6;partial=00;start_type=ATG;rbs_motif=None;rbs_spacer=None;gc_cont=0.565,93.2,531,323,2.41e-191,316,1,323,1,315,mobileOG_000350686,PSLT051,WP_042785963.1,replication/recombination/repair,NA,Plasmid RefSeq,Homology,NODE_29_length_14984_cov_60.956866_6, 3119 # 4066 # -1 , 3119,4066,-1 ,29_6,29,6,00,ATG,None,None,0.565,NODE_29_length_14984_cov_60.956866,mobileOG_000350686_NODE_29_length_14984_cov_60.956866
630,mobileOG_000062248|PSLT051|WP_042785963.1|replication/recombination/repair|NA|COMPASS|Homology,NODE_29_length_14984_cov_60.956866_6 # 3119 # 4066 # -1 # ID=29_6;partial=00;start_type=ATG;rbs_motif=None;rbs_spacer=None;gc_cont=0.565,93.2,531,329,3.00e-191,316,7,329,1,315,mobileOG_000062248,PSLT051,WP_042785963.1,replication/recombination/repair,NA,COMPASS,Homology,NODE_29_length_14984_cov_60.956866_6, 3119 # 4066 # -1 , 3119,4066,-1 ,29_6,29,6,00,ATG,None,None,0.565,NODE_29_length_14984_cov_60.956866,mobileOG_000062248_NODE_29_length_14984_cov_60.956866
631,mobileOG_000283794|PSLT051|A0A1C3HNM3|replication/recombination/repair|NA|Plasmid RefSeq|Homology,NODE_29_length_14984_cov_60.956866_6 # 3119 # 4066 # -1 # ID=29_6;partial=00;start_type=ATG;rbs_motif=None;rbs_spacer=None;gc_cont=0.565,92.7,531,327,3.95e-191,316,1,327,1,315,mobileOG_000283794,PSLT051,A0A1C3HNM3,replication/recombination/repair,NA,Plasmid RefSeq,Homology,NODE_29_length_14984_cov_60.956866_6, 3119 # 4066 # -1 , 3119,4066,-1 ,29_6,29,6,00,ATG,None,None,0.565,NODE_29_length_14984_cov_60.956866,mobileOG_000283794_NODE_29_length_14984_cov_60.956866
632,mobileOG_000334116|PSLT051|WP_032444070.1|replication/recombination/repair|NA|Plasmid RefSeq|Homology,NODE_29_length_14984_cov_60.956866_6 # 3119 # 4066 # -1 # ID=29_6;partial=00;start_type=ATG;rbs_motif=None;rbs_spacer=None;gc_cont=0.565,94.1,523,323,3.80e-188,316,1,323,1,315,mobileOG_000334116,PSLT051,WP_032444070.1,replication/recombination/repair,NA,Plasmid RefSeq,Homology,NODE_29_length_14984_cov_60.956866_6, 3119 # 4066 # -1 , 3119,4066,-1 ,29_6,29,6,00,ATG,None,None,0.565,NODE_29_length_14984_cov_60.956866,mobileOG_000334116_NODE_29_length_14984_cov_60.956866
633,mobileOG_000334855|PSLT051|WP_126502324.1|replication/recombination/repair|NA|Plasmid RefSeq|Homology,NODE_29_length_14984_cov_60.956866_6 # 3119 # 4066 # -1 # ID=29_6;partial=00;start_type=ATG;rbs_motif=None;rbs_spacer=None;gc_cont=0.565,94.3,522,315,1.15e-187,316,1,315,1,315,mobileOG_000334855,PSLT051,WP_126502324.1,replication/recombination/repair,NA,Plasmid RefSeq,Homology,NODE_29_length_14984_cov_60.956866_6, 3119 # 4066 # -1 , 3119,4066,-1 ,29_6,29,6,00,ATG,None,None,0.565,NODE_29_length_14984_cov_60.956866,mobileOG_000334855_NODE_29_length_14984_cov_60.956866
634,mobileOG_000309633|rinQ|WP_032444069.1|integration/excision|NA|Plasmid RefSeq|Homology,NODE_29_length_14984_cov_60.956866_7 # 4063 # 4710 # -1 # ID=29_7;partial=00;start_type=ATG;rbs_motif=GGA/GAG/AGG;rbs_spacer=5-10bp;gc_cont=0.563,99.1,412,215,2.12e-147,216,1,215,1,215,mobileOG_000309633,rinQ,WP_032444069.1,integration/excision,NA,Plasmid RefSeq,Homology,NODE_29_length_14984_cov_60.956866_7, 4063 # 4710 # -1 , 4063,4710,-1 ,29_7,29,7,00,ATG,GGA/GAG/AGG,5-10bp,0.563,NODE_29_length_14984_cov_60.956866,mobileOG_000309633_NODE_29_length_14984_cov_60.956866
635,mobileOG_000340845|rinQ|A0A377YXE8|integration/excision|NA|Plasmid RefSeq|Homology,NODE_29_length_14984_cov_60.956866_7 # 4063 # 4710 # -1 # ID=29_7;partial=00;start_type=ATG;rbs_motif=GGA/GAG/AGG;rbs_spacer=5-10bp;gc_cont=0.563,99.1,410,215,6.07e-147,216,1,215,1,215,mobileOG_000340845,rinQ,A0A377YXE8,integration/excision,NA,Plasmid RefSeq,Homology,NODE_29_length_14984_cov_60.956866_7, 4063 # 4710 # -1 , 4063,4710,-1 ,29_7,29,7,00,ATG,GGA/GAG/AGG,5-10bp,0.563,NODE_29_length_14984_cov_60.956866,mobileOG_000340845_NODE_29_length_14984_cov_60.956866
636,mobileOG_000307931|rinQ|WP_004144467.1|integration/excision|NA|Multiple|Homology,NODE_29_length_14984_cov_60.956866_7 # 4063 # 4710 # -1 # ID=29_7;partial=00;start_type=ATG;rbs_motif=GGA/GAG/AGG;rbs_spacer=5-10bp;gc_cont=0.563,99.1,409,215,1.74e-146,216,1,215,1,215,mobileOG_000307931,rinQ,WP_004144467.1,integration/excision,NA,Multiple,Homology,NODE_29_length_14984_cov_60.956866_7, 4063 # 4710 # -1 , 4063,4710,-1 ,29_7,29,7,00,ATG,GGA/GAG/AGG,5-10bp,0.563,NODE_29_length_14984_cov_60.956866,mobileOG_000307931_NODE_29_length_14984_cov_60.956866
637,mobileOG_000309202|rinQ|WP_032447226.1|integration/excision|NA|Plasmid RefSeq|Homology,NODE_29_length_14984_cov_60.956866_7 # 4063 # 4710 # -1 # ID=29_7;partial=00;start_type=ATG;rbs_motif=GGA/GAG/AGG;rbs_spacer=5-10bp;gc_cont=0.563,98.6,409,215,2.47e-146,216,1,215,1,215,mobileOG_000309202,rinQ,WP_032447226.1,integration/excision,NA,Plasmid RefSeq,Homology,NODE_29_length_14984_cov_60.956866_7, 4063 # 4710 # -1 , 4063,4710,-1 ,29_7,29,7,00,ATG,GGA/GAG/AGG,5-10bp,0.563,NODE_29_length_14984_cov_60.956866,mobileOG_000309202_NODE_29_length_14984_cov_60.956866
638,mobileOG_000308420|rinQ|WP_089186958.1|integration/excision|NA|Multiple|Homology,NODE_29_length_14984_cov_60.956866_7 # 4063 # 4710 # -1 # ID=29_7;partial=00;start_type=ATG;rbs_motif=GGA/GAG/AGG;rbs_spacer=5-10bp;gc_cont=0.563,98.1,408,215,4.99e-146,216,1,215,1,215,mobileOG_000308420,rinQ,WP_089186958.1,integration/excision,NA,Multiple,Homology,NODE_29_length_14984_cov_60.956866_7, 4063 # 4710 # -1 , 4063,4710,-1 ,29_7,29,7,00,ATG,GGA/GAG/AGG,5-10bp,0.563,NODE_29_length_14984_cov_60.956866,mobileOG_000308420_NODE_29_length_14984_cov_60.956866
639,mobileOG_000308063|rinQ|WP_042785954.1|integration/excision|NA|Multiple|Homology,NODE_29_length_14984_cov_60.956866_7 # 4063 # 4710 # -1 # ID=29_7;partial=00;start_type=ATG;rbs_motif=GGA/GAG/AGG;rbs_spacer=5-10bp;gc_cont=0.563,97.7,407,215,2.03e-145,216,1,215,1,215,mobileOG_000308063,rinQ,WP_042785954.1,integration/excision,NA,Multiple,Homology,NODE_29_length_14984_cov_60.956866_7, 4063 # 4710 # -1 , 4063,4710,-1 ,29_7,29,7,00,ATG,GGA/GAG/AGG,5-10bp,0.563,NODE_29_length_14984_cov_60.956866,mobileOG_000308063_NODE_29_length_14984_cov_60.956866
640,mobileOG_000289780|rinQ|WP_042785954.1|integration/excision|NA|Plasmid RefSeq|Homology,NODE_29_length_14984_cov_60.956866_7 # 4063 # 4710 # -1 # ID=29_7;partial=00;start_type=ATG;rbs_motif=GGA/GAG/AGG;rbs_spacer=5-10bp;gc_cont=0.563,97.7,405,215,5.82e-145,216,1,215,1,215,mobileOG_000289780,rinQ,WP_042785954.1,integration/excision,NA,Plasmid RefSeq,Homology,NODE_29_length_14984_cov_60.956866_7, 4063 # 4710 # -1 , 4063,4710,-1 ,29_7,29,7,00,ATG,GGA/GAG/AGG,5-10bp,0.563,NODE_29_length_14984_cov_60.956866,mobileOG_000289780_NODE_29_length_14984_cov_60.956866
641,mobileOG_000317564|rinQ|WP_126502325.1|integration/excision|NA|Plasmid RefSeq|Homology,NODE_29_length_14984_cov_60.956866_7 # 4063 # 4710 # -1 # ID=29_7;partial=00;start_type=ATG;rbs_motif=GGA/GAG/AGG;rbs_spacer=5-10bp;gc_cont=0.563,96.7,405,215,1.18e-144,216,1,215,1,215,mobileOG_000317564,rinQ,WP_126502325.1,integration/excision,NA,Plasmid RefSeq,Homology,NODE_29_length_14984_cov_60.956866_7, 4063 # 4710 # -1 , 4063,4710,-1 ,29_7,29,7,00,ATG,GGA/GAG/AGG,5-10bp,0.563,NODE_29_length_14984_cov_60.956866,mobileOG_000317564_NODE_29_length_14984_cov_60.956866
642,mobileOG_000284092|rinQ|A0A1C3HN50|integration/excision|NA|Plasmid RefSeq|Homology,NODE_29_length_14984_cov_60.956866_7 # 4063 # 4710 # -1 # ID=29_7;partial=00;start_type=ATG;rbs_motif=GGA/GAG/AGG;rbs_spacer=5-10bp;gc_cont=0.563,96.7,403,215,4.78e-144,216,1,215,1,215,mobileOG_000284092,rinQ,A0A1C3HN50,integration/excision,NA,Plasmid RefSeq,Homology,NODE_29_length_14984_cov_60.956866_7, 4063 # 4710 # -1 , 4063,4710,-1 ,29_7,29,7,00,ATG,GGA/GAG/AGG,5-10bp,0.563,NODE_29_length_14984_cov_60.956866,mobileOG_000284092_NODE_29_length_14984_cov_60.956866
643,mobileOG_000301472|rinQ|A0A2X3IIE2|integration/excision|NA|Plasmid RefSeq|Homology,NODE_29_length_14984_cov_60.956866_7 # 4063 # 4710 # -1 # ID=29_7;partial=00;start_type=ATG;rbs_motif=GGA/GAG/AGG;rbs_spacer=5-10bp;gc_cont=0.563,97.7,400,215,7.93e-143,216,1,214,1,214,mobileOG_000301472,rinQ,A0A2X3IIE2,integration/excision,NA,Plasmid RefSeq,Homology,NODE_29_length_14984_cov_60.956866_7, 4063 # 4710 # -1 , 4063,4710,-1 ,29_7,29,7,00,ATG,GGA/GAG/AGG,5-10bp,0.563,NODE_29_length_14984_cov_60.956866,mobileOG_000301472_NODE_29_length_14984_cov_60.956866
644,mobileOG_000075961|rinQ|WP_004144467.1|integration/excision|NA|COMPASS|Homology,NODE_29_length_14984_cov_60.956866_7 # 4063 # 4710 # -1 # ID=29_7;partial=00;start_type=ATG;rbs_motif=GGA/GAG/AGG;rbs_spacer=5-10bp;gc_cont=0.563,98.0,383,204,2.73e-136,216,1,202,1,202,mobileOG_000075961,rinQ,WP_004144467.1,integration/excision,NA,COMPASS,Homology,NODE_29_length_14984_cov_60.956866_7, 4063 # 4710 # -1 , 4063,4710,-1 ,29_7,29,7,00,ATG,GGA/GAG/AGG,5-10bp,0.563,NODE_29_length_14984_cov_60.956866,mobileOG_000075961_NODE_29_length_14984_cov_60.956866
645,mobileOG_000364699|intM|WP_060560537.1|integration/excision|replication/recombination/repair|Multiple|Homology,NODE_30_length_12050_cov_54.598764_9 # 8556 # 9302 # 1 # ID=30_9;partial=00;start_type=GTG;rbs_motif=GGAG/GAGG;rbs_spacer=5-10bp;gc_cont=0.542,95.2,469,248,7.29e-169,249,1,248,1,248,mobileOG_000364699,intM,WP_060560537.1,integration/excision,replication/recombination/repair,Multiple,Homology,NODE_30_length_12050_cov_54.598764_9, 8556 # 9302 # 1 , 8556,9302,1 ,30_9,30,9,00,GTG,GGAG/GAGG,5-10bp,0.542,NODE_30_length_12050_cov_54.598764,mobileOG_000364699_NODE_30_length_12050_cov_54.598764
646,mobileOG_000356203|intM|WP_010895831.1|integration/excision|replication/recombination/repair|Plasmid RefSeq|Homology,NODE_30_length_12050_cov_54.598764_9 # 8556 # 9302 # 1 # ID=30_9;partial=00;start_type=GTG;rbs_motif=GGAG/GAGG;rbs_spacer=5-10bp;gc_cont=0.542,90.7,429,236,2.36e-153,249,1,236,13,248,mobileOG_000356203,intM,WP_010895831.1,integration/excision,replication/recombination/repair,Plasmid RefSeq,Homology,NODE_30_length_12050_cov_54.598764_9, 8556 # 9302 # 1 , 8556,9302,1 ,30_9,30,9,00,GTG,GGAG/GAGG,5-10bp,0.542,NODE_30_length_12050_cov_54.598764,mobileOG_000356203_NODE_30_length_12050_cov_54.598764
647,mobileOG_000403110|NA:Keyword|WP_010895832.1|stability/transfer/defense|NA|Multiple|Keyword Search,NODE_30_length_12050_cov_54.598764_11 # 10072 # 10299 # 1 # ID=30_11;partial=00;start_type=ATG;rbs_motif=AGGA;rbs_spacer=5-10bp;gc_cont=0.474,94.7,143,75,1.26e-45,76,1,75,1,75,mobileOG_000403110,NA:Keyword,WP_010895832.1,stability/transfer/defense,NA,Multiple,Keyword Search,NODE_30_length_12050_cov_54.598764_11, 10072 # 10299 # 1 , 10072,10299,1 ,30_11,30,11,00,ATG,AGGA,5-10bp,0.474,NODE_30_length_12050_cov_54.598764,mobileOG_000403110_NODE_30_length_12050_cov_54.598764
648,"mobileOG_000319501|rep_2|WP_060560535.1|replication/recombination/repair|initiation,copy number control,plasmid|Multiple|Homology",NODE_30_length_12050_cov_54.598764_13 # 10724 # 11707 # -1 # ID=30_13;partial=00;start_type=ATG;rbs_motif=GGA/GAG/AGG;rbs_spacer=5-10bp;gc_cont=0.467,96.3,631,329,2.37e-230,328,1,324,1,324,mobileOG_000319501,rep_2,WP_060560535.1,replication/recombination/repair,"initiation,copy number control,plasmid",Multiple,Homology,NODE_30_length_12050_cov_54.598764_13, 10724 # 11707 # -1 , 10724,11707,-1 ,30_13,30,13,00,ATG,GGA/GAG/AGG,5-10bp,0.467,NODE_30_length_12050_cov_54.598764,mobileOG_000319501_NODE_30_length_12050_cov_54.598764
649,"mobileOG_000052718|rep_2|WP_010895834.1|replication/recombination/repair|initiation,copy number control,plasmid|Multiple|Homology",NODE_30_length_12050_cov_54.598764_13 # 10724 # 11707 # -1 # ID=30_13;partial=00;start_type=ATG;rbs_motif=GGA/GAG/AGG;rbs_spacer=5-10bp;gc_cont=0.467,95.7,629,329,1.37e-229,328,1,324,1,324,mobileOG_000052718,rep_2,WP_010895834.1,replication/recombination/repair,"initiation,copy number control,plasmid",Multiple,Homology,NODE_30_length_12050_cov_54.598764_13, 10724 # 11707 # -1 , 10724,11707,-1 ,30_13,30,13,00,ATG,GGA/GAG/AGG,5-10bp,0.467,NODE_30_length_12050_cov_54.598764,mobileOG_000052718_NODE_30_length_12050_cov_54.598764
650,mobileOG_000413636|NA:Keyword|WP_003501095.1|integration/excision|NA|Multiple|Keyword Search,NODE_35_length_3715_cov_106.944200_2 # 1155 # 2807 # -1 # ID=35_2;partial=00;start_type=ATG;rbs_motif=GGAG/GAGG;rbs_spacer=5-10bp;gc_cont=0.614,91.3,991,550,0.0,551,1,550,1,550,mobileOG_000413636,NA:Keyword,WP_003501095.1,integration/excision,NA,Multiple,Keyword Search,NODE_35_length_3715_cov_106.944200_2, 1155 # 2807 # -1 , 1155,2807,-1 ,35_2,35,2,00,ATG,GGAG/GAGG,5-10bp,0.614,NODE_35_length_3715_cov_106.944200,mobileOG_000413636_NODE_35_length_3715_cov_106.944200
651,mobileOG_000407446|NA:Keyword|WP_014330218.1|integration/excision|NA|Multiple|Keyword Search,NODE_35_length_3715_cov_106.944200_2 # 1155 # 2807 # -1 # ID=35_2;partial=00;start_type=ATG;rbs_motif=GGAG/GAGG;rbs_spacer=5-10bp;gc_cont=0.614,90.2,981,550,0.0,551,1,550,1,550,mobileOG_000407446,NA:Keyword,WP_014330218.1,integration/excision,NA,Multiple,Keyword Search,NODE_35_length_3715_cov_106.944200_2, 1155 # 2807 # -1 , 1155,2807,-1 ,35_2,35,2,00,ATG,GGAG/GAGG,5-10bp,0.614,NODE_35_length_3715_cov_106.944200,mobileOG_000407446_NODE_35_length_3715_cov_106.944200
652,mobileOG_000068173|NA|WP_024710158.1|integration/excision|NA|Multiple|Homology,NODE_35_length_3715_cov_106.944200_3 # 2800 # 3396 # -1 # ID=35_3;partial=00;start_type=ATG;rbs_motif=GGAG/GAGG;rbs_spacer=5-10bp;gc_cont=0.606,92.4,355,198,1.49e-125,199,1,198,1,198,mobileOG_000068173,NA,WP_024710158.1,integration/excision,NA,Multiple,Homology,NODE_35_length_3715_cov_106.944200_3, 2800 # 3396 # -1 , 2800,3396,-1 ,35_3,35,3,00,ATG,GGAG/GAGG,5-10bp,0.606,NODE_35_length_3715_cov_106.944200,mobileOG_000068173_NODE_35_length_3715_cov_106.944200
653,mobileOG_000059722|NA|WP_014330217.1|integration/excision|NA|Multiple|Homology,NODE_35_length_3715_cov_106.944200_3 # 2800 # 3396 # -1 # ID=35_3;partial=00;start_type=ATG;rbs_motif=GGAG/GAGG;rbs_spacer=5-10bp;gc_cont=0.606,91.4,350,198,1.43e-123,199,1,198,1,198,mobileOG_000059722,NA,WP_014330217.1,integration/excision,NA,Multiple,Homology,NODE_35_length_3715_cov_106.944200_3, 2800 # 3396 # -1 , 2800,3396,-1 ,35_3,35,3,00,ATG,GGAG/GAGG,5-10bp,0.606,NODE_35_length_3715_cov_106.944200,mobileOG_000059722_NODE_35_length_3715_cov_106.944200
654,mobileOG_000059172|insN1|A0A0H3I1W2|integration/excision|NA|COMPASS|Homology,NODE_38_length_2801_cov_51.471733_3 # 2336 # 2647 # 1 # ID=38_3;partial=00;start_type=ATG;rbs_motif=GGA/GAG/AGG;rbs_spacer=5-10bp;gc_cont=0.458,91.2,176,103,7.05e-58,104,1,102,1,102,mobileOG_000059172,insN1,A0A0H3I1W2,integration/excision,NA,COMPASS,Homology,NODE_38_length_2801_cov_51.471733_3, 2336 # 2647 # 1 , 2336,2647,1 ,38_3,38,3,00,ATG,GGA/GAG/AGG,5-10bp,0.458,NODE_38_length_2801_cov_51.471733,mobileOG_000059172_NODE_38_length_2801_cov_51.471733
655,mobileOG_000265825|insN1|E3DDD2|integration/excision|NA|GPD|Homology,NODE_38_length_2801_cov_51.471733_3 # 2336 # 2647 # 1 # ID=38_3;partial=00;start_type=ATG;rbs_motif=GGA/GAG/AGG;rbs_spacer=5-10bp;gc_cont=0.458,91.2,176,103,1.42e-57,104,1,102,1,102,mobileOG_000265825,insN1,E3DDD2,integration/excision,NA,GPD,Homology,NODE_38_length_2801_cov_51.471733_3, 2336 # 2647 # 1 , 2336,2647,1 ,38_3,38,3,00,ATG,GGA/GAG/AGG,5-10bp,0.458,NODE_38_length_2801_cov_51.471733,mobileOG_000265825_NODE_38_length_2801_cov_51.471733
656,mobileOG_000276672|tnpA|WP_085955721.1|integration/excision|NA|Multiple|Homology,NODE_49_length_1336_cov_181.019857_1 # 54 # 407 # 1 # ID=49_1;partial=00;start_type=ATG;rbs_motif=AGGAG;rbs_spacer=5-10bp;gc_cont=0.520,97.4,229,117,1.75e-78,118,1,117,1,117,mobileOG_000276672,tnpA,WP_085955721.1,integration/excision,NA,Multiple,Homology,NODE_49_length_1336_cov_181.019857_1, 54 # 407 # 1 , 54,407,1 ,49_1,49,1,00,ATG,AGGAG,5-10bp,0.520,NODE_49_length_1336_cov_181.019857,mobileOG_000276672_NODE_49_length_1336_cov_181.019857
657,mobileOG_000276674|NA|WP_085955721.1|integration/excision|NA|ISFinder|Homology,NODE_49_length_1336_cov_181.019857_1 # 54 # 407 # 1 # ID=49_1;partial=00;start_type=ATG;rbs_motif=AGGAG;rbs_spacer=5-10bp;gc_cont=0.520,97.4,229,413,1.72e-74,118,1,117,1,117,mobileOG_000276674,NA,WP_085955721.1,integration/excision,NA,ISFinder,Homology,NODE_49_length_1336_cov_181.019857_1, 54 # 407 # 1 , 54,407,1 ,49_1,49,1,00,ATG,AGGAG,5-10bp,0.520,NODE_49_length_1336_cov_181.019857,mobileOG_000276674_NODE_49_length_1336_cov_181.019857
658,mobileOG_000061680|NA|WP_085955721.1|integration/excision|NA|COMPASS|Homology,NODE_49_length_1336_cov_181.019857_2 # 407 # 1294 # 1 # ID=49_2;partial=00;start_type=ATG;rbs_motif=GGA/GAG/AGG;rbs_spacer=5-10bp;gc_cont=0.537,96.6,576,295,1.15e-209,296,1,295,1,295,mobileOG_000061680,NA,WP_085955721.1,integration/excision,NA,COMPASS,Homology,NODE_49_length_1336_cov_181.019857_2, 407 # 1294 # 1 , 407,1294,1 ,49_2,49,2,00,ATG,GGA/GAG/AGG,5-10bp,0.537,NODE_49_length_1336_cov_181.019857,mobileOG_000061680_NODE_49_length_1336_cov_181.019857
659,mobileOG_000276673|NA|WP_085955721.1|integration/excision|NA|ISFinder|Homology,NODE_49_length_1336_cov_181.019857_2 # 407 # 1294 # 1 # ID=49_2;partial=00;start_type=ATG;rbs_motif=GGA/GAG/AGG;rbs_spacer=5-10bp;gc_cont=0.537,96.6,576,316,2.50e-209,296,22,316,1,295,mobileOG_000276673,NA,WP_085955721.1,integration/excision,NA,ISFinder,Homology,NODE_49_length_1336_cov_181.019857_2, 407 # 1294 # 1 , 407,1294,1 ,49_2,49,2,00,ATG,GGA/GAG/AGG,5-10bp,0.537,NODE_49_length_1336_cov_181.019857,mobileOG_000276673_NODE_49_length_1336_cov_181.019857
660,mobileOG_000276674|NA|WP_085955721.1|integration/excision|NA|ISFinder|Homology,NODE_49_length_1336_cov_181.019857_2 # 407 # 1294 # 1 # ID=49_2;partial=00;start_type=ATG;rbs_motif=GGA/GAG/AGG;rbs_spacer=5-10bp;gc_cont=0.537,96.6,576,413,8.73e-208,296,119,413,1,295,mobileOG_000276674,NA,WP_085955721.1,integration/excision,NA,ISFinder,Homology,NODE_49_length_1336_cov_181.019857_2, 407 # 1294 # 1 , 407,1294,1 ,49_2,49,2,00,ATG,GGA/GAG/AGG,5-10bp,0.537,NODE_49_length_1336_cov_181.019857,mobileOG_000276674_NODE_49_length_1336_cov_181.019857
661,mobileOG_000280838|NA|WP_085955721.1|integration/excision|NA|Plasmid RefSeq|Homology,NODE_49_length_1336_cov_181.019857_2 # 407 # 1294 # 1 # ID=49_2;partial=00;start_type=ATG;rbs_motif=GGA/GAG/AGG;rbs_spacer=5-10bp;gc_cont=0.537,96.6,576,413,8.73e-208,296,119,413,1,295,mobileOG_000280838,NA,WP_085955721.1,integration/excision,NA,Plasmid RefSeq,Homology,NODE_49_length_1336_cov_181.019857_2, 407 # 1294 # 1 , 407,1294,1 ,49_2,49,2,00,ATG,GGA/GAG/AGG,5-10bp,0.537,NODE_49_length_1336_cov_181.019857,mobileOG_000280838_NODE_49_length_1336_cov_181.019857
662,mobileOG_000031842|NA|WP_000544809.1|integration/excision|NA|Multiple|Homology,NODE_51_length_931_cov_164.641686_1 # 3 # 413 # -1 # ID=51_1;partial=10;start_type=ATG;rbs_motif=AGGAG;rbs_spacer=5-10bp;gc_cont=0.613,93.4,254,264,8.95e-86,137,1,137,1,137,mobileOG_000031842,NA,WP_000544809.1,integration/excision,NA,Multiple,Homology,NODE_51_length_931_cov_164.641686_1, 3 # 413 # -1 , 3,413,-1 ,51_1,51,1,10,ATG,AGGAG,5-10bp,0.613,NODE_51_length_931_cov_164.641686,mobileOG_000031842_NODE_51_length_931_cov_164.641686
663,mobileOG_000355826|NA|WP_000544806.1|integration/excision|NA|Plasmid RefSeq|Homology,NODE_51_length_931_cov_164.641686_1 # 3 # 413 # -1 # ID=51_1;partial=10;start_type=ATG;rbs_motif=AGGAG;rbs_spacer=5-10bp;gc_cont=0.613,93.4,254,264,8.95e-86,137,1,137,1,137,mobileOG_000355826,NA,WP_000544806.1,integration/excision,NA,Plasmid RefSeq,Homology,NODE_51_length_931_cov_164.641686_1, 3 # 413 # -1 , 3,413,-1 ,51_1,51,1,10,ATG,AGGAG,5-10bp,0.613,NODE_51_length_931_cov_164.641686,mobileOG_000355826_NODE_51_length_931_cov_164.641686
664,mobileOG_000356749|NA|WP_000544800.1|integration/excision|NA|Plasmid RefSeq|Homology,NODE_51_length_931_cov_164.641686_1 # 3 # 413 # -1 # ID=51_1;partial=10;start_type=ATG;rbs_motif=AGGAG;rbs_spacer=5-10bp;gc_cont=0.613,93.4,254,264,8.95e-86,137,1,137,1,137,mobileOG_000356749,NA,WP_000544800.1,integration/excision,NA,Plasmid RefSeq,Homology,NODE_51_length_931_cov_164.641686_1, 3 # 413 # -1 , 3,413,-1 ,51_1,51,1,10,ATG,AGGAG,5-10bp,0.613,NODE_51_length_931_cov_164.641686,mobileOG_000356749_NODE_51_length_931_cov_164.641686
665,mobileOG_000364655|NA|WP_057394659.1|integration/excision|NA|Multiple|Homology,NODE_51_length_931_cov_164.641686_1 # 3 # 413 # -1 # ID=51_1;partial=10;start_type=ATG;rbs_motif=AGGAG;rbs_spacer=5-10bp;gc_cont=0.613,93.4,254,264,1.27e-85,137,1,137,1,137,mobileOG_000364655,NA,WP_057394659.1,integration/excision,NA,Multiple,Homology,NODE_51_length_931_cov_164.641686_1, 3 # 413 # -1 , 3,413,-1 ,51_1,51,1,10,ATG,AGGAG,5-10bp,0.613,NODE_51_length_931_cov_164.641686,mobileOG_000364655_NODE_51_length_931_cov_164.641686
666,mobileOG_000065831|NA|WP_001554960.1|integration/excision|NA|COMPASS|Homology,NODE_51_length_931_cov_164.641686_1 # 3 # 413 # -1 # ID=51_1;partial=10;start_type=ATG;rbs_motif=AGGAG;rbs_spacer=5-10bp;gc_cont=0.613,91.2,249,210,1.01e-84,137,1,137,1,137,mobileOG_000065831,NA,WP_001554960.1,integration/excision,NA,COMPASS,Homology,NODE_51_length_931_cov_164.641686_1, 3 # 413 # -1 , 3,413,-1 ,51_1,51,1,10,ATG,AGGAG,5-10bp,0.613,NODE_51_length_931_cov_164.641686,mobileOG_000065831_NODE_51_length_931_cov_164.641686
667,mobileOG_000001177|istB|P15026|integration/excision|NA|Multiple|Manual,NODE_51_length_931_cov_164.641686_1 # 3 # 413 # -1 # ID=51_1;partial=10;start_type=ATG;rbs_motif=AGGAG;rbs_spacer=5-10bp;gc_cont=0.613,92.0,251,265,1.52e-84,137,1,137,1,137,mobileOG_000001177,istB,P15026,integration/excision,NA,Multiple,Manual,NODE_51_length_931_cov_164.641686_1, 3 # 413 # -1 , 3,413,-1 ,51_1,51,1,10,ATG,AGGAG,5-10bp,0.613,NODE_51_length_931_cov_164.641686,mobileOG_000001177_NODE_51_length_931_cov_164.641686
668,mobileOG_000035568|NA|WP_000544828.1|integration/excision|NA|Multiple|Homology,NODE_51_length_931_cov_164.641686_1 # 3 # 413 # -1 # ID=51_1;partial=10;start_type=ATG;rbs_motif=AGGAG;rbs_spacer=5-10bp;gc_cont=0.613,92.0,251,265,1.52e-84,137,1,137,1,137,mobileOG_000035568,NA,WP_000544828.1,integration/excision,NA,Multiple,Homology,NODE_51_length_931_cov_164.641686_1, 3 # 413 # -1 , 3,413,-1 ,51_1,51,1,10,ATG,AGGAG,5-10bp,0.613,NODE_51_length_931_cov_164.641686,mobileOG_000035568_NODE_51_length_931_cov_164.641686
669,mobileOG_000035590|NA|WP_000544833.1|integration/excision|NA|Multiple|Homology,NODE_51_length_931_cov_164.641686_1 # 3 # 413 # -1 # ID=51_1;partial=10;start_type=ATG;rbs_motif=AGGAG;rbs_spacer=5-10bp;gc_cont=0.613,92.0,251,265,1.52e-84,137,1,137,1,137,mobileOG_000035590,NA,WP_000544833.1,integration/excision,NA,Multiple,Homology,NODE_51_length_931_cov_164.641686_1, 3 # 413 # -1 , 3,413,-1 ,51_1,51,1,10,ATG,AGGAG,5-10bp,0.613,NODE_51_length_931_cov_164.641686,mobileOG_000035590_NODE_51_length_931_cov_164.641686
670,mobileOG_000040447|NA|WP_000544814.1|integration/excision|NA|Multiple|Homology,NODE_51_length_931_cov_164.641686_1 # 3 # 413 # -1 # ID=51_1;partial=10;start_type=ATG;rbs_motif=AGGAG;rbs_spacer=5-10bp;gc_cont=0.613,92.0,251,265,1.52e-84,137,1,137,1,137,mobileOG_000040447,NA,WP_000544814.1,integration/excision,NA,Multiple,Homology,NODE_51_length_931_cov_164.641686_1, 3 # 413 # -1 , 3,413,-1 ,51_1,51,1,10,ATG,AGGAG,5-10bp,0.613,NODE_51_length_931_cov_164.641686,mobileOG_000040447_NODE_51_length_931_cov_164.641686
671,mobileOG_000293399|NA|WP_012775854.1|integration/excision|NA|Multiple|Homology,NODE_51_length_931_cov_164.641686_1 # 3 # 413 # -1 # ID=51_1;partial=10;start_type=ATG;rbs_motif=AGGAG;rbs_spacer=5-10bp;gc_cont=0.613,92.0,251,265,1.52e-84,137,1,137,1,137,mobileOG_000293399,NA,WP_012775854.1,integration/excision,NA,Multiple,Homology,NODE_51_length_931_cov_164.641686_1, 3 # 413 # -1 , 3,413,-1 ,51_1,51,1,10,ATG,AGGAG,5-10bp,0.613,NODE_51_length_931_cov_164.641686,mobileOG_000293399_NODE_51_length_931_cov_164.641686
672,mobileOG_000293405|NA|WP_123001400.1|integration/excision|NA|Multiple|Homology,NODE_51_length_931_cov_164.641686_1 # 3 # 413 # -1 # ID=51_1;partial=10;start_type=ATG;rbs_motif=AGGAG;rbs_spacer=5-10bp;gc_cont=0.613,92.0,251,265,1.52e-84,137,1,137,1,137,mobileOG_000293405,NA,WP_123001400.1,integration/excision,NA,Multiple,Homology,NODE_51_length_931_cov_164.641686_1, 3 # 413 # -1 , 3,413,-1 ,51_1,51,1,10,ATG,AGGAG,5-10bp,0.613,NODE_51_length_931_cov_164.641686,mobileOG_000293405_NODE_51_length_931_cov_164.641686
673,mobileOG_000275580|NA|WP_000544830.1|integration/excision|NA|ISFinder|Homology,NODE_51_length_931_cov_164.641686_1 # 3 # 413 # -1 # ID=51_1;partial=10;start_type=ATG;rbs_motif=AGGAG;rbs_spacer=5-10bp;gc_cont=0.613,92.0,251,265,1.52e-84,137,1,137,1,137,mobileOG_000275580,NA,WP_000544830.1,integration/excision,NA,ISFinder,Homology,NODE_51_length_931_cov_164.641686_1, 3 # 413 # -1 , 3,413,-1 ,51_1,51,1,10,ATG,AGGAG,5-10bp,0.613,NODE_51_length_931_cov_164.641686,mobileOG_000275580_NODE_51_length_931_cov_164.641686
674,mobileOG_000293393|NA|A0A161KC18|integration/excision|NA|Plasmid RefSeq|Homology,NODE_51_length_931_cov_164.641686_1 # 3 # 413 # -1 # ID=51_1;partial=10;start_type=ATG;rbs_motif=AGGAG;rbs_spacer=5-10bp;gc_cont=0.613,92.0,251,265,1.52e-84,137,1,137,1,137,mobileOG_000293393,NA,A0A161KC18,integration/excision,NA,Plasmid RefSeq,Homology,NODE_51_length_931_cov_164.641686_1, 3 # 413 # -1 , 3,413,-1 ,51_1,51,1,10,ATG,AGGAG,5-10bp,0.613,NODE_51_length_931_cov_164.641686,mobileOG_000293393_NODE_51_length_931_cov_164.641686
675,mobileOG_000024852|istB|WP_143211687.1|integration/excision|NA|Plasmid RefSeq|Manual,NODE_51_length_931_cov_164.641686_1 # 3 # 413 # -1 # ID=51_1;partial=10;start_type=ATG;rbs_motif=AGGAG;rbs_spacer=5-10bp;gc_cont=0.613,92.0,251,266,1.57e-84,137,1,137,1,137,mobileOG_000024852,istB,WP_143211687.1,integration/excision,NA,Plasmid RefSeq,Manual,NODE_51_length_931_cov_164.641686_1, 3 # 413 # -1 , 3,413,-1 ,51_1,51,1,10,ATG,AGGAG,5-10bp,0.613,NODE_51_length_931_cov_164.641686,mobileOG_000024852_NODE_51_length_931_cov_164.641686
676,mobileOG_000293391|NA|A0A5H6KNK9|integration/excision|NA|Plasmid RefSeq|Homology,NODE_51_length_931_cov_164.641686_1 # 3 # 413 # -1 # ID=51_1;partial=10;start_type=ATG;rbs_motif=AGGAG;rbs_spacer=5-10bp;gc_cont=0.613,92.0,251,265,2.16e-84,137,1,137,1,137,mobileOG_000293391,NA,A0A5H6KNK9,integration/excision,NA,Plasmid RefSeq,Homology,NODE_51_length_931_cov_164.641686_1, 3 # 413 # -1 , 3,413,-1 ,51_1,51,1,10,ATG,AGGAG,5-10bp,0.613,NODE_51_length_931_cov_164.641686,mobileOG_000293391_NODE_51_length_931_cov_164.641686
677,mobileOG_000343850|tnp|WP_033641513.1|integration/excision|NA|Multiple|Homology,NODE_59_length_433_cov_231.446629_1 # 1 # 315 # 1 # ID=59_1;partial=10;start_type=Edge;rbs_motif=None;rbs_spacer=None;gc_cont=0.613,94.2,206,282,2.79e-67,105,179,282,1,104,mobileOG_000343850,tnp,WP_033641513.1,integration/excision,NA,Multiple,Homology,NODE_59_length_433_cov_231.446629_1, 1 # 315 # 1 , 1,315,1 ,59_1,59,1,10,Edge,None,None,0.613,NODE_59_length_433_cov_231.446629,mobileOG_000343850_NODE_59_length_433_cov_231.446629
678,mobileOG_000418920|NA:Keyword|WP_166479509.1|integration/excision|NA|COMPASS|Keyword Search,NODE_59_length_433_cov_231.446629_1 # 1 # 315 # 1 # ID=59_1;partial=10;start_type=Edge;rbs_motif=None;rbs_spacer=None;gc_cont=0.613,93.3,204,213,3.82e-67,105,110,213,1,104,mobileOG_000418920,NA:Keyword,WP_166479509.1,integration/excision,NA,COMPASS,Keyword Search,NODE_59_length_433_cov_231.446629_1, 1 # 315 # 1 , 1,315,1 ,59_1,59,1,10,Edge,None,None,0.613,NODE_59_length_433_cov_231.446629,mobileOG_000418920_NODE_59_length_433_cov_231.446629
679,mobileOG_000340472|tnp|WP_142816584.1|integration/excision|NA|Plasmid RefSeq|Homology,NODE_59_length_433_cov_231.446629_1 # 1 # 315 # 1 # ID=59_1;partial=10;start_type=Edge;rbs_motif=None;rbs_spacer=None;gc_cont=0.613,95.2,209,407,5.64e-67,105,304,407,1,104,mobileOG_000340472,tnp,WP_142816584.1,integration/excision,NA,Plasmid RefSeq,Homology,NODE_59_length_433_cov_231.446629_1, 1 # 315 # 1 , 1,315,1 ,59_1,59,1,10,Edge,None,None,0.613,NODE_59_length_433_cov_231.446629,mobileOG_000340472_NODE_59_length_433_cov_231.446629
680,mobileOG_000343904|tnp|WP_128383108.1|integration/excision|NA|Plasmid RefSeq|Homology,NODE_59_length_433_cov_231.446629_1 # 1 # 315 # 1 # ID=59_1;partial=10;start_type=Edge;rbs_motif=None;rbs_spacer=None;gc_cont=0.613,93.3,207,407,4.49e-66,105,304,407,1,104,mobileOG_000343904,tnp,WP_128383108.1,integration/excision,NA,Plasmid RefSeq,Homology,NODE_59_length_433_cov_231.446629_1, 1 # 315 # 1 , 1,315,1 ,59_1,59,1,10,Edge,None,None,0.613,NODE_59_length_433_cov_231.446629,mobileOG_000343904_NODE_59_length_433_cov_231.446629
681,mobileOG_000750269|NA:Keyword|WP_128383108.1|integration/excision|NA|Plasmid RefSeq|Keyword Search,NODE_59_length_433_cov_231.446629_1 # 1 # 315 # 1 # ID=59_1;partial=10;start_type=Edge;rbs_motif=None;rbs_spacer=None;gc_cont=0.613,93.3,207,414,5.36e-66,105,311,414,1,104,mobileOG_000750269,NA:Keyword,WP_128383108.1,integration/excision,NA,Plasmid RefSeq,Keyword Search,NODE_59_length_433_cov_231.446629_1, 1 # 315 # 1 , 1,315,1 ,59_1,59,1,10,Edge,None,None,0.613,NODE_59_length_433_cov_231.446629,mobileOG_000750269_NODE_59_length_433_cov_231.446629
682,mobileOG_000316302|tnp|WP_121097644.1|integration/excision|NA|Plasmid RefSeq|Homology,NODE_59_length_433_cov_231.446629_1 # 1 # 315 # 1 # ID=59_1;partial=10;start_type=Edge;rbs_motif=None;rbs_spacer=None;gc_cont=0.613,93.3,206,407,8.96e-66,105,304,407,1,104,mobileOG_000316302,tnp,WP_121097644.1,integration/excision,NA,Plasmid RefSeq,Homology,NODE_59_length_433_cov_231.446629_1, 1 # 315 # 1 , 1,315,1 ,59_1,59,1,10,Edge,None,None,0.613,NODE_59_length_433_cov_231.446629,mobileOG_000316302_NODE_59_length_433_cov_231.446629
683,mobileOG_000340469|tnp|WP_142816538.1|integration/excision|NA|Plasmid RefSeq|Homology,NODE_59_length_433_cov_231.446629_1 # 1 # 315 # 1 # ID=59_1;partial=10;start_type=Edge;rbs_motif=None;rbs_spacer=None;gc_cont=0.613,94.2,205,407,2.53e-65,105,304,407,1,104,mobileOG_000340469,tnp,WP_142816538.1,integration/excision,NA,Plasmid RefSeq,Homology,NODE_59_length_433_cov_231.446629_1, 1 # 315 # 1 , 1,315,1 ,59_1,59,1,10,Edge,None,None,0.613,NODE_59_length_433_cov_231.446629,mobileOG_000340469_NODE_59_length_433_cov_231.446629
684,mobileOG_000289775|tnp|WP_166479509.1|integration/excision|NA|Plasmid RefSeq|Homology,NODE_59_length_433_cov_231.446629_1 # 1 # 315 # 1 # ID=59_1;partial=10;start_type=Edge;rbs_motif=None;rbs_spacer=None;gc_cont=0.613,94.2,205,407,3.57e-65,105,304,407,1,104,mobileOG_000289775,tnp,WP_166479509.1,integration/excision,NA,Plasmid RefSeq,Homology,NODE_59_length_433_cov_231.446629_1, 1 # 315 # 1 , 1,315,1 ,59_1,59,1,10,Edge,None,None,0.613,NODE_59_length_433_cov_231.446629,mobileOG_000289775_NODE_59_length_433_cov_231.446629
685,mobileOG_000370713|tnp|WP_166479509.1|integration/excision|NA|Plasmid RefSeq|Homology,NODE_59_length_433_cov_231.446629_1 # 1 # 315 # 1 # ID=59_1;partial=10;start_type=Edge;rbs_motif=None;rbs_spacer=None;gc_cont=0.613,94.2,205,407,3.57e-65,105,304,407,1,104,mobileOG_000370713,tnp,WP_166479509.1,integration/excision,NA,Plasmid RefSeq,Homology,NODE_59_length_433_cov_231.446629_1, 1 # 315 # 1 , 1,315,1 ,59_1,59,1,10,Edge,None,None,0.613,NODE_59_length_433_cov_231.446629,mobileOG_000370713_NODE_59_length_433_cov_231.446629
686,mobileOG_000340116|tnp|WP_142076322.1|integration/excision|NA|Plasmid RefSeq|Homology,NODE_59_length_433_cov_231.446629_1 # 1 # 315 # 1 # ID=59_1;partial=10;start_type=Edge;rbs_motif=None;rbs_spacer=None;gc_cont=0.613,92.3,200,407,3.18e-63,105,304,407,1,104,mobileOG_000340116,tnp,WP_142076322.1,integration/excision,NA,Plasmid RefSeq,Homology,NODE_59_length_433_cov_231.446629_1, 1 # 315 # 1 , 1,315,1 ,59_1,59,1,10,Edge,None,None,0.613,NODE_59_length_433_cov_231.446629,mobileOG_000340116_NODE_59_length_433_cov_231.446629
687,mobileOG_000344088|tnp|WP_059202108.1|integration/excision|NA|Plasmid RefSeq|Homology,NODE_59_length_433_cov_231.446629_1 # 1 # 315 # 1 # ID=59_1;partial=10;start_type=Edge;rbs_motif=None;rbs_spacer=None;gc_cont=0.613,91.1,195,404,1.85e-61,105,304,404,1,101,mobileOG_000344088,tnp,WP_059202108.1,integration/excision,NA,Plasmid RefSeq,Homology,NODE_59_length_433_cov_231.446629_1, 1 # 315 # 1 , 1,315,1 ,59_1,59,1,10,Edge,None,None,0.613,NODE_59_length_433_cov_231.446629,mobileOG_000344088_NODE_59_length_433_cov_231.446629
688,mobileOG_000370713|tnp|WP_166479509.1|integration/excision|NA|Plasmid RefSeq|Homology,NODE_66_length_322_cov_63.118367_1 # 1 # 219 # -1 # ID=66_1;partial=10;start_type=ATG;rbs_motif=None;rbs_spacer=None;gc_cont=0.621,93.2,149,407,3.87e-44,73,1,71,1,73,mobileOG_000370713,tnp,WP_166479509.1,integration/excision,NA,Plasmid RefSeq,Homology,NODE_66_length_322_cov_63.118367_1, 1 # 219 # -1 , 1,219,-1 ,66_1,66,1,10,ATG,None,None,0.621,NODE_66_length_322_cov_63.118367,mobileOG_000370713_NODE_66_length_322_cov_63.118367
689,mobileOG_000344088|tnp|WP_059202108.1|integration/excision|NA|Plasmid RefSeq|Homology,NODE_66_length_322_cov_63.118367_1 # 1 # 219 # -1 # ID=66_1;partial=10;start_type=ATG;rbs_motif=None;rbs_spacer=None;gc_cont=0.621,91.8,147,404,1.43e-43,73,1,71,1,73,mobileOG_000344088,tnp,WP_059202108.1,integration/excision,NA,Plasmid RefSeq,Homology,NODE_66_length_322_cov_63.118367_1, 1 # 219 # -1 , 1,219,-1 ,66_1,66,1,10,ATG,None,None,0.621,NODE_66_length_322_cov_63.118367,mobileOG_000344088_NODE_66_length_322_cov_63.118367
690,mobileOG_000289775|tnp|WP_166479509.1|integration/excision|NA|Plasmid RefSeq|Homology,NODE_66_length_322_cov_63.118367_1 # 1 # 219 # -1 # ID=66_1;partial=10;start_type=ATG;rbs_motif=None;rbs_spacer=None;gc_cont=0.621,91.8,147,407,2.12e-43,73,1,71,1,73,mobileOG_000289775,tnp,WP_166479509.1,integration/excision,NA,Plasmid RefSeq,Homology,NODE_66_length_322_cov_63.118367_1, 1 # 219 # -1 , 1,219,-1 ,66_1,66,1,10,ATG,None,None,0.621,NODE_66_length_322_cov_63.118367,mobileOG_000289775_NODE_66_length_322_cov_63.118367
691,mobileOG_000316302|tnp|WP_121097644.1|integration/excision|NA|Plasmid RefSeq|Homology,NODE_66_length_322_cov_63.118367_1 # 1 # 219 # -1 # ID=66_1;partial=10;start_type=ATG;rbs_motif=None;rbs_spacer=None;gc_cont=0.621,93.2,147,407,2.12e-43,73,1,71,1,73,mobileOG_000316302,tnp,WP_121097644.1,integration/excision,NA,Plasmid RefSeq,Homology,NODE_66_length_322_cov_63.118367_1, 1 # 219 # -1 , 1,219,-1 ,66_1,66,1,10,ATG,None,None,0.621,NODE_66_length_322_cov_63.118367,mobileOG_000316302_NODE_66_length_322_cov_63.118367
692,mobileOG_000340116|tnp|WP_142076322.1|integration/excision|NA|Plasmid RefSeq|Homology,NODE_66_length_322_cov_63.118367_1 # 1 # 219 # -1 # ID=66_1;partial=10;start_type=ATG;rbs_motif=None;rbs_spacer=None;gc_cont=0.621,91.8,146,407,4.18e-43,73,1,71,1,73,mobileOG_000340116,tnp,WP_142076322.1,integration/excision,NA,Plasmid RefSeq,Homology,NODE_66_length_322_cov_63.118367_1, 1 # 219 # -1 , 1,219,-1 ,66_1,66,1,10,ATG,None,None,0.621,NODE_66_length_322_cov_63.118367,mobileOG_000340116_NODE_66_length_322_cov_63.118367
693,mobileOG_000343904|tnp|WP_128383108.1|integration/excision|NA|Plasmid RefSeq|Homology,NODE_66_length_322_cov_63.118367_1 # 1 # 219 # -1 # ID=66_1;partial=10;start_type=ATG;rbs_motif=None;rbs_spacer=None;gc_cont=0.621,90.4,145,407,1.63e-42,73,1,71,1,73,mobileOG_000343904,tnp,WP_128383108.1,integration/excision,NA,Plasmid RefSeq,Homology,NODE_66_length_322_cov_63.118367_1, 1 # 219 # -1 , 1,219,-1 ,66_1,66,1,10,ATG,None,None,0.621,NODE_66_length_322_cov_63.118367,mobileOG_000343904_NODE_66_length_322_cov_63.118367
694,mobileOG_000750269|NA:Keyword|WP_128383108.1|integration/excision|NA|Plasmid RefSeq|Keyword Search,NODE_66_length_322_cov_63.118367_1 # 1 # 219 # -1 # ID=66_1;partial=10;start_type=ATG;rbs_motif=None;rbs_spacer=None;gc_cont=0.621,90.4,145,414,1.85e-42,73,8,78,1,73,mobileOG_000750269,NA:Keyword,WP_128383108.1,integration/excision,NA,Plasmid RefSeq,Keyword Search,NODE_66_length_322_cov_63.118367_1, 1 # 219 # -1 , 1,219,-1 ,66_1,66,1,10,ATG,None,None,0.621,NODE_66_length_322_cov_63.118367,mobileOG_000750269_NODE_66_length_322_cov_63.118367
