Isolate_ID,classification,closest_genome_reference,closest_genome_reference_radius,closest_genome_taxonomy,closest_genome_ani,closest_genome_af,closest_placement_reference,closest_placement_radius,closest_placement_taxonomy,closest_placement_ani,closest_placement_af,pplacer_taxonomy,classification_method,note,other_related_references.genome_id.species_name.radius.ANI.AF.,msa_percent,translation_table,red_value,warnings,clean_sp
UF-100,d__Bacteria;p__Bacillota;c__Bacilli;o__Bacillales;f__Bacillaceae_G;g__Bacillus_A;s__Bacillus_Acereus,GCF_000007825.1,96.65,d__Bacteria;p__Bacillota;c__Bacilli;o__Bacillales;f__Bacillaceae_G;g__Bacillus_A;s__Bacillus_Acereus,98.11,0.877,GCF_000007825.1,96.65,d__Bacteria;p__Bacillota;c__Bacilli;o__Bacillales;f__Bacillaceae_G;g__Bacillus_A;s__Bacillus_Acereus,98.11,0.877,d__Bacteria;p__Bacillota;c__Bacilli;o__Bacillales;f__Bacillaceae_G;g__Bacillus_A;s__,taxonomicclassificationdefinedbytopologyandANI,topologicalplacementandANIhavecongruentspeciesassignments,"GCF_002912215.1,s__Bacillus_Abombysepticus,96.51,96.66,0.825;GCF_001595725.1,s__Bacillus_Athuringiensis_K,95.84,96.25,0.855;GCF_002559825.1,s__Bacillus_Athuringiensis,96.56,96.14,0.86;GCF_001182785.1,s__Bacillus_Athuringiensis_AB,96.35,95.84,0.827;GCF_000021305.1,s__Bacillus_Athuringiensis_S,95.0,95.84,0.825;GCF_002567495.1,s__Bacillus_Acereus_AQ,95.0,93.99,0.798;GCF_001884035.1,s__Bacillus_Atropicus,95.0,91.94,0.77;GCF_001883995.1,s__Bacillus_Aparanthracis,95.15,91.85,0.733;GCF_022663335.1,s__Bacillus_Acereus_BC,95.0,91.82,0.738;GCF_001455345.1,s__Bacillus_Athuringiensis_N,95.0,91.77,0.758;GCF_000496285.1,s__Bacillus_Atoyonensis,95.0,91.71,0.789;GCF_006494425.1,s__Bacillus_Asp006494425,95.0,91.7,0.732;GCF_001583695.1,s__Bacillus_Awiedmannii,95.0,91.65,0.755;GCF_900094905.1,s__Bacillus_Acereus_AG,95.0,91.65,0.72;GCF_002571225.1,s__Bacillus_Asp002571225,95.0,91.62,0.735;GCF_018332475.1,s__Bacillus_Asanguinis,95.0,91.62,0.715;GCF_002746455.1,s__Bacillus_Afungorum,95.0,91.61,0.666;GCF_007678085.1,s__Bacillus_Acereus_BE,95.0,91.55,0.755;GCF_001884105.1,s__Bacillus_Aluti,95.0,91.49,0.75;GCF_001884185.1,s__Bacillus_Aalbus,95.0,91.35,0.741;GCF_000742895.1,s__Bacillus_Aanthracis,95.0,91.31,0.741;GCF_003400245.1,s__Bacillus_Asp003400245,95.0,91.13,0.725;GCF_008923725.1,s__Bacillus_Asp008923725,95.0,91.04,0.72;GCF_001884045.1,s__Bacillus_Amobilis,95.0,91.0,0.694;GCA_016925055.1,s__Bacillus_Apacificus,95.15,90.99,0.718;GCA_027694045.1,s__Bacillus_Asp027694045,95.0,90.97,0.728;GCF_002584985.1,s__Bacillus_Asp002584985,95.0,90.72,0.689;GCF_002577405.1,s__Bacillus_Acereus_AU,95.0,90.72,0.685;GCF_002564555.1,s__Bacillus_Acereus_K,95.0,90.62,0.697;GCF_014932895.1,s__Bacillus_Athuringiensis_AA,95.0,90.53,0.653;GCA_002578045.1,s__Bacillus_Acereus_AK,95.0,90.49,0.619;GCF_018332515.1,s__Bacillus_Ahominis,95.0,90.17,0.64;GCF_025917685.1,s__Bacillus_Acereus_AT,95.17,90.02,0.69;GCF_007673305.1,s__Bacillus_Amycoides_C,95.0,89.92,0.623;GCF_001884135.1,s__Bacillus_Anitratireducens,95.0,89.85,0.671;GCF_000832605.1,s__Bacillus_Amycoides,95.0,89.61,0.648;GCF_018966865.1,s__Bacillus_Asp018966865,95.0,89.59,0.7;GCF_001884065.1,s__Bacillus_Aproteolyticus,95.0,89.58,0.641;GCF_001757995.1,s__Bacillus_Amycoides_B,95.0,89.33,0.618;GCF_015071065.1,s__Bacillus_Acereus_BA,95.0,89.33,0.612;GCF_002975175.1,s__Bacillus_Asp002975175,95.0,89.25,0.599;GCF_018742245.1,s__Bacillus_Acereus_U,95.0,89.1,0.639;GCF_001884235.1,s__Bacillus_Aparamycoides,95.0,88.96,0.599;GCF_000746925.1,s__Bacillus_Aclarus,95.0,85.98,0.442;GCF_002551815.1,s__Bacillus_Asp002551815,95.0,83.91,0.281;GCF_002561295.1,s__Bacillus_Acereus_S,95.0,83.29,0.288;GCF_001590835.1,s__Bacillus_Agaemokensis,95.0,83.26,0.257;GCF_017498775.1,s__Bacillus_Aarachidis,95.0,83.19,0.266;GCF_013314535.1,s__Bacillus_Asp013314535,95.0,83.15,0.26;GCF_000299035.1,s__Bacillus_Abingmayongensis,95.0,82.87,0.274;GCA_022811845.1,s__Bacillus_Acereus_AV,95.0,82.69,0.244;GCF_000161455.1,s__Bacillus_Apseudomycoides,95.0,82.68,0.243;GCF_022663115.1,s__Bacillus_Acereus_BD,95.0,82.49,0.276;GCF_000017425.1,s__Bacillus_Acytotoxicus,95.0,81.78,0.266;GCF_030292155.1,s__Bacillus_Asp030292155,95.0,81.63,0.181",92.12,11,N/A,N/A,Bacillus cereus
UF-101,d__Bacteria;p__Pseudomonadota;c__Gammaproteobacteria;o__Burkholderiales;f__Burkholderiaceae;g__Burkholderia;s__Burkholderiaambifaria,GCF_000203915.1,95,d__Bacteria;p__Pseudomonadota;c__Gammaproteobacteria;o__Burkholderiales;f__Burkholderiaceae;g__Burkholderia;s__Burkholderiaambifaria,97.78,0.888,GCF_000203915.1,95,d__Bacteria;p__Pseudomonadota;c__Gammaproteobacteria;o__Burkholderiales;f__Burkholderiaceae;g__Burkholderia;s__Burkholderiaambifaria,97.78,0.888,d__Bacteria;p__Pseudomonadota;c__Gammaproteobacteria;o__Burkholderiales;f__Burkholderiaceae;g__Burkholderia;s__,taxonomicclassificationdefinedbytopologyandANI,topologicalplacementandANIhavecongruentspeciesassignments,"GCF_003853415.1,s__Burkholderiasp003853415,95.0,93.59,0.727;GCF_003853645.1,s__Burkholderiasp003853645,95.0,93.01,0.701;GCF_001443045.1,s__Burkholderiaambifaria_A,95.0,93.01,0.686;GCF_000949135.2,s__Burkholderiasp000949135,95.0,92.74,0.696;GCF_000292915.1,s__Burkholderiacepacia_D,95.0,92.24,0.706;GCF_902499115.1,s__Burkholderiadiffusa,95.0,91.91,0.716;GCF_902833055.1,s__Burkholderiaterritorii,95.0,91.78,0.719;GCF_003635165.1,s__Burkholderiasp003635165,95.0,91.72,0.678;GCF_001718315.1,s__Burkholderiadiffusa_B,95.0,91.59,0.736;GCF_902498995.1,s__Burkholderiaanthina,95.0,91.53,0.642;GCF_902499045.1,s__Burkholderialatens,95.0,91.5,0.693;GCF_902830485.1,s__Burkholderiaanthina_B,95.0,91.04,0.652;GCF_001883705.2,s__Burkholderiacatarinensis,95.0,90.94,0.665;GCF_022809715.1,s__Burkholderiapyrrocinia_C,95.0,90.93,0.67;GCF_027257875.1,s__Burkholderiasp027257875,95.0,90.89,0.643;GCF_902832865.1,s__Burkholderiasp902832865,95.0,90.83,0.657;GCF_003330765.1,s__Burkholderiapyrrocinia_B,95.0,90.78,0.657;GCF_001028665.1,s__Burkholderiapyrrocinia,95.0,90.78,0.656;GCF_018417535.1,s__Burkholderiapyrrocinia_E,95.0,90.78,0.645;GCF_902832955.1,s__Burkholderiasp902832955,95.0,90.77,0.657;GCF_902499335.1,s__Burkholderialata_B,95.0,90.63,0.654;GCF_003853705.1,s__Burkholderiasp003853705,95.0,90.62,0.647;GCF_902499125.1,s__Burkholderiaarboris,95.0,90.62,0.634;GCF_002099195.1,s__Burkholderiapuraquae,95.0,90.59,0.647;GCF_029268985.1,s__Burkholderiasola,95.0,90.53,0.661;GCF_902832885.1,s__Burkholderiaseminalis,95.0,90.53,0.643;GCF_900446215.1,s__Burkholderiacenocepacia,95.0,90.52,0.629;GCF_902499025.1,s__Burkholderialata_C,95.0,90.5,0.64;GCF_001742165.1,s__Burkholderiastabilis,95.0,90.48,0.609;GCF_902833145.1,s__Burkholderiasp902833145,95.0,90.42,0.643;GCF_902832845.1,s__Burkholderiametallica,95.0,90.39,0.624;GCF_002223055.1,s__Burkholderiasp002223055,95.0,90.38,0.648;GCA_031253835.1,s__Burkholderiasp031253835,95.0,90.38,0.618;GCF_001411495.1,s__Burkholderiacepacia,95.0,90.34,0.634;GCF_000012945.1,s__Burkholderialata,95.0,90.34,0.62;GCF_011605345.1,s__Burkholderiasp011605345,95.0,90.29,0.625;GCF_001522585.2,s__Burkholderiasp001522585,95.0,90.16,0.669;GCF_029633825.1,s__Burkholderiacontaminans,95.0,90.16,0.653;GCF_014211915.1,s__Burkholderiaorbicola,95.0,90.16,0.642;GCF_029962485.1,s__Burkholderiasp902833225,95.0,90.16,0.619;GCF_029268935.1,s__Burkholderiasemiarida,95.0,90.08,0.645;GCF_902833045.1,s__Burkholderiasp902833045,95.0,90.03,0.608;GCF_001718795.1,s__Burkholderialatens_A,95.0,90.02,0.715;GCF_902499135.1,s__Burkholderiadolosa,95.0,89.97,0.644;GCF_017104975.1,s__Burkholderiasp017104975,95.0,89.96,0.646;GCF_905232215.1,s__Burkholderiasp905232215,95.0,89.75,0.431;GCF_001039005.1,s__Burkholderiacepacia_C,95.0,89.67,0.637;GCF_001718835.1,s__Burkholderiacepacia_F,95.0,89.65,0.55;GCF_902499175.1,s__Burkholderiaaenigmatica,95.0,89.56,0.595;GCF_001718415.1,s__Burkholderiapseudomultivorans_A,95.0,89.54,0.583;GCF_902499075.1,s__Burkholderiapseudomultivorans,95.0,89.54,0.57;GCF_000959445.1,s__Burkholderiavietnamiensis,95.0,89.32,0.607;GCF_000732615.1,s__Burkholderiapaludis,95.0,89.22,0.577;GCF_004343775.1,s__Burkholderiasp004343775,95.0,88.55,0.512;GCF_902833085.1,s__Burkholderiaubonensis,95.05,88.24,0.506;GCF_902830275.1,s__Burkholderiastagnalis,95.0,88.23,0.509;GCF_001718695.1,s__Burkholderiaubonensis_B,95.0,88.19,0.597;GCF_000959525.1,s__Burkholderiamultivorans,95.0,88.06,0.618;GCF_001527685.1,s__Burkholderiapyrrocinia_D,95.0,88.05,0.52;GCF_002097715.1,s__Burkholderiamesacidophila,95.0,88.05,0.485;GCF_003854275.1,s__Burkholderiasp003854275,95.0,87.83,0.46;GCF_018375725.1,s__Burkholderiasp018375725,95.0,87.41,0.4;GCF_017104785.1,s__Burkholderiasp017104785,95.0,87.3,0.429;GCF_000687455.2,s__Burkholderiasp000687455,95.0,86.49,0.415;GCA_009914575.1,s__Burkholderiagladioli_B,95.0,85.19,0.313;GCF_013403875.1,s__Burkholderiaguangdongensis,95.0,85.05,0.368;GCF_001513745.1,s__Burkholderiahumptydooensis,95.0,84.62,0.293;GCF_000959365.1,s__Burkholderiaoklahomensis,95.0,84.53,0.279;GCF_001523745.2,s__Burkholderiamayonis,95.0,84.34,0.297;GCF_001524445.2,s__Burkholderiasavannae,95.0,84.23,0.26;GCA_010645215.1,s__Burkholderiamultivorans_A,95.0,84.1,0.231;GCF_000012365.1,s__Burkholderiathailandensis,95.0,84.0,0.279;GCF_028657905.1,s__Burkholderiasp028657905,95.0,83.97,0.257;GCF_000011705.1,s__Burkholderiamallei,95.0,83.86,0.286;GCF_017104645.1,s__Burkholderiasp017104645,95.0,83.74,0.2;GCA_030151225.1,s__Burkholderiasp030151225,95.0,82.62,0.188;GCF_900176645.1,s__Burkholderiasingularis,95.0,82.5,0.22;GCF_001411805.1,s__Burkholderiaplantarii,95.0,82.32,0.197;GCF_001522865.1,s__Burkholderiasp001522865,95.0,82.25,0.205;GCF_000960995.1,s__Burkholderiaglumae,95.0,82.18,0.213;GCF_000959725.1,s__Burkholderiagladioli,95.0,81.89,0.183",98.43,11,N/A,N/A,Burkholderia ambifaria 
UF-125,d__Bacteria;p__Pseudomonadota;c__Gammaproteobacteria;o__Pseudomonadales;f__Pseudomonadaceae;g__Pseudomonas_E;s__Pseudomonas_Emonteilii_A,GCA_001534745.1,95,d__Bacteria;p__Pseudomonadota;c__Gammaproteobacteria;o__Pseudomonadales;f__Pseudomonadaceae;g__Pseudomonas_E;s__Pseudomonas_Emonteilii_A,98.47,0.934,GCA_001534745.1,95,d__Bacteria;p__Pseudomonadota;c__Gammaproteobacteria;o__Pseudomonadales;f__Pseudomonadaceae;g__Pseudomonas_E;s__Pseudomonas_Emonteilii_A,98.47,0.934,d__Bacteria;p__Pseudomonadota;c__Gammaproteobacteria;o__Pseudomonadales;f__Pseudomonadaceae;g__Pseudomonas_E;s__,taxonomicclassificationdefinedbytopologyandANI,topologicalplacementandANIhavecongruentspeciesassignments,"GCF_013523125.1,s__Pseudomonas_Eentomophila_B,95.0,92.19,0.78;GCF_013523165.1,s__Pseudomonas_Eentomophila_A,95.0,91.59,0.816;GCA_029239415.1,s__Pseudomonas_Esp029239415,95.0,85.15,0.34;GCF_024127895.1,s__Pseudomonas_Eguariconensis_B,95.0,84.26,0.324;GCF_029193575.1,s__Pseudomonas_Eentomophila_G,95.0,84.21,0.326;GCF_019139535.1,s__Pseudomonas_Emuyukensis,95.0,84.11,0.315;GCF_011752525.1,s__Pseudomonas_Esp011752525,95.0,84.01,0.306;GCF_019823065.1,s__Pseudomonas_Emosselii,95.0,83.98,0.304;GCF_018417595.1,s__Pseudomonas_Eentomophila_C,95.0,83.98,0.293;GCF_021602585.1,s__Pseudomonas_Efaucium,95.0,83.94,0.318;GCF_003205295.1,s__Pseudomonas_Emosselii_B,95.0,83.91,0.311;GCF_020151015.1,s__Pseudomonas_Eputida_K,95.0,83.91,0.303;GCF_004519305.1,s__Pseudomonas_Esp004519305,95.0,83.89,0.313;GCF_014268885.2,s__Pseudomonas_Exantholysinigenes,95.0,83.87,0.297;GCF_000026105.1,s__Pseudomonas_Eentomophila,95.0,83.86,0.296;GCF_019139895.1,s__Pseudomonas_Efakonensis,95.0,83.84,0.313;GCF_029478665.1,s__Pseudomonas_Eentomophila_F,95.0,83.83,0.299;GCF_015354575.1,s__Pseudomonas_Esp015354575,95.0,83.82,0.287;GCF_014268935.2,s__Pseudomonas_Eperadeniyensis,95.0,83.79,0.308;GCF_029836165.1,s__Pseudomonas_Esp029836165,95.0,83.77,0.318;GCF_015680705.1,s__Pseudomonas_Efulva_C,95.0,83.73,0.341;GCF_021601385.1,s__Pseudomonas_Eparasichuanensis,95.0,83.7,0.288;GCF_003231305.1,s__Pseudomonas_Esichuanensis,95.0,83.67,0.295;GCF_022405695.1,s__Pseudomonas_Eentomophila_E,95.0,83.64,0.289;GCF_011752565.1,s__Pseudomonas_Esp011752565,95.0,83.63,0.31;GCF_016648105.1,s__Pseudomonas_Esp016648105,95.0,83.57,0.316;GCF_000730665.1,s__Pseudomonas_Eplecoglossicida,95.0,83.57,0.295;GCF_024349685.1,s__Pseudomonas_Esp024349685,95.0,83.55,0.288;GCF_015680235.1,s__Pseudomonas_Eguariconensis_A,95.0,83.55,0.286;GCF_900536025.1,s__Pseudomonas_Ereidholzensis,95.0,83.54,0.302;GCF_002112505.1,s__Pseudomonas_Esp002112505,95.0,83.52,0.316;GCF_001636055.1,s__Pseudomonas_Eputida_B,95.0,83.51,0.293;GCF_009932335.1,s__Pseudomonas_Easiatica,95.0,83.5,0.281;GCF_014269035.2,s__Pseudomonas_Evlassakiae,95.0,83.49,0.298;GCF_900291015.1,s__Pseudomonas_Esp900291015,95.0,83.49,0.271;GCF_000935045.1,s__Pseudomonas_Esp000935045,95.0,83.48,0.286;GCF_022533585.1,s__Pseudomonas_Esp001642705,95.0,83.48,0.278;GCF_005080685.1,s__Pseudomonas_Eputida_V,95.0,83.45,0.298;GCA_014268975.2,s__Pseudomonas_Ewayambapalatensis,95.0,83.45,0.273;GCA_029953615.1,s__Pseudomonas_Esp002113165,95.0,83.41,0.263;GCF_029840925.1,s__Pseudomonas_Esp029840925,95.0,83.4,0.31;GCF_000282535.1,s__Pseudomonas_Esp000282535,95.0,83.35,0.286;GCF_002434265.1,s__Pseudomonas_Esp002434265,95.0,83.33,0.298;GCF_002025705.1,s__Pseudomonas_Eputida_J,95.0,83.33,0.292;GCF_023277925.1,s__Pseudomonas_Eentomophila_D,95.0,83.33,0.291;GCF_015680575.1,s__Pseudomonas_Eputida_Z,95.0,83.31,0.268;GCF_014269225.2,s__Pseudomonas_Eanuradhapurensis,95.0,83.31,0.267;GCF_013393325.1,s__Pseudomonas_Eputida_P,95.0,83.25,0.275;GCF_016518545.1,s__Pseudomonas_Esp016518545,95.0,83.24,0.285;GCF_916618955.1,s__Pseudomonas_Esp916618955,95.0,83.23,0.272;GCF_003331055.1,s__Pseudomonas_Esp003331055,95.0,83.2,0.278;GCF_002386445.1,s__Pseudomonas_Esp002386445,95.0,83.19,0.258;GCF_014269185.2,s__Pseudomonas_Eoryzicola,95.0,83.17,0.272;GCF_000730605.1,s__Pseudomonas_Emonteilii,95.0,83.16,0.276;GCA_902498185.1,s__Pseudomonas_Efluorescens_BS,95.0,83.16,0.273;GCF_018417635.1,s__Pseudomonas_Esp900101695,95.0,83.15,0.262;GCF_015680295.1,s__Pseudomonas_Eguariconensis_D,95.0,83.14,0.259;GCF_002165135.1,s__Pseudomonas_Esp002165135,95.0,83.13,0.269;GCF_000800255.1,s__Pseudomonas_Eparafulva_A,95.0,83.1,0.273;GCF_002741075.1,s__Pseudomonas_Eputida_T,95.0,83.08,0.265;GCF_015680405.1,s__Pseudomonas_Epudica,95.0,83.06,0.266;GCF_015680245.1,s__Pseudomonas_Eguariconensis_C,95.0,83.03,0.258;GCF_900497695.1,s__Pseudomonas_Ewadenswilerensis,95.0,82.99,0.258;GCF_030159595.1,s__Pseudomonas_Eputida_AC,95.0,82.97,0.276;GCF_900102675.1,s__Pseudomonas_Eguariconensis,95.0,82.96,0.254;GCF_003627215.1,s__Pseudomonas_Esp001422615,95.0,82.94,0.257;GCF_000425745.1,s__Pseudomonas_Ecremoricolorata,95.0,82.93,0.27;GCA_947090765.1,s__Pseudomonas_Esp947090765,95.0,82.93,0.261;GCF_014268815.2,s__Pseudomonas_Eurmiensis,95.0,82.9,0.27;GCF_000412675.1,s__Pseudomonas_Eputida,95.0,82.89,0.277;GCF_002356095.1,s__Pseudomonas_Eputida_H,95.0,82.88,0.261;GCA_023388335.1,s__Pseudomonas_Esp023388335,95.0,82.85,0.246;GCF_003205205.1,s__Pseudomonas_Esp003205205,95.0,82.84,0.257;GCF_009932375.1,s__Pseudomonas_Ejuntendi,95.0,82.84,0.255;GCF_017875955.1,s__Pseudomonas_Esp017875955,95.0,82.75,0.264;GCF_000759535.1,s__Pseudomonas_Ecremoricolorata_A,95.0,82.73,0.269;GCF_005796105.1,s__Pseudomonas_Emosselii_C,95.0,82.69,0.255;GCF_000425785.1,s__Pseudomonas_Etaiwanensis,95.0,82.69,0.251;GCF_900277125.1,s__Pseudomonas_Einefficax,95.0,82.62,0.274;GCF_007677725.1,s__Pseudomonas_Esp003445295,95.0,82.57,0.275;GCF_021283545.2,s__Pseudomonas_Ealloputida,95.0,82.56,0.251;GCF_000259195.1,s__Pseudomonas_Edonghuensis,95.0,82.53,0.253;GCF_000800615.1,s__Pseudomonas_Eputida_F,95.0,82.52,0.249;GCF_013523055.1,s__Pseudomonas_Ecapeferrum_A,95.0,82.49,0.247;GCF_000730645.1,s__Pseudomonas_Eparafulva,95.0,82.47,0.247;GCF_002906795.1,s__Pseudomonas_Eputida_Y,95.0,82.46,0.245;GCF_016406145.1,s__Pseudomonas_Eputida_E,95.0,82.43,0.257;GCF_016658545.1,s__Pseudomonas_Esp016658545,95.0,82.41,0.282;GCF_004357765.1,s__Pseudomonas_Eputida_U,95.0,82.39,0.259;GCF_028898945.1,s__Pseudomonas_Esp028898945,95.0,82.34,0.244;GCF_030466445.1,s__Pseudomonas_Esp030466445,95.0,82.26,0.233;GCF_004214895.1,s__Pseudomonas_Etructae,95.0,82.23,0.242;GCF_028682475.1,s__Pseudomonas_Eputida_AG,95.0,82.21,0.224;GCF_014268785.2,s__Pseudomonas_Eshirazensis,95.0,82.04,0.223;GCF_014269025.2,s__Pseudomonas_Epromysalinigenes,95.0,82.02,0.227;GCF_000425805.1,s__Pseudomonas_Evranovensis,95.0,82.01,0.214;GCF_028682455.1,s__Pseudomonas_Eputida_AA,95.0,81.89,0.226;GCF_003024385.1,s__Pseudomonas_Esp003024385,95.0,81.63,0.204;GCF_002845275.2,s__Pseudomonas_Esp000955815,95.0,81.43,0.181",96.92,11,N/A,N/A,Pseudomonas monteilii
UF-148,d__Bacteria;p__Pseudomonadota;c__Gammaproteobacteria;o__Enterobacterales;f__Enterobacteriaceae;g__Kosakonia;s__Kosakoniacowanii,GCF_001975225.1,95,d__Bacteria;p__Pseudomonadota;c__Gammaproteobacteria;o__Enterobacterales;f__Enterobacteriaceae;g__Kosakonia;s__Kosakoniacowanii,96.86,0.936,GCF_001975225.1,95,d__Bacteria;p__Pseudomonadota;c__Gammaproteobacteria;o__Enterobacterales;f__Enterobacteriaceae;g__Kosakonia;s__Kosakoniacowanii,96.86,0.936,d__Bacteria;p__Pseudomonadota;c__Gammaproteobacteria;o__Enterobacterales;f__Enterobacteriaceae;g__Kosakonia;s__,taxonomicclassificationdefinedbytopologyandANI,topologicalplacementandANIhavecongruentspeciesassignments,"GCF_014490785.1,s__Kosakoniasp014490785,95.0,93.48,0.887;GCF_029433855.1,s__Kosakoniacowanii_A,95.0,93.23,0.877;GCA_030704225.1,s__Kosakoniasp030704225,95.0,86.04,0.585;GCF_000410515.1,s__Kosakoniasp000410515,95.0,84.71,0.465;GCF_900184035.1,s__Kosakoniapseudosacchari,95.0,84.41,0.459;GCF_000300455.3,s__Kosakoniasacchari,95.0,84.26,0.445;GCF_000814905.1,s__Kosakoniasp000814905,95.0,84.06,0.432;GCA_900109485.1,s__Kosakoniasacchari_B,95.0,84.01,0.437;GCF_001658025.2,s__Kosakoniaoryzae,95.35,83.98,0.421;GCF_004331415.1,s__Kosakoniaquasisacchari,95.0,83.87,0.433;GCF_000280495.2,s__Kosakoniaradicincitans,95.46,83.83,0.422;GCA_018261615.1,s__Kosakoniasp018261615,95.0,83.24,0.352;GCF_900094925.1,s__Kosakoniaoryzendophytica,95.0,83.08,0.379;GCA_002886105.1,s__Kosakoniasp002886105,95.0,82.97,0.373;GCF_900094795.1,s__Kosakoniaoryziphila,95.0,82.89,0.345;GCF_900116535.1,s__Kosakoniaarachidis,95.0,82.61,0.346",96.76,11,N/A,N/A,Kosakonia cowanii
UF-15,d__Bacteria;p__Bacillota;c__Bacilli;o__Bacillales;f__Bacillaceae_G;g__Bacillus_A;s__Bacillus_Athuringiensis,GCF_002559825.1,96.56,d__Bacteria;p__Bacillota;c__Bacilli;o__Bacillales;f__Bacillaceae_G;g__Bacillus_A;s__Bacillus_Athuringiensis,98.6,0.901,GCF_002559825.1,96.56,d__Bacteria;p__Bacillota;c__Bacilli;o__Bacillales;f__Bacillaceae_G;g__Bacillus_A;s__Bacillus_Athuringiensis,98.6,0.901,d__Bacteria;p__Bacillota;c__Bacilli;o__Bacillales;f__Bacillaceae_G;g__Bacillus_A;s__,taxonomicclassificationdefinedbytopologyandANI,topologicalplacementandANIhavecongruentspeciesassignments,"GCF_001182785.1,s__Bacillus_Athuringiensis_AB,96.35,97.14,0.869;GCF_000021305.1,s__Bacillus_Athuringiensis_S,95.0,96.6,0.821;GCF_000007825.1,s__Bacillus_Acereus,96.65,96.58,0.859;GCF_002912215.1,s__Bacillus_Abombysepticus,96.51,95.82,0.816;GCF_001595725.1,s__Bacillus_Athuringiensis_K,95.84,95.33,0.812;GCF_002567495.1,s__Bacillus_Acereus_AQ,95.0,94.39,0.821;GCF_001455345.1,s__Bacillus_Athuringiensis_N,95.0,91.9,0.769;GCF_001884035.1,s__Bacillus_Atropicus,95.0,91.78,0.791;GCF_006494425.1,s__Bacillus_Asp006494425,95.0,91.76,0.742;GCF_022663335.1,s__Bacillus_Acereus_BC,95.0,91.75,0.758;GCF_000496285.1,s__Bacillus_Atoyonensis,95.0,91.65,0.786;GCF_001583695.1,s__Bacillus_Awiedmannii,95.0,91.65,0.759;GCF_900094905.1,s__Bacillus_Acereus_AG,95.0,91.65,0.729;GCF_003400245.1,s__Bacillus_Asp003400245,95.0,91.63,0.719;GCF_001883995.1,s__Bacillus_Aparanthracis,95.15,91.62,0.734;GCF_018332475.1,s__Bacillus_Asanguinis,95.0,91.62,0.711;GCF_007678085.1,s__Bacillus_Acereus_BE,95.0,91.5,0.763;GCF_000742895.1,s__Bacillus_Aanthracis,95.0,91.5,0.735;GCF_002571225.1,s__Bacillus_Asp002571225,95.0,91.5,0.714;GCF_002746455.1,s__Bacillus_Afungorum,95.0,91.5,0.66;GCF_008923725.1,s__Bacillus_Asp008923725,95.0,91.45,0.732;GCF_001884105.1,s__Bacillus_Aluti,95.0,91.28,0.748;GCF_001884185.1,s__Bacillus_Aalbus,95.0,91.18,0.714;GCF_001884045.1,s__Bacillus_Amobilis,95.0,91.05,0.694;GCA_016925055.1,s__Bacillus_Apacificus,95.15,90.93,0.719;GCA_027694045.1,s__Bacillus_Asp027694045,95.0,90.82,0.728;GCF_002564555.1,s__Bacillus_Acereus_K,95.0,90.71,0.697;GCF_002577405.1,s__Bacillus_Acereus_AU,95.0,90.6,0.681;GCF_002584985.1,s__Bacillus_Asp002584985,95.0,90.58,0.685;GCF_014932895.1,s__Bacillus_Athuringiensis_AA,95.0,90.38,0.662;GCA_002578045.1,s__Bacillus_Acereus_AK,95.0,90.29,0.624;GCF_018332515.1,s__Bacillus_Ahominis,95.0,90.2,0.63;GCF_025917685.1,s__Bacillus_Acereus_AT,95.17,90.02,0.69;GCF_001884135.1,s__Bacillus_Anitratireducens,95.0,89.98,0.686;GCF_007673305.1,s__Bacillus_Amycoides_C,95.0,89.92,0.631;GCF_018966865.1,s__Bacillus_Asp018966865,95.0,89.9,0.704;GCF_001884065.1,s__Bacillus_Aproteolyticus,95.0,89.86,0.647;GCF_000832605.1,s__Bacillus_Amycoides,95.0,89.84,0.661;GCF_015071065.1,s__Bacillus_Acereus_BA,95.0,89.67,0.627;GCF_001757995.1,s__Bacillus_Amycoides_B,95.0,89.32,0.624;GCF_001884235.1,s__Bacillus_Aparamycoides,95.0,89.25,0.607;GCF_002975175.1,s__Bacillus_Asp002975175,95.0,89.17,0.602;GCF_018742245.1,s__Bacillus_Acereus_U,95.0,89.16,0.63;GCF_000746925.1,s__Bacillus_Aclarus,95.0,85.87,0.444;GCF_002551815.1,s__Bacillus_Asp002551815,95.0,83.86,0.278;GCF_002561295.1,s__Bacillus_Acereus_S,95.0,83.5,0.282;GCF_013314535.1,s__Bacillus_Asp013314535,95.0,83.25,0.257;GCF_001590835.1,s__Bacillus_Agaemokensis,95.0,83.22,0.26;GCA_022811845.1,s__Bacillus_Acereus_AV,95.0,82.88,0.245;GCF_000161455.1,s__Bacillus_Apseudomycoides,95.0,82.88,0.237;GCF_000299035.1,s__Bacillus_Abingmayongensis,95.0,82.82,0.267;GCF_017498775.1,s__Bacillus_Aarachidis,95.0,82.8,0.26;GCF_022663115.1,s__Bacillus_Acereus_BD,95.0,82.53,0.271;GCF_030292155.1,s__Bacillus_Asp030292155,95.0,82.22,0.183;GCF_000017425.1,s__Bacillus_Acytotoxicus,95.0,81.82,0.26",92.14,11,N/A,N/A,Bacillus thuringiensis
UF-166,d__Bacteria;p__Pseudomonadota;c__Gammaproteobacteria;o__Enterobacterales;f__Enterobacteriaceae;g__Serratia;s__Serratiamarcescens,GCF_017299535.1,95.58,d__Bacteria;p__Pseudomonadota;c__Gammaproteobacteria;o__Enterobacterales;f__Enterobacteriaceae;g__Serratia;s__Serratiamarcescens,98.53,0.949,GCF_017299535.1,95.58,d__Bacteria;p__Pseudomonadota;c__Gammaproteobacteria;o__Enterobacterales;f__Enterobacteriaceae;g__Serratia;s__Serratiamarcescens,98.53,0.949,d__Bacteria;p__Pseudomonadota;c__Gammaproteobacteria;o__Enterobacterales;f__Enterobacteriaceae;g__Serratia;s__,taxonomicclassificationdefinedbytopologyandANI,topologicalplacementandANIhavecongruentspeciesassignments,"GCF_000738675.1,s__Serratianematodiphila,96.8,97.02,0.936;GCF_008011855.1,s__Serratiabockelmannii,95.51,95.37,0.907;GCF_002220655.1,s__Serratiamarcescens_K,95.02,95.03,0.895;GCF_013375155.1,s__Serratiaureilytica,95.0,94.9,0.887;GCF_029846115.1,s__Serratiamarcescens_L,96.11,94.88,0.905;GCF_008364245.1,s__Serratianevei,96.24,94.72,0.882;GCF_006715005.1,s__Serratiamarcescens_J,95.0,94.7,0.88;GCF_003812745.1,s__Serratiasp003812745,95.0,94.2,0.877;GCF_024160145.1,s__Serratianevei_A,95.0,94.13,0.833;GCF_001642805.2,s__Serratiasurfactantfaciens,95.0,94.07,0.882;GCF_001902635.1,s__Serratiamarcescens_F,95.0,93.27,0.817",95.73,11,N/A,N/A,Serratia marcescens 
UF-167,d__Bacteria;p__Pseudomonadota;c__Gammaproteobacteria;o__Enterobacterales;f__Enterobacteriaceae;g__Providencia_C;s__Providencia_Cmanganoxydans,GCA_016618195.1,95,d__Bacteria;p__Pseudomonadota;c__Gammaproteobacteria;o__Enterobacterales;f__Enterobacteriaceae;g__Providencia_C;s__Providencia_Cmanganoxydans,99.64,0.953,GCA_016618195.1,95,d__Bacteria;p__Pseudomonadota;c__Gammaproteobacteria;o__Enterobacterales;f__Enterobacteriaceae;g__Providencia_C;s__Providencia_Cmanganoxydans,99.64,0.953,d__Bacteria;p__Pseudomonadota;c__Gammaproteobacteria;o__Enterobacterales;f__Enterobacteriaceae;g__Providencia_C;s__,taxonomicclassificationdefinedbytopologyandANI,topologicalplacementandANIhavecongruentspeciesassignments,"GCA_900455155.1,s__Providencia_Cstuartii,95.0,82.26,0.241;GCF_029277985.1,s__Providencia_Cvermicola_A,95.0,82.07,0.241",96.7,11,N/A,N/A,Providencia manganoxydans 
UF-170,d__Bacteria;p__Pseudomonadota;c__Gammaproteobacteria;o__Enterobacterales;f__Enterobacteriaceae;g__Klebsiella;s__Klebsiellaplanticola,GCF_000735435.1,95.08,d__Bacteria;p__Pseudomonadota;c__Gammaproteobacteria;o__Enterobacterales;f__Enterobacteriaceae;g__Klebsiella;s__Klebsiellaplanticola,99.36,0.936,GCF_000735435.1,95.08,d__Bacteria;p__Pseudomonadota;c__Gammaproteobacteria;o__Enterobacterales;f__Enterobacteriaceae;g__Klebsiella;s__Klebsiellaplanticola,99.36,0.936,d__Bacteria;p__Pseudomonadota;c__Gammaproteobacteria;o__Enterobacterales;f__Enterobacteriaceae;g__Klebsiella;s__,taxonomicclassificationdefinedbytopologyandANI,topologicalplacementandANIhavecongruentspeciesassignments,"GCF_001598295.1,s__Klebsiellaornithinolytica,95.0,95.69,0.861;GCF_006711645.1,s__Klebsiellaelectrica,95.0,93.24,0.737;GCF_004342285.1,s__Klebsiellasp004342285,95.0,89.09,0.682;GCF_014298075.1,s__Klebsiellasp003752615,95.0,87.36,0.649;GCF_002270295.1,s__Klebsiellasp002270295,95.0,86.21,0.561;GCF_006539725.1,s__Klebsiellaterrigena,95.0,86.19,0.557;GCA_902490055.1,s__Klebsiellasp902490055,95.0,85.17,0.346;GCF_002925905.1,s__Klebsiellamichiganensis,95.0,84.75,0.437;GCF_900200035.1,s__Klebsiellagrimontii,95.0,84.69,0.432;GCF_902158555.1,s__Klebsiellaspallanzanii,95.0,84.43,0.402;GCF_001598695.1,s__Klebsiellaoxytoca,95.0,84.42,0.412;GCA_013705725.1,s__Klebsiellasp013705725,95.0,84.24,0.393;GCF_003261575.2,s__Klebsiellahuaxiensis,95.0,84.01,0.392;GCF_009707385.1,s__Klebsiellaoxytoca_C,95.0,83.94,0.394;GCF_020525925.1,s__Klebsiellaquasipneumoniae,95.0,83.85,0.41;GCF_002269255.1,s__Klebsiellaquasivariicola,95.0,83.81,0.379;GCF_000828055.2,s__Klebsiellavariicola,95.0,83.75,0.4;GCF_000742135.1,s__Klebsiellapneumoniae,95.0,83.61,0.393;GCA_029027985.1,s__Klebsiellaaerogenes_A,95.0,83.59,0.413;GCF_020526085.1,s__Klebsiellaafricana,95.0,83.58,0.396;GCF_000215745.1,s__Klebsiellaaerogenes,95.0,83.37,0.387;GCF_005860775.1,s__Klebsiellaindica,95.0,83.09,0.318",95.97,11,N/A,N/A,Klebsiella planticola
UF-173,d__Bacteria;p__Pseudomonadota;c__Gammaproteobacteria;o__Enterobacterales;f__Enterobacteriaceae;g__Serratia;s__Serratiaureilytica,GCF_013375155.1,95,d__Bacteria;p__Pseudomonadota;c__Gammaproteobacteria;o__Enterobacterales;f__Enterobacteriaceae;g__Serratia;s__Serratiaureilytica,98.53,0.909,GCF_013375155.1,95,d__Bacteria;p__Pseudomonadota;c__Gammaproteobacteria;o__Enterobacterales;f__Enterobacteriaceae;g__Serratia;s__Serratiaureilytica,98.53,0.909,d__Bacteria;p__Pseudomonadota;c__Gammaproteobacteria;o__Enterobacterales;f__Enterobacteriaceae;g__Serratia;s__,taxonomicclassificationdefinedbytopologyandANI,topologicalplacementandANIhavecongruentspeciesassignments,"GCF_000738675.1,s__Serratianematodiphila,96.8,94.99,0.856;GCF_008011855.1,s__Serratiabockelmannii,95.51,94.83,0.827;GCF_017299535.1,s__Serratiamarcescens,95.58,94.67,0.855;GCF_006715005.1,s__Serratiamarcescens_J,95.0,94.32,0.852;GCF_008364245.1,s__Serratianevei,96.24,94.13,0.837;GCF_002220655.1,s__Serratiamarcescens_K,95.02,94.09,0.829;GCF_029846115.1,s__Serratiamarcescens_L,96.11,93.97,0.823;GCF_001642805.2,s__Serratiasurfactantfaciens,95.0,93.91,0.85;GCF_024160145.1,s__Serratianevei_A,95.0,93.7,0.796;GCF_003812745.1,s__Serratiasp003812745,95.0,93.56,0.852;GCF_001902635.1,s__Serratiamarcescens_F,95.0,93.02,0.766",95.79,11,N/A,N/A,Serratia ureilytica 
UF-174,d__Bacteria;p__Pseudomonadota;c__Gammaproteobacteria;o__Enterobacterales;f__Enterobacteriaceae;g__Providencia_C;s__Providencia_Cmanganoxydans,GCA_016618195.1,95,d__Bacteria;p__Pseudomonadota;c__Gammaproteobacteria;o__Enterobacterales;f__Enterobacteriaceae;g__Providencia_C;s__Providencia_Cmanganoxydans,99.62,0.953,GCA_016618195.1,95,d__Bacteria;p__Pseudomonadota;c__Gammaproteobacteria;o__Enterobacterales;f__Enterobacteriaceae;g__Providencia_C;s__Providencia_Cmanganoxydans,99.62,0.953,d__Bacteria;p__Pseudomonadota;c__Gammaproteobacteria;o__Enterobacterales;f__Enterobacteriaceae;g__Providencia_C;s__,taxonomicclassificationdefinedbytopologyandANI,topologicalplacementandANIhavecongruentspeciesassignments,"GCA_900455155.1,s__Providencia_Cstuartii,95.0,82.22,0.239;GCF_029277985.1,s__Providencia_Cvermicola_A,95.0,82.01,0.238",96.7,11,N/A,N/A,Providencia manganoxydans 
UF-175,d__Bacteria;p__Pseudomonadota;c__Gammaproteobacteria;o__Enterobacterales;f__Enterobacteriaceae;g__Serratia;s__Serratiaureilytica,GCF_013375155.1,95,d__Bacteria;p__Pseudomonadota;c__Gammaproteobacteria;o__Enterobacterales;f__Enterobacteriaceae;g__Serratia;s__Serratiaureilytica,98.38,0.909,GCF_013375155.1,95,d__Bacteria;p__Pseudomonadota;c__Gammaproteobacteria;o__Enterobacterales;f__Enterobacteriaceae;g__Serratia;s__Serratiaureilytica,98.38,0.909,d__Bacteria;p__Pseudomonadota;c__Gammaproteobacteria;o__Enterobacterales;f__Enterobacteriaceae;g__Serratia;s__,taxonomicclassificationdefinedbytopologyandANI,topologicalplacementandANIhavecongruentspeciesassignments,"GCF_000738675.1,s__Serratianematodiphila,96.8,94.9,0.855;GCF_017299535.1,s__Serratiamarcescens,95.58,94.88,0.855;GCF_008011855.1,s__Serratiabockelmannii,95.51,94.82,0.827;GCF_006715005.1,s__Serratiamarcescens_J,95.0,94.33,0.853;GCF_008364245.1,s__Serratianevei,96.24,94.13,0.837;GCF_002220655.1,s__Serratiamarcescens_K,95.02,94.11,0.83;GCF_029846115.1,s__Serratiamarcescens_L,96.11,93.97,0.822;GCF_001642805.2,s__Serratiasurfactantfaciens,95.0,93.93,0.85;GCF_024160145.1,s__Serratianevei_A,95.0,93.7,0.796;GCF_003812745.1,s__Serratiasp003812745,95.0,93.57,0.851;GCF_001902635.1,s__Serratiamarcescens_F,95.0,93.02,0.766",95.79,11,N/A,N/A,Serratia ureilytica 
UF-176,d__Bacteria;p__Bacillota;c__Bacilli;o__Bacillales_A;f__Planococcaceae;g__Lysinibacillus;s__Lysinibacilluscapsici,GCF_003367505.1,95,d__Bacteria;p__Bacillota;c__Bacilli;o__Bacillales_A;f__Planococcaceae;g__Lysinibacillus;s__Lysinibacilluscapsici,98.92,0.902,GCF_003367505.1,95,d__Bacteria;p__Bacillota;c__Bacilli;o__Bacillales_A;f__Planococcaceae;g__Lysinibacillus;s__Lysinibacilluscapsici,98.92,0.902,d__Bacteria;p__Bacillota;c__Bacilli;o__Bacillales_A;f__Planococcaceae;g__Lysinibacillus;s__,taxonomicclassificationdefinedbytopologyandANI,topologicalplacementandANIhavecongruentspeciesassignments,"GCF_000772935.1,s__Lysinibacillusboronitolerans,95.0,94.99,0.847;GCF_016925635.1,s__Lysinibacillusfusiformis_F,95.0,93.09,0.79;GCF_028356935.1,s__Lysinibacillusfusiformis_D,95.0,87.58,0.604;GCF_009724685.1,s__Lysinibacilluscavernae,95.0,87.06,0.581;GCF_028877475.1,s__Lysinibacillussp028877475,95.0,86.99,0.58;GCF_001308875.1,s__Lysinibacillussp001308875,95.0,85.36,0.518;GCF_003049525.1,s__Lysinibacillusfusiformis,95.0,84.81,0.452;GCF_001629735.1,s__Lysinibacillussphaericus_A,95.0,84.7,0.447;GCF_001281525.1,s__Lysinibacillusmacroides,95.0,84.54,0.312;GCA_002973635.1,s__Lysinibacillussp002973635,95.0,82.24,0.231;GCF_016638705.1,s__Lysinibacillusagricola,95.0,82.0,0.171;GCA_001312325.1,s__Lysinibacilluspakistanensis,95.0,81.98,0.209;GCF_001708185.1,s__Lysinibacillusxylanilyticus_A,95.0,81.97,0.18;GCF_030348505.1,s__Lysinibacillussp030348505,95.0,81.8,0.174;GCF_001275675.1,s__Lysinibacillussp001275675,95.0,81.74,0.164;GCF_023337795.1,s__Lysinibacillussp023337795,95.0,81.72,0.164;GCF_006864135.1,s__Lysinibacillussp006864135,95.0,81.7,0.158;GCF_001183605.1,s__Lysinibacillusxylanilyticus,95.0,81.43,0.157;GCF_015844675.1,s__Lysinibacillussphaericus_E,95.0,81.4,0.155",93.72,11,N/A,N/A,Lysinibacillus capsici 
UF-177,d__Bacteria;p__Pseudomonadota;c__Gammaproteobacteria;o__Enterobacterales;f__Enterobacteriaceae;g__Serratia;s__Serratiaureilytica,GCF_013375155.1,95,d__Bacteria;p__Pseudomonadota;c__Gammaproteobacteria;o__Enterobacterales;f__Enterobacteriaceae;g__Serratia;s__Serratiaureilytica,98.28,0.909,GCF_013375155.1,95,d__Bacteria;p__Pseudomonadota;c__Gammaproteobacteria;o__Enterobacterales;f__Enterobacteriaceae;g__Serratia;s__Serratiaureilytica,98.28,0.909,d__Bacteria;p__Pseudomonadota;c__Gammaproteobacteria;o__Enterobacterales;f__Enterobacteriaceae;g__Serratia;s__,taxonomicclassificationdefinedbytopologyandANI,topologicalplacementandANIhavecongruentspeciesassignments,"GCF_000738675.1,s__Serratianematodiphila,96.8,94.95,0.853;GCF_008011855.1,s__Serratiabockelmannii,95.51,94.8,0.808;GCF_017299535.1,s__Serratiamarcescens,95.58,94.73,0.852;GCF_008364245.1,s__Serratianevei,96.24,94.21,0.819;GCF_006715005.1,s__Serratiamarcescens_J,95.0,94.19,0.816;GCF_002220655.1,s__Serratiamarcescens_K,95.02,94.07,0.815;GCF_029846115.1,s__Serratiamarcescens_L,96.11,93.93,0.829;GCF_024160145.1,s__Serratianevei_A,95.0,93.9,0.79;GCF_001642805.2,s__Serratiasurfactantfaciens,95.0,93.87,0.852;GCF_003812745.1,s__Serratiasp003812745,95.0,93.51,0.857;GCF_001902635.1,s__Serratiamarcescens_F,95.0,92.87,0.756",95.79,11,N/A,N/A,Serratia ureilytica 
UF-178,d__Bacteria;p__Pseudomonadota;c__Gammaproteobacteria;o__Enterobacterales;f__Enterobacteriaceae;g__Providencia;s__Providenciarettgeri,GCA_900455085.1,95,d__Bacteria;p__Pseudomonadota;c__Gammaproteobacteria;o__Enterobacterales;f__Enterobacteriaceae;g__Providencia;s__Providenciarettgeri,95.01,0.809,GCA_900455085.1,95,d__Bacteria;p__Pseudomonadota;c__Gammaproteobacteria;o__Enterobacterales;f__Enterobacteriaceae;g__Providencia;s__Providenciarettgeri,95.01,0.809,d__Bacteria;p__Pseudomonadota;c__Gammaproteobacteria;o__Enterobacterales;f__Enterobacteriaceae;g__Providencia;s__,taxonomicclassificationdefinedbytopologyandANI,topologicalplacementandANIhavecongruentspeciesassignments,"GCF_013255915.1,s__Providenciarettgeri_D,95.0,91.53,0.771;GCF_002843235.3,s__Providenciahuaxiensis,95.0,90.95,0.753;GCF_023205015.1,s__Providenciarettgeri_E,95.0,90.19,0.718;GCF_001874625.1,s__Providenciarettgeri_A,95.0,83.92,0.394;GCF_019343475.1,s__Providenciasp019343475,95.0,83.46,0.347;GCF_020381325.1,s__Providenciavermicola,95.0,83.39,0.391;GCF_001655055.1,s__Providenciaheimbachae,95.0,80.8,0.199;GCF_915403165.1,s__Providenciaalcalifaciens_C,95.0,80.49,0.151;GCF_027595165.1,s__Providenciaalcalifaciens_A,95.0,80.33,0.158;GCF_013702265.1,s__Providenciarettgeri_F,95.0,80.31,0.153;GCF_000156395.1,s__Providenciarustigianii,95.0,80.12,0.161;GCF_003533305.1,s__Providenciasp003533305,95.0,79.87,0.166",96.84,11,N/A,N/A,Providencia rettgeri
UF-180,d__Bacteria;p__Pseudomonadota;c__Gammaproteobacteria;o__Enterobacterales;f__Enterobacteriaceae;g__Serratia;s__Serratiaureilytica,GCF_013375155.1,95,d__Bacteria;p__Pseudomonadota;c__Gammaproteobacteria;o__Enterobacterales;f__Enterobacteriaceae;g__Serratia;s__Serratiaureilytica,98.38,0.909,GCF_013375155.1,95,d__Bacteria;p__Pseudomonadota;c__Gammaproteobacteria;o__Enterobacterales;f__Enterobacteriaceae;g__Serratia;s__Serratiaureilytica,98.38,0.909,d__Bacteria;p__Pseudomonadota;c__Gammaproteobacteria;o__Enterobacterales;f__Enterobacteriaceae;g__Serratia;s__,taxonomicclassificationdefinedbytopologyandANI,topologicalplacementandANIhavecongruentspeciesassignments,"GCF_000738675.1,s__Serratianematodiphila,96.8,94.9,0.855;GCF_008011855.1,s__Serratiabockelmannii,95.51,94.83,0.827;GCF_017299535.1,s__Serratiamarcescens,95.58,94.68,0.856;GCF_006715005.1,s__Serratiamarcescens_J,95.0,94.2,0.855;GCF_008364245.1,s__Serratianevei,96.24,94.14,0.837;GCF_002220655.1,s__Serratiamarcescens_K,95.02,94.11,0.83;GCF_029846115.1,s__Serratiamarcescens_L,96.11,93.98,0.823;GCF_001642805.2,s__Serratiasurfactantfaciens,95.0,93.79,0.85;GCF_024160145.1,s__Serratianevei_A,95.0,93.71,0.796;GCF_003812745.1,s__Serratiasp003812745,95.0,93.44,0.853;GCF_001902635.1,s__Serratiamarcescens_F,95.0,93.03,0.766",95.79,11,N/A,N/A,Serratia ureilytica 
UF-181,d__Bacteria;p__Pseudomonadota;c__Gammaproteobacteria;o__Enterobacterales;f__Enterobacteriaceae;g__Providencia;s__Providenciavermicola,GCF_020381325.1,95,d__Bacteria;p__Pseudomonadota;c__Gammaproteobacteria;o__Enterobacterales;f__Enterobacteriaceae;g__Providencia;s__Providenciavermicola,95.63,0.881,GCF_020381325.1,95,d__Bacteria;p__Pseudomonadota;c__Gammaproteobacteria;o__Enterobacterales;f__Enterobacteriaceae;g__Providencia;s__Providenciavermicola,95.63,0.881,d__Bacteria;p__Pseudomonadota;c__Gammaproteobacteria;o__Enterobacterales;f__Enterobacteriaceae;g__Providencia;s__,taxonomicclassificationdefinedbytopologyandANI,topologicalplacementandANIhavecongruentspeciesassignments,"GCF_019343475.1,s__Providenciasp019343475,95.0,90.7,0.791;GCA_900455085.1,s__Providenciarettgeri,95.0,83.96,0.38;GCF_013255915.1,s__Providenciarettgeri_D,95.0,83.68,0.39;GCF_002843235.3,s__Providenciahuaxiensis,95.0,83.58,0.363;GCF_023205015.1,s__Providenciarettgeri_E,95.0,83.22,0.345;GCF_001874625.1,s__Providenciarettgeri_A,95.0,82.82,0.36;GCF_001655055.1,s__Providenciaheimbachae,95.0,80.54,0.195;GCF_003533305.1,s__Providenciasp003533305,95.0,80.25,0.164;GCF_000156395.1,s__Providenciarustigianii,95.0,80.09,0.151",96.03,11,N/A,N/A,Providencia vermicola
UF-183,d__Bacteria;p__Pseudomonadota;c__Gammaproteobacteria;o__Enterobacterales;f__Enterobacteriaceae;g__Providencia;s__,N/A,N/A,N/A,N/A,N/A,GCF_019343475.1,95,d__Bacteria;p__Pseudomonadota;c__Gammaproteobacteria;o__Enterobacterales;f__Enterobacteriaceae;g__Providencia;s__Providenciasp019343475,93.54,0.793,d__Bacteria;p__Pseudomonadota;c__Gammaproteobacteria;o__Enterobacterales;f__Enterobacteriaceae;g__Providencia;s__,taxonomicclassificationdefinedbytopologyandANI,classificationbasedonplacementinclass-leveltree,"GCF_020381325.1,s__Providenciavermicola,95.0,90.07,0.794;GCA_900455085.1,s__Providenciarettgeri,95.0,83.67,0.355;GCF_002843235.3,s__Providenciahuaxiensis,95.0,83.58,0.335;GCF_013255915.1,s__Providenciarettgeri_D,95.0,83.47,0.344;GCF_023205015.1,s__Providenciarettgeri_E,95.0,83.26,0.319;GCF_001874625.1,s__Providenciarettgeri_A,95.0,82.59,0.314;GCF_001655055.1,s__Providenciaheimbachae,95.0,80.92,0.204;GCF_000173415.1,s__Providenciaalcalifaciens,95.0,80.45,0.158;GCF_013702265.1,s__Providenciarettgeri_F,95.0,80.41,0.158;GCF_915403165.1,s__Providenciaalcalifaciens_C,95.0,80.3,0.164;GCF_027595165.1,s__Providenciaalcalifaciens_A,95.0,80.22,0.158;GCF_000156395.1,s__Providenciarustigianii,95.0,79.98,0.159;GCF_003533305.1,s__Providenciasp003533305,95.0,79.97,0.151",95.13,11,0.99823,Genomenotassignedtoclosestspeciesasitfallsoutsideitspre-definedANIradius,Providencia sp 
UF-184,d__Bacteria;p__Pseudomonadota;c__Gammaproteobacteria;o__Enterobacterales;f__Enterobacteriaceae;g__Providencia_C;s__Providencia_Cmanganoxydans,GCA_016618195.1,95,d__Bacteria;p__Pseudomonadota;c__Gammaproteobacteria;o__Enterobacterales;f__Enterobacteriaceae;g__Providencia_C;s__Providencia_Cmanganoxydans,99.66,0.954,GCA_016618195.1,95,d__Bacteria;p__Pseudomonadota;c__Gammaproteobacteria;o__Enterobacterales;f__Enterobacteriaceae;g__Providencia_C;s__Providencia_Cmanganoxydans,99.66,0.954,d__Bacteria;p__Pseudomonadota;c__Gammaproteobacteria;o__Enterobacterales;f__Enterobacteriaceae;g__Providencia_C;s__,taxonomicclassificationdefinedbytopologyandANI,topologicalplacementandANIhavecongruentspeciesassignments,"GCA_900455155.1,s__Providencia_Cstuartii,95.0,82.33,0.241;GCF_029277985.1,s__Providencia_Cvermicola_A,95.0,82.03,0.239",96.7,11,N/A,N/A,Providencia manganoxydans 
UF-185,d__Bacteria;p__Pseudomonadota;c__Gammaproteobacteria;o__Enterobacterales;f__Enterobacteriaceae;g__Serratia;s__Serratiaureilytica,GCF_013375155.1,95,d__Bacteria;p__Pseudomonadota;c__Gammaproteobacteria;o__Enterobacterales;f__Enterobacteriaceae;g__Serratia;s__Serratiaureilytica,98.4,0.908,GCF_013375155.1,95,d__Bacteria;p__Pseudomonadota;c__Gammaproteobacteria;o__Enterobacterales;f__Enterobacteriaceae;g__Serratia;s__Serratiaureilytica,98.4,0.908,d__Bacteria;p__Pseudomonadota;c__Gammaproteobacteria;o__Enterobacterales;f__Enterobacteriaceae;g__Serratia;s__,taxonomicclassificationdefinedbytopologyandANI,topologicalplacementandANIhavecongruentspeciesassignments,"GCF_000738675.1,s__Serratianematodiphila,96.8,95.0,0.855;GCF_017299535.1,s__Serratiamarcescens,95.58,94.9,0.856;GCF_008011855.1,s__Serratiabockelmannii,95.51,94.83,0.827;GCF_006715005.1,s__Serratiamarcescens_J,95.0,94.35,0.853;GCF_008364245.1,s__Serratianevei,96.24,94.14,0.837;GCF_002220655.1,s__Serratiamarcescens_K,95.02,94.12,0.829;GCF_029846115.1,s__Serratiamarcescens_L,96.11,93.98,0.822;GCF_001642805.2,s__Serratiasurfactantfaciens,95.0,93.93,0.847;GCF_024160145.1,s__Serratianevei_A,95.0,93.71,0.796;GCF_003812745.1,s__Serratiasp003812745,95.0,93.57,0.853;GCF_001902635.1,s__Serratiamarcescens_F,95.0,93.03,0.766",95.79,11,N/A,N/A,Serratia ureilytica 
UF-186,d__Bacteria;p__Pseudomonadota;c__Gammaproteobacteria;o__Enterobacterales;f__Enterobacteriaceae;g__Providencia_C;s__Providencia_Cmanganoxydans,GCA_016618195.1,95,d__Bacteria;p__Pseudomonadota;c__Gammaproteobacteria;o__Enterobacterales;f__Enterobacteriaceae;g__Providencia_C;s__Providencia_Cmanganoxydans,99.63,0.953,GCA_016618195.1,95,d__Bacteria;p__Pseudomonadota;c__Gammaproteobacteria;o__Enterobacterales;f__Enterobacteriaceae;g__Providencia_C;s__Providencia_Cmanganoxydans,99.63,0.953,d__Bacteria;p__Pseudomonadota;c__Gammaproteobacteria;o__Enterobacterales;f__Enterobacteriaceae;g__Providencia_C;s__,taxonomicclassificationdefinedbytopologyandANI,topologicalplacementandANIhavecongruentspeciesassignments,"GCA_900455155.1,s__Providencia_Cstuartii,95.0,82.29,0.237;GCF_029277985.1,s__Providencia_Cvermicola_A,95.0,82.02,0.239",96.7,11,N/A,N/A,Providencia manganoxydans 
UF-187,d__Bacteria;p__Pseudomonadota;c__Gammaproteobacteria;o__Enterobacterales;f__Enterobacteriaceae;g__Serratia;s__Serratianevei,GCF_008364245.1,96.24,d__Bacteria;p__Pseudomonadota;c__Gammaproteobacteria;o__Enterobacterales;f__Enterobacteriaceae;g__Serratia;s__Serratianevei,97.7,0.845,GCF_008364245.1,96.24,d__Bacteria;p__Pseudomonadota;c__Gammaproteobacteria;o__Enterobacterales;f__Enterobacteriaceae;g__Serratia;s__Serratianevei,97.7,0.845,d__Bacteria;p__Pseudomonadota;c__Gammaproteobacteria;o__Enterobacterales;f__Enterobacteriaceae;g__Serratia;s__,taxonomicclassificationdefinedbytopologyandANI,topologicalplacementandANIhavecongruentspeciesassignments,"GCF_003812745.1,s__Serratiasp003812745,95.0,96.11,0.915;GCF_029846115.1,s__Serratiamarcescens_L,96.11,95.92,0.864;GCF_006715005.1,s__Serratiamarcescens_J,95.0,95.78,0.83;GCF_002220655.1,s__Serratiamarcescens_K,95.02,95.69,0.83;GCF_024160145.1,s__Serratianevei_A,95.0,95.43,0.794;GCF_008011855.1,s__Serratiabockelmannii,95.51,94.91,0.828;GCF_000738675.1,s__Serratianematodiphila,96.8,94.67,0.839;GCF_017299535.1,s__Serratiamarcescens,95.58,94.66,0.857;GCF_013375155.1,s__Serratiaureilytica,95.0,94.31,0.825;GCF_001642805.2,s__Serratiasurfactantfaciens,95.0,94.3,0.867;GCF_001902635.1,s__Serratiamarcescens_F,95.0,94.0,0.776",95.87,11,N/A,N/A,Serratia nevei
UF-209,d__Bacteria;p__Pseudomonadota;c__Gammaproteobacteria;o__Pseudomonadales;f__Pseudomonadaceae;g__Pseudomonas_E;s__Pseudomonas_Eputida_E,GCF_016406145.1,95,d__Bacteria;p__Pseudomonadota;c__Gammaproteobacteria;o__Pseudomonadales;f__Pseudomonadaceae;g__Pseudomonas_E;s__Pseudomonas_Eputida_E,96.34,0.865,GCF_016406145.1,95,d__Bacteria;p__Pseudomonadota;c__Gammaproteobacteria;o__Pseudomonadales;f__Pseudomonadaceae;g__Pseudomonas_E;s__Pseudomonas_Eputida_E,96.34,0.865,d__Bacteria;p__Pseudomonadota;c__Gammaproteobacteria;o__Pseudomonadales;f__Pseudomonadaceae;g__Pseudomonas_E;s__,taxonomicclassificationdefinedbytopologyandANI,topologicalplacementandANIhavecongruentspeciesassignments,"GCF_026625125.1,s__Pseudomonas_Eputida_X,95.0,93.56,0.805;GCF_021602585.1,s__Pseudomonas_Efaucium,95.0,88.16,0.593;GCF_009883635.2,s__Pseudomonas_Eputida_W,95.0,87.98,0.569;GCF_003097235.1,s__Pseudomonas_Esp003097235,95.0,87.91,0.565;GCF_002112505.1,s__Pseudomonas_Esp002112505,95.0,87.87,0.576;GCF_000282535.1,s__Pseudomonas_Esp000282535,95.0,87.83,0.55;GCF_002906855.1,s__Pseudomonas_Eputida_N,95.0,87.75,0.568;GCF_024349685.1,s__Pseudomonas_Esp024349685,95.0,87.73,0.549;GCF_021602025.1,s__Pseudomonas_Eceruminis,95.0,87.68,0.577;GCF_002025705.1,s__Pseudomonas_Eputida_J,95.0,87.64,0.562;GCF_000730665.1,s__Pseudomonas_Eplecoglossicida,95.0,87.59,0.551;GCF_017744435.1,s__Pseudomonas_Esp017744435,95.0,87.42,0.556;GCF_001320245.1,s__Pseudomonas_Esp001320245,95.0,87.39,0.565;GCF_009391885.1,s__Pseudomonas_Esp009391885,95.0,87.33,0.597;GCF_000731675.1,s__Pseudomonas_Ecapeferrum,95.0,87.08,0.546;GCF_014269035.2,s__Pseudomonas_Evlassakiae,95.0,87.07,0.545;GCF_003331055.1,s__Pseudomonas_Esp003331055,95.0,87.07,0.527;GCF_009932335.1,s__Pseudomonas_Easiatica,95.0,87.02,0.487;GCF_025905425.1,s__Pseudomonas_Eputida_AF,95.0,87.01,0.511;GCF_022533585.1,s__Pseudomonas_Esp001642705,95.0,86.93,0.493;GCF_000935045.1,s__Pseudomonas_Esp000935045,95.0,86.84,0.49;GCF_900291015.1,s__Pseudomonas_Esp900291015,95.0,86.78,0.49;GCF_000498395.2,s__Pseudomonas_Eputida_Q,95.0,86.73,0.496;GCF_005080685.1,s__Pseudomonas_Eputida_V,95.0,86.73,0.486;GCF_014268935.2,s__Pseudomonas_Eperadeniyensis,95.0,86.73,0.445;GCF_014269205.2,s__Pseudomonas_Ekermanshahensis,95.0,86.71,0.509;GCF_011752565.1,s__Pseudomonas_Esp011752565,95.0,86.69,0.523;GCF_030159595.1,s__Pseudomonas_Eputida_AC,95.0,86.68,0.499;GCF_028898945.1,s__Pseudomonas_Esp028898945,95.0,86.66,0.492;GCA_029953615.1,s__Pseudomonas_Esp002113165,95.0,86.66,0.473;GCF_015680575.1,s__Pseudomonas_Eputida_Z,95.0,86.65,0.488;GCF_002165135.1,s__Pseudomonas_Esp002165135,95.0,86.65,0.478;GCF_000412675.1,s__Pseudomonas_Eputida,95.0,86.57,0.507;GCF_900277125.1,s__Pseudomonas_Einefficax,95.0,86.56,0.493;GCF_014269225.2,s__Pseudomonas_Eanuradhapurensis,95.0,86.56,0.486;GCF_013393325.1,s__Pseudomonas_Eputida_P,95.0,86.54,0.508;GCF_916618955.1,s__Pseudomonas_Esp916618955,95.0,86.54,0.493;GCF_003627215.1,s__Pseudomonas_Esp001422615,95.0,86.54,0.475;GCF_002356095.1,s__Pseudomonas_Eputida_H,95.0,86.52,0.502;GCF_019823065.1,s__Pseudomonas_Emosselii,95.0,86.52,0.462;GCF_021283545.2,s__Pseudomonas_Ealloputida,95.0,86.5,0.495;GCA_947090765.1,s__Pseudomonas_Esp947090765,95.0,86.48,0.5;GCF_015680405.1,s__Pseudomonas_Epudica,95.0,86.48,0.485;GCF_019139535.1,s__Pseudomonas_Emuyukensis,95.0,86.44,0.436;GCF_013179515.1,s__Pseudomonas_Esp013179515,95.0,86.43,0.46;GCF_014269185.2,s__Pseudomonas_Eoryzicola,95.0,86.42,0.525;GCF_029202525.1,s__Pseudomonas_Ephytovorans,95.0,86.36,0.476;GCF_029836165.1,s__Pseudomonas_Esp029836165,95.0,86.34,0.443;GCF_000730605.1,s__Pseudomonas_Emonteilii,95.0,86.32,0.519;GCF_002386445.1,s__Pseudomonas_Esp002386445,95.0,86.26,0.505;GCF_000708715.2,s__Pseudomonas_Eputida_R,95.0,86.25,0.502;GCF_016658545.1,s__Pseudomonas_Esp016658545,95.0,86.2,0.474;GCF_019139675.1,s__Pseudomonas_Emaumuensis,95.0,86.2,0.447;GCF_018417595.1,s__Pseudomonas_Eentomophila_C,95.0,86.19,0.433;GCF_002906795.1,s__Pseudomonas_Eputida_Y,95.0,86.18,0.469;GCF_024749165.1,s__Pseudomonas_Esp024749165,95.0,86.1,0.445;GCF_000026105.1,s__Pseudomonas_Eentomophila,95.0,86.1,0.433;GCF_019139895.1,s__Pseudomonas_Efakonensis,95.0,86.09,0.436;GCF_009932375.1,s__Pseudomonas_Ejuntendi,95.0,86.07,0.437;GCF_003205205.1,s__Pseudomonas_Esp003205205,95.0,86.06,0.476;GCF_014268885.2,s__Pseudomonas_Exantholysinigenes,95.0,86.01,0.412;GCF_016648105.1,s__Pseudomonas_Esp016648105,95.0,86.0,0.478;GCF_021601385.1,s__Pseudomonas_Eparasichuanensis,95.0,85.96,0.454;GCF_029840925.1,s__Pseudomonas_Esp029840925,95.0,85.95,0.439;GCF_023277925.1,s__Pseudomonas_Eentomophila_D,95.0,85.86,0.431;GCF_900110655.1,s__Pseudomonas_Esoli,95.0,85.79,0.448;GCF_003231305.1,s__Pseudomonas_Esichuanensis,95.0,85.74,0.443;GCF_011752525.1,s__Pseudomonas_Esp011752525,95.0,85.71,0.442;GCF_004519305.1,s__Pseudomonas_Esp004519305,95.0,85.71,0.436;GCF_024127895.1,s__Pseudomonas_Eguariconensis_B,95.0,85.69,0.46;GCF_003205295.1,s__Pseudomonas_Emosselii_B,95.0,85.66,0.443;GCF_000425785.1,s__Pseudomonas_Etaiwanensis,95.0,85.6,0.488;GCF_900536025.1,s__Pseudomonas_Ereidholzensis,95.0,85.54,0.451;GCF_015354575.1,s__Pseudomonas_Esp015354575,95.0,85.51,0.427;GCF_015680235.1,s__Pseudomonas_Eguariconensis_A,95.0,85.46,0.432;GCF_029193575.1,s__Pseudomonas_Eentomophila_G,95.0,85.45,0.45;GCF_029478665.1,s__Pseudomonas_Eentomophila_F,95.0,85.45,0.433;GCF_020151015.1,s__Pseudomonas_Eputida_K,95.0,85.44,0.402;GCF_004357765.1,s__Pseudomonas_Eputida_U,95.0,85.4,0.443;GCF_001636055.1,s__Pseudomonas_Eputida_B,95.0,85.32,0.415;GCF_014268815.2,s__Pseudomonas_Eurmiensis,95.0,85.24,0.416;GCA_014268975.2,s__Pseudomonas_Ewayambapalatensis,95.0,85.19,0.411;GCF_022405695.1,s__Pseudomonas_Eentomophila_E,95.0,85.18,0.423;GCF_002741075.1,s__Pseudomonas_Eputida_T,95.0,85.03,0.385;GCF_007677725.1,s__Pseudomonas_Esp003445295,95.0,84.98,0.448;GCF_017875955.1,s__Pseudomonas_Esp017875955,95.0,84.94,0.388;GCF_015680295.1,s__Pseudomonas_Eguariconensis_D,95.0,84.91,0.384;GCF_014269025.2,s__Pseudomonas_Epromysalinigenes,95.0,84.88,0.452;GCF_900102675.1,s__Pseudomonas_Eguariconensis,95.0,84.74,0.418;GCF_005796105.1,s__Pseudomonas_Emosselii_C,95.0,84.69,0.386;GCF_000730645.1,s__Pseudomonas_Eparafulva,95.0,84.61,0.405;GCF_015680245.1,s__Pseudomonas_Eguariconensis_C,95.0,84.46,0.382;GCF_014268805.2,s__Pseudomonas_Efarsensis,95.0,84.43,0.36;GCF_014268785.2,s__Pseudomonas_Eshirazensis,95.0,83.85,0.365;GCF_000800255.1,s__Pseudomonas_Eparafulva_A,95.0,83.79,0.349;GCF_016518545.1,s__Pseudomonas_Esp016518545,95.0,83.61,0.301;GCF_002021815.1,s__Pseudomonas_Eparafulva_B,95.0,83.46,0.352;GCF_000730565.1,s__Pseudomonas_Efulva,95.0,83.43,0.34;GCF_000759535.1,s__Pseudomonas_Ecremoricolorata_A,95.0,82.52,0.296",96.96,11,N/A,N/A,Pseudomonas putida E 
UF-212,d__Bacteria;p__Pseudomonadota;c__Gammaproteobacteria;o__Pseudomonadales;f__Pseudomonadaceae;g__Pseudomonas_E;s__Pseudomonas_Eglycinae,GCF_001594225.2,95,d__Bacteria;p__Pseudomonadota;c__Gammaproteobacteria;o__Pseudomonadales;f__Pseudomonadaceae;g__Pseudomonas_E;s__Pseudomonas_Eglycinae,99.28,0.951,GCF_001594225.2,95,d__Bacteria;p__Pseudomonadota;c__Gammaproteobacteria;o__Pseudomonadales;f__Pseudomonadaceae;g__Pseudomonas_E;s__Pseudomonas_Eglycinae,99.28,0.951,d__Bacteria;p__Pseudomonadota;c__Gammaproteobacteria;o__Pseudomonadales;f__Pseudomonadaceae;g__Pseudomonas_E;s__,taxonomicclassificationdefinedbytopologyandANI,topologicalplacementandANIhavecongruentspeciesassignments,"GCF_021601625.1,s__Pseudomonas_Eparaglycinae,95.0,94.63,0.851;GCF_021602345.1,s__Pseudomonas_Epharyngis,95.0,94.38,0.845;GCF_017498465.1,s__Pseudomonas_Efluorescens_CA,95.0,94.14,0.817;GCF_021603585.1,s__Pseudomonas_Esputi,95.0,94.02,0.814;GCF_014863585.1,s__Pseudomonas_Egozinkensis,95.0,94.01,0.827;GCF_030344995.1,s__Pseudomonas_Efluorescens_BF,95.0,93.96,0.832;GCF_021018765.1,s__Pseudomonas_Efitomaticsae,95.0,93.95,0.837;GCF_002113125.1,s__Pseudomonas_Esp002113125,95.0,93.83,0.854;GCF_025447595.1,s__Pseudomonas_Ekoreensis_H,95.0,93.49,0.819;GCF_020544405.1,s__Pseudomonas_Esp002113045,95.0,93.35,0.829;GCF_012974785.1,s__Pseudomonas_Efluorescens_BT,95.0,92.0,0.802;GCF_014863605.1,s__Pseudomonas_Eallokribbensis,95.0,91.72,0.769;GCF_002112385.1,s__Pseudomonas_Esp002112385,95.0,91.65,0.772;GCF_003352185.1,s__Pseudomonas_Ekribbensis,95.0,91.57,0.758;GCF_023375815.1,s__Pseudomonas_Esp023375815,95.0,91.45,0.769;GCF_001679645.1,s__Pseudomonas_Ebananamidigenes,95.0,90.74,0.782;GCF_019145475.1,s__Pseudomonas_Ebotevensis,95.0,89.27,0.691;GCF_030209175.1,s__Pseudomonas_Esp030209175,95.0,89.19,0.701;GCF_011369485.1,s__Pseudomonas_Eatagonensis,95.0,89.05,0.676;GCF_021602155.1,s__Pseudomonas_Eparakoreensis,95.0,88.92,0.638;GCF_011605305.1,s__Pseudomonas_Ekoreensis_G,95.0,88.84,0.646;GCF_000282275.2,s__Pseudomonas_Esp000282275,95.0,88.82,0.648;GCF_000633255.1,s__Pseudomonas_Esp000633255,95.0,88.81,0.628;GCF_012986595.1,s__Pseudomonas_Ekoreensis,95.0,88.79,0.662;GCF_028830055.1,s__Pseudomonas_Eserboccidentalis,95.0,88.74,0.656;GCF_003061005.1,s__Pseudomonas_Esp003061005,95.0,88.74,0.633;GCF_000631985.1,s__Pseudomonas_Esp000631985,95.0,88.69,0.638;GCF_002878485.1,s__Pseudomonas_Esp002878485,95.0,88.69,0.625;GCF_004683905.1,s__Pseudomonas_Eputida_A,95.0,88.68,0.647;GCF_000292795.1,s__Pseudomonas_Efluorescens_H,95.0,88.61,0.609;GCF_014268495.2,s__Pseudomonas_Emonsensis,95.0,88.4,0.61;GCF_014472415.1,s__Pseudomonas_Esp014472415,95.0,88.38,0.639;GCF_004011755.1,s__Pseudomonas_Esp004011755,95.0,88.32,0.631;GCF_001648775.1,s__Pseudomonas_Efluorescens_M,95.0,88.31,0.623;GCA_900580865.1,s__Pseudomonas_Esp900580865,95.0,88.31,0.611;GCF_018138145.1,s__Pseudomonas_Ekoreensis_A,95.0,88.28,0.626;GCF_002813455.1,s__Pseudomonas_Ebaetica,95.0,88.25,0.593;GCF_018326005.1,s__Pseudomonas_Esp002901475,95.0,88.24,0.607;GCF_009764645.1,s__Pseudomonas_Esp009764645,95.0,88.23,0.619;GCF_902497745.1,s__Pseudomonas_Efluorescens_BM,95.0,88.23,0.612;GCF_014268445.2,s__Pseudomonas_Etensinigenes,95.0,88.22,0.622;GCF_029543085.1,s__Pseudomonas_Esp029543085,95.0,88.19,0.626;GCF_000802985.1,s__Pseudomonas_Efluorescens_BZ,95.0,88.16,0.618;GCF_013433315.1,s__Pseudomonas_Ecrudilactis,95.0,88.15,0.629;GCF_003732425.1,s__Pseudomonas_Efluorescens_BE,95.0,88.15,0.609;GCF_009834515.1,s__Pseudomonas_Esp009834515,95.0,88.13,0.628;GCF_030687715.1,s__Pseudomonas_Esp030687715,95.0,88.12,0.63;GCF_015461835.1,s__Pseudomonas_Eneuropathica,95.0,88.1,0.62;GCF_900187605.1,s__Pseudomonas_Esp900187605,95.0,88.1,0.618;GCF_028656995.1,s__Pseudomonas_Esp028656995,95.0,88.1,0.615;GCF_022662375.1,s__Pseudomonas_Esp022662375,95.0,88.09,0.629;GCF_016651305.1,s__Pseudomonas_Esp016651305,95.0,88.08,0.616;GCF_019145435.1,s__Pseudomonas_Eekonensis,95.0,88.05,0.652;GCF_001297015.1,s__Pseudomonas_Esp001297015,95.0,88.01,0.606;GCA_900582195.1,s__Pseudomonas_Esp900582195,95.0,88.0,0.614;GCF_023634765.1,s__Pseudomonas_Esp023634765,95.0,87.97,0.605;GCF_900182985.1,s__Pseudomonas_Ehelmanticensis,95.0,87.95,0.598;GCF_000282515.1,s__Pseudomonas_Esp000282515,95.0,87.87,0.604;GCF_018336155.1,s__Pseudomonas_Erustica,95.0,87.84,0.579;GCF_016650635.1,s__Pseudomonas_Esp016650635,95.0,87.81,0.589;GCA_000783395.1,s__Pseudomonas_Echlororaphis_H,95.0,87.75,0.624;GCF_005938625.1,s__Pseudomonas_Efluorescens_BD,95.0,87.69,0.629;GCF_019733355.1,s__Pseudomonas_Ebaetica_A,95.0,87.69,0.566;GCF_025397885.1,s__Pseudomonas_Eiridis,95.0,87.53,0.573;GCA_902825215.1,s__Pseudomonas_Efluorescens_G,95.0,87.45,0.567;GCF_017976235.1,s__Pseudomonas_Eanatoliensis,95.0,87.44,0.575;GCF_019145195.1,s__Pseudomonas_Esiliginis,95.52,87.43,0.584;GCF_004801935.1,s__Pseudomonas_Eatacamensis,96.51,87.4,0.565;GCA_021605415.1,s__Pseudomonas_Esyringae_S,95.0,87.34,0.568;GCF_024169245.1,s__Pseudomonas_Ekoreensis_F,95.0,87.29,0.591;GCF_014268585.2,s__Pseudomonas_Eiranensis,95.0,87.28,0.563;GCF_900105485.1,s__Pseudomonas_Egranadensis,95.0,87.2,0.577;GCF_025706525.1,s__Pseudomonas_Emercuritolerans,95.24,87.2,0.547;GCA_030544685.1,s__Pseudomonas_Efluorescens_AO,95.0,87.13,0.577;GCF_900105805.1,s__Pseudomonas_Emoraviensis_A,95.0,87.11,0.561;GCF_019145375.1,s__Pseudomonas_Etriticicola,96.22,87.11,0.552;GCF_014268595.2,s__Pseudomonas_Ehamedanensis,95.0,86.92,0.559;GCF_002836515.1,s__Pseudomonas_Esp002836515,95.0,86.84,0.556;GCF_014268505.2,s__Pseudomonas_Ekhorasanensis,95.0,86.77,0.578;GCF_900636825.1,s__Pseudomonas_Efluorescens_BG,95.0,86.55,0.531;GCF_000282355.1,s__Pseudomonas_Esp000282355,95.0,86.27,0.416;GCF_000282335.1,s__Pseudomonas_Esp000282335,95.0,86.19,0.437;GCF_001945365.1,s__Pseudomonas_Ereinekei,95.0,86.1,0.463;GCF_028682635.1,s__Pseudomonas_Eputida_AE,95.0,86.02,0.422;GCF_001317545.1,s__Pseudomonas_Efluorescens_CD,95.0,85.97,0.433;GCF_002934665.1,s__Pseudomonas_Elaurylsulfatiphila,95.0,85.83,0.452;GCF_019145495.1,s__Pseudomonas_Eazerbaijanoccidentalis,95.0,85.8,0.455;GCF_003258965.1,s__Pseudomonas_Efluorescens_CC,95.0,85.73,0.444;GCF_002906155.1,s__Pseudomonas_Elaurylsulfativorans,95.0,85.57,0.44;GCF_028471945.1,s__Pseudomonas_Esp000282475,95.0,85.57,0.431;GCF_004348895.1,s__Pseudomonas_Evancouverensis,95.0,85.55,0.433;GCF_003228315.1,s__Pseudomonas_Eputida_S,95.0,85.51,0.433;GCF_900187565.1,s__Pseudomonas_Esp900187565,95.0,85.49,0.431;GCF_001427125.1,s__Pseudomonas_Esp001427125,95.0,85.45,0.426;GCF_008801475.1,s__Pseudomonas_Emoorei,95.0,85.36,0.429;GCF_028823535.1,s__Pseudomonas_Eserbica,95.0,85.11,0.425;GCF_001421885.1,s__Pseudomonas_Esp001421885,95.0,85.09,0.421;GCF_001269805.1,s__Pseudomonas_Esp001269805,95.0,85.03,0.395;GCF_002236105.1,s__Pseudomonas_Eumsongensis,95.0,84.92,0.401",97.48,11,N/A,N/A,Pseudomonas glycinae 
UF-216,d__Bacteria;p__Pseudomonadota;c__Gammaproteobacteria;o__Pseudomonadales;f__Pseudomonadaceae;g__Pseudomonas_E;s__Pseudomonas_Epharyngis,GCF_021602345.1,95,d__Bacteria;p__Pseudomonadota;c__Gammaproteobacteria;o__Pseudomonadales;f__Pseudomonadaceae;g__Pseudomonas_E;s__Pseudomonas_Epharyngis,96.13,0.869,GCF_021602345.1,95,d__Bacteria;p__Pseudomonadota;c__Gammaproteobacteria;o__Pseudomonadales;f__Pseudomonadaceae;g__Pseudomonas_E;s__Pseudomonas_Epharyngis,96.13,0.869,d__Bacteria;p__Pseudomonadota;c__Gammaproteobacteria;o__Pseudomonadales;f__Pseudomonadaceae;g__Pseudomonas_E;s__,taxonomicclassificationdefinedbytopologyandANI,topologicalplacementandANIhavecongruentspeciesassignments,"GCF_021601625.1,s__Pseudomonas_Eparaglycinae,95.0,94.8,0.877;GCF_001594225.2,s__Pseudomonas_Eglycinae,95.0,94.49,0.84;GCF_021603585.1,s__Pseudomonas_Esputi,95.0,94.42,0.816;GCF_021018765.1,s__Pseudomonas_Efitomaticsae,95.0,94.12,0.829;GCF_017498465.1,s__Pseudomonas_Efluorescens_CA,95.0,94.09,0.83;GCF_030344995.1,s__Pseudomonas_Efluorescens_BF,95.0,93.97,0.843;GCF_014863585.1,s__Pseudomonas_Egozinkensis,95.0,93.96,0.842;GCF_002113125.1,s__Pseudomonas_Esp002113125,95.0,93.94,0.847;GCF_025447595.1,s__Pseudomonas_Ekoreensis_H,95.0,93.74,0.824;GCF_020544405.1,s__Pseudomonas_Esp002113045,95.0,93.24,0.82;GCF_012974785.1,s__Pseudomonas_Efluorescens_BT,95.0,91.93,0.794;GCF_014863605.1,s__Pseudomonas_Eallokribbensis,95.0,91.81,0.788;GCF_002112385.1,s__Pseudomonas_Esp002112385,95.0,91.65,0.783;GCF_003352185.1,s__Pseudomonas_Ekribbensis,95.0,91.63,0.777;GCF_023375815.1,s__Pseudomonas_Esp023375815,95.0,91.61,0.781;GCF_001679645.1,s__Pseudomonas_Ebananamidigenes,95.0,90.54,0.757;GCF_019145475.1,s__Pseudomonas_Ebotevensis,95.0,89.3,0.689;GCF_011369485.1,s__Pseudomonas_Eatagonensis,95.0,89.05,0.657;GCF_021602155.1,s__Pseudomonas_Eparakoreensis,95.0,89.03,0.63;GCF_011605305.1,s__Pseudomonas_Ekoreensis_G,95.0,88.99,0.652;GCF_030209175.1,s__Pseudomonas_Esp030209175,95.0,88.94,0.693;GCF_003061005.1,s__Pseudomonas_Esp003061005,95.0,88.93,0.624;GCF_012986595.1,s__Pseudomonas_Ekoreensis,95.0,88.74,0.651;GCF_028830055.1,s__Pseudomonas_Eserboccidentalis,95.0,88.7,0.643;GCF_000292795.1,s__Pseudomonas_Efluorescens_H,95.0,88.7,0.628;GCF_000633255.1,s__Pseudomonas_Esp000633255,95.0,88.7,0.614;GCF_002878485.1,s__Pseudomonas_Esp002878485,95.0,88.65,0.611;GCF_004683905.1,s__Pseudomonas_Eputida_A,95.0,88.64,0.638;GCF_000282275.2,s__Pseudomonas_Esp000282275,95.0,88.63,0.646;GCF_000631985.1,s__Pseudomonas_Esp000631985,95.0,88.58,0.623;GCF_014472415.1,s__Pseudomonas_Esp014472415,95.0,88.51,0.646;GCF_014268495.2,s__Pseudomonas_Emonsensis,95.0,88.33,0.599;GCF_018336155.1,s__Pseudomonas_Erustica,95.0,88.29,0.572;GCF_014268445.2,s__Pseudomonas_Etensinigenes,95.0,88.28,0.61;GCF_009764645.1,s__Pseudomonas_Esp009764645,95.0,88.26,0.61;GCF_003732425.1,s__Pseudomonas_Efluorescens_BE,95.0,88.26,0.604;GCF_001648775.1,s__Pseudomonas_Efluorescens_M,95.0,88.24,0.605;GCF_029543085.1,s__Pseudomonas_Esp029543085,95.0,88.23,0.603;GCF_016651305.1,s__Pseudomonas_Esp016651305,95.0,88.22,0.601;GCF_900187605.1,s__Pseudomonas_Esp900187605,95.0,88.21,0.613;GCF_002813455.1,s__Pseudomonas_Ebaetica,95.0,88.21,0.578;GCA_900580865.1,s__Pseudomonas_Esp900580865,95.0,88.18,0.605;GCF_018326005.1,s__Pseudomonas_Esp002901475,95.0,88.17,0.604;GCF_018138145.1,s__Pseudomonas_Ekoreensis_A,95.0,88.16,0.605;GCA_900582195.1,s__Pseudomonas_Esp900582195,95.0,88.15,0.604;GCF_004011755.1,s__Pseudomonas_Esp004011755,95.0,88.12,0.613;GCF_023634765.1,s__Pseudomonas_Esp023634765,95.0,88.12,0.598;GCF_001297015.1,s__Pseudomonas_Esp001297015,95.0,88.08,0.608;GCF_028656995.1,s__Pseudomonas_Esp028656995,95.0,88.07,0.611;GCF_900182985.1,s__Pseudomonas_Ehelmanticensis,95.0,88.07,0.606;GCF_902497745.1,s__Pseudomonas_Efluorescens_BM,95.0,88.04,0.604;GCF_015461835.1,s__Pseudomonas_Eneuropathica,95.0,88.03,0.616;GCF_013433315.1,s__Pseudomonas_Ecrudilactis,95.0,88.03,0.612;GCF_022662375.1,s__Pseudomonas_Esp022662375,95.0,88.01,0.61;GCF_019145435.1,s__Pseudomonas_Eekonensis,95.0,88.0,0.641;GCF_009834515.1,s__Pseudomonas_Esp009834515,95.0,87.97,0.614;GCA_000783395.1,s__Pseudomonas_Echlororaphis_H,95.0,87.94,0.612;GCF_030687715.1,s__Pseudomonas_Esp030687715,95.0,87.92,0.626;GCF_000802985.1,s__Pseudomonas_Efluorescens_BZ,95.0,87.92,0.617;GCF_000282515.1,s__Pseudomonas_Esp000282515,95.0,87.85,0.592;GCF_005938625.1,s__Pseudomonas_Efluorescens_BD,95.0,87.79,0.608;GCF_016650635.1,s__Pseudomonas_Esp016650635,95.0,87.77,0.571;GCF_019733355.1,s__Pseudomonas_Ebaetica_A,95.0,87.61,0.556;GCF_025706525.1,s__Pseudomonas_Emercuritolerans,95.24,87.57,0.547;GCF_017976235.1,s__Pseudomonas_Eanatoliensis,95.0,87.56,0.572;GCF_025397885.1,s__Pseudomonas_Eiridis,95.0,87.54,0.563;GCF_014268505.2,s__Pseudomonas_Ekhorasanensis,95.0,87.4,0.581;GCF_002836515.1,s__Pseudomonas_Esp002836515,95.0,87.33,0.543;GCA_902825215.1,s__Pseudomonas_Efluorescens_G,95.0,87.29,0.552;GCA_021605415.1,s__Pseudomonas_Esyringae_S,95.0,87.26,0.562;GCF_004801935.1,s__Pseudomonas_Eatacamensis,96.51,87.26,0.553;GCF_900105485.1,s__Pseudomonas_Egranadensis,95.0,87.24,0.577;GCF_024169245.1,s__Pseudomonas_Ekoreensis_F,95.0,87.22,0.578;GCF_014268585.2,s__Pseudomonas_Eiranensis,95.0,87.2,0.563;GCF_019145375.1,s__Pseudomonas_Etriticicola,96.22,87.04,0.57;GCF_019145195.1,s__Pseudomonas_Esiliginis,95.52,87.03,0.578;GCA_030544685.1,s__Pseudomonas_Efluorescens_AO,95.0,86.98,0.571;GCF_900105805.1,s__Pseudomonas_Emoraviensis_A,95.0,86.97,0.565;GCF_014268595.2,s__Pseudomonas_Ehamedanensis,95.0,86.93,0.554;GCF_900636825.1,s__Pseudomonas_Efluorescens_BG,95.0,86.45,0.53;GCF_001945365.1,s__Pseudomonas_Ereinekei,95.0,86.19,0.46;GCF_028682635.1,s__Pseudomonas_Eputida_AE,95.0,86.15,0.417;GCF_000282335.1,s__Pseudomonas_Esp000282335,95.0,86.11,0.425;GCF_000282355.1,s__Pseudomonas_Esp000282355,95.0,86.11,0.404;GCF_019145495.1,s__Pseudomonas_Eazerbaijanoccidentalis,95.0,85.95,0.439;GCF_002934665.1,s__Pseudomonas_Elaurylsulfatiphila,95.0,85.84,0.435;GCF_001317545.1,s__Pseudomonas_Efluorescens_CD,95.0,85.81,0.439;GCF_002906155.1,s__Pseudomonas_Elaurylsulfativorans,95.0,85.79,0.423;GCF_003258965.1,s__Pseudomonas_Efluorescens_CC,95.0,85.58,0.428;GCF_004348895.1,s__Pseudomonas_Evancouverensis,95.0,85.57,0.427;GCF_900187565.1,s__Pseudomonas_Esp900187565,95.0,85.51,0.422;GCF_003228315.1,s__Pseudomonas_Eputida_S,95.0,85.47,0.413;GCF_028471945.1,s__Pseudomonas_Esp000282475,95.0,85.43,0.43;GCF_028823535.1,s__Pseudomonas_Eserbica,95.0,85.4,0.411;GCF_001427125.1,s__Pseudomonas_Esp001427125,95.0,85.36,0.412;GCF_001421885.1,s__Pseudomonas_Esp001421885,95.0,85.26,0.415;GCF_001269805.1,s__Pseudomonas_Esp001269805,95.0,85.18,0.392;GCF_008801475.1,s__Pseudomonas_Emoorei,95.0,85.12,0.422;GCF_002236105.1,s__Pseudomonas_Eumsongensis,95.0,85.03,0.392",97.56,11,N/A,N/A,Pseudomonas pharyngis
UF-219,d__Bacteria;p__Pseudomonadota;c__Gammaproteobacteria;o__Enterobacterales;f__Enterobacteriaceae;g__Serratia;s__Serratiaureilytica,GCF_013375155.1,95,d__Bacteria;p__Pseudomonadota;c__Gammaproteobacteria;o__Enterobacterales;f__Enterobacteriaceae;g__Serratia;s__Serratiaureilytica,98.42,0.909,GCF_013375155.1,95,d__Bacteria;p__Pseudomonadota;c__Gammaproteobacteria;o__Enterobacterales;f__Enterobacteriaceae;g__Serratia;s__Serratiaureilytica,98.42,0.909,d__Bacteria;p__Pseudomonadota;c__Gammaproteobacteria;o__Enterobacterales;f__Enterobacteriaceae;g__Serratia;s__,taxonomicclassificationdefinedbytopologyandANI,topologicalplacementandANIhavecongruentspeciesassignments,"GCF_000738675.1,s__Serratianematodiphila,96.8,94.9,0.855;GCF_008011855.1,s__Serratiabockelmannii,95.51,94.83,0.827;GCF_017299535.1,s__Serratiamarcescens,95.58,94.78,0.855;GCF_006715005.1,s__Serratiamarcescens_J,95.0,94.2,0.853;GCF_008364245.1,s__Serratianevei,96.24,94.14,0.837;GCF_002220655.1,s__Serratiamarcescens_K,95.02,94.11,0.829;GCF_029846115.1,s__Serratiamarcescens_L,96.11,93.97,0.822;GCF_001642805.2,s__Serratiasurfactantfaciens,95.0,93.93,0.85;GCF_024160145.1,s__Serratianevei_A,95.0,93.71,0.796;GCF_003812745.1,s__Serratiasp003812745,95.0,93.57,0.852;GCF_001902635.1,s__Serratiamarcescens_F,95.0,93.03,0.766",95.79,11,N/A,N/A,Serratia ureilytica 
UF-221,d__Bacteria;p__Pseudomonadota;c__Gammaproteobacteria;o__Enterobacterales;f__Enterobacteriaceae;g__Serratia;s__Serratiaureilytica,GCF_013375155.1,95,d__Bacteria;p__Pseudomonadota;c__Gammaproteobacteria;o__Enterobacterales;f__Enterobacteriaceae;g__Serratia;s__Serratiaureilytica,98.46,0.909,GCF_013375155.1,95,d__Bacteria;p__Pseudomonadota;c__Gammaproteobacteria;o__Enterobacterales;f__Enterobacteriaceae;g__Serratia;s__Serratiaureilytica,98.46,0.909,d__Bacteria;p__Pseudomonadota;c__Gammaproteobacteria;o__Enterobacterales;f__Enterobacteriaceae;g__Serratia;s__,taxonomicclassificationdefinedbytopologyandANI,topologicalplacementandANIhavecongruentspeciesassignments,"GCF_000738675.1,s__Serratianematodiphila,96.8,94.88,0.854;GCF_017299535.1,s__Serratiamarcescens,95.58,94.67,0.853;GCF_008011855.1,s__Serratiabockelmannii,95.51,94.6,0.825;GCF_006715005.1,s__Serratiamarcescens_J,95.0,94.19,0.851;GCF_008364245.1,s__Serratianevei,96.24,94.13,0.837;GCF_002220655.1,s__Serratiamarcescens_K,95.02,94.11,0.829;GCF_029846115.1,s__Serratiamarcescens_L,96.11,93.97,0.822;GCF_001642805.2,s__Serratiasurfactantfaciens,95.0,93.91,0.848;GCF_024160145.1,s__Serratianevei_A,95.0,93.7,0.796;GCF_003812745.1,s__Serratiasp003812745,95.0,93.57,0.852;GCF_001902635.1,s__Serratiamarcescens_F,95.0,93.02,0.766",95.79,11,N/A,N/A,Serratia ureilytica 
UF-222,d__Bacteria;p__Pseudomonadota;c__Gammaproteobacteria;o__Enterobacterales;f__Enterobacteriaceae;g__Providencia_C;s__Providencia_Cmanganoxydans,GCA_016618195.1,95,d__Bacteria;p__Pseudomonadota;c__Gammaproteobacteria;o__Enterobacterales;f__Enterobacteriaceae;g__Providencia_C;s__Providencia_Cmanganoxydans,99.62,0.953,GCA_016618195.1,95,d__Bacteria;p__Pseudomonadota;c__Gammaproteobacteria;o__Enterobacterales;f__Enterobacteriaceae;g__Providencia_C;s__Providencia_Cmanganoxydans,99.62,0.953,d__Bacteria;p__Pseudomonadota;c__Gammaproteobacteria;o__Enterobacterales;f__Enterobacteriaceae;g__Providencia_C;s__,taxonomicclassificationdefinedbytopologyandANI,topologicalplacementandANIhavecongruentspeciesassignments,"GCA_900455155.1,s__Providencia_Cstuartii,95.0,82.18,0.243;GCF_029277985.1,s__Providencia_Cvermicola_A,95.0,81.91,0.241",96.7,11,N/A,N/A,Providencia manganoxydans 
UF-224,d__Bacteria;p__Pseudomonadota;c__Gammaproteobacteria;o__Enterobacterales;f__Enterobacteriaceae;g__Providencia;s__,N/A,N/A,N/A,N/A,N/A,GCF_019343475.1,95,d__Bacteria;p__Pseudomonadota;c__Gammaproteobacteria;o__Enterobacterales;f__Enterobacteriaceae;g__Providencia;s__Providenciasp019343475,93.39,0.778,d__Bacteria;p__Pseudomonadota;c__Gammaproteobacteria;o__Enterobacterales;f__Enterobacteriaceae;g__Providencia;s__,taxonomicclassificationdefinedbytopologyandANI,classificationbasedonplacementinclass-leveltree,"GCF_020381325.1,s__Providenciavermicola,95.0,90.04,0.792;GCF_013255915.1,s__Providenciarettgeri_D,95.0,83.69,0.351;GCA_900455085.1,s__Providenciarettgeri,95.0,83.5,0.338;GCF_023205015.1,s__Providenciarettgeri_E,95.0,83.45,0.328;GCF_002843235.3,s__Providenciahuaxiensis,95.0,83.26,0.315;GCF_001874625.1,s__Providenciarettgeri_A,95.0,82.97,0.305;GCF_000173415.1,s__Providenciaalcalifaciens,95.0,80.57,0.165;GCF_020271745.1,s__Providenciaalcalifaciens_B,95.0,80.56,0.155;GCF_027595165.1,s__Providenciaalcalifaciens_A,95.0,80.52,0.16;GCF_001655055.1,s__Providenciaheimbachae,95.0,80.47,0.199;GCF_013702265.1,s__Providenciarettgeri_F,95.0,80.43,0.166;GCF_915403165.1,s__Providenciaalcalifaciens_C,95.0,80.41,0.165;GCF_003533305.1,s__Providenciasp003533305,95.0,80.23,0.156;GCF_000156395.1,s__Providenciarustigianii,95.0,80.05,0.163",95.97,11,0.99845,Genomenotassignedtoclosestspeciesasitfallsoutsideitspre-definedANIradius,Providencia sp 
UF-227,d__Bacteria;p__Pseudomonadota;c__Gammaproteobacteria;o__Enterobacterales;f__Enterobacteriaceae;g__Providencia;s__Providenciavermicola,GCF_020381325.1,95,d__Bacteria;p__Pseudomonadota;c__Gammaproteobacteria;o__Enterobacterales;f__Enterobacteriaceae;g__Providencia;s__Providenciavermicola,95.63,0.883,GCF_020381325.1,95,d__Bacteria;p__Pseudomonadota;c__Gammaproteobacteria;o__Enterobacterales;f__Enterobacteriaceae;g__Providencia;s__Providenciavermicola,95.63,0.883,d__Bacteria;p__Pseudomonadota;c__Gammaproteobacteria;o__Enterobacterales;f__Enterobacteriaceae;g__Providencia;s__,taxonomicclassificationdefinedbytopologyandANI,topologicalplacementandANIhavecongruentspeciesassignments,"GCF_019343475.1,s__Providenciasp019343475,95.0,90.79,0.791;GCA_900455085.1,s__Providenciarettgeri,95.0,83.83,0.382;GCF_013255915.1,s__Providenciarettgeri_D,95.0,83.54,0.393;GCF_002843235.3,s__Providenciahuaxiensis,95.0,83.48,0.365;GCF_023205015.1,s__Providenciarettgeri_E,95.0,83.15,0.346;GCF_001874625.1,s__Providenciarettgeri_A,95.0,82.76,0.358;GCF_001655055.1,s__Providenciaheimbachae,95.0,80.57,0.195;GCF_003533305.1,s__Providenciasp003533305,95.0,80.17,0.163",96.03,11,N/A,N/A,Providencia vermicola
UF-243,d__Bacteria;p__Pseudomonadota;c__Gammaproteobacteria;o__Pseudomonadales;f__Pseudomonadaceae;g__Pseudomonas_E;s__Pseudomonas_Efulva,GCF_000730565.1,95,d__Bacteria;p__Pseudomonadota;c__Gammaproteobacteria;o__Pseudomonadales;f__Pseudomonadaceae;g__Pseudomonas_E;s__Pseudomonas_Efulva,99.48,0.958,GCF_000730565.1,95,d__Bacteria;p__Pseudomonadota;c__Gammaproteobacteria;o__Pseudomonadales;f__Pseudomonadaceae;g__Pseudomonas_E;s__Pseudomonas_Efulva,99.48,0.958,d__Bacteria;p__Pseudomonadota;c__Gammaproteobacteria;o__Pseudomonadales;f__Pseudomonadaceae;g__Pseudomonas_E;s__,taxonomicclassificationdefinedbytopologyandANI,topologicalplacementandANIhavecongruentspeciesassignments,"GCF_002021815.1,s__Pseudomonas_Eparafulva_B,95.0,93.84,0.882;GCF_022533585.1,s__Pseudomonas_Esp001642705,95.0,84.64,0.385;GCF_021602585.1,s__Pseudomonas_Efaucium,95.0,84.63,0.387;GCF_000730645.1,s__Pseudomonas_Eparafulva,95.0,84.58,0.427;GCF_030159595.1,s__Pseudomonas_Eputida_AC,95.0,84.46,0.398;GCF_000498395.2,s__Pseudomonas_Eputida_Q,95.0,84.46,0.376;GCF_009932335.1,s__Pseudomonas_Easiatica,95.0,84.46,0.375;GCF_000412675.1,s__Pseudomonas_Eputida,95.0,84.42,0.382;GCF_916618955.1,s__Pseudomonas_Esp916618955,95.0,84.38,0.394;GCF_024349685.1,s__Pseudomonas_Esp024349685,95.0,84.38,0.375;GCF_900291015.1,s__Pseudomonas_Esp900291015,95.0,84.37,0.37;GCF_013393325.1,s__Pseudomonas_Eputida_P,95.0,84.28,0.387;GCA_029953615.1,s__Pseudomonas_Esp002113165,95.0,84.28,0.376;GCF_002112505.1,s__Pseudomonas_Esp002112505,95.0,84.26,0.382;GCF_029202525.1,s__Pseudomonas_Ephytovorans,95.0,84.24,0.369;GCF_011752565.1,s__Pseudomonas_Esp011752565,95.0,84.23,0.36;GCF_014269225.2,s__Pseudomonas_Eanuradhapurensis,95.0,84.22,0.38;GCF_003331055.1,s__Pseudomonas_Esp003331055,95.0,84.2,0.366;GCF_009883635.2,s__Pseudomonas_Eputida_W,95.0,84.19,0.373;GCA_947090765.1,s__Pseudomonas_Esp947090765,95.0,84.19,0.371;GCF_014269185.2,s__Pseudomonas_Eoryzicola,95.0,84.18,0.39;GCF_021283545.2,s__Pseudomonas_Ealloputida,95.0,84.13,0.379;GCF_002386445.1,s__Pseudomonas_Esp002386445,95.0,84.12,0.374;GCF_000731675.1,s__Pseudomonas_Ecapeferrum,95.0,84.12,0.369;GCF_009391885.1,s__Pseudomonas_Esp009391885,95.0,84.11,0.37;GCF_009932375.1,s__Pseudomonas_Ejuntendi,95.0,84.08,0.376;GCF_013179515.1,s__Pseudomonas_Esp013179515,95.0,84.03,0.35;GCF_003097235.1,s__Pseudomonas_Esp003097235,95.0,84.01,0.362;GCF_002356095.1,s__Pseudomonas_Eputida_H,95.0,83.97,0.386;GCF_003627215.1,s__Pseudomonas_Esp001422615,95.0,83.96,0.366;GCF_002906855.1,s__Pseudomonas_Eputida_N,95.0,83.94,0.361;GCF_016658545.1,s__Pseudomonas_Esp016658545,95.0,83.92,0.371;GCF_002025705.1,s__Pseudomonas_Eputida_J,95.0,83.91,0.34;GCF_025905425.1,s__Pseudomonas_Eputida_AF,95.0,83.9,0.338;GCF_000730665.1,s__Pseudomonas_Eplecoglossicida,95.0,83.85,0.348;GCF_000282535.1,s__Pseudomonas_Esp000282535,95.0,83.85,0.339;GCF_016648105.1,s__Pseudomonas_Esp016648105,95.0,83.83,0.34;GCF_015680575.1,s__Pseudomonas_Eputida_Z,95.0,83.77,0.377;GCF_007677725.1,s__Pseudomonas_Esp003445295,95.0,83.74,0.342;GCF_015354575.1,s__Pseudomonas_Esp015354575,95.0,83.74,0.305;GCF_029836165.1,s__Pseudomonas_Esp029836165,95.0,83.73,0.323;GCF_002906795.1,s__Pseudomonas_Eputida_Y,95.0,83.72,0.34;GCF_029193575.1,s__Pseudomonas_Eentomophila_G,95.0,83.71,0.329;GCF_019823065.1,s__Pseudomonas_Emosselii,95.0,83.71,0.311;GCF_014268935.2,s__Pseudomonas_Eperadeniyensis,95.0,83.71,0.309;GCF_014269035.2,s__Pseudomonas_Evlassakiae,95.0,83.7,0.359;GCF_014269205.2,s__Pseudomonas_Ekermanshahensis,95.0,83.69,0.329;GCF_000730605.1,s__Pseudomonas_Emonteilii,95.0,83.67,0.399;GCF_002165135.1,s__Pseudomonas_Esp002165135,95.0,83.66,0.358;GCF_019139675.1,s__Pseudomonas_Emaumuensis,95.0,83.65,0.32;GCF_900277125.1,s__Pseudomonas_Einefficax,95.0,83.64,0.355;GCF_000026105.1,s__Pseudomonas_Eentomophila,95.0,83.64,0.295;GCF_016406145.1,s__Pseudomonas_Eputida_E,95.0,83.63,0.347;GCF_015680405.1,s__Pseudomonas_Epudica,95.0,83.61,0.372;GCF_000708715.2,s__Pseudomonas_Eputida_R,95.0,83.61,0.361;GCF_021602025.1,s__Pseudomonas_Eceruminis,95.0,83.61,0.353;GCF_000935045.1,s__Pseudomonas_Esp000935045,95.0,83.59,0.367;GCF_003205205.1,s__Pseudomonas_Esp003205205,95.0,83.58,0.373;GCF_005080685.1,s__Pseudomonas_Eputida_V,95.0,83.57,0.321;GCF_017744435.1,s__Pseudomonas_Esp017744435,95.0,83.55,0.36;GCF_014268885.2,s__Pseudomonas_Exantholysinigenes,95.0,83.52,0.298;GCF_026625125.1,s__Pseudomonas_Eputida_X,95.0,83.48,0.319;GCF_023277925.1,s__Pseudomonas_Eentomophila_D,95.0,83.48,0.298;GCF_011752525.1,s__Pseudomonas_Esp011752525,95.0,83.47,0.316;GCF_019139535.1,s__Pseudomonas_Emuyukensis,95.0,83.42,0.311;GCF_018417595.1,s__Pseudomonas_Eentomophila_C,95.0,83.39,0.307;GCF_900110655.1,s__Pseudomonas_Esoli,95.0,83.35,0.306;GCF_019139895.1,s__Pseudomonas_Efakonensis,95.0,83.34,0.305;GCF_024749165.1,s__Pseudomonas_Esp024749165,95.0,83.32,0.307;GCF_004357765.1,s__Pseudomonas_Eputida_U,95.0,83.28,0.309;GCF_001320245.1,s__Pseudomonas_Esp001320245,95.0,83.25,0.34;GCF_020151015.1,s__Pseudomonas_Eputida_K,95.0,83.19,0.301;GCF_000425785.1,s__Pseudomonas_Etaiwanensis,95.0,83.16,0.298;GCF_001636055.1,s__Pseudomonas_Eputida_B,95.0,83.15,0.319;GCF_028898945.1,s__Pseudomonas_Esp028898945,95.0,83.1,0.323;GCF_004519305.1,s__Pseudomonas_Esp004519305,95.0,83.1,0.306;GCF_014268805.2,s__Pseudomonas_Efarsensis,95.0,83.08,0.279;GCF_029840925.1,s__Pseudomonas_Esp029840925,95.0,83.06,0.306;GCA_014268975.2,s__Pseudomonas_Ewayambapalatensis,95.0,83.04,0.287;GCF_014269025.2,s__Pseudomonas_Epromysalinigenes,95.0,83.0,0.296;GCF_015680235.1,s__Pseudomonas_Eguariconensis_A,95.0,83.0,0.287;GCF_005796105.1,s__Pseudomonas_Emosselii_C,95.0,82.98,0.28;GCF_900536025.1,s__Pseudomonas_Ereidholzensis,95.0,82.91,0.303;GCF_003205295.1,s__Pseudomonas_Emosselii_B,95.0,82.9,0.311;GCF_002741075.1,s__Pseudomonas_Eputida_T,95.0,82.88,0.268;GCF_015680295.1,s__Pseudomonas_Eguariconensis_D,95.0,82.87,0.281;GCF_900102675.1,s__Pseudomonas_Eguariconensis,95.0,82.86,0.275;GCF_021601385.1,s__Pseudomonas_Eparasichuanensis,95.0,82.85,0.305;GCF_003231305.1,s__Pseudomonas_Esichuanensis,95.0,82.79,0.311;GCF_015680245.1,s__Pseudomonas_Eguariconensis_C,95.0,82.78,0.27;GCF_029478665.1,s__Pseudomonas_Eentomophila_F,95.0,82.74,0.301;GCF_014268815.2,s__Pseudomonas_Eurmiensis,95.0,82.73,0.276;GCF_024127895.1,s__Pseudomonas_Eguariconensis_B,95.0,82.7,0.317;GCF_000800255.1,s__Pseudomonas_Eparafulva_A,95.0,82.6,0.282;GCF_022405695.1,s__Pseudomonas_Eentomophila_E,95.0,82.58,0.293;GCF_016518545.1,s__Pseudomonas_Esp016518545,95.0,82.56,0.269;GCF_017875955.1,s__Pseudomonas_Esp017875955,95.0,82.39,0.283;GCF_000759535.1,s__Pseudomonas_Ecremoricolorata_A,95.0,82.01,0.247;GCF_014268785.2,s__Pseudomonas_Eshirazensis,95.0,81.86,0.241",98.67,11,N/A,N/A,Pseudomonas fulva 
UF-244,d__Bacteria;p__Pseudomonadota;c__Gammaproteobacteria;o__Pseudomonadales;f__Pseudomonadaceae;g__Pseudomonas_E;s__Pseudomonas_Einefficax,GCF_900277125.1,95,d__Bacteria;p__Pseudomonadota;c__Gammaproteobacteria;o__Pseudomonadales;f__Pseudomonadaceae;g__Pseudomonas_E;s__Pseudomonas_Einefficax,97.22,0.876,GCF_900277125.1,95,d__Bacteria;p__Pseudomonadota;c__Gammaproteobacteria;o__Pseudomonadales;f__Pseudomonadaceae;g__Pseudomonas_E;s__Pseudomonas_Einefficax,97.22,0.876,d__Bacteria;p__Pseudomonadota;c__Gammaproteobacteria;o__Pseudomonadales;f__Pseudomonadaceae;g__Pseudomonas_E;s__,taxonomicclassificationdefinedbytopologyandANI,topologicalplacementandANIhavecongruentspeciesassignments,"GCF_015680575.1,s__Pseudomonas_Eputida_Z,95.0,94.66,0.833;GCF_009932335.1,s__Pseudomonas_Easiatica,95.0,94.35,0.816;GCF_015680405.1,s__Pseudomonas_Epudica,95.0,94.19,0.838;GCF_022533585.1,s__Pseudomonas_Esp001642705,95.0,93.82,0.79;GCA_029953615.1,s__Pseudomonas_Esp002113165,95.0,93.56,0.804;GCF_900291015.1,s__Pseudomonas_Esp900291015,95.0,93.21,0.786;GCF_002165135.1,s__Pseudomonas_Esp002165135,95.0,93.18,0.798;GCF_003331055.1,s__Pseudomonas_Esp003331055,95.0,91.77,0.777;GCF_000935045.1,s__Pseudomonas_Esp000935045,95.0,90.71,0.697;GCF_014269225.2,s__Pseudomonas_Eanuradhapurensis,95.0,90.54,0.745;GCF_916618955.1,s__Pseudomonas_Esp916618955,95.0,90.33,0.718;GCF_014269185.2,s__Pseudomonas_Eoryzicola,95.0,90.2,0.73;GCF_000708715.2,s__Pseudomonas_Eputida_R,95.0,90.13,0.697;GCF_003627215.1,s__Pseudomonas_Esp001422615,95.0,90.12,0.693;GCF_000730605.1,s__Pseudomonas_Emonteilii,95.0,90.05,0.658;GCF_030159595.1,s__Pseudomonas_Eputida_AC,95.0,90.03,0.661;GCF_013393325.1,s__Pseudomonas_Eputida_P,95.0,90.02,0.674;GCA_947090765.1,s__Pseudomonas_Esp947090765,95.0,89.99,0.691;GCF_000412675.1,s__Pseudomonas_Eputida,95.0,89.99,0.689;GCF_000498395.2,s__Pseudomonas_Eputida_Q,95.0,89.99,0.688;GCF_013179515.1,s__Pseudomonas_Esp013179515,95.0,89.99,0.64;GCF_002386445.1,s__Pseudomonas_Esp002386445,95.0,89.97,0.733;GCF_016658545.1,s__Pseudomonas_Esp016658545,95.0,89.77,0.689;GCF_002356095.1,s__Pseudomonas_Eputida_H,95.0,89.67,0.658;GCF_021283545.2,s__Pseudomonas_Ealloputida,95.0,89.59,0.658;GCF_029202525.1,s__Pseudomonas_Ephytovorans,95.0,89.41,0.647;GCF_002906795.1,s__Pseudomonas_Eputida_Y,95.0,89.27,0.625;GCF_003205205.1,s__Pseudomonas_Esp003205205,95.0,89.18,0.632;GCF_002112505.1,s__Pseudomonas_Esp002112505,95.0,88.73,0.588;GCF_017744435.1,s__Pseudomonas_Esp017744435,95.0,88.6,0.577;GCF_009932375.1,s__Pseudomonas_Ejuntendi,95.0,88.55,0.542;GCF_024349685.1,s__Pseudomonas_Esp024349685,95.0,88.52,0.572;GCF_003097235.1,s__Pseudomonas_Esp003097235,95.0,88.36,0.57;GCF_021602585.1,s__Pseudomonas_Efaucium,95.0,88.35,0.569;GCF_009883635.2,s__Pseudomonas_Eputida_W,95.0,88.29,0.563;GCF_009391885.1,s__Pseudomonas_Esp009391885,95.0,88.24,0.545;GCF_002025705.1,s__Pseudomonas_Eputida_J,95.0,88.16,0.576;GCF_011752565.1,s__Pseudomonas_Esp011752565,95.0,88.02,0.553;GCF_014269205.2,s__Pseudomonas_Ekermanshahensis,95.0,88.0,0.589;GCF_002906855.1,s__Pseudomonas_Eputida_N,95.0,87.98,0.545;GCF_025905425.1,s__Pseudomonas_Eputida_AF,95.0,87.94,0.581;GCF_001320245.1,s__Pseudomonas_Esp001320245,95.0,87.88,0.541;GCF_000282535.1,s__Pseudomonas_Esp000282535,95.0,87.88,0.539;GCF_000731675.1,s__Pseudomonas_Ecapeferrum,95.0,87.81,0.57;GCF_014269035.2,s__Pseudomonas_Evlassakiae,95.0,87.75,0.55;GCF_000730665.1,s__Pseudomonas_Eplecoglossicida,95.0,87.69,0.546;GCF_021601385.1,s__Pseudomonas_Eparasichuanensis,95.0,87.24,0.515;GCF_016648105.1,s__Pseudomonas_Esp016648105,95.0,87.08,0.492;GCF_019139535.1,s__Pseudomonas_Emuyukensis,95.0,87.05,0.496;GCF_019139895.1,s__Pseudomonas_Efakonensis,95.0,86.99,0.49;GCF_015354575.1,s__Pseudomonas_Esp015354575,95.0,86.95,0.494;GCF_003205295.1,s__Pseudomonas_Emosselii_B,95.0,86.92,0.484;GCF_014268935.2,s__Pseudomonas_Eperadeniyensis,95.0,86.91,0.495;GCF_029836165.1,s__Pseudomonas_Esp029836165,95.0,86.91,0.478;GCF_005080685.1,s__Pseudomonas_Eputida_V,95.0,86.84,0.48;GCF_003231305.1,s__Pseudomonas_Esichuanensis,95.0,86.83,0.499;GCF_000026105.1,s__Pseudomonas_Eentomophila,95.0,86.81,0.478;GCF_014268885.2,s__Pseudomonas_Exantholysinigenes,95.0,86.77,0.489;GCF_019823065.1,s__Pseudomonas_Emosselii,95.0,86.71,0.457;GCF_021602025.1,s__Pseudomonas_Eceruminis,95.0,86.68,0.487;GCF_004519305.1,s__Pseudomonas_Esp004519305,95.0,86.66,0.497;GCF_016406145.1,s__Pseudomonas_Eputida_E,95.0,86.66,0.482;GCF_022405695.1,s__Pseudomonas_Eentomophila_E,95.0,86.65,0.476;GCF_028898945.1,s__Pseudomonas_Esp028898945,95.0,86.58,0.472;GCF_024127895.1,s__Pseudomonas_Eguariconensis_B,95.0,86.57,0.514;GCF_024749165.1,s__Pseudomonas_Esp024749165,95.0,86.57,0.477;GCF_018417595.1,s__Pseudomonas_Eentomophila_C,95.0,86.57,0.467;GCF_029478665.1,s__Pseudomonas_Eentomophila_F,95.0,86.54,0.473;GCF_019139675.1,s__Pseudomonas_Emaumuensis,95.0,86.54,0.463;GCF_026625125.1,s__Pseudomonas_Eputida_X,95.0,86.53,0.468;GCF_029193575.1,s__Pseudomonas_Eentomophila_G,95.0,86.51,0.478;GCF_029840925.1,s__Pseudomonas_Esp029840925,95.0,86.48,0.476;GCF_023277925.1,s__Pseudomonas_Eentomophila_D,95.0,86.39,0.453;GCF_004357765.1,s__Pseudomonas_Eputida_U,95.0,86.2,0.438;GCF_011752525.1,s__Pseudomonas_Esp011752525,95.0,86.19,0.472;GCF_900110655.1,s__Pseudomonas_Esoli,95.0,86.19,0.468;GCF_020151015.1,s__Pseudomonas_Eputida_K,95.0,86.17,0.466;GCF_000425785.1,s__Pseudomonas_Etaiwanensis,95.0,86.02,0.486;GCF_015680235.1,s__Pseudomonas_Eguariconensis_A,95.0,85.97,0.504;GCF_900536025.1,s__Pseudomonas_Ereidholzensis,95.0,85.88,0.458;GCF_014268815.2,s__Pseudomonas_Eurmiensis,95.0,85.75,0.442;GCF_001636055.1,s__Pseudomonas_Eputida_B,95.0,85.73,0.421;GCF_000730645.1,s__Pseudomonas_Eparafulva,95.0,85.46,0.447;GCA_014268975.2,s__Pseudomonas_Ewayambapalatensis,95.0,85.39,0.433;GCF_015680245.1,s__Pseudomonas_Eguariconensis_C,95.0,85.36,0.452;GCF_002741075.1,s__Pseudomonas_Eputida_T,95.0,85.26,0.42;GCF_900102675.1,s__Pseudomonas_Eguariconensis,95.0,85.15,0.459;GCF_015680295.1,s__Pseudomonas_Eguariconensis_D,95.0,85.13,0.433;GCF_005796105.1,s__Pseudomonas_Emosselii_C,95.0,85.13,0.426;GCF_014268805.2,s__Pseudomonas_Efarsensis,95.0,85.12,0.396;GCF_017875955.1,s__Pseudomonas_Esp017875955,95.0,85.08,0.402;GCF_007677725.1,s__Pseudomonas_Esp003445295,95.0,84.91,0.42;GCF_014269025.2,s__Pseudomonas_Epromysalinigenes,95.0,84.72,0.44;GCF_016518545.1,s__Pseudomonas_Esp016518545,95.0,83.89,0.312;GCF_000800255.1,s__Pseudomonas_Eparafulva_A,95.0,83.85,0.355;GCF_000730565.1,s__Pseudomonas_Efulva,95.0,83.76,0.37;GCF_002021815.1,s__Pseudomonas_Eparafulva_B,95.0,83.74,0.377;GCF_014268785.2,s__Pseudomonas_Eshirazensis,95.0,83.56,0.348;GCF_000759535.1,s__Pseudomonas_Ecremoricolorata_A,95.0,83.03,0.292",96.88,11,N/A,N/A,Pseudomonas inefficax 
UF-248,d__Bacteria;p__Pseudomonadota;c__Gammaproteobacteria;o__Pseudomonadales;f__Pseudomonadaceae;g__Pseudomonas_E;s__Pseudomonas_Efulva,GCF_000730565.1,95,d__Bacteria;p__Pseudomonadota;c__Gammaproteobacteria;o__Pseudomonadales;f__Pseudomonadaceae;g__Pseudomonas_E;s__Pseudomonas_Efulva,99.48,0.955,GCF_000730565.1,95,d__Bacteria;p__Pseudomonadota;c__Gammaproteobacteria;o__Pseudomonadales;f__Pseudomonadaceae;g__Pseudomonas_E;s__Pseudomonas_Efulva,99.48,0.955,d__Bacteria;p__Pseudomonadota;c__Gammaproteobacteria;o__Pseudomonadales;f__Pseudomonadaceae;g__Pseudomonas_E;s__,taxonomicclassificationdefinedbytopologyandANI,topologicalplacementandANIhavecongruentspeciesassignments,"GCF_002021815.1,s__Pseudomonas_Eparafulva_B,95.0,93.86,0.882;GCF_022533585.1,s__Pseudomonas_Esp001642705,95.0,84.77,0.385;GCF_000730645.1,s__Pseudomonas_Eparafulva,95.0,84.67,0.43;GCF_021602585.1,s__Pseudomonas_Efaucium,95.0,84.58,0.38;GCF_900291015.1,s__Pseudomonas_Esp900291015,95.0,84.54,0.368;GCF_030159595.1,s__Pseudomonas_Eputida_AC,95.0,84.45,0.396;GCF_014269225.2,s__Pseudomonas_Eanuradhapurensis,95.0,84.4,0.384;GCF_014269185.2,s__Pseudomonas_Eoryzicola,95.0,84.39,0.389;GCF_916618955.1,s__Pseudomonas_Esp916618955,95.0,84.29,0.388;GCF_000498395.2,s__Pseudomonas_Eputida_Q,95.0,84.29,0.372;GCF_002356095.1,s__Pseudomonas_Eputida_H,95.0,84.27,0.385;GCF_003331055.1,s__Pseudomonas_Esp003331055,95.0,84.27,0.373;GCA_947090765.1,s__Pseudomonas_Esp947090765,95.0,84.26,0.37;GCA_029953615.1,s__Pseudomonas_Esp002113165,95.0,84.25,0.374;GCF_009932335.1,s__Pseudomonas_Easiatica,95.0,84.24,0.372;GCF_017744435.1,s__Pseudomonas_Esp017744435,95.0,84.24,0.371;GCF_011752565.1,s__Pseudomonas_Esp011752565,95.0,84.23,0.362;GCF_002112505.1,s__Pseudomonas_Esp002112505,95.0,84.22,0.379;GCF_013393325.1,s__Pseudomonas_Eputida_P,95.0,84.21,0.389;GCF_000412675.1,s__Pseudomonas_Eputida,95.0,84.21,0.385;GCF_024349685.1,s__Pseudomonas_Esp024349685,95.0,84.21,0.367;GCF_009883635.2,s__Pseudomonas_Eputida_W,95.0,84.17,0.375;GCF_021283545.2,s__Pseudomonas_Ealloputida,95.0,84.14,0.376;GCF_029202525.1,s__Pseudomonas_Ephytovorans,95.0,84.14,0.366;GCF_002386445.1,s__Pseudomonas_Esp002386445,95.0,84.06,0.377;GCF_009391885.1,s__Pseudomonas_Esp009391885,95.0,84.03,0.371;GCF_003097235.1,s__Pseudomonas_Esp003097235,95.0,84.03,0.354;GCF_013179515.1,s__Pseudomonas_Esp013179515,95.0,84.02,0.358;GCF_009932375.1,s__Pseudomonas_Ejuntendi,95.0,83.98,0.377;GCF_016658545.1,s__Pseudomonas_Esp016658545,95.0,83.97,0.371;GCF_003627215.1,s__Pseudomonas_Esp001422615,95.0,83.94,0.367;GCF_002906795.1,s__Pseudomonas_Eputida_Y,95.0,83.91,0.335;GCF_002906855.1,s__Pseudomonas_Eputida_N,95.0,83.9,0.363;GCF_000730665.1,s__Pseudomonas_Eplecoglossicida,95.0,83.89,0.351;GCF_016648105.1,s__Pseudomonas_Esp016648105,95.0,83.89,0.333;GCF_000731675.1,s__Pseudomonas_Ecapeferrum,95.0,83.88,0.369;GCF_002025705.1,s__Pseudomonas_Eputida_J,95.0,83.88,0.34;GCF_000282535.1,s__Pseudomonas_Esp000282535,95.0,83.82,0.343;GCF_019823065.1,s__Pseudomonas_Emosselii,95.0,83.79,0.305;GCF_025905425.1,s__Pseudomonas_Eputida_AF,95.0,83.77,0.337;GCF_015680575.1,s__Pseudomonas_Eputida_Z,95.0,83.76,0.375;GCF_019139535.1,s__Pseudomonas_Emuyukensis,95.0,83.73,0.311;GCF_000730605.1,s__Pseudomonas_Emonteilii,95.0,83.7,0.398;GCF_900277125.1,s__Pseudomonas_Einefficax,95.0,83.7,0.356;GCF_014269035.2,s__Pseudomonas_Evlassakiae,95.0,83.69,0.361;GCF_002165135.1,s__Pseudomonas_Esp002165135,95.0,83.67,0.359;GCF_015354575.1,s__Pseudomonas_Esp015354575,95.0,83.66,0.302;GCF_015680405.1,s__Pseudomonas_Epudica,95.0,83.63,0.37;GCF_019139675.1,s__Pseudomonas_Emaumuensis,95.0,83.62,0.319;GCF_029836165.1,s__Pseudomonas_Esp029836165,95.0,83.61,0.317;GCF_029193575.1,s__Pseudomonas_Eentomophila_G,95.0,83.6,0.336;GCF_014269205.2,s__Pseudomonas_Ekermanshahensis,95.0,83.6,0.328;GCF_000026105.1,s__Pseudomonas_Eentomophila,95.0,83.6,0.291;GCF_021602025.1,s__Pseudomonas_Eceruminis,95.0,83.59,0.353;GCF_005080685.1,s__Pseudomonas_Eputida_V,95.0,83.59,0.32;GCF_014268935.2,s__Pseudomonas_Eperadeniyensis,95.0,83.57,0.313;GCF_000708715.2,s__Pseudomonas_Eputida_R,95.0,83.55,0.357;GCF_003205205.1,s__Pseudomonas_Esp003205205,95.0,83.53,0.377;GCF_000935045.1,s__Pseudomonas_Esp000935045,95.0,83.5,0.365;GCF_026625125.1,s__Pseudomonas_Eputida_X,95.0,83.48,0.318;GCF_007677725.1,s__Pseudomonas_Esp003445295,95.0,83.45,0.347;GCF_900110655.1,s__Pseudomonas_Esoli,95.0,83.42,0.305;GCF_011752525.1,s__Pseudomonas_Esp011752525,95.0,83.41,0.314;GCF_019139895.1,s__Pseudomonas_Efakonensis,95.0,83.41,0.309;GCF_014268885.2,s__Pseudomonas_Exantholysinigenes,95.0,83.39,0.3;GCF_023277925.1,s__Pseudomonas_Eentomophila_D,95.0,83.37,0.292;GCF_022405695.1,s__Pseudomonas_Eentomophila_E,95.0,83.35,0.292;GCF_001320245.1,s__Pseudomonas_Esp001320245,95.0,83.33,0.343;GCF_028898945.1,s__Pseudomonas_Esp028898945,95.0,83.3,0.325;GCF_018417595.1,s__Pseudomonas_Eentomophila_C,95.0,83.29,0.305;GCF_024749165.1,s__Pseudomonas_Esp024749165,95.0,83.29,0.303;GCF_020151015.1,s__Pseudomonas_Eputida_K,95.0,83.29,0.297;GCF_001636055.1,s__Pseudomonas_Eputida_B,95.0,83.26,0.315;GCF_016406145.1,s__Pseudomonas_Eputida_E,95.0,83.23,0.341;GCF_000425785.1,s__Pseudomonas_Etaiwanensis,95.0,83.17,0.306;GCF_014268805.2,s__Pseudomonas_Efarsensis,95.0,83.08,0.282;GCF_004357765.1,s__Pseudomonas_Eputida_U,95.0,83.07,0.307;GCA_014268975.2,s__Pseudomonas_Ewayambapalatensis,95.0,83.04,0.291;GCF_003205295.1,s__Pseudomonas_Emosselii_B,95.0,82.97,0.317;GCF_029840925.1,s__Pseudomonas_Esp029840925,95.0,82.96,0.304;GCF_005796105.1,s__Pseudomonas_Emosselii_C,95.0,82.95,0.278;GCF_004519305.1,s__Pseudomonas_Esp004519305,95.0,82.91,0.31;GCF_015680295.1,s__Pseudomonas_Eguariconensis_D,95.0,82.91,0.277;GCF_021601385.1,s__Pseudomonas_Eparasichuanensis,95.0,82.89,0.311;GCF_014269025.2,s__Pseudomonas_Epromysalinigenes,95.0,82.89,0.294;GCF_015680235.1,s__Pseudomonas_Eguariconensis_A,95.0,82.89,0.285;GCF_014268815.2,s__Pseudomonas_Eurmiensis,95.0,82.85,0.273;GCF_002741075.1,s__Pseudomonas_Eputida_T,95.0,82.76,0.268;GCF_029478665.1,s__Pseudomonas_Eentomophila_F,95.0,82.74,0.304;GCF_003231305.1,s__Pseudomonas_Esichuanensis,95.0,82.66,0.314;GCF_900536025.1,s__Pseudomonas_Ereidholzensis,95.0,82.65,0.299;GCF_024127895.1,s__Pseudomonas_Eguariconensis_B,95.0,82.63,0.322;GCF_900102675.1,s__Pseudomonas_Eguariconensis,95.0,82.59,0.272;GCF_000800255.1,s__Pseudomonas_Eparafulva_A,95.0,82.58,0.283;GCF_017875955.1,s__Pseudomonas_Esp017875955,95.0,82.56,0.276;GCF_015680245.1,s__Pseudomonas_Eguariconensis_C,95.0,82.54,0.269;GCF_016518545.1,s__Pseudomonas_Esp016518545,95.0,82.45,0.274;GCF_000759535.1,s__Pseudomonas_Ecremoricolorata_A,95.0,81.92,0.245;GCF_014268785.2,s__Pseudomonas_Eshirazensis,95.0,81.89,0.237",98.67,11,N/A,N/A,Pseudomonas fulva 
UF-249,d__Bacteria;p__Pseudomonadota;c__Gammaproteobacteria;o__Pseudomonadales;f__Pseudomonadaceae;g__Pseudomonas_E;s__Pseudomonas_Efulva,GCF_000730565.1,95,d__Bacteria;p__Pseudomonadota;c__Gammaproteobacteria;o__Pseudomonadales;f__Pseudomonadaceae;g__Pseudomonas_E;s__Pseudomonas_Efulva,99.13,0.953,GCF_000730565.1,95,d__Bacteria;p__Pseudomonadota;c__Gammaproteobacteria;o__Pseudomonadales;f__Pseudomonadaceae;g__Pseudomonas_E;s__Pseudomonas_Efulva,99.13,0.953,d__Bacteria;p__Pseudomonadota;c__Gammaproteobacteria;o__Pseudomonadales;f__Pseudomonadaceae;g__Pseudomonas_E;s__,taxonomicclassificationdefinedbytopologyandANI,topologicalplacementandANIhavecongruentspeciesassignments,"GCF_002021815.1,s__Pseudomonas_Eparafulva_B,95.0,93.71,0.878;GCF_022533585.1,s__Pseudomonas_Esp001642705,95.0,84.65,0.384;GCF_000730645.1,s__Pseudomonas_Eparafulva,95.0,84.63,0.436;GCF_021602585.1,s__Pseudomonas_Efaucium,95.0,84.55,0.388;GCF_900291015.1,s__Pseudomonas_Esp900291015,95.0,84.48,0.372;GCF_002112505.1,s__Pseudomonas_Esp002112505,95.0,84.46,0.39;GCA_029953615.1,s__Pseudomonas_Esp002113165,95.0,84.46,0.383;GCF_000498395.2,s__Pseudomonas_Eputida_Q,95.0,84.45,0.384;GCF_013393325.1,s__Pseudomonas_Eputida_P,95.0,84.4,0.393;GCF_014269225.2,s__Pseudomonas_Eanuradhapurensis,95.0,84.38,0.384;GCF_011752565.1,s__Pseudomonas_Esp011752565,95.0,84.38,0.371;GCF_030159595.1,s__Pseudomonas_Eputida_AC,95.0,84.37,0.398;GCF_009932335.1,s__Pseudomonas_Easiatica,95.0,84.37,0.379;GCF_000708715.2,s__Pseudomonas_Eputida_R,95.0,84.37,0.365;GCF_916618955.1,s__Pseudomonas_Esp916618955,95.0,84.35,0.393;GCF_000935045.1,s__Pseudomonas_Esp000935045,95.0,84.33,0.366;GCF_014269185.2,s__Pseudomonas_Eoryzicola,95.0,84.31,0.395;GCF_003331055.1,s__Pseudomonas_Esp003331055,95.0,84.31,0.374;GCF_000412675.1,s__Pseudomonas_Eputida,95.0,84.3,0.383;GCF_002356095.1,s__Pseudomonas_Eputida_H,95.0,84.29,0.384;GCA_947090765.1,s__Pseudomonas_Esp947090765,95.0,84.27,0.377;GCF_024349685.1,s__Pseudomonas_Esp024349685,95.0,84.26,0.376;GCF_009391885.1,s__Pseudomonas_Esp009391885,95.0,84.23,0.379;GCF_009883635.2,s__Pseudomonas_Eputida_W,95.0,84.19,0.381;GCF_029202525.1,s__Pseudomonas_Ephytovorans,95.0,84.13,0.368;GCF_017744435.1,s__Pseudomonas_Esp017744435,95.0,84.12,0.371;GCF_021283545.2,s__Pseudomonas_Ealloputida,95.0,84.11,0.377;GCF_003627215.1,s__Pseudomonas_Esp001422615,95.0,84.11,0.373;GCF_002386445.1,s__Pseudomonas_Esp002386445,95.0,84.09,0.379;GCF_014269035.2,s__Pseudomonas_Evlassakiae,95.0,84.08,0.365;GCF_003097235.1,s__Pseudomonas_Esp003097235,95.0,84.08,0.357;GCF_002906855.1,s__Pseudomonas_Eputida_N,95.0,84.07,0.366;GCF_013179515.1,s__Pseudomonas_Esp013179515,95.0,84.07,0.356;GCF_003205205.1,s__Pseudomonas_Esp003205205,95.0,84.03,0.376;GCF_016658545.1,s__Pseudomonas_Esp016658545,95.0,84.02,0.372;GCF_009932375.1,s__Pseudomonas_Ejuntendi,95.0,83.97,0.383;GCF_000731675.1,s__Pseudomonas_Ecapeferrum,95.0,83.96,0.367;GCF_016648105.1,s__Pseudomonas_Esp016648105,95.0,83.93,0.332;GCF_000730665.1,s__Pseudomonas_Eplecoglossicida,95.0,83.85,0.351;GCF_025905425.1,s__Pseudomonas_Eputida_AF,95.0,83.85,0.345;GCF_002906795.1,s__Pseudomonas_Eputida_Y,95.0,83.85,0.34;GCF_015680575.1,s__Pseudomonas_Eputida_Z,95.0,83.84,0.379;GCF_000282535.1,s__Pseudomonas_Esp000282535,95.0,83.81,0.34;GCF_019139535.1,s__Pseudomonas_Emuyukensis,95.0,83.76,0.318;GCF_014269205.2,s__Pseudomonas_Ekermanshahensis,95.0,83.73,0.336;GCF_003205295.1,s__Pseudomonas_Emosselii_B,95.0,83.7,0.319;GCF_900277125.1,s__Pseudomonas_Einefficax,95.0,83.68,0.362;GCF_014268885.2,s__Pseudomonas_Exantholysinigenes,95.0,83.68,0.304;GCF_000730605.1,s__Pseudomonas_Emonteilii,95.0,83.67,0.403;GCF_002165135.1,s__Pseudomonas_Esp002165135,95.0,83.64,0.366;GCF_002025705.1,s__Pseudomonas_Eputida_J,95.0,83.64,0.341;GCF_021602025.1,s__Pseudomonas_Eceruminis,95.0,83.61,0.358;GCF_014268935.2,s__Pseudomonas_Eperadeniyensis,95.0,83.6,0.313;GCF_015354575.1,s__Pseudomonas_Esp015354575,95.0,83.6,0.309;GCF_015680405.1,s__Pseudomonas_Epudica,95.0,83.56,0.378;GCF_029193575.1,s__Pseudomonas_Eentomophila_G,95.0,83.56,0.334;GCF_029836165.1,s__Pseudomonas_Esp029836165,95.0,83.56,0.323;GCF_011752525.1,s__Pseudomonas_Esp011752525,95.0,83.52,0.317;GCF_005080685.1,s__Pseudomonas_Eputida_V,95.0,83.51,0.318;GCF_019139675.1,s__Pseudomonas_Emaumuensis,95.0,83.51,0.317;GCF_000026105.1,s__Pseudomonas_Eentomophila,95.0,83.5,0.296;GCF_021601385.1,s__Pseudomonas_Eparasichuanensis,95.0,83.45,0.311;GCF_019823065.1,s__Pseudomonas_Emosselii,95.0,83.45,0.306;GCF_026625125.1,s__Pseudomonas_Eputida_X,95.0,83.43,0.323;GCF_022405695.1,s__Pseudomonas_Eentomophila_E,95.0,83.4,0.292;GCF_007677725.1,s__Pseudomonas_Esp003445295,95.0,83.38,0.35;GCF_020151015.1,s__Pseudomonas_Eputida_K,95.0,83.36,0.302;GCF_019139895.1,s__Pseudomonas_Efakonensis,95.0,83.34,0.306;GCF_000425785.1,s__Pseudomonas_Etaiwanensis,95.0,83.34,0.303;GCF_900110655.1,s__Pseudomonas_Esoli,95.0,83.29,0.307;GCF_016406145.1,s__Pseudomonas_Eputida_E,95.0,83.24,0.344;GCF_028898945.1,s__Pseudomonas_Esp028898945,95.0,83.22,0.325;GCF_001320245.1,s__Pseudomonas_Esp001320245,95.0,83.21,0.348;GCF_018417595.1,s__Pseudomonas_Eentomophila_C,95.0,83.18,0.308;GCF_024749165.1,s__Pseudomonas_Esp024749165,95.0,83.18,0.307;GCF_023277925.1,s__Pseudomonas_Eentomophila_D,95.0,83.16,0.301;GCF_001636055.1,s__Pseudomonas_Eputida_B,95.0,83.1,0.316;GCA_014268975.2,s__Pseudomonas_Ewayambapalatensis,95.0,83.1,0.29;GCF_024127895.1,s__Pseudomonas_Eguariconensis_B,95.0,83.09,0.323;GCF_004357765.1,s__Pseudomonas_Eputida_U,95.0,83.08,0.311;GCF_029840925.1,s__Pseudomonas_Esp029840925,95.0,83.01,0.305;GCF_004519305.1,s__Pseudomonas_Esp004519305,95.0,82.97,0.312;GCF_014268805.2,s__Pseudomonas_Efarsensis,95.0,82.94,0.28;GCF_015680295.1,s__Pseudomonas_Eguariconensis_D,95.0,82.9,0.277;GCF_015680235.1,s__Pseudomonas_Eguariconensis_A,95.0,82.87,0.288;GCF_014269025.2,s__Pseudomonas_Epromysalinigenes,95.0,82.84,0.294;GCF_029478665.1,s__Pseudomonas_Eentomophila_F,95.0,82.83,0.308;GCF_014268815.2,s__Pseudomonas_Eurmiensis,95.0,82.81,0.275;GCF_003231305.1,s__Pseudomonas_Esichuanensis,95.0,82.78,0.314;GCF_900536025.1,s__Pseudomonas_Ereidholzensis,95.0,82.74,0.304;GCF_900102675.1,s__Pseudomonas_Eguariconensis,95.0,82.7,0.271;GCF_005796105.1,s__Pseudomonas_Emosselii_C,95.0,82.68,0.281;GCF_015680245.1,s__Pseudomonas_Eguariconensis_C,95.0,82.6,0.271;GCF_002741075.1,s__Pseudomonas_Eputida_T,95.0,82.54,0.269;GCF_016518545.1,s__Pseudomonas_Esp016518545,95.0,82.47,0.279;GCF_000800255.1,s__Pseudomonas_Eparafulva_A,95.0,82.41,0.281;GCF_017875955.1,s__Pseudomonas_Esp017875955,95.0,82.37,0.276;GCF_014268785.2,s__Pseudomonas_Eshirazensis,95.0,81.92,0.235;GCF_000759535.1,s__Pseudomonas_Ecremoricolorata_A,95.0,81.81,0.246",98.67,11,N/A,N/A,Pseudomonas fulva 
UF-250,d__Bacteria;p__Pseudomonadota;c__Gammaproteobacteria;o__Pseudomonadales;f__Pseudomonadaceae;g__Pseudomonas_E;s__Pseudomonas_Efulva,GCF_000730565.1,95,d__Bacteria;p__Pseudomonadota;c__Gammaproteobacteria;o__Pseudomonadales;f__Pseudomonadaceae;g__Pseudomonas_E;s__Pseudomonas_Efulva,99.39,0.957,GCF_000730565.1,95,d__Bacteria;p__Pseudomonadota;c__Gammaproteobacteria;o__Pseudomonadales;f__Pseudomonadaceae;g__Pseudomonas_E;s__Pseudomonas_Efulva,99.39,0.957,d__Bacteria;p__Pseudomonadota;c__Gammaproteobacteria;o__Pseudomonadales;f__Pseudomonadaceae;g__Pseudomonas_E;s__,taxonomicclassificationdefinedbytopologyandANI,topologicalplacementandANIhavecongruentspeciesassignments,"GCF_002021815.1,s__Pseudomonas_Eparafulva_B,95.0,93.87,0.877;GCF_022533585.1,s__Pseudomonas_Esp001642705,95.0,84.81,0.392;GCF_000730645.1,s__Pseudomonas_Eparafulva,95.0,84.74,0.444;GCF_021602585.1,s__Pseudomonas_Efaucium,95.0,84.58,0.389;GCF_030159595.1,s__Pseudomonas_Eputida_AC,95.0,84.49,0.404;GCF_014269225.2,s__Pseudomonas_Eanuradhapurensis,95.0,84.47,0.396;GCA_029953615.1,s__Pseudomonas_Esp002113165,95.0,84.45,0.382;GCF_900291015.1,s__Pseudomonas_Esp900291015,95.0,84.45,0.373;GCF_000708715.2,s__Pseudomonas_Eputida_R,95.0,84.45,0.37;GCF_002356095.1,s__Pseudomonas_Eputida_H,95.0,84.41,0.393;GCF_009932335.1,s__Pseudomonas_Easiatica,95.0,84.41,0.387;GCF_000498395.2,s__Pseudomonas_Eputida_Q,95.0,84.39,0.377;GCF_002112505.1,s__Pseudomonas_Esp002112505,95.0,84.38,0.39;GCF_000412675.1,s__Pseudomonas_Eputida,95.0,84.34,0.39;GCF_011752565.1,s__Pseudomonas_Esp011752565,95.0,84.34,0.372;GCA_947090765.1,s__Pseudomonas_Esp947090765,95.0,84.33,0.379;GCF_021283545.2,s__Pseudomonas_Ealloputida,95.0,84.32,0.383;GCF_000935045.1,s__Pseudomonas_Esp000935045,95.0,84.29,0.373;GCF_003331055.1,s__Pseudomonas_Esp003331055,95.0,84.26,0.38;GCF_017744435.1,s__Pseudomonas_Esp017744435,95.0,84.21,0.381;GCF_014269185.2,s__Pseudomonas_Eoryzicola,95.0,84.2,0.401;GCF_916618955.1,s__Pseudomonas_Esp916618955,95.0,84.16,0.397;GCF_029202525.1,s__Pseudomonas_Ephytovorans,95.0,84.15,0.377;GCF_013393325.1,s__Pseudomonas_Eputida_P,95.0,84.13,0.394;GCF_024349685.1,s__Pseudomonas_Esp024349685,95.0,84.07,0.377;GCF_009883635.2,s__Pseudomonas_Eputida_W,95.0,84.05,0.384;GCF_013179515.1,s__Pseudomonas_Esp013179515,95.0,84.04,0.364;GCF_009932375.1,s__Pseudomonas_Ejuntendi,95.0,84.03,0.387;GCF_009391885.1,s__Pseudomonas_Esp009391885,95.0,84.03,0.377;GCF_003097235.1,s__Pseudomonas_Esp003097235,95.0,84.03,0.368;GCF_003627215.1,s__Pseudomonas_Esp001422615,95.0,84.02,0.372;GCF_002386445.1,s__Pseudomonas_Esp002386445,95.0,83.99,0.383;GCF_016658545.1,s__Pseudomonas_Esp016658545,95.0,83.98,0.379;GCF_002906795.1,s__Pseudomonas_Eputida_Y,95.0,83.94,0.344;GCF_003205205.1,s__Pseudomonas_Esp003205205,95.0,83.93,0.382;GCF_000731675.1,s__Pseudomonas_Ecapeferrum,95.0,83.91,0.377;GCF_025905425.1,s__Pseudomonas_Eputida_AF,95.0,83.89,0.347;GCF_000730665.1,s__Pseudomonas_Eplecoglossicida,95.0,83.87,0.357;GCF_000282535.1,s__Pseudomonas_Esp000282535,95.0,83.86,0.348;GCF_002906855.1,s__Pseudomonas_Eputida_N,95.0,83.84,0.374;GCF_002025705.1,s__Pseudomonas_Eputida_J,95.0,83.84,0.344;GCF_014269205.2,s__Pseudomonas_Ekermanshahensis,95.0,83.84,0.339;GCF_021602025.1,s__Pseudomonas_Eceruminis,95.0,83.81,0.358;GCF_015680575.1,s__Pseudomonas_Eputida_Z,95.0,83.78,0.384;GCF_007677725.1,s__Pseudomonas_Esp003445295,95.0,83.77,0.365;GCF_014269035.2,s__Pseudomonas_Evlassakiae,95.0,83.76,0.371;GCF_016648105.1,s__Pseudomonas_Esp016648105,95.0,83.76,0.34;GCF_000730605.1,s__Pseudomonas_Emonteilii,95.0,83.69,0.407;GCF_900277125.1,s__Pseudomonas_Einefficax,95.0,83.69,0.364;GCF_002165135.1,s__Pseudomonas_Esp002165135,95.0,83.67,0.366;GCF_029193575.1,s__Pseudomonas_Eentomophila_G,95.0,83.67,0.34;GCF_005080685.1,s__Pseudomonas_Eputida_V,95.0,83.65,0.328;GCF_011752525.1,s__Pseudomonas_Esp011752525,95.0,83.65,0.326;GCF_014268935.2,s__Pseudomonas_Eperadeniyensis,95.0,83.65,0.317;GCF_015680405.1,s__Pseudomonas_Epudica,95.0,83.63,0.379;GCF_019823065.1,s__Pseudomonas_Emosselii,95.0,83.62,0.31;GCF_019139895.1,s__Pseudomonas_Efakonensis,95.0,83.61,0.317;GCF_015354575.1,s__Pseudomonas_Esp015354575,95.0,83.59,0.312;GCF_022405695.1,s__Pseudomonas_Eentomophila_E,95.0,83.59,0.301;GCF_003205295.1,s__Pseudomonas_Emosselii_B,95.0,83.58,0.323;GCF_000026105.1,s__Pseudomonas_Eentomophila,95.0,83.56,0.303;GCF_019139535.1,s__Pseudomonas_Emuyukensis,95.0,83.55,0.322;GCF_021601385.1,s__Pseudomonas_Eparasichuanensis,95.0,83.55,0.319;GCF_019139675.1,s__Pseudomonas_Emaumuensis,95.0,83.52,0.323;GCF_029836165.1,s__Pseudomonas_Esp029836165,95.0,83.49,0.324;GCF_014268885.2,s__Pseudomonas_Exantholysinigenes,95.0,83.48,0.307;GCF_026625125.1,s__Pseudomonas_Eputida_X,95.0,83.45,0.331;GCF_001320245.1,s__Pseudomonas_Esp001320245,95.0,83.34,0.35;GCF_900110655.1,s__Pseudomonas_Esoli,95.0,83.34,0.315;GCF_024749165.1,s__Pseudomonas_Esp024749165,95.0,83.31,0.312;GCF_018417595.1,s__Pseudomonas_Eentomophila_C,95.0,83.31,0.309;GCF_020151015.1,s__Pseudomonas_Eputida_K,95.0,83.28,0.308;GCF_028898945.1,s__Pseudomonas_Esp028898945,95.0,83.27,0.337;GCF_000425785.1,s__Pseudomonas_Etaiwanensis,95.0,83.22,0.314;GCF_023277925.1,s__Pseudomonas_Eentomophila_D,95.0,83.22,0.303;GCF_016406145.1,s__Pseudomonas_Eputida_E,95.0,83.21,0.356;GCF_014268805.2,s__Pseudomonas_Efarsensis,95.0,83.2,0.288;GCA_014268975.2,s__Pseudomonas_Ewayambapalatensis,95.0,83.16,0.301;GCF_024127895.1,s__Pseudomonas_Eguariconensis_B,95.0,83.15,0.32;GCF_004357765.1,s__Pseudomonas_Eputida_U,95.0,83.09,0.314;GCF_029840925.1,s__Pseudomonas_Esp029840925,95.0,82.98,0.31;GCF_004519305.1,s__Pseudomonas_Esp004519305,95.0,82.93,0.317;GCF_014269025.2,s__Pseudomonas_Epromysalinigenes,95.0,82.92,0.302;GCF_001636055.1,s__Pseudomonas_Eputida_B,95.0,82.91,0.328;GCF_015680235.1,s__Pseudomonas_Eguariconensis_A,95.0,82.89,0.29;GCF_005796105.1,s__Pseudomonas_Emosselii_C,95.0,82.87,0.286;GCF_900102675.1,s__Pseudomonas_Eguariconensis,95.0,82.79,0.282;GCF_029478665.1,s__Pseudomonas_Eentomophila_F,95.0,82.77,0.311;GCF_014268815.2,s__Pseudomonas_Eurmiensis,95.0,82.7,0.276;GCF_002741075.1,s__Pseudomonas_Eputida_T,95.0,82.68,0.28;GCF_003231305.1,s__Pseudomonas_Esichuanensis,95.0,82.66,0.321;GCF_900536025.1,s__Pseudomonas_Ereidholzensis,95.0,82.66,0.302;GCF_015680295.1,s__Pseudomonas_Eguariconensis_D,95.0,82.57,0.283;GCF_016518545.1,s__Pseudomonas_Esp016518545,95.0,82.52,0.281;GCF_015680245.1,s__Pseudomonas_Eguariconensis_C,95.0,82.45,0.276;GCF_000800255.1,s__Pseudomonas_Eparafulva_A,95.0,82.44,0.286;GCF_017875955.1,s__Pseudomonas_Esp017875955,95.0,82.37,0.287;GCF_000759535.1,s__Pseudomonas_Ecremoricolorata_A,95.0,81.88,0.247;GCF_014268785.2,s__Pseudomonas_Eshirazensis,95.0,81.83,0.234",98.67,11,N/A,N/A,Pseudomonas fulva 
UF-251,d__Bacteria;p__Pseudomonadota;c__Gammaproteobacteria;o__Pseudomonadales;f__Pseudomonadaceae;g__Pseudomonas_E;s__Pseudomonas_Emonteilii_A,GCA_001534745.1,95,d__Bacteria;p__Pseudomonadota;c__Gammaproteobacteria;o__Pseudomonadales;f__Pseudomonadaceae;g__Pseudomonas_E;s__Pseudomonas_Emonteilii_A,98.02,0.892,GCA_001534745.1,95,d__Bacteria;p__Pseudomonadota;c__Gammaproteobacteria;o__Pseudomonadales;f__Pseudomonadaceae;g__Pseudomonas_E;s__Pseudomonas_Emonteilii_A,98.02,0.892,d__Bacteria;p__Pseudomonadota;c__Gammaproteobacteria;o__Pseudomonadales;f__Pseudomonadaceae;g__Pseudomonas_E;s__,taxonomicclassificationdefinedbytopologyandANI,topologicalplacementandANIhavecongruentspeciesassignments,"GCF_013523125.1,s__Pseudomonas_Eentomophila_B,95.0,92.07,0.783;GCF_013523165.1,s__Pseudomonas_Eentomophila_A,95.0,91.46,0.803;GCA_029239415.1,s__Pseudomonas_Esp029239415,95.0,85.15,0.328;GCF_029193575.1,s__Pseudomonas_Eentomophila_G,95.0,84.2,0.33;GCF_024127895.1,s__Pseudomonas_Eguariconensis_B,95.0,84.14,0.326;GCF_014268935.2,s__Pseudomonas_Eperadeniyensis,95.0,84.14,0.311;GCF_003205295.1,s__Pseudomonas_Emosselii_B,95.0,84.09,0.314;GCF_011752525.1,s__Pseudomonas_Esp011752525,95.0,84.08,0.311;GCF_021602585.1,s__Pseudomonas_Efaucium,95.0,84.06,0.319;GCF_019139535.1,s__Pseudomonas_Emuyukensis,95.0,84.06,0.319;GCF_019823065.1,s__Pseudomonas_Emosselii,95.0,83.95,0.302;GCF_020151015.1,s__Pseudomonas_Eputida_K,95.0,83.91,0.3;GCF_019139895.1,s__Pseudomonas_Efakonensis,95.0,83.89,0.3;GCF_016648105.1,s__Pseudomonas_Esp016648105,95.0,83.87,0.315;GCF_015680705.1,s__Pseudomonas_Efulva_C,95.0,83.86,0.347;GCF_015354575.1,s__Pseudomonas_Esp015354575,95.0,83.83,0.295;GCF_015680235.1,s__Pseudomonas_Eguariconensis_A,95.0,83.82,0.289;GCF_021601385.1,s__Pseudomonas_Eparasichuanensis,95.0,83.8,0.295;GCF_002112505.1,s__Pseudomonas_Esp002112505,95.0,83.79,0.317;GCF_900536025.1,s__Pseudomonas_Ereidholzensis,95.0,83.79,0.305;GCF_014268885.2,s__Pseudomonas_Exantholysinigenes,95.0,83.78,0.304;GCF_011752565.1,s__Pseudomonas_Esp011752565,95.0,83.76,0.311;GCF_029478665.1,s__Pseudomonas_Eentomophila_F,95.0,83.71,0.293;GCF_005080685.1,s__Pseudomonas_Eputida_V,95.0,83.71,0.292;GCF_029836165.1,s__Pseudomonas_Esp029836165,95.0,83.69,0.318;GCF_004519305.1,s__Pseudomonas_Esp004519305,95.0,83.68,0.305;GCF_000935045.1,s__Pseudomonas_Esp000935045,95.0,83.66,0.282;GCF_014269035.2,s__Pseudomonas_Evlassakiae,95.0,83.65,0.303;GCF_000026105.1,s__Pseudomonas_Eentomophila,95.0,83.65,0.298;GCF_018417595.1,s__Pseudomonas_Eentomophila_C,95.0,83.62,0.299;GCF_003231305.1,s__Pseudomonas_Esichuanensis,95.0,83.62,0.295;GCF_022533585.1,s__Pseudomonas_Esp001642705,95.0,83.59,0.283;GCF_001636055.1,s__Pseudomonas_Eputida_B,95.0,83.58,0.304;GCF_002434265.1,s__Pseudomonas_Esp002434265,95.0,83.58,0.299;GCF_022405695.1,s__Pseudomonas_Eentomophila_E,95.0,83.58,0.288;GCF_029840925.1,s__Pseudomonas_Esp029840925,95.0,83.57,0.308;GCA_014268975.2,s__Pseudomonas_Ewayambapalatensis,95.0,83.5,0.275;GCF_003331055.1,s__Pseudomonas_Esp003331055,95.0,83.49,0.281;GCF_013393325.1,s__Pseudomonas_Eputida_P,95.0,83.48,0.277;GCF_024349685.1,s__Pseudomonas_Esp024349685,95.0,83.47,0.292;GCF_000730665.1,s__Pseudomonas_Eplecoglossicida,95.0,83.44,0.286;GCF_002025705.1,s__Pseudomonas_Eputida_J,95.0,83.42,0.29;GCF_009932335.1,s__Pseudomonas_Easiatica,95.0,83.4,0.279;GCF_900291015.1,s__Pseudomonas_Esp900291015,95.0,83.35,0.279;GCA_029953615.1,s__Pseudomonas_Esp002113165,95.0,83.35,0.272;GCF_023277925.1,s__Pseudomonas_Eentomophila_D,95.0,83.34,0.299;GCF_014269225.2,s__Pseudomonas_Eanuradhapurensis,95.0,83.34,0.273;GCF_015680575.1,s__Pseudomonas_Eputida_Z,95.0,83.31,0.273;GCF_002165135.1,s__Pseudomonas_Esp002165135,95.0,83.31,0.267;GCF_015680295.1,s__Pseudomonas_Eguariconensis_D,95.0,83.3,0.26;GCF_002741075.1,s__Pseudomonas_Eputida_T,95.0,83.27,0.26;GCF_000282535.1,s__Pseudomonas_Esp000282535,95.0,83.25,0.281;GCF_916618955.1,s__Pseudomonas_Esp916618955,95.0,83.25,0.272;GCF_015680405.1,s__Pseudomonas_Epudica,95.0,83.24,0.268;GCF_014269185.2,s__Pseudomonas_Eoryzicola,95.0,83.23,0.272;GCF_014268815.2,s__Pseudomonas_Eurmiensis,95.0,83.14,0.271;GCF_000800255.1,s__Pseudomonas_Eparafulva_A,95.0,83.12,0.278;GCF_030159595.1,s__Pseudomonas_Eputida_AC,95.0,83.1,0.276;GCF_018417635.1,s__Pseudomonas_Esp900101695,95.0,83.09,0.268;GCF_000425745.1,s__Pseudomonas_Ecremoricolorata,95.0,83.08,0.278;GCF_002356095.1,s__Pseudomonas_Eputida_H,95.0,83.08,0.26;GCF_016518545.1,s__Pseudomonas_Esp016518545,95.0,83.07,0.281;GCF_003627215.1,s__Pseudomonas_Esp001422615,95.0,83.07,0.252;GCF_000730605.1,s__Pseudomonas_Emonteilii,95.0,83.06,0.282;GCF_007677725.1,s__Pseudomonas_Esp003445295,95.0,83.06,0.268;GCF_003205205.1,s__Pseudomonas_Esp003205205,95.0,83.01,0.269;GCF_002386445.1,s__Pseudomonas_Esp002386445,95.0,83.01,0.266;GCF_015680245.1,s__Pseudomonas_Eguariconensis_C,95.0,82.99,0.256;GCF_000425785.1,s__Pseudomonas_Etaiwanensis,95.0,82.98,0.253;GCA_023388335.1,s__Pseudomonas_Esp023388335,95.0,82.97,0.252;GCF_000412675.1,s__Pseudomonas_Eputida,95.0,82.94,0.271;GCA_902498185.1,s__Pseudomonas_Efluorescens_BS,95.0,82.92,0.271;GCF_900102675.1,s__Pseudomonas_Eguariconensis,95.0,82.91,0.251;GCF_021283545.2,s__Pseudomonas_Ealloputida,95.0,82.88,0.25;GCF_000759535.1,s__Pseudomonas_Ecremoricolorata_A,95.0,82.86,0.277;GCA_947090765.1,s__Pseudomonas_Esp947090765,95.0,82.84,0.255;GCF_016406145.1,s__Pseudomonas_Eputida_E,95.0,82.83,0.263;GCF_005796105.1,s__Pseudomonas_Emosselii_C,95.0,82.81,0.26;GCF_009932375.1,s__Pseudomonas_Ejuntendi,95.0,82.79,0.249;GCF_002906795.1,s__Pseudomonas_Eputida_Y,95.0,82.78,0.249;GCF_900497695.1,s__Pseudomonas_Ewadenswilerensis,95.0,82.76,0.262;GCF_013523055.1,s__Pseudomonas_Ecapeferrum_A,95.0,82.71,0.249;GCF_004357765.1,s__Pseudomonas_Eputida_U,95.0,82.69,0.26;GCF_017875955.1,s__Pseudomonas_Esp017875955,95.0,82.68,0.265;GCF_900277125.1,s__Pseudomonas_Einefficax,95.0,82.65,0.28;GCF_000259195.1,s__Pseudomonas_Edonghuensis,95.0,82.64,0.264;GCF_016658545.1,s__Pseudomonas_Esp016658545,95.0,82.59,0.275;GCF_000800615.1,s__Pseudomonas_Eputida_F,95.0,82.55,0.251;GCF_000730645.1,s__Pseudomonas_Eparafulva,95.0,82.5,0.247;GCF_028682475.1,s__Pseudomonas_Eputida_AG,95.0,82.36,0.23;GCF_030466445.1,s__Pseudomonas_Esp030466445,95.0,82.34,0.234;GCF_028898945.1,s__Pseudomonas_Esp028898945,95.0,82.28,0.243;GCF_004214895.1,s__Pseudomonas_Etructae,95.0,82.27,0.256;GCF_014268785.2,s__Pseudomonas_Eshirazensis,95.0,82.1,0.224;GCF_000425805.1,s__Pseudomonas_Evranovensis,95.0,82.06,0.215;GCF_028682455.1,s__Pseudomonas_Eputida_AA,95.0,82.04,0.235;GCF_014269025.2,s__Pseudomonas_Epromysalinigenes,95.0,81.98,0.224;GCF_003024385.1,s__Pseudomonas_Esp003024385,95.0,81.61,0.209;GCF_002845275.2,s__Pseudomonas_Esp000955815,95.0,81.45,0.183",97.58,11,N/A,N/A,Pseudomonas monteilii
UF-254,d__Bacteria;p__Pseudomonadota;c__Gammaproteobacteria;o__Pseudomonadales;f__Pseudomonadaceae;g__Pseudomonas_E;s__Pseudomonas_Eputida_Z,GCF_015680575.1,95,d__Bacteria;p__Pseudomonadota;c__Gammaproteobacteria;o__Pseudomonadales;f__Pseudomonadaceae;g__Pseudomonas_E;s__Pseudomonas_Eputida_Z,96.23,0.84,GCF_015680575.1,95,d__Bacteria;p__Pseudomonadota;c__Gammaproteobacteria;o__Pseudomonadales;f__Pseudomonadaceae;g__Pseudomonas_E;s__Pseudomonas_Eputida_Z,96.23,0.84,d__Bacteria;p__Pseudomonadota;c__Gammaproteobacteria;o__Pseudomonadales;f__Pseudomonadaceae;g__Pseudomonas_E;s__,taxonomicclassificationdefinedbytopologyandANI,topologicalplacementandANIhavecongruentspeciesassignments,"GCF_009932335.1,s__Pseudomonas_Easiatica,95.0,95.94,0.804;GCF_015680405.1,s__Pseudomonas_Epudica,95.0,95.75,0.845;GCF_900277125.1,s__Pseudomonas_Einefficax,95.0,94.88,0.814;GCF_022533585.1,s__Pseudomonas_Esp001642705,95.0,94.45,0.801;GCF_002165135.1,s__Pseudomonas_Esp002165135,95.0,93.95,0.804;GCF_900291015.1,s__Pseudomonas_Esp900291015,95.0,93.95,0.792;GCA_029953615.1,s__Pseudomonas_Esp002113165,95.0,93.77,0.793;GCF_003331055.1,s__Pseudomonas_Esp003331055,95.0,91.91,0.766;GCF_000935045.1,s__Pseudomonas_Esp000935045,95.0,90.99,0.669;GCF_000708715.2,s__Pseudomonas_Eputida_R,95.0,90.8,0.678;GCF_014269225.2,s__Pseudomonas_Eanuradhapurensis,95.0,90.51,0.734;GCF_916618955.1,s__Pseudomonas_Esp916618955,95.0,90.51,0.724;GCF_014269185.2,s__Pseudomonas_Eoryzicola,95.0,90.49,0.732;GCF_000412675.1,s__Pseudomonas_Eputida,95.0,90.45,0.671;GCF_030159595.1,s__Pseudomonas_Eputida_AC,95.0,90.32,0.659;GCF_003627215.1,s__Pseudomonas_Esp001422615,95.0,90.31,0.659;GCA_947090765.1,s__Pseudomonas_Esp947090765,95.0,90.27,0.679;GCF_000498395.2,s__Pseudomonas_Eputida_Q,95.0,90.27,0.676;GCF_016658545.1,s__Pseudomonas_Esp016658545,95.0,90.1,0.664;GCF_000730605.1,s__Pseudomonas_Emonteilii,95.0,90.04,0.634;GCF_013393325.1,s__Pseudomonas_Eputida_P,95.0,89.99,0.662;GCF_002386445.1,s__Pseudomonas_Esp002386445,95.0,89.98,0.733;GCF_013179515.1,s__Pseudomonas_Esp013179515,95.0,89.95,0.621;GCF_029202525.1,s__Pseudomonas_Ephytovorans,95.0,89.86,0.63;GCF_002356095.1,s__Pseudomonas_Eputida_H,95.0,89.81,0.65;GCF_021283545.2,s__Pseudomonas_Ealloputida,95.0,89.71,0.636;GCF_003205205.1,s__Pseudomonas_Esp003205205,95.0,89.5,0.65;GCF_002906795.1,s__Pseudomonas_Eputida_Y,95.0,89.27,0.61;GCF_002112505.1,s__Pseudomonas_Esp002112505,95.0,88.94,0.575;GCF_017744435.1,s__Pseudomonas_Esp017744435,95.0,88.87,0.589;GCF_009932375.1,s__Pseudomonas_Ejuntendi,95.0,88.87,0.554;GCF_003097235.1,s__Pseudomonas_Esp003097235,95.0,88.84,0.556;GCF_009883635.2,s__Pseudomonas_Eputida_W,95.0,88.83,0.546;GCF_024349685.1,s__Pseudomonas_Esp024349685,95.0,88.68,0.556;GCF_009391885.1,s__Pseudomonas_Esp009391885,95.0,88.56,0.537;GCF_021602585.1,s__Pseudomonas_Efaucium,95.0,88.54,0.563;GCF_002025705.1,s__Pseudomonas_Eputida_J,95.0,88.45,0.565;GCF_011752565.1,s__Pseudomonas_Esp011752565,95.0,88.33,0.539;GCF_002906855.1,s__Pseudomonas_Eputida_N,95.0,88.31,0.535;GCF_025905425.1,s__Pseudomonas_Eputida_AF,95.0,88.29,0.562;GCF_000282535.1,s__Pseudomonas_Esp000282535,95.0,88.2,0.544;GCF_000731675.1,s__Pseudomonas_Ecapeferrum,95.0,88.15,0.569;GCF_014269205.2,s__Pseudomonas_Ekermanshahensis,95.0,88.11,0.567;GCF_014269035.2,s__Pseudomonas_Evlassakiae,95.0,88.1,0.554;GCF_001320245.1,s__Pseudomonas_Esp001320245,95.0,88.06,0.528;GCF_000730665.1,s__Pseudomonas_Eplecoglossicida,95.0,87.9,0.559;GCF_021601385.1,s__Pseudomonas_Eparasichuanensis,95.0,87.5,0.5;GCF_019139895.1,s__Pseudomonas_Efakonensis,95.0,87.4,0.48;GCF_003231305.1,s__Pseudomonas_Esichuanensis,95.0,87.38,0.492;GCF_016648105.1,s__Pseudomonas_Esp016648105,95.0,87.33,0.477;GCF_019139535.1,s__Pseudomonas_Emuyukensis,95.0,87.28,0.516;GCF_015354575.1,s__Pseudomonas_Esp015354575,95.0,87.2,0.485;GCF_014268935.2,s__Pseudomonas_Eperadeniyensis,95.0,87.12,0.484;GCF_022405695.1,s__Pseudomonas_Eentomophila_E,95.0,87.09,0.462;GCF_024127895.1,s__Pseudomonas_Eguariconensis_B,95.0,87.03,0.529;GCF_003205295.1,s__Pseudomonas_Emosselii_B,95.0,87.02,0.494;GCF_005080685.1,s__Pseudomonas_Eputida_V,95.0,87.0,0.476;GCF_000026105.1,s__Pseudomonas_Eentomophila,95.0,87.0,0.47;GCF_004519305.1,s__Pseudomonas_Esp004519305,95.0,86.99,0.508;GCF_029478665.1,s__Pseudomonas_Eentomophila_F,95.0,86.98,0.476;GCF_018417595.1,s__Pseudomonas_Eentomophila_C,95.0,86.96,0.457;GCF_019823065.1,s__Pseudomonas_Emosselii,95.0,86.96,0.453;GCF_014268885.2,s__Pseudomonas_Exantholysinigenes,95.0,86.94,0.492;GCF_029836165.1,s__Pseudomonas_Esp029836165,95.0,86.92,0.472;GCF_024749165.1,s__Pseudomonas_Esp024749165,95.0,86.9,0.473;GCF_028898945.1,s__Pseudomonas_Esp028898945,95.0,86.88,0.477;GCF_019139675.1,s__Pseudomonas_Emaumuensis,95.0,86.87,0.478;GCF_029193575.1,s__Pseudomonas_Eentomophila_G,95.0,86.76,0.471;GCF_029840925.1,s__Pseudomonas_Esp029840925,95.0,86.75,0.48;GCF_021602025.1,s__Pseudomonas_Eceruminis,95.0,86.71,0.475;GCF_011752525.1,s__Pseudomonas_Esp011752525,95.0,86.68,0.494;GCF_023277925.1,s__Pseudomonas_Eentomophila_D,95.0,86.65,0.461;GCF_026625125.1,s__Pseudomonas_Eputida_X,95.0,86.64,0.456;GCF_900110655.1,s__Pseudomonas_Esoli,95.0,86.63,0.474;GCF_004357765.1,s__Pseudomonas_Eputida_U,95.0,86.45,0.439;GCF_000425785.1,s__Pseudomonas_Etaiwanensis,95.0,86.44,0.511;GCF_016406145.1,s__Pseudomonas_Eputida_E,95.0,86.44,0.474;GCF_020151015.1,s__Pseudomonas_Eputida_K,95.0,86.33,0.472;GCF_900536025.1,s__Pseudomonas_Ereidholzensis,95.0,86.22,0.437;GCF_015680235.1,s__Pseudomonas_Eguariconensis_A,95.0,86.21,0.521;GCF_014268815.2,s__Pseudomonas_Eurmiensis,95.0,86.02,0.47;GCF_001636055.1,s__Pseudomonas_Eputida_B,95.0,85.84,0.427;GCF_000730645.1,s__Pseudomonas_Eparafulva,95.0,85.78,0.469;GCA_014268975.2,s__Pseudomonas_Ewayambapalatensis,95.0,85.77,0.452;GCF_002741075.1,s__Pseudomonas_Eputida_T,95.0,85.62,0.432;GCF_015680245.1,s__Pseudomonas_Eguariconensis_C,95.0,85.55,0.459;GCF_005796105.1,s__Pseudomonas_Emosselii_C,95.0,85.49,0.454;GCF_015680295.1,s__Pseudomonas_Eguariconensis_D,95.0,85.44,0.453;GCF_007677725.1,s__Pseudomonas_Esp003445295,95.0,85.38,0.431;GCF_017875955.1,s__Pseudomonas_Esp017875955,95.0,85.28,0.404;GCF_014268805.2,s__Pseudomonas_Efarsensis,95.0,85.25,0.416;GCF_900102675.1,s__Pseudomonas_Eguariconensis,95.0,85.24,0.473;GCF_014269025.2,s__Pseudomonas_Epromysalinigenes,95.0,85.13,0.448;GCF_000730565.1,s__Pseudomonas_Efulva,95.0,84.17,0.391;GCF_002021815.1,s__Pseudomonas_Eparafulva_B,95.0,84.16,0.383;GCF_016518545.1,s__Pseudomonas_Esp016518545,95.0,84.09,0.318;GCF_000800255.1,s__Pseudomonas_Eparafulva_A,95.0,83.96,0.357;GCF_014268785.2,s__Pseudomonas_Eshirazensis,95.0,83.67,0.357;GCF_000759535.1,s__Pseudomonas_Ecremoricolorata_A,95.0,83.09,0.316",97.7,11,N/A,N/A,Pseudomonas putida Z 
UF-255,d__Bacteria;p__Pseudomonadota;c__Gammaproteobacteria;o__Pseudomonadales;f__Pseudomonadaceae;g__Pseudomonas_E;s__Pseudomonas_Ecapeferrum,GCF_000731675.1,95,d__Bacteria;p__Pseudomonadota;c__Gammaproteobacteria;o__Pseudomonadales;f__Pseudomonadaceae;g__Pseudomonas_E;s__Pseudomonas_Ecapeferrum,99.51,0.942,GCF_000731675.1,95,d__Bacteria;p__Pseudomonadota;c__Gammaproteobacteria;o__Pseudomonadales;f__Pseudomonadaceae;g__Pseudomonas_E;s__Pseudomonas_Ecapeferrum,99.51,0.942,d__Bacteria;p__Pseudomonadota;c__Gammaproteobacteria;o__Pseudomonadales;f__Pseudomonadaceae;g__Pseudomonas_E;s__,taxonomicclassificationdefinedbytopologyandANI,topologicalplacementandANIhavecongruentspeciesassignments,"GCF_025905425.1,s__Pseudomonas_Eputida_AF,95.0,91.51,0.748;GCF_014269205.2,s__Pseudomonas_Ekermanshahensis,95.0,90.9,0.748;GCF_003331055.1,s__Pseudomonas_Esp003331055,95.0,88.14,0.583;GCF_000935045.1,s__Pseudomonas_Esp000935045,95.0,88.11,0.535;GCF_015680575.1,s__Pseudomonas_Eputida_Z,95.0,88.07,0.561;GCF_000708715.2,s__Pseudomonas_Eputida_R,95.0,88.06,0.598;GCF_022533585.1,s__Pseudomonas_Esp001642705,95.0,88.01,0.577;GCF_013393325.1,s__Pseudomonas_Eputida_P,95.0,87.99,0.61;GCF_000412675.1,s__Pseudomonas_Eputida,95.0,87.91,0.594;GCF_000498395.2,s__Pseudomonas_Eputida_Q,95.0,87.9,0.589;GCF_021602585.1,s__Pseudomonas_Efaucium,95.0,87.88,0.561;GCF_009932335.1,s__Pseudomonas_Easiatica,95.0,87.82,0.556;GCA_947090765.1,s__Pseudomonas_Esp947090765,95.0,87.78,0.589;GCF_002112505.1,s__Pseudomonas_Esp002112505,95.0,87.76,0.559;GCF_030159595.1,s__Pseudomonas_Eputida_AC,95.0,87.75,0.584;GCF_000730605.1,s__Pseudomonas_Emonteilii,95.0,87.74,0.581;GCF_900291015.1,s__Pseudomonas_Esp900291015,95.0,87.73,0.578;GCF_900277125.1,s__Pseudomonas_Einefficax,95.0,87.72,0.551;GCF_013179515.1,s__Pseudomonas_Esp013179515,95.0,87.72,0.539;GCF_002356095.1,s__Pseudomonas_Eputida_H,95.0,87.7,0.587;GCA_029953615.1,s__Pseudomonas_Esp002113165,95.0,87.69,0.566;GCF_002165135.1,s__Pseudomonas_Esp002165135,95.0,87.68,0.58;GCF_015680405.1,s__Pseudomonas_Epudica,95.0,87.68,0.557;GCF_000730665.1,s__Pseudomonas_Eplecoglossicida,95.0,87.63,0.552;GCF_003097235.1,s__Pseudomonas_Esp003097235,95.0,87.61,0.539;GCF_000282535.1,s__Pseudomonas_Esp000282535,95.0,87.57,0.528;GCF_017744435.1,s__Pseudomonas_Esp017744435,95.0,87.54,0.559;GCF_009883635.2,s__Pseudomonas_Eputida_W,95.0,87.52,0.543;GCF_003627215.1,s__Pseudomonas_Esp001422615,95.0,87.51,0.545;GCF_029202525.1,s__Pseudomonas_Ephytovorans,95.0,87.5,0.575;GCF_009391885.1,s__Pseudomonas_Esp009391885,95.0,87.5,0.554;GCF_014269185.2,s__Pseudomonas_Eoryzicola,95.0,87.36,0.579;GCF_002025705.1,s__Pseudomonas_Eputida_J,95.0,87.34,0.53;GCF_916618955.1,s__Pseudomonas_Esp916618955,95.0,87.33,0.572;GCF_002906855.1,s__Pseudomonas_Eputida_N,95.0,87.32,0.539;GCF_016658545.1,s__Pseudomonas_Esp016658545,95.0,87.31,0.576;GCF_014269225.2,s__Pseudomonas_Eanuradhapurensis,95.0,87.28,0.558;GCF_024349685.1,s__Pseudomonas_Esp024349685,95.0,87.25,0.53;GCF_021283545.2,s__Pseudomonas_Ealloputida,95.0,87.24,0.545;GCF_002386445.1,s__Pseudomonas_Esp002386445,95.0,87.12,0.587;GCF_014269035.2,s__Pseudomonas_Evlassakiae,95.0,87.08,0.54;GCF_011752565.1,s__Pseudomonas_Esp011752565,95.0,87.05,0.518;GCF_001320245.1,s__Pseudomonas_Esp001320245,95.0,86.97,0.523;GCF_003205205.1,s__Pseudomonas_Esp003205205,95.0,86.94,0.555;GCF_016406145.1,s__Pseudomonas_Eputida_E,95.0,86.88,0.514;GCF_002906795.1,s__Pseudomonas_Eputida_Y,95.0,86.82,0.51;GCF_005080685.1,s__Pseudomonas_Eputida_V,95.0,86.75,0.474;GCF_016648105.1,s__Pseudomonas_Esp016648105,95.0,86.67,0.474;GCF_009932375.1,s__Pseudomonas_Ejuntendi,95.0,86.61,0.482;GCF_019139535.1,s__Pseudomonas_Emuyukensis,95.0,86.59,0.475;GCF_028898945.1,s__Pseudomonas_Esp028898945,95.0,86.58,0.476;GCF_014268935.2,s__Pseudomonas_Eperadeniyensis,95.0,86.55,0.459;GCF_021602025.1,s__Pseudomonas_Eceruminis,95.0,86.52,0.52;GCF_021601385.1,s__Pseudomonas_Eparasichuanensis,95.0,86.47,0.467;GCF_026625125.1,s__Pseudomonas_Eputida_X,95.0,86.44,0.49;GCF_018417595.1,s__Pseudomonas_Eentomophila_C,95.0,86.42,0.443;GCF_015354575.1,s__Pseudomonas_Esp015354575,95.0,86.37,0.442;GCF_019139895.1,s__Pseudomonas_Efakonensis,95.0,86.36,0.429;GCF_029836165.1,s__Pseudomonas_Esp029836165,95.0,86.32,0.456;GCF_003205295.1,s__Pseudomonas_Emosselii_B,95.0,86.31,0.458;GCF_019139675.1,s__Pseudomonas_Emaumuensis,95.0,86.29,0.46;GCF_003231305.1,s__Pseudomonas_Esichuanensis,95.0,86.23,0.456;GCF_004519305.1,s__Pseudomonas_Esp004519305,95.0,86.19,0.468;GCF_024749165.1,s__Pseudomonas_Esp024749165,95.0,86.18,0.445;GCF_024127895.1,s__Pseudomonas_Eguariconensis_B,95.0,86.17,0.498;GCF_029193575.1,s__Pseudomonas_Eentomophila_G,95.0,86.14,0.463;GCF_000026105.1,s__Pseudomonas_Eentomophila,95.0,86.13,0.428;GCF_019823065.1,s__Pseudomonas_Emosselii,95.0,86.12,0.453;GCF_022405695.1,s__Pseudomonas_Eentomophila_E,95.0,86.08,0.436;GCF_000425785.1,s__Pseudomonas_Etaiwanensis,95.0,86.06,0.492;GCF_900110655.1,s__Pseudomonas_Esoli,95.0,86.04,0.453;GCF_014268885.2,s__Pseudomonas_Exantholysinigenes,95.0,85.99,0.442;GCF_029478665.1,s__Pseudomonas_Eentomophila_F,95.0,85.98,0.44;GCF_004357765.1,s__Pseudomonas_Eputida_U,95.0,85.98,0.438;GCF_900536025.1,s__Pseudomonas_Ereidholzensis,95.0,85.94,0.461;GCF_029840925.1,s__Pseudomonas_Esp029840925,95.0,85.93,0.436;GCF_020151015.1,s__Pseudomonas_Eputida_K,95.0,85.93,0.43;GCF_011752525.1,s__Pseudomonas_Esp011752525,95.0,85.86,0.462;GCF_023277925.1,s__Pseudomonas_Eentomophila_D,95.0,85.86,0.435;GCF_015680235.1,s__Pseudomonas_Eguariconensis_A,95.0,85.58,0.453;GCA_014268975.2,s__Pseudomonas_Ewayambapalatensis,95.0,85.53,0.438;GCF_014268815.2,s__Pseudomonas_Eurmiensis,95.0,85.49,0.433;GCF_001636055.1,s__Pseudomonas_Eputida_B,95.0,85.41,0.419;GCF_015680295.1,s__Pseudomonas_Eguariconensis_D,95.0,85.23,0.423;GCF_900102675.1,s__Pseudomonas_Eguariconensis,95.0,85.19,0.447;GCF_002741075.1,s__Pseudomonas_Eputida_T,95.0,85.15,0.377;GCF_017875955.1,s__Pseudomonas_Esp017875955,95.0,85.12,0.413;GCF_015680245.1,s__Pseudomonas_Eguariconensis_C,95.0,85.05,0.418;GCF_014268805.2,s__Pseudomonas_Efarsensis,95.0,84.95,0.401;GCF_000730645.1,s__Pseudomonas_Eparafulva,95.0,84.94,0.466;GCF_007677725.1,s__Pseudomonas_Esp003445295,95.0,84.76,0.452;GCF_014269025.2,s__Pseudomonas_Epromysalinigenes,95.0,84.63,0.433;GCF_005796105.1,s__Pseudomonas_Emosselii_C,95.0,84.62,0.407;GCF_000800255.1,s__Pseudomonas_Eparafulva_A,95.0,84.26,0.378;GCF_014268785.2,s__Pseudomonas_Eshirazensis,95.0,83.95,0.399;GCF_002021815.1,s__Pseudomonas_Eparafulva_B,95.0,83.56,0.375;GCF_016518545.1,s__Pseudomonas_Esp016518545,95.0,83.49,0.324;GCF_000730565.1,s__Pseudomonas_Efulva,95.0,83.46,0.375;GCF_000759535.1,s__Pseudomonas_Ecremoricolorata_A,95.0,83.24,0.324",98.27,11,N/A,N/A,Pseudomonas capeferrum 
UF-256,d__Bacteria;p__Pseudomonadota;c__Gammaproteobacteria;o__Pseudomonadales;f__Pseudomonadaceae;g__Pseudomonas_E;s__Pseudomonas_Epharyngis,GCF_021602345.1,95,d__Bacteria;p__Pseudomonadota;c__Gammaproteobacteria;o__Pseudomonadales;f__Pseudomonadaceae;g__Pseudomonas_E;s__Pseudomonas_Epharyngis,95.86,0.842,GCF_021602345.1,95,d__Bacteria;p__Pseudomonadota;c__Gammaproteobacteria;o__Pseudomonadales;f__Pseudomonadaceae;g__Pseudomonas_E;s__Pseudomonas_Epharyngis,95.86,0.842,d__Bacteria;p__Pseudomonadota;c__Gammaproteobacteria;o__Pseudomonadales;f__Pseudomonadaceae;g__Pseudomonas_E;s__,taxonomicclassificationdefinedbytopologyandANI,topologicalplacementandANIhavecongruentspeciesassignments,"GCF_021601625.1,s__Pseudomonas_Eparaglycinae,95.0,94.65,0.877;GCF_001594225.2,s__Pseudomonas_Eglycinae,95.0,94.43,0.829;GCF_021018765.1,s__Pseudomonas_Efitomaticsae,95.0,93.94,0.802;GCF_017498465.1,s__Pseudomonas_Efluorescens_CA,95.0,93.92,0.804;GCF_021603585.1,s__Pseudomonas_Esputi,95.0,93.82,0.817;GCF_030344995.1,s__Pseudomonas_Efluorescens_BF,95.0,93.79,0.835;GCF_014863585.1,s__Pseudomonas_Egozinkensis,95.0,93.79,0.811;GCF_002113125.1,s__Pseudomonas_Esp002113125,95.0,93.64,0.842;GCF_025447595.1,s__Pseudomonas_Ekoreensis_H,95.0,93.41,0.817;GCF_020544405.1,s__Pseudomonas_Esp002113045,95.0,93.04,0.814;GCF_012974785.1,s__Pseudomonas_Efluorescens_BT,95.0,91.79,0.792;GCF_014863605.1,s__Pseudomonas_Eallokribbensis,95.0,91.43,0.754;GCF_003352185.1,s__Pseudomonas_Ekribbensis,95.0,91.38,0.771;GCF_023375815.1,s__Pseudomonas_Esp023375815,95.0,91.37,0.75;GCF_002112385.1,s__Pseudomonas_Esp002112385,95.0,91.34,0.778;GCF_001679645.1,s__Pseudomonas_Ebananamidigenes,95.0,90.18,0.754;GCF_019145475.1,s__Pseudomonas_Ebotevensis,95.0,89.53,0.672;GCF_030209175.1,s__Pseudomonas_Esp030209175,95.0,89.11,0.684;GCF_011369485.1,s__Pseudomonas_Eatagonensis,95.0,88.96,0.653;GCF_012986595.1,s__Pseudomonas_Ekoreensis,95.0,88.8,0.641;GCF_011605305.1,s__Pseudomonas_Ekoreensis_G,95.0,88.75,0.643;GCF_000292795.1,s__Pseudomonas_Efluorescens_H,95.0,88.74,0.616;GCF_028830055.1,s__Pseudomonas_Eserboccidentalis,95.0,88.68,0.637;GCF_000282275.2,s__Pseudomonas_Esp000282275,95.0,88.67,0.637;GCF_004683905.1,s__Pseudomonas_Eputida_A,95.0,88.59,0.639;GCF_000631985.1,s__Pseudomonas_Esp000631985,95.0,88.51,0.616;GCF_021602155.1,s__Pseudomonas_Eparakoreensis,95.0,88.5,0.619;GCF_003061005.1,s__Pseudomonas_Esp003061005,95.0,88.47,0.619;GCF_002878485.1,s__Pseudomonas_Esp002878485,95.0,88.46,0.59;GCF_000633255.1,s__Pseudomonas_Esp000633255,95.0,88.44,0.606;GCF_003732425.1,s__Pseudomonas_Efluorescens_BE,95.0,88.4,0.599;GCF_000802985.1,s__Pseudomonas_Efluorescens_BZ,95.0,88.33,0.585;GCF_900187605.1,s__Pseudomonas_Esp900187605,95.0,88.31,0.596;GCF_004011755.1,s__Pseudomonas_Esp004011755,95.0,88.3,0.595;GCF_028656995.1,s__Pseudomonas_Esp028656995,95.0,88.28,0.579;GCF_902497745.1,s__Pseudomonas_Efluorescens_BM,95.0,88.24,0.58;GCF_014472415.1,s__Pseudomonas_Esp014472415,95.0,88.23,0.642;GCF_014268445.2,s__Pseudomonas_Etensinigenes,95.0,88.23,0.588;GCF_014268495.2,s__Pseudomonas_Emonsensis,95.0,88.22,0.582;GCF_015461835.1,s__Pseudomonas_Eneuropathica,95.0,88.21,0.595;GCF_018326005.1,s__Pseudomonas_Esp002901475,95.0,88.21,0.583;GCF_001648775.1,s__Pseudomonas_Efluorescens_M,95.0,88.2,0.588;GCF_019145435.1,s__Pseudomonas_Eekonensis,95.0,88.19,0.635;GCF_005938625.1,s__Pseudomonas_Efluorescens_BD,95.0,88.17,0.586;GCA_000783395.1,s__Pseudomonas_Echlororaphis_H,95.0,88.17,0.579;GCF_016651305.1,s__Pseudomonas_Esp016651305,95.0,88.16,0.578;GCF_018138145.1,s__Pseudomonas_Ekoreensis_A,95.0,88.15,0.584;GCF_002813455.1,s__Pseudomonas_Ebaetica,95.0,88.13,0.561;GCF_022662375.1,s__Pseudomonas_Esp022662375,95.0,88.1,0.588;GCA_900580865.1,s__Pseudomonas_Esp900580865,95.0,88.1,0.585;GCF_029543085.1,s__Pseudomonas_Esp029543085,95.0,88.1,0.582;GCF_018336155.1,s__Pseudomonas_Erustica,95.0,88.1,0.567;GCF_030687715.1,s__Pseudomonas_Esp030687715,95.0,88.09,0.616;GCF_013433315.1,s__Pseudomonas_Ecrudilactis,95.0,88.05,0.584;GCF_023634765.1,s__Pseudomonas_Esp023634765,95.0,88.05,0.573;GCF_009834515.1,s__Pseudomonas_Esp009834515,95.0,88.04,0.594;GCF_001297015.1,s__Pseudomonas_Esp001297015,95.0,88.04,0.579;GCF_900182985.1,s__Pseudomonas_Ehelmanticensis,95.0,87.97,0.583;GCA_900582195.1,s__Pseudomonas_Esp900582195,95.0,87.96,0.6;GCF_000282515.1,s__Pseudomonas_Esp000282515,95.0,87.91,0.553;GCF_009764645.1,s__Pseudomonas_Esp009764645,95.0,87.82,0.597;GCF_016650635.1,s__Pseudomonas_Esp016650635,95.0,87.7,0.546;GCF_017976235.1,s__Pseudomonas_Eanatoliensis,95.0,87.66,0.569;GCF_025397885.1,s__Pseudomonas_Eiridis,95.0,87.4,0.559;GCF_019733355.1,s__Pseudomonas_Ebaetica_A,95.0,87.34,0.536;GCF_004801935.1,s__Pseudomonas_Eatacamensis,96.51,87.33,0.557;GCF_025706525.1,s__Pseudomonas_Emercuritolerans,95.24,87.27,0.542;GCF_019145195.1,s__Pseudomonas_Esiliginis,95.52,87.11,0.566;GCF_014268585.2,s__Pseudomonas_Eiranensis,95.0,87.11,0.556;GCF_024169245.1,s__Pseudomonas_Ekoreensis_F,95.0,87.07,0.577;GCA_030544685.1,s__Pseudomonas_Efluorescens_AO,95.0,87.06,0.567;GCA_902825215.1,s__Pseudomonas_Efluorescens_G,95.0,87.01,0.544;GCF_019145375.1,s__Pseudomonas_Etriticicola,96.22,87.0,0.56;GCF_900105485.1,s__Pseudomonas_Egranadensis,95.0,86.94,0.566;GCF_900105805.1,s__Pseudomonas_Emoraviensis_A,95.0,86.92,0.556;GCF_014268595.2,s__Pseudomonas_Ehamedanensis,95.0,86.83,0.551;GCF_002836515.1,s__Pseudomonas_Esp002836515,95.0,86.61,0.533;GCF_014268505.2,s__Pseudomonas_Ekhorasanensis,95.0,86.55,0.577;GCF_900636825.1,s__Pseudomonas_Efluorescens_BG,95.0,86.43,0.522;GCA_021605415.1,s__Pseudomonas_Esyringae_S,95.0,86.42,0.548;GCF_000282355.1,s__Pseudomonas_Esp000282355,95.0,86.25,0.39;GCF_019145495.1,s__Pseudomonas_Eazerbaijanoccidentalis,95.0,85.75,0.423;GCF_002934665.1,s__Pseudomonas_Elaurylsulfatiphila,95.0,85.66,0.414;GCF_001317545.1,s__Pseudomonas_Efluorescens_CD,95.0,85.62,0.421;GCF_000282335.1,s__Pseudomonas_Esp000282335,95.0,85.59,0.404;GCF_002906155.1,s__Pseudomonas_Elaurylsulfativorans,95.0,85.58,0.413;GCF_028471945.1,s__Pseudomonas_Esp000282475,95.0,85.57,0.416;GCF_003258965.1,s__Pseudomonas_Efluorescens_CC,95.0,85.57,0.405;GCF_028682635.1,s__Pseudomonas_Eputida_AE,95.0,85.57,0.404;GCF_004348895.1,s__Pseudomonas_Evancouverensis,95.0,85.55,0.427;GCF_001945365.1,s__Pseudomonas_Ereinekei,95.0,85.52,0.455;GCF_003228315.1,s__Pseudomonas_Eputida_S,95.0,85.45,0.409;GCF_001427125.1,s__Pseudomonas_Esp001427125,95.0,85.31,0.41;GCF_900187565.1,s__Pseudomonas_Esp900187565,95.0,85.28,0.41;GCF_001269805.1,s__Pseudomonas_Esp001269805,95.0,85.16,0.385;GCF_028823535.1,s__Pseudomonas_Eserbica,95.0,85.07,0.395;GCF_002236105.1,s__Pseudomonas_Eumsongensis,95.0,84.95,0.374;GCF_008801475.1,s__Pseudomonas_Emoorei,95.0,84.93,0.404;GCF_001421885.1,s__Pseudomonas_Esp001421885,95.0,84.85,0.404",94.32,11,N/A,N/A,Pseudomonas pharyngis
UF-257,d__Bacteria;p__Pseudomonadota;c__Gammaproteobacteria;o__Xanthomonadales;f__Xanthomonadaceae;g__Stenotrophomonas;s__Stenotrophomonasgeniculata,GCF_001431625.1,95,d__Bacteria;p__Pseudomonadota;c__Gammaproteobacteria;o__Xanthomonadales;f__Xanthomonadaceae;g__Stenotrophomonas;s__Stenotrophomonasgeniculata,97.91,0.899,GCF_001431625.1,95,d__Bacteria;p__Pseudomonadota;c__Gammaproteobacteria;o__Xanthomonadales;f__Xanthomonadaceae;g__Stenotrophomonas;s__Stenotrophomonasgeniculata,97.91,0.899,d__Bacteria;p__Pseudomonadota;c__Gammaproteobacteria;o__Xanthomonadales;f__Xanthomonadaceae;g__Stenotrophomonas;s__,taxonomicclassificationdefinedbytopologyandANI,topologicalplacementandANIhavecongruentspeciesassignments,"GCF_003970865.1,s__Stenotrophomonasmaltophilia_AR,95.0,94.28,0.838;GCF_913775725.1,s__Stenotrophomonassp913775725,95.0,94.12,0.837;GCF_000382065.1,s__Stenotrophomonashibiscicola,95.0,93.94,0.861;GCF_004346925.1,s__Stenotrophomonasmaltophilia_A,95.0,93.82,0.85;GCF_013004645.1,s__Stenotrophomonasmaltophilia_AM,95.0,93.46,0.849;GCF_002138415.1,s__Stenotrophomonasmaltophilia_G,95.0,93.42,0.842;GCF_900186865.1,s__Stenotrophomonasmaltophilia,95.0,93.18,0.838;GCF_006974125.1,s__Stenotrophomonasmaltophilia_O,95.0,93.0,0.813;GCF_002799165.1,s__Stenotrophomonasmaltophilia_Q,95.0,92.86,0.823;GCF_003205835.1,s__Stenotrophomonasmaltophilia_AL,95.0,92.48,0.813;GCF_013464485.1,s__Stenotrophomonasmaltophilia_AW,95.0,92.45,0.793;GCF_030291075.1,s__Stenotrophomonassp913776385,95.0,92.24,0.81;GCF_006970445.1,s__Stenotrophomonasmaltophilia_AU,95.0,92.22,0.803;GCF_013464915.1,s__Stenotrophomonasmaltophilia_AT,95.0,91.99,0.797;GCF_004684085.1,s__Stenotrophomonasmaltophilia_AS,95.0,91.92,0.816;GCF_030658505.1,s__Stenotrophomonassp030658505,95.0,91.92,0.796;GCF_002192255.1,s__Stenotrophomonassp002192255,95.0,91.87,0.798;GCF_024621935.1,s__Stenotrophomonasmuris,95.0,91.84,0.796;GCF_003244875.1,s__Stenotrophomonassepilia,95.0,91.84,0.779;GCF_000020665.1,s__Stenotrophomonasmaltophilia_L,95.0,91.75,0.82;GCF_002799155.1,s__Stenotrophomonasmaltophilia_R,95.0,91.75,0.804;GCF_004920835.1,s__Stenotrophomonasmaltophilia_AQ,95.0,91.63,0.82;GCF_002799245.1,s__Stenotrophomonasmaltophilia_S,95.0,91.6,0.771;GCF_001431665.1,s__Stenotrophomonasmaltophilia_K,95.0,91.57,0.765;GCF_900101175.1,s__Stenotrophomonaspavanii,95.0,91.53,0.795;GCA_003525885.1,s__Stenotrophomonassp003525885,95.0,91.43,0.671;GCF_001274595.1,s__Stenotrophomonasmaltophilia_AJ,95.0,91.03,0.761;GCF_023518235.1,s__Stenotrophomonassp003028475,95.0,90.94,0.749;GCF_913778665.1,s__Stenotrophomonassp913778665,95.0,90.93,0.755;GCF_945952405.1,s__Stenotrophomonassp945952405,95.0,90.91,0.736;GCF_001676385.1,s__Stenotrophomonasmaltophilia_J,95.0,90.02,0.734;GCF_030549525.1,s__Stenotrophomonassp030549525,95.0,89.4,0.668;GCF_003086775.1,s__Stenotrophomonassp003086775,95.0,89.25,0.611;GCF_003086795.1,s__Stenotrophomonassp023423675,95.0,89.1,0.621;GCA_003510825.1,s__Stenotrophomonassp003086795,95.77,89.05,0.497;GCF_013364355.1,s__Stenotrophomonassp013364355,95.0,89.0,0.672;GCF_002803515.1,s__Stenotrophomonaslactitubi,95.0,88.93,0.686;GCF_002750975.1,s__Stenotrophomonasindicatrix,95.0,88.87,0.666;GCF_008710035.1,s__Stenotrophomonascyclobalanopsidis,95.18,88.84,0.625;GCA_002364755.1,s__Stenotrophomonasmaltophilia_AX,95.46,88.56,0.614;GCF_003086895.1,s__Stenotrophomonassp003086895,95.0,88.42,0.586;GCF_003086695.1,s__Stenotrophomonassp003086695,95.0,88.22,0.569;GCF_025642255.1,s__Stenotrophomonasmaltophilia_P,95.0,88.13,0.659;GCF_030913365.1,s__Stenotrophomonassp030913365,95.0,87.22,0.521;GCA_009912235.1,s__Stenotrophomonasmaltophilia_AV,95.0,86.81,0.504;GCA_003484865.1,s__Stenotrophomonassp003484865,95.0,85.65,0.307;GCA_023457475.1,s__Stenotrophomonassp023457475,95.0,84.94,0.248;GCA_023439425.1,s__Stenotrophomonassp023439425,95.0,84.83,0.219;GCF_029959395.1,s__Stenotrophomonasmaltophilia_AD,95.0,84.66,0.325;GCF_001431535.1,s__Stenotrophomonaschelatiphaga,95.0,84.58,0.367;GCF_000661955.1,s__Stenotrophomonasrhizophila,95.0,84.56,0.333;GCA_023423605.1,s__Stenotrophomonassp023423605,95.0,84.41,0.284;GCF_020857975.1,s__Stenotrophomonasrhizophila_C,95.0,84.38,0.372;GCF_002893095.1,s__Stenotrophomonassp002893095,95.0,84.32,0.324;GCA_002435595.1,s__Stenotrophomonasmaltophilia_AC,95.0,84.28,0.352;GCF_024810105.1,s__Stenotrophomonasmaltophilia_AB,95.0,84.25,0.346;GCF_013185915.1,s__Stenotrophomonasbentonitica,95.0,84.21,0.32;GCF_029960115.1,s__Stenotrophomonassp029960115,95.0,84.19,0.279;GCF_009832905.1,s__Stenotrophomonasmaltophilia_AP,95.0,84.18,0.345;GCA_021733645.1,s__Stenotrophomonassp021733645,95.0,84.13,0.34;GCF_014836545.1,s__Stenotrophomonaspennii,95.0,84.12,0.367;GCF_009467805.1,s__Stenotrophomonasnematodicola,95.0,84.11,0.33;GCF_007667275.1,s__Stenotrophomonasmaltophilia_AE,95.0,84.1,0.339;GCF_030128875.1,s__Stenotrophomonasbentonitica_A,95.0,84.07,0.332;GCF_002205165.1,s__Stenotrophomonasmaltophilia_N,95.0,84.06,0.348;GCF_013387485.1,s__Stenotrophomonasmaltophilia_AA,95.0,84.05,0.376;GCF_003751305.1,s__Stenotrophomonasrhizophila_B,95.0,84.02,0.356;GCF_003651185.1,s__Stenotrophomonasmaltophilia_Z,95.0,83.95,0.333;GCF_001704155.1,s__Stenotrophomonasrhizophila_A,95.0,83.93,0.345;GCA_002363385.1,s__Stenotrophomonasmaltophilia_AN,95.0,83.86,0.353;GCA_002333345.1,s__Stenotrophomonasmaltophilia_AY,95.0,83.85,0.352;GCF_018612915.1,s__Stenotrophomonassp018612915,95.0,83.81,0.344;GCF_024519465.1,s__Stenotrophomonassp024519465,95.0,83.8,0.341;GCA_023430045.1,s__Stenotrophomonassp023430045,95.0,83.66,0.306;GCF_003935715.1,s__Stenotrophomonasmaltophilia_AH,95.0,83.59,0.267;GCA_002387845.1,s__Stenotrophomonasmaltophilia_AG,95.0,83.43,0.274;GCF_014117215.1,s__Stenotrophomonastumulicola,95.0,83.41,0.323;GCF_001431595.1,s__Stenotrophomonasacidaminiphila,95.0,83.32,0.23;GCA_946223375.1,s__Stenotrophomonassp946223375,95.0,83.19,0.169;GCF_001431505.1,s__Stenotrophomonasdaejeonensis,95.0,83.02,0.246;GCF_014621775.1,s__Stenotrophomonassp014621775,95.0,82.84,0.291;GCF_026107455.2,s__Stenotrophomonassp026107455,95.0,82.81,0.256;GCF_009496535.1,s__Stenotrophomonassp003504055,95.0,82.8,0.23;GCF_002951995.1,s__Stenotrophomonasacidaminiphila_A,95.0,82.63,0.246;GCF_001431425.1,s__Stenotrophomonasnitritireducens,95.0,82.51,0.209;GCF_916618915.1,s__Stenotrophomonassp916618915,95.0,82.48,0.268;GCF_004348115.1,s__Stenotrophomonassp004348115,95.0,82.39,0.227;GCF_029959445.1,s__Stenotrophomonassp029959445,95.0,82.2,0.163;GCF_030711595.1,s__Stenotrophomonassp030711595,95.0,81.89,0.193;GCA_900078405.1,s__Stenotrophomonassp900078405,95.0,81.79,0.241;GCA_002329155.1,s__Stenotrophomonassp002329155,95.0,81.76,0.199;GCF_021202945.1,s__Stenotrophomonassp021202945,95.0,81.61,0.176;GCA_002469325.1,s__Stenotrophomonassp002469325,95.0,81.56,0.16;GCA_002471015.1,s__Stenotrophomonassp002471015,95.0,81.55,0.163;GCF_030549615.1,s__Stenotrophomonassp030549615,95.0,81.43,0.162;GCF_001431415.1,s__Stenotrophomonashumi,95.0,81.15,0.166",98.49,11,N/A,N/A,Stenotrophomonas geniculata 
UF-260,d__Bacteria;p__Pseudomonadota;c__Gammaproteobacteria;o__Enterobacterales;f__Enterobacteriaceae;g__Serratia;s__Serratiabockelmannii,GCF_008011855.1,95.51,d__Bacteria;p__Pseudomonadota;c__Gammaproteobacteria;o__Enterobacterales;f__Enterobacteriaceae;g__Serratia;s__Serratiabockelmannii,98.75,0.945,GCF_008011855.1,95.51,d__Bacteria;p__Pseudomonadota;c__Gammaproteobacteria;o__Enterobacterales;f__Enterobacteriaceae;g__Serratia;s__Serratiabockelmannii,98.75,0.945,d__Bacteria;p__Pseudomonadota;c__Gammaproteobacteria;o__Enterobacterales;f__Enterobacteriaceae;g__Serratia;s__,taxonomicclassificationdefinedbytopologyandANI,topologicalplacementandANIhavecongruentspeciesassignments,"GCF_006715005.1,s__Serratiamarcescens_J,95.0,95.74,0.89;GCF_017299535.1,s__Serratiamarcescens,95.58,95.71,0.913;GCF_000738675.1,s__Serratianematodiphila,96.8,95.11,0.9;GCF_002220655.1,s__Serratiamarcescens_K,95.02,95.02,0.879;GCF_013375155.1,s__Serratiaureilytica,95.0,95.0,0.874;GCF_029846115.1,s__Serratiamarcescens_L,96.11,94.99,0.9;GCF_008364245.1,s__Serratianevei,96.24,94.93,0.871;GCF_003812745.1,s__Serratiasp003812745,95.0,94.06,0.882;GCF_024160145.1,s__Serratianevei_A,95.0,93.99,0.813;GCF_001642805.2,s__Serratiasurfactantfaciens,95.0,93.92,0.875;GCF_001902635.1,s__Serratiamarcescens_F,95.0,93.14,0.794",95.75,11,N/A,N/A,Serratia bockelmannii 
UF-263,d__Bacteria;p__Pseudomonadota;c__Gammaproteobacteria;o__Enterobacterales;f__Enterobacteriaceae;g__Serratia;s__Serratiamarcescens,GCF_017299535.1,95.58,d__Bacteria;p__Pseudomonadota;c__Gammaproteobacteria;o__Enterobacterales;f__Enterobacteriaceae;g__Serratia;s__Serratiamarcescens,98.8,0.952,GCF_017299535.1,95.58,d__Bacteria;p__Pseudomonadota;c__Gammaproteobacteria;o__Enterobacterales;f__Enterobacteriaceae;g__Serratia;s__Serratiamarcescens,98.8,0.952,d__Bacteria;p__Pseudomonadota;c__Gammaproteobacteria;o__Enterobacterales;f__Enterobacteriaceae;g__Serratia;s__,taxonomicclassificationdefinedbytopologyandANI,topologicalplacementandANIhavecongruentspeciesassignments,"GCF_000738675.1,s__Serratianematodiphila,96.8,96.91,0.923;GCF_008011855.1,s__Serratiabockelmannii,95.51,95.37,0.902;GCF_002220655.1,s__Serratiamarcescens_K,95.02,95.03,0.891;GCF_013375155.1,s__Serratiaureilytica,95.0,95.01,0.887;GCF_029846115.1,s__Serratiamarcescens_L,96.11,94.88,0.901;GCF_008364245.1,s__Serratianevei,96.24,94.85,0.872;GCF_006715005.1,s__Serratiamarcescens_J,95.0,94.7,0.881;GCF_024160145.1,s__Serratianevei_A,95.0,94.12,0.825;GCF_001642805.2,s__Serratiasurfactantfaciens,95.0,94.11,0.88;GCF_003812745.1,s__Serratiasp003812745,95.0,94.08,0.872;GCF_001902635.1,s__Serratiamarcescens_F,95.0,93.25,0.806",94.86,11,N/A,N/A,Serratia marcescens 
UF-268,d__Bacteria;p__Pseudomonadota;c__Gammaproteobacteria;o__Enterobacterales;f__Enterobacteriaceae;g__Serratia;s__Serratianevei,GCF_008364245.1,96.24,d__Bacteria;p__Pseudomonadota;c__Gammaproteobacteria;o__Enterobacterales;f__Enterobacteriaceae;g__Serratia;s__Serratianevei,99.02,0.932,N/A,N/A,N/A,N/A,N/A,d__Bacteria;p__Pseudomonadota;c__Gammaproteobacteria;o__Enterobacterales;f__Enterobacteriaceae;g__Serratia;s__,taxonomicclassificationdefinedbytopologyandANI,topologicalplacementandANIhaveincongruentspeciesassignments,"GCF_008364245.1,s__Serratianevei,96.24,99.02,0.932;GCF_006715005.1,s__Serratiamarcescens_J,95.0,96.24,0.894;GCF_029846115.1,s__Serratiamarcescens_L,96.11,96.24,0.868;GCF_002220655.1,s__Serratiamarcescens_K,95.02,96.08,0.873;GCF_024160145.1,s__Serratianevei_A,95.0,95.81,0.837;GCF_003812745.1,s__Serratiasp003812745,95.0,95.75,0.894;GCF_008011855.1,s__Serratiabockelmannii,95.51,94.92,0.835;GCF_000738675.1,s__Serratianematodiphila,96.8,94.61,0.858;GCF_017299535.1,s__Serratiamarcescens,95.58,94.59,0.845;GCF_013375155.1,s__Serratiaureilytica,95.0,94.24,0.858;GCF_001642805.2,s__Serratiasurfactantfaciens,95.0,94.18,0.883;GCF_001902635.1,s__Serratiamarcescens_F,95.0,94.02,0.8",95.49,11,N/A,N/A,Serratia nevei
UF-269,d__Bacteria;p__Pseudomonadota;c__Gammaproteobacteria;o__Enterobacterales;f__Enterobacteriaceae;g__Serratia;s__Serratiamarcescens,GCF_017299535.1,95.58,d__Bacteria;p__Pseudomonadota;c__Gammaproteobacteria;o__Enterobacterales;f__Enterobacteriaceae;g__Serratia;s__Serratiamarcescens,98.51,0.934,GCF_017299535.1,95.58,d__Bacteria;p__Pseudomonadota;c__Gammaproteobacteria;o__Enterobacterales;f__Enterobacteriaceae;g__Serratia;s__Serratiamarcescens,98.51,0.934,d__Bacteria;p__Pseudomonadota;c__Gammaproteobacteria;o__Enterobacterales;f__Enterobacteriaceae;g__Serratia;s__,taxonomicclassificationdefinedbytopologyandANI,topologicalplacementandANIhavecongruentspeciesassignments,"GCF_000738675.1,s__Serratianematodiphila,96.8,97.04,0.923;GCF_008011855.1,s__Serratiabockelmannii,95.51,95.36,0.896;GCF_002220655.1,s__Serratiamarcescens_K,95.02,95.02,0.885;GCF_013375155.1,s__Serratiaureilytica,95.0,94.92,0.876;GCF_029846115.1,s__Serratiamarcescens_L,96.11,94.87,0.894;GCF_008364245.1,s__Serratianevei,96.24,94.84,0.874;GCF_006715005.1,s__Serratiamarcescens_J,95.0,94.61,0.869;GCF_024160145.1,s__Serratianevei_A,95.0,94.26,0.824;GCF_001642805.2,s__Serratiasurfactantfaciens,95.0,94.09,0.873;GCF_003812745.1,s__Serratiasp003812745,95.0,94.07,0.873;GCF_001902635.1,s__Serratiamarcescens_F,95.0,93.27,0.807",95.69,11,N/A,N/A,Serratia marcescens 
UF-269b,d__Bacteria;p__Pseudomonadota;c__Gammaproteobacteria;o__Enterobacterales;f__Enterobacteriaceae;g__Serratia;s__Serratiamarcescens,GCF_017299535.1,95.58,d__Bacteria;p__Pseudomonadota;c__Gammaproteobacteria;o__Enterobacterales;f__Enterobacteriaceae;g__Serratia;s__Serratiamarcescens,98.51,0.935,GCF_017299535.1,95.58,d__Bacteria;p__Pseudomonadota;c__Gammaproteobacteria;o__Enterobacterales;f__Enterobacteriaceae;g__Serratia;s__Serratiamarcescens,98.51,0.935,d__Bacteria;p__Pseudomonadota;c__Gammaproteobacteria;o__Enterobacterales;f__Enterobacteriaceae;g__Serratia;s__,taxonomicclassificationdefinedbytopologyandANI,topologicalplacementandANIhavecongruentspeciesassignments,"GCF_000738675.1,s__Serratianematodiphila,96.8,97.18,0.924;GCF_008011855.1,s__Serratiabockelmannii,95.51,95.38,0.896;GCF_002220655.1,s__Serratiamarcescens_K,95.02,94.91,0.885;GCF_013375155.1,s__Serratiaureilytica,95.0,94.91,0.876;GCF_029846115.1,s__Serratiamarcescens_L,96.11,94.89,0.894;GCF_008364245.1,s__Serratianevei,96.24,94.83,0.874;GCF_006715005.1,s__Serratiamarcescens_J,95.0,94.61,0.869;GCF_024160145.1,s__Serratianevei_A,95.0,94.26,0.825;GCF_003812745.1,s__Serratiasp003812745,95.0,94.09,0.874;GCF_001642805.2,s__Serratiasurfactantfaciens,95.0,94.09,0.874;GCF_001902635.1,s__Serratiamarcescens_F,95.0,93.27,0.807",95.73,11,N/A,N/A,Serratia marcescens 
UF-274,d__Bacteria;p__Pseudomonadota;c__Gammaproteobacteria;o__Enterobacterales;f__Enterobacteriaceae;g__Serratia;s__Serratianevei,GCF_008364245.1,96.24,d__Bacteria;p__Pseudomonadota;c__Gammaproteobacteria;o__Enterobacterales;f__Enterobacteriaceae;g__Serratia;s__Serratianevei,98.97,0.932,GCF_008364245.1,96.24,d__Bacteria;p__Pseudomonadota;c__Gammaproteobacteria;o__Enterobacterales;f__Enterobacteriaceae;g__Serratia;s__Serratianevei,98.97,0.932,d__Bacteria;p__Pseudomonadota;c__Gammaproteobacteria;o__Enterobacterales;f__Enterobacteriaceae;g__Serratia;s__,taxonomicclassificationdefinedbytopologyandANI,topologicalplacementandANIhavecongruentspeciesassignments,"GCF_006715005.1,s__Serratiamarcescens_J,95.0,96.22,0.904;GCF_029846115.1,s__Serratiamarcescens_L,96.11,96.14,0.869;GCF_002220655.1,s__Serratiamarcescens_K,95.02,95.89,0.876;GCF_024160145.1,s__Serratianevei_A,95.0,95.8,0.827;GCF_003812745.1,s__Serratiasp003812745,95.0,95.4,0.898;GCF_008011855.1,s__Serratiabockelmannii,95.51,95.0,0.843;GCF_017299535.1,s__Serratiamarcescens,95.58,94.81,0.858;GCF_000738675.1,s__Serratianematodiphila,96.8,94.7,0.858;GCF_013375155.1,s__Serratiaureilytica,95.0,94.36,0.861;GCF_001642805.2,s__Serratiasurfactantfaciens,95.0,94.18,0.883;GCF_001902635.1,s__Serratiamarcescens_F,95.0,94.02,0.796",94.94,11,N/A,N/A,Serratia nevei
UF-275,d__Bacteria;p__Pseudomonadota;c__Gammaproteobacteria;o__Burkholderiales;f__Burkholderiaceae;g__Burkholderia;s__Burkholderiacepacia,GCF_001411495.1,95,d__Bacteria;p__Pseudomonadota;c__Gammaproteobacteria;o__Burkholderiales;f__Burkholderiaceae;g__Burkholderia;s__Burkholderiacepacia,99.08,0.939,GCF_001411495.1,95,d__Bacteria;p__Pseudomonadota;c__Gammaproteobacteria;o__Burkholderiales;f__Burkholderiaceae;g__Burkholderia;s__Burkholderiacepacia,99.08,0.939,d__Bacteria;p__Pseudomonadota;c__Gammaproteobacteria;o__Burkholderiales;f__Burkholderiaceae;g__Burkholderia;s__,taxonomicclassificationdefinedbytopologyandANI,topologicalplacementandANIhavecongruentspeciesassignments,"GCF_011605345.1,s__Burkholderiasp011605345,95.0,94.53,0.785;GCF_001718835.1,s__Burkholderiacepacia_F,95.0,94.1,0.592;GCF_902499335.1,s__Burkholderialata_B,95.0,93.46,0.749;GCF_000012945.1,s__Burkholderialata,95.0,93.41,0.74;GCF_017104975.1,s__Burkholderiasp017104975,95.0,93.33,0.699;GCF_902499025.1,s__Burkholderialata_C,95.0,93.31,0.739;GCF_002099195.1,s__Burkholderiapuraquae,95.0,93.3,0.769;GCF_902499175.1,s__Burkholderiaaenigmatica,95.0,93.16,0.706;GCF_002223055.1,s__Burkholderiasp002223055,95.0,93.06,0.749;GCF_029633825.1,s__Burkholderiacontaminans,95.0,92.96,0.725;GCF_902833045.1,s__Burkholderiasp902833045,95.0,92.73,0.745;GCF_905232215.1,s__Burkholderiasp905232215,95.0,92.71,0.593;GCF_902832845.1,s__Burkholderiametallica,95.0,92.28,0.754;GCF_029962485.1,s__Burkholderiasp902833225,95.0,92.11,0.757;GCF_902499125.1,s__Burkholderiaarboris,95.0,91.99,0.718;GCF_001883705.2,s__Burkholderiacatarinensis,95.0,91.95,0.688;GCA_031253835.1,s__Burkholderiasp031253835,95.0,91.88,0.737;GCF_022809715.1,s__Burkholderiapyrrocinia_C,95.0,91.81,0.74;GCF_001028665.1,s__Burkholderiapyrrocinia,95.0,91.81,0.729;GCF_902832885.1,s__Burkholderiaseminalis,95.0,91.74,0.723;GCF_001039005.1,s__Burkholderiacepacia_C,95.0,91.73,0.702;GCF_003853705.1,s__Burkholderiasp003853705,95.0,91.67,0.706;GCF_001742165.1,s__Burkholderiastabilis,95.0,91.63,0.694;GCF_003330765.1,s__Burkholderiapyrrocinia_B,95.0,91.63,0.693;GCF_018417535.1,s__Burkholderiapyrrocinia_E,95.0,91.58,0.686;GCF_000732615.1,s__Burkholderiapaludis,95.0,91.58,0.654;GCF_900446215.1,s__Burkholderiacenocepacia,95.0,91.52,0.689;GCF_902832865.1,s__Burkholderiasp902832865,95.0,91.11,0.68;GCF_902832955.1,s__Burkholderiasp902832955,95.0,91.06,0.676;GCF_014211915.1,s__Burkholderiaorbicola,95.0,91.01,0.716;GCF_029268985.1,s__Burkholderiasola,95.0,90.97,0.66;GCF_001522585.2,s__Burkholderiasp001522585,95.0,90.91,0.741;GCF_029268935.1,s__Burkholderiasemiarida,95.0,90.91,0.684;GCF_902833145.1,s__Burkholderiasp902833145,95.0,90.82,0.697;GCF_003853645.1,s__Burkholderiasp003853645,95.0,90.72,0.579;GCF_000292915.1,s__Burkholderiacepacia_D,95.0,90.55,0.705;GCF_902833055.1,s__Burkholderiaterritorii,95.0,90.51,0.668;GCF_000949135.2,s__Burkholderiasp000949135,95.0,90.27,0.658;GCF_902499045.1,s__Burkholderialatens,95.0,90.21,0.623;GCF_902499075.1,s__Burkholderiapseudomultivorans,95.0,90.1,0.604;GCF_902830485.1,s__Burkholderiaanthina_B,95.0,90.06,0.617;GCF_902498995.1,s__Burkholderiaanthina,95.0,90.05,0.637;GCF_003853415.1,s__Burkholderiasp003853415,95.0,90.04,0.607;GCF_001443045.1,s__Burkholderiaambifaria_A,95.0,89.91,0.585;GCF_902499115.1,s__Burkholderiadiffusa,95.0,89.85,0.688;GCF_000203915.1,s__Burkholderiaambifaria,95.0,89.83,0.644;GCF_027257875.1,s__Burkholderiasp027257875,95.0,89.74,0.567;GCF_902499135.1,s__Burkholderiadolosa,95.0,89.7,0.609;GCF_001718415.1,s__Burkholderiapseudomultivorans_A,95.0,89.61,0.588;GCF_001718315.1,s__Burkholderiadiffusa_B,95.0,89.42,0.685;GCF_003635165.1,s__Burkholderiasp003635165,95.0,89.38,0.599;GCF_004343775.1,s__Burkholderiasp004343775,95.0,88.36,0.49;GCF_001527685.1,s__Burkholderiapyrrocinia_D,95.0,88.22,0.495;GCF_003854275.1,s__Burkholderiasp003854275,95.0,88.1,0.451;GCF_902830275.1,s__Burkholderiastagnalis,95.0,88.08,0.505;GCF_002097715.1,s__Burkholderiamesacidophila,95.0,87.94,0.491;GCF_001718795.1,s__Burkholderialatens_A,95.0,87.93,0.639;GCF_902833085.1,s__Burkholderiaubonensis,95.05,87.92,0.512;GCF_017104785.1,s__Burkholderiasp017104785,95.0,87.9,0.418;GCF_000959445.1,s__Burkholderiavietnamiensis,95.0,87.74,0.554;GCF_000959525.1,s__Burkholderiamultivorans,95.0,87.67,0.609;GCF_018375725.1,s__Burkholderiasp018375725,95.0,87.63,0.421;GCF_001718695.1,s__Burkholderiaubonensis_B,95.0,87.21,0.56;GCF_000687455.2,s__Burkholderiasp000687455,95.0,86.3,0.425;GCA_009914575.1,s__Burkholderiagladioli_B,95.0,85.41,0.319;GCF_013403875.1,s__Burkholderiaguangdongensis,95.0,85.02,0.389;GCA_010645215.1,s__Burkholderiamultivorans_A,95.0,84.52,0.262;GCF_001513745.1,s__Burkholderiahumptydooensis,95.0,84.42,0.303;GCF_000959365.1,s__Burkholderiaoklahomensis,95.0,84.26,0.298;GCF_000012365.1,s__Burkholderiathailandensis,95.0,84.22,0.289;GCF_001524445.2,s__Burkholderiasavannae,95.0,84.16,0.264;GCF_000011705.1,s__Burkholderiamallei,95.0,83.98,0.292;GCF_001523745.2,s__Burkholderiamayonis,95.0,83.97,0.296;GCF_028657905.1,s__Burkholderiasp028657905,95.0,83.97,0.275;GCF_017104645.1,s__Burkholderiasp017104645,95.0,83.5,0.207;GCF_001411805.1,s__Burkholderiaplantarii,95.0,82.72,0.187;GCA_030151225.1,s__Burkholderiasp030151225,95.0,82.62,0.191;GCF_000960995.1,s__Burkholderiaglumae,95.0,82.37,0.217;GCF_900176645.1,s__Burkholderiasingularis,95.0,82.33,0.216;GCF_001522865.1,s__Burkholderiasp001522865,95.0,82.29,0.209;GCF_000959725.1,s__Burkholderiagladioli,95.0,81.69,0.176",96.64,11,N/A,N/A,Burkholderia cepacia 
UF-287,d__Bacteria;p__Pseudomonadota;c__Gammaproteobacteria;o__Pseudomonadales;f__Pseudomonadaceae;g__Pseudomonas_E;s__Pseudomonas_Emonteilii_A,GCA_001534745.1,95,d__Bacteria;p__Pseudomonadota;c__Gammaproteobacteria;o__Pseudomonadales;f__Pseudomonadaceae;g__Pseudomonas_E;s__Pseudomonas_Emonteilii_A,98.19,0.92,GCA_001534745.1,95,d__Bacteria;p__Pseudomonadota;c__Gammaproteobacteria;o__Pseudomonadales;f__Pseudomonadaceae;g__Pseudomonas_E;s__Pseudomonas_Emonteilii_A,98.19,0.92,d__Bacteria;p__Pseudomonadota;c__Gammaproteobacteria;o__Pseudomonadales;f__Pseudomonadaceae;g__Pseudomonas_E;s__,taxonomicclassificationdefinedbytopologyandANI,topologicalplacementandANIhavecongruentspeciesassignments,"GCF_013523125.1,s__Pseudomonas_Eentomophila_B,95.0,92.15,0.773;GCF_013523165.1,s__Pseudomonas_Eentomophila_A,95.0,91.41,0.797;GCA_029239415.1,s__Pseudomonas_Esp029239415,95.0,85.28,0.333;GCF_003205295.1,s__Pseudomonas_Emosselii_B,95.0,84.21,0.305;GCF_014268935.2,s__Pseudomonas_Eperadeniyensis,95.0,84.15,0.3;GCF_029193575.1,s__Pseudomonas_Eentomophila_G,95.0,84.03,0.312;GCF_024127895.1,s__Pseudomonas_Eguariconensis_B,95.0,83.98,0.319;GCF_019139535.1,s__Pseudomonas_Emuyukensis,95.0,83.95,0.306;GCF_011752525.1,s__Pseudomonas_Esp011752525,95.0,83.94,0.302;GCF_019139895.1,s__Pseudomonas_Efakonensis,95.0,83.93,0.303;GCF_015680705.1,s__Pseudomonas_Efulva_C,95.0,83.91,0.344;GCF_020151015.1,s__Pseudomonas_Eputida_K,95.0,83.9,0.295;GCF_004519305.1,s__Pseudomonas_Esp004519305,95.0,83.88,0.305;GCF_021602585.1,s__Pseudomonas_Efaucium,95.0,83.86,0.308;GCF_022405695.1,s__Pseudomonas_Eentomophila_E,95.0,83.82,0.283;GCF_029478665.1,s__Pseudomonas_Eentomophila_F,95.0,83.79,0.289;GCF_014268885.2,s__Pseudomonas_Exantholysinigenes,95.0,83.76,0.287;GCF_021601385.1,s__Pseudomonas_Eparasichuanensis,95.0,83.76,0.284;GCF_029836165.1,s__Pseudomonas_Esp029836165,95.0,83.75,0.314;GCF_022533585.1,s__Pseudomonas_Esp001642705,95.0,83.75,0.279;GCF_015354575.1,s__Pseudomonas_Esp015354575,95.0,83.72,0.283;GCF_019823065.1,s__Pseudomonas_Emosselii,95.0,83.7,0.288;GCF_018417595.1,s__Pseudomonas_Eentomophila_C,95.0,83.69,0.293;GCF_900536025.1,s__Pseudomonas_Ereidholzensis,95.0,83.69,0.292;GCF_002112505.1,s__Pseudomonas_Esp002112505,95.0,83.68,0.308;GCF_003231305.1,s__Pseudomonas_Esichuanensis,95.0,83.67,0.283;GCF_016648105.1,s__Pseudomonas_Esp016648105,95.0,83.59,0.31;GCF_029840925.1,s__Pseudomonas_Esp029840925,95.0,83.55,0.3;GCF_000026105.1,s__Pseudomonas_Eentomophila,95.0,83.54,0.289;GCF_015680235.1,s__Pseudomonas_Eguariconensis_A,95.0,83.49,0.282;GCF_002434265.1,s__Pseudomonas_Esp002434265,95.0,83.4,0.297;GCF_000282535.1,s__Pseudomonas_Esp000282535,95.0,83.4,0.28;GCF_011752565.1,s__Pseudomonas_Esp011752565,95.0,83.39,0.305;GCF_014269035.2,s__Pseudomonas_Evlassakiae,95.0,83.39,0.286;GCF_005080685.1,s__Pseudomonas_Eputida_V,95.0,83.38,0.282;GCF_900291015.1,s__Pseudomonas_Esp900291015,95.0,83.35,0.265;GCF_014269225.2,s__Pseudomonas_Eanuradhapurensis,95.0,83.35,0.265;GCF_024349685.1,s__Pseudomonas_Esp024349685,95.0,83.34,0.277;GCF_009932335.1,s__Pseudomonas_Easiatica,95.0,83.34,0.272;GCA_014268975.2,s__Pseudomonas_Ewayambapalatensis,95.0,83.33,0.265;GCF_000730665.1,s__Pseudomonas_Eplecoglossicida,95.0,83.3,0.281;GCF_014269185.2,s__Pseudomonas_Eoryzicola,95.0,83.3,0.266;GCF_023277925.1,s__Pseudomonas_Eentomophila_D,95.0,83.28,0.284;GCF_000935045.1,s__Pseudomonas_Esp000935045,95.0,83.28,0.283;GCF_001636055.1,s__Pseudomonas_Eputida_B,95.0,83.27,0.292;GCF_016518545.1,s__Pseudomonas_Esp016518545,95.0,83.27,0.273;GCF_002741075.1,s__Pseudomonas_Eputida_T,95.0,83.18,0.253;GCF_015680295.1,s__Pseudomonas_Eguariconensis_D,95.0,83.16,0.255;GCA_029953615.1,s__Pseudomonas_Esp002113165,95.0,83.12,0.262;GCF_015680575.1,s__Pseudomonas_Eputida_Z,95.0,83.1,0.266;GCF_003627215.1,s__Pseudomonas_Esp001422615,95.0,83.1,0.254;GCF_000730605.1,s__Pseudomonas_Emonteilii,95.0,83.08,0.269;GCF_013393325.1,s__Pseudomonas_Eputida_P,95.0,83.06,0.275;GCF_002025705.1,s__Pseudomonas_Eputida_J,95.0,83.05,0.28;GCF_900497695.1,s__Pseudomonas_Ewadenswilerensis,95.0,83.05,0.248;GCF_000425785.1,s__Pseudomonas_Etaiwanensis,95.0,83.04,0.241;GCF_007677725.1,s__Pseudomonas_Esp003445295,95.0,83.02,0.266;GCF_015680405.1,s__Pseudomonas_Epudica,95.0,83.02,0.264;GCF_018417635.1,s__Pseudomonas_Esp900101695,95.0,83.01,0.255;GCF_003331055.1,s__Pseudomonas_Esp003331055,95.0,82.98,0.27;GCF_916618955.1,s__Pseudomonas_Esp916618955,95.0,82.96,0.268;GCF_000759535.1,s__Pseudomonas_Ecremoricolorata_A,95.0,82.95,0.265;GCF_002165135.1,s__Pseudomonas_Esp002165135,95.0,82.93,0.261;GCA_023388335.1,s__Pseudomonas_Esp023388335,95.0,82.93,0.243;GCF_000800255.1,s__Pseudomonas_Eparafulva_A,95.0,82.92,0.269;GCF_002386445.1,s__Pseudomonas_Esp002386445,95.0,82.9,0.254;GCF_900102675.1,s__Pseudomonas_Eguariconensis,95.0,82.85,0.249;GCF_000425745.1,s__Pseudomonas_Ecremoricolorata,95.0,82.83,0.27;GCF_002356095.1,s__Pseudomonas_Eputida_H,95.0,82.83,0.256;GCF_030159595.1,s__Pseudomonas_Eputida_AC,95.0,82.81,0.27;GCA_902498185.1,s__Pseudomonas_Efluorescens_BS,95.0,82.8,0.267;GCF_015680245.1,s__Pseudomonas_Eguariconensis_C,95.0,82.8,0.251;GCF_014268815.2,s__Pseudomonas_Eurmiensis,95.0,82.75,0.257;GCF_003205205.1,s__Pseudomonas_Esp003205205,95.0,82.74,0.26;GCF_005796105.1,s__Pseudomonas_Emosselii_C,95.0,82.72,0.255;GCF_900277125.1,s__Pseudomonas_Einefficax,95.0,82.71,0.265;GCF_000412675.1,s__Pseudomonas_Eputida,95.0,82.7,0.264;GCF_009932375.1,s__Pseudomonas_Ejuntendi,95.0,82.7,0.251;GCF_021283545.2,s__Pseudomonas_Ealloputida,95.0,82.67,0.243;GCF_016406145.1,s__Pseudomonas_Eputida_E,95.0,82.61,0.255;GCF_002906795.1,s__Pseudomonas_Eputida_Y,95.0,82.6,0.239;GCF_017875955.1,s__Pseudomonas_Esp017875955,95.0,82.56,0.252;GCF_000800615.1,s__Pseudomonas_Eputida_F,95.0,82.56,0.242;GCA_947090765.1,s__Pseudomonas_Esp947090765,95.0,82.52,0.245;GCF_016658545.1,s__Pseudomonas_Esp016658545,95.0,82.51,0.27;GCF_013523055.1,s__Pseudomonas_Ecapeferrum_A,95.0,82.5,0.239;GCF_028898945.1,s__Pseudomonas_Esp028898945,95.0,82.43,0.24;GCF_000730645.1,s__Pseudomonas_Eparafulva,95.0,82.4,0.238;GCF_000259195.1,s__Pseudomonas_Edonghuensis,95.0,82.38,0.246;GCF_030466445.1,s__Pseudomonas_Esp030466445,95.0,82.33,0.223;GCF_028682475.1,s__Pseudomonas_Eputida_AG,95.0,82.3,0.213;GCF_004214895.1,s__Pseudomonas_Etructae,95.0,82.28,0.236;GCF_028682455.1,s__Pseudomonas_Eputida_AA,95.0,82.2,0.223;GCF_004357765.1,s__Pseudomonas_Eputida_U,95.0,82.14,0.252;GCF_014268785.2,s__Pseudomonas_Eshirazensis,95.0,81.95,0.219;GCF_000425805.1,s__Pseudomonas_Evranovensis,95.0,81.91,0.212;GCF_003024385.1,s__Pseudomonas_Esp003024385,95.0,81.88,0.194;GCF_014269025.2,s__Pseudomonas_Epromysalinigenes,95.0,81.62,0.22;GCF_002845275.2,s__Pseudomonas_Esp000955815,95.0,81.18,0.176",96.82,11,N/A,N/A,Pseudomonas monteilii
UF-289,d__Bacteria;p__Pseudomonadota;c__Gammaproteobacteria;o__Pseudomonadales;f__Pseudomonadaceae;g__Pseudomonas_E;s__Pseudomonas_Efulva,GCF_000730565.1,95,d__Bacteria;p__Pseudomonadota;c__Gammaproteobacteria;o__Pseudomonadales;f__Pseudomonadaceae;g__Pseudomonas_E;s__Pseudomonas_Efulva,99.28,0.934,GCF_000730565.1,95,d__Bacteria;p__Pseudomonadota;c__Gammaproteobacteria;o__Pseudomonadales;f__Pseudomonadaceae;g__Pseudomonas_E;s__Pseudomonas_Efulva,99.28,0.934,d__Bacteria;p__Pseudomonadota;c__Gammaproteobacteria;o__Pseudomonadales;f__Pseudomonadaceae;g__Pseudomonas_E;s__,taxonomicclassificationdefinedbytopologyandANI,topologicalplacementandANIhavecongruentspeciesassignments,"GCF_002021815.1,s__Pseudomonas_Eparafulva_B,95.0,93.71,0.89;GCF_022533585.1,s__Pseudomonas_Esp001642705,95.0,84.53,0.398;GCF_000498395.2,s__Pseudomonas_Eputida_Q,95.0,84.48,0.382;GCF_030159595.1,s__Pseudomonas_Eputida_AC,95.0,84.42,0.407;GCF_003331055.1,s__Pseudomonas_Esp003331055,95.0,84.38,0.383;GCA_947090765.1,s__Pseudomonas_Esp947090765,95.0,84.35,0.382;GCF_000730645.1,s__Pseudomonas_Eparafulva,95.0,84.32,0.452;GCF_013393325.1,s__Pseudomonas_Eputida_P,95.0,84.31,0.399;GCF_009883635.2,s__Pseudomonas_Eputida_W,95.0,84.3,0.392;GCF_024349685.1,s__Pseudomonas_Esp024349685,95.0,84.29,0.378;GCF_002356095.1,s__Pseudomonas_Eputida_H,95.0,84.27,0.398;GCF_002112505.1,s__Pseudomonas_Esp002112505,95.0,84.25,0.392;GCF_000412675.1,s__Pseudomonas_Eputida,95.0,84.23,0.39;GCF_009932335.1,s__Pseudomonas_Easiatica,95.0,84.2,0.39;GCF_014269185.2,s__Pseudomonas_Eoryzicola,95.0,84.16,0.402;GCF_014269225.2,s__Pseudomonas_Eanuradhapurensis,95.0,84.15,0.399;GCA_029953615.1,s__Pseudomonas_Esp002113165,95.0,84.15,0.382;GCF_002906855.1,s__Pseudomonas_Eputida_N,95.0,84.15,0.377;GCF_029202525.1,s__Pseudomonas_Ephytovorans,95.0,84.15,0.377;GCF_916618955.1,s__Pseudomonas_Esp916618955,95.0,84.1,0.402;GCF_013179515.1,s__Pseudomonas_Esp013179515,95.0,84.01,0.362;GCF_003097235.1,s__Pseudomonas_Esp003097235,95.0,84.0,0.369;GCF_021283545.2,s__Pseudomonas_Ealloputida,95.0,83.99,0.387;GCF_016658545.1,s__Pseudomonas_Esp016658545,95.0,83.99,0.383;GCF_021602585.1,s__Pseudomonas_Efaucium,95.0,83.98,0.393;GCF_000282535.1,s__Pseudomonas_Esp000282535,95.0,83.93,0.353;GCF_900291015.1,s__Pseudomonas_Esp900291015,95.0,83.9,0.385;GCF_009932375.1,s__Pseudomonas_Ejuntendi,95.0,83.89,0.393;GCF_000731675.1,s__Pseudomonas_Ecapeferrum,95.0,83.89,0.384;GCF_025905425.1,s__Pseudomonas_Eputida_AF,95.0,83.88,0.351;GCF_002906795.1,s__Pseudomonas_Eputida_Y,95.0,83.86,0.347;GCF_000730665.1,s__Pseudomonas_Eplecoglossicida,95.0,83.82,0.359;GCF_002025705.1,s__Pseudomonas_Eputida_J,95.0,83.82,0.347;GCF_015680575.1,s__Pseudomonas_Eputida_Z,95.0,83.76,0.389;GCF_015680405.1,s__Pseudomonas_Epudica,95.0,83.73,0.386;GCF_000730605.1,s__Pseudomonas_Emonteilii,95.0,83.72,0.412;GCF_003627215.1,s__Pseudomonas_Esp001422615,95.0,83.69,0.383;GCF_000708715.2,s__Pseudomonas_Eputida_R,95.0,83.67,0.373;GCF_014268935.2,s__Pseudomonas_Eperadeniyensis,95.0,83.66,0.324;GCF_002165135.1,s__Pseudomonas_Esp002165135,95.0,83.6,0.372;GCF_019139675.1,s__Pseudomonas_Emaumuensis,95.0,83.6,0.323;GCF_000935045.1,s__Pseudomonas_Esp000935045,95.0,83.59,0.379;GCF_019139535.1,s__Pseudomonas_Emuyukensis,95.0,83.59,0.32;GCF_900277125.1,s__Pseudomonas_Einefficax,95.0,83.58,0.372;GCF_017744435.1,s__Pseudomonas_Esp017744435,95.0,83.57,0.375;GCF_014269205.2,s__Pseudomonas_Ekermanshahensis,95.0,83.56,0.345;GCF_005080685.1,s__Pseudomonas_Eputida_V,95.0,83.56,0.331;GCF_014268885.2,s__Pseudomonas_Exantholysinigenes,95.0,83.56,0.315;GCF_002386445.1,s__Pseudomonas_Esp002386445,95.0,83.55,0.386;GCF_019823065.1,s__Pseudomonas_Emosselii,95.0,83.55,0.316;GCF_007677725.1,s__Pseudomonas_Esp003445295,95.0,83.53,0.36;GCF_003205205.1,s__Pseudomonas_Esp003205205,95.0,83.52,0.395;GCF_029836165.1,s__Pseudomonas_Esp029836165,95.0,83.52,0.328;GCF_011752565.1,s__Pseudomonas_Esp011752565,95.0,83.5,0.376;GCF_016648105.1,s__Pseudomonas_Esp016648105,95.0,83.49,0.349;GCF_009391885.1,s__Pseudomonas_Esp009391885,95.0,83.44,0.392;GCF_014269035.2,s__Pseudomonas_Evlassakiae,95.0,83.39,0.377;GCF_011752525.1,s__Pseudomonas_Esp011752525,95.0,83.29,0.337;GCF_900110655.1,s__Pseudomonas_Esoli,95.0,83.29,0.316;GCF_016406145.1,s__Pseudomonas_Eputida_E,95.0,83.28,0.361;GCF_001320245.1,s__Pseudomonas_Esp001320245,95.0,83.28,0.361;GCF_000026105.1,s__Pseudomonas_Eentomophila,95.0,83.27,0.306;GCF_026625125.1,s__Pseudomonas_Eputida_X,95.0,83.26,0.334;GCF_020151015.1,s__Pseudomonas_Eputida_K,95.0,83.26,0.314;GCF_019139895.1,s__Pseudomonas_Efakonensis,95.0,83.25,0.329;GCF_028898945.1,s__Pseudomonas_Esp028898945,95.0,83.15,0.336;GCF_021602025.1,s__Pseudomonas_Eceruminis,95.0,83.14,0.363;GCF_024749165.1,s__Pseudomonas_Esp024749165,95.0,83.14,0.318;GCF_023277925.1,s__Pseudomonas_Eentomophila_D,95.0,83.13,0.305;GCF_004519305.1,s__Pseudomonas_Esp004519305,95.0,83.11,0.322;GCF_015354575.1,s__Pseudomonas_Esp015354575,95.0,83.1,0.321;GCF_018417595.1,s__Pseudomonas_Eentomophila_C,95.0,83.08,0.314;GCF_001636055.1,s__Pseudomonas_Eputida_B,95.0,83.05,0.325;GCF_004357765.1,s__Pseudomonas_Eputida_U,95.0,83.05,0.315;GCF_014268805.2,s__Pseudomonas_Efarsensis,95.0,83.05,0.289;GCF_029840925.1,s__Pseudomonas_Esp029840925,95.0,83.04,0.316;GCF_015680235.1,s__Pseudomonas_Eguariconensis_A,95.0,83.01,0.296;GCF_021601385.1,s__Pseudomonas_Eparasichuanensis,95.0,82.96,0.318;GCF_015680295.1,s__Pseudomonas_Eguariconensis_D,95.0,82.94,0.289;GCF_029193575.1,s__Pseudomonas_Eentomophila_G,95.0,82.92,0.337;GCF_000425785.1,s__Pseudomonas_Etaiwanensis,95.0,82.91,0.32;GCF_014269025.2,s__Pseudomonas_Epromysalinigenes,95.0,82.9,0.311;GCF_029478665.1,s__Pseudomonas_Eentomophila_F,95.0,82.81,0.317;GCA_014268975.2,s__Pseudomonas_Ewayambapalatensis,95.0,82.81,0.298;GCF_003205295.1,s__Pseudomonas_Emosselii_B,95.0,82.78,0.324;GCF_003231305.1,s__Pseudomonas_Esichuanensis,95.0,82.74,0.325;GCF_022405695.1,s__Pseudomonas_Eentomophila_E,95.0,82.73,0.313;GCF_014268815.2,s__Pseudomonas_Eurmiensis,95.0,82.72,0.288;GCF_002741075.1,s__Pseudomonas_Eputida_T,95.0,82.67,0.278;GCF_900102675.1,s__Pseudomonas_Eguariconensis,95.0,82.66,0.282;GCF_024127895.1,s__Pseudomonas_Eguariconensis_B,95.0,82.61,0.334;GCF_000800255.1,s__Pseudomonas_Eparafulva_A,95.0,82.5,0.296;GCF_900536025.1,s__Pseudomonas_Ereidholzensis,95.0,82.46,0.315;GCF_016518545.1,s__Pseudomonas_Esp016518545,95.0,82.38,0.288;GCF_005796105.1,s__Pseudomonas_Emosselii_C,95.0,82.35,0.284;GCF_015680245.1,s__Pseudomonas_Eguariconensis_C,95.0,82.28,0.287;GCF_017875955.1,s__Pseudomonas_Esp017875955,95.0,82.1,0.29;GCF_014268785.2,s__Pseudomonas_Eshirazensis,95.0,81.93,0.235;GCF_000759535.1,s__Pseudomonas_Ecremoricolorata_A,95.0,81.79,0.244",98.67,11,N/A,N/A,Pseudomonas fulva 
UF-290,d__Bacteria;p__Bacteroidota;c__Bacteroidia;o__Flavobacteriales;f__Weeksellaceae;g__Chryseobacterium;s__,N/A,N/A,N/A,N/A,N/A,GCF_011752975.1,95,d__Bacteria;p__Bacteroidota;c__Bacteroidia;o__Flavobacteriales;f__Weeksellaceae;g__Chryseobacterium;s__Chryseobacteriumsp011752975,82.98,0.298,d__Bacteria;p__Bacteroidota;c__Bacteroidia;o__Flavobacteriales;f__Weeksellaceae;g__Chryseobacterium;s__,taxonomicclassificationdefinedbytopologyandANI,classificationbasedonplacementinclass-leveltree,"GCF_001684965.1,s__Chryseobacteriumarthrosphaerae,95.0,84.56,0.387;GCA_019203745.1,s__Chryseobacteriumsp019203745,95.0,84.46,0.37;GCF_008386505.1,s__Chryseobacteriumsediminis,95.0,83.58,0.342;GCF_008274625.1,s__Chryseobacteriumpanacisoli,95.0,83.58,0.335;GCA_001013295.1,s__Chryseobacteriumindologenes_B,95.0,83.53,0.364;GCF_002979755.1,s__Chryseobacteriumculicis_A,95.0,83.51,0.323;GCF_903969135.1,s__Chryseobacteriumsp900156935,95.0,83.45,0.333;GCF_021869765.1,s__Chryseobacteriumsp021869765,95.0,83.44,0.325;GCF_025949665.1,s__Chryseobacteriumviscerum_A,95.0,83.42,0.32;GCF_024399315.1,s__Chryseobacteriumsp024399315,95.0,83.39,0.329;GCA_031286615.1,s__Chryseobacteriumsp031286615,95.0,83.34,0.318;GCF_900182655.1,s__Chryseobacteriumrhizoplanae,95.0,83.33,0.323;GCF_019970045.1,s__Chryseobacteriumsp019970045,95.0,83.29,0.32;GCF_018362995.1,s__Chryseobacteriumindologenes_G,95.0,83.28,0.322;GCF_002025665.1,s__Chryseobacteriumindologenes_F,95.0,83.25,0.32;GCF_002899945.2,s__Chryseobacteriumviscerum,95.0,83.22,0.335;GCF_003347605.1,s__Chryseobacteriumsp003347605,95.0,83.19,0.304;GCF_001593385.1,s__Chryseobacteriumcucumeris,95.0,83.17,0.311;GCF_004916905.1,s__Chryseobacteriumcandidae,95.0,83.13,0.295;GCF_003729935.1,s__Chryseobacteriumsp003729935,95.0,83.12,0.284;GCF_006716485.1,s__Chryseobacteriumaquifrigidense,95.0,83.03,0.303;GCF_016775705.1,s__Chryseobacteriumsp003182335,95.0,82.99,0.3;GCF_024158915.1,s__Chryseobacteriumsp024158915,95.0,82.98,0.312;GCF_001684955.1,s__Chryseobacteriumcontaminans,95.0,82.9,0.245;GCF_003663845.1,s__Chryseobacteriumsp003663845,95.0,82.83,0.299;GCF_900636535.1,s__Chryseobacteriumgleum,95.0,82.83,0.295;GCF_004119445.1,s__Chryseobacteriumsp004119445,95.0,82.79,0.306;GCF_000829375.1,s__Chryseobacteriumsp000829375,95.0,82.77,0.278;GCF_017877355.1,s__Chryseobacteriumjejuense_A,95.0,82.72,0.279;GCF_006829085.1,s__Chryseobacteriumsp006829085,95.0,82.7,0.305;GCF_900100075.1,s__Chryseobacteriumjejuense,95.0,82.64,0.269;GCF_002835665.1,s__Chryseobacteriumsp002835665,95.0,82.64,0.256;GCF_002979455.1,s__Chryseobacteriumsp002979455,95.0,82.62,0.293;GCF_900108365.1,s__Chryseobacteriumculicis,95.0,82.57,0.283;GCF_003815715.1,s__Chryseobacteriumsp003815715,95.0,82.55,0.274;GCF_003971235.1,s__Chryseobacteriumaureum,95.0,82.52,0.282;GCF_021278965.1,s__Chryseobacteriumcapnotolerans,95.0,82.5,0.247;GCF_002899895.1,s__Chryseobacteriumoncorhynchi,95.0,82.48,0.272;GCF_003815775.1,s__Chryseobacteriumjoostei,95.0,82.45,0.267;GCF_003815675.1,s__Chryseobacteriumsp003815675,95.0,82.44,0.27;GCF_900156735.1,s__Chryseobacteriumureilyticum,95.0,82.44,0.259;GCF_900637665.1,s__Chryseobacteriumnakagawai,95.0,82.42,0.26;GCF_004119455.1,s__Chryseobacteriumsp004119455,95.0,82.4,0.252;GCF_003020585.1,s__Chryseobacteriumaurantiacum,95.0,82.39,0.272;GCF_030409875.1,s__Chryseobacteriumtructae,95.0,82.37,0.264;GCF_029339075.1,s__Chryseobacteriumbernardetii_B,95.0,82.37,0.252;GCF_022869225.1,s__Chryseobacteriumsp022869225,95.0,82.32,0.265;GCF_001684975.1,s__Chryseobacteriumartocarpi,95.0,82.3,0.254;GCF_003815875.1,s__Chryseobacteriumlactis,95.0,82.29,0.254;GCF_003385515.1,s__Chryseobacteriumpennae,95.0,82.17,0.262;GCF_918698085.1,s__Chryseobacteriumsp918698085,95.0,82.11,0.247;GCF_003815975.1,s__Chryseobacteriumbernardetii,95.0,82.07,0.246;GCA_030146295.1,s__Chryseobacteriumsp030146295,95.0,82.03,0.203;GCF_001021975.1,s__Chryseobacteriumgallinarum,95.0,82.01,0.228;GCF_003384725.1,s__Chryseobacteriumpennipullorum,95.0,81.96,0.248;GCA_016025055.1,s__Chryseobacteriumindologenes,95.0,81.85,0.234;GCF_003385595.1,s__Chryseobacteriumflavum,95.0,81.8,0.225;GCF_009900745.1,s__Chryseobacteriumsp009900745,95.0,81.72,0.262;GCF_003385455.1,s__Chryseobacteriumrhizosphaerae,95.0,81.72,0.259;GCF_019236175.1,s__Chryseobacteriumsp019236175,95.0,81.72,0.232;GCF_002899825.2,s__Chryseobacteriumphosphatilyticum,95.0,81.5,0.236;GCF_009602705.1,s__Chryseobacteriumvaccae,95.0,80.47,0.175;GCF_001295265.1,s__Chryseobacteriumindologenes_A,95.0,80.39,0.166;GCF_001045465.1,s__Chryseobacteriumangstadtii,95.0,80.38,0.159;GCF_003385495.1,s__Chryseobacteriumelymi,95.0,80.11,0.155;GCA_002439165.1,s__Chryseobacteriumindologenes_E,95.0,80.08,0.152;GCF_001045445.1,s__Chryseobacteriumsp001045445,95.0,79.99,0.157;GCF_002754245.1,s__Chryseobacteriumsp002754245,95.0,79.99,0.157;GCF_025244725.1,s__Chryseobacteriumoranimense_A,95.0,79.86,0.154;GCF_014207845.1,s__Chryseobacteriumshigense_A,95.0,79.77,0.164;GCF_900129755.1,s__Chryseobacteriumoranimense,95.0,79.7,0.154",97.48,11,0.9904,N/A,Chryseobacterium_A 
UF-293,d__Bacteria;p__Pseudomonadota;c__Gammaproteobacteria;o__Pseudomonadales;f__Pseudomonadaceae;g__Pseudomonas_E;s__,N/A,N/A,N/A,N/A,N/A,N/A,N/A,N/A,N/A,N/A,d__Bacteria;p__Pseudomonadota;c__Gammaproteobacteria;o__Pseudomonadales;f__Pseudomonadaceae;g__Pseudomonas_E;s__,taxonomicclassificationdefinedbytopologyandANI,classificationbasedonplacementinclass-leveltree,"GCF_014268585.2,s__Pseudomonas_Eiranensis,95.0,94.26,0.816;GCF_019145195.1,s__Pseudomonas_Esiliginis,95.52,94.25,0.846;GCF_004801935.1,s__Pseudomonas_Eatacamensis,96.51,94.24,0.828;GCF_019145375.1,s__Pseudomonas_Etriticicola,96.22,94.21,0.846;GCA_030544685.1,s__Pseudomonas_Efluorescens_AO,95.0,94.2,0.853;GCF_025706525.1,s__Pseudomonas_Emercuritolerans,95.24,94.12,0.831;GCF_024169245.1,s__Pseudomonas_Ekoreensis_F,95.0,92.75,0.816;GCF_900105805.1,s__Pseudomonas_Emoraviensis_A,95.0,92.75,0.802;GCF_002836515.1,s__Pseudomonas_Esp002836515,95.0,92.09,0.8;GCF_014268505.2,s__Pseudomonas_Ekhorasanensis,95.0,89.69,0.755;GCF_014268595.2,s__Pseudomonas_Ehamedanensis,95.0,89.55,0.686;GCA_902825215.1,s__Pseudomonas_Efluorescens_G,95.0,89.03,0.65;GCF_900187605.1,s__Pseudomonas_Esp900187605,95.0,89.01,0.648;GCF_900105485.1,s__Pseudomonas_Egranadensis,95.0,88.96,0.658;GCA_900580865.1,s__Pseudomonas_Esp900580865,95.0,88.9,0.645;GCF_000802985.1,s__Pseudomonas_Efluorescens_BZ,95.0,88.87,0.65;GCF_902497745.1,s__Pseudomonas_Efluorescens_BM,95.0,88.86,0.641;GCF_004011755.1,s__Pseudomonas_Esp004011755,95.0,88.84,0.655;GCF_028656995.1,s__Pseudomonas_Esp028656995,95.0,88.83,0.637;GCA_000783395.1,s__Pseudomonas_Echlororaphis_H,95.0,88.81,0.639;GCF_014268445.2,s__Pseudomonas_Etensinigenes,95.0,88.8,0.644;GCF_018138145.1,s__Pseudomonas_Ekoreensis_A,95.0,88.78,0.644;GCF_013433315.1,s__Pseudomonas_Ecrudilactis,95.0,88.78,0.64;GCF_003732425.1,s__Pseudomonas_Efluorescens_BE,95.0,88.73,0.643;GCF_015461835.1,s__Pseudomonas_Eneuropathica,95.0,88.7,0.655;GCF_001648775.1,s__Pseudomonas_Efluorescens_M,95.0,88.7,0.622;GCF_022662375.1,s__Pseudomonas_Esp022662375,95.0,88.68,0.642;GCF_029543085.1,s__Pseudomonas_Esp029543085,95.0,88.66,0.633;GCF_001297015.1,s__Pseudomonas_Esp001297015,95.0,88.63,0.63;GCF_009834515.1,s__Pseudomonas_Esp009834515,95.0,88.6,0.656;GCF_900636825.1,s__Pseudomonas_Efluorescens_BG,95.0,88.58,0.637;GCF_023634765.1,s__Pseudomonas_Esp023634765,95.0,88.57,0.63;GCF_900182985.1,s__Pseudomonas_Ehelmanticensis,95.0,88.56,0.613;GCF_018336155.1,s__Pseudomonas_Erustica,95.0,88.56,0.585;GCF_011605305.1,s__Pseudomonas_Ekoreensis_G,95.0,88.43,0.611;GCF_000631985.1,s__Pseudomonas_Esp000631985,95.0,88.43,0.603;GCF_000282275.2,s__Pseudomonas_Esp000282275,95.0,88.43,0.591;GCF_012986595.1,s__Pseudomonas_Ekoreensis,95.0,88.41,0.61;GCF_004683905.1,s__Pseudomonas_Eputida_A,95.0,88.38,0.597;GCF_002813455.1,s__Pseudomonas_Ebaetica,95.0,88.36,0.605;GCF_014268495.2,s__Pseudomonas_Emonsensis,95.0,88.36,0.598;GCF_000292795.1,s__Pseudomonas_Efluorescens_H,95.0,88.36,0.597;GCF_018326005.1,s__Pseudomonas_Esp002901475,95.0,88.32,0.602;GCF_016651305.1,s__Pseudomonas_Esp016651305,95.0,88.23,0.6;GCF_009764645.1,s__Pseudomonas_Esp009764645,95.0,88.17,0.632;GCF_028830055.1,s__Pseudomonas_Eserboccidentalis,95.0,88.16,0.613;GCF_030687715.1,s__Pseudomonas_Esp030687715,95.0,88.12,0.608;GCF_021602155.1,s__Pseudomonas_Eparakoreensis,95.0,88.12,0.59;GCA_900582195.1,s__Pseudomonas_Esp900582195,95.0,88.11,0.643;GCF_016650635.1,s__Pseudomonas_Esp016650635,95.0,88.05,0.588;GCF_000633255.1,s__Pseudomonas_Esp000633255,95.0,87.96,0.588;GCF_005938625.1,s__Pseudomonas_Efluorescens_BD,95.0,87.95,0.648;GCF_003061005.1,s__Pseudomonas_Esp003061005,95.0,87.87,0.593;GCF_000282515.1,s__Pseudomonas_Esp000282515,95.0,87.86,0.602;GCF_014472415.1,s__Pseudomonas_Esp014472415,95.0,87.86,0.588;GCF_017976235.1,s__Pseudomonas_Eanatoliensis,95.0,87.85,0.595;GCF_025447595.1,s__Pseudomonas_Ekoreensis_H,95.0,87.84,0.572;GCF_002113125.1,s__Pseudomonas_Esp002113125,95.0,87.82,0.573;GCF_014863585.1,s__Pseudomonas_Egozinkensis,95.0,87.81,0.566;GCF_017498465.1,s__Pseudomonas_Efluorescens_CA,95.0,87.81,0.553;GCF_030209175.1,s__Pseudomonas_Esp030209175,95.0,87.8,0.584;GCF_030344995.1,s__Pseudomonas_Efluorescens_BF,95.0,87.75,0.554;GCF_021018765.1,s__Pseudomonas_Efitomaticsae,95.0,87.75,0.553;GCF_025397885.1,s__Pseudomonas_Eiridis,95.0,87.72,0.594;GCF_011369485.1,s__Pseudomonas_Eatagonensis,95.0,87.72,0.592;GCF_021602345.1,s__Pseudomonas_Epharyngis,95.0,87.72,0.567;GCF_020544405.1,s__Pseudomonas_Esp002113045,95.0,87.71,0.556;GCF_003352185.1,s__Pseudomonas_Ekribbensis,95.0,87.71,0.537;GCF_002878485.1,s__Pseudomonas_Esp002878485,95.0,87.68,0.581;GCF_021601625.1,s__Pseudomonas_Eparaglycinae,95.0,87.66,0.551;GCF_001594225.2,s__Pseudomonas_Eglycinae,95.0,87.65,0.554;GCF_012974785.1,s__Pseudomonas_Efluorescens_BT,95.0,87.57,0.538;GCF_002112385.1,s__Pseudomonas_Esp002112385,95.0,87.47,0.52;GCF_014863605.1,s__Pseudomonas_Eallokribbensis,95.0,87.46,0.528;GCF_021603585.1,s__Pseudomonas_Esputi,95.0,87.39,0.551;GCF_023375815.1,s__Pseudomonas_Esp023375815,95.0,87.34,0.535;GCF_019733355.1,s__Pseudomonas_Ebaetica_A,95.0,87.19,0.545;GCF_016651255.1,s__Pseudomonas_Esp016651255,95.0,87.14,0.426;GCA_021605415.1,s__Pseudomonas_Esyringae_S,95.0,86.45,0.525;GCF_000282355.1,s__Pseudomonas_Esp000282355,95.0,85.54,0.383;GCF_019145495.1,s__Pseudomonas_Eazerbaijanoccidentalis,95.0,85.19,0.425;GCF_000282335.1,s__Pseudomonas_Esp000282335,95.0,85.16,0.408;GCF_002934665.1,s__Pseudomonas_Elaurylsulfatiphila,95.0,85.11,0.415;GCF_000802965.1,s__Pseudomonas_Efluorescens_A,95.0,85.09,0.416;GCF_900187565.1,s__Pseudomonas_Esp900187565,95.0,85.09,0.408;GCF_003228315.1,s__Pseudomonas_Eputida_S,95.0,85.09,0.402;GCF_028682635.1,s__Pseudomonas_Eputida_AE,95.0,85.08,0.401;GCF_003258965.1,s__Pseudomonas_Efluorescens_CC,95.0,85.05,0.399;GCF_028471945.1,s__Pseudomonas_Esp000282475,95.0,85.05,0.395;GCF_900187615.1,s__Pseudomonas_Esp900187615,95.0,85.03,0.404;GCF_001945365.1,s__Pseudomonas_Ereinekei,95.0,84.99,0.405;GCF_001317545.1,s__Pseudomonas_Efluorescens_CD,95.0,84.94,0.387;GCF_001427125.1,s__Pseudomonas_Esp001427125,95.0,84.93,0.39;GCF_004348895.1,s__Pseudomonas_Evancouverensis,95.0,84.85,0.399;GCF_002906155.1,s__Pseudomonas_Elaurylsulfativorans,95.0,84.82,0.396;GCF_008801475.1,s__Pseudomonas_Emoorei,95.0,84.74,0.381;GCF_028823535.1,s__Pseudomonas_Eserbica,95.0,84.67,0.384;GCF_001421885.1,s__Pseudomonas_Esp001421885,95.0,84.54,0.382;GCF_001269805.1,s__Pseudomonas_Esp001269805,95.0,84.51,0.379;GCF_002236105.1,s__Pseudomonas_Eumsongensis,95.0,84.27,0.368",97.66,11,0.99949,Genomenotassignedtoclosestspeciesasitfallsoutsideitspre-definedANIradius,Pseudomonas sp 
UF-297,d__Bacteria;p__Actinomycetota;c__Actinomycetes;o__Streptomycetales;f__Streptomycetaceae;g__Streptomyces;s__,N/A,N/A,N/A,N/A,N/A,N/A,N/A,N/A,N/A,N/A,d__Bacteria;p__Actinomycetota;c__Actinomycetes;o__Streptomycetales;f__Streptomycetaceae;g__Streptomyces;s__,taxonomicclassificationdefinedbytopologyandANI,classificationbasedonplacementinclass-leveltree,"GCA_001418405.1,s__Streptomycesalbulus_C,95.0,84.28,0.166;GCF_003389455.1,s__Streptomycesinhibens,95.0,83.97,0.203;GCF_007280575.1,s__Streptomycesbenahoarensis,95.0,83.97,0.183;GCF_020024005.1,s__Streptomycespurpurogeneiscleroticus,95.0,83.89,0.194;GCF_000720725.1,s__Streptomycesrimosus_A,95.0,83.8,0.214;GCF_008704655.1,s__Streptomycesrimosus,95.0,83.77,0.226;GCF_008634025.1,s__Streptomycesalbofaciens,95.0,83.74,0.22;GCF_001509485.1,s__Streptomycessp001509485,95.0,83.66,0.199;GCF_001905005.1,s__Streptomycessp001905005,95.0,83.64,0.215;GCF_004122735.1,s__Streptomycessioyaensis,95.0,83.58,0.211;GCF_003865135.1,s__Streptomyceschrestomyceticus,95.0,83.56,0.215;GCF_022271435.1,s__Streptomycesmonomycini,95.0,83.48,0.201;GCF_019933235.1,s__Streptomycesangustmyceticus,95.0,83.46,0.22;GCF_026153355.1,s__Streptomycesendophytica,95.0,83.4,0.252;GCF_000717345.1,s__Streptomyceslydicus,95.0,83.34,0.216;GCF_002920575.1,s__Streptomycessp002920575,95.0,83.33,0.182;GCF_014646275.1,s__Streptomyceskronopolitis,95.0,83.27,0.22;GCF_005048155.1,s__Streptomycespiniterrae,95.0,83.2,0.218;GCF_019880305.1,s__Streptomycesdecoyicus,95.0,83.18,0.203;GCF_022695595.1,s__Streptomycessp022695595,95.0,83.14,0.205;GCF_009834125.1,s__Streptomycessp009834125,95.0,83.11,0.193;GCA_000720995.1,s__Streptomycescelluloflavus,95.0,83.1,0.207;GCF_027626975.1,s__Streptomycesnigrescens,95.0,83.07,0.192;GCF_001294335.1,s__Streptomyceschattanoogensis,95.0,83.05,0.191;GCF_009811555.1,s__Streptomycescaniferus,95.0,83.04,0.191;GCF_000720175.1,s__Streptomycessp000720175,95.0,83.02,0.185;GCF_900187385.1,s__Streptomycessp900187385,95.0,83.01,0.202;GCF_000805335.1,s__Streptomycessp000805335,95.0,82.98,0.201;GCA_000720555.1,s__Streptomycessclerotialus,95.0,82.9,0.195;GCF_000829715.2,s__Streptomyceslydicamycinicus,95.0,82.89,0.21;GCF_000717745.1,s__Streptomycesviolens,95.0,82.82,0.199;GCF_002082195.1,s__Streptomycesgilvosporeus,95.0,82.8,0.199;GCF_002803155.1,s__Streptomycessp002803155,95.0,82.8,0.172;GCF_000720485.1,s__Streptomycesochraceiscleroticus,95.0,82.78,0.187;GCF_014648695.1,s__Streptomycesalbospinus,95.0,82.78,0.18;GCF_004125265.1,s__Streptomyceslydicus_C,95.0,82.78,0.173;GCF_000718305.1,s__Streptomycesniger,95.0,82.77,0.177;GCF_008704855.1,s__Streptomycesplatensis,95.0,82.76,0.205;GCA_001704275.1,s__Streptomycesnoursei,96.11,82.76,0.177;GCF_000935125.1,s__Streptomycesnatalensis,95.0,82.74,0.193;GCF_019774615.1,s__Streptomycessp019774615,95.0,82.73,0.176;GCF_000373585.1,s__Streptomycessp000373585,95.0,82.71,0.189;GCF_027497495.1,s__Streptomycestubercidicus,95.0,82.7,0.205;GCF_020564935.1,s__Streptomycespinistramenti,95.0,82.67,0.205;GCF_023155275.1,s__Streptomycesrhizoryzae,95.0,82.62,0.198;GCF_900142595.1,s__Streptomycesyunnanensis,95.0,82.61,0.181;GCF_001590865.1,s__Streptomycessp001590865,95.0,82.55,0.186;GCF_023277745.1,s__Streptomycessp023277745,95.0,82.45,0.164;GCF_028898845.1,s__Streptomycessp028898845,95.0,82.42,0.162;GCF_000718015.1,s__Streptomycescatenulae,95.0,82.23,0.186;GCF_014203555.1,s__Streptomycesolivoverticillatus,95.0,81.4,0.177",91.76,11,0.92809,N/A,Streptomyces sp 
UF-298,d__Bacteria;p__Pseudomonadota;c__Alphaproteobacteria;o__Rhizobiales;f__Rhizobiaceae;g__Ochrobactrum;s__Ochrobactrumcytisi,GCA_012103075.1,95,d__Bacteria;p__Pseudomonadota;c__Alphaproteobacteria;o__Rhizobiales;f__Rhizobiaceae;g__Ochrobactrum;s__Ochrobactrumcytisi,97.8,0.857,GCA_012103075.1,95,d__Bacteria;p__Pseudomonadota;c__Alphaproteobacteria;o__Rhizobiales;f__Rhizobiaceae;g__Ochrobactrum;s__Ochrobactrumcytisi,97.8,0.857,d__Bacteria;p__Pseudomonadota;c__Alphaproteobacteria;o__Rhizobiales;f__Rhizobiaceae;g__Ochrobactrum;s__,taxonomicclassificationdefinedbytopologyandANI,topologicalplacementandANIhavecongruentspeciesassignments,"GCF_000017405.1,s__Ochrobactrumanthropi,95.0,94.94,0.772;GCF_008932295.1,s__Ochrobactrumtritici,95.0,90.86,0.712;GCF_902825325.1,s__Ochrobactrumsp003176975,95.0,90.36,0.739;GCF_006376675.1,s__Ochrobactrumpecoris,95.0,88.91,0.676;GCA_012103035.1,s__Ochrobactrumoryzae,95.0,88.83,0.642;GCF_002975205.1,s__Ochrobactrumsp002975205,95.0,88.35,0.624;GCF_000182645.1,s__Ochrobactrumintermedium,95.0,87.48,0.645;GCA_900470195.1,s__Ochrobactrumsp900470195,95.0,87.45,0.583;GCF_006345815.1,s__Ochrobactrumsp006345815,95.0,87.2,0.64;GCF_008932435.1,s__Ochrobactrumpseudintermedium,95.0,87.12,0.621;GCA_900473915.1,s__Ochrobactrumsp900473915,95.0,87.08,0.633",97.38,11,N/A,N/A,Ochrobactrum cytisi 
UF-299,d__Bacteria;p__Pseudomonadota;c__Gammaproteobacteria;o__Pseudomonadales;f__Pseudomonadaceae;g__Pseudomonas;s__Pseudomonasaeruginosa,GCF_001457615.1,95,d__Bacteria;p__Pseudomonadota;c__Gammaproteobacteria;o__Pseudomonadales;f__Pseudomonadaceae;g__Pseudomonas;s__Pseudomonasaeruginosa,98.08,0.915,GCF_001457615.1,95,d__Bacteria;p__Pseudomonadota;c__Gammaproteobacteria;o__Pseudomonadales;f__Pseudomonadaceae;g__Pseudomonas;s__Pseudomonasaeruginosa,98.08,0.915,d__Bacteria;p__Pseudomonadota;c__Gammaproteobacteria;o__Pseudomonadales;f__Pseudomonadaceae;g__Pseudomonas;s__,taxonomicclassificationdefinedbytopologyandANI,topologicalplacementandANIhavecongruentspeciesassignments,"GCF_002601815.1,s__Pseudomonasparaeruginosa,95.0,93.52,0.822;GCF_029335315.1,s__Pseudomonascitronellolis_A,95.0,84.58,0.29;GCF_900112375.1,s__Pseudomonascitronellolis,95.0,84.2,0.3;GCF_900187975.1,s__Pseudomonasdelhiensis,95.0,84.2,0.3;GCF_017491605.1,s__Pseudomonassp017491605,95.0,83.66,0.262;GCF_900103845.1,s__Pseudomonasjinjuensis,95.0,83.42,0.28;GCF_000349845.1,s__Pseudomonassp000349845,95.0,83.16,0.281;GCF_025133575.1,s__Pseudomonasnitroreducens_B,95.0,83.15,0.259;GCF_014204515.1,s__Pseudomonasnitritireducens_A,95.0,83.09,0.26;GCF_900099785.1,s__Pseudomonaspanipatensis,95.0,83.07,0.273;GCF_000955805.1,s__Pseudomonassp000955805,95.0,83.04,0.263;GCF_024170165.1,s__Pseudomonasnitroreducens_C,95.0,83.03,0.247;GCF_030462585.1,s__Pseudomonassp030462585,95.0,83.02,0.257;GCF_017589465.1,s__Pseudomonasschmalbachii,95.0,83.0,0.273;GCF_000689415.1,s__Pseudomonasknackmussii,95.0,82.87,0.255;GCF_008807415.1,s__Pseudomonassp002079985,95.0,82.8,0.255;GCF_016919445.1,s__Pseudomonassp016919445,95.0,82.78,0.234;GCF_009189165.1,s__Pseudomonassp009189165,95.0,82.74,0.232;GCF_029203285.1,s__Pseudomonassp029203285,95.0,82.71,0.266;GCF_000313755.1,s__Pseudomonasnitroreducens_A,95.0,82.71,0.228;GCF_005877905.1,s__Pseudomonasnicosulfuronedens,95.0,82.67,0.234;GCF_002091755.1,s__Pseudomonasnitroreducens,95.0,82.66,0.257;GCF_014852585.1,s__Pseudomonassp014852585,95.0,82.65,0.242;GCF_012971725.1,s__Pseudomonasmultiresinivorans,95.0,82.59,0.239;GCF_021603645.1,s__Pseudomonaspseudonitroreducens,95.0,82.48,0.242;GCF_002796985.1,s__Pseudomonassp002796985,95.0,82.44,0.243;GCF_026686735.1,s__Pseudomonassp024259745,95.0,81.84,0.223",96.11,11,N/A,N/A,Pseudomonas aeruginosa
UF-316,d__Bacteria;p__Pseudomonadota;c__Gammaproteobacteria;o__Xanthomonadales;f__Xanthomonadaceae;g__Stenotrophomonas;s__Stenotrophomonasmaltophilia,GCF_900186865.1,95,d__Bacteria;p__Pseudomonadota;c__Gammaproteobacteria;o__Xanthomonadales;f__Xanthomonadaceae;g__Stenotrophomonas;s__Stenotrophomonasmaltophilia,98.07,0.925,GCF_900186865.1,95,d__Bacteria;p__Pseudomonadota;c__Gammaproteobacteria;o__Xanthomonadales;f__Xanthomonadaceae;g__Stenotrophomonas;s__Stenotrophomonasmaltophilia,98.07,0.925,d__Bacteria;p__Pseudomonadota;c__Gammaproteobacteria;o__Xanthomonadales;f__Xanthomonadaceae;g__Stenotrophomonas;s__,taxonomicclassificationdefinedbytopologyandANI,topologicalplacementandANIhavecongruentspeciesassignments,"GCF_006974125.1,s__Stenotrophomonasmaltophilia_O,95.0,93.88,0.827;GCF_003970865.1,s__Stenotrophomonasmaltophilia_AR,95.0,93.6,0.803;GCF_013004645.1,s__Stenotrophomonasmaltophilia_AM,95.0,93.38,0.837;GCF_002799165.1,s__Stenotrophomonasmaltophilia_Q,95.0,93.35,0.839;GCF_013464915.1,s__Stenotrophomonasmaltophilia_AT,95.0,93.33,0.816;GCF_004346925.1,s__Stenotrophomonasmaltophilia_A,95.0,93.11,0.814;GCF_001431625.1,s__Stenotrophomonasgeniculata,95.0,93.11,0.811;GCF_913775725.1,s__Stenotrophomonassp913775725,95.0,93.03,0.8;GCF_000382065.1,s__Stenotrophomonashibiscicola,95.0,92.8,0.812;GCF_002138415.1,s__Stenotrophomonasmaltophilia_G,95.0,92.75,0.823;GCF_003205835.1,s__Stenotrophomonasmaltophilia_AL,95.0,92.49,0.792;GCF_030658505.1,s__Stenotrophomonassp030658505,95.0,92.39,0.779;GCF_024621935.1,s__Stenotrophomonasmuris,95.0,92.13,0.797;GCF_006970445.1,s__Stenotrophomonasmaltophilia_AU,95.0,92.13,0.795;GCF_030291075.1,s__Stenotrophomonassp913776385,95.0,92.09,0.801;GCF_002192255.1,s__Stenotrophomonassp002192255,95.0,91.86,0.795;GCF_003244875.1,s__Stenotrophomonassepilia,95.0,91.72,0.765;GCF_004684085.1,s__Stenotrophomonasmaltophilia_AS,95.0,91.65,0.779;GCF_013464485.1,s__Stenotrophomonasmaltophilia_AW,95.0,91.65,0.762;GCF_002799155.1,s__Stenotrophomonasmaltophilia_R,95.0,91.57,0.801;GCF_900101175.1,s__Stenotrophomonaspavanii,95.0,91.56,0.785;GCF_002799245.1,s__Stenotrophomonasmaltophilia_S,95.0,91.5,0.757;GCF_000020665.1,s__Stenotrophomonasmaltophilia_L,95.0,91.45,0.795;GCA_003525885.1,s__Stenotrophomonassp003525885,95.0,91.41,0.66;GCF_001431665.1,s__Stenotrophomonasmaltophilia_K,95.0,91.38,0.747;GCF_004920835.1,s__Stenotrophomonasmaltophilia_AQ,95.0,91.29,0.777;GCF_001274595.1,s__Stenotrophomonasmaltophilia_AJ,95.0,91.11,0.742;GCF_913778665.1,s__Stenotrophomonassp913778665,95.0,90.93,0.755;GCF_945952405.1,s__Stenotrophomonassp945952405,95.0,90.82,0.736;GCF_023518235.1,s__Stenotrophomonassp003028475,95.0,90.79,0.735;GCF_001676385.1,s__Stenotrophomonasmaltophilia_J,95.0,89.93,0.728;GCF_030549525.1,s__Stenotrophomonassp030549525,95.0,89.49,0.675;GCF_003086795.1,s__Stenotrophomonassp023423675,95.0,89.16,0.605;GCF_003086775.1,s__Stenotrophomonassp003086775,95.0,89.09,0.604;GCF_013364355.1,s__Stenotrophomonassp013364355,95.0,89.02,0.654;GCF_008710035.1,s__Stenotrophomonascyclobalanopsidis,95.18,88.94,0.615;GCF_002750975.1,s__Stenotrophomonasindicatrix,95.0,88.92,0.656;GCA_003510825.1,s__Stenotrophomonassp003086795,95.77,88.81,0.485;GCF_002803515.1,s__Stenotrophomonaslactitubi,95.0,88.76,0.651;GCA_002364755.1,s__Stenotrophomonasmaltophilia_AX,95.46,88.67,0.606;GCF_003086895.1,s__Stenotrophomonassp003086895,95.0,88.41,0.563;GCF_003086695.1,s__Stenotrophomonassp003086695,95.0,88.4,0.575;GCF_025642255.1,s__Stenotrophomonasmaltophilia_P,95.0,88.29,0.656;GCF_030913365.1,s__Stenotrophomonassp030913365,95.0,87.38,0.524;GCA_009912235.1,s__Stenotrophomonasmaltophilia_AV,95.0,86.96,0.499;GCA_003484865.1,s__Stenotrophomonassp003484865,95.0,85.36,0.301;GCF_001431535.1,s__Stenotrophomonaschelatiphaga,95.0,84.85,0.347;GCF_029959395.1,s__Stenotrophomonasmaltophilia_AD,95.0,84.72,0.31;GCA_023439425.1,s__Stenotrophomonassp023439425,95.0,84.58,0.213;GCA_023457475.1,s__Stenotrophomonassp023457475,95.0,84.57,0.24;GCA_023423605.1,s__Stenotrophomonassp023423605,95.0,84.55,0.285;GCF_024810105.1,s__Stenotrophomonasmaltophilia_AB,95.0,84.54,0.346;GCF_020857975.1,s__Stenotrophomonasrhizophila_C,95.0,84.53,0.373;GCF_000661955.1,s__Stenotrophomonasrhizophila,95.0,84.48,0.344;GCF_009832905.1,s__Stenotrophomonasmaltophilia_AP,95.0,84.37,0.335;GCF_002893095.1,s__Stenotrophomonassp002893095,95.0,84.34,0.322;GCF_013387485.1,s__Stenotrophomonasmaltophilia_AA,95.0,84.29,0.364;GCF_014836545.1,s__Stenotrophomonaspennii,95.0,84.26,0.344;GCA_002333345.1,s__Stenotrophomonasmaltophilia_AY,95.0,84.2,0.338;GCF_030128875.1,s__Stenotrophomonasbentonitica_A,95.0,84.19,0.336;GCF_003751305.1,s__Stenotrophomonasrhizophila_B,95.0,84.12,0.351;GCA_002435595.1,s__Stenotrophomonasmaltophilia_AC,95.0,84.1,0.331;GCF_013185915.1,s__Stenotrophomonasbentonitica,95.0,84.09,0.325;GCF_029960115.1,s__Stenotrophomonassp029960115,95.0,84.09,0.271;GCA_021733645.1,s__Stenotrophomonassp021733645,95.0,84.06,0.328;GCF_002205165.1,s__Stenotrophomonasmaltophilia_N,95.0,84.05,0.342;GCF_024519465.1,s__Stenotrophomonassp024519465,95.0,83.98,0.334;GCF_003651185.1,s__Stenotrophomonasmaltophilia_Z,95.0,83.96,0.328;GCF_009467805.1,s__Stenotrophomonasnematodicola,95.0,83.96,0.328;GCF_001704155.1,s__Stenotrophomonasrhizophila_A,95.0,83.93,0.334;GCF_007667275.1,s__Stenotrophomonasmaltophilia_AE,95.0,83.83,0.348;GCA_023430045.1,s__Stenotrophomonassp023430045,95.0,83.83,0.3;GCF_018612915.1,s__Stenotrophomonassp018612915,95.0,83.81,0.338;GCA_002363385.1,s__Stenotrophomonasmaltophilia_AN,95.0,83.78,0.347;GCF_014117215.1,s__Stenotrophomonastumulicola,95.0,83.66,0.315;GCF_003935715.1,s__Stenotrophomonasmaltophilia_AH,95.0,83.44,0.255;GCF_001431595.1,s__Stenotrophomonasacidaminiphila,95.0,83.38,0.238;GCA_002387845.1,s__Stenotrophomonasmaltophilia_AG,95.0,83.24,0.266;GCF_026107455.2,s__Stenotrophomonassp026107455,95.0,83.19,0.261;GCF_009496535.1,s__Stenotrophomonassp003504055,95.0,83.03,0.228;GCF_001431505.1,s__Stenotrophomonasdaejeonensis,95.0,82.77,0.244;GCF_014621775.1,s__Stenotrophomonassp014621775,95.0,82.76,0.286;GCA_946223375.1,s__Stenotrophomonassp946223375,95.0,82.74,0.172;GCF_002951995.1,s__Stenotrophomonasacidaminiphila_A,95.0,82.68,0.246;GCF_004348115.1,s__Stenotrophomonassp004348115,95.0,82.6,0.224;GCF_001431425.1,s__Stenotrophomonasnitritireducens,95.0,82.6,0.217;GCF_916618915.1,s__Stenotrophomonassp916618915,95.0,82.52,0.27;GCA_900078405.1,s__Stenotrophomonassp900078405,95.0,82.09,0.248;GCF_029959445.1,s__Stenotrophomonassp029959445,95.0,81.98,0.164;GCF_021202945.1,s__Stenotrophomonassp021202945,95.0,81.92,0.17;GCF_030711595.1,s__Stenotrophomonassp030711595,95.0,81.7,0.193;GCA_002329155.1,s__Stenotrophomonassp002329155,95.0,81.68,0.196;GCA_002471015.1,s__Stenotrophomonassp002471015,95.0,81.49,0.165;GCA_002469325.1,s__Stenotrophomonassp002469325,95.0,81.36,0.157;GCF_001431415.1,s__Stenotrophomonashumi,95.0,81.1,0.163",98.55,11,N/A,N/A,Stenotrophomonas maltophilia 
UF-340,d__Bacteria;p__Pseudomonadota;c__Gammaproteobacteria;o__Enterobacterales;f__Enterobacteriaceae;g__Providencia;s__Providenciavermicola,GCF_020381325.1,95,d__Bacteria;p__Pseudomonadota;c__Gammaproteobacteria;o__Enterobacterales;f__Enterobacteriaceae;g__Providencia;s__Providenciavermicola,97.38,0.925,GCF_020381325.1,95,d__Bacteria;p__Pseudomonadota;c__Gammaproteobacteria;o__Enterobacterales;f__Enterobacteriaceae;g__Providencia;s__Providenciavermicola,97.38,0.925,d__Bacteria;p__Pseudomonadota;c__Gammaproteobacteria;o__Enterobacterales;f__Enterobacteriaceae;g__Providencia;s__,taxonomicclassificationdefinedbytopologyandANI,topologicalplacementandANIhavecongruentspeciesassignments,"GCF_019343475.1,s__Providenciasp019343475,95.0,90.59,0.801;GCF_013255915.1,s__Providenciarettgeri_D,95.0,83.63,0.377;GCA_900455085.1,s__Providenciarettgeri,95.0,83.33,0.364;GCF_002843235.3,s__Providenciahuaxiensis,95.0,83.29,0.365;GCF_023205015.1,s__Providenciarettgeri_E,95.0,83.07,0.346;GCF_001874625.1,s__Providenciarettgeri_A,95.0,82.79,0.343;GCF_001655055.1,s__Providenciaheimbachae,95.0,80.9,0.195;GCF_003533305.1,s__Providenciasp003533305,95.0,79.95,0.159",96.84,11,N/A,N/A,Providencia vermicola
UF-342,d__Bacteria;p__Bacillota;c__Bacilli;o__Bacillales;f__Bacillaceae_G;g__Bacillus_A;s__Bacillus_Abombysepticus,GCF_002912215.1,96.51,d__Bacteria;p__Bacillota;c__Bacilli;o__Bacillales;f__Bacillaceae_G;g__Bacillus_A;s__Bacillus_Abombysepticus,98.23,0.815,GCF_002912215.1,96.51,d__Bacteria;p__Bacillota;c__Bacilli;o__Bacillales;f__Bacillaceae_G;g__Bacillus_A;s__Bacillus_Abombysepticus,98.23,0.815,d__Bacteria;p__Bacillota;c__Bacilli;o__Bacillales;f__Bacillaceae_G;g__Bacillus_A;s__,taxonomicclassificationdefinedbytopologyandANI,topologicalplacementandANIhavecongruentspeciesassignments,"GCF_000007825.1,s__Bacillus_Acereus,96.65,96.89,0.861;GCF_001595725.1,s__Bacillus_Athuringiensis_K,95.84,96.48,0.815;GCF_002559825.1,s__Bacillus_Athuringiensis,96.56,96.12,0.823;GCF_000021305.1,s__Bacillus_Athuringiensis_S,95.0,95.33,0.807;GCF_001182785.1,s__Bacillus_Athuringiensis_AB,96.35,95.08,0.777;GCF_002567495.1,s__Bacillus_Acereus_AQ,95.0,94.09,0.784;GCF_001884035.1,s__Bacillus_Atropicus,95.0,91.83,0.771;GCF_001455345.1,s__Bacillus_Athuringiensis_N,95.0,91.78,0.755;GCF_001883995.1,s__Bacillus_Aparanthracis,95.15,91.74,0.727;GCF_022663335.1,s__Bacillus_Acereus_BC,95.0,91.69,0.723;GCF_001583695.1,s__Bacillus_Awiedmannii,95.0,91.67,0.753;GCF_006494425.1,s__Bacillus_Asp006494425,95.0,91.67,0.728;GCF_000496285.1,s__Bacillus_Atoyonensis,95.0,91.6,0.782;GCF_002746455.1,s__Bacillus_Afungorum,95.0,91.59,0.66;GCF_900094905.1,s__Bacillus_Acereus_AG,95.0,91.56,0.711;GCF_002571225.1,s__Bacillus_Asp002571225,95.0,91.5,0.712;GCF_018332475.1,s__Bacillus_Asanguinis,95.0,91.33,0.699;GCF_001884185.1,s__Bacillus_Aalbus,95.0,91.18,0.71;GCF_001884105.1,s__Bacillus_Aluti,95.0,91.15,0.735;GCF_007678085.1,s__Bacillus_Acereus_BE,95.0,91.13,0.748;GCF_003400245.1,s__Bacillus_Asp003400245,95.0,91.07,0.695;GCF_000742895.1,s__Bacillus_Aanthracis,95.0,91.03,0.727;GCF_008923725.1,s__Bacillus_Asp008923725,95.0,90.99,0.717;GCA_016925055.1,s__Bacillus_Apacificus,95.15,90.92,0.712;GCF_001884045.1,s__Bacillus_Amobilis,95.0,90.89,0.679;GCA_002578045.1,s__Bacillus_Acereus_AK,95.0,90.67,0.621;GCF_002584985.1,s__Bacillus_Asp002584985,95.0,90.6,0.686;GCF_014932895.1,s__Bacillus_Athuringiensis_AA,95.0,90.57,0.644;GCF_002564555.1,s__Bacillus_Acereus_K,95.0,90.54,0.692;GCF_002577405.1,s__Bacillus_Acereus_AU,95.0,90.19,0.676;GCF_025917685.1,s__Bacillus_Acereus_AT,95.17,90.02,0.683;GCF_018966865.1,s__Bacillus_Asp018966865,95.0,89.95,0.706;GCF_001884135.1,s__Bacillus_Anitratireducens,95.0,89.9,0.666;GCF_007673305.1,s__Bacillus_Amycoides_C,95.0,89.89,0.581;GCA_027694045.1,s__Bacillus_Asp027694045,95.0,89.82,0.732;GCF_018332515.1,s__Bacillus_Ahominis,95.0,89.8,0.634;GCF_001884065.1,s__Bacillus_Aproteolyticus,95.0,89.7,0.617;GCF_000832605.1,s__Bacillus_Amycoides,95.0,89.57,0.644;GCF_001757995.1,s__Bacillus_Amycoides_B,95.0,89.3,0.599;GCF_015071065.1,s__Bacillus_Acereus_BA,95.0,89.29,0.597;GCF_018742245.1,s__Bacillus_Acereus_U,95.0,89.23,0.632;GCF_002975175.1,s__Bacillus_Asp002975175,95.0,88.99,0.588;GCF_001884235.1,s__Bacillus_Aparamycoides,95.0,88.86,0.597;GCF_000746925.1,s__Bacillus_Aclarus,95.0,86.02,0.428;GCF_002551815.1,s__Bacillus_Asp002551815,95.0,84.15,0.286;GCF_013314535.1,s__Bacillus_Asp013314535,95.0,83.47,0.257;GCF_002561295.1,s__Bacillus_Acereus_S,95.0,83.44,0.279;GCF_001590835.1,s__Bacillus_Agaemokensis,95.0,83.12,0.263;GCF_000299035.1,s__Bacillus_Abingmayongensis,95.0,83.1,0.273;GCF_000161455.1,s__Bacillus_Apseudomycoides,95.0,82.98,0.24;GCA_022811845.1,s__Bacillus_Acereus_AV,95.0,82.93,0.234;GCF_017498775.1,s__Bacillus_Aarachidis,95.0,82.84,0.256;GCF_022663115.1,s__Bacillus_Acereus_BD,95.0,82.45,0.273;GCF_000017425.1,s__Bacillus_Acytotoxicus,95.0,81.73,0.264;GCF_030292155.1,s__Bacillus_Asp030292155,95.0,81.59,0.181",91.28,11,N/A,N/A,Bacillus bombysepticus 
UF-343,d__Bacteria;p__Pseudomonadota;c__Gammaproteobacteria;o__Enterobacterales;f__Enterobacteriaceae;g__Serratia;s__Serratianematodiphila,GCF_000738675.1,96.8,d__Bacteria;p__Pseudomonadota;c__Gammaproteobacteria;o__Enterobacterales;f__Enterobacteriaceae;g__Serratia;s__Serratianematodiphila,98.11,0.904,GCF_000738675.1,96.8,d__Bacteria;p__Pseudomonadota;c__Gammaproteobacteria;o__Enterobacterales;f__Enterobacteriaceae;g__Serratia;s__Serratianematodiphila,98.11,0.904,d__Bacteria;p__Pseudomonadota;c__Gammaproteobacteria;o__Enterobacterales;f__Enterobacteriaceae;g__Serratia;s__,taxonomicclassificationdefinedbytopologyandANI,topologicalplacementandANIhavecongruentspeciesassignments,"GCF_017299535.1,s__Serratiamarcescens,95.58,96.49,0.88;GCF_013375155.1,s__Serratiaureilytica,95.0,95.14,0.849;GCF_008011855.1,s__Serratiabockelmannii,95.51,94.9,0.828;GCF_002220655.1,s__Serratiamarcescens_K,95.02,94.79,0.829;GCF_029846115.1,s__Serratiamarcescens_L,96.11,94.67,0.842;GCF_008364245.1,s__Serratianevei,96.24,94.59,0.836;GCF_006715005.1,s__Serratiamarcescens_J,95.0,94.57,0.84;GCF_001642805.2,s__Serratiasurfactantfaciens,95.0,94.31,0.878;GCF_024160145.1,s__Serratianevei_A,95.0,94.22,0.794;GCF_003812745.1,s__Serratiasp003812745,95.0,94.07,0.872;GCF_001902635.1,s__Serratiamarcescens_F,95.0,93.25,0.769",96.54,11,N/A,N/A,Serratia nematodiphila 
UF-346,d__Bacteria;p__Bacillota;c__Bacilli;o__Bacillales;f__Bacillaceae_G;g__Bacillus_A;s__Bacillus_Abombysepticus,GCF_002912215.1,96.51,d__Bacteria;p__Bacillota;c__Bacilli;o__Bacillales;f__Bacillaceae_G;g__Bacillus_A;s__Bacillus_Abombysepticus,97.93,0.83,GCF_002912215.1,96.51,d__Bacteria;p__Bacillota;c__Bacilli;o__Bacillales;f__Bacillaceae_G;g__Bacillus_A;s__Bacillus_Abombysepticus,97.93,0.83,d__Bacteria;p__Bacillota;c__Bacilli;o__Bacillales;f__Bacillaceae_G;g__Bacillus_A;s__,taxonomicclassificationdefinedbytopologyandANI,topologicalplacementandANIhavecongruentspeciesassignments,"GCF_000007825.1,s__Bacillus_Acereus,96.65,97.12,0.86;GCF_001595725.1,s__Bacillus_Athuringiensis_K,95.84,96.78,0.861;GCF_002559825.1,s__Bacillus_Athuringiensis,96.56,95.81,0.866;GCF_001182785.1,s__Bacillus_Athuringiensis_AB,96.35,95.7,0.813;GCF_000021305.1,s__Bacillus_Athuringiensis_S,95.0,95.7,0.801;GCF_002567495.1,s__Bacillus_Acereus_AQ,95.0,93.95,0.785;GCF_001884035.1,s__Bacillus_Atropicus,95.0,91.9,0.766;GCF_001455345.1,s__Bacillus_Athuringiensis_N,95.0,91.83,0.754;GCF_001883995.1,s__Bacillus_Aparanthracis,95.15,91.74,0.723;GCF_000496285.1,s__Bacillus_Atoyonensis,95.0,91.71,0.772;GCF_022663335.1,s__Bacillus_Acereus_BC,95.0,91.69,0.728;GCF_006494425.1,s__Bacillus_Asp006494425,95.0,91.67,0.723;GCF_900094905.1,s__Bacillus_Acereus_AG,95.0,91.67,0.708;GCF_007678085.1,s__Bacillus_Acereus_BE,95.0,91.65,0.749;GCF_001583695.1,s__Bacillus_Awiedmannii,95.0,91.62,0.746;GCF_002746455.1,s__Bacillus_Afungorum,95.0,91.59,0.66;GCF_002571225.1,s__Bacillus_Asp002571225,95.0,91.56,0.714;GCF_001884185.1,s__Bacillus_Aalbus,95.0,91.5,0.718;GCF_000742895.1,s__Bacillus_Aanthracis,95.0,91.39,0.73;GCF_003400245.1,s__Bacillus_Asp003400245,95.0,91.34,0.714;GCF_018332475.1,s__Bacillus_Asanguinis,95.0,91.33,0.699;GCF_008923725.1,s__Bacillus_Asp008923725,95.0,91.08,0.711;GCF_001884105.1,s__Bacillus_Aluti,95.0,91.05,0.735;GCA_016925055.1,s__Bacillus_Apacificus,95.15,90.99,0.709;GCF_001884045.1,s__Bacillus_Amobilis,95.0,90.89,0.683;GCF_002584985.1,s__Bacillus_Asp002584985,95.0,90.8,0.686;GCF_014932895.1,s__Bacillus_Athuringiensis_AA,95.0,90.63,0.647;GCF_002564555.1,s__Bacillus_Acereus_K,95.0,90.6,0.687;GCA_002578045.1,s__Bacillus_Acereus_AK,95.0,90.37,0.62;GCF_025917685.1,s__Bacillus_Acereus_AT,95.17,90.16,0.682;GCA_027694045.1,s__Bacillus_Asp027694045,95.0,90.05,0.73;GCF_002577405.1,s__Bacillus_Acereus_AU,95.0,89.99,0.673;GCF_007673305.1,s__Bacillus_Amycoides_C,95.0,89.93,0.615;GCF_018332515.1,s__Bacillus_Ahominis,95.0,89.8,0.627;GCF_018966865.1,s__Bacillus_Asp018966865,95.0,89.74,0.691;GCF_001884135.1,s__Bacillus_Anitratireducens,95.0,89.71,0.658;GCF_001884065.1,s__Bacillus_Aproteolyticus,95.0,89.69,0.626;GCF_000832605.1,s__Bacillus_Amycoides,95.0,89.67,0.64;GCF_018742245.1,s__Bacillus_Acereus_U,95.0,89.37,0.637;GCF_001757995.1,s__Bacillus_Amycoides_B,95.0,89.35,0.61;GCF_015071065.1,s__Bacillus_Acereus_BA,95.0,89.32,0.597;GCF_002975175.1,s__Bacillus_Asp002975175,95.0,88.94,0.587;GCF_001884235.1,s__Bacillus_Aparamycoides,95.0,88.87,0.587;GCF_000746925.1,s__Bacillus_Aclarus,95.0,85.99,0.438;GCF_002551815.1,s__Bacillus_Asp002551815,95.0,84.0,0.284;GCF_013314535.1,s__Bacillus_Asp013314535,95.0,83.39,0.26;GCF_002561295.1,s__Bacillus_Acereus_S,95.0,83.37,0.283;GCF_001590835.1,s__Bacillus_Agaemokensis,95.0,83.0,0.262;GCF_017498775.1,s__Bacillus_Aarachidis,95.0,82.93,0.259;GCF_000161455.1,s__Bacillus_Apseudomycoides,95.0,82.79,0.235;GCF_000299035.1,s__Bacillus_Abingmayongensis,95.0,82.64,0.272;GCA_022811845.1,s__Bacillus_Acereus_AV,95.0,82.61,0.241;GCF_022663115.1,s__Bacillus_Acereus_BD,95.0,82.33,0.267;GCF_000017425.1,s__Bacillus_Acytotoxicus,95.0,81.89,0.269;GCF_030292155.1,s__Bacillus_Asp030292155,95.0,81.63,0.178",90.45,11,N/A,N/A,Bacillus bombysepticus 
UF-347,d__Bacteria;p__Pseudomonadota;c__Gammaproteobacteria;o__Enterobacterales;f__Enterobacteriaceae;g__Serratia;s__Serratianematodiphila,GCF_000738675.1,96.8,d__Bacteria;p__Pseudomonadota;c__Gammaproteobacteria;o__Enterobacterales;f__Enterobacteriaceae;g__Serratia;s__Serratianematodiphila,97.82,0.889,GCF_000738675.1,96.8,d__Bacteria;p__Pseudomonadota;c__Gammaproteobacteria;o__Enterobacterales;f__Enterobacteriaceae;g__Serratia;s__Serratianematodiphila,97.82,0.889,d__Bacteria;p__Pseudomonadota;c__Gammaproteobacteria;o__Enterobacterales;f__Enterobacteriaceae;g__Serratia;s__,taxonomicclassificationdefinedbytopologyandANI,topologicalplacementandANIhavecongruentspeciesassignments,"GCF_017299535.1,s__Serratiamarcescens,95.58,96.36,0.871;GCF_013375155.1,s__Serratiaureilytica,95.0,95.41,0.852;GCF_002220655.1,s__Serratiamarcescens_K,95.02,94.78,0.831;GCF_029846115.1,s__Serratiamarcescens_L,96.11,94.77,0.835;GCF_008011855.1,s__Serratiabockelmannii,95.51,94.77,0.835;GCF_008364245.1,s__Serratianevei,96.24,94.61,0.844;GCF_006715005.1,s__Serratiamarcescens_J,95.0,94.45,0.85;GCF_001642805.2,s__Serratiasurfactantfaciens,95.0,94.31,0.876;GCF_024160145.1,s__Serratianevei_A,95.0,94.1,0.794;GCF_003812745.1,s__Serratiasp003812745,95.0,93.91,0.877;GCF_001902635.1,s__Serratiamarcescens_F,95.0,93.25,0.777",96.29,11,N/A,N/A,Serratia nematodiphila 
UF-350,d__Bacteria;p__Pseudomonadota;c__Gammaproteobacteria;o__Enterobacterales;f__Enterobacteriaceae;g__Serratia;s__Serratiabockelmannii,GCF_008011855.1,95.51,d__Bacteria;p__Pseudomonadota;c__Gammaproteobacteria;o__Enterobacterales;f__Enterobacteriaceae;g__Serratia;s__Serratiabockelmannii,98.74,0.899,GCF_008011855.1,95.51,d__Bacteria;p__Pseudomonadota;c__Gammaproteobacteria;o__Enterobacterales;f__Enterobacteriaceae;g__Serratia;s__Serratiabockelmannii,98.74,0.899,d__Bacteria;p__Pseudomonadota;c__Gammaproteobacteria;o__Enterobacterales;f__Enterobacteriaceae;g__Serratia;s__,taxonomicclassificationdefinedbytopologyandANI,topologicalplacementandANIhavecongruentspeciesassignments,"GCF_017299535.1,s__Serratiamarcescens,95.58,95.47,0.883;GCF_006715005.1,s__Serratiamarcescens_J,95.0,95.26,0.835;GCF_002220655.1,s__Serratiamarcescens_K,95.02,95.04,0.844;GCF_029846115.1,s__Serratiamarcescens_L,96.11,94.98,0.859;GCF_013375155.1,s__Serratiaureilytica,95.0,94.92,0.837;GCF_000738675.1,s__Serratianematodiphila,96.8,94.87,0.857;GCF_008364245.1,s__Serratianevei,96.24,94.82,0.818;GCF_024160145.1,s__Serratianevei_A,95.0,94.12,0.777;GCF_003812745.1,s__Serratiasp003812745,95.0,94.07,0.882;GCF_001642805.2,s__Serratiasurfactantfaciens,95.0,93.64,0.85;GCF_001902635.1,s__Serratiamarcescens_F,95.0,93.25,0.762",96.31,11,N/A,N/A,Serratia bockelmannii 
UF-357,d__Bacteria;p__Pseudomonadota;c__Gammaproteobacteria;o__Pseudomonadales;f__Pseudomonadaceae;g__Pseudomonas_E;s__Pseudomonas_Eputida_Z,GCF_015680575.1,95,d__Bacteria;p__Pseudomonadota;c__Gammaproteobacteria;o__Pseudomonadales;f__Pseudomonadaceae;g__Pseudomonas_E;s__Pseudomonas_Eputida_Z,96.1,0.862,GCF_015680575.1,95,d__Bacteria;p__Pseudomonadota;c__Gammaproteobacteria;o__Pseudomonadales;f__Pseudomonadaceae;g__Pseudomonas_E;s__Pseudomonas_Eputida_Z,96.1,0.862,d__Bacteria;p__Pseudomonadota;c__Gammaproteobacteria;o__Pseudomonadales;f__Pseudomonadaceae;g__Pseudomonas_E;s__,taxonomicclassificationdefinedbytopologyandANI,topologicalplacementandANIhavecongruentspeciesassignments,"GCF_009932335.1,s__Pseudomonas_Easiatica,95.0,96.06,0.831;GCF_015680405.1,s__Pseudomonas_Epudica,95.0,95.75,0.865;GCF_900277125.1,s__Pseudomonas_Einefficax,95.0,94.88,0.853;GCF_022533585.1,s__Pseudomonas_Esp001642705,95.0,94.56,0.798;GCF_002165135.1,s__Pseudomonas_Esp002165135,95.0,94.08,0.805;GCF_900291015.1,s__Pseudomonas_Esp900291015,95.0,93.95,0.791;GCA_029953615.1,s__Pseudomonas_Esp002113165,95.0,93.92,0.787;GCF_003331055.1,s__Pseudomonas_Esp003331055,95.0,91.89,0.769;GCF_000935045.1,s__Pseudomonas_Esp000935045,95.0,91.42,0.703;GCF_014269185.2,s__Pseudomonas_Eoryzicola,95.0,90.75,0.733;GCF_014269225.2,s__Pseudomonas_Eanuradhapurensis,95.0,90.69,0.74;GCF_916618955.1,s__Pseudomonas_Esp916618955,95.0,90.69,0.731;GCF_000708715.2,s__Pseudomonas_Eputida_R,95.0,90.62,0.711;GCF_000412675.1,s__Pseudomonas_Eputida,95.0,90.49,0.704;GCF_000498395.2,s__Pseudomonas_Eputida_Q,95.0,90.42,0.708;GCF_003627215.1,s__Pseudomonas_Esp001422615,95.0,90.42,0.694;GCF_030159595.1,s__Pseudomonas_Eputida_AC,95.0,90.3,0.667;GCA_947090765.1,s__Pseudomonas_Esp947090765,95.0,90.28,0.714;GCF_013393325.1,s__Pseudomonas_Eputida_P,95.0,90.18,0.686;GCF_002386445.1,s__Pseudomonas_Esp002386445,95.0,90.17,0.735;GCF_000730605.1,s__Pseudomonas_Emonteilii,95.0,90.12,0.662;GCF_016658545.1,s__Pseudomonas_Esp016658545,95.0,90.1,0.694;GCF_013179515.1,s__Pseudomonas_Esp013179515,95.0,89.98,0.639;GCF_029202525.1,s__Pseudomonas_Ephytovorans,95.0,89.94,0.662;GCF_002356095.1,s__Pseudomonas_Eputida_H,95.0,89.91,0.685;GCF_021283545.2,s__Pseudomonas_Ealloputida,95.0,89.91,0.669;GCF_003205205.1,s__Pseudomonas_Esp003205205,95.0,89.57,0.651;GCF_002906795.1,s__Pseudomonas_Eputida_Y,95.0,89.54,0.632;GCF_002112505.1,s__Pseudomonas_Esp002112505,95.0,89.02,0.603;GCF_003097235.1,s__Pseudomonas_Esp003097235,95.0,88.85,0.584;GCF_021602585.1,s__Pseudomonas_Efaucium,95.0,88.84,0.574;GCF_009932375.1,s__Pseudomonas_Ejuntendi,95.0,88.81,0.553;GCF_017744435.1,s__Pseudomonas_Esp017744435,95.0,88.75,0.594;GCF_009883635.2,s__Pseudomonas_Eputida_W,95.0,88.75,0.581;GCF_024349685.1,s__Pseudomonas_Esp024349685,95.0,88.71,0.583;GCF_009391885.1,s__Pseudomonas_Esp009391885,95.0,88.52,0.561;GCF_002025705.1,s__Pseudomonas_Eputida_J,95.0,88.43,0.589;GCF_000282535.1,s__Pseudomonas_Esp000282535,95.0,88.38,0.549;GCF_000731675.1,s__Pseudomonas_Ecapeferrum,95.0,88.29,0.595;GCF_011752565.1,s__Pseudomonas_Esp011752565,95.0,88.25,0.562;GCF_002906855.1,s__Pseudomonas_Eputida_N,95.0,88.25,0.556;GCF_014269205.2,s__Pseudomonas_Ekermanshahensis,95.0,88.23,0.598;GCF_001320245.1,s__Pseudomonas_Esp001320245,95.0,88.18,0.552;GCF_025905425.1,s__Pseudomonas_Eputida_AF,95.0,88.17,0.594;GCF_014269035.2,s__Pseudomonas_Evlassakiae,95.0,88.04,0.556;GCF_000730665.1,s__Pseudomonas_Eplecoglossicida,95.0,87.97,0.556;GCF_021601385.1,s__Pseudomonas_Eparasichuanensis,95.0,87.54,0.518;GCF_003231305.1,s__Pseudomonas_Esichuanensis,95.0,87.53,0.513;GCF_016648105.1,s__Pseudomonas_Esp016648105,95.0,87.4,0.502;GCF_019139895.1,s__Pseudomonas_Efakonensis,95.0,87.31,0.508;GCF_015354575.1,s__Pseudomonas_Esp015354575,95.0,87.29,0.506;GCF_019139535.1,s__Pseudomonas_Emuyukensis,95.0,87.24,0.525;GCF_003205295.1,s__Pseudomonas_Emosselii_B,95.0,87.21,0.497;GCF_005080685.1,s__Pseudomonas_Eputida_V,95.0,87.14,0.493;GCF_029478665.1,s__Pseudomonas_Eentomophila_F,95.0,87.09,0.482;GCF_014268935.2,s__Pseudomonas_Eperadeniyensis,95.0,86.97,0.497;GCF_018417595.1,s__Pseudomonas_Eentomophila_C,95.0,86.96,0.477;GCF_029836165.1,s__Pseudomonas_Esp029836165,95.0,86.94,0.491;GCF_024127895.1,s__Pseudomonas_Eguariconensis_B,95.0,86.92,0.537;GCF_014268885.2,s__Pseudomonas_Exantholysinigenes,95.0,86.92,0.496;GCF_000026105.1,s__Pseudomonas_Eentomophila,95.0,86.92,0.483;GCF_019139675.1,s__Pseudomonas_Emaumuensis,95.0,86.91,0.475;GCF_004519305.1,s__Pseudomonas_Esp004519305,95.0,86.9,0.505;GCF_022405695.1,s__Pseudomonas_Eentomophila_E,95.0,86.9,0.484;GCF_028898945.1,s__Pseudomonas_Esp028898945,95.0,86.89,0.49;GCF_029193575.1,s__Pseudomonas_Eentomophila_G,95.0,86.83,0.487;GCF_024749165.1,s__Pseudomonas_Esp024749165,95.0,86.81,0.486;GCF_029840925.1,s__Pseudomonas_Esp029840925,95.0,86.78,0.476;GCF_019823065.1,s__Pseudomonas_Emosselii,95.0,86.74,0.474;GCF_021602025.1,s__Pseudomonas_Eceruminis,95.0,86.73,0.495;GCF_026625125.1,s__Pseudomonas_Eputida_X,95.0,86.64,0.455;GCF_011752525.1,s__Pseudomonas_Esp011752525,95.0,86.61,0.497;GCF_023277925.1,s__Pseudomonas_Eentomophila_D,95.0,86.57,0.464;GCF_016406145.1,s__Pseudomonas_Eputida_E,95.0,86.54,0.475;GCF_020151015.1,s__Pseudomonas_Eputida_K,95.0,86.53,0.475;GCF_900110655.1,s__Pseudomonas_Esoli,95.0,86.49,0.474;GCF_000425785.1,s__Pseudomonas_Etaiwanensis,95.0,86.46,0.511;GCF_004357765.1,s__Pseudomonas_Eputida_U,95.0,86.41,0.439;GCF_015680235.1,s__Pseudomonas_Eguariconensis_A,95.0,86.33,0.526;GCF_900536025.1,s__Pseudomonas_Ereidholzensis,95.0,86.3,0.463;GCF_014268815.2,s__Pseudomonas_Eurmiensis,95.0,85.83,0.453;GCA_014268975.2,s__Pseudomonas_Ewayambapalatensis,95.0,85.7,0.457;GCF_001636055.1,s__Pseudomonas_Eputida_B,95.0,85.57,0.432;GCF_015680295.1,s__Pseudomonas_Eguariconensis_D,95.0,85.56,0.466;GCF_002741075.1,s__Pseudomonas_Eputida_T,95.0,85.5,0.436;GCF_005796105.1,s__Pseudomonas_Emosselii_C,95.0,85.39,0.437;GCF_000730645.1,s__Pseudomonas_Eparafulva,95.0,85.36,0.472;GCF_015680245.1,s__Pseudomonas_Eguariconensis_C,95.0,85.32,0.465;GCF_017875955.1,s__Pseudomonas_Esp017875955,95.0,85.2,0.423;GCF_900102675.1,s__Pseudomonas_Eguariconensis,95.0,85.13,0.481;GCF_007677725.1,s__Pseudomonas_Esp003445295,95.0,85.12,0.435;GCF_014269025.2,s__Pseudomonas_Epromysalinigenes,95.0,85.09,0.445;GCF_014268805.2,s__Pseudomonas_Efarsensis,95.0,85.06,0.412;GCF_016518545.1,s__Pseudomonas_Esp016518545,95.0,83.92,0.319;GCF_002021815.1,s__Pseudomonas_Eparafulva_B,95.0,83.86,0.385;GCF_014268785.2,s__Pseudomonas_Eshirazensis,95.0,83.85,0.357;GCF_000800255.1,s__Pseudomonas_Eparafulva_A,95.0,83.78,0.36;GCF_000730565.1,s__Pseudomonas_Efulva,95.0,83.73,0.386;GCF_000759535.1,s__Pseudomonas_Ecremoricolorata_A,95.0,82.94,0.314",97.7,11,N/A,N/A,Pseudomonas putida Z 
UF-358,d__Bacteria;p__Pseudomonadota;c__Gammaproteobacteria;o__Pseudomonadales;f__Pseudomonadaceae;g__Pseudomonas_E;s__Pseudomonas_Eatacamensis,GCF_004801935.1,96.51,d__Bacteria;p__Pseudomonadota;c__Gammaproteobacteria;o__Pseudomonadales;f__Pseudomonadaceae;g__Pseudomonas_E;s__Pseudomonas_Eatacamensis,96.83,0.902,GCF_019145195.1,95.52,d__Bacteria;p__Pseudomonadota;c__Gammaproteobacteria;o__Pseudomonadales;f__Pseudomonadaceae;g__Pseudomonas_E;s__Pseudomonas_Esiliginis,96.1,0.892,d__Bacteria;p__Pseudomonadota;c__Gammaproteobacteria;o__Pseudomonadales;f__Pseudomonadaceae;g__Pseudomonas_E;s__,taxonomicclassificationdefinedbytopologyandANI,N/A,"GCF_014268585.2,s__Pseudomonas_Eiranensis,95.0,96.26,0.86;GCF_019145375.1,s__Pseudomonas_Etriticicola,96.22,96.09,0.896;GCF_025706525.1,s__Pseudomonas_Emercuritolerans,95.24,95.27,0.853;GCA_030544685.1,s__Pseudomonas_Efluorescens_AO,95.0,94.24,0.851;GCF_024169245.1,s__Pseudomonas_Ekoreensis_F,95.0,92.88,0.822;GCF_002836515.1,s__Pseudomonas_Esp002836515,95.0,92.77,0.807;GCF_900105805.1,s__Pseudomonas_Emoraviensis_A,95.0,92.51,0.809;GCF_014268505.2,s__Pseudomonas_Ekhorasanensis,95.0,90.13,0.774;GCF_014268595.2,s__Pseudomonas_Ehamedanensis,95.0,89.69,0.698;GCA_902825215.1,s__Pseudomonas_Efluorescens_G,95.0,89.15,0.666;GCF_900187605.1,s__Pseudomonas_Esp900187605,95.0,89.06,0.658;GCF_900105485.1,s__Pseudomonas_Egranadensis,95.0,89.01,0.68;GCF_004011755.1,s__Pseudomonas_Esp004011755,95.0,89.0,0.678;GCF_014268445.2,s__Pseudomonas_Etensinigenes,95.0,88.96,0.652;GCA_900580865.1,s__Pseudomonas_Esp900580865,95.0,88.91,0.659;GCF_009834515.1,s__Pseudomonas_Esp009834515,95.0,88.89,0.661;GCF_018138145.1,s__Pseudomonas_Ekoreensis_A,95.0,88.85,0.655;GCF_023634765.1,s__Pseudomonas_Esp023634765,95.0,88.81,0.647;GCF_029543085.1,s__Pseudomonas_Esp029543085,95.0,88.66,0.643;GCF_003732425.1,s__Pseudomonas_Efluorescens_BE,95.0,88.64,0.651;GCF_012986595.1,s__Pseudomonas_Ekoreensis,95.0,88.62,0.603;GCF_900182985.1,s__Pseudomonas_Ehelmanticensis,95.0,88.58,0.619;GCF_018336155.1,s__Pseudomonas_Erustica,95.0,88.56,0.596;GCF_016651305.1,s__Pseudomonas_Esp016651305,95.0,88.55,0.619;GCF_000292795.1,s__Pseudomonas_Efluorescens_H,95.0,88.55,0.607;GCF_018326005.1,s__Pseudomonas_Esp002901475,95.0,88.54,0.622;GCF_900636825.1,s__Pseudomonas_Efluorescens_BG,95.0,88.52,0.631;GCF_014268495.2,s__Pseudomonas_Emonsensis,95.0,88.49,0.604;GCF_000282275.2,s__Pseudomonas_Esp000282275,95.0,88.49,0.601;GCF_002813455.1,s__Pseudomonas_Ebaetica,95.0,88.47,0.609;GCF_004683905.1,s__Pseudomonas_Eputida_A,95.0,88.44,0.616;GCF_009764645.1,s__Pseudomonas_Esp009764645,95.0,88.42,0.626;GCF_000631985.1,s__Pseudomonas_Esp000631985,95.0,88.37,0.609;GCF_016650635.1,s__Pseudomonas_Esp016650635,95.0,88.36,0.598;GCF_028830055.1,s__Pseudomonas_Eserboccidentalis,95.0,88.33,0.614;GCA_900582195.1,s__Pseudomonas_Esp900582195,95.0,88.25,0.663;GCF_028656995.1,s__Pseudomonas_Esp028656995,95.0,88.25,0.655;GCF_030687715.1,s__Pseudomonas_Esp030687715,95.0,88.24,0.619;GCF_902497745.1,s__Pseudomonas_Efluorescens_BM,95.0,88.2,0.672;GCF_011605305.1,s__Pseudomonas_Ekoreensis_G,95.0,88.2,0.636;GCA_000783395.1,s__Pseudomonas_Echlororaphis_H,95.0,88.16,0.667;GCF_021602155.1,s__Pseudomonas_Eparakoreensis,95.0,88.09,0.61;GCF_001648775.1,s__Pseudomonas_Efluorescens_M,95.0,88.04,0.639;GCF_001297015.1,s__Pseudomonas_Esp001297015,95.0,88.03,0.645;GCF_015461835.1,s__Pseudomonas_Eneuropathica,95.0,88.02,0.663;GCF_017498465.1,s__Pseudomonas_Efluorescens_CA,95.0,88.01,0.549;GCF_022662375.1,s__Pseudomonas_Esp022662375,95.0,88.0,0.65;GCF_030344995.1,s__Pseudomonas_Efluorescens_BF,95.0,88.0,0.557;GCF_003061005.1,s__Pseudomonas_Esp003061005,95.0,87.99,0.591;GCF_021018765.1,s__Pseudomonas_Efitomaticsae,95.0,87.97,0.555;GCF_005938625.1,s__Pseudomonas_Efluorescens_BD,95.0,87.95,0.659;GCF_000282515.1,s__Pseudomonas_Esp000282515,95.0,87.93,0.615;GCF_014863585.1,s__Pseudomonas_Egozinkensis,95.0,87.92,0.574;GCF_014472415.1,s__Pseudomonas_Esp014472415,95.0,87.88,0.602;GCF_000802985.1,s__Pseudomonas_Efluorescens_BZ,95.0,87.87,0.669;GCF_013433315.1,s__Pseudomonas_Ecrudilactis,95.0,87.87,0.647;GCF_002113125.1,s__Pseudomonas_Esp002113125,95.0,87.82,0.565;GCF_017976235.1,s__Pseudomonas_Eanatoliensis,95.0,87.8,0.618;GCF_002878485.1,s__Pseudomonas_Esp002878485,95.0,87.8,0.601;GCF_021602345.1,s__Pseudomonas_Epharyngis,95.0,87.8,0.562;GCF_011369485.1,s__Pseudomonas_Eatagonensis,95.0,87.79,0.598;GCF_003352185.1,s__Pseudomonas_Ekribbensis,95.0,87.79,0.534;GCF_030209175.1,s__Pseudomonas_Esp030209175,95.0,87.78,0.571;GCF_021601625.1,s__Pseudomonas_Eparaglycinae,95.0,87.71,0.556;GCF_023375815.1,s__Pseudomonas_Esp023375815,95.0,87.7,0.543;GCF_014863605.1,s__Pseudomonas_Eallokribbensis,95.0,87.67,0.516;GCF_025397885.1,s__Pseudomonas_Eiridis,95.0,87.64,0.592;GCF_001594225.2,s__Pseudomonas_Eglycinae,95.0,87.64,0.553;GCF_000633255.1,s__Pseudomonas_Esp000633255,95.0,87.63,0.586;GCF_020544405.1,s__Pseudomonas_Esp002113045,95.0,87.59,0.549;GCF_002112385.1,s__Pseudomonas_Esp002112385,95.0,87.59,0.52;GCF_016651255.1,s__Pseudomonas_Esp016651255,95.0,87.44,0.41;GCF_012974785.1,s__Pseudomonas_Efluorescens_BT,95.0,87.43,0.549;GCF_021603585.1,s__Pseudomonas_Esputi,95.0,87.36,0.535;GCF_019733355.1,s__Pseudomonas_Ebaetica_A,95.0,87.25,0.557;GCF_025447595.1,s__Pseudomonas_Ekoreensis_H,95.0,87.19,0.571;GCA_021605415.1,s__Pseudomonas_Esyringae_S,95.0,86.6,0.526;GCF_000282355.1,s__Pseudomonas_Esp000282355,95.0,85.41,0.381;GCF_000282335.1,s__Pseudomonas_Esp000282335,95.0,85.38,0.408;GCF_028682635.1,s__Pseudomonas_Eputida_AE,95.0,85.35,0.399;GCF_900187615.1,s__Pseudomonas_Esp900187615,95.0,85.33,0.392;GCF_019145495.1,s__Pseudomonas_Eazerbaijanoccidentalis,95.0,85.3,0.419;GCF_001945365.1,s__Pseudomonas_Ereinekei,95.0,85.19,0.406;GCF_900187565.1,s__Pseudomonas_Esp900187565,95.0,85.13,0.404;GCF_002934665.1,s__Pseudomonas_Elaurylsulfatiphila,95.0,85.09,0.403;GCF_002906155.1,s__Pseudomonas_Elaurylsulfativorans,95.0,85.05,0.389;GCF_004348895.1,s__Pseudomonas_Evancouverensis,95.0,85.04,0.39;GCF_000802965.1,s__Pseudomonas_Efluorescens_A,95.0,85.02,0.412;GCF_003228315.1,s__Pseudomonas_Eputida_S,95.0,84.93,0.394;GCF_001427125.1,s__Pseudomonas_Esp001427125,95.0,84.91,0.393;GCF_028471945.1,s__Pseudomonas_Esp000282475,95.0,84.91,0.39;GCF_001317545.1,s__Pseudomonas_Efluorescens_CD,95.0,84.9,0.386;GCF_003258965.1,s__Pseudomonas_Efluorescens_CC,95.0,84.87,0.396;GCF_028823535.1,s__Pseudomonas_Eserbica,95.0,84.75,0.381;GCF_001421885.1,s__Pseudomonas_Esp001421885,95.0,84.63,0.389;GCF_008801475.1,s__Pseudomonas_Emoorei,95.0,84.62,0.383;GCF_002236105.1,s__Pseudomonas_Eumsongensis,95.0,84.54,0.362;GCF_001269805.1,s__Pseudomonas_Esp001269805,95.0,84.35,0.369",97.66,11,N/A,N/A,Pseudomonas atacamensis 
UF-369,d__Bacteria;p__Pseudomonadota;c__Gammaproteobacteria;o__Pseudomonadales;f__Pseudomonadaceae;g__Pseudomonas_E;s__Pseudomonas_Esp001642705,GCF_022533585.1,95,d__Bacteria;p__Pseudomonadota;c__Gammaproteobacteria;o__Pseudomonadales;f__Pseudomonadaceae;g__Pseudomonas_E;s__Pseudomonas_Esp001642705,99.18,0.942,GCF_022533585.1,95,d__Bacteria;p__Pseudomonadota;c__Gammaproteobacteria;o__Pseudomonadales;f__Pseudomonadaceae;g__Pseudomonas_E;s__Pseudomonas_Esp001642705,99.18,0.942,d__Bacteria;p__Pseudomonadota;c__Gammaproteobacteria;o__Pseudomonadales;f__Pseudomonadaceae;g__Pseudomonas_E;s__,taxonomicclassificationdefinedbytopologyandANI,topologicalplacementandANIhavecongruentspeciesassignments,"GCF_002165135.1,s__Pseudomonas_Esp002165135,95.0,94.63,0.842;GCF_900291015.1,s__Pseudomonas_Esp900291015,95.0,94.41,0.81;GCF_015680575.1,s__Pseudomonas_Eputida_Z,95.0,94.2,0.809;GCA_029953615.1,s__Pseudomonas_Esp002113165,95.0,94.14,0.826;GCF_009932335.1,s__Pseudomonas_Easiatica,95.0,94.14,0.818;GCF_015680405.1,s__Pseudomonas_Epudica,95.0,93.95,0.829;GCF_900277125.1,s__Pseudomonas_Einefficax,95.0,93.52,0.81;GCF_003331055.1,s__Pseudomonas_Esp003331055,95.0,91.57,0.757;GCF_000935045.1,s__Pseudomonas_Esp000935045,95.0,90.96,0.712;GCF_014269225.2,s__Pseudomonas_Eanuradhapurensis,95.0,90.78,0.74;GCF_014269185.2,s__Pseudomonas_Eoryzicola,95.0,90.73,0.749;GCF_003627215.1,s__Pseudomonas_Esp001422615,95.0,90.58,0.72;GCF_916618955.1,s__Pseudomonas_Esp916618955,95.0,90.52,0.712;GCF_000498395.2,s__Pseudomonas_Eputida_Q,95.0,90.48,0.706;GCA_947090765.1,s__Pseudomonas_Esp947090765,95.0,90.34,0.718;GCF_000412675.1,s__Pseudomonas_Eputida,95.0,90.34,0.715;GCF_030159595.1,s__Pseudomonas_Eputida_AC,95.0,90.21,0.693;GCF_013393325.1,s__Pseudomonas_Eputida_P,95.0,90.19,0.704;GCF_000708715.2,s__Pseudomonas_Eputida_R,95.0,90.08,0.719;GCF_002386445.1,s__Pseudomonas_Esp002386445,95.0,90.04,0.733;GCF_021283545.2,s__Pseudomonas_Ealloputida,95.0,90.02,0.683;GCF_029202525.1,s__Pseudomonas_Ephytovorans,95.0,90.02,0.676;GCF_000730605.1,s__Pseudomonas_Emonteilii,95.0,89.99,0.678;GCF_016658545.1,s__Pseudomonas_Esp016658545,95.0,89.97,0.702;GCF_002356095.1,s__Pseudomonas_Eputida_H,95.0,89.84,0.684;GCF_013179515.1,s__Pseudomonas_Esp013179515,95.0,89.81,0.664;GCF_003205205.1,s__Pseudomonas_Esp003205205,95.0,89.62,0.642;GCF_002906795.1,s__Pseudomonas_Eputida_Y,95.0,89.41,0.649;GCF_002112505.1,s__Pseudomonas_Esp002112505,95.0,88.85,0.619;GCF_003097235.1,s__Pseudomonas_Esp003097235,95.0,88.8,0.598;GCF_009932375.1,s__Pseudomonas_Ejuntendi,95.0,88.72,0.561;GCF_009883635.2,s__Pseudomonas_Eputida_W,95.0,88.61,0.592;GCF_021602585.1,s__Pseudomonas_Efaucium,95.0,88.61,0.59;GCF_017744435.1,s__Pseudomonas_Esp017744435,95.0,88.6,0.596;GCF_024349685.1,s__Pseudomonas_Esp024349685,95.0,88.52,0.597;GCF_009391885.1,s__Pseudomonas_Esp009391885,95.0,88.42,0.595;GCF_002025705.1,s__Pseudomonas_Eputida_J,95.0,88.26,0.598;GCF_025905425.1,s__Pseudomonas_Eputida_AF,95.0,88.24,0.611;GCF_014269205.2,s__Pseudomonas_Ekermanshahensis,95.0,88.17,0.607;GCF_000282535.1,s__Pseudomonas_Esp000282535,95.0,88.12,0.567;GCF_001320245.1,s__Pseudomonas_Esp001320245,95.0,88.11,0.565;GCF_011752565.1,s__Pseudomonas_Esp011752565,95.0,88.07,0.562;GCF_002906855.1,s__Pseudomonas_Eputida_N,95.0,88.05,0.58;GCF_000731675.1,s__Pseudomonas_Ecapeferrum,95.0,88.03,0.602;GCF_000730665.1,s__Pseudomonas_Eplecoglossicida,95.0,88.03,0.547;GCF_014269035.2,s__Pseudomonas_Evlassakiae,95.0,87.99,0.58;GCF_016648105.1,s__Pseudomonas_Esp016648105,95.0,87.19,0.499;GCF_014268935.2,s__Pseudomonas_Eperadeniyensis,95.0,87.16,0.509;GCF_021601385.1,s__Pseudomonas_Eparasichuanensis,95.0,87.1,0.512;GCF_019139535.1,s__Pseudomonas_Emuyukensis,95.0,87.06,0.501;GCF_019139895.1,s__Pseudomonas_Efakonensis,95.0,87.06,0.499;GCF_015354575.1,s__Pseudomonas_Esp015354575,95.0,87.02,0.491;GCF_000026105.1,s__Pseudomonas_Eentomophila,95.0,87.0,0.504;GCF_005080685.1,s__Pseudomonas_Eputida_V,95.0,86.91,0.491;GCF_019823065.1,s__Pseudomonas_Emosselii,95.0,86.91,0.485;GCF_024127895.1,s__Pseudomonas_Eguariconensis_B,95.0,86.88,0.509;GCF_003205295.1,s__Pseudomonas_Emosselii_B,95.0,86.88,0.494;GCF_029836165.1,s__Pseudomonas_Esp029836165,95.0,86.86,0.492;GCF_003231305.1,s__Pseudomonas_Esichuanensis,95.0,86.85,0.523;GCF_029840925.1,s__Pseudomonas_Esp029840925,95.0,86.8,0.487;GCF_021602025.1,s__Pseudomonas_Eceruminis,95.0,86.77,0.518;GCF_018417595.1,s__Pseudomonas_Eentomophila_C,95.0,86.77,0.493;GCF_014268885.2,s__Pseudomonas_Exantholysinigenes,95.0,86.73,0.494;GCF_023277925.1,s__Pseudomonas_Eentomophila_D,95.0,86.72,0.491;GCF_011752525.1,s__Pseudomonas_Esp011752525,95.0,86.72,0.486;GCF_024749165.1,s__Pseudomonas_Esp024749165,95.0,86.7,0.495;GCF_004519305.1,s__Pseudomonas_Esp004519305,95.0,86.7,0.493;GCF_019139675.1,s__Pseudomonas_Emaumuensis,95.0,86.69,0.483;GCF_028898945.1,s__Pseudomonas_Esp028898945,95.0,86.6,0.499;GCF_029478665.1,s__Pseudomonas_Eentomophila_F,95.0,86.59,0.494;GCF_015680235.1,s__Pseudomonas_Eguariconensis_A,95.0,86.58,0.494;GCF_029193575.1,s__Pseudomonas_Eentomophila_G,95.0,86.55,0.495;GCF_022405695.1,s__Pseudomonas_Eentomophila_E,95.0,86.54,0.495;GCF_016406145.1,s__Pseudomonas_Eputida_E,95.0,86.48,0.498;GCF_020151015.1,s__Pseudomonas_Eputida_K,95.0,86.38,0.467;GCF_900110655.1,s__Pseudomonas_Esoli,95.0,86.35,0.472;GCF_004357765.1,s__Pseudomonas_Eputida_U,95.0,86.33,0.447;GCF_000425785.1,s__Pseudomonas_Etaiwanensis,95.0,86.3,0.522;GCF_026625125.1,s__Pseudomonas_Eputida_X,95.0,86.22,0.476;GCF_900536025.1,s__Pseudomonas_Ereidholzensis,95.0,86.15,0.469;GCA_014268975.2,s__Pseudomonas_Ewayambapalatensis,95.0,85.84,0.448;GCF_001636055.1,s__Pseudomonas_Eputida_B,95.0,85.7,0.452;GCF_000730645.1,s__Pseudomonas_Eparafulva,95.0,85.64,0.472;GCF_015680245.1,s__Pseudomonas_Eguariconensis_C,95.0,85.57,0.459;GCF_002741075.1,s__Pseudomonas_Eputida_T,95.0,85.56,0.451;GCF_014268815.2,s__Pseudomonas_Eurmiensis,95.0,85.53,0.457;GCF_015680295.1,s__Pseudomonas_Eguariconensis_D,95.0,85.43,0.446;GCF_007677725.1,s__Pseudomonas_Esp003445295,95.0,85.23,0.43;GCF_005796105.1,s__Pseudomonas_Emosselii_C,95.0,85.19,0.416;GCF_017875955.1,s__Pseudomonas_Esp017875955,95.0,85.14,0.413;GCF_014269025.2,s__Pseudomonas_Epromysalinigenes,95.0,85.07,0.458;GCF_900102675.1,s__Pseudomonas_Eguariconensis,95.0,85.01,0.463;GCF_014268805.2,s__Pseudomonas_Efarsensis,95.0,85.0,0.393;GCF_000800255.1,s__Pseudomonas_Eparafulva_A,95.0,84.42,0.358;GCF_002021815.1,s__Pseudomonas_Eparafulva_B,95.0,84.12,0.403;GCF_000730565.1,s__Pseudomonas_Efulva,95.0,84.06,0.394;GCF_014268785.2,s__Pseudomonas_Eshirazensis,95.0,83.79,0.353;GCF_016518545.1,s__Pseudomonas_Esp016518545,95.0,83.71,0.314;GCF_000759535.1,s__Pseudomonas_Ecremoricolorata_A,95.0,83.06,0.303",96.9,11,N/A,N/A,Pseudomonas sp001642705 
UF-370,d__Bacteria;p__Pseudomonadota;c__Gammaproteobacteria;o__Pseudomonadales;f__Pseudomonadaceae;g__Pseudomonas_E;s__Pseudomonas_Eputida_Z,GCF_015680575.1,95,d__Bacteria;p__Pseudomonadota;c__Gammaproteobacteria;o__Pseudomonadales;f__Pseudomonadaceae;g__Pseudomonas_E;s__Pseudomonas_Eputida_Z,96.49,0.878,GCF_015680575.1,95,d__Bacteria;p__Pseudomonadota;c__Gammaproteobacteria;o__Pseudomonadales;f__Pseudomonadaceae;g__Pseudomonas_E;s__Pseudomonas_Eputida_Z,96.49,0.878,d__Bacteria;p__Pseudomonadota;c__Gammaproteobacteria;o__Pseudomonadales;f__Pseudomonadaceae;g__Pseudomonas_E;s__,taxonomicclassificationdefinedbytopologyandANI,topologicalplacementandANIhavecongruentspeciesassignments,"GCF_009932335.1,s__Pseudomonas_Easiatica,95.0,96.1,0.855;GCF_015680405.1,s__Pseudomonas_Epudica,95.0,95.87,0.88;GCF_900277125.1,s__Pseudomonas_Einefficax,95.0,94.98,0.875;GCF_022533585.1,s__Pseudomonas_Esp001642705,95.0,94.56,0.817;GCF_002165135.1,s__Pseudomonas_Esp002165135,95.0,93.95,0.807;GCF_900291015.1,s__Pseudomonas_Esp900291015,95.0,93.95,0.791;GCA_029953615.1,s__Pseudomonas_Esp002113165,95.0,93.94,0.807;GCF_003331055.1,s__Pseudomonas_Esp003331055,95.0,91.89,0.768;GCF_000935045.1,s__Pseudomonas_Esp000935045,95.0,91.19,0.715;GCF_014269225.2,s__Pseudomonas_Eanuradhapurensis,95.0,90.83,0.742;GCF_000708715.2,s__Pseudomonas_Eputida_R,95.0,90.83,0.726;GCF_014269185.2,s__Pseudomonas_Eoryzicola,95.0,90.75,0.732;GCF_916618955.1,s__Pseudomonas_Esp916618955,95.0,90.69,0.729;GCF_003627215.1,s__Pseudomonas_Esp001422615,95.0,90.58,0.713;GCF_000498395.2,s__Pseudomonas_Eputida_Q,95.0,90.49,0.724;GCF_000412675.1,s__Pseudomonas_Eputida,95.0,90.49,0.721;GCF_030159595.1,s__Pseudomonas_Eputida_AC,95.0,90.43,0.68;GCA_947090765.1,s__Pseudomonas_Esp947090765,95.0,90.42,0.725;GCF_013393325.1,s__Pseudomonas_Eputida_P,95.0,90.28,0.703;GCF_000730605.1,s__Pseudomonas_Emonteilii,95.0,90.27,0.681;GCF_002386445.1,s__Pseudomonas_Esp002386445,95.0,90.26,0.734;GCF_016658545.1,s__Pseudomonas_Esp016658545,95.0,90.1,0.714;GCF_013179515.1,s__Pseudomonas_Esp013179515,95.0,89.98,0.657;GCF_021283545.2,s__Pseudomonas_Ealloputida,95.0,89.95,0.679;GCF_002356095.1,s__Pseudomonas_Eputida_H,95.0,89.94,0.696;GCF_029202525.1,s__Pseudomonas_Ephytovorans,95.0,89.94,0.676;GCF_002906795.1,s__Pseudomonas_Eputida_Y,95.0,89.69,0.65;GCF_003205205.1,s__Pseudomonas_Esp003205205,95.0,89.51,0.652;GCF_002112505.1,s__Pseudomonas_Esp002112505,95.0,89.13,0.624;GCF_003097235.1,s__Pseudomonas_Esp003097235,95.0,88.96,0.606;GCF_009932375.1,s__Pseudomonas_Ejuntendi,95.0,88.93,0.56;GCF_009883635.2,s__Pseudomonas_Eputida_W,95.0,88.92,0.595;GCF_017744435.1,s__Pseudomonas_Esp017744435,95.0,88.88,0.595;GCF_024349685.1,s__Pseudomonas_Esp024349685,95.0,88.79,0.601;GCF_021602585.1,s__Pseudomonas_Efaucium,95.0,88.74,0.593;GCF_009391885.1,s__Pseudomonas_Esp009391885,95.0,88.64,0.574;GCF_002025705.1,s__Pseudomonas_Eputida_J,95.0,88.59,0.608;GCF_011752565.1,s__Pseudomonas_Esp011752565,95.0,88.5,0.578;GCF_002906855.1,s__Pseudomonas_Eputida_N,95.0,88.48,0.577;GCF_014269205.2,s__Pseudomonas_Ekermanshahensis,95.0,88.37,0.612;GCF_000282535.1,s__Pseudomonas_Esp000282535,95.0,88.34,0.564;GCF_025905425.1,s__Pseudomonas_Eputida_AF,95.0,88.32,0.604;GCF_000731675.1,s__Pseudomonas_Ecapeferrum,95.0,88.32,0.604;GCF_001320245.1,s__Pseudomonas_Esp001320245,95.0,88.21,0.566;GCF_014269035.2,s__Pseudomonas_Evlassakiae,95.0,88.16,0.56;GCF_000730665.1,s__Pseudomonas_Eplecoglossicida,95.0,88.13,0.556;GCF_021601385.1,s__Pseudomonas_Eparasichuanensis,95.0,87.63,0.526;GCF_016648105.1,s__Pseudomonas_Esp016648105,95.0,87.52,0.513;GCF_003231305.1,s__Pseudomonas_Esichuanensis,95.0,87.5,0.528;GCF_019139895.1,s__Pseudomonas_Efakonensis,95.0,87.39,0.51;GCF_019139535.1,s__Pseudomonas_Emuyukensis,95.0,87.37,0.521;GCF_015354575.1,s__Pseudomonas_Esp015354575,95.0,87.36,0.515;GCF_029478665.1,s__Pseudomonas_Eentomophila_F,95.0,87.23,0.498;GCF_022405695.1,s__Pseudomonas_Eentomophila_E,95.0,87.18,0.497;GCF_005080685.1,s__Pseudomonas_Eputida_V,95.0,87.14,0.513;GCF_014268935.2,s__Pseudomonas_Eperadeniyensis,95.0,87.13,0.509;GCF_000026105.1,s__Pseudomonas_Eentomophila,95.0,87.13,0.5;GCF_024127895.1,s__Pseudomonas_Eguariconensis_B,95.0,87.12,0.531;GCF_018417595.1,s__Pseudomonas_Eentomophila_C,95.0,87.1,0.493;GCF_003205295.1,s__Pseudomonas_Emosselii_B,95.0,87.09,0.511;GCF_014268885.2,s__Pseudomonas_Exantholysinigenes,95.0,87.08,0.498;GCF_029836165.1,s__Pseudomonas_Esp029836165,95.0,87.02,0.494;GCF_004519305.1,s__Pseudomonas_Esp004519305,95.0,87.0,0.508;GCF_021602025.1,s__Pseudomonas_Eceruminis,95.0,86.97,0.507;GCF_024749165.1,s__Pseudomonas_Esp024749165,95.0,86.96,0.501;GCF_029193575.1,s__Pseudomonas_Eentomophila_G,95.0,86.94,0.497;GCF_028898945.1,s__Pseudomonas_Esp028898945,95.0,86.91,0.501;GCF_019823065.1,s__Pseudomonas_Emosselii,95.0,86.91,0.49;GCF_019139675.1,s__Pseudomonas_Emaumuensis,95.0,86.82,0.483;GCF_011752525.1,s__Pseudomonas_Esp011752525,95.0,86.8,0.493;GCF_029840925.1,s__Pseudomonas_Esp029840925,95.0,86.77,0.49;GCF_016406145.1,s__Pseudomonas_Eputida_E,95.0,86.73,0.488;GCF_023277925.1,s__Pseudomonas_Eentomophila_D,95.0,86.71,0.477;GCF_026625125.1,s__Pseudomonas_Eputida_X,95.0,86.65,0.471;GCF_000425785.1,s__Pseudomonas_Etaiwanensis,95.0,86.61,0.517;GCF_004357765.1,s__Pseudomonas_Eputida_U,95.0,86.51,0.445;GCF_900110655.1,s__Pseudomonas_Esoli,95.0,86.5,0.474;GCF_020151015.1,s__Pseudomonas_Eputida_K,95.0,86.5,0.474;GCF_015680235.1,s__Pseudomonas_Eguariconensis_A,95.0,86.37,0.52;GCF_900536025.1,s__Pseudomonas_Ereidholzensis,95.0,86.32,0.47;GCF_014268815.2,s__Pseudomonas_Eurmiensis,95.0,86.05,0.47;GCF_001636055.1,s__Pseudomonas_Eputida_B,95.0,85.92,0.449;GCA_014268975.2,s__Pseudomonas_Ewayambapalatensis,95.0,85.86,0.453;GCF_002741075.1,s__Pseudomonas_Eputida_T,95.0,85.74,0.453;GCF_000730645.1,s__Pseudomonas_Eparafulva,95.0,85.7,0.467;GCF_014269025.2,s__Pseudomonas_Epromysalinigenes,95.0,85.55,0.452;GCF_015680245.1,s__Pseudomonas_Eguariconensis_C,95.0,85.47,0.459;GCF_015680295.1,s__Pseudomonas_Eguariconensis_D,95.0,85.43,0.453;GCF_017875955.1,s__Pseudomonas_Esp017875955,95.0,85.35,0.425;GCF_007677725.1,s__Pseudomonas_Esp003445295,95.0,85.34,0.443;GCF_900102675.1,s__Pseudomonas_Eguariconensis,95.0,85.3,0.474;GCF_005796105.1,s__Pseudomonas_Emosselii_C,95.0,85.26,0.435;GCF_014268805.2,s__Pseudomonas_Efarsensis,95.0,85.26,0.417;GCF_000800255.1,s__Pseudomonas_Eparafulva_A,95.0,84.19,0.363;GCF_014268785.2,s__Pseudomonas_Eshirazensis,95.0,84.16,0.364;GCF_016518545.1,s__Pseudomonas_Esp016518545,95.0,84.1,0.325;GCF_000730565.1,s__Pseudomonas_Efulva,95.0,83.97,0.38;GCF_002021815.1,s__Pseudomonas_Eparafulva_B,95.0,83.8,0.385;GCF_000759535.1,s__Pseudomonas_Ecremoricolorata_A,95.0,82.99,0.315",97.72,11,N/A,N/A,Pseudomonas putida Z 
UF-371,d__Bacteria;p__Pseudomonadota;c__Gammaproteobacteria;o__Enterobacterales;f__Enterobacteriaceae;g__Morganella;s__Morganellamorganii,GCF_019243775.1,95,d__Bacteria;p__Pseudomonadota;c__Gammaproteobacteria;o__Enterobacterales;f__Enterobacteriaceae;g__Morganella;s__Morganellamorganii,97.16,0.908,GCF_019243775.1,95,d__Bacteria;p__Pseudomonadota;c__Gammaproteobacteria;o__Enterobacterales;f__Enterobacteriaceae;g__Morganella;s__Morganellamorganii,97.16,0.908,d__Bacteria;p__Pseudomonadota;c__Gammaproteobacteria;o__Enterobacterales;f__Enterobacteriaceae;g__Morganella;s__,taxonomicclassificationdefinedbytopologyandANI,topologicalplacementandANIhavecongruentspeciesassignments,"GCA_015356505.1,s__Morganellamorganii_E,95.0,94.78,0.845;GCF_000633515.1,s__Morganellamorganii_B,95.0,93.98,0.825;GCF_019242955.1,s__Morganellamorganii_A,95.0,91.91,0.813;GCF_003996855.1,s__Morganellamorganii_C,95.0,91.64,0.763;GCA_019402645.1,s__Morganellamorganii_D,95.0,91.64,0.76;GCF_001676155.1,s__Morganellapsychrotolerans,95.0,83.87,0.412;GCF_001676055.1,s__Morganellapsychrotolerans_B,95.0,83.8,0.416",96.56,11,N/A,N/A,Morganella morganii
UF-407,d__Bacteria;p__Pseudomonadota;c__Gammaproteobacteria;o__Pseudomonadales;f__Pseudomonadaceae;g__Pseudomonas;s__Pseudomonasaeruginosa,GCF_001457615.1,95,d__Bacteria;p__Pseudomonadota;c__Gammaproteobacteria;o__Pseudomonadales;f__Pseudomonadaceae;g__Pseudomonas;s__Pseudomonasaeruginosa,99.39,0.948,GCF_001457615.1,95,d__Bacteria;p__Pseudomonadota;c__Gammaproteobacteria;o__Pseudomonadales;f__Pseudomonadaceae;g__Pseudomonas;s__Pseudomonasaeruginosa,99.39,0.948,d__Bacteria;p__Pseudomonadota;c__Gammaproteobacteria;o__Pseudomonadales;f__Pseudomonadaceae;g__Pseudomonas;s__,taxonomicclassificationdefinedbytopologyandANI,topologicalplacementandANIhavecongruentspeciesassignments,"GCF_002601815.1,s__Pseudomonasparaeruginosa,95.0,93.8,0.839;GCF_029335315.1,s__Pseudomonascitronellolis_A,95.0,84.85,0.301;GCF_900187975.1,s__Pseudomonasdelhiensis,95.0,84.34,0.314;GCF_900112375.1,s__Pseudomonascitronellolis,95.0,84.05,0.305;GCF_017491605.1,s__Pseudomonassp017491605,95.0,83.54,0.263;GCF_030462585.1,s__Pseudomonassp030462585,95.0,83.37,0.272;GCF_900103845.1,s__Pseudomonasjinjuensis,95.0,83.35,0.281;GCF_014204515.1,s__Pseudomonasnitritireducens_A,95.0,83.26,0.271;GCF_000689415.1,s__Pseudomonasknackmussii,95.0,83.19,0.252;GCF_900099785.1,s__Pseudomonaspanipatensis,95.0,83.17,0.275;GCF_000349845.1,s__Pseudomonassp000349845,95.0,83.1,0.279;GCF_017589465.1,s__Pseudomonasschmalbachii,95.0,83.1,0.272;GCF_029203285.1,s__Pseudomonassp029203285,95.0,83.1,0.264;GCF_000955805.1,s__Pseudomonassp000955805,95.0,82.99,0.255;GCF_024170165.1,s__Pseudomonasnitroreducens_C,95.0,82.92,0.251;GCF_000313755.1,s__Pseudomonasnitroreducens_A,95.0,82.91,0.242;GCF_025133575.1,s__Pseudomonasnitroreducens_B,95.0,82.9,0.255;GCF_016919445.1,s__Pseudomonassp016919445,95.0,82.86,0.243;GCF_008807415.1,s__Pseudomonassp002079985,95.0,82.84,0.265;GCF_009189165.1,s__Pseudomonassp009189165,95.0,82.75,0.229;GCF_005877905.1,s__Pseudomonasnicosulfuronedens,95.0,82.63,0.242;GCF_002091755.1,s__Pseudomonasnitroreducens,95.0,82.62,0.263;GCF_021603645.1,s__Pseudomonaspseudonitroreducens,95.0,82.58,0.242;GCF_002796985.1,s__Pseudomonassp002796985,95.0,82.57,0.246;GCF_014852585.1,s__Pseudomonassp014852585,95.0,82.48,0.239;GCF_012971725.1,s__Pseudomonasmultiresinivorans,95.0,82.35,0.24;GCF_026686735.1,s__Pseudomonassp024259745,95.0,81.68,0.22",95.33,11,N/A,N/A,Pseudomonas aeruginosa
UF-412,d__Bacteria;p__Bacillota;c__Bacilli;o__Bacillales;f__Bacillaceae_G;g__Bacillus_A;s__Bacillus_Asp003400245,GCF_003400245.1,95,d__Bacteria;p__Bacillota;c__Bacilli;o__Bacillales;f__Bacillaceae_G;g__Bacillus_A;s__Bacillus_Asp003400245,99.59,0.965,GCF_003400245.1,95,d__Bacteria;p__Bacillota;c__Bacilli;o__Bacillales;f__Bacillaceae_G;g__Bacillus_A;s__Bacillus_Asp003400245,99.59,0.965,d__Bacteria;p__Bacillota;c__Bacilli;o__Bacillales;f__Bacillaceae_G;g__Bacillus_A;s__,taxonomicclassificationdefinedbytopologyandANI,topologicalplacementandANIhavecongruentspeciesassignments,"GCF_001583695.1,s__Bacillus_Awiedmannii,95.0,94.96,0.856;GCF_900094905.1,s__Bacillus_Acereus_AG,95.0,93.97,0.787;GCF_001455345.1,s__Bacillus_Athuringiensis_N,95.0,93.96,0.814;GCF_022663335.1,s__Bacillus_Acereus_BC,95.0,93.84,0.749;GCF_001884045.1,s__Bacillus_Amobilis,95.0,93.66,0.756;GCF_001884035.1,s__Bacillus_Atropicus,95.0,93.58,0.808;GCF_007678085.1,s__Bacillus_Acereus_BE,95.0,93.58,0.805;GCF_008923725.1,s__Bacillus_Asp008923725,95.0,93.57,0.778;GCF_002746455.1,s__Bacillus_Afungorum,95.0,93.53,0.715;GCF_001884185.1,s__Bacillus_Aalbus,95.0,93.39,0.77;GCF_018332475.1,s__Bacillus_Asanguinis,95.0,93.38,0.754;GCF_006494425.1,s__Bacillus_Asp006494425,95.0,93.22,0.76;GCF_001883995.1,s__Bacillus_Aparanthracis,95.15,93.19,0.755;GCF_000742895.1,s__Bacillus_Aanthracis,95.0,93.03,0.754;GCF_002571225.1,s__Bacillus_Asp002571225,95.0,92.94,0.73;GCA_016925055.1,s__Bacillus_Apacificus,95.15,92.42,0.747;GCF_001884105.1,s__Bacillus_Aluti,95.0,91.96,0.778;GCF_002584985.1,s__Bacillus_Asp002584985,95.0,91.55,0.725;GCF_001182785.1,s__Bacillus_Athuringiensis_AB,96.35,91.45,0.719;GCF_000496285.1,s__Bacillus_Atoyonensis,95.0,91.31,0.766;GCF_000007825.1,s__Bacillus_Acereus,96.65,91.22,0.73;GCF_001595725.1,s__Bacillus_Athuringiensis_K,95.84,91.22,0.698;GCF_002567495.1,s__Bacillus_Acereus_AQ,95.0,91.04,0.713;GCF_002559825.1,s__Bacillus_Athuringiensis,96.56,91.0,0.719;GCF_000021305.1,s__Bacillus_Athuringiensis_S,95.0,90.99,0.697;GCF_001884135.1,s__Bacillus_Anitratireducens,95.0,90.89,0.698;GCF_002564555.1,s__Bacillus_Acereus_K,95.0,90.79,0.714;GCF_002912215.1,s__Bacillus_Abombysepticus,96.51,90.75,0.681;GCF_025917685.1,s__Bacillus_Acereus_AT,95.17,90.72,0.717;GCF_002577405.1,s__Bacillus_Acereus_AU,95.0,90.62,0.706;GCF_001884065.1,s__Bacillus_Aproteolyticus,95.0,90.5,0.653;GCF_007673305.1,s__Bacillus_Amycoides_C,95.0,90.44,0.642;GCA_002578045.1,s__Bacillus_Acereus_AK,95.0,90.4,0.609;GCF_018332515.1,s__Bacillus_Ahominis,95.0,90.38,0.656;GCF_000832605.1,s__Bacillus_Amycoides,95.0,90.36,0.667;GCF_018966865.1,s__Bacillus_Asp018966865,95.0,90.27,0.725;GCF_014932895.1,s__Bacillus_Athuringiensis_AA,95.0,90.12,0.639;GCF_001757995.1,s__Bacillus_Amycoides_B,95.0,89.96,0.63;GCF_018742245.1,s__Bacillus_Acereus_U,95.0,89.7,0.667;GCF_015071065.1,s__Bacillus_Acereus_BA,95.0,89.69,0.621;GCA_027694045.1,s__Bacillus_Asp027694045,95.0,89.67,0.732;GCF_002975175.1,s__Bacillus_Asp002975175,95.0,89.49,0.598;GCF_001884235.1,s__Bacillus_Aparamycoides,95.0,89.26,0.614;GCF_000746925.1,s__Bacillus_Aclarus,95.0,86.13,0.44;GCF_002551815.1,s__Bacillus_Asp002551815,95.0,83.92,0.279;GCF_002561295.1,s__Bacillus_Acereus_S,95.0,83.29,0.289;GCF_013314535.1,s__Bacillus_Asp013314535,95.0,83.12,0.258;GCF_001590835.1,s__Bacillus_Agaemokensis,95.0,82.83,0.252;GCF_017498775.1,s__Bacillus_Aarachidis,95.0,82.81,0.26;GCF_000161455.1,s__Bacillus_Apseudomycoides,95.0,82.72,0.247;GCF_000299035.1,s__Bacillus_Abingmayongensis,95.0,82.7,0.256;GCA_022811845.1,s__Bacillus_Acereus_AV,95.0,82.64,0.233;GCF_022663115.1,s__Bacillus_Acereus_BD,95.0,82.54,0.269;GCF_000017425.1,s__Bacillus_Acytotoxicus,95.0,81.7,0.249;GCF_030292155.1,s__Bacillus_Asp030292155,95.0,81.69,0.177",89.65,11,N/A,Genomehasmorethan10.0%ofmarkerswithmultiplehits,Bacillus Asp003400245
UF-413,d__Bacteria;p__Pseudomonadota;c__Gammaproteobacteria;o__Enterobacterales;f__Enterobacteriaceae;g__Serratia;s__Serratianematodiphila,GCF_000738675.1,96.8,d__Bacteria;p__Pseudomonadota;c__Gammaproteobacteria;o__Enterobacterales;f__Enterobacteriaceae;g__Serratia;s__Serratianematodiphila,97.62,0.89,GCF_000738675.1,96.8,d__Bacteria;p__Pseudomonadota;c__Gammaproteobacteria;o__Enterobacterales;f__Enterobacteriaceae;g__Serratia;s__Serratianematodiphila,97.62,0.89,d__Bacteria;p__Pseudomonadota;c__Gammaproteobacteria;o__Enterobacterales;f__Enterobacteriaceae;g__Serratia;s__,taxonomicclassificationdefinedbytopologyandANI,topologicalplacementandANIhavecongruentspeciesassignments,"GCF_017299535.1,s__Serratiamarcescens,95.58,96.37,0.876;GCF_013375155.1,s__Serratiaureilytica,95.0,95.27,0.848;GCF_008011855.1,s__Serratiabockelmannii,95.51,94.88,0.829;GCF_002220655.1,s__Serratiamarcescens_K,95.02,94.79,0.832;GCF_029846115.1,s__Serratiamarcescens_L,96.11,94.78,0.836;GCF_008364245.1,s__Serratianevei,96.24,94.61,0.837;GCF_006715005.1,s__Serratiamarcescens_J,95.0,94.45,0.846;GCF_001642805.2,s__Serratiasurfactantfaciens,95.0,94.31,0.876;GCF_024160145.1,s__Serratianevei_A,95.0,94.11,0.792;GCF_003812745.1,s__Serratiasp003812745,95.0,93.93,0.875;GCF_001902635.1,s__Serratiamarcescens_F,95.0,93.25,0.776",96.29,11,N/A,N/A,Serratia nematodiphila 
UF-445,d__Bacteria;p__Pseudomonadota;c__Gammaproteobacteria;o__Enterobacterales;f__Enterobacteriaceae;g__Serratia;s__Serratiaureilytica,GCF_013375155.1,95,d__Bacteria;p__Pseudomonadota;c__Gammaproteobacteria;o__Enterobacterales;f__Enterobacteriaceae;g__Serratia;s__Serratiaureilytica,98.41,0.884,GCF_013375155.1,95,d__Bacteria;p__Pseudomonadota;c__Gammaproteobacteria;o__Enterobacterales;f__Enterobacteriaceae;g__Serratia;s__Serratiaureilytica,98.41,0.884,d__Bacteria;p__Pseudomonadota;c__Gammaproteobacteria;o__Enterobacterales;f__Enterobacteriaceae;g__Serratia;s__,taxonomicclassificationdefinedbytopologyandANI,topologicalplacementandANIhavecongruentspeciesassignments,"GCF_000738675.1,s__Serratianematodiphila,96.8,94.99,0.848;GCF_008011855.1,s__Serratiabockelmannii,95.51,94.94,0.81;GCF_017299535.1,s__Serratiamarcescens,95.58,94.79,0.841;GCF_006715005.1,s__Serratiamarcescens_J,95.0,94.33,0.847;GCF_008364245.1,s__Serratianevei,96.24,94.27,0.83;GCF_002220655.1,s__Serratiamarcescens_K,95.02,94.24,0.823;GCF_029846115.1,s__Serratiamarcescens_L,96.11,93.98,0.825;GCF_001642805.2,s__Serratiasurfactantfaciens,95.0,93.95,0.85;GCF_024160145.1,s__Serratianevei_A,95.0,93.94,0.801;GCF_003812745.1,s__Serratiasp003812745,95.0,93.93,0.861;GCF_001902635.1,s__Serratiamarcescens_F,95.0,93.12,0.767",95.77,11,N/A,N/A,Serratia ureilytica 
UF-447,d__Bacteria;p__Bacillota;c__Bacilli;o__Bacillales;f__Bacillaceae_G;g__Bacillus_A;s__Bacillus_Abombysepticus,GCF_002912215.1,96.51,d__Bacteria;p__Bacillota;c__Bacilli;o__Bacillales;f__Bacillaceae_G;g__Bacillus_A;s__Bacillus_Abombysepticus,97.93,0.821,GCF_002912215.1,96.51,d__Bacteria;p__Bacillota;c__Bacilli;o__Bacillales;f__Bacillaceae_G;g__Bacillus_A;s__Bacillus_Abombysepticus,97.93,0.821,d__Bacteria;p__Bacillota;c__Bacilli;o__Bacillales;f__Bacillaceae_G;g__Bacillus_A;s__,taxonomicclassificationdefinedbytopologyandANI,topologicalplacementandANIhavecongruentspeciesassignments,"GCF_000007825.1,s__Bacillus_Acereus,96.65,96.73,0.862;GCF_001595725.1,s__Bacillus_Athuringiensis_K,95.84,96.72,0.849;GCF_002559825.1,s__Bacillus_Athuringiensis,96.56,95.77,0.848;GCF_000021305.1,s__Bacillus_Athuringiensis_S,95.0,95.67,0.805;GCF_001182785.1,s__Bacillus_Athuringiensis_AB,96.35,95.16,0.797;GCF_002567495.1,s__Bacillus_Acereus_AQ,95.0,93.92,0.783;GCF_001884035.1,s__Bacillus_Atropicus,95.0,91.76,0.768;GCF_001455345.1,s__Bacillus_Athuringiensis_N,95.0,91.76,0.754;GCF_000496285.1,s__Bacillus_Atoyonensis,95.0,91.63,0.781;GCF_022663335.1,s__Bacillus_Acereus_BC,95.0,91.62,0.72;GCF_007678085.1,s__Bacillus_Acereus_BE,95.0,91.57,0.745;GCF_006494425.1,s__Bacillus_Asp006494425,95.0,91.57,0.73;GCF_001883995.1,s__Bacillus_Aparanthracis,95.15,91.55,0.721;GCF_001583695.1,s__Bacillus_Awiedmannii,95.0,91.51,0.748;GCF_002571225.1,s__Bacillus_Asp002571225,95.0,91.5,0.718;GCF_900094905.1,s__Bacillus_Acereus_AG,95.0,91.5,0.706;GCF_001884185.1,s__Bacillus_Aalbus,95.0,91.49,0.712;GCF_002746455.1,s__Bacillus_Afungorum,95.0,91.45,0.663;GCF_018332475.1,s__Bacillus_Asanguinis,95.0,91.3,0.697;GCF_000742895.1,s__Bacillus_Aanthracis,95.0,91.06,0.726;GCF_003400245.1,s__Bacillus_Asp003400245,95.0,91.05,0.694;GCF_001884105.1,s__Bacillus_Aluti,95.0,91.04,0.734;GCF_008923725.1,s__Bacillus_Asp008923725,95.0,91.01,0.717;GCA_016925055.1,s__Bacillus_Apacificus,95.15,90.97,0.704;GCF_001884045.1,s__Bacillus_Amobilis,95.0,90.89,0.681;GCF_002584985.1,s__Bacillus_Asp002584985,95.0,90.68,0.687;GCA_002578045.1,s__Bacillus_Acereus_AK,95.0,90.44,0.618;GCF_014932895.1,s__Bacillus_Athuringiensis_AA,95.0,90.38,0.637;GCF_002577405.1,s__Bacillus_Acereus_AU,95.0,90.19,0.671;GCF_025917685.1,s__Bacillus_Acereus_AT,95.17,90.07,0.685;GCF_018966865.1,s__Bacillus_Asp018966865,95.0,89.91,0.698;GCF_002564555.1,s__Bacillus_Acereus_K,95.0,89.9,0.691;GCA_027694045.1,s__Bacillus_Asp027694045,95.0,89.87,0.728;GCF_001884135.1,s__Bacillus_Anitratireducens,95.0,89.85,0.663;GCF_007673305.1,s__Bacillus_Amycoides_C,95.0,89.82,0.592;GCF_018332515.1,s__Bacillus_Ahominis,95.0,89.81,0.63;GCF_001884065.1,s__Bacillus_Aproteolyticus,95.0,89.63,0.614;GCF_000832605.1,s__Bacillus_Amycoides,95.0,89.53,0.645;GCF_001757995.1,s__Bacillus_Amycoides_B,95.0,89.3,0.594;GCF_018742245.1,s__Bacillus_Acereus_U,95.0,89.28,0.632;GCF_015071065.1,s__Bacillus_Acereus_BA,95.0,89.08,0.59;GCF_002975175.1,s__Bacillus_Asp002975175,95.0,88.95,0.587;GCF_001884235.1,s__Bacillus_Aparamycoides,95.0,88.93,0.597;GCF_000746925.1,s__Bacillus_Aclarus,95.0,85.98,0.434;GCF_002551815.1,s__Bacillus_Asp002551815,95.0,83.89,0.283;GCF_013314535.1,s__Bacillus_Asp013314535,95.0,83.41,0.26;GCF_002561295.1,s__Bacillus_Acereus_S,95.0,83.38,0.274;GCF_000299035.1,s__Bacillus_Abingmayongensis,95.0,83.18,0.268;GCA_022811845.1,s__Bacillus_Acereus_AV,95.0,83.01,0.239;GCF_000161455.1,s__Bacillus_Apseudomycoides,95.0,83.01,0.234;GCF_001590835.1,s__Bacillus_Agaemokensis,95.0,83.0,0.265;GCF_017498775.1,s__Bacillus_Aarachidis,95.0,82.77,0.256;GCF_022663115.1,s__Bacillus_Acereus_BD,95.0,82.63,0.273;GCF_030292155.1,s__Bacillus_Asp030292155,95.0,82.04,0.182;GCF_000017425.1,s__Bacillus_Acytotoxicus,95.0,81.95,0.268",92.12,11,N/A,N/A,Bacillus bombysepticus 
UF-449,d__Bacteria;p__Bacillota;c__Bacilli;o__Bacillales;f__Bacillaceae_G;g__Bacillus_A;s__Bacillus_Apacificus,GCA_016925055.1,95.15,d__Bacteria;p__Bacillota;c__Bacilli;o__Bacillales;f__Bacillaceae_G;g__Bacillus_A;s__Bacillus_Apacificus,97.15,0.793,GCA_016925055.1,95.15,d__Bacteria;p__Bacillota;c__Bacilli;o__Bacillales;f__Bacillaceae_G;g__Bacillus_A;s__Bacillus_Apacificus,97.15,0.793,d__Bacteria;p__Bacillota;c__Bacilli;o__Bacillales;f__Bacillaceae_G;g__Bacillus_A;s__,taxonomicclassificationdefinedbytopologyandANI,topologicalplacementandANIhavecongruentspeciesassignments,"GCF_001883995.1,s__Bacillus_Aparanthracis,95.15,95.82,0.808;GCF_001884035.1,s__Bacillus_Atropicus,95.0,94.65,0.82;GCF_000742895.1,s__Bacillus_Aanthracis,95.0,94.12,0.779;GCF_006494425.1,s__Bacillus_Asp006494425,95.0,94.02,0.796;GCF_001455345.1,s__Bacillus_Athuringiensis_N,95.0,93.96,0.789;GCF_002571225.1,s__Bacillus_Asp002571225,95.0,93.8,0.782;GCF_018332475.1,s__Bacillus_Asanguinis,95.0,93.79,0.763;GCF_022663335.1,s__Bacillus_Acereus_BC,95.0,93.47,0.76;GCF_002746455.1,s__Bacillus_Afungorum,95.0,93.3,0.736;GCF_007678085.1,s__Bacillus_Acereus_BE,95.0,93.24,0.766;GCF_001583695.1,s__Bacillus_Awiedmannii,95.0,93.24,0.761;GCF_900094905.1,s__Bacillus_Acereus_AG,95.0,93.24,0.75;GCF_001884185.1,s__Bacillus_Aalbus,95.0,93.19,0.754;GCF_001884045.1,s__Bacillus_Amobilis,95.0,93.07,0.792;GCF_003400245.1,s__Bacillus_Asp003400245,95.0,93.06,0.767;GCF_008923725.1,s__Bacillus_Asp008923725,95.0,92.98,0.743;GCF_000007825.1,s__Bacillus_Acereus,96.65,91.71,0.729;GCF_001595725.1,s__Bacillus_Athuringiensis_K,95.84,91.6,0.731;GCF_000021305.1,s__Bacillus_Athuringiensis_S,95.0,91.54,0.715;GCF_001182785.1,s__Bacillus_Athuringiensis_AB,96.35,91.5,0.73;GCF_002912215.1,s__Bacillus_Abombysepticus,96.51,91.35,0.72;GCF_002559825.1,s__Bacillus_Athuringiensis,96.56,91.29,0.734;GCF_002567495.1,s__Bacillus_Acereus_AQ,95.0,91.06,0.729;GCF_001884105.1,s__Bacillus_Aluti,95.0,91.02,0.727;GCF_002584985.1,s__Bacillus_Asp002584985,95.0,90.83,0.671;GCF_000496285.1,s__Bacillus_Atoyonensis,95.0,90.79,0.717;GCF_025917685.1,s__Bacillus_Acereus_AT,95.17,90.52,0.676;GCF_002564555.1,s__Bacillus_Acereus_K,95.0,90.2,0.676;GCF_001884135.1,s__Bacillus_Anitratireducens,95.0,90.2,0.674;GCF_014932895.1,s__Bacillus_Athuringiensis_AA,95.0,90.2,0.646;GCA_027694045.1,s__Bacillus_Asp027694045,95.0,90.06,0.729;GCF_002577405.1,s__Bacillus_Acereus_AU,95.0,90.05,0.663;GCA_002578045.1,s__Bacillus_Acereus_AK,95.0,89.99,0.596;GCF_018332515.1,s__Bacillus_Ahominis,95.0,89.97,0.636;GCF_001884065.1,s__Bacillus_Aproteolyticus,95.0,89.96,0.661;GCF_018966865.1,s__Bacillus_Asp018966865,95.0,89.84,0.673;GCF_007673305.1,s__Bacillus_Amycoides_C,95.0,89.8,0.635;GCF_000832605.1,s__Bacillus_Amycoides,95.0,89.75,0.639;GCF_015071065.1,s__Bacillus_Acereus_BA,95.0,89.01,0.61;GCF_018742245.1,s__Bacillus_Acereus_U,95.0,89.0,0.611;GCF_001757995.1,s__Bacillus_Amycoides_B,95.0,88.86,0.616;GCF_002975175.1,s__Bacillus_Asp002975175,95.0,88.79,0.599;GCF_001884235.1,s__Bacillus_Aparamycoides,95.0,88.65,0.594;GCF_000746925.1,s__Bacillus_Aclarus,95.0,85.79,0.435;GCF_002551815.1,s__Bacillus_Asp002551815,95.0,83.9,0.284;GCF_013314535.1,s__Bacillus_Asp013314535,95.0,83.2,0.27;GCF_001590835.1,s__Bacillus_Agaemokensis,95.0,83.17,0.255;GCF_002561295.1,s__Bacillus_Acereus_S,95.0,83.15,0.279;GCA_022811845.1,s__Bacillus_Acereus_AV,95.0,82.99,0.244;GCF_017498775.1,s__Bacillus_Aarachidis,95.0,82.88,0.248;GCF_000161455.1,s__Bacillus_Apseudomycoides,95.0,82.85,0.261;GCF_000299035.1,s__Bacillus_Abingmayongensis,95.0,82.82,0.255;GCF_022663115.1,s__Bacillus_Acereus_BD,95.0,82.36,0.265;GCF_030292155.1,s__Bacillus_Asp030292155,95.0,81.9,0.19;GCF_000017425.1,s__Bacillus_Acytotoxicus,95.0,81.74,0.254",90.49,11,N/A,N/A,Bacillus pacificus 
UF-450,d__Bacteria;p__Bacillota;c__Bacilli;o__Bacillales;f__Bacillaceae_G;g__Bacillus_A;s__Bacillus_Abombysepticus,GCF_002912215.1,96.51,d__Bacteria;p__Bacillota;c__Bacilli;o__Bacillales;f__Bacillaceae_G;g__Bacillus_A;s__Bacillus_Abombysepticus,98.03,0.831,GCF_002912215.1,96.51,d__Bacteria;p__Bacillota;c__Bacilli;o__Bacillales;f__Bacillaceae_G;g__Bacillus_A;s__Bacillus_Abombysepticus,98.03,0.831,d__Bacteria;p__Bacillota;c__Bacilli;o__Bacillales;f__Bacillaceae_G;g__Bacillus_A;s__,taxonomicclassificationdefinedbytopologyandANI,topologicalplacementandANIhavecongruentspeciesassignments,"GCF_000007825.1,s__Bacillus_Acereus,96.65,96.93,0.861;GCF_001595725.1,s__Bacillus_Athuringiensis_K,95.84,96.59,0.845;GCF_002559825.1,s__Bacillus_Athuringiensis,96.56,96.25,0.85;GCF_000021305.1,s__Bacillus_Athuringiensis_S,95.0,95.54,0.807;GCF_001182785.1,s__Bacillus_Athuringiensis_AB,96.35,95.53,0.799;GCF_002567495.1,s__Bacillus_Acereus_AQ,95.0,94.06,0.778;GCF_001884035.1,s__Bacillus_Atropicus,95.0,91.75,0.767;GCF_001455345.1,s__Bacillus_Athuringiensis_N,95.0,91.75,0.749;GCF_022663335.1,s__Bacillus_Acereus_BC,95.0,91.69,0.72;GCF_000496285.1,s__Bacillus_Atoyonensis,95.0,91.6,0.774;GCF_006494425.1,s__Bacillus_Asp006494425,95.0,91.57,0.728;GCF_001883995.1,s__Bacillus_Aparanthracis,95.15,91.52,0.721;GCF_002746455.1,s__Bacillus_Afungorum,95.0,91.51,0.657;GCF_001583695.1,s__Bacillus_Awiedmannii,95.0,91.5,0.752;GCF_000742895.1,s__Bacillus_Aanthracis,95.0,91.45,0.726;GCF_002571225.1,s__Bacillus_Asp002571225,95.0,91.45,0.718;GCF_900094905.1,s__Bacillus_Acereus_AG,95.0,91.41,0.713;GCF_018332475.1,s__Bacillus_Asanguinis,95.0,91.3,0.695;GCF_007678085.1,s__Bacillus_Acereus_BE,95.0,91.21,0.745;GCF_003400245.1,s__Bacillus_Asp003400245,95.0,91.06,0.694;GCF_008923725.1,s__Bacillus_Asp008923725,95.0,91.03,0.712;GCF_001884185.1,s__Bacillus_Aalbus,95.0,91.0,0.714;GCA_016925055.1,s__Bacillus_Apacificus,95.15,90.94,0.702;GCF_001884105.1,s__Bacillus_Aluti,95.0,90.92,0.737;GCF_001884045.1,s__Bacillus_Amobilis,95.0,90.92,0.682;GCF_014932895.1,s__Bacillus_Athuringiensis_AA,95.0,90.59,0.637;GCA_002578045.1,s__Bacillus_Acereus_AK,95.0,90.44,0.619;GCF_002584985.1,s__Bacillus_Asp002584985,95.0,90.14,0.683;GCF_002577405.1,s__Bacillus_Acereus_AU,95.0,90.02,0.672;GCF_025917685.1,s__Bacillus_Acereus_AT,95.17,89.99,0.684;GCF_018966865.1,s__Bacillus_Asp018966865,95.0,89.98,0.698;GCF_002564555.1,s__Bacillus_Acereus_K,95.0,89.98,0.691;GCF_001884135.1,s__Bacillus_Anitratireducens,95.0,89.92,0.66;GCF_001884065.1,s__Bacillus_Aproteolyticus,95.0,89.92,0.611;GCA_027694045.1,s__Bacillus_Asp027694045,95.0,89.86,0.725;GCF_018332515.1,s__Bacillus_Ahominis,95.0,89.86,0.628;GCF_007673305.1,s__Bacillus_Amycoides_C,95.0,89.81,0.594;GCF_000832605.1,s__Bacillus_Amycoides,95.0,89.69,0.648;GCF_001757995.1,s__Bacillus_Amycoides_B,95.0,89.26,0.596;GCF_018742245.1,s__Bacillus_Acereus_U,95.0,89.19,0.628;GCF_015071065.1,s__Bacillus_Acereus_BA,95.0,89.15,0.59;GCF_001884235.1,s__Bacillus_Aparamycoides,95.0,88.94,0.597;GCF_002975175.1,s__Bacillus_Asp002975175,95.0,88.86,0.586;GCF_000746925.1,s__Bacillus_Aclarus,95.0,86.05,0.436;GCF_002551815.1,s__Bacillus_Asp002551815,95.0,83.89,0.284;GCF_013314535.1,s__Bacillus_Asp013314535,95.0,83.46,0.259;GCF_000299035.1,s__Bacillus_Abingmayongensis,95.0,83.24,0.268;GCF_002561295.1,s__Bacillus_Acereus_S,95.0,83.1,0.272;GCF_000161455.1,s__Bacillus_Apseudomycoides,95.0,83.02,0.235;GCA_022811845.1,s__Bacillus_Acereus_AV,95.0,82.91,0.235;GCF_017498775.1,s__Bacillus_Aarachidis,95.0,82.81,0.259;GCF_001590835.1,s__Bacillus_Agaemokensis,95.0,82.68,0.259;GCF_022663115.1,s__Bacillus_Acereus_BD,95.0,82.45,0.276;GCF_000017425.1,s__Bacillus_Acytotoxicus,95.0,82.07,0.269;GCF_030292155.1,s__Bacillus_Asp030292155,95.0,81.93,0.184",92.12,11,N/A,N/A,Bacillus bombysepticus 
UF-452,d__Bacteria;p__Bacillota;c__Bacilli;o__Bacillales;f__Bacillaceae_G;g__Bacillus_A;s__Bacillus_Amobilis,GCF_001884045.1,95,d__Bacteria;p__Bacillota;c__Bacilli;o__Bacillales;f__Bacillaceae_G;g__Bacillus_A;s__Bacillus_Amobilis,98.9,0.938,GCF_001884045.1,95,d__Bacteria;p__Bacillota;c__Bacilli;o__Bacillales;f__Bacillaceae_G;g__Bacillus_A;s__Bacillus_Amobilis,98.9,0.938,d__Bacteria;p__Bacillota;c__Bacilli;o__Bacillales;f__Bacillaceae_G;g__Bacillus_A;s__,taxonomicclassificationdefinedbytopologyandANI,topologicalplacementandANIhavecongruentspeciesassignments,"GCF_007678085.1,s__Bacillus_Acereus_BE,95.0,94.64,0.841;GCF_001583695.1,s__Bacillus_Awiedmannii,95.0,94.4,0.814;GCF_900094905.1,s__Bacillus_Acereus_AG,95.0,94.4,0.804;GCF_008923725.1,s__Bacillus_Asp008923725,95.0,94.38,0.815;GCF_018332475.1,s__Bacillus_Asanguinis,95.0,93.93,0.79;GCF_003400245.1,s__Bacillus_Asp003400245,95.0,93.86,0.807;GCF_001884185.1,s__Bacillus_Aalbus,95.0,93.79,0.787;GCF_002571225.1,s__Bacillus_Asp002571225,95.0,93.67,0.782;GCF_001455345.1,s__Bacillus_Athuringiensis_N,95.0,93.43,0.796;GCF_002746455.1,s__Bacillus_Afungorum,95.0,93.29,0.74;GCF_022663335.1,s__Bacillus_Acereus_BC,95.0,93.25,0.783;GCF_001884035.1,s__Bacillus_Atropicus,95.0,93.23,0.796;GCF_006494425.1,s__Bacillus_Asp006494425,95.0,93.11,0.784;GCF_001883995.1,s__Bacillus_Aparanthracis,95.15,92.86,0.77;GCF_000742895.1,s__Bacillus_Aanthracis,95.0,92.75,0.775;GCA_016925055.1,s__Bacillus_Apacificus,95.15,92.25,0.74;GCF_001884105.1,s__Bacillus_Aluti,95.0,91.57,0.756;GCF_000021305.1,s__Bacillus_Athuringiensis_S,95.0,91.08,0.723;GCF_001595725.1,s__Bacillus_Athuringiensis_K,95.84,91.08,0.717;GCF_001182785.1,s__Bacillus_Athuringiensis_AB,96.35,91.03,0.741;GCF_002559825.1,s__Bacillus_Athuringiensis,96.56,91.0,0.729;GCF_000496285.1,s__Bacillus_Atoyonensis,95.0,90.99,0.732;GCF_000007825.1,s__Bacillus_Acereus,96.65,90.99,0.722;GCF_002567495.1,s__Bacillus_Acereus_AQ,95.0,90.96,0.73;GCF_002584985.1,s__Bacillus_Asp002584985,95.0,90.96,0.683;GCF_001884135.1,s__Bacillus_Anitratireducens,95.0,90.95,0.711;GCF_002564555.1,s__Bacillus_Acereus_K,95.0,90.8,0.687;GCF_002912215.1,s__Bacillus_Abombysepticus,96.51,90.67,0.708;GCF_025917685.1,s__Bacillus_Acereus_AT,95.17,90.56,0.702;GCF_002577405.1,s__Bacillus_Acereus_AU,95.0,90.3,0.684;GCF_001884065.1,s__Bacillus_Aproteolyticus,95.0,90.26,0.68;GCF_018332515.1,s__Bacillus_Ahominis,95.0,90.18,0.626;GCF_014932895.1,s__Bacillus_Athuringiensis_AA,95.0,90.07,0.65;GCF_000832605.1,s__Bacillus_Amycoides,95.0,90.02,0.679;GCF_018966865.1,s__Bacillus_Asp018966865,95.0,89.99,0.687;GCA_002578045.1,s__Bacillus_Acereus_AK,95.0,89.92,0.59;GCF_007673305.1,s__Bacillus_Amycoides_C,95.0,89.89,0.666;GCF_001757995.1,s__Bacillus_Amycoides_B,95.0,89.65,0.648;GCF_015071065.1,s__Bacillus_Acereus_BA,95.0,89.62,0.637;GCA_027694045.1,s__Bacillus_Asp027694045,95.0,89.51,0.736;GCF_002975175.1,s__Bacillus_Asp002975175,95.0,89.45,0.623;GCF_018742245.1,s__Bacillus_Acereus_U,95.0,89.43,0.644;GCF_001884235.1,s__Bacillus_Aparamycoides,95.0,88.86,0.601;GCF_000746925.1,s__Bacillus_Aclarus,95.0,85.97,0.458;GCF_002551815.1,s__Bacillus_Asp002551815,95.0,84.22,0.273;GCF_002561295.1,s__Bacillus_Acereus_S,95.0,83.29,0.279;GCF_000299035.1,s__Bacillus_Abingmayongensis,95.0,83.15,0.274;GCF_013314535.1,s__Bacillus_Asp013314535,95.0,83.15,0.258;GCF_001590835.1,s__Bacillus_Agaemokensis,95.0,83.11,0.265;GCF_000161455.1,s__Bacillus_Apseudomycoides,95.0,83.02,0.256;GCF_017498775.1,s__Bacillus_Aarachidis,95.0,83.01,0.252;GCA_022811845.1,s__Bacillus_Acereus_AV,95.0,82.76,0.255;GCF_022663115.1,s__Bacillus_Acereus_BD,95.0,82.48,0.263;GCF_030292155.1,s__Bacillus_Asp030292155,95.0,82.13,0.191;GCF_000017425.1,s__Bacillus_Acytotoxicus,95.0,81.81,0.259",91.32,11,N/A,N/A,Bacillus mobilis
UF-453,d__Bacteria;p__Bacillota;c__Bacilli;o__Bacillales;f__Bacillaceae_G;g__Bacillus_A;s__Bacillus_Apacificus,GCA_016925055.1,95.15,d__Bacteria;p__Bacillota;c__Bacilli;o__Bacillales;f__Bacillaceae_G;g__Bacillus_A;s__Bacillus_Apacificus,97.15,0.793,GCA_016925055.1,95.15,d__Bacteria;p__Bacillota;c__Bacilli;o__Bacillales;f__Bacillaceae_G;g__Bacillus_A;s__Bacillus_Apacificus,97.15,0.793,d__Bacteria;p__Bacillota;c__Bacilli;o__Bacillales;f__Bacillaceae_G;g__Bacillus_A;s__,taxonomicclassificationdefinedbytopologyandANI,topologicalplacementandANIhavecongruentspeciesassignments,"GCF_001883995.1,s__Bacillus_Aparanthracis,95.15,95.81,0.816;GCF_001884035.1,s__Bacillus_Atropicus,95.0,94.75,0.818;GCF_006494425.1,s__Bacillus_Asp006494425,95.0,94.0,0.803;GCF_000742895.1,s__Bacillus_Aanthracis,95.0,93.98,0.787;GCF_001455345.1,s__Bacillus_Athuringiensis_N,95.0,93.97,0.798;GCF_002571225.1,s__Bacillus_Asp002571225,95.0,93.79,0.788;GCF_018332475.1,s__Bacillus_Asanguinis,95.0,93.78,0.771;GCF_022663335.1,s__Bacillus_Acereus_BC,95.0,93.47,0.767;GCF_007678085.1,s__Bacillus_Acereus_BE,95.0,93.34,0.766;GCF_002746455.1,s__Bacillus_Afungorum,95.0,93.29,0.743;GCF_001583695.1,s__Bacillus_Awiedmannii,95.0,93.23,0.765;GCF_001884185.1,s__Bacillus_Aalbus,95.0,93.18,0.761;GCF_900094905.1,s__Bacillus_Acereus_AG,95.0,93.11,0.756;GCF_001884045.1,s__Bacillus_Amobilis,95.0,93.06,0.8;GCF_003400245.1,s__Bacillus_Asp003400245,95.0,93.06,0.776;GCF_008923725.1,s__Bacillus_Asp008923725,95.0,93.03,0.749;GCF_000007825.1,s__Bacillus_Acereus,96.65,91.77,0.736;GCF_001595725.1,s__Bacillus_Athuringiensis_K,95.84,91.6,0.738;GCF_000021305.1,s__Bacillus_Athuringiensis_S,95.0,91.6,0.722;GCF_001182785.1,s__Bacillus_Athuringiensis_AB,96.35,91.54,0.735;GCF_002912215.1,s__Bacillus_Abombysepticus,96.51,91.45,0.729;GCF_002559825.1,s__Bacillus_Athuringiensis,96.56,91.28,0.742;GCF_002567495.1,s__Bacillus_Acereus_AQ,95.0,91.05,0.736;GCF_001884105.1,s__Bacillus_Aluti,95.0,91.01,0.726;GCF_000496285.1,s__Bacillus_Atoyonensis,95.0,90.92,0.718;GCF_002584985.1,s__Bacillus_Asp002584985,95.0,90.81,0.671;GCF_025917685.1,s__Bacillus_Acereus_AT,95.17,90.52,0.681;GCF_014932895.1,s__Bacillus_Athuringiensis_AA,95.0,90.28,0.652;GCF_001884135.1,s__Bacillus_Anitratireducens,95.0,90.19,0.681;GCF_002564555.1,s__Bacillus_Acereus_K,95.0,90.18,0.676;GCA_002578045.1,s__Bacillus_Acereus_AK,95.0,90.06,0.595;GCF_018332515.1,s__Bacillus_Ahominis,95.0,90.05,0.635;GCA_027694045.1,s__Bacillus_Asp027694045,95.0,90.04,0.733;GCF_002577405.1,s__Bacillus_Acereus_AU,95.0,89.97,0.662;GCF_001884065.1,s__Bacillus_Aproteolyticus,95.0,89.95,0.667;GCF_018966865.1,s__Bacillus_Asp018966865,95.0,89.83,0.673;GCF_007673305.1,s__Bacillus_Amycoides_C,95.0,89.79,0.641;GCF_000832605.1,s__Bacillus_Amycoides,95.0,89.72,0.646;GCF_018742245.1,s__Bacillus_Acereus_U,95.0,89.08,0.617;GCF_015071065.1,s__Bacillus_Acereus_BA,95.0,89.01,0.616;GCF_001757995.1,s__Bacillus_Amycoides_B,95.0,88.86,0.622;GCF_002975175.1,s__Bacillus_Asp002975175,95.0,88.79,0.605;GCF_001884235.1,s__Bacillus_Aparamycoides,95.0,88.65,0.6;GCF_000746925.1,s__Bacillus_Aclarus,95.0,85.83,0.444;GCF_002551815.1,s__Bacillus_Asp002551815,95.0,83.89,0.283;GCF_013314535.1,s__Bacillus_Asp013314535,95.0,83.21,0.273;GCF_001590835.1,s__Bacillus_Agaemokensis,95.0,83.19,0.259;GCF_002561295.1,s__Bacillus_Acereus_S,95.0,83.15,0.279;GCF_000161455.1,s__Bacillus_Apseudomycoides,95.0,83.01,0.258;GCF_017498775.1,s__Bacillus_Aarachidis,95.0,82.87,0.248;GCA_022811845.1,s__Bacillus_Acereus_AV,95.0,82.84,0.241;GCF_000299035.1,s__Bacillus_Abingmayongensis,95.0,82.81,0.256;GCF_022663115.1,s__Bacillus_Acereus_BD,95.0,82.37,0.265;GCF_030292155.1,s__Bacillus_Asp030292155,95.0,82.0,0.194;GCF_000017425.1,s__Bacillus_Acytotoxicus,95.0,81.74,0.258",90.49,11,N/A,N/A,Bacillus pacificus 
UF-458,d__Bacteria;p__Pseudomonadota;c__Gammaproteobacteria;o__Enterobacterales;f__Enterobacteriaceae;g__Serratia;s__Serratiaureilytica,GCF_013375155.1,95,d__Bacteria;p__Pseudomonadota;c__Gammaproteobacteria;o__Enterobacterales;f__Enterobacteriaceae;g__Serratia;s__Serratiaureilytica,98.39,0.885,GCF_013375155.1,95,d__Bacteria;p__Pseudomonadota;c__Gammaproteobacteria;o__Enterobacterales;f__Enterobacteriaceae;g__Serratia;s__Serratiaureilytica,98.39,0.885,d__Bacteria;p__Pseudomonadota;c__Gammaproteobacteria;o__Enterobacterales;f__Enterobacteriaceae;g__Serratia;s__,taxonomicclassificationdefinedbytopologyandANI,topologicalplacementandANIhavecongruentspeciesassignments,"GCF_000738675.1,s__Serratianematodiphila,96.8,94.89,0.847;GCF_017299535.1,s__Serratiamarcescens,95.58,94.89,0.838;GCF_008011855.1,s__Serratiabockelmannii,95.51,94.81,0.809;GCF_006715005.1,s__Serratiamarcescens_J,95.0,94.32,0.845;GCF_008364245.1,s__Serratianevei,96.24,94.26,0.829;GCF_002220655.1,s__Serratiamarcescens_K,95.02,94.24,0.822;GCF_029846115.1,s__Serratiamarcescens_L,96.11,93.96,0.823;GCF_024160145.1,s__Serratianevei_A,95.0,93.94,0.801;GCF_001642805.2,s__Serratiasurfactantfaciens,95.0,93.93,0.849;GCF_003812745.1,s__Serratiasp003812745,95.0,93.78,0.861;GCF_001902635.1,s__Serratiamarcescens_F,95.0,93.12,0.767",95.79,11,N/A,N/A,Serratia ureilytica 
UF-6,d__Bacteria;p__Pseudomonadota;c__Gammaproteobacteria;o__Pseudomonadales;f__Pseudomonadaceae;g__Pseudomonas_E;s__Pseudomonas_Efulva,GCF_000730565.1,95,d__Bacteria;p__Pseudomonadota;c__Gammaproteobacteria;o__Pseudomonadales;f__Pseudomonadaceae;g__Pseudomonas_E;s__Pseudomonas_Efulva,99.22,0.951,GCF_000730565.1,95,d__Bacteria;p__Pseudomonadota;c__Gammaproteobacteria;o__Pseudomonadales;f__Pseudomonadaceae;g__Pseudomonas_E;s__Pseudomonas_Efulva,99.22,0.951,d__Bacteria;p__Pseudomonadota;c__Gammaproteobacteria;o__Pseudomonadales;f__Pseudomonadaceae;g__Pseudomonas_E;s__,taxonomicclassificationdefinedbytopologyandANI,topologicalplacementandANIhavecongruentspeciesassignments,"GCF_002021815.1,s__Pseudomonas_Eparafulva_B,95.0,93.84,0.881;GCF_000730645.1,s__Pseudomonas_Eparafulva,95.0,84.87,0.442;GCA_029953615.1,s__Pseudomonas_Esp002113165,95.0,84.55,0.393;GCF_022533585.1,s__Pseudomonas_Esp001642705,95.0,84.49,0.399;GCF_000498395.2,s__Pseudomonas_Eputida_Q,95.0,84.49,0.388;GCF_021602585.1,s__Pseudomonas_Efaucium,95.0,84.48,0.401;GCF_011752565.1,s__Pseudomonas_Esp011752565,95.0,84.45,0.382;GCF_002356095.1,s__Pseudomonas_Eputida_H,95.0,84.44,0.4;GCF_030159595.1,s__Pseudomonas_Eputida_AC,95.0,84.42,0.412;GCF_024349685.1,s__Pseudomonas_Esp024349685,95.0,84.39,0.378;GCF_900291015.1,s__Pseudomonas_Esp900291015,95.0,84.37,0.378;GCF_014269185.2,s__Pseudomonas_Eoryzicola,95.0,84.35,0.403;GCF_014269225.2,s__Pseudomonas_Eanuradhapurensis,95.0,84.33,0.396;GCF_000412675.1,s__Pseudomonas_Eputida,95.0,84.32,0.397;GCF_013393325.1,s__Pseudomonas_Eputida_P,95.0,84.31,0.407;GCF_009883635.2,s__Pseudomonas_Eputida_W,95.0,84.28,0.391;GCA_947090765.1,s__Pseudomonas_Esp947090765,95.0,84.28,0.385;GCF_002112505.1,s__Pseudomonas_Esp002112505,95.0,84.22,0.392;GCF_021283545.2,s__Pseudomonas_Ealloputida,95.0,84.22,0.387;GCF_003331055.1,s__Pseudomonas_Esp003331055,95.0,84.22,0.384;GCF_916618955.1,s__Pseudomonas_Esp916618955,95.0,84.2,0.402;GCF_000731675.1,s__Pseudomonas_Ecapeferrum,95.0,84.18,0.382;GCF_009932335.1,s__Pseudomonas_Easiatica,95.0,84.16,0.386;GCF_017744435.1,s__Pseudomonas_Esp017744435,95.0,84.15,0.38;GCF_029202525.1,s__Pseudomonas_Ephytovorans,95.0,84.12,0.382;GCF_003627215.1,s__Pseudomonas_Esp001422615,95.0,84.11,0.384;GCF_002386445.1,s__Pseudomonas_Esp002386445,95.0,84.08,0.389;GCF_009391885.1,s__Pseudomonas_Esp009391885,95.0,84.07,0.382;GCF_003097235.1,s__Pseudomonas_Esp003097235,95.0,84.06,0.37;GCF_025905425.1,s__Pseudomonas_Eputida_AF,95.0,84.05,0.354;GCF_002906855.1,s__Pseudomonas_Eputida_N,95.0,84.01,0.378;GCF_013179515.1,s__Pseudomonas_Esp013179515,95.0,84.01,0.365;GCF_009932375.1,s__Pseudomonas_Ejuntendi,95.0,83.95,0.394;GCF_016658545.1,s__Pseudomonas_Esp016658545,95.0,83.95,0.385;GCF_014269035.2,s__Pseudomonas_Evlassakiae,95.0,83.93,0.373;GCF_000282535.1,s__Pseudomonas_Esp000282535,95.0,83.93,0.352;GCF_016648105.1,s__Pseudomonas_Esp016648105,95.0,83.89,0.349;GCF_000730665.1,s__Pseudomonas_Eplecoglossicida,95.0,83.88,0.362;GCF_014269205.2,s__Pseudomonas_Ekermanshahensis,95.0,83.86,0.341;GCF_002906795.1,s__Pseudomonas_Eputida_Y,95.0,83.84,0.35;GCF_000730605.1,s__Pseudomonas_Emonteilii,95.0,83.81,0.41;GCF_015680575.1,s__Pseudomonas_Eputida_Z,95.0,83.72,0.387;GCF_002025705.1,s__Pseudomonas_Eputida_J,95.0,83.72,0.344;GCF_021602025.1,s__Pseudomonas_Eceruminis,95.0,83.69,0.364;GCF_029193575.1,s__Pseudomonas_Eentomophila_G,95.0,83.69,0.343;GCF_019139535.1,s__Pseudomonas_Emuyukensis,95.0,83.67,0.328;GCF_015354575.1,s__Pseudomonas_Esp015354575,95.0,83.66,0.317;GCF_005080685.1,s__Pseudomonas_Eputida_V,95.0,83.64,0.326;GCF_014268935.2,s__Pseudomonas_Eperadeniyensis,95.0,83.62,0.322;GCF_000935045.1,s__Pseudomonas_Esp000935045,95.0,83.61,0.377;GCF_900277125.1,s__Pseudomonas_Einefficax,95.0,83.61,0.371;GCF_014268885.2,s__Pseudomonas_Exantholysinigenes,95.0,83.61,0.318;GCF_002165135.1,s__Pseudomonas_Esp002165135,95.0,83.6,0.375;GCF_000708715.2,s__Pseudomonas_Eputida_R,95.0,83.6,0.371;GCF_007677725.1,s__Pseudomonas_Esp003445295,95.0,83.58,0.362;GCF_003205205.1,s__Pseudomonas_Esp003205205,95.0,83.56,0.391;GCF_015680405.1,s__Pseudomonas_Epudica,95.0,83.56,0.389;GCF_029836165.1,s__Pseudomonas_Esp029836165,95.0,83.54,0.332;GCF_019823065.1,s__Pseudomonas_Emosselii,95.0,83.54,0.319;GCF_011752525.1,s__Pseudomonas_Esp011752525,95.0,83.51,0.329;GCF_019139675.1,s__Pseudomonas_Emaumuensis,95.0,83.49,0.328;GCF_000026105.1,s__Pseudomonas_Eentomophila,95.0,83.47,0.309;GCF_018417595.1,s__Pseudomonas_Eentomophila_C,95.0,83.42,0.32;GCF_019139895.1,s__Pseudomonas_Efakonensis,95.0,83.4,0.32;GCF_016406145.1,s__Pseudomonas_Eputida_E,95.0,83.39,0.348;GCF_026625125.1,s__Pseudomonas_Eputida_X,95.0,83.36,0.327;GCF_900110655.1,s__Pseudomonas_Esoli,95.0,83.35,0.319;GCF_000425785.1,s__Pseudomonas_Etaiwanensis,95.0,83.31,0.311;GCF_020151015.1,s__Pseudomonas_Eputida_K,95.0,83.3,0.317;GCF_001320245.1,s__Pseudomonas_Esp001320245,95.0,83.23,0.351;GCF_023277925.1,s__Pseudomonas_Eentomophila_D,95.0,83.22,0.308;GCF_028898945.1,s__Pseudomonas_Esp028898945,95.0,83.21,0.33;GCF_001636055.1,s__Pseudomonas_Eputida_B,95.0,83.21,0.329;GCF_024749165.1,s__Pseudomonas_Esp024749165,95.0,83.17,0.316;GCF_004519305.1,s__Pseudomonas_Esp004519305,95.0,83.1,0.321;GCF_015680235.1,s__Pseudomonas_Eguariconensis_A,95.0,83.09,0.295;GCF_004357765.1,s__Pseudomonas_Eputida_U,95.0,83.05,0.317;GCF_014268805.2,s__Pseudomonas_Efarsensis,95.0,82.98,0.293;GCF_029840925.1,s__Pseudomonas_Esp029840925,95.0,82.97,0.316;GCF_014269025.2,s__Pseudomonas_Epromysalinigenes,95.0,82.96,0.302;GCF_003205295.1,s__Pseudomonas_Emosselii_B,95.0,82.91,0.327;GCA_014268975.2,s__Pseudomonas_Ewayambapalatensis,95.0,82.91,0.301;GCF_014268815.2,s__Pseudomonas_Eurmiensis,95.0,82.88,0.285;GCF_003231305.1,s__Pseudomonas_Esichuanensis,95.0,82.82,0.319;GCF_005796105.1,s__Pseudomonas_Emosselii_C,95.0,82.8,0.292;GCF_900536025.1,s__Pseudomonas_Ereidholzensis,95.0,82.79,0.311;GCF_015680295.1,s__Pseudomonas_Eguariconensis_D,95.0,82.79,0.286;GCF_021601385.1,s__Pseudomonas_Eparasichuanensis,95.0,82.78,0.32;GCF_022405695.1,s__Pseudomonas_Eentomophila_E,95.0,82.78,0.307;GCF_024127895.1,s__Pseudomonas_Eguariconensis_B,95.0,82.75,0.335;GCF_900102675.1,s__Pseudomonas_Eguariconensis,95.0,82.75,0.284;GCF_029478665.1,s__Pseudomonas_Eentomophila_F,95.0,82.72,0.313;GCF_002741075.1,s__Pseudomonas_Eputida_T,95.0,82.69,0.274;GCF_016518545.1,s__Pseudomonas_Esp016518545,95.0,82.64,0.285;GCF_015680245.1,s__Pseudomonas_Eguariconensis_C,95.0,82.62,0.279;GCF_017875955.1,s__Pseudomonas_Esp017875955,95.0,82.54,0.285;GCF_000800255.1,s__Pseudomonas_Eparafulva_A,95.0,82.48,0.289;GCF_000759535.1,s__Pseudomonas_Ecremoricolorata_A,95.0,82.05,0.243;GCF_014268785.2,s__Pseudomonas_Eshirazensis,95.0,82.04,0.239",98.67,11,N/A,N/A,Pseudomonas fulva 
UF-74,d__Bacteria;p__Pseudomonadota;c__Gammaproteobacteria;o__Pseudomonadales;f__Pseudomonadaceae;g__Pseudomonas_E;s__Pseudomonas_Eglycinae,GCF_001594225.2,95,d__Bacteria;p__Pseudomonadota;c__Gammaproteobacteria;o__Pseudomonadales;f__Pseudomonadaceae;g__Pseudomonas_E;s__Pseudomonas_Eglycinae,98.41,0.936,GCF_001594225.2,95,d__Bacteria;p__Pseudomonadota;c__Gammaproteobacteria;o__Pseudomonadales;f__Pseudomonadaceae;g__Pseudomonas_E;s__Pseudomonas_Eglycinae,98.41,0.936,d__Bacteria;p__Pseudomonadota;c__Gammaproteobacteria;o__Pseudomonadales;f__Pseudomonadaceae;g__Pseudomonas_E;s__,taxonomicclassificationdefinedbytopologyandANI,topologicalplacementandANIhavecongruentspeciesassignments,"GCF_021601625.1,s__Pseudomonas_Eparaglycinae,95.0,94.55,0.85;GCF_021602345.1,s__Pseudomonas_Epharyngis,95.0,94.41,0.847;GCF_021018765.1,s__Pseudomonas_Efitomaticsae,95.0,94.11,0.848;GCF_017498465.1,s__Pseudomonas_Efluorescens_CA,95.0,94.01,0.821;GCF_014863585.1,s__Pseudomonas_Egozinkensis,95.0,94.0,0.841;GCF_030344995.1,s__Pseudomonas_Efluorescens_BF,95.0,93.98,0.838;GCF_021603585.1,s__Pseudomonas_Esputi,95.0,93.98,0.819;GCF_002113125.1,s__Pseudomonas_Esp002113125,95.0,93.57,0.854;GCF_025447595.1,s__Pseudomonas_Ekoreensis_H,95.0,93.49,0.819;GCF_020544405.1,s__Pseudomonas_Esp002113045,95.0,93.35,0.831;GCF_012974785.1,s__Pseudomonas_Efluorescens_BT,95.0,92.07,0.815;GCF_014863605.1,s__Pseudomonas_Eallokribbensis,95.0,91.66,0.776;GCF_002112385.1,s__Pseudomonas_Esp002112385,95.0,91.56,0.78;GCF_023375815.1,s__Pseudomonas_Esp023375815,95.0,91.54,0.774;GCF_003352185.1,s__Pseudomonas_Ekribbensis,95.0,91.54,0.765;GCF_001679645.1,s__Pseudomonas_Ebananamidigenes,95.0,90.62,0.782;GCF_030209175.1,s__Pseudomonas_Esp030209175,95.0,89.26,0.703;GCF_019145475.1,s__Pseudomonas_Ebotevensis,95.0,89.18,0.701;GCF_011369485.1,s__Pseudomonas_Eatagonensis,95.0,89.04,0.671;GCF_003061005.1,s__Pseudomonas_Esp003061005,95.0,88.86,0.628;GCF_028830055.1,s__Pseudomonas_Eserboccidentalis,95.0,88.85,0.662;GCF_012986595.1,s__Pseudomonas_Ekoreensis,95.0,88.78,0.653;GCF_000282275.2,s__Pseudomonas_Esp000282275,95.0,88.68,0.647;GCF_011605305.1,s__Pseudomonas_Ekoreensis_G,95.0,88.67,0.648;GCF_004683905.1,s__Pseudomonas_Eputida_A,95.0,88.67,0.647;GCF_002878485.1,s__Pseudomonas_Esp002878485,95.0,88.67,0.632;GCF_000633255.1,s__Pseudomonas_Esp000633255,95.0,88.66,0.631;GCF_000631985.1,s__Pseudomonas_Esp000631985,95.0,88.62,0.628;GCF_014472415.1,s__Pseudomonas_Esp014472415,95.0,88.52,0.643;GCF_021602155.1,s__Pseudomonas_Eparakoreensis,95.0,88.41,0.633;GCF_000292795.1,s__Pseudomonas_Efluorescens_H,95.0,88.38,0.617;GCF_014268495.2,s__Pseudomonas_Emonsensis,95.0,88.38,0.616;GCF_004011755.1,s__Pseudomonas_Esp004011755,95.0,88.37,0.623;GCF_029543085.1,s__Pseudomonas_Esp029543085,95.0,88.35,0.625;GCF_028656995.1,s__Pseudomonas_Esp028656995,95.0,88.35,0.619;GCF_013433315.1,s__Pseudomonas_Ecrudilactis,95.0,88.32,0.631;GCF_018138145.1,s__Pseudomonas_Ekoreensis_A,95.0,88.32,0.626;GCF_902497745.1,s__Pseudomonas_Efluorescens_BM,95.0,88.32,0.624;GCF_022662375.1,s__Pseudomonas_Esp022662375,95.0,88.31,0.63;GCF_002813455.1,s__Pseudomonas_Ebaetica,95.0,88.31,0.596;GCF_000802985.1,s__Pseudomonas_Efluorescens_BZ,95.0,88.28,0.626;GCF_003732425.1,s__Pseudomonas_Efluorescens_BE,95.0,88.27,0.616;GCF_014268445.2,s__Pseudomonas_Etensinigenes,95.0,88.26,0.624;GCF_015461835.1,s__Pseudomonas_Eneuropathica,95.0,88.23,0.628;GCF_900187605.1,s__Pseudomonas_Esp900187605,95.0,88.22,0.621;GCA_900580865.1,s__Pseudomonas_Esp900580865,95.0,88.21,0.615;GCF_018326005.1,s__Pseudomonas_Esp002901475,95.0,88.19,0.614;GCF_001648775.1,s__Pseudomonas_Efluorescens_M,95.0,88.18,0.624;GCF_016651305.1,s__Pseudomonas_Esp016651305,95.0,88.18,0.614;GCA_000783395.1,s__Pseudomonas_Echlororaphis_H,95.0,88.13,0.62;GCF_009764645.1,s__Pseudomonas_Esp009764645,95.0,88.12,0.617;GCF_023634765.1,s__Pseudomonas_Esp023634765,95.0,88.12,0.616;GCF_019145435.1,s__Pseudomonas_Eekonensis,95.0,88.07,0.656;GCF_009834515.1,s__Pseudomonas_Esp009834515,95.0,88.04,0.623;GCF_900182985.1,s__Pseudomonas_Ehelmanticensis,95.0,88.04,0.611;GCF_030687715.1,s__Pseudomonas_Esp030687715,95.0,87.96,0.632;GCA_900582195.1,s__Pseudomonas_Esp900582195,95.0,87.94,0.618;GCF_016650635.1,s__Pseudomonas_Esp016650635,95.0,87.91,0.592;GCF_000282515.1,s__Pseudomonas_Esp000282515,95.0,87.89,0.608;GCF_001297015.1,s__Pseudomonas_Esp001297015,95.0,87.85,0.608;GCF_018336155.1,s__Pseudomonas_Erustica,95.0,87.81,0.569;GCF_005938625.1,s__Pseudomonas_Efluorescens_BD,95.0,87.73,0.634;GCF_025397885.1,s__Pseudomonas_Eiridis,95.0,87.55,0.574;GCF_019733355.1,s__Pseudomonas_Ebaetica_A,95.0,87.51,0.576;GCF_017976235.1,s__Pseudomonas_Eanatoliensis,95.0,87.51,0.573;GCF_004801935.1,s__Pseudomonas_Eatacamensis,96.51,87.29,0.554;GCF_019145195.1,s__Pseudomonas_Esiliginis,95.52,87.27,0.572;GCA_902825215.1,s__Pseudomonas_Efluorescens_G,95.0,87.27,0.565;GCF_014268585.2,s__Pseudomonas_Eiranensis,95.0,87.25,0.556;GCF_024169245.1,s__Pseudomonas_Ekoreensis_F,95.0,87.23,0.589;GCF_019145375.1,s__Pseudomonas_Etriticicola,96.22,87.22,0.554;GCA_021605415.1,s__Pseudomonas_Esyringae_S,95.0,87.21,0.568;GCF_025706525.1,s__Pseudomonas_Emercuritolerans,95.24,87.15,0.537;GCA_030544685.1,s__Pseudomonas_Efluorescens_AO,95.0,87.07,0.577;GCF_900105485.1,s__Pseudomonas_Egranadensis,95.0,86.98,0.574;GCF_900105805.1,s__Pseudomonas_Emoraviensis_A,95.0,86.94,0.559;GCF_014268595.2,s__Pseudomonas_Ehamedanensis,95.0,86.92,0.551;GCF_002836515.1,s__Pseudomonas_Esp002836515,95.0,86.82,0.555;GCF_900636825.1,s__Pseudomonas_Efluorescens_BG,95.0,86.57,0.54;GCF_014268505.2,s__Pseudomonas_Ekhorasanensis,95.0,86.48,0.576;GCF_000282355.1,s__Pseudomonas_Esp000282355,95.0,86.24,0.418;GCF_001317545.1,s__Pseudomonas_Efluorescens_CD,95.0,86.14,0.442;GCF_000282335.1,s__Pseudomonas_Esp000282335,95.0,86.12,0.438;GCF_002934665.1,s__Pseudomonas_Elaurylsulfatiphila,95.0,85.96,0.452;GCF_002906155.1,s__Pseudomonas_Elaurylsulfativorans,95.0,85.87,0.436;GCF_019145495.1,s__Pseudomonas_Eazerbaijanoccidentalis,95.0,85.84,0.454;GCF_004348895.1,s__Pseudomonas_Evancouverensis,95.0,85.84,0.442;GCF_008801475.1,s__Pseudomonas_Emoorei,95.0,85.77,0.43;GCF_003228315.1,s__Pseudomonas_Eputida_S,95.0,85.76,0.437;GCF_028471945.1,s__Pseudomonas_Esp000282475,95.0,85.69,0.434;GCF_003258965.1,s__Pseudomonas_Efluorescens_CC,95.0,85.66,0.441;GCF_001945365.1,s__Pseudomonas_Ereinekei,95.0,85.53,0.454;GCF_900187565.1,s__Pseudomonas_Esp900187565,95.0,85.53,0.428;GCF_001427125.1,s__Pseudomonas_Esp001427125,95.0,85.52,0.423;GCF_028682635.1,s__Pseudomonas_Eputida_AE,95.0,85.46,0.433;GCF_028823535.1,s__Pseudomonas_Eserbica,95.0,85.34,0.425;GCF_001421885.1,s__Pseudomonas_Esp001421885,95.0,85.29,0.421;GCF_001269805.1,s__Pseudomonas_Esp001269805,95.0,85.2,0.394;GCF_002236105.1,s__Pseudomonas_Eumsongensis,95.0,85.1,0.401",97.42,11,N/A,N/A,Pseudomonas glycinae 
UF-76,d__Bacteria;p__Pseudomonadota;c__Gammaproteobacteria;o__Pseudomonadales;f__Moraxellaceae;g__Acinetobacter;s__Acinetobactergyllenbergii,GCF_000413855.1,95,d__Bacteria;p__Pseudomonadota;c__Gammaproteobacteria;o__Pseudomonadales;f__Moraxellaceae;g__Acinetobacter;s__Acinetobactergyllenbergii,98.12,0.901,GCF_000413855.1,95,d__Bacteria;p__Pseudomonadota;c__Gammaproteobacteria;o__Pseudomonadales;f__Moraxellaceae;g__Acinetobacter;s__Acinetobactergyllenbergii,98.12,0.901,d__Bacteria;p__Pseudomonadota;c__Gammaproteobacteria;o__Pseudomonadales;f__Moraxellaceae;g__Acinetobacter;s__,taxonomicclassificationdefinedbytopologyandANI,topologicalplacementandANIhavecongruentspeciesassignments,"GCF_013072695.1,s__Acinetobactersp013072695,95.0,92.1,0.765;GCF_000367945.1,s__Acinetobacterproteolyticus,95.0,91.57,0.759;GCF_023702715.1,s__Acinetobactersp023702715,95.0,91.54,0.8;GCF_000369525.1,s__Acinetobactersp000369525,95.0,90.37,0.732;GCF_000400715.1,s__Acinetobactersp000400715,95.0,90.23,0.705;GCF_000413935.1,s__Acinetobactercolistiniresistens,95.0,89.03,0.657;GCF_023702675.1,s__Acinetobactersp011753255,95.0,88.78,0.694;GCF_024582815.1,s__Acinetobactersp000369645,95.0,88.74,0.644;GCF_000369485.1,s__Acinetobacterdispersus,95.0,88.67,0.664;GCF_000369805.1,s__Acinetobactersp000369805,95.0,87.48,0.64;GCF_000369405.1,s__Acinetobactersp000369405,95.0,87.22,0.574;GCF_014635885.1,s__Acinetobactervivianii,95.0,85.72,0.499;GCF_014635545.1,s__Acinetobactercourvalinii,95.0,85.65,0.507;GCF_014636095.1,s__Acinetobactermodestus,95.0,84.34,0.353;GCA_913777945.1,s__Acinetobactersp913777945,95.0,84.1,0.196;GCF_000805455.1,s__Acinetobactersp000805455,95.0,84.02,0.387;GCF_027105055.1,s__Acinetobactersp027105055,95.0,83.92,0.356;GCF_002165255.2,s__Acinetobactersp002165255,95.0,83.57,0.36;GCF_000374425.1,s__Acinetobactertjernbergiae,95.0,83.32,0.325;GCF_000369005.1,s__Acinetobacterbeijerinckii,95.0,82.95,0.338;GCF_022549495.1,s__Acinetobactersp003987695,95.0,82.87,0.329;GCF_000368585.1,s__Acinetobactervenetianus,95.0,82.77,0.332;GCF_900406815.1,s__Acinetobacterhaemolyticus_A,95.0,82.63,0.298;GCF_022549355.1,s__Acinetobactersp022549355,95.0,82.43,0.303;GCF_000369065.1,s__Acinetobacterhaemolyticus,95.0,81.92,0.255;GCF_004208515.1,s__Acinetobacterhalotolerans,95.0,81.91,0.286;GCF_000368025.1,s__Acinetobacterparvus,95.0,81.79,0.264;GCF_030053775.1,s__Acinetobactersp030053775,95.0,81.61,0.212;GCF_008630915.1,s__Acinetobactersp008630915,95.0,81.51,0.27;GCF_000368765.1,s__Acinetobacterjunii,95.0,81.48,0.249;GCF_000369505.1,s__Acinetobactersp000369505,95.0,81.41,0.283",99.21,11,N/A,N/A,Acinetobacter gyllenbergii 
UF-77,d__Bacteria;p__Pseudomonadota;c__Gammaproteobacteria;o__Pseudomonadales;f__Pseudomonadaceae;g__Pseudomonas_E;s__Pseudomonas_Edefluvii,GCF_001695625.1,95,d__Bacteria;p__Pseudomonadota;c__Gammaproteobacteria;o__Pseudomonadales;f__Pseudomonadaceae;g__Pseudomonas_E;s__Pseudomonas_Edefluvii,98.23,0.891,GCF_001695625.1,95,d__Bacteria;p__Pseudomonadota;c__Gammaproteobacteria;o__Pseudomonadales;f__Pseudomonadaceae;g__Pseudomonas_E;s__Pseudomonas_Edefluvii,98.23,0.891,d__Bacteria;p__Pseudomonadota;c__Gammaproteobacteria;o__Pseudomonadales;f__Pseudomonadaceae;g__Pseudomonas_E;s__,taxonomicclassificationdefinedbytopologyandANI,topologicalplacementandANIhavecongruentspeciesassignments,"GCF_014648275.1,s__Pseudomonas_Elaurentiana,95.0,91.44,0.818;GCA_003523465.1,s__Pseudomonas_Esp003523465,95.0,86.02,0.223;GCF_900497695.1,s__Pseudomonas_Ewadenswilerensis,95.0,84.29,0.365;GCF_010671725.1,s__Pseudomonas_Ebrassicae,95.0,84.07,0.296;GCF_018417635.1,s__Pseudomonas_Esp900101695,95.0,84.05,0.366;GCF_000800615.1,s__Pseudomonas_Eputida_F,95.0,83.97,0.367;GCF_030466445.1,s__Pseudomonas_Esp030466445,95.0,83.86,0.368;GCF_000259195.1,s__Pseudomonas_Edonghuensis,95.0,83.85,0.349;GCF_030272895.1,s__Pseudomonas_Esp030272895,95.0,83.75,0.369;GCF_004214895.1,s__Pseudomonas_Etructae,95.0,83.69,0.341;GCF_000425805.1,s__Pseudomonas_Evranovensis,95.0,83.68,0.352;GCF_003024385.1,s__Pseudomonas_Esp003024385,95.0,83.61,0.332;GCF_028682455.1,s__Pseudomonas_Eputida_AA,95.0,83.6,0.354;GCF_000746525.1,s__Pseudomonas_Ealkylphenolica,95.0,83.55,0.335;GCF_017848315.1,s__Pseudomonas_Epalmensis,95.0,83.45,0.327;GCF_028656955.1,s__Pseudomonas_Esp028656955,95.0,83.43,0.321;GCF_016009175.1,s__Pseudomonas_Ealkylphenolica_B,95.0,83.42,0.338;GCF_004025535.1,s__Pseudomonas_Ealkylphenolica_A,95.0,83.4,0.339;GCF_003105155.1,s__Pseudomonas_Esp003105155,95.0,83.35,0.341;GCF_019168305.1,s__Pseudomonas_Eaegrilactucae,95.0,83.25,0.311;GCF_028682475.1,s__Pseudomonas_Eputida_AG,95.0,83.2,0.336;GCF_002845275.2,s__Pseudomonas_Esp000955815,95.0,83.19,0.316;GCF_900187455.1,s__Pseudomonas_Esp900187455,95.0,83.17,0.316;GCF_028656935.1,s__Pseudomonas_Esp028656935,95.0,82.99,0.346;GCF_001941965.1,s__Pseudomonas_Eputida_L,95.0,82.88,0.28;GCF_004353925.1,s__Pseudomonas_Esp004353925,95.0,82.75,0.294;GCF_000319305.2,s__Pseudomonas_Ebharatica,95.0,82.75,0.263;GCF_900188455.1,s__Pseudomonas_Ejaponica,95.0,82.69,0.292;GCF_004803755.1,s__Pseudomonas_Esp004803755,95.0,82.46,0.27;GCF_003231275.1,s__Pseudomonas_Ehuaxiensis,95.0,82.42,0.305;GCF_016881005.1,s__Pseudomonas_Earcuscaelestis,95.0,82.39,0.277;GCF_011355085.1,s__Pseudomonas_Eakapageensis,95.0,82.36,0.226;GCA_031253995.1,s__Pseudomonas_Esp031253995,95.0,82.19,0.287;GCA_029239415.1,s__Pseudomonas_Esp029239415,95.0,82.08,0.178;GCF_014268935.2,s__Pseudomonas_Eperadeniyensis,95.0,82.07,0.231;GCF_024741815.1,s__Pseudomonas_Esp024741815,95.0,82.05,0.212;GCA_943914515.1,s__Pseudomonas_Esp943914515,95.0,81.99,0.207;GCA_023388335.1,s__Pseudomonas_Esp023388335,95.0,81.99,0.196;GCF_029193575.1,s__Pseudomonas_Eentomophila_G,95.0,81.97,0.233;GCF_009905435.1,s__Pseudomonas_Esp009905435,95.0,81.93,0.213;GCF_900536025.1,s__Pseudomonas_Ereidholzensis,95.0,81.91,0.227;GCA_943912755.1,s__Pseudomonas_Esp943912755,95.0,81.86,0.232;GCF_020151015.1,s__Pseudomonas_Eputida_K,95.0,81.83,0.212;GCF_014268815.2,s__Pseudomonas_Eurmiensis,95.0,81.82,0.216;GCF_029840925.1,s__Pseudomonas_Esp029840925,95.0,81.78,0.206;GCF_016648105.1,s__Pseudomonas_Esp016648105,95.0,81.75,0.219;GCF_024127895.1,s__Pseudomonas_Eguariconensis_B,95.0,81.73,0.239;GCA_902498185.1,s__Pseudomonas_Efluorescens_BS,95.0,81.72,0.21;GCF_014268785.2,s__Pseudomonas_Eshirazensis,95.0,81.71,0.186;GCF_001636055.1,s__Pseudomonas_Eputida_B,95.0,81.61,0.226;GCF_029836165.1,s__Pseudomonas_Esp029836165,95.0,81.58,0.212;GCF_014268885.2,s__Pseudomonas_Exantholysinigenes,95.0,81.57,0.209;GCF_005080685.1,s__Pseudomonas_Eputida_V,95.0,81.47,0.212;GCA_014268975.2,s__Pseudomonas_Ewayambapalatensis,95.0,81.47,0.202;GCF_000935045.1,s__Pseudomonas_Esp000935045,95.0,81.47,0.199;GCF_017875955.1,s__Pseudomonas_Esp017875955,95.0,81.44,0.202;GCF_002741075.1,s__Pseudomonas_Eputida_T,95.0,81.42,0.207;GCF_015680295.1,s__Pseudomonas_Eguariconensis_D,95.0,81.41,0.212;GCF_000425785.1,s__Pseudomonas_Etaiwanensis,95.0,81.29,0.202;GCA_000497835.1,s__Pseudomonas_Esp000497835,95.0,81.25,0.155;GCF_015680245.1,s__Pseudomonas_Eguariconensis_C,95.0,81.24,0.206;GCF_900102675.1,s__Pseudomonas_Eguariconensis,95.0,81.23,0.201;GCF_023509015.1,s__Pseudomonas_Esp023509015,95.0,80.98,0.167;GCF_000263855.1,s__Pseudomonas_Esp000263855,95.0,80.98,0.16;GCF_015680235.1,s__Pseudomonas_Eguariconensis_A,95.0,80.96,0.193;GCF_002018875.1,s__Pseudomonas_Esp002018875,95.0,80.95,0.159;GCF_026651855.1,s__Pseudomonas_Esp026651855,95.0,80.9,0.156;GCF_016518545.1,s__Pseudomonas_Esp016518545,95.0,80.77,0.16;GCF_013374995.1,s__Pseudomonas_Eeucalypticola,95.0,80.77,0.158;GCF_013523055.1,s__Pseudomonas_Ecapeferrum_A,95.0,80.73,0.181;GCF_000800255.1,s__Pseudomonas_Eparafulva_A,95.0,80.7,0.183;GCF_015680705.1,s__Pseudomonas_Efulva_C,95.0,80.7,0.167;GCA_001534745.1,s__Pseudomonas_Emonteilii_A,95.0,80.7,0.161;GCF_000425745.1,s__Pseudomonas_Ecremoricolorata,95.0,80.7,0.161;GCF_023241715.1,s__Pseudomonas_Emorbosilactucae,95.0,80.67,0.176;GCF_000759535.1,s__Pseudomonas_Ecremoricolorata_A,95.0,80.55,0.165",98.65,11,N/A,N/A,Pseudomonas defluvii 
UF-78,d__Bacteria;p__Pseudomonadota;c__Gammaproteobacteria;o__Pseudomonadales;f__Pseudomonadaceae;g__Pseudomonas_E;s__Pseudomonas_Eputida_Y,GCF_002906795.1,95,d__Bacteria;p__Pseudomonadota;c__Gammaproteobacteria;o__Pseudomonadales;f__Pseudomonadaceae;g__Pseudomonas_E;s__Pseudomonas_Eputida_Y,98.77,0.883,GCF_002906795.1,95,d__Bacteria;p__Pseudomonadota;c__Gammaproteobacteria;o__Pseudomonadales;f__Pseudomonadaceae;g__Pseudomonas_E;s__Pseudomonas_Eputida_Y,98.77,0.883,d__Bacteria;p__Pseudomonadota;c__Gammaproteobacteria;o__Pseudomonadales;f__Pseudomonadaceae;g__Pseudomonas_E;s__,taxonomicclassificationdefinedbytopologyandANI,topologicalplacementandANIhavecongruentspeciesassignments,"GCF_021283545.2,s__Pseudomonas_Ealloputida,95.0,95.24,0.834;GCF_013393325.1,s__Pseudomonas_Eputida_P,95.0,90.36,0.709;GCF_000498395.2,s__Pseudomonas_Eputida_Q,95.0,89.99,0.696;GCF_000412675.1,s__Pseudomonas_Eputida,95.0,89.99,0.696;GCF_000708715.2,s__Pseudomonas_Eputida_R,95.0,89.99,0.677;GCF_003205205.1,s__Pseudomonas_Esp003205205,95.0,89.94,0.688;GCA_947090765.1,s__Pseudomonas_Esp947090765,95.0,89.74,0.69;GCF_022533585.1,s__Pseudomonas_Esp001642705,95.0,89.71,0.66;GCF_030159595.1,s__Pseudomonas_Eputida_AC,95.0,89.64,0.675;GCF_000730605.1,s__Pseudomonas_Emonteilii,95.0,89.6,0.665;GCF_002356095.1,s__Pseudomonas_Eputida_H,95.0,89.59,0.695;GCF_009932335.1,s__Pseudomonas_Easiatica,95.0,89.56,0.658;GCF_900291015.1,s__Pseudomonas_Esp900291015,95.0,89.54,0.655;GCF_000935045.1,s__Pseudomonas_Esp000935045,95.0,89.54,0.642;GCF_015680405.1,s__Pseudomonas_Epudica,95.0,89.42,0.644;GCA_029953615.1,s__Pseudomonas_Esp002113165,95.0,89.24,0.654;GCF_002165135.1,s__Pseudomonas_Esp002165135,95.0,89.23,0.672;GCF_003331055.1,s__Pseudomonas_Esp003331055,95.0,89.2,0.648;GCF_029202525.1,s__Pseudomonas_Ephytovorans,95.0,89.17,0.638;GCF_900277125.1,s__Pseudomonas_Einefficax,95.0,89.0,0.632;GCF_015680575.1,s__Pseudomonas_Eputida_Z,95.0,88.98,0.644;GCF_016658545.1,s__Pseudomonas_Esp016658545,95.0,88.97,0.659;GCF_013179515.1,s__Pseudomonas_Esp013179515,95.0,88.66,0.604;GCF_003627215.1,s__Pseudomonas_Esp001422615,95.0,88.59,0.623;GCF_014269225.2,s__Pseudomonas_Eanuradhapurensis,95.0,88.35,0.618;GCF_014269185.2,s__Pseudomonas_Eoryzicola,95.0,88.2,0.638;GCF_916618955.1,s__Pseudomonas_Esp916618955,95.0,88.11,0.606;GCF_002386445.1,s__Pseudomonas_Esp002386445,95.0,88.08,0.618;GCF_009932375.1,s__Pseudomonas_Ejuntendi,95.0,88.05,0.552;GCF_017744435.1,s__Pseudomonas_Esp017744435,95.0,87.44,0.535;GCF_009883635.2,s__Pseudomonas_Eputida_W,95.0,87.41,0.543;GCF_003097235.1,s__Pseudomonas_Esp003097235,95.0,87.41,0.543;GCF_002112505.1,s__Pseudomonas_Esp002112505,95.0,87.4,0.555;GCF_009391885.1,s__Pseudomonas_Esp009391885,95.0,87.25,0.526;GCF_002025705.1,s__Pseudomonas_Eputida_J,95.0,87.24,0.536;GCF_021602585.1,s__Pseudomonas_Efaucium,95.0,87.12,0.535;GCF_024349685.1,s__Pseudomonas_Esp024349685,95.0,87.12,0.535;GCF_025905425.1,s__Pseudomonas_Eputida_AF,95.0,87.05,0.544;GCF_002906855.1,s__Pseudomonas_Eputida_N,95.0,86.99,0.53;GCF_000731675.1,s__Pseudomonas_Ecapeferrum,95.0,86.9,0.531;GCF_014269035.2,s__Pseudomonas_Evlassakiae,95.0,86.88,0.509;GCF_001320245.1,s__Pseudomonas_Esp001320245,95.0,86.85,0.501;GCF_014269205.2,s__Pseudomonas_Ekermanshahensis,95.0,86.81,0.539;GCF_011752565.1,s__Pseudomonas_Esp011752565,95.0,86.78,0.505;GCF_000282535.1,s__Pseudomonas_Esp000282535,95.0,86.76,0.49;GCF_000730665.1,s__Pseudomonas_Eplecoglossicida,95.0,86.45,0.496;GCF_028898945.1,s__Pseudomonas_Esp028898945,95.0,86.09,0.452;GCF_021601385.1,s__Pseudomonas_Eparasichuanensis,95.0,86.05,0.438;GCF_016648105.1,s__Pseudomonas_Esp016648105,95.0,86.04,0.456;GCF_021602025.1,s__Pseudomonas_Eceruminis,95.0,85.95,0.473;GCF_016406145.1,s__Pseudomonas_Eputida_E,95.0,85.95,0.46;GCF_005080685.1,s__Pseudomonas_Eputida_V,95.0,85.92,0.446;GCF_019139895.1,s__Pseudomonas_Efakonensis,95.0,85.87,0.422;GCF_026625125.1,s__Pseudomonas_Eputida_X,95.0,85.81,0.439;GCF_014268935.2,s__Pseudomonas_Eperadeniyensis,95.0,85.77,0.435;GCF_003205295.1,s__Pseudomonas_Emosselii_B,95.0,85.72,0.425;GCF_018417595.1,s__Pseudomonas_Eentomophila_C,95.0,85.7,0.418;GCF_015354575.1,s__Pseudomonas_Esp015354575,95.0,85.68,0.421;GCF_019823065.1,s__Pseudomonas_Emosselii,95.0,85.63,0.436;GCF_019139535.1,s__Pseudomonas_Emuyukensis,95.0,85.6,0.42;GCF_022405695.1,s__Pseudomonas_Eentomophila_E,95.0,85.57,0.414;GCF_024749165.1,s__Pseudomonas_Esp024749165,95.0,85.56,0.431;GCF_019139675.1,s__Pseudomonas_Emaumuensis,95.0,85.56,0.428;GCF_029836165.1,s__Pseudomonas_Esp029836165,95.0,85.54,0.409;GCF_000026105.1,s__Pseudomonas_Eentomophila,95.0,85.49,0.424;GCF_000425785.1,s__Pseudomonas_Etaiwanensis,95.0,85.46,0.446;GCF_004519305.1,s__Pseudomonas_Esp004519305,95.0,85.44,0.427;GCF_014268885.2,s__Pseudomonas_Exantholysinigenes,95.0,85.41,0.415;GCF_004357765.1,s__Pseudomonas_Eputida_U,95.0,85.41,0.393;GCF_003231305.1,s__Pseudomonas_Esichuanensis,95.0,85.34,0.437;GCF_029840925.1,s__Pseudomonas_Esp029840925,95.0,85.23,0.408;GCF_029193575.1,s__Pseudomonas_Eentomophila_G,95.0,85.21,0.417;GCF_900110655.1,s__Pseudomonas_Esoli,95.0,85.21,0.415;GCF_011752525.1,s__Pseudomonas_Esp011752525,95.0,85.19,0.422;GCF_029478665.1,s__Pseudomonas_Eentomophila_F,95.0,85.17,0.413;GCF_023277925.1,s__Pseudomonas_Eentomophila_D,95.0,85.17,0.406;GCF_024127895.1,s__Pseudomonas_Eguariconensis_B,95.0,85.15,0.427;GCF_020151015.1,s__Pseudomonas_Eputida_K,95.0,85.14,0.408;GCF_015680235.1,s__Pseudomonas_Eguariconensis_A,95.0,85.09,0.43;GCF_000730645.1,s__Pseudomonas_Eparafulva,95.0,85.04,0.445;GCF_900536025.1,s__Pseudomonas_Ereidholzensis,95.0,84.82,0.4;GCF_007677725.1,s__Pseudomonas_Esp003445295,95.0,84.69,0.401;GCF_001636055.1,s__Pseudomonas_Eputida_B,95.0,84.62,0.392;GCF_015680245.1,s__Pseudomonas_Eguariconensis_C,95.0,84.52,0.388;GCF_014269025.2,s__Pseudomonas_Epromysalinigenes,95.0,84.5,0.403;GCF_014268815.2,s__Pseudomonas_Eurmiensis,95.0,84.49,0.389;GCF_015680295.1,s__Pseudomonas_Eguariconensis_D,95.0,84.49,0.389;GCF_900102675.1,s__Pseudomonas_Eguariconensis,95.0,84.47,0.42;GCA_014268975.2,s__Pseudomonas_Ewayambapalatensis,95.0,84.4,0.386;GCF_002741075.1,s__Pseudomonas_Eputida_T,95.0,84.29,0.377;GCF_017875955.1,s__Pseudomonas_Esp017875955,95.0,84.26,0.359;GCF_005796105.1,s__Pseudomonas_Emosselii_C,95.0,84.25,0.366;GCF_014268805.2,s__Pseudomonas_Efarsensis,95.0,84.24,0.347;GCF_002021815.1,s__Pseudomonas_Eparafulva_B,95.0,83.51,0.361;GCF_000800255.1,s__Pseudomonas_Eparafulva_A,95.0,83.44,0.324;GCF_000730565.1,s__Pseudomonas_Efulva,95.0,83.36,0.356;GCF_014268785.2,s__Pseudomonas_Eshirazensis,95.0,83.16,0.326;GCF_016518545.1,s__Pseudomonas_Esp016518545,95.0,83.13,0.272;GCF_000759535.1,s__Pseudomonas_Ecremoricolorata_A,95.0,82.28,0.278",97.7,11,N/A,N/A,Pseudomonas putida F
UF-81,d__Bacteria;p__Bacteroidota;c__Bacteroidia;o__Flavobacteriales;f__Weeksellaceae;g__Chryseobacterium;s__,N/A,N/A,N/A,N/A,N/A,GCF_003290185.1,95,d__Bacteria;p__Bacteroidota;c__Bacteroidia;o__Flavobacteriales;f__Weeksellaceae;g__Chryseobacterium;s__Chryseobacteriumlathyri,90.82,0.755,d__Bacteria;p__Bacteroidota;c__Bacteroidia;o__Flavobacteriales;f__Weeksellaceae;g__Chryseobacterium;s__,taxonomicclassificationdefinedbytopologyandANI,classificationbasedonplacementinclass-leveltree,"GCF_003385495.1,s__Chryseobacteriumelymi,95.0,90.06,0.675;GCF_030812195.1,s__Chryseobacteriumlathyri_A,95.0,89.88,0.666;GCF_001045445.1,s__Chryseobacteriumsp001045445,95.0,86.33,0.527;GCF_000737785.1,s__Chryseobacteriumluteum,95.0,86.26,0.481;GCF_025244725.1,s__Chryseobacteriumoranimense_A,95.0,85.91,0.525;GCF_012927325.1,s__Chryseobacteriumantibioticum,95.0,85.68,0.495;GCF_900129755.1,s__Chryseobacteriumoranimense,95.0,85.61,0.505;GCF_025154075.1,s__Chryseobacteriumsp025154075,95.0,85.54,0.436;GCF_900115055.1,s__Chryseobacteriumoleae,95.0,85.34,0.435;GCF_900128945.1,s__Chryseobacteriumsp900128945,95.0,85.26,0.446;GCF_000737715.1,s__Chryseobacteriumsp000737715,95.0,85.23,0.437;GCF_014207845.1,s__Chryseobacteriumshigense_A,95.0,85.02,0.452;GCF_900156575.1,s__Chryseobacteriumshigense,95.0,84.91,0.422;GCF_030816115.1,s__Chryseobacteriumsp030816115,95.0,84.82,0.458;GCF_016745235.1,s__Chryseobacteriumendalhagicum,95.0,84.77,0.404;GCF_019970065.1,s__Chryseobacteriumsp019970065,95.0,84.67,0.443;GCF_002754245.1,s__Chryseobacteriumsp002754245,95.0,84.65,0.411;GCF_000737765.1,s__Chryseobacteriumvrystaatense,95.0,84.35,0.405;GCF_900142785.1,s__Chryseobacteriumcarnipullorum,95.0,84.33,0.41;GCF_001045465.1,s__Chryseobacteriumangstadtii,95.0,83.74,0.356;GCF_001563495.1,s__Chryseobacteriumkwangjuense,95.0,83.58,0.339;GCF_900169075.1,s__Chryseobacteriumphocaeense,95.0,83.32,0.335;GCF_009602705.1,s__Chryseobacteriumvaccae,95.0,81.11,0.2;GCF_001295265.1,s__Chryseobacteriumindologenes_A,95.0,80.8,0.189;GCF_008386505.1,s__Chryseobacteriumsediminis,95.0,80.64,0.176;GCF_001684965.1,s__Chryseobacteriumarthrosphaerae,95.0,80.53,0.171;GCF_018362995.1,s__Chryseobacteriumindologenes_G,95.0,80.51,0.179;GCF_019970045.1,s__Chryseobacteriumsp019970045,95.0,80.5,0.174;GCF_900636535.1,s__Chryseobacteriumgleum,95.0,80.5,0.171;GCF_024399315.1,s__Chryseobacteriumsp024399315,95.0,80.46,0.195;GCF_001593385.1,s__Chryseobacteriumcucumeris,95.0,80.42,0.17;GCF_903969135.1,s__Chryseobacteriumsp900156935,95.0,80.42,0.169;GCF_006716485.1,s__Chryseobacteriumaquifrigidense,95.0,80.41,0.172;GCA_031277615.1,s__Chryseobacteriumsp031277615,95.0,80.36,0.181;GCF_900182655.1,s__Chryseobacteriumrhizoplanae,95.0,80.34,0.176;GCF_003385455.1,s__Chryseobacteriumrhizosphaerae,95.0,80.31,0.184;GCF_016775705.1,s__Chryseobacteriumsp003182335,95.0,80.31,0.175;GCA_031286615.1,s__Chryseobacteriumsp031286615,95.0,80.29,0.169;GCA_002439165.1,s__Chryseobacteriumindologenes_E,95.0,80.26,0.186;GCF_000829375.1,s__Chryseobacteriumsp000829375,95.0,80.26,0.155;GCF_003815775.1,s__Chryseobacteriumjoostei,95.0,80.25,0.152;GCF_002899945.2,s__Chryseobacteriumviscerum,95.0,80.24,0.18;GCF_004119445.1,s__Chryseobacteriumsp004119445,95.0,80.22,0.162;GCF_003971235.1,s__Chryseobacteriumaureum,95.0,80.16,0.165;GCF_918698085.1,s__Chryseobacteriumsp918698085,95.0,80.15,0.165;GCF_025949665.1,s__Chryseobacteriumviscerum_A,95.0,80.14,0.175;GCF_004916905.1,s__Chryseobacteriumcandidae,95.0,80.14,0.167;GCF_003663845.1,s__Chryseobacteriumsp003663845,95.0,80.14,0.163;GCF_003347605.1,s__Chryseobacteriumsp003347605,95.0,80.12,0.171;GCF_002979755.1,s__Chryseobacteriumculicis_A,95.0,80.09,0.162;GCF_022869225.1,s__Chryseobacteriumsp022869225,95.0,80.08,0.174;GCF_008274625.1,s__Chryseobacteriumpanacisoli,95.0,80.08,0.164;GCF_002025665.1,s__Chryseobacteriumindologenes_F,95.0,80.04,0.167;GCA_019203745.1,s__Chryseobacteriumsp019203745,95.0,80.04,0.158;GCF_024158915.1,s__Chryseobacteriumsp024158915,95.0,80.02,0.174;GCF_003729935.1,s__Chryseobacteriumsp003729935,95.0,80.02,0.153;GCF_011752975.1,s__Chryseobacteriumsp011752975,95.0,80.02,0.152;GCF_006829085.1,s__Chryseobacteriumsp006829085,95.0,80.01,0.174;GCF_017877355.1,s__Chryseobacteriumjejuense_A,95.0,79.93,0.157;GCF_900108365.1,s__Chryseobacteriumculicis,95.0,79.92,0.163;GCF_003385595.1,s__Chryseobacteriumflavum,95.0,79.86,0.157;GCF_019236175.1,s__Chryseobacteriumsp019236175,95.0,79.83,0.155",97.48,11,0.9977,Genomenotassignedtoclosestspeciesasitfallsoutsideitspre-definedANIradius,Chryseobacterium_B 
UF-84,d__Bacteria;p__Pseudomonadota;c__Gammaproteobacteria;o__Pseudomonadales;f__Pseudomonadaceae;g__Pseudomonas_E;s__Pseudomonas_Emoraviensis_A,GCF_900105805.1,95,d__Bacteria;p__Pseudomonadota;c__Gammaproteobacteria;o__Pseudomonadales;f__Pseudomonadaceae;g__Pseudomonas_E;s__Pseudomonas_Emoraviensis_A,98.37,0.948,GCF_900105805.1,95,d__Bacteria;p__Pseudomonadota;c__Gammaproteobacteria;o__Pseudomonadales;f__Pseudomonadaceae;g__Pseudomonas_E;s__Pseudomonas_Emoraviensis_A,98.37,0.948,d__Bacteria;p__Pseudomonadota;c__Gammaproteobacteria;o__Pseudomonadales;f__Pseudomonadaceae;g__Pseudomonas_E;s__,taxonomicclassificationdefinedbytopologyandANI,topologicalplacementandANIhavecongruentspeciesassignments,"GCF_024169245.1,s__Pseudomonas_Ekoreensis_F,95.0,94.06,0.855;GCF_025706525.1,s__Pseudomonas_Emercuritolerans,95.24,92.95,0.829;GCA_030544685.1,s__Pseudomonas_Efluorescens_AO,95.0,92.72,0.837;GCF_019145375.1,s__Pseudomonas_Etriticicola,96.22,92.72,0.825;GCF_014268585.2,s__Pseudomonas_Eiranensis,95.0,92.72,0.821;GCF_004801935.1,s__Pseudomonas_Eatacamensis,96.51,92.72,0.817;GCF_019145195.1,s__Pseudomonas_Esiliginis,95.52,92.48,0.812;GCF_002836515.1,s__Pseudomonas_Esp002836515,95.0,91.6,0.775;GCF_014268595.2,s__Pseudomonas_Ehamedanensis,95.0,89.84,0.713;GCF_014268505.2,s__Pseudomonas_Ekhorasanensis,95.0,89.75,0.754;GCF_900105485.1,s__Pseudomonas_Egranadensis,95.0,89.07,0.684;GCF_028656995.1,s__Pseudomonas_Esp028656995,95.0,89.07,0.659;GCA_902825215.1,s__Pseudomonas_Efluorescens_G,95.0,89.05,0.666;GCF_015461835.1,s__Pseudomonas_Eneuropathica,95.0,89.02,0.685;GCA_900580865.1,s__Pseudomonas_Esp900580865,95.0,89.02,0.67;GCA_000783395.1,s__Pseudomonas_Echlororaphis_H,95.0,89.01,0.665;GCF_023634765.1,s__Pseudomonas_Esp023634765,95.0,88.97,0.668;GCF_900187605.1,s__Pseudomonas_Esp900187605,95.0,88.95,0.676;GCF_018138145.1,s__Pseudomonas_Ekoreensis_A,95.0,88.94,0.684;GCF_000802985.1,s__Pseudomonas_Efluorescens_BZ,95.0,88.94,0.673;GCF_005938625.1,s__Pseudomonas_Efluorescens_BD,95.0,88.92,0.676;GCF_022662375.1,s__Pseudomonas_Esp022662375,95.0,88.92,0.669;GCF_001648775.1,s__Pseudomonas_Efluorescens_M,95.0,88.92,0.66;GCF_004011755.1,s__Pseudomonas_Esp004011755,95.0,88.88,0.677;GCF_014268445.2,s__Pseudomonas_Etensinigenes,95.0,88.87,0.674;GCF_003732425.1,s__Pseudomonas_Efluorescens_BE,95.0,88.86,0.654;GCA_900582195.1,s__Pseudomonas_Esp900582195,95.0,88.84,0.663;GCF_902497745.1,s__Pseudomonas_Efluorescens_BM,95.0,88.79,0.678;GCF_013433315.1,s__Pseudomonas_Ecrudilactis,95.0,88.77,0.661;GCF_009834515.1,s__Pseudomonas_Esp009834515,95.0,88.75,0.677;GCF_900636825.1,s__Pseudomonas_Efluorescens_BG,95.0,88.75,0.64;GCF_900182985.1,s__Pseudomonas_Ehelmanticensis,95.0,88.65,0.634;GCF_029543085.1,s__Pseudomonas_Esp029543085,95.0,88.63,0.653;GCF_011605305.1,s__Pseudomonas_Ekoreensis_G,95.0,88.62,0.629;GCF_014268495.2,s__Pseudomonas_Emonsensis,95.0,88.61,0.625;GCF_018336155.1,s__Pseudomonas_Erustica,95.0,88.54,0.58;GCF_016651305.1,s__Pseudomonas_Esp016651305,95.0,88.53,0.626;GCF_001297015.1,s__Pseudomonas_Esp001297015,95.0,88.51,0.647;GCF_002813455.1,s__Pseudomonas_Ebaetica,95.0,88.47,0.617;GCF_018326005.1,s__Pseudomonas_Esp002901475,95.0,88.46,0.622;GCF_028830055.1,s__Pseudomonas_Eserboccidentalis,95.0,88.45,0.618;GCF_000631985.1,s__Pseudomonas_Esp000631985,95.0,88.43,0.626;GCF_000292795.1,s__Pseudomonas_Efluorescens_H,95.0,88.43,0.624;GCF_004683905.1,s__Pseudomonas_Eputida_A,95.0,88.39,0.623;GCF_000282275.2,s__Pseudomonas_Esp000282275,95.0,88.38,0.615;GCF_012986595.1,s__Pseudomonas_Ekoreensis,95.0,88.36,0.623;GCF_011369485.1,s__Pseudomonas_Eatagonensis,95.0,88.26,0.607;GCF_030687715.1,s__Pseudomonas_Esp030687715,95.0,88.24,0.618;GCF_016650635.1,s__Pseudomonas_Esp016650635,95.0,88.21,0.612;GCF_021602155.1,s__Pseudomonas_Eparakoreensis,95.0,88.18,0.606;GCF_000633255.1,s__Pseudomonas_Esp000633255,95.0,88.16,0.612;GCF_002878485.1,s__Pseudomonas_Esp002878485,95.0,88.16,0.606;GCF_014472415.1,s__Pseudomonas_Esp014472415,95.0,88.06,0.596;GCF_009764645.1,s__Pseudomonas_Esp009764645,95.0,88.04,0.628;GCF_017976235.1,s__Pseudomonas_Eanatoliensis,95.0,87.93,0.618;GCF_030209175.1,s__Pseudomonas_Esp030209175,95.0,87.86,0.586;GCF_021018765.1,s__Pseudomonas_Efitomaticsae,95.0,87.86,0.581;GCF_025397885.1,s__Pseudomonas_Eiridis,95.0,87.83,0.6;GCF_021601625.1,s__Pseudomonas_Eparaglycinae,95.0,87.82,0.574;GCF_017498465.1,s__Pseudomonas_Efluorescens_CA,95.0,87.82,0.574;GCF_014863585.1,s__Pseudomonas_Egozinkensis,95.0,87.8,0.595;GCF_002113125.1,s__Pseudomonas_Esp002113125,95.0,87.8,0.587;GCF_000282515.1,s__Pseudomonas_Esp000282515,95.0,87.79,0.61;GCF_025447595.1,s__Pseudomonas_Ekoreensis_H,95.0,87.79,0.583;GCF_030344995.1,s__Pseudomonas_Efluorescens_BF,95.0,87.77,0.586;GCF_021602345.1,s__Pseudomonas_Epharyngis,95.0,87.76,0.583;GCF_003352185.1,s__Pseudomonas_Ekribbensis,95.0,87.75,0.561;GCF_020544405.1,s__Pseudomonas_Esp002113045,95.0,87.72,0.568;GCF_001594225.2,s__Pseudomonas_Eglycinae,95.0,87.71,0.58;GCF_023375815.1,s__Pseudomonas_Esp023375815,95.0,87.66,0.571;GCF_003061005.1,s__Pseudomonas_Esp003061005,95.0,87.63,0.587;GCF_021603585.1,s__Pseudomonas_Esputi,95.0,87.62,0.565;GCF_019733355.1,s__Pseudomonas_Ebaetica_A,95.0,87.61,0.565;GCF_014863605.1,s__Pseudomonas_Eallokribbensis,95.0,87.58,0.549;GCF_012974785.1,s__Pseudomonas_Efluorescens_BT,95.0,87.47,0.558;GCF_002112385.1,s__Pseudomonas_Esp002112385,95.0,87.34,0.54;GCF_016651255.1,s__Pseudomonas_Esp016651255,95.0,87.17,0.399;GCA_021605415.1,s__Pseudomonas_Esyringae_S,95.0,86.69,0.523;GCF_000282355.1,s__Pseudomonas_Esp000282355,95.0,85.45,0.38;GCF_000802965.1,s__Pseudomonas_Efluorescens_A,95.0,85.28,0.408;GCF_019145495.1,s__Pseudomonas_Eazerbaijanoccidentalis,95.0,85.26,0.423;GCF_002934665.1,s__Pseudomonas_Elaurylsulfatiphila,95.0,85.23,0.415;GCF_028682635.1,s__Pseudomonas_Eputida_AE,95.0,85.2,0.401;GCF_001945365.1,s__Pseudomonas_Ereinekei,95.0,85.18,0.412;GCF_002906155.1,s__Pseudomonas_Elaurylsulfativorans,95.0,85.14,0.399;GCF_028471945.1,s__Pseudomonas_Esp000282475,95.0,85.09,0.394;GCF_000282335.1,s__Pseudomonas_Esp000282335,95.0,85.09,0.388;GCF_900187565.1,s__Pseudomonas_Esp900187565,95.0,85.08,0.416;GCF_003258965.1,s__Pseudomonas_Efluorescens_CC,95.0,85.08,0.399;GCF_001317545.1,s__Pseudomonas_Efluorescens_CD,95.0,85.07,0.395;GCF_003228315.1,s__Pseudomonas_Eputida_S,95.0,85.05,0.399;GCF_001427125.1,s__Pseudomonas_Esp001427125,95.0,85.03,0.387;GCF_004348895.1,s__Pseudomonas_Evancouverensis,95.0,85.02,0.401;GCF_028823535.1,s__Pseudomonas_Eserbica,95.0,85.0,0.386;GCF_900187615.1,s__Pseudomonas_Esp900187615,95.0,84.96,0.388;GCF_002236105.1,s__Pseudomonas_Eumsongensis,95.0,84.77,0.367;GCF_008801475.1,s__Pseudomonas_Emoorei,95.0,84.74,0.378;GCF_001269805.1,s__Pseudomonas_Esp001269805,95.0,84.63,0.367;GCF_001421885.1,s__Pseudomonas_Esp001421885,95.0,84.38,0.367",97.66,11,N/A,N/A,Pseudomonas moraviensis
UF-86,d__Bacteria;p__Pseudomonadota;c__Gammaproteobacteria;o__Pseudomonadales;f__Pseudomonadaceae;g__Pseudomonas_E;s__Pseudomonas_Emonteilii_A,GCA_001534745.1,95,d__Bacteria;p__Pseudomonadota;c__Gammaproteobacteria;o__Pseudomonadales;f__Pseudomonadaceae;g__Pseudomonas_E;s__Pseudomonas_Emonteilii_A,98.26,0.928,GCA_001534745.1,95,d__Bacteria;p__Pseudomonadota;c__Gammaproteobacteria;o__Pseudomonadales;f__Pseudomonadaceae;g__Pseudomonas_E;s__Pseudomonas_Emonteilii_A,98.26,0.928,d__Bacteria;p__Pseudomonadota;c__Gammaproteobacteria;o__Pseudomonadales;f__Pseudomonadaceae;g__Pseudomonas_E;s__,taxonomicclassificationdefinedbytopologyandANI,topologicalplacementandANIhavecongruentspeciesassignments,"GCF_013523125.1,s__Pseudomonas_Eentomophila_B,95.0,92.27,0.794;GCF_013523165.1,s__Pseudomonas_Eentomophila_A,95.0,91.3,0.807;GCA_029239415.1,s__Pseudomonas_Esp029239415,95.0,85.07,0.338;GCF_019139535.1,s__Pseudomonas_Emuyukensis,95.0,84.31,0.325;GCF_021602585.1,s__Pseudomonas_Efaucium,95.0,84.21,0.324;GCF_024127895.1,s__Pseudomonas_Eguariconensis_B,95.0,84.18,0.329;GCF_029193575.1,s__Pseudomonas_Eentomophila_G,95.0,84.08,0.326;GCF_004519305.1,s__Pseudomonas_Esp004519305,95.0,84.08,0.315;GCF_019823065.1,s__Pseudomonas_Emosselii,95.0,84.04,0.305;GCF_014268935.2,s__Pseudomonas_Eperadeniyensis,95.0,84.0,0.316;GCF_011752525.1,s__Pseudomonas_Esp011752525,95.0,83.99,0.315;GCF_014268885.2,s__Pseudomonas_Exantholysinigenes,95.0,83.97,0.303;GCF_003205295.1,s__Pseudomonas_Emosselii_B,95.0,83.94,0.313;GCF_015680705.1,s__Pseudomonas_Efulva_C,95.0,83.92,0.337;GCF_029836165.1,s__Pseudomonas_Esp029836165,95.0,83.91,0.317;GCF_022405695.1,s__Pseudomonas_Eentomophila_E,95.0,83.88,0.294;GCF_020151015.1,s__Pseudomonas_Eputida_K,95.0,83.86,0.307;GCF_015354575.1,s__Pseudomonas_Esp015354575,95.0,83.84,0.296;GCF_019139895.1,s__Pseudomonas_Efakonensis,95.0,83.82,0.312;GCF_002112505.1,s__Pseudomonas_Esp002112505,95.0,83.77,0.319;GCF_021601385.1,s__Pseudomonas_Eparasichuanensis,95.0,83.76,0.297;GCF_018417595.1,s__Pseudomonas_Eentomophila_C,95.0,83.74,0.301;GCF_016648105.1,s__Pseudomonas_Esp016648105,95.0,83.69,0.32;GCF_022533585.1,s__Pseudomonas_Esp001642705,95.0,83.68,0.288;GCF_029478665.1,s__Pseudomonas_Eentomophila_F,95.0,83.66,0.303;GCF_024349685.1,s__Pseudomonas_Esp024349685,95.0,83.64,0.29;GCF_009932335.1,s__Pseudomonas_Easiatica,95.0,83.62,0.288;GCF_029840925.1,s__Pseudomonas_Esp029840925,95.0,83.61,0.311;GCF_011752565.1,s__Pseudomonas_Esp011752565,95.0,83.6,0.316;GCF_000026105.1,s__Pseudomonas_Eentomophila,95.0,83.6,0.3;GCF_900536025.1,s__Pseudomonas_Ereidholzensis,95.0,83.57,0.303;GCF_015680235.1,s__Pseudomonas_Eguariconensis_A,95.0,83.51,0.293;GCF_000282535.1,s__Pseudomonas_Esp000282535,95.0,83.5,0.289;GCF_000730665.1,s__Pseudomonas_Eplecoglossicida,95.0,83.49,0.297;GCF_002434265.1,s__Pseudomonas_Esp002434265,95.0,83.47,0.314;GCF_014269035.2,s__Pseudomonas_Evlassakiae,95.0,83.44,0.301;GCF_016518545.1,s__Pseudomonas_Esp016518545,95.0,83.38,0.289;GCF_000935045.1,s__Pseudomonas_Esp000935045,95.0,83.37,0.295;GCA_014268975.2,s__Pseudomonas_Ewayambapalatensis,95.0,83.37,0.285;GCF_900291015.1,s__Pseudomonas_Esp900291015,95.0,83.37,0.269;GCF_023277925.1,s__Pseudomonas_Eentomophila_D,95.0,83.33,0.301;GCF_015680575.1,s__Pseudomonas_Eputida_Z,95.0,83.31,0.281;GCF_015680295.1,s__Pseudomonas_Eguariconensis_D,95.0,83.3,0.266;GCF_030159595.1,s__Pseudomonas_Eputida_AC,95.0,83.29,0.281;GCF_005080685.1,s__Pseudomonas_Eputida_V,95.0,83.26,0.295;GCF_001636055.1,s__Pseudomonas_Eputida_B,95.0,83.25,0.304;GCF_916618955.1,s__Pseudomonas_Esp916618955,95.0,83.25,0.274;GCF_014269225.2,s__Pseudomonas_Eanuradhapurensis,95.0,83.25,0.27;GCF_000730605.1,s__Pseudomonas_Emonteilii,95.0,83.24,0.278;GCF_002025705.1,s__Pseudomonas_Eputida_J,95.0,83.22,0.288;GCF_014269185.2,s__Pseudomonas_Eoryzicola,95.0,83.21,0.279;GCF_018417635.1,s__Pseudomonas_Esp900101695,95.0,83.14,0.266;GCF_003331055.1,s__Pseudomonas_Esp003331055,95.0,83.12,0.276;GCA_029953615.1,s__Pseudomonas_Esp002113165,95.0,83.1,0.271;GCF_000412675.1,s__Pseudomonas_Eputida,95.0,83.08,0.27;GCF_000800255.1,s__Pseudomonas_Eparafulva_A,95.0,83.07,0.283;GCA_902498185.1,s__Pseudomonas_Efluorescens_BS,95.0,83.05,0.275;GCF_002356095.1,s__Pseudomonas_Eputida_H,95.0,83.05,0.263;GCF_013393325.1,s__Pseudomonas_Eputida_P,95.0,83.03,0.279;GCF_015680405.1,s__Pseudomonas_Epudica,95.0,83.03,0.268;GCF_002741075.1,s__Pseudomonas_Eputida_T,95.0,83.03,0.266;GCF_014268815.2,s__Pseudomonas_Eurmiensis,95.0,83.01,0.268;GCF_003205205.1,s__Pseudomonas_Esp003205205,95.0,83.0,0.277;GCF_002165135.1,s__Pseudomonas_Esp002165135,95.0,83.0,0.272;GCF_015680245.1,s__Pseudomonas_Eguariconensis_C,95.0,83.0,0.268;GCF_003231305.1,s__Pseudomonas_Esichuanensis,95.0,82.99,0.292;GCF_900497695.1,s__Pseudomonas_Ewadenswilerensis,95.0,82.96,0.261;GCF_900102675.1,s__Pseudomonas_Eguariconensis,95.0,82.95,0.262;GCF_007677725.1,s__Pseudomonas_Esp003445295,95.0,82.92,0.274;GCF_003627215.1,s__Pseudomonas_Esp001422615,95.0,82.92,0.26;GCA_947090765.1,s__Pseudomonas_Esp947090765,95.0,82.91,0.265;GCF_000425745.1,s__Pseudomonas_Ecremoricolorata,95.0,82.89,0.28;GCF_002386445.1,s__Pseudomonas_Esp002386445,95.0,82.89,0.264;GCF_000425785.1,s__Pseudomonas_Etaiwanensis,95.0,82.82,0.258;GCA_023388335.1,s__Pseudomonas_Esp023388335,95.0,82.79,0.242;GCF_016406145.1,s__Pseudomonas_Eputida_E,95.0,82.74,0.257;GCF_005796105.1,s__Pseudomonas_Emosselii_C,95.0,82.73,0.264;GCF_000759535.1,s__Pseudomonas_Ecremoricolorata_A,95.0,82.68,0.276;GCF_900277125.1,s__Pseudomonas_Einefficax,95.0,82.66,0.274;GCF_017875955.1,s__Pseudomonas_Esp017875955,95.0,82.63,0.26;GCF_021283545.2,s__Pseudomonas_Ealloputida,95.0,82.63,0.254;GCF_000730645.1,s__Pseudomonas_Eparafulva,95.0,82.61,0.248;GCF_009932375.1,s__Pseudomonas_Ejuntendi,95.0,82.57,0.26;GCF_013523055.1,s__Pseudomonas_Ecapeferrum_A,95.0,82.57,0.251;GCF_002906795.1,s__Pseudomonas_Eputida_Y,95.0,82.56,0.249;GCF_000800615.1,s__Pseudomonas_Eputida_F,95.0,82.5,0.245;GCF_016658545.1,s__Pseudomonas_Esp016658545,95.0,82.44,0.276;GCF_000259195.1,s__Pseudomonas_Edonghuensis,95.0,82.4,0.25;GCF_004214895.1,s__Pseudomonas_Etructae,95.0,82.38,0.246;GCF_028682475.1,s__Pseudomonas_Eputida_AG,95.0,82.29,0.227;GCF_028898945.1,s__Pseudomonas_Esp028898945,95.0,82.28,0.241;GCF_004357765.1,s__Pseudomonas_Eputida_U,95.0,82.25,0.262;GCF_030466445.1,s__Pseudomonas_Esp030466445,95.0,82.25,0.237;GCF_028682455.1,s__Pseudomonas_Eputida_AA,95.0,82.15,0.235;GCF_014268785.2,s__Pseudomonas_Eshirazensis,95.0,82.0,0.229;GCF_014269025.2,s__Pseudomonas_Epromysalinigenes,95.0,81.91,0.231;GCF_000425805.1,s__Pseudomonas_Evranovensis,95.0,81.86,0.221;GCF_003024385.1,s__Pseudomonas_Esp003024385,95.0,81.75,0.203;GCF_002845275.2,s__Pseudomonas_Esp000955815,95.0,81.3,0.182",96.82,11,N/A,N/A,Pseudomonas monteilii
UF-89,d__Bacteria;p__Pseudomonadota;c__Gammaproteobacteria;o__Pseudomonadales;f__Pseudomonadaceae;g__Pseudomonas_E;s__Pseudomonas_Efluorescens_AO,GCA_030544685.1,95,d__Bacteria;p__Pseudomonadota;c__Gammaproteobacteria;o__Pseudomonadales;f__Pseudomonadaceae;g__Pseudomonas_E;s__Pseudomonas_Efluorescens_AO,97.87,0.935,GCA_030544685.1,95,d__Bacteria;p__Pseudomonadota;c__Gammaproteobacteria;o__Pseudomonadales;f__Pseudomonadaceae;g__Pseudomonas_E;s__Pseudomonas_Efluorescens_AO,97.87,0.935,d__Bacteria;p__Pseudomonadota;c__Gammaproteobacteria;o__Pseudomonadales;f__Pseudomonadaceae;g__Pseudomonas_E;s__,taxonomicclassificationdefinedbytopologyandANI,topologicalplacementandANIhavecongruentspeciesassignments,"GCF_004801935.1,s__Pseudomonas_Eatacamensis,96.51,94.49,0.857;GCF_014268585.2,s__Pseudomonas_Eiranensis,95.0,94.35,0.86;GCF_019145375.1,s__Pseudomonas_Etriticicola,96.22,94.22,0.848;GCF_019145195.1,s__Pseudomonas_Esiliginis,95.52,94.13,0.833;GCF_025706525.1,s__Pseudomonas_Emercuritolerans,95.24,94.12,0.853;GCF_900105805.1,s__Pseudomonas_Emoraviensis_A,95.0,92.98,0.849;GCF_024169245.1,s__Pseudomonas_Ekoreensis_F,95.0,92.86,0.845;GCF_002836515.1,s__Pseudomonas_Esp002836515,95.0,92.07,0.806;GCF_014268505.2,s__Pseudomonas_Ekhorasanensis,95.0,89.68,0.76;GCF_014268595.2,s__Pseudomonas_Ehamedanensis,95.0,89.65,0.723;GCF_900105485.1,s__Pseudomonas_Egranadensis,95.0,89.15,0.679;GCA_902825215.1,s__Pseudomonas_Efluorescens_G,95.0,89.11,0.699;GCF_900187605.1,s__Pseudomonas_Esp900187605,95.0,88.96,0.667;GCF_028656995.1,s__Pseudomonas_Esp028656995,95.0,88.93,0.655;GCF_902497745.1,s__Pseudomonas_Efluorescens_BM,95.0,88.89,0.684;GCF_003732425.1,s__Pseudomonas_Efluorescens_BE,95.0,88.89,0.659;GCA_000783395.1,s__Pseudomonas_Echlororaphis_H,95.0,88.84,0.662;GCF_014268445.2,s__Pseudomonas_Etensinigenes,95.0,88.81,0.671;GCF_022662375.1,s__Pseudomonas_Esp022662375,95.0,88.81,0.671;GCF_013433315.1,s__Pseudomonas_Ecrudilactis,95.0,88.79,0.676;GCF_000802985.1,s__Pseudomonas_Efluorescens_BZ,95.0,88.77,0.677;GCF_029543085.1,s__Pseudomonas_Esp029543085,95.0,88.76,0.656;GCF_015461835.1,s__Pseudomonas_Eneuropathica,95.0,88.75,0.677;GCF_009834515.1,s__Pseudomonas_Esp009834515,95.0,88.74,0.679;GCA_900580865.1,s__Pseudomonas_Esp900580865,95.0,88.74,0.663;GCF_001648775.1,s__Pseudomonas_Efluorescens_M,95.0,88.74,0.648;GCF_018138145.1,s__Pseudomonas_Ekoreensis_A,95.0,88.73,0.669;GCF_004011755.1,s__Pseudomonas_Esp004011755,95.0,88.72,0.678;GCF_900636825.1,s__Pseudomonas_Efluorescens_BG,95.0,88.71,0.641;GCF_900182985.1,s__Pseudomonas_Ehelmanticensis,95.0,88.67,0.636;GCF_023634765.1,s__Pseudomonas_Esp023634765,95.0,88.66,0.653;GCF_004683905.1,s__Pseudomonas_Eputida_A,95.0,88.58,0.633;GCF_018336155.1,s__Pseudomonas_Erustica,95.0,88.57,0.59;GCF_001297015.1,s__Pseudomonas_Esp001297015,95.0,88.55,0.644;GCF_016651305.1,s__Pseudomonas_Esp016651305,95.0,88.48,0.633;GCF_011605305.1,s__Pseudomonas_Ekoreensis_G,95.0,88.47,0.644;GCF_000282275.2,s__Pseudomonas_Esp000282275,95.0,88.47,0.628;GCF_000631985.1,s__Pseudomonas_Esp000631985,95.0,88.44,0.635;GCF_014268495.2,s__Pseudomonas_Emonsensis,95.0,88.44,0.632;GCF_000292795.1,s__Pseudomonas_Efluorescens_H,95.0,88.43,0.628;GCF_002813455.1,s__Pseudomonas_Ebaetica,95.0,88.43,0.624;GCF_018326005.1,s__Pseudomonas_Esp002901475,95.0,88.4,0.634;GCF_012986595.1,s__Pseudomonas_Ekoreensis,95.0,88.4,0.632;GCF_028830055.1,s__Pseudomonas_Eserboccidentalis,95.0,88.37,0.628;GCF_016650635.1,s__Pseudomonas_Esp016650635,95.0,88.23,0.617;GCF_021602155.1,s__Pseudomonas_Eparakoreensis,95.0,88.21,0.623;GCF_030687715.1,s__Pseudomonas_Esp030687715,95.0,88.15,0.63;GCF_000633255.1,s__Pseudomonas_Esp000633255,95.0,88.03,0.622;GCF_009764645.1,s__Pseudomonas_Esp009764645,95.0,88.01,0.63;GCF_000282515.1,s__Pseudomonas_Esp000282515,95.0,87.99,0.624;GCF_005938625.1,s__Pseudomonas_Efluorescens_BD,95.0,87.86,0.667;GCF_001594225.2,s__Pseudomonas_Eglycinae,95.0,87.85,0.593;GCF_025397885.1,s__Pseudomonas_Eiridis,95.0,87.83,0.601;GCA_900582195.1,s__Pseudomonas_Esp900582195,95.0,87.82,0.669;GCF_017976235.1,s__Pseudomonas_Eanatoliensis,95.0,87.82,0.619;GCF_002878485.1,s__Pseudomonas_Esp002878485,95.0,87.82,0.618;GCF_030344995.1,s__Pseudomonas_Efluorescens_BF,95.0,87.81,0.584;GCF_030209175.1,s__Pseudomonas_Esp030209175,95.0,87.76,0.598;GCF_003061005.1,s__Pseudomonas_Esp003061005,95.0,87.74,0.6;GCF_021018765.1,s__Pseudomonas_Efitomaticsae,95.0,87.73,0.577;GCF_003352185.1,s__Pseudomonas_Ekribbensis,95.0,87.71,0.561;GCF_014472415.1,s__Pseudomonas_Esp014472415,95.0,87.7,0.607;GCF_014863585.1,s__Pseudomonas_Egozinkensis,95.0,87.7,0.599;GCF_002113125.1,s__Pseudomonas_Esp002113125,95.0,87.69,0.602;GCF_017498465.1,s__Pseudomonas_Efluorescens_CA,95.0,87.69,0.585;GCF_025447595.1,s__Pseudomonas_Ekoreensis_H,95.0,87.68,0.598;GCF_021602345.1,s__Pseudomonas_Epharyngis,95.0,87.63,0.586;GCF_021601625.1,s__Pseudomonas_Eparaglycinae,95.0,87.61,0.587;GCF_021603585.1,s__Pseudomonas_Esputi,95.0,87.61,0.568;GCF_020544405.1,s__Pseudomonas_Esp002113045,95.0,87.53,0.578;GCF_011369485.1,s__Pseudomonas_Eatagonensis,95.0,87.52,0.608;GCF_014863605.1,s__Pseudomonas_Eallokribbensis,95.0,87.45,0.546;GCF_012974785.1,s__Pseudomonas_Efluorescens_BT,95.0,87.44,0.574;GCF_019733355.1,s__Pseudomonas_Ebaetica_A,95.0,87.38,0.573;GCF_023375815.1,s__Pseudomonas_Esp023375815,95.0,87.3,0.562;GCF_002112385.1,s__Pseudomonas_Esp002112385,95.0,87.2,0.541;GCF_016651255.1,s__Pseudomonas_Esp016651255,95.0,86.98,0.41;GCA_021605415.1,s__Pseudomonas_Esyringae_S,95.0,86.64,0.527;GCF_019145495.1,s__Pseudomonas_Eazerbaijanoccidentalis,95.0,85.36,0.424;GCF_000282355.1,s__Pseudomonas_Esp000282355,95.0,85.2,0.396;GCF_000282335.1,s__Pseudomonas_Esp000282335,95.0,85.17,0.425;GCF_004348895.1,s__Pseudomonas_Evancouverensis,95.0,85.1,0.4;GCF_000802965.1,s__Pseudomonas_Efluorescens_A,95.0,85.06,0.418;GCF_003258965.1,s__Pseudomonas_Efluorescens_CC,95.0,85.05,0.41;GCF_900187565.1,s__Pseudomonas_Esp900187565,95.0,85.04,0.427;GCF_002906155.1,s__Pseudomonas_Elaurylsulfativorans,95.0,85.0,0.414;GCF_002934665.1,s__Pseudomonas_Elaurylsulfatiphila,95.0,84.99,0.419;GCF_001427125.1,s__Pseudomonas_Esp001427125,95.0,84.96,0.407;GCF_003228315.1,s__Pseudomonas_Eputida_S,95.0,84.94,0.412;GCF_028682635.1,s__Pseudomonas_Eputida_AE,95.0,84.93,0.407;GCF_028471945.1,s__Pseudomonas_Esp000282475,95.0,84.88,0.403;GCF_001945365.1,s__Pseudomonas_Ereinekei,95.0,84.87,0.427;GCF_001317545.1,s__Pseudomonas_Efluorescens_CD,95.0,84.86,0.403;GCF_001421885.1,s__Pseudomonas_Esp001421885,95.0,84.71,0.381;GCF_028823535.1,s__Pseudomonas_Eserbica,95.0,84.68,0.384;GCF_900187615.1,s__Pseudomonas_Esp900187615,95.0,84.66,0.391;GCF_001269805.1,s__Pseudomonas_Esp001269805,95.0,84.61,0.384;GCF_008801475.1,s__Pseudomonas_Emoorei,95.0,84.53,0.385;GCF_002236105.1,s__Pseudomonas_Eumsongensis,95.0,84.47,0.371",96.82,11,N/A,N/A,Pseudomonas fluorescens
UF-94,d__Bacteria;p__Bacillota;c__Bacilli;o__Bacillales;f__Bacillaceae_G;g__Bacillus_A;s__Bacillus_Acereus,GCF_000007825.1,96.65,d__Bacteria;p__Bacillota;c__Bacilli;o__Bacillales;f__Bacillaceae_G;g__Bacillus_A;s__Bacillus_Acereus,98.08,0.876,GCF_000007825.1,96.65,d__Bacteria;p__Bacillota;c__Bacilli;o__Bacillales;f__Bacillaceae_G;g__Bacillus_A;s__Bacillus_Acereus,98.08,0.876,d__Bacteria;p__Bacillota;c__Bacilli;o__Bacillales;f__Bacillaceae_G;g__Bacillus_A;s__,taxonomicclassificationdefinedbytopologyandANI,topologicalplacementandANIhavecongruentspeciesassignments,"GCF_002912215.1,s__Bacillus_Abombysepticus,96.51,96.64,0.826;GCF_001595725.1,s__Bacillus_Athuringiensis_K,95.84,96.36,0.856;GCF_002559825.1,s__Bacillus_Athuringiensis,96.56,96.13,0.86;GCF_000021305.1,s__Bacillus_Athuringiensis_S,95.0,95.84,0.826;GCF_001182785.1,s__Bacillus_Athuringiensis_AB,96.35,95.84,0.825;GCF_002567495.1,s__Bacillus_Acereus_AQ,95.0,93.98,0.797;GCF_001884035.1,s__Bacillus_Atropicus,95.0,91.93,0.77;GCF_001455345.1,s__Bacillus_Athuringiensis_N,95.0,91.9,0.759;GCF_001883995.1,s__Bacillus_Aparanthracis,95.15,91.84,0.733;GCF_022663335.1,s__Bacillus_Acereus_BC,95.0,91.81,0.738;GCF_000496285.1,s__Bacillus_Atoyonensis,95.0,91.77,0.789;GCF_001583695.1,s__Bacillus_Awiedmannii,95.0,91.64,0.755;GCF_006494425.1,s__Bacillus_Asp006494425,95.0,91.64,0.732;GCF_900094905.1,s__Bacillus_Acereus_AG,95.0,91.64,0.72;GCF_002571225.1,s__Bacillus_Asp002571225,95.0,91.61,0.735;GCF_018332475.1,s__Bacillus_Asanguinis,95.0,91.61,0.716;GCF_002746455.1,s__Bacillus_Afungorum,95.0,91.6,0.666;GCF_003400245.1,s__Bacillus_Asp003400245,95.0,91.57,0.726;GCF_001884105.1,s__Bacillus_Aluti,95.0,91.48,0.75;GCF_001884185.1,s__Bacillus_Aalbus,95.0,91.34,0.741;GCF_007678085.1,s__Bacillus_Acereus_BE,95.0,91.25,0.755;GCF_000742895.1,s__Bacillus_Aanthracis,95.0,91.08,0.743;GCF_008923725.1,s__Bacillus_Asp008923725,95.0,91.03,0.716;GCA_016925055.1,s__Bacillus_Apacificus,95.15,90.99,0.718;GCF_001884045.1,s__Bacillus_Amobilis,95.0,90.99,0.694;GCA_027694045.1,s__Bacillus_Asp027694045,95.0,90.96,0.728;GCF_002584985.1,s__Bacillus_Asp002584985,95.0,90.71,0.69;GCF_002577405.1,s__Bacillus_Acereus_AU,95.0,90.71,0.684;GCF_002564555.1,s__Bacillus_Acereus_K,95.0,90.61,0.697;GCF_014932895.1,s__Bacillus_Athuringiensis_AA,95.0,90.52,0.657;GCA_002578045.1,s__Bacillus_Acereus_AK,95.0,90.48,0.619;GCF_018332515.1,s__Bacillus_Ahominis,95.0,90.16,0.64;GCF_025917685.1,s__Bacillus_Acereus_AT,95.17,90.02,0.689;GCF_007673305.1,s__Bacillus_Amycoides_C,95.0,89.91,0.623;GCF_001884135.1,s__Bacillus_Anitratireducens,95.0,89.85,0.671;GCF_018966865.1,s__Bacillus_Asp018966865,95.0,89.68,0.696;GCF_000832605.1,s__Bacillus_Amycoides,95.0,89.68,0.652;GCF_001884065.1,s__Bacillus_Aproteolyticus,95.0,89.58,0.641;GCF_015071065.1,s__Bacillus_Acereus_BA,95.0,89.33,0.612;GCF_001757995.1,s__Bacillus_Amycoides_B,95.0,89.32,0.617;GCF_002975175.1,s__Bacillus_Asp002975175,95.0,89.26,0.599;GCF_018742245.1,s__Bacillus_Acereus_U,95.0,89.1,0.638;GCF_001884235.1,s__Bacillus_Aparamycoides,95.0,88.96,0.599;GCF_000746925.1,s__Bacillus_Aclarus,95.0,85.94,0.442;GCF_002551815.1,s__Bacillus_Asp002551815,95.0,83.93,0.281;GCF_002561295.1,s__Bacillus_Acereus_S,95.0,83.28,0.288;GCF_001590835.1,s__Bacillus_Agaemokensis,95.0,83.26,0.257;GCF_017498775.1,s__Bacillus_Aarachidis,95.0,83.19,0.265;GCF_013314535.1,s__Bacillus_Asp013314535,95.0,83.15,0.26;GCF_000299035.1,s__Bacillus_Abingmayongensis,95.0,82.86,0.274;GCA_022811845.1,s__Bacillus_Acereus_AV,95.0,82.83,0.242;GCF_000161455.1,s__Bacillus_Apseudomycoides,95.0,82.75,0.241;GCF_022663115.1,s__Bacillus_Acereus_BD,95.0,82.52,0.276;GCF_000017425.1,s__Bacillus_Acytotoxicus,95.0,81.72,0.264;GCF_030292155.1,s__Bacillus_Asp030292155,95.0,81.7,0.184",92.95,11,N/A,N/A,Bacillus cereus
UF-95,d__Bacteria;p__Pseudomonadota;c__Gammaproteobacteria;o__Burkholderiales;f__Burkholderiaceae;g__Burkholderia;s__Burkholderiacepacia,GCF_001411495.1,95,d__Bacteria;p__Pseudomonadota;c__Gammaproteobacteria;o__Burkholderiales;f__Burkholderiaceae;g__Burkholderia;s__Burkholderiacepacia,99.07,0.946,GCF_001411495.1,95,d__Bacteria;p__Pseudomonadota;c__Gammaproteobacteria;o__Burkholderiales;f__Burkholderiaceae;g__Burkholderia;s__Burkholderiacepacia,99.07,0.946,d__Bacteria;p__Pseudomonadota;c__Gammaproteobacteria;o__Burkholderiales;f__Burkholderiaceae;g__Burkholderia;s__,taxonomicclassificationdefinedbytopologyandANI,topologicalplacementandANIhavecongruentspeciesassignments,"GCF_011605345.1,s__Burkholderiasp011605345,95.0,94.63,0.789;GCF_001718835.1,s__Burkholderiacepacia_F,95.0,93.95,0.591;GCF_902499335.1,s__Burkholderialata_B,95.0,93.84,0.758;GCF_000012945.1,s__Burkholderialata,95.0,93.42,0.749;GCF_902499025.1,s__Burkholderialata_C,95.0,93.41,0.744;GCF_017104975.1,s__Burkholderiasp017104975,95.0,93.33,0.708;GCF_002099195.1,s__Burkholderiapuraquae,95.0,93.32,0.765;GCF_902499175.1,s__Burkholderiaaenigmatica,95.0,93.26,0.716;GCF_002223055.1,s__Burkholderiasp002223055,95.0,93.18,0.751;GCF_029633825.1,s__Burkholderiacontaminans,95.0,93.06,0.732;GCF_902833045.1,s__Burkholderiasp902833045,95.0,92.68,0.745;GCF_905232215.1,s__Burkholderiasp905232215,95.0,92.67,0.594;GCF_902832845.1,s__Burkholderiametallica,95.0,92.36,0.748;GCF_029962485.1,s__Burkholderiasp902833225,95.0,92.18,0.755;GCF_902499125.1,s__Burkholderiaarboris,95.0,92.05,0.715;GCA_031253835.1,s__Burkholderiasp031253835,95.0,92.02,0.735;GCF_001883705.2,s__Burkholderiacatarinensis,95.0,91.98,0.685;GCF_001028665.1,s__Burkholderiapyrrocinia,95.0,91.94,0.717;GCF_001039005.1,s__Burkholderiacepacia_C,95.0,91.93,0.698;GCF_003853705.1,s__Burkholderiasp003853705,95.0,91.78,0.7;GCF_018417535.1,s__Burkholderiapyrrocinia_E,95.0,91.74,0.683;GCF_022809715.1,s__Burkholderiapyrrocinia_C,95.0,91.68,0.735;GCF_001742165.1,s__Burkholderiastabilis,95.0,91.68,0.697;GCF_902832885.1,s__Burkholderiaseminalis,95.0,91.67,0.716;GCF_003330765.1,s__Burkholderiapyrrocinia_B,95.0,91.62,0.686;GCF_900446215.1,s__Burkholderiacenocepacia,95.0,91.57,0.687;GCF_902832865.1,s__Burkholderiasp902832865,95.0,91.56,0.677;GCF_902832955.1,s__Burkholderiasp902832955,95.0,91.51,0.669;GCF_000732615.1,s__Burkholderiapaludis,95.0,91.46,0.66;GCF_014211915.1,s__Burkholderiaorbicola,95.0,90.97,0.713;GCF_029268985.1,s__Burkholderiasola,95.0,90.96,0.658;GCF_902833145.1,s__Burkholderiasp902833145,95.0,90.95,0.696;GCF_001522585.2,s__Burkholderiasp001522585,95.0,90.91,0.738;GCF_029268935.1,s__Burkholderiasemiarida,95.0,90.9,0.681;GCF_000292915.1,s__Burkholderiacepacia_D,95.0,90.65,0.71;GCF_003853645.1,s__Burkholderiasp003853645,95.0,90.61,0.587;GCF_000949135.2,s__Burkholderiasp000949135,95.0,90.32,0.654;GCF_902830485.1,s__Burkholderiaanthina_B,95.0,90.13,0.609;GCF_902498995.1,s__Burkholderiaanthina,95.0,90.1,0.635;GCF_902499075.1,s__Burkholderiapseudomultivorans,95.0,90.09,0.606;GCF_902499115.1,s__Burkholderiadiffusa,95.0,90.03,0.692;GCF_003853415.1,s__Burkholderiasp003853415,95.0,90.03,0.604;GCF_001443045.1,s__Burkholderiaambifaria_A,95.0,89.98,0.587;GCF_027257875.1,s__Burkholderiasp027257875,95.0,89.89,0.568;GCF_902499135.1,s__Burkholderiadolosa,95.0,89.68,0.614;GCF_001718415.1,s__Burkholderiapseudomultivorans_A,95.0,89.66,0.596;GCF_000203915.1,s__Burkholderiaambifaria,95.0,89.53,0.636;GCF_003635165.1,s__Burkholderiasp003635165,95.0,89.39,0.596;GCF_001718315.1,s__Burkholderiadiffusa_B,95.0,89.3,0.692;GCF_902833055.1,s__Burkholderiaterritorii,95.0,89.24,0.666;GCF_902499045.1,s__Burkholderialatens,95.0,89.09,0.622;GCF_004343775.1,s__Burkholderiasp004343775,95.0,88.44,0.496;GCF_001527685.1,s__Burkholderiapyrrocinia_D,95.0,88.16,0.492;GCF_001718795.1,s__Burkholderialatens_A,95.0,88.08,0.642;GCF_003854275.1,s__Burkholderiasp003854275,95.0,88.03,0.453;GCF_902830275.1,s__Burkholderiastagnalis,95.0,88.02,0.499;GCF_902833085.1,s__Burkholderiaubonensis,95.05,87.95,0.505;GCF_017104785.1,s__Burkholderiasp017104785,95.0,87.92,0.423;GCF_002097715.1,s__Burkholderiamesacidophila,95.0,87.77,0.49;GCF_018375725.1,s__Burkholderiasp018375725,95.0,87.71,0.415;GCF_000959525.1,s__Burkholderiamultivorans,95.0,87.7,0.601;GCF_000959445.1,s__Burkholderiavietnamiensis,95.0,87.64,0.552;GCF_001718695.1,s__Burkholderiaubonensis_B,95.0,87.41,0.56;GCF_000687455.2,s__Burkholderiasp000687455,95.0,86.33,0.428;GCA_009914575.1,s__Burkholderiagladioli_B,95.0,85.55,0.316;GCF_013403875.1,s__Burkholderiaguangdongensis,95.0,85.26,0.382;GCF_001513745.1,s__Burkholderiahumptydooensis,95.0,84.52,0.307;GCA_010645215.1,s__Burkholderiamultivorans_A,95.0,84.5,0.258;GCF_000959365.1,s__Burkholderiaoklahomensis,95.0,84.3,0.293;GCF_001524445.2,s__Burkholderiasavannae,95.0,84.2,0.265;GCF_000012365.1,s__Burkholderiathailandensis,95.0,84.03,0.286;GCF_001523745.2,s__Burkholderiamayonis,95.0,84.02,0.29;GCF_000011705.1,s__Burkholderiamallei,95.0,83.9,0.288;GCF_028657905.1,s__Burkholderiasp028657905,95.0,83.89,0.274;GCF_017104645.1,s__Burkholderiasp017104645,95.0,83.52,0.206;GCA_030151225.1,s__Burkholderiasp030151225,95.0,82.66,0.191;GCF_001411805.1,s__Burkholderiaplantarii,95.0,82.62,0.19;GCF_900176645.1,s__Burkholderiasingularis,95.0,82.5,0.216;GCF_001522865.1,s__Burkholderiasp001522865,95.0,82.38,0.206;GCF_000960995.1,s__Burkholderiaglumae,95.0,82.3,0.219;GCF_000959725.1,s__Burkholderiagladioli,95.0,81.61,0.171",96.64,11,N/A,N/A,Burkholderia cepacia 
UF-97,d__Bacteria;p__Pseudomonadota;c__Gammaproteobacteria;o__Enterobacterales;f__Enterobacteriaceae;g__Serratia;s__Serratiaureilytica,GCF_013375155.1,95,d__Bacteria;p__Pseudomonadota;c__Gammaproteobacteria;o__Enterobacterales;f__Enterobacteriaceae;g__Serratia;s__Serratiaureilytica,99.02,0.939,GCF_013375155.1,95,d__Bacteria;p__Pseudomonadota;c__Gammaproteobacteria;o__Enterobacterales;f__Enterobacteriaceae;g__Serratia;s__Serratiaureilytica,99.02,0.939,d__Bacteria;p__Pseudomonadota;c__Gammaproteobacteria;o__Enterobacterales;f__Enterobacteriaceae;g__Serratia;s__,taxonomicclassificationdefinedbytopologyandANI,topologicalplacementandANIhavecongruentspeciesassignments,"GCF_000738675.1,s__Serratianematodiphila,96.8,94.99,0.86;GCF_017299535.1,s__Serratiamarcescens,95.58,94.88,0.854;GCF_008011855.1,s__Serratiabockelmannii,95.51,94.78,0.832;GCF_006715005.1,s__Serratiamarcescens_J,95.0,94.45,0.863;GCF_008364245.1,s__Serratianevei,96.24,94.36,0.85;GCF_002220655.1,s__Serratiamarcescens_K,95.02,94.35,0.833;GCF_029846115.1,s__Serratiamarcescens_L,96.11,94.2,0.839;GCF_001642805.2,s__Serratiasurfactantfaciens,95.0,93.97,0.86;GCF_003812745.1,s__Serratiasp003812745,95.0,93.96,0.863;GCF_024160145.1,s__Serratianevei_A,95.0,93.96,0.801;GCF_001902635.1,s__Serratiamarcescens_F,95.0,93.07,0.772",96.62,11,N/A,N/A,Serratia ureilytica 
